,Open,High,Low,Close,Volume
2026-06-29 09:00:00+09:00,2636000.0,2655000.0,2580000.0,2622000.0,143615.0
2026-06-29 09:10:00+09:00,2622000.0,2630000.0,2560000.0,2584000.0,282199.0
2026-06-29 09:20:00+09:00,2584000.0,2602000.0,2542000.0,2544000.0,309181.0
2026-06-29 09:30:00+09:00,2543000.0,2561000.0,2517000.0,2549000.0,243409.0
2026-06-29 09:40:00+09:00,2548000.0,2585000.0,2531000.0,2548000.0,152000.0
2026-06-29 09:50:00+09:00,2547000.0,2611000.0,2544000.0,2608000.0,153291.0
2026-06-29 10:00:00+09:00,2608000.0,2631000.0,2581000.0,2600500.0,162961.0
2026-06-29 10:10:00+09:00,2600500.0,2607000.0,2561000.0,2580000.0,99408.0
2026-06-29 10:20:00+09:00,2579000.0,2592000.0,2558000.0,2560000.0,87281.0
2026-06-29 10:30:00+09:00,2560000.0,2618000.0,2558000.0,2618000.0,119278.0
2026-06-29 10:40:00+09:00,2618000.0,2642000.0,2604000.0,2616000.0,132913.0
2026-06-29 10:50:00+09:00,2616000.0,2620000.0,2593000.0,2594000.0,71102.0
2026-06-29 11:00:00+09:00,2594000.0,2602000.0,2575000.0,2586000.0,87428.0
2026-06-29 11:10:00+09:00,2586000.0,2594000.0,2561000.0,2585000.0,74312.0
2026-06-29 11:20:00+09:00,2585000.0,2597000.0,2573000.0,2589000.0,45065.0
2026-06-29 11:30:00+09:00,2588000.0,2594000.0,2565000.0,2569000.0,53212.0
2026-06-29 11:40:00+09:00,2569000.0,2597000.0,2566000.0,2579000.0,61655.0
2026-06-29 11:50:00+09:00,2579000.0,2585000.0,2566000.0,2573000.0,47680.0
2026-06-29 12:00:00+09:00,2573000.0,2589000.0,2562000.0,2568000.0,81341.0
2026-06-29 12:10:00+09:00,2568000.0,2575000.0,2555000.0,2555000.0,63972.0
2026-06-29 12:20:00+09:00,2555500.0,2572000.0,2551000.0,2566000.0,68279.0
2026-06-29 12:30:00+09:00,2566000.0,2569000.0,2538000.0,2548000.0,109564.0
2026-06-29 12:40:00+09:00,2547000.0,2559000.0,2536000.0,2559000.0,68924.0
2026-06-29 12:50:00+09:00,2558000.0,2601000.0,2555000.0,2600000.0,102975.0
2026-06-29 13:00:00+09:00,2600000.0,2601000.0,2575000.0,2576000.0,73351.0
2026-06-29 13:10:00+09:00,2576000.0,2579000.0,2562000.0,2565000.0,55858.0
2026-06-29 13:20:00+09:00,2566000.0,2569000.0,2551000.0,2555000.0,65360.0
2026-06-29 13:30:00+09:00,2554000.0,2562000.0,2547000.0,2554000.0,66835.0
2026-06-29 13:40:00+09:00,2553000.0,2560000.0,2541000.0,2560000.0,70980.0
2026-06-29 13:50:00+09:00,2560000.0,2571000.0,2539000.0,2546000.0,84692.0
2026-06-29 14:00:00+09:00,2547000.0,2562000.0,2540000.0,2556000.0,78479.0
2026-06-29 14:10:00+09:00,2556000.0,2577000.0,2548000.0,2573000.0,90748.0
2026-06-29 14:20:00+09:00,2572000.0,2603000.0,2572000.0,2587000.0,99760.0
2026-06-29 14:30:00+09:00,2587000.0,2627000.0,2585000.0,2624000.0,136982.0
2026-06-29 14:40:00+09:00,2623000.0,2664000.0,2623000.0,2650000.0,204031.0
2026-06-29 14:50:00+09:00,2649000.0,2688000.0,2645000.0,2677000.0,239494.0
2026-06-30 09:00:00+09:00,2608000.0,2690000.0,2608000.0,2635000.0,497347.0
2026-06-30 09:10:00+09:00,2635000.0,2654000.0,2619000.0,2629000.0,160767.0
2026-06-30 09:20:00+09:00,2629000.0,2642000.0,2586000.0,2588000.0,208883.0
2026-06-30 09:30:00+09:00,2588000.0,2614000.0,2567000.0,2570000.0,162620.0
2026-06-30 09:40:00+09:00,2570000.0,2575000.0,2541000.0,2563000.0,186426.0
2026-06-30 09:50:00+09:00,2563000.0,2589000.0,2558000.0,2576000.0,124230.0
2026-06-30 10:00:00+09:00,2577000.0,2585000.0,2556000.0,2567000.0,111118.0
2026-06-30 10:10:00+09:00,2567000.0,2587000.0,2561000.0,2586000.0,100731.0
2026-06-30 10:20:00+09:00,2586000.0,2612000.0,2571000.0,2611000.0,117156.0
2026-06-30 10:30:00+09:00,2611000.0,2629000.0,2592000.0,2592000.0,130499.0
2026-06-30 10:40:00+09:00,2593000.0,2612000.0,2590000.0,2609000.0,76562.0
2026-06-30 10:50:00+09:00,2609000.0,2632000.0,2606000.0,2622000.0,90022.0
2026-06-30 11:00:00+09:00,2625000.0,2625000.0,2603000.0,2615000.0,60511.0
2026-06-30 11:10:00+09:00,2614000.0,2617000.0,2595000.0,2615000.0,58019.0
2026-06-30 11:20:00+09:00,2615000.0,2658000.0,2615000.0,2653000.0,133099.0
2026-06-30 11:30:00+09:00,2654000.0,2654000.0,2624000.0,2631000.0,64598.0
2026-06-30 11:40:00+09:00,2631000.0,2654000.0,2629000.0,2651000.0,53324.0
2026-06-30 11:50:00+09:00,2651000.0,2667000.0,2644000.0,2662000.0,102283.0
2026-06-30 12:00:00+09:00,2663000.0,2665000.0,2648000.0,2661000.0,56657.0
2026-06-30 12:10:00+09:00,2661000.0,2663000.0,2648000.0,2658000.0,48930.0
2026-06-30 12:20:00+09:00,2658000.0,2663000.0,2643000.0,2653000.0,52471.0
2026-06-30 12:30:00+09:00,2652000.0,2657000.0,2646000.0,2656000.0,41687.0
2026-06-30 12:40:00+09:00,2656000.0,2659000.0,2640000.0,2641000.0,55167.0
2026-06-30 12:50:00+09:00,2641000.0,2647000.0,2630000.0,2637000.0,49468.0
2026-06-30 13:00:00+09:00,2638000.0,2676000.0,2636000.0,2668000.0,100191.0
2026-06-30 13:10:00+09:00,2668000.0,2680000.0,2661000.0,2677000.0,84398.0
2026-06-30 13:20:00+09:00,2677000.0,2708000.0,2675000.0,2708000.0,126670.0
2026-06-30 13:30:00+09:00,2707500.0,2731000.0,2707000.0,2731000.0,150138.0
2026-06-30 13:40:00+09:00,2730000.0,2742000.0,2718000.0,2737000.0,129648.0
2026-06-30 13:50:00+09:00,2737000.0,2737000.0,2711000.0,2712000.0,115468.0
2026-06-30 14:00:00+09:00,2712000.0,2735000.0,2708000.0,2731500.0,99968.0
2026-06-30 14:10:00+09:00,2732000.0,2733000.0,2707000.0,2710000.0,94480.0
2026-06-30 14:20:00+09:00,2710000.0,2730000.0,2709000.0,2720000.0,78693.0
2026-06-30 14:30:00+09:00,2720000.0,2730000.0,2685000.0,2693000.0,141890.0
2026-06-30 14:40:00+09:00,2693000.0,2708000.0,2685000.0,2703000.0,91855.0
2026-06-30 14:50:00+09:00,2703000.0,2704000.0,2687000.0,2692000.0,76876.0
2026-07-01 09:00:00+09:00,2665000.0,2723000.0,2665000.0,2679000.0,377348.0
2026-07-01 09:10:00+09:00,2679000.0,2684000.0,2627000.0,2627000.0,214322.0
2026-07-01 09:20:00+09:00,2627000.0,2636000.0,2589000.0,2630000.0,169658.0
2026-07-01 09:30:00+09:00,2630000.0,2633000.0,2602000.0,2611000.0,93373.0
2026-07-01 09:40:00+09:00,2611000.0,2630000.0,2598000.0,2601000.0,94525.0
2026-07-01 09:50:00+09:00,2601000.0,2615000.0,2573000.0,2575000.0,144138.0
2026-07-01 10:00:00+09:00,2576000.0,2603000.0,2557000.0,2558000.0,171032.0
2026-07-01 10:10:00+09:00,2559000.0,2568000.0,2544000.0,2558000.0,157723.0
2026-07-01 10:20:00+09:00,2559000.0,2585000.0,2551000.0,2570000.0,84966.0
2026-07-01 10:30:00+09:00,2570000.0,2597000.0,2569000.0,2595000.0,86911.0
2026-07-01 10:40:00+09:00,2595000.0,2596000.0,2551000.0,2552000.0,94388.0
2026-07-01 10:50:00+09:00,2552000.0,2562000.0,2548000.0,2549000.0,100818.0
2026-07-01 11:00:00+09:00,2549000.0,2553000.0,2505000.0,2514000.0,234356.0
2026-07-01 11:10:00+09:00,2514000.0,2539000.0,2502000.0,2537000.0,154724.0
2026-07-01 11:20:00+09:00,2536000.0,2554000.0,2526000.0,2553000.0,77784.0
2026-07-01 11:30:00+09:00,2553000.0,2564000.0,2540000.0,2559000.0,62989.0
2026-07-01 11:40:00+09:00,2559000.0,2583000.0,2554000.0,2578000.0,75243.0
2026-07-01 11:50:00+09:00,2577000.0,2579000.0,2552000.0,2566000.0,56231.0
2026-07-01 12:00:00+09:00,2565500.0,2592000.0,2557000.0,2591000.0,59994.0
2026-07-01 12:10:00+09:00,2592000.0,2595000.0,2572000.0,2578000.0,57875.0
2026-07-01 12:20:00+09:00,2578000.0,2585000.0,2562000.0,2566000.0,42024.0
2026-07-01 12:30:00+09:00,2565000.0,2605000.0,2561000.0,2598000.0,65163.0
2026-07-01 12:40:00+09:00,2598000.0,2619000.0,2592000.0,2617000.0,71971.0
2026-07-01 12:50:00+09:00,2617000.0,2628000.0,2604000.0,2611000.0,76494.0
2026-07-01 13:00:00+09:00,2611000.0,2613000.0,2591000.0,2602000.0,64584.0
2026-07-01 13:10:00+09:00,2603000.0,2607000.0,2580000.0,2591000.0,52361.0
2026-07-01 13:20:00+09:00,2592000.0,2612000.0,2585000.0,2609000.0,58216.0
2026-07-01 13:30:00+09:00,2609000.0,2617000.0,2594000.0,2604000.0,68154.0
2026-07-01 13:40:00+09:00,2604000.0,2625000.0,2598000.0,2621000.0,71922.0
2026-07-01 13:50:00+09:00,2620000.0,2626000.0,2600500.0,2603000.0,64849.0
2026-07-01 14:00:00+09:00,2603000.0,2612000.0,2586000.0,2601000.0,74086.0
2026-07-01 14:10:00+09:00,2601000.0,2607000.0,2589000.0,2597000.0,65487.0
2026-07-01 14:20:00+09:00,2597000.0,2598000.0,2575000.0,2577000.0,79021.0
2026-07-01 14:30:00+09:00,2577000.0,2586000.0,2565000.0,2566000.0,77143.0
2026-07-01 14:40:00+09:00,2566000.0,2590000.0,2566000.0,2574000.0,66796.0
2026-07-01 14:50:00+09:00,2573000.0,2590000.0,2570000.0,2575000.0,66974.0
2026-07-02 09:00:00+09:00,2351000.0,2385000.0,2347000.0,2380000.0,673435.0
2026-07-02 09:10:00+09:00,2380000.0,2386000.0,2345000.0,2346000.0,271088.0
2026-07-02 09:20:00+09:00,2345500.0,2373000.0,2343000.0,2360000.0,220195.0
2026-07-02 09:30:00+09:00,2359000.0,2361000.0,2336000.0,2336000.0,197187.0
2026-07-02 09:40:00+09:00,2336000.0,2337000.0,2310000.0,2322000.0,215292.0
2026-07-02 09:50:00+09:00,2321000.0,2342000.0,2313000.0,2331000.0,165207.0
2026-07-02 10:00:00+09:00,2331000.0,2358000.0,2317000.0,2354000.0,132815.0
2026-07-02 10:10:00+09:00,2354000.0,2368000.0,2342000.0,2366000.0,156395.0
2026-07-02 10:20:00+09:00,2365000.0,2383000.0,2353000.0,2381000.0,138960.0
2026-07-02 10:30:00+09:00,2381000.0,2411000.0,2381000.0,2403000.0,191431.0
2026-07-02 10:40:00+09:00,2403000.0,2416000.0,2390000.0,2407000.0,114050.0
2026-07-02 10:50:00+09:00,2407000.0,2425000.0,2405000.0,2421000.0,115262.0
2026-07-02 11:00:00+09:00,2420000.0,2443000.0,2404000.0,2441500.0,129627.0
2026-07-02 11:10:00+09:00,2441500.0,2448000.0,2419000.0,2424000.0,95462.0
2026-07-02 11:20:00+09:00,2424000.0,2429000.0,2399000.0,2404000.0,88384.0
2026-07-02 11:30:00+09:00,2405000.0,2424000.0,2393000.0,2422000.0,80532.0
2026-07-02 11:40:00+09:00,2422000.0,2429000.0,2403000.0,2403000.0,63668.0
2026-07-02 11:50:00+09:00,2403000.0,2416000.0,2394000.0,2408000.0,62510.0
2026-07-02 12:00:00+09:00,2408000.0,2414000.0,2380000.0,2380000.0,71698.0
2026-07-02 12:10:00+09:00,2380000.0,2394000.0,2380000.0,2387000.0,57961.0
2026-07-02 12:20:00+09:00,2387000.0,2390000.0,2370000.0,2370000.0,71912.0
2026-07-02 12:30:00+09:00,2370000.0,2388000.0,2367000.0,2381000.0,80643.0
2026-07-02 12:40:00+09:00,2381000.0,2381000.0,2360000.0,2363000.0,84593.0
2026-07-02 12:50:00+09:00,2362500.0,2369000.0,2355000.0,2357000.0,77770.0
2026-07-02 13:00:00+09:00,2357000.0,2366000.0,2351000.0,2353000.0,76509.0
2026-07-02 13:10:00+09:00,2353000.0,2353000.0,2335000.0,2337000.0,122808.0
2026-07-02 13:20:00+09:00,2337000.0,2362000.0,2329000.0,2357000.0,116927.0
2026-07-02 13:30:00+09:00,2358000.0,2358000.0,2322000.0,2325500.0,106583.0
2026-07-02 13:40:00+09:00,2326000.0,2334000.0,2320000.0,2328000.0,99542.0
2026-07-02 13:50:00+09:00,2329000.0,2357000.0,2328000.0,2347000.0,96225.0
2026-07-02 14:00:00+09:00,2347000.0,2365000.0,2340000.0,2353000.0,112037.0
2026-07-02 14:10:00+09:00,2352000.0,2353000.0,2330000.0,2333000.0,115462.0
2026-07-02 14:20:00+09:00,2333000.0,2339000.0,2320000.0,2320000.0,120194.0
2026-07-02 14:30:00+09:00,2320000.0,2321000.0,2291000.0,2292000.0,288579.0
2026-07-02 14:40:00+09:00,2293000.0,2308000.0,2285000.0,2293000.0,248259.0
2026-07-02 14:50:00+09:00,2293000.0,2306000.0,2268000.0,2269000.0,313384.0
2026-07-03 09:00:00+09:00,2197000.0,2237000.0,2176000.0,2177000.0,702216.0
2026-07-03 09:10:00+09:00,2177000.0,2235000.0,2175000.0,2186000.0,310946.0
2026-07-03 09:20:00+09:00,2186000.0,2204000.0,2131000.0,2132000.0,318200.0
2026-07-03 09:30:00+09:00,2131000.0,2162000.0,2093000.0,2143000.0,431370.0
2026-07-03 09:40:00+09:00,2143000.0,2143000.0,2100000.0,2117000.0,244812.0
2026-07-03 09:50:00+09:00,2117000.0,2125000.0,2046000.0,2048000.0,407111.0
2026-07-03 10:00:00+09:00,2048000.0,2170000.0,2045000.0,2167000.0,437743.0
2026-07-03 10:10:00+09:00,2167000.0,2196000.0,2140000.0,2183000.0,262591.0
2026-07-03 10:20:00+09:00,2183000.0,2227000.0,2181000.0,2193000.0,251624.0
2026-07-03 10:30:00+09:00,2193000.0,2259000.0,2178000.0,2258000.0,241084.0
2026-07-03 10:40:00+09:00,2259000.0,2269000.0,2237000.0,2259000.0,216888.0
2026-07-03 10:50:00+09:00,2259000.0,2280000.0,2237000.0,2275000.0,138763.0
2026-07-03 11:00:00+09:00,2276000.0,2296000.0,2275000.0,2276000.0,183911.0
2026-07-03 11:10:00+09:00,2276000.0,2277000.0,2228000.0,2248000.0,166195.0
2026-07-03 11:20:00+09:00,2249000.0,2285000.0,2244000.0,2283000.0,107975.0
2026-07-03 11:30:00+09:00,2282500.0,2296000.0,2260000.0,2295000.0,114101.0
2026-07-03 11:40:00+09:00,2296000.0,2300000.0,2271000.0,2299000.0,105988.0
2026-07-03 11:50:00+09:00,2300000.0,2310000.0,2283000.0,2307000.0,96593.0
2026-07-03 12:00:00+09:00,2308000.0,2308000.0,2261000.0,2273000.0,105861.0
2026-07-03 12:10:00+09:00,2274000.0,2281000.0,2251000.0,2277000.0,81398.0
2026-07-03 12:20:00+09:00,2277000.0,2298000.0,2270000.0,2296000.0,70368.0
2026-07-03 12:30:00+09:00,2296000.0,2298000.0,2270000.0,2277000.0,66283.0
2026-07-03 12:40:00+09:00,2277000.0,2278000.0,2250000.0,2273500.0,90251.0
2026-07-03 12:50:00+09:00,2274000.0,2300000.0,2262000.0,2298000.0,82267.0
2026-07-03 13:00:00+09:00,2298000.0,2324000.0,2297000.0,2324000.0,144006.0
2026-07-03 13:10:00+09:00,2323000.0,2343000.0,2316000.0,2342000.0,106373.0
2026-07-03 13:20:00+09:00,2343000.0,2350000.0,2331000.0,2349000.0,123142.0
2026-07-03 13:30:00+09:00,2350000.0,2370000.0,2335000.0,2369000.0,134125.0
2026-07-03 13:40:00+09:00,2369000.0,2387000.0,2357000.0,2383000.0,160171.0
2026-07-03 13:50:00+09:00,2383000.0,2408000.0,2375000.0,2395000.0,206216.0
2026-07-03 14:00:00+09:00,2396000.0,2416000.0,2386000.0,2397000.0,190843.0
2026-07-03 14:10:00+09:00,2397000.0,2426000.0,2388000.0,2421000.0,137956.0
2026-07-03 14:20:00+09:00,2421000.0,2435000.0,2405000.0,2434000.0,153796.0
2026-07-03 14:30:00+09:00,2435000.0,2454000.0,2434000.0,2441000.0,177286.0
2026-07-03 14:40:00+09:00,2440000.0,2443000.0,2370000.0,2389000.0,227169.0
2026-07-03 14:50:00+09:00,2389000.0,2422000.0,2385000.0,2418000.0,131875.0
2026-07-06 09:00:00+09:00,2450000.0,2480000.0,2400000.0,2473000.0,130937.0
2026-07-06 09:10:00+09:00,2473000.0,2478000.0,2444000.0,2466000.0,148422.0
2026-07-06 09:20:00+09:00,2466000.0,2480000.0,2411000.0,2416000.0,200557.0
2026-07-06 09:30:00+09:00,2416000.0,2455000.0,2411000.0,2455000.0,97801.0
2026-07-06 09:40:00+09:00,2455000.0,2497000.0,2454000.0,2482000.0,135609.0
2026-07-06 09:50:00+09:00,2482000.0,2482000.0,2451000.0,2460000.0,97048.0
2026-07-06 10:00:00+09:00,2461000.0,2462000.0,2425000.0,2447000.0,109987.0
2026-07-06 10:10:00+09:00,2447000.0,2457000.0,2423000.0,2451000.0,73560.0
2026-07-06 10:20:00+09:00,2451000.0,2452000.0,2416000.0,2419000.0,70253.0
2026-07-06 10:30:00+09:00,2419000.0,2446000.0,2410000.0,2416000.0,77239.0
2026-07-06 10:40:00+09:00,2419000.0,2439000.0,2374000.0,2376000.0,114174.0
2026-07-06 10:50:00+09:00,2375000.0,2386000.0,2346000.0,2375000.0,202959.0
2026-07-06 11:00:00+09:00,2376000.0,2397000.0,2336000.0,2355000.0,160202.0
2026-07-06 11:10:00+09:00,2355000.0,2355000.0,2326000.0,2336000.0,108478.0
2026-07-06 11:20:00+09:00,2337000.0,2362000.0,2308000.0,2308000.0,108104.0
2026-07-06 11:30:00+09:00,2308000.0,2329000.0,2306000.0,2310000.0,97850.0
2026-07-06 11:40:00+09:00,2310000.0,2316000.0,2295000.0,2298000.0,111424.0
2026-07-06 11:50:00+09:00,2297000.0,2340000.0,2292000.0,2334000.0,87369.0
2026-07-06 12:00:00+09:00,2334000.0,2351000.0,2317000.0,2336000.0,65891.0
2026-07-06 12:10:00+09:00,2336000.0,2359000.0,2334000.0,2342000.0,64842.0
2026-07-06 12:20:00+09:00,2342000.0,2353000.0,2320000.0,2349000.0,53615.0
2026-07-06 12:30:00+09:00,2349000.0,2374000.0,2334000.0,2359000.0,72033.0
2026-07-06 12:40:00+09:00,2359000.0,2362000.0,2334000.0,2335000.0,42308.0
2026-07-06 12:50:00+09:00,2335000.0,2351000.0,2323000.0,2340000.0,45106.0
2026-07-06 13:00:00+09:00,2341000.0,2341000.0,2309000.0,2313000.0,65676.0
2026-07-06 13:10:00+09:00,2312000.0,2350000.0,2311000.0,2347000.0,48482.0
2026-07-06 13:20:00+09:00,2347000.0,2350000.0,2333000.0,2346000.0,36836.0
2026-07-06 13:30:00+09:00,2347000.0,2389000.0,2341000.0,2374000.0,78666.0
2026-07-06 13:40:00+09:00,2374000.0,2391000.0,2366000.0,2366000.0,67270.0
2026-07-06 13:50:00+09:00,2366000.0,2383000.0,2360000.0,2376000.0,48427.0
2026-07-06 14:00:00+09:00,2376000.0,2383000.0,2350000.0,2369000.0,51960.0
2026-07-06 14:10:00+09:00,2368000.0,2382000.0,2359000.0,2370000.0,35953.0
2026-07-06 14:20:00+09:00,2370000.0,2374000.0,2331000.0,2332000.0,62369.0
2026-07-06 14:30:00+09:00,2331000.0,2349000.0,2326000.0,2346000.0,63971.0
2026-07-06 14:40:00+09:00,2345000.0,2359000.0,2333000.0,2337000.0,51839.0
2026-07-06 14:50:00+09:00,2337000.0,2387000.0,2335000.0,2381000.0,120240.0
2026-07-07 09:00:00+09:00,2289000.0,2343000.0,2286000.0,2298000.0,370801.0
2026-07-07 09:10:00+09:00,2298000.0,2310000.0,2253000.0,2309000.0,224294.0
2026-07-07 09:20:00+09:00,2308000.0,2329000.0,2292000.0,2301000.0,137847.0
2026-07-07 09:30:00+09:00,2302000.0,2313000.0,2255000.0,2255000.0,141312.0
2026-07-07 09:40:00+09:00,2256000.0,2276000.0,2237000.0,2266000.0,192506.0
2026-07-07 09:50:00+09:00,2266000.0,2274000.0,2240000.0,2240000.0,97253.0
2026-07-07 10:00:00+09:00,2241000.0,2266000.0,2228000.0,2248000.0,155361.0
2026-07-07 10:10:00+09:00,2249000.0,2261000.0,2212000.0,2215000.0,118475.0
2026-07-07 10:20:00+09:00,2215500.0,2220500.0,2189000.0,2191000.0,180712.0
2026-07-07 10:30:00+09:00,2191000.0,2213000.0,2173000.0,2200000.0,210499.0
2026-07-07 10:40:00+09:00,2200000.0,2252000.0,2193000.0,2250000.0,197513.0
2026-07-07 10:50:00+09:00,2250000.0,2261000.0,2210000.0,2213000.0,108840.0
2026-07-07 11:00:00+09:00,2214000.0,2220000.0,2200000.0,2207000.0,81439.0
2026-07-07 11:10:00+09:00,2207000.0,2211000.0,2193000.0,2195000.0,78711.0
2026-07-07 11:20:00+09:00,2195000.0,2195000.0,2176000.0,2176000.0,85355.0
2026-07-07 11:30:00+09:00,2176000.0,2188000.0,2163000.0,2178000.0,140208.0
2026-07-07 11:40:00+09:00,2178000.0,2183000.0,2153000.0,2156000.0,95028.0
2026-07-07 11:50:00+09:00,2156000.0,2174000.0,2150000.0,2157000.0,118577.0
2026-07-07 12:00:00+09:00,2157000.0,2179000.0,2153000.0,2173000.0,89736.0
2026-07-07 12:10:00+09:00,2172000.0,2186000.0,2152000.0,2152000.0,88607.0
2026-07-07 12:20:00+09:00,2154000.0,2155000.0,2128000.0,2129000.0,126887.0
2026-07-07 12:30:00+09:00,2128000.0,2161000.0,2125000.0,2148000.0,109787.0
2026-07-07 12:40:00+09:00,2148000.0,2148000.0,2127000.0,2132000.0,82412.0
2026-07-07 12:50:00+09:00,2133000.0,2139000.0,2125000.0,2135000.0,102332.0
2026-07-07 13:00:00+09:00,2136000.0,2156000.0,2120000.0,2128000.0,139824.0
2026-07-07 13:10:00+09:00,2128000.0,2144000.0,2111000.0,2116000.0,98816.0
2026-07-07 13:20:00+09:00,2116000.0,2123000.0,2105000.0,2115000.0,114007.0
2026-07-07 13:30:00+09:00,2115000.0,2122000.0,2105000.0,2112000.0,116140.0
2026-07-07 13:40:00+09:00,2112000.0,2114000.0,2095000.0,2096000.0,150391.0
2026-07-07 13:50:00+09:00,2095000.0,2097000.0,2088000.0,2095000.0,36180.0
2026-07-07 14:20:00+09:00,2098000.0,2131000.0,2080000.0,2130000.0,370276.0
2026-07-07 14:30:00+09:00,2131000.0,2165000.0,2119000.0,2164000.0,265202.0
2026-07-07 14:40:00+09:00,2164000.0,2198000.0,2155000.0,2187000.0,256128.0
2026-07-07 14:50:00+09:00,2187000.0,2223000.0,2182000.0,2209000.0,210712.0
2026-07-08 09:00:00+09:00,2118000.0,2192000.0,2090000.0,2155000.0,448144.0
2026-07-08 09:10:00+09:00,2155000.0,2226000.0,2137000.0,2210000.0,348472.0
2026-07-08 09:20:00+09:00,2209000.0,2268000.0,2187000.0,2234000.0,301868.0
2026-07-08 09:30:00+09:00,2234000.0,2260000.0,2190000.0,2260000.0,231743.0
2026-07-08 09:40:00+09:00,2260000.0,2305000.0,2252000.0,2279000.0,300201.0
2026-07-08 09:50:00+09:00,2279500.0,2327000.0,2277000.0,2326000.0,251888.0
2026-07-08 10:00:00+09:00,2326000.0,2329000.0,2283000.0,2294000.0,196719.0
2026-07-08 10:10:00+09:00,2294000.0,2329000.0,2294000.0,2303000.0,160636.0
2026-07-08 10:20:00+09:00,2303000.0,2308000.0,2273000.0,2297000.0,183774.0
2026-07-08 10:30:00+09:00,2297000.0,2309000.0,2235000.0,2240000.0,206893.0
2026-07-08 10:40:00+09:00,2239000.0,2280000.0,2239000.0,2269000.0,138259.0
2026-07-08 10:50:00+09:00,2268000.0,2279000.0,2221000.0,2233000.0,146319.0
2026-07-08 11:00:00+09:00,2232000.0,2234000.0,2191000.0,2207000.0,165185.0
2026-07-08 11:10:00+09:00,2207000.0,2240000.0,2201000.0,2239000.0,88014.0
2026-07-08 11:20:00+09:00,2240000.0,2264000.0,2225000.0,2242000.0,103664.0
2026-07-08 11:30:00+09:00,2242000.0,2248000.0,2216000.0,2227000.0,60664.0
2026-07-08 11:40:00+09:00,2228000.0,2251000.0,2218000.0,2237000.0,64870.0
2026-07-08 11:50:00+09:00,2237000.0,2242000.0,2212000.0,2222000.0,58003.0
2026-07-08 12:00:00+09:00,2221000.0,2266000.0,2221000.0,2260000.0,83790.0
2026-07-08 12:10:00+09:00,2260000.0,2276000.0,2256000.0,2259000.0,77155.0
2026-07-08 12:20:00+09:00,2259000.0,2285500.0,2254000.0,2275000.0,86123.0
2026-07-08 12:30:00+09:00,2275000.0,2285000.0,2256000.0,2259000.0,67393.0
2026-07-08 12:40:00+09:00,2258000.0,2264000.0,2239000.0,2246000.0,57011.0
2026-07-08 12:50:00+09:00,2246000.0,2253000.0,2235000.0,2237000.0,53038.0
2026-07-08 13:00:00+09:00,2238000.0,2241000.0,2203000.0,2211000.0,104530.0
2026-07-08 13:10:00+09:00,2211000.0,2215000.0,2171000.0,2172000.0,142095.0
2026-07-08 13:20:00+09:00,2172000.0,2203000.0,2161000.0,2178000.0,128438.0
2026-07-08 13:30:00+09:00,2178000.0,2182000.0,2110000.0,2136000.0,241147.0
2026-07-08 13:40:00+09:00,2136000.0,2152000.0,2120000.0,2125000.0,167856.0
2026-07-08 13:50:00+09:00,2126000.0,2161000.0,2101000.0,2161000.0,198192.0
2026-07-08 14:00:00+09:00,2161000.0,2172000.0,2127000.0,2146000.0,143210.0
2026-07-08 14:10:00+09:00,2145000.0,2155000.0,2115000.0,2118000.0,108971.0
2026-07-08 14:20:00+09:00,2118000.0,2125000.0,2091000.0,2091000.0,168644.0
2026-07-08 14:30:00+09:00,2090000.0,2125000.0,2086000.0,2095000.0,135120.0
2026-07-08 14:40:00+09:00,2095000.0,2118000.0,2092000.0,2113000.0,128319.0
2026-07-08 14:50:00+09:00,2112000.0,2138000.0,2105000.0,2122000.0,159527.0
2026-07-09 09:00:00+09:00,2228000.0,2255000.0,2209000.0,2241000.0,613474.0
2026-07-09 09:10:00+09:00,2241000.0,2266000.0,2234000.0,2254000.0,247143.0
2026-07-09 09:20:00+09:00,2254000.0,2270000.0,2234000.0,2252000.0,163163.0
2026-07-09 09:30:00+09:00,2252000.0,2260000.0,2210000.0,2210000.0,178134.0
2026-07-09 09:40:00+09:00,2210000.0,2250000.0,2203000.0,2232000.0,156501.0
2026-07-09 09:50:00+09:00,2233000.0,2244000.0,2204000.0,2218000.0,120724.0
2026-07-09 10:00:00+09:00,2218000.0,2248000.0,2211000.0,2247000.0,123938.0
2026-07-09 10:10:00+09:00,2246000.0,2260000.0,2240000.0,2260000.0,118683.0
2026-07-09 10:20:00+09:00,2260000.0,2262000.0,2237000.0,2247000.0,95676.0
2026-07-09 10:30:00+09:00,2246000.0,2250000.0,2220000.0,2229000.0,100611.0
2026-07-09 10:40:00+09:00,2229000.0,2242000.0,2219000.0,2227000.0,76845.0
2026-07-09 10:50:00+09:00,2227000.0,2227000.0,2170000.0,2176000.0,192823.0
2026-07-09 11:00:00+09:00,2176000.0,2201000.0,2149000.0,2199000.0,186819.0
2026-07-09 11:10:00+09:00,2199000.0,2219000.0,2188000.0,2219000.0,82442.0
2026-07-09 11:20:00+09:00,2219000.0,2220000.0,2186000.0,2207000.0,76890.0
2026-07-09 11:30:00+09:00,2206000.0,2213000.0,2167000.0,2180000.0,71046.0
2026-07-09 11:40:00+09:00,2180000.0,2181000.0,2142500.0,2143000.0,102433.0
2026-07-09 11:50:00+09:00,2143000.0,2145000.0,2113000.0,2129000.0,176734.0
2026-07-09 12:00:00+09:00,2129000.0,2137000.0,2101000.0,2116000.0,152434.0
2026-07-09 12:10:00+09:00,2117000.0,2119000.0,2091000.0,2107000.0,131046.0
2026-07-09 12:20:00+09:00,2108000.0,2153000.0,2107000.0,2153000.0,122986.0
2026-07-09 12:30:00+09:00,2153000.0,2172000.0,2143000.0,2148000.0,117332.0
2026-07-09 12:40:00+09:00,2148000.0,2185000.0,2135000.0,2171000.0,97066.0
2026-07-09 12:50:00+09:00,2171000.0,2184000.0,2156000.0,2165000.0,67736.0
2026-07-09 13:00:00+09:00,2165000.0,2177000.0,2146000.0,2158000.0,65970.0
2026-07-09 13:10:00+09:00,2158000.0,2172000.0,2149000.0,2155000.0,56659.0
2026-07-09 13:20:00+09:00,2155000.0,2161000.0,2129000.0,2147000.0,60199.0
2026-07-09 13:30:00+09:00,2147500.0,2175000.0,2147000.0,2163000.0,60900.0
2026-07-09 13:40:00+09:00,2163000.0,2165000.0,2148000.0,2152000.0,49810.0
2026-07-09 13:50:00+09:00,2152000.0,2175000.0,2151000.0,2166000.0,58626.0
2026-07-09 14:00:00+09:00,2166000.0,2171000.0,2130000.0,2142000.0,91696.0
2026-07-09 14:10:00+09:00,2141000.0,2170000.0,2140000.0,2153000.0,72243.0
2026-07-09 14:20:00+09:00,2154000.0,2158000.0,2140000.0,2142000.0,58944.0
2026-07-09 14:30:00+09:00,2142000.0,2153000.0,2116000.0,2136000.0,107007.0
2026-07-09 14:40:00+09:00,2136000.0,2149000.0,2123000.0,2149000.0,94569.0
2026-07-09 14:50:00+09:00,2149000.0,2190000.0,2141000.0,2190000.0,150153.0
2026-07-10 09:00:00+09:00,2296000.0,2305000.0,2215000.0,2224000.0,630031.0
2026-07-10 09:10:00+09:00,2223000.0,2247000.0,2181000.0,2206000.0,339351.0
2026-07-10 09:20:00+09:00,2206000.0,2214000.0,2166000.0,2189000.0,258374.0
2026-07-10 09:30:00+09:00,2189000.0,2259000.0,2179000.0,2188000.0,183768.0
2026-07-10 09:40:00+09:00,2188000.0,2206000.0,2181000.0,2191000.0,187027.0
2026-07-10 09:50:00+09:00,2191000.0,2216000.0,2189000.0,2213000.0,126307.0
2026-07-10 10:00:00+09:00,2213000.0,2214000.0,2194000.0,2211000.0,109199.0
2026-07-10 10:10:00+09:00,2210000.0,2217000.0,2197000.0,2207000.0,95031.0
2026-07-10 10:20:00+09:00,2207000.0,2227000.0,2207000.0,2224000.0,87672.0
2026-07-10 10:30:00+09:00,2223500.0,2260000.0,2219000.0,2252000.0,190209.0
2026-07-10 10:40:00+09:00,2252000.0,2254000.0,2232000.0,2240000.0,171249.0
2026-07-10 10:50:00+09:00,2240000.0,2241000.0,2214000.0,2215000.0,120975.0
2026-07-10 11:00:00+09:00,2215000.0,2216000.0,2200000.0,2209000.0,116949.0
2026-07-10 11:10:00+09:00,2209000.0,2212000.0,2193000.0,2211500.0,85861.0
2026-07-10 11:20:00+09:00,2211000.0,2215000.0,2196000.0,2206000.0,72656.0
2026-07-10 11:30:00+09:00,2207000.0,2226000.0,2203000.0,2217000.0,63960.0
2026-07-10 11:40:00+09:00,2217000.0,2220000.0,2203000.0,2216000.0,68402.0
2026-07-10 11:50:00+09:00,2216000.0,2224000.0,2210000.0,2223000.0,57276.0
2026-07-10 12:00:00+09:00,2223000.0,2234000.0,2214000.0,2230000.0,53773.0
2026-07-10 12:10:00+09:00,2230000.0,2236000.0,2220000.0,2235000.0,49522.0
2026-07-10 12:20:00+09:00,2236000.0,2241000.0,2223000.0,2224000.0,53529.0
2026-07-10 12:30:00+09:00,2224000.0,2234000.0,2217000.0,2233000.0,46044.0
2026-07-10 12:40:00+09:00,2233000.0,2240000.0,2226000.0,2230000.0,55614.0
2026-07-10 12:50:00+09:00,2230000.0,2253000.0,2226000.0,2252500.0,71835.0
2026-07-10 13:00:00+09:00,2253000.0,2260000.0,2240000.0,2259000.0,79420.0
2026-07-10 13:10:00+09:00,2258000.0,2270000.0,2256000.0,2268000.0,94566.0
2026-07-10 13:20:00+09:00,2268000.0,2269000.0,2246000.0,2258000.0,79270.0
2026-07-10 13:30:00+09:00,2258000.0,2267000.0,2243000.0,2266000.0,76430.0
2026-07-10 13:40:00+09:00,2266000.0,2275000.0,2261000.0,2270000.0,87501.0
2026-07-10 13:50:00+09:00,2270000.0,2270000.0,2251000.0,2257000.0,64266.0
2026-07-10 14:00:00+09:00,2257000.0,2264000.0,2237000.0,2241000.0,73621.0
2026-07-10 14:10:00+09:00,2241000.0,2258000.0,2241000.0,2256000.0,52729.0
2026-07-10 14:20:00+09:00,2256000.0,2264000.0,2248000.0,2249000.0,50476.0
2026-07-10 14:30:00+09:00,2248000.0,2258000.0,2242000.0,2245000.0,54378.0
2026-07-10 14:40:00+09:00,2245000.0,2252000.0,2228000.0,2229000.0,86059.0
2026-07-10 14:50:00+09:00,2228000.0,2234000.0,2217000.0,2225000.0,95618.0
2026-07-13 09:00:00+09:00,2113000.0,2142000.0,2084000.0,2098000.0,121615.0
2026-07-13 09:10:00+09:00,2099000.0,2122000.0,2057000.0,2067000.0,237921.0
2026-07-13 09:20:00+09:00,2067000.0,2114000.0,2064000.0,2086000.0,217697.0
2026-07-13 09:30:00+09:00,2086000.0,2089000.0,2035000.0,2043000.0,242499.0
2026-07-13 09:40:00+09:00,2043000.0,2048000.0,2024000.0,2033000.0,205599.0
2026-07-13 09:50:00+09:00,2032000.0,2048000.0,2001000.0,2014000.0,278723.0
2026-07-13 10:00:00+09:00,2015000.0,2029000.0,1997000.0,2000000.0,214483.0
2026-07-13 10:10:00+09:00,2000000.0,2025000.0,1998000.0,2002000.0,175549.0
2026-07-13 10:20:00+09:00,2002500.0,2010000.0,1995000.0,2003000.0,163073.0
2026-07-13 10:30:00+09:00,2002000.0,2011000.0,1985000.0,1998000.0,220262.0
2026-07-13 10:40:00+09:00,1998000.0,2005000.0,1972000.0,1972000.0,220909.0
2026-07-13 10:50:00+09:00,1973000.0,1981000.0,1956000.0,1960000.0,209290.0
2026-07-13 11:00:00+09:00,1959000.0,1964000.0,1942000.0,1952000.0,252960.0
2026-07-13 11:10:00+09:00,1952000.0,1981000.0,1951000.0,1978000.0,161606.0
2026-07-13 11:20:00+09:00,1977000.0,1985000.0,1968000.0,1972000.0,128910.0
2026-07-13 11:30:00+09:00,1973000.0,1974000.0,1947000.0,1953000.0,113528.0
2026-07-13 11:40:00+09:00,1953000.0,1966000.0,1946000.0,1953000.0,86137.0
2026-07-13 11:50:00+09:00,1953000.0,1959000.0,1936000.0,1937000.0,111357.0
2026-07-13 12:00:00+09:00,1937000.0,1938000.0,1910000.0,1911000.0,185861.0
2026-07-13 12:10:00+09:00,1910000.0,1919000.0,1904000.0,1914000.0,175286.0
2026-07-13 12:20:00+09:00,1914000.0,1925000.0,1901000.0,1903000.0,125230.0
2026-07-13 12:30:00+09:00,1902000.0,1917000.0,1892000.0,1911000.0,207118.0
2026-07-13 12:40:00+09:00,1911000.0,1927000.0,1907000.0,1924000.0,149996.0
2026-07-13 12:50:00+09:00,1924000.0,1932000.0,1899000.0,1904000.0,140048.0
2026-07-13 13:00:00+09:00,1904000.0,1908000.0,1896000.0,1898000.0,102703.0
2026-07-13 13:10:00+09:00,1898000.0,1905000.0,1888000.0,1888000.0,201541.0
2026-07-13 13:20:00+09:00,1887000.0,1895000.0,1883000.0,1889000.0,175711.0
2026-07-13 13:50:00+09:00,1900000.0,1913000.0,1895000.0,1895000.0,108857.0
2026-07-13 14:00:00+09:00,1895000.0,1919000.0,1888000.0,1910000.0,212212.0
2026-07-13 14:10:00+09:00,1909000.0,1917000.0,1898000.0,1901000.0,134471.0
2026-07-13 14:20:00+09:00,1901000.0,1907000.0,1865000.0,1871000.0,272636.0
2026-07-13 14:30:00+09:00,1871000.0,1902000.0,1861000.0,1897000.0,295077.0
2026-07-13 14:40:00+09:00,1897000.0,1918000.0,1885000.0,1890000.0,233094.0
2026-07-13 14:50:00+09:00,1891000.0,1909000.0,1885000.0,1902000.0,229281.0
2026-07-14 09:00:00+09:00,1825000.0,1860000.0,1757500.0,1787500.0,942376.0
2026-07-14 09:10:00+09:00,1787500.0,1852000.0,1785000.0,1832000.0,538931.0
2026-07-14 09:20:00+09:00,1832000.0,1864000.0,1816000.0,1837000.0,366019.0
2026-07-14 09:30:00+09:00,1836000.0,1860000.0,1826000.0,1835000.0,271958.0
2026-07-14 09:40:00+09:00,1835000.0,1844000.0,1805000.0,1843000.0,221371.0
2026-07-14 09:50:00+09:00,1844000.0,1910000.0,1842000.0,1897000.0,394175.0
2026-07-14 10:00:00+09:00,1897000.0,1929000.0,1896000.0,1910000.0,295329.0
2026-07-14 10:10:00+09:00,1911000.0,1912000.0,1878000.0,1898000.0,199005.0
2026-07-14 10:20:00+09:00,1899000.0,1920000.0,1885000.0,1909000.0,170130.0
2026-07-14 10:30:00+09:00,1909000.0,1917000.0,1859000.0,1871000.0,179550.0
2026-07-14 10:40:00+09:00,1872000.0,1879000.0,1848000.0,1866000.0,152479.0
2026-07-14 10:50:00+09:00,1866000.0,1875000.0,1826000.0,1833000.0,168503.0
2026-07-14 11:00:00+09:00,1832000.0,1840000.0,1799000.0,1811000.0,228366.0
2026-07-14 11:10:00+09:00,1810000.0,1818000.0,1783000.0,1787000.0,170200.0
2026-07-14 11:20:00+09:00,1788000.0,1791000.0,1749000.0,1773000.0,267514.0
2026-07-14 11:30:00+09:00,1772000.0,1780000.0,1741000.0,1776000.0,221127.0
2026-07-14 11:40:00+09:00,1776000.0,1798000.0,1764000.0,1779000.0,183973.0
2026-07-14 11:50:00+09:00,1780000.0,1780000.0,1750000.0,1764000.0,114571.0
2026-07-14 12:00:00+09:00,1764000.0,1765000.0,1712000.0,1727000.0,258489.0
2026-07-14 12:10:00+09:00,1727000.0,1729000.0,1683000.0,1696000.0,365706.0
2026-07-14 12:20:00+09:00,1696000.0,1731000.0,1678000.0,1728000.0,336552.0
2026-07-14 12:30:00+09:00,1729000.0,1757000.0,1723000.0,1727000.0,297078.0
2026-07-14 12:40:00+09:00,1727000.0,1762000.0,1704000.0,1748000.0,221773.0
2026-07-14 12:50:00+09:00,1747000.0,1783000.0,1745000.0,1764000.0,201968.0
2026-07-14 13:00:00+09:00,1764000.0,1784000.0,1745000.0,1746000.0,171317.0
2026-07-14 13:10:00+09:00,1747000.0,1747000.0,1721000.0,1722000.0,140501.0
2026-07-14 13:20:00+09:00,1722000.0,1778000.0,1720000.0,1769000.0,141473.0
2026-07-14 13:30:00+09:00,1769000.0,1816000.0,1758000.0,1812000.0,211741.0
2026-07-14 13:40:00+09:00,1811000.0,1837000.0,1789000.0,1836000.0,210910.0
2026-07-14 13:50:00+09:00,1836000.0,1875000.0,1821000.0,1866000.0,299504.0
2026-07-14 14:00:00+09:00,1867000.0,1895000.0,1838000.0,1892000.0,290246.0
2026-07-14 14:10:00+09:00,1892000.0,1907000.0,1875000.0,1897000.0,296580.0
2026-07-14 14:20:00+09:00,1897000.0,1921000.0,1885000.0,1914000.0,300182.0
2026-07-14 14:30:00+09:00,1914000.0,1936000.0,1898000.0,1910000.0,326957.0
2026-07-14 14:40:00+09:00,1910000.0,1916000.0,1884000.0,1909000.0,234924.0
2026-07-14 14:50:00+09:00,1910000.0,1910000.0,1891000.0,1894000.0,211512.0
2026-07-15 09:00:00+09:00,2120000.0,2120000.0,2080000.0,2082000.0,673078.0
2026-07-15 09:10:00+09:00,2082000.0,2127000.0,2077000.0,2127000.0,334689.0
2026-07-15 09:20:00+09:00,2127000.0,2145000.0,2120000.0,2144000.0,278317.0
2026-07-15 09:30:00+09:00,2144000.0,2156000.0,2106000.0,2119000.0,261200.0
2026-07-15 09:40:00+09:00,2120000.0,2132000.0,2109000.0,2129000.0,154267.0
2026-07-15 09:50:00+09:00,2129000.0,2147000.0,2127000.0,2142000.0,146195.0
2026-07-15 10:00:00+09:00,2142000.0,2145000.0,2102000.0,2104500.0,170545.0
2026-07-15 10:10:00+09:00,2104000.0,2118000.0,2088000.0,2117000.0,178850.0
2026-07-15 10:20:00+09:00,2118000.0,2131000.0,2107000.0,2128000.0,119190.0
2026-07-15 10:30:00+09:00,2128000.0,2134000.0,2096000.0,2105000.0,126177.0
2026-07-15 10:40:00+09:00,2105000.0,2105000.0,2070000.0,2088000.0,159915.0
2026-07-15 10:50:00+09:00,2088000.0,2115000.0,2081000.0,2114000.0,111948.0
2026-07-15 11:00:00+09:00,2114000.0,2134000.0,2111000.0,2132000.0,136627.0
2026-07-15 11:10:00+09:00,2132000.0,2138000.0,2124000.0,2133000.0,109381.0
2026-07-15 11:20:00+09:00,2133000.0,2133000.0,2112000.0,2122000.0,79020.0
2026-07-15 11:30:00+09:00,2122000.0,2132000.0,2117000.0,2124000.0,65335.0
2026-07-15 11:40:00+09:00,2124000.0,2139000.0,2123000.0,2138000.0,80291.0
2026-07-15 11:50:00+09:00,2139000.0,2139000.0,2112000.0,2114000.0,86321.0
2026-07-15 12:00:00+09:00,2114000.0,2130000.0,2112000.0,2129000.0,55600.0
2026-07-15 12:10:00+09:00,2130000.0,2137000.0,2123000.0,2132000.0,60599.0
2026-07-15 12:20:00+09:00,2131000.0,2144000.0,2128000.0,2143000.0,74197.0
2026-07-15 12:30:00+09:00,2143000.0,2150000.0,2137000.0,2149000.0,72846.0
2026-07-15 12:40:00+09:00,2148500.0,2164000.0,2142000.0,2164000.0,134697.0
2026-07-15 12:50:00+09:00,2164000.0,2171000.0,2160000.0,2163000.0,98569.0
2026-07-15 13:00:00+09:00,2164000.0,2170000.0,2156000.0,2157000.0,76569.0
2026-07-15 13:10:00+09:00,2157000.0,2167000.0,2155000.0,2163500.0,61059.0
2026-07-15 13:20:00+09:00,2164000.0,2164000.0,2150000.0,2152000.0,78514.0
2026-07-15 13:30:00+09:00,2151000.0,2161000.0,2143000.0,2160000.0,92921.0
2026-07-15 13:40:00+09:00,2160000.0,2161000.0,2147000.0,2150000.0,77210.0
2026-07-15 13:50:00+09:00,2151000.0,2153000.0,2143000.0,2148000.0,81447.0
2026-07-15 14:00:00+09:00,2148000.0,2158000.0,2115000.0,2134000.0,157390.0
2026-07-15 14:10:00+09:00,2134000.0,2134000.0,2098000.0,2113000.0,157958.0
2026-07-15 14:20:00+09:00,2113000.0,2114000.0,2084000.0,2087500.0,150755.0
2026-07-15 14:30:00+09:00,2087500.0,2110000.0,2080000.0,2109000.0,140968.0
2026-07-15 14:40:00+09:00,2109000.0,2110000.0,2081000.0,2100000.0,116331.0
2026-07-15 14:50:00+09:00,2100000.0,2117000.0,2089000.0,2116000.0,113046.0
2026-07-16 09:00:00+09:00,1902000.0,1919000.0,1888000.0,1897000.0,477560.0
2026-07-16 09:10:00+09:00,1896000.0,1914000.0,1868000.0,1870000.0,207292.0
2026-07-16 09:20:00+09:00,1869000.0,1897000.0,1864000.0,1882000.0,182433.0
2026-07-16 09:30:00+09:00,1883000.0,1890000.0,1855000.0,1855000.0,179607.0
2026-07-16 09:40:00+09:00,1856000.0,1862000.0,1842000.0,1851000.0,183774.0
2026-07-16 09:50:00+09:00,1851000.0,1862000.0,1841000.0,1851000.0,112050.0
2026-07-16 10:00:00+09:00,1850000.0,1873000.0,1850000.0,1851000.0,131369.0
2026-07-16 10:10:00+09:00,1850000.0,1858000.0,1823000.0,1825000.0,186258.0
2026-07-16 10:20:00+09:00,1825000.0,1845000.0,1821000.0,1834000.0,141259.0
2026-07-16 10:30:00+09:00,1833000.0,1862000.0,1822000.0,1856000.0,193680.0
2026-07-16 10:40:00+09:00,1857000.0,1870000.0,1841000.0,1866000.0,121521.0
2026-07-16 10:50:00+09:00,1866000.0,1880000.0,1850000.0,1854000.0,117644.0
2026-07-16 11:00:00+09:00,1854000.0,1860000.0,1838000.0,1839000.0,96110.0
2026-07-16 11:10:00+09:00,1839000.0,1851000.0,1832000.0,1850500.0,103995.0
2026-07-16 11:20:00+09:00,1850000.0,1865000.0,1845000.0,1862000.0,79934.0
2026-07-16 11:30:00+09:00,1863000.0,1872000.0,1856000.0,1864000.0,63792.0
2026-07-16 11:40:00+09:00,1863000.0,1877000.0,1852000.0,1873000.0,67553.0
2026-07-16 11:50:00+09:00,1874000.0,1875000.0,1864000.0,1869000.0,67508.0
2026-07-16 12:00:00+09:00,1869000.0,1878000.0,1856000.0,1876000.0,69770.0
2026-07-16 12:10:00+09:00,1875000.0,1876000.0,1855000.0,1856000.0,64209.0
2026-07-16 12:20:00+09:00,1855500.0,1863000.0,1845000.0,1848000.0,69805.0
2026-07-16 12:30:00+09:00,1849000.0,1857000.0,1846000.0,1846500.0,55072.0
2026-07-16 12:40:00+09:00,1846500.0,1855000.0,1840000.0,1842000.0,63927.0
2026-07-16 12:50:00+09:00,1842000.0,1857000.0,1840000.0,1855500.0,54162.0
2026-07-16 13:00:00+09:00,1855500.0,1857000.0,1843000.0,1844000.0,61128.0
2026-07-16 13:10:00+09:00,1844000.0,1857000.0,1839000.0,1839000.0,88195.0
2026-07-16 13:20:00+09:00,1840000.0,1841000.0,1832000.0,1834000.0,88563.0
2026-07-16 13:30:00+09:00,1833000.0,1836000.0,1827000.0,1833000.0,98318.0
2026-07-16 13:40:00+09:00,1833000.0,1843000.0,1827000.0,1835000.0,73896.0
2026-07-16 13:50:00+09:00,1835000.0,1843000.0,1830000.0,1839000.0,58965.0
2026-07-16 14:00:00+09:00,1839000.0,1851000.0,1837000.0,1838000.0,63053.0
2026-07-16 14:10:00+09:00,1838000.0,1873500.0,1835000.0,1872500.0,119489.0
2026-07-16 14:20:00+09:00,1873000.0,1890000.0,1871000.0,1885000.0,158863.0
2026-07-16 14:30:00+09:00,1885000.0,2082000.0,1850000.0,1851000.0,176836.0
2026-07-16 14:40:00+09:00,1851000.0,1865000.0,1845000.0,1859000.0,121990.0
2026-07-16 14:50:00+09:00,1859000.0,1877000.0,1856500.0,1862000.0,109234.0
2026-07-20 09:00:00+09:00,1745000.0,1861000.0,1735000.0,1845000.0,306136.0
2026-07-20 09:10:00+09:00,1845000.0,1890000.0,1837000.0,1879000.0,407497.0
2026-07-20 09:20:00+09:00,1880000.0,1892000.0,1852000.0,1860000.0,224418.0
2026-07-20 09:30:00+09:00,1860000.0,1889000.0,1835000.0,1872000.0,237679.0
2026-07-20 09:40:00+09:00,1872000.0,1888000.0,1855000.0,1865000.0,140558.0
2026-07-20 09:50:00+09:00,1865000.0,1866000.0,1820000.0,1827000.0,175967.0
2026-07-20 10:00:00+09:00,1827000.0,1853000.0,1822000.0,1847000.0,137220.0
2026-07-20 10:10:00+09:00,1847000.0,1858000.0,1823000.0,1824000.0,109821.0
2026-07-20 10:20:00+09:00,1824000.0,1859000.0,1821000.0,1833000.0,120406.0
2026-07-20 10:30:00+09:00,1833500.0,1833500.0,1787000.0,1804000.0,229143.0
2026-07-20 10:40:00+09:00,1803000.0,1809000.0,1780000.0,1789000.0,146001.0
2026-07-20 10:50:00+09:00,1789000.0,1790000.0,1753000.0,1770000.0,194315.0
2026-07-20 11:00:00+09:00,1769000.0,1802000.0,1764000.0,1796000.0,145048.0
2026-07-20 11:10:00+09:00,1796000.0,1798000.0,1762000.0,1767000.0,126226.0
2026-07-20 11:20:00+09:00,1768000.0,1800000.0,1751000.0,1754000.0,177332.0
2026-07-20 11:30:00+09:00,1756000.0,1790000.0,1754000.0,1774000.0,95257.0
2026-07-20 11:40:00+09:00,1772000.0,1800000.0,1771000.0,1795000.0,78089.0
2026-07-20 11:50:00+09:00,1795000.0,1797000.0,1779000.0,1782000.0,54558.0
2026-07-20 12:00:00+09:00,1783000.0,1792000.0,1764000.0,1774000.0,56934.0
2026-07-20 12:10:00+09:00,1775000.0,1786000.0,1770000.0,1774000.0,50318.0
2026-07-20 12:20:00+09:00,1774000.0,1781000.0,1768000.0,1769000.0,60339.0
2026-07-20 12:30:00+09:00,1769000.0,1782000.0,1767000.0,1778000.0,56319.0
2026-07-20 12:40:00+09:00,1778000.0,1783000.0,1770000.0,1780000.0,50444.0
2026-07-20 12:50:00+09:00,1780000.0,1808000.0,1778000.0,1789000.0,81560.0
2026-07-20 13:00:00+09:00,1789000.0,1794000.0,1775000.0,1776000.0,55417.0
2026-07-20 13:10:00+09:00,1775000.0,1780000.0,1758000.0,1764000.0,82356.0
2026-07-20 13:20:00+09:00,1764000.0,1784000.0,1762000.0,1779000.0,74940.0
2026-07-20 13:30:00+09:00,1780000.0,1812000.0,1777000.0,1808000.0,110918.0
2026-07-20 13:40:00+09:00,1808000.0,1822000.0,1792000.0,1819000.0,80735.0
2026-07-20 13:50:00+09:00,1818000.0,1819000.0,1798000.0,1801000.0,62615.0
2026-07-20 14:00:00+09:00,1800000.0,1803000.0,1782000.0,1785000.0,66910.0
2026-07-20 14:10:00+09:00,1786000.0,1789000.0,1772000.0,1778000.0,91865.0
2026-07-20 14:20:00+09:00,1778000.0,1790000.0,1770000.0,1779000.0,84328.0
2026-07-20 14:30:00+09:00,1779000.0,1783000.0,1772000.0,1773000.0,78578.0
2026-07-20 14:40:00+09:00,1774000.0,1785000.0,1766000.0,1774000.0,114124.0
2026-07-20 14:50:00+09:00,1774000.0,1789000.0,1768000.0,1774000.0,109702.0
2026-07-21 09:00:00+09:00,1775000.0,1783000.0,1732000.0,1748000.0,462298.0
2026-07-21 09:10:00+09:00,1748000.0,1781000.0,1741000.0,1776000.0,179797.0
2026-07-21 09:20:00+09:00,1776000.0,1787000.0,1765000.0,1775000.0,171816.0
2026-07-21 09:30:00+09:00,1775000.0,1792000.0,1766000.0,1790000.0,115280.0
2026-07-21 09:40:00+09:00,1790000.0,1810000.0,1784000.0,1801000.0,168186.0
2026-07-21 09:50:00+09:00,1802000.0,1804000.0,1780000.0,1782000.0,129582.0
2026-07-21 10:00:00+09:00,1782000.0,1820000.0,1776000.0,1819000.0,174391.0
2026-07-21 10:10:00+09:00,1819000.0,1832000.0,1807000.0,1818000.0,170374.0
2026-07-21 10:20:00+09:00,1818000.0,1825000.0,1808000.0,1816000.0,70816.0
2026-07-21 10:30:00+09:00,1817000.0,1844000.0,1816000.0,1834000.0,138699.0
2026-07-21 10:40:00+09:00,1835000.0,1841000.0,1824000.0,1837000.0,109809.0
2026-07-21 10:50:00+09:00,1838000.0,1839000.0,1810000.0,1818000.0,88388.0
2026-07-21 11:00:00+09:00,1819000.0,1833000.0,1809000.0,1809000.0,81291.0
2026-07-21 11:10:00+09:00,1811000.0,1817000.0,1802000.0,1803000.0,65221.0
2026-07-21 11:20:00+09:00,1803000.0,1815000.0,1800000.0,1811000.0,59787.0
2026-07-21 11:30:00+09:00,1811000.0,1829000.0,1810000.0,1826000.0,58597.0
2026-07-21 11:40:00+09:00,1828000.0,1832000.0,1823000.0,1829000.0,44295.0
2026-07-21 11:50:00+09:00,1829000.0,1836000.0,1820000.0,1830000.0,49667.0
2026-07-21 12:00:00+09:00,1831000.0,1839000.0,1830000.0,1834000.0,55940.0
2026-07-21 12:10:00+09:00,1833000.0,1854000.0,1833000.0,1853000.0,132735.0
2026-07-21 12:20:00+09:00,1854000.0,1858000.0,1843000.0,1851000.0,86380.0
2026-07-21 12:30:00+09:00,1851000.0,1870000.0,1848000.0,1869000.0,95900.0
2026-07-21 12:40:00+09:00,1870000.0,1883000.0,1867000.0,1875000.0,141031.0
2026-07-21 12:50:00+09:00,1875000.0,1889000.0,1874000.0,1877500.0,176366.0
2026-07-21 13:00:00+09:00,1878000.0,1884000.0,1873000.0,1874000.0,90992.0
2026-07-21 13:10:00+09:00,1873000.0,1882000.0,1872000.0,1875000.0,77840.0
2026-07-21 13:20:00+09:00,1874000.0,1880000.0,1863000.0,1867000.0,89747.0
2026-07-21 13:30:00+09:00,1868000.0,1871000.0,1859000.0,1866000.0,86500.0
2026-07-21 13:40:00+09:00,1867000.0,1875000.0,1861000.0,1873000.0,77728.0
2026-07-21 13:50:00+09:00,1873000.0,1873000.0,1850000.0,1854000.0,94819.0
2026-07-21 14:00:00+09:00,1854000.0,1863000.0,1852000.0,1862000.0,61980.0
2026-07-21 14:10:00+09:00,1862000.0,1863000.0,1831000.0,1831000.0,105445.0
2026-07-21 14:20:00+09:00,1832000.0,1852000.0,1831000.0,1849000.0,81038.0
2026-07-21 14:30:00+09:00,1850000.0,1850000.0,1834000.0,1845000.0,70104.0
2026-07-21 14:40:00+09:00,1845000.0,1854000.0,1840000.0,1851000.0,86260.0
2026-07-21 14:50:00+09:00,1850000.0,1852000.0,1841000.0,1846000.0,79872.0
2026-07-22 09:00:00+09:00,1977000.0,1999000.0,1960000.0,1988000.0,693445.0
2026-07-22 09:10:00+09:00,1988000.0,2006000.0,1973000.0,2000000.0,353332.0
2026-07-22 09:20:00+09:00,2000000.0,2004000.0,1981000.0,1984000.0,135552.0
2026-07-22 09:30:00+09:00,1984000.0,1995000.0,1980000.0,1989000.0,103670.0
2026-07-22 09:40:00+09:00,1989000.0,1990000.0,1972000.0,1980000.0,125681.0
2026-07-22 09:50:00+09:00,1980500.0,1988000.0,1965000.0,1982000.0,110309.0
2026-07-22 10:00:00+09:00,1981000.0,1991000.0,1972000.0,1987000.0,83160.0
2026-07-22 10:10:00+09:00,1987000.0,2004000.0,1986000.0,1999000.0,116005.0
2026-07-22 10:20:00+09:00,1999000.0,2005000.0,1991000.0,1995000.0,79107.0
2026-07-22 10:30:00+09:00,1995000.0,1997000.0,1986000.0,1988000.0,65515.0
2026-07-22 10:40:00+09:00,1988000.0,1994000.0,1975000.0,1992000.0,92851.0
2026-07-22 10:50:00+09:00,1992000.0,1994000.0,1984000.0,1984000.0,51261.0
2026-07-22 11:00:00+09:00,1985000.0,1987000.0,1977000.0,1981000.0,63917.0
2026-07-22 11:10:00+09:00,1980000.0,1983000.0,1977000.0,1979000.0,44545.0
2026-07-22 11:20:00+09:00,1980000.0,1987000.0,1979000.0,1984000.0,43876.0
2026-07-22 11:30:00+09:00,1984000.0,1984000.0,1970000.0,1971000.0,64196.0
2026-07-22 11:40:00+09:00,1970000.0,1973000.0,1956000.0,1967000.0,96619.0
2026-07-22 11:50:00+09:00,1967000.0,1969000.0,1952000.0,1956000.0,52101.0
2026-07-22 12:00:00+09:00,1956000.0,1960000.0,1938000.0,1939000.0,91886.0
2026-07-22 12:10:00+09:00,1938000.0,1940000.0,1923000.0,1929000.0,108028.0
2026-07-22 12:20:00+09:00,1929000.0,1954000.0,1927000.0,1953500.0,91548.0
2026-07-22 12:30:00+09:00,1954000.0,1955000.0,1937000.0,1944000.0,44368.0
2026-07-22 12:40:00+09:00,1944000.0,1960000.0,1942000.0,1955000.0,50234.0
2026-07-22 12:50:00+09:00,1955000.0,1956000.0,1940000.0,1949000.0,41211.0
2026-07-22 13:00:00+09:00,1949000.0,1957000.0,1945000.0,1954000.0,33950.0
2026-07-22 13:10:00+09:00,1954000.0,1956000.0,1946000.0,1952000.0,29546.0
2026-07-22 13:20:00+09:00,1951000.0,1963000.0,1951000.0,1954000.0,46358.0
2026-07-22 13:30:00+09:00,1955000.0,1955000.0,1937000.0,1939000.0,56652.0
2026-07-22 13:40:00+09:00,1939000.0,1942000.0,1931000.0,1932000.0,49894.0
2026-07-22 13:50:00+09:00,1931000.0,1935000.0,1920000.0,1932000.0,70907.0
2026-07-22 14:00:00+09:00,1932000.0,1934000.0,1896000.0,1898000.0,167571.0
2026-07-22 14:10:00+09:00,1898000.0,1907000.0,1880000.0,1886000.0,168722.0
2026-07-22 14:20:00+09:00,1885000.0,1886000.0,1861000.0,1862000.0,184529.0
2026-07-22 14:30:00+09:00,1862000.0,1886000.0,1860000.0,1873000.0,162024.0
2026-07-22 14:40:00+09:00,1873000.0,1878000.0,1848000.0,1858000.0,172778.0
2026-07-22 14:50:00+09:00,1857000.0,1871000.0,1852000.0,1861000.0,136126.0
2026-07-23 09:00:00+09:00,1910000.0,1925000.0,1900000.0,1906000.0,287282.0
2026-07-23 09:10:00+09:00,1905500.0,1934000.0,1905000.0,1928000.0,174473.0
2026-07-23 09:20:00+09:00,1928000.0,1931000.0,1908000.0,1914000.0,132098.0
2026-07-23 09:30:00+09:00,1914500.0,1919000.0,1904000.0,1909000.0,107710.0
2026-07-23 09:40:00+09:00,1908000.0,1926000.0,1905000.0,1925000.0,106409.0
2026-07-23 09:50:00+09:00,1925000.0,1934000.0,1911000.0,1929000.0,134288.0
2026-07-23 10:00:00+09:00,1929000.0,1943000.0,1921000.0,1943000.0,132517.0
2026-07-23 10:10:00+09:00,1942000.0,1948000.0,1928000.0,1928000.0,90130.0
2026-07-23 10:20:00+09:00,1929000.0,1929000.0,1910000.0,1913000.0,102747.0
2026-07-23 10:30:00+09:00,1913000.0,1919000.0,1891000.0,1908500.0,147089.0
2026-07-23 10:40:00+09:00,1908000.0,1914000.0,1883000.0,1884000.0,94906.0
2026-07-23 10:50:00+09:00,1884000.0,1899000.0,1872000.0,1872000.0,107315.0
2026-07-23 11:00:00+09:00,1873000.0,1891000.0,1872000.0,1879000.0,73144.0
2026-07-23 11:10:00+09:00,1879000.0,1882000.0,1868000.0,1872000.0,86737.0
2026-07-23 11:20:00+09:00,1872000.0,1873000.0,1845000.0,1863000.0,168692.0
2026-07-23 11:30:00+09:00,1863000.0,1869000.0,1851000.0,1856000.0,60369.0
2026-07-23 11:40:00+09:00,1855000.0,1884000.0,1850000.0,1877000.0,73594.0
2026-07-23 11:50:00+09:00,1877000.0,1890000.0,1873000.0,1883000.0,57511.0
2026-07-23 12:00:00+09:00,1883000.0,1885000.0,1866000.0,1870000.0,41482.0
2026-07-23 12:10:00+09:00,1869000.0,1881000.0,1864000.0,1881000.0,33339.0
2026-07-23 12:20:00+09:00,1881000.0,1899000.0,1880000.0,1898000.0,61435.0
2026-07-23 12:30:00+09:00,1898000.0,1904000.0,1886000.0,1903000.0,85086.0
2026-07-23 12:40:00+09:00,1903000.0,1909000.0,1897000.0,1908000.0,58380.0
2026-07-23 12:50:00+09:00,1908000.0,1918000.0,1898000.0,1901000.0,67655.0
2026-07-23 13:00:00+09:00,1901000.0,1902000.0,1885000.0,1894000.0,64325.0
2026-07-23 13:10:00+09:00,1894000.0,1912000.0,1893000.0,1907000.0,58927.0
2026-07-23 13:20:00+09:00,1907000.0,1926000.0,1907000.0,1924000.0,76932.0
2026-07-23 13:30:00+09:00,1924000.0,1928000.0,1917000.0,1924000.0,65358.0
2026-07-23 13:40:00+09:00,1924000.0,1926000.0,1910000.0,1919000.0,72187.0
2026-07-23 13:50:00+09:00,1919000.0,1922000.0,1907000.0,1919000.0,65388.0
2026-07-23 14:00:00+09:00,1919000.0,1920000.0,1903000.0,1910000.0,76940.0
2026-07-23 14:10:00+09:00,1909000.0,1913000.0,1891000.0,1898000.0,88126.0
2026-07-23 14:20:00+09:00,1898000.0,1930000.0,1897000.0,1928000.0,105033.0
2026-07-23 14:30:00+09:00,1928000.0,1936000.0,1908000.0,1910000.0,128124.0
2026-07-23 14:40:00+09:00,1910000.0,1916000.0,1893000.0,1894000.0,116580.0
2026-07-23 14:50:00+09:00,1894000.0,1903000.0,1891000.0,1899000.0,145415.0
2026-07-24 09:00:00+09:00,1894000.0,1894000.0,1845000.0,1855000.0,299124.0
2026-07-24 09:10:00+09:00,1854000.0,1860000.0,1835000.0,1840000.0,172243.0
2026-07-24 09:20:00+09:00,1839000.0,1852000.0,1828000.0,1833000.0,184683.0
2026-07-24 09:30:00+09:00,1833000.0,1834000.0,1810000.0,1820000.0,190184.0
2026-07-24 09:40:00+09:00,1819500.0,1835000.0,1815000.0,1822000.0,141688.0
2026-07-24 09:50:00+09:00,1822000.0,1840000.0,1820000.0,1833000.0,101824.0
2026-07-24 10:00:00+09:00,1834000.0,1862000.0,1832000.0,1857000.0,164773.0
2026-07-24 10:10:00+09:00,1856000.0,1857000.0,1835000.0,1845000.0,86822.0
2026-07-24 10:20:00+09:00,1845000.0,1860000.0,1836000.0,1842000.0,87394.0
2026-07-24 10:30:00+09:00,1843000.0,1856000.0,1840000.0,1848000.0,65585.0
2026-07-24 10:40:00+09:00,1848000.0,1853000.0,1836000.0,1837000.0,44716.0
2026-07-24 10:50:00+09:00,1837000.0,1841000.0,1820000.0,1824000.0,98087.0
2026-07-24 11:00:00+09:00,1824000.0,1826000.0,1815000.0,1823000.0,80512.0
2026-07-24 11:10:00+09:00,1822000.0,1827000.0,1811000.0,1814000.0,99861.0
2026-07-24 11:20:00+09:00,1814000.0,1821000.0,1805000.0,1810000.0,94093.0
2026-07-24 11:30:00+09:00,1810000.0,1813000.0,1795000.0,1796000.0,134434.0
2026-07-24 11:40:00+09:00,1796000.0,1800000.0,1775000.0,1779000.0,167640.0
2026-07-24 11:50:00+09:00,1779000.0,1790000.0,1777000.0,1777000.0,110039.0
2026-07-24 12:00:00+09:00,1777000.0,1792000.0,1776000.0,1780000.0,114750.0
2026-07-24 12:10:00+09:00,1781000.0,1792000.0,1778000.0,1781000.0,80195.0
2026-07-24 12:20:00+09:00,1781000.0,1796000.0,1780000.0,1791000.0,113921.0
2026-07-24 12:30:00+09:00,1791000.0,1791000.0,1778000.0,1784000.0,77561.0
2026-07-24 12:40:00+09:00,1784000.0,1786000.0,1780000.0,1781000.0,57761.0
2026-07-24 12:50:00+09:00,1780000.0,1782000.0,1762000.0,1767000.0,135009.0
2026-07-24 13:00:00+09:00,1766000.0,1778000.0,1752000.0,1775000.0,141357.0
2026-07-24 13:10:00+09:00,1776000.0,1776000.0,1756000.0,1765000.0,89390.0
2026-07-24 13:20:00+09:00,1765000.0,1787000.0,1760000.0,1784000.0,97143.0
2026-07-24 13:30:00+09:00,1784000.0,1788000.0,1766000.0,1767000.0,78259.0
2026-07-24 13:40:00+09:00,1766000.0,1770000.0,1761000.0,1763000.0,70084.0
2026-07-24 13:50:00+09:00,1763000.0,1780000.0,1762000.0,1779000.0,83486.0
2026-07-24 14:00:00+09:00,1779000.0,1800500.0,1769000.0,1791000.0,126045.0
2026-07-24 14:10:00+09:00,1792000.0,1803000.0,1780000.0,1789000.0,114732.0
2026-07-24 14:20:00+09:00,1789000.0,1800000.0,1779000.0,1781000.0,95554.0
2026-07-24 14:30:00+09:00,1782000.0,1792000.0,1780000.0,1791000.0,97652.0
2026-07-24 14:40:00+09:00,1792000.0,1795000.0,1783000.0,1787000.0,89798.0
2026-07-24 14:50:00+09:00,1786000.0,1788000.0,1772000.0,1774000.0,101826.0
2026-07-27 09:00:00+09:00,1814000.0,1816000.0,1750000.0,1761000.0,179065.0
2026-07-27 09:10:00+09:00,1762000.0,1775000.0,1745000.0,1746000.0,208413.0
2026-07-27 09:20:00+09:00,1747000.0,1791000.0,1745000.0,1779000.0,159220.0
2026-07-27 09:30:00+09:00,1779000.0,1790000.0,1763000.0,1765000.0,94944.0
2026-07-27 09:40:00+09:00,1765000.0,1785000.0,1757000.0,1776000.0,101090.0
2026-07-27 09:50:00+09:00,1776000.0,1802000.0,1776000.0,1780000.0,131788.0
2026-07-27 10:00:00+09:00,1781000.0,1788000.0,1761000.0,1769000.0,89661.0
2026-07-27 10:10:00+09:00,1769000.0,1770000.0,1731000.0,1732000.0,170790.0
2026-07-27 10:20:00+09:00,1732000.0,1738000.0,1707000.0,1710000.0,175893.0
2026-07-27 10:30:00+09:00,1709000.0,1743000.0,1707000.0,1742000.0,152750.0
2026-07-27 10:40:00+09:00,1742000.0,1751000.0,1726000.0,1740000.0,81581.0
2026-07-27 10:50:00+09:00,1740000.0,1746000.0,1724000.0,1744000.0,70953.0
2026-07-27 11:00:00+09:00,1745000.0,1751000.0,1730000.0,1736000.0,54201.0
2026-07-27 11:10:00+09:00,1735000.0,1746000.0,1730000.0,1743000.0,48984.0
2026-07-27 11:20:00+09:00,1743000.0,1767000.0,1737000.0,1760000.0,83300.0
2026-07-27 11:30:00+09:00,1760000.0,1762000.0,1742000.0,1761000.0,45483.0
2026-07-27 11:40:00+09:00,1761000.0,1768000.0,1746000.0,1750000.0,45297.0
2026-07-27 11:50:00+09:00,1751000.0,1753000.0,1744000.0,1750000.0,25694.0
2026-07-27 12:00:00+09:00,1749000.0,1763000.0,1746000.0,1752000.0,41263.0
2026-07-27 12:10:00+09:00,1752000.0,1779000.0,1748000.0,1779000.0,77496.0
2026-07-27 12:20:00+09:00,1778000.0,1784000.0,1770000.0,1770000.0,63042.0
2026-07-27 12:30:00+09:00,1770000.0,1772000.0,1755000.0,1755000.0,42057.0
2026-07-27 12:40:00+09:00,1756000.0,1768000.0,1751000.0,1751500.0,43491.0
2026-07-27 12:50:00+09:00,1751500.0,1765000.0,1744000.0,1753000.0,54568.0
2026-07-27 13:00:00+09:00,1753000.0,1763000.0,1750000.0,1755000.0,45257.0
2026-07-27 13:10:00+09:00,1755000.0,1766000.0,1748000.0,1763000.0,59231.0
2026-07-27 13:20:00+09:00,1763000.0,1776000.0,1753000.0,1759000.0,66320.0
2026-07-27 13:30:00+09:00,1759000.0,1766000.0,1754000.0,1762000.0,36527.0
2026-07-27 13:40:00+09:00,1762000.0,1779000.0,1761000.0,1777000.0,63529.0
2026-07-27 13:50:00+09:00,1777000.0,1790000.0,1772000.0,1781000.0,68292.0
2026-07-27 14:00:00+09:00,1781000.0,1790000.0,1774000.0,1789000.0,61751.0
2026-07-27 14:10:00+09:00,1789000.0,1805000.0,1785000.0,1801000.0,111831.0
2026-07-27 14:20:00+09:00,1801000.0,1814000.0,1797000.0,1808000.0,94483.0
2026-07-27 14:30:00+09:00,1808000.0,1813000.0,1798000.0,1807000.0,78320.0
2026-07-27 14:40:00+09:00,1807000.0,1808000.0,1790000.0,1794000.0,80412.0
2026-07-27 14:50:00+09:00,1794000.0,1805000.0,1791000.0,1800000.0,75225.0
2026-07-28 09:00:00+09:00,1662000.0,1674000.0,1642000.0,1659000.0,547864.0
2026-07-28 09:10:00+09:00,1659000.0,1660000.0,1626000.0,1634000.0,342489.0
2026-07-28 09:20:00+09:00,1634000.0,1640000.0,1618000.0,1634000.0,262640.0
2026-07-28 09:30:00+09:00,1634000.0,1639000.0,1623000.0,1629000.0,157407.0
2026-07-28 09:40:00+09:00,1628000.0,1639000.0,1617000.0,1622000.0,192006.0
2026-07-28 09:50:00+09:00,1622000.0,1623000.0,1615000.0,1620000.0,187979.0
2026-07-28 10:00:00+09:00,1619000.0,1633000.0,1617000.0,1617500.0,146254.0
2026-07-28 10:10:00+09:00,1617500.0,1620000.0,1615000.0,1616000.0,65507.0
2026-07-28 10:40:00+09:00,1616000.0,1626000.0,1611000.0,1621000.0,256093.0
2026-07-28 10:50:00+09:00,1622000.0,1622000.0,1590000.0,1592000.0,340103.0
2026-07-28 11:00:00+09:00,1592000.0,1595000.0,1577000.0,1595000.0,234724.0
2026-07-28 11:10:00+09:00,1594000.0,1605000.0,1584000.0,1604000.0,157855.0
2026-07-28 11:20:00+09:00,1605000.0,1613000.0,1593000.0,1593000.0,137208.0
2026-07-28 11:30:00+09:00,1593000.0,1597000.0,1582000.0,1591000.0,140128.0
2026-07-28 11:40:00+09:00,1591000.0,1593000.0,1570000.0,1577500.0,162998.0
2026-07-28 11:50:00+09:00,1577500.0,1586000.0,1574000.0,1580000.0,97523.0
2026-07-28 12:00:00+09:00,1580000.0,1581000.0,1565000.0,1565000.0,112474.0
2026-07-28 12:10:00+09:00,1566000.0,1586000.0,1562000.0,1584000.0,136818.0
2026-07-28 12:20:00+09:00,1584000.0,1596000.0,1574000.0,1577000.0,124604.0
2026-07-28 12:30:00+09:00,1576000.0,1592000.0,1566000.0,1588000.0,124041.0
2026-07-28 12:40:00+09:00,1588000.0,1600000.0,1582000.0,1595000.0,145463.0
2026-07-28 12:50:00+09:00,1595000.0,1605000.0,1585000.0,1596000.0,123694.0
2026-07-28 13:00:00+09:00,1597000.0,1597000.0,1576000.0,1577000.0,103341.0
2026-07-28 13:10:00+09:00,1577000.0,1584000.0,1571000.0,1583500.0,114681.0
2026-07-28 13:20:00+09:00,1583500.0,1584000.0,1566000.0,1568000.0,100508.0
2026-07-28 13:30:00+09:00,1568000.0,1579000.0,1563000.0,1577000.0,138316.0
2026-07-28 13:40:00+09:00,1578000.0,1586000.0,1570000.0,1584000.0,131934.0
2026-07-28 13:50:00+09:00,1583000.0,1591000.0,1577000.0,1584000.0,90164.0
2026-07-28 14:00:00+09:00,1584000.0,1599000.0,1582000.0,1599000.0,123447.0
2026-07-28 14:10:00+09:00,1599000.0,1600000.0,1576000.0,1577000.0,127507.0
2026-07-28 14:20:00+09:00,1578000.0,1578000.0,1561000.0,1564000.0,194952.0
2026-07-28 14:30:00+09:00,1564000.0,1575000.0,1560000.0,1574000.0,166456.0
2026-07-28 14:40:00+09:00,1573000.0,1588000.0,1570000.0,1586000.0,171687.0
2026-07-28 14:50:00+09:00,1587000.0,1588000.0,1563000.0,1567000.0,152503.0
2026-07-29 09:00:00+09:00,1567000.0,1611000.0,1566000.0,1608000.0,762237.0
2026-07-29 09:10:00+09:00,1608000.0,1619000.0,1586000.0,1600000.0,321697.0
2026-07-29 09:20:00+09:00,1600000.0,1605000.0,1553000.0,1560000.0,371524.0
2026-07-29 09:30:00+09:00,1559000.0,1568000.0,1522000.0,1555000.0,370161.0
2026-07-29 09:40:00+09:00,1555000.0,1563000.0,1534000.0,1546000.0,155968.0
2026-07-29 09:50:00+09:00,1546000.0,1566000.0,1541000.0,1545000.0,138302.0
2026-07-29 10:00:00+09:00,1545000.0,1558000.0,1525000.0,1525000.0,163496.0
2026-07-29 10:10:00+09:00,1525000.0,1526000.0,1467000.0,1478000.0,485291.0
2026-07-29 10:20:00+09:00,1478000.0,1520000.0,1477000.0,1510000.0,234196.0
2026-07-29 10:30:00+09:00,1511000.0,1511000.0,1484000.0,1488000.0,197266.0
2026-07-29 10:40:00+09:00,1488000.0,1488000.0,1429000.0,1432000.0,424246.0
2026-07-29 10:50:00+09:00,1432000.0,1445000.0,1408000.0,1408000.0,367830.0
2026-07-29 11:00:00+09:00,1407000.0,1433000.0,1392000.0,1410000.0,504936.0
2026-07-29 11:10:00+09:00,1411000.0,1422000.0,1378000.0,1382000.0,303080.0
2026-07-29 11:20:00+09:00,1390000.0,1420000.0,1387000.0,1419000.0,324232.0
2026-07-29 11:30:00+09:00,1419000.0,1428000.0,1395000.0,1402000.0,218148.0
2026-07-29 11:40:00+09:00,1402000.0,1411000.0,1389000.0,1389000.0,142052.0
2026-07-29 11:50:00+09:00,1389000.0,1395000.0,1372000.0,1373000.0,172840.0
2026-07-29 12:00:00+09:00,1373000.0,1404000.0,1361000.0,1402000.0,273062.0
2026-07-29 12:10:00+09:00,1402000.0,1403000.0,1364000.0,1367000.0,159286.0
2026-07-29 12:20:00+09:00,1368000.0,1380000.0,1351000.0,1356000.0,211799.0
2026-07-29 12:30:00+09:00,1356000.0,1360000.0,1347000.0,1349000.0,72888.0
2026-07-29 13:00:00+09:00,1347000.0,1358000.0,1307000.0,1316000.0,499004.0
2026-07-29 13:10:00+09:00,1316000.0,1328000.0,1261000.0,1274000.0,459500.0
2026-07-29 13:20:00+09:00,1274000.0,1298000.0,1259000.0,1266000.0,381756.0
2026-07-29 13:30:00+09:00,1266000.0,1295000.0,1246000.0,1265000.0,441709.0
2026-07-29 13:40:00+09:00,1266000.0,1279000.0,1255000.0,1267000.0,300863.0
2026-07-29 13:50:00+09:00,1267000.0,1331000.0,1266000.0,1329000.0,461276.0
2026-07-29 14:00:00+09:00,1329000.0,1363000.0,1320000.0,1359000.0,455713.0
2026-07-29 14:10:00+09:00,1360000.0,1387000.0,1335000.0,1344000.0,392110.0
2026-07-29 14:20:00+09:00,1342000.0,1396000.0,1337000.0,1384000.0,312888.0
2026-07-29 14:30:00+09:00,1384000.0,1417000.0,1371500.0,1417000.0,319256.0
2026-07-29 14:40:00+09:00,1417000.0,1424000.0,1397000.0,1412000.0,361088.0
2026-07-29 14:50:00+09:00,1411000.0,1415000.0,1389000.0,1404000.0,254679.0
2026-07-30 09:00:00+09:00,1361000.0,1389500.0,1324000.0,1371000.0,862308.0
2026-07-30 09:10:00+09:00,1371000.0,1373000.0,1313000.0,1326000.0,395836.0
2026-07-30 09:20:00+09:00,1326000.0,1345000.0,1300000.0,1339000.0,347546.0
2026-07-30 09:30:00+09:00,1339000.0,1340000.0,1306000.0,1319000.0,240322.0
2026-07-30 09:40:00+09:00,1318000.0,1322000.0,1287000.0,1318000.0,354926.0
2026-07-30 09:50:00+09:00,1317000.0,1344000.0,1306000.0,1343000.0,222948.0
2026-07-30 10:00:00+09:00,1343000.0,1391000.0,1340000.0,1377000.0,461752.0
2026-07-30 10:10:00+09:00,1377000.0,1383000.0,1345000.0,1359000.0,283630.0
2026-07-30 10:20:00+09:00,1360000.0,1401000.0,1357000.0,1392000.0,338918.0
2026-07-30 10:30:00+09:00,1391000.0,1446000.0,1390000.0,1442000.0,511764.0
2026-07-30 10:40:00+09:00,1442000.0,1454000.0,1432000.0,1453000.0,358143.0
2026-07-30 10:50:00+09:00,1454000.0,1459000.0,1420000.0,1421000.0,337770.0
2026-07-30 11:00:00+09:00,1421000.0,1444000.0,1417000.0,1422000.0,257705.0
2026-07-30 11:10:00+09:00,1423000.0,1445000.0,1375000.0,1376000.0,304806.0
2026-07-30 11:20:00+09:00,1377000.0,1409000.0,1364000.0,1371000.0,189197.0
2026-07-30 11:30:00+09:00,1371000.0,1382000.0,1340000.0,1353000.0,195215.0
2026-07-30 11:40:00+09:00,1354000.0,1377000.0,1351000.0,1368000.0,151686.0
2026-07-30 11:50:00+09:00,1368000.0,1373000.0,1337000.0,1342000.0,138909.0
2026-07-30 12:00:00+09:00,1342000.0,1353000.0,1332000.0,1332500.0,115010.0
2026-07-30 12:10:00+09:00,1333000.0,1338000.0,1319000.0,1331000.0,151236.0
2026-07-30 12:20:00+09:00,1331000.0,1345000.0,1323000.0,1337000.0,134220.0
2026-07-30 12:30:00+09:00,1336000.0,1356000.0,1323000.0,1324000.0,145340.0
2026-07-30 12:40:00+09:00,1325000.0,1356000.0,1323000.0,1350000.0,119712.0
2026-07-30 12:50:00+09:00,1349000.0,1354000.0,1335000.0,1339000.0,102313.0
2026-07-30 13:00:00+09:00,1339000.0,1344000.0,1312000.0,1313000.0,169252.0
2026-07-30 13:10:00+09:00,1313000.0,1327000.0,1303000.0,1307000.0,173302.0
2026-07-30 13:20:00+09:00,1306000.0,1343000.0,1306000.0,1342000.0,128588.0
2026-07-30 13:30:00+09:00,1342000.0,1349000.0,1325000.0,1330000.0,126223.0
2026-07-30 13:40:00+09:00,1330000.0,1330000.0,1312000.0,1319000.0,135860.0
2026-07-30 13:50:00+09:00,1320000.0,1320000.0,1304000.0,1307000.0,110167.0
2026-07-30 14:00:00+09:00,1308000.0,1323000.0,1305000.0,1317000.0,120006.0
2026-07-30 14:10:00+09:00,1317000.0,1334000.0,1308000.0,1333000.0,109372.0
2026-07-30 14:20:00+09:00,1334000.0,1337000.0,1321000.0,1322000.0,130639.0
2026-07-30 14:30:00+09:00,1323000.0,1334000.0,1318000.0,1325000.0,115774.0
2026-07-30 14:40:00+09:00,1326000.0,1354000.0,1324000.0,1342000.0,168393.0
2026-07-30 14:50:00+09:00,1342000.0,1346000.0,1326000.0,1339000.0,125432.0
2026-07-31 09:00:00+09:00,1697000.0,1697000.0,1586000.0,1607000.0,1517975.0
2026-07-31 09:10:00+09:00,1607000.0,1635000.0,1600000.0,1614000.0,729347.0
2026-07-31 09:20:00+09:00,1615000.0,1645000.0,1610000.0,1644000.0,374701.0
2026-07-31 09:30:00+09:00,1643000.0,1671000.0,1642000.0,1658000.0,484573.0
2026-07-31 09:40:00+09:00,1658000.0,1662000.0,1644000.0,1659000.0,290568.0
2026-07-31 09:50:00+09:00,1660000.0,1694000.0,1659000.0,1693000.0,378437.0
2026-07-31 10:00:00+09:00,1692000.0,1715000.0,1686000.0,1698000.0,478333.0
2026-07-31 10:10:00+09:00,1698000.0,1700000.0,1685000.0,1693000.0,188253.0
2026-07-31 10:20:00+09:00,1694000.0,1695000.0,1656000.0,1666000.0,224598.0
2026-07-31 10:30:00+09:00,1665000.0,1671000.0,1622000.0,1644500.0,371857.0
2026-07-31 10:40:00+09:00,1644000.0,1655000.0,1608000.0,1613000.0,288909.0
2026-07-31 10:50:00+09:00,1614000.0,1642000.0,1604000.0,1636000.0,232917.0
2026-07-31 11:00:00+09:00,1635000.0,1644000.0,1614000.0,1632000.0,145360.0
2026-07-31 11:10:00+09:00,1632000.0,1633000.0,1600000.0,1604000.0,173278.0
2026-07-31 11:20:00+09:00,1604000.0,1642000.0,1603000.0,1641000.0,118579.0
2026-07-31 11:30:00+09:00,1641000.0,1648000.0,1628000.0,1636000.0,113880.0
2026-07-31 11:40:00+09:00,1636000.0,1647000.0,1630000.0,1642000.0,79047.0
2026-07-31 11:50:00+09:00,1642000.0,1652000.0,1636000.0,1641000.0,100227.0
2026-07-31 12:00:00+09:00,1642000.0,1648000.0,1627000.0,1647000.0,80117.0
2026-07-31 12:10:00+09:00,1647000.0,1654000.0,1635000.0,1653000.0,109310.0
2026-07-31 12:20:00+09:00,1653000.0,1664000.0,1653000.0,1658000.0,120730.0
2026-07-31 12:30:00+09:00,1658000.0,1662000.0,1648000.0,1657000.0,119145.0
2026-07-31 12:40:00+09:00,1658000.0,1660000.0,1646000.0,1647000.0,93969.0
2026-07-31 12:50:00+09:00,1646000.0,1662000.0,1645000.0,1654000.0,95638.0
2026-07-31 13:00:00+09:00,1654000.0,1659000.0,1645000.0,1654000.0,102581.0
2026-07-31 13:10:00+09:00,1654000.0,1682000.0,1650000.0,1681000.0,173917.0
2026-07-31 13:20:00+09:00,1681000.0,1688000.0,1672000.0,1685000.0,157517.0
2026-07-31 13:30:00+09:00,1684000.0,1686000.0,1674000.0,1681000.0,91853.0
2026-07-31 13:40:00+09:00,1682000.0,1698000.0,1681000.0,1690000.0,128951.0
2026-07-31 13:50:00+09:00,1690000.0,1704000.0,1687000.0,1702000.0,160014.0
2026-07-31 14:00:00+09:00,1701000.0,1717000.0,1695000.0,1717000.0,260985.0
2026-07-31 14:10:00+09:00,1717000.0,1718000.0,1701000.0,1715000.0,496595.0
2026-07-31 14:20:00+09:00,1716000.0,1718000.0,1715000.0,1718000.0,335025.0
2026-07-31 14:30:00+09:00,1718000.0,1718000.0,1699000.0,1714000.0,368994.0
2026-07-31 14:40:00+09:00,1714000.0,1718000.0,1711000.0,1717000.0,429190.0
2026-07-31 14:50:00+09:00,1717000.0,1718000.0,1712000.0,1718000.0,356432.0
2026-08-03 09:00:00+09:00,1642000.0,1645000.0,1582000.0,1603000.0,228760.0
2026-08-03 09:10:00+09:00,1603000.0,1608000.0,1586000.0,1602000.0,282483.0
2026-08-03 09:20:00+09:00,1602000.0,1605000.0,1567000.0,1573000.0,260901.0
2026-08-03 09:30:00+09:00,1573000.0,1602000.0,1563000.0,1593000.0,290034.0
2026-08-03 09:40:00+09:00,1592500.0,1610000.0,1582000.0,1604000.0,175879.0
2026-08-03 09:50:00+09:00,1605000.0,1626000.0,1592000.0,1625000.0,220825.0
2026-08-03 10:00:00+09:00,1624500.0,1629000.0,1602000.0,1603000.0,170894.0
2026-08-03 10:10:00+09:00,1604000.0,1630000.0,1584000.0,1586000.0,156073.0
2026-08-03 10:20:00+09:00,1587000.0,1600000.0,1585000.0,1587000.0,95804.0
2026-08-03 10:30:00+09:00,1588000.0,1594000.0,1571000.0,1587000.0,133886.0
2026-08-03 10:40:00+09:00,1587000.0,1595000.0,1578000.0,1581000.0,93338.0
2026-08-03 10:50:00+09:00,1581000.0,1606000.0,1577000.0,1605000.0,116322.0
2026-08-03 11:00:00+09:00,1605000.0,1612000.0,1590000.0,1603000.0,90681.0
2026-08-03 11:10:00+09:00,1604000.0,1611000.0,1601000.0,1608000.0,61812.0
2026-08-03 11:20:00+09:00,1609000.0,1614000.0,1588000.0,1591000.0,77982.0
2026-08-03 11:30:00+09:00,1591000.0,1601000.0,1588000.0,1600000.0,61614.0
2026-08-03 11:40:00+09:00,1600000.0,1607000.0,1591000.0,1596000.0,51848.0
2026-08-03 11:50:00+09:00,1596000.0,1601000.0,1592000.0,1597000.0,44316.0
2026-08-03 12:00:00+09:00,1597000.0,1603000.0,1593000.0,1595000.0,52105.0
2026-08-03 12:10:00+09:00,1595000.0,1596000.0,1586000.0,1589000.0,49477.0
2026-08-03 12:20:00+09:00,1589000.0,1589000.0,1577000.0,1584000.0,77634.0
2026-08-03 12:30:00+09:00,1584000.0,1588000.0,1580000.0,1588000.0,53479.0
2026-08-03 12:40:00+09:00,1588000.0,1593000.0,1586000.0,1590000.0,45775.0
2026-08-03 12:50:00+09:00,1589500.0,1599000.0,1583000.0,1585000.0,59964.0
2026-08-03 13:00:00+09:00,1586000.0,1592000.0,1579000.0,1585000.0,56987.0
2026-08-03 13:10:00+09:00,1585000.0,1596000.0,1582000.0,1595000.0,43816.0
2026-08-03 13:20:00+09:00,1595000.0,1606000.0,1594000.0,1597000.0,76425.0
2026-08-03 13:30:00+09:00,1597000.0,1597000.0,1584000.0,1585000.0,58798.0
2026-08-03 13:40:00+09:00,1585000.0,1590000.0,1582000.0,1588000.0,51003.0
2026-08-03 13:50:00+09:00,1588000.0,1588000.0,1571000.0,1572000.0,98464.0
2026-08-03 14:00:00+09:00,1571500.0,1585000.0,1571000.0,1576000.0,80345.0
2026-08-03 14:10:00+09:00,1576000.0,1582000.0,1571000.0,1571000.0,68663.0
2026-08-03 14:20:00+09:00,1572000.0,1589000.0,1571000.0,1589000.0,88642.0
2026-08-03 14:30:00+09:00,1589000.0,1591000.0,1579000.0,1590000.0,79742.0
2026-08-03 14:40:00+09:00,1591000.0,1595000.0,1583000.0,1586000.0,95875.0
2026-08-03 14:50:00+09:00,1585000.0,1586000.0,1578000.0,1579000.0,109784.0
2026-08-04 09:00:00+09:00,1620000.0,1630000.0,1595000.0,1608000.0,481037.0
2026-08-04 09:10:00+09:00,1608000.0,1614000.0,1564000.0,1577000.0,233727.0
2026-08-04 09:20:00+09:00,1577000.0,1589000.0,1555000.0,1557000.0,159333.0
2026-08-04 09:30:00+09:00,1557000.0,1557000.0,1518000.0,1519000.0,260556.0
2026-08-04 09:40:00+09:00,1518000.0,1530000.0,1507000.0,1517000.0,214340.0
2026-08-04 09:50:00+09:00,1519000.0,1525000.0,1484000.0,1492000.0,209564.0
2026-08-04 10:00:00+09:00,1492000.0,1504000.0,1483000.0,1498000.0,196781.0
2026-08-04 10:10:00+09:00,1498000.0,1515000.0,1496000.0,1498000.0,151067.0
2026-08-04 10:20:00+09:00,1498000.0,1515000.0,1495000.0,1513000.0,155148.0
2026-08-04 10:30:00+09:00,1513000.0,1532000.0,1509000.0,1517000.0,163941.0
2026-08-04 10:40:00+09:00,1517000.0,1559000.0,1515000.0,1558000.0,167131.0
2026-08-04 10:50:00+09:00,1558000.0,1585000.0,1557000.0,1572000.0,248751.0
2026-08-04 11:00:00+09:00,1573000.0,1575000.0,1543000.0,1550000.0,132631.0
2026-08-04 11:10:00+09:00,1550000.0,1554000.0,1531000.0,1537000.0,101189.0
2026-08-04 11:20:00+09:00,1537000.0,1542000.0,1522000.0,1522000.0,72978.0
2026-08-04 11:30:00+09:00,1522000.0,1550000.0,1522000.0,1542500.0,78707.0
2026-08-04 11:40:00+09:00,1543000.0,1548000.0,1532000.0,1536000.0,52691.0
2026-08-04 11:50:00+09:00,1536000.0,1539000.0,1531000.0,1533000.0,36695.0
2026-08-04 12:00:00+09:00,1533000.0,1539000.0,1522000.0,1523000.0,53885.0
2026-08-04 12:10:00+09:00,1523000.0,1523000.0,1511000.0,1512000.0,69511.0
2026-08-04 12:20:00+09:00,1513000.0,1529000.0,1511000.0,1521000.0,48691.0
2026-08-04 12:30:00+09:00,1522000.0,1538000.0,1522000.0,1531000.0,42529.0
2026-08-04 12:40:00+09:00,1532000.0,1532000.0,1517000.0,1519000.0,46077.0
2026-08-04 12:50:00+09:00,1520000.0,1527000.0,1518000.0,1519000.0,61956.0
2026-08-04 13:00:00+09:00,1519000.0,1523000.0,1507000.0,1512000.0,53992.0
2026-08-04 13:10:00+09:00,1512000.0,1517000.0,1500000.0,1517000.0,57770.0
2026-08-04 13:20:00+09:00,1518000.0,1521000.0,1505000.0,1517000.0,52995.0
2026-08-04 13:30:00+09:00,1517500.0,1523000.0,1507000.0,1507000.0,59068.0
2026-08-04 13:40:00+09:00,1508000.0,1510000.0,1501000.0,1510000.0,51848.0
2026-08-04 13:50:00+09:00,1509500.0,1517000.0,1503000.0,1512000.0,60741.0
2026-08-04 14:00:00+09:00,1511000.0,1518000.0,1507000.0,1513500.0,107201.0
2026-08-04 14:10:00+09:00,1513000.0,1514000.0,1493000.0,1504000.0,140789.0
2026-08-04 14:20:00+09:00,1504000.0,1525000.0,1502000.0,1523000.0,103204.0
2026-08-04 14:30:00+09:00,1523000.0,1557000.0,1522000.0,1551000.0,177511.0
2026-08-04 14:40:00+09:00,1552000.0,1562000.0,1540000.0,1553000.0,138760.0
2026-08-04 14:50:00+09:00,1553000.0,1569000.0,1546000.0,1563000.0,152624.0
2026-08-05 09:00:00+09:00,1693000.0,1694000.0,1660000.0,1661000.0,457028.0
2026-08-05 09:10:00+09:00,1661000.0,1696000.0,1660000.0,1689000.0,202961.0
2026-08-05 09:20:00+09:00,1689500.0,1698000.0,1677000.0,1698000.0,129124.0
2026-08-05 09:30:00+09:00,1697500.0,1701000.0,1681000.0,1691000.0,167039.0
2026-08-05 09:40:00+09:00,1692000.0,1697000.0,1676000.0,1678000.0,93524.0
2026-08-05 09:50:00+09:00,1678000.0,1681000.0,1661000.0,1675000.0,150311.0
2026-08-05 10:00:00+09:00,1674000.0,1677000.0,1650000.0,1669000.0,120659.0
2026-08-05 10:10:00+09:00,1670000.0,1679000.0,1655000.0,1655000.0,79738.0
2026-08-05 10:20:00+09:00,1655000.0,1662000.0,1647000.0,1658000.0,95150.0
2026-08-05 10:30:00+09:00,1658000.0,1667000.0,1654000.0,1666000.0,79512.0
2026-08-05 10:40:00+09:00,1665500.0,1679000.0,1664000.0,1677000.0,63508.0
2026-08-05 10:50:00+09:00,1678000.0,1683000.0,1675000.0,1682000.0,73876.0
2026-08-05 11:00:00+09:00,1682000.0,1692000.0,1670000.0,1671000.0,125938.0
2026-08-05 11:10:00+09:00,1672000.0,1675000.0,1661000.0,1669000.0,59779.0
2026-08-05 11:20:00+09:00,1669000.0,1672000.0,1661000.0,1662000.0,42062.0
2026-08-05 11:30:00+09:00,1662000.0,1665000.0,1654000.0,1655000.0,69215.0
2026-08-05 11:40:00+09:00,1655000.0,1662000.0,1652000.0,1657000.0,61071.0
2026-08-05 11:50:00+09:00,1657000.0,1672000.0,1656000.0,1662000.0,45091.0
2026-08-05 12:00:00+09:00,1662000.0,1677000.0,1662000.0,1674000.0,49905.0
2026-08-05 12:10:00+09:00,1674000.0,1680000.0,1671000.0,1675000.0,39726.0
2026-08-05 12:20:00+09:00,1675000.0,1685000.0,1672000.0,1674000.0,56976.0
2026-08-05 12:30:00+09:00,1674000.0,1684000.0,1672000.0,1677000.0,49455.0
2026-08-05 12:40:00+09:00,1678000.0,1687000.0,1676000.0,1684000.0,55931.0
2026-08-05 12:50:00+09:00,1684000.0,1687000.0,1680000.0,1685000.0,50042.0
2026-08-05 13:00:00+09:00,1684000.0,1689000.0,1679000.0,1688000.0,41393.0
2026-08-05 13:10:00+09:00,1689000.0,1690000.0,1675000.0,1675000.0,53671.0
2026-08-05 13:20:00+09:00,1675000.0,1688000.0,1670000.0,1671000.0,49138.0
2026-08-05 13:30:00+09:00,1671000.0,1688000.0,1671000.0,1685000.0,46595.0
2026-08-05 13:40:00+09:00,1685000.0,1695000.0,1684000.0,1691000.0,109217.0
2026-08-05 13:50:00+09:00,1691000.0,1695000.0,1684000.0,1693000.0,65659.0
2026-08-05 14:00:00+09:00,1693000.0,1697000.0,1686000.0,1690000.0,77614.0
2026-08-05 14:10:00+09:00,1690500.0,1698000.0,1690000.0,1693000.0,55300.0
2026-08-05 14:20:00+09:00,1693000.0,1694000.0,1684000.0,1685000.0,46294.0
2026-08-05 14:30:00+09:00,1686000.0,1687000.0,1675000.0,1679000.0,78983.0
2026-08-05 14:40:00+09:00,1679000.0,1684000.0,1675000.0,1683000.0,70849.0
2026-08-05 14:50:00+09:00,1683000.0,1686000.0,1677000.0,1685000.0,55724.0
2026-08-06 09:00:00+09:00,1600000.0,1606000.0,1571000.0,1587000.0,352870.0
2026-08-06 09:10:00+09:00,1586000.0,1595000.0,1561000.0,1570000.0,211270.0
2026-08-06 09:20:00+09:00,1570000.0,1572000.0,1548000.0,1550500.0,198480.0
2026-08-06 09:30:00+09:00,1550500.0,1561000.0,1546000.0,1547000.0,171758.0
2026-08-06 09:40:00+09:00,1547000.0,1559000.0,1535000.0,1535000.0,175472.0
2026-08-06 09:50:00+09:00,1536000.0,1536000.0,1521000.0,1529000.0,209316.0
2026-08-06 10:00:00+09:00,1529000.0,1529000.0,1512000.0,1521000.0,212544.0
2026-08-06 10:10:00+09:00,1521000.0,1535000.0,1518000.0,1519000.0,119329.0
2026-08-06 10:20:00+09:00,1519000.0,1519000.0,1505000.0,1513000.0,146909.0
2026-08-06 10:30:00+09:00,1513000.0,1528000.0,1507000.0,1523000.0,117175.0
2026-08-06 10:40:00+09:00,1523000.0,1536000.0,1520000.0,1532000.0,116686.0
2026-08-06 10:50:00+09:00,1532000.0,1534000.0,1522000.0,1527000.0,83968.0
2026-08-06 11:00:00+09:00,1527000.0,1532000.0,1517000.0,1520000.0,85639.0
2026-08-06 11:10:00+09:00,1520000.0,1528000.0,1520000.0,1522000.0,58037.0
2026-08-06 11:20:00+09:00,1522000.0,1536000.0,1521000.0,1528000.0,84079.0
2026-08-06 11:30:00+09:00,1528000.0,1546000.0,1525000.0,1538000.0,101864.0
2026-08-06 11:40:00+09:00,1538000.0,1542000.0,1531000.0,1535000.0,62258.0
2026-08-06 11:50:00+09:00,1535000.0,1536000.0,1525000.0,1528000.0,49326.0
2026-08-06 12:00:00+09:00,1528000.0,1533000.0,1521000.0,1522000.0,69056.0
2026-08-06 12:10:00+09:00,1523000.0,1530000.0,1519000.0,1520000.0,68428.0
2026-08-06 12:20:00+09:00,1520000.0,1523000.0,1516000.0,1516000.0,53746.0
2026-08-06 12:30:00+09:00,1516000.0,1522000.0,1513000.0,1520000.0,74971.0
2026-08-06 12:40:00+09:00,1520000.0,1523000.0,1516000.0,1520000.0,65176.0
2026-08-06 12:50:00+09:00,1521000.0,1521000.0,1511000.0,1516000.0,79900.0
2026-08-06 13:00:00+09:00,1516000.0,1516000.0,1506000.0,1508000.0,94238.0
2026-08-06 13:10:00+09:00,1508000.0,1510000.0,1503000.0,1505000.0,73875.0
2026-08-06 13:20:00+09:00,1505000.0,1516000.0,1504000.0,1508000.0,72657.0
2026-08-06 13:30:00+09:00,1508000.0,1521000.0,1502000.0,1503000.0,120920.0
2026-08-06 13:40:00+09:00,1502000.0,1503000.0,1496000.0,1500000.0,207012.0
2026-08-06 13:50:00+09:00,1500000.0,1509000.0,1499000.0,1508000.0,80299.0
2026-08-06 14:00:00+09:00,1507000.0,1526000.0,1503000.0,1517000.0,107811.0
2026-08-06 14:10:00+09:00,1518000.0,1521000.0,1510000.0,1514000.0,85492.0
2026-08-06 14:20:00+09:00,1514000.0,1520000.0,1510000.0,1513000.0,77498.0
2026-08-06 14:30:00+09:00,1514000.0,1514000.0,1502000.0,1505000.0,88071.0
2026-08-06 14:40:00+09:00,1505000.0,1508000.0,1495000.0,1497000.0,155764.0
2026-08-06 14:50:00+09:00,1497000.0,1509000.0,1494000.0,1507000.0,113413.0
2026-08-07 09:00:00+09:00,1521000.0,1542000.0,1511000.0,1519000.0,439042.0
2026-08-07 09:10:00+09:00,1519000.0,1520000.0,1498000.0,1501000.0,179389.0
2026-08-07 09:20:00+09:00,1501000.0,1501000.0,1477000.0,1486000.0,251327.0
2026-08-07 09:30:00+09:00,1486000.0,1488000.0,1461000.0,1466500.0,183868.0
2026-08-07 09:40:00+09:00,1466500.0,1475000.0,1454000.0,1459000.0,157533.0
2026-08-07 09:50:00+09:00,1459000.0,1483000.0,1455000.0,1481000.0,150135.0
2026-08-07 10:00:00+09:00,1482000.0,1487000.0,1462000.0,1463000.0,119610.0
2026-08-07 10:10:00+09:00,1462000.0,1466000.0,1434000.0,1438000.0,215097.0
2026-08-07 10:20:00+09:00,1437000.0,1439000.0,1421000.0,1429000.0,264067.0
2026-08-07 10:30:00+09:00,1429000.0,1442000.0,1411000.0,1414000.0,218134.0
2026-08-07 10:40:00+09:00,1414000.0,1427000.0,1409000.0,1424000.0,182645.0
2026-08-07 10:50:00+09:00,1424000.0,1431000.0,1416000.0,1428000.0,144934.0
2026-08-07 11:00:00+09:00,1427500.0,1437000.0,1421000.0,1426000.0,133465.0
2026-08-07 11:10:00+09:00,1426000.0,1445000.0,1425000.0,1440000.0,103917.0
2026-08-07 11:20:00+09:00,1440000.0,1440000.0,1430000.0,1432000.0,71286.0
2026-08-07 11:30:00+09:00,1433000.0,1434000.0,1425000.0,1428000.0,68133.0
2026-08-07 11:40:00+09:00,1428000.0,1436000.0,1422000.0,1435000.0,54270.0
2026-08-07 11:50:00+09:00,1436000.0,1438000.0,1433000.0,1433500.0,52793.0
2026-08-07 12:00:00+09:00,1433000.0,1444000.0,1433000.0,1442000.0,77453.0
2026-08-07 12:10:00+09:00,1442000.0,1445000.0,1427500.0,1427500.0,53787.0
2026-08-07 12:20:00+09:00,1428000.0,1430000.0,1423000.0,1425000.0,58630.0
2026-08-07 12:30:00+09:00,1424000.0,1433000.0,1423000.0,1428000.0,60122.0
2026-08-07 12:40:00+09:00,1428000.0,1431000.0,1422000.0,1428000.0,52498.0
2026-08-07 12:50:00+09:00,1428000.0,1433000.0,1416000.0,1416000.0,84221.0
2026-08-07 13:00:00+09:00,1416000.0,1426000.0,1415000.0,1422000.0,55899.0
2026-08-07 13:10:00+09:00,1422000.0,1426000.0,1414000.0,1421000.0,67387.0
2026-08-07 13:20:00+09:00,1421000.0,1432000.0,1420000.0,1423000.0,58366.0
2026-08-07 13:30:00+09:00,1423000.0,1427000.0,1420000.0,1423000.0,46959.0
2026-08-07 13:40:00+09:00,1422000.0,1424000.0,1417000.0,1418000.0,59238.0
2026-08-07 13:50:00+09:00,1418000.0,1420000.0,1411000.0,1417000.0,87757.0
2026-08-07 14:00:00+09:00,1416000.0,1427000.0,1415000.0,1425000.0,85618.0
2026-08-07 14:10:00+09:00,1426000.0,1430000.0,1422000.0,1430000.0,81081.0
2026-08-07 14:20:00+09:00,1429000.0,1430000.0,1422000.0,1422000.0,66674.0
2026-08-07 14:30:00+09:00,1422000.0,1425000.0,1418000.0,1419000.0,86765.0
2026-08-07 14:40:00+09:00,1418000.0,1424000.0,1414000.0,1416000.0,108550.0
2026-08-07 14:50:00+09:00,1416000.0,1421000.0,1414000.0,1416000.0,73047.0
2026-08-10 09:00:00+09:00,1443000.0,1474000.0,1418000.0,1472000.0,152558.0
2026-08-10 09:10:00+09:00,1472000.0,1487000.0,1465000.0,1466000.0,216408.0
2026-08-10 09:20:00+09:00,1466000.0,1471000.0,1454000.0,1464000.0,133086.0
2026-08-10 09:30:00+09:00,1464000.0,1467000.0,1446000.0,1450000.0,107456.0
2026-08-10 09:40:00+09:00,1450500.0,1452000.0,1431000.0,1448000.0,105304.0
2026-08-10 09:50:00+09:00,1449000.0,1453000.0,1429000.0,1434000.0,96582.0
2026-08-10 10:00:00+09:00,1434000.0,1442000.0,1426000.0,1430000.0,78312.0
2026-08-10 10:10:00+09:00,1429000.0,1447000.0,1428000.0,1444000.0,59285.0
2026-08-10 10:20:00+09:00,1444000.0,1452000.0,1438000.0,1446000.0,49327.0
2026-08-10 10:30:00+09:00,1446000.0,1447000.0,1425000.0,1441000.0,86639.0
2026-08-10 10:40:00+09:00,1440000.0,1446000.0,1435000.0,1444000.0,51700.0
2026-08-10 10:50:00+09:00,1444000.0,1455000.0,1442000.0,1443000.0,74511.0
2026-08-10 11:00:00+09:00,1443000.0,1447000.0,1435000.0,1441000.0,43273.0
2026-08-10 11:10:00+09:00,1440500.0,1449000.0,1432000.0,1434000.0,48768.0
2026-08-10 11:20:00+09:00,1434000.0,1436000.0,1431000.0,1433000.0,31726.0
2026-08-10 11:30:00+09:00,1432000.0,1437000.0,1425000.0,1437000.0,50667.0
2026-08-10 11:40:00+09:00,1437000.0,1447000.0,1433000.0,1444000.0,46927.0
2026-08-10 11:50:00+09:00,1443000.0,1450000.0,1440000.0,1442000.0,46350.0
2026-08-10 12:00:00+09:00,1442000.0,1444000.0,1437000.0,1438000.0,24257.0
2026-08-10 12:10:00+09:00,1439000.0,1443000.0,1435000.0,1441000.0,30606.0
2026-08-10 12:20:00+09:00,1441000.0,1442000.0,1433000.0,1434000.0,34796.0
2026-08-10 12:30:00+09:00,1434000.0,1440000.0,1431000.0,1439000.0,33825.0
2026-08-10 12:40:00+09:00,1439000.0,1442000.0,1434000.0,1437000.0,38221.0
2026-08-10 12:50:00+09:00,1437000.0,1441000.0,1435000.0,1438000.0,30602.0
2026-08-10 13:00:00+09:00,1438000.0,1443000.0,1436000.0,1437000.0,31775.0
2026-08-10 13:10:00+09:00,1438000.0,1440000.0,1432000.0,1434000.0,41996.0
2026-08-10 13:20:00+09:00,1434000.0,1434000.0,1428000.0,1431000.0,48427.0
2026-08-10 13:30:00+09:00,1431000.0,1432000.0,1418000.0,1419000.0,90801.0
2026-08-10 13:40:00+09:00,1419000.0,1421000.0,1407000.0,1410000.0,93419.0
2026-08-10 13:50:00+09:00,1410000.0,1414000.0,1397000.0,1404000.0,111682.0
2026-08-10 14:00:00+09:00,1404000.0,1427000.0,1403000.0,1426000.0,89825.0
2026-08-10 14:10:00+09:00,1426500.0,1430000.0,1421000.0,1423500.0,63002.0
2026-08-10 14:20:00+09:00,1424000.0,1430000.0,1419000.0,1420000.0,64954.0
2026-08-10 14:30:00+09:00,1421000.0,1422000.0,1409000.0,1412000.0,66143.0
2026-08-10 14:40:00+09:00,1411000.0,1416000.0,1408000.0,1413000.0,58753.0
2026-08-10 14:50:00+09:00,1412000.0,1420000.0,1410000.0,1414000.0,60023.0
2026-08-11 09:00:00+09:00,1405000.0,1410000.0,1375000.0,1394000.0,362145.0
2026-08-11 09:10:00+09:00,1395000.0,1409000.0,1380000.0,1384000.0,139491.0
2026-08-11 09:20:00+09:00,1385000.0,1391000.0,1377000.0,1390000.0,85365.0
2026-08-11 09:30:00+09:00,1390000.0,1397000.0,1377000.0,1379000.0,114600.0
2026-08-11 09:40:00+09:00,1379000.0,1390000.0,1377000.0,1382000.0,68281.0
2026-08-11 09:50:00+09:00,1382000.0,1395000.0,1380000.0,1388000.0,79509.0
2026-08-11 10:00:00+09:00,1388000.0,1389500.0,1373000.0,1379000.0,154742.0
2026-08-11 10:10:00+09:00,1378000.0,1410000.0,1378000.0,1403000.0,153057.0
2026-08-11 10:20:00+09:00,1402000.0,1426000.0,1402000.0,1403000.0,240035.0
2026-08-11 10:30:00+09:00,1403000.0,1412000.0,1395000.0,1404000.0,74168.0
2026-08-11 10:40:00+09:00,1404000.0,1419000.0,1400000.0,1419000.0,75747.0
2026-08-11 10:50:00+09:00,1419000.0,1424000.0,1410000.0,1415000.0,114575.0
2026-08-11 11:00:00+09:00,1415000.0,1422000.0,1410000.0,1411000.0,74743.0
2026-08-11 11:10:00+09:00,1411000.0,1418000.0,1409000.0,1414000.0,54460.0
2026-08-11 11:20:00+09:00,1413000.0,1416000.0,1404000.0,1407000.0,42163.0
2026-08-11 11:30:00+09:00,1407000.0,1412000.0,1405000.0,1411000.0,31704.0
2026-08-11 11:40:00+09:00,1410000.0,1419000.0,1409000.0,1418000.0,43000.0
2026-08-11 11:50:00+09:00,1419000.0,1422000.0,1415000.0,1418000.0,46527.0
2026-08-11 12:00:00+09:00,1418000.0,1432000.0,1417000.0,1426000.0,112609.0
2026-08-11 12:10:00+09:00,1425000.0,1428000.0,1417000.0,1421000.0,42343.0
2026-08-11 12:20:00+09:00,1421000.0,1436000.0,1420000.0,1433000.0,83230.0
2026-08-11 12:30:00+09:00,1434000.0,1437000.0,1428000.0,1433000.0,49542.0
2026-08-11 12:40:00+09:00,1432000.0,1442000.0,1432000.0,1437000.0,89347.0
2026-08-11 12:50:00+09:00,1438000.0,1446000.0,1434000.0,1437000.0,84742.0
2026-08-11 13:00:00+09:00,1437000.0,1446000.0,1436000.0,1438000.0,73627.0
2026-08-11 13:10:00+09:00,1438000.0,1445000.0,1436000.0,1442000.0,73972.0
2026-08-11 13:20:00+09:00,1442000.0,1450000.0,1433000.0,1448000.0,98811.0
2026-08-11 13:30:00+09:00,1449000.0,1452000.0,1444000.0,1449000.0,69746.0
2026-08-11 13:40:00+09:00,1449000.0,1454000.0,1443000.0,1451000.0,66526.0
2026-08-11 13:50:00+09:00,1452000.0,1455000.0,1438000.0,1439000.0,64435.0
2026-08-11 14:00:00+09:00,1440000.0,1444500.0,1433000.0,1434000.0,64593.0
2026-08-11 14:10:00+09:00,1434000.0,1443000.0,1431000.0,1433000.0,61925.0
2026-08-11 14:20:00+09:00,1433000.0,1437000.0,1423000.0,1423000.0,84184.0
2026-08-11 14:30:00+09:00,1424000.0,1435000.0,1422000.0,1432000.0,67712.0
2026-08-11 14:40:00+09:00,1432000.0,1432000.0,1425000.0,1429000.0,59483.0
2026-08-11 14:50:00+09:00,1430000.0,1435000.0,1426000.0,1428000.0,54217.0
2026-08-12 09:00:00+09:00,1456000.0,1457000.0,1443000.0,1450500.0,248137.0
2026-08-12 09:10:00+09:00,1450500.0,1460000.0,1440000.0,1460000.0,122074.0
2026-08-12 09:20:00+09:00,1459000.0,1478000.0,1456000.0,1472000.0,208946.0
2026-08-12 09:30:00+09:00,1472000.0,1472000.0,1453000.0,1455000.0,111325.0
2026-08-12 09:40:00+09:00,1455000.0,1459000.0,1450000.0,1453000.0,71850.0
2026-08-12 09:50:00+09:00,1453000.0,1453000.0,1442000.0,1443500.0,93197.0
2026-08-12 10:00:00+09:00,1444000.0,1457000.0,1441000.0,1456000.0,80788.0
2026-08-12 10:10:00+09:00,1456000.0,1464000.0,1451000.0,1462000.0,83795.0
2026-08-12 10:20:00+09:00,1462000.0,1467000.0,1452000.0,1463000.0,74765.0
2026-08-12 10:30:00+09:00,1463000.0,1469000.0,1458000.0,1469000.0,83795.0
2026-08-12 10:40:00+09:00,1468000.0,1483000.0,1467000.0,1483000.0,164374.0
2026-08-12 10:50:00+09:00,1482000.0,1485000.0,1478000.0,1484500.0,114390.0
2026-08-12 11:00:00+09:00,1485000.0,1489000.0,1475000.0,1482000.0,94740.0
2026-08-12 11:10:00+09:00,1481000.0,1493000.0,1481000.0,1490000.0,91133.0
2026-08-12 11:20:00+09:00,1489000.0,1503000.0,1489000.0,1502000.0,129617.0
2026-08-12 11:30:00+09:00,1502000.0,1519000.0,1501000.0,1514000.0,118393.0
2026-08-12 11:40:00+09:00,1514000.0,1519000.0,1508000.0,1517000.0,103284.0
2026-08-12 11:50:00+09:00,1518000.0,1522000.0,1516000.0,1516000.0,86157.0
2026-08-12 12:00:00+09:00,1516000.0,1538000.0,1516000.0,1529000.0,199118.0
2026-08-12 12:10:00+09:00,1529000.0,1549000.0,1529000.0,1541000.0,154674.0
2026-08-12 12:20:00+09:00,1541000.0,1546000.0,1532000.0,1539000.0,95262.0
2026-08-12 12:30:00+09:00,1539000.0,1540000.0,1525000.0,1527000.0,93301.0
2026-08-12 12:40:00+09:00,1527000.0,1530000.0,1521000.0,1528000.0,79439.0
2026-08-12 12:50:00+09:00,1527000.0,1530000.0,1518000.0,1520000.0,69714.0
2026-08-12 13:00:00+09:00,1521000.0,1530000.0,1517000.0,1529000.0,62388.0
2026-08-12 13:10:00+09:00,1530000.0,1531000.0,1522000.0,1523000.0,57065.0
2026-08-12 13:20:00+09:00,1523000.0,1525000.0,1519000.0,1521000.0,56103.0
2026-08-12 13:30:00+09:00,1520000.0,1522000.0,1512000.0,1513000.0,77622.0
2026-08-12 13:40:00+09:00,1513000.0,1516000.0,1506000.0,1515000.0,80338.0
2026-08-12 13:50:00+09:00,1514000.0,1515000.0,1506000.0,1506000.0,50793.0
2026-08-12 14:00:00+09:00,1506000.0,1511000.0,1497000.0,1500000.0,82973.0
2026-08-12 14:10:00+09:00,1500000.0,1501000.0,1492000.0,1495000.0,85415.0
2026-08-12 14:20:00+09:00,1495000.0,1498000.0,1485000.0,1497000.0,110814.0
2026-08-12 14:30:00+09:00,1498000.0,1506000.0,1497000.0,1502000.0,90951.0
2026-08-12 14:40:00+09:00,1502000.0,1508000.0,1497000.0,1505000.0,75207.0
2026-08-12 14:50:00+09:00,1505000.0,1508000.0,1499000.0,1500000.0,70061.0
2026-08-13 09:00:00+09:00,1582000.0,1615000.0,1567000.0,1613500.0,546269.0
2026-08-13 09:10:00+09:00,1614000.0,1630000.0,1608000.0,1629000.0,273659.0
2026-08-13 09:20:00+09:00,1629000.0,1634000.0,1612000.0,1619000.0,199887.0
2026-08-13 09:30:00+09:00,1619000.0,1624000.0,1600000.0,1608000.0,156309.0
2026-08-13 09:40:00+09:00,1608000.0,1615000.0,1593000.0,1612000.0,132985.0
2026-08-13 09:50:00+09:00,1613000.0,1615000.0,1606000.0,1610000.0,77170.0
2026-08-13 10:00:00+09:00,1611000.0,1621000.0,1607000.0,1620000.0,95772.0
2026-08-13 10:10:00+09:00,1621000.0,1627000.0,1619000.0,1622000.0,103034.0
2026-08-13 10:20:00+09:00,1623000.0,1624000.0,1606000.0,1609000.0,89144.0
2026-08-13 10:30:00+09:00,1608000.0,1611000.0,1601000.0,1604000.0,102914.0
2026-08-13 10:40:00+09:00,1604000.0,1614000.0,1602000.0,1604000.0,67013.0
2026-08-13 10:50:00+09:00,1605000.0,1614000.0,1602000.0,1611000.0,63443.0
2026-08-13 11:00:00+09:00,1611000.0,1617000.0,1609000.0,1614000.0,72292.0
2026-08-13 11:10:00+09:00,1614000.0,1620000.0,1612000.0,1616000.0,54463.0
2026-08-13 11:20:00+09:00,1617000.0,1617000.0,1606000.0,1607000.0,44984.0
2026-08-13 11:30:00+09:00,1607000.0,1609000.0,1598000.0,1604000.0,82222.0
2026-08-13 11:40:00+09:00,1604000.0,1614000.0,1603000.0,1612000.0,39445.0
2026-08-13 11:50:00+09:00,1611500.0,1618000.0,1611000.0,1618000.0,65199.0
2026-08-13 12:00:00+09:00,1617000.0,1621000.0,1611000.0,1613000.0,76308.0
2026-08-13 12:10:00+09:00,1612000.0,1620000.0,1612000.0,1619000.0,51819.0
2026-08-13 12:20:00+09:00,1619000.0,1620000.0,1614000.0,1616000.0,43890.0
2026-08-13 12:30:00+09:00,1617000.0,1618000.0,1610000.0,1616000.0,39686.0
2026-08-13 12:40:00+09:00,1616000.0,1620000.0,1612000.0,1618000.0,50422.0
2026-08-13 12:50:00+09:00,1618000.0,1624000.0,1618000.0,1624000.0,77518.0
2026-08-13 13:00:00+09:00,1623000.0,1630000.0,1621000.0,1630000.0,91596.0
2026-08-13 13:10:00+09:00,1630000.0,1633000.0,1617000.0,1618000.0,93556.0
2026-08-13 13:20:00+09:00,1618000.0,1619000.0,1607000.0,1609000.0,94672.0
2026-08-13 13:30:00+09:00,1610000.0,1616000.0,1607000.0,1607000.0,64760.0
2026-08-13 13:40:00+09:00,1607000.0,1614000.0,1606000.0,1613000.0,56684.0
2026-08-13 13:50:00+09:00,1612000.0,1617000.0,1612000.0,1614000.0,56657.0
2026-08-13 14:00:00+09:00,1614000.0,1617000.0,1609000.0,1615000.0,54604.0
2026-08-13 14:10:00+09:00,1615000.0,1616000.0,1608000.0,1610000.0,57174.0
2026-08-13 14:20:00+09:00,1610000.0,1611000.0,1605000.0,1606000.0,62739.0
2026-08-13 14:30:00+09:00,1606000.0,1610000.0,1591000.0,1594500.0,156502.0
2026-08-13 14:40:00+09:00,1595000.0,1598000.0,1587000.0,1595000.0,107792.0
2026-08-13 14:50:00+09:00,1595000.0,1600000.0,1586000.0,1586000.0,73766.0
2026-08-14 09:00:00+09:00,1695000.0,1695000.0,1674000.0,1689000.0,510128.0
2026-08-14 09:10:00+09:00,1689000.0,1697000.0,1671000.0,1673000.0,220704.0
2026-08-14 09:20:00+09:00,1673000.0,1683000.0,1666000.0,1680000.0,138373.0
2026-08-14 09:30:00+09:00,1680000.0,1692000.0,1678000.0,1691000.0,97897.0
2026-08-14 09:40:00+09:00,1691000.0,1693000.0,1676000.0,1677000.0,101632.0
2026-08-14 09:50:00+09:00,1678000.0,1680000.0,1660000.0,1662000.0,142141.0
2026-08-14 10:00:00+09:00,1661000.0,1665000.0,1648000.0,1657000.0,172647.0
2026-08-14 10:10:00+09:00,1656000.0,1657000.0,1640000.0,1646000.0,157831.0
2026-08-14 10:20:00+09:00,1646000.0,1658000.0,1638000.0,1651000.0,130314.0
2026-08-14 10:30:00+09:00,1651000.0,1652000.0,1626000.0,1632000.0,165804.0
2026-08-14 10:40:00+09:00,1632000.0,1639000.0,1628000.0,1639000.0,109183.0
2026-08-14 10:50:00+09:00,1639000.0,1641000.0,1627000.0,1633000.0,100851.0
2026-08-14 11:00:00+09:00,1633500.0,1645000.0,1633000.0,1641000.0,87383.0
2026-08-14 11:10:00+09:00,1641000.0,1647000.0,1639000.0,1646000.0,63473.0
2026-08-14 11:20:00+09:00,1645000.0,1654000.0,1645000.0,1651000.0,66947.0
2026-08-14 11:30:00+09:00,1651000.0,1662000.0,1650000.0,1651000.0,87990.0
2026-08-14 11:40:00+09:00,1651000.0,1657000.0,1647500.0,1648000.0,51464.0
2026-08-14 11:50:00+09:00,1649000.0,1650000.0,1638000.0,1639000.0,59703.0
2026-08-14 12:00:00+09:00,1639000.0,1641000.0,1632000.0,1638000.0,63577.0
2026-08-14 12:10:00+09:00,1638000.0,1646000.0,1634000.0,1646000.0,74834.0
2026-08-14 12:20:00+09:00,1645000.0,1646000.0,1640000.0,1644000.0,53321.0
2026-08-14 12:30:00+09:00,1643000.0,1645000.0,1637000.0,1643000.0,56062.0
2026-08-14 12:40:00+09:00,1643000.0,1648000.0,1638000.0,1645000.0,56179.0
2026-08-14 12:50:00+09:00,1645000.0,1648000.0,1640000.0,1640000.0,48909.0
2026-08-14 13:00:00+09:00,1640000.0,1646000.0,1633000.0,1642000.0,47923.0
2026-08-14 13:10:00+09:00,1642000.0,1655000.0,1639000.0,1652000.0,69334.0
2026-08-14 13:20:00+09:00,1652000.0,1662000.0,1650000.0,1658000.0,101754.0
2026-08-14 13:30:00+09:00,1658000.0,1662000.0,1651000.0,1658000.0,94327.0
2026-08-14 13:40:00+09:00,1658000.0,1662000.0,1655000.0,1657000.0,65842.0
2026-08-14 13:50:00+09:00,1656000.0,1658000.0,1650000.0,1651000.0,66877.0
2026-08-14 14:00:00+09:00,1651000.0,1651000.0,1636000.0,1638000.0,56242.0
2026-08-14 14:10:00+09:00,1638000.0,1649000.0,1634000.0,1647000.0,93527.0
2026-08-14 14:20:00+09:00,1647000.0,1652000.0,1642000.0,1644000.0,84886.0
2026-08-14 14:30:00+09:00,1644000.0,1659000.0,1639000.0,1655500.0,92959.0
2026-08-14 14:40:00+09:00,1655000.0,1656000.0,1646000.0,1649000.0,62975.0
2026-08-14 14:50:00+09:00,1648000.0,1658000.0,1646000.0,1651500.0,100738.0
2026-08-18 09:00:00+09:00,1736000.0,1752000.0,1727000.0,1739000.0,133383.0
2026-08-18 09:10:00+09:00,1739000.0,1755000.0,1736000.0,1754000.0,217763.0
2026-08-18 09:20:00+09:00,1754000.0,1773000.0,1751000.0,1771000.0,221990.0
2026-08-18 09:30:00+09:00,1771000.0,1792000.0,1768000.0,1788000.0,242008.0
2026-08-18 09:40:00+09:00,1787000.0,1790000.0,1773000.0,1776000.0,198532.0
2026-08-18 09:50:00+09:00,1776000.0,1784000.0,1757000.0,1760000.0,151218.0
2026-08-18 10:00:00+09:00,1760000.0,1764000.0,1750000.0,1757000.0,124193.0
2026-08-18 10:10:00+09:00,1756000.0,1769000.0,1756000.0,1769000.0,72178.0
2026-08-18 10:20:00+09:00,1769000.0,1777000.0,1763000.0,1775500.0,87652.0
2026-08-18 10:30:00+09:00,1775500.0,1776000.0,1756000.0,1762000.0,86793.0
2026-08-18 10:40:00+09:00,1762000.0,1762000.0,1729000.0,1730000.0,164564.0
2026-08-18 10:50:00+09:00,1730000.0,1736000.0,1718000.0,1728000.0,167695.0
2026-08-18 11:00:00+09:00,1729000.0,1739000.0,1725000.0,1735000.0,134325.0
2026-08-18 11:10:00+09:00,1735000.0,1738000.0,1703000.0,1709000.0,145204.0
2026-08-18 11:20:00+09:00,1709000.0,1715000.0,1686000.0,1689000.0,163998.0
2026-08-18 11:30:00+09:00,1689000.0,1695000.0,1668000.0,1686000.0,225544.0
2026-08-18 11:40:00+09:00,1686000.0,1691000.0,1668000.0,1687000.0,114449.0
2026-08-18 11:50:00+09:00,1687000.0,1689000.0,1669000.0,1678000.0,101728.0
2026-08-18 12:00:00+09:00,1679000.0,1685000.0,1675000.0,1677000.0,65337.0
2026-08-18 12:10:00+09:00,1676000.0,1680000.0,1661000.0,1665000.0,78669.0
2026-08-18 12:20:00+09:00,1664000.0,1672000.0,1654000.0,1670000.0,99826.0
2026-08-18 12:30:00+09:00,1669000.0,1670000.0,1650000.0,1666000.0,103147.0
2026-08-18 12:40:00+09:00,1666000.0,1672000.0,1660000.0,1667000.0,84960.0
2026-08-18 12:50:00+09:00,1666000.0,1680000.0,1664000.0,1673000.0,74632.0
2026-08-18 13:00:00+09:00,1674000.0,1684000.0,1663000.0,1682500.0,70547.0
2026-08-18 13:10:00+09:00,1682500.0,1690000.0,1680000.0,1690000.0,71926.0
2026-08-18 13:20:00+09:00,1690000.0,1695000.0,1675000.0,1693000.0,87722.0
2026-08-18 13:30:00+09:00,1693000.0,1695000.0,1678000.0,1680000.0,58304.0
2026-08-18 13:40:00+09:00,1679500.0,1684000.0,1675000.0,1681000.0,49187.0
2026-08-18 13:50:00+09:00,1681000.0,1703000.0,1678000.0,1702000.0,110348.0
2026-08-18 14:00:00+09:00,1702000.0,1706000.0,1682000.0,1685000.0,71851.0
2026-08-18 14:10:00+09:00,1685000.0,1687000.0,1669000.0,1672000.0,62084.0
2026-08-18 14:20:00+09:00,1672000.0,1674000.0,1661000.0,1663000.0,67838.0
2026-08-18 14:30:00+09:00,1662500.0,1663000.0,1652000.0,1654000.0,72638.0
2026-08-18 14:40:00+09:00,1654500.0,1662000.0,1648000.0,1657000.0,94684.0
2026-08-18 14:50:00+09:00,1657000.0,1665000.0,1650000.0,1651500.0,78094.0
2026-08-19 09:00:00+09:00,1545000.0,1547000.0,1510000.0,1521500.0,436389.0
2026-08-19 09:10:00+09:00,1522000.0,1524000.0,1501000.0,1508000.0,287076.0
2026-08-19 09:20:00+09:00,1508000.0,1517000.0,1502000.0,1513000.0,165253.0
2026-08-19 09:30:00+09:00,1514000.0,1530000.0,1510000.0,1530000.0,163505.0
2026-08-19 09:40:00+09:00,1529000.0,1533000.0,1523000.0,1527000.0,141982.0
2026-08-19 09:50:00+09:00,1528000.0,1536000.0,1519000.0,1521000.0,99260.0
2026-08-19 10:00:00+09:00,1521000.0,1552000.0,1519000.0,1550000.0,138791.0
2026-08-19 10:10:00+09:00,1549000.0,1554000.0,1540000.0,1553000.0,210663.0
2026-08-19 10:20:00+09:00,1554000.0,1559000.0,1537000.0,1545000.0,117662.0
2026-08-19 10:30:00+09:00,1544000.0,1550000.0,1531000.0,1540000.0,81828.0
2026-08-19 10:40:00+09:00,1540000.0,1545000.0,1533000.0,1542000.0,77498.0
2026-08-19 10:50:00+09:00,1542000.0,1548000.0,1538000.0,1542000.0,69370.0
2026-08-19 11:00:00+09:00,1542000.0,1542000.0,1526000.0,1526000.0,63446.0
2026-08-19 11:10:00+09:00,1526000.0,1531000.0,1522000.0,1523000.0,52687.0
2026-08-19 11:20:00+09:00,1524000.0,1532000.0,1522000.0,1525000.0,43913.0
2026-08-19 11:30:00+09:00,1524000.0,1527000.0,1520000.0,1523000.0,48454.0
2026-08-19 11:40:00+09:00,1522000.0,1530000.0,1520000.0,1527000.0,47046.0
2026-08-19 11:50:00+09:00,1528000.0,1528000.0,1520000.0,1521000.0,32895.0
2026-08-19 12:00:00+09:00,1521000.0,1527000.0,1520000.0,1521000.0,42262.0
2026-08-19 12:10:00+09:00,1520000.0,1526000.0,1519000.0,1523000.0,29576.0
2026-08-19 12:20:00+09:00,1523000.0,1523000.0,1515000.0,1517000.0,51622.0
2026-08-19 12:30:00+09:00,1516000.0,1520000.0,1513000.0,1516000.0,64459.0
2026-08-19 12:40:00+09:00,1516000.0,1516000.0,1510000.0,1513500.0,57076.0
2026-08-19 12:50:00+09:00,1513000.0,1521000.0,1513000.0,1516000.0,40100.0
2026-08-19 13:00:00+09:00,1516000.0,1517000.0,1510000.0,1512000.0,38161.0
2026-08-19 13:10:00+09:00,1513000.0,1513000.0,1509000.0,1510000.0,55186.0
2026-08-19 13:20:00+09:00,1510000.0,1521000.0,1510000.0,1516000.0,51014.0
2026-08-19 13:30:00+09:00,1516000.0,1518000.0,1508000.0,1512000.0,58508.0
2026-08-19 13:40:00+09:00,1512000.0,1513000.0,1505000.0,1505000.0,67909.0
2026-08-19 13:50:00+09:00,1505000.0,1510000.0,1504000.0,1509000.0,68811.0
2026-08-19 14:00:00+09:00,1509000.0,1520000.0,1507000.0,1517000.0,60941.0
2026-08-19 14:10:00+09:00,1518000.0,1521000.0,1506000.0,1508000.0,52180.0
2026-08-19 14:20:00+09:00,1508000.0,1517000.0,1507000.0,1515000.0,57643.0
2026-08-19 14:30:00+09:00,1515000.0,1516000.0,1507000.0,1510000.0,61953.0
2026-08-19 14:40:00+09:00,1510000.0,1511000.0,1507000.0,1508000.0,53917.0
2026-08-19 14:50:00+09:00,1509000.0,1510000.0,1500000.0,1501000.0,149058.0
2026-08-20 09:00:00+09:00,1613000.0,1619000.0,1576000.0,1593000.0,437805.0
2026-08-20 09:10:00+09:00,1593000.0,1634000.0,1586000.0,1631000.0,259380.0
2026-08-20 09:20:00+09:00,1631000.0,1635000.0,1612000.0,1622000.0,170618.0
2026-08-20 09:30:00+09:00,1622000.0,1640000.0,1615000.0,1638000.0,169241.0
2026-08-20 09:40:00+09:00,1638500.0,1648000.0,1635000.0,1640000.0,166286.0
2026-08-20 09:50:00+09:00,1641000.0,1672000.0,1640000.0,1669000.0,231454.0
2026-08-20 10:00:00+09:00,1669000.0,1680000.0,1665000.0,1675000.0,200968.0
2026-08-20 10:10:00+09:00,1674000.0,1674000.0,1655000.0,1667000.0,165291.0
2026-08-20 10:20:00+09:00,1667000.0,1668500.0,1656000.0,1658000.0,90346.0
2026-08-20 10:30:00+09:00,1658500.0,1680000.0,1657000.0,1680000.0,138839.0
2026-08-20 10:40:00+09:00,1680000.0,1695000.0,1679000.0,1693000.0,145000.0
2026-08-20 10:50:00+09:00,1692000.0,1700000.0,1680000.0,1685000.0,150763.0
2026-08-20 11:00:00+09:00,1685000.0,1699000.0,1680000.0,1695000.0,104554.0
2026-08-20 11:10:00+09:00,1695000.0,1696000.0,1684000.0,1689000.0,88007.0
2026-08-20 11:20:00+09:00,1688000.0,1688000.0,1670000.0,1681000.0,127324.0
2026-08-20 11:30:00+09:00,1681000.0,1692000.0,1673000.0,1684000.0,73739.0
2026-08-20 11:40:00+09:00,1684000.0,1686000.0,1676000.0,1676000.0,62267.0
2026-08-20 11:50:00+09:00,1677000.0,1680000.0,1668000.0,1677000.0,82465.0
2026-08-20 12:00:00+09:00,1678000.0,1689000.0,1673000.0,1685000.0,66667.0
2026-08-20 12:10:00+09:00,1685000.0,1692000.0,1676000.0,1690000.0,87881.0
2026-08-20 12:20:00+09:00,1690000.0,1692000.0,1685000.0,1688000.0,56195.0
2026-08-20 12:30:00+09:00,1687000.0,1690000.0,1681000.0,1689000.0,73318.0
2026-08-20 12:40:00+09:00,1689000.0,1698000.0,1688000.0,1697000.0,100038.0
2026-08-20 12:50:00+09:00,1697000.0,1700000.0,1696000.0,1697000.0,112788.0
2026-08-20 13:00:00+09:00,1696000.0,1714000.0,1693000.0,1713000.0,134733.0
2026-08-20 13:10:00+09:00,1713000.0,1720000.0,1712000.0,1719000.0,126668.0
2026-08-20 13:20:00+09:00,1719000.0,1719000.0,1707000.0,1711500.0,90729.0
2026-08-20 13:30:00+09:00,1712000.0,1712000.0,1701000.0,1703000.0,91519.0
2026-08-20 13:40:00+09:00,1704000.0,1710000.0,1702000.0,1707000.0,67949.0
2026-08-20 13:50:00+09:00,1707000.0,1708000.0,1693000.0,1697000.0,116729.0
2026-08-20 14:00:00+09:00,1696000.0,1700000.0,1677000.0,1684000.0,125533.0
2026-08-20 14:10:00+09:00,1684000.0,1692000.0,1675000.0,1688000.0,110116.0
2026-08-20 14:20:00+09:00,1689000.0,1694500.0,1682000.0,1688000.0,70843.0
2026-08-20 14:30:00+09:00,1688000.0,1695000.0,1683000.0,1689000.0,82629.0
2026-08-20 14:40:00+09:00,1689000.0,1690000.0,1676000.0,1678000.0,85391.0
2026-08-20 14:50:00+09:00,1677000.0,1678000.0,1664000.0,1665000.0,155871.0
2026-08-21 09:00:00+09:00,1675000.0,1707000.0,1669000.0,1697000.0,347817.0
2026-08-21 09:10:00+09:00,1697000.0,1724000.0,1697000.0,1705000.0,238283.0
2026-08-21 09:20:00+09:00,1705000.0,1712000.0,1699000.0,1709000.0,117261.0
2026-08-21 09:30:00+09:00,1709000.0,1735000.0,1702000.0,1735000.0,187262.0
2026-08-21 09:40:00+09:00,1735000.0,1771000.0,1732000.0,1765000.0,288343.0
2026-08-21 09:50:00+09:00,1765000.0,1773000.0,1750000.0,1751000.0,239394.0
2026-08-21 10:00:00+09:00,1750000.0,1756000.0,1737000.0,1740000.0,165578.0
2026-08-21 10:10:00+09:00,1740000.0,1770000.0,1739000.0,1768000.0,152676.0
2026-08-21 10:20:00+09:00,1767000.0,1770000.0,1754000.0,1762000.0,115787.0
2026-08-21 10:30:00+09:00,1762000.0,1763000.0,1741000.0,1744000.0,122040.0
2026-08-21 10:40:00+09:00,1744000.0,1763000.0,1743000.0,1759000.0,113985.0
2026-08-21 10:50:00+09:00,1759000.0,1761000.0,1734000.0,1748000.0,115224.0
2026-08-21 11:00:00+09:00,1748000.0,1753000.0,1739000.0,1751000.0,62227.0
2026-08-21 11:10:00+09:00,1750500.0,1758000.0,1746000.0,1749000.0,77153.0
2026-08-21 11:20:00+09:00,1750000.0,1759000.0,1749000.0,1755000.0,66022.0
2026-08-21 11:30:00+09:00,1754000.0,1764000.0,1753000.0,1760000.0,92736.0
2026-08-21 11:40:00+09:00,1761000.0,1766000.0,1755000.0,1765000.0,95309.0
2026-08-21 11:50:00+09:00,1765000.0,1768000.0,1762000.0,1765000.0,73092.0
2026-08-21 12:00:00+09:00,1765000.0,1768000.0,1753000.0,1757000.0,86370.0
2026-08-21 12:10:00+09:00,1757000.0,1760000.0,1751000.0,1752000.0,81475.0
2026-08-21 12:20:00+09:00,1751000.0,1759000.0,1750000.0,1757000.0,62638.0
2026-08-21 12:30:00+09:00,1757000.0,1762000.0,1756000.0,1759000.0,55009.0
2026-08-21 12:40:00+09:00,1759000.0,1761000.0,1748000.0,1750000.0,70156.0
2026-08-21 12:50:00+09:00,1751000.0,1752000.0,1740000.0,1747000.0,74034.0
2026-08-21 13:00:00+09:00,1747000.0,1752000.0,1742000.0,1750000.0,43821.0
2026-08-21 13:10:00+09:00,1750000.0,1750000.0,1740000.0,1741000.0,51362.0
2026-08-21 13:20:00+09:00,1741000.0,1741000.0,1725000.0,1730000.0,106485.0
2026-08-21 13:30:00+09:00,1730000.0,1738000.0,1726000.0,1728000.0,53532.0
2026-08-21 13:40:00+09:00,1727000.0,1740000.0,1727000.0,1739000.0,60453.0
2026-08-21 13:50:00+09:00,1739000.0,1741000.0,1732000.0,1733000.0,48961.0
2026-08-21 14:00:00+09:00,1733000.0,1743000.0,1732000.0,1735000.0,84744.0
2026-08-21 14:10:00+09:00,1735000.0,1743000.0,1732000.0,1742000.0,58655.0
2026-08-21 14:20:00+09:00,1741000.0,1744000.0,1738000.0,1740000.0,62874.0
2026-08-21 14:30:00+09:00,1741000.0,1742000.0,1736000.0,1739000.0,58165.0
2026-08-21 14:40:00+09:00,1739000.0,1740000.0,1727000.0,1728000.0,69089.0
2026-08-21 14:50:00+09:00,1728000.0,1731000.0,1725000.0,1727000.0,73981.0
2026-08-24 09:00:00+09:00,1775000.0,1792000.0,1751000.0,1779000.0,122386.0
2026-08-24 09:10:00+09:00,1778000.0,1785000.0,1749000.0,1750000.0,190990.0
2026-08-24 09:20:00+09:00,1751000.0,1751000.0,1726000.0,1729000.0,198003.0
2026-08-24 09:30:00+09:00,1730000.0,1748000.0,1725000.0,1746000.0,136863.0
2026-08-24 09:40:00+09:00,1746000.0,1755000.0,1735000.0,1754000.0,102162.0
2026-08-24 09:50:00+09:00,1755000.0,1767000.0,1750000.0,1766000.0,105558.0
2026-08-24 10:00:00+09:00,1766000.0,1770000.0,1751000.0,1755000.0,110535.0
2026-08-24 10:10:00+09:00,1755000.0,1770000.0,1753000.0,1767000.0,76326.0
2026-08-24 10:20:00+09:00,1768000.0,1768000.0,1756000.0,1762000.0,57078.0
2026-08-24 10:30:00+09:00,1762000.0,1762000.0,1738000.0,1747000.0,89972.0
2026-08-24 10:40:00+09:00,1747000.0,1750000.0,1732000.0,1736000.0,78922.0
2026-08-24 10:50:00+09:00,1735000.0,1747000.0,1715000.0,1715000.0,122749.0
2026-08-24 11:00:00+09:00,1716000.0,1719000.0,1696000.0,1705000.0,164471.0
2026-08-24 11:10:00+09:00,1705000.0,1721000.0,1701000.0,1714500.0,88149.0
2026-08-24 11:20:00+09:00,1715000.0,1722000.0,1709000.0,1716000.0,54437.0
2026-08-24 11:30:00+09:00,1715000.0,1727000.0,1715000.0,1722000.0,77312.0
2026-08-24 11:40:00+09:00,1722000.0,1722000.0,1706000.0,1710000.0,73532.0
2026-08-24 11:50:00+09:00,1709000.0,1712000.0,1695000.0,1707000.0,104373.0
2026-08-24 12:00:00+09:00,1707000.0,1709000.0,1693000.0,1696000.0,77694.0
2026-08-24 12:10:00+09:00,1697000.0,1697000.0,1678000.0,1680000.0,101069.0
2026-08-24 12:20:00+09:00,1679000.0,1686000.0,1673000.0,1677000.0,98383.0
2026-08-24 12:30:00+09:00,1677000.0,1686000.0,1673000.0,1685000.0,69344.0
2026-08-24 12:40:00+09:00,1685000.0,1690000.0,1678000.0,1686000.0,71079.0
2026-08-24 12:50:00+09:00,1686000.0,1688000.0,1674000.0,1681000.0,67656.0
2026-08-24 13:00:00+09:00,1681000.0,1694000.0,1677000.0,1693000.0,63030.0
2026-08-24 13:10:00+09:00,1693000.0,1701000.0,1690000.0,1700000.0,61841.0
2026-08-24 13:20:00+09:00,1700000.0,1705000.0,1686000.0,1690000.0,68093.0
2026-08-24 13:30:00+09:00,1691000.0,1702000.0,1688000.0,1697000.0,66315.0
2026-08-24 13:40:00+09:00,1697000.0,1704000.0,1695000.0,1698000.0,62431.0
2026-08-24 13:50:00+09:00,1698000.0,1704000.0,1689000.0,1692000.0,66365.0
2026-08-24 14:00:00+09:00,1692000.0,1700000.0,1686000.0,1698000.0,57699.0
2026-08-24 14:10:00+09:00,1699000.0,1707000.0,1692000.0,1693000.0,74294.0
2026-08-24 14:20:00+09:00,1693000.0,1694000.0,1680000.0,1681500.0,76879.0
2026-08-24 14:30:00+09:00,1681000.0,1684000.0,1673000.0,1679000.0,77510.0
2026-08-24 14:40:00+09:00,1679000.0,1688000.0,1673000.0,1676000.0,71416.0
2026-08-24 14:50:00+09:00,1676000.0,1684000.0,1674000.0,1676000.0,59799.0
2026-08-25 09:00:00+09:00,1598000.0,1610000.0,1576000.0,1577000.0,417253.0
2026-08-25 09:10:00+09:00,1577000.0,1587000.0,1557000.0,1562000.0,267146.0
2026-08-25 09:20:00+09:00,1562000.0,1591000.0,1561000.0,1586000.0,184290.0
2026-08-25 09:30:00+09:00,1586000.0,1595000.0,1580000.0,1580000.0,152586.0
2026-08-25 09:40:00+09:00,1580000.0,1597000.0,1573000.0,1580000.0,170352.0
2026-08-25 09:50:00+09:00,1580000.0,1597000.0,1577000.0,1593000.0,101804.0
2026-08-25 10:00:00+09:00,1593000.0,1594000.0,1577000.0,1583000.0,92185.0
2026-08-25 10:10:00+09:00,1584000.0,1584000.0,1571000.0,1576000.0,76015.0
2026-08-25 10:20:00+09:00,1576000.0,1581000.0,1568000.0,1571000.0,85705.0
2026-08-25 10:30:00+09:00,1572000.0,1595000.0,1571000.0,1595000.0,117544.0
2026-08-25 10:40:00+09:00,1594000.0,1609000.0,1591000.0,1607000.0,117191.0
2026-08-25 10:50:00+09:00,1606000.0,1610000.0,1593000.0,1595000.0,95743.0
2026-08-25 11:00:00+09:00,1594000.0,1602000.0,1590000.0,1591000.0,59788.0
2026-08-25 11:10:00+09:00,1590000.0,1600000.0,1588000.0,1600000.0,50310.0
2026-08-25 11:20:00+09:00,1599000.0,1602000.0,1588000.0,1593000.0,61658.0
2026-08-25 11:30:00+09:00,1593000.0,1601000.0,1590000.0,1592000.0,47492.0
2026-08-25 11:40:00+09:00,1592000.0,1601000.0,1585000.0,1588000.0,60397.0
2026-08-25 11:50:00+09:00,1587500.0,1593000.0,1585000.0,1592000.0,41453.0
2026-08-25 12:00:00+09:00,1592000.0,1597000.0,1588000.0,1593000.0,43969.0
2026-08-25 12:10:00+09:00,1593000.0,1604000.0,1593000.0,1603000.0,49377.0
2026-08-25 12:20:00+09:00,1603000.0,1616000.0,1600000.0,1615000.0,75908.0
2026-08-25 12:30:00+09:00,1615000.0,1624000.0,1610000.0,1616000.0,93552.0
2026-08-25 12:40:00+09:00,1615000.0,1620000.0,1608000.0,1609000.0,57325.0
2026-08-25 12:50:00+09:00,1608000.0,1613000.0,1605000.0,1612000.0,60626.0
2026-08-25 13:00:00+09:00,1613000.0,1635000.0,1610000.0,1632000.0,94808.0
2026-08-25 13:10:00+09:00,1632000.0,1637000.0,1625000.0,1636000.0,67503.0
2026-08-25 13:20:00+09:00,1636000.0,1647000.0,1635500.0,1635500.0,96380.0
2026-08-25 13:30:00+09:00,1636000.0,1650000.0,1635000.0,1644000.0,92796.0
2026-08-25 13:40:00+09:00,1644000.0,1655000.0,1643000.0,1647000.0,70102.0
2026-08-25 13:50:00+09:00,1647000.0,1650000.0,1635000.0,1641000.0,58609.0
2026-08-25 14:00:00+09:00,1641000.0,1653000.0,1635000.0,1642000.0,70802.0
2026-08-25 14:10:00+09:00,1641000.0,1659000.0,1641000.0,1654000.0,67438.0
2026-08-25 14:20:00+09:00,1655000.0,1673000.0,1654000.0,1672000.0,98326.0
2026-08-25 14:30:00+09:00,1672000.0,1682000.0,1672000.0,1678000.0,96742.0
2026-08-25 14:40:00+09:00,1678000.0,1680000.0,1667000.0,1673000.0,73663.0
2026-08-25 14:50:00+09:00,1673000.0,1677000.0,1666000.0,1667000.0,57647.0
2026-08-26 09:00:00+09:00,1668000.0,1702000.0,1662000.0,1699500.0,284722.0
2026-08-26 09:10:00+09:00,1699500.0,1717000.0,1695000.0,1711000.0,146844.0
2026-08-26 09:20:00+09:00,1712000.0,1715000.0,1687000.0,1693000.0,92223.0
2026-08-26 09:30:00+09:00,1692000.0,1700000.0,1680000.0,1680000.0,89252.0
2026-08-26 09:40:00+09:00,1680000.0,1693000.0,1677000.0,1688000.0,69211.0
2026-08-26 09:50:00+09:00,1688000.0,1688500.0,1671000.0,1674000.0,88678.0
2026-08-26 10:00:00+09:00,1674000.0,1690000.0,1673000.0,1687000.0,63672.0
2026-08-26 10:10:00+09:00,1688000.0,1698000.0,1684000.0,1694000.0,78037.0
2026-08-26 10:20:00+09:00,1693000.0,1696000.0,1678000.0,1682000.0,50153.0
2026-08-26 10:30:00+09:00,1682000.0,1688000.0,1672000.0,1680000.0,64883.0
2026-08-26 10:40:00+09:00,1679000.0,1680000.0,1671000.0,1672000.0,48014.0
2026-08-26 10:50:00+09:00,1672000.0,1685000.0,1672000.0,1684000.0,51189.0
2026-08-26 11:00:00+09:00,1685000.0,1685000.0,1675000.0,1684000.0,40341.0
2026-08-26 11:10:00+09:00,1684000.0,1700000.0,1683000.0,1696000.0,80292.0
2026-08-26 11:20:00+09:00,1696000.0,1710000.0,1696000.0,1708000.0,71539.0
2026-08-26 11:30:00+09:00,1708000.0,1717000.0,1704500.0,1716000.0,90293.0
2026-08-26 11:40:00+09:00,1715000.0,1735000.0,1715000.0,1724000.0,174693.0
2026-08-26 11:50:00+09:00,1724000.0,1729000.0,1716000.0,1717000.0,77755.0
2026-08-26 12:00:00+09:00,1718000.0,1725000.0,1714000.0,1719000.0,58568.0
2026-08-26 12:10:00+09:00,1718000.0,1733000.0,1717000.0,1729000.0,69932.0
2026-08-26 12:20:00+09:00,1729000.0,1730000.0,1714000.0,1716000.0,53966.0
2026-08-26 12:30:00+09:00,1716000.0,1724000.0,1710000.0,1723000.0,53355.0
2026-08-26 12:40:00+09:00,1724000.0,1729000.0,1718000.0,1725000.0,56702.0
2026-08-26 12:50:00+09:00,1725000.0,1729000.0,1721000.0,1725000.0,47321.0
2026-08-26 13:00:00+09:00,1725000.0,1727000.0,1719000.0,1721000.0,51795.0
2026-08-26 13:10:00+09:00,1722000.0,1728000.0,1720000.0,1727000.0,45401.0
2026-08-26 13:20:00+09:00,1727000.0,1728000.0,1720000.0,1724000.0,50041.0
2026-08-26 13:30:00+09:00,1724000.0,1729000.0,1719000.0,1720000.0,56254.0
2026-08-26 13:40:00+09:00,1720000.0,1726000.0,1719000.0,1721000.0,54081.0
2026-08-26 13:50:00+09:00,1720000.0,1724500.0,1715000.0,1716000.0,57777.0
2026-08-26 14:00:00+09:00,1716000.0,1720000.0,1709000.0,1714000.0,55981.0
2026-08-26 14:10:00+09:00,1713000.0,1715000.0,1696000.0,1697000.0,78872.0
2026-08-26 14:20:00+09:00,1697000.0,1704000.0,1693000.0,1704000.0,72784.0
2026-08-26 14:30:00+09:00,1704000.0,1709000.0,1699000.0,1708000.0,67880.0
2026-08-26 14:40:00+09:00,1708000.0,1713000.0,1706000.0,1712000.0,44162.0
2026-08-26 14:50:00+09:00,1712000.0,1713000.0,1700000.0,1704000.0,47794.0
2026-08-27 09:00:00+09:00,1776000.0,1788000.0,1761000.0,1769000.0,380651.0
2026-08-27 09:10:00+09:00,1770000.0,1770000.0,1754000.0,1761000.0,152295.0
2026-08-27 09:20:00+09:00,1761000.0,1769000.0,1755000.0,1763000.0,90816.0
2026-08-27 09:30:00+09:00,1763000.0,1764000.0,1736000.0,1744000.0,135628.0
2026-08-27 09:40:00+09:00,1744000.0,1744000.0,1728000.0,1735000.0,120926.0
2026-08-27 09:50:00+09:00,1735000.0,1736000.0,1713000.0,1719000.0,155437.0
2026-08-27 10:00:00+09:00,1719000.0,1731000.0,1708000.0,1726000.0,126250.0
2026-08-27 10:10:00+09:00,1726000.0,1729000.0,1708000.0,1728000.0,85641.0
2026-08-27 10:20:00+09:00,1729000.0,1741000.0,1727000.0,1738000.0,90093.0
2026-08-27 10:30:00+09:00,1739000.0,1741000.0,1731000.0,1736000.0,53173.0
2026-08-27 10:40:00+09:00,1736000.0,1738000.0,1724000.0,1733000.0,56354.0
2026-08-27 10:50:00+09:00,1733000.0,1749000.0,1733000.0,1740000.0,81117.0
2026-08-27 11:00:00+09:00,1740000.0,1749000.0,1739000.0,1747000.0,61101.0
2026-08-27 11:10:00+09:00,1747000.0,1750000.0,1743000.0,1748000.0,55132.0
2026-08-27 11:20:00+09:00,1748000.0,1749000.0,1739000.0,1740000.0,66106.0
2026-08-27 11:30:00+09:00,1741000.0,1749500.0,1739000.0,1748500.0,51808.0
2026-08-27 11:40:00+09:00,1749000.0,1750000.0,1742000.0,1748000.0,54178.0
2026-08-27 11:50:00+09:00,1748000.0,1758000.0,1748000.0,1751000.0,85994.0
2026-08-27 12:00:00+09:00,1753000.0,1757000.0,1749000.0,1749000.0,45600.0
2026-08-27 12:10:00+09:00,1749000.0,1753000.0,1744000.0,1753000.0,48215.0
2026-08-27 12:20:00+09:00,1752500.0,1756000.0,1747000.0,1747000.0,49170.0
2026-08-27 12:30:00+09:00,1747000.0,1752000.0,1743000.0,1745000.0,38743.0
2026-08-27 12:40:00+09:00,1745000.0,1746000.0,1737000.0,1739000.0,46400.0
2026-08-27 12:50:00+09:00,1739000.0,1746000.0,1737000.0,1742000.0,50115.0
2026-08-27 13:00:00+09:00,1742000.0,1745000.0,1734000.0,1737500.0,49551.0
2026-08-27 13:10:00+09:00,1737000.0,1746000.0,1735000.0,1743000.0,38850.0
2026-08-27 13:20:00+09:00,1743000.0,1747000.0,1735000.0,1736000.0,45379.0
2026-08-27 13:30:00+09:00,1737000.0,1741000.0,1733000.0,1735000.0,47458.0
2026-08-27 13:40:00+09:00,1735000.0,1738000.0,1730000.0,1735000.0,48310.0
2026-08-27 13:50:00+09:00,1734000.0,1737000.0,1728000.0,1733000.0,46073.0
2026-08-27 14:00:00+09:00,1733000.0,1737000.0,1728000.0,1728000.0,55130.0
2026-08-27 14:10:00+09:00,1728000.0,1732000.0,1719000.0,1719000.0,69570.0
2026-08-27 14:20:00+09:00,1719000.0,1727000.0,1719000.0,1726000.0,65178.0
2026-08-27 14:30:00+09:00,1727000.0,1727000.0,1714000.0,1721500.0,92393.0
2026-08-27 14:40:00+09:00,1721500.0,1725000.0,1715000.0,1722000.0,65530.0
2026-08-27 14:50:00+09:00,1723000.0,1723000.0,1712000.0,1717000.0,69651.0
2026-08-28 09:00:00+09:00,1704000.0,1716000.0,1687000.0,1689000.0,218139.0
2026-08-28 09:10:00+09:00,1689000.0,1702000.0,1688000.0,1698000.0,77139.0
2026-08-28 09:20:00+09:00,1698000.0,1717000.0,1697000.0,1715000.0,72033.0
2026-08-28 09:30:00+09:00,1716000.0,1722000.0,1708000.0,1708000.0,71087.0
2026-08-28 09:40:00+09:00,1708000.0,1725000.0,1708000.0,1724000.0,63338.0
2026-08-28 09:50:00+09:00,1723000.0,1725000.0,1709000.0,1710000.0,64464.0
2026-08-28 10:00:00+09:00,1709000.0,1716000.0,1709000.0,1714000.0,48737.0
2026-08-28 10:10:00+09:00,1713000.0,1715000.0,1703000.0,1710000.0,50779.0
2026-08-28 10:20:00+09:00,1710000.0,1716000.0,1701000.0,1702000.0,52246.0
2026-08-28 10:30:00+09:00,1703000.0,1717000.0,1701000.0,1706000.0,68758.0
2026-08-28 10:40:00+09:00,1705000.0,1709000.0,1702000.0,1705000.0,42028.0
2026-08-28 10:50:00+09:00,1706000.0,1711000.0,1702000.0,1707000.0,37053.0
2026-08-28 11:00:00+09:00,1707000.0,1712000.0,1703000.0,1706000.0,47697.0
2026-08-28 11:10:00+09:00,1705000.0,1712000.0,1702000.0,1709000.0,56643.0
2026-08-28 11:20:00+09:00,1709000.0,1711000.0,1702000.0,1704000.0,42123.0
2026-08-28 11:30:00+09:00,1704000.0,1705000.0,1698000.0,1699000.0,62301.0
2026-08-28 11:40:00+09:00,1698000.0,1700000.0,1692000.0,1695000.0,58350.0
2026-08-28 11:50:00+09:00,1695000.0,1700000.0,1693000.0,1697000.0,37848.0
2026-08-28 12:00:00+09:00,1698000.0,1698000.0,1693000.0,1693000.0,42050.0
2026-08-28 12:10:00+09:00,1693000.0,1695000.0,1691000.0,1694000.0,41005.0
2026-08-28 12:20:00+09:00,1693000.0,1694000.0,1691000.0,1692000.0,39884.0
2026-08-28 12:30:00+09:00,1691000.0,1694000.0,1682000.0,1682000.0,96660.0
2026-08-28 12:40:00+09:00,1683000.0,1687000.0,1676000.0,1686000.0,93385.0
2026-08-28 12:50:00+09:00,1686000.0,1699000.0,1686000.0,1693000.0,81845.0
2026-08-28 13:00:00+09:00,1693000.0,1694000.0,1683000.0,1687000.0,45175.0
2026-08-28 13:10:00+09:00,1686000.0,1692000.0,1685000.0,1691000.0,56987.0
2026-08-28 13:20:00+09:00,1691000.0,1692000.0,1684000.0,1686000.0,49633.0
2026-08-28 13:30:00+09:00,1686000.0,1687000.0,1681000.0,1684500.0,47413.0
2026-08-28 13:40:00+09:00,1685000.0,1687000.0,1681000.0,1682000.0,49967.0
2026-08-28 13:50:00+09:00,1682000.0,1685000.0,1681000.0,1683000.0,41251.0
2026-08-28 14:00:00+09:00,1683000.0,1684000.0,1678000.0,1678000.0,55401.0
2026-08-28 14:10:00+09:00,1678000.0,1680000.0,1675000.0,1675500.0,74253.0
2026-08-28 14:20:00+09:00,1675000.0,1681000.0,1671000.0,1679000.0,77412.0
2026-08-28 14:30:00+09:00,1678000.0,1679000.0,1671000.0,1671000.0,61771.0
2026-08-28 14:40:00+09:00,1671000.0,1674000.0,1670000.0,1670000.0,64246.0
2026-08-28 14:50:00+09:00,1670000.0,1676000.0,1670000.0,1674000.0,69867.0
2026-08-31 09:00:00+09:00,1596000.0,1602000.0,1577000.0,1589000.0,95360.0
2026-08-31 09:10:00+09:00,1589000.0,1609000.0,1589000.0,1600000.0,118725.0
2026-08-31 09:20:00+09:00,1600000.0,1622000.0,1600000.0,1620000.0,108841.0
2026-08-31 09:30:00+09:00,1619000.0,1635000.0,1619000.0,1624000.0,115829.0
2026-08-31 09:40:00+09:00,1624000.0,1628000.0,1610000.0,1610000.0,66095.0
2026-08-31 09:50:00+09:00,1610000.0,1621000.0,1601000.0,1602000.0,65911.0
2026-08-31 10:00:00+09:00,1602000.0,1603000.0,1591000.0,1595000.0,101443.0
2026-08-31 10:10:00+09:00,1595000.0,1598000.0,1590000.0,1596000.0,72522.0
2026-08-31 10:20:00+09:00,1595000.0,1605000.0,1590000.0,1602000.0,80823.0
2026-08-31 10:30:00+09:00,1601000.0,1612000.0,1601000.0,1609000.0,60647.0
2026-08-31 10:40:00+09:00,1610000.0,1613000.0,1601000.0,1606000.0,63736.0
2026-08-31 10:50:00+09:00,1607000.0,1618000.0,1605000.0,1616000.0,65003.0
2026-08-31 11:00:00+09:00,1616000.0,1624000.0,1613000.0,1620000.0,67342.0
2026-08-31 11:10:00+09:00,1620000.0,1623000.0,1612000.0,1615000.0,43133.0
2026-08-31 11:20:00+09:00,1615000.0,1619000.0,1608000.0,1615000.0,50523.0
2026-08-31 11:30:00+09:00,1614000.0,1616000.0,1607000.0,1608000.0,48092.0
2026-08-31 11:40:00+09:00,1608000.0,1619000.0,1606000.0,1609000.0,50396.0
2026-08-31 11:50:00+09:00,1609000.0,1620000.0,1608000.0,1619000.0,47771.0
2026-08-31 12:00:00+09:00,1619000.0,1628000.0,1618000.0,1626000.0,60849.0
2026-08-31 12:10:00+09:00,1627000.0,1636000.0,1624000.0,1625000.0,62678.0
2026-08-31 12:20:00+09:00,1624000.0,1630000.0,1621000.0,1622000.0,33663.0
2026-08-31 12:30:00+09:00,1623000.0,1630000.0,1619000.0,1628000.0,49186.0
2026-08-31 12:40:00+09:00,1628500.0,1629000.0,1620000.0,1621000.0,35826.0
2026-08-31 12:50:00+09:00,1621000.0,1623000.0,1615000.0,1619000.0,43669.0
2026-08-31 13:00:00+09:00,1618000.0,1621000.0,1613000.0,1621000.0,44801.0
2026-08-31 13:10:00+09:00,1620000.0,1625000.0,1615000.0,1623000.0,39952.0
2026-08-31 13:20:00+09:00,1623000.0,1625000.0,1616000.0,1618000.0,33681.0
2026-08-31 13:30:00+09:00,1619000.0,1629000.0,1612000.0,1628000.0,53853.0
2026-08-31 13:40:00+09:00,1628500.0,1631000.0,1621000.0,1624500.0,47683.0
2026-08-31 13:50:00+09:00,1624500.0,1647000.0,1624500.0,1642500.0,106725.0
2026-08-31 14:00:00+09:00,1642500.0,1656000.0,1640000.0,1651000.0,84538.0
2026-08-31 14:10:00+09:00,1650000.0,1664000.0,1649000.0,1660000.0,78207.0
2026-08-31 14:20:00+09:00,1660000.0,1665000.0,1652000.0,1660000.0,75020.0
2026-08-31 14:30:00+09:00,1660000.0,1661000.0,1646000.0,1650000.0,68644.0
2026-08-31 14:40:00+09:00,1650000.0,1657000.0,1646000.0,1651000.0,57276.0
2026-08-31 14:50:00+09:00,1651500.0,1652000.0,1642000.0,1645000.0,50391.0
2026-09-01 09:00:00+09:00,1666000.0,1673000.0,1657000.0,1670000.0,182043.0
2026-09-01 09:10:00+09:00,1670000.0,1670000.0,1652000.0,1664000.0,92412.0
2026-09-01 09:20:00+09:00,1664000.0,1679000.0,1657000.0,1674000.0,101288.0
2026-09-01 09:30:00+09:00,1674000.0,1683000.0,1670000.0,1677000.0,100188.0
2026-09-01 09:40:00+09:00,1677000.0,1698000.0,1672000.0,1696000.0,143773.0
2026-09-01 09:50:00+09:00,1695500.0,1704000.0,1681000.0,1703000.0,109626.0
2026-09-01 10:00:00+09:00,1703000.0,1713000.0,1699000.0,1703000.0,149913.0
2026-09-01 10:10:00+09:00,1703000.0,1707000.0,1694000.0,1706000.0,81609.0
2026-09-01 10:20:00+09:00,1707000.0,1708000.0,1687000.0,1693000.0,68528.0
2026-09-01 10:30:00+09:00,1693000.0,1698000.0,1685000.0,1690000.0,61004.0
2026-09-01 10:40:00+09:00,1690000.0,1703000.0,1689000.0,1696000.0,50953.0
2026-09-01 10:50:00+09:00,1696000.0,1697000.0,1679000.0,1684500.0,70306.0
2026-09-01 11:00:00+09:00,1685000.0,1691000.0,1683000.0,1687000.0,44427.0
2026-09-01 11:10:00+09:00,1687000.0,1695000.0,1685000.0,1694000.0,34112.0
2026-09-01 11:20:00+09:00,1694000.0,1698000.0,1679000.0,1681000.0,51226.0
2026-09-01 11:30:00+09:00,1681000.0,1684000.0,1672000.0,1674000.0,56198.0
2026-09-01 11:40:00+09:00,1674000.0,1682000.0,1670000.0,1679500.0,50327.0
2026-09-01 11:50:00+09:00,1679000.0,1685000.0,1678000.0,1683000.0,29054.0
2026-09-01 12:00:00+09:00,1682000.0,1687000.0,1681000.0,1686000.0,28762.0
2026-09-01 12:10:00+09:00,1685000.0,1689000.0,1684000.0,1685000.0,27713.0
2026-09-01 12:20:00+09:00,1685000.0,1687000.0,1681000.0,1684000.0,33764.0
2026-09-01 12:30:00+09:00,1685000.0,1691000.0,1683000.0,1688000.0,33844.0
2026-09-01 12:40:00+09:00,1688000.0,1695000.0,1686000.0,1694000.0,32227.0
2026-09-01 12:50:00+09:00,1695000.0,1696000.0,1691000.0,1694000.0,36696.0
2026-09-01 13:00:00+09:00,1694000.0,1700000.0,1693000.0,1697000.0,48371.0
2026-09-01 13:10:00+09:00,1697000.0,1699000.0,1693000.0,1694500.0,35292.0
2026-09-01 13:20:00+09:00,1694500.0,1698000.0,1694000.0,1695000.0,34035.0
2026-09-01 13:30:00+09:00,1695000.0,1700000.0,1695000.0,1697000.0,42834.0
2026-09-01 13:40:00+09:00,1697500.0,1705000.0,1693000.0,1703000.0,73035.0
2026-09-01 13:50:00+09:00,1703000.0,1704000.0,1692000.0,1693000.0,45791.0
2026-09-01 14:00:00+09:00,1694000.0,1698000.0,1689000.0,1694000.0,36681.0
2026-09-01 14:10:00+09:00,1694000.0,1695000.0,1684000.0,1685000.0,37323.0
2026-09-01 14:20:00+09:00,1685000.0,1696000.0,1685000.0,1696000.0,39980.0
2026-09-01 14:30:00+09:00,1695000.0,1702000.0,1694000.0,1700000.0,58369.0
2026-09-01 14:40:00+09:00,1700000.0,1702000.0,1697000.0,1699000.0,51783.0
2026-09-01 14:50:00+09:00,1698000.0,1703000.0,1694000.0,1696000.0,56943.0
2026-09-02 09:00:00+09:00,1630000.0,1650000.0,1626000.0,1648000.0,212176.0
2026-09-02 09:10:00+09:00,1647000.0,1651000.0,1640000.0,1644000.0,92756.0
2026-09-02 09:20:00+09:00,1645000.0,1657000.0,1640000.0,1649000.0,84438.0
2026-09-02 09:30:00+09:00,1649000.0,1661000.0,1645000.0,1652000.0,75620.0
2026-09-02 09:40:00+09:00,1652000.0,1654000.0,1639000.0,1642000.0,66088.0
2026-09-02 09:50:00+09:00,1641000.0,1648000.0,1636000.0,1640000.0,62633.0
2026-09-02 10:00:00+09:00,1640000.0,1651000.0,1640000.0,1646000.0,47479.0
2026-09-02 10:10:00+09:00,1646000.0,1650000.0,1642000.0,1643000.0,51668.0
2026-09-02 10:20:00+09:00,1644000.0,1648000.0,1636000.0,1637000.0,51553.0
2026-09-02 10:30:00+09:00,1638000.0,1639000.0,1627000.0,1632000.0,73577.0
2026-09-02 10:40:00+09:00,1631000.0,1635000.0,1627000.0,1629000.0,62089.0
2026-09-02 10:50:00+09:00,1629000.0,1635000.0,1626000.0,1633000.0,52454.0
2026-09-02 11:00:00+09:00,1632000.0,1634000.0,1627000.0,1631000.0,43244.0
2026-09-02 11:10:00+09:00,1631000.0,1641000.0,1630000.0,1639000.0,40165.0
2026-09-02 11:20:00+09:00,1639000.0,1641000.0,1634500.0,1637000.0,39083.0
2026-09-02 11:30:00+09:00,1637000.0,1637000.0,1631000.0,1633000.0,39712.0
2026-09-02 11:40:00+09:00,1633000.0,1641000.0,1633000.0,1640000.0,30975.0
2026-09-02 11:50:00+09:00,1640000.0,1641000.0,1632000.0,1636000.0,46130.0
2026-09-02 12:00:00+09:00,1636000.0,1639500.0,1630000.0,1637000.0,38370.0
2026-09-02 12:10:00+09:00,1637000.0,1639000.0,1630000.0,1633000.0,36240.0
2026-09-02 12:20:00+09:00,1632000.0,1633000.0,1630000.0,1631000.0,28960.0
2026-09-02 12:30:00+09:00,1630000.0,1631000.0,1625000.0,1629000.0,53856.0
2026-09-02 12:40:00+09:00,1630000.0,1632000.0,1627000.0,1629000.0,31726.0
2026-09-02 12:50:00+09:00,1629000.0,1631000.0,1625000.0,1626000.0,35405.0
2026-09-02 13:00:00+09:00,1626000.0,1627000.0,1620000.0,1620500.0,56802.0
2026-09-02 13:10:00+09:00,1620000.0,1625000.0,1618000.0,1625000.0,58330.0
2026-09-02 13:20:00+09:00,1624000.0,1624000.0,1619000.0,1620000.0,51813.0
2026-09-02 13:30:00+09:00,1620000.0,1623000.0,1616000.0,1617000.0,64331.0
2026-09-02 13:40:00+09:00,1617000.0,1619000.0,1615000.0,1615500.0,53476.0
2026-09-02 13:50:00+09:00,1615500.0,1619000.0,1612000.0,1619000.0,50030.0
2026-09-02 14:00:00+09:00,1618500.0,1621000.0,1612000.0,1616000.0,45235.0
2026-09-02 14:10:00+09:00,1616000.0,1628000.0,1616000.0,1627000.0,60044.0
2026-09-02 14:20:00+09:00,1626000.0,1631000.0,1624000.0,1631000.0,49262.0
2026-09-02 14:30:00+09:00,1630000.0,1632000.0,1620000.0,1621000.0,48697.0
2026-09-02 14:40:00+09:00,1621000.0,1632000.0,1621000.0,1625000.0,55018.0
2026-09-02 14:50:00+09:00,1624000.0,1626000.0,1618000.0,1618000.0,53160.0
2026-09-03 09:00:00+09:00,1643000.0,1649000.0,1634000.0,1634000.0,145435.0
2026-09-03 09:10:00+09:00,1634000.0,1639000.0,1621000.0,1625000.0,96536.0
2026-09-03 09:20:00+09:00,1625000.0,1628000.0,1616000.0,1620000.0,82006.0
2026-09-03 09:30:00+09:00,1620000.0,1629000.0,1616000.0,1629000.0,54948.0
2026-09-03 09:40:00+09:00,1629000.0,1629000.0,1617000.0,1623000.0,57410.0
2026-09-03 09:50:00+09:00,1622500.0,1625000.0,1616000.0,1620000.0,56293.0
2026-09-03 10:00:00+09:00,1620000.0,1628000.0,1620000.0,1624500.0,61123.0
2026-09-03 10:10:00+09:00,1624500.0,1634500.0,1624000.0,1633000.0,55874.0
2026-09-03 10:20:00+09:00,1633000.0,1636000.0,1625000.0,1631000.0,42992.0
2026-09-03 10:30:00+09:00,1630000.0,1642000.0,1630000.0,1632000.0,67949.0
2026-09-03 10:40:00+09:00,1632000.0,1636000.0,1629000.0,1632500.0,39341.0
2026-09-03 10:50:00+09:00,1632500.0,1633000.0,1622000.0,1624000.0,43872.0
2026-09-03 11:00:00+09:00,1623000.0,1630000.0,1622000.0,1630000.0,41278.0
2026-09-03 11:10:00+09:00,1629000.0,1632000.0,1627000.0,1631000.0,31580.0
2026-09-03 11:20:00+09:00,1631500.0,1633000.0,1624000.0,1628000.0,33977.0
2026-09-03 11:30:00+09:00,1628000.0,1630000.0,1625000.0,1627000.0,36063.0
2026-09-03 11:40:00+09:00,1627000.0,1629500.0,1625000.0,1626000.0,30136.0
2026-09-03 11:50:00+09:00,1625000.0,1633000.0,1625000.0,1631000.0,37498.0
2026-09-03 12:00:00+09:00,1630000.0,1633000.0,1627000.0,1631000.0,36013.0
2026-09-03 12:10:00+09:00,1631000.0,1635000.0,1629000.0,1634000.0,33678.0
2026-09-03 12:20:00+09:00,1634000.0,1637000.0,1631000.0,1636000.0,30416.0
2026-09-03 12:30:00+09:00,1636000.0,1638500.0,1632000.0,1633000.0,30328.0
2026-09-03 12:40:00+09:00,1632500.0,1636000.0,1630000.0,1633000.0,22519.0
2026-09-03 12:50:00+09:00,1633000.0,1635000.0,1631000.0,1634000.0,32148.0
2026-09-03 13:00:00+09:00,1634000.0,1638000.0,1631000.0,1636000.0,32600.0
2026-09-03 13:10:00+09:00,1636000.0,1638000.0,1635000.0,1637000.0,28166.0
2026-09-03 13:20:00+09:00,1636000.0,1638000.0,1630000.0,1630500.0,26998.0
2026-09-03 13:30:00+09:00,1630000.0,1631000.0,1627000.0,1629000.0,48347.0
2026-09-03 13:40:00+09:00,1629000.0,1632000.0,1625000.0,1631000.0,35587.0
2026-09-03 13:50:00+09:00,1631000.0,1632000.0,1623500.0,1625000.0,34829.0
2026-09-03 14:00:00+09:00,1625000.0,1627000.0,1610000.0,1613000.0,67776.0
2026-09-03 14:10:00+09:00,1613000.0,1614000.0,1576000.0,1578000.0,200230.0
2026-09-03 14:20:00+09:00,1578000.0,1586000.0,1558000.0,1576000.0,260106.0
2026-09-03 14:30:00+09:00,1577000.0,1598000.0,1573000.0,1591000.0,183160.0
2026-09-03 14:40:00+09:00,1592000.0,1603000.0,1585000.0,1603000.0,93586.0
2026-09-03 14:50:00+09:00,1602000.0,1610000.0,1598000.0,1606000.0,87211.0
2026-09-04 09:00:00+09:00,1620000.0,1642000.0,1620000.0,1632000.0,252883.0
2026-09-04 09:10:00+09:00,1632000.0,1640000.0,1626000.0,1631000.0,141859.0
2026-09-04 09:20:00+09:00,1632000.0,1644000.0,1627000.0,1642000.0,115962.0
2026-09-04 09:30:00+09:00,1642000.0,1645000.0,1638000.0,1641000.0,68812.0
2026-09-04 09:40:00+09:00,1641000.0,1645000.0,1638000.0,1644500.0,63848.0
2026-09-04 09:50:00+09:00,1644000.0,1650000.0,1638000.0,1638000.0,93863.0
2026-09-04 10:00:00+09:00,1638000.0,1645000.0,1635000.0,1642000.0,54286.0
2026-09-04 10:10:00+09:00,1642000.0,1644000.0,1637000.0,1643000.0,44559.0
2026-09-04 10:20:00+09:00,1643000.0,1646000.0,1640000.0,1642000.0,42911.0
2026-09-04 10:30:00+09:00,1643000.0,1643000.0,1634000.0,1638000.0,37171.0
2026-09-04 10:40:00+09:00,1637000.0,1639000.0,1628000.0,1628000.0,48627.0
2026-09-04 10:50:00+09:00,1628000.0,1633000.0,1624500.0,1632000.0,55355.0
2026-09-04 11:00:00+09:00,1631000.0,1635500.0,1631000.0,1633000.0,36316.0
2026-09-04 11:10:00+09:00,1633000.0,1642000.0,1633000.0,1638000.0,43842.0
2026-09-04 11:20:00+09:00,1638000.0,1640000.0,1636000.0,1638000.0,29730.0
2026-09-04 11:30:00+09:00,1638000.0,1640000.0,1630000.0,1634000.0,32783.0
2026-09-04 11:40:00+09:00,1634000.0,1637000.0,1629000.0,1635000.0,34165.0
2026-09-04 11:50:00+09:00,1635000.0,1640000.0,1634000.0,1639000.0,47520.0
2026-09-04 12:00:00+09:00,1639000.0,1644000.0,1639000.0,1643000.0,57411.0
2026-09-04 12:10:00+09:00,1643000.0,1646000.0,1642000.0,1645000.0,45633.0
2026-09-04 12:20:00+09:00,1645000.0,1646000.0,1639000.0,1641000.0,34160.0
2026-09-04 12:30:00+09:00,1641000.0,1646000.0,1638000.0,1645000.0,36506.0
2026-09-04 12:40:00+09:00,1644000.0,1646000.0,1642000.0,1646000.0,36810.0
2026-09-04 12:50:00+09:00,1645000.0,1648000.0,1644000.0,1647000.0,47837.0
2026-09-04 13:00:00+09:00,1647000.0,1653000.0,1645000.0,1651500.0,93077.0
2026-09-04 13:10:00+09:00,1651500.0,1660000.0,1649000.0,1657000.0,85099.0
2026-09-04 13:20:00+09:00,1657000.0,1664000.0,1657000.0,1662000.0,58371.0
2026-09-04 13:30:00+09:00,1662000.0,1666000.0,1659000.0,1660000.0,68061.0
2026-09-04 13:40:00+09:00,1660000.0,1666000.0,1660000.0,1661000.0,59138.0
2026-09-04 13:50:00+09:00,1661000.0,1669000.0,1660000.0,1667000.0,62375.0
2026-09-04 14:00:00+09:00,1667000.0,1674000.0,1661000.0,1673000.0,85330.0
2026-09-04 14:10:00+09:00,1672000.0,1682000.0,1671000.0,1680000.0,90940.0
2026-09-04 14:20:00+09:00,1680000.0,1683000.0,1672000.0,1672000.0,90829.0
2026-09-04 14:30:00+09:00,1672000.0,1678000.0,1668000.0,1668000.0,65649.0
2026-09-04 14:40:00+09:00,1669000.0,1670000.0,1660000.0,1661000.0,86212.0
2026-09-04 14:50:00+09:00,1661000.0,1665000.0,1657000.0,1662000.0,72236.0
2026-09-07 09:00:00+09:00,1737000.0,1749000.0,1734000.0,1748000.0,94434.0
2026-09-07 09:10:00+09:00,1748000.0,1751000.0,1740000.0,1743000.0,173314.0
2026-09-07 09:20:00+09:00,1743000.0,1747000.0,1739000.0,1741500.0,102114.0
2026-09-07 09:30:00+09:00,1741500.0,1745000.0,1734000.0,1736000.0,86861.0
2026-09-07 09:40:00+09:00,1736000.0,1745000.0,1735000.0,1738000.0,78908.0
2026-09-07 09:50:00+09:00,1738000.0,1745000.0,1733500.0,1736000.0,69436.0
2026-09-07 10:00:00+09:00,1737000.0,1740000.0,1733000.0,1739000.0,51694.0
2026-09-07 10:10:00+09:00,1739000.0,1746000.0,1737000.0,1744000.0,82811.0
2026-09-07 10:20:00+09:00,1744000.0,1750000.0,1742000.0,1749000.0,85250.0
2026-09-07 10:30:00+09:00,1749000.0,1749000.0,1735000.0,1739000.0,83331.0
2026-09-07 10:40:00+09:00,1739000.0,1740000.0,1733000.0,1739000.0,56771.0
2026-09-07 10:50:00+09:00,1738000.0,1740000.0,1735000.0,1736000.0,35156.0
2026-09-07 11:00:00+09:00,1737000.0,1742000.0,1734000.0,1737000.0,48096.0
2026-09-07 11:10:00+09:00,1737000.0,1741000.0,1735000.0,1736000.0,37729.0
2026-09-07 11:20:00+09:00,1737000.0,1743000.0,1735000.0,1743000.0,47673.0
2026-09-07 11:30:00+09:00,1743000.0,1744000.0,1739000.0,1741000.0,41512.0
2026-09-07 11:40:00+09:00,1741000.0,1745000.0,1740000.0,1745000.0,27770.0
2026-09-07 11:50:00+09:00,1745000.0,1748000.0,1743000.0,1747000.0,53093.0
2026-09-07 12:00:00+09:00,1747500.0,1749000.0,1745000.0,1747000.0,45544.0
2026-09-07 12:10:00+09:00,1747000.0,1749000.0,1745000.0,1748000.0,39858.0
2026-09-07 12:20:00+09:00,1748000.0,1750000.0,1747000.0,1749000.0,73872.0
2026-09-07 12:30:00+09:00,1750000.0,1751000.0,1746000.0,1748000.0,78155.0
2026-09-07 12:40:00+09:00,1747000.0,1751000.0,1746000.0,1750000.0,51973.0
2026-09-07 12:50:00+09:00,1749000.0,1753000.0,1749000.0,1752000.0,65731.0
2026-09-07 13:00:00+09:00,1752000.0,1758000.0,1752000.0,1757500.0,76690.0
2026-09-07 13:10:00+09:00,1757500.0,1768000.0,1757000.0,1767000.0,98896.0
2026-09-07 13:20:00+09:00,1767000.0,1772000.0,1761000.0,1771000.0,96693.0
2026-09-07 13:30:00+09:00,1771000.0,1774000.0,1763000.0,1769500.0,77812.0
2026-09-07 13:40:00+09:00,1769500.0,1777000.0,1766500.0,1776000.0,96504.0
2026-09-07 13:50:00+09:00,1776000.0,1778000.0,1771500.0,1772000.0,77681.0
2026-09-07 14:00:00+09:00,1772000.0,1775000.0,1758000.0,1761000.0,72774.0
2026-09-07 14:10:00+09:00,1761000.0,1770000.0,1761000.0,1770000.0,62776.0
2026-09-07 14:20:00+09:00,1770000.0,1774000.0,1765000.0,1772000.0,81056.0
2026-09-07 14:30:00+09:00,1771000.0,1776000.0,1767000.0,1767000.0,67232.0
2026-09-07 14:40:00+09:00,1768000.0,1771000.0,1765000.0,1770000.0,70889.0
2026-09-07 14:50:00+09:00,1770000.0,1772000.0,1765000.0,1771000.0,57577.0
2026-09-08 09:00:00+09:00,1799000.0,1800000.0,1777000.0,1794000.0,250829.0
2026-09-08 09:10:00+09:00,1795000.0,1842000.0,1790000.0,1836000.0,249751.0
2026-09-08 09:20:00+09:00,1836000.0,1847000.0,1834500.0,1847000.0,185366.0
2026-09-08 09:30:00+09:00,1847000.0,1848000.0,1826000.0,1831000.0,125585.0
2026-09-08 09:40:00+09:00,1831000.0,1847000.0,1827000.0,1846000.0,90409.0
2026-09-08 09:50:00+09:00,1846000.0,1860000.0,1842000.0,1857000.0,163984.0
2026-09-08 10:00:00+09:00,1857000.0,1858000.0,1845000.0,1851000.0,102318.0
2026-09-08 10:10:00+09:00,1851000.0,1853000.0,1841000.0,1844000.0,83403.0
2026-09-08 10:20:00+09:00,1843000.0,1848000.0,1835000.0,1847000.0,69945.0
2026-09-08 10:30:00+09:00,1846000.0,1851000.0,1839000.0,1849000.0,84640.0
2026-09-08 10:40:00+09:00,1850000.0,1857000.0,1846500.0,1856000.0,74680.0
2026-09-08 10:50:00+09:00,1856000.0,1859000.0,1853000.0,1856000.0,94168.0
2026-09-08 11:00:00+09:00,1857000.0,1857000.0,1846000.0,1847000.0,75784.0
2026-09-08 11:10:00+09:00,1846000.0,1855000.0,1846000.0,1851000.0,46286.0
2026-09-08 11:20:00+09:00,1852000.0,1858000.0,1850000.0,1857000.0,55349.0
2026-09-08 11:30:00+09:00,1857000.0,1860000.0,1856000.0,1860000.0,74865.0
2026-09-08 11:40:00+09:00,1860000.0,1860000.0,1852000.0,1858000.0,64010.0
2026-09-08 11:50:00+09:00,1857000.0,1859000.0,1852000.0,1858000.0,51182.0
2026-09-08 12:00:00+09:00,1858000.0,1862000.0,1855000.0,1861000.0,71083.0
2026-09-08 12:10:00+09:00,1862000.0,1869000.0,1861000.0,1869000.0,85310.0
2026-09-08 12:20:00+09:00,1869000.0,1877000.0,1867000.0,1875000.0,88949.0
2026-09-08 12:30:00+09:00,1875000.0,1879000.0,1872000.0,1879000.0,68192.0
2026-09-08 12:40:00+09:00,1878000.0,1882000.0,1876000.0,1882000.0,71164.0
2026-09-08 12:50:00+09:00,1882000.0,1888000.0,1881000.0,1885000.0,91699.0
2026-09-08 13:00:00+09:00,1886000.0,1889000.0,1878000.0,1884000.0,85360.0
2026-09-08 13:10:00+09:00,1884000.0,1887000.0,1877000.0,1884000.0,67694.0
2026-09-08 13:20:00+09:00,1884000.0,1889000.0,1883000.0,1888000.0,60547.0
2026-09-08 13:30:00+09:00,1887000.0,1888000.0,1870000.0,1876000.0,93929.0
2026-09-08 13:40:00+09:00,1876000.0,1880000.0,1873000.0,1877000.0,63785.0
2026-09-08 13:50:00+09:00,1876500.0,1879000.0,1857000.0,1857000.0,122227.0
2026-09-08 14:00:00+09:00,1858000.0,1863000.0,1839000.0,1842000.0,158476.0
2026-09-08 14:10:00+09:00,1842000.0,1848000.0,1837000.0,1847000.0,123355.0
2026-09-08 14:20:00+09:00,1847000.0,1852000.0,1841000.0,1842000.0,82482.0
2026-09-08 14:30:00+09:00,1842000.0,1846000.0,1828000.0,1845000.0,114074.0
2026-09-08 14:40:00+09:00,1845000.0,1846000.0,1828000.0,1835000.0,82053.0
2026-09-08 14:50:00+09:00,1836000.0,1837000.0,1811000.0,1811000.0,137078.0
2026-09-09 09:00:00+09:00,1795000.0,1820000.0,1795000.0,1819000.0,282991.0
2026-09-09 09:10:00+09:00,1819000.0,1838000.0,1808000.0,1836000.0,161835.0
2026-09-09 09:20:00+09:00,1837000.0,1840000.0,1815000.0,1819000.0,170497.0
2026-09-09 09:30:00+09:00,1819000.0,1831000.0,1815000.0,1830000.0,94650.0
2026-09-09 09:40:00+09:00,1829500.0,1842000.0,1823000.0,1841000.0,122095.0
2026-09-09 09:50:00+09:00,1841000.0,1857000.0,1839000.0,1853000.0,131249.0
2026-09-09 10:00:00+09:00,1852500.0,1859000.0,1847000.0,1858000.0,96350.0
2026-09-09 10:10:00+09:00,1859000.0,1862000.0,1850000.0,1855000.0,98167.0
2026-09-09 10:20:00+09:00,1855000.0,1862000.0,1852000.0,1858000.0,63944.0
2026-09-09 10:30:00+09:00,1858000.0,1864000.0,1851000.0,1857000.0,64360.0
2026-09-09 10:40:00+09:00,1858000.0,1859000.0,1846000.0,1852000.0,78070.0
2026-09-09 10:50:00+09:00,1852000.0,1853000.0,1841000.0,1852000.0,57788.0
2026-09-09 11:00:00+09:00,1853000.0,1861000.0,1851000.0,1860000.0,61146.0
2026-09-09 11:10:00+09:00,1860000.0,1864000.0,1856000.0,1864000.0,72828.0
2026-09-09 11:20:00+09:00,1864000.0,1870000.0,1862000.0,1869000.0,85430.0
2026-09-09 11:30:00+09:00,1869000.0,1877000.0,1865000.0,1876000.0,85251.0
2026-09-09 11:40:00+09:00,1877000.0,1883000.0,1874000.0,1876000.0,101048.0
2026-09-09 11:50:00+09:00,1876000.0,1877000.0,1866000.0,1870000.0,66231.0
2026-09-09 12:00:00+09:00,1870000.0,1873000.0,1856000.0,1859000.0,85100.0
2026-09-09 12:10:00+09:00,1859000.0,1868000.0,1857000.0,1862000.0,58585.0
2026-09-09 12:20:00+09:00,1862000.0,1864000.0,1854000.0,1862000.0,60973.0
2026-09-09 12:30:00+09:00,1861000.0,1868000.0,1861000.0,1866000.0,37507.0
2026-09-09 12:40:00+09:00,1866000.0,1869000.0,1852000.0,1853000.0,73377.0
2026-09-09 12:50:00+09:00,1853000.0,1854000.0,1841500.0,1845000.0,86919.0
2026-09-09 13:00:00+09:00,1844000.0,1855000.0,1844000.0,1852000.0,47381.0
2026-09-09 13:10:00+09:00,1852000.0,1852000.0,1835000.0,1837000.0,79721.0
2026-09-09 13:20:00+09:00,1837000.0,1858000.0,1836000.0,1854000.0,70835.0
2026-09-09 13:30:00+09:00,1855000.0,1863000.0,1850000.0,1862000.0,58054.0
2026-09-09 13:40:00+09:00,1862000.0,1865000.0,1858000.0,1863000.0,60354.0
2026-09-09 13:50:00+09:00,1863000.0,1868000.0,1863000.0,1866000.0,57003.0
2026-09-09 14:00:00+09:00,1865000.0,1866000.0,1856000.0,1861000.0,74265.0
2026-09-09 14:10:00+09:00,1861000.0,1865000.0,1844000.0,1844000.0,84995.0
2026-09-09 14:20:00+09:00,1845000.0,1851000.0,1840000.0,1850000.0,98513.0
2026-09-09 14:30:00+09:00,1849000.0,1855000.0,1844000.0,1853500.0,58921.0
2026-09-09 14:40:00+09:00,1853500.0,1858000.0,1845000.0,1853000.0,74704.0
2026-09-09 14:50:00+09:00,1853000.0,1858000.0,1850000.0,1854000.0,54853.0
2026-09-10 09:00:00+09:00,1879000.0,1890000.0,1866000.0,1871000.0,266290.0
2026-09-10 09:10:00+09:00,1872000.0,1872000.0,1848000.0,1851000.0,172879.0
2026-09-10 09:20:00+09:00,1852000.0,1862500.0,1848000.0,1855000.0,110148.0
2026-09-10 09:30:00+09:00,1855000.0,1855000.0,1837000.0,1839000.0,130692.0
2026-09-10 09:40:00+09:00,1839000.0,1842000.0,1830000.0,1833000.0,98753.0
2026-09-10 09:50:00+09:00,1832000.0,1837000.0,1825000.0,1826000.0,97417.0
2026-09-10 10:00:00+09:00,1826000.0,1836000.0,1821000.0,1822000.0,95403.0
2026-09-10 10:10:00+09:00,1821000.0,1825000.0,1812000.0,1823000.0,114361.0
2026-09-10 10:20:00+09:00,1823000.0,1824000.0,1811000.0,1812000.0,70317.0
2026-09-10 10:30:00+09:00,1811000.0,1825000.0,1811000.0,1824000.0,60459.0
2026-09-10 10:40:00+09:00,1824000.0,1839000.0,1824000.0,1836000.0,95564.0
2026-09-10 10:50:00+09:00,1837000.0,1841000.0,1826000.0,1840000.0,67522.0
2026-09-10 11:00:00+09:00,1839000.0,1842000.0,1834000.0,1839000.0,60088.0
2026-09-10 11:10:00+09:00,1839000.0,1849000.0,1837000.0,1846000.0,59087.0
2026-09-10 11:20:00+09:00,1846000.0,1849000.0,1841000.0,1841000.0,44386.0
2026-09-10 11:30:00+09:00,1842000.0,1854000.0,1842000.0,1854000.0,67452.0
2026-09-10 11:40:00+09:00,1853000.0,1859000.0,1849000.0,1856000.0,80902.0
2026-09-10 11:50:00+09:00,1856000.0,1859000.0,1849000.0,1850000.0,64072.0
2026-09-10 12:00:00+09:00,1850000.0,1860000.0,1850000.0,1859000.0,48580.0
2026-09-10 12:10:00+09:00,1859000.0,1860000.0,1846000.0,1851000.0,54670.0
2026-09-10 12:20:00+09:00,1850000.0,1854000.0,1845000.0,1849000.0,45399.0
2026-09-10 12:30:00+09:00,1849000.0,1851000.0,1839000.0,1844000.0,43769.0
2026-09-10 12:40:00+09:00,1843000.0,1851000.0,1841000.0,1848000.0,48575.0
2026-09-10 12:50:00+09:00,1848000.0,1849000.0,1840000.0,1843000.0,46203.0
2026-09-10 13:00:00+09:00,1843000.0,1848000.0,1840000.0,1843000.0,52000.0
2026-09-10 13:10:00+09:00,1844000.0,1850000.0,1843000.0,1848000.0,44526.0
2026-09-10 13:20:00+09:00,1847000.0,1851000.0,1846000.0,1849000.0,61092.0
2026-09-10 13:30:00+09:00,1849000.0,1859000.0,1848000.0,1858000.0,57425.0
2026-09-10 13:40:00+09:00,1859000.0,1860000.0,1852000.0,1856000.0,49888.0
2026-09-10 13:50:00+09:00,1857000.0,1864000.0,1856000.0,1864000.0,84813.0
2026-09-10 14:00:00+09:00,1863000.0,1864000.0,1851000.0,1855000.0,65701.0
2026-09-10 14:10:00+09:00,1854000.0,1860000.0,1852000.0,1860000.0,55709.0
2026-09-10 14:20:00+09:00,1859000.0,1864000.0,1858000.0,1863000.0,62523.0
2026-09-10 14:30:00+09:00,1863000.0,1872000.0,1862000.0,1867000.0,92137.0
2026-09-10 14:40:00+09:00,1868000.0,1870000.0,1864000.0,1864000.0,64205.0
2026-09-10 14:50:00+09:00,1865000.0,1865000.0,1851000.0,1859000.0,68588.0
2026-09-11 09:00:00+09:00,1773000.0,1785000.0,1771000.0,1778000.0,255383.0
2026-09-11 09:10:00+09:00,1778000.0,1780000.0,1769000.0,1770000.0,169120.0
2026-09-11 09:20:00+09:00,1769000.0,1794000.0,1768000.0,1794000.0,136226.0
2026-09-11 09:30:00+09:00,1794000.0,1795000.0,1783000.0,1784000.0,81170.0
2026-09-11 09:40:00+09:00,1784000.0,1787000.0,1772000.0,1777000.0,91111.0
2026-09-11 09:50:00+09:00,1776000.0,1790000.0,1776000.0,1790000.0,52798.0
2026-09-11 10:00:00+09:00,1789000.0,1790000.0,1780000.0,1782000.0,55071.0
2026-09-11 10:10:00+09:00,1782000.0,1786000.0,1778000.0,1781000.0,66820.0
2026-09-11 10:20:00+09:00,1781000.0,1781000.0,1773000.0,1774000.0,72788.0
2026-09-11 10:30:00+09:00,1773000.0,1787000.0,1773000.0,1783000.0,63271.0
2026-09-11 10:40:00+09:00,1784000.0,1784000.0,1777000.0,1781000.0,43520.0
2026-09-11 10:50:00+09:00,1782000.0,1786000.0,1778000.0,1782000.0,38871.0
2026-09-11 11:00:00+09:00,1782000.0,1786000.0,1779500.0,1784000.0,42014.0
2026-09-11 11:10:00+09:00,1785000.0,1795000.0,1784000.0,1792000.0,71381.0
2026-09-11 11:20:00+09:00,1792000.0,1793000.0,1784000.0,1787000.0,35360.0
2026-09-11 11:30:00+09:00,1786000.0,1788000.0,1780000.0,1786000.0,41672.0
2026-09-11 11:40:00+09:00,1786000.0,1789000.0,1782000.0,1788500.0,27610.0
2026-09-11 11:50:00+09:00,1788500.0,1790000.0,1783500.0,1786000.0,32449.0
2026-09-11 12:00:00+09:00,1787000.0,1788000.0,1782000.0,1784000.0,32117.0
2026-09-11 12:10:00+09:00,1784000.0,1784000.0,1777000.0,1780000.0,44624.0
2026-09-11 12:20:00+09:00,1780000.0,1780000.0,1773000.0,1777000.0,62445.0
2026-09-11 12:30:00+09:00,1778000.0,1782000.0,1774000.0,1782000.0,30023.0
2026-09-11 12:40:00+09:00,1782000.0,1789000.0,1780000.0,1781000.0,42288.0
2026-09-11 12:50:00+09:00,1781000.0,1786000.0,1777000.0,1783500.0,44250.0
2026-09-11 13:00:00+09:00,1783000.0,1785000.0,1779000.0,1784000.0,37956.0
2026-09-11 13:10:00+09:00,1784500.0,1787000.0,1780000.0,1786000.0,36060.0
2026-09-11 13:20:00+09:00,1785000.0,1792000.0,1785000.0,1790000.0,44908.0
2026-09-11 13:30:00+09:00,1790000.0,1803000.0,1788000.0,1802000.0,75835.0
2026-09-11 13:40:00+09:00,1802000.0,1812000.0,1801000.0,1809000.0,70292.0
2026-09-11 13:50:00+09:00,1810000.0,1810000.0,1796000.0,1796000.0,47719.0
2026-09-11 14:00:00+09:00,1797000.0,1798000.0,1789000.0,1797000.0,50343.0
2026-09-11 14:10:00+09:00,1797000.0,1802000.0,1794000.0,1798000.0,45108.0
2026-09-11 14:20:00+09:00,1797000.0,1801500.0,1793000.0,1794000.0,37774.0
2026-09-11 14:30:00+09:00,1794000.0,1802000.0,1793000.0,1801000.0,42620.0
2026-09-11 14:40:00+09:00,1800000.0,1807000.0,1800000.0,1804000.0,44971.0
2026-09-11 14:50:00+09:00,1804000.0,1827000.0,1803000.0,1815000.0,96294.0
2026-09-14 09:00:00+09:00,1707000.0,1729000.0,1707000.0,1727000.0,106557.0
2026-09-14 09:10:00+09:00,1727000.0,1727000.0,1712000.0,1714000.0,209790.0
2026-09-14 09:20:00+09:00,1714000.0,1724000.0,1712000.0,1714000.0,143006.0
2026-09-14 09:30:00+09:00,1714000.0,1725000.0,1712000.0,1712500.0,130032.0
2026-09-14 09:40:00+09:00,1712500.0,1721500.0,1710000.0,1718000.0,133606.0
2026-09-14 09:50:00+09:00,1718000.0,1721000.0,1710000.0,1711000.0,83840.0
2026-09-14 10:00:00+09:00,1710000.0,1712000.0,1701000.0,1702000.0,179253.0
2026-09-14 10:10:00+09:00,1702000.0,1708000.0,1696000.0,1700000.0,146208.0
2026-09-14 10:20:00+09:00,1700000.0,1712000.0,1695000.0,1710000.0,111612.0
2026-09-14 10:30:00+09:00,1709500.0,1722000.0,1709500.0,1721000.0,99441.0
2026-09-14 10:40:00+09:00,1720000.0,1725000.0,1715000.0,1719500.0,73632.0
2026-09-14 10:50:00+09:00,1719000.0,1733000.0,1714000.0,1732000.0,75786.0
2026-09-14 11:00:00+09:00,1731000.0,1740000.0,1729000.0,1737000.0,95350.0
2026-09-14 11:10:00+09:00,1737000.0,1740000.0,1731000.0,1735000.0,49806.0
2026-09-14 11:20:00+09:00,1735000.0,1740000.0,1732000.0,1735000.0,45268.0
2026-09-14 11:30:00+09:00,1735000.0,1739000.0,1729000.0,1729000.0,40944.0
2026-09-14 11:40:00+09:00,1729000.0,1735000.0,1725000.0,1734500.0,45237.0
2026-09-14 11:50:00+09:00,1734500.0,1737000.0,1729000.0,1730000.0,41915.0
2026-09-14 12:00:00+09:00,1730000.0,1735000.0,1728000.0,1730000.0,32111.0
2026-09-14 12:10:00+09:00,1731000.0,1733000.0,1724000.0,1726000.0,38728.0
2026-09-14 12:20:00+09:00,1725500.0,1729000.0,1721000.0,1728000.0,34214.0
2026-09-14 12:30:00+09:00,1728000.0,1728000.0,1720000.0,1721000.0,31541.0
2026-09-14 12:40:00+09:00,1720000.0,1724000.0,1716000.0,1720500.0,48089.0
2026-09-14 12:50:00+09:00,1721000.0,1721000.0,1716000.0,1716000.0,43892.0
2026-09-14 13:00:00+09:00,1716000.0,1721000.0,1714000.0,1715000.0,60238.0
2026-09-14 13:10:00+09:00,1714000.0,1715000.0,1707000.0,1713000.0,63124.0
2026-09-14 13:20:00+09:00,1714000.0,1717000.0,1710000.0,1711000.0,44149.0
2026-09-14 13:30:00+09:00,1711000.0,1714000.0,1708000.0,1713000.0,39131.0
2026-09-14 13:40:00+09:00,1712000.0,1714000.0,1710000.0,1711000.0,35473.0
2026-09-14 13:50:00+09:00,1711000.0,1713000.0,1705000.0,1709000.0,54333.0
2026-09-14 14:00:00+09:00,1709000.0,1712000.0,1705000.0,1707000.0,51842.0
2026-09-14 14:10:00+09:00,1706000.0,1707000.0,1700000.0,1702000.0,79498.0
2026-09-14 14:20:00+09:00,1701000.0,1702000.0,1695000.0,1700000.0,127860.0
2026-09-14 14:30:00+09:00,1699000.0,1708000.0,1696000.0,1705000.0,93915.0
2026-09-14 14:40:00+09:00,1705000.0,1705000.0,1695000.0,1696000.0,89653.0
2026-09-14 14:50:00+09:00,1696000.0,1700000.0,1693000.0,1697000.0,100360.0
2026-09-15 09:00:00+09:00,1690000.0,1707000.0,1685000.0,1700000.0,268645.0
2026-09-15 09:10:00+09:00,1700000.0,1702000.0,1692000.0,1697000.0,84269.0
2026-09-15 09:20:00+09:00,1697000.0,1720000.0,1694000.0,1709000.0,152297.0
2026-09-15 09:30:00+09:00,1710000.0,1720000.0,1705000.0,1719000.0,80979.0
2026-09-15 09:40:00+09:00,1718000.0,1725000.0,1704000.0,1704000.0,96216.0
2026-09-15 09:50:00+09:00,1704000.0,1709500.0,1700000.0,1702000.0,64915.0
2026-09-15 10:00:00+09:00,1701000.0,1709000.0,1698000.0,1705000.0,65761.0
2026-09-15 10:10:00+09:00,1706000.0,1714000.0,1702000.0,1713000.0,47774.0
2026-09-15 10:20:00+09:00,1714000.0,1720000.0,1711000.0,1711500.0,63006.0
2026-09-15 10:30:00+09:00,1711500.0,1719000.0,1708000.0,1709000.0,64354.0
2026-09-15 10:40:00+09:00,1710000.0,1710000.0,1702000.0,1710000.0,50349.0
2026-09-15 10:50:00+09:00,1710000.0,1714000.0,1704000.0,1712000.0,48713.0
2026-09-15 11:00:00+09:00,1712000.0,1715000.0,1706000.0,1709000.0,45458.0
2026-09-15 11:10:00+09:00,1710000.0,1713000.0,1707000.0,1709000.0,42262.0
2026-09-15 11:20:00+09:00,1710000.0,1718000.0,1709000.0,1718000.0,41620.0
2026-09-15 11:30:00+09:00,1717000.0,1725000.0,1715000.0,1723000.0,71932.0
2026-09-15 11:40:00+09:00,1723000.0,1727000.0,1720000.0,1727000.0,47912.0
2026-09-15 11:50:00+09:00,1727000.0,1729000.0,1721000.0,1723000.0,43986.0
2026-09-15 12:00:00+09:00,1723000.0,1725000.0,1719000.0,1721000.0,32860.0
2026-09-15 12:10:00+09:00,1722000.0,1722000.0,1715000.0,1717500.0,28830.0
2026-09-15 12:20:00+09:00,1717500.0,1720500.0,1713000.0,1717500.0,30449.0
2026-09-15 12:30:00+09:00,1718000.0,1719000.0,1713000.0,1714000.0,30360.0
2026-09-15 12:40:00+09:00,1714000.0,1718000.0,1713000.0,1716000.0,28774.0
2026-09-15 12:50:00+09:00,1716000.0,1719000.0,1705000.0,1706000.0,39658.0
2026-09-15 13:00:00+09:00,1705000.0,1709000.0,1703000.0,1703500.0,43801.0
2026-09-15 13:10:00+09:00,1704000.0,1705000.0,1697000.0,1699500.0,49187.0
2026-09-15 13:20:00+09:00,1699000.0,1701500.0,1690000.0,1695000.0,63355.0
2026-09-15 13:30:00+09:00,1694000.0,1697000.0,1691000.0,1693000.0,48532.0
2026-09-15 13:40:00+09:00,1693000.0,1701000.0,1693000.0,1695000.0,48589.0
2026-09-15 13:50:00+09:00,1695000.0,1696000.0,1685000.0,1685000.0,62246.0
2026-09-15 14:00:00+09:00,1685000.0,1690000.0,1682000.0,1682000.0,58263.0
2026-09-15 14:10:00+09:00,1682000.0,1683000.0,1671000.0,1677000.0,88249.0
2026-09-15 14:20:00+09:00,1676000.0,1685500.0,1673000.0,1683500.0,70934.0
2026-09-15 14:30:00+09:00,1683500.0,1691000.0,1681000.0,1687000.0,63333.0
2026-09-15 14:40:00+09:00,1687000.0,1697000.0,1687000.0,1691000.0,60673.0
2026-09-15 14:50:00+09:00,1690000.0,1693500.0,1683000.0,1684000.0,49342.0
2026-09-16 09:00:00+09:00,1686000.0,1710000.0,1686000.0,1700000.0,202679.0
2026-09-16 09:10:00+09:00,1701000.0,1717000.0,1697000.0,1713500.0,103900.0
2026-09-16 09:20:00+09:00,1713500.0,1720000.0,1711000.0,1715500.0,86534.0
2026-09-16 09:30:00+09:00,1715000.0,1729000.0,1712000.0,1727000.0,104894.0
2026-09-16 09:40:00+09:00,1727000.0,1731000.0,1721000.0,1727000.0,96587.0
2026-09-16 09:50:00+09:00,1727000.0,1728000.0,1718000.0,1722000.0,54719.0
2026-09-16 10:00:00+09:00,1723000.0,1724000.0,1714000.0,1714000.0,58987.0
2026-09-16 10:10:00+09:00,1714500.0,1719500.0,1711000.0,1712000.0,59865.0
2026-09-16 10:20:00+09:00,1712000.0,1720000.0,1711000.0,1716000.0,45207.0
2026-09-16 10:30:00+09:00,1716000.0,1717500.0,1708500.0,1712500.0,48818.0
2026-09-16 10:40:00+09:00,1712000.0,1717000.0,1710000.0,1716000.0,33436.0
2026-09-16 10:50:00+09:00,1715000.0,1716000.0,1707000.0,1708000.0,65705.0
2026-09-16 11:00:00+09:00,1708000.0,1718000.0,1707000.0,1715000.0,42549.0
2026-09-16 11:10:00+09:00,1715000.0,1718000.0,1710000.0,1716000.0,35678.0
2026-09-16 11:20:00+09:00,1716000.0,1719000.0,1712000.0,1716000.0,48266.0
2026-09-16 11:30:00+09:00,1716000.0,1720000.0,1716000.0,1718000.0,42103.0
2026-09-16 11:40:00+09:00,1718000.0,1722000.0,1714000.0,1721000.0,33389.0
2026-09-16 11:50:00+09:00,1721000.0,1723000.0,1719000.0,1723000.0,36879.0
2026-09-16 12:00:00+09:00,1722000.0,1730000.0,1722000.0,1726000.0,68143.0
2026-09-16 12:10:00+09:00,1726000.0,1733000.0,1726000.0,1731000.0,71357.0
2026-09-16 12:20:00+09:00,1731500.0,1732000.0,1725000.0,1726000.0,44570.0
2026-09-16 12:30:00+09:00,1726000.0,1729000.0,1723000.0,1728000.0,36098.0
2026-09-16 12:40:00+09:00,1728500.0,1735000.0,1727000.0,1734000.0,56936.0
2026-09-16 12:50:00+09:00,1734000.0,1740000.0,1733000.0,1737000.0,72086.0
2026-09-16 13:00:00+09:00,1737500.0,1744000.0,1737000.0,1744000.0,60625.0
2026-09-16 13:10:00+09:00,1743500.0,1748000.0,1742000.0,1747000.0,61758.0
2026-09-16 13:20:00+09:00,1746500.0,1750000.0,1740000.0,1741000.0,71639.0
2026-09-16 13:30:00+09:00,1740000.0,1744000.0,1738000.0,1742000.0,57238.0
2026-09-16 13:40:00+09:00,1742000.0,1745000.0,1737000.0,1738500.0,40361.0
2026-09-16 13:50:00+09:00,1739000.0,1740000.0,1733000.0,1735000.0,49413.0
2026-09-16 14:00:00+09:00,1735500.0,1739000.0,1731000.0,1737000.0,52867.0
2026-09-16 14:10:00+09:00,1736500.0,1740000.0,1732000.0,1738000.0,60303.0
2026-09-16 14:20:00+09:00,1737000.0,1740000.0,1733000.0,1739000.0,63910.0
2026-09-16 14:30:00+09:00,1738500.0,1740000.0,1736000.0,1740000.0,60042.0
2026-09-16 14:40:00+09:00,1740000.0,1746000.0,1739000.0,1743000.0,65989.0
2026-09-16 14:50:00+09:00,1742000.0,1744000.0,1740000.0,1741000.0,50511.0
2026-09-17 09:00:00+09:00,1770000.0,1785000.0,1750000.0,1751000.0,324038.0
2026-09-17 09:10:00+09:00,1750500.0,1755000.0,1742000.0,1752000.0,125567.0
2026-09-17 09:20:00+09:00,1752000.0,1753000.0,1740000.0,1741000.0,88498.0
2026-09-17 09:30:00+09:00,1741000.0,1750000.0,1735000.0,1750000.0,94682.0
2026-09-17 09:40:00+09:00,1749000.0,1751000.0,1736000.0,1744000.0,69462.0
2026-09-17 09:50:00+09:00,1744000.0,1753000.0,1741000.0,1753000.0,57218.0
2026-09-17 10:00:00+09:00,1753000.0,1763000.0,1747000.0,1760000.0,93812.0
2026-09-17 10:10:00+09:00,1760000.0,1762000.0,1755000.0,1761000.0,47237.0
2026-09-17 10:20:00+09:00,1760000.0,1764000.0,1754000.0,1757000.0,46081.0
2026-09-17 10:30:00+09:00,1757000.0,1763000.0,1750000.0,1757000.0,47579.0
2026-09-17 10:40:00+09:00,1758000.0,1760000.0,1749000.0,1750000.0,46689.0
2026-09-17 10:50:00+09:00,1751000.0,1752000.0,1744000.0,1750000.0,55028.0
2026-09-17 11:00:00+09:00,1750000.0,1752000.0,1742000.0,1745000.0,41833.0
2026-09-17 11:10:00+09:00,1744500.0,1748000.0,1742000.0,1745000.0,42190.0
2026-09-17 11:20:00+09:00,1745000.0,1745000.0,1739000.0,1740000.0,41877.0
2026-09-17 11:30:00+09:00,1741000.0,1747000.0,1740000.0,1747000.0,37794.0
2026-09-17 11:40:00+09:00,1746000.0,1748000.0,1742000.0,1746000.0,32420.0
2026-09-17 11:50:00+09:00,1747000.0,1748000.0,1743000.0,1745000.0,37123.0
2026-09-17 12:00:00+09:00,1745000.0,1748000.0,1741000.0,1746000.0,30294.0
2026-09-17 12:10:00+09:00,1747000.0,1748000.0,1741000.0,1742000.0,25649.0
2026-09-17 12:20:00+09:00,1743000.0,1751000.0,1741000.0,1749000.0,40142.0
2026-09-17 12:30:00+09:00,1750000.0,1752000.0,1748000.0,1751000.0,33915.0
2026-09-17 12:40:00+09:00,1751500.0,1756000.0,1749000.0,1752000.0,45881.0
2026-09-17 12:50:00+09:00,1752000.0,1756000.0,1750000.0,1755000.0,47885.0
2026-09-17 13:00:00+09:00,1756000.0,1762000.0,1754000.0,1759000.0,73632.0
2026-09-17 13:10:00+09:00,1759000.0,1764000.0,1756000.0,1764000.0,55138.0
2026-09-17 13:20:00+09:00,1763000.0,1764000.0,1760000.0,1762000.0,51920.0
2026-09-17 13:30:00+09:00,1762000.0,1764000.0,1758000.0,1763000.0,52009.0
2026-09-17 13:40:00+09:00,1763000.0,1775000.0,1763000.0,1771000.0,99691.0
2026-09-17 13:50:00+09:00,1772000.0,1773000.0,1766000.0,1768000.0,58358.0
2026-09-17 14:00:00+09:00,1769000.0,1769000.0,1762000.0,1766000.0,51914.0
2026-09-17 14:10:00+09:00,1766000.0,1769000.0,1759000.0,1759000.0,60425.0
2026-09-17 14:20:00+09:00,1759000.0,1762000.0,1753000.0,1754000.0,50461.0
2026-09-17 14:30:00+09:00,1754000.0,1755000.0,1748000.0,1750000.0,48602.0
2026-09-17 14:40:00+09:00,1749000.0,1750000.0,1742000.0,1747000.0,66693.0
2026-09-17 14:50:00+09:00,1747000.0,1749000.0,1742000.0,1742000.0,42138.0
2026-09-18 09:00:00+09:00,1810000.0,1822000.0,1805000.0,1819000.0,261153.0
2026-09-18 09:10:00+09:00,1820000.0,1825000.0,1816000.0,1825000.0,113936.0
2026-09-18 09:20:00+09:00,1824000.0,1828000.0,1817000.0,1823000.0,97922.0
2026-09-18 09:30:00+09:00,1823000.0,1828000.0,1820000.0,1821000.0,72193.0
2026-09-18 09:40:00+09:00,1820000.0,1824000.0,1815000.0,1822000.0,81611.0
2026-09-18 09:50:00+09:00,1822000.0,1827000.0,1818000.0,1822000.0,67770.0
2026-09-18 10:00:00+09:00,1822000.0,1828000.0,1821000.0,1825000.0,72863.0
2026-09-18 10:10:00+09:00,1826000.0,1826000.0,1817000.0,1820000.0,57596.0
2026-09-18 10:20:00+09:00,1820000.0,1824000.0,1813000.0,1818000.0,61293.0
2026-09-18 10:30:00+09:00,1818500.0,1825000.0,1817000.0,1822500.0,59351.0
2026-09-18 10:40:00+09:00,1822500.0,1827000.0,1822000.0,1826000.0,55033.0
2026-09-18 10:50:00+09:00,1826500.0,1827000.0,1821000.0,1822000.0,44774.0
2026-09-18 11:00:00+09:00,1823000.0,1825000.0,1819000.0,1822000.0,41285.0
2026-09-18 11:10:00+09:00,1822000.0,1825000.0,1820000.0,1822000.0,43795.0
2026-09-18 11:20:00+09:00,1822000.0,1825000.0,1818000.0,1821000.0,41027.0
2026-09-18 11:30:00+09:00,1821000.0,1825000.0,1820000.0,1822000.0,46775.0
2026-09-18 11:40:00+09:00,1822000.0,1825000.0,1822000.0,1823000.0,41355.0
2026-09-18 11:50:00+09:00,1824000.0,1827000.0,1822000.0,1824000.0,64484.0
2026-09-18 12:00:00+09:00,1825000.0,1830000.0,1824000.0,1830000.0,90349.0
2026-09-18 12:10:00+09:00,1830000.0,1838000.0,1829000.0,1834000.0,123794.0
2026-09-18 12:20:00+09:00,1835000.0,1841000.0,1834000.0,1839000.0,91009.0
2026-09-18 12:30:00+09:00,1839000.0,1840000.0,1832000.0,1836000.0,71401.0
2026-09-18 12:40:00+09:00,1836000.0,1842000.0,1836000.0,1841000.0,52989.0
2026-09-18 12:50:00+09:00,1841000.0,1847000.0,1841000.0,1846000.0,86996.0
2026-09-18 13:00:00+09:00,1846000.0,1850000.0,1846000.0,1849500.0,61423.0
2026-09-18 13:10:00+09:00,1849000.0,1851000.0,1847000.0,1849000.0,89131.0
2026-09-18 13:20:00+09:00,1849000.0,1850000.0,1843000.0,1848000.0,63800.0
2026-09-18 13:30:00+09:00,1848000.0,1850000.0,1845000.0,1847000.0,44737.0
2026-09-18 13:40:00+09:00,1847000.0,1850000.0,1846000.0,1850000.0,54101.0
2026-09-18 13:50:00+09:00,1850000.0,1852000.0,1849000.0,1850000.0,64368.0
2026-09-18 14:00:00+09:00,1849000.0,1850000.0,1843000.0,1844000.0,67573.0
2026-09-18 14:10:00+09:00,1845000.0,1852000.0,1844000.0,1851000.0,80276.0
2026-09-18 14:20:00+09:00,1850000.0,1852000.0,1844000.0,1847000.0,59292.0
2026-09-18 14:30:00+09:00,1846000.0,1851000.0,1846000.0,1850000.0,66146.0
2026-09-18 14:40:00+09:00,1850000.0,1851000.0,1843000.0,1845000.0,62142.0
2026-09-18 14:50:00+09:00,1844000.0,1846000.0,1833000.0,1835000.0,68961.0
2026-09-21 09:00:00+09:00,1872000.0,1888000.0,1863000.0,1868000.0,102826.0
2026-09-21 09:10:00+09:00,1868500.0,1869000.0,1847000.0,1847000.0,176162.0
2026-09-21 09:20:00+09:00,1847000.0,1870000.0,1847000.0,1863000.0,115669.0
2026-09-21 09:30:00+09:00,1863000.0,1866000.0,1855000.0,1858500.0,52851.0
2026-09-21 09:40:00+09:00,1859000.0,1866000.0,1856000.0,1862000.0,63259.0
2026-09-21 09:50:00+09:00,1862000.0,1870000.0,1861000.0,1869000.0,73423.0
2026-09-21 10:00:00+09:00,1869000.0,1878000.0,1868000.0,1875000.0,96564.0
2026-09-21 10:10:00+09:00,1876000.0,1881000.0,1875000.0,1875000.0,79215.0
2026-09-21 10:20:00+09:00,1875000.0,1882000.0,1875000.0,1876000.0,71310.0
2026-09-21 10:30:00+09:00,1876000.0,1879000.0,1871500.0,1876000.0,59374.0
2026-09-21 10:40:00+09:00,1876000.0,1881000.0,1874000.0,1876000.0,71224.0
2026-09-21 10:50:00+09:00,1876500.0,1877000.0,1865000.0,1865000.0,49948.0
2026-09-21 11:00:00+09:00,1865000.0,1873000.0,1865000.0,1869000.0,38823.0
2026-09-21 11:10:00+09:00,1870000.0,1873000.0,1868000.0,1869000.0,48473.0
2026-09-21 11:20:00+09:00,1869000.0,1872000.0,1867000.0,1869500.0,37783.0
2026-09-21 11:30:00+09:00,1870000.0,1871000.0,1865000.0,1868000.0,34521.0
2026-09-21 11:40:00+09:00,1868000.0,1870000.0,1866000.0,1870000.0,38464.0
2026-09-21 11:50:00+09:00,1870000.0,1872000.0,1869000.0,1869000.0,33892.0
2026-09-21 12:00:00+09:00,1869000.0,1877000.0,1869000.0,1876000.0,45213.0
2026-09-21 12:10:00+09:00,1875500.0,1878000.0,1872000.0,1876500.0,44566.0
2026-09-21 12:20:00+09:00,1877000.0,1878000.0,1871000.0,1872000.0,35754.0
2026-09-21 12:30:00+09:00,1873000.0,1875000.0,1869000.0,1871000.0,43364.0
2026-09-21 12:40:00+09:00,1872000.0,1876000.0,1871000.0,1875000.0,39365.0
2026-09-21 12:50:00+09:00,1875000.0,1878000.0,1874000.0,1877000.0,39620.0
2026-09-21 13:00:00+09:00,1877000.0,1879000.0,1874000.0,1876000.0,53469.0
2026-09-21 13:10:00+09:00,1877000.0,1879000.0,1872000.0,1878000.0,44501.0
2026-09-21 13:20:00+09:00,1877000.0,1879000.0,1875000.0,1878000.0,51950.0
2026-09-21 13:30:00+09:00,1878000.0,1879000.0,1873000.0,1877000.0,51008.0
2026-09-21 13:40:00+09:00,1877000.0,1879000.0,1875000.0,1875000.0,46338.0
2026-09-21 13:50:00+09:00,1876000.0,1876000.0,1872000.0,1873000.0,50822.0
2026-09-21 14:00:00+09:00,1874000.0,1875000.0,1869000.0,1872000.0,53542.0
2026-09-21 14:10:00+09:00,1872000.0,1874000.0,1863000.0,1869000.0,61435.0
2026-09-21 14:20:00+09:00,1869000.0,1870000.0,1864000.0,1864000.0,45373.0
2026-09-21 14:30:00+09:00,1865000.0,1871000.0,1864000.0,1868500.0,54600.0
2026-09-21 14:40:00+09:00,1868000.0,1872000.0,1866000.0,1867000.0,45809.0
2026-09-21 14:50:00+09:00,1867000.0,1870000.0,1864000.0,1864000.0,40073.0
2026-09-22 09:00:00+09:00,1909000.0,1930000.0,1904000.0,1928000.0,311557.0
2026-09-22 09:10:00+09:00,1928000.0,1935000.0,1925000.0,1929000.0,137820.0
2026-09-22 09:20:00+09:00,1929000.0,1931000.0,1920000.0,1925000.0,90065.0
2026-09-22 09:30:00+09:00,1925000.0,1935000.0,1924000.0,1933000.0,88595.0
2026-09-22 09:40:00+09:00,1933000.0,1934000.0,1923000.0,1923000.0,62641.0
2026-09-22 09:50:00+09:00,1923000.0,1925000.0,1918000.0,1923000.0,58708.0
2026-09-22 10:00:00+09:00,1923000.0,1925000.0,1918000.0,1923000.0,55084.0
2026-09-22 10:10:00+09:00,1923000.0,1923000.0,1915000.0,1916500.0,61268.0
2026-09-22 10:20:00+09:00,1916500.0,1922000.0,1916000.0,1921000.0,51990.0
2026-09-22 10:30:00+09:00,1921000.0,1921500.0,1913000.0,1914000.0,53648.0
2026-09-22 10:40:00+09:00,1914000.0,1916000.0,1910000.0,1911000.0,61508.0
2026-09-22 10:50:00+09:00,1910000.0,1918000.0,1907000.0,1914000.0,53416.0
2026-09-22 11:00:00+09:00,1915000.0,1921000.0,1914000.0,1918000.0,50653.0
2026-09-22 11:10:00+09:00,1918000.0,1918000.0,1910000.0,1914000.0,35113.0
2026-09-22 11:20:00+09:00,1913000.0,1920000.0,1912000.0,1915000.0,36758.0
2026-09-22 11:30:00+09:00,1915000.0,1920000.0,1912000.0,1918000.0,41667.0
2026-09-22 11:40:00+09:00,1918000.0,1920000.0,1917000.0,1918000.0,39679.0
2026-09-22 11:50:00+09:00,1917000.0,1921000.0,1916000.0,1920000.0,37512.0
2026-09-22 12:00:00+09:00,1920000.0,1922000.0,1915000.0,1916000.0,36162.0
2026-09-22 12:10:00+09:00,1916500.0,1920000.0,1915000.0,1915500.0,36109.0
2026-09-22 12:20:00+09:00,1915000.0,1918000.0,1915000.0,1915000.0,28062.0
2026-09-22 12:30:00+09:00,1916000.0,1917000.0,1913000.0,1915000.0,27143.0
2026-09-22 12:40:00+09:00,1914000.0,1915000.0,1910000.0,1912000.0,32521.0
2026-09-22 12:50:00+09:00,1912000.0,1913000.0,1898000.0,1898000.0,74193.0
2026-09-22 13:00:00+09:00,1898000.0,1904000.0,1895000.0,1896000.0,67548.0
2026-09-22 13:10:00+09:00,1896000.0,1897000.0,1882000.0,1882000.0,82051.0
2026-09-22 13:20:00+09:00,1882000.0,1890000.0,1882000.0,1884000.0,69309.0
2026-09-22 13:30:00+09:00,1884000.0,1885000.0,1874000.0,1874000.0,82177.0
2026-09-22 13:40:00+09:00,1874000.0,1878000.0,1864000.0,1867000.0,103223.0
2026-09-22 13:50:00+09:00,1867000.0,1872000.0,1860000.0,1863000.0,102531.0
2026-09-22 14:00:00+09:00,1863000.0,1874000.0,1861000.0,1868000.0,87932.0
2026-09-22 14:10:00+09:00,1869000.0,1869000.0,1848000.0,1849000.0,121542.0
2026-09-22 14:20:00+09:00,1849000.0,1853000.0,1838000.0,1841000.0,105393.0
2026-09-22 14:30:00+09:00,1841000.0,1846000.0,1832000.0,1845000.0,113964.0
2026-09-22 14:40:00+09:00,1845000.0,1853000.0,1838000.0,1853000.0,90236.0
2026-09-22 14:50:00+09:00,1852000.0,1860000.0,1850000.0,1856000.0,71957.0
2026-09-23 09:00:00+09:00,1899000.0,1900000.0,1873000.0,1877000.0,201244.0
2026-09-23 09:10:00+09:00,1877000.0,1881000.0,1868000.0,1871000.0,161461.0
2026-09-23 09:20:00+09:00,1870000.0,1878000.0,1863000.0,1874000.0,115047.0
2026-09-23 09:30:00+09:00,1874000.0,1878000.0,1862000.0,1869000.0,93667.0
2026-09-23 09:40:00+09:00,1868000.0,1874000.0,1861000.0,1861000.0,65478.0
2026-09-23 09:50:00+09:00,1861000.0,1864000.0,1851000.0,1858000.0,111364.0
2026-09-23 10:00:00+09:00,1858000.0,1868000.0,1854000.0,1866000.0,82980.0
2026-09-23 10:10:00+09:00,1865000.0,1867000.0,1865000.0,1867000.0,6850.0
2026-09-23 10:20:00+09:00,1872500.0,1873000.0,1866000.0,1868000.0,54076.0
2026-09-23 10:30:00+09:00,1868000.0,1869000.0,1855000.0,1860000.0,56958.0
2026-09-23 10:40:00+09:00,1860000.0,1861000.0,1853000.0,1853000.0,61004.0
2026-09-23 10:50:00+09:00,1853000.0,1855000.0,1843000.0,1845000.0,119104.0
2026-09-23 11:00:00+09:00,1845000.0,1851000.0,1838000.0,1838000.0,101594.0
2026-09-23 11:10:00+09:00,1839000.0,1845000.0,1837000.0,1840000.0,63997.0
2026-09-23 11:20:00+09:00,1840500.0,1845000.0,1838000.0,1841000.0,54229.0
2026-09-23 11:30:00+09:00,1841000.0,1844000.0,1836000.0,1839000.0,62511.0
2026-09-23 11:40:00+09:00,1839000.0,1847000.0,1838000.0,1845000.0,43289.0
2026-09-23 11:50:00+09:00,1845000.0,1850000.0,1842000.0,1847000.0,42303.0
2026-09-23 12:00:00+09:00,1846000.0,1850000.0,1844000.0,1848000.0,48022.0
2026-09-23 12:10:00+09:00,1848000.0,1849000.0,1842000.0,1844000.0,34679.0
2026-09-23 12:20:00+09:00,1844000.0,1852000.0,1843000.0,1847000.0,47607.0
2026-09-23 12:30:00+09:00,1848000.0,1853000.0,1847000.0,1852000.0,31301.0
2026-09-23 12:40:00+09:00,1852000.0,1856000.0,1849000.0,1849000.0,46206.0
2026-09-23 12:50:00+09:00,1849000.0,1850000.0,1842000.0,1843000.0,32951.0
2026-09-23 13:00:00+09:00,1842000.0,1853000.0,1842000.0,1852000.0,43204.0
2026-09-23 13:10:00+09:00,1852000.0,1854000.0,1850000.0,1852000.0,39011.0
2026-09-23 13:20:00+09:00,1852000.0,1854000.0,1845000.0,1848000.0,44210.0
2026-09-23 13:30:00+09:00,1848000.0,1853000.0,1848000.0,1853000.0,16296.0
2026-09-23 13:40:00+09:00,1852000.0,1854000.0,1849000.0,1853000.0,40024.0
2026-09-23 13:50:00+09:00,1853000.0,1854000.0,1851000.0,1851000.0,17011.0
2026-09-23 14:00:00+09:00,1850000.0,1850000.0,1844000.0,1847000.0,53742.0
2026-09-23 14:10:00+09:00,1846000.0,1850000.0,1846000.0,1848000.0,41651.0
2026-09-23 14:20:00+09:00,1847000.0,1848000.0,1841000.0,1842000.0,54500.0
2026-09-23 14:30:00+09:00,1842000.0,1848000.0,1841000.0,1847000.0,53498.0
2026-09-23 14:40:00+09:00,1848000.0,1856000.0,1843000.0,1854000.0,71431.0
2026-09-23 14:50:00+09:00,1854000.0,1861000.0,1852000.0,1853000.0,73384.0
