,Open,High,Low,Close,Volume
2026-06-29 09:00:00+09:00,20600.0,20900.0,20450.0,20800.0,0.0
2026-06-29 09:05:00+09:00,20800.0,21050.0,20750.0,20900.0,1991.0
2026-06-29 09:10:00+09:00,20850.0,21350.0,20850.0,21350.0,3408.0
2026-06-29 09:15:00+09:00,21350.0,21450.0,21300.0,21300.0,1397.0
2026-06-29 09:20:00+09:00,21400.0,21950.0,21300.0,21950.0,4631.0
2026-06-29 09:25:00+09:00,21950.0,22050.0,21800.0,21900.0,5047.0
2026-06-29 09:30:00+09:00,21900.0,22300.0,21800.0,22200.0,5510.0
2026-06-29 09:35:00+09:00,22200.0,22200.0,21900.0,21950.0,2843.0
2026-06-29 09:40:00+09:00,22000.0,22150.0,21950.0,22100.0,3235.0
2026-06-29 09:45:00+09:00,22150.0,22300.0,21950.0,22250.0,3771.0
2026-06-29 09:50:00+09:00,22250.0,22350.0,22200.0,22350.0,2784.0
2026-06-29 09:55:00+09:00,22300.0,22450.0,22200.0,22350.0,2918.0
2026-06-29 10:00:00+09:00,22450.0,22450.0,22050.0,22150.0,1716.0
2026-06-29 10:05:00+09:00,22100.0,22300.0,22100.0,22250.0,2097.0
2026-06-29 10:10:00+09:00,22250.0,22450.0,22250.0,22400.0,2270.0
2026-06-29 10:15:00+09:00,22350.0,22500.0,22300.0,22350.0,3680.0
2026-06-29 10:20:00+09:00,22350.0,22500.0,22300.0,22500.0,1968.0
2026-06-29 10:25:00+09:00,22450.0,22600.0,22400.0,22400.0,3003.0
2026-06-29 10:30:00+09:00,22400.0,22450.0,22400.0,22450.0,831.0
2026-06-29 10:35:00+09:00,22450.0,22550.0,22350.0,22400.0,1280.0
2026-06-29 10:40:00+09:00,22350.0,22450.0,22300.0,22450.0,1701.0
2026-06-29 10:45:00+09:00,22400.0,22650.0,22400.0,22650.0,3825.0
2026-06-29 10:50:00+09:00,22700.0,22700.0,22400.0,22500.0,1510.0
2026-06-29 10:55:00+09:00,22500.0,22550.0,22450.0,22450.0,1453.0
2026-06-29 11:00:00+09:00,22500.0,22550.0,22450.0,22500.0,757.0
2026-06-29 11:05:00+09:00,22500.0,22550.0,22450.0,22450.0,1431.0
2026-06-29 11:10:00+09:00,22450.0,22450.0,22300.0,22300.0,2122.0
2026-06-29 11:15:00+09:00,22350.0,22550.0,22350.0,22500.0,1546.0
2026-06-29 11:20:00+09:00,22500.0,22550.0,22400.0,22450.0,1767.0
2026-06-29 11:25:00+09:00,22450.0,22500.0,22400.0,22450.0,728.0
2026-06-29 11:30:00+09:00,22450.0,22500.0,22450.0,22500.0,271.0
2026-06-29 11:35:00+09:00,22500.0,22600.0,22450.0,22600.0,806.0
2026-06-29 11:40:00+09:00,22600.0,22600.0,22500.0,22550.0,764.0
2026-06-29 11:45:00+09:00,22550.0,22600.0,22500.0,22550.0,1083.0
2026-06-29 11:50:00+09:00,22600.0,22600.0,22500.0,22600.0,663.0
2026-06-29 11:55:00+09:00,22600.0,22650.0,22500.0,22600.0,1175.0
2026-06-29 12:00:00+09:00,22650.0,22700.0,22600.0,22700.0,426.0
2026-06-29 12:05:00+09:00,22700.0,22700.0,22600.0,22650.0,774.0
2026-06-29 12:10:00+09:00,22650.0,22650.0,22500.0,22600.0,791.0
2026-06-29 12:15:00+09:00,22550.0,22600.0,22550.0,22600.0,405.0
2026-06-29 12:20:00+09:00,22600.0,22650.0,22500.0,22500.0,903.0
2026-06-29 12:25:00+09:00,22500.0,22600.0,22500.0,22600.0,326.0
2026-06-29 12:30:00+09:00,22600.0,22600.0,22350.0,22600.0,3148.0
2026-06-29 12:35:00+09:00,22600.0,22700.0,22600.0,22650.0,927.0
2026-06-29 12:40:00+09:00,22600.0,22750.0,22600.0,22750.0,1239.0
2026-06-29 12:45:00+09:00,22750.0,22800.0,22700.0,22700.0,1068.0
2026-06-29 12:50:00+09:00,22750.0,22800.0,22750.0,22750.0,1397.0
2026-06-29 12:55:00+09:00,22800.0,22850.0,22750.0,22750.0,2496.0
2026-06-29 13:00:00+09:00,22800.0,22800.0,22650.0,22750.0,1305.0
2026-06-29 13:05:00+09:00,22750.0,22800.0,22700.0,22750.0,778.0
2026-06-29 13:10:00+09:00,22800.0,22800.0,22700.0,22750.0,2099.0
2026-06-29 13:15:00+09:00,22700.0,22700.0,22650.0,22650.0,1183.0
2026-06-29 13:20:00+09:00,22650.0,22700.0,22600.0,22600.0,2204.0
2026-06-29 13:25:00+09:00,22600.0,22650.0,22600.0,22650.0,552.0
2026-06-29 13:30:00+09:00,22650.0,22650.0,22550.0,22600.0,1288.0
2026-06-29 13:35:00+09:00,22650.0,22650.0,22550.0,22550.0,994.0
2026-06-29 13:40:00+09:00,22550.0,22550.0,22400.0,22450.0,3028.0
2026-06-29 13:45:00+09:00,22450.0,22500.0,22400.0,22450.0,2138.0
2026-06-29 13:50:00+09:00,22450.0,22650.0,22400.0,22650.0,2286.0
2026-06-29 13:55:00+09:00,22650.0,22650.0,22450.0,22500.0,3298.0
2026-06-29 14:00:00+09:00,22500.0,22550.0,22500.0,22550.0,576.0
2026-06-29 14:05:00+09:00,22550.0,22550.0,22500.0,22550.0,973.0
2026-06-29 14:10:00+09:00,22500.0,22550.0,22500.0,22550.0,726.0
2026-06-29 14:15:00+09:00,22550.0,22700.0,22550.0,22650.0,4008.0
2026-06-29 14:20:00+09:00,22650.0,22700.0,22600.0,22700.0,1516.0
2026-06-29 14:25:00+09:00,22700.0,22700.0,22550.0,22600.0,1935.0
2026-06-29 14:30:00+09:00,22600.0,22700.0,22500.0,22650.0,3858.0
2026-06-29 14:35:00+09:00,22650.0,22700.0,22650.0,22700.0,1330.0
2026-06-29 14:40:00+09:00,22700.0,22700.0,22700.0,22700.0,889.0
2026-06-29 14:45:00+09:00,22700.0,22800.0,22650.0,22750.0,3489.0
2026-06-29 14:50:00+09:00,22750.0,22800.0,22750.0,22800.0,2500.0
2026-06-29 14:55:00+09:00,22750.0,22900.0,22750.0,22850.0,2965.0
2026-06-30 09:00:00+09:00,22300.0,22500.0,22150.0,22250.0,2054.0
2026-06-30 09:05:00+09:00,22250.0,22750.0,22200.0,22650.0,2422.0
2026-06-30 09:10:00+09:00,22600.0,22650.0,22450.0,22550.0,2292.0
2026-06-30 09:15:00+09:00,22550.0,22550.0,22300.0,22300.0,843.0
2026-06-30 09:20:00+09:00,22250.0,22300.0,22200.0,22250.0,1113.0
2026-06-30 09:25:00+09:00,22250.0,22300.0,22100.0,22100.0,1326.0
2026-06-30 09:30:00+09:00,22100.0,22150.0,22050.0,22150.0,1610.0
2026-06-30 09:35:00+09:00,22150.0,22300.0,22150.0,22250.0,1350.0
2026-06-30 09:40:00+09:00,22250.0,22300.0,22200.0,22250.0,1245.0
2026-06-30 09:45:00+09:00,22250.0,22300.0,22200.0,22200.0,1144.0
2026-06-30 09:50:00+09:00,22250.0,22350.0,22250.0,22300.0,811.0
2026-06-30 09:55:00+09:00,22300.0,22400.0,22300.0,22400.0,855.0
2026-06-30 10:00:00+09:00,22400.0,22400.0,22250.0,22300.0,1377.0
2026-06-30 10:05:00+09:00,22300.0,22300.0,22250.0,22300.0,313.0
2026-06-30 10:10:00+09:00,22300.0,22300.0,22100.0,22150.0,1839.0
2026-06-30 10:15:00+09:00,22100.0,22150.0,22000.0,22050.0,724.0
2026-06-30 10:20:00+09:00,22050.0,22050.0,21850.0,22000.0,2240.0
2026-06-30 10:25:00+09:00,21950.0,22150.0,21900.0,22150.0,1106.0
2026-06-30 10:30:00+09:00,22150.0,22200.0,22100.0,22100.0,1199.0
2026-06-30 10:35:00+09:00,22150.0,22150.0,21950.0,21950.0,1672.0
2026-06-30 10:40:00+09:00,21950.0,22000.0,21900.0,21900.0,820.0
2026-06-30 10:45:00+09:00,21900.0,22000.0,21850.0,21850.0,2261.0
2026-06-30 10:50:00+09:00,21850.0,21950.0,21850.0,21950.0,4931.0
2026-06-30 10:55:00+09:00,21950.0,22150.0,21900.0,22000.0,1320.0
2026-06-30 11:00:00+09:00,22050.0,22050.0,21950.0,22000.0,1000.0
2026-06-30 11:05:00+09:00,22000.0,22000.0,21900.0,21950.0,643.0
2026-06-30 11:10:00+09:00,21950.0,21950.0,21800.0,21900.0,896.0
2026-06-30 11:15:00+09:00,21850.0,21900.0,21800.0,21800.0,360.0
2026-06-30 11:20:00+09:00,21800.0,21950.0,21800.0,21950.0,1397.0
2026-06-30 11:25:00+09:00,21900.0,21950.0,21800.0,21800.0,872.0
2026-06-30 11:30:00+09:00,21800.0,21950.0,21800.0,21900.0,1062.0
2026-06-30 11:35:00+09:00,21900.0,22000.0,21900.0,21950.0,427.0
2026-06-30 11:40:00+09:00,22000.0,22000.0,21900.0,21900.0,484.0
2026-06-30 11:45:00+09:00,21900.0,21950.0,21900.0,21900.0,203.0
2026-06-30 11:50:00+09:00,21950.0,21950.0,21850.0,21850.0,766.0
2026-06-30 11:55:00+09:00,21850.0,21900.0,21800.0,21850.0,1718.0
2026-06-30 12:00:00+09:00,21850.0,21900.0,21850.0,21900.0,410.0
2026-06-30 12:05:00+09:00,21850.0,21950.0,21850.0,21850.0,1044.0
2026-06-30 12:10:00+09:00,21850.0,21850.0,21850.0,21850.0,28.0
2026-06-30 12:15:00+09:00,21850.0,22050.0,21850.0,21950.0,919.0
2026-06-30 12:20:00+09:00,21950.0,21950.0,21900.0,21900.0,184.0
2026-06-30 12:25:00+09:00,21900.0,21950.0,21900.0,21950.0,70.0
2026-06-30 12:30:00+09:00,21950.0,21950.0,21900.0,21950.0,63.0
2026-06-30 12:35:00+09:00,21900.0,21950.0,21900.0,21900.0,137.0
2026-06-30 12:40:00+09:00,21900.0,21950.0,21900.0,21900.0,154.0
2026-06-30 12:45:00+09:00,21950.0,22050.0,21850.0,22050.0,2636.0
2026-06-30 12:50:00+09:00,22050.0,22050.0,21900.0,21900.0,655.0
2026-06-30 12:55:00+09:00,21950.0,21950.0,21850.0,21850.0,4149.0
2026-06-30 13:00:00+09:00,21900.0,21950.0,21850.0,21850.0,3015.0
2026-06-30 13:05:00+09:00,21850.0,21900.0,21850.0,21900.0,371.0
2026-06-30 13:10:00+09:00,21850.0,21850.0,21750.0,21750.0,792.0
2026-06-30 13:15:00+09:00,21750.0,21900.0,21750.0,21850.0,1540.0
2026-06-30 13:20:00+09:00,21850.0,21850.0,21800.0,21850.0,116.0
2026-06-30 13:25:00+09:00,21850.0,21850.0,21800.0,21800.0,176.0
2026-06-30 13:30:00+09:00,21800.0,21950.0,21800.0,21950.0,1846.0
2026-06-30 13:35:00+09:00,21950.0,21950.0,21900.0,21950.0,34.0
2026-06-30 13:40:00+09:00,21950.0,21950.0,21900.0,21950.0,130.0
2026-06-30 13:45:00+09:00,21900.0,21900.0,21800.0,21850.0,1523.0
2026-06-30 13:50:00+09:00,21800.0,22050.0,21800.0,22050.0,1463.0
2026-06-30 13:55:00+09:00,21900.0,22000.0,21900.0,22000.0,608.0
2026-06-30 14:00:00+09:00,21950.0,22000.0,21900.0,21950.0,487.0
2026-06-30 14:05:00+09:00,21900.0,21950.0,21900.0,21900.0,453.0
2026-06-30 14:10:00+09:00,21950.0,21950.0,21900.0,21950.0,134.0
2026-06-30 14:15:00+09:00,21900.0,21950.0,21900.0,21950.0,636.0
2026-06-30 14:20:00+09:00,21950.0,21950.0,21900.0,21950.0,106.0
2026-06-30 14:25:00+09:00,21950.0,21950.0,21850.0,21850.0,642.0
2026-06-30 14:30:00+09:00,21850.0,21900.0,21800.0,21850.0,521.0
2026-06-30 14:35:00+09:00,21850.0,21850.0,21800.0,21850.0,229.0
2026-06-30 14:40:00+09:00,21800.0,21950.0,21800.0,21900.0,2052.0
2026-06-30 14:45:00+09:00,21900.0,21950.0,21850.0,21900.0,952.0
2026-06-30 14:50:00+09:00,21900.0,21950.0,21850.0,21850.0,760.0
2026-06-30 14:55:00+09:00,21850.0,21950.0,21850.0,21850.0,794.0
2026-07-01 09:00:00+09:00,22000.0,22250.0,21850.0,22100.0,4698.0
2026-07-01 09:05:00+09:00,22100.0,22300.0,22050.0,22250.0,3323.0
2026-07-01 09:10:00+09:00,22300.0,22450.0,22200.0,22450.0,1987.0
2026-07-01 09:15:00+09:00,22500.0,22750.0,22500.0,22750.0,2021.0
2026-07-01 09:20:00+09:00,22750.0,22900.0,22750.0,22850.0,1459.0
2026-07-01 09:25:00+09:00,22800.0,22850.0,22800.0,22850.0,969.0
2026-07-01 09:30:00+09:00,22800.0,22900.0,22750.0,22900.0,557.0
2026-07-01 09:35:00+09:00,22900.0,22950.0,22850.0,22850.0,1293.0
2026-07-01 09:40:00+09:00,22850.0,22950.0,22800.0,22850.0,1594.0
2026-07-01 09:45:00+09:00,22850.0,22900.0,22550.0,22850.0,2848.0
2026-07-01 09:50:00+09:00,22850.0,22900.0,22800.0,22900.0,518.0
2026-07-01 09:55:00+09:00,22900.0,22950.0,22850.0,22900.0,2654.0
2026-07-01 10:00:00+09:00,22900.0,22950.0,22700.0,22750.0,1930.0
2026-07-01 10:05:00+09:00,22750.0,22800.0,22700.0,22800.0,799.0
2026-07-01 10:10:00+09:00,22800.0,22800.0,22700.0,22700.0,692.0
2026-07-01 10:15:00+09:00,22700.0,22750.0,22700.0,22700.0,932.0
2026-07-01 10:20:00+09:00,22700.0,22800.0,22650.0,22800.0,1016.0
2026-07-01 10:25:00+09:00,22800.0,23100.0,22800.0,23050.0,7725.0
2026-07-01 10:30:00+09:00,23050.0,23100.0,22850.0,22950.0,2000.0
2026-07-01 10:35:00+09:00,22950.0,23000.0,22950.0,23000.0,499.0
2026-07-01 10:40:00+09:00,23000.0,23050.0,22950.0,22950.0,1351.0
2026-07-01 10:45:00+09:00,23000.0,23050.0,22750.0,22850.0,2599.0
2026-07-01 10:50:00+09:00,22800.0,22950.0,22800.0,22950.0,923.0
2026-07-01 10:55:00+09:00,22950.0,23050.0,22850.0,23050.0,2599.0
2026-07-01 11:00:00+09:00,23050.0,23050.0,22900.0,23050.0,3283.0
2026-07-01 11:05:00+09:00,22900.0,23050.0,22900.0,22950.0,1425.0
2026-07-01 11:10:00+09:00,22950.0,22950.0,22850.0,22950.0,1400.0
2026-07-01 11:15:00+09:00,22950.0,22950.0,22850.0,22850.0,1426.0
2026-07-01 11:20:00+09:00,22850.0,22950.0,22800.0,22950.0,1019.0
2026-07-01 11:25:00+09:00,22950.0,22950.0,22900.0,22900.0,1437.0
2026-07-01 11:30:00+09:00,22900.0,22950.0,22900.0,22950.0,1027.0
2026-07-01 11:35:00+09:00,22950.0,22950.0,22850.0,22950.0,800.0
2026-07-01 11:40:00+09:00,22950.0,23050.0,22950.0,23050.0,2133.0
2026-07-01 11:45:00+09:00,23050.0,23100.0,23000.0,23100.0,1964.0
2026-07-01 11:50:00+09:00,23100.0,23100.0,23050.0,23100.0,1028.0
2026-07-01 11:55:00+09:00,23100.0,23100.0,23050.0,23100.0,2257.0
2026-07-01 12:00:00+09:00,23000.0,23050.0,22950.0,23000.0,1234.0
2026-07-01 12:05:00+09:00,23000.0,23100.0,23000.0,23100.0,736.0
2026-07-01 12:10:00+09:00,23050.0,23150.0,23000.0,23150.0,2277.0
2026-07-01 12:15:00+09:00,23100.0,23150.0,23050.0,23050.0,1306.0
2026-07-01 12:20:00+09:00,23100.0,23150.0,23050.0,23150.0,1006.0
2026-07-01 12:25:00+09:00,23100.0,23150.0,23050.0,23100.0,1964.0
2026-07-01 12:30:00+09:00,23100.0,23150.0,23100.0,23150.0,1409.0
2026-07-01 12:35:00+09:00,23150.0,23200.0,23100.0,23200.0,2221.0
2026-07-01 12:40:00+09:00,23150.0,23200.0,23100.0,23150.0,1733.0
2026-07-01 12:45:00+09:00,23150.0,23200.0,23100.0,23200.0,1020.0
2026-07-01 12:50:00+09:00,23150.0,23200.0,23000.0,23050.0,2730.0
2026-07-01 12:55:00+09:00,23100.0,23150.0,23050.0,23100.0,1653.0
2026-07-01 13:00:00+09:00,23150.0,23150.0,22950.0,23050.0,1653.0
2026-07-01 13:05:00+09:00,23050.0,23100.0,23000.0,23100.0,1007.0
2026-07-01 13:10:00+09:00,23050.0,23100.0,22950.0,23000.0,1005.0
2026-07-01 13:15:00+09:00,23000.0,23100.0,22950.0,23100.0,1071.0
2026-07-01 13:20:00+09:00,23100.0,23150.0,22950.0,23050.0,1212.0
2026-07-01 13:25:00+09:00,23050.0,23050.0,22950.0,23050.0,1523.0
2026-07-01 13:30:00+09:00,22950.0,23050.0,22950.0,23050.0,1222.0
2026-07-01 13:35:00+09:00,23050.0,23050.0,22800.0,22900.0,3199.0
2026-07-01 13:40:00+09:00,22900.0,23000.0,22900.0,22900.0,1626.0
2026-07-01 13:45:00+09:00,22950.0,23000.0,22900.0,23000.0,1107.0
2026-07-01 13:50:00+09:00,22950.0,23000.0,22900.0,22950.0,1471.0
2026-07-01 13:55:00+09:00,22900.0,23150.0,22850.0,22950.0,2233.0
2026-07-01 14:00:00+09:00,22900.0,23050.0,22800.0,22950.0,2099.0
2026-07-01 14:05:00+09:00,23000.0,23050.0,22900.0,23050.0,1044.0
2026-07-01 14:10:00+09:00,22950.0,23000.0,22800.0,22850.0,2496.0
2026-07-01 14:15:00+09:00,22850.0,22900.0,22800.0,22900.0,1025.0
2026-07-01 14:20:00+09:00,22900.0,23000.0,22850.0,22950.0,1664.0
2026-07-01 14:25:00+09:00,23000.0,23000.0,22850.0,22950.0,2447.0
2026-07-01 14:30:00+09:00,22950.0,23050.0,22900.0,23050.0,1141.0
2026-07-01 14:35:00+09:00,23050.0,23100.0,23000.0,23000.0,1719.0
2026-07-01 14:40:00+09:00,23050.0,23050.0,22950.0,23050.0,1820.0
2026-07-01 14:45:00+09:00,23050.0,23050.0,22950.0,23050.0,1775.0
2026-07-01 14:50:00+09:00,23050.0,23100.0,23000.0,23000.0,2359.0
2026-07-01 14:55:00+09:00,23000.0,23150.0,23000.0,23150.0,1368.0
2026-07-02 09:00:00+09:00,23000.0,23500.0,22950.0,23350.0,4961.0
2026-07-02 09:05:00+09:00,23350.0,23800.0,23200.0,23700.0,8120.0
2026-07-02 09:10:00+09:00,23700.0,23750.0,23350.0,23450.0,3233.0
2026-07-02 09:15:00+09:00,23450.0,23450.0,23300.0,23400.0,4389.0
2026-07-02 09:20:00+09:00,23350.0,23600.0,23350.0,23550.0,4158.0
2026-07-02 09:25:00+09:00,23550.0,23850.0,23100.0,23100.0,7012.0
2026-07-02 09:30:00+09:00,23400.0,23950.0,23400.0,23900.0,8118.0
2026-07-02 09:35:00+09:00,23900.0,24000.0,23850.0,23850.0,4006.0
2026-07-02 09:40:00+09:00,23900.0,24050.0,23750.0,23800.0,6001.0
2026-07-02 09:45:00+09:00,23850.0,24000.0,23800.0,24000.0,4055.0
2026-07-02 09:50:00+09:00,24000.0,24100.0,23900.0,23950.0,4613.0
2026-07-02 09:55:00+09:00,24100.0,24100.0,23950.0,24000.0,3527.0
2026-07-02 10:00:00+09:00,24000.0,24250.0,23950.0,24250.0,5361.0
2026-07-02 10:05:00+09:00,24250.0,24500.0,24250.0,24500.0,4373.0
2026-07-02 10:10:00+09:00,24500.0,24600.0,24450.0,24500.0,5040.0
2026-07-02 10:15:00+09:00,24500.0,24800.0,24400.0,24750.0,8948.0
2026-07-02 10:20:00+09:00,24850.0,24900.0,24650.0,24700.0,15738.0
2026-07-02 10:25:00+09:00,24700.0,24800.0,24650.0,24750.0,13452.0
2026-07-02 10:30:00+09:00,24700.0,24800.0,24700.0,24750.0,3525.0
2026-07-02 10:35:00+09:00,24750.0,25000.0,24750.0,24900.0,7721.0
2026-07-02 10:40:00+09:00,24850.0,24900.0,24800.0,24900.0,2138.0
2026-07-02 10:45:00+09:00,24900.0,25050.0,24850.0,24950.0,7576.0
2026-07-02 10:50:00+09:00,24950.0,25350.0,24950.0,25350.0,15061.0
2026-07-02 10:55:00+09:00,25300.0,25350.0,25050.0,25200.0,9027.0
2026-07-02 11:00:00+09:00,25150.0,25300.0,25100.0,25250.0,5898.0
2026-07-02 11:05:00+09:00,25250.0,25300.0,25150.0,25200.0,8353.0
2026-07-02 11:10:00+09:00,25200.0,25300.0,25100.0,25200.0,4950.0
2026-07-02 11:15:00+09:00,25200.0,25200.0,25050.0,25050.0,1086.0
2026-07-02 11:20:00+09:00,25050.0,25100.0,25000.0,25050.0,1004.0
2026-07-02 11:25:00+09:00,25050.0,25250.0,25000.0,25200.0,2141.0
2026-07-02 11:30:00+09:00,25200.0,25200.0,25050.0,25100.0,1466.0
2026-07-02 11:35:00+09:00,25100.0,25150.0,24850.0,24850.0,1181.0
2026-07-02 11:40:00+09:00,24800.0,25000.0,24800.0,24850.0,792.0
2026-07-02 11:45:00+09:00,24850.0,25000.0,24850.0,24950.0,568.0
2026-07-02 11:50:00+09:00,24950.0,25000.0,24850.0,24850.0,1492.0
2026-07-02 11:55:00+09:00,24850.0,24950.0,24750.0,24900.0,2252.0
2026-07-02 12:00:00+09:00,24900.0,25000.0,24850.0,24950.0,4875.0
2026-07-02 12:05:00+09:00,24950.0,25100.0,24900.0,25050.0,1338.0
2026-07-02 12:10:00+09:00,25050.0,25050.0,24950.0,24950.0,796.0
2026-07-02 12:15:00+09:00,25000.0,25000.0,24900.0,24900.0,680.0
2026-07-02 12:20:00+09:00,25000.0,25000.0,24300.0,25000.0,8053.0
2026-07-02 12:25:00+09:00,25000.0,25050.0,24850.0,25000.0,3929.0
2026-07-02 12:30:00+09:00,24950.0,25000.0,24900.0,24950.0,425.0
2026-07-02 12:35:00+09:00,24975.0,25000.0,24950.0,25000.0,732.0
2026-07-02 12:40:00+09:00,25000.0,25000.0,24950.0,24950.0,706.0
2026-07-02 12:45:00+09:00,25000.0,25000.0,24900.0,25000.0,1439.0
2026-07-02 12:50:00+09:00,25000.0,25000.0,24700.0,24900.0,6110.0
2026-07-02 12:55:00+09:00,24900.0,24900.0,24800.0,24900.0,2044.0
2026-07-02 13:00:00+09:00,24900.0,24950.0,24850.0,24900.0,614.0
2026-07-02 13:05:00+09:00,24900.0,24900.0,24750.0,24800.0,3239.0
2026-07-02 13:10:00+09:00,24800.0,24800.0,24700.0,24800.0,2098.0
2026-07-02 13:15:00+09:00,24750.0,24800.0,24650.0,24800.0,3151.0
2026-07-02 13:20:00+09:00,24800.0,24850.0,24750.0,24800.0,2765.0
2026-07-02 13:25:00+09:00,24750.0,24850.0,24750.0,24800.0,2202.0
2026-07-02 13:30:00+09:00,24800.0,24800.0,24750.0,24750.0,2020.0
2026-07-02 13:35:00+09:00,24750.0,24800.0,24700.0,24700.0,2505.0
2026-07-02 13:40:00+09:00,24750.0,24800.0,24650.0,24700.0,2173.0
2026-07-02 13:45:00+09:00,24700.0,24750.0,24600.0,24600.0,3373.0
2026-07-02 13:50:00+09:00,24600.0,24700.0,24450.0,24600.0,3984.0
2026-07-02 13:55:00+09:00,24650.0,24700.0,24550.0,24700.0,2869.0
2026-07-02 14:00:00+09:00,24700.0,24700.0,24600.0,24700.0,2799.0
2026-07-02 14:05:00+09:00,24700.0,24700.0,24600.0,24700.0,2140.0
2026-07-02 14:10:00+09:00,24750.0,24750.0,24600.0,24650.0,2722.0
2026-07-02 14:15:00+09:00,24650.0,24700.0,24500.0,24600.0,2753.0
2026-07-02 14:20:00+09:00,24650.0,24650.0,24450.0,24500.0,3054.0
2026-07-02 14:25:00+09:00,24500.0,24550.0,24450.0,24450.0,1914.0
2026-07-02 14:30:00+09:00,24500.0,24500.0,24350.0,24350.0,2859.0
2026-07-02 14:35:00+09:00,24350.0,24450.0,24350.0,24400.0,6243.0
2026-07-02 14:40:00+09:00,24400.0,24450.0,24400.0,24400.0,1785.0
2026-07-02 14:45:00+09:00,24400.0,24450.0,24300.0,24350.0,3878.0
2026-07-02 14:50:00+09:00,24350.0,24450.0,24300.0,24300.0,2246.0
2026-07-02 14:55:00+09:00,24300.0,24450.0,24300.0,24400.0,1989.0
2026-07-03 09:00:00+09:00,24150.0,24350.0,24000.0,24100.0,4352.0
2026-07-03 09:05:00+09:00,24050.0,24050.0,23750.0,23750.0,2406.0
2026-07-03 09:10:00+09:00,23800.0,24050.0,23800.0,23950.0,936.0
2026-07-03 09:15:00+09:00,24000.0,24050.0,23800.0,24050.0,567.0
2026-07-03 09:20:00+09:00,24050.0,24050.0,23800.0,23800.0,1958.0
2026-07-03 09:25:00+09:00,23850.0,24250.0,23800.0,23800.0,2179.0
2026-07-03 09:30:00+09:00,23800.0,23950.0,23750.0,23750.0,3911.0
2026-07-03 09:35:00+09:00,23800.0,24050.0,23750.0,24050.0,1232.0
2026-07-03 09:40:00+09:00,23950.0,24000.0,23750.0,23750.0,1993.0
2026-07-03 09:45:00+09:00,23750.0,23850.0,23750.0,23800.0,1939.0
2026-07-03 09:50:00+09:00,23750.0,23900.0,23650.0,23850.0,3949.0
2026-07-03 09:55:00+09:00,23900.0,23900.0,23750.0,23850.0,688.0
2026-07-03 10:00:00+09:00,23850.0,24100.0,23800.0,24100.0,2174.0
2026-07-03 10:05:00+09:00,24050.0,24200.0,24050.0,24150.0,1877.0
2026-07-03 10:10:00+09:00,24100.0,24400.0,24100.0,24350.0,2239.0
2026-07-03 10:15:00+09:00,24350.0,24500.0,24350.0,24450.0,1595.0
2026-07-03 10:20:00+09:00,24500.0,24500.0,24300.0,24350.0,1361.0
2026-07-03 10:25:00+09:00,24400.0,24400.0,24150.0,24200.0,2765.0
2026-07-03 10:30:00+09:00,24200.0,24200.0,24150.0,24150.0,1099.0
2026-07-03 10:35:00+09:00,24150.0,24150.0,24000.0,24000.0,4155.0
2026-07-03 10:40:00+09:00,23950.0,24100.0,23900.0,24050.0,1871.0
2026-07-03 10:45:00+09:00,24050.0,24100.0,24050.0,24050.0,1103.0
2026-07-03 10:50:00+09:00,24050.0,24050.0,23900.0,23950.0,1402.0
2026-07-03 10:55:00+09:00,23950.0,24000.0,23800.0,23850.0,1686.0
2026-07-03 11:00:00+09:00,23850.0,23900.0,23800.0,23800.0,1411.0
2026-07-03 11:05:00+09:00,23850.0,24000.0,23800.0,24000.0,3703.0
2026-07-03 11:10:00+09:00,24000.0,24050.0,23950.0,24050.0,1680.0
2026-07-03 11:15:00+09:00,24025.0,24100.0,24000.0,24000.0,1347.0
2026-07-03 11:20:00+09:00,23950.0,24050.0,23950.0,24050.0,454.0
2026-07-03 11:25:00+09:00,24000.0,24100.0,24000.0,24100.0,417.0
2026-07-03 11:30:00+09:00,24100.0,24100.0,23950.0,23950.0,1458.0
2026-07-03 11:35:00+09:00,23950.0,24000.0,23950.0,23950.0,698.0
2026-07-03 11:40:00+09:00,23950.0,23950.0,23900.0,23950.0,384.0
2026-07-03 11:45:00+09:00,23900.0,24000.0,23900.0,23950.0,489.0
2026-07-03 11:50:00+09:00,23950.0,24000.0,23950.0,24000.0,612.0
2026-07-03 11:55:00+09:00,23950.0,24000.0,23950.0,23950.0,437.0
2026-07-03 12:00:00+09:00,23950.0,24000.0,23850.0,23850.0,1322.0
2026-07-03 12:05:00+09:00,23850.0,23850.0,23750.0,23850.0,1037.0
2026-07-03 12:10:00+09:00,23800.0,23950.0,23800.0,23950.0,551.0
2026-07-03 12:15:00+09:00,23900.0,24000.0,23900.0,23900.0,1099.0
2026-07-03 12:20:00+09:00,23950.0,24000.0,23850.0,23900.0,1005.0
2026-07-03 12:25:00+09:00,23900.0,23900.0,23750.0,23850.0,516.0
2026-07-03 12:30:00+09:00,23800.0,23900.0,23800.0,23900.0,710.0
2026-07-03 12:35:00+09:00,23850.0,23900.0,23800.0,23800.0,953.0
2026-07-03 12:40:00+09:00,23800.0,23850.0,23700.0,23700.0,2426.0
2026-07-03 12:45:00+09:00,23650.0,23900.0,23650.0,23900.0,3227.0
2026-07-03 12:50:00+09:00,23850.0,23850.0,23800.0,23800.0,765.0
2026-07-03 12:55:00+09:00,23850.0,23900.0,23750.0,23900.0,1960.0
2026-07-03 13:00:00+09:00,23900.0,23900.0,23850.0,23850.0,794.0
2026-07-03 13:05:00+09:00,23850.0,23850.0,23700.0,23750.0,1123.0
2026-07-03 13:10:00+09:00,23750.0,23750.0,23700.0,23700.0,709.0
2026-07-03 13:15:00+09:00,23700.0,23750.0,23650.0,23700.0,552.0
2026-07-03 13:20:00+09:00,23650.0,23700.0,23650.0,23650.0,507.0
2026-07-03 13:25:00+09:00,23700.0,23750.0,23650.0,23700.0,956.0
2026-07-03 13:30:00+09:00,23700.0,23700.0,23600.0,23600.0,8029.0
2026-07-03 13:35:00+09:00,23600.0,23700.0,23600.0,23650.0,3131.0
2026-07-03 13:40:00+09:00,23650.0,23700.0,23600.0,23650.0,862.0
2026-07-03 13:45:00+09:00,23600.0,23700.0,23600.0,23650.0,718.0
2026-07-03 13:50:00+09:00,23650.0,23800.0,23650.0,23750.0,1885.0
2026-07-03 13:55:00+09:00,23750.0,23800.0,23750.0,23800.0,415.0
2026-07-03 14:00:00+09:00,23750.0,23950.0,23750.0,23900.0,2874.0
2026-07-03 14:05:00+09:00,23900.0,23950.0,23850.0,23900.0,595.0
2026-07-03 14:10:00+09:00,23900.0,23950.0,23850.0,23850.0,726.0
2026-07-03 14:15:00+09:00,23875.0,23875.0,23800.0,23800.0,1483.0
2026-07-03 14:20:00+09:00,23825.0,23850.0,23800.0,23850.0,863.0
2026-07-03 14:25:00+09:00,23850.0,23900.0,23850.0,23850.0,810.0
2026-07-03 14:30:00+09:00,23850.0,23900.0,23800.0,23850.0,2656.0
2026-07-03 14:35:00+09:00,23900.0,23950.0,23850.0,23900.0,934.0
2026-07-03 14:40:00+09:00,23900.0,23950.0,23900.0,23900.0,1450.0
2026-07-03 14:45:00+09:00,23950.0,23950.0,23800.0,23800.0,1272.0
2026-07-03 14:50:00+09:00,23850.0,23850.0,23800.0,23850.0,546.0
2026-07-03 14:55:00+09:00,23850.0,23850.0,23800.0,23800.0,503.0
2026-07-06 09:00:00+09:00,24100.0,24400.0,24000.0,24050.0,0.0
2026-07-06 09:05:00+09:00,24050.0,24250.0,23900.0,24250.0,750.0
2026-07-06 09:10:00+09:00,24250.0,24700.0,24100.0,24650.0,2890.0
2026-07-06 09:15:00+09:00,24650.0,24800.0,24500.0,24750.0,4358.0
2026-07-06 09:20:00+09:00,24750.0,24800.0,24600.0,24700.0,1446.0
2026-07-06 09:25:00+09:00,24650.0,24750.0,24450.0,24600.0,3938.0
2026-07-06 09:30:00+09:00,24600.0,24750.0,24550.0,24600.0,1115.0
2026-07-06 09:35:00+09:00,24600.0,24800.0,24600.0,24800.0,2484.0
2026-07-06 09:40:00+09:00,24800.0,24850.0,24750.0,24800.0,3074.0
2026-07-06 09:45:00+09:00,24750.0,24750.0,24650.0,24700.0,1175.0
2026-07-06 09:50:00+09:00,24650.0,24700.0,24500.0,24600.0,1012.0
2026-07-06 09:55:00+09:00,24600.0,24650.0,24550.0,24600.0,714.0
2026-07-06 10:00:00+09:00,24500.0,24550.0,24350.0,24350.0,1072.0
2026-07-06 10:05:00+09:00,24350.0,24400.0,24250.0,24300.0,1466.0
2026-07-06 10:10:00+09:00,24250.0,24300.0,24200.0,24250.0,1335.0
2026-07-06 10:15:00+09:00,24250.0,24400.0,24250.0,24400.0,291.0
2026-07-06 10:20:00+09:00,24400.0,24400.0,24200.0,24200.0,432.0
2026-07-06 10:25:00+09:00,24200.0,24250.0,24150.0,24200.0,864.0
2026-07-06 10:30:00+09:00,24150.0,24250.0,24150.0,24250.0,588.0
2026-07-06 10:35:00+09:00,24250.0,24350.0,24200.0,24350.0,276.0
2026-07-06 10:40:00+09:00,24350.0,24400.0,24250.0,24400.0,413.0
2026-07-06 10:45:00+09:00,24250.0,24350.0,24200.0,24300.0,353.0
2026-07-06 10:50:00+09:00,24250.0,24350.0,24250.0,24250.0,559.0
2026-07-06 10:55:00+09:00,24200.0,24250.0,24150.0,24250.0,960.0
2026-07-06 11:00:00+09:00,24250.0,24350.0,24200.0,24350.0,476.0
2026-07-06 11:05:00+09:00,24300.0,24350.0,24250.0,24300.0,422.0
2026-07-06 11:10:00+09:00,24300.0,24300.0,24100.0,24150.0,901.0
2026-07-06 11:15:00+09:00,24150.0,24250.0,24100.0,24200.0,1455.0
2026-07-06 11:20:00+09:00,24200.0,24250.0,24150.0,24250.0,744.0
2026-07-06 11:25:00+09:00,24250.0,24250.0,24150.0,24200.0,417.0
2026-07-06 11:30:00+09:00,24150.0,24200.0,24100.0,24100.0,2504.0
2026-07-06 11:35:00+09:00,24150.0,24150.0,24100.0,24100.0,1234.0
2026-07-06 11:40:00+09:00,24150.0,24150.0,24100.0,24100.0,591.0
2026-07-06 11:45:00+09:00,24150.0,24150.0,24100.0,24100.0,572.0
2026-07-06 11:50:00+09:00,24100.0,24250.0,24050.0,24150.0,929.0
2026-07-06 11:55:00+09:00,24250.0,24250.0,24200.0,24250.0,431.0
2026-07-06 12:00:00+09:00,24200.0,24350.0,24200.0,24350.0,1599.0
2026-07-06 12:05:00+09:00,24350.0,24400.0,24250.0,24250.0,4858.0
2026-07-06 12:10:00+09:00,24350.0,24500.0,24350.0,24450.0,2845.0
2026-07-06 12:15:00+09:00,24450.0,24450.0,24200.0,24350.0,1691.0
2026-07-06 12:20:00+09:00,24400.0,24400.0,24350.0,24400.0,237.0
2026-07-06 12:25:00+09:00,24400.0,24400.0,24300.0,24350.0,1805.0
2026-07-06 12:30:00+09:00,24350.0,24350.0,24200.0,24350.0,2833.0
2026-07-06 12:35:00+09:00,24350.0,24350.0,24300.0,24300.0,1933.0
2026-07-06 12:40:00+09:00,24300.0,24300.0,24250.0,24300.0,78.0
2026-07-06 12:45:00+09:00,24300.0,24300.0,24150.0,24150.0,988.0
2026-07-06 12:50:00+09:00,24150.0,24250.0,24100.0,24150.0,1730.0
2026-07-06 12:55:00+09:00,24150.0,24200.0,24150.0,24150.0,811.0
2026-07-06 13:00:00+09:00,24175.0,24200.0,24150.0,24200.0,305.0
2026-07-06 13:05:00+09:00,24150.0,24150.0,24100.0,24100.0,1222.0
2026-07-06 13:10:00+09:00,24100.0,24200.0,24100.0,24200.0,639.0
2026-07-06 13:15:00+09:00,24200.0,24200.0,24150.0,24200.0,278.0
2026-07-06 13:20:00+09:00,24250.0,24350.0,24250.0,24350.0,542.0
2026-07-06 13:25:00+09:00,24300.0,24350.0,24300.0,24350.0,396.0
2026-07-06 13:30:00+09:00,24325.0,24500.0,24300.0,24450.0,3829.0
2026-07-06 13:35:00+09:00,24400.0,24450.0,24300.0,24350.0,1953.0
2026-07-06 13:40:00+09:00,24350.0,24400.0,24300.0,24350.0,752.0
2026-07-06 13:45:00+09:00,24350.0,24450.0,24300.0,24350.0,740.0
2026-07-06 13:50:00+09:00,24350.0,24400.0,24300.0,24350.0,1465.0
2026-07-06 13:55:00+09:00,24350.0,24450.0,24350.0,24450.0,857.0
2026-07-06 14:00:00+09:00,24450.0,24450.0,24350.0,24400.0,1413.0
2026-07-06 14:05:00+09:00,24400.0,24450.0,24350.0,24450.0,681.0
2026-07-06 14:10:00+09:00,24450.0,24450.0,24350.0,24350.0,1641.0
2026-07-06 14:15:00+09:00,24300.0,24350.0,24300.0,24350.0,526.0
2026-07-06 14:20:00+09:00,24300.0,24400.0,24300.0,24350.0,1412.0
2026-07-06 14:25:00+09:00,24350.0,24350.0,24300.0,24350.0,792.0
2026-07-06 14:30:00+09:00,24300.0,24300.0,24300.0,24300.0,1397.0
2026-07-06 14:35:00+09:00,24250.0,24250.0,24150.0,24200.0,1689.0
2026-07-06 14:40:00+09:00,24200.0,24200.0,24150.0,24200.0,1554.0
2026-07-06 14:45:00+09:00,24250.0,24250.0,24150.0,24150.0,2148.0
2026-07-06 14:50:00+09:00,24125.0,24250.0,24100.0,24250.0,1604.0
2026-07-06 14:55:00+09:00,24350.0,24350.0,24250.0,24250.0,397.0
2026-07-07 09:00:00+09:00,24200.0,24550.0,24000.0,24550.0,1979.0
2026-07-07 09:05:00+09:00,24550.0,24600.0,24450.0,24500.0,882.0
2026-07-07 09:10:00+09:00,24550.0,24700.0,24450.0,24600.0,2530.0
2026-07-07 09:15:00+09:00,24600.0,24600.0,24250.0,24550.0,1404.0
2026-07-07 09:20:00+09:00,24550.0,24700.0,24450.0,24600.0,2863.0
2026-07-07 09:25:00+09:00,24650.0,24950.0,24600.0,24800.0,5928.0
2026-07-07 09:30:00+09:00,24800.0,25050.0,24800.0,24950.0,5801.0
2026-07-07 09:35:00+09:00,24950.0,24950.0,24800.0,24850.0,2379.0
2026-07-07 09:40:00+09:00,24850.0,24900.0,24700.0,24700.0,2148.0
2026-07-07 09:45:00+09:00,24700.0,24850.0,24700.0,24700.0,635.0
2026-07-07 09:50:00+09:00,24650.0,24950.0,24600.0,24800.0,3440.0
2026-07-07 09:55:00+09:00,24800.0,24900.0,24750.0,24800.0,745.0
2026-07-07 10:00:00+09:00,24800.0,24800.0,24650.0,24750.0,310.0
2026-07-07 10:05:00+09:00,24700.0,24800.0,24650.0,24650.0,979.0
2026-07-07 10:10:00+09:00,24700.0,24850.0,24600.0,24850.0,1979.0
2026-07-07 10:15:00+09:00,24750.0,24850.0,24750.0,24750.0,814.0
2026-07-07 10:20:00+09:00,24750.0,24850.0,24700.0,24800.0,555.0
2026-07-07 10:25:00+09:00,24800.0,24800.0,24650.0,24650.0,1023.0
2026-07-07 10:30:00+09:00,24650.0,24700.0,24550.0,24550.0,980.0
2026-07-07 10:35:00+09:00,24550.0,24750.0,24550.0,24750.0,1122.0
2026-07-07 10:40:00+09:00,24750.0,24900.0,24650.0,24900.0,2251.0
2026-07-07 10:45:00+09:00,24900.0,25000.0,24900.0,24950.0,1982.0
2026-07-07 10:50:00+09:00,25000.0,25000.0,24900.0,24900.0,684.0
2026-07-07 10:55:00+09:00,24950.0,24950.0,24750.0,24750.0,611.0
2026-07-07 11:00:00+09:00,24700.0,24750.0,24700.0,24700.0,677.0
2026-07-07 11:05:00+09:00,24750.0,24750.0,24650.0,24750.0,517.0
2026-07-07 11:10:00+09:00,24700.0,24750.0,24650.0,24700.0,568.0
2026-07-07 11:15:00+09:00,24700.0,24800.0,24650.0,24800.0,1609.0
2026-07-07 11:20:00+09:00,24800.0,24950.0,24750.0,24950.0,2700.0
2026-07-07 11:25:00+09:00,24950.0,25000.0,24850.0,24950.0,2546.0
2026-07-07 11:30:00+09:00,24950.0,24950.0,24900.0,24950.0,2831.0
2026-07-07 11:35:00+09:00,24950.0,25000.0,24850.0,25000.0,1268.0
2026-07-07 11:40:00+09:00,25000.0,25000.0,24850.0,24950.0,1049.0
2026-07-07 11:45:00+09:00,24950.0,25000.0,24825.0,24850.0,538.0
2026-07-07 11:50:00+09:00,24850.0,24900.0,24800.0,24850.0,560.0
2026-07-07 11:55:00+09:00,24800.0,24800.0,24700.0,24700.0,416.0
2026-07-07 12:00:00+09:00,24750.0,24800.0,24650.0,24750.0,592.0
2026-07-07 12:05:00+09:00,24725.0,24950.0,24725.0,24950.0,1228.0
2026-07-07 12:10:00+09:00,24900.0,24950.0,24850.0,24900.0,804.0
2026-07-07 12:15:00+09:00,24900.0,24950.0,24750.0,24900.0,1418.0
2026-07-07 12:20:00+09:00,24900.0,24900.0,24700.0,24800.0,1716.0
2026-07-07 12:25:00+09:00,24800.0,24900.0,24700.0,24800.0,2047.0
2026-07-07 12:30:00+09:00,24800.0,24850.0,24750.0,24850.0,2278.0
2026-07-07 12:35:00+09:00,24800.0,24800.0,24700.0,24800.0,3915.0
2026-07-07 12:40:00+09:00,24800.0,24800.0,24750.0,24800.0,1019.0
2026-07-07 12:45:00+09:00,24800.0,24850.0,24600.0,24700.0,1415.0
2026-07-07 12:50:00+09:00,24750.0,24800.0,24600.0,24650.0,1849.0
2026-07-07 12:55:00+09:00,24600.0,24650.0,24550.0,24650.0,2046.0
2026-07-07 13:00:00+09:00,24650.0,24650.0,24500.0,24650.0,1492.0
2026-07-07 13:05:00+09:00,24600.0,24800.0,24550.0,24800.0,4120.0
2026-07-07 13:10:00+09:00,24800.0,24800.0,24650.0,24750.0,1265.0
2026-07-07 13:15:00+09:00,24650.0,24800.0,24650.0,24750.0,1744.0
2026-07-07 13:20:00+09:00,24750.0,24800.0,24750.0,24750.0,1680.0
2026-07-07 13:25:00+09:00,24750.0,24850.0,24750.0,24750.0,1920.0
2026-07-07 13:30:00+09:00,24750.0,24850.0,24750.0,24850.0,1907.0
2026-07-07 13:35:00+09:00,24850.0,24850.0,24750.0,24800.0,1459.0
2026-07-07 13:40:00+09:00,24800.0,24800.0,24650.0,24750.0,1485.0
2026-07-07 13:45:00+09:00,24750.0,24800.0,24650.0,24750.0,2709.0
2026-07-07 13:50:00+09:00,24775.0,24800.0,24725.0,24750.0,663.0
2026-07-07 14:20:00+09:00,24800.0,25000.0,24700.0,24900.0,7189.0
2026-07-07 14:25:00+09:00,24900.0,25000.0,24800.0,25000.0,3367.0
2026-07-07 14:30:00+09:00,25000.0,25050.0,24975.0,25050.0,5034.0
2026-07-07 14:35:00+09:00,25050.0,25150.0,25000.0,25100.0,4506.0
2026-07-07 14:40:00+09:00,25100.0,25150.0,25050.0,25100.0,4999.0
2026-07-07 14:45:00+09:00,25050.0,25100.0,24750.0,24850.0,1868.0
2026-07-07 14:50:00+09:00,24850.0,24900.0,24700.0,24750.0,3097.0
2026-07-07 14:55:00+09:00,24700.0,24900.0,24700.0,24900.0,2188.0
2026-07-08 09:00:00+09:00,25150.0,25150.0,24600.0,24650.0,3136.0
2026-07-08 09:05:00+09:00,24650.0,24650.0,24450.0,24450.0,4219.0
2026-07-08 09:10:00+09:00,24450.0,24700.0,24250.0,24300.0,2172.0
2026-07-08 09:15:00+09:00,24300.0,24400.0,24150.0,24300.0,5359.0
2026-07-08 09:20:00+09:00,24300.0,24550.0,24300.0,24350.0,1892.0
2026-07-08 09:25:00+09:00,24350.0,24550.0,24350.0,24400.0,2378.0
2026-07-08 09:30:00+09:00,24450.0,24550.0,24400.0,24550.0,2277.0
2026-07-08 09:35:00+09:00,24600.0,24900.0,24600.0,24850.0,2366.0
2026-07-08 09:40:00+09:00,24900.0,24900.0,24800.0,24900.0,1240.0
2026-07-08 09:45:00+09:00,24850.0,25000.0,24800.0,24900.0,1540.0
2026-07-08 09:50:00+09:00,24950.0,24950.0,24850.0,24900.0,3191.0
2026-07-08 09:55:00+09:00,24900.0,25100.0,24900.0,25000.0,2942.0
2026-07-08 10:00:00+09:00,25050.0,25150.0,25025.0,25100.0,557.0
2026-07-08 10:05:00+09:00,25100.0,25150.0,25000.0,25050.0,1833.0
2026-07-08 10:10:00+09:00,25000.0,25150.0,25000.0,25100.0,794.0
2026-07-08 10:15:00+09:00,25100.0,25100.0,24850.0,24850.0,1590.0
2026-07-08 10:20:00+09:00,24900.0,24950.0,24850.0,24900.0,3066.0
2026-07-08 10:25:00+09:00,24900.0,24950.0,24800.0,24850.0,1662.0
2026-07-08 10:30:00+09:00,24900.0,25050.0,24900.0,25000.0,620.0
2026-07-08 10:35:00+09:00,24950.0,25000.0,24850.0,24950.0,1768.0
2026-07-08 10:40:00+09:00,24950.0,24950.0,24900.0,24950.0,1217.0
2026-07-08 10:45:00+09:00,25000.0,25050.0,24900.0,24900.0,1171.0
2026-07-08 10:50:00+09:00,24850.0,24900.0,24650.0,24750.0,1777.0
2026-07-08 10:55:00+09:00,24700.0,24775.0,24700.0,24750.0,825.0
2026-07-08 11:00:00+09:00,24750.0,24800.0,24600.0,24650.0,1603.0
2026-07-08 11:05:00+09:00,24700.0,24700.0,24600.0,24650.0,1881.0
2026-07-08 11:10:00+09:00,24650.0,24650.0,24600.0,24650.0,455.0
2026-07-08 11:15:00+09:00,24650.0,24700.0,24600.0,24700.0,880.0
2026-07-08 11:20:00+09:00,24700.0,24850.0,24650.0,24800.0,1524.0
2026-07-08 11:25:00+09:00,24750.0,24900.0,24750.0,24900.0,818.0
2026-07-08 11:30:00+09:00,24900.0,24900.0,24800.0,24800.0,879.0
2026-07-08 11:35:00+09:00,24850.0,24850.0,24800.0,24800.0,1044.0
2026-07-08 11:40:00+09:00,24800.0,24800.0,24750.0,24800.0,520.0
2026-07-08 11:45:00+09:00,24800.0,24950.0,24800.0,24900.0,1821.0
2026-07-08 11:50:00+09:00,24850.0,24900.0,24800.0,24850.0,415.0
2026-07-08 11:55:00+09:00,24800.0,24850.0,24800.0,24850.0,326.0
2026-07-08 12:00:00+09:00,24850.0,24900.0,24800.0,24900.0,1246.0
2026-07-08 12:05:00+09:00,24900.0,25000.0,24900.0,24950.0,1671.0
2026-07-08 12:10:00+09:00,25000.0,25000.0,24950.0,25000.0,547.0
2026-07-08 12:15:00+09:00,25000.0,25000.0,24900.0,24950.0,685.0
2026-07-08 12:20:00+09:00,24950.0,25000.0,24950.0,25000.0,698.0
2026-07-08 12:25:00+09:00,25000.0,25000.0,24950.0,24950.0,760.0
2026-07-08 12:30:00+09:00,24950.0,25000.0,24950.0,24950.0,1076.0
2026-07-08 12:35:00+09:00,24950.0,25000.0,24850.0,24850.0,1045.0
2026-07-08 12:40:00+09:00,24900.0,24900.0,24850.0,24900.0,332.0
2026-07-08 12:45:00+09:00,24900.0,24900.0,24900.0,24900.0,492.0
2026-07-08 12:50:00+09:00,24900.0,24900.0,24850.0,24850.0,1435.0
2026-07-08 12:55:00+09:00,24850.0,24850.0,24800.0,24850.0,501.0
2026-07-08 13:00:00+09:00,24850.0,24850.0,24700.0,24800.0,1826.0
2026-07-08 13:05:00+09:00,24800.0,24850.0,24750.0,24850.0,1518.0
2026-07-08 13:10:00+09:00,24800.0,24800.0,24700.0,24700.0,1213.0
2026-07-08 13:15:00+09:00,24700.0,24700.0,24600.0,24650.0,2819.0
2026-07-08 13:20:00+09:00,24650.0,24700.0,24600.0,24600.0,1760.0
2026-07-08 13:25:00+09:00,24650.0,24650.0,24550.0,24600.0,426.0
2026-07-08 13:30:00+09:00,24600.0,24600.0,24550.0,24600.0,265.0
2026-07-08 13:35:00+09:00,24600.0,24600.0,24400.0,24450.0,2586.0
2026-07-08 13:40:00+09:00,24450.0,24600.0,24400.0,24600.0,2728.0
2026-07-08 13:45:00+09:00,24600.0,24600.0,24450.0,24550.0,1764.0
2026-07-08 13:50:00+09:00,24550.0,24550.0,24400.0,24400.0,2324.0
2026-07-08 13:55:00+09:00,24450.0,24600.0,24400.0,24600.0,3793.0
2026-07-08 14:00:00+09:00,24600.0,24650.0,24550.0,24550.0,2331.0
2026-07-08 14:05:00+09:00,24600.0,24750.0,24550.0,24750.0,2404.0
2026-07-08 14:10:00+09:00,24750.0,24850.0,24750.0,24750.0,2703.0
2026-07-08 14:15:00+09:00,24750.0,24800.0,24650.0,24700.0,2547.0
2026-07-08 14:20:00+09:00,24700.0,24700.0,24650.0,24700.0,2528.0
2026-07-08 14:25:00+09:00,24650.0,24700.0,24550.0,24600.0,2547.0
2026-07-08 14:30:00+09:00,24600.0,24650.0,24550.0,24650.0,2509.0
2026-07-08 14:35:00+09:00,24650.0,24700.0,24600.0,24650.0,2951.0
2026-07-08 14:40:00+09:00,24700.0,24750.0,24600.0,24700.0,2489.0
2026-07-08 14:45:00+09:00,24700.0,24750.0,24650.0,24700.0,2769.0
2026-07-08 14:50:00+09:00,24700.0,24800.0,24700.0,24750.0,2791.0
2026-07-08 14:55:00+09:00,24750.0,24900.0,24700.0,24900.0,3429.0
2026-07-09 09:00:00+09:00,24950.0,24950.0,24350.0,24600.0,3988.0
2026-07-09 09:05:00+09:00,24700.0,24700.0,24100.0,24200.0,1783.0
2026-07-09 09:10:00+09:00,24200.0,24250.0,23850.0,24100.0,2176.0
2026-07-09 09:15:00+09:00,24150.0,24150.0,24000.0,24100.0,534.0
2026-07-09 09:20:00+09:00,24050.0,24100.0,23900.0,24000.0,1669.0
2026-07-09 09:25:00+09:00,23900.0,23950.0,23600.0,23850.0,1807.0
2026-07-09 09:30:00+09:00,23800.0,23950.0,23800.0,23950.0,1967.0
2026-07-09 09:35:00+09:00,23900.0,23950.0,23700.0,23950.0,2693.0
2026-07-09 09:40:00+09:00,23975.0,24100.0,23900.0,24050.0,992.0
2026-07-09 09:45:00+09:00,24100.0,24100.0,23950.0,24000.0,960.0
2026-07-09 09:50:00+09:00,24000.0,24050.0,23800.0,23900.0,1399.0
2026-07-09 09:55:00+09:00,23900.0,23900.0,23650.0,23800.0,2608.0
2026-07-09 10:00:00+09:00,23850.0,23900.0,23800.0,23800.0,245.0
2026-07-09 10:05:00+09:00,23800.0,23950.0,23750.0,23950.0,1045.0
2026-07-09 10:10:00+09:00,23900.0,24000.0,23900.0,23900.0,708.0
2026-07-09 10:15:00+09:00,23900.0,23950.0,23800.0,23900.0,774.0
2026-07-09 10:20:00+09:00,23850.0,23950.0,23800.0,23850.0,1188.0
2026-07-09 10:25:00+09:00,23850.0,23850.0,23800.0,23850.0,1493.0
2026-07-09 10:30:00+09:00,23850.0,23850.0,23750.0,23850.0,807.0
2026-07-09 10:35:00+09:00,23850.0,23900.0,23750.0,23800.0,689.0
2026-07-09 10:40:00+09:00,23750.0,23850.0,23750.0,23850.0,493.0
2026-07-09 10:45:00+09:00,23800.0,23850.0,23750.0,23800.0,521.0
2026-07-09 10:50:00+09:00,23800.0,23800.0,23650.0,23700.0,1021.0
2026-07-09 10:55:00+09:00,23700.0,23800.0,23650.0,23750.0,701.0
2026-07-09 11:00:00+09:00,23750.0,23750.0,23600.0,23600.0,4088.0
2026-07-09 11:05:00+09:00,23550.0,23700.0,23450.0,23450.0,4529.0
2026-07-09 11:10:00+09:00,23450.0,23550.0,23450.0,23550.0,657.0
2026-07-09 11:15:00+09:00,23550.0,23750.0,23550.0,23750.0,2519.0
2026-07-09 11:20:00+09:00,23750.0,23950.0,23700.0,23850.0,2821.0
2026-07-09 11:25:00+09:00,23850.0,23900.0,23700.0,23700.0,1945.0
2026-07-09 11:30:00+09:00,23750.0,23750.0,23550.0,23550.0,756.0
2026-07-09 11:35:00+09:00,23600.0,23600.0,23450.0,23450.0,870.0
2026-07-09 11:40:00+09:00,23500.0,23500.0,23450.0,23500.0,696.0
2026-07-09 11:45:00+09:00,23450.0,23500.0,23300.0,23300.0,1437.0
2026-07-09 11:50:00+09:00,23300.0,23400.0,23200.0,23250.0,2430.0
2026-07-09 11:55:00+09:00,23250.0,23300.0,23150.0,23150.0,3396.0
2026-07-09 12:00:00+09:00,23150.0,23200.0,23100.0,23150.0,2583.0
2026-07-09 12:05:00+09:00,23150.0,23150.0,23100.0,23150.0,683.0
2026-07-09 12:10:00+09:00,23100.0,23150.0,23050.0,23100.0,2526.0
2026-07-09 12:15:00+09:00,23100.0,23150.0,23050.0,23050.0,1635.0
2026-07-09 12:20:00+09:00,23050.0,23300.0,23050.0,23300.0,2341.0
2026-07-09 12:25:00+09:00,23250.0,23450.0,23250.0,23400.0,1234.0
2026-07-09 12:30:00+09:00,23400.0,23450.0,23350.0,23450.0,3010.0
2026-07-09 12:35:00+09:00,23400.0,23550.0,23400.0,23500.0,2387.0
2026-07-09 12:40:00+09:00,23500.0,23550.0,23250.0,23400.0,1815.0
2026-07-09 12:45:00+09:00,23400.0,23450.0,23350.0,23400.0,1198.0
2026-07-09 12:50:00+09:00,23400.0,23450.0,23250.0,23350.0,1466.0
2026-07-09 12:55:00+09:00,23400.0,23400.0,23250.0,23300.0,846.0
2026-07-09 13:00:00+09:00,23350.0,23400.0,23250.0,23350.0,1400.0
2026-07-09 13:05:00+09:00,23300.0,23300.0,23200.0,23200.0,1048.0
2026-07-09 13:10:00+09:00,23250.0,23250.0,23150.0,23250.0,2254.0
2026-07-09 13:15:00+09:00,23250.0,23300.0,23200.0,23200.0,927.0
2026-07-09 13:20:00+09:00,23200.0,23200.0,23100.0,23100.0,1153.0
2026-07-09 13:25:00+09:00,23150.0,23200.0,23100.0,23150.0,2207.0
2026-07-09 13:30:00+09:00,23150.0,23250.0,23100.0,23250.0,2015.0
2026-07-09 13:35:00+09:00,23200.0,23300.0,23200.0,23200.0,2232.0
2026-07-09 13:40:00+09:00,23200.0,23200.0,23150.0,23150.0,1588.0
2026-07-09 13:45:00+09:00,23150.0,23200.0,23100.0,23200.0,1857.0
2026-07-09 13:50:00+09:00,23200.0,23300.0,23150.0,23300.0,1597.0
2026-07-09 13:55:00+09:00,23250.0,23350.0,23150.0,23350.0,1752.0
2026-07-09 14:00:00+09:00,23300.0,23350.0,23150.0,23150.0,3020.0
2026-07-09 14:05:00+09:00,23200.0,23250.0,23100.0,23200.0,2309.0
2026-07-09 14:10:00+09:00,23200.0,23400.0,23200.0,23350.0,4824.0
2026-07-09 14:15:00+09:00,23300.0,23350.0,23100.0,23200.0,1970.0
2026-07-09 14:20:00+09:00,23200.0,23200.0,23100.0,23200.0,2412.0
2026-07-09 14:25:00+09:00,23200.0,23200.0,23050.0,23050.0,841.0
2026-07-09 14:30:00+09:00,23100.0,23150.0,23050.0,23100.0,1813.0
2026-07-09 14:35:00+09:00,23150.0,23350.0,23150.0,23250.0,4137.0
2026-07-09 14:40:00+09:00,23300.0,23300.0,23100.0,23200.0,1796.0
2026-07-09 14:45:00+09:00,23200.0,23300.0,23150.0,23250.0,2751.0
2026-07-09 14:50:00+09:00,23300.0,23350.0,23300.0,23300.0,1155.0
2026-07-09 14:55:00+09:00,23300.0,23400.0,23250.0,23400.0,1929.0
2026-07-10 09:00:00+09:00,23750.0,24250.0,23700.0,24150.0,5930.0
2026-07-10 09:05:00+09:00,24200.0,24800.0,24200.0,24700.0,4898.0
2026-07-10 09:10:00+09:00,24750.0,25050.0,24700.0,25000.0,6852.0
2026-07-10 09:15:00+09:00,25000.0,25200.0,24850.0,25000.0,3418.0
2026-07-10 09:20:00+09:00,25000.0,25000.0,24750.0,24750.0,4648.0
2026-07-10 09:25:00+09:00,24750.0,24800.0,24650.0,24650.0,905.0
2026-07-10 09:30:00+09:00,24700.0,24700.0,24500.0,24500.0,2513.0
2026-07-10 09:35:00+09:00,24550.0,24550.0,24350.0,24500.0,1328.0
2026-07-10 09:40:00+09:00,24400.0,24550.0,24400.0,24450.0,230.0
2026-07-10 09:45:00+09:00,24450.0,24450.0,24400.0,24400.0,374.0
2026-07-10 09:50:00+09:00,24400.0,24500.0,24350.0,24350.0,1927.0
2026-07-10 09:55:00+09:00,24350.0,24450.0,24300.0,24400.0,333.0
2026-07-10 10:00:00+09:00,24400.0,24500.0,24300.0,24450.0,2995.0
2026-07-10 10:05:00+09:00,24450.0,24500.0,24400.0,24400.0,659.0
2026-07-10 10:10:00+09:00,24450.0,24500.0,24350.0,24350.0,1041.0
2026-07-10 10:15:00+09:00,24350.0,24550.0,24350.0,24550.0,1163.0
2026-07-10 10:20:00+09:00,24550.0,24550.0,24350.0,24400.0,1907.0
2026-07-10 10:25:00+09:00,24500.0,24550.0,24400.0,24550.0,960.0
2026-07-10 10:30:00+09:00,24500.0,24550.0,24450.0,24450.0,606.0
2026-07-10 10:35:00+09:00,24450.0,24500.0,24350.0,24350.0,635.0
2026-07-10 10:40:00+09:00,24400.0,24650.0,24400.0,24650.0,2091.0
2026-07-10 10:45:00+09:00,24600.0,24850.0,24600.0,24850.0,1386.0
2026-07-10 10:50:00+09:00,24850.0,24900.0,24750.0,24750.0,1093.0
2026-07-10 10:55:00+09:00,24800.0,24850.0,24650.0,24800.0,873.0
2026-07-10 11:00:00+09:00,24750.0,24850.0,24700.0,24750.0,1208.0
2026-07-10 11:05:00+09:00,24800.0,24850.0,24750.0,24800.0,351.0
2026-07-10 11:10:00+09:00,24850.0,24900.0,24700.0,24850.0,1819.0
2026-07-10 11:15:00+09:00,24800.0,24850.0,24800.0,24850.0,789.0
2026-07-10 11:20:00+09:00,24850.0,24850.0,24750.0,24800.0,4594.0
2026-07-10 11:25:00+09:00,24850.0,24900.0,24800.0,24900.0,641.0
2026-07-10 11:30:00+09:00,24850.0,24950.0,24850.0,24900.0,828.0
2026-07-10 11:35:00+09:00,24850.0,25050.0,24850.0,25000.0,979.0
2026-07-10 11:40:00+09:00,25050.0,25050.0,24950.0,25050.0,991.0
2026-07-10 11:45:00+09:00,25000.0,25050.0,24950.0,24950.0,1344.0
2026-07-10 11:50:00+09:00,25000.0,25100.0,24950.0,25050.0,1004.0
2026-07-10 11:55:00+09:00,25100.0,25150.0,25000.0,25000.0,2290.0
2026-07-10 12:00:00+09:00,25000.0,25100.0,25000.0,25050.0,885.0
2026-07-10 12:05:00+09:00,25100.0,25100.0,25050.0,25050.0,1356.0
2026-07-10 12:10:00+09:00,25100.0,25150.0,24950.0,25050.0,1621.0
2026-07-10 12:15:00+09:00,25050.0,25050.0,24950.0,25000.0,1086.0
2026-07-10 12:20:00+09:00,25000.0,25100.0,24950.0,25050.0,1574.0
2026-07-10 12:25:00+09:00,25050.0,25100.0,25000.0,25100.0,976.0
2026-07-10 12:30:00+09:00,25100.0,25150.0,25000.0,25050.0,1410.0
2026-07-10 12:35:00+09:00,25050.0,25100.0,25000.0,25050.0,1964.0
2026-07-10 12:40:00+09:00,25100.0,25100.0,25000.0,25000.0,1415.0
2026-07-10 12:45:00+09:00,25000.0,25000.0,24950.0,25000.0,711.0
2026-07-10 12:50:00+09:00,25000.0,25050.0,24950.0,25050.0,1297.0
2026-07-10 12:55:00+09:00,24950.0,25000.0,24850.0,24950.0,905.0
2026-07-10 13:00:00+09:00,24950.0,25100.0,24950.0,25100.0,2198.0
2026-07-10 13:05:00+09:00,25050.0,25100.0,24900.0,25000.0,1857.0
2026-07-10 13:10:00+09:00,25000.0,25000.0,24900.0,24950.0,982.0
2026-07-10 13:15:00+09:00,24900.0,24900.0,24850.0,24850.0,808.0
2026-07-10 13:20:00+09:00,24850.0,24900.0,24800.0,24800.0,577.0
2026-07-10 13:25:00+09:00,24800.0,24850.0,24800.0,24850.0,310.0
2026-07-10 13:30:00+09:00,24850.0,24900.0,24750.0,24850.0,1371.0
2026-07-10 13:35:00+09:00,24850.0,24850.0,24700.0,24700.0,1603.0
2026-07-10 13:40:00+09:00,24700.0,24750.0,24700.0,24700.0,1059.0
2026-07-10 13:45:00+09:00,24750.0,24750.0,24700.0,24700.0,318.0
2026-07-10 13:50:00+09:00,24750.0,24750.0,24700.0,24700.0,807.0
2026-07-10 13:55:00+09:00,24700.0,24700.0,24600.0,24600.0,1387.0
2026-07-10 14:00:00+09:00,24600.0,24650.0,24600.0,24650.0,642.0
2026-07-10 14:05:00+09:00,24650.0,24650.0,24600.0,24650.0,1084.0
2026-07-10 14:10:00+09:00,24650.0,24750.0,24650.0,24700.0,1825.0
2026-07-10 14:15:00+09:00,24700.0,24700.0,24500.0,24500.0,2098.0
2026-07-10 14:20:00+09:00,24550.0,24600.0,24500.0,24550.0,1120.0
2026-07-10 14:25:00+09:00,24550.0,24550.0,24450.0,24450.0,1483.0
2026-07-10 14:30:00+09:00,24450.0,24500.0,24450.0,24450.0,853.0
2026-07-10 14:35:00+09:00,24450.0,24500.0,24400.0,24400.0,921.0
2026-07-10 14:40:00+09:00,24450.0,24500.0,24400.0,24450.0,2084.0
2026-07-10 14:45:00+09:00,24400.0,24500.0,24400.0,24500.0,1011.0
2026-07-10 14:50:00+09:00,24450.0,24500.0,24450.0,24450.0,1062.0
2026-07-10 14:55:00+09:00,24500.0,24550.0,24450.0,24500.0,2353.0
2026-07-13 09:00:00+09:00,24550.0,24750.0,24350.0,24500.0,0.0
2026-07-13 09:05:00+09:00,24500.0,24800.0,24450.0,24750.0,452.0
2026-07-13 09:10:00+09:00,24800.0,24800.0,24700.0,24700.0,31.0
2026-07-13 09:15:00+09:00,24650.0,24750.0,24600.0,24700.0,1002.0
2026-07-13 09:20:00+09:00,24700.0,24750.0,24600.0,24700.0,331.0
2026-07-13 09:25:00+09:00,24750.0,24800.0,24550.0,24650.0,2386.0
2026-07-13 09:30:00+09:00,24700.0,24750.0,24650.0,24750.0,433.0
2026-07-13 09:35:00+09:00,24700.0,24800.0,24700.0,24750.0,613.0
2026-07-13 09:40:00+09:00,24750.0,25000.0,24750.0,24950.0,2298.0
2026-07-13 09:45:00+09:00,25000.0,25150.0,24950.0,25100.0,1976.0
2026-07-13 09:50:00+09:00,25050.0,25350.0,25050.0,25200.0,4229.0
2026-07-13 09:55:00+09:00,25250.0,25250.0,25100.0,25200.0,1339.0
2026-07-13 10:00:00+09:00,25200.0,25200.0,24950.0,24950.0,1740.0
2026-07-13 10:05:00+09:00,24950.0,25000.0,24850.0,24950.0,2902.0
2026-07-13 10:10:00+09:00,24900.0,25100.0,24900.0,25000.0,2544.0
2026-07-13 10:15:00+09:00,24950.0,25000.0,24900.0,24900.0,786.0
2026-07-13 10:20:00+09:00,24900.0,24900.0,24550.0,24650.0,2894.0
2026-07-13 10:25:00+09:00,24700.0,24700.0,24450.0,24600.0,1230.0
2026-07-13 10:30:00+09:00,24650.0,24750.0,24550.0,24700.0,2299.0
2026-07-13 10:35:00+09:00,24700.0,24950.0,24700.0,24700.0,2112.0
2026-07-13 10:40:00+09:00,24750.0,24800.0,24550.0,24550.0,1374.0
2026-07-13 10:45:00+09:00,24550.0,24550.0,24450.0,24550.0,800.0
2026-07-13 10:50:00+09:00,24500.0,24500.0,24400.0,24450.0,432.0
2026-07-13 10:55:00+09:00,24400.0,24450.0,24300.0,24350.0,1036.0
2026-07-13 11:00:00+09:00,24350.0,24400.0,24250.0,24350.0,1029.0
2026-07-13 11:05:00+09:00,24350.0,24450.0,24300.0,24400.0,692.0
2026-07-13 11:10:00+09:00,24450.0,24600.0,24400.0,24500.0,757.0
2026-07-13 11:15:00+09:00,24600.0,24600.0,24450.0,24550.0,518.0
2026-07-13 11:20:00+09:00,24550.0,24600.0,24450.0,24450.0,846.0
2026-07-13 11:25:00+09:00,24500.0,24550.0,24450.0,24550.0,320.0
2026-07-13 11:30:00+09:00,24500.0,24650.0,24450.0,24650.0,1062.0
2026-07-13 11:35:00+09:00,24650.0,24700.0,24600.0,24650.0,813.0
2026-07-13 11:40:00+09:00,24650.0,24700.0,24600.0,24600.0,633.0
2026-07-13 11:45:00+09:00,24650.0,24650.0,24500.0,24550.0,742.0
2026-07-13 11:50:00+09:00,24550.0,24600.0,24500.0,24550.0,515.0
2026-07-13 11:55:00+09:00,24500.0,24550.0,24350.0,24450.0,2069.0
2026-07-13 12:00:00+09:00,24400.0,24450.0,24350.0,24350.0,552.0
2026-07-13 12:05:00+09:00,24400.0,24450.0,24300.0,24450.0,1129.0
2026-07-13 12:10:00+09:00,24350.0,24450.0,24350.0,24400.0,588.0
2026-07-13 12:15:00+09:00,24400.0,24400.0,24300.0,24300.0,819.0
2026-07-13 12:20:00+09:00,24300.0,24400.0,24250.0,24350.0,1293.0
2026-07-13 12:25:00+09:00,24350.0,24400.0,24250.0,24400.0,4360.0
2026-07-13 12:30:00+09:00,24400.0,24400.0,24300.0,24350.0,973.0
2026-07-13 12:35:00+09:00,24350.0,24350.0,24200.0,24300.0,1292.0
2026-07-13 12:40:00+09:00,24300.0,24400.0,24250.0,24350.0,1708.0
2026-07-13 12:45:00+09:00,24300.0,24350.0,24250.0,24350.0,308.0
2026-07-13 12:50:00+09:00,24350.0,24350.0,24250.0,24300.0,306.0
2026-07-13 12:55:00+09:00,24250.0,24350.0,24250.0,24300.0,738.0
2026-07-13 13:00:00+09:00,24300.0,24350.0,24150.0,24200.0,907.0
2026-07-13 13:05:00+09:00,24200.0,24250.0,24100.0,24200.0,1273.0
2026-07-13 13:10:00+09:00,24150.0,24250.0,24100.0,24200.0,1024.0
2026-07-13 13:15:00+09:00,24200.0,24250.0,24050.0,24150.0,2271.0
2026-07-13 13:20:00+09:00,24150.0,24200.0,24100.0,24100.0,1871.0
2026-07-13 13:25:00+09:00,24150.0,24200.0,24050.0,24100.0,628.0
2026-07-13 13:55:00+09:00,23950.0,24200.0,23950.0,24100.0,2637.0
2026-07-13 14:00:00+09:00,24100.0,24300.0,24050.0,24150.0,1922.0
2026-07-13 14:05:00+09:00,24150.0,24300.0,24100.0,24300.0,2041.0
2026-07-13 14:10:00+09:00,24300.0,24300.0,24200.0,24250.0,1433.0
2026-07-13 14:15:00+09:00,24250.0,24300.0,24200.0,24200.0,1186.0
2026-07-13 14:20:00+09:00,24250.0,24250.0,24050.0,24050.0,1770.0
2026-07-13 14:25:00+09:00,24050.0,24100.0,23950.0,24050.0,2180.0
2026-07-13 14:30:00+09:00,24050.0,24200.0,24000.0,24200.0,2391.0
2026-07-13 14:35:00+09:00,24200.0,24400.0,24200.0,24350.0,3720.0
2026-07-13 14:40:00+09:00,24350.0,24350.0,24150.0,24300.0,1830.0
2026-07-13 14:45:00+09:00,24300.0,24300.0,24100.0,24150.0,921.0
2026-07-13 14:50:00+09:00,24150.0,24250.0,24000.0,24000.0,2298.0
2026-07-13 14:55:00+09:00,24050.0,24150.0,24000.0,24050.0,1644.0
2026-07-14 09:00:00+09:00,24150.0,24300.0,23550.0,23850.0,5962.0
2026-07-14 09:05:00+09:00,23800.0,24150.0,23750.0,24000.0,3554.0
2026-07-14 09:10:00+09:00,24000.0,24400.0,23900.0,24200.0,5054.0
2026-07-14 09:15:00+09:00,24200.0,24350.0,24000.0,24050.0,2895.0
2026-07-14 09:20:00+09:00,24050.0,24150.0,23950.0,24050.0,3724.0
2026-07-14 09:25:00+09:00,24050.0,24250.0,23900.0,24200.0,1841.0
2026-07-14 09:30:00+09:00,24200.0,24350.0,24200.0,24250.0,2519.0
2026-07-14 09:35:00+09:00,24300.0,24350.0,24100.0,24100.0,3188.0
2026-07-14 09:40:00+09:00,24100.0,24200.0,24050.0,24200.0,1201.0
2026-07-14 09:45:00+09:00,24200.0,24250.0,24150.0,24200.0,595.0
2026-07-14 09:50:00+09:00,24200.0,24350.0,24200.0,24300.0,1385.0
2026-07-14 09:55:00+09:00,24300.0,24350.0,24200.0,24200.0,2473.0
2026-07-14 10:00:00+09:00,24200.0,24300.0,24200.0,24300.0,907.0
2026-07-14 10:05:00+09:00,24300.0,24350.0,24200.0,24200.0,940.0
2026-07-14 10:10:00+09:00,24250.0,24300.0,24200.0,24250.0,747.0
2026-07-14 10:15:00+09:00,24250.0,24300.0,24200.0,24300.0,716.0
2026-07-14 10:20:00+09:00,24300.0,24350.0,24250.0,24250.0,1095.0
2026-07-14 10:25:00+09:00,24300.0,24400.0,24250.0,24400.0,623.0
2026-07-14 10:30:00+09:00,24400.0,24400.0,24200.0,24300.0,721.0
2026-07-14 10:35:00+09:00,24250.0,24250.0,24200.0,24200.0,913.0
2026-07-14 10:40:00+09:00,24250.0,24250.0,24250.0,24250.0,191.0
2026-07-14 10:45:00+09:00,24250.0,24300.0,24250.0,24250.0,1162.0
2026-07-14 10:50:00+09:00,24250.0,24250.0,24150.0,24200.0,1600.0
2026-07-14 10:55:00+09:00,24150.0,24150.0,24050.0,24100.0,894.0
2026-07-14 11:00:00+09:00,24100.0,24100.0,24000.0,24050.0,496.0
2026-07-14 11:05:00+09:00,24100.0,24200.0,24050.0,24200.0,1286.0
2026-07-14 11:10:00+09:00,24150.0,24200.0,24100.0,24150.0,1830.0
2026-07-14 11:15:00+09:00,24100.0,24200.0,24100.0,24200.0,1006.0
2026-07-14 11:20:00+09:00,24100.0,24150.0,24100.0,24150.0,888.0
2026-07-14 11:25:00+09:00,24150.0,24150.0,24000.0,24100.0,3114.0
2026-07-14 11:30:00+09:00,24100.0,24150.0,24000.0,24050.0,1512.0
2026-07-14 11:35:00+09:00,24050.0,24250.0,24000.0,24250.0,2893.0
2026-07-14 11:40:00+09:00,24250.0,24450.0,24250.0,24400.0,2059.0
2026-07-14 11:45:00+09:00,24400.0,24450.0,24300.0,24350.0,1979.0
2026-07-14 11:50:00+09:00,24350.0,24400.0,24150.0,24150.0,1042.0
2026-07-14 11:55:00+09:00,24200.0,24350.0,24150.0,24200.0,710.0
2026-07-14 12:00:00+09:00,24150.0,24200.0,24000.0,24100.0,725.0
2026-07-14 12:05:00+09:00,24000.0,24100.0,24000.0,24050.0,648.0
2026-07-14 12:10:00+09:00,24050.0,24100.0,24000.0,24000.0,1015.0
2026-07-14 12:15:00+09:00,23950.0,24050.0,23900.0,24000.0,1416.0
2026-07-14 12:20:00+09:00,23950.0,23950.0,23900.0,23900.0,1672.0
2026-07-14 12:25:00+09:00,23900.0,23950.0,23800.0,23950.0,1635.0
2026-07-14 12:30:00+09:00,23950.0,24100.0,23950.0,24100.0,2160.0
2026-07-14 12:35:00+09:00,24100.0,24100.0,24000.0,24050.0,1221.0
2026-07-14 12:40:00+09:00,24000.0,24200.0,24000.0,24200.0,1239.0
2026-07-14 12:45:00+09:00,24200.0,24250.0,24100.0,24200.0,1356.0
2026-07-14 12:50:00+09:00,24200.0,24200.0,24050.0,24150.0,882.0
2026-07-14 12:55:00+09:00,24150.0,24150.0,24050.0,24150.0,812.0
2026-07-14 13:00:00+09:00,24150.0,24250.0,24050.0,24150.0,1106.0
2026-07-14 13:05:00+09:00,24150.0,24150.0,23950.0,24050.0,1144.0
2026-07-14 13:10:00+09:00,24050.0,24050.0,24000.0,24000.0,607.0
2026-07-14 13:15:00+09:00,24050.0,24050.0,23950.0,24050.0,445.0
2026-07-14 13:20:00+09:00,24000.0,24150.0,24000.0,24050.0,927.0
2026-07-14 13:25:00+09:00,24000.0,24250.0,24000.0,24200.0,869.0
2026-07-14 13:30:00+09:00,24150.0,24250.0,24050.0,24200.0,834.0
2026-07-14 13:35:00+09:00,24200.0,24250.0,24200.0,24250.0,862.0
2026-07-14 13:40:00+09:00,24250.0,24300.0,24200.0,24200.0,1260.0
2026-07-14 13:45:00+09:00,24250.0,24300.0,24200.0,24250.0,719.0
2026-07-14 13:50:00+09:00,24250.0,24350.0,24200.0,24300.0,1446.0
2026-07-14 13:55:00+09:00,24250.0,24350.0,24250.0,24300.0,892.0
2026-07-14 14:00:00+09:00,24300.0,24300.0,24100.0,24100.0,904.0
2026-07-14 14:05:00+09:00,24100.0,24200.0,23950.0,24100.0,1885.0
2026-07-14 14:10:00+09:00,24050.0,24100.0,24000.0,24100.0,484.0
2026-07-14 14:15:00+09:00,24100.0,24150.0,24050.0,24100.0,1181.0
2026-07-14 14:20:00+09:00,24100.0,24100.0,24050.0,24100.0,301.0
2026-07-14 14:25:00+09:00,24100.0,24100.0,24050.0,24100.0,424.0
2026-07-14 14:30:00+09:00,24100.0,24100.0,24050.0,24100.0,857.0
2026-07-14 14:35:00+09:00,24100.0,24200.0,23950.0,24050.0,1426.0
2026-07-14 14:40:00+09:00,24050.0,24050.0,23950.0,24000.0,492.0
2026-07-14 14:45:00+09:00,24000.0,24100.0,23950.0,24000.0,1037.0
2026-07-14 14:50:00+09:00,23950.0,24000.0,23900.0,23950.0,1252.0
2026-07-14 14:55:00+09:00,23850.0,23950.0,23850.0,23900.0,1278.0
2026-07-15 09:00:00+09:00,23850.0,24200.0,23850.0,24000.0,1319.0
2026-07-15 09:05:00+09:00,24050.0,24150.0,24000.0,24000.0,580.0
2026-07-15 09:10:00+09:00,24000.0,24250.0,23950.0,24200.0,813.0
2026-07-15 09:15:00+09:00,24150.0,24150.0,24000.0,24100.0,1352.0
2026-07-15 09:20:00+09:00,24100.0,24100.0,23850.0,23850.0,1238.0
2026-07-15 09:25:00+09:00,23950.0,24100.0,23900.0,23950.0,990.0
2026-07-15 09:30:00+09:00,23950.0,24000.0,23850.0,23900.0,1034.0
2026-07-15 09:35:00+09:00,23900.0,23950.0,23850.0,23900.0,818.0
2026-07-15 09:40:00+09:00,23900.0,23900.0,23850.0,23900.0,718.0
2026-07-15 09:45:00+09:00,23950.0,24250.0,23950.0,24050.0,604.0
2026-07-15 09:50:00+09:00,24050.0,24100.0,24050.0,24050.0,402.0
2026-07-15 09:55:00+09:00,24000.0,24000.0,23850.0,24000.0,1331.0
2026-07-15 10:00:00+09:00,23950.0,24000.0,23800.0,23900.0,918.0
2026-07-15 10:05:00+09:00,23850.0,23850.0,23750.0,23800.0,713.0
2026-07-15 10:10:00+09:00,23800.0,23800.0,23750.0,23750.0,354.0
2026-07-15 10:15:00+09:00,23750.0,23750.0,23650.0,23700.0,830.0
2026-07-15 10:20:00+09:00,23700.0,23700.0,23500.0,23550.0,1249.0
2026-07-15 10:25:00+09:00,23550.0,23550.0,23500.0,23500.0,1480.0
2026-07-15 10:30:00+09:00,23550.0,23650.0,23550.0,23650.0,577.0
2026-07-15 10:35:00+09:00,23650.0,23700.0,23650.0,23650.0,363.0
2026-07-15 10:40:00+09:00,23700.0,23700.0,23600.0,23600.0,666.0
2026-07-15 10:45:00+09:00,23650.0,23700.0,23600.0,23600.0,814.0
2026-07-15 10:50:00+09:00,23650.0,23750.0,23600.0,23650.0,879.0
2026-07-15 10:55:00+09:00,23650.0,23800.0,23650.0,23800.0,1080.0
2026-07-15 11:00:00+09:00,23750.0,23800.0,23650.0,23650.0,1039.0
2026-07-15 11:05:00+09:00,23650.0,23700.0,23550.0,23550.0,2088.0
2026-07-15 11:10:00+09:00,23600.0,23700.0,23600.0,23600.0,1221.0
2026-07-15 11:15:00+09:00,23600.0,23650.0,23550.0,23600.0,638.0
2026-07-15 11:20:00+09:00,23575.0,23700.0,23550.0,23550.0,818.0
2026-07-15 11:25:00+09:00,23600.0,23700.0,23600.0,23700.0,948.0
2026-07-15 11:30:00+09:00,23700.0,23800.0,23700.0,23700.0,1102.0
2026-07-15 11:35:00+09:00,23700.0,23750.0,23700.0,23750.0,64.0
2026-07-15 11:40:00+09:00,23700.0,23700.0,23700.0,23700.0,48.0
2026-07-15 11:45:00+09:00,23700.0,23750.0,23700.0,23750.0,348.0
2026-07-15 11:50:00+09:00,23750.0,23800.0,23700.0,23800.0,1663.0
2026-07-15 11:55:00+09:00,23750.0,23850.0,23700.0,23850.0,1455.0
2026-07-15 12:00:00+09:00,23850.0,23900.0,23800.0,23900.0,1617.0
2026-07-15 12:05:00+09:00,23900.0,23900.0,23800.0,23850.0,727.0
2026-07-15 12:10:00+09:00,23850.0,23850.0,23800.0,23850.0,537.0
2026-07-15 12:15:00+09:00,23850.0,23950.0,23850.0,23950.0,1485.0
2026-07-15 12:20:00+09:00,23950.0,24050.0,23900.0,24050.0,2097.0
2026-07-15 12:25:00+09:00,24000.0,24000.0,23900.0,23900.0,2729.0
2026-07-15 12:30:00+09:00,23850.0,24050.0,23850.0,24000.0,1886.0
2026-07-15 12:35:00+09:00,23950.0,24000.0,23950.0,24000.0,379.0
2026-07-15 12:40:00+09:00,24000.0,24000.0,23950.0,24000.0,1260.0
2026-07-15 12:45:00+09:00,24000.0,24100.0,23950.0,24050.0,2624.0
2026-07-15 12:50:00+09:00,24050.0,24050.0,23950.0,24050.0,2211.0
2026-07-15 12:55:00+09:00,24000.0,24050.0,23950.0,24000.0,803.0
2026-07-15 13:00:00+09:00,23975.0,24000.0,23950.0,24000.0,491.0
2026-07-15 13:05:00+09:00,23950.0,24000.0,23950.0,24000.0,1778.0
2026-07-15 13:10:00+09:00,24000.0,24050.0,23900.0,23900.0,1333.0
2026-07-15 13:15:00+09:00,23900.0,23900.0,23850.0,23850.0,1613.0
2026-07-15 13:20:00+09:00,23850.0,23950.0,23850.0,23950.0,1661.0
2026-07-15 13:25:00+09:00,23950.0,23950.0,23900.0,23950.0,928.0
2026-07-15 13:30:00+09:00,23925.0,23950.0,23850.0,23950.0,2064.0
2026-07-15 13:35:00+09:00,23850.0,23900.0,23850.0,23900.0,468.0
2026-07-15 13:40:00+09:00,23925.0,23950.0,23900.0,23950.0,428.0
2026-07-15 13:45:00+09:00,23950.0,24050.0,23900.0,24000.0,1453.0
2026-07-15 13:50:00+09:00,24000.0,24050.0,23950.0,24000.0,575.0
2026-07-15 13:55:00+09:00,23950.0,24050.0,23950.0,24050.0,1071.0
2026-07-15 14:00:00+09:00,24025.0,24050.0,23950.0,24000.0,916.0
2026-07-15 14:05:00+09:00,23975.0,24000.0,23950.0,24000.0,410.0
2026-07-15 14:10:00+09:00,24000.0,24050.0,23950.0,23950.0,1989.0
2026-07-15 14:15:00+09:00,23975.0,24150.0,23950.0,24050.0,1923.0
2026-07-15 14:20:00+09:00,24050.0,24100.0,23950.0,24000.0,1093.0
2026-07-15 14:25:00+09:00,24000.0,24050.0,23975.0,24050.0,865.0
2026-07-15 14:30:00+09:00,24025.0,24050.0,23950.0,24000.0,987.0
2026-07-15 14:35:00+09:00,23950.0,24050.0,23950.0,24000.0,2702.0
2026-07-15 14:40:00+09:00,23975.0,24050.0,23975.0,24050.0,1025.0
2026-07-15 14:45:00+09:00,24000.0,24150.0,24000.0,24050.0,1965.0
2026-07-15 14:50:00+09:00,24100.0,24100.0,24050.0,24100.0,1199.0
2026-07-15 14:55:00+09:00,24050.0,24150.0,24050.0,24150.0,749.0
2026-07-16 09:00:00+09:00,24300.0,25100.0,24100.0,25100.0,12581.0
2026-07-16 09:05:00+09:00,25100.0,25100.0,24650.0,24700.0,2407.0
2026-07-16 09:10:00+09:00,24700.0,25000.0,24700.0,24950.0,1628.0
2026-07-16 09:15:00+09:00,24950.0,25000.0,24750.0,24900.0,3139.0
2026-07-16 09:20:00+09:00,24900.0,25000.0,24800.0,24900.0,3459.0
2026-07-16 09:25:00+09:00,24900.0,24950.0,24850.0,24950.0,2261.0
2026-07-16 09:30:00+09:00,24950.0,25200.0,24950.0,25200.0,18511.0
2026-07-16 09:35:00+09:00,25200.0,25200.0,25000.0,25100.0,3954.0
2026-07-16 09:40:00+09:00,25100.0,25100.0,24900.0,25000.0,933.0
2026-07-16 09:45:00+09:00,25000.0,25200.0,24850.0,25100.0,7893.0
2026-07-16 09:50:00+09:00,25100.0,25300.0,25050.0,25300.0,4955.0
2026-07-16 09:55:00+09:00,25300.0,25300.0,25150.0,25200.0,2103.0
2026-07-16 10:00:00+09:00,25200.0,25200.0,24950.0,25050.0,1922.0
2026-07-16 10:05:00+09:00,25050.0,25050.0,24900.0,24900.0,1156.0
2026-07-16 10:10:00+09:00,24925.0,25000.0,24850.0,24950.0,2103.0
2026-07-16 10:15:00+09:00,24900.0,24950.0,24800.0,24850.0,3322.0
2026-07-16 10:20:00+09:00,24900.0,25000.0,24900.0,24900.0,1755.0
2026-07-16 10:25:00+09:00,24850.0,25050.0,24850.0,25000.0,2369.0
2026-07-16 10:30:00+09:00,25050.0,25250.0,24900.0,25200.0,5003.0
2026-07-16 10:35:00+09:00,25200.0,25300.0,25150.0,25200.0,4443.0
2026-07-16 10:40:00+09:00,25200.0,25300.0,25150.0,25150.0,1991.0
2026-07-16 10:45:00+09:00,25200.0,25200.0,25100.0,25150.0,1361.0
2026-07-16 10:50:00+09:00,25150.0,25200.0,25050.0,25050.0,1918.0
2026-07-16 10:55:00+09:00,25100.0,25150.0,24950.0,25000.0,1819.0
2026-07-16 11:00:00+09:00,25000.0,25000.0,24700.0,24800.0,6851.0
2026-07-16 11:05:00+09:00,24850.0,24900.0,24800.0,24850.0,1448.0
2026-07-16 11:10:00+09:00,24850.0,24850.0,24700.0,24750.0,3716.0
2026-07-16 11:15:00+09:00,24800.0,24800.0,24750.0,24800.0,1255.0
2026-07-16 11:20:00+09:00,24800.0,24900.0,24750.0,24900.0,1858.0
2026-07-16 11:25:00+09:00,24900.0,25050.0,24900.0,25000.0,1188.0
2026-07-16 11:30:00+09:00,25050.0,25050.0,24850.0,24950.0,2897.0
2026-07-16 11:35:00+09:00,25000.0,25000.0,24950.0,25000.0,1137.0
2026-07-16 11:40:00+09:00,25000.0,25100.0,25000.0,25100.0,1458.0
2026-07-16 11:45:00+09:00,25100.0,25150.0,25050.0,25100.0,2004.0
2026-07-16 11:50:00+09:00,25100.0,25200.0,24850.0,25150.0,2357.0
2026-07-16 11:55:00+09:00,25150.0,25200.0,25050.0,25100.0,1456.0
2026-07-16 12:00:00+09:00,25100.0,25100.0,24900.0,24950.0,1202.0
2026-07-16 12:05:00+09:00,24950.0,25050.0,24900.0,25000.0,1173.0
2026-07-16 12:10:00+09:00,24950.0,25050.0,24900.0,25000.0,1187.0
2026-07-16 12:15:00+09:00,25000.0,25150.0,25000.0,25100.0,2114.0
2026-07-16 12:20:00+09:00,25050.0,25200.0,25050.0,25200.0,1466.0
2026-07-16 12:25:00+09:00,25100.0,25150.0,25000.0,25100.0,1504.0
2026-07-16 12:30:00+09:00,25100.0,25100.0,25050.0,25100.0,1318.0
2026-07-16 12:35:00+09:00,25150.0,25150.0,25100.0,25150.0,1584.0
2026-07-16 12:40:00+09:00,25150.0,25200.0,24950.0,25100.0,2304.0
2026-07-16 12:45:00+09:00,25100.0,25200.0,25100.0,25200.0,2978.0
2026-07-16 12:50:00+09:00,25150.0,25200.0,25100.0,25150.0,3106.0
2026-07-16 12:55:00+09:00,25150.0,25250.0,25150.0,25250.0,2222.0
2026-07-16 13:00:00+09:00,25250.0,25250.0,25150.0,25250.0,2035.0
2026-07-16 13:05:00+09:00,25200.0,25300.0,25200.0,25250.0,6802.0
2026-07-16 13:10:00+09:00,25250.0,25350.0,25200.0,25300.0,6989.0
2026-07-16 13:15:00+09:00,25350.0,25350.0,25000.0,25000.0,2762.0
2026-07-16 13:20:00+09:00,25150.0,25150.0,25000.0,25050.0,1182.0
2026-07-16 13:25:00+09:00,25050.0,25100.0,24900.0,25100.0,2570.0
2026-07-16 13:30:00+09:00,25050.0,25100.0,24950.0,24975.0,1343.0
2026-07-16 13:35:00+09:00,24975.0,25000.0,24925.0,24975.0,1048.0
2026-07-16 13:40:00+09:00,24975.0,25000.0,24900.0,24900.0,1562.0
2026-07-16 13:45:00+09:00,24900.0,24950.0,24900.0,24950.0,1562.0
2026-07-16 13:50:00+09:00,24925.0,24950.0,24900.0,24950.0,1811.0
2026-07-16 13:55:00+09:00,24900.0,24950.0,24900.0,24900.0,1250.0
2026-07-16 14:00:00+09:00,24925.0,25000.0,24900.0,24950.0,1245.0
2026-07-16 14:05:00+09:00,24950.0,25000.0,24900.0,24950.0,1131.0
2026-07-16 14:10:00+09:00,24950.0,25050.0,24850.0,25050.0,4943.0
2026-07-16 14:15:00+09:00,25050.0,25175.0,25025.0,25175.0,2197.0
2026-07-16 14:20:00+09:00,25175.0,25250.0,25100.0,25150.0,1857.0
2026-07-16 14:25:00+09:00,25175.0,25200.0,25150.0,25175.0,1951.0
2026-07-16 14:30:00+09:00,25175.0,25200.0,25050.0,25050.0,788.0
2026-07-16 14:35:00+09:00,23950.0,25025.0,23950.0,24950.0,3079.0
2026-07-16 14:40:00+09:00,24925.0,25050.0,24900.0,24950.0,2658.0
2026-07-16 14:45:00+09:00,25000.0,25000.0,24950.0,24950.0,1511.0
2026-07-16 14:50:00+09:00,25000.0,25000.0,24950.0,25000.0,569.0
2026-07-16 14:55:00+09:00,25000.0,25000.0,24900.0,24950.0,2963.0
2026-07-20 09:00:00+09:00,25050.0,25050.0,24200.0,24300.0,0.0
2026-07-20 09:05:00+09:00,24300.0,24600.0,24250.0,24500.0,2674.0
2026-07-20 09:10:00+09:00,24450.0,24600.0,24400.0,24450.0,1670.0
2026-07-20 09:15:00+09:00,24450.0,24900.0,24450.0,24800.0,2020.0
2026-07-20 09:20:00+09:00,24850.0,24850.0,24400.0,24550.0,2098.0
2026-07-20 09:25:00+09:00,24550.0,24850.0,24450.0,24650.0,1482.0
2026-07-20 09:30:00+09:00,24650.0,25000.0,24650.0,24900.0,2374.0
2026-07-20 09:35:00+09:00,24900.0,25000.0,24800.0,24850.0,1957.0
2026-07-20 09:40:00+09:00,24850.0,24950.0,24750.0,24950.0,1304.0
2026-07-20 09:45:00+09:00,24900.0,24900.0,24800.0,24850.0,959.0
2026-07-20 09:50:00+09:00,24750.0,25000.0,24700.0,24950.0,2244.0
2026-07-20 09:55:00+09:00,24850.0,25000.0,24800.0,24800.0,1337.0
2026-07-20 10:00:00+09:00,24800.0,24850.0,24700.0,24800.0,1253.0
2026-07-20 10:05:00+09:00,24800.0,24900.0,24700.0,24800.0,1542.0
2026-07-20 10:10:00+09:00,24800.0,24900.0,24550.0,24650.0,1481.0
2026-07-20 10:15:00+09:00,24600.0,24800.0,24600.0,24650.0,1580.0
2026-07-20 10:20:00+09:00,24650.0,24800.0,24600.0,24700.0,1259.0
2026-07-20 10:25:00+09:00,24700.0,24800.0,24600.0,24750.0,1483.0
2026-07-20 10:30:00+09:00,24600.0,24800.0,24550.0,24800.0,1385.0
2026-07-20 10:35:00+09:00,24650.0,24800.0,24600.0,24700.0,1438.0
2026-07-20 10:40:00+09:00,24700.0,24850.0,24650.0,24700.0,1031.0
2026-07-20 10:45:00+09:00,24700.0,24800.0,24600.0,24700.0,1158.0
2026-07-20 10:50:00+09:00,24650.0,24700.0,24600.0,24650.0,1183.0
2026-07-20 10:55:00+09:00,24650.0,24700.0,24500.0,24650.0,1276.0
2026-07-20 11:00:00+09:00,24600.0,24900.0,24600.0,24900.0,1294.0
2026-07-20 11:05:00+09:00,24900.0,25000.0,24750.0,24850.0,1717.0
2026-07-20 11:10:00+09:00,24850.0,24900.0,24650.0,24800.0,1267.0
2026-07-20 11:15:00+09:00,24700.0,24750.0,24600.0,24650.0,1007.0
2026-07-20 11:20:00+09:00,24550.0,24950.0,24550.0,24950.0,780.0
2026-07-20 11:25:00+09:00,24750.0,24950.0,24500.0,24600.0,1122.0
2026-07-20 11:30:00+09:00,24600.0,24850.0,24600.0,24750.0,1964.0
2026-07-20 11:35:00+09:00,24800.0,24800.0,24650.0,24650.0,619.0
2026-07-20 11:40:00+09:00,24700.0,24750.0,24500.0,24650.0,1186.0
2026-07-20 11:45:00+09:00,24650.0,24700.0,24650.0,24700.0,371.0
2026-07-20 11:50:00+09:00,24650.0,24650.0,24650.0,24650.0,361.0
2026-07-20 11:55:00+09:00,24650.0,24700.0,24600.0,24600.0,322.0
2026-07-20 12:00:00+09:00,24600.0,24650.0,24450.0,24450.0,610.0
2026-07-20 12:05:00+09:00,24450.0,24450.0,24400.0,24400.0,379.0
2026-07-20 12:10:00+09:00,24400.0,24600.0,24350.0,24600.0,2669.0
2026-07-20 12:15:00+09:00,24550.0,24600.0,24500.0,24550.0,526.0
2026-07-20 12:20:00+09:00,24500.0,24500.0,24450.0,24500.0,410.0
2026-07-20 12:25:00+09:00,24450.0,24500.0,24450.0,24450.0,143.0
2026-07-20 12:30:00+09:00,24450.0,24450.0,24400.0,24400.0,271.0
2026-07-20 12:35:00+09:00,24400.0,24450.0,24350.0,24400.0,1343.0
2026-07-20 12:40:00+09:00,24400.0,24450.0,24400.0,24450.0,214.0
2026-07-20 12:45:00+09:00,24400.0,24450.0,24300.0,24400.0,8061.0
2026-07-20 12:50:00+09:00,24400.0,24400.0,24350.0,24400.0,2484.0
2026-07-20 12:55:00+09:00,24400.0,24400.0,24300.0,24300.0,2076.0
2026-07-20 13:00:00+09:00,24300.0,24300.0,24300.0,24300.0,202.0
2026-07-20 13:05:00+09:00,24300.0,24300.0,24250.0,24250.0,587.0
2026-07-20 13:10:00+09:00,24250.0,24300.0,24100.0,24150.0,3279.0
2026-07-20 13:15:00+09:00,24150.0,24150.0,24150.0,24150.0,65.0
2026-07-20 13:20:00+09:00,24150.0,24150.0,24100.0,24150.0,103.0
2026-07-20 13:25:00+09:00,24125.0,24200.0,24100.0,24200.0,1157.0
2026-07-20 13:30:00+09:00,24200.0,24300.0,24150.0,24300.0,1268.0
2026-07-20 13:35:00+09:00,24250.0,24300.0,24250.0,24250.0,324.0
2026-07-20 13:40:00+09:00,24300.0,24300.0,24150.0,24150.0,1539.0
2026-07-20 13:45:00+09:00,24150.0,24150.0,24100.0,24150.0,779.0
2026-07-20 13:50:00+09:00,24150.0,24200.0,24100.0,24200.0,1548.0
2026-07-20 13:55:00+09:00,24200.0,24200.0,24150.0,24150.0,566.0
2026-07-20 14:00:00+09:00,24150.0,24150.0,24100.0,24100.0,344.0
2026-07-20 14:05:00+09:00,24100.0,24100.0,24000.0,24050.0,1275.0
2026-07-20 14:10:00+09:00,24050.0,24050.0,23850.0,23950.0,2485.0
2026-07-20 14:15:00+09:00,23900.0,23950.0,23900.0,23950.0,336.0
2026-07-20 14:20:00+09:00,23950.0,23950.0,23850.0,23950.0,907.0
2026-07-20 14:25:00+09:00,23950.0,24150.0,23950.0,24100.0,1852.0
2026-07-20 14:30:00+09:00,24050.0,24050.0,24000.0,24000.0,374.0
2026-07-20 14:35:00+09:00,24000.0,24050.0,24000.0,24000.0,96.0
2026-07-20 14:40:00+09:00,24050.0,24050.0,23950.0,23950.0,454.0
2026-07-20 14:45:00+09:00,23950.0,24150.0,23950.0,24050.0,2040.0
2026-07-20 14:50:00+09:00,24100.0,24100.0,24000.0,24000.0,853.0
2026-07-20 14:55:00+09:00,24000.0,24150.0,24000.0,24100.0,1767.0
2026-07-21 09:00:00+09:00,24100.0,24100.0,23350.0,23850.0,4468.0
2026-07-21 09:05:00+09:00,23900.0,24100.0,23900.0,23900.0,1780.0
2026-07-21 09:10:00+09:00,23850.0,23900.0,23850.0,23900.0,759.0
2026-07-21 09:15:00+09:00,23900.0,24000.0,23850.0,23950.0,1168.0
2026-07-21 09:20:00+09:00,23950.0,23950.0,23900.0,23950.0,698.0
2026-07-21 09:25:00+09:00,23950.0,24100.0,23850.0,24050.0,641.0
2026-07-21 09:30:00+09:00,24050.0,24200.0,24050.0,24200.0,788.0
2026-07-21 09:35:00+09:00,24200.0,24200.0,24100.0,24150.0,572.0
2026-07-21 09:40:00+09:00,24150.0,24150.0,24100.0,24100.0,608.0
2026-07-21 09:45:00+09:00,24150.0,24150.0,23950.0,23950.0,510.0
2026-07-21 09:50:00+09:00,24000.0,24150.0,24000.0,24050.0,669.0
2026-07-21 09:55:00+09:00,24100.0,24350.0,24100.0,24300.0,2138.0
2026-07-21 10:00:00+09:00,24350.0,24350.0,24150.0,24300.0,1333.0
2026-07-21 10:05:00+09:00,24300.0,24350.0,24300.0,24350.0,669.0
2026-07-21 10:10:00+09:00,24350.0,24350.0,24200.0,24200.0,718.0
2026-07-21 10:15:00+09:00,24250.0,24250.0,24000.0,24000.0,813.0
2026-07-21 10:20:00+09:00,24000.0,24000.0,23950.0,24000.0,129.0
2026-07-21 10:25:00+09:00,24000.0,24050.0,24000.0,24050.0,1239.0
2026-07-21 10:30:00+09:00,24100.0,24150.0,24100.0,24150.0,783.0
2026-07-21 10:35:00+09:00,24200.0,24250.0,24100.0,24100.0,830.0
2026-07-21 10:40:00+09:00,24150.0,24150.0,24100.0,24150.0,436.0
2026-07-21 10:45:00+09:00,24150.0,24200.0,24150.0,24200.0,881.0
2026-07-21 10:50:00+09:00,24150.0,24200.0,24150.0,24150.0,856.0
2026-07-21 10:55:00+09:00,24150.0,24150.0,24150.0,24150.0,131.0
2026-07-21 11:00:00+09:00,24150.0,24250.0,24150.0,24250.0,1000.0
2026-07-21 11:05:00+09:00,24250.0,24300.0,24200.0,24200.0,1520.0
2026-07-21 11:10:00+09:00,24150.0,24200.0,24150.0,24200.0,432.0
2026-07-21 11:15:00+09:00,24200.0,24250.0,24150.0,24250.0,611.0
2026-07-21 11:20:00+09:00,24200.0,24250.0,24200.0,24250.0,405.0
2026-07-21 11:25:00+09:00,24250.0,24250.0,24200.0,24200.0,431.0
2026-07-21 11:30:00+09:00,24200.0,24250.0,24200.0,24250.0,134.0
2026-07-21 11:35:00+09:00,24250.0,24250.0,24250.0,24250.0,114.0
2026-07-21 11:40:00+09:00,24250.0,24250.0,24200.0,24250.0,1109.0
2026-07-21 11:45:00+09:00,24200.0,24300.0,24200.0,24250.0,1411.0
2026-07-21 11:50:00+09:00,24300.0,24300.0,24200.0,24200.0,333.0
2026-07-21 11:55:00+09:00,24150.0,24250.0,24150.0,24250.0,255.0
2026-07-21 12:00:00+09:00,24250.0,24300.0,24250.0,24300.0,564.0
2026-07-21 12:05:00+09:00,24250.0,24300.0,24250.0,24250.0,641.0
2026-07-21 12:10:00+09:00,24250.0,24400.0,24250.0,24350.0,1848.0
2026-07-21 12:15:00+09:00,24350.0,24400.0,24300.0,24400.0,712.0
2026-07-21 12:20:00+09:00,24350.0,24350.0,24300.0,24300.0,713.0
2026-07-21 12:25:00+09:00,24300.0,24300.0,24250.0,24250.0,593.0
2026-07-21 12:30:00+09:00,24250.0,24300.0,24250.0,24300.0,1415.0
2026-07-21 12:35:00+09:00,24300.0,24300.0,24250.0,24250.0,358.0
2026-07-21 12:40:00+09:00,24300.0,24300.0,24200.0,24250.0,461.0
2026-07-21 12:45:00+09:00,24250.0,24350.0,24200.0,24350.0,1597.0
2026-07-21 12:50:00+09:00,24350.0,24350.0,24350.0,24350.0,48.0
2026-07-21 12:55:00+09:00,24350.0,24350.0,24250.0,24250.0,750.0
2026-07-21 13:00:00+09:00,24300.0,24300.0,24250.0,24250.0,526.0
2026-07-21 13:05:00+09:00,24250.0,24300.0,24250.0,24250.0,385.0
2026-07-21 13:10:00+09:00,24300.0,24300.0,24250.0,24250.0,187.0
2026-07-21 13:15:00+09:00,24300.0,24300.0,24200.0,24200.0,854.0
2026-07-21 13:20:00+09:00,24200.0,24250.0,24200.0,24200.0,236.0
2026-07-21 13:25:00+09:00,24200.0,24350.0,24200.0,24250.0,1808.0
2026-07-21 13:30:00+09:00,24250.0,24300.0,24250.0,24250.0,504.0
2026-07-21 13:35:00+09:00,24250.0,24300.0,24200.0,24200.0,624.0
2026-07-21 13:40:00+09:00,24250.0,24250.0,24150.0,24200.0,772.0
2026-07-21 13:45:00+09:00,24250.0,24250.0,24200.0,24250.0,225.0
2026-07-21 13:50:00+09:00,24250.0,24300.0,24200.0,24250.0,1108.0
2026-07-21 13:55:00+09:00,24250.0,24250.0,24200.0,24250.0,354.0
2026-07-21 14:00:00+09:00,24250.0,24250.0,24200.0,24200.0,255.0
2026-07-21 14:05:00+09:00,24200.0,24250.0,24200.0,24250.0,721.0
2026-07-21 14:10:00+09:00,24200.0,24250.0,24200.0,24200.0,436.0
2026-07-21 14:15:00+09:00,24150.0,24200.0,24100.0,24100.0,773.0
2026-07-21 14:20:00+09:00,24100.0,24150.0,23850.0,23950.0,3440.0
2026-07-21 14:25:00+09:00,24050.0,24150.0,24050.0,24100.0,1959.0
2026-07-21 14:30:00+09:00,24150.0,24150.0,24100.0,24150.0,145.0
2026-07-21 14:35:00+09:00,24150.0,24150.0,24100.0,24150.0,231.0
2026-07-21 14:40:00+09:00,24150.0,24200.0,24100.0,24200.0,1190.0
2026-07-21 14:45:00+09:00,24200.0,24250.0,24200.0,24200.0,1126.0
2026-07-21 14:50:00+09:00,24250.0,24250.0,24200.0,24200.0,1454.0
2026-07-21 14:55:00+09:00,24200.0,24200.0,24150.0,24150.0,696.0
2026-07-22 09:00:00+09:00,24300.0,24750.0,24200.0,24250.0,1653.0
2026-07-22 09:05:00+09:00,24300.0,24300.0,24150.0,24250.0,653.0
2026-07-22 09:10:00+09:00,24300.0,24450.0,24200.0,24400.0,1291.0
2026-07-22 09:15:00+09:00,24450.0,24500.0,24350.0,24400.0,452.0
2026-07-22 09:20:00+09:00,24400.0,24450.0,24350.0,24400.0,1324.0
2026-07-22 09:25:00+09:00,24400.0,24450.0,24350.0,24350.0,1404.0
2026-07-22 09:30:00+09:00,24400.0,24450.0,24300.0,24400.0,1508.0
2026-07-22 09:35:00+09:00,24450.0,24450.0,24350.0,24400.0,357.0
2026-07-22 09:40:00+09:00,24400.0,24500.0,24400.0,24450.0,331.0
2026-07-22 09:45:00+09:00,24500.0,24500.0,24350.0,24400.0,500.0
2026-07-22 09:50:00+09:00,24400.0,24400.0,24300.0,24300.0,562.0
2026-07-22 09:55:00+09:00,24300.0,24400.0,24250.0,24400.0,854.0
2026-07-22 10:00:00+09:00,24400.0,24450.0,24350.0,24400.0,428.0
2026-07-22 10:05:00+09:00,24350.0,24400.0,24250.0,24300.0,640.0
2026-07-22 10:10:00+09:00,24250.0,24250.0,24200.0,24250.0,464.0
2026-07-22 10:15:00+09:00,24250.0,24300.0,24150.0,24250.0,2826.0
2026-07-22 10:20:00+09:00,24300.0,24350.0,24150.0,24200.0,2215.0
2026-07-22 10:25:00+09:00,24200.0,24250.0,24200.0,24200.0,721.0
2026-07-22 10:30:00+09:00,24250.0,24250.0,24150.0,24200.0,584.0
2026-07-22 10:35:00+09:00,24200.0,24250.0,24150.0,24150.0,329.0
2026-07-22 10:40:00+09:00,24200.0,24200.0,24150.0,24150.0,563.0
2026-07-22 10:45:00+09:00,24150.0,24300.0,24150.0,24300.0,483.0
2026-07-22 10:50:00+09:00,24250.0,24300.0,24200.0,24250.0,487.0
2026-07-22 10:55:00+09:00,24200.0,24300.0,24200.0,24250.0,270.0
2026-07-22 11:00:00+09:00,24300.0,24300.0,24150.0,24250.0,750.0
2026-07-22 11:05:00+09:00,24250.0,24250.0,24000.0,24100.0,1197.0
2026-07-22 11:10:00+09:00,24100.0,24100.0,24050.0,24050.0,633.0
2026-07-22 11:15:00+09:00,24000.0,24150.0,24000.0,24050.0,840.0
2026-07-22 11:20:00+09:00,24050.0,24050.0,24000.0,24050.0,1127.0
2026-07-22 11:25:00+09:00,24050.0,24050.0,24000.0,24000.0,227.0
2026-07-22 11:30:00+09:00,24000.0,24050.0,23950.0,24000.0,294.0
2026-07-22 11:35:00+09:00,24000.0,24000.0,23950.0,23950.0,901.0
2026-07-22 11:40:00+09:00,24000.0,24100.0,23950.0,24050.0,291.0
2026-07-22 11:45:00+09:00,24050.0,24150.0,24050.0,24100.0,325.0
2026-07-22 11:50:00+09:00,24100.0,24150.0,24050.0,24100.0,261.0
2026-07-22 11:55:00+09:00,24050.0,24100.0,24050.0,24100.0,344.0
2026-07-22 12:00:00+09:00,24100.0,24100.0,24000.0,24000.0,294.0
2026-07-22 12:05:00+09:00,24050.0,24050.0,24000.0,24000.0,354.0
2026-07-22 12:10:00+09:00,24000.0,24050.0,24000.0,24050.0,286.0
2026-07-22 12:15:00+09:00,24050.0,24100.0,24000.0,24100.0,877.0
2026-07-22 12:20:00+09:00,24100.0,24100.0,24050.0,24100.0,420.0
2026-07-22 12:25:00+09:00,24100.0,24150.0,24050.0,24150.0,884.0
2026-07-22 12:30:00+09:00,24150.0,24150.0,24050.0,24150.0,392.0
2026-07-22 12:35:00+09:00,24150.0,24150.0,24000.0,24000.0,426.0
2026-07-22 12:40:00+09:00,24050.0,24100.0,24050.0,24100.0,244.0
2026-07-22 12:45:00+09:00,24100.0,24150.0,24100.0,24150.0,283.0
2026-07-22 12:50:00+09:00,24150.0,24200.0,24100.0,24200.0,416.0
2026-07-22 12:55:00+09:00,24200.0,24200.0,24100.0,24150.0,206.0
2026-07-22 13:00:00+09:00,24150.0,24200.0,24100.0,24200.0,462.0
2026-07-22 13:05:00+09:00,24100.0,24200.0,24100.0,24200.0,347.0
2026-07-22 13:10:00+09:00,24150.0,24200.0,24050.0,24050.0,343.0
2026-07-22 13:15:00+09:00,24100.0,24100.0,24050.0,24100.0,283.0
2026-07-22 13:20:00+09:00,24150.0,24200.0,24050.0,24050.0,660.0
2026-07-22 13:25:00+09:00,24050.0,24150.0,24000.0,24100.0,459.0
2026-07-22 13:30:00+09:00,24050.0,24100.0,24000.0,24050.0,597.0
2026-07-22 13:35:00+09:00,24050.0,24100.0,24000.0,24000.0,252.0
2026-07-22 13:40:00+09:00,24100.0,24100.0,24000.0,24100.0,288.0
2026-07-22 13:45:00+09:00,24100.0,24100.0,24000.0,24000.0,260.0
2026-07-22 13:50:00+09:00,24050.0,24050.0,23900.0,23950.0,987.0
2026-07-22 13:55:00+09:00,23900.0,23950.0,23850.0,23900.0,1066.0
2026-07-22 14:00:00+09:00,23900.0,23950.0,23850.0,23900.0,800.0
2026-07-22 14:05:00+09:00,23950.0,23950.0,23900.0,23900.0,555.0
2026-07-22 14:10:00+09:00,23900.0,23950.0,23850.0,23950.0,961.0
2026-07-22 14:15:00+09:00,23950.0,23950.0,23800.0,23850.0,1148.0
2026-07-22 14:20:00+09:00,23800.0,23850.0,23750.0,23750.0,1172.0
2026-07-22 14:25:00+09:00,23750.0,23800.0,23700.0,23750.0,550.0
2026-07-22 14:30:00+09:00,23800.0,23850.0,23750.0,23750.0,983.0
2026-07-22 14:35:00+09:00,23750.0,23850.0,23750.0,23750.0,782.0
2026-07-22 14:40:00+09:00,23750.0,23800.0,23700.0,23700.0,672.0
2026-07-22 14:45:00+09:00,23700.0,23750.0,23650.0,23700.0,1380.0
2026-07-22 14:50:00+09:00,23650.0,23800.0,23650.0,23700.0,1383.0
2026-07-22 14:55:00+09:00,23750.0,23750.0,23650.0,23750.0,1076.0
2026-07-23 09:00:00+09:00,23450.0,23700.0,23450.0,23650.0,1972.0
2026-07-23 09:05:00+09:00,23550.0,23650.0,23550.0,23650.0,840.0
2026-07-23 09:10:00+09:00,23650.0,23650.0,23550.0,23600.0,1307.0
2026-07-23 09:15:00+09:00,23550.0,23650.0,23500.0,23550.0,1284.0
2026-07-23 09:20:00+09:00,23550.0,23550.0,23400.0,23550.0,783.0
2026-07-23 09:25:00+09:00,23550.0,23550.0,23400.0,23500.0,547.0
2026-07-23 09:30:00+09:00,23550.0,23550.0,23450.0,23450.0,643.0
2026-07-23 09:35:00+09:00,23500.0,23550.0,23400.0,23550.0,1649.0
2026-07-23 09:40:00+09:00,23550.0,23600.0,23550.0,23600.0,1051.0
2026-07-23 09:45:00+09:00,23600.0,23700.0,23600.0,23650.0,655.0
2026-07-23 09:50:00+09:00,23700.0,23700.0,23500.0,23500.0,0.0
2026-07-23 09:55:00+09:00,23500.0,23650.0,23500.0,23650.0,302.0
2026-07-23 10:00:00+09:00,23600.0,23700.0,23600.0,23650.0,41.0
2026-07-23 10:05:00+09:00,23600.0,23650.0,23550.0,23650.0,440.0
2026-07-23 10:10:00+09:00,23650.0,23650.0,23500.0,23650.0,393.0
2026-07-23 10:15:00+09:00,23650.0,23700.0,23650.0,23700.0,298.0
2026-07-23 10:20:00+09:00,23650.0,23800.0,23650.0,23750.0,1248.0
2026-07-23 10:25:00+09:00,23800.0,23900.0,23800.0,23850.0,879.0
2026-07-23 10:30:00+09:00,23850.0,24000.0,23850.0,23950.0,1188.0
2026-07-23 10:35:00+09:00,24000.0,24100.0,23900.0,23900.0,1298.0
2026-07-23 10:40:00+09:00,23900.0,23950.0,23800.0,23850.0,694.0
2026-07-23 10:45:00+09:00,23800.0,23800.0,23700.0,23700.0,232.0
2026-07-23 10:50:00+09:00,23750.0,23900.0,23700.0,23850.0,359.0
2026-07-23 10:55:00+09:00,23800.0,24000.0,23800.0,23900.0,787.0
2026-07-23 11:00:00+09:00,23950.0,23950.0,23750.0,23950.0,723.0
2026-07-23 11:05:00+09:00,23950.0,23950.0,23950.0,23950.0,177.0
2026-07-23 11:10:00+09:00,23900.0,23900.0,23750.0,23750.0,218.0
2026-07-23 11:15:00+09:00,23800.0,23850.0,23800.0,23800.0,16.0
2026-07-23 11:20:00+09:00,23850.0,23850.0,23800.0,23850.0,491.0
2026-07-23 11:25:00+09:00,23900.0,23900.0,23800.0,23850.0,729.0
2026-07-23 11:30:00+09:00,23850.0,23900.0,23800.0,23900.0,366.0
2026-07-23 11:35:00+09:00,23950.0,23950.0,23900.0,23950.0,259.0
2026-07-23 11:40:00+09:00,23900.0,23950.0,23900.0,23950.0,46.0
2026-07-23 11:45:00+09:00,23950.0,23950.0,23900.0,23950.0,18.0
2026-07-23 11:50:00+09:00,23900.0,23950.0,23850.0,23950.0,662.0
2026-07-23 11:55:00+09:00,23900.0,23900.0,23850.0,23900.0,151.0
2026-07-23 12:00:00+09:00,23900.0,23900.0,23900.0,23900.0,189.0
2026-07-23 12:05:00+09:00,23950.0,23950.0,23850.0,23900.0,97.0
2026-07-23 12:10:00+09:00,23850.0,23950.0,23850.0,23950.0,10.0
2026-07-23 12:15:00+09:00,23950.0,23950.0,23900.0,23900.0,51.0
2026-07-23 12:20:00+09:00,23950.0,24000.0,23950.0,23950.0,837.0
2026-07-23 12:25:00+09:00,24000.0,24000.0,23950.0,24000.0,238.0
2026-07-23 12:30:00+09:00,24000.0,24000.0,23900.0,23950.0,1245.0
2026-07-23 12:35:00+09:00,23900.0,23900.0,23900.0,23900.0,205.0
2026-07-23 12:40:00+09:00,23900.0,24000.0,23850.0,24000.0,928.0
2026-07-23 12:45:00+09:00,24000.0,24000.0,23900.0,23900.0,269.0
2026-07-23 12:50:00+09:00,23900.0,23900.0,23850.0,23850.0,657.0
2026-07-23 12:55:00+09:00,23850.0,23950.0,23850.0,23950.0,814.0
2026-07-23 13:00:00+09:00,23950.0,23950.0,23900.0,23900.0,372.0
2026-07-23 13:05:00+09:00,23950.0,23950.0,23900.0,23900.0,88.0
2026-07-23 13:10:00+09:00,23900.0,23950.0,23900.0,23950.0,141.0
2026-07-23 13:15:00+09:00,23950.0,23950.0,23900.0,23950.0,151.0
2026-07-23 13:20:00+09:00,23950.0,23950.0,23850.0,23900.0,579.0
2026-07-23 13:25:00+09:00,23900.0,23950.0,23900.0,23900.0,334.0
2026-07-23 13:30:00+09:00,23950.0,23950.0,23900.0,23950.0,0.0
2026-07-23 13:35:00+09:00,23950.0,23950.0,23800.0,23900.0,756.0
2026-07-23 13:40:00+09:00,23900.0,23900.0,23850.0,23850.0,229.0
2026-07-23 13:45:00+09:00,23900.0,23950.0,23850.0,23850.0,273.0
2026-07-23 13:50:00+09:00,23950.0,23950.0,23850.0,23850.0,290.0
2026-07-23 13:55:00+09:00,23850.0,23900.0,23800.0,23800.0,386.0
2026-07-23 14:00:00+09:00,23900.0,23900.0,23750.0,23800.0,1051.0
2026-07-23 14:05:00+09:00,23800.0,23900.0,23750.0,23850.0,377.0
2026-07-23 14:10:00+09:00,23850.0,23850.0,23750.0,23750.0,755.0
2026-07-23 14:15:00+09:00,23750.0,23900.0,23750.0,23850.0,719.0
2026-07-23 14:20:00+09:00,23850.0,23900.0,23850.0,23850.0,731.0
2026-07-23 14:25:00+09:00,23900.0,23950.0,23850.0,23900.0,1603.0
2026-07-23 14:30:00+09:00,23850.0,24050.0,23850.0,24050.0,4445.0
2026-07-23 14:35:00+09:00,24050.0,24100.0,23950.0,23950.0,478.0
2026-07-23 14:40:00+09:00,24000.0,24000.0,23950.0,24000.0,386.0
2026-07-23 14:45:00+09:00,23950.0,23950.0,23900.0,23900.0,297.0
2026-07-23 14:50:00+09:00,23900.0,24000.0,23900.0,23950.0,1423.0
2026-07-23 14:55:00+09:00,23950.0,24000.0,23900.0,23950.0,729.0
2026-07-24 09:00:00+09:00,23650.0,24300.0,23650.0,24200.0,1282.0
2026-07-24 09:05:00+09:00,24200.0,24350.0,24050.0,24250.0,1515.0
2026-07-24 09:10:00+09:00,24350.0,24350.0,23950.0,24050.0,991.0
2026-07-24 09:15:00+09:00,24000.0,24100.0,23900.0,23900.0,1463.0
2026-07-24 09:20:00+09:00,23900.0,24000.0,23850.0,23900.0,1152.0
2026-07-24 09:25:00+09:00,23950.0,24050.0,23900.0,24000.0,525.0
2026-07-24 09:30:00+09:00,24000.0,24100.0,23950.0,23950.0,1361.0
2026-07-24 09:35:00+09:00,23950.0,24100.0,23950.0,24050.0,416.0
2026-07-24 09:40:00+09:00,24050.0,24350.0,23950.0,24300.0,3369.0
2026-07-24 09:45:00+09:00,24300.0,24300.0,24250.0,24300.0,712.0
2026-07-24 09:50:00+09:00,24300.0,24350.0,24250.0,24350.0,1583.0
2026-07-24 09:55:00+09:00,24350.0,24350.0,24250.0,24250.0,1126.0
2026-07-24 10:00:00+09:00,24250.0,24300.0,24200.0,24300.0,631.0
2026-07-24 10:05:00+09:00,24250.0,24350.0,24200.0,24200.0,769.0
2026-07-24 10:10:00+09:00,24300.0,24300.0,24200.0,24200.0,89.0
2026-07-24 10:15:00+09:00,24250.0,24250.0,24200.0,24250.0,83.0
2026-07-24 10:20:00+09:00,24250.0,24250.0,24100.0,24150.0,807.0
2026-07-24 10:25:00+09:00,24150.0,24300.0,24100.0,24250.0,807.0
2026-07-24 10:30:00+09:00,24200.0,24300.0,24200.0,24300.0,430.0
2026-07-24 10:35:00+09:00,24350.0,24350.0,24250.0,24300.0,2741.0
2026-07-24 10:40:00+09:00,24250.0,24300.0,24200.0,24250.0,333.0
2026-07-24 10:45:00+09:00,24250.0,24250.0,24200.0,24200.0,498.0
2026-07-24 10:50:00+09:00,24150.0,24350.0,24150.0,24250.0,709.0
2026-07-24 10:55:00+09:00,24300.0,24300.0,24200.0,24250.0,147.0
2026-07-24 11:00:00+09:00,24250.0,24250.0,24200.0,24250.0,228.0
2026-07-24 11:05:00+09:00,24250.0,24250.0,24100.0,24200.0,1210.0
2026-07-24 11:10:00+09:00,24150.0,24200.0,24150.0,24150.0,164.0
2026-07-24 11:15:00+09:00,24100.0,24150.0,23950.0,24000.0,1309.0
2026-07-24 11:20:00+09:00,24000.0,24050.0,23950.0,24000.0,233.0
2026-07-24 11:25:00+09:00,24000.0,24050.0,23950.0,23950.0,422.0
2026-07-24 11:30:00+09:00,23950.0,24050.0,23700.0,23950.0,1246.0
2026-07-24 11:35:00+09:00,23950.0,23950.0,23850.0,23950.0,598.0
2026-07-24 11:40:00+09:00,23900.0,23900.0,23750.0,23900.0,797.0
2026-07-24 11:45:00+09:00,23900.0,23950.0,23850.0,23950.0,193.0
2026-07-24 11:50:00+09:00,23900.0,23900.0,23750.0,23750.0,719.0
2026-07-24 11:55:00+09:00,23850.0,23850.0,23650.0,23800.0,1609.0
2026-07-24 12:00:00+09:00,23800.0,23950.0,23750.0,23850.0,1056.0
2026-07-24 12:05:00+09:00,23900.0,23900.0,23800.0,23900.0,703.0
2026-07-24 12:10:00+09:00,23900.0,23950.0,23800.0,23900.0,1018.0
2026-07-24 12:15:00+09:00,23900.0,23950.0,23850.0,23950.0,688.0
2026-07-24 12:20:00+09:00,23950.0,23950.0,23800.0,23950.0,411.0
2026-07-24 12:25:00+09:00,23950.0,24050.0,23900.0,23950.0,713.0
2026-07-24 12:30:00+09:00,23950.0,24050.0,23950.0,24050.0,511.0
2026-07-24 12:35:00+09:00,24050.0,24100.0,24000.0,24100.0,654.0
2026-07-24 12:40:00+09:00,24100.0,24150.0,24050.0,24150.0,371.0
2026-07-24 12:45:00+09:00,24150.0,24150.0,24050.0,24100.0,342.0
2026-07-24 12:50:00+09:00,24100.0,24250.0,24100.0,24150.0,576.0
2026-07-24 12:55:00+09:00,24100.0,24200.0,24050.0,24050.0,307.0
2026-07-24 13:00:00+09:00,24100.0,24150.0,24000.0,24100.0,455.0
2026-07-24 13:05:00+09:00,24150.0,24250.0,24100.0,24250.0,567.0
2026-07-24 13:10:00+09:00,24200.0,24250.0,24150.0,24200.0,623.0
2026-07-24 13:15:00+09:00,24200.0,24250.0,24200.0,24250.0,297.0
2026-07-24 13:20:00+09:00,24200.0,24300.0,23800.0,24300.0,778.0
2026-07-24 13:25:00+09:00,24300.0,24350.0,24250.0,24275.0,464.0
2026-07-24 13:30:00+09:00,24275.0,24350.0,24250.0,24250.0,469.0
2026-07-24 13:35:00+09:00,24250.0,24350.0,24200.0,24250.0,787.0
2026-07-24 13:40:00+09:00,24200.0,24250.0,24200.0,24200.0,469.0
2026-07-24 13:45:00+09:00,24150.0,24150.0,24100.0,24100.0,597.0
2026-07-24 13:50:00+09:00,24100.0,24300.0,24100.0,24250.0,1093.0
2026-07-24 13:55:00+09:00,24200.0,24200.0,24150.0,24200.0,210.0
2026-07-24 14:00:00+09:00,24150.0,24200.0,24075.0,24100.0,867.0
2026-07-24 14:05:00+09:00,24125.0,24300.0,24100.0,24225.0,507.0
2026-07-24 14:10:00+09:00,24200.0,24350.0,24200.0,24300.0,693.0
2026-07-24 14:15:00+09:00,24300.0,24300.0,24050.0,24100.0,939.0
2026-07-24 14:20:00+09:00,24150.0,24275.0,24150.0,24225.0,510.0
2026-07-24 14:25:00+09:00,24200.0,24225.0,24200.0,24200.0,346.0
2026-07-24 14:30:00+09:00,24200.0,24200.0,24150.0,24150.0,184.0
2026-07-24 14:35:00+09:00,24150.0,24200.0,24150.0,24200.0,611.0
2026-07-24 14:40:00+09:00,24150.0,24200.0,24150.0,24175.0,78.0
2026-07-24 14:45:00+09:00,24175.0,24200.0,24100.0,24100.0,655.0
2026-07-24 14:50:00+09:00,24125.0,24125.0,24050.0,24050.0,644.0
2026-07-24 14:55:00+09:00,24050.0,24200.0,24000.0,24150.0,1058.0
2026-07-27 09:00:00+09:00,24500.0,24650.0,24250.0,24650.0,0.0
2026-07-27 09:05:00+09:00,24700.0,24800.0,24650.0,24700.0,1243.0
2026-07-27 09:10:00+09:00,24700.0,24800.0,24450.0,24750.0,2691.0
2026-07-27 09:15:00+09:00,24650.0,24900.0,24550.0,24800.0,2088.0
2026-07-27 09:20:00+09:00,24800.0,24900.0,24700.0,24850.0,1207.0
2026-07-27 09:25:00+09:00,24850.0,24900.0,24750.0,24800.0,570.0
2026-07-27 09:30:00+09:00,24750.0,25000.0,24700.0,24700.0,3669.0
2026-07-27 09:35:00+09:00,24725.0,24900.0,24700.0,24900.0,1099.0
2026-07-27 09:40:00+09:00,24900.0,25000.0,24900.0,24950.0,1098.0
2026-07-27 09:45:00+09:00,24950.0,25050.0,24900.0,25050.0,2082.0
2026-07-27 09:50:00+09:00,25050.0,25050.0,24950.0,24950.0,231.0
2026-07-27 09:55:00+09:00,24900.0,24900.0,24650.0,24900.0,2110.0
2026-07-27 10:00:00+09:00,24900.0,25050.0,24900.0,25000.0,1112.0
2026-07-27 10:05:00+09:00,25000.0,25050.0,24950.0,24950.0,1462.0
2026-07-27 10:10:00+09:00,25000.0,25000.0,24900.0,24900.0,385.0
2026-07-27 10:15:00+09:00,24950.0,25100.0,24900.0,25000.0,2613.0
2026-07-27 10:20:00+09:00,25000.0,25000.0,24900.0,24950.0,522.0
2026-07-27 10:25:00+09:00,24950.0,25000.0,24900.0,25000.0,1693.0
2026-07-27 10:30:00+09:00,25000.0,25150.0,24950.0,25100.0,2277.0
2026-07-27 10:35:00+09:00,25100.0,25100.0,25050.0,25100.0,1343.0
2026-07-27 10:40:00+09:00,25100.0,25100.0,24900.0,25100.0,772.0
2026-07-27 10:45:00+09:00,25100.0,25100.0,25000.0,25050.0,654.0
2026-07-27 10:50:00+09:00,25050.0,25100.0,24950.0,24950.0,364.0
2026-07-27 10:55:00+09:00,25000.0,25100.0,25000.0,25100.0,825.0
2026-07-27 11:00:00+09:00,25100.0,25100.0,24950.0,24950.0,933.0
2026-07-27 11:05:00+09:00,24950.0,25000.0,24950.0,25000.0,565.0
2026-07-27 11:10:00+09:00,25000.0,25000.0,24950.0,25000.0,269.0
2026-07-27 11:15:00+09:00,25000.0,25050.0,25000.0,25000.0,404.0
2026-07-27 11:20:00+09:00,25050.0,25050.0,24850.0,25000.0,477.0
2026-07-27 11:25:00+09:00,25000.0,25050.0,25000.0,25050.0,477.0
2026-07-27 11:30:00+09:00,25000.0,25000.0,24850.0,24900.0,1034.0
2026-07-27 11:35:00+09:00,24950.0,25000.0,24900.0,25000.0,382.0
2026-07-27 11:40:00+09:00,25000.0,25000.0,24950.0,25000.0,301.0
2026-07-27 11:45:00+09:00,25000.0,25000.0,24900.0,24950.0,318.0
2026-07-27 11:50:00+09:00,24950.0,25000.0,24850.0,25000.0,454.0
2026-07-27 11:55:00+09:00,24950.0,25000.0,24900.0,24950.0,234.0
2026-07-27 12:00:00+09:00,25000.0,25000.0,24900.0,24950.0,348.0
2026-07-27 12:05:00+09:00,24950.0,24950.0,24850.0,24950.0,341.0
2026-07-27 12:10:00+09:00,24900.0,24950.0,24850.0,24950.0,407.0
2026-07-27 12:15:00+09:00,24950.0,25000.0,24950.0,24950.0,319.0
2026-07-27 12:20:00+09:00,24950.0,25150.0,24950.0,25100.0,4442.0
2026-07-27 12:25:00+09:00,25150.0,25150.0,25000.0,25000.0,627.0
2026-07-27 12:30:00+09:00,25000.0,25000.0,24900.0,24950.0,566.0
2026-07-27 12:35:00+09:00,24950.0,24950.0,24900.0,24950.0,322.0
2026-07-27 12:40:00+09:00,24950.0,25000.0,24850.0,25000.0,883.0
2026-07-27 12:45:00+09:00,25000.0,25000.0,24900.0,24950.0,677.0
2026-07-27 12:50:00+09:00,24950.0,24950.0,24850.0,24900.0,302.0
2026-07-27 12:55:00+09:00,24900.0,25250.0,24850.0,25250.0,2922.0
2026-07-27 13:00:00+09:00,25250.0,25250.0,25150.0,25250.0,3873.0
2026-07-27 13:05:00+09:00,25200.0,25250.0,25150.0,25200.0,406.0
2026-07-27 13:10:00+09:00,25150.0,25250.0,25150.0,25250.0,2529.0
2026-07-27 13:15:00+09:00,25250.0,25250.0,25200.0,25250.0,206.0
2026-07-27 13:20:00+09:00,25250.0,25300.0,25150.0,25200.0,2301.0
2026-07-27 13:25:00+09:00,25200.0,25200.0,25000.0,25100.0,3827.0
2026-07-27 13:30:00+09:00,25100.0,25100.0,24950.0,25000.0,837.0
2026-07-27 13:35:00+09:00,25000.0,25050.0,24950.0,25000.0,864.0
2026-07-27 13:40:00+09:00,25050.0,25050.0,25000.0,25050.0,1040.0
2026-07-27 13:45:00+09:00,25100.0,25100.0,25000.0,25000.0,774.0
2026-07-27 13:50:00+09:00,24950.0,25100.0,24900.0,25100.0,539.0
2026-07-27 13:55:00+09:00,25000.0,25100.0,25000.0,25100.0,352.0
2026-07-27 14:00:00+09:00,25000.0,25100.0,25000.0,25050.0,767.0
2026-07-27 14:05:00+09:00,25050.0,25100.0,25000.0,25100.0,204.0
2026-07-27 14:10:00+09:00,25100.0,25100.0,24950.0,25100.0,996.0
2026-07-27 14:15:00+09:00,25050.0,25100.0,25050.0,25100.0,369.0
2026-07-27 14:20:00+09:00,25100.0,25100.0,25000.0,25050.0,276.0
2026-07-27 14:25:00+09:00,25050.0,25050.0,25000.0,25000.0,940.0
2026-07-27 14:30:00+09:00,25000.0,25000.0,24950.0,25000.0,318.0
2026-07-27 14:35:00+09:00,25000.0,25000.0,24950.0,25000.0,532.0
2026-07-27 14:40:00+09:00,25000.0,25050.0,24950.0,25000.0,295.0
2026-07-27 14:45:00+09:00,25000.0,25050.0,25000.0,25000.0,410.0
2026-07-27 14:50:00+09:00,25000.0,25000.0,24900.0,24950.0,418.0
2026-07-27 14:55:00+09:00,24950.0,24950.0,24850.0,24850.0,589.0
2026-07-28 09:00:00+09:00,24500.0,25150.0,24500.0,24750.0,2670.0
2026-07-28 09:05:00+09:00,24700.0,24750.0,24500.0,24500.0,1507.0
2026-07-28 09:10:00+09:00,24550.0,24750.0,24350.0,24650.0,1194.0
2026-07-28 09:15:00+09:00,24650.0,24700.0,24600.0,24600.0,624.0
2026-07-28 09:20:00+09:00,24600.0,24700.0,24550.0,24650.0,542.0
2026-07-28 09:25:00+09:00,24650.0,24700.0,24500.0,24500.0,478.0
2026-07-28 09:30:00+09:00,24550.0,24600.0,24350.0,24600.0,2160.0
2026-07-28 09:35:00+09:00,24550.0,24600.0,24450.0,24550.0,485.0
2026-07-28 09:40:00+09:00,24500.0,24550.0,24450.0,24500.0,615.0
2026-07-28 09:45:00+09:00,24450.0,24450.0,24400.0,24400.0,360.0
2026-07-28 09:50:00+09:00,24400.0,24450.0,24400.0,24400.0,127.0
2026-07-28 09:55:00+09:00,24350.0,24400.0,24300.0,24400.0,579.0
2026-07-28 10:00:00+09:00,24400.0,24550.0,24350.0,24550.0,552.0
2026-07-28 10:05:00+09:00,24500.0,24550.0,24400.0,24450.0,445.0
2026-07-28 10:10:00+09:00,24450.0,24450.0,24350.0,24350.0,290.0
2026-07-28 10:40:00+09:00,24400.0,24500.0,24400.0,24450.0,568.0
2026-07-28 10:45:00+09:00,24450.0,24450.0,24300.0,24350.0,883.0
2026-07-28 10:50:00+09:00,24350.0,24350.0,24150.0,24150.0,1556.0
2026-07-28 10:55:00+09:00,24150.0,24200.0,24100.0,24150.0,538.0
2026-07-28 11:00:00+09:00,24200.0,24200.0,24150.0,24150.0,515.0
2026-07-28 11:05:00+09:00,24150.0,24200.0,24100.0,24150.0,1129.0
2026-07-28 11:10:00+09:00,24150.0,24200.0,24100.0,24200.0,148.0
2026-07-28 11:15:00+09:00,24150.0,24200.0,24150.0,24200.0,336.0
2026-07-28 11:20:00+09:00,24200.0,24200.0,24150.0,24200.0,140.0
2026-07-28 11:25:00+09:00,24200.0,24200.0,24100.0,24100.0,439.0
2026-07-28 11:30:00+09:00,24100.0,24100.0,24000.0,24000.0,1384.0
2026-07-28 11:35:00+09:00,24050.0,24050.0,24000.0,24050.0,134.0
2026-07-28 11:40:00+09:00,24050.0,24050.0,24000.0,24050.0,1290.0
2026-07-28 11:45:00+09:00,24050.0,24050.0,24000.0,24000.0,296.0
2026-07-28 11:50:00+09:00,24050.0,24200.0,24000.0,24200.0,1969.0
2026-07-28 11:55:00+09:00,24150.0,24200.0,24100.0,24150.0,206.0
2026-07-28 12:00:00+09:00,24100.0,24150.0,24050.0,24100.0,132.0
2026-07-28 12:05:00+09:00,24100.0,24100.0,24050.0,24050.0,288.0
2026-07-28 12:10:00+09:00,24050.0,24100.0,24050.0,24100.0,263.0
2026-07-28 12:15:00+09:00,24050.0,24100.0,24000.0,24100.0,1247.0
2026-07-28 12:20:00+09:00,24100.0,24200.0,24050.0,24200.0,698.0
2026-07-28 12:25:00+09:00,24200.0,24200.0,24150.0,24200.0,676.0
2026-07-28 12:30:00+09:00,24200.0,24200.0,24100.0,24150.0,257.0
2026-07-28 12:35:00+09:00,24150.0,24200.0,24100.0,24200.0,1931.0
2026-07-28 12:40:00+09:00,24150.0,24200.0,24150.0,24200.0,777.0
2026-07-28 12:45:00+09:00,24200.0,24200.0,24150.0,24200.0,342.0
2026-07-28 12:50:00+09:00,24200.0,24250.0,24150.0,24200.0,740.0
2026-07-28 12:55:00+09:00,24250.0,24250.0,24200.0,24250.0,230.0
2026-07-28 13:00:00+09:00,24200.0,24250.0,24150.0,24200.0,474.0
2026-07-28 13:05:00+09:00,24200.0,24300.0,24150.0,24250.0,869.0
2026-07-28 13:10:00+09:00,24250.0,24300.0,24200.0,24300.0,358.0
2026-07-28 13:15:00+09:00,24300.0,24350.0,24250.0,24350.0,624.0
2026-07-28 13:20:00+09:00,24350.0,24350.0,24250.0,24300.0,834.0
2026-07-28 13:25:00+09:00,24250.0,24250.0,24100.0,24100.0,1184.0
2026-07-28 13:30:00+09:00,24100.0,24150.0,24000.0,24050.0,3911.0
2026-07-28 13:35:00+09:00,24050.0,24100.0,24050.0,24050.0,745.0
2026-07-28 13:40:00+09:00,24050.0,24200.0,24000.0,24150.0,3767.0
2026-07-28 13:45:00+09:00,24100.0,24150.0,24100.0,24100.0,438.0
2026-07-28 13:50:00+09:00,24150.0,24150.0,23950.0,23950.0,1028.0
2026-07-28 13:55:00+09:00,23950.0,24000.0,23950.0,24000.0,170.0
2026-07-28 14:00:00+09:00,24000.0,24150.0,24000.0,24100.0,1605.0
2026-07-28 14:05:00+09:00,24100.0,24100.0,24000.0,24050.0,363.0
2026-07-28 14:10:00+09:00,24050.0,24050.0,23950.0,23975.0,530.0
2026-07-28 14:15:00+09:00,23975.0,24000.0,23950.0,24000.0,868.0
2026-07-28 14:20:00+09:00,24000.0,24000.0,23950.0,23950.0,1303.0
2026-07-28 14:25:00+09:00,24000.0,24000.0,23950.0,24000.0,307.0
2026-07-28 14:30:00+09:00,24000.0,24000.0,23700.0,23850.0,3738.0
2026-07-28 14:35:00+09:00,23850.0,23950.0,23750.0,23850.0,2208.0
2026-07-28 14:40:00+09:00,23900.0,23900.0,23800.0,23850.0,941.0
2026-07-28 14:45:00+09:00,23850.0,23950.0,23800.0,23900.0,1415.0
2026-07-28 14:50:00+09:00,23900.0,23900.0,23800.0,23800.0,1209.0
2026-07-28 14:55:00+09:00,23800.0,23850.0,23800.0,23800.0,930.0
2026-07-29 09:00:00+09:00,24100.0,24300.0,24000.0,24300.0,4447.0
2026-07-29 09:05:00+09:00,24250.0,24800.0,24150.0,24650.0,2990.0
2026-07-29 09:10:00+09:00,24850.0,24850.0,24500.0,24750.0,1393.0
2026-07-29 09:15:00+09:00,24700.0,24800.0,24700.0,24750.0,1377.0
2026-07-29 09:20:00+09:00,24750.0,24900.0,24700.0,24750.0,3128.0
2026-07-29 09:25:00+09:00,24750.0,25000.0,24650.0,24850.0,5575.0
2026-07-29 09:30:00+09:00,24850.0,25050.0,24800.0,24850.0,5093.0
2026-07-29 09:35:00+09:00,24850.0,25100.0,24850.0,25000.0,2042.0
2026-07-29 09:40:00+09:00,24950.0,25000.0,24850.0,24900.0,971.0
2026-07-29 09:45:00+09:00,24950.0,25200.0,24950.0,25150.0,2410.0
2026-07-29 09:50:00+09:00,25150.0,25350.0,25100.0,25300.0,4830.0
2026-07-29 09:55:00+09:00,25300.0,25500.0,25100.0,25500.0,8989.0
2026-07-29 10:00:00+09:00,25500.0,25650.0,25400.0,25600.0,14785.0
2026-07-29 10:05:00+09:00,25550.0,25800.0,25550.0,25550.0,5983.0
2026-07-29 10:10:00+09:00,25600.0,25650.0,25400.0,25550.0,3192.0
2026-07-29 10:15:00+09:00,25550.0,25600.0,25400.0,25550.0,3853.0
2026-07-29 10:20:00+09:00,25600.0,25800.0,25550.0,25750.0,9658.0
2026-07-29 10:25:00+09:00,25750.0,25750.0,25400.0,25600.0,5127.0
2026-07-29 10:30:00+09:00,25600.0,25600.0,25300.0,25450.0,4017.0
2026-07-29 10:35:00+09:00,25450.0,25450.0,25300.0,25400.0,1769.0
2026-07-29 10:40:00+09:00,25400.0,25400.0,25200.0,25300.0,2841.0
2026-07-29 10:45:00+09:00,25250.0,25350.0,25150.0,25200.0,2101.0
2026-07-29 10:50:00+09:00,25250.0,25250.0,25000.0,25050.0,3136.0
2026-07-29 10:55:00+09:00,25050.0,25150.0,25000.0,25050.0,928.0
2026-07-29 11:00:00+09:00,25150.0,25150.0,24800.0,24850.0,2232.0
2026-07-29 11:05:00+09:00,24800.0,24900.0,24650.0,24800.0,3391.0
2026-07-29 11:10:00+09:00,24850.0,24950.0,24700.0,24850.0,4442.0
2026-07-29 11:15:00+09:00,24850.0,24850.0,24700.0,24750.0,2530.0
2026-07-29 11:20:00+09:00,24750.0,24950.0,24750.0,24850.0,2129.0
2026-07-29 11:25:00+09:00,24850.0,25050.0,24800.0,25050.0,2125.0
2026-07-29 11:30:00+09:00,25050.0,25050.0,24800.0,24900.0,2115.0
2026-07-29 11:35:00+09:00,24900.0,24900.0,24600.0,24650.0,1815.0
2026-07-29 11:40:00+09:00,24650.0,24700.0,24500.0,24650.0,3046.0
2026-07-29 11:45:00+09:00,24600.0,24600.0,24350.0,24450.0,2063.0
2026-07-29 11:50:00+09:00,24450.0,24500.0,24350.0,24400.0,1121.0
2026-07-29 11:55:00+09:00,24350.0,24400.0,24350.0,24400.0,2944.0
2026-07-29 12:00:00+09:00,24350.0,24400.0,24175.0,24200.0,3713.0
2026-07-29 12:05:00+09:00,24250.0,24650.0,24200.0,24650.0,4621.0
2026-07-29 12:10:00+09:00,24650.0,24650.0,24300.0,24300.0,2166.0
2026-07-29 12:15:00+09:00,24350.0,24400.0,24250.0,24350.0,1073.0
2026-07-29 12:20:00+09:00,24350.0,24600.0,24300.0,24500.0,1833.0
2026-07-29 12:25:00+09:00,24450.0,24550.0,24400.0,24450.0,1223.0
2026-07-29 12:30:00+09:00,24450.0,24550.0,24400.0,24450.0,777.0
2026-07-29 13:00:00+09:00,24450.0,24450.0,24350.0,24450.0,3052.0
2026-07-29 13:05:00+09:00,24450.0,24500.0,24200.0,24350.0,2760.0
2026-07-29 13:10:00+09:00,24400.0,24450.0,24300.0,24450.0,2231.0
2026-07-29 13:15:00+09:00,24450.0,24450.0,24200.0,24200.0,1991.0
2026-07-29 13:20:00+09:00,24250.0,24400.0,24200.0,24400.0,1906.0
2026-07-29 13:25:00+09:00,24400.0,24400.0,24050.0,24250.0,3061.0
2026-07-29 13:30:00+09:00,24300.0,24300.0,24050.0,24150.0,4454.0
2026-07-29 13:35:00+09:00,24150.0,24300.0,24100.0,24200.0,11052.0
2026-07-29 13:40:00+09:00,24150.0,24200.0,24050.0,24050.0,1881.0
2026-07-29 13:45:00+09:00,24100.0,24200.0,24050.0,24150.0,1520.0
2026-07-29 13:50:00+09:00,24200.0,24250.0,24100.0,24200.0,3313.0
2026-07-29 13:55:00+09:00,24200.0,24400.0,24200.0,24300.0,2659.0
2026-07-29 14:00:00+09:00,24350.0,24500.0,24300.0,24400.0,1997.0
2026-07-29 14:05:00+09:00,24350.0,24400.0,24300.0,24400.0,1358.0
2026-07-29 14:10:00+09:00,24450.0,24550.0,24300.0,24450.0,3560.0
2026-07-29 14:15:00+09:00,24500.0,24500.0,24250.0,24250.0,2254.0
2026-07-29 14:20:00+09:00,24300.0,24400.0,24200.0,24250.0,2296.0
2026-07-29 14:25:00+09:00,24300.0,24400.0,24300.0,24350.0,2296.0
2026-07-29 14:30:00+09:00,24350.0,24450.0,24250.0,24400.0,1761.0
2026-07-29 14:35:00+09:00,24400.0,24550.0,24350.0,24450.0,2273.0
2026-07-29 14:40:00+09:00,24500.0,24500.0,24250.0,24350.0,2523.0
2026-07-29 14:45:00+09:00,24350.0,24400.0,24200.0,24300.0,2329.0
2026-07-29 14:50:00+09:00,24300.0,24350.0,24000.0,24100.0,2750.0
2026-07-29 14:55:00+09:00,24150.0,24250.0,24000.0,24050.0,1632.0
2026-07-30 09:00:00+09:00,24450.0,25100.0,24300.0,24850.0,9185.0
2026-07-30 09:05:00+09:00,24850.0,25300.0,24800.0,25300.0,3606.0
2026-07-30 09:10:00+09:00,25250.0,25450.0,25150.0,25200.0,3390.0
2026-07-30 09:15:00+09:00,25150.0,25700.0,25150.0,25500.0,14705.0
2026-07-30 09:20:00+09:00,25500.0,25650.0,25250.0,25400.0,5584.0
2026-07-30 09:25:00+09:00,25350.0,25600.0,25100.0,25100.0,2413.0
2026-07-30 09:30:00+09:00,25200.0,25350.0,25100.0,25200.0,3181.0
2026-07-30 09:35:00+09:00,25200.0,25250.0,25050.0,25250.0,3222.0
2026-07-30 09:40:00+09:00,25250.0,25350.0,25150.0,25300.0,1914.0
2026-07-30 09:45:00+09:00,25300.0,25600.0,25300.0,25550.0,5610.0
2026-07-30 09:50:00+09:00,25600.0,25700.0,25450.0,25600.0,14265.0
2026-07-30 09:55:00+09:00,25500.0,25550.0,25300.0,25450.0,4005.0
2026-07-30 10:00:00+09:00,25400.0,25450.0,25000.0,25150.0,3367.0
2026-07-30 10:05:00+09:00,25150.0,25400.0,25150.0,25400.0,3153.0
2026-07-30 10:10:00+09:00,25400.0,25400.0,25200.0,25350.0,3814.0
2026-07-30 10:15:00+09:00,25250.0,25400.0,25200.0,25400.0,7216.0
2026-07-30 10:20:00+09:00,25350.0,25400.0,25100.0,25250.0,2577.0
2026-07-30 10:25:00+09:00,25250.0,25300.0,25150.0,25150.0,1140.0
2026-07-30 10:30:00+09:00,25200.0,25250.0,25100.0,25150.0,1292.0
2026-07-30 10:35:00+09:00,25150.0,25350.0,25150.0,25200.0,1573.0
2026-07-30 10:40:00+09:00,25200.0,25300.0,25200.0,25250.0,4021.0
2026-07-30 10:45:00+09:00,25250.0,25300.0,25150.0,25200.0,1873.0
2026-07-30 10:50:00+09:00,25150.0,25350.0,25150.0,25200.0,1818.0
2026-07-30 10:55:00+09:00,25150.0,25250.0,25000.0,25200.0,1598.0
2026-07-30 11:00:00+09:00,25200.0,25250.0,25100.0,25200.0,1115.0
2026-07-30 11:05:00+09:00,25100.0,25150.0,25000.0,25050.0,637.0
2026-07-30 11:10:00+09:00,25100.0,25150.0,24950.0,25100.0,2257.0
2026-07-30 11:15:00+09:00,25100.0,25100.0,25000.0,25050.0,1071.0
2026-07-30 11:20:00+09:00,25050.0,25050.0,24850.0,25000.0,994.0
2026-07-30 11:25:00+09:00,24950.0,25050.0,24850.0,25050.0,1425.0
2026-07-30 11:30:00+09:00,25000.0,25050.0,24900.0,24900.0,746.0
2026-07-30 11:35:00+09:00,24900.0,25000.0,24850.0,24850.0,1537.0
2026-07-30 11:40:00+09:00,24850.0,24900.0,24650.0,24900.0,1434.0
2026-07-30 11:45:00+09:00,24900.0,24900.0,24750.0,24850.0,1581.0
2026-07-30 11:50:00+09:00,24800.0,24800.0,24650.0,24750.0,1207.0
2026-07-30 11:55:00+09:00,24700.0,24750.0,24500.0,24600.0,2869.0
2026-07-30 12:00:00+09:00,24600.0,24700.0,24550.0,24600.0,1726.0
2026-07-30 12:05:00+09:00,24550.0,24550.0,24350.0,24400.0,1350.0
2026-07-30 12:10:00+09:00,24400.0,24450.0,24300.0,24450.0,1954.0
2026-07-30 12:15:00+09:00,24400.0,24450.0,24300.0,24400.0,1301.0
2026-07-30 12:20:00+09:00,24350.0,24400.0,24350.0,24350.0,854.0
2026-07-30 12:25:00+09:00,24350.0,24500.0,24350.0,24400.0,2668.0
2026-07-30 12:30:00+09:00,24400.0,24600.0,24350.0,24550.0,2795.0
2026-07-30 12:35:00+09:00,24550.0,24600.0,24450.0,24500.0,1005.0
2026-07-30 12:40:00+09:00,24500.0,24650.0,24450.0,24550.0,1931.0
2026-07-30 12:45:00+09:00,24550.0,24700.0,24500.0,24700.0,1219.0
2026-07-30 12:50:00+09:00,24700.0,24700.0,24550.0,24650.0,2023.0
2026-07-30 12:55:00+09:00,24600.0,24650.0,24500.0,24600.0,871.0
2026-07-30 13:00:00+09:00,24600.0,24650.0,24500.0,24600.0,1228.0
2026-07-30 13:05:00+09:00,24650.0,24650.0,24450.0,24500.0,1663.0
2026-07-30 13:10:00+09:00,24550.0,24550.0,24450.0,24500.0,975.0
2026-07-30 13:15:00+09:00,24500.0,24600.0,24500.0,24600.0,1111.0
2026-07-30 13:20:00+09:00,24550.0,24550.0,24450.0,24500.0,1096.0
2026-07-30 13:25:00+09:00,24550.0,24750.0,24550.0,24750.0,1636.0
2026-07-30 13:30:00+09:00,24750.0,24900.0,24700.0,24800.0,1607.0
2026-07-30 13:35:00+09:00,24800.0,24850.0,24600.0,24700.0,3249.0
2026-07-30 13:40:00+09:00,24650.0,24750.0,24550.0,24750.0,2403.0
2026-07-30 13:45:00+09:00,24700.0,25050.0,24700.0,25000.0,2323.0
2026-07-30 13:50:00+09:00,24950.0,24950.0,24850.0,24900.0,764.0
2026-07-30 13:55:00+09:00,24900.0,25200.0,24900.0,25200.0,3922.0
2026-07-30 14:00:00+09:00,25050.0,25200.0,24950.0,25050.0,2742.0
2026-07-30 14:05:00+09:00,25050.0,25500.0,24800.0,25100.0,6890.0
2026-07-30 14:10:00+09:00,25150.0,25500.0,25050.0,25400.0,5956.0
2026-07-30 14:15:00+09:00,25500.0,25500.0,25300.0,25400.0,3074.0
2026-07-30 14:20:00+09:00,25450.0,25500.0,25350.0,25500.0,3996.0
2026-07-30 14:25:00+09:00,25500.0,25700.0,25350.0,25600.0,9978.0
2026-07-30 14:30:00+09:00,25600.0,25600.0,25350.0,25400.0,5721.0
2026-07-30 14:35:00+09:00,25400.0,25400.0,25250.0,25250.0,1284.0
2026-07-30 14:40:00+09:00,25200.0,25500.0,25200.0,25400.0,4918.0
2026-07-30 14:45:00+09:00,25400.0,25450.0,25350.0,25450.0,6352.0
2026-07-30 14:50:00+09:00,25450.0,25550.0,25350.0,25400.0,5382.0
2026-07-30 14:55:00+09:00,25450.0,25550.0,25400.0,25450.0,3190.0
2026-07-31 09:00:00+09:00,25500.0,25500.0,24350.0,24400.0,12152.0
2026-07-31 09:05:00+09:00,24450.0,24600.0,24350.0,24550.0,6760.0
2026-07-31 09:10:00+09:00,24550.0,24800.0,24400.0,24700.0,8958.0
2026-07-31 09:15:00+09:00,24650.0,25000.0,24600.0,25000.0,3302.0
2026-07-31 09:20:00+09:00,24950.0,25000.0,24800.0,24900.0,1420.0
2026-07-31 09:25:00+09:00,24950.0,24950.0,24800.0,24850.0,937.0
2026-07-31 09:30:00+09:00,24850.0,25150.0,24800.0,24900.0,2289.0
2026-07-31 09:35:00+09:00,24850.0,25100.0,24800.0,25050.0,2956.0
2026-07-31 09:40:00+09:00,25050.0,25350.0,25000.0,25250.0,2070.0
2026-07-31 09:45:00+09:00,25200.0,25350.0,24950.0,25150.0,9712.0
2026-07-31 09:50:00+09:00,25150.0,25250.0,24950.0,25150.0,3593.0
2026-07-31 09:55:00+09:00,25100.0,25100.0,24950.0,25000.0,784.0
2026-07-31 10:00:00+09:00,25050.0,25150.0,25000.0,25050.0,876.0
2026-07-31 10:05:00+09:00,25050.0,25250.0,24950.0,25200.0,1730.0
2026-07-31 10:10:00+09:00,25150.0,25200.0,25050.0,25100.0,1592.0
2026-07-31 10:15:00+09:00,25150.0,25250.0,25100.0,25250.0,1349.0
2026-07-31 10:20:00+09:00,25200.0,25400.0,25150.0,25400.0,1957.0
2026-07-31 10:25:00+09:00,25400.0,25550.0,25350.0,25400.0,2937.0
2026-07-31 10:30:00+09:00,25350.0,25650.0,25350.0,25550.0,2235.0
2026-07-31 10:35:00+09:00,25550.0,25650.0,25500.0,25500.0,1935.0
2026-07-31 10:40:00+09:00,25500.0,25500.0,25350.0,25450.0,1622.0
2026-07-31 10:45:00+09:00,25400.0,25450.0,25250.0,25350.0,1115.0
2026-07-31 10:50:00+09:00,25350.0,25400.0,25250.0,25300.0,774.0
2026-07-31 10:55:00+09:00,25250.0,25250.0,25200.0,25250.0,923.0
2026-07-31 11:00:00+09:00,25200.0,25350.0,25200.0,25300.0,933.0
2026-07-31 11:05:00+09:00,25250.0,25300.0,25150.0,25200.0,1452.0
2026-07-31 11:10:00+09:00,25200.0,25200.0,25100.0,25100.0,663.0
2026-07-31 11:15:00+09:00,25150.0,25200.0,25100.0,25150.0,1188.0
2026-07-31 11:20:00+09:00,25100.0,25150.0,25100.0,25100.0,499.0
2026-07-31 11:25:00+09:00,25100.0,25250.0,25050.0,25150.0,1636.0
2026-07-31 11:30:00+09:00,25150.0,25200.0,25050.0,25100.0,757.0
2026-07-31 11:35:00+09:00,25100.0,25200.0,25050.0,25150.0,1033.0
2026-07-31 11:40:00+09:00,25150.0,25350.0,25150.0,25250.0,1697.0
2026-07-31 11:45:00+09:00,25250.0,25250.0,25100.0,25100.0,729.0
2026-07-31 11:50:00+09:00,25150.0,25200.0,25100.0,25150.0,704.0
2026-07-31 11:55:00+09:00,25100.0,25200.0,25050.0,25150.0,785.0
2026-07-31 12:00:00+09:00,25150.0,25250.0,25100.0,25200.0,1196.0
2026-07-31 12:05:00+09:00,25200.0,25250.0,25150.0,25250.0,694.0
2026-07-31 12:10:00+09:00,25250.0,25250.0,25100.0,25150.0,1111.0
2026-07-31 12:15:00+09:00,25150.0,25200.0,25100.0,25100.0,703.0
2026-07-31 12:20:00+09:00,25150.0,25200.0,25100.0,25100.0,854.0
2026-07-31 12:25:00+09:00,25100.0,25150.0,25050.0,25100.0,1048.0
2026-07-31 12:30:00+09:00,25050.0,25100.0,25000.0,25050.0,895.0
2026-07-31 12:35:00+09:00,25050.0,25100.0,24950.0,25000.0,1036.0
2026-07-31 12:40:00+09:00,25050.0,25050.0,24950.0,25000.0,855.0
2026-07-31 12:45:00+09:00,25000.0,25100.0,24950.0,25050.0,1123.0
2026-07-31 12:50:00+09:00,25000.0,25100.0,25000.0,25000.0,1040.0
2026-07-31 12:55:00+09:00,25000.0,25050.0,24950.0,24950.0,838.0
2026-07-31 13:00:00+09:00,24950.0,25000.0,24900.0,24900.0,1546.0
2026-07-31 13:05:00+09:00,24900.0,24950.0,24900.0,24950.0,496.0
2026-07-31 13:10:00+09:00,24950.0,25300.0,24950.0,25100.0,4006.0
2026-07-31 13:15:00+09:00,25150.0,25200.0,25050.0,25200.0,1077.0
2026-07-31 13:20:00+09:00,25150.0,25400.0,25100.0,25350.0,2468.0
2026-07-31 13:25:00+09:00,25350.0,25450.0,25250.0,25300.0,2344.0
2026-07-31 13:30:00+09:00,25300.0,25300.0,25150.0,25200.0,661.0
2026-07-31 13:35:00+09:00,25150.0,25200.0,25100.0,25150.0,1180.0
2026-07-31 13:40:00+09:00,25200.0,25200.0,25100.0,25150.0,620.0
2026-07-31 13:45:00+09:00,25150.0,25250.0,25150.0,25200.0,1062.0
2026-07-31 13:50:00+09:00,25200.0,25350.0,25150.0,25350.0,2423.0
2026-07-31 13:55:00+09:00,25350.0,25350.0,25250.0,25300.0,1489.0
2026-07-31 14:00:00+09:00,25350.0,25350.0,25250.0,25250.0,1007.0
2026-07-31 14:05:00+09:00,25250.0,25250.0,25075.0,25150.0,3164.0
2026-07-31 14:10:00+09:00,25175.0,25200.0,25075.0,25150.0,1044.0
2026-07-31 14:15:00+09:00,25150.0,25300.0,25100.0,25150.0,2368.0
2026-07-31 14:20:00+09:00,25175.0,25250.0,25050.0,25175.0,1677.0
2026-07-31 14:25:00+09:00,25175.0,25400.0,25150.0,25350.0,2837.0
2026-07-31 14:30:00+09:00,25300.0,25400.0,25250.0,25300.0,2199.0
2026-07-31 14:35:00+09:00,25275.0,25350.0,25250.0,25250.0,985.0
2026-07-31 14:40:00+09:00,25250.0,25400.0,25225.0,25350.0,1472.0
2026-07-31 14:45:00+09:00,25350.0,25400.0,25350.0,25375.0,816.0
2026-07-31 14:50:00+09:00,25350.0,25500.0,25275.0,25325.0,2040.0
2026-07-31 14:55:00+09:00,25325.0,25450.0,25300.0,25400.0,865.0
2026-08-03 09:00:00+09:00,25100.0,25950.0,25050.0,25650.0,0.0
2026-08-03 09:05:00+09:00,25700.0,25850.0,25400.0,25400.0,2664.0
2026-08-03 09:10:00+09:00,25500.0,25500.0,25150.0,25250.0,2550.0
2026-08-03 09:15:00+09:00,25250.0,25450.0,25100.0,25100.0,3743.0
2026-08-03 09:20:00+09:00,25100.0,25350.0,25050.0,25250.0,4007.0
2026-08-03 09:25:00+09:00,25250.0,25300.0,25200.0,25300.0,1539.0
2026-08-03 09:30:00+09:00,25250.0,25400.0,25100.0,25200.0,3091.0
2026-08-03 09:35:00+09:00,25150.0,25300.0,25100.0,25150.0,1912.0
2026-08-03 09:40:00+09:00,25150.0,25250.0,25000.0,25000.0,2650.0
2026-08-03 09:45:00+09:00,25000.0,25050.0,24950.0,25000.0,1648.0
2026-08-03 09:50:00+09:00,25000.0,25100.0,25000.0,25050.0,719.0
2026-08-03 09:55:00+09:00,25050.0,25100.0,25000.0,25050.0,765.0
2026-08-03 10:00:00+09:00,25000.0,25050.0,25000.0,25000.0,1871.0
2026-08-03 10:05:00+09:00,25000.0,25100.0,25000.0,25100.0,482.0
2026-08-03 10:10:00+09:00,25100.0,25150.0,25050.0,25050.0,1053.0
2026-08-03 10:15:00+09:00,25050.0,25100.0,25000.0,25050.0,1456.0
2026-08-03 10:20:00+09:00,25100.0,25150.0,25050.0,25100.0,680.0
2026-08-03 10:25:00+09:00,25150.0,25250.0,25050.0,25250.0,1564.0
2026-08-03 10:30:00+09:00,25250.0,25350.0,25250.0,25350.0,613.0
2026-08-03 10:35:00+09:00,25350.0,25500.0,25300.0,25450.0,1074.0
2026-08-03 10:40:00+09:00,25400.0,25500.0,25050.0,25450.0,2695.0
2026-08-03 10:45:00+09:00,25350.0,25500.0,25350.0,25400.0,902.0
2026-08-03 10:50:00+09:00,25400.0,25500.0,25300.0,25350.0,947.0
2026-08-03 10:55:00+09:00,25350.0,25400.0,25250.0,25400.0,819.0
2026-08-03 11:00:00+09:00,25400.0,25450.0,25350.0,25450.0,613.0
2026-08-03 11:05:00+09:00,25450.0,25450.0,25350.0,25350.0,929.0
2026-08-03 11:10:00+09:00,25350.0,25350.0,25250.0,25300.0,892.0
2026-08-03 11:15:00+09:00,25350.0,25550.0,25250.0,25450.0,2194.0
2026-08-03 11:20:00+09:00,25450.0,25450.0,25400.0,25400.0,1027.0
2026-08-03 11:25:00+09:00,25350.0,25400.0,25200.0,25250.0,1191.0
2026-08-03 11:30:00+09:00,25250.0,25350.0,25200.0,25350.0,847.0
2026-08-03 11:35:00+09:00,25300.0,25350.0,25300.0,25350.0,699.0
2026-08-03 11:40:00+09:00,25350.0,25350.0,25300.0,25300.0,597.0
2026-08-03 11:45:00+09:00,25300.0,25350.0,25150.0,25200.0,827.0
2026-08-03 11:50:00+09:00,25200.0,25200.0,25100.0,25100.0,868.0
2026-08-03 11:55:00+09:00,25150.0,25200.0,25150.0,25200.0,281.0
2026-08-03 12:00:00+09:00,25150.0,25200.0,25000.0,25200.0,2072.0
2026-08-03 12:05:00+09:00,25100.0,25250.0,25100.0,25100.0,902.0
2026-08-03 12:10:00+09:00,25150.0,25150.0,25100.0,25100.0,330.0
2026-08-03 12:15:00+09:00,25100.0,25200.0,25100.0,25100.0,1094.0
2026-08-03 12:20:00+09:00,25150.0,25200.0,25100.0,25150.0,2000.0
2026-08-03 12:25:00+09:00,25200.0,25200.0,25100.0,25150.0,441.0
2026-08-03 12:30:00+09:00,25150.0,25200.0,25100.0,25200.0,543.0
2026-08-03 12:35:00+09:00,25150.0,25200.0,25150.0,25200.0,374.0
2026-08-03 12:40:00+09:00,25150.0,25200.0,25150.0,25200.0,354.0
2026-08-03 12:45:00+09:00,25200.0,25200.0,25150.0,25200.0,334.0
2026-08-03 12:50:00+09:00,25200.0,25300.0,25200.0,25250.0,1633.0
2026-08-03 12:55:00+09:00,25250.0,25250.0,25100.0,25250.0,1137.0
2026-08-03 13:00:00+09:00,25200.0,25300.0,25150.0,25250.0,889.0
2026-08-03 13:05:00+09:00,25250.0,25400.0,25250.0,25350.0,1395.0
2026-08-03 13:10:00+09:00,25350.0,25400.0,25350.0,25350.0,162.0
2026-08-03 13:15:00+09:00,25400.0,25450.0,25350.0,25400.0,1015.0
2026-08-03 13:20:00+09:00,25400.0,25450.0,25350.0,25350.0,677.0
2026-08-03 13:25:00+09:00,25350.0,25400.0,25300.0,25350.0,724.0
2026-08-03 13:30:00+09:00,25350.0,25350.0,25200.0,25200.0,1028.0
2026-08-03 13:35:00+09:00,25200.0,25250.0,25150.0,25200.0,489.0
2026-08-03 13:40:00+09:00,25200.0,25250.0,25200.0,25200.0,621.0
2026-08-03 13:45:00+09:00,25200.0,25250.0,25200.0,25200.0,632.0
2026-08-03 13:50:00+09:00,25250.0,25250.0,25150.0,25150.0,621.0
2026-08-03 13:55:00+09:00,25200.0,25250.0,25150.0,25250.0,1221.0
2026-08-03 14:00:00+09:00,25200.0,25250.0,25200.0,25250.0,313.0
2026-08-03 14:05:00+09:00,25250.0,25250.0,25200.0,25250.0,443.0
2026-08-03 14:10:00+09:00,25200.0,25250.0,25200.0,25200.0,923.0
2026-08-03 14:15:00+09:00,25200.0,25250.0,25150.0,25200.0,799.0
2026-08-03 14:20:00+09:00,25250.0,25250.0,25150.0,25200.0,865.0
2026-08-03 14:25:00+09:00,25250.0,25250.0,25100.0,25150.0,1319.0
2026-08-03 14:30:00+09:00,25150.0,25200.0,25100.0,25100.0,754.0
2026-08-03 14:35:00+09:00,25200.0,25300.0,25100.0,25300.0,2513.0
2026-08-03 14:40:00+09:00,25300.0,25300.0,25200.0,25250.0,1187.0
2026-08-03 14:45:00+09:00,25250.0,25250.0,25150.0,25150.0,2021.0
2026-08-03 14:50:00+09:00,25150.0,25250.0,25150.0,25200.0,1107.0
2026-08-03 14:55:00+09:00,25150.0,25200.0,25100.0,25100.0,1564.0
2026-08-04 09:00:00+09:00,25000.0,25300.0,24850.0,25100.0,3931.0
2026-08-04 09:05:00+09:00,25150.0,25350.0,25050.0,25300.0,880.0
2026-08-04 09:10:00+09:00,25300.0,25400.0,25150.0,25300.0,2422.0
2026-08-04 09:15:00+09:00,25300.0,25550.0,25300.0,25500.0,1091.0
2026-08-04 09:20:00+09:00,25500.0,25600.0,25400.0,25600.0,989.0
2026-08-04 09:25:00+09:00,25600.0,25650.0,25550.0,25650.0,725.0
2026-08-04 09:30:00+09:00,25650.0,25900.0,25600.0,25850.0,3604.0
2026-08-04 09:35:00+09:00,25850.0,26000.0,25700.0,25850.0,3940.0
2026-08-04 09:40:00+09:00,25850.0,25950.0,25800.0,25900.0,2598.0
2026-08-04 09:45:00+09:00,25900.0,25950.0,25800.0,25900.0,756.0
2026-08-04 09:50:00+09:00,25850.0,25950.0,25750.0,25750.0,2302.0
2026-08-04 09:55:00+09:00,25750.0,25800.0,25600.0,25800.0,885.0
2026-08-04 10:00:00+09:00,25800.0,25850.0,25650.0,25750.0,1143.0
2026-08-04 10:05:00+09:00,25800.0,25950.0,25700.0,25950.0,3584.0
2026-08-04 10:10:00+09:00,25900.0,25950.0,25850.0,25850.0,937.0
2026-08-04 10:15:00+09:00,25850.0,25950.0,25800.0,25900.0,1317.0
2026-08-04 10:20:00+09:00,25900.0,25900.0,25850.0,25900.0,382.0
2026-08-04 10:25:00+09:00,25900.0,25950.0,25850.0,25950.0,1074.0
2026-08-04 10:30:00+09:00,25850.0,25950.0,25850.0,25950.0,276.0
2026-08-04 10:35:00+09:00,25950.0,25950.0,25800.0,25800.0,638.0
2026-08-04 10:40:00+09:00,25800.0,25900.0,25750.0,25750.0,1064.0
2026-08-04 10:45:00+09:00,25850.0,25850.0,25700.0,25750.0,463.0
2026-08-04 10:50:00+09:00,25750.0,25850.0,25750.0,25850.0,887.0
2026-08-04 10:55:00+09:00,25850.0,25850.0,25700.0,25800.0,875.0
2026-08-04 11:00:00+09:00,25800.0,25850.0,25750.0,25800.0,233.0
2026-08-04 11:05:00+09:00,25800.0,25800.0,25700.0,25700.0,301.0
2026-08-04 11:10:00+09:00,25750.0,25750.0,25650.0,25750.0,269.0
2026-08-04 11:15:00+09:00,25750.0,25850.0,25700.0,25850.0,589.0
2026-08-04 11:20:00+09:00,25850.0,25850.0,25800.0,25850.0,242.0
2026-08-04 11:25:00+09:00,25850.0,25850.0,25800.0,25850.0,225.0
2026-08-04 11:30:00+09:00,25850.0,25850.0,25750.0,25850.0,183.0
2026-08-04 11:35:00+09:00,25850.0,25850.0,25650.0,25850.0,984.0
2026-08-04 11:40:00+09:00,25800.0,25850.0,25750.0,25800.0,140.0
2026-08-04 11:45:00+09:00,25750.0,25800.0,25700.0,25750.0,317.0
2026-08-04 11:50:00+09:00,25750.0,25800.0,25750.0,25800.0,34.0
2026-08-04 11:55:00+09:00,25800.0,25800.0,25750.0,25750.0,224.0
2026-08-04 12:00:00+09:00,25800.0,25800.0,25750.0,25750.0,101.0
2026-08-04 12:05:00+09:00,25700.0,25850.0,25700.0,25850.0,370.0
2026-08-04 12:10:00+09:00,25850.0,25850.0,25800.0,25850.0,102.0
2026-08-04 12:15:00+09:00,25850.0,25850.0,25800.0,25850.0,998.0
2026-08-04 12:20:00+09:00,25850.0,25900.0,25850.0,25850.0,14.0
2026-08-04 12:25:00+09:00,25850.0,25900.0,25850.0,25900.0,1187.0
2026-08-04 12:30:00+09:00,25900.0,25900.0,25800.0,25800.0,73.0
2026-08-04 12:35:00+09:00,25850.0,25850.0,25800.0,25850.0,196.0
2026-08-04 12:40:00+09:00,25850.0,25850.0,25750.0,25800.0,195.0
2026-08-04 12:45:00+09:00,25800.0,25800.0,25750.0,25800.0,117.0
2026-08-04 12:50:00+09:00,25800.0,25800.0,25750.0,25800.0,419.0
2026-08-04 12:55:00+09:00,25850.0,25850.0,25800.0,25850.0,88.0
2026-08-04 13:00:00+09:00,25850.0,25900.0,25800.0,25900.0,780.0
2026-08-04 13:05:00+09:00,25800.0,25950.0,25800.0,25950.0,1538.0
2026-08-04 13:10:00+09:00,25900.0,25950.0,25800.0,25850.0,902.0
2026-08-04 13:15:00+09:00,25850.0,25950.0,25800.0,25950.0,384.0
2026-08-04 13:20:00+09:00,25950.0,25950.0,25800.0,25900.0,851.0
2026-08-04 13:25:00+09:00,25900.0,25900.0,25850.0,25900.0,93.0
2026-08-04 13:30:00+09:00,25900.0,25900.0,25850.0,25900.0,332.0
2026-08-04 13:35:00+09:00,25900.0,25950.0,25850.0,25900.0,447.0
2026-08-04 13:40:00+09:00,25900.0,25950.0,25900.0,25950.0,244.0
2026-08-04 13:45:00+09:00,25900.0,26000.0,25900.0,25950.0,1646.0
2026-08-04 13:50:00+09:00,25950.0,26100.0,25950.0,26100.0,5129.0
2026-08-04 13:55:00+09:00,26100.0,26100.0,26000.0,26050.0,552.0
2026-08-04 14:00:00+09:00,26000.0,26050.0,25950.0,25950.0,1308.0
2026-08-04 14:05:00+09:00,26000.0,26000.0,25950.0,25950.0,619.0
2026-08-04 14:10:00+09:00,26000.0,26000.0,25900.0,25900.0,479.0
2026-08-04 14:15:00+09:00,25950.0,26100.0,25900.0,26000.0,1949.0
2026-08-04 14:20:00+09:00,26050.0,26150.0,26000.0,26100.0,1494.0
2026-08-04 14:25:00+09:00,26100.0,26100.0,25950.0,26000.0,2143.0
2026-08-04 14:30:00+09:00,25950.0,26000.0,25900.0,25900.0,1369.0
2026-08-04 14:35:00+09:00,25900.0,26000.0,25800.0,25900.0,1287.0
2026-08-04 14:40:00+09:00,25850.0,25950.0,25800.0,25900.0,1441.0
2026-08-04 14:45:00+09:00,25850.0,25900.0,25750.0,25800.0,1967.0
2026-08-04 14:50:00+09:00,25850.0,25950.0,25800.0,25800.0,949.0
2026-08-04 14:55:00+09:00,25850.0,25950.0,25850.0,25900.0,1212.0
2026-08-05 09:00:00+09:00,25950.0,26200.0,25750.0,25750.0,5139.0
2026-08-05 09:05:00+09:00,25750.0,26150.0,25750.0,26150.0,2302.0
2026-08-05 09:10:00+09:00,26150.0,26350.0,26100.0,26150.0,2666.0
2026-08-05 09:15:00+09:00,26100.0,26450.0,26000.0,26350.0,6797.0
2026-08-05 09:20:00+09:00,26350.0,26450.0,26350.0,26400.0,3708.0
2026-08-05 09:25:00+09:00,26400.0,26450.0,26250.0,26400.0,6107.0
2026-08-05 09:30:00+09:00,26350.0,26550.0,26350.0,26500.0,4930.0
2026-08-05 09:35:00+09:00,26500.0,26500.0,26400.0,26450.0,1761.0
2026-08-05 09:40:00+09:00,26450.0,26550.0,26400.0,26500.0,2492.0
2026-08-05 09:45:00+09:00,26550.0,26550.0,26400.0,26500.0,838.0
2026-08-05 09:50:00+09:00,26500.0,26500.0,26450.0,26500.0,799.0
2026-08-05 09:55:00+09:00,26500.0,26500.0,26350.0,26350.0,3520.0
2026-08-05 10:00:00+09:00,26350.0,26400.0,26200.0,26200.0,4115.0
2026-08-05 10:05:00+09:00,26250.0,26250.0,26150.0,26200.0,819.0
2026-08-05 10:10:00+09:00,26150.0,26200.0,26150.0,26200.0,603.0
2026-08-05 10:15:00+09:00,26150.0,26200.0,26100.0,26100.0,1258.0
2026-08-05 10:20:00+09:00,26100.0,26200.0,26100.0,26200.0,2871.0
2026-08-05 10:25:00+09:00,26150.0,26200.0,26150.0,26200.0,757.0
2026-08-05 10:30:00+09:00,26200.0,26200.0,26150.0,26150.0,408.0
2026-08-05 10:35:00+09:00,26150.0,26200.0,26150.0,26150.0,440.0
2026-08-05 10:40:00+09:00,26200.0,26350.0,26100.0,26350.0,2581.0
2026-08-05 10:45:00+09:00,26300.0,26350.0,26200.0,26200.0,1978.0
2026-08-05 10:50:00+09:00,26200.0,26350.0,26200.0,26250.0,471.0
2026-08-05 10:55:00+09:00,26250.0,26350.0,26200.0,26200.0,938.0
2026-08-05 11:00:00+09:00,26225.0,26350.0,26150.0,26300.0,2190.0
2026-08-05 11:05:00+09:00,26250.0,26250.0,26100.0,26250.0,597.0
2026-08-05 11:10:00+09:00,26200.0,26300.0,26150.0,26200.0,450.0
2026-08-05 11:15:00+09:00,26200.0,26250.0,26200.0,26200.0,374.0
2026-08-05 11:20:00+09:00,26200.0,26400.0,26200.0,26250.0,1326.0
2026-08-05 11:25:00+09:00,26250.0,26300.0,26150.0,26250.0,598.0
2026-08-05 11:30:00+09:00,26250.0,26300.0,26200.0,26250.0,602.0
2026-08-05 11:35:00+09:00,26200.0,26300.0,26200.0,26250.0,337.0
2026-08-05 11:40:00+09:00,26250.0,26300.0,26250.0,26250.0,678.0
2026-08-05 11:45:00+09:00,26250.0,26300.0,26150.0,26150.0,1348.0
2026-08-05 11:50:00+09:00,26200.0,26300.0,26150.0,26250.0,662.0
2026-08-05 11:55:00+09:00,26250.0,26300.0,26250.0,26250.0,383.0
2026-08-05 12:00:00+09:00,26250.0,26400.0,26250.0,26250.0,1394.0
2026-08-05 12:05:00+09:00,26250.0,26300.0,26250.0,26250.0,235.0
2026-08-05 12:10:00+09:00,26300.0,26300.0,26250.0,26250.0,182.0
2026-08-05 12:15:00+09:00,26250.0,26300.0,26250.0,26250.0,605.0
2026-08-05 12:20:00+09:00,26300.0,26300.0,26250.0,26300.0,250.0
2026-08-05 12:25:00+09:00,26250.0,26300.0,26200.0,26250.0,659.0
2026-08-05 12:30:00+09:00,26250.0,26250.0,26200.0,26200.0,313.0
2026-08-05 12:35:00+09:00,26250.0,26250.0,26200.0,26200.0,282.0
2026-08-05 12:40:00+09:00,26250.0,26250.0,26200.0,26250.0,290.0
2026-08-05 12:45:00+09:00,26225.0,26300.0,26150.0,26250.0,2970.0
2026-08-05 12:50:00+09:00,26250.0,26300.0,26150.0,26200.0,246.0
2026-08-05 12:55:00+09:00,26200.0,26250.0,26150.0,26200.0,198.0
2026-08-05 13:00:00+09:00,26150.0,26350.0,26150.0,26200.0,445.0
2026-08-05 13:05:00+09:00,26225.0,26250.0,26150.0,26150.0,1614.0
2026-08-05 13:10:00+09:00,26200.0,26200.0,26150.0,26200.0,1564.0
2026-08-05 13:15:00+09:00,26150.0,26200.0,26100.0,26150.0,689.0
2026-08-05 13:20:00+09:00,26100.0,26200.0,26050.0,26050.0,408.0
2026-08-05 13:25:00+09:00,26050.0,26100.0,26050.0,26050.0,946.0
2026-08-05 13:30:00+09:00,26050.0,26150.0,26050.0,26150.0,572.0
2026-08-05 13:35:00+09:00,26100.0,26150.0,26000.0,26100.0,970.0
2026-08-05 13:40:00+09:00,26100.0,26150.0,26050.0,26050.0,515.0
2026-08-05 13:45:00+09:00,26150.0,26150.0,26000.0,26100.0,1357.0
2026-08-05 13:50:00+09:00,26050.0,26150.0,26000.0,26050.0,1655.0
2026-08-05 13:55:00+09:00,26100.0,26100.0,26000.0,26100.0,560.0
2026-08-05 14:00:00+09:00,26000.0,26200.0,25950.0,26000.0,11104.0
2026-08-05 14:05:00+09:00,26000.0,26050.0,26000.0,26000.0,128.0
2026-08-05 14:10:00+09:00,26050.0,26100.0,26000.0,26050.0,705.0
2026-08-05 14:15:00+09:00,26100.0,26150.0,26000.0,26050.0,939.0
2026-08-05 14:20:00+09:00,26000.0,26050.0,26000.0,26050.0,256.0
2026-08-05 14:25:00+09:00,26050.0,26050.0,26000.0,26050.0,373.0
2026-08-05 14:30:00+09:00,26000.0,26100.0,26000.0,26000.0,2443.0
2026-08-05 14:35:00+09:00,26050.0,26100.0,26000.0,26050.0,1026.0
2026-08-05 14:40:00+09:00,26100.0,26100.0,26000.0,26000.0,198.0
2026-08-05 14:45:00+09:00,26050.0,26050.0,26000.0,26050.0,1040.0
2026-08-05 14:50:00+09:00,26000.0,26200.0,26000.0,26050.0,888.0
2026-08-05 14:55:00+09:00,26050.0,26150.0,26050.0,26150.0,626.0
2026-08-06 09:00:00+09:00,26150.0,26350.0,26000.0,26100.0,1180.0
2026-08-06 09:05:00+09:00,26200.0,26450.0,26100.0,26400.0,1102.0
2026-08-06 09:10:00+09:00,26400.0,26600.0,26350.0,26500.0,2978.0
2026-08-06 09:15:00+09:00,26500.0,26500.0,26300.0,26400.0,1852.0
2026-08-06 09:20:00+09:00,26400.0,26450.0,26350.0,26350.0,1107.0
2026-08-06 09:25:00+09:00,26400.0,26400.0,26200.0,26350.0,1513.0
2026-08-06 09:30:00+09:00,26400.0,26650.0,26200.0,26550.0,9309.0
2026-08-06 09:35:00+09:00,26550.0,26550.0,26450.0,26500.0,948.0
2026-08-06 09:40:00+09:00,26500.0,26650.0,26500.0,26600.0,2756.0
2026-08-06 09:45:00+09:00,26600.0,26700.0,26600.0,26600.0,1674.0
2026-08-06 09:50:00+09:00,26600.0,26650.0,26400.0,26400.0,1543.0
2026-08-06 09:55:00+09:00,26400.0,26500.0,26350.0,26450.0,1575.0
2026-08-06 10:00:00+09:00,26450.0,26450.0,26250.0,26250.0,1110.0
2026-08-06 10:05:00+09:00,26250.0,26250.0,26100.0,26250.0,1764.0
2026-08-06 10:10:00+09:00,26250.0,26250.0,26100.0,26200.0,3303.0
2026-08-06 10:15:00+09:00,26200.0,26300.0,26150.0,26200.0,1562.0
2026-08-06 10:20:00+09:00,26200.0,26200.0,26000.0,26050.0,1034.0
2026-08-06 10:25:00+09:00,26050.0,26100.0,26000.0,26100.0,484.0
2026-08-06 10:30:00+09:00,26100.0,26200.0,26050.0,26150.0,158.0
2026-08-06 10:35:00+09:00,26100.0,26100.0,26050.0,26050.0,1037.0
2026-08-06 10:40:00+09:00,26050.0,26150.0,26050.0,26150.0,580.0
2026-08-06 10:45:00+09:00,26150.0,26200.0,26100.0,26100.0,3271.0
2026-08-06 10:50:00+09:00,26200.0,26250.0,26100.0,26250.0,549.0
2026-08-06 10:55:00+09:00,26100.0,26250.0,26100.0,26250.0,398.0
2026-08-06 11:00:00+09:00,26150.0,26250.0,26150.0,26250.0,365.0
2026-08-06 11:05:00+09:00,26250.0,26300.0,26250.0,26300.0,671.0
2026-08-06 11:10:00+09:00,26300.0,26350.0,26050.0,26300.0,886.0
2026-08-06 11:15:00+09:00,26300.0,26350.0,26250.0,26350.0,252.0
2026-08-06 11:20:00+09:00,26300.0,26350.0,26250.0,26350.0,396.0
2026-08-06 11:25:00+09:00,26350.0,26400.0,26300.0,26350.0,562.0
2026-08-06 11:30:00+09:00,26350.0,26350.0,26300.0,26350.0,479.0
2026-08-06 11:35:00+09:00,26350.0,26350.0,26300.0,26300.0,366.0
2026-08-06 11:40:00+09:00,26350.0,26350.0,26250.0,26300.0,756.0
2026-08-06 11:45:00+09:00,26350.0,26450.0,26350.0,26450.0,620.0
2026-08-06 11:50:00+09:00,26450.0,26500.0,26400.0,26450.0,421.0
2026-08-06 11:55:00+09:00,26500.0,26500.0,26450.0,26450.0,513.0
2026-08-06 12:00:00+09:00,26450.0,26500.0,26400.0,26450.0,398.0
2026-08-06 12:05:00+09:00,26450.0,26450.0,26400.0,26450.0,534.0
2026-08-06 12:10:00+09:00,26400.0,26500.0,26400.0,26450.0,901.0
2026-08-06 12:15:00+09:00,26500.0,26500.0,26400.0,26450.0,367.0
2026-08-06 12:20:00+09:00,26450.0,26500.0,26400.0,26450.0,500.0
2026-08-06 12:25:00+09:00,26450.0,26500.0,26400.0,26500.0,422.0
2026-08-06 12:30:00+09:00,26500.0,26500.0,26300.0,26400.0,649.0
2026-08-06 12:35:00+09:00,26400.0,26450.0,26350.0,26350.0,475.0
2026-08-06 12:40:00+09:00,26400.0,26450.0,26400.0,26400.0,414.0
2026-08-06 12:45:00+09:00,26400.0,26450.0,26350.0,26400.0,294.0
2026-08-06 12:50:00+09:00,26400.0,26400.0,26250.0,26300.0,805.0
2026-08-06 12:55:00+09:00,26300.0,26350.0,26250.0,26350.0,559.0
2026-08-06 13:00:00+09:00,26350.0,26400.0,26250.0,26350.0,462.0
2026-08-06 13:05:00+09:00,26300.0,26350.0,26250.0,26350.0,211.0
2026-08-06 13:10:00+09:00,26350.0,26400.0,26300.0,26350.0,393.0
2026-08-06 13:15:00+09:00,26350.0,26350.0,26300.0,26350.0,359.0
2026-08-06 13:20:00+09:00,26400.0,26450.0,26350.0,26350.0,488.0
2026-08-06 13:25:00+09:00,26400.0,26400.0,26300.0,26400.0,408.0
2026-08-06 13:30:00+09:00,26400.0,26400.0,26300.0,26300.0,945.0
2026-08-06 13:35:00+09:00,26300.0,26350.0,26300.0,26300.0,152.0
2026-08-06 13:40:00+09:00,26350.0,26400.0,26350.0,26400.0,791.0
2026-08-06 13:45:00+09:00,26400.0,26500.0,26350.0,26450.0,3177.0
2026-08-06 13:50:00+09:00,26450.0,26550.0,26400.0,26550.0,742.0
2026-08-06 13:55:00+09:00,26550.0,26650.0,26550.0,26650.0,1549.0
2026-08-06 14:00:00+09:00,26650.0,26700.0,26600.0,26650.0,3285.0
2026-08-06 14:05:00+09:00,26650.0,26700.0,26600.0,26650.0,636.0
2026-08-06 14:10:00+09:00,26700.0,26700.0,26550.0,26600.0,1221.0
2026-08-06 14:15:00+09:00,26650.0,26700.0,26600.0,26700.0,736.0
2026-08-06 14:20:00+09:00,26650.0,26700.0,26500.0,26600.0,856.0
2026-08-06 14:25:00+09:00,26600.0,26650.0,26600.0,26650.0,1035.0
2026-08-06 14:30:00+09:00,26650.0,26650.0,26550.0,26650.0,676.0
2026-08-06 14:35:00+09:00,26650.0,26700.0,26550.0,26650.0,707.0
2026-08-06 14:40:00+09:00,26550.0,26650.0,26550.0,26600.0,966.0
2026-08-06 14:45:00+09:00,26650.0,26650.0,26500.0,26500.0,694.0
2026-08-06 14:50:00+09:00,26600.0,26600.0,26500.0,26600.0,631.0
2026-08-06 14:55:00+09:00,26500.0,26650.0,26500.0,26650.0,730.0
2026-08-07 09:00:00+09:00,26350.0,26800.0,26350.0,26550.0,1489.0
2026-08-07 09:05:00+09:00,26600.0,26800.0,26550.0,26800.0,901.0
2026-08-07 09:10:00+09:00,26800.0,26900.0,26750.0,26750.0,7194.0
2026-08-07 09:15:00+09:00,26775.0,26900.0,26675.0,26850.0,1329.0
2026-08-07 09:20:00+09:00,26850.0,26900.0,26750.0,26800.0,880.0
2026-08-07 09:25:00+09:00,26800.0,26900.0,26700.0,26900.0,1792.0
2026-08-07 09:30:00+09:00,26850.0,27300.0,26850.0,27250.0,6066.0
2026-08-07 09:35:00+09:00,27150.0,27350.0,27150.0,27350.0,6239.0
2026-08-07 09:40:00+09:00,27300.0,27300.0,27150.0,27200.0,2139.0
2026-08-07 09:45:00+09:00,27200.0,27300.0,27150.0,27200.0,1557.0
2026-08-07 09:50:00+09:00,27150.0,27300.0,27150.0,27200.0,1364.0
2026-08-07 09:55:00+09:00,27200.0,27250.0,27100.0,27200.0,781.0
2026-08-07 10:00:00+09:00,27200.0,27300.0,27050.0,27200.0,992.0
2026-08-07 10:05:00+09:00,27200.0,27250.0,27150.0,27150.0,662.0
2026-08-07 10:10:00+09:00,27100.0,27100.0,26950.0,27000.0,819.0
2026-08-07 10:15:00+09:00,27000.0,27050.0,26900.0,26900.0,688.0
2026-08-07 10:20:00+09:00,26900.0,26950.0,26800.0,26800.0,357.0
2026-08-07 10:25:00+09:00,26800.0,27000.0,26800.0,27000.0,830.0
2026-08-07 10:30:00+09:00,27000.0,27000.0,26800.0,26900.0,858.0
2026-08-07 10:35:00+09:00,26900.0,26900.0,26700.0,26750.0,515.0
2026-08-07 10:40:00+09:00,26700.0,26850.0,26700.0,26700.0,854.0
2026-08-07 10:45:00+09:00,26700.0,26900.0,26700.0,26850.0,1138.0
2026-08-07 10:50:00+09:00,26850.0,26950.0,26750.0,26950.0,1375.0
2026-08-07 10:55:00+09:00,26850.0,26950.0,26750.0,26900.0,917.0
2026-08-07 11:00:00+09:00,26950.0,27000.0,26900.0,26950.0,145.0
2026-08-07 11:05:00+09:00,27000.0,27000.0,26900.0,26950.0,647.0
2026-08-07 11:10:00+09:00,27000.0,27100.0,26900.0,27000.0,721.0
2026-08-07 11:15:00+09:00,26950.0,27050.0,26950.0,27000.0,411.0
2026-08-07 11:20:00+09:00,27050.0,27050.0,26950.0,27000.0,230.0
2026-08-07 11:25:00+09:00,27000.0,27000.0,26800.0,26900.0,550.0
2026-08-07 11:30:00+09:00,26900.0,26900.0,26800.0,26850.0,206.0
2026-08-07 11:35:00+09:00,26800.0,26950.0,26800.0,26900.0,1255.0
2026-08-07 11:40:00+09:00,26950.0,27000.0,26800.0,26950.0,912.0
2026-08-07 11:45:00+09:00,26950.0,27000.0,26800.0,27000.0,692.0
2026-08-07 11:50:00+09:00,26950.0,27050.0,26900.0,26950.0,331.0
2026-08-07 11:55:00+09:00,26850.0,26950.0,26850.0,26950.0,1024.0
2026-08-07 12:00:00+09:00,26900.0,26950.0,26850.0,26950.0,325.0
2026-08-07 12:05:00+09:00,26950.0,27050.0,26950.0,27050.0,877.0
2026-08-07 12:10:00+09:00,27000.0,27050.0,26900.0,27000.0,737.0
2026-08-07 12:15:00+09:00,26950.0,27000.0,26850.0,26900.0,1345.0
2026-08-07 12:20:00+09:00,26900.0,26950.0,26750.0,26900.0,933.0
2026-08-07 12:25:00+09:00,26900.0,26900.0,26800.0,26900.0,297.0
2026-08-07 12:30:00+09:00,26900.0,27050.0,26900.0,27000.0,299.0
2026-08-07 12:35:00+09:00,27000.0,27000.0,26900.0,27000.0,383.0
2026-08-07 12:40:00+09:00,27000.0,27000.0,26900.0,26900.0,223.0
2026-08-07 12:45:00+09:00,27000.0,27000.0,26900.0,27000.0,283.0
2026-08-07 12:50:00+09:00,27000.0,27000.0,26850.0,26900.0,404.0
2026-08-07 12:55:00+09:00,26900.0,26950.0,26900.0,26900.0,269.0
2026-08-07 13:00:00+09:00,26950.0,27000.0,26850.0,27000.0,390.0
2026-08-07 13:05:00+09:00,27000.0,27050.0,26950.0,27050.0,329.0
2026-08-07 13:10:00+09:00,27050.0,27050.0,27000.0,27000.0,429.0
2026-08-07 13:15:00+09:00,27000.0,27050.0,26950.0,27050.0,347.0
2026-08-07 13:20:00+09:00,27050.0,27100.0,27000.0,27100.0,483.0
2026-08-07 13:25:00+09:00,27100.0,27100.0,27000.0,27050.0,470.0
2026-08-07 13:30:00+09:00,27050.0,27050.0,26900.0,27050.0,484.0
2026-08-07 13:35:00+09:00,27050.0,27100.0,26950.0,27000.0,345.0
2026-08-07 13:40:00+09:00,27000.0,27100.0,26950.0,27100.0,663.0
2026-08-07 13:45:00+09:00,27100.0,27100.0,27050.0,27100.0,728.0
2026-08-07 13:50:00+09:00,27050.0,27150.0,26900.0,27100.0,1416.0
2026-08-07 13:55:00+09:00,27100.0,27100.0,26850.0,27050.0,581.0
2026-08-07 14:00:00+09:00,27050.0,27150.0,27000.0,27100.0,929.0
2026-08-07 14:05:00+09:00,27100.0,27150.0,27100.0,27150.0,501.0
2026-08-07 14:10:00+09:00,27100.0,27100.0,27050.0,27100.0,479.0
2026-08-07 14:15:00+09:00,27100.0,27100.0,27050.0,27100.0,502.0
2026-08-07 14:20:00+09:00,27100.0,27100.0,27050.0,27100.0,490.0
2026-08-07 14:25:00+09:00,27100.0,27100.0,27050.0,27100.0,383.0
2026-08-07 14:30:00+09:00,27100.0,27150.0,27050.0,27150.0,1168.0
2026-08-07 14:35:00+09:00,27150.0,27150.0,27100.0,27150.0,441.0
2026-08-07 14:40:00+09:00,27150.0,27200.0,27100.0,27150.0,1056.0
2026-08-07 14:45:00+09:00,27200.0,27200.0,27150.0,27200.0,585.0
2026-08-07 14:50:00+09:00,27200.0,27200.0,27100.0,27150.0,952.0
2026-08-07 14:55:00+09:00,27150.0,27200.0,27100.0,27150.0,2158.0
2026-08-10 09:00:00+09:00,27050.0,27200.0,26500.0,26550.0,0.0
2026-08-10 09:05:00+09:00,26550.0,26650.0,26100.0,26200.0,2278.0
2026-08-10 09:10:00+09:00,26200.0,26300.0,25900.0,25950.0,5231.0
2026-08-10 09:15:00+09:00,25950.0,26050.0,25650.0,25750.0,8009.0
2026-08-10 09:20:00+09:00,25750.0,25950.0,25700.0,25750.0,1654.0
2026-08-10 09:25:00+09:00,25800.0,25950.0,25700.0,25900.0,1408.0
2026-08-10 09:30:00+09:00,25900.0,26000.0,25850.0,25900.0,885.0
2026-08-10 09:35:00+09:00,25900.0,26050.0,25900.0,26000.0,1041.0
2026-08-10 09:40:00+09:00,26000.0,26150.0,25950.0,26050.0,1907.0
2026-08-10 09:45:00+09:00,26100.0,26150.0,26000.0,26050.0,926.0
2026-08-10 09:50:00+09:00,26100.0,26100.0,26000.0,26000.0,813.0
2026-08-10 09:55:00+09:00,26000.0,26100.0,25950.0,26050.0,1559.0
2026-08-10 10:00:00+09:00,26100.0,26200.0,26100.0,26100.0,1701.0
2026-08-10 10:05:00+09:00,26150.0,26150.0,26050.0,26050.0,704.0
2026-08-10 10:10:00+09:00,26050.0,26100.0,26000.0,26100.0,944.0
2026-08-10 10:15:00+09:00,26100.0,26100.0,26000.0,26050.0,574.0
2026-08-10 10:20:00+09:00,26000.0,26050.0,26000.0,26000.0,356.0
2026-08-10 10:25:00+09:00,26050.0,26100.0,26000.0,26050.0,885.0
2026-08-10 10:30:00+09:00,26100.0,26100.0,26000.0,26000.0,539.0
2026-08-10 10:35:00+09:00,26050.0,26100.0,26000.0,26050.0,863.0
2026-08-10 10:40:00+09:00,26000.0,26050.0,26000.0,26050.0,798.0
2026-08-10 10:45:00+09:00,26050.0,26200.0,26000.0,26150.0,904.0
2026-08-10 10:50:00+09:00,26150.0,26150.0,26050.0,26150.0,952.0
2026-08-10 10:55:00+09:00,26050.0,26150.0,26050.0,26100.0,1107.0
2026-08-10 11:00:00+09:00,26100.0,26150.0,26000.0,26150.0,1764.0
2026-08-10 11:05:00+09:00,26100.0,26200.0,26050.0,26200.0,662.0
2026-08-10 11:10:00+09:00,26200.0,26250.0,26100.0,26250.0,1108.0
2026-08-10 11:15:00+09:00,26200.0,26200.0,26100.0,26150.0,284.0
2026-08-10 11:20:00+09:00,26150.0,26250.0,26150.0,26250.0,1527.0
2026-08-10 11:25:00+09:00,26250.0,26300.0,26150.0,26275.0,670.0
2026-08-10 11:30:00+09:00,26300.0,26300.0,26050.0,26300.0,2292.0
2026-08-10 11:35:00+09:00,26300.0,26300.0,26200.0,26300.0,359.0
2026-08-10 11:40:00+09:00,26250.0,26300.0,26200.0,26300.0,702.0
2026-08-10 11:45:00+09:00,26300.0,26300.0,26200.0,26250.0,469.0
2026-08-10 11:50:00+09:00,26200.0,26250.0,26150.0,26250.0,713.0
2026-08-10 11:55:00+09:00,26200.0,26250.0,26100.0,26200.0,971.0
2026-08-10 12:00:00+09:00,26200.0,26200.0,26000.0,26000.0,1249.0
2026-08-10 12:05:00+09:00,26100.0,26150.0,26000.0,26050.0,719.0
2026-08-10 12:10:00+09:00,26100.0,26100.0,26000.0,26100.0,467.0
2026-08-10 12:15:00+09:00,26100.0,26100.0,26000.0,26050.0,575.0
2026-08-10 12:20:00+09:00,26050.0,26150.0,26000.0,26100.0,567.0
2026-08-10 12:25:00+09:00,26100.0,26100.0,25950.0,26100.0,1980.0
2026-08-10 12:30:00+09:00,26150.0,26150.0,26000.0,26050.0,624.0
2026-08-10 12:35:00+09:00,26100.0,26100.0,26000.0,26050.0,347.0
2026-08-10 12:40:00+09:00,26100.0,26100.0,25950.0,26050.0,688.0
2026-08-10 12:45:00+09:00,26100.0,26100.0,26000.0,26000.0,218.0
2026-08-10 12:50:00+09:00,26050.0,26100.0,25950.0,26000.0,1802.0
2026-08-10 12:55:00+09:00,26000.0,26050.0,26000.0,26050.0,18.0
2026-08-10 13:00:00+09:00,26050.0,26050.0,25950.0,26000.0,866.0
2026-08-10 13:05:00+09:00,26000.0,26050.0,26000.0,26050.0,374.0
2026-08-10 13:10:00+09:00,26050.0,26050.0,25900.0,26000.0,1043.0
2026-08-10 13:15:00+09:00,26050.0,26050.0,25950.0,26050.0,70.0
2026-08-10 13:20:00+09:00,26050.0,26050.0,25950.0,26000.0,862.0
2026-08-10 13:25:00+09:00,26000.0,26050.0,25950.0,26050.0,1096.0
2026-08-10 13:30:00+09:00,26050.0,26050.0,25950.0,26050.0,1035.0
2026-08-10 13:35:00+09:00,26050.0,26150.0,26000.0,26100.0,1982.0
2026-08-10 13:40:00+09:00,26100.0,26150.0,26000.0,26100.0,1670.0
2026-08-10 13:45:00+09:00,26100.0,26100.0,26050.0,26100.0,766.0
2026-08-10 13:50:00+09:00,26100.0,26150.0,26050.0,26150.0,942.0
2026-08-10 13:55:00+09:00,26150.0,26200.0,26050.0,26200.0,1957.0
2026-08-10 14:00:00+09:00,26200.0,26200.0,26050.0,26200.0,895.0
2026-08-10 14:05:00+09:00,26200.0,26350.0,26150.0,26350.0,1556.0
2026-08-10 14:10:00+09:00,26350.0,26350.0,26300.0,26300.0,886.0
2026-08-10 14:15:00+09:00,26325.0,26350.0,26250.0,26300.0,941.0
2026-08-10 14:20:00+09:00,26300.0,26350.0,26200.0,26350.0,1206.0
2026-08-10 14:25:00+09:00,26350.0,26350.0,26250.0,26350.0,795.0
2026-08-10 14:30:00+09:00,26350.0,26350.0,26200.0,26300.0,1759.0
2026-08-10 14:35:00+09:00,26350.0,26350.0,26200.0,26300.0,676.0
2026-08-10 14:40:00+09:00,26300.0,26350.0,26200.0,26300.0,1394.0
2026-08-10 14:45:00+09:00,26300.0,26300.0,26250.0,26300.0,627.0
2026-08-10 14:50:00+09:00,26250.0,26350.0,26200.0,26350.0,1643.0
2026-08-10 14:55:00+09:00,26350.0,26500.0,26200.0,26500.0,2004.0
2026-08-11 09:00:00+09:00,26400.0,26750.0,26400.0,26500.0,3595.0
2026-08-11 09:05:00+09:00,26500.0,26800.0,26350.0,26800.0,1298.0
2026-08-11 09:10:00+09:00,26800.0,27100.0,26650.0,27100.0,3546.0
2026-08-11 09:15:00+09:00,27000.0,27350.0,27000.0,27200.0,8761.0
2026-08-11 09:20:00+09:00,27200.0,27350.0,27200.0,27250.0,5247.0
2026-08-11 09:25:00+09:00,27350.0,27450.0,27250.0,27350.0,7491.0
2026-08-11 09:30:00+09:00,27350.0,27400.0,27250.0,27400.0,2618.0
2026-08-11 09:35:00+09:00,27400.0,27550.0,27350.0,27450.0,4187.0
2026-08-11 09:40:00+09:00,27475.0,27500.0,27400.0,27400.0,3627.0
2026-08-11 09:45:00+09:00,27400.0,27400.0,27300.0,27350.0,1005.0
2026-08-11 09:50:00+09:00,27300.0,27400.0,27250.0,27350.0,1097.0
2026-08-11 09:55:00+09:00,27350.0,27450.0,27325.0,27400.0,896.0
2026-08-11 10:00:00+09:00,27400.0,27450.0,27350.0,27400.0,1541.0
2026-08-11 10:05:00+09:00,27450.0,27550.0,27400.0,27450.0,4290.0
2026-08-11 10:10:00+09:00,27500.0,27500.0,27250.0,27300.0,1796.0
2026-08-11 10:15:00+09:00,27300.0,27350.0,27150.0,27250.0,1825.0
2026-08-11 10:20:00+09:00,27250.0,27400.0,27150.0,27150.0,2353.0
2026-08-11 10:25:00+09:00,27150.0,27250.0,27100.0,27250.0,1653.0
2026-08-11 10:30:00+09:00,27250.0,27350.0,27150.0,27300.0,1689.0
2026-08-11 10:35:00+09:00,27300.0,27450.0,27300.0,27450.0,3277.0
2026-08-11 10:40:00+09:00,27400.0,27500.0,27400.0,27500.0,2032.0
2026-08-11 10:45:00+09:00,27450.0,27450.0,27400.0,27400.0,1553.0
2026-08-11 10:50:00+09:00,27400.0,27450.0,27300.0,27350.0,1284.0
2026-08-11 10:55:00+09:00,27350.0,27400.0,27350.0,27400.0,602.0
2026-08-11 11:00:00+09:00,27400.0,27400.0,27300.0,27350.0,733.0
2026-08-11 11:05:00+09:00,27350.0,27400.0,27350.0,27400.0,1123.0
2026-08-11 11:10:00+09:00,27400.0,27600.0,27400.0,27600.0,8463.0
2026-08-11 11:15:00+09:00,27600.0,27600.0,27500.0,27550.0,2515.0
2026-08-11 11:20:00+09:00,27500.0,27500.0,27250.0,27400.0,2680.0
2026-08-11 11:25:00+09:00,27400.0,27500.0,27400.0,27450.0,677.0
2026-08-11 11:30:00+09:00,27500.0,27500.0,27450.0,27450.0,563.0
2026-08-11 11:35:00+09:00,27500.0,27500.0,27400.0,27450.0,1231.0
2026-08-11 11:40:00+09:00,27450.0,27500.0,27400.0,27400.0,910.0
2026-08-11 11:45:00+09:00,27450.0,27500.0,27400.0,27400.0,659.0
2026-08-11 11:50:00+09:00,27400.0,27450.0,27350.0,27400.0,1938.0
2026-08-11 11:55:00+09:00,27400.0,27450.0,27400.0,27450.0,729.0
2026-08-11 12:00:00+09:00,27450.0,27450.0,27350.0,27400.0,722.0
2026-08-11 12:05:00+09:00,27350.0,27350.0,27300.0,27350.0,1053.0
2026-08-11 12:10:00+09:00,27350.0,27400.0,27250.0,27400.0,479.0
2026-08-11 12:15:00+09:00,27400.0,27400.0,27350.0,27400.0,386.0
2026-08-11 12:20:00+09:00,27375.0,27400.0,27300.0,27400.0,1975.0
2026-08-11 12:25:00+09:00,27350.0,27350.0,27250.0,27350.0,546.0
2026-08-11 12:30:00+09:00,27300.0,27300.0,27225.0,27300.0,560.0
2026-08-11 12:35:00+09:00,27300.0,27300.0,27250.0,27250.0,130.0
2026-08-11 12:40:00+09:00,27250.0,27250.0,27100.0,27100.0,1235.0
2026-08-11 12:45:00+09:00,27200.0,27200.0,27100.0,27200.0,351.0
2026-08-11 12:50:00+09:00,27200.0,27250.0,27150.0,27250.0,670.0
2026-08-11 12:55:00+09:00,27200.0,27300.0,27150.0,27200.0,707.0
2026-08-11 13:00:00+09:00,27250.0,27250.0,27050.0,27100.0,542.0
2026-08-11 13:05:00+09:00,27100.0,27100.0,27000.0,27050.0,704.0
2026-08-11 13:10:00+09:00,27050.0,27100.0,27000.0,27050.0,515.0
2026-08-11 13:15:00+09:00,27050.0,27200.0,27000.0,27100.0,1487.0
2026-08-11 13:20:00+09:00,27050.0,27150.0,27050.0,27150.0,177.0
2026-08-11 13:25:00+09:00,27150.0,27150.0,27050.0,27050.0,473.0
2026-08-11 13:30:00+09:00,27050.0,27100.0,27000.0,27050.0,470.0
2026-08-11 13:35:00+09:00,27000.0,27100.0,26950.0,27050.0,1700.0
2026-08-11 13:40:00+09:00,27050.0,27100.0,27050.0,27050.0,319.0
2026-08-11 13:45:00+09:00,27050.0,27100.0,27000.0,27050.0,278.0
2026-08-11 13:50:00+09:00,27000.0,27100.0,27000.0,27050.0,225.0
2026-08-11 13:55:00+09:00,27100.0,27100.0,27000.0,27050.0,373.0
2026-08-11 14:00:00+09:00,27050.0,27150.0,27000.0,27150.0,369.0
2026-08-11 14:05:00+09:00,27100.0,27200.0,27075.0,27100.0,342.0
2026-08-11 14:10:00+09:00,27150.0,27200.0,27000.0,27100.0,617.0
2026-08-11 14:15:00+09:00,27100.0,27200.0,27100.0,27100.0,240.0
2026-08-11 14:20:00+09:00,27100.0,27200.0,27050.0,27150.0,418.0
2026-08-11 14:25:00+09:00,27150.0,27200.0,27050.0,27100.0,648.0
2026-08-11 14:30:00+09:00,27100.0,27200.0,27000.0,27100.0,2040.0
2026-08-11 14:35:00+09:00,27100.0,27100.0,26950.0,27050.0,1252.0
2026-08-11 14:40:00+09:00,27050.0,27150.0,26900.0,27000.0,2074.0
2026-08-11 14:45:00+09:00,27000.0,27050.0,26900.0,26950.0,1172.0
2026-08-11 14:50:00+09:00,26900.0,27050.0,26900.0,26900.0,1358.0
2026-08-11 14:55:00+09:00,26950.0,27000.0,26850.0,26950.0,1338.0
2026-08-12 09:00:00+09:00,27300.0,27600.0,27250.0,27300.0,3041.0
2026-08-12 09:05:00+09:00,27350.0,27650.0,27300.0,27350.0,2966.0
2026-08-12 09:10:00+09:00,27350.0,27350.0,27150.0,27150.0,2670.0
2026-08-12 09:15:00+09:00,27150.0,27400.0,27150.0,27400.0,2213.0
2026-08-12 09:20:00+09:00,27400.0,27400.0,27250.0,27300.0,1118.0
2026-08-12 09:25:00+09:00,27350.0,27350.0,27250.0,27350.0,880.0
2026-08-12 09:30:00+09:00,27350.0,27550.0,27300.0,27550.0,1613.0
2026-08-12 09:35:00+09:00,27550.0,27650.0,27500.0,27500.0,1856.0
2026-08-12 09:40:00+09:00,27550.0,27600.0,27400.0,27400.0,832.0
2026-08-12 09:45:00+09:00,27500.0,27550.0,27400.0,27550.0,692.0
2026-08-12 09:50:00+09:00,27550.0,27650.0,27500.0,27600.0,4287.0
2026-08-12 09:55:00+09:00,27650.0,27650.0,27350.0,27450.0,1628.0
2026-08-12 10:00:00+09:00,27400.0,27700.0,27400.0,27700.0,2024.0
2026-08-12 10:05:00+09:00,27700.0,27700.0,27600.0,27650.0,1484.0
2026-08-12 10:10:00+09:00,27600.0,27650.0,27400.0,27400.0,668.0
2026-08-12 10:15:00+09:00,27450.0,27450.0,27350.0,27400.0,633.0
2026-08-12 10:20:00+09:00,27400.0,27400.0,27300.0,27400.0,995.0
2026-08-12 10:25:00+09:00,27350.0,27500.0,27350.0,27400.0,469.0
2026-08-12 10:30:00+09:00,27400.0,27400.0,27200.0,27250.0,1194.0
2026-08-12 10:35:00+09:00,27250.0,27400.0,27200.0,27250.0,1292.0
2026-08-12 10:40:00+09:00,27250.0,27350.0,27250.0,27300.0,995.0
2026-08-12 10:45:00+09:00,27300.0,27300.0,27100.0,27250.0,1254.0
2026-08-12 10:50:00+09:00,27250.0,27300.0,27050.0,27200.0,1326.0
2026-08-12 10:55:00+09:00,27200.0,27250.0,27100.0,27250.0,268.0
2026-08-12 11:00:00+09:00,27250.0,27300.0,27200.0,27250.0,584.0
2026-08-12 11:05:00+09:00,27250.0,27250.0,27050.0,27200.0,651.0
2026-08-12 11:10:00+09:00,27200.0,27200.0,27100.0,27150.0,653.0
2026-08-12 11:15:00+09:00,27150.0,27200.0,27100.0,27200.0,512.0
2026-08-12 11:20:00+09:00,27200.0,27200.0,26900.0,26900.0,2079.0
2026-08-12 11:25:00+09:00,26950.0,26950.0,26700.0,26750.0,970.0
2026-08-12 11:30:00+09:00,26750.0,26900.0,26700.0,26850.0,1404.0
2026-08-12 11:35:00+09:00,26850.0,26850.0,26700.0,26700.0,848.0
2026-08-12 11:40:00+09:00,26800.0,26800.0,26650.0,26650.0,691.0
2026-08-12 11:45:00+09:00,26650.0,26650.0,26600.0,26650.0,792.0
2026-08-12 11:50:00+09:00,26650.0,26700.0,26600.0,26650.0,929.0
2026-08-12 11:55:00+09:00,26700.0,26700.0,26450.0,26500.0,2067.0
2026-08-12 12:00:00+09:00,26500.0,26650.0,26450.0,26550.0,1192.0
2026-08-12 12:05:00+09:00,26550.0,26600.0,26450.0,26550.0,1133.0
2026-08-12 12:10:00+09:00,26500.0,26500.0,26450.0,26450.0,390.0
2026-08-12 12:15:00+09:00,26500.0,26500.0,26450.0,26500.0,814.0
2026-08-12 12:20:00+09:00,26450.0,26600.0,26450.0,26600.0,1516.0
2026-08-12 12:25:00+09:00,26600.0,26600.0,26550.0,26600.0,998.0
2026-08-12 12:30:00+09:00,26600.0,26600.0,26500.0,26500.0,634.0
2026-08-12 12:35:00+09:00,26550.0,26600.0,26500.0,26600.0,839.0
2026-08-12 12:40:00+09:00,26600.0,26650.0,26600.0,26650.0,258.0
2026-08-12 12:45:00+09:00,26600.0,26700.0,26600.0,26700.0,846.0
2026-08-12 12:50:00+09:00,26700.0,26700.0,26550.0,26600.0,1182.0
2026-08-12 12:55:00+09:00,26550.0,26600.0,26550.0,26600.0,336.0
2026-08-12 13:00:00+09:00,26550.0,26700.0,26550.0,26700.0,522.0
2026-08-12 13:05:00+09:00,26650.0,26650.0,26600.0,26650.0,781.0
2026-08-12 13:10:00+09:00,26650.0,26650.0,26550.0,26600.0,254.0
2026-08-12 13:15:00+09:00,26600.0,26650.0,26550.0,26650.0,706.0
2026-08-12 13:20:00+09:00,26650.0,26650.0,26550.0,26600.0,773.0
2026-08-12 13:25:00+09:00,26550.0,26600.0,26500.0,26550.0,736.0
2026-08-12 13:30:00+09:00,26550.0,26550.0,26500.0,26550.0,518.0
2026-08-12 13:35:00+09:00,26550.0,26550.0,26500.0,26550.0,213.0
2026-08-12 13:40:00+09:00,26550.0,26600.0,26500.0,26550.0,776.0
2026-08-12 13:45:00+09:00,26550.0,26600.0,26550.0,26550.0,222.0
2026-08-12 13:50:00+09:00,26550.0,26600.0,26550.0,26600.0,997.0
2026-08-12 13:55:00+09:00,26600.0,26650.0,26550.0,26650.0,823.0
2026-08-12 14:00:00+09:00,26650.0,26650.0,26600.0,26650.0,323.0
2026-08-12 14:05:00+09:00,26650.0,26650.0,26600.0,26650.0,414.0
2026-08-12 14:10:00+09:00,26650.0,26700.0,26650.0,26650.0,1490.0
2026-08-12 14:15:00+09:00,26650.0,26650.0,26600.0,26600.0,726.0
2026-08-12 14:20:00+09:00,26600.0,26600.0,26500.0,26550.0,317.0
2026-08-12 14:25:00+09:00,26550.0,26550.0,26500.0,26500.0,481.0
2026-08-12 14:30:00+09:00,26550.0,26550.0,26500.0,26500.0,417.0
2026-08-12 14:35:00+09:00,26550.0,26550.0,26500.0,26500.0,622.0
2026-08-12 14:40:00+09:00,26550.0,26600.0,26500.0,26550.0,1520.0
2026-08-12 14:45:00+09:00,26500.0,26550.0,26400.0,26500.0,2877.0
2026-08-12 14:50:00+09:00,26550.0,26550.0,26500.0,26550.0,1927.0
2026-08-12 14:55:00+09:00,26550.0,26550.0,26500.0,26550.0,2113.0
2026-08-13 09:00:00+09:00,26200.0,26550.0,26200.0,26250.0,1548.0
2026-08-13 09:05:00+09:00,26350.0,26600.0,26300.0,26600.0,630.0
2026-08-13 09:10:00+09:00,26550.0,26700.0,26300.0,26350.0,834.0
2026-08-13 09:15:00+09:00,26350.0,26450.0,26300.0,26300.0,1024.0
2026-08-13 09:20:00+09:00,26350.0,26550.0,26300.0,26400.0,1266.0
2026-08-13 09:25:00+09:00,26400.0,26500.0,26350.0,26350.0,1671.0
2026-08-13 09:30:00+09:00,26350.0,26450.0,26350.0,26450.0,438.0
2026-08-13 09:35:00+09:00,26450.0,26550.0,26400.0,26400.0,769.0
2026-08-13 09:40:00+09:00,26500.0,26650.0,26450.0,26650.0,646.0
2026-08-13 09:45:00+09:00,26650.0,26750.0,26550.0,26550.0,1004.0
2026-08-13 09:50:00+09:00,26600.0,26650.0,26500.0,26550.0,349.0
2026-08-13 09:55:00+09:00,26550.0,26550.0,26500.0,26500.0,225.0
2026-08-13 10:00:00+09:00,26450.0,26550.0,26400.0,26450.0,163.0
2026-08-13 10:05:00+09:00,26400.0,26600.0,26350.0,26400.0,2668.0
2026-08-13 10:10:00+09:00,26450.0,26450.0,26350.0,26450.0,218.0
2026-08-13 10:15:00+09:00,26400.0,26450.0,26300.0,26300.0,499.0
2026-08-13 10:20:00+09:00,26300.0,26350.0,26250.0,26250.0,687.0
2026-08-13 10:25:00+09:00,26250.0,26400.0,26200.0,26400.0,544.0
2026-08-13 10:30:00+09:00,26300.0,26400.0,26300.0,26400.0,225.0
2026-08-13 10:35:00+09:00,26400.0,26400.0,26350.0,26400.0,254.0
2026-08-13 10:40:00+09:00,26350.0,26400.0,26350.0,26400.0,346.0
2026-08-13 10:45:00+09:00,26400.0,26400.0,26300.0,26350.0,276.0
2026-08-13 10:50:00+09:00,26350.0,26350.0,26200.0,26200.0,676.0
2026-08-13 10:55:00+09:00,26200.0,26400.0,26200.0,26350.0,449.0
2026-08-13 11:00:00+09:00,26400.0,26400.0,26250.0,26400.0,753.0
2026-08-13 11:05:00+09:00,26400.0,26400.0,26350.0,26400.0,91.0
2026-08-13 11:10:00+09:00,26400.0,26400.0,26350.0,26400.0,506.0
2026-08-13 11:15:00+09:00,26400.0,26450.0,26350.0,26400.0,748.0
2026-08-13 11:20:00+09:00,26350.0,26400.0,26300.0,26400.0,410.0
2026-08-13 11:25:00+09:00,26300.0,26400.0,26250.0,26300.0,795.0
2026-08-13 11:30:00+09:00,26300.0,26300.0,26200.0,26250.0,503.0
2026-08-13 11:35:00+09:00,26250.0,26300.0,26200.0,26300.0,438.0
2026-08-13 11:40:00+09:00,26250.0,26300.0,26200.0,26250.0,228.0
2026-08-13 11:45:00+09:00,26250.0,26300.0,26250.0,26300.0,187.0
2026-08-13 11:50:00+09:00,26300.0,26400.0,26300.0,26350.0,558.0
2026-08-13 11:55:00+09:00,26300.0,26450.0,26300.0,26450.0,171.0
2026-08-13 12:00:00+09:00,26350.0,26450.0,26250.0,26300.0,518.0
2026-08-13 12:05:00+09:00,26300.0,26400.0,26300.0,26300.0,215.0
2026-08-13 12:10:00+09:00,26300.0,26350.0,26300.0,26350.0,209.0
2026-08-13 12:15:00+09:00,26350.0,26350.0,26200.0,26250.0,1247.0
2026-08-13 12:20:00+09:00,26250.0,26250.0,26200.0,26250.0,44.0
2026-08-13 12:25:00+09:00,26250.0,26250.0,26200.0,26250.0,128.0
2026-08-13 12:30:00+09:00,26250.0,26250.0,26200.0,26225.0,187.0
2026-08-13 12:35:00+09:00,26250.0,26350.0,26200.0,26300.0,1024.0
2026-08-13 12:40:00+09:00,26250.0,26400.0,26200.0,26400.0,312.0
2026-08-13 12:45:00+09:00,26350.0,26350.0,26150.0,26300.0,1306.0
2026-08-13 12:50:00+09:00,26250.0,26300.0,26200.0,26300.0,274.0
2026-08-13 12:55:00+09:00,26300.0,26300.0,26150.0,26250.0,626.0
2026-08-13 13:00:00+09:00,26250.0,26250.0,26100.0,26200.0,945.0
2026-08-13 13:05:00+09:00,26200.0,26200.0,26100.0,26100.0,636.0
2026-08-13 13:10:00+09:00,26050.0,26100.0,26050.0,26100.0,110.0
2026-08-13 13:15:00+09:00,26100.0,26200.0,26050.0,26150.0,706.0
2026-08-13 13:20:00+09:00,26100.0,26200.0,26050.0,26150.0,470.0
2026-08-13 13:25:00+09:00,26100.0,26150.0,26000.0,26000.0,1408.0
2026-08-13 13:30:00+09:00,26050.0,26050.0,26000.0,26050.0,729.0
2026-08-13 13:35:00+09:00,26050.0,26150.0,26000.0,26000.0,1180.0
2026-08-13 13:40:00+09:00,26050.0,26200.0,26050.0,26200.0,3063.0
2026-08-13 13:45:00+09:00,26150.0,26200.0,26050.0,26050.0,680.0
2026-08-13 13:50:00+09:00,26050.0,26150.0,25950.0,25950.0,1881.0
2026-08-13 13:55:00+09:00,25950.0,26000.0,25900.0,25900.0,880.0
2026-08-13 14:00:00+09:00,25900.0,26100.0,25900.0,26000.0,2468.0
2026-08-13 14:05:00+09:00,26000.0,26100.0,25950.0,26100.0,547.0
2026-08-13 14:10:00+09:00,26100.0,26100.0,25950.0,26000.0,758.0
2026-08-13 14:15:00+09:00,26000.0,26050.0,25950.0,26050.0,680.0
2026-08-13 14:20:00+09:00,26050.0,26100.0,25900.0,26050.0,1052.0
2026-08-13 14:25:00+09:00,26050.0,26100.0,26000.0,26050.0,1128.0
2026-08-13 14:30:00+09:00,26050.0,26150.0,25850.0,26100.0,2299.0
2026-08-13 14:35:00+09:00,26100.0,26100.0,26000.0,26050.0,521.0
2026-08-13 14:40:00+09:00,26050.0,26050.0,25950.0,26050.0,2439.0
2026-08-13 14:45:00+09:00,26050.0,26100.0,26000.0,26100.0,241.0
2026-08-13 14:50:00+09:00,26000.0,26100.0,26000.0,26100.0,329.0
2026-08-13 14:55:00+09:00,26000.0,26100.0,26000.0,26100.0,551.0
2026-08-14 09:00:00+09:00,26050.0,26250.0,26000.0,26150.0,2625.0
2026-08-14 09:05:00+09:00,26150.0,26400.0,26100.0,26350.0,892.0
2026-08-14 09:10:00+09:00,26350.0,26400.0,26250.0,26350.0,1591.0
2026-08-14 09:15:00+09:00,26350.0,26400.0,26300.0,26350.0,1034.0
2026-08-14 09:20:00+09:00,26350.0,26450.0,26250.0,26450.0,1382.0
2026-08-14 09:25:00+09:00,26450.0,26450.0,26300.0,26300.0,1758.0
2026-08-14 09:30:00+09:00,26300.0,26400.0,26300.0,26400.0,1953.0
2026-08-14 09:35:00+09:00,26400.0,26400.0,26250.0,26250.0,943.0
2026-08-14 09:40:00+09:00,26250.0,26300.0,26250.0,26250.0,1340.0
2026-08-14 09:45:00+09:00,26250.0,26350.0,26200.0,26250.0,499.0
2026-08-14 09:50:00+09:00,26350.0,26350.0,26200.0,26200.0,313.0
2026-08-14 09:55:00+09:00,26200.0,26300.0,26150.0,26200.0,16479.0
2026-08-14 10:00:00+09:00,26200.0,26300.0,26200.0,26200.0,1319.0
2026-08-14 10:05:00+09:00,26200.0,26350.0,26150.0,26300.0,341.0
2026-08-14 10:10:00+09:00,26350.0,26350.0,26150.0,26150.0,975.0
2026-08-14 10:15:00+09:00,26150.0,26250.0,26150.0,26200.0,1161.0
2026-08-14 10:20:00+09:00,26250.0,26300.0,26200.0,26250.0,1115.0
2026-08-14 10:25:00+09:00,26250.0,26300.0,26200.0,26300.0,1469.0
2026-08-14 10:30:00+09:00,26250.0,26400.0,26250.0,26400.0,607.0
2026-08-14 10:35:00+09:00,26400.0,26400.0,26300.0,26400.0,1772.0
2026-08-14 10:40:00+09:00,26400.0,26400.0,26400.0,26400.0,149.0
2026-08-14 10:45:00+09:00,26400.0,26450.0,26350.0,26400.0,1049.0
2026-08-14 10:50:00+09:00,26400.0,26450.0,26350.0,26450.0,1163.0
2026-08-14 10:55:00+09:00,26450.0,26500.0,26450.0,26450.0,645.0
2026-08-14 11:00:00+09:00,26500.0,26500.0,26350.0,26350.0,649.0
2026-08-14 11:05:00+09:00,26350.0,26350.0,26300.0,26300.0,312.0
2026-08-14 11:10:00+09:00,26300.0,26350.0,26250.0,26250.0,1182.0
2026-08-14 11:15:00+09:00,26250.0,26300.0,26250.0,26250.0,444.0
2026-08-14 11:20:00+09:00,26300.0,26300.0,26250.0,26250.0,371.0
2026-08-14 11:25:00+09:00,26300.0,26300.0,26200.0,26300.0,447.0
2026-08-14 11:30:00+09:00,26250.0,26300.0,26250.0,26250.0,71.0
2026-08-14 11:35:00+09:00,26250.0,26250.0,26250.0,26250.0,82.0
2026-08-14 11:40:00+09:00,26250.0,26300.0,26250.0,26300.0,107.0
2026-08-14 11:45:00+09:00,26300.0,26300.0,26250.0,26250.0,103.0
2026-08-14 11:50:00+09:00,26250.0,26300.0,26200.0,26200.0,687.0
2026-08-14 11:55:00+09:00,26200.0,26200.0,26150.0,26150.0,595.0
2026-08-14 12:00:00+09:00,26150.0,26350.0,26150.0,26300.0,750.0
2026-08-14 12:05:00+09:00,26250.0,26300.0,26250.0,26250.0,300.0
2026-08-14 12:10:00+09:00,26300.0,26300.0,26250.0,26250.0,227.0
2026-08-14 12:15:00+09:00,26250.0,26300.0,26200.0,26200.0,632.0
2026-08-14 12:20:00+09:00,26200.0,26250.0,26150.0,26150.0,533.0
2026-08-14 12:25:00+09:00,26200.0,26300.0,26150.0,26300.0,370.0
2026-08-14 12:30:00+09:00,26250.0,26300.0,26250.0,26250.0,389.0
2026-08-14 12:35:00+09:00,26250.0,26300.0,26250.0,26300.0,69.0
2026-08-14 12:40:00+09:00,26250.0,26300.0,26250.0,26250.0,176.0
2026-08-14 12:45:00+09:00,26250.0,26300.0,26200.0,26200.0,470.0
2026-08-14 12:50:00+09:00,26200.0,26250.0,26200.0,26200.0,105.0
2026-08-14 12:55:00+09:00,26250.0,26250.0,26200.0,26200.0,142.0
2026-08-14 13:00:00+09:00,26200.0,26300.0,26200.0,26300.0,707.0
2026-08-14 13:05:00+09:00,26250.0,26300.0,26250.0,26250.0,49.0
2026-08-14 13:10:00+09:00,26250.0,26300.0,26250.0,26250.0,151.0
2026-08-14 13:15:00+09:00,26250.0,26300.0,26250.0,26300.0,404.0
2026-08-14 13:20:00+09:00,26250.0,26300.0,26200.0,26200.0,1634.0
2026-08-14 13:25:00+09:00,26200.0,26200.0,26150.0,26150.0,291.0
2026-08-14 13:30:00+09:00,26150.0,26200.0,26150.0,26200.0,169.0
2026-08-14 13:35:00+09:00,26200.0,26200.0,26100.0,26200.0,830.0
2026-08-14 13:40:00+09:00,26200.0,26200.0,26200.0,26200.0,425.0
2026-08-14 13:45:00+09:00,26200.0,26200.0,26100.0,26200.0,794.0
2026-08-14 13:50:00+09:00,26100.0,26200.0,26050.0,26100.0,2136.0
2026-08-14 13:55:00+09:00,26050.0,26200.0,26050.0,26200.0,1548.0
2026-08-14 14:00:00+09:00,26200.0,26250.0,26150.0,26250.0,498.0
2026-08-14 14:05:00+09:00,26250.0,26250.0,26150.0,26250.0,517.0
2026-08-14 14:10:00+09:00,26250.0,26250.0,26200.0,26250.0,538.0
2026-08-14 14:15:00+09:00,26250.0,26300.0,26250.0,26300.0,456.0
2026-08-14 14:20:00+09:00,26300.0,26350.0,26250.0,26350.0,610.0
2026-08-14 14:25:00+09:00,26250.0,26350.0,26250.0,26350.0,685.0
2026-08-14 14:30:00+09:00,26350.0,26400.0,26300.0,26350.0,1251.0
2026-08-14 14:35:00+09:00,26350.0,26350.0,26250.0,26300.0,456.0
2026-08-14 14:40:00+09:00,26300.0,26400.0,26300.0,26400.0,649.0
2026-08-14 14:45:00+09:00,26300.0,26400.0,26300.0,26300.0,1104.0
2026-08-14 14:50:00+09:00,26350.0,26350.0,26300.0,26350.0,502.0
2026-08-14 14:55:00+09:00,26350.0,26400.0,26300.0,26350.0,858.0
2026-08-18 09:00:00+09:00,26150.0,26250.0,25600.0,25750.0,0.0
2026-08-18 09:05:00+09:00,25650.0,25650.0,25300.0,25550.0,3420.0
2026-08-18 09:10:00+09:00,25550.0,25700.0,25500.0,25600.0,1912.0
2026-08-18 09:15:00+09:00,25600.0,25650.0,25550.0,25600.0,152.0
2026-08-18 09:20:00+09:00,25550.0,25600.0,25400.0,25400.0,1471.0
2026-08-18 09:25:00+09:00,25400.0,25500.0,25300.0,25400.0,2502.0
2026-08-18 09:30:00+09:00,25400.0,25450.0,25250.0,25300.0,3598.0
2026-08-18 09:35:00+09:00,25250.0,25300.0,25100.0,25250.0,6035.0
2026-08-18 09:40:00+09:00,25250.0,25400.0,25250.0,25400.0,1562.0
2026-08-18 09:45:00+09:00,25400.0,25400.0,25300.0,25350.0,315.0
2026-08-18 09:50:00+09:00,25350.0,25450.0,25350.0,25400.0,1881.0
2026-08-18 09:55:00+09:00,25400.0,25450.0,25250.0,25350.0,2898.0
2026-08-18 10:00:00+09:00,25450.0,25450.0,25300.0,25350.0,876.0
2026-08-18 10:05:00+09:00,25350.0,25400.0,25200.0,25300.0,2442.0
2026-08-18 10:10:00+09:00,25300.0,25350.0,25200.0,25250.0,874.0
2026-08-18 10:15:00+09:00,25300.0,25350.0,25250.0,25300.0,489.0
2026-08-18 10:20:00+09:00,25350.0,25350.0,25250.0,25250.0,369.0
2026-08-18 10:25:00+09:00,25300.0,25300.0,25200.0,25200.0,1018.0
2026-08-18 10:30:00+09:00,25200.0,25250.0,25200.0,25200.0,279.0
2026-08-18 10:35:00+09:00,25200.0,25250.0,25200.0,25200.0,281.0
2026-08-18 10:40:00+09:00,25200.0,25250.0,25100.0,25100.0,2200.0
2026-08-18 10:45:00+09:00,25100.0,25250.0,25100.0,25200.0,1840.0
2026-08-18 10:50:00+09:00,25150.0,25200.0,25100.0,25100.0,708.0
2026-08-18 10:55:00+09:00,25100.0,25250.0,25100.0,25150.0,1196.0
2026-08-18 11:00:00+09:00,25150.0,25250.0,25150.0,25200.0,712.0
2026-08-18 11:05:00+09:00,25200.0,25200.0,25150.0,25150.0,310.0
2026-08-18 11:10:00+09:00,25150.0,25200.0,25150.0,25150.0,274.0
2026-08-18 11:15:00+09:00,25200.0,25300.0,25150.0,25150.0,1793.0
2026-08-18 11:20:00+09:00,25150.0,25200.0,25150.0,25150.0,311.0
2026-08-18 11:25:00+09:00,25150.0,25150.0,25100.0,25100.0,1182.0
2026-08-18 11:30:00+09:00,25100.0,25100.0,25050.0,25050.0,981.0
2026-08-18 11:35:00+09:00,25050.0,25100.0,25050.0,25050.0,688.0
2026-08-18 11:40:00+09:00,25050.0,25100.0,25000.0,25050.0,3167.0
2026-08-18 11:45:00+09:00,25050.0,25050.0,24900.0,25000.0,3307.0
2026-08-18 11:50:00+09:00,25000.0,25050.0,24900.0,25000.0,990.0
2026-08-18 11:55:00+09:00,25000.0,25050.0,24950.0,25000.0,1684.0
2026-08-18 12:00:00+09:00,24950.0,25150.0,24950.0,25100.0,1333.0
2026-08-18 12:05:00+09:00,25100.0,25150.0,25100.0,25100.0,261.0
2026-08-18 12:10:00+09:00,25100.0,25150.0,25000.0,25000.0,1090.0
2026-08-18 12:15:00+09:00,25000.0,25100.0,25000.0,25050.0,257.0
2026-08-18 12:20:00+09:00,25050.0,25100.0,25000.0,25000.0,1244.0
2026-08-18 12:25:00+09:00,25000.0,25050.0,25000.0,25000.0,189.0
2026-08-18 12:30:00+09:00,25000.0,25050.0,24950.0,24950.0,234.0
2026-08-18 12:35:00+09:00,24975.0,25050.0,24950.0,25000.0,2077.0
2026-08-18 12:40:00+09:00,24950.0,25050.0,24950.0,25000.0,746.0
2026-08-18 12:45:00+09:00,25000.0,25050.0,25000.0,25000.0,1178.0
2026-08-18 12:50:00+09:00,25000.0,25050.0,24950.0,24950.0,1012.0
2026-08-18 12:55:00+09:00,24950.0,25000.0,24950.0,25000.0,647.0
2026-08-18 13:00:00+09:00,24950.0,25000.0,24950.0,24950.0,224.0
2026-08-18 13:05:00+09:00,24950.0,25000.0,24950.0,25000.0,280.0
2026-08-18 13:10:00+09:00,25000.0,25000.0,24950.0,24950.0,1793.0
2026-08-18 13:15:00+09:00,25000.0,25000.0,24950.0,25000.0,241.0
2026-08-18 13:20:00+09:00,25000.0,25050.0,24950.0,24950.0,1084.0
2026-08-18 13:25:00+09:00,25000.0,25050.0,24950.0,25050.0,521.0
2026-08-18 13:30:00+09:00,25000.0,25050.0,24950.0,24950.0,1728.0
2026-08-18 13:35:00+09:00,24950.0,25000.0,24950.0,24950.0,379.0
2026-08-18 13:40:00+09:00,25000.0,25000.0,24950.0,25000.0,409.0
2026-08-18 13:45:00+09:00,24950.0,25000.0,24950.0,25000.0,877.0
2026-08-18 13:50:00+09:00,25000.0,25050.0,24950.0,25050.0,3553.0
2026-08-18 13:55:00+09:00,25000.0,25050.0,25000.0,25050.0,588.0
2026-08-18 14:00:00+09:00,25050.0,25050.0,25000.0,25050.0,898.0
2026-08-18 14:05:00+09:00,25050.0,25050.0,25000.0,25050.0,602.0
2026-08-18 14:10:00+09:00,25050.0,25050.0,25000.0,25000.0,649.0
2026-08-18 14:15:00+09:00,25000.0,25050.0,24950.0,25000.0,2587.0
2026-08-18 14:20:00+09:00,25000.0,25000.0,24950.0,25000.0,718.0
2026-08-18 14:25:00+09:00,24950.0,25050.0,24950.0,25000.0,5538.0
2026-08-18 14:30:00+09:00,25000.0,25050.0,24950.0,25000.0,1902.0
2026-08-18 14:35:00+09:00,25050.0,25050.0,24950.0,24950.0,1418.0
2026-08-18 14:40:00+09:00,25000.0,25000.0,24900.0,24950.0,1293.0
2026-08-18 14:45:00+09:00,24950.0,25050.0,24900.0,25000.0,6406.0
2026-08-18 14:50:00+09:00,25050.0,25200.0,25000.0,25050.0,3485.0
2026-08-18 14:55:00+09:00,25000.0,25050.0,25000.0,25000.0,846.0
2026-08-19 09:00:00+09:00,24850.0,24850.0,24400.0,24700.0,3462.0
2026-08-19 09:05:00+09:00,24700.0,24950.0,24700.0,24750.0,1456.0
2026-08-19 09:10:00+09:00,24750.0,24900.0,24450.0,24550.0,1615.0
2026-08-19 09:15:00+09:00,24550.0,24800.0,24550.0,24650.0,1292.0
2026-08-19 09:20:00+09:00,24650.0,24800.0,24650.0,24750.0,833.0
2026-08-19 09:25:00+09:00,24750.0,24800.0,24700.0,24750.0,513.0
2026-08-19 09:30:00+09:00,24750.0,24800.0,24600.0,24700.0,752.0
2026-08-19 09:35:00+09:00,24800.0,24850.0,24650.0,24650.0,891.0
2026-08-19 09:40:00+09:00,24650.0,24800.0,24650.0,24800.0,614.0
2026-08-19 09:45:00+09:00,24800.0,24850.0,24650.0,24800.0,1303.0
2026-08-19 09:50:00+09:00,24900.0,25050.0,24800.0,25000.0,857.0
2026-08-19 09:55:00+09:00,25000.0,25050.0,24900.0,24950.0,704.0
2026-08-19 10:00:00+09:00,25000.0,25150.0,24900.0,25150.0,1488.0
2026-08-19 10:05:00+09:00,25150.0,25150.0,25100.0,25150.0,1223.0
2026-08-19 10:10:00+09:00,25150.0,25150.0,25050.0,25100.0,1122.0
2026-08-19 10:15:00+09:00,25100.0,25150.0,25050.0,25050.0,800.0
2026-08-19 10:20:00+09:00,25100.0,25100.0,24900.0,25050.0,1186.0
2026-08-19 10:25:00+09:00,24950.0,25100.0,24900.0,25050.0,626.0
2026-08-19 10:30:00+09:00,25050.0,25200.0,24900.0,25050.0,727.0
2026-08-19 10:35:00+09:00,24950.0,25100.0,24950.0,24950.0,334.0
2026-08-19 10:40:00+09:00,25000.0,25050.0,24950.0,24950.0,442.0
2026-08-19 10:45:00+09:00,24950.0,24950.0,24750.0,24800.0,1437.0
2026-08-19 10:50:00+09:00,24800.0,24850.0,24700.0,24750.0,715.0
2026-08-19 10:55:00+09:00,24750.0,24900.0,24650.0,24750.0,1125.0
2026-08-19 11:00:00+09:00,24750.0,24750.0,24700.0,24700.0,362.0
2026-08-19 11:05:00+09:00,24750.0,24850.0,24700.0,24800.0,936.0
2026-08-19 11:10:00+09:00,24850.0,24900.0,24750.0,24900.0,1077.0
2026-08-19 11:15:00+09:00,24900.0,24900.0,24800.0,24850.0,622.0
2026-08-19 11:20:00+09:00,24900.0,24950.0,24850.0,24900.0,689.0
2026-08-19 11:25:00+09:00,24900.0,25000.0,24900.0,24950.0,1211.0
2026-08-19 11:30:00+09:00,25000.0,25000.0,24950.0,25000.0,601.0
2026-08-19 11:35:00+09:00,25000.0,25000.0,24950.0,24950.0,701.0
2026-08-19 11:40:00+09:00,24950.0,25000.0,24900.0,24900.0,882.0
2026-08-19 11:45:00+09:00,24950.0,24950.0,24900.0,24950.0,865.0
2026-08-19 11:50:00+09:00,24950.0,24950.0,24900.0,24900.0,754.0
2026-08-19 11:55:00+09:00,24950.0,24950.0,24900.0,24950.0,920.0
2026-08-19 12:00:00+09:00,24900.0,25000.0,24900.0,25000.0,832.0
2026-08-19 12:05:00+09:00,25000.0,25050.0,25000.0,25050.0,1076.0
2026-08-19 12:10:00+09:00,25050.0,25050.0,24950.0,25050.0,601.0
2026-08-19 12:15:00+09:00,25050.0,25100.0,25050.0,25100.0,558.0
2026-08-19 12:20:00+09:00,25100.0,25100.0,25000.0,25050.0,572.0
2026-08-19 12:25:00+09:00,25000.0,25100.0,25000.0,25100.0,596.0
2026-08-19 12:30:00+09:00,25100.0,25150.0,25050.0,25100.0,669.0
2026-08-19 12:35:00+09:00,25150.0,25150.0,25050.0,25150.0,959.0
2026-08-19 12:40:00+09:00,25150.0,25150.0,25100.0,25150.0,435.0
2026-08-19 12:45:00+09:00,25100.0,25150.0,25100.0,25150.0,579.0
2026-08-19 12:50:00+09:00,25150.0,25150.0,25100.0,25100.0,715.0
2026-08-19 12:55:00+09:00,25050.0,25100.0,25050.0,25050.0,752.0
2026-08-19 13:00:00+09:00,25000.0,25050.0,25000.0,25000.0,235.0
2026-08-19 13:05:00+09:00,25000.0,25100.0,25000.0,25100.0,927.0
2026-08-19 13:10:00+09:00,25050.0,25150.0,25050.0,25050.0,546.0
2026-08-19 13:15:00+09:00,25150.0,25150.0,25050.0,25100.0,271.0
2026-08-19 13:20:00+09:00,25100.0,25150.0,25100.0,25150.0,1008.0
2026-08-19 13:25:00+09:00,25150.0,25200.0,25150.0,25200.0,1163.0
2026-08-19 13:30:00+09:00,25200.0,25250.0,25150.0,25200.0,927.0
2026-08-19 13:35:00+09:00,25200.0,25250.0,25200.0,25200.0,760.0
2026-08-19 13:40:00+09:00,25200.0,25200.0,25050.0,25050.0,1170.0
2026-08-19 13:45:00+09:00,25100.0,25150.0,25100.0,25100.0,110.0
2026-08-19 13:50:00+09:00,25150.0,25150.0,25100.0,25150.0,625.0
2026-08-19 13:55:00+09:00,25150.0,25150.0,25050.0,25100.0,613.0
2026-08-19 14:00:00+09:00,25100.0,25200.0,25050.0,25200.0,1146.0
2026-08-19 14:05:00+09:00,25200.0,25250.0,25150.0,25200.0,1467.0
2026-08-19 14:10:00+09:00,25200.0,25250.0,25150.0,25200.0,700.0
2026-08-19 14:15:00+09:00,25200.0,25200.0,25100.0,25150.0,654.0
2026-08-19 14:20:00+09:00,25150.0,25200.0,25100.0,25150.0,775.0
2026-08-19 14:25:00+09:00,25150.0,25250.0,25150.0,25200.0,542.0
2026-08-19 14:30:00+09:00,25200.0,25250.0,25150.0,25200.0,328.0
2026-08-19 14:35:00+09:00,25250.0,25250.0,25100.0,25200.0,1277.0
2026-08-19 14:40:00+09:00,25200.0,25200.0,25050.0,25050.0,1189.0
2026-08-19 14:45:00+09:00,25050.0,25150.0,25050.0,25150.0,596.0
2026-08-19 14:50:00+09:00,25100.0,25150.0,25050.0,25100.0,913.0
2026-08-19 14:55:00+09:00,25100.0,25150.0,25000.0,25000.0,891.0
2026-08-20 09:00:00+09:00,25150.0,25800.0,25000.0,25750.0,6224.0
2026-08-20 09:05:00+09:00,25750.0,26200.0,25700.0,26100.0,4099.0
2026-08-20 09:10:00+09:00,26100.0,26300.0,26000.0,26150.0,4950.0
2026-08-20 09:15:00+09:00,26150.0,26150.0,25750.0,25750.0,3092.0
2026-08-20 09:20:00+09:00,25800.0,25950.0,25750.0,25900.0,1746.0
2026-08-20 09:25:00+09:00,25950.0,26050.0,25900.0,26000.0,1530.0
2026-08-20 09:30:00+09:00,25950.0,26050.0,25850.0,26000.0,3030.0
2026-08-20 09:35:00+09:00,26000.0,26000.0,25750.0,25800.0,1159.0
2026-08-20 09:40:00+09:00,25800.0,25850.0,25700.0,25750.0,745.0
2026-08-20 09:45:00+09:00,25750.0,25750.0,25600.0,25650.0,535.0
2026-08-20 09:50:00+09:00,25600.0,25750.0,25600.0,25650.0,1823.0
2026-08-20 09:55:00+09:00,25650.0,25650.0,25500.0,25500.0,712.0
2026-08-20 10:00:00+09:00,25550.0,25650.0,25450.0,25650.0,1888.0
2026-08-20 10:05:00+09:00,25650.0,25750.0,25600.0,25700.0,1079.0
2026-08-20 10:10:00+09:00,25700.0,25850.0,25650.0,25850.0,1517.0
2026-08-20 10:15:00+09:00,25800.0,25950.0,25800.0,25850.0,1920.0
2026-08-20 10:20:00+09:00,25850.0,25950.0,25800.0,25900.0,2534.0
2026-08-20 10:25:00+09:00,25900.0,26050.0,25875.0,26050.0,1392.0
2026-08-20 10:30:00+09:00,26050.0,26050.0,25900.0,25950.0,591.0
2026-08-20 10:35:00+09:00,25950.0,25950.0,25900.0,25950.0,557.0
2026-08-20 10:40:00+09:00,25950.0,26000.0,25900.0,26000.0,640.0
2026-08-20 10:45:00+09:00,26000.0,26000.0,25950.0,26000.0,796.0
2026-08-20 10:50:00+09:00,26000.0,26050.0,25950.0,26050.0,972.0
2026-08-20 10:55:00+09:00,26000.0,26100.0,25950.0,26000.0,1109.0
2026-08-20 11:00:00+09:00,26000.0,26000.0,25950.0,26000.0,517.0
2026-08-20 11:05:00+09:00,26000.0,26000.0,25850.0,25900.0,1681.0
2026-08-20 11:10:00+09:00,25900.0,25950.0,25800.0,25950.0,2180.0
2026-08-20 11:15:00+09:00,25950.0,25950.0,25800.0,25850.0,1081.0
2026-08-20 11:20:00+09:00,25800.0,25950.0,25800.0,25900.0,852.0
2026-08-20 11:25:00+09:00,25900.0,25950.0,25850.0,25950.0,372.0
2026-08-20 11:30:00+09:00,25950.0,25950.0,25900.0,25950.0,494.0
2026-08-20 11:35:00+09:00,25950.0,26000.0,25900.0,26000.0,532.0
2026-08-20 11:40:00+09:00,26000.0,26000.0,25950.0,26000.0,614.0
2026-08-20 11:45:00+09:00,26000.0,26000.0,25900.0,25950.0,956.0
2026-08-20 11:50:00+09:00,25950.0,25950.0,25850.0,25950.0,1615.0
2026-08-20 11:55:00+09:00,25900.0,26000.0,25900.0,26000.0,724.0
2026-08-20 12:00:00+09:00,26000.0,26000.0,25950.0,26000.0,847.0
2026-08-20 12:05:00+09:00,25950.0,26000.0,25950.0,26000.0,396.0
2026-08-20 12:10:00+09:00,26000.0,26000.0,25950.0,26000.0,481.0
2026-08-20 12:15:00+09:00,26000.0,26050.0,25950.0,26000.0,1040.0
2026-08-20 12:20:00+09:00,26050.0,26050.0,26000.0,26000.0,926.0
2026-08-20 12:25:00+09:00,26050.0,26050.0,25950.0,26000.0,1047.0
2026-08-20 12:30:00+09:00,26000.0,26000.0,25950.0,25950.0,506.0
2026-08-20 12:35:00+09:00,26000.0,26050.0,26000.0,26050.0,948.0
2026-08-20 12:40:00+09:00,26050.0,26050.0,25950.0,26050.0,698.0
2026-08-20 12:45:00+09:00,26050.0,26100.0,26000.0,26050.0,781.0
2026-08-20 12:50:00+09:00,26100.0,26100.0,26050.0,26050.0,647.0
2026-08-20 12:55:00+09:00,26050.0,26050.0,26000.0,26050.0,879.0
2026-08-20 13:00:00+09:00,26000.0,26050.0,26000.0,26050.0,646.0
2026-08-20 13:05:00+09:00,26050.0,26050.0,26000.0,26050.0,827.0
2026-08-20 13:10:00+09:00,26050.0,26100.0,26000.0,26100.0,661.0
2026-08-20 13:15:00+09:00,26050.0,26100.0,26000.0,26050.0,1146.0
2026-08-20 13:20:00+09:00,26050.0,26100.0,26000.0,26050.0,1067.0
2026-08-20 13:25:00+09:00,26050.0,26100.0,25950.0,26050.0,917.0
2026-08-20 13:30:00+09:00,26050.0,26100.0,25950.0,26000.0,780.0
2026-08-20 13:35:00+09:00,25950.0,26050.0,25950.0,26050.0,549.0
2026-08-20 13:40:00+09:00,26050.0,26050.0,26000.0,26050.0,721.0
2026-08-20 13:45:00+09:00,26000.0,26100.0,26000.0,26100.0,777.0
2026-08-20 13:50:00+09:00,26100.0,26100.0,25950.0,26000.0,1348.0
2026-08-20 13:55:00+09:00,26000.0,26000.0,25950.0,26000.0,896.0
2026-08-20 14:00:00+09:00,25950.0,26050.0,25950.0,26000.0,1114.0
2026-08-20 14:05:00+09:00,26000.0,26000.0,25950.0,26000.0,503.0
2026-08-20 14:10:00+09:00,26000.0,26000.0,25950.0,26000.0,862.0
2026-08-20 14:15:00+09:00,26000.0,26000.0,25950.0,26000.0,717.0
2026-08-20 14:20:00+09:00,26000.0,26050.0,26000.0,26050.0,559.0
2026-08-20 14:25:00+09:00,26050.0,26050.0,26000.0,26050.0,920.0
2026-08-20 14:30:00+09:00,26050.0,26050.0,25900.0,25900.0,2041.0
2026-08-20 14:35:00+09:00,25900.0,25950.0,25850.0,25950.0,1301.0
2026-08-20 14:40:00+09:00,25950.0,26000.0,25950.0,26000.0,776.0
2026-08-20 14:45:00+09:00,25950.0,26050.0,25950.0,26050.0,1056.0
2026-08-20 14:50:00+09:00,26050.0,26050.0,26000.0,26050.0,771.0
2026-08-20 14:55:00+09:00,26000.0,26050.0,25900.0,26050.0,3087.0
2026-08-21 09:00:00+09:00,25650.0,25800.0,25500.0,25650.0,1860.0
2026-08-21 09:05:00+09:00,25650.0,25800.0,25550.0,25550.0,574.0
2026-08-21 09:10:00+09:00,25550.0,25700.0,25450.0,25700.0,969.0
2026-08-21 09:15:00+09:00,25550.0,25950.0,25550.0,25950.0,628.0
2026-08-21 09:20:00+09:00,25950.0,25950.0,25750.0,25800.0,500.0
2026-08-21 09:25:00+09:00,25800.0,25900.0,25700.0,25800.0,569.0
2026-08-21 09:30:00+09:00,25800.0,25900.0,25650.0,25850.0,2055.0
2026-08-21 09:35:00+09:00,25850.0,25900.0,25750.0,25900.0,871.0
2026-08-21 09:40:00+09:00,25900.0,25950.0,25800.0,25950.0,1010.0
2026-08-21 09:45:00+09:00,25950.0,25950.0,25800.0,25850.0,781.0
2026-08-21 09:50:00+09:00,25850.0,25950.0,25750.0,25850.0,1405.0
2026-08-21 09:55:00+09:00,25900.0,25950.0,25650.0,25650.0,1806.0
2026-08-21 10:00:00+09:00,25650.0,25700.0,25600.0,25700.0,372.0
2026-08-21 10:05:00+09:00,25650.0,25650.0,25400.0,25550.0,2734.0
2026-08-21 10:10:00+09:00,25550.0,25650.0,25550.0,25650.0,781.0
2026-08-21 10:15:00+09:00,25650.0,25700.0,25600.0,25650.0,847.0
2026-08-21 10:20:00+09:00,25600.0,25700.0,25600.0,25650.0,995.0
2026-08-21 10:25:00+09:00,25700.0,25700.0,25650.0,25650.0,395.0
2026-08-21 10:30:00+09:00,25700.0,25750.0,25650.0,25700.0,1130.0
2026-08-21 10:35:00+09:00,25700.0,25750.0,25650.0,25750.0,575.0
2026-08-21 10:40:00+09:00,25800.0,25950.0,25750.0,25850.0,814.0
2026-08-21 10:45:00+09:00,25850.0,25850.0,25700.0,25800.0,1050.0
2026-08-21 10:50:00+09:00,25750.0,25800.0,25700.0,25750.0,909.0
2026-08-21 10:55:00+09:00,25700.0,25850.0,25700.0,25750.0,526.0
2026-08-21 11:00:00+09:00,25700.0,25850.0,25700.0,25800.0,365.0
2026-08-21 11:05:00+09:00,25800.0,25850.0,25700.0,25700.0,653.0
2026-08-21 11:10:00+09:00,25800.0,25800.0,25650.0,25700.0,1538.0
2026-08-21 11:15:00+09:00,25700.0,25700.0,25650.0,25650.0,723.0
2026-08-21 11:20:00+09:00,25700.0,25800.0,25650.0,25750.0,743.0
2026-08-21 11:25:00+09:00,25700.0,25800.0,25650.0,25750.0,496.0
2026-08-21 11:30:00+09:00,25750.0,25750.0,25650.0,25700.0,546.0
2026-08-21 11:35:00+09:00,25700.0,25700.0,25650.0,25700.0,580.0
2026-08-21 11:40:00+09:00,25650.0,25700.0,25650.0,25700.0,401.0
2026-08-21 11:45:00+09:00,25700.0,25750.0,25650.0,25700.0,363.0
2026-08-21 11:50:00+09:00,25700.0,25800.0,25650.0,25750.0,935.0
2026-08-21 11:55:00+09:00,25750.0,25750.0,25700.0,25750.0,791.0
2026-08-21 12:00:00+09:00,25700.0,25750.0,25700.0,25750.0,398.0
2026-08-21 12:05:00+09:00,25750.0,25850.0,25700.0,25850.0,618.0
2026-08-21 12:10:00+09:00,25850.0,25850.0,25750.0,25850.0,507.0
2026-08-21 12:15:00+09:00,25850.0,25850.0,25750.0,25850.0,572.0
2026-08-21 12:20:00+09:00,25800.0,25850.0,25800.0,25800.0,401.0
2026-08-21 12:25:00+09:00,25800.0,25850.0,25800.0,25850.0,290.0
2026-08-21 12:30:00+09:00,25800.0,25850.0,25800.0,25850.0,421.0
2026-08-21 12:35:00+09:00,25850.0,25850.0,25800.0,25850.0,318.0
2026-08-21 12:40:00+09:00,25850.0,25900.0,25800.0,25900.0,803.0
2026-08-21 12:45:00+09:00,25900.0,25900.0,25800.0,25850.0,602.0
2026-08-21 12:50:00+09:00,25850.0,25850.0,25800.0,25850.0,361.0
2026-08-21 12:55:00+09:00,25800.0,25950.0,25800.0,25900.0,1008.0
2026-08-21 13:00:00+09:00,25900.0,25900.0,25850.0,25900.0,1858.0
2026-08-21 13:05:00+09:00,25900.0,25950.0,25850.0,25900.0,699.0
2026-08-21 13:10:00+09:00,25950.0,25950.0,25900.0,25950.0,430.0
2026-08-21 13:15:00+09:00,25950.0,25950.0,25850.0,25950.0,526.0
2026-08-21 13:20:00+09:00,25900.0,26000.0,25850.0,25950.0,680.0
2026-08-21 13:25:00+09:00,25950.0,26000.0,25850.0,25950.0,442.0
2026-08-21 13:30:00+09:00,25950.0,26000.0,25900.0,26000.0,925.0
2026-08-21 13:35:00+09:00,26000.0,26150.0,25950.0,26100.0,1501.0
2026-08-21 13:40:00+09:00,26100.0,26200.0,26050.0,26150.0,1587.0
2026-08-21 13:45:00+09:00,26150.0,26200.0,26100.0,26100.0,1774.0
2026-08-21 13:50:00+09:00,26200.0,26250.0,26100.0,26250.0,180.0
2026-08-21 13:55:00+09:00,26250.0,26250.0,26150.0,26250.0,528.0
2026-08-21 14:00:00+09:00,26150.0,26200.0,26050.0,26050.0,1159.0
2026-08-21 14:05:00+09:00,26100.0,26100.0,26000.0,26050.0,1494.0
2026-08-21 14:10:00+09:00,26050.0,26150.0,26050.0,26150.0,1138.0
2026-08-21 14:15:00+09:00,26150.0,26200.0,26100.0,26200.0,746.0
2026-08-21 14:20:00+09:00,26200.0,26200.0,26050.0,26050.0,771.0
2026-08-21 14:25:00+09:00,26100.0,26100.0,26100.0,26100.0,414.0
2026-08-21 14:30:00+09:00,26100.0,26150.0,26050.0,26100.0,770.0
2026-08-21 14:35:00+09:00,26150.0,26200.0,26100.0,26200.0,620.0
2026-08-21 14:40:00+09:00,26200.0,26200.0,26150.0,26200.0,688.0
2026-08-21 14:45:00+09:00,26100.0,26200.0,26050.0,26200.0,853.0
2026-08-21 14:50:00+09:00,26100.0,26150.0,26050.0,26050.0,1204.0
2026-08-21 14:55:00+09:00,26050.0,26200.0,26050.0,26200.0,2420.0
2026-08-24 09:00:00+09:00,25800.0,26300.0,25800.0,26100.0,0.0
2026-08-24 09:05:00+09:00,26150.0,26350.0,26050.0,26200.0,3310.0
2026-08-24 09:10:00+09:00,26250.0,26300.0,26050.0,26050.0,490.0
2026-08-24 09:15:00+09:00,26150.0,26250.0,26100.0,26200.0,857.0
2026-08-24 09:20:00+09:00,26200.0,26400.0,26200.0,26400.0,989.0
2026-08-24 09:25:00+09:00,26350.0,26550.0,26300.0,26550.0,2314.0
2026-08-24 09:30:00+09:00,26450.0,26600.0,26400.0,26550.0,4345.0
2026-08-24 09:35:00+09:00,26475.0,26650.0,26350.0,26400.0,3600.0
2026-08-24 09:40:00+09:00,26350.0,26400.0,26250.0,26300.0,744.0
2026-08-24 09:45:00+09:00,26450.0,26600.0,26400.0,26500.0,1579.0
2026-08-24 09:50:00+09:00,26400.0,26450.0,26350.0,26450.0,271.0
2026-08-24 09:55:00+09:00,26350.0,26400.0,26300.0,26350.0,518.0
2026-08-24 10:00:00+09:00,26350.0,26500.0,26350.0,26500.0,488.0
2026-08-24 10:05:00+09:00,26450.0,26500.0,26350.0,26450.0,1031.0
2026-08-24 10:10:00+09:00,26450.0,26450.0,26350.0,26350.0,1583.0
2026-08-24 10:15:00+09:00,26350.0,26400.0,26250.0,26300.0,1026.0
2026-08-24 10:20:00+09:00,26300.0,26300.0,26250.0,26300.0,295.0
2026-08-24 10:25:00+09:00,26300.0,26300.0,26250.0,26300.0,63.0
2026-08-24 10:30:00+09:00,26300.0,26400.0,26300.0,26400.0,1847.0
2026-08-24 10:35:00+09:00,26400.0,26500.0,26400.0,26450.0,588.0
2026-08-24 10:40:00+09:00,26450.0,26600.0,26450.0,26500.0,3862.0
2026-08-24 10:45:00+09:00,26550.0,26600.0,26500.0,26550.0,723.0
2026-08-24 10:50:00+09:00,26550.0,26600.0,26500.0,26500.0,697.0
2026-08-24 10:55:00+09:00,26500.0,26600.0,26250.0,26550.0,3943.0
2026-08-24 11:00:00+09:00,26550.0,26550.0,26400.0,26450.0,220.0
2026-08-24 11:05:00+09:00,26450.0,26500.0,26400.0,26400.0,1028.0
2026-08-24 11:10:00+09:00,26400.0,26400.0,26250.0,26350.0,1925.0
2026-08-24 11:15:00+09:00,26350.0,26350.0,26150.0,26250.0,552.0
2026-08-24 11:20:00+09:00,26250.0,26350.0,26250.0,26350.0,1942.0
2026-08-24 11:25:00+09:00,26350.0,26400.0,26350.0,26400.0,256.0
2026-08-24 11:30:00+09:00,26400.0,26500.0,26400.0,26500.0,668.0
2026-08-24 11:35:00+09:00,26400.0,26450.0,26350.0,26400.0,365.0
2026-08-24 11:40:00+09:00,26350.0,26400.0,26300.0,26300.0,329.0
2026-08-24 11:45:00+09:00,26350.0,26350.0,26350.0,26350.0,230.0
2026-08-24 11:50:00+09:00,26350.0,26350.0,26150.0,26250.0,6134.0
2026-08-24 11:55:00+09:00,26250.0,26250.0,26050.0,26100.0,8508.0
2026-08-24 12:00:00+09:00,26200.0,26250.0,26200.0,26250.0,207.0
2026-08-24 12:05:00+09:00,26250.0,26250.0,26200.0,26200.0,785.0
2026-08-24 12:10:00+09:00,26200.0,26250.0,26200.0,26250.0,0.0
2026-08-24 12:15:00+09:00,26250.0,26250.0,26250.0,26250.0,343.0
2026-08-24 12:20:00+09:00,26200.0,26250.0,26200.0,26250.0,434.0
2026-08-24 12:25:00+09:00,26200.0,26250.0,26200.0,26200.0,301.0
2026-08-24 12:30:00+09:00,26250.0,26250.0,26200.0,26250.0,226.0
2026-08-24 12:35:00+09:00,26250.0,26250.0,26150.0,26150.0,486.0
2026-08-24 12:40:00+09:00,26150.0,26150.0,26100.0,26100.0,182.0
2026-08-24 12:45:00+09:00,26150.0,26150.0,26050.0,26050.0,328.0
2026-08-24 12:50:00+09:00,26050.0,26150.0,26000.0,26000.0,1908.0
2026-08-24 12:55:00+09:00,26000.0,26100.0,26000.0,26100.0,2139.0
2026-08-24 13:00:00+09:00,26150.0,26150.0,26050.0,26100.0,269.0
2026-08-24 13:05:00+09:00,26100.0,26100.0,26000.0,26050.0,548.0
2026-08-24 13:10:00+09:00,26050.0,26050.0,26000.0,26000.0,6.0
2026-08-24 13:15:00+09:00,26050.0,26150.0,26000.0,26000.0,1155.0
2026-08-24 13:20:00+09:00,26100.0,26200.0,26050.0,26200.0,516.0
2026-08-24 13:25:00+09:00,26200.0,26200.0,26200.0,26200.0,148.0
2026-08-24 13:30:00+09:00,26200.0,26200.0,26100.0,26150.0,992.0
2026-08-24 13:35:00+09:00,26150.0,26150.0,26150.0,26150.0,134.0
2026-08-24 13:40:00+09:00,26100.0,26150.0,26100.0,26150.0,137.0
2026-08-24 13:45:00+09:00,26150.0,26150.0,26150.0,26150.0,321.0
2026-08-24 13:50:00+09:00,26150.0,26200.0,26150.0,26200.0,386.0
2026-08-24 13:55:00+09:00,26150.0,26200.0,26150.0,26200.0,91.0
2026-08-24 14:00:00+09:00,26200.0,26200.0,26150.0,26200.0,752.0
2026-08-24 14:05:00+09:00,26250.0,26250.0,26200.0,26250.0,280.0
2026-08-24 14:10:00+09:00,26200.0,26250.0,26200.0,26250.0,171.0
2026-08-24 14:15:00+09:00,26250.0,26300.0,26200.0,26200.0,285.0
2026-08-24 14:20:00+09:00,26200.0,26300.0,26150.0,26300.0,516.0
2026-08-24 14:25:00+09:00,26300.0,26300.0,26300.0,26300.0,304.0
2026-08-24 14:30:00+09:00,26300.0,26300.0,26150.0,26200.0,699.0
2026-08-24 14:35:00+09:00,26200.0,26200.0,26200.0,26200.0,283.0
2026-08-24 14:40:00+09:00,26150.0,26250.0,26150.0,26250.0,545.0
2026-08-24 14:45:00+09:00,26200.0,26200.0,26150.0,26200.0,1340.0
2026-08-24 14:50:00+09:00,26200.0,26300.0,26150.0,26250.0,1079.0
2026-08-24 14:55:00+09:00,26300.0,26400.0,26300.0,26350.0,535.0
2026-08-25 09:00:00+09:00,26350.0,26800.0,26350.0,26650.0,2107.0
2026-08-25 09:05:00+09:00,26650.0,26750.0,26200.0,26550.0,2294.0
2026-08-25 09:10:00+09:00,26550.0,26650.0,26500.0,26500.0,1985.0
2026-08-25 09:15:00+09:00,26600.0,26650.0,26450.0,26450.0,1488.0
2026-08-25 09:20:00+09:00,26550.0,26800.0,26550.0,26800.0,1649.0
2026-08-25 09:25:00+09:00,26750.0,27000.0,26750.0,26950.0,4994.0
2026-08-25 09:30:00+09:00,26900.0,27000.0,26550.0,26850.0,3220.0
2026-08-25 09:35:00+09:00,26850.0,26850.0,26650.0,26750.0,3319.0
2026-08-25 09:40:00+09:00,26750.0,27000.0,26700.0,26750.0,2528.0
2026-08-25 09:45:00+09:00,26800.0,26850.0,26700.0,26800.0,1805.0
2026-08-25 09:50:00+09:00,26800.0,26900.0,26700.0,26700.0,2645.0
2026-08-25 09:55:00+09:00,26650.0,26750.0,26650.0,26750.0,528.0
2026-08-25 10:00:00+09:00,26750.0,26900.0,26700.0,26750.0,4399.0
2026-08-25 10:05:00+09:00,26750.0,26800.0,26600.0,26650.0,768.0
2026-08-25 10:10:00+09:00,26750.0,26800.0,26650.0,26800.0,889.0
2026-08-25 10:15:00+09:00,26800.0,26800.0,26650.0,26700.0,1523.0
2026-08-25 10:20:00+09:00,26700.0,26750.0,26600.0,26650.0,629.0
2026-08-25 10:25:00+09:00,26600.0,26650.0,26500.0,26650.0,1308.0
2026-08-25 10:30:00+09:00,26650.0,26650.0,26600.0,26650.0,449.0
2026-08-25 10:35:00+09:00,26650.0,26700.0,26650.0,26650.0,325.0
2026-08-25 10:40:00+09:00,26650.0,26650.0,26600.0,26650.0,812.0
2026-08-25 10:45:00+09:00,26650.0,26850.0,26600.0,26750.0,2005.0
2026-08-25 10:50:00+09:00,26750.0,26750.0,26750.0,26750.0,582.0
2026-08-25 10:55:00+09:00,26700.0,26800.0,26700.0,26750.0,482.0
2026-08-25 11:00:00+09:00,26750.0,26750.0,26550.0,26650.0,1024.0
2026-08-25 11:05:00+09:00,26650.0,26700.0,26650.0,26700.0,268.0
2026-08-25 11:10:00+09:00,26700.0,26750.0,26650.0,26650.0,304.0
2026-08-25 11:15:00+09:00,26700.0,26800.0,26700.0,26700.0,1109.0
2026-08-25 11:20:00+09:00,26800.0,26850.0,26700.0,26750.0,323.0
2026-08-25 11:25:00+09:00,26750.0,26800.0,26600.0,26700.0,651.0
2026-08-25 11:30:00+09:00,26700.0,26750.0,26650.0,26750.0,348.0
2026-08-25 11:35:00+09:00,26750.0,26750.0,26650.0,26700.0,316.0
2026-08-25 11:40:00+09:00,26650.0,26750.0,26650.0,26700.0,1443.0
2026-08-25 11:45:00+09:00,26750.0,26800.0,26650.0,26650.0,949.0
2026-08-25 11:50:00+09:00,26650.0,26750.0,26600.0,26750.0,398.0
2026-08-25 11:55:00+09:00,26650.0,26800.0,26650.0,26750.0,280.0
2026-08-25 12:00:00+09:00,26750.0,26750.0,26750.0,26750.0,267.0
2026-08-25 12:05:00+09:00,26800.0,26800.0,26750.0,26800.0,113.0
2026-08-25 12:10:00+09:00,26750.0,26750.0,26750.0,26750.0,8.0
2026-08-25 12:15:00+09:00,26750.0,26800.0,26650.0,26700.0,793.0
2026-08-25 12:20:00+09:00,26800.0,26800.0,26750.0,26750.0,89.0
2026-08-25 12:25:00+09:00,26700.0,26750.0,26700.0,26750.0,117.0
2026-08-25 12:30:00+09:00,26750.0,26750.0,26700.0,26700.0,76.0
2026-08-25 12:35:00+09:00,26650.0,26650.0,26600.0,26650.0,1273.0
2026-08-25 12:40:00+09:00,26650.0,26650.0,26650.0,26650.0,429.0
2026-08-25 12:45:00+09:00,26650.0,26650.0,26650.0,26650.0,100.0
2026-08-25 12:50:00+09:00,26650.0,26650.0,26600.0,26650.0,114.0
2026-08-25 12:55:00+09:00,26650.0,26650.0,26600.0,26600.0,21.0
2026-08-25 13:00:00+09:00,26550.0,26700.0,26550.0,26700.0,562.0
2026-08-25 13:05:00+09:00,26750.0,26750.0,26700.0,26700.0,194.0
2026-08-25 13:10:00+09:00,26700.0,26700.0,26700.0,26700.0,107.0
2026-08-25 13:15:00+09:00,26700.0,26700.0,26650.0,26650.0,69.0
2026-08-25 13:25:00+09:00,26650.0,26700.0,26650.0,26650.0,230.0
2026-08-25 13:30:00+09:00,26700.0,26700.0,26700.0,26700.0,294.0
2026-08-25 13:35:00+09:00,26700.0,26800.0,26700.0,26800.0,794.0
2026-08-25 13:40:00+09:00,26800.0,26900.0,26750.0,26800.0,1471.0
2026-08-25 13:45:00+09:00,26800.0,26850.0,26750.0,26800.0,592.0
2026-08-25 13:50:00+09:00,26800.0,26850.0,26700.0,26850.0,1122.0
2026-08-25 13:55:00+09:00,26850.0,26900.0,26800.0,26900.0,1106.0
2026-08-25 14:00:00+09:00,26850.0,26900.0,26800.0,26800.0,1092.0
2026-08-25 14:05:00+09:00,26850.0,26850.0,26800.0,26850.0,946.0
2026-08-25 14:10:00+09:00,26850.0,26850.0,26800.0,26850.0,1270.0
2026-08-25 14:15:00+09:00,26850.0,26900.0,26800.0,26900.0,1586.0
2026-08-25 14:20:00+09:00,26900.0,26900.0,26800.0,26800.0,1624.0
2026-08-25 14:25:00+09:00,26850.0,26900.0,26800.0,26850.0,994.0
2026-08-25 14:30:00+09:00,26900.0,26900.0,26750.0,26750.0,1650.0
2026-08-25 14:35:00+09:00,26750.0,26900.0,26700.0,26800.0,1202.0
2026-08-25 14:40:00+09:00,26800.0,26950.0,26700.0,26750.0,1421.0
2026-08-25 14:45:00+09:00,26750.0,26800.0,26650.0,26750.0,2206.0
2026-08-25 14:50:00+09:00,26650.0,26800.0,26650.0,26750.0,1030.0
2026-08-25 14:55:00+09:00,26750.0,26850.0,26700.0,26700.0,1170.0
2026-08-26 09:00:00+09:00,26750.0,26850.0,26550.0,26800.0,635.0
2026-08-26 09:05:00+09:00,26800.0,26850.0,26650.0,26750.0,296.0
2026-08-26 09:10:00+09:00,26650.0,26800.0,26650.0,26800.0,174.0
2026-08-26 09:15:00+09:00,26750.0,26750.0,26600.0,26600.0,529.0
2026-08-26 09:20:00+09:00,26600.0,26700.0,26600.0,26700.0,154.0
2026-08-26 09:25:00+09:00,26700.0,26750.0,26600.0,26700.0,473.0
2026-08-26 09:30:00+09:00,26650.0,26800.0,26650.0,26750.0,1018.0
2026-08-26 09:35:00+09:00,26800.0,26850.0,26600.0,26750.0,791.0
2026-08-26 09:40:00+09:00,26750.0,26800.0,26700.0,26800.0,478.0
2026-08-26 09:45:00+09:00,26800.0,26800.0,26700.0,26750.0,346.0
2026-08-26 09:50:00+09:00,26750.0,26850.0,26700.0,26800.0,513.0
2026-08-26 09:55:00+09:00,26800.0,26800.0,26650.0,26650.0,187.0
2026-08-26 10:00:00+09:00,26700.0,26850.0,26650.0,26850.0,123.0
2026-08-26 10:05:00+09:00,26700.0,26900.0,26700.0,26800.0,382.0
2026-08-26 10:10:00+09:00,26900.0,26900.0,26800.0,26850.0,146.0
2026-08-26 10:15:00+09:00,26850.0,26900.0,26800.0,26850.0,106.0
2026-08-26 10:20:00+09:00,26850.0,26850.0,26800.0,26850.0,347.0
2026-08-26 10:25:00+09:00,26850.0,26900.0,26750.0,26900.0,911.0
2026-08-26 10:30:00+09:00,26900.0,27000.0,26850.0,26900.0,2373.0
2026-08-26 10:35:00+09:00,26900.0,26950.0,26850.0,26900.0,244.0
2026-08-26 10:40:00+09:00,26950.0,26950.0,26900.0,26950.0,101.0
2026-08-26 10:45:00+09:00,26900.0,26950.0,26850.0,26900.0,559.0
2026-08-26 10:50:00+09:00,26950.0,27000.0,26850.0,26950.0,1559.0
2026-08-26 10:55:00+09:00,27000.0,27000.0,26900.0,26950.0,97.0
2026-08-26 11:00:00+09:00,26900.0,26950.0,26850.0,26950.0,304.0
2026-08-26 11:05:00+09:00,26900.0,26950.0,26850.0,26850.0,97.0
2026-08-26 11:10:00+09:00,26900.0,26900.0,26800.0,26900.0,58.0
2026-08-26 11:15:00+09:00,26900.0,26950.0,26850.0,26950.0,682.0
2026-08-26 11:20:00+09:00,26850.0,26950.0,26850.0,26900.0,350.0
2026-08-26 11:25:00+09:00,26950.0,27050.0,26900.0,27000.0,2596.0
2026-08-26 11:30:00+09:00,27000.0,27000.0,26950.0,27000.0,645.0
2026-08-26 11:35:00+09:00,26950.0,27000.0,26950.0,27000.0,681.0
2026-08-26 11:40:00+09:00,27000.0,27050.0,26900.0,27050.0,772.0
2026-08-26 11:45:00+09:00,27000.0,27050.0,26900.0,27000.0,1375.0
2026-08-26 11:50:00+09:00,27050.0,27050.0,26900.0,26900.0,1769.0
2026-08-26 11:55:00+09:00,26850.0,26900.0,26750.0,26850.0,8759.0
2026-08-26 12:00:00+09:00,26850.0,27000.0,26800.0,26900.0,5959.0
2026-08-26 12:05:00+09:00,26950.0,27000.0,26950.0,27000.0,773.0
2026-08-26 12:10:00+09:00,27000.0,27050.0,27000.0,27050.0,677.0
2026-08-26 12:15:00+09:00,27050.0,27050.0,26950.0,26950.0,793.0
2026-08-26 12:20:00+09:00,26950.0,27000.0,26900.0,27000.0,685.0
2026-08-26 12:25:00+09:00,27000.0,27000.0,26950.0,27000.0,521.0
2026-08-26 12:30:00+09:00,27000.0,27000.0,27000.0,27000.0,409.0
2026-08-26 12:35:00+09:00,27000.0,27000.0,26950.0,27000.0,1146.0
2026-08-26 12:40:00+09:00,27050.0,27050.0,26950.0,26950.0,577.0
2026-08-26 12:45:00+09:00,26950.0,26950.0,26900.0,26950.0,337.0
2026-08-26 12:50:00+09:00,26950.0,27000.0,26950.0,27000.0,450.0
2026-08-26 12:55:00+09:00,27000.0,27000.0,26950.0,26950.0,746.0
2026-08-26 13:00:00+09:00,26950.0,27000.0,26950.0,26950.0,375.0
2026-08-26 13:05:00+09:00,27000.0,27000.0,26900.0,26950.0,501.0
2026-08-26 13:10:00+09:00,26950.0,26950.0,26900.0,26950.0,346.0
2026-08-26 13:15:00+09:00,26950.0,27000.0,26900.0,26950.0,518.0
2026-08-26 13:20:00+09:00,26900.0,26950.0,26800.0,26850.0,1140.0
2026-08-26 13:25:00+09:00,26850.0,26850.0,26800.0,26800.0,192.0
2026-08-26 13:30:00+09:00,26800.0,26800.0,26750.0,26800.0,547.0
2026-08-26 13:35:00+09:00,26775.0,26900.0,26775.0,26850.0,655.0
2026-08-26 13:40:00+09:00,26900.0,26900.0,26800.0,26800.0,401.0
2026-08-26 13:45:00+09:00,26800.0,26800.0,26750.0,26800.0,554.0
2026-08-26 13:50:00+09:00,26800.0,26800.0,26700.0,26750.0,576.0
2026-08-26 13:55:00+09:00,26700.0,26750.0,26550.0,26600.0,1588.0
2026-08-26 14:00:00+09:00,26600.0,26800.0,26600.0,26800.0,503.0
2026-08-26 14:05:00+09:00,26800.0,26850.0,26750.0,26800.0,504.0
2026-08-26 14:10:00+09:00,26800.0,26850.0,26750.0,26750.0,641.0
2026-08-26 14:15:00+09:00,26800.0,26800.0,26700.0,26800.0,404.0
2026-08-26 14:20:00+09:00,26750.0,26900.0,26750.0,26800.0,711.0
2026-08-26 14:25:00+09:00,26800.0,26850.0,26750.0,26850.0,356.0
2026-08-26 14:30:00+09:00,26850.0,26850.0,26800.0,26850.0,428.0
2026-08-26 14:35:00+09:00,26800.0,26850.0,26800.0,26850.0,489.0
2026-08-26 14:40:00+09:00,26850.0,26850.0,26750.0,26800.0,439.0
2026-08-26 14:45:00+09:00,26800.0,26850.0,26800.0,26800.0,334.0
2026-08-26 14:50:00+09:00,26800.0,26850.0,26750.0,26800.0,670.0
2026-08-26 14:55:00+09:00,26800.0,26900.0,26800.0,26900.0,505.0
2026-08-27 09:00:00+09:00,26900.0,27050.0,26250.0,26400.0,4634.0
2026-08-27 09:05:00+09:00,26450.0,26650.0,26350.0,26600.0,1660.0
2026-08-27 09:10:00+09:00,26600.0,26650.0,26550.0,26550.0,895.0
2026-08-27 09:15:00+09:00,26600.0,26650.0,26600.0,26650.0,440.0
2026-08-27 09:20:00+09:00,26650.0,26750.0,26600.0,26700.0,428.0
2026-08-27 09:25:00+09:00,26700.0,26800.0,26700.0,26800.0,254.0
2026-08-27 09:30:00+09:00,26750.0,26850.0,26750.0,26800.0,232.0
2026-08-27 09:35:00+09:00,26800.0,26900.0,26750.0,26900.0,793.0
2026-08-27 09:40:00+09:00,26900.0,26900.0,26800.0,26800.0,363.0
2026-08-27 09:45:00+09:00,26800.0,26850.0,26800.0,26850.0,280.0
2026-08-27 09:50:00+09:00,26850.0,26850.0,26750.0,26850.0,262.0
2026-08-27 09:55:00+09:00,26800.0,26850.0,26750.0,26750.0,309.0
2026-08-27 10:00:00+09:00,26750.0,26800.0,26700.0,26750.0,452.0
2026-08-27 10:05:00+09:00,26750.0,26800.0,26700.0,26800.0,418.0
2026-08-27 10:10:00+09:00,26800.0,26850.0,26800.0,26850.0,120.0
2026-08-27 10:15:00+09:00,26850.0,26850.0,26600.0,26600.0,1062.0
2026-08-27 10:20:00+09:00,26600.0,26600.0,26600.0,26600.0,252.0
2026-08-27 10:25:00+09:00,26550.0,26550.0,26500.0,26500.0,646.0
2026-08-27 10:30:00+09:00,26550.0,26550.0,26400.0,26400.0,1115.0
2026-08-27 10:35:00+09:00,26400.0,26400.0,26350.0,26350.0,821.0
2026-08-27 10:40:00+09:00,26400.0,26400.0,26350.0,26400.0,506.0
2026-08-27 10:45:00+09:00,26350.0,26550.0,26350.0,26500.0,1278.0
2026-08-27 10:50:00+09:00,26500.0,26550.0,26500.0,26550.0,172.0
2026-08-27 10:55:00+09:00,26500.0,26550.0,26500.0,26500.0,518.0
2026-08-27 11:00:00+09:00,26550.0,26550.0,26500.0,26500.0,656.0
2026-08-27 11:05:00+09:00,26500.0,26550.0,26400.0,26450.0,767.0
2026-08-27 11:10:00+09:00,26400.0,26550.0,26400.0,26550.0,2206.0
2026-08-27 11:15:00+09:00,26550.0,26550.0,26550.0,26550.0,375.0
2026-08-27 11:20:00+09:00,26550.0,26550.0,26500.0,26550.0,223.0
2026-08-27 11:25:00+09:00,26500.0,26550.0,26500.0,26550.0,288.0
2026-08-27 11:30:00+09:00,26500.0,26550.0,26500.0,26500.0,125.0
2026-08-27 11:35:00+09:00,26550.0,26550.0,26500.0,26500.0,251.0
2026-08-27 11:40:00+09:00,26550.0,26550.0,26450.0,26450.0,715.0
2026-08-27 11:45:00+09:00,26450.0,26550.0,26400.0,26550.0,2714.0
2026-08-27 11:50:00+09:00,26500.0,26550.0,26500.0,26550.0,174.0
2026-08-27 11:55:00+09:00,26550.0,26550.0,26500.0,26550.0,213.0
2026-08-27 12:00:00+09:00,26550.0,26600.0,26500.0,26550.0,1093.0
2026-08-27 12:05:00+09:00,26600.0,26600.0,26550.0,26600.0,349.0
2026-08-27 12:10:00+09:00,26550.0,26600.0,26500.0,26500.0,475.0
2026-08-27 12:15:00+09:00,26500.0,26550.0,26500.0,26550.0,74.0
2026-08-27 12:20:00+09:00,26500.0,26550.0,26500.0,26550.0,113.0
2026-08-27 12:25:00+09:00,26500.0,26550.0,26450.0,26500.0,822.0
2026-08-27 12:30:00+09:00,26500.0,26500.0,26350.0,26350.0,2817.0
2026-08-27 12:40:00+09:00,26350.0,26350.0,26350.0,26350.0,394.0
2026-08-27 12:45:00+09:00,26400.0,26400.0,26350.0,26350.0,172.0
2026-08-27 12:50:00+09:00,26350.0,26400.0,26350.0,26400.0,60.0
2026-08-27 12:55:00+09:00,26350.0,26400.0,26300.0,26350.0,761.0
2026-08-27 13:00:00+09:00,26350.0,26400.0,26350.0,26400.0,451.0
2026-08-27 13:05:00+09:00,26350.0,26350.0,26300.0,26350.0,593.0
2026-08-27 13:10:00+09:00,26400.0,26400.0,26350.0,26400.0,5.0
2026-08-27 13:15:00+09:00,26400.0,26400.0,26400.0,26400.0,289.0
2026-08-27 13:20:00+09:00,26400.0,26400.0,26400.0,26400.0,53.0
2026-08-27 13:25:00+09:00,26400.0,26400.0,26400.0,26400.0,42.0
2026-08-27 13:30:00+09:00,26400.0,26400.0,26400.0,26400.0,159.0
2026-08-27 13:35:00+09:00,26400.0,26400.0,26300.0,26350.0,1353.0
2026-08-27 13:40:00+09:00,26300.0,26350.0,26250.0,26250.0,343.0
2026-08-27 13:45:00+09:00,26275.0,26350.0,26250.0,26250.0,1190.0
2026-08-27 13:50:00+09:00,26300.0,26300.0,26250.0,26300.0,33.0
2026-08-27 13:55:00+09:00,26300.0,26300.0,26300.0,26300.0,17.0
2026-08-27 14:00:00+09:00,26300.0,26300.0,26250.0,26300.0,378.0
2026-08-27 14:05:00+09:00,26300.0,26300.0,26250.0,26300.0,2.0
2026-08-27 14:10:00+09:00,26250.0,26300.0,26250.0,26300.0,675.0
2026-08-27 14:15:00+09:00,26250.0,26300.0,26250.0,26250.0,546.0
2026-08-27 14:20:00+09:00,26250.0,26350.0,26200.0,26350.0,2142.0
2026-08-27 14:25:00+09:00,26300.0,26350.0,26200.0,26350.0,246.0
2026-08-27 14:30:00+09:00,26250.0,26400.0,26250.0,26350.0,269.0
2026-08-27 14:35:00+09:00,26400.0,26400.0,26350.0,26350.0,419.0
2026-08-27 14:40:00+09:00,26400.0,26400.0,26350.0,26400.0,458.0
2026-08-27 14:45:00+09:00,26400.0,26400.0,26350.0,26400.0,508.0
2026-08-27 14:50:00+09:00,26400.0,26400.0,26300.0,26350.0,651.0
2026-08-27 14:55:00+09:00,26350.0,26350.0,26300.0,26300.0,352.0
2026-08-28 09:00:00+09:00,26100.0,26450.0,26100.0,26450.0,3452.0
2026-08-28 09:05:00+09:00,26350.0,26700.0,26350.0,26600.0,1175.0
2026-08-28 09:10:00+09:00,26600.0,26650.0,26500.0,26600.0,478.0
2026-08-28 09:15:00+09:00,26600.0,26650.0,26450.0,26450.0,718.0
2026-08-28 09:20:00+09:00,26550.0,26550.0,26400.0,26500.0,366.0
2026-08-28 09:25:00+09:00,26500.0,26550.0,26350.0,26550.0,1015.0
2026-08-28 09:30:00+09:00,26450.0,26650.0,26450.0,26600.0,1092.0
2026-08-28 09:35:00+09:00,26600.0,26750.0,26550.0,26750.0,1035.0
2026-08-28 09:40:00+09:00,26750.0,26800.0,26550.0,26750.0,1497.0
2026-08-28 09:45:00+09:00,26750.0,26800.0,26650.0,26800.0,357.0
2026-08-28 09:50:00+09:00,26800.0,26800.0,26750.0,26800.0,697.0
2026-08-28 09:55:00+09:00,26800.0,27000.0,26800.0,26900.0,3125.0
2026-08-28 10:00:00+09:00,26950.0,27150.0,26950.0,27000.0,1917.0
2026-08-28 10:05:00+09:00,27000.0,27000.0,26900.0,26950.0,2943.0
2026-08-28 10:10:00+09:00,26950.0,27100.0,26950.0,27100.0,2505.0
2026-08-28 10:15:00+09:00,27100.0,27100.0,27000.0,27050.0,1233.0
2026-08-28 10:20:00+09:00,27100.0,27200.0,27100.0,27150.0,3251.0
2026-08-28 10:25:00+09:00,27150.0,27250.0,27150.0,27200.0,4872.0
2026-08-28 10:30:00+09:00,27200.0,27350.0,27150.0,27325.0,7399.0
2026-08-28 10:35:00+09:00,27325.0,27400.0,27250.0,27300.0,3696.0
2026-08-28 10:40:00+09:00,27300.0,27400.0,27200.0,27400.0,2217.0
2026-08-28 10:45:00+09:00,27400.0,27400.0,27250.0,27400.0,2431.0
2026-08-28 10:50:00+09:00,27400.0,27400.0,27350.0,27400.0,1088.0
2026-08-28 10:55:00+09:00,27350.0,27450.0,27300.0,27450.0,3522.0
2026-08-28 11:00:00+09:00,27450.0,27450.0,27350.0,27450.0,1296.0
2026-08-28 11:05:00+09:00,27450.0,27500.0,27400.0,27450.0,4199.0
2026-08-28 11:10:00+09:00,27450.0,27500.0,27350.0,27500.0,784.0
2026-08-28 11:15:00+09:00,27500.0,27500.0,27350.0,27400.0,1152.0
2026-08-28 11:20:00+09:00,27400.0,27450.0,27350.0,27450.0,933.0
2026-08-28 11:25:00+09:00,27350.0,27450.0,27300.0,27400.0,2554.0
2026-08-28 11:30:00+09:00,27400.0,27400.0,27300.0,27350.0,851.0
2026-08-28 11:35:00+09:00,27400.0,27450.0,27350.0,27450.0,1743.0
2026-08-28 11:40:00+09:00,27450.0,27450.0,27400.0,27400.0,1129.0
2026-08-28 11:45:00+09:00,27400.0,27400.0,27350.0,27350.0,836.0
2026-08-28 11:50:00+09:00,27400.0,27400.0,27350.0,27400.0,817.0
2026-08-28 11:55:00+09:00,27400.0,27450.0,27350.0,27450.0,2445.0
2026-08-28 12:00:00+09:00,27450.0,27450.0,27400.0,27450.0,1273.0
2026-08-28 12:05:00+09:00,27450.0,27550.0,27400.0,27500.0,7840.0
2026-08-28 12:10:00+09:00,27550.0,27550.0,27450.0,27500.0,1764.0
2026-08-28 12:15:00+09:00,27550.0,27550.0,27500.0,27550.0,627.0
2026-08-28 12:20:00+09:00,27550.0,27550.0,27500.0,27550.0,1446.0
2026-08-28 12:25:00+09:00,27550.0,27550.0,27500.0,27500.0,954.0
2026-08-28 12:30:00+09:00,27550.0,27550.0,27500.0,27550.0,812.0
2026-08-28 12:35:00+09:00,27550.0,27550.0,27500.0,27550.0,778.0
2026-08-28 12:40:00+09:00,27550.0,27550.0,27500.0,27500.0,1424.0
2026-08-28 12:45:00+09:00,27500.0,27650.0,27500.0,27600.0,7300.0
2026-08-28 12:50:00+09:00,27650.0,27700.0,27550.0,27700.0,6483.0
2026-08-28 12:55:00+09:00,27700.0,27700.0,27650.0,27700.0,2149.0
2026-08-28 13:00:00+09:00,27650.0,27750.0,27600.0,27650.0,3920.0
2026-08-28 13:05:00+09:00,27700.0,27700.0,27650.0,27700.0,827.0
2026-08-28 13:10:00+09:00,27700.0,27700.0,27650.0,27650.0,1145.0
2026-08-28 13:15:00+09:00,27650.0,27700.0,27600.0,27650.0,935.0
2026-08-28 13:20:00+09:00,27650.0,27700.0,27650.0,27700.0,665.0
2026-08-28 13:25:00+09:00,27700.0,27700.0,27650.0,27700.0,721.0
2026-08-28 13:30:00+09:00,27700.0,27700.0,27650.0,27700.0,612.0
2026-08-28 13:35:00+09:00,27700.0,27800.0,27550.0,27750.0,5374.0
2026-08-28 13:40:00+09:00,27800.0,27800.0,27750.0,27800.0,1122.0
2026-08-28 13:45:00+09:00,27800.0,27850.0,27650.0,27750.0,2552.0
2026-08-28 13:50:00+09:00,27750.0,27900.0,27750.0,27900.0,5061.0
2026-08-28 13:55:00+09:00,27900.0,27900.0,27850.0,27900.0,1213.0
2026-08-28 14:00:00+09:00,27900.0,28050.0,27850.0,28000.0,8420.0
2026-08-28 14:05:00+09:00,28000.0,28050.0,27800.0,27850.0,1324.0
2026-08-28 14:10:00+09:00,27850.0,27850.0,27750.0,27750.0,1086.0
2026-08-28 14:15:00+09:00,27800.0,27850.0,27700.0,27800.0,1973.0
2026-08-28 14:20:00+09:00,27800.0,27900.0,27750.0,27850.0,2110.0
2026-08-28 14:25:00+09:00,27850.0,27950.0,27850.0,27850.0,1378.0
2026-08-28 14:30:00+09:00,27850.0,28000.0,27850.0,27950.0,2922.0
2026-08-28 14:35:00+09:00,27950.0,28000.0,27800.0,27850.0,1792.0
2026-08-28 14:40:00+09:00,27850.0,27900.0,27800.0,27850.0,1143.0
2026-08-28 14:45:00+09:00,27850.0,27900.0,27750.0,27850.0,756.0
2026-08-28 14:50:00+09:00,27900.0,27900.0,27750.0,27850.0,876.0
2026-08-28 14:55:00+09:00,27850.0,27950.0,27850.0,27950.0,2288.0
2026-08-31 09:00:00+09:00,27700.0,28000.0,27300.0,27350.0,0.0
2026-08-31 09:05:00+09:00,27400.0,27450.0,27150.0,27400.0,1892.0
2026-08-31 09:10:00+09:00,27300.0,27550.0,27150.0,27550.0,3760.0
2026-08-31 09:15:00+09:00,27500.0,27850.0,27400.0,27850.0,3865.0
2026-08-31 09:20:00+09:00,27850.0,27850.0,27650.0,27700.0,1190.0
2026-08-31 09:25:00+09:00,27650.0,27850.0,27650.0,27850.0,779.0
2026-08-31 09:30:00+09:00,27850.0,27950.0,27750.0,27800.0,6330.0
2026-08-31 09:35:00+09:00,27800.0,27800.0,27650.0,27700.0,1401.0
2026-08-31 09:40:00+09:00,27700.0,27700.0,27450.0,27650.0,3915.0
2026-08-31 09:45:00+09:00,27650.0,27650.0,27500.0,27600.0,301.0
2026-08-31 09:50:00+09:00,27575.0,27600.0,27500.0,27550.0,753.0
2026-08-31 09:55:00+09:00,27550.0,27700.0,27550.0,27650.0,828.0
2026-08-31 10:00:00+09:00,27650.0,27700.0,27550.0,27700.0,639.0
2026-08-31 10:05:00+09:00,27700.0,27700.0,27600.0,27650.0,1034.0
2026-08-31 10:10:00+09:00,27650.0,27650.0,27250.0,27500.0,4291.0
2026-08-31 10:15:00+09:00,27500.0,27550.0,27400.0,27500.0,812.0
2026-08-31 10:20:00+09:00,27550.0,27550.0,27450.0,27550.0,591.0
2026-08-31 10:25:00+09:00,27500.0,27500.0,27250.0,27400.0,1211.0
2026-08-31 10:30:00+09:00,27400.0,27500.0,27300.0,27350.0,735.0
2026-08-31 10:35:00+09:00,27350.0,27350.0,27200.0,27250.0,863.0
2026-08-31 10:40:00+09:00,27250.0,27300.0,27250.0,27300.0,1023.0
2026-08-31 10:45:00+09:00,27300.0,27350.0,27200.0,27250.0,2242.0
2026-08-31 10:50:00+09:00,27250.0,27350.0,27250.0,27300.0,642.0
2026-08-31 10:55:00+09:00,27250.0,27350.0,27250.0,27300.0,539.0
2026-08-31 11:00:00+09:00,27300.0,27300.0,27200.0,27300.0,1014.0
2026-08-31 11:05:00+09:00,27300.0,27400.0,27300.0,27350.0,564.0
2026-08-31 11:10:00+09:00,27350.0,27400.0,27350.0,27400.0,542.0
2026-08-31 11:15:00+09:00,27450.0,27450.0,27400.0,27450.0,490.0
2026-08-31 11:20:00+09:00,27400.0,27400.0,27350.0,27400.0,191.0
2026-08-31 11:25:00+09:00,27350.0,27400.0,27350.0,27400.0,546.0
2026-08-31 11:30:00+09:00,27400.0,27400.0,27350.0,27350.0,198.0
2026-08-31 11:35:00+09:00,27350.0,27500.0,27350.0,27400.0,846.0
2026-08-31 11:40:00+09:00,27400.0,27450.0,27350.0,27350.0,157.0
2026-08-31 11:45:00+09:00,27400.0,27450.0,27400.0,27450.0,467.0
2026-08-31 11:50:00+09:00,27450.0,27450.0,27400.0,27400.0,522.0
2026-08-31 11:55:00+09:00,27450.0,27500.0,27450.0,27500.0,405.0
2026-08-31 12:00:00+09:00,27450.0,27650.0,27450.0,27500.0,1355.0
2026-08-31 12:05:00+09:00,27550.0,27650.0,27500.0,27550.0,435.0
2026-08-31 12:10:00+09:00,27550.0,27600.0,27500.0,27550.0,798.0
2026-08-31 12:15:00+09:00,27500.0,27500.0,27450.0,27450.0,70.0
2026-08-31 12:20:00+09:00,27450.0,27600.0,27450.0,27600.0,332.0
2026-08-31 12:25:00+09:00,27550.0,27600.0,27500.0,27500.0,824.0
2026-08-31 12:30:00+09:00,27500.0,27500.0,27450.0,27500.0,446.0
2026-08-31 12:35:00+09:00,27450.0,27500.0,27450.0,27450.0,485.0
2026-08-31 12:40:00+09:00,27450.0,27550.0,27450.0,27550.0,215.0
2026-08-31 12:45:00+09:00,27550.0,27600.0,27500.0,27550.0,591.0
2026-08-31 12:50:00+09:00,27550.0,27600.0,27550.0,27600.0,334.0
2026-08-31 12:55:00+09:00,27550.0,27600.0,27550.0,27600.0,106.0
2026-08-31 13:00:00+09:00,27600.0,27600.0,27550.0,27600.0,279.0
2026-08-31 13:05:00+09:00,27550.0,27650.0,27550.0,27550.0,420.0
2026-08-31 13:10:00+09:00,27600.0,27650.0,27550.0,27600.0,279.0
2026-08-31 13:15:00+09:00,27600.0,27600.0,27550.0,27600.0,846.0
2026-08-31 13:20:00+09:00,27600.0,27600.0,27400.0,27450.0,905.0
2026-08-31 13:25:00+09:00,27500.0,27500.0,27450.0,27500.0,149.0
2026-08-31 13:30:00+09:00,27500.0,27500.0,27450.0,27500.0,128.0
2026-08-31 13:35:00+09:00,27500.0,27600.0,27450.0,27550.0,459.0
2026-08-31 13:40:00+09:00,27600.0,27600.0,27450.0,27500.0,747.0
2026-08-31 13:45:00+09:00,27450.0,27500.0,27450.0,27450.0,890.0
2026-08-31 13:50:00+09:00,27450.0,27550.0,27400.0,27450.0,1502.0
2026-08-31 13:55:00+09:00,27450.0,27500.0,27450.0,27500.0,458.0
2026-08-31 14:00:00+09:00,27450.0,27500.0,27400.0,27450.0,505.0
2026-08-31 14:05:00+09:00,27400.0,27400.0,27300.0,27300.0,1471.0
2026-08-31 14:10:00+09:00,27350.0,27350.0,27250.0,27300.0,959.0
2026-08-31 14:15:00+09:00,27350.0,27400.0,27350.0,27350.0,513.0
2026-08-31 14:20:00+09:00,27350.0,27350.0,27350.0,27350.0,70.0
2026-08-31 14:25:00+09:00,27350.0,27350.0,27300.0,27350.0,698.0
2026-08-31 14:30:00+09:00,27350.0,27350.0,27300.0,27300.0,594.0
2026-08-31 14:35:00+09:00,27250.0,27300.0,27250.0,27300.0,158.0
2026-08-31 14:40:00+09:00,27300.0,27350.0,27300.0,27300.0,1364.0
2026-08-31 14:45:00+09:00,27300.0,27300.0,27200.0,27200.0,1144.0
2026-08-31 14:50:00+09:00,27250.0,27250.0,27200.0,27250.0,356.0
2026-08-31 14:55:00+09:00,27250.0,27250.0,27200.0,27250.0,556.0
2026-09-01 09:00:00+09:00,26950.0,27300.0,26900.0,27300.0,2289.0
2026-09-01 09:05:00+09:00,27300.0,27700.0,27150.0,27550.0,3171.0
2026-09-01 09:10:00+09:00,27550.0,27650.0,27400.0,27650.0,949.0
2026-09-01 09:15:00+09:00,27500.0,27650.0,27500.0,27600.0,1506.0
2026-09-01 09:20:00+09:00,27550.0,27550.0,27450.0,27450.0,1380.0
2026-09-01 09:25:00+09:00,27450.0,27450.0,27350.0,27450.0,1541.0
2026-09-01 09:30:00+09:00,27400.0,27400.0,27100.0,27100.0,1675.0
2026-09-01 09:35:00+09:00,27100.0,27400.0,27050.0,27400.0,2267.0
2026-09-01 09:40:00+09:00,27450.0,27450.0,27200.0,27200.0,1732.0
2026-09-01 09:45:00+09:00,27200.0,27250.0,27050.0,27050.0,1356.0
2026-09-01 09:50:00+09:00,27100.0,27100.0,26900.0,26900.0,1269.0
2026-09-01 09:55:00+09:00,26900.0,26950.0,26800.0,26850.0,2170.0
2026-09-01 10:00:00+09:00,26850.0,27000.0,26850.0,26950.0,1566.0
2026-09-01 10:05:00+09:00,27000.0,27000.0,26900.0,26900.0,719.0
2026-09-01 10:10:00+09:00,26950.0,27000.0,26850.0,27000.0,1782.0
2026-09-01 10:15:00+09:00,26850.0,26950.0,26850.0,26950.0,470.0
2026-09-01 10:20:00+09:00,26900.0,26900.0,26750.0,26900.0,10011.0
2026-09-01 10:25:00+09:00,26800.0,27050.0,26800.0,27050.0,614.0
2026-09-01 10:30:00+09:00,27050.0,27100.0,26950.0,27000.0,814.0
2026-09-01 10:35:00+09:00,27000.0,27100.0,27000.0,27100.0,1024.0
2026-09-01 10:40:00+09:00,27100.0,27150.0,27000.0,27100.0,501.0
2026-09-01 10:45:00+09:00,27100.0,27150.0,27050.0,27150.0,1029.0
2026-09-01 10:50:00+09:00,27150.0,27200.0,27100.0,27100.0,783.0
2026-09-01 10:55:00+09:00,27050.0,27150.0,27050.0,27150.0,1304.0
2026-09-01 11:00:00+09:00,27200.0,27250.0,27150.0,27250.0,618.0
2026-09-01 11:05:00+09:00,27250.0,27250.0,27150.0,27250.0,1062.0
2026-09-01 11:10:00+09:00,27250.0,27250.0,27050.0,27150.0,1212.0
2026-09-01 11:15:00+09:00,27050.0,27200.0,27050.0,27150.0,539.0
2026-09-01 11:20:00+09:00,27200.0,27200.0,27100.0,27200.0,818.0
2026-09-01 11:25:00+09:00,27200.0,27250.0,27100.0,27150.0,853.0
2026-09-01 11:30:00+09:00,27150.0,27250.0,27100.0,27250.0,1059.0
2026-09-01 11:35:00+09:00,27100.0,27300.0,27100.0,27300.0,455.0
2026-09-01 11:40:00+09:00,27300.0,27300.0,27150.0,27200.0,914.0
2026-09-01 11:45:00+09:00,27100.0,27400.0,27100.0,27400.0,1323.0
2026-09-01 11:50:00+09:00,27400.0,27500.0,27300.0,27450.0,818.0
2026-09-01 11:55:00+09:00,27350.0,27500.0,27350.0,27500.0,1149.0
2026-09-01 12:00:00+09:00,27500.0,27550.0,27350.0,27400.0,1415.0
2026-09-01 12:05:00+09:00,27400.0,27400.0,27350.0,27400.0,1126.0
2026-09-01 12:10:00+09:00,27400.0,27450.0,27350.0,27400.0,764.0
2026-09-01 12:15:00+09:00,27350.0,27500.0,27300.0,27350.0,1421.0
2026-09-01 12:20:00+09:00,27400.0,27400.0,27300.0,27400.0,829.0
2026-09-01 12:25:00+09:00,27400.0,27400.0,27250.0,27300.0,1121.0
2026-09-01 12:30:00+09:00,27300.0,27350.0,27250.0,27350.0,1191.0
2026-09-01 12:35:00+09:00,27250.0,27400.0,27250.0,27350.0,715.0
2026-09-01 12:40:00+09:00,27350.0,27400.0,27300.0,27300.0,1137.0
2026-09-01 12:45:00+09:00,27300.0,27300.0,27250.0,27300.0,1109.0
2026-09-01 12:50:00+09:00,27300.0,27350.0,27275.0,27350.0,1170.0
2026-09-01 12:55:00+09:00,27350.0,27350.0,27300.0,27350.0,1234.0
2026-09-01 13:00:00+09:00,27250.0,27300.0,27200.0,27200.0,749.0
2026-09-01 13:05:00+09:00,27250.0,27250.0,27200.0,27250.0,1478.0
2026-09-01 13:10:00+09:00,27250.0,27250.0,27200.0,27200.0,728.0
2026-09-01 13:15:00+09:00,27200.0,27200.0,27150.0,27200.0,1002.0
2026-09-01 13:20:00+09:00,27250.0,27300.0,27250.0,27300.0,775.0
2026-09-01 13:25:00+09:00,27300.0,27350.0,27250.0,27350.0,1379.0
2026-09-01 13:30:00+09:00,27250.0,27350.0,27250.0,27350.0,813.0
2026-09-01 13:35:00+09:00,27350.0,27350.0,27300.0,27350.0,1041.0
2026-09-01 13:40:00+09:00,27350.0,27350.0,27250.0,27300.0,848.0
2026-09-01 13:45:00+09:00,27300.0,27300.0,27200.0,27250.0,1013.0
2026-09-01 13:50:00+09:00,27250.0,27250.0,27200.0,27200.0,1256.0
2026-09-01 13:55:00+09:00,27250.0,27250.0,27150.0,27200.0,1235.0
2026-09-01 14:00:00+09:00,27200.0,27250.0,27100.0,27150.0,1927.0
2026-09-01 14:05:00+09:00,27150.0,27250.0,27100.0,27200.0,825.0
2026-09-01 14:10:00+09:00,27100.0,27200.0,27100.0,27200.0,1121.0
2026-09-01 14:15:00+09:00,27200.0,27200.0,27100.0,27150.0,2004.0
2026-09-01 14:20:00+09:00,27150.0,27150.0,27050.0,27100.0,741.0
2026-09-01 14:25:00+09:00,27050.0,27150.0,27050.0,27150.0,763.0
2026-09-01 14:30:00+09:00,27150.0,27200.0,27050.0,27050.0,2362.0
2026-09-01 14:35:00+09:00,27100.0,27150.0,27050.0,27150.0,659.0
2026-09-01 14:40:00+09:00,27150.0,27200.0,27150.0,27200.0,1110.0
2026-09-01 14:45:00+09:00,27200.0,27200.0,27150.0,27200.0,1567.0
2026-09-01 14:50:00+09:00,27150.0,27200.0,27100.0,27100.0,1842.0
2026-09-01 14:55:00+09:00,27100.0,27150.0,27100.0,27150.0,877.0
2026-09-02 09:00:00+09:00,26350.0,26700.0,26150.0,26650.0,3494.0
2026-09-02 09:05:00+09:00,26600.0,26650.0,26450.0,26600.0,1625.0
2026-09-02 09:10:00+09:00,26650.0,26750.0,26550.0,26550.0,1543.0
2026-09-02 09:15:00+09:00,26550.0,26600.0,26450.0,26550.0,1212.0
2026-09-02 09:20:00+09:00,26550.0,26600.0,26350.0,26400.0,1371.0
2026-09-02 09:25:00+09:00,26350.0,26400.0,26300.0,26350.0,1397.0
2026-09-02 09:30:00+09:00,26350.0,26550.0,26300.0,26500.0,1046.0
2026-09-02 09:35:00+09:00,26500.0,26650.0,26450.0,26600.0,957.0
2026-09-02 09:40:00+09:00,26600.0,26700.0,26550.0,26550.0,1195.0
2026-09-02 09:45:00+09:00,26600.0,26750.0,26600.0,26650.0,295.0
2026-09-02 09:50:00+09:00,26650.0,26700.0,26600.0,26600.0,524.0
2026-09-02 09:55:00+09:00,26650.0,26750.0,26600.0,26700.0,1443.0
2026-09-02 10:00:00+09:00,26650.0,26800.0,26650.0,26700.0,776.0
2026-09-02 10:05:00+09:00,26750.0,26900.0,26700.0,26800.0,654.0
2026-09-02 10:10:00+09:00,26850.0,27050.0,26800.0,26950.0,1156.0
2026-09-02 10:15:00+09:00,26950.0,27000.0,26900.0,26950.0,359.0
2026-09-02 10:20:00+09:00,26900.0,26950.0,26900.0,26900.0,158.0
2026-09-02 10:25:00+09:00,26950.0,27000.0,26850.0,26900.0,1558.0
2026-09-02 10:30:00+09:00,26850.0,26900.0,26800.0,26800.0,689.0
2026-09-02 10:35:00+09:00,26800.0,26850.0,26700.0,26700.0,1586.0
2026-09-02 10:40:00+09:00,26700.0,26750.0,26700.0,26700.0,437.0
2026-09-02 10:45:00+09:00,26700.0,26750.0,26550.0,26550.0,2899.0
2026-09-02 10:50:00+09:00,26550.0,26600.0,26450.0,26550.0,1994.0
2026-09-02 10:55:00+09:00,26550.0,26650.0,26550.0,26600.0,1680.0
2026-09-02 11:00:00+09:00,26700.0,26700.0,26550.0,26650.0,368.0
2026-09-02 11:05:00+09:00,26650.0,26700.0,26650.0,26650.0,621.0
2026-09-02 11:10:00+09:00,26650.0,26700.0,26600.0,26650.0,830.0
2026-09-02 11:15:00+09:00,26650.0,26800.0,26650.0,26750.0,826.0
2026-09-02 11:20:00+09:00,26700.0,26800.0,26700.0,26700.0,296.0
2026-09-02 11:25:00+09:00,26750.0,26750.0,26700.0,26700.0,1160.0
2026-09-02 11:30:00+09:00,26700.0,26750.0,26700.0,26700.0,818.0
2026-09-02 11:35:00+09:00,26700.0,26750.0,26700.0,26700.0,786.0
2026-09-02 11:40:00+09:00,26700.0,26750.0,26650.0,26700.0,1423.0
2026-09-02 11:45:00+09:00,26700.0,26750.0,26650.0,26750.0,1059.0
2026-09-02 11:50:00+09:00,26700.0,26750.0,26600.0,26650.0,1493.0
2026-09-02 11:55:00+09:00,26600.0,26700.0,26600.0,26650.0,805.0
2026-09-02 12:00:00+09:00,26600.0,26700.0,26600.0,26650.0,820.0
2026-09-02 12:05:00+09:00,26650.0,26750.0,26600.0,26650.0,719.0
2026-09-02 12:10:00+09:00,26650.0,26750.0,26600.0,26750.0,432.0
2026-09-02 12:15:00+09:00,26700.0,26750.0,26650.0,26700.0,749.0
2026-09-02 12:20:00+09:00,26750.0,26750.0,26700.0,26700.0,319.0
2026-09-02 12:25:00+09:00,26750.0,26750.0,26700.0,26750.0,245.0
2026-09-02 12:30:00+09:00,26700.0,26750.0,26600.0,26650.0,1839.0
2026-09-02 12:35:00+09:00,26700.0,26700.0,26650.0,26650.0,622.0
2026-09-02 12:40:00+09:00,26650.0,26750.0,26650.0,26700.0,773.0
2026-09-02 12:45:00+09:00,26700.0,26750.0,26600.0,26700.0,660.0
2026-09-02 12:50:00+09:00,26700.0,26750.0,26650.0,26750.0,337.0
2026-09-02 12:55:00+09:00,26700.0,26800.0,26700.0,26750.0,1287.0
2026-09-02 13:00:00+09:00,26750.0,26800.0,26700.0,26750.0,521.0
2026-09-02 13:05:00+09:00,26750.0,26750.0,26700.0,26750.0,485.0
2026-09-02 13:10:00+09:00,26700.0,26850.0,26700.0,26800.0,815.0
2026-09-02 13:15:00+09:00,26750.0,26800.0,26750.0,26750.0,317.0
2026-09-02 13:20:00+09:00,26750.0,26800.0,26750.0,26750.0,566.0
2026-09-02 13:25:00+09:00,26800.0,26850.0,26750.0,26750.0,1008.0
2026-09-02 13:30:00+09:00,26800.0,26900.0,26650.0,26700.0,3384.0
2026-09-02 13:35:00+09:00,26650.0,26650.0,26600.0,26600.0,568.0
2026-09-02 13:40:00+09:00,26600.0,26700.0,26500.0,26600.0,843.0
2026-09-02 13:45:00+09:00,26600.0,26750.0,26600.0,26750.0,560.0
2026-09-02 13:50:00+09:00,26750.0,26750.0,26650.0,26750.0,725.0
2026-09-02 13:55:00+09:00,26700.0,26750.0,26650.0,26700.0,713.0
2026-09-02 14:00:00+09:00,26650.0,26700.0,26600.0,26600.0,683.0
2026-09-02 14:05:00+09:00,26600.0,26700.0,26600.0,26600.0,538.0
2026-09-02 14:10:00+09:00,26650.0,26650.0,26600.0,26650.0,657.0
2026-09-02 14:15:00+09:00,26650.0,26700.0,26550.0,26550.0,550.0
2026-09-02 14:20:00+09:00,26600.0,26700.0,26550.0,26600.0,605.0
2026-09-02 14:25:00+09:00,26600.0,26650.0,26550.0,26600.0,440.0
2026-09-02 14:30:00+09:00,26650.0,26750.0,26600.0,26700.0,677.0
2026-09-02 14:35:00+09:00,26650.0,26700.0,26550.0,26700.0,617.0
2026-09-02 14:40:00+09:00,26650.0,26700.0,26600.0,26600.0,485.0
2026-09-02 14:45:00+09:00,26600.0,26650.0,26500.0,26600.0,1441.0
2026-09-02 14:50:00+09:00,26600.0,26650.0,26550.0,26600.0,593.0
2026-09-02 14:55:00+09:00,26550.0,26700.0,26550.0,26650.0,977.0
2026-09-03 09:00:00+09:00,26500.0,26600.0,26450.0,26550.0,915.0
2026-09-03 09:05:00+09:00,26450.0,26450.0,26250.0,26300.0,511.0
2026-09-03 09:10:00+09:00,26200.0,26700.0,26200.0,26550.0,683.0
2026-09-03 09:15:00+09:00,26350.0,26700.0,26350.0,26600.0,1375.0
2026-09-03 09:20:00+09:00,26600.0,26700.0,26450.0,26600.0,693.0
2026-09-03 09:25:00+09:00,26600.0,26950.0,26450.0,26900.0,3102.0
2026-09-03 09:30:00+09:00,26900.0,27100.0,26900.0,26900.0,1158.0
2026-09-03 09:35:00+09:00,26950.0,27100.0,26950.0,27050.0,522.0
2026-09-03 09:40:00+09:00,27050.0,27350.0,27000.0,27250.0,4280.0
2026-09-03 09:45:00+09:00,27250.0,27300.0,27150.0,27150.0,618.0
2026-09-03 09:50:00+09:00,27150.0,27250.0,27150.0,27150.0,769.0
2026-09-03 09:55:00+09:00,27100.0,27150.0,27000.0,27050.0,1349.0
2026-09-03 10:00:00+09:00,27050.0,27050.0,26900.0,26900.0,787.0
2026-09-03 10:05:00+09:00,26900.0,26950.0,26900.0,26900.0,181.0
2026-09-03 10:10:00+09:00,26900.0,26950.0,26900.0,26950.0,225.0
2026-09-03 10:15:00+09:00,26950.0,27050.0,26950.0,26950.0,944.0
2026-09-03 10:20:00+09:00,26950.0,27000.0,26800.0,26850.0,784.0
2026-09-03 10:25:00+09:00,26850.0,26850.0,26750.0,26850.0,218.0
2026-09-03 10:30:00+09:00,26850.0,26900.0,26700.0,26750.0,416.0
2026-09-03 10:35:00+09:00,26750.0,26800.0,26650.0,26650.0,576.0
2026-09-03 10:40:00+09:00,26650.0,26700.0,26600.0,26650.0,358.0
2026-09-03 10:45:00+09:00,26600.0,26600.0,26500.0,26500.0,596.0
2026-09-03 10:50:00+09:00,26550.0,26600.0,26250.0,26550.0,1539.0
2026-09-03 10:55:00+09:00,26500.0,26650.0,26500.0,26600.0,331.0
2026-09-03 11:00:00+09:00,26600.0,26700.0,26600.0,26650.0,262.0
2026-09-03 11:05:00+09:00,26600.0,26700.0,26600.0,26700.0,397.0
2026-09-03 11:10:00+09:00,26700.0,26750.0,26450.0,26450.0,448.0
2026-09-03 11:15:00+09:00,26700.0,26700.0,26700.0,26700.0,26.0
2026-09-03 11:20:00+09:00,26700.0,26700.0,26600.0,26600.0,421.0
2026-09-03 11:25:00+09:00,26650.0,26650.0,26550.0,26650.0,398.0
2026-09-03 11:30:00+09:00,26650.0,26750.0,26650.0,26750.0,469.0
2026-09-03 11:35:00+09:00,26750.0,26800.0,26750.0,26800.0,305.0
2026-09-03 11:40:00+09:00,26800.0,26800.0,26750.0,26800.0,196.0
2026-09-03 11:45:00+09:00,26800.0,26850.0,26800.0,26800.0,163.0
2026-09-03 11:50:00+09:00,26800.0,26850.0,26650.0,26700.0,672.0
2026-09-03 11:55:00+09:00,26650.0,26700.0,26650.0,26700.0,62.0
2026-09-03 12:00:00+09:00,26700.0,26700.0,26650.0,26700.0,417.0
2026-09-03 12:05:00+09:00,26700.0,26750.0,26700.0,26700.0,501.0
2026-09-03 12:10:00+09:00,26700.0,26750.0,26650.0,26750.0,185.0
2026-09-03 12:15:00+09:00,26750.0,26800.0,26700.0,26750.0,362.0
2026-09-03 12:20:00+09:00,26750.0,26750.0,26700.0,26750.0,252.0
2026-09-03 12:25:00+09:00,26700.0,26750.0,26600.0,26650.0,828.0
2026-09-03 12:30:00+09:00,26650.0,26650.0,26550.0,26550.0,170.0
2026-09-03 12:35:00+09:00,26600.0,26700.0,26550.0,26700.0,209.0
2026-09-03 12:40:00+09:00,26650.0,26700.0,26650.0,26700.0,19.0
2026-09-03 12:45:00+09:00,26650.0,26700.0,26650.0,26700.0,139.0
2026-09-03 12:50:00+09:00,26700.0,26700.0,26550.0,26550.0,506.0
2026-09-03 12:55:00+09:00,26550.0,26600.0,26550.0,26600.0,118.0
2026-09-03 13:00:00+09:00,26600.0,26600.0,26500.0,26500.0,765.0
2026-09-03 13:05:00+09:00,26500.0,26550.0,26500.0,26550.0,161.0
2026-09-03 13:10:00+09:00,26500.0,26550.0,26500.0,26550.0,24.0
2026-09-03 13:15:00+09:00,26550.0,26550.0,26500.0,26550.0,134.0
2026-09-03 13:20:00+09:00,26500.0,26550.0,26500.0,26500.0,132.0
2026-09-03 13:25:00+09:00,26500.0,26500.0,26400.0,26400.0,538.0
2026-09-03 13:30:00+09:00,26400.0,26450.0,26400.0,26450.0,24.0
2026-09-03 13:35:00+09:00,26450.0,26450.0,26450.0,26450.0,43.0
2026-09-03 13:40:00+09:00,26450.0,26450.0,26400.0,26450.0,221.0
2026-09-03 13:45:00+09:00,26450.0,26450.0,26400.0,26450.0,69.0
2026-09-03 13:50:00+09:00,26450.0,26450.0,26400.0,26450.0,339.0
2026-09-03 13:55:00+09:00,26400.0,26450.0,26350.0,26400.0,1210.0
2026-09-03 14:00:00+09:00,26400.0,26400.0,26350.0,26400.0,1336.0
2026-09-03 14:05:00+09:00,26400.0,26400.0,26250.0,26300.0,1177.0
2026-09-03 14:10:00+09:00,26250.0,26300.0,26250.0,26300.0,772.0
2026-09-03 14:15:00+09:00,26250.0,26250.0,26050.0,26100.0,2806.0
2026-09-03 14:20:00+09:00,26050.0,26100.0,25850.0,25950.0,4165.0
2026-09-03 14:25:00+09:00,26000.0,26050.0,25900.0,26050.0,2602.0
2026-09-03 14:30:00+09:00,26050.0,26050.0,26000.0,26000.0,322.0
2026-09-03 14:35:00+09:00,26000.0,26200.0,26000.0,26200.0,1554.0
2026-09-03 14:40:00+09:00,26150.0,26250.0,26150.0,26200.0,846.0
2026-09-03 14:45:00+09:00,26200.0,26300.0,26200.0,26300.0,1370.0
2026-09-03 14:50:00+09:00,26300.0,26400.0,26300.0,26400.0,1386.0
2026-09-03 14:55:00+09:00,26350.0,26400.0,26300.0,26300.0,819.0
2026-09-04 09:00:00+09:00,26400.0,26400.0,26000.0,26250.0,3258.0
2026-09-04 09:05:00+09:00,26250.0,26400.0,26250.0,26300.0,1000.0
2026-09-04 09:10:00+09:00,26375.0,26400.0,26200.0,26350.0,2596.0
2026-09-04 09:15:00+09:00,26350.0,26450.0,26300.0,26450.0,1411.0
2026-09-04 09:20:00+09:00,26450.0,26500.0,26300.0,26300.0,2513.0
2026-09-04 09:25:00+09:00,26300.0,26450.0,26250.0,26300.0,565.0
2026-09-04 09:30:00+09:00,26350.0,26350.0,26100.0,26200.0,1472.0
2026-09-04 09:35:00+09:00,26150.0,26200.0,26100.0,26200.0,329.0
2026-09-04 09:40:00+09:00,26150.0,26200.0,26000.0,26000.0,1562.0
2026-09-04 09:45:00+09:00,26000.0,26075.0,25950.0,26000.0,2888.0
2026-09-04 09:50:00+09:00,26100.0,26100.0,26050.0,26050.0,157.0
2026-09-04 09:55:00+09:00,26050.0,26100.0,26050.0,26050.0,191.0
2026-09-04 10:00:00+09:00,26100.0,26150.0,26050.0,26050.0,1293.0
2026-09-04 10:05:00+09:00,26050.0,26100.0,25900.0,26050.0,4367.0
2026-09-04 10:10:00+09:00,26000.0,26050.0,25850.0,26050.0,2585.0
2026-09-04 10:15:00+09:00,26050.0,26150.0,25950.0,26050.0,1203.0
2026-09-04 10:20:00+09:00,26050.0,26050.0,25950.0,26000.0,668.0
2026-09-04 10:25:00+09:00,25950.0,26000.0,25900.0,25900.0,900.0
2026-09-04 10:30:00+09:00,25900.0,26000.0,25850.0,25950.0,2202.0
2026-09-04 10:35:00+09:00,25950.0,26000.0,25900.0,26000.0,294.0
2026-09-04 10:40:00+09:00,25950.0,26100.0,25950.0,26100.0,1294.0
2026-09-04 10:45:00+09:00,26100.0,26200.0,26100.0,26200.0,937.0
2026-09-04 10:50:00+09:00,26200.0,26250.0,26200.0,26200.0,922.0
2026-09-04 10:55:00+09:00,26200.0,26250.0,26200.0,26250.0,392.0
2026-09-04 11:00:00+09:00,26200.0,26250.0,26150.0,26200.0,994.0
2026-09-04 11:05:00+09:00,26200.0,26250.0,26150.0,26150.0,634.0
2026-09-04 11:10:00+09:00,26200.0,26250.0,26150.0,26200.0,416.0
2026-09-04 11:15:00+09:00,26200.0,26250.0,26150.0,26250.0,480.0
2026-09-04 11:20:00+09:00,26200.0,26250.0,26200.0,26250.0,545.0
2026-09-04 11:25:00+09:00,26200.0,26200.0,26150.0,26150.0,349.0
2026-09-04 11:30:00+09:00,26150.0,26300.0,26150.0,26200.0,1116.0
2026-09-04 11:35:00+09:00,26200.0,26200.0,26150.0,26200.0,576.0
2026-09-04 11:40:00+09:00,26200.0,26250.0,26150.0,26250.0,492.0
2026-09-04 11:45:00+09:00,26200.0,26350.0,26150.0,26350.0,2163.0
2026-09-04 11:50:00+09:00,26300.0,26400.0,26250.0,26400.0,1709.0
2026-09-04 11:55:00+09:00,26350.0,26350.0,26250.0,26300.0,662.0
2026-09-04 12:00:00+09:00,26350.0,26350.0,26250.0,26300.0,347.0
2026-09-04 12:05:00+09:00,26300.0,26350.0,26250.0,26300.0,443.0
2026-09-04 12:10:00+09:00,26350.0,26350.0,26150.0,26150.0,985.0
2026-09-04 12:15:00+09:00,26150.0,26250.0,26150.0,26200.0,828.0
2026-09-04 12:20:00+09:00,26200.0,26250.0,26200.0,26250.0,387.0
2026-09-04 12:25:00+09:00,26200.0,26250.0,26200.0,26250.0,529.0
2026-09-04 12:30:00+09:00,26250.0,26300.0,26250.0,26250.0,205.0
2026-09-04 12:35:00+09:00,26250.0,26250.0,26200.0,26200.0,1317.0
2026-09-04 12:40:00+09:00,26200.0,26200.0,26150.0,26150.0,291.0
2026-09-04 12:45:00+09:00,26150.0,26250.0,26150.0,26250.0,2013.0
2026-09-04 12:50:00+09:00,26250.0,26300.0,26250.0,26300.0,1096.0
2026-09-04 12:55:00+09:00,26300.0,26350.0,26250.0,26350.0,1250.0
2026-09-04 13:00:00+09:00,26400.0,26400.0,26300.0,26300.0,194.0
2026-09-04 13:05:00+09:00,26300.0,26400.0,26250.0,26350.0,1080.0
2026-09-04 13:10:00+09:00,26350.0,26400.0,26250.0,26250.0,579.0
2026-09-04 13:15:00+09:00,26300.0,26300.0,26250.0,26300.0,180.0
2026-09-04 13:20:00+09:00,26300.0,26350.0,26250.0,26350.0,979.0
2026-09-04 13:25:00+09:00,26300.0,26350.0,26250.0,26350.0,529.0
2026-09-04 13:30:00+09:00,26350.0,26350.0,26250.0,26250.0,411.0
2026-09-04 13:35:00+09:00,26250.0,26300.0,26250.0,26300.0,394.0
2026-09-04 13:40:00+09:00,26300.0,26350.0,26250.0,26300.0,414.0
2026-09-04 13:45:00+09:00,26300.0,26350.0,26300.0,26300.0,402.0
2026-09-04 13:50:00+09:00,26300.0,26300.0,26250.0,26300.0,627.0
2026-09-04 13:55:00+09:00,26300.0,26350.0,26250.0,26250.0,957.0
2026-09-04 14:00:00+09:00,26300.0,26300.0,26200.0,26200.0,908.0
2026-09-04 14:05:00+09:00,26250.0,26300.0,26200.0,26250.0,1299.0
2026-09-04 14:10:00+09:00,26250.0,26300.0,26200.0,26250.0,460.0
2026-09-04 14:15:00+09:00,26200.0,26350.0,26200.0,26300.0,734.0
2026-09-04 14:20:00+09:00,26300.0,26350.0,26300.0,26350.0,723.0
2026-09-04 14:25:00+09:00,26350.0,26400.0,26300.0,26400.0,837.0
2026-09-04 14:30:00+09:00,26400.0,26400.0,26300.0,26400.0,850.0
2026-09-04 14:35:00+09:00,26400.0,26400.0,26300.0,26400.0,833.0
2026-09-04 14:40:00+09:00,26400.0,26400.0,26350.0,26400.0,772.0
2026-09-04 14:45:00+09:00,26400.0,26450.0,26350.0,26400.0,1072.0
2026-09-04 14:50:00+09:00,26400.0,26400.0,26350.0,26400.0,668.0
2026-09-04 14:55:00+09:00,26400.0,26400.0,26250.0,26350.0,2097.0
2026-09-07 09:00:00+09:00,26450.0,26450.0,26200.0,26300.0,0.0
2026-09-07 09:05:00+09:00,26300.0,26450.0,26150.0,26200.0,1015.0
2026-09-07 09:10:00+09:00,26200.0,26250.0,26050.0,26050.0,2224.0
2026-09-07 09:15:00+09:00,26000.0,26150.0,25950.0,26050.0,2027.0
2026-09-07 09:20:00+09:00,26050.0,26100.0,25950.0,26000.0,791.0
2026-09-07 09:25:00+09:00,26000.0,26100.0,25950.0,26050.0,1293.0
2026-09-07 09:30:00+09:00,26050.0,26100.0,26050.0,26100.0,297.0
2026-09-07 09:35:00+09:00,26100.0,26100.0,26050.0,26050.0,278.0
2026-09-07 09:40:00+09:00,26050.0,26050.0,26000.0,26000.0,142.0
2026-09-07 09:45:00+09:00,26050.0,26100.0,25950.0,26100.0,2399.0
2026-09-07 09:50:00+09:00,26150.0,26150.0,26000.0,26100.0,80.0
2026-09-07 09:55:00+09:00,26000.0,26050.0,26000.0,26000.0,415.0
2026-09-07 10:00:00+09:00,26050.0,26250.0,26050.0,26250.0,936.0
2026-09-07 10:05:00+09:00,26250.0,26300.0,26200.0,26250.0,249.0
2026-09-07 10:10:00+09:00,26300.0,26300.0,26200.0,26250.0,548.0
2026-09-07 10:15:00+09:00,26250.0,26350.0,26250.0,26300.0,249.0
2026-09-07 10:20:00+09:00,26300.0,26300.0,26150.0,26150.0,860.0
2026-09-07 10:25:00+09:00,26200.0,26250.0,26150.0,26200.0,782.0
2026-09-07 10:30:00+09:00,26200.0,26200.0,26150.0,26150.0,74.0
2026-09-07 10:35:00+09:00,26200.0,26250.0,26150.0,26250.0,612.0
2026-09-07 10:40:00+09:00,26250.0,26250.0,26150.0,26200.0,395.0
2026-09-07 10:45:00+09:00,26150.0,26200.0,26150.0,26150.0,243.0
2026-09-07 10:50:00+09:00,26200.0,26200.0,26150.0,26200.0,308.0
2026-09-07 10:55:00+09:00,26150.0,26250.0,26150.0,26200.0,641.0
2026-09-07 11:00:00+09:00,26250.0,26250.0,26150.0,26200.0,223.0
2026-09-07 11:05:00+09:00,26200.0,26200.0,26150.0,26200.0,253.0
2026-09-07 11:10:00+09:00,26200.0,26200.0,26150.0,26200.0,375.0
2026-09-07 11:15:00+09:00,26250.0,26250.0,26250.0,26250.0,324.0
2026-09-07 11:20:00+09:00,26250.0,26250.0,26200.0,26200.0,336.0
2026-09-07 11:25:00+09:00,26250.0,26350.0,26250.0,26350.0,508.0
2026-09-07 11:30:00+09:00,26350.0,26350.0,26300.0,26350.0,367.0
2026-09-07 11:35:00+09:00,26350.0,26350.0,26250.0,26250.0,222.0
2026-09-07 11:40:00+09:00,26250.0,26300.0,26250.0,26300.0,373.0
2026-09-07 11:45:00+09:00,26200.0,26350.0,26200.0,26250.0,922.0
2026-09-07 11:50:00+09:00,26250.0,26250.0,26250.0,26250.0,423.0
2026-09-07 11:55:00+09:00,26200.0,26250.0,26150.0,26200.0,481.0
2026-09-07 12:00:00+09:00,26150.0,26200.0,26150.0,26200.0,70.0
2026-09-07 12:05:00+09:00,26200.0,26200.0,26200.0,26200.0,221.0
2026-09-07 12:10:00+09:00,26200.0,26200.0,26150.0,26150.0,248.0
2026-09-07 12:15:00+09:00,26200.0,26200.0,26200.0,26200.0,239.0
2026-09-07 12:20:00+09:00,26200.0,26250.0,26200.0,26250.0,487.0
2026-09-07 12:25:00+09:00,26250.0,26250.0,26250.0,26250.0,160.0
2026-09-07 12:30:00+09:00,26200.0,26350.0,26200.0,26350.0,221.0
2026-09-07 12:35:00+09:00,26350.0,26350.0,26300.0,26300.0,170.0
2026-09-07 12:40:00+09:00,26300.0,26350.0,26300.0,26350.0,409.0
2026-09-07 12:45:00+09:00,26350.0,26350.0,26250.0,26300.0,302.0
2026-09-07 12:50:00+09:00,26300.0,26300.0,26300.0,26300.0,203.0
2026-09-07 12:55:00+09:00,26300.0,26300.0,26250.0,26300.0,411.0
2026-09-07 13:00:00+09:00,26300.0,26300.0,26100.0,26150.0,1480.0
2026-09-07 13:05:00+09:00,26150.0,26200.0,26150.0,26200.0,57.0
2026-09-07 13:10:00+09:00,26200.0,26200.0,26150.0,26200.0,1370.0
2026-09-07 13:15:00+09:00,26250.0,26250.0,26250.0,26250.0,157.0
2026-09-07 13:20:00+09:00,26250.0,26250.0,26200.0,26200.0,404.0
2026-09-07 13:25:00+09:00,26200.0,26250.0,26200.0,26250.0,405.0
2026-09-07 13:30:00+09:00,26250.0,26300.0,26200.0,26250.0,446.0
2026-09-07 13:35:00+09:00,26250.0,26300.0,26250.0,26300.0,631.0
2026-09-07 13:40:00+09:00,26300.0,26300.0,26250.0,26300.0,933.0
2026-09-07 13:45:00+09:00,26200.0,26300.0,26200.0,26300.0,355.0
2026-09-07 13:50:00+09:00,26250.0,26300.0,26150.0,26200.0,1264.0
2026-09-07 13:55:00+09:00,26200.0,26250.0,26150.0,26250.0,619.0
2026-09-07 14:00:00+09:00,26250.0,26250.0,26250.0,26250.0,92.0
2026-09-07 14:05:00+09:00,26200.0,26250.0,26200.0,26250.0,422.0
2026-09-07 14:10:00+09:00,26200.0,26250.0,26200.0,26200.0,256.0
2026-09-07 14:15:00+09:00,26250.0,26250.0,26200.0,26250.0,296.0
2026-09-07 14:20:00+09:00,26250.0,26300.0,26250.0,26300.0,435.0
2026-09-07 14:25:00+09:00,26300.0,26300.0,26300.0,26300.0,657.0
2026-09-07 14:30:00+09:00,26350.0,26350.0,26300.0,26350.0,140.0
2026-09-07 14:35:00+09:00,26350.0,26400.0,26350.0,26350.0,1257.0
2026-09-07 14:40:00+09:00,26350.0,26400.0,26350.0,26350.0,493.0
2026-09-07 14:45:00+09:00,26400.0,26400.0,26300.0,26350.0,376.0
2026-09-07 14:50:00+09:00,26350.0,26450.0,26300.0,26450.0,2146.0
2026-09-07 14:55:00+09:00,26450.0,26500.0,26400.0,26450.0,2530.0
2026-09-08 09:00:00+09:00,26650.0,26800.0,26550.0,26600.0,1407.0
2026-09-08 09:05:00+09:00,26650.0,26700.0,26500.0,26500.0,1733.0
2026-09-08 09:10:00+09:00,26500.0,26500.0,26300.0,26350.0,1656.0
2026-09-08 09:15:00+09:00,26350.0,26350.0,26100.0,26150.0,5825.0
2026-09-08 09:20:00+09:00,26100.0,26200.0,26050.0,26150.0,928.0
2026-09-08 09:25:00+09:00,26150.0,26200.0,26050.0,26050.0,1129.0
2026-09-08 09:30:00+09:00,26150.0,26150.0,26050.0,26100.0,303.0
2026-09-08 09:35:00+09:00,26100.0,26200.0,26050.0,26100.0,4567.0
2026-09-08 09:40:00+09:00,26150.0,26250.0,26100.0,26100.0,1236.0
2026-09-08 09:45:00+09:00,26100.0,26250.0,26050.0,26100.0,514.0
2026-09-08 09:50:00+09:00,26100.0,26200.0,26100.0,26100.0,221.0
2026-09-08 09:55:00+09:00,26150.0,26150.0,26000.0,26050.0,1434.0
2026-09-08 10:00:00+09:00,26050.0,26100.0,26000.0,26100.0,695.0
2026-09-08 10:05:00+09:00,26050.0,26100.0,25900.0,26050.0,2436.0
2026-09-08 10:10:00+09:00,26050.0,26050.0,26000.0,26000.0,60.0
2026-09-08 10:15:00+09:00,26000.0,26100.0,26000.0,26050.0,448.0
2026-09-08 10:20:00+09:00,26050.0,26100.0,26050.0,26100.0,108.0
2026-09-08 10:25:00+09:00,26050.0,26100.0,26050.0,26050.0,178.0
2026-09-08 10:30:00+09:00,26100.0,26100.0,26050.0,26100.0,150.0
2026-09-08 10:35:00+09:00,26050.0,26150.0,26050.0,26150.0,275.0
2026-09-08 10:40:00+09:00,26150.0,26150.0,26050.0,26100.0,262.0
2026-09-08 10:45:00+09:00,26050.0,26050.0,25950.0,26050.0,961.0
2026-09-08 10:50:00+09:00,26050.0,26050.0,26000.0,26050.0,271.0
2026-09-08 10:55:00+09:00,26000.0,26100.0,26000.0,26100.0,657.0
2026-09-08 11:00:00+09:00,26100.0,26100.0,26050.0,26100.0,827.0
2026-09-08 11:05:00+09:00,26100.0,26100.0,26050.0,26100.0,183.0
2026-09-08 11:10:00+09:00,26050.0,26100.0,26050.0,26050.0,556.0
2026-09-08 11:15:00+09:00,26050.0,26100.0,26050.0,26050.0,174.0
2026-09-08 11:20:00+09:00,26100.0,26100.0,26050.0,26100.0,261.0
2026-09-08 11:25:00+09:00,26050.0,26100.0,26050.0,26100.0,94.0
2026-09-08 11:30:00+09:00,26050.0,26100.0,26050.0,26100.0,244.0
2026-09-08 11:35:00+09:00,26100.0,26150.0,26050.0,26050.0,1407.0
2026-09-08 11:40:00+09:00,26000.0,26050.0,26000.0,26050.0,739.0
2026-09-08 11:45:00+09:00,26050.0,26150.0,26050.0,26150.0,551.0
2026-09-08 11:50:00+09:00,26100.0,26150.0,26100.0,26150.0,139.0
2026-09-08 11:55:00+09:00,26150.0,26150.0,26100.0,26150.0,167.0
2026-09-08 12:00:00+09:00,26100.0,26250.0,26100.0,26200.0,860.0
2026-09-08 12:05:00+09:00,26200.0,26200.0,26150.0,26200.0,360.0
2026-09-08 12:10:00+09:00,26200.0,26200.0,26150.0,26200.0,120.0
2026-09-08 12:15:00+09:00,26200.0,26200.0,26150.0,26200.0,502.0
2026-09-08 12:20:00+09:00,26150.0,26150.0,26050.0,26050.0,512.0
2026-09-08 12:25:00+09:00,26100.0,26100.0,26050.0,26050.0,312.0
2026-09-08 12:30:00+09:00,26050.0,26100.0,26050.0,26100.0,337.0
2026-09-08 12:35:00+09:00,26050.0,26150.0,26050.0,26150.0,600.0
2026-09-08 12:40:00+09:00,26150.0,26150.0,26100.0,26100.0,160.0
2026-09-08 12:45:00+09:00,26100.0,26150.0,26100.0,26150.0,76.0
2026-09-08 12:50:00+09:00,26100.0,26150.0,26100.0,26150.0,82.0
2026-09-08 12:55:00+09:00,26150.0,26150.0,26100.0,26150.0,129.0
2026-09-08 13:00:00+09:00,26150.0,26150.0,26100.0,26100.0,215.0
2026-09-08 13:05:00+09:00,26100.0,26200.0,26100.0,26150.0,1063.0
2026-09-08 13:10:00+09:00,26150.0,26150.0,26100.0,26150.0,114.0
2026-09-08 13:15:00+09:00,26100.0,26150.0,26100.0,26150.0,114.0
2026-09-08 13:20:00+09:00,26150.0,26150.0,26100.0,26100.0,72.0
2026-09-08 13:25:00+09:00,26150.0,26150.0,26100.0,26150.0,158.0
2026-09-08 13:30:00+09:00,26150.0,26150.0,26050.0,26050.0,528.0
2026-09-08 13:35:00+09:00,26100.0,26250.0,26050.0,26200.0,2450.0
2026-09-08 13:40:00+09:00,26250.0,26250.0,26200.0,26250.0,474.0
2026-09-08 13:45:00+09:00,26250.0,26300.0,26250.0,26250.0,409.0
2026-09-08 13:50:00+09:00,26300.0,26300.0,26200.0,26250.0,887.0
2026-09-08 13:55:00+09:00,26250.0,26300.0,26150.0,26200.0,1092.0
2026-09-08 14:00:00+09:00,26150.0,26300.0,26150.0,26250.0,1152.0
2026-09-08 14:05:00+09:00,26250.0,26300.0,26200.0,26300.0,1457.0
2026-09-08 14:10:00+09:00,26250.0,26300.0,26250.0,26300.0,514.0
2026-09-08 14:15:00+09:00,26250.0,26300.0,26250.0,26300.0,751.0
2026-09-08 14:20:00+09:00,26300.0,26300.0,26250.0,26300.0,714.0
2026-09-08 14:25:00+09:00,26300.0,26300.0,26250.0,26300.0,740.0
2026-09-08 14:30:00+09:00,26300.0,26300.0,26250.0,26300.0,762.0
2026-09-08 14:35:00+09:00,26300.0,26300.0,26200.0,26250.0,963.0
2026-09-08 14:40:00+09:00,26250.0,26300.0,26200.0,26300.0,681.0
2026-09-08 14:45:00+09:00,26300.0,26300.0,26250.0,26300.0,566.0
2026-09-08 14:50:00+09:00,26250.0,26300.0,26200.0,26200.0,717.0
2026-09-08 14:55:00+09:00,26200.0,26250.0,26200.0,26250.0,834.0
2026-09-09 09:00:00+09:00,25900.0,26100.0,25800.0,26000.0,1858.0
2026-09-09 09:05:00+09:00,26000.0,26000.0,25800.0,25850.0,1296.0
2026-09-09 09:10:00+09:00,25800.0,25850.0,25750.0,25850.0,734.0
2026-09-09 09:15:00+09:00,25850.0,25850.0,25650.0,25700.0,1179.0
2026-09-09 09:20:00+09:00,25700.0,25700.0,25450.0,25600.0,3388.0
2026-09-09 09:25:00+09:00,25600.0,25650.0,25550.0,25650.0,641.0
2026-09-09 09:30:00+09:00,25650.0,25750.0,25650.0,25750.0,1785.0
2026-09-09 09:35:00+09:00,25750.0,25750.0,25700.0,25700.0,420.0
2026-09-09 09:40:00+09:00,25650.0,25700.0,25600.0,25600.0,1268.0
2026-09-09 09:45:00+09:00,25650.0,25650.0,25600.0,25600.0,1646.0
2026-09-09 09:50:00+09:00,25600.0,25650.0,25550.0,25550.0,1982.0
2026-09-09 09:55:00+09:00,25600.0,25600.0,25550.0,25600.0,529.0
2026-09-09 10:00:00+09:00,25500.0,25550.0,25400.0,25400.0,2593.0
2026-09-09 10:05:00+09:00,25400.0,25450.0,25300.0,25350.0,2670.0
2026-09-09 10:10:00+09:00,25350.0,25350.0,25250.0,25300.0,5844.0
2026-09-09 10:15:00+09:00,25300.0,25350.0,25250.0,25350.0,3224.0
2026-09-09 10:20:00+09:00,25350.0,25400.0,25300.0,25350.0,215.0
2026-09-09 10:25:00+09:00,25400.0,25400.0,25350.0,25400.0,592.0
2026-09-09 10:30:00+09:00,25350.0,25400.0,25350.0,25350.0,692.0
2026-09-09 10:35:00+09:00,25350.0,25400.0,25350.0,25400.0,796.0
2026-09-09 10:40:00+09:00,25400.0,25450.0,25350.0,25400.0,2606.0
2026-09-09 10:45:00+09:00,25400.0,25450.0,25350.0,25400.0,376.0
2026-09-09 10:50:00+09:00,25400.0,25400.0,25350.0,25400.0,164.0
2026-09-09 10:55:00+09:00,25350.0,25400.0,25300.0,25350.0,4770.0
2026-09-09 11:00:00+09:00,25400.0,25400.0,25350.0,25400.0,177.0
2026-09-09 11:05:00+09:00,25400.0,25500.0,25350.0,25400.0,2755.0
2026-09-09 11:10:00+09:00,25400.0,25400.0,25400.0,25400.0,726.0
2026-09-09 11:15:00+09:00,25350.0,25400.0,25300.0,25350.0,2471.0
2026-09-09 11:20:00+09:00,25300.0,25350.0,25300.0,25350.0,1290.0
2026-09-09 11:25:00+09:00,25300.0,25350.0,25300.0,25350.0,54.0
2026-09-09 11:30:00+09:00,25350.0,25350.0,25300.0,25300.0,257.0
2026-09-09 11:35:00+09:00,25350.0,25350.0,25350.0,25350.0,361.0
2026-09-09 11:40:00+09:00,25350.0,25450.0,25300.0,25450.0,5036.0
2026-09-09 11:45:00+09:00,25350.0,25450.0,25350.0,25400.0,205.0
2026-09-09 11:50:00+09:00,25400.0,25450.0,25400.0,25450.0,606.0
2026-09-09 11:55:00+09:00,25350.0,25450.0,25350.0,25400.0,287.0
2026-09-09 12:00:00+09:00,25400.0,25450.0,25400.0,25400.0,27.0
2026-09-09 12:05:00+09:00,25350.0,25350.0,25350.0,25350.0,146.0
2026-09-09 12:10:00+09:00,25350.0,25400.0,25350.0,25400.0,10.0
2026-09-09 12:15:00+09:00,25350.0,25400.0,25350.0,25400.0,2359.0
2026-09-09 12:20:00+09:00,25400.0,25400.0,25350.0,25350.0,70.0
2026-09-09 12:25:00+09:00,25350.0,25450.0,25350.0,25400.0,653.0
2026-09-09 12:30:00+09:00,25400.0,25400.0,25300.0,25400.0,714.0
2026-09-09 12:35:00+09:00,25400.0,25400.0,25400.0,25400.0,274.0
2026-09-09 12:40:00+09:00,25400.0,25400.0,25300.0,25350.0,2413.0
2026-09-09 12:45:00+09:00,25350.0,25400.0,25350.0,25400.0,472.0
2026-09-09 12:50:00+09:00,25350.0,25400.0,25350.0,25350.0,595.0
2026-09-09 12:55:00+09:00,25350.0,25450.0,25350.0,25400.0,1992.0
2026-09-09 13:00:00+09:00,25450.0,25450.0,25450.0,25450.0,51.0
2026-09-09 13:05:00+09:00,25400.0,25450.0,25400.0,25450.0,16.0
2026-09-09 13:10:00+09:00,25400.0,25400.0,25350.0,25350.0,774.0
2026-09-09 13:15:00+09:00,25350.0,25350.0,25300.0,25350.0,2494.0
2026-09-09 13:20:00+09:00,25350.0,25350.0,25350.0,25350.0,707.0
2026-09-09 13:25:00+09:00,25300.0,25350.0,25300.0,25300.0,158.0
2026-09-09 13:30:00+09:00,25300.0,25400.0,25300.0,25350.0,2412.0
2026-09-09 13:35:00+09:00,25350.0,25350.0,25350.0,25350.0,331.0
2026-09-09 13:40:00+09:00,25350.0,25400.0,25350.0,25350.0,355.0
2026-09-09 13:45:00+09:00,25350.0,25350.0,25350.0,25350.0,2020.0
2026-09-09 13:50:00+09:00,25350.0,25350.0,25350.0,25350.0,307.0
2026-09-09 13:55:00+09:00,25350.0,25400.0,25250.0,25250.0,3613.0
2026-09-09 14:00:00+09:00,25300.0,25300.0,25250.0,25250.0,365.0
2026-09-09 14:05:00+09:00,25250.0,25300.0,25250.0,25250.0,687.0
2026-09-09 14:10:00+09:00,25250.0,25300.0,25250.0,25250.0,4619.0
2026-09-09 14:15:00+09:00,25300.0,25350.0,25250.0,25250.0,3059.0
2026-09-09 14:20:00+09:00,25250.0,25350.0,25250.0,25300.0,1449.0
2026-09-09 14:25:00+09:00,25300.0,25350.0,25300.0,25300.0,1185.0
2026-09-09 14:30:00+09:00,25300.0,25350.0,25300.0,25350.0,626.0
2026-09-09 14:35:00+09:00,25350.0,25350.0,25300.0,25300.0,139.0
2026-09-09 14:40:00+09:00,25350.0,25350.0,25300.0,25300.0,695.0
2026-09-09 14:45:00+09:00,25350.0,25350.0,25300.0,25300.0,401.0
2026-09-09 14:50:00+09:00,25350.0,25450.0,25300.0,25450.0,2370.0
2026-09-09 14:55:00+09:00,25400.0,25450.0,25400.0,25450.0,220.0
2026-09-10 09:00:00+09:00,25300.0,25450.0,25250.0,25350.0,2214.0
2026-09-10 09:05:00+09:00,25350.0,25400.0,25200.0,25250.0,2195.0
2026-09-10 09:10:00+09:00,25300.0,25300.0,25250.0,25300.0,572.0
2026-09-10 09:15:00+09:00,25300.0,25300.0,25200.0,25200.0,340.0
2026-09-10 09:20:00+09:00,25250.0,25400.0,25200.0,25400.0,525.0
2026-09-10 09:25:00+09:00,25350.0,25400.0,25250.0,25300.0,1570.0
2026-09-10 09:30:00+09:00,25300.0,25400.0,25250.0,25300.0,836.0
2026-09-10 09:35:00+09:00,25250.0,25300.0,25200.0,25200.0,562.0
2026-09-10 09:40:00+09:00,25200.0,25250.0,25200.0,25200.0,759.0
2026-09-10 09:45:00+09:00,25200.0,25300.0,25200.0,25300.0,1332.0
2026-09-10 09:50:00+09:00,25250.0,25250.0,25200.0,25250.0,667.0
2026-09-10 09:55:00+09:00,25200.0,25250.0,25200.0,25200.0,1326.0
2026-09-10 10:00:00+09:00,25150.0,25250.0,25100.0,25100.0,1745.0
2026-09-10 10:05:00+09:00,25100.0,25150.0,25000.0,25000.0,3803.0
2026-09-10 10:10:00+09:00,25000.0,25050.0,24900.0,24950.0,2882.0
2026-09-10 10:15:00+09:00,24950.0,25000.0,24950.0,25000.0,1234.0
2026-09-10 10:20:00+09:00,25000.0,25200.0,25000.0,25150.0,3679.0
2026-09-10 10:25:00+09:00,25100.0,25100.0,25000.0,25100.0,1298.0
2026-09-10 10:30:00+09:00,25050.0,25100.0,25000.0,25100.0,1019.0
2026-09-10 10:35:00+09:00,25100.0,25100.0,25000.0,25050.0,1142.0
2026-09-10 10:40:00+09:00,25000.0,25050.0,24950.0,25000.0,1115.0
2026-09-10 10:45:00+09:00,25000.0,25050.0,24950.0,25000.0,1223.0
2026-09-10 10:50:00+09:00,24950.0,25050.0,24950.0,24950.0,1189.0
2026-09-10 10:55:00+09:00,24950.0,25050.0,24950.0,25000.0,838.0
2026-09-10 11:00:00+09:00,25000.0,25050.0,24950.0,25000.0,1172.0
2026-09-10 11:05:00+09:00,25050.0,25050.0,25000.0,25050.0,788.0
2026-09-10 11:10:00+09:00,25000.0,25050.0,25000.0,25050.0,826.0
2026-09-10 11:15:00+09:00,25050.0,25050.0,24950.0,25050.0,1730.0
2026-09-10 11:20:00+09:00,25000.0,25100.0,24950.0,24950.0,2085.0
2026-09-10 11:25:00+09:00,24950.0,25100.0,24950.0,25000.0,1274.0
2026-09-10 11:30:00+09:00,25050.0,25100.0,25000.0,25100.0,904.0
2026-09-10 11:35:00+09:00,25100.0,25150.0,25050.0,25100.0,682.0
2026-09-10 11:40:00+09:00,25050.0,25150.0,25000.0,25150.0,995.0
2026-09-10 11:45:00+09:00,25100.0,25150.0,25000.0,25050.0,921.0
2026-09-10 11:50:00+09:00,25000.0,25150.0,25000.0,25100.0,1035.0
2026-09-10 11:55:00+09:00,25100.0,25150.0,25050.0,25150.0,986.0
2026-09-10 12:00:00+09:00,25100.0,25200.0,25050.0,25150.0,533.0
2026-09-10 12:05:00+09:00,25200.0,25200.0,25050.0,25200.0,1161.0
2026-09-10 12:10:00+09:00,25150.0,25250.0,25150.0,25200.0,589.0
2026-09-10 12:15:00+09:00,25200.0,25250.0,25150.0,25250.0,836.0
2026-09-10 12:20:00+09:00,25250.0,25300.0,25150.0,25250.0,736.0
2026-09-10 12:25:00+09:00,25200.0,25250.0,25150.0,25200.0,567.0
2026-09-10 12:30:00+09:00,25200.0,25250.0,25150.0,25250.0,727.0
2026-09-10 12:35:00+09:00,25250.0,25300.0,25200.0,25250.0,792.0
2026-09-10 12:40:00+09:00,25200.0,25450.0,25200.0,25300.0,1452.0
2026-09-10 12:45:00+09:00,25350.0,25350.0,25250.0,25300.0,487.0
2026-09-10 12:50:00+09:00,25300.0,25400.0,25250.0,25350.0,1035.0
2026-09-10 12:55:00+09:00,25300.0,25400.0,25300.0,25300.0,572.0
2026-09-10 13:00:00+09:00,25300.0,25400.0,25250.0,25300.0,533.0
2026-09-10 13:05:00+09:00,25250.0,25450.0,25250.0,25350.0,1305.0
2026-09-10 13:10:00+09:00,25350.0,25450.0,25300.0,25400.0,505.0
2026-09-10 13:15:00+09:00,25350.0,25450.0,25350.0,25450.0,1220.0
2026-09-10 13:20:00+09:00,25400.0,25550.0,25400.0,25450.0,1502.0
2026-09-10 13:25:00+09:00,25400.0,25500.0,25400.0,25400.0,462.0
2026-09-10 13:30:00+09:00,25400.0,25500.0,25400.0,25450.0,608.0
2026-09-10 13:35:00+09:00,25450.0,25550.0,25350.0,25500.0,1016.0
2026-09-10 13:40:00+09:00,25450.0,25500.0,25350.0,25400.0,609.0
2026-09-10 13:45:00+09:00,25400.0,25500.0,25400.0,25500.0,605.0
2026-09-10 13:50:00+09:00,25450.0,25550.0,25400.0,25550.0,1351.0
2026-09-10 13:55:00+09:00,25500.0,25600.0,25500.0,25500.0,1557.0
2026-09-10 14:00:00+09:00,25500.0,25600.0,25500.0,25600.0,597.0
2026-09-10 14:05:00+09:00,25550.0,25600.0,25500.0,25550.0,624.0
2026-09-10 14:10:00+09:00,25500.0,25550.0,25400.0,25400.0,579.0
2026-09-10 14:15:00+09:00,25500.0,25550.0,25400.0,25450.0,757.0
2026-09-10 14:20:00+09:00,25450.0,25550.0,25450.0,25500.0,551.0
2026-09-10 14:25:00+09:00,25500.0,25550.0,25450.0,25500.0,983.0
2026-09-10 14:30:00+09:00,25500.0,25550.0,25450.0,25450.0,550.0
2026-09-10 14:35:00+09:00,25500.0,25600.0,25500.0,25600.0,975.0
2026-09-10 14:40:00+09:00,25550.0,25600.0,25500.0,25550.0,782.0
2026-09-10 14:45:00+09:00,25500.0,25550.0,25450.0,25450.0,521.0
2026-09-10 14:50:00+09:00,25450.0,25550.0,25450.0,25550.0,291.0
2026-09-10 14:55:00+09:00,25525.0,25550.0,25500.0,25550.0,137.0
2026-09-11 09:00:00+09:00,25150.0,25300.0,25000.0,25200.0,3221.0
2026-09-11 09:05:00+09:00,25150.0,25400.0,25150.0,25350.0,1975.0
2026-09-11 09:10:00+09:00,25350.0,25550.0,25250.0,25350.0,3420.0
2026-09-11 09:15:00+09:00,25500.0,25700.0,25500.0,25650.0,1825.0
2026-09-11 09:20:00+09:00,25650.0,25700.0,25600.0,25650.0,324.0
2026-09-11 09:25:00+09:00,25600.0,25650.0,25500.0,25500.0,807.0
2026-09-11 09:30:00+09:00,25550.0,25550.0,25350.0,25350.0,1619.0
2026-09-11 09:35:00+09:00,25400.0,25500.0,25350.0,25500.0,878.0
2026-09-11 09:40:00+09:00,25450.0,25500.0,25350.0,25350.0,823.0
2026-09-11 09:45:00+09:00,25350.0,25400.0,25250.0,25350.0,564.0
2026-09-11 09:50:00+09:00,25300.0,25400.0,25300.0,25350.0,315.0
2026-09-11 09:55:00+09:00,25400.0,25450.0,25350.0,25450.0,456.0
2026-09-11 10:00:00+09:00,25450.0,25450.0,25400.0,25450.0,309.0
2026-09-11 10:05:00+09:00,25400.0,25500.0,25400.0,25450.0,477.0
2026-09-11 10:10:00+09:00,25500.0,25550.0,25500.0,25550.0,677.0
2026-09-11 10:15:00+09:00,25550.0,25550.0,25500.0,25550.0,455.0
2026-09-11 10:20:00+09:00,25500.0,25550.0,25350.0,25350.0,567.0
2026-09-11 10:25:00+09:00,25400.0,25500.0,25350.0,25450.0,206.0
2026-09-11 10:30:00+09:00,25450.0,25500.0,25350.0,25350.0,389.0
2026-09-11 10:35:00+09:00,25350.0,25400.0,25350.0,25350.0,59.0
2026-09-11 10:40:00+09:00,25350.0,25400.0,25350.0,25400.0,211.0
2026-09-11 10:45:00+09:00,25350.0,25350.0,25300.0,25350.0,1198.0
2026-09-11 10:50:00+09:00,25300.0,25350.0,25300.0,25300.0,55.0
2026-09-11 10:55:00+09:00,25300.0,25400.0,25300.0,25350.0,1049.0
2026-09-11 11:00:00+09:00,25350.0,25450.0,25350.0,25450.0,1011.0
2026-09-11 11:05:00+09:00,25450.0,25550.0,25450.0,25500.0,700.0
2026-09-11 11:10:00+09:00,25500.0,25650.0,25500.0,25650.0,397.0
2026-09-11 11:15:00+09:00,25650.0,25700.0,25600.0,25650.0,199.0
2026-09-11 11:20:00+09:00,25650.0,25700.0,25550.0,25650.0,1915.0
2026-09-11 11:25:00+09:00,25600.0,25700.0,25600.0,25700.0,208.0
2026-09-11 11:30:00+09:00,25650.0,25700.0,25650.0,25650.0,474.0
2026-09-11 11:35:00+09:00,25650.0,25750.0,25600.0,25700.0,1484.0
2026-09-11 11:40:00+09:00,25750.0,25800.0,25700.0,25750.0,877.0
2026-09-11 11:45:00+09:00,25750.0,25800.0,25750.0,25750.0,540.0
2026-09-11 11:50:00+09:00,25750.0,25750.0,25650.0,25700.0,576.0
2026-09-11 11:55:00+09:00,25650.0,25700.0,25600.0,25650.0,319.0
2026-09-11 12:00:00+09:00,25700.0,25700.0,25650.0,25700.0,112.0
2026-09-11 12:05:00+09:00,25650.0,25700.0,25650.0,25700.0,172.0
2026-09-11 12:10:00+09:00,25700.0,25700.0,25600.0,25650.0,389.0
2026-09-11 12:15:00+09:00,25650.0,25800.0,25650.0,25750.0,632.0
2026-09-11 12:20:00+09:00,25750.0,25750.0,25650.0,25750.0,656.0
2026-09-11 12:25:00+09:00,25700.0,25700.0,25600.0,25700.0,295.0
2026-09-11 12:30:00+09:00,25700.0,25700.0,25650.0,25650.0,175.0
2026-09-11 12:35:00+09:00,25650.0,25650.0,25400.0,25600.0,1505.0
2026-09-11 12:40:00+09:00,25600.0,25700.0,25600.0,25600.0,1482.0
2026-09-11 12:45:00+09:00,25650.0,25650.0,25600.0,25650.0,144.0
2026-09-11 12:50:00+09:00,25650.0,25650.0,25600.0,25650.0,394.0
2026-09-11 12:55:00+09:00,25650.0,25700.0,25600.0,25700.0,196.0
2026-09-11 13:00:00+09:00,25700.0,25700.0,25650.0,25700.0,239.0
2026-09-11 13:05:00+09:00,25700.0,25700.0,25600.0,25700.0,629.0
2026-09-11 13:10:00+09:00,25700.0,25800.0,25600.0,25750.0,1482.0
2026-09-11 13:15:00+09:00,25800.0,25800.0,25700.0,25750.0,197.0
2026-09-11 13:20:00+09:00,25800.0,25800.0,25750.0,25800.0,173.0
2026-09-11 13:25:00+09:00,25750.0,25800.0,25650.0,25700.0,345.0
2026-09-11 13:30:00+09:00,25700.0,25700.0,25650.0,25650.0,157.0
2026-09-11 13:35:00+09:00,25700.0,25800.0,25650.0,25750.0,671.0
2026-09-11 13:40:00+09:00,25750.0,25800.0,25600.0,25650.0,582.0
2026-09-11 13:45:00+09:00,25650.0,25650.0,25600.0,25600.0,301.0
2026-09-11 13:50:00+09:00,25600.0,25650.0,25600.0,25600.0,416.0
2026-09-11 13:55:00+09:00,25600.0,25650.0,25550.0,25550.0,454.0
2026-09-11 14:00:00+09:00,25550.0,25650.0,25500.0,25500.0,507.0
2026-09-11 14:05:00+09:00,25500.0,25550.0,25500.0,25500.0,458.0
2026-09-11 14:10:00+09:00,25550.0,25600.0,25500.0,25500.0,619.0
2026-09-11 14:15:00+09:00,25550.0,25600.0,25500.0,25600.0,363.0
2026-09-11 14:20:00+09:00,25550.0,25750.0,25500.0,25650.0,1059.0
2026-09-11 14:25:00+09:00,25650.0,25750.0,25600.0,25600.0,629.0
2026-09-11 14:30:00+09:00,25700.0,25750.0,25650.0,25700.0,950.0
2026-09-11 14:35:00+09:00,25700.0,25750.0,25600.0,25750.0,466.0
2026-09-11 14:40:00+09:00,25750.0,25750.0,25650.0,25750.0,218.0
2026-09-11 14:45:00+09:00,25750.0,25800.0,25700.0,25750.0,1718.0
2026-09-11 14:50:00+09:00,25800.0,25800.0,25700.0,25750.0,1391.0
2026-09-11 14:55:00+09:00,25700.0,25800.0,25650.0,25700.0,725.0
2026-09-14 09:00:00+09:00,25750.0,26250.0,25600.0,26150.0,0.0
2026-09-14 09:05:00+09:00,26100.0,26200.0,25950.0,25950.0,3344.0
2026-09-14 09:10:00+09:00,25900.0,25950.0,25650.0,25750.0,1605.0
2026-09-14 09:15:00+09:00,25800.0,25950.0,25650.0,25850.0,1677.0
2026-09-14 09:20:00+09:00,25850.0,25850.0,25650.0,25800.0,1349.0
2026-09-14 09:25:00+09:00,25850.0,26000.0,25700.0,25900.0,1774.0
2026-09-14 09:30:00+09:00,25900.0,25900.0,25725.0,25900.0,1679.0
2026-09-14 09:35:00+09:00,25900.0,25900.0,25700.0,25900.0,1636.0
2026-09-14 09:40:00+09:00,25800.0,25850.0,25700.0,25750.0,1038.0
2026-09-14 09:45:00+09:00,25750.0,25900.0,25750.0,25900.0,1187.0
2026-09-14 09:50:00+09:00,25900.0,25900.0,25850.0,25850.0,140.0
2026-09-14 09:55:00+09:00,25850.0,25900.0,25800.0,25800.0,648.0
2026-09-14 10:00:00+09:00,25800.0,26000.0,25800.0,26000.0,1939.0
2026-09-14 10:05:00+09:00,25900.0,26000.0,25900.0,25950.0,749.0
2026-09-14 10:10:00+09:00,25950.0,25950.0,25900.0,25900.0,115.0
2026-09-14 10:15:00+09:00,25900.0,25950.0,25900.0,25900.0,375.0
2026-09-14 10:20:00+09:00,25900.0,26050.0,25900.0,26000.0,858.0
2026-09-14 10:25:00+09:00,26000.0,26100.0,25950.0,26100.0,665.0
2026-09-14 10:30:00+09:00,26000.0,26200.0,26000.0,26200.0,1118.0
2026-09-14 10:35:00+09:00,26200.0,26250.0,26100.0,26250.0,1133.0
2026-09-14 10:40:00+09:00,26250.0,26250.0,26150.0,26250.0,1133.0
2026-09-14 10:45:00+09:00,26250.0,26250.0,26050.0,26100.0,1610.0
2026-09-14 10:50:00+09:00,26100.0,26250.0,26050.0,26200.0,1574.0
2026-09-14 10:55:00+09:00,26200.0,26200.0,26100.0,26150.0,2071.0
2026-09-14 11:00:00+09:00,26100.0,26200.0,26100.0,26200.0,580.0
2026-09-14 11:05:00+09:00,26150.0,26250.0,26150.0,26250.0,1471.0
2026-09-14 11:10:00+09:00,26200.0,26500.0,26200.0,26500.0,4578.0
2026-09-14 11:15:00+09:00,26500.0,26500.0,26400.0,26450.0,1856.0
2026-09-14 11:20:00+09:00,26450.0,26500.0,26400.0,26450.0,1184.0
2026-09-14 11:25:00+09:00,26450.0,26450.0,26350.0,26450.0,2437.0
2026-09-14 11:30:00+09:00,26450.0,26500.0,26350.0,26500.0,629.0
2026-09-14 11:35:00+09:00,26400.0,26500.0,26400.0,26450.0,996.0
2026-09-14 11:40:00+09:00,26500.0,26550.0,26450.0,26550.0,2287.0
2026-09-14 11:45:00+09:00,26600.0,26600.0,26500.0,26575.0,869.0
2026-09-14 11:50:00+09:00,26575.0,26650.0,26550.0,26600.0,3660.0
2026-09-14 11:55:00+09:00,26550.0,26600.0,26500.0,26500.0,931.0
2026-09-14 12:00:00+09:00,26500.0,26650.0,26500.0,26650.0,1614.0
2026-09-14 12:05:00+09:00,26650.0,26750.0,26600.0,26650.0,4024.0
2026-09-14 12:10:00+09:00,26650.0,26700.0,26600.0,26700.0,693.0
2026-09-14 12:15:00+09:00,26650.0,26700.0,26600.0,26650.0,957.0
2026-09-14 12:20:00+09:00,26650.0,26650.0,26550.0,26600.0,901.0
2026-09-14 12:25:00+09:00,26600.0,26650.0,26550.0,26550.0,1183.0
2026-09-14 12:30:00+09:00,26500.0,26600.0,26500.0,26550.0,619.0
2026-09-14 12:35:00+09:00,26600.0,26600.0,26450.0,26500.0,782.0
2026-09-14 12:40:00+09:00,26500.0,26550.0,26450.0,26450.0,667.0
2026-09-14 12:45:00+09:00,26500.0,26600.0,26500.0,26600.0,453.0
2026-09-14 12:50:00+09:00,26550.0,26600.0,26500.0,26600.0,523.0
2026-09-14 12:55:00+09:00,26600.0,26600.0,26500.0,26550.0,742.0
2026-09-14 13:00:00+09:00,26550.0,26600.0,26500.0,26600.0,535.0
2026-09-14 13:05:00+09:00,26600.0,26600.0,26500.0,26600.0,467.0
2026-09-14 13:10:00+09:00,26600.0,26650.0,26500.0,26600.0,552.0
2026-09-14 13:15:00+09:00,26600.0,26600.0,26450.0,26500.0,928.0
2026-09-14 13:20:00+09:00,26500.0,26600.0,26450.0,26500.0,489.0
2026-09-14 13:25:00+09:00,26500.0,26500.0,26450.0,26500.0,547.0
2026-09-14 13:30:00+09:00,26450.0,26500.0,26450.0,26450.0,762.0
2026-09-14 13:35:00+09:00,26450.0,26550.0,26450.0,26550.0,1210.0
2026-09-14 13:40:00+09:00,26550.0,26550.0,26450.0,26500.0,509.0
2026-09-14 13:45:00+09:00,26500.0,26500.0,26450.0,26500.0,838.0
2026-09-14 13:50:00+09:00,26500.0,26500.0,26450.0,26500.0,700.0
2026-09-14 13:55:00+09:00,26500.0,26500.0,26400.0,26500.0,461.0
2026-09-14 14:00:00+09:00,26500.0,26500.0,26450.0,26500.0,1303.0
2026-09-14 14:05:00+09:00,26550.0,26550.0,26400.0,26450.0,731.0
2026-09-14 14:10:00+09:00,26450.0,26500.0,26400.0,26500.0,650.0
2026-09-14 14:15:00+09:00,26500.0,26500.0,26350.0,26350.0,1513.0
2026-09-14 14:20:00+09:00,26400.0,26400.0,26300.0,26350.0,992.0
2026-09-14 14:25:00+09:00,26350.0,26500.0,26300.0,26500.0,857.0
2026-09-14 14:30:00+09:00,26500.0,26500.0,26350.0,26400.0,794.0
2026-09-14 14:35:00+09:00,26400.0,26500.0,26350.0,26500.0,1308.0
2026-09-14 14:40:00+09:00,26500.0,26500.0,26350.0,26400.0,640.0
2026-09-14 14:45:00+09:00,26400.0,26500.0,26350.0,26400.0,959.0
2026-09-14 14:50:00+09:00,26400.0,26400.0,26300.0,26300.0,695.0
2026-09-14 14:55:00+09:00,26350.0,26400.0,26300.0,26400.0,1463.0
2026-09-15 09:00:00+09:00,26100.0,26500.0,26000.0,26450.0,2348.0
2026-09-15 09:05:00+09:00,26450.0,26700.0,26400.0,26700.0,3385.0
2026-09-15 09:10:00+09:00,26650.0,26750.0,26450.0,26750.0,2455.0
2026-09-15 09:15:00+09:00,26800.0,27100.0,26725.0,26950.0,6505.0
2026-09-15 09:20:00+09:00,26950.0,26950.0,26600.0,26650.0,3326.0
2026-09-15 09:25:00+09:00,26650.0,26750.0,26550.0,26750.0,2858.0
2026-09-15 09:30:00+09:00,26750.0,26750.0,26600.0,26700.0,820.0
2026-09-15 09:35:00+09:00,26700.0,26700.0,26550.0,26550.0,2096.0
2026-09-15 09:40:00+09:00,26550.0,26700.0,26550.0,26650.0,1173.0
2026-09-15 09:45:00+09:00,26700.0,26700.0,26600.0,26650.0,1183.0
2026-09-15 09:50:00+09:00,26650.0,26650.0,26600.0,26600.0,919.0
2026-09-15 09:55:00+09:00,26600.0,26650.0,26600.0,26650.0,961.0
2026-09-15 10:00:00+09:00,26650.0,26650.0,26600.0,26650.0,1144.0
2026-09-15 10:05:00+09:00,26650.0,26650.0,26500.0,26550.0,1452.0
2026-09-15 10:10:00+09:00,26550.0,26650.0,26550.0,26650.0,636.0
2026-09-15 10:15:00+09:00,26650.0,26650.0,26550.0,26650.0,4865.0
2026-09-15 10:20:00+09:00,26650.0,26650.0,26500.0,26500.0,1505.0
2026-09-15 10:25:00+09:00,26600.0,26650.0,26500.0,26650.0,847.0
2026-09-15 10:30:00+09:00,26650.0,26700.0,26600.0,26650.0,972.0
2026-09-15 10:35:00+09:00,26650.0,26700.0,26600.0,26700.0,568.0
2026-09-15 10:40:00+09:00,26700.0,26750.0,26700.0,26750.0,956.0
2026-09-15 10:45:00+09:00,26750.0,26800.0,26700.0,26700.0,1225.0
2026-09-15 10:50:00+09:00,26750.0,26800.0,26750.0,26800.0,722.0
2026-09-15 10:55:00+09:00,26750.0,26800.0,26750.0,26750.0,1524.0
2026-09-15 11:00:00+09:00,26750.0,26800.0,26750.0,26800.0,629.0
2026-09-15 11:05:00+09:00,26800.0,26850.0,26750.0,26800.0,1002.0
2026-09-15 11:10:00+09:00,26750.0,26850.0,26750.0,26800.0,1054.0
2026-09-15 11:15:00+09:00,26775.0,26800.0,26700.0,26750.0,1281.0
2026-09-15 11:20:00+09:00,26750.0,26750.0,26600.0,26600.0,2103.0
2026-09-15 11:25:00+09:00,26650.0,26650.0,26500.0,26600.0,1369.0
2026-09-15 11:30:00+09:00,26600.0,26650.0,26550.0,26600.0,822.0
2026-09-15 11:35:00+09:00,26550.0,26550.0,26500.0,26500.0,5086.0
2026-09-15 11:40:00+09:00,26500.0,26550.0,26400.0,26450.0,1548.0
2026-09-15 11:45:00+09:00,26450.0,26550.0,26400.0,26500.0,1155.0
2026-09-15 11:50:00+09:00,26500.0,26500.0,26450.0,26500.0,714.0
2026-09-15 11:55:00+09:00,26450.0,26550.0,26450.0,26500.0,1108.0
2026-09-15 12:00:00+09:00,26500.0,26500.0,26450.0,26500.0,879.0
2026-09-15 12:05:00+09:00,26550.0,26550.0,26400.0,26450.0,1181.0
2026-09-15 12:10:00+09:00,26400.0,26450.0,26400.0,26450.0,805.0
2026-09-15 12:15:00+09:00,26500.0,26500.0,26450.0,26500.0,297.0
2026-09-15 12:20:00+09:00,26500.0,26500.0,26450.0,26500.0,645.0
2026-09-15 12:25:00+09:00,26500.0,26500.0,26450.0,26450.0,839.0
2026-09-15 12:30:00+09:00,26500.0,26500.0,26450.0,26500.0,922.0
2026-09-15 12:35:00+09:00,26450.0,26550.0,26450.0,26550.0,551.0
2026-09-15 12:40:00+09:00,26500.0,26550.0,26400.0,26450.0,1516.0
2026-09-15 12:45:00+09:00,26450.0,26450.0,26400.0,26450.0,346.0
2026-09-15 12:50:00+09:00,26450.0,26450.0,26400.0,26400.0,413.0
2026-09-15 12:55:00+09:00,26400.0,26450.0,26400.0,26450.0,689.0
2026-09-15 13:00:00+09:00,26450.0,26500.0,26400.0,26500.0,1409.0
2026-09-15 13:05:00+09:00,26450.0,26500.0,26400.0,26450.0,631.0
2026-09-15 13:10:00+09:00,26450.0,26450.0,26400.0,26450.0,591.0
2026-09-15 13:15:00+09:00,26450.0,26500.0,26400.0,26450.0,1522.0
2026-09-15 13:20:00+09:00,26400.0,26450.0,26250.0,26250.0,1419.0
2026-09-15 13:25:00+09:00,26250.0,26300.0,26250.0,26250.0,450.0
2026-09-15 13:30:00+09:00,26300.0,26350.0,26250.0,26300.0,795.0
2026-09-15 13:35:00+09:00,26300.0,26350.0,26250.0,26350.0,941.0
2026-09-15 13:40:00+09:00,26350.0,26350.0,26250.0,26300.0,804.0
2026-09-15 13:45:00+09:00,26300.0,26350.0,26250.0,26300.0,740.0
2026-09-15 13:50:00+09:00,26350.0,26350.0,26300.0,26300.0,276.0
2026-09-15 13:55:00+09:00,26300.0,26350.0,26200.0,26200.0,2185.0
2026-09-15 14:00:00+09:00,26250.0,26250.0,26200.0,26250.0,502.0
2026-09-15 14:05:00+09:00,26200.0,26250.0,26200.0,26250.0,1314.0
2026-09-15 14:10:00+09:00,26150.0,26200.0,26150.0,26150.0,380.0
2026-09-15 14:15:00+09:00,26200.0,26200.0,26150.0,26200.0,603.0
2026-09-15 14:20:00+09:00,26200.0,26250.0,26150.0,26250.0,1043.0
2026-09-15 14:25:00+09:00,26250.0,26250.0,26150.0,26250.0,1212.0
2026-09-15 14:30:00+09:00,26200.0,26250.0,26200.0,26250.0,364.0
2026-09-15 14:35:00+09:00,26250.0,26250.0,26200.0,26250.0,462.0
2026-09-15 14:40:00+09:00,26250.0,26250.0,26200.0,26200.0,1009.0
2026-09-15 14:45:00+09:00,26250.0,26300.0,26200.0,26300.0,1352.0
2026-09-15 14:50:00+09:00,26300.0,26300.0,26200.0,26200.0,785.0
2026-09-15 14:55:00+09:00,26250.0,26250.0,26200.0,26200.0,967.0
2026-09-16 09:00:00+09:00,26150.0,26350.0,26050.0,26350.0,1996.0
2026-09-16 09:05:00+09:00,26200.0,26350.0,26200.0,26250.0,218.0
2026-09-16 09:10:00+09:00,26250.0,26300.0,26200.0,26300.0,562.0
2026-09-16 09:15:00+09:00,26200.0,26550.0,26200.0,26500.0,2070.0
2026-09-16 09:20:00+09:00,26500.0,26700.0,26450.0,26450.0,1875.0
2026-09-16 09:25:00+09:00,26450.0,26500.0,26350.0,26350.0,1366.0
2026-09-16 09:30:00+09:00,26350.0,26400.0,26350.0,26350.0,248.0
2026-09-16 09:35:00+09:00,26350.0,26350.0,26050.0,26050.0,2267.0
2026-09-16 09:40:00+09:00,26050.0,26100.0,26000.0,26000.0,1257.0
2026-09-16 09:45:00+09:00,26000.0,26100.0,25950.0,26100.0,2372.0
2026-09-16 09:50:00+09:00,26050.0,26200.0,26050.0,26200.0,432.0
2026-09-16 09:55:00+09:00,26150.0,26200.0,26100.0,26150.0,894.0
2026-09-16 10:00:00+09:00,26150.0,26150.0,26100.0,26150.0,487.0
2026-09-16 10:05:00+09:00,26100.0,26150.0,26050.0,26100.0,324.0
2026-09-16 10:10:00+09:00,26100.0,26150.0,26050.0,26050.0,127.0
2026-09-16 10:15:00+09:00,26100.0,26200.0,26100.0,26200.0,760.0
2026-09-16 10:20:00+09:00,26200.0,26550.0,26200.0,26400.0,3120.0
2026-09-16 10:25:00+09:00,26450.0,26450.0,26250.0,26350.0,1301.0
2026-09-16 10:30:00+09:00,26250.0,26300.0,26250.0,26250.0,72.0
2026-09-16 10:35:00+09:00,26250.0,26300.0,26200.0,26200.0,695.0
2026-09-16 10:40:00+09:00,26200.0,26200.0,26150.0,26150.0,1170.0
2026-09-16 10:45:00+09:00,26100.0,26150.0,26100.0,26100.0,0.0
2026-09-16 10:50:00+09:00,26100.0,26100.0,26050.0,26050.0,675.0
2026-09-16 10:55:00+09:00,26050.0,26100.0,26050.0,26050.0,150.0
2026-09-16 11:00:00+09:00,26050.0,26100.0,25950.0,26050.0,2722.0
2026-09-16 11:05:00+09:00,26050.0,26050.0,26050.0,26050.0,65.0
2026-09-16 11:10:00+09:00,26050.0,26200.0,26050.0,26150.0,1055.0
2026-09-16 11:15:00+09:00,26150.0,26150.0,26050.0,26100.0,889.0
2026-09-16 11:20:00+09:00,26150.0,26150.0,26100.0,26100.0,92.0
2026-09-16 11:25:00+09:00,26100.0,26150.0,26100.0,26100.0,1144.0
2026-09-16 11:30:00+09:00,26100.0,26150.0,26100.0,26100.0,366.0
2026-09-16 11:35:00+09:00,26100.0,26150.0,26100.0,26100.0,66.0
2026-09-16 11:40:00+09:00,26100.0,26200.0,26100.0,26150.0,1437.0
2026-09-16 11:45:00+09:00,26150.0,26200.0,26150.0,26200.0,181.0
2026-09-16 11:50:00+09:00,26200.0,26250.0,26150.0,26200.0,851.0
2026-09-16 11:55:00+09:00,26200.0,26250.0,26200.0,26250.0,349.0
2026-09-16 12:00:00+09:00,26200.0,26400.0,26200.0,26250.0,1858.0
2026-09-16 12:05:00+09:00,26250.0,26300.0,26200.0,26250.0,776.0
2026-09-16 12:10:00+09:00,26250.0,26350.0,26200.0,26350.0,560.0
2026-09-16 12:15:00+09:00,26200.0,26350.0,26200.0,26300.0,479.0
2026-09-16 12:20:00+09:00,26250.0,26300.0,26200.0,26300.0,630.0
2026-09-16 12:25:00+09:00,26300.0,26350.0,26200.0,26300.0,852.0
2026-09-16 12:30:00+09:00,26250.0,26350.0,26250.0,26250.0,264.0
2026-09-16 12:35:00+09:00,26250.0,26300.0,26250.0,26250.0,754.0
2026-09-16 12:40:00+09:00,26300.0,26400.0,26250.0,26350.0,911.0
2026-09-16 12:45:00+09:00,26300.0,26400.0,26300.0,26400.0,798.0
2026-09-16 12:50:00+09:00,26400.0,26450.0,26350.0,26400.0,1136.0
2026-09-16 12:55:00+09:00,26350.0,26450.0,26350.0,26400.0,457.0
2026-09-16 13:00:00+09:00,26400.0,26450.0,26300.0,26400.0,1165.0
2026-09-16 13:05:00+09:00,26400.0,26450.0,26250.0,26250.0,889.0
2026-09-16 13:10:00+09:00,26300.0,26300.0,26200.0,26200.0,1599.0
2026-09-16 13:15:00+09:00,26300.0,26350.0,26200.0,26350.0,398.0
2026-09-16 13:20:00+09:00,26350.0,26400.0,26200.0,26350.0,346.0
2026-09-16 13:25:00+09:00,26350.0,26400.0,26250.0,26350.0,608.0
2026-09-16 13:30:00+09:00,26350.0,26450.0,26300.0,26450.0,1100.0
2026-09-16 13:35:00+09:00,26450.0,26500.0,26350.0,26500.0,600.0
2026-09-16 13:40:00+09:00,26350.0,26500.0,26350.0,26500.0,332.0
2026-09-16 13:45:00+09:00,26500.0,26500.0,26350.0,26450.0,221.0
2026-09-16 13:50:00+09:00,26450.0,26450.0,26350.0,26450.0,549.0
2026-09-16 13:55:00+09:00,26450.0,26450.0,26350.0,26350.0,499.0
2026-09-16 14:00:00+09:00,26450.0,26450.0,26350.0,26450.0,241.0
2026-09-16 14:05:00+09:00,26450.0,26450.0,26350.0,26400.0,1770.0
2026-09-16 14:10:00+09:00,26400.0,26450.0,26350.0,26400.0,563.0
2026-09-16 14:15:00+09:00,26400.0,26450.0,26300.0,26450.0,592.0
2026-09-16 14:20:00+09:00,26450.0,26450.0,26300.0,26450.0,964.0
2026-09-16 14:25:00+09:00,26350.0,26450.0,26350.0,26350.0,705.0
2026-09-16 14:30:00+09:00,26400.0,26450.0,26350.0,26350.0,690.0
2026-09-16 14:35:00+09:00,26350.0,26450.0,26300.0,26400.0,774.0
2026-09-16 14:40:00+09:00,26400.0,26400.0,26300.0,26350.0,862.0
2026-09-16 14:45:00+09:00,26350.0,26400.0,26250.0,26300.0,701.0
2026-09-16 14:50:00+09:00,26300.0,26350.0,26250.0,26300.0,493.0
2026-09-16 14:55:00+09:00,26250.0,26300.0,26250.0,26250.0,860.0
2026-09-17 09:00:00+09:00,26500.0,26600.0,26300.0,26550.0,1071.0
2026-09-17 09:05:00+09:00,26550.0,26600.0,26450.0,26550.0,933.0
2026-09-17 09:10:00+09:00,26550.0,26900.0,26500.0,26850.0,3411.0
2026-09-17 09:15:00+09:00,26850.0,26950.0,26750.0,26900.0,3949.0
2026-09-17 09:20:00+09:00,26900.0,26950.0,26850.0,26900.0,2702.0
2026-09-17 09:25:00+09:00,26900.0,27000.0,26800.0,26850.0,3051.0
2026-09-17 09:30:00+09:00,26850.0,26900.0,26800.0,26850.0,874.0
2026-09-17 09:35:00+09:00,26850.0,26850.0,26750.0,26750.0,1431.0
2026-09-17 09:40:00+09:00,26750.0,26800.0,26600.0,26750.0,1178.0
2026-09-17 09:45:00+09:00,26750.0,26750.0,26650.0,26700.0,1166.0
2026-09-17 09:50:00+09:00,26700.0,26700.0,26650.0,26700.0,600.0
2026-09-17 09:55:00+09:00,26700.0,26900.0,26650.0,26800.0,3189.0
2026-09-17 10:00:00+09:00,26800.0,26850.0,26750.0,26800.0,626.0
2026-09-17 10:05:00+09:00,26800.0,26800.0,26750.0,26800.0,381.0
2026-09-17 10:10:00+09:00,26750.0,26800.0,26750.0,26800.0,892.0
2026-09-17 10:15:00+09:00,26750.0,26800.0,26700.0,26800.0,552.0
2026-09-17 10:20:00+09:00,26700.0,26800.0,26650.0,26700.0,619.0
2026-09-17 10:25:00+09:00,26650.0,26700.0,26650.0,26700.0,875.0
2026-09-17 10:30:00+09:00,26700.0,26700.0,26650.0,26700.0,425.0
2026-09-17 10:35:00+09:00,26700.0,26700.0,26600.0,26650.0,1428.0
2026-09-17 10:40:00+09:00,26650.0,26650.0,26600.0,26650.0,492.0
2026-09-17 10:45:00+09:00,26600.0,26600.0,26550.0,26600.0,295.0
2026-09-17 10:50:00+09:00,26550.0,26600.0,26550.0,26550.0,1178.0
2026-09-17 10:55:00+09:00,26550.0,26600.0,26500.0,26550.0,517.0
2026-09-17 11:00:00+09:00,26550.0,26550.0,26450.0,26550.0,907.0
2026-09-17 11:05:00+09:00,26450.0,26500.0,26400.0,26400.0,518.0
2026-09-17 11:10:00+09:00,26450.0,26500.0,26450.0,26500.0,556.0
2026-09-17 11:15:00+09:00,26500.0,26500.0,26450.0,26500.0,256.0
2026-09-17 11:20:00+09:00,26500.0,26500.0,26450.0,26500.0,660.0
2026-09-17 11:25:00+09:00,26500.0,26650.0,26450.0,26650.0,2521.0
2026-09-17 11:30:00+09:00,26575.0,26700.0,26500.0,26700.0,727.0
2026-09-17 11:35:00+09:00,26550.0,26700.0,26550.0,26650.0,671.0
2026-09-17 11:40:00+09:00,26650.0,26700.0,26550.0,26550.0,1004.0
2026-09-17 11:45:00+09:00,26550.0,26700.0,26550.0,26550.0,634.0
2026-09-17 11:50:00+09:00,26500.0,26650.0,26500.0,26650.0,2175.0
2026-09-17 11:55:00+09:00,26550.0,26650.0,26500.0,26600.0,1093.0
2026-09-17 12:00:00+09:00,26500.0,26650.0,26500.0,26650.0,522.0
2026-09-17 12:05:00+09:00,26550.0,26650.0,26500.0,26600.0,1082.0
2026-09-17 12:10:00+09:00,26600.0,26650.0,26450.0,26500.0,1087.0
2026-09-17 12:15:00+09:00,26550.0,26600.0,26500.0,26550.0,341.0
2026-09-17 12:20:00+09:00,26600.0,26650.0,26550.0,26550.0,723.0
2026-09-17 12:25:00+09:00,26550.0,26650.0,26550.0,26600.0,510.0
2026-09-17 12:30:00+09:00,26600.0,26600.0,26500.0,26550.0,726.0
2026-09-17 12:35:00+09:00,26550.0,26600.0,26550.0,26600.0,502.0
2026-09-17 12:40:00+09:00,26600.0,26600.0,26500.0,26500.0,748.0
2026-09-17 12:45:00+09:00,26500.0,26550.0,26450.0,26500.0,308.0
2026-09-17 12:50:00+09:00,26550.0,26550.0,26500.0,26550.0,738.0
2026-09-17 12:55:00+09:00,26500.0,26650.0,26500.0,26600.0,1001.0
2026-09-17 13:00:00+09:00,26600.0,26650.0,26450.0,26550.0,978.0
2026-09-17 13:05:00+09:00,26550.0,26550.0,26450.0,26500.0,679.0
2026-09-17 13:10:00+09:00,26550.0,26550.0,26500.0,26550.0,464.0
2026-09-17 13:15:00+09:00,26550.0,26550.0,26400.0,26450.0,1232.0
2026-09-17 13:20:00+09:00,26450.0,26450.0,26350.0,26400.0,633.0
2026-09-17 13:25:00+09:00,26400.0,26450.0,26400.0,26450.0,542.0
2026-09-17 13:30:00+09:00,26350.0,26450.0,26250.0,26350.0,1108.0
2026-09-17 13:35:00+09:00,26350.0,26350.0,26300.0,26350.0,587.0
2026-09-17 13:40:00+09:00,26350.0,26450.0,26350.0,26400.0,591.0
2026-09-17 13:45:00+09:00,26400.0,26450.0,26400.0,26425.0,346.0
2026-09-17 13:50:00+09:00,26450.0,26700.0,26450.0,26550.0,2287.0
2026-09-17 13:55:00+09:00,26550.0,26600.0,26450.0,26600.0,467.0
2026-09-17 14:00:00+09:00,26600.0,26600.0,26450.0,26500.0,1009.0
2026-09-17 14:05:00+09:00,26500.0,26550.0,26450.0,26500.0,380.0
2026-09-17 14:10:00+09:00,26550.0,26600.0,26500.0,26500.0,571.0
2026-09-17 14:15:00+09:00,26500.0,26500.0,26450.0,26500.0,421.0
2026-09-17 14:20:00+09:00,26500.0,26500.0,26450.0,26500.0,785.0
2026-09-17 14:25:00+09:00,26500.0,26500.0,26400.0,26400.0,835.0
2026-09-17 14:30:00+09:00,26450.0,26450.0,26350.0,26450.0,725.0
2026-09-17 14:35:00+09:00,26450.0,26450.0,26400.0,26450.0,293.0
2026-09-17 14:40:00+09:00,26450.0,26500.0,26350.0,26400.0,912.0
2026-09-17 14:45:00+09:00,26400.0,26400.0,26400.0,26400.0,331.0
2026-09-17 14:50:00+09:00,26400.0,26400.0,26400.0,26400.0,241.0
2026-09-17 14:55:00+09:00,26350.0,26400.0,26350.0,26400.0,298.0
2026-09-18 09:00:00+09:00,26750.0,26750.0,26200.0,26250.0,6973.0
2026-09-18 09:05:00+09:00,26300.0,26300.0,26150.0,26300.0,1624.0
2026-09-18 09:10:00+09:00,26300.0,26400.0,26100.0,26300.0,2592.0
2026-09-18 09:15:00+09:00,26350.0,26400.0,26300.0,26350.0,898.0
2026-09-18 09:20:00+09:00,26350.0,26450.0,26250.0,26400.0,3997.0
2026-09-18 09:25:00+09:00,26400.0,26400.0,26300.0,26350.0,1426.0
2026-09-18 09:30:00+09:00,26350.0,26350.0,26150.0,26150.0,4241.0
2026-09-18 09:35:00+09:00,26150.0,26200.0,26100.0,26150.0,2255.0
2026-09-18 09:40:00+09:00,26150.0,26250.0,26150.0,26200.0,1011.0
2026-09-18 09:45:00+09:00,26150.0,26200.0,26050.0,26100.0,2737.0
2026-09-18 09:50:00+09:00,26150.0,26150.0,26050.0,26050.0,1593.0
2026-09-18 09:55:00+09:00,26100.0,26100.0,26050.0,26100.0,1034.0
2026-09-18 10:00:00+09:00,26100.0,26150.0,26050.0,26050.0,1461.0
2026-09-18 10:05:00+09:00,26050.0,26150.0,26050.0,26100.0,1520.0
2026-09-18 10:10:00+09:00,26050.0,26250.0,26050.0,26250.0,2244.0
2026-09-18 10:15:00+09:00,26300.0,26300.0,26200.0,26250.0,373.0
2026-09-18 10:20:00+09:00,26250.0,26300.0,26250.0,26300.0,352.0
2026-09-18 10:25:00+09:00,26300.0,26350.0,26250.0,26350.0,718.0
2026-09-18 10:30:00+09:00,26350.0,26350.0,26300.0,26350.0,107.0
2026-09-18 10:35:00+09:00,26350.0,26350.0,26300.0,26350.0,95.0
2026-09-18 10:40:00+09:00,26350.0,26350.0,26300.0,26350.0,109.0
2026-09-18 10:45:00+09:00,26300.0,26400.0,26300.0,26350.0,3239.0
2026-09-18 10:50:00+09:00,26350.0,26400.0,26350.0,26350.0,469.0
2026-09-18 10:55:00+09:00,26350.0,26400.0,26300.0,26350.0,586.0
2026-09-18 11:00:00+09:00,26350.0,26350.0,26300.0,26350.0,311.0
2026-09-18 11:05:00+09:00,26350.0,26450.0,26350.0,26450.0,3947.0
2026-09-18 11:10:00+09:00,26450.0,26450.0,26400.0,26450.0,333.0
2026-09-18 11:15:00+09:00,26450.0,26450.0,26350.0,26400.0,642.0
2026-09-18 11:20:00+09:00,26350.0,26400.0,26350.0,26400.0,120.0
2026-09-18 11:25:00+09:00,26400.0,26400.0,26350.0,26350.0,307.0
2026-09-18 11:30:00+09:00,26400.0,26400.0,26350.0,26400.0,252.0
2026-09-18 11:35:00+09:00,26400.0,26400.0,26350.0,26400.0,102.0
2026-09-18 11:40:00+09:00,26400.0,26400.0,26200.0,26250.0,6808.0
2026-09-18 11:45:00+09:00,26200.0,26250.0,26200.0,26200.0,1170.0
2026-09-18 11:50:00+09:00,26200.0,26300.0,26200.0,26250.0,3118.0
2026-09-18 11:55:00+09:00,26250.0,26300.0,26250.0,26300.0,424.0
2026-09-18 12:00:00+09:00,26300.0,26300.0,26200.0,26200.0,868.0
2026-09-18 12:05:00+09:00,26250.0,26300.0,26200.0,26200.0,671.0
2026-09-18 12:10:00+09:00,26200.0,26250.0,26200.0,26250.0,379.0
2026-09-18 12:15:00+09:00,26250.0,26250.0,26100.0,26100.0,4358.0
2026-09-18 12:20:00+09:00,26200.0,26200.0,26100.0,26150.0,2298.0
2026-09-18 12:25:00+09:00,26150.0,26200.0,26100.0,26200.0,917.0
2026-09-18 12:30:00+09:00,26200.0,26200.0,26100.0,26200.0,909.0
2026-09-18 12:35:00+09:00,26200.0,26250.0,26150.0,26200.0,8417.0
2026-09-18 12:40:00+09:00,26200.0,26200.0,26150.0,26200.0,1188.0
2026-09-18 12:45:00+09:00,26200.0,26200.0,26150.0,26150.0,719.0
2026-09-18 12:50:00+09:00,26200.0,26200.0,26150.0,26150.0,820.0
2026-09-18 12:55:00+09:00,26200.0,26200.0,26150.0,26200.0,1070.0
2026-09-18 13:00:00+09:00,26200.0,26200.0,26150.0,26150.0,1132.0
2026-09-18 13:05:00+09:00,26200.0,26200.0,26100.0,26150.0,2250.0
2026-09-18 13:10:00+09:00,26100.0,26150.0,26050.0,26050.0,1027.0
2026-09-18 13:15:00+09:00,26100.0,26150.0,26050.0,26100.0,1635.0
2026-09-18 13:20:00+09:00,26150.0,26200.0,26050.0,26150.0,5514.0
2026-09-18 13:25:00+09:00,26200.0,26200.0,26150.0,26200.0,478.0
2026-09-18 13:30:00+09:00,26200.0,26200.0,26150.0,26150.0,691.0
2026-09-18 13:35:00+09:00,26200.0,26300.0,26150.0,26250.0,18986.0
2026-09-18 13:40:00+09:00,26300.0,26300.0,26250.0,26300.0,657.0
2026-09-18 13:45:00+09:00,26250.0,26250.0,26150.0,26150.0,2282.0
2026-09-18 13:50:00+09:00,26150.0,26200.0,26150.0,26150.0,785.0
2026-09-18 13:55:00+09:00,26200.0,26300.0,26150.0,26300.0,11744.0
2026-09-18 14:00:00+09:00,26300.0,26300.0,26250.0,26250.0,684.0
2026-09-18 14:05:00+09:00,26250.0,26300.0,26200.0,26200.0,1069.0
2026-09-18 14:10:00+09:00,26200.0,26250.0,26200.0,26200.0,575.0
2026-09-18 14:15:00+09:00,26200.0,26250.0,26200.0,26250.0,1599.0
2026-09-18 14:20:00+09:00,26200.0,26250.0,26200.0,26200.0,1331.0
2026-09-18 14:25:00+09:00,26200.0,26200.0,26150.0,26200.0,842.0
2026-09-18 14:30:00+09:00,26200.0,26200.0,26100.0,26100.0,5306.0
2026-09-18 14:35:00+09:00,26100.0,26150.0,26050.0,26100.0,1221.0
2026-09-18 14:40:00+09:00,26075.0,26150.0,26075.0,26150.0,6062.0
2026-09-18 14:45:00+09:00,26150.0,26150.0,26100.0,26100.0,1222.0
2026-09-18 14:50:00+09:00,26125.0,26150.0,26100.0,26150.0,1760.0
2026-09-18 14:55:00+09:00,26100.0,26250.0,26100.0,26250.0,13959.0
2026-09-21 09:00:00+09:00,25900.0,26100.0,25700.0,25850.0,0.0
2026-09-21 09:05:00+09:00,25900.0,26000.0,25800.0,25950.0,1522.0
2026-09-21 09:10:00+09:00,25950.0,26300.0,25950.0,26250.0,2203.0
2026-09-21 09:15:00+09:00,26250.0,26350.0,26150.0,26250.0,3034.0
2026-09-21 09:20:00+09:00,26250.0,26400.0,26200.0,26250.0,1748.0
2026-09-21 09:25:00+09:00,26250.0,26300.0,26225.0,26250.0,612.0
2026-09-21 09:30:00+09:00,26250.0,26500.0,26250.0,26350.0,4809.0
2026-09-21 09:35:00+09:00,26350.0,26350.0,26250.0,26300.0,110.0
2026-09-21 09:40:00+09:00,26300.0,26400.0,26250.0,26400.0,1234.0
2026-09-21 09:45:00+09:00,26400.0,26400.0,26350.0,26350.0,187.0
2026-09-21 09:50:00+09:00,26400.0,26400.0,26350.0,26400.0,189.0
2026-09-21 09:55:00+09:00,26350.0,26350.0,26300.0,26350.0,761.0
2026-09-21 10:00:00+09:00,26350.0,26400.0,26350.0,26400.0,485.0
2026-09-21 10:05:00+09:00,26400.0,26400.0,26300.0,26400.0,2157.0
2026-09-21 10:10:00+09:00,26400.0,26450.0,26350.0,26450.0,1218.0
2026-09-21 10:15:00+09:00,26450.0,26550.0,26350.0,26450.0,5761.0
2026-09-21 10:20:00+09:00,26450.0,26500.0,26350.0,26450.0,2622.0
2026-09-21 10:25:00+09:00,26400.0,26500.0,26400.0,26500.0,854.0
2026-09-21 10:30:00+09:00,26500.0,26700.0,26450.0,26650.0,2417.0
2026-09-21 10:35:00+09:00,26650.0,26650.0,26550.0,26600.0,822.0
2026-09-21 10:40:00+09:00,26600.0,26650.0,26550.0,26650.0,402.0
2026-09-21 10:45:00+09:00,26650.0,26650.0,26500.0,26550.0,2394.0
2026-09-21 10:50:00+09:00,26550.0,26550.0,26400.0,26550.0,1130.0
2026-09-21 10:55:00+09:00,26600.0,26600.0,26550.0,26600.0,375.0
2026-09-21 11:00:00+09:00,26600.0,26650.0,26550.0,26600.0,1124.0
2026-09-21 11:05:00+09:00,26650.0,26650.0,26550.0,26600.0,351.0
2026-09-21 11:10:00+09:00,26600.0,26750.0,26600.0,26750.0,2861.0
2026-09-21 11:15:00+09:00,26750.0,26750.0,26650.0,26700.0,1140.0
2026-09-21 11:20:00+09:00,26700.0,26700.0,26600.0,26700.0,638.0
2026-09-21 11:25:00+09:00,26700.0,26700.0,26650.0,26650.0,504.0
2026-09-21 11:30:00+09:00,26650.0,26700.0,26600.0,26700.0,981.0
2026-09-21 11:35:00+09:00,26650.0,26650.0,26600.0,26650.0,1334.0
2026-09-21 11:40:00+09:00,26650.0,26800.0,26600.0,26800.0,1945.0
2026-09-21 11:45:00+09:00,26800.0,26800.0,26750.0,26750.0,296.0
2026-09-21 11:50:00+09:00,26800.0,26800.0,26750.0,26800.0,467.0
2026-09-21 11:55:00+09:00,26750.0,26850.0,26700.0,26850.0,3064.0
2026-09-21 12:00:00+09:00,26800.0,26950.0,26800.0,26950.0,1563.0
2026-09-21 12:05:00+09:00,26900.0,26900.0,26850.0,26850.0,2139.0
2026-09-21 12:10:00+09:00,26850.0,26850.0,26800.0,26850.0,227.0
2026-09-21 12:15:00+09:00,26850.0,26950.0,26850.0,26900.0,2721.0
2026-09-21 12:20:00+09:00,26900.0,26900.0,26850.0,26900.0,1027.0
2026-09-21 12:25:00+09:00,26900.0,26900.0,26800.0,26850.0,1360.0
2026-09-21 12:30:00+09:00,26900.0,26900.0,26850.0,26900.0,196.0
2026-09-21 12:35:00+09:00,26850.0,26900.0,26850.0,26900.0,277.0
2026-09-21 12:40:00+09:00,26900.0,26900.0,26700.0,26750.0,3086.0
2026-09-21 12:45:00+09:00,26750.0,26750.0,26700.0,26750.0,542.0
2026-09-21 12:50:00+09:00,26750.0,26850.0,26700.0,26750.0,1736.0
2026-09-21 12:55:00+09:00,26750.0,26800.0,26750.0,26800.0,825.0
2026-09-21 13:00:00+09:00,26800.0,26800.0,26700.0,26750.0,820.0
2026-09-21 13:05:00+09:00,26700.0,26750.0,26700.0,26750.0,267.0
2026-09-21 13:10:00+09:00,26750.0,26750.0,26700.0,26750.0,416.0
2026-09-21 13:15:00+09:00,26750.0,26750.0,26600.0,26650.0,1824.0
2026-09-21 13:20:00+09:00,26650.0,26650.0,26600.0,26650.0,585.0
2026-09-21 13:25:00+09:00,26650.0,26650.0,26600.0,26650.0,539.0
2026-09-21 13:30:00+09:00,26600.0,26650.0,26600.0,26650.0,296.0
2026-09-21 13:35:00+09:00,26650.0,26700.0,26600.0,26650.0,1069.0
2026-09-21 13:40:00+09:00,26700.0,26700.0,26600.0,26650.0,562.0
2026-09-21 13:45:00+09:00,26650.0,26650.0,26600.0,26650.0,903.0
2026-09-21 13:50:00+09:00,26650.0,26650.0,26550.0,26550.0,1156.0
2026-09-21 13:55:00+09:00,26600.0,26700.0,26500.0,26550.0,2458.0
2026-09-21 14:00:00+09:00,26550.0,26600.0,26500.0,26550.0,248.0
2026-09-21 14:05:00+09:00,26600.0,26600.0,26550.0,26600.0,518.0
2026-09-21 14:10:00+09:00,26600.0,26600.0,26550.0,26600.0,156.0
2026-09-21 14:15:00+09:00,26600.0,26600.0,26550.0,26550.0,409.0
2026-09-21 14:20:00+09:00,26550.0,26600.0,26550.0,26600.0,813.0
2026-09-21 14:25:00+09:00,26550.0,26600.0,26500.0,26500.0,940.0
2026-09-21 14:30:00+09:00,26500.0,26550.0,26500.0,26550.0,685.0
2026-09-21 14:35:00+09:00,26550.0,26550.0,26500.0,26500.0,638.0
2026-09-21 14:40:00+09:00,26550.0,26550.0,26450.0,26550.0,2615.0
2026-09-21 14:45:00+09:00,26550.0,26550.0,26500.0,26500.0,357.0
2026-09-21 14:50:00+09:00,26550.0,26550.0,26500.0,26550.0,708.0
2026-09-21 14:55:00+09:00,26550.0,26550.0,26450.0,26500.0,1533.0
2026-09-22 09:00:00+09:00,26400.0,26600.0,26400.0,26450.0,509.0
2026-09-22 09:05:00+09:00,26450.0,26700.0,26400.0,26550.0,585.0
2026-09-22 09:10:00+09:00,26500.0,26500.0,26300.0,26300.0,2372.0
2026-09-22 09:15:00+09:00,26400.0,26450.0,26300.0,26300.0,738.0
2026-09-22 09:20:00+09:00,26350.0,26500.0,26350.0,26500.0,1398.0
2026-09-22 09:25:00+09:00,26500.0,26600.0,26400.0,26500.0,3060.0
2026-09-22 09:30:00+09:00,26550.0,26600.0,26550.0,26550.0,561.0
2026-09-22 09:35:00+09:00,26550.0,26600.0,26550.0,26600.0,863.0
2026-09-22 09:40:00+09:00,26600.0,26600.0,26550.0,26550.0,784.0
2026-09-22 09:45:00+09:00,26550.0,26550.0,26500.0,26550.0,244.0
2026-09-22 09:50:00+09:00,26550.0,26550.0,26500.0,26500.0,916.0
2026-09-22 09:55:00+09:00,26500.0,26550.0,26500.0,26550.0,192.0
2026-09-22 10:00:00+09:00,26500.0,26550.0,26450.0,26450.0,1606.0
2026-09-22 10:05:00+09:00,26400.0,26450.0,26350.0,26350.0,780.0
2026-09-22 10:10:00+09:00,26400.0,26500.0,26350.0,26500.0,1376.0
2026-09-22 10:15:00+09:00,26450.0,26550.0,26450.0,26500.0,608.0
2026-09-22 10:20:00+09:00,26500.0,26600.0,26500.0,26550.0,512.0
2026-09-22 10:25:00+09:00,26600.0,26600.0,26550.0,26600.0,309.0
2026-09-22 10:30:00+09:00,26550.0,26600.0,26450.0,26500.0,879.0
2026-09-22 10:35:00+09:00,26550.0,26550.0,26450.0,26450.0,157.0
2026-09-22 10:40:00+09:00,26550.0,26550.0,26450.0,26550.0,374.0
2026-09-22 10:45:00+09:00,26550.0,26550.0,26500.0,26550.0,478.0
2026-09-22 10:50:00+09:00,26600.0,26600.0,26450.0,26500.0,785.0
2026-09-22 10:55:00+09:00,26500.0,26500.0,26450.0,26450.0,141.0
2026-09-22 11:00:00+09:00,26500.0,26500.0,26400.0,26400.0,642.0
2026-09-22 11:05:00+09:00,26400.0,26450.0,26400.0,26400.0,117.0
2026-09-22 11:10:00+09:00,26400.0,26450.0,26400.0,26400.0,352.0
2026-09-22 11:15:00+09:00,26450.0,26450.0,26250.0,26250.0,1781.0
2026-09-22 11:20:00+09:00,26250.0,26250.0,26200.0,26200.0,586.0
2026-09-22 11:25:00+09:00,26200.0,26250.0,26200.0,26200.0,487.0
2026-09-22 11:30:00+09:00,26200.0,26250.0,26150.0,26150.0,716.0
2026-09-22 11:35:00+09:00,26150.0,26200.0,26150.0,26200.0,156.0
2026-09-22 11:40:00+09:00,26200.0,26200.0,26100.0,26100.0,769.0
2026-09-22 11:45:00+09:00,26100.0,26150.0,26100.0,26150.0,327.0
2026-09-22 11:50:00+09:00,26100.0,26150.0,26100.0,26100.0,888.0
2026-09-22 11:55:00+09:00,26100.0,26100.0,26050.0,26050.0,162.0
2026-09-22 12:00:00+09:00,26050.0,26100.0,26050.0,26100.0,298.0
2026-09-22 12:05:00+09:00,26050.0,26100.0,26050.0,26050.0,225.0
2026-09-22 12:10:00+09:00,26100.0,26100.0,26050.0,26100.0,242.0
2026-09-22 12:15:00+09:00,26050.0,26100.0,26000.0,26000.0,882.0
2026-09-22 12:20:00+09:00,26000.0,26050.0,26000.0,26000.0,370.0
2026-09-22 12:25:00+09:00,26000.0,26100.0,26000.0,26050.0,315.0
2026-09-22 12:30:00+09:00,26050.0,26100.0,26050.0,26100.0,285.0
2026-09-22 12:35:00+09:00,26100.0,26150.0,26050.0,26050.0,670.0
2026-09-22 12:40:00+09:00,26050.0,26050.0,26050.0,26050.0,235.0
2026-09-22 12:45:00+09:00,26050.0,26075.0,26050.0,26050.0,239.0
2026-09-22 12:50:00+09:00,26050.0,26100.0,26050.0,26050.0,574.0
2026-09-22 12:55:00+09:00,26050.0,26100.0,26050.0,26100.0,237.0
2026-09-22 13:00:00+09:00,26050.0,26100.0,26050.0,26050.0,223.0
2026-09-22 13:05:00+09:00,26100.0,26100.0,26050.0,26050.0,287.0
2026-09-22 13:10:00+09:00,26050.0,26100.0,26050.0,26100.0,164.0
2026-09-22 13:15:00+09:00,26100.0,26100.0,26050.0,26050.0,192.0
2026-09-22 13:20:00+09:00,26100.0,26150.0,26000.0,26150.0,3062.0
2026-09-22 13:25:00+09:00,26100.0,26200.0,26050.0,26150.0,1313.0
2026-09-22 13:30:00+09:00,26100.0,26150.0,26100.0,26100.0,367.0
2026-09-22 13:35:00+09:00,26100.0,26150.0,26100.0,26150.0,347.0
2026-09-22 13:40:00+09:00,26150.0,26200.0,26100.0,26150.0,355.0
2026-09-22 13:45:00+09:00,26150.0,26150.0,26100.0,26100.0,308.0
2026-09-22 13:50:00+09:00,26100.0,26150.0,26100.0,26100.0,189.0
2026-09-22 13:55:00+09:00,26150.0,26150.0,26100.0,26100.0,451.0
2026-09-22 14:00:00+09:00,26100.0,26150.0,26100.0,26150.0,228.0
2026-09-22 14:05:00+09:00,26150.0,26150.0,26100.0,26100.0,264.0
2026-09-22 14:10:00+09:00,26150.0,26150.0,26100.0,26150.0,236.0
2026-09-22 14:15:00+09:00,26150.0,26150.0,26100.0,26100.0,229.0
2026-09-22 14:20:00+09:00,26150.0,26200.0,26100.0,26150.0,2217.0
2026-09-22 14:25:00+09:00,26150.0,26250.0,26050.0,26050.0,1500.0
2026-09-22 14:30:00+09:00,26100.0,26200.0,26100.0,26150.0,1489.0
2026-09-22 14:35:00+09:00,26150.0,26200.0,26100.0,26150.0,762.0
2026-09-22 14:40:00+09:00,26100.0,26200.0,26100.0,26200.0,569.0
2026-09-22 14:45:00+09:00,26150.0,26250.0,26150.0,26200.0,1331.0
2026-09-22 14:50:00+09:00,26150.0,26200.0,26150.0,26200.0,1555.0
2026-09-22 14:55:00+09:00,26150.0,26200.0,26150.0,26200.0,1490.0
