,Open,High,Low,Close,Volume
2026-06-29 09:00:00+09:00,15010.0,15300.0,15010.0,15210.0,12383.0
2026-06-29 09:10:00+09:00,15210.0,15240.0,14890.0,14970.0,19063.0
2026-06-29 09:20:00+09:00,15000.0,15060.0,14920.0,15000.0,9628.0
2026-06-29 09:30:00+09:00,15000.0,15120.0,14970.0,15060.0,13889.0
2026-06-29 09:40:00+09:00,15050.0,15170.0,15030.0,15150.0,7512.0
2026-06-29 09:50:00+09:00,15150.0,15250.0,15130.0,15170.0,13766.0
2026-06-29 10:00:00+09:00,15160.0,15470.0,15130.0,15360.0,32510.0
2026-06-29 10:10:00+09:00,15350.0,15350.0,15220.0,15250.0,10101.0
2026-06-29 10:20:00+09:00,15240.0,15350.0,15140.0,15330.0,10418.0
2026-06-29 10:30:00+09:00,15340.0,15340.0,15230.0,15260.0,3323.0
2026-06-29 10:40:00+09:00,15270.0,15340.0,15220.0,15230.0,6397.0
2026-06-29 10:50:00+09:00,15260.0,15260.0,15120.0,15140.0,6885.0
2026-06-29 11:00:00+09:00,15140.0,15140.0,14980.0,14990.0,9622.0
2026-06-29 11:10:00+09:00,14990.0,15000.0,14780.0,15000.0,12494.0
2026-06-29 11:20:00+09:00,15000.0,15020.0,14930.0,14970.0,6453.0
2026-06-29 11:30:00+09:00,14970.0,15080.0,14960.0,14990.0,10094.0
2026-06-29 11:40:00+09:00,14990.0,15050.0,14960.0,14970.0,3553.0
2026-06-29 11:50:00+09:00,14980.0,15080.0,14970.0,15050.0,5826.0
2026-06-29 12:00:00+09:00,15050.0,15150.0,14970.0,14980.0,13443.0
2026-06-29 12:10:00+09:00,14980.0,15100.0,14940.0,14950.0,6607.0
2026-06-29 12:20:00+09:00,14950.0,14980.0,14860.0,14950.0,11295.0
2026-06-29 12:30:00+09:00,14950.0,14980.0,14940.0,14980.0,3652.0
2026-06-29 12:40:00+09:00,14970.0,15040.0,14970.0,15040.0,4664.0
2026-06-29 12:50:00+09:00,15020.0,15090.0,15020.0,15090.0,1926.0
2026-06-29 13:00:00+09:00,15080.0,15110.0,15060.0,15080.0,5045.0
2026-06-29 13:10:00+09:00,15120.0,15170.0,15070.0,15110.0,5269.0
2026-06-29 13:20:00+09:00,15120.0,15200.0,15120.0,15140.0,7246.0
2026-06-29 13:30:00+09:00,15140.0,15200.0,15130.0,15140.0,4468.0
2026-06-29 13:40:00+09:00,15130.0,15160.0,15080.0,15150.0,5954.0
2026-06-29 13:50:00+09:00,15140.0,15230.0,15090.0,15160.0,5807.0
2026-06-29 14:00:00+09:00,15150.0,15180.0,15130.0,15170.0,4987.0
2026-06-29 14:10:00+09:00,15160.0,15180.0,15080.0,15100.0,4952.0
2026-06-29 14:20:00+09:00,15100.0,15190.0,15090.0,15150.0,9638.0
2026-06-29 14:30:00+09:00,15150.0,15160.0,15080.0,15080.0,8693.0
2026-06-29 14:40:00+09:00,15080.0,15210.0,15080.0,15170.0,11075.0
2026-06-29 14:50:00+09:00,15180.0,15260.0,15150.0,15230.0,12060.0
2026-06-30 09:00:00+09:00,15210.0,15700.0,15170.0,15510.0,61247.0
2026-06-30 09:10:00+09:00,15500.0,15980.0,15360.0,15730.0,67637.0
2026-06-30 09:20:00+09:00,15740.0,15900.0,15540.0,15620.0,17730.0
2026-06-30 09:30:00+09:00,15620.0,15730.0,15520.0,15540.0,11189.0
2026-06-30 09:40:00+09:00,15530.0,15700.0,15400.0,15570.0,13589.0
2026-06-30 09:50:00+09:00,15570.0,15680.0,15530.0,15630.0,9420.0
2026-06-30 10:00:00+09:00,15640.0,15760.0,15610.0,15730.0,10529.0
2026-06-30 10:10:00+09:00,15710.0,15770.0,15610.0,15640.0,14168.0
2026-06-30 10:20:00+09:00,15620.0,15780.0,15610.0,15670.0,7324.0
2026-06-30 10:30:00+09:00,15670.0,15750.0,15530.0,15560.0,14813.0
2026-06-30 10:40:00+09:00,15560.0,15760.0,15540.0,15750.0,8736.0
2026-06-30 10:50:00+09:00,15740.0,15790.0,15660.0,15670.0,10576.0
2026-06-30 11:00:00+09:00,15670.0,15760.0,15480.0,15500.0,14749.0
2026-06-30 11:10:00+09:00,15500.0,15560.0,15400.0,15480.0,11623.0
2026-06-30 11:20:00+09:00,15440.0,15580.0,15400.0,15580.0,6746.0
2026-06-30 11:30:00+09:00,15590.0,15750.0,15580.0,15710.0,8400.0
2026-06-30 11:40:00+09:00,15720.0,15800.0,15710.0,15800.0,13416.0
2026-06-30 11:50:00+09:00,15790.0,15830.0,15700.0,15700.0,12921.0
2026-06-30 12:00:00+09:00,15700.0,15860.0,15700.0,15830.0,11879.0
2026-06-30 12:10:00+09:00,15830.0,15870.0,15800.0,15800.0,11274.0
2026-06-30 12:20:00+09:00,15810.0,15870.0,15770.0,15850.0,9822.0
2026-06-30 12:30:00+09:00,15830.0,15880.0,15760.0,15770.0,8801.0
2026-06-30 12:40:00+09:00,15770.0,15880.0,15750.0,15790.0,8708.0
2026-06-30 12:50:00+09:00,15790.0,15860.0,15730.0,15800.0,9730.0
2026-06-30 13:00:00+09:00,15780.0,15840.0,15780.0,15800.0,7542.0
2026-06-30 13:10:00+09:00,15800.0,15830.0,15780.0,15820.0,8265.0
2026-06-30 13:20:00+09:00,15820.0,15850.0,15760.0,15810.0,11520.0
2026-06-30 13:30:00+09:00,15800.0,15860.0,15800.0,15860.0,7335.0
2026-06-30 13:40:00+09:00,15860.0,15900.0,15840.0,15890.0,14552.0
2026-06-30 13:50:00+09:00,15890.0,15900.0,15740.0,15740.0,15581.0
2026-06-30 14:00:00+09:00,15740.0,15800.0,15730.0,15750.0,6287.0
2026-06-30 14:10:00+09:00,15750.0,15800.0,15690.0,15800.0,10173.0
2026-06-30 14:20:00+09:00,15790.0,15810.0,15770.0,15800.0,7794.0
2026-06-30 14:30:00+09:00,15790.0,15870.0,15780.0,15860.0,10118.0
2026-06-30 14:40:00+09:00,15860.0,15890.0,15850.0,15880.0,7229.0
2026-06-30 14:50:00+09:00,15890.0,15910.0,15860.0,15870.0,18394.0
2026-07-01 09:00:00+09:00,15690.0,15780.0,15420.0,15480.0,16434.0
2026-07-01 09:10:00+09:00,15480.0,15530.0,15320.0,15530.0,14549.0
2026-07-01 09:20:00+09:00,15460.0,15600.0,15460.0,15590.0,5785.0
2026-07-01 09:30:00+09:00,15570.0,15720.0,15570.0,15720.0,9168.0
2026-07-01 09:40:00+09:00,15710.0,15900.0,15680.0,15840.0,29009.0
2026-07-01 09:50:00+09:00,15830.0,15970.0,15790.0,15810.0,12323.0
2026-07-01 10:00:00+09:00,15810.0,15930.0,15770.0,15880.0,10666.0
2026-07-01 10:10:00+09:00,15890.0,16080.0,15880.0,16000.0,23236.0
2026-07-01 10:20:00+09:00,15980.0,16110.0,15940.0,15970.0,16520.0
2026-07-01 10:30:00+09:00,15970.0,16030.0,15910.0,15980.0,8659.0
2026-07-01 10:40:00+09:00,15970.0,16050.0,15930.0,16000.0,5834.0
2026-07-01 10:50:00+09:00,15980.0,16210.0,15980.0,16170.0,34374.0
2026-07-01 11:00:00+09:00,16170.0,16210.0,16050.0,16090.0,17782.0
2026-07-01 11:10:00+09:00,16050.0,16080.0,15910.0,15910.0,13296.0
2026-07-01 11:20:00+09:00,15910.0,16000.0,15900.0,15930.0,3656.0
2026-07-01 11:30:00+09:00,15930.0,15950.0,15830.0,15880.0,10846.0
2026-07-01 11:40:00+09:00,15830.0,16050.0,15830.0,16050.0,5254.0
2026-07-01 11:50:00+09:00,16040.0,16100.0,16020.0,16020.0,5917.0
2026-07-01 12:00:00+09:00,16020.0,16030.0,15940.0,15940.0,3620.0
2026-07-01 12:10:00+09:00,15940.0,16200.0,15930.0,16200.0,7958.0
2026-07-01 12:20:00+09:00,16190.0,16280.0,16180.0,16280.0,22394.0
2026-07-01 12:30:00+09:00,16270.0,16350.0,16260.0,16320.0,22764.0
2026-07-01 12:40:00+09:00,16330.0,16430.0,16320.0,16410.0,15726.0
2026-07-01 12:50:00+09:00,16410.0,16430.0,16370.0,16420.0,8729.0
2026-07-01 13:00:00+09:00,16415.0,16420.0,16300.0,16330.0,8665.0
2026-07-01 13:10:00+09:00,16350.0,16350.0,16210.0,16215.0,11831.0
2026-07-01 13:20:00+09:00,16215.0,16350.0,16180.0,16300.0,10943.0
2026-07-01 13:30:00+09:00,16300.0,16320.0,16190.0,16220.0,10758.0
2026-07-01 13:40:00+09:00,16220.0,16320.0,16210.0,16240.0,10443.0
2026-07-01 13:50:00+09:00,16250.0,16290.0,16210.0,16210.0,6952.0
2026-07-01 14:00:00+09:00,16210.0,16250.0,16170.0,16250.0,7169.0
2026-07-01 14:10:00+09:00,16240.0,16320.0,16240.0,16315.0,4097.0
2026-07-01 14:20:00+09:00,16315.0,16370.0,16290.0,16360.0,12210.0
2026-07-01 14:30:00+09:00,16360.0,16440.0,16350.0,16410.0,13895.0
2026-07-01 14:40:00+09:00,16410.0,16530.0,16400.0,16500.0,24509.0
2026-07-01 14:50:00+09:00,16480.0,16530.0,16420.0,16530.0,20747.0
2026-07-02 09:00:00+09:00,15880.0,16000.0,15290.0,15730.0,31459.0
2026-07-02 09:10:00+09:00,15690.0,15760.0,15570.0,15700.0,10378.0
2026-07-02 09:20:00+09:00,15690.0,16100.0,15690.0,16100.0,14820.0
2026-07-02 09:30:00+09:00,16050.0,16110.0,15760.0,16080.0,11109.0
2026-07-02 09:40:00+09:00,16080.0,16130.0,15970.0,16110.0,9313.0
2026-07-02 09:50:00+09:00,16110.0,16150.0,15990.0,16000.0,6898.0
2026-07-02 10:00:00+09:00,16000.0,16120.0,15990.0,16040.0,4799.0
2026-07-02 10:10:00+09:00,16030.0,16160.0,16030.0,16160.0,7398.0
2026-07-02 10:20:00+09:00,16140.0,16300.0,16140.0,16300.0,14016.0
2026-07-02 10:30:00+09:00,16290.0,16450.0,16290.0,16400.0,9326.0
2026-07-02 10:40:00+09:00,16390.0,16420.0,16280.0,16300.0,5697.0
2026-07-02 10:50:00+09:00,16290.0,16340.0,15450.0,16320.0,32687.0
2026-07-02 11:00:00+09:00,16310.0,16400.0,16300.0,16340.0,7955.0
2026-07-02 11:10:00+09:00,16330.0,16380.0,16310.0,16350.0,4701.0
2026-07-02 11:20:00+09:00,16310.0,16370.0,16240.0,16250.0,5826.0
2026-07-02 11:30:00+09:00,16250.0,16350.0,16230.0,16310.0,7422.0
2026-07-02 11:40:00+09:00,16290.0,16360.0,16290.0,16320.0,3676.0
2026-07-02 11:50:00+09:00,16310.0,16340.0,16270.0,16290.0,4391.0
2026-07-02 12:00:00+09:00,16280.0,16340.0,16280.0,16310.0,5714.0
2026-07-02 12:10:00+09:00,16290.0,16340.0,16260.0,16290.0,5818.0
2026-07-02 12:20:00+09:00,16280.0,16330.0,16190.0,16210.0,8991.0
2026-07-02 12:30:00+09:00,16200.0,16240.0,16170.0,16210.0,5793.0
2026-07-02 12:40:00+09:00,16210.0,16220.0,16150.0,16180.0,5323.0
2026-07-02 12:50:00+09:00,16160.0,16220.0,16140.0,16170.0,3344.0
2026-07-02 13:00:00+09:00,16160.0,16220.0,16120.0,16200.0,5068.0
2026-07-02 13:10:00+09:00,16200.0,16230.0,16170.0,16190.0,4066.0
2026-07-02 13:20:00+09:00,16190.0,16230.0,16090.0,16190.0,8298.0
2026-07-02 13:30:00+09:00,16180.0,16280.0,16180.0,16280.0,5195.0
2026-07-02 13:40:00+09:00,16270.0,16280.0,16170.0,16210.0,3862.0
2026-07-02 13:50:00+09:00,16210.0,16330.0,16180.0,16310.0,5244.0
2026-07-02 14:00:00+09:00,16320.0,16350.0,16280.0,16350.0,5802.0
2026-07-02 14:10:00+09:00,16350.0,16350.0,16290.0,16310.0,6992.0
2026-07-02 14:20:00+09:00,16310.0,16340.0,16110.0,16130.0,12300.0
2026-07-02 14:30:00+09:00,16130.0,16140.0,16020.0,16070.0,8248.0
2026-07-02 14:40:00+09:00,16070.0,16300.0,15900.0,15900.0,10143.0
2026-07-02 14:50:00+09:00,15920.0,16010.0,15800.0,15870.0,8101.0
2026-07-03 09:00:00+09:00,15740.0,15800.0,15470.0,15500.0,8802.0
2026-07-03 09:10:00+09:00,15500.0,15600.0,15150.0,15170.0,11175.0
2026-07-03 09:20:00+09:00,15160.0,15330.0,15020.0,15080.0,11995.0
2026-07-03 09:30:00+09:00,15040.0,15290.0,14910.0,15010.0,14427.0
2026-07-03 09:40:00+09:00,15010.0,15010.0,14850.0,14960.0,7192.0
2026-07-03 09:50:00+09:00,14910.0,15000.0,14870.0,14870.0,6207.0
2026-07-03 10:00:00+09:00,14870.0,15080.0,14870.0,15070.0,2966.0
2026-07-03 10:10:00+09:00,15060.0,15110.0,15060.0,15100.0,4982.0
2026-07-03 10:20:00+09:00,15100.0,15100.0,15030.0,15030.0,2291.0
2026-07-03 10:30:00+09:00,15030.0,15050.0,14900.0,14940.0,3278.0
2026-07-03 10:40:00+09:00,14940.0,15090.0,14920.0,14980.0,1710.0
2026-07-03 10:50:00+09:00,14980.0,14990.0,14690.0,14740.0,10299.0
2026-07-03 11:00:00+09:00,14750.0,14870.0,14740.0,14770.0,2357.0
2026-07-03 11:10:00+09:00,14770.0,14860.0,14750.0,14780.0,2396.0
2026-07-03 11:20:00+09:00,14780.0,14860.0,14770.0,14860.0,1389.0
2026-07-03 11:30:00+09:00,14850.0,15160.0,14840.0,15150.0,4085.0
2026-07-03 11:40:00+09:00,15150.0,15200.0,15000.0,15020.0,2900.0
2026-07-03 11:50:00+09:00,15020.0,15190.0,15020.0,15110.0,1610.0
2026-07-03 12:00:00+09:00,15110.0,15140.0,14980.0,14990.0,3474.0
2026-07-03 12:10:00+09:00,14990.0,15160.0,14980.0,15100.0,3534.0
2026-07-03 12:20:00+09:00,15100.0,15220.0,15100.0,15140.0,3638.0
2026-07-03 12:30:00+09:00,15120.0,15150.0,14980.0,15080.0,3256.0
2026-07-03 12:40:00+09:00,15080.0,15120.0,15030.0,15080.0,2044.0
2026-07-03 12:50:00+09:00,15080.0,15120.0,15040.0,15050.0,3940.0
2026-07-03 13:00:00+09:00,15040.0,15100.0,14990.0,15010.0,3868.0
2026-07-03 13:10:00+09:00,15020.0,15020.0,14780.0,14840.0,8846.0
2026-07-03 13:20:00+09:00,14840.0,14880.0,14770.0,14840.0,4246.0
2026-07-03 13:30:00+09:00,14840.0,14890.0,14740.0,14780.0,5762.0
2026-07-03 13:40:00+09:00,14770.0,14900.0,14770.0,14870.0,6820.0
2026-07-03 13:50:00+09:00,14870.0,14950.0,14850.0,14910.0,3231.0
2026-07-03 14:00:00+09:00,14880.0,14990.0,14880.0,14960.0,3903.0
2026-07-03 14:10:00+09:00,14960.0,14980.0,14910.0,14930.0,3480.0
2026-07-03 14:20:00+09:00,14930.0,14970.0,14900.0,14940.0,3404.0
2026-07-03 14:30:00+09:00,14950.0,15020.0,14930.0,15000.0,3389.0
2026-07-03 14:40:00+09:00,15010.0,15010.0,14900.0,14900.0,10348.0
2026-07-03 14:50:00+09:00,14910.0,14960.0,14890.0,14910.0,4850.0
2026-07-06 09:00:00+09:00,14900.0,14940.0,14810.0,14910.0,1535.0
2026-07-06 09:10:00+09:00,14900.0,15040.0,14860.0,14990.0,3443.0
2026-07-06 09:20:00+09:00,14990.0,15030.0,14700.0,14700.0,5599.0
2026-07-06 09:30:00+09:00,14710.0,14730.0,14500.0,14560.0,7561.0
2026-07-06 09:40:00+09:00,14560.0,14600.0,14510.0,14520.0,9705.0
2026-07-06 09:50:00+09:00,14520.0,14570.0,14350.0,14410.0,9887.0
2026-07-06 10:00:00+09:00,14410.0,14440.0,14330.0,14370.0,6330.0
2026-07-06 10:10:00+09:00,14360.0,14380.0,14200.0,14280.0,10305.0
2026-07-06 10:20:00+09:00,14290.0,14290.0,14060.0,14110.0,9102.0
2026-07-06 10:30:00+09:00,14110.0,14120.0,13990.0,14010.0,14971.0
2026-07-06 10:40:00+09:00,14000.0,14090.0,14000.0,14030.0,5233.0
2026-07-06 10:50:00+09:00,14040.0,14320.0,14000.0,14290.0,10232.0
2026-07-06 11:00:00+09:00,14290.0,14320.0,14240.0,14250.0,3421.0
2026-07-06 11:10:00+09:00,14250.0,14320.0,14240.0,14320.0,4664.0
2026-07-06 11:20:00+09:00,14310.0,14320.0,14190.0,14200.0,2847.0
2026-07-06 11:30:00+09:00,14200.0,14200.0,14110.0,14110.0,5170.0
2026-07-06 11:40:00+09:00,14120.0,14120.0,14000.0,14060.0,8485.0
2026-07-06 11:50:00+09:00,14060.0,14090.0,14050.0,14080.0,2915.0
2026-07-06 12:00:00+09:00,14080.0,14180.0,14050.0,14180.0,3560.0
2026-07-06 12:10:00+09:00,14190.0,14410.0,14190.0,14390.0,6419.0
2026-07-06 12:20:00+09:00,14390.0,14420.0,14380.0,14390.0,1495.0
2026-07-06 12:30:00+09:00,14400.0,14470.0,14390.0,14420.0,3699.0
2026-07-06 12:40:00+09:00,14420.0,14470.0,14360.0,14450.0,4536.0
2026-07-06 12:50:00+09:00,14470.0,14610.0,14440.0,14590.0,5972.0
2026-07-06 13:00:00+09:00,14590.0,14590.0,14470.0,14540.0,4016.0
2026-07-06 13:10:00+09:00,14540.0,14730.0,14530.0,14720.0,9913.0
2026-07-06 13:20:00+09:00,14720.0,14870.0,14690.0,14770.0,6494.0
2026-07-06 13:30:00+09:00,14760.0,14830.0,14710.0,14750.0,3522.0
2026-07-06 13:40:00+09:00,14760.0,14860.0,14750.0,14810.0,3259.0
2026-07-06 13:50:00+09:00,14830.0,14850.0,14750.0,14770.0,4657.0
2026-07-06 14:00:00+09:00,14840.0,14900.0,14770.0,14890.0,5722.0
2026-07-06 14:10:00+09:00,14890.0,14890.0,14760.0,14810.0,3828.0
2026-07-06 14:20:00+09:00,14810.0,14880.0,14780.0,14880.0,4486.0
2026-07-06 14:30:00+09:00,14870.0,14880.0,14860.0,14870.0,2490.0
2026-07-06 14:40:00+09:00,14880.0,14900.0,14870.0,14870.0,4533.0
2026-07-06 14:50:00+09:00,14870.0,14940.0,14860.0,14930.0,3665.0
2026-07-07 09:00:00+09:00,14800.0,15080.0,14360.0,14920.0,12145.0
2026-07-07 09:10:00+09:00,14800.0,15080.0,14800.0,14970.0,5395.0
2026-07-07 09:20:00+09:00,14960.0,15200.0,14920.0,15190.0,5722.0
2026-07-07 09:30:00+09:00,15200.0,15290.0,15050.0,15050.0,5188.0
2026-07-07 09:40:00+09:00,15070.0,15070.0,14960.0,15000.0,4287.0
2026-07-07 09:50:00+09:00,14990.0,15070.0,14950.0,15000.0,3289.0
2026-07-07 10:00:00+09:00,15000.0,15010.0,14870.0,14970.0,7032.0
2026-07-07 10:10:00+09:00,14920.0,14980.0,14730.0,14730.0,4150.0
2026-07-07 10:20:00+09:00,14730.0,14800.0,14670.0,14700.0,1178.0
2026-07-07 10:30:00+09:00,14680.0,14730.0,14630.0,14730.0,1821.0
2026-07-07 10:40:00+09:00,14700.0,14950.0,14640.0,14950.0,1255.0
2026-07-07 10:50:00+09:00,14870.0,14930.0,14760.0,14840.0,3602.0
2026-07-07 11:00:00+09:00,14830.0,14910.0,14800.0,14840.0,1530.0
2026-07-07 11:10:00+09:00,14830.0,14850.0,14740.0,14760.0,1583.0
2026-07-07 11:20:00+09:00,14800.0,14820.0,14750.0,14800.0,977.0
2026-07-07 11:30:00+09:00,14810.0,14870.0,14740.0,14800.0,2339.0
2026-07-07 11:40:00+09:00,14780.0,14850.0,14770.0,14770.0,1861.0
2026-07-07 11:50:00+09:00,14770.0,14830.0,14770.0,14800.0,1398.0
2026-07-07 12:00:00+09:00,14790.0,14810.0,14740.0,14810.0,2481.0
2026-07-07 12:10:00+09:00,14810.0,14850.0,14750.0,14770.0,1945.0
2026-07-07 12:20:00+09:00,14760.0,14790.0,14710.0,14720.0,1929.0
2026-07-07 12:30:00+09:00,14720.0,14730.0,14650.0,14730.0,2238.0
2026-07-07 12:40:00+09:00,14700.0,14720.0,14680.0,14680.0,685.0
2026-07-07 12:50:00+09:00,14680.0,14680.0,14590.0,14630.0,2775.0
2026-07-07 13:00:00+09:00,14620.0,14730.0,14620.0,14670.0,1655.0
2026-07-07 13:10:00+09:00,14660.0,14830.0,14640.0,14810.0,1631.0
2026-07-07 13:20:00+09:00,14810.0,14840.0,14650.0,14720.0,3331.0
2026-07-07 13:30:00+09:00,14640.0,14790.0,14640.0,14730.0,1439.0
2026-07-07 13:40:00+09:00,14730.0,14770.0,14650.0,14660.0,3932.0
2026-07-07 13:50:00+09:00,14660.0,14690.0,14660.0,14670.0,262.0
2026-07-07 14:20:00+09:00,14700.0,14760.0,14570.0,14610.0,10273.0
2026-07-07 14:30:00+09:00,14580.0,14900.0,14580.0,14900.0,4452.0
2026-07-07 14:40:00+09:00,14830.0,14940.0,14700.0,14730.0,4637.0
2026-07-07 14:50:00+09:00,14730.0,14900.0,14650.0,14880.0,3762.0
2026-07-08 09:00:00+09:00,14900.0,14900.0,14450.0,14460.0,6029.0
2026-07-08 09:10:00+09:00,14460.0,14510.0,14300.0,14310.0,6087.0
2026-07-08 09:20:00+09:00,14310.0,14800.0,14210.0,14340.0,5879.0
2026-07-08 09:30:00+09:00,14250.0,14370.0,14210.0,14270.0,3157.0
2026-07-08 09:40:00+09:00,14270.0,14500.0,14270.0,14440.0,1766.0
2026-07-08 09:50:00+09:00,14380.0,14670.0,14380.0,14600.0,2684.0
2026-07-08 10:00:00+09:00,14640.0,14650.0,14580.0,14580.0,634.0
2026-07-08 10:10:00+09:00,14540.0,14680.0,14500.0,14600.0,3478.0
2026-07-08 10:20:00+09:00,14590.0,14600.0,14530.0,14560.0,2634.0
2026-07-08 10:30:00+09:00,14550.0,14550.0,14450.0,14460.0,2716.0
2026-07-08 10:40:00+09:00,14460.0,14520.0,14450.0,14480.0,1149.0
2026-07-08 10:50:00+09:00,14470.0,14480.0,14340.0,14340.0,6539.0
2026-07-08 11:00:00+09:00,14340.0,14340.0,14140.0,14160.0,8500.0
2026-07-08 11:10:00+09:00,14160.0,14190.0,14150.0,14180.0,1782.0
2026-07-08 11:20:00+09:00,14160.0,14320.0,14150.0,14230.0,1757.0
2026-07-08 11:30:00+09:00,14230.0,14230.0,14180.0,14190.0,1395.0
2026-07-08 11:40:00+09:00,14180.0,14240.0,14140.0,14230.0,3400.0
2026-07-08 11:50:00+09:00,14220.0,14230.0,14160.0,14190.0,1402.0
2026-07-08 12:00:00+09:00,14180.0,14290.0,14180.0,14280.0,1277.0
2026-07-08 12:10:00+09:00,14260.0,14350.0,14260.0,14310.0,1084.0
2026-07-08 12:20:00+09:00,14310.0,14400.0,14310.0,14390.0,2235.0
2026-07-08 12:30:00+09:00,14380.0,14420.0,14360.0,14400.0,1804.0
2026-07-08 12:40:00+09:00,14390.0,14400.0,14340.0,14350.0,2118.0
2026-07-08 12:50:00+09:00,14350.0,14360.0,14310.0,14320.0,2594.0
2026-07-08 13:00:00+09:00,14310.0,14320.0,14120.0,14120.0,4497.0
2026-07-08 13:10:00+09:00,14120.0,14130.0,14070.0,14070.0,4802.0
2026-07-08 13:20:00+09:00,14060.0,14230.0,14050.0,14130.0,7077.0
2026-07-08 13:30:00+09:00,14130.0,14130.0,13950.0,13950.0,11485.0
2026-07-08 13:40:00+09:00,13960.0,13990.0,13500.0,13870.0,14806.0
2026-07-08 13:50:00+09:00,13840.0,13920.0,13700.0,13810.0,8928.0
2026-07-08 14:00:00+09:00,13810.0,13940.0,13790.0,13890.0,4374.0
2026-07-08 14:10:00+09:00,13880.0,14050.0,13870.0,13940.0,4170.0
2026-07-08 14:20:00+09:00,13920.0,14010.0,13900.0,14000.0,9751.0
2026-07-08 14:30:00+09:00,14010.0,14020.0,13900.0,13930.0,4604.0
2026-07-08 14:40:00+09:00,13930.0,14050.0,13930.0,14020.0,4040.0
2026-07-08 14:50:00+09:00,14030.0,14130.0,13980.0,14120.0,5019.0
2026-07-09 09:00:00+09:00,13940.0,13990.0,13710.0,13840.0,6262.0
2026-07-09 09:10:00+09:00,13860.0,13920.0,13630.0,13740.0,6880.0
2026-07-09 09:20:00+09:00,13870.0,13870.0,13640.0,13640.0,6808.0
2026-07-09 09:30:00+09:00,13640.0,13730.0,13480.0,13510.0,6934.0
2026-07-09 09:40:00+09:00,13510.0,13580.0,13460.0,13580.0,7165.0
2026-07-09 09:50:00+09:00,13530.0,13580.0,13290.0,13290.0,8920.0
2026-07-09 10:00:00+09:00,13290.0,13370.0,13290.0,13350.0,7077.0
2026-07-09 10:10:00+09:00,13320.0,13380.0,13250.0,13260.0,6862.0
2026-07-09 10:20:00+09:00,13260.0,13290.0,13210.0,13240.0,6917.0
2026-07-09 10:30:00+09:00,13240.0,13260.0,13160.0,13180.0,24733.0
2026-07-09 10:40:00+09:00,13190.0,13190.0,13140.0,13140.0,5184.0
2026-07-09 10:50:00+09:00,13140.0,13180.0,13020.0,13020.0,9408.0
2026-07-09 11:00:00+09:00,13020.0,13030.0,12900.0,12940.0,11211.0
2026-07-09 11:10:00+09:00,12930.0,13020.0,12910.0,12980.0,5749.0
2026-07-09 11:20:00+09:00,12950.0,13100.0,12910.0,12970.0,10043.0
2026-07-09 11:30:00+09:00,12960.0,12980.0,12810.0,12840.0,8556.0
2026-07-09 11:40:00+09:00,12830.0,12860.0,12690.0,12700.0,6353.0
2026-07-09 11:50:00+09:00,12700.0,12710.0,12630.0,12650.0,6699.0
2026-07-09 12:00:00+09:00,12660.0,12700.0,12560.0,12610.0,5498.0
2026-07-09 12:10:00+09:00,12570.0,12600.0,12420.0,12420.0,6641.0
2026-07-09 12:20:00+09:00,12420.0,12620.0,12420.0,12570.0,5960.0
2026-07-09 12:30:00+09:00,12580.0,12690.0,12570.0,12590.0,4551.0
2026-07-09 12:40:00+09:00,12590.0,12670.0,12570.0,12620.0,4525.0
2026-07-09 12:50:00+09:00,12610.0,12720.0,12610.0,12670.0,4912.0
2026-07-09 13:00:00+09:00,12670.0,13000.0,12630.0,12820.0,10783.0
2026-07-09 13:10:00+09:00,12820.0,12900.0,12760.0,12890.0,5719.0
2026-07-09 13:20:00+09:00,12890.0,12920.0,12800.0,12830.0,7170.0
2026-07-09 13:30:00+09:00,12830.0,12980.0,12830.0,12960.0,6432.0
2026-07-09 13:40:00+09:00,12950.0,13000.0,12850.0,12890.0,6666.0
2026-07-09 13:50:00+09:00,12890.0,13110.0,12860.0,13060.0,20396.0
2026-07-09 14:00:00+09:00,13060.0,13090.0,12920.0,12930.0,9494.0
2026-07-09 14:10:00+09:00,12930.0,13080.0,12930.0,12990.0,8751.0
2026-07-09 14:20:00+09:00,12990.0,13000.0,12890.0,12900.0,9614.0
2026-07-09 14:30:00+09:00,12910.0,12990.0,12740.0,12940.0,12469.0
2026-07-09 14:40:00+09:00,12940.0,13000.0,12930.0,12980.0,8888.0
2026-07-09 14:50:00+09:00,12980.0,13090.0,12970.0,13080.0,13330.0
2026-07-10 09:00:00+09:00,12930.0,13450.0,12930.0,13420.0,20356.0
2026-07-10 09:10:00+09:00,13350.0,13720.0,13350.0,13620.0,9905.0
2026-07-10 09:20:00+09:00,13640.0,13770.0,13630.0,13690.0,12160.0
2026-07-10 09:30:00+09:00,13660.0,13690.0,13610.0,13620.0,5986.0
2026-07-10 09:40:00+09:00,13620.0,13760.0,13520.0,13760.0,16817.0
2026-07-10 09:50:00+09:00,13700.0,13830.0,13680.0,13760.0,7616.0
2026-07-10 10:00:00+09:00,13760.0,13800.0,13730.0,13750.0,2197.0
2026-07-10 10:10:00+09:00,13750.0,13800.0,13710.0,13790.0,4036.0
2026-07-10 10:20:00+09:00,13760.0,13850.0,13760.0,13840.0,1358.0
2026-07-10 10:30:00+09:00,13810.0,13940.0,13810.0,13880.0,3317.0
2026-07-10 10:40:00+09:00,13940.0,13950.0,13880.0,13940.0,1880.0
2026-07-10 10:50:00+09:00,13950.0,14010.0,13950.0,13980.0,2940.0
2026-07-10 11:00:00+09:00,13960.0,13990.0,13920.0,13980.0,2789.0
2026-07-10 11:10:00+09:00,13990.0,14030.0,13920.0,14030.0,4924.0
2026-07-10 11:20:00+09:00,14040.0,14040.0,14010.0,14020.0,1154.0
2026-07-10 11:30:00+09:00,14030.0,14120.0,14000.0,14110.0,4949.0
2026-07-10 11:40:00+09:00,14110.0,14140.0,14070.0,14100.0,2667.0
2026-07-10 11:50:00+09:00,14090.0,14110.0,14090.0,14090.0,1468.0
2026-07-10 12:00:00+09:00,14080.0,14120.0,14070.0,14100.0,1062.0
2026-07-10 12:10:00+09:00,14100.0,14120.0,14090.0,14110.0,1252.0
2026-07-10 12:20:00+09:00,14100.0,14110.0,14070.0,14100.0,1577.0
2026-07-10 12:30:00+09:00,14070.0,14090.0,14050.0,14050.0,1863.0
2026-07-10 12:40:00+09:00,14060.0,14070.0,14030.0,14030.0,1418.0
2026-07-10 12:50:00+09:00,14030.0,14040.0,14000.0,14000.0,2026.0
2026-07-10 13:00:00+09:00,14000.0,14160.0,14000.0,14130.0,3493.0
2026-07-10 13:10:00+09:00,14120.0,14150.0,14120.0,14130.0,2253.0
2026-07-10 13:20:00+09:00,14120.0,14130.0,14060.0,14100.0,3149.0
2026-07-10 13:30:00+09:00,14100.0,14140.0,14090.0,14090.0,2566.0
2026-07-10 13:40:00+09:00,14100.0,14110.0,14080.0,14110.0,646.0
2026-07-10 13:50:00+09:00,14090.0,14110.0,14050.0,14060.0,1397.0
2026-07-10 14:00:00+09:00,14050.0,14120.0,14040.0,14050.0,2232.0
2026-07-10 14:10:00+09:00,14040.0,14190.0,14040.0,14170.0,3966.0
2026-07-10 14:20:00+09:00,14160.0,14220.0,14160.0,14220.0,3688.0
2026-07-10 14:30:00+09:00,14210.0,14220.0,14170.0,14220.0,3920.0
2026-07-10 14:40:00+09:00,14230.0,14300.0,14210.0,14260.0,2283.0
2026-07-10 14:50:00+09:00,14260.0,14330.0,14190.0,14190.0,7548.0
2026-07-13 09:00:00+09:00,14000.0,14450.0,13900.0,14420.0,3070.0
2026-07-13 09:10:00+09:00,14430.0,14460.0,14250.0,14340.0,1468.0
2026-07-13 09:20:00+09:00,14310.0,14560.0,14310.0,14510.0,4966.0
2026-07-13 09:30:00+09:00,14510.0,14550.0,14400.0,14430.0,2172.0
2026-07-13 09:40:00+09:00,14420.0,14480.0,14340.0,14460.0,5045.0
2026-07-13 09:50:00+09:00,14450.0,14460.0,14300.0,14360.0,4264.0
2026-07-13 10:00:00+09:00,14340.0,14390.0,14260.0,14310.0,2512.0
2026-07-13 10:10:00+09:00,14290.0,14440.0,14290.0,14370.0,1899.0
2026-07-13 10:20:00+09:00,14330.0,14370.0,14300.0,14340.0,4539.0
2026-07-13 10:30:00+09:00,14310.0,14580.0,14290.0,14480.0,4338.0
2026-07-13 10:40:00+09:00,14480.0,14480.0,14280.0,14310.0,4264.0
2026-07-13 10:50:00+09:00,14300.0,14310.0,14130.0,14160.0,6266.0
2026-07-13 11:00:00+09:00,14190.0,14220.0,14080.0,14150.0,3759.0
2026-07-13 11:10:00+09:00,14080.0,14230.0,14080.0,14160.0,2066.0
2026-07-13 11:20:00+09:00,14160.0,14290.0,14140.0,14280.0,1861.0
2026-07-13 11:30:00+09:00,14280.0,14300.0,14150.0,14250.0,1355.0
2026-07-13 11:40:00+09:00,14180.0,14280.0,14140.0,14140.0,1817.0
2026-07-13 11:50:00+09:00,14140.0,14210.0,14100.0,14170.0,1373.0
2026-07-13 12:00:00+09:00,14110.0,14180.0,14050.0,14100.0,1868.0
2026-07-13 12:10:00+09:00,14050.0,14080.0,13950.0,13990.0,5689.0
2026-07-13 12:20:00+09:00,13970.0,14010.0,13920.0,13970.0,1393.0
2026-07-13 12:30:00+09:00,13940.0,14000.0,13910.0,13990.0,2362.0
2026-07-13 12:40:00+09:00,13970.0,14010.0,13920.0,13940.0,1510.0
2026-07-13 12:50:00+09:00,13940.0,13960.0,13910.0,13960.0,1804.0
2026-07-13 13:00:00+09:00,13960.0,14030.0,13850.0,13850.0,1141.0
2026-07-13 13:10:00+09:00,13850.0,13890.0,13760.0,13810.0,3043.0
2026-07-13 13:20:00+09:00,13820.0,13860.0,13770.0,13790.0,513.0
2026-07-13 13:50:00+09:00,13780.0,13780.0,13730.0,13740.0,1007.0
2026-07-13 14:00:00+09:00,13750.0,13850.0,13700.0,13850.0,3241.0
2026-07-13 14:10:00+09:00,13850.0,13940.0,13810.0,13830.0,1614.0
2026-07-13 14:20:00+09:00,13830.0,13840.0,13710.0,13720.0,2714.0
2026-07-13 14:30:00+09:00,13730.0,13900.0,13680.0,13890.0,1734.0
2026-07-13 14:40:00+09:00,13850.0,13890.0,13750.0,13810.0,1065.0
2026-07-13 14:50:00+09:00,13810.0,13830.0,13730.0,13740.0,1485.0
2026-07-14 09:00:00+09:00,13400.0,13660.0,13260.0,13330.0,5447.0
2026-07-14 09:10:00+09:00,13310.0,13500.0,13260.0,13280.0,3090.0
2026-07-14 09:20:00+09:00,13270.0,13350.0,13240.0,13290.0,3282.0
2026-07-14 09:30:00+09:00,13260.0,13400.0,13260.0,13320.0,1424.0
2026-07-14 09:40:00+09:00,13300.0,13320.0,13200.0,13210.0,2061.0
2026-07-14 09:50:00+09:00,13220.0,13480.0,13220.0,13330.0,1308.0
2026-07-14 10:00:00+09:00,13330.0,13360.0,13290.0,13330.0,1661.0
2026-07-14 10:10:00+09:00,13330.0,13330.0,13260.0,13260.0,1369.0
2026-07-14 10:20:00+09:00,13260.0,13310.0,13260.0,13300.0,755.0
2026-07-14 10:30:00+09:00,13300.0,13330.0,13260.0,13270.0,6360.0
2026-07-14 10:40:00+09:00,13280.0,13360.0,13260.0,13320.0,1724.0
2026-07-14 10:50:00+09:00,13300.0,13330.0,13250.0,13270.0,3025.0
2026-07-14 11:00:00+09:00,13270.0,13400.0,13260.0,13280.0,2527.0
2026-07-14 11:10:00+09:00,13260.0,13280.0,13190.0,13210.0,5772.0
2026-07-14 11:20:00+09:00,13200.0,13210.0,13100.0,13100.0,2161.0
2026-07-14 11:30:00+09:00,13120.0,13240.0,13100.0,13240.0,1775.0
2026-07-14 11:40:00+09:00,13140.0,13400.0,13140.0,13290.0,1912.0
2026-07-14 11:50:00+09:00,13280.0,13330.0,13240.0,13240.0,1477.0
2026-07-14 12:00:00+09:00,13250.0,13390.0,13220.0,13330.0,3333.0
2026-07-14 12:10:00+09:00,13330.0,13330.0,13180.0,13280.0,11323.0
2026-07-14 12:20:00+09:00,13200.0,13330.0,13200.0,13330.0,2827.0
2026-07-14 12:30:00+09:00,13340.0,13540.0,13300.0,13390.0,1013.0
2026-07-14 12:40:00+09:00,13390.0,13500.0,13300.0,13450.0,5427.0
2026-07-14 12:50:00+09:00,13450.0,13530.0,13390.0,13470.0,1710.0
2026-07-14 13:00:00+09:00,13400.0,13530.0,13390.0,13490.0,1131.0
2026-07-14 13:10:00+09:00,13500.0,13540.0,13440.0,13500.0,840.0
2026-07-14 13:20:00+09:00,13490.0,13690.0,13490.0,13630.0,2759.0
2026-07-14 13:30:00+09:00,13630.0,13700.0,13560.0,13680.0,1466.0
2026-07-14 13:40:00+09:00,13690.0,13750.0,13640.0,13720.0,3010.0
2026-07-14 13:50:00+09:00,13720.0,13760.0,13710.0,13760.0,1465.0
2026-07-14 14:00:00+09:00,13760.0,13760.0,13640.0,13690.0,2187.0
2026-07-14 14:10:00+09:00,13690.0,13690.0,13640.0,13670.0,1417.0
2026-07-14 14:20:00+09:00,13660.0,13720.0,13660.0,13700.0,1847.0
2026-07-14 14:30:00+09:00,13700.0,13700.0,13610.0,13620.0,1224.0
2026-07-14 14:40:00+09:00,13620.0,13680.0,13570.0,13670.0,2752.0
2026-07-14 14:50:00+09:00,13670.0,13670.0,13580.0,13600.0,1428.0
2026-07-15 09:00:00+09:00,13790.0,14010.0,13790.0,13850.0,3749.0
2026-07-15 09:10:00+09:00,13840.0,14060.0,13820.0,13980.0,2855.0
2026-07-15 09:20:00+09:00,13970.0,14000.0,13910.0,13930.0,2161.0
2026-07-15 09:30:00+09:00,13920.0,13930.0,13840.0,13850.0,1606.0
2026-07-15 09:40:00+09:00,13830.0,13850.0,13760.0,13840.0,3841.0
2026-07-15 09:50:00+09:00,13840.0,13850.0,13770.0,13780.0,1551.0
2026-07-15 10:00:00+09:00,13780.0,13780.0,13610.0,13610.0,2530.0
2026-07-15 10:10:00+09:00,13610.0,13740.0,13610.0,13720.0,3242.0
2026-07-15 10:20:00+09:00,13700.0,13800.0,13700.0,13730.0,2652.0
2026-07-15 10:30:00+09:00,13740.0,13760.0,13710.0,13750.0,982.0
2026-07-15 10:40:00+09:00,13750.0,13750.0,13640.0,13670.0,1265.0
2026-07-15 10:50:00+09:00,13670.0,13740.0,13670.0,13740.0,609.0
2026-07-15 11:00:00+09:00,13740.0,13740.0,13720.0,13720.0,326.0
2026-07-15 11:10:00+09:00,13710.0,13790.0,13710.0,13750.0,1224.0
2026-07-15 11:20:00+09:00,13750.0,13780.0,13700.0,13710.0,2352.0
2026-07-15 11:30:00+09:00,13710.0,13710.0,13680.0,13710.0,1167.0
2026-07-15 11:40:00+09:00,13710.0,13750.0,13710.0,13740.0,391.0
2026-07-15 11:50:00+09:00,13740.0,13750.0,13700.0,13710.0,1147.0
2026-07-15 12:00:00+09:00,13710.0,13710.0,13700.0,13710.0,1080.0
2026-07-15 12:10:00+09:00,13710.0,13740.0,13700.0,13740.0,1017.0
2026-07-15 12:20:00+09:00,13730.0,13740.0,13730.0,13730.0,551.0
2026-07-15 12:30:00+09:00,13730.0,13730.0,13700.0,13720.0,997.0
2026-07-15 12:40:00+09:00,13720.0,13750.0,13700.0,13750.0,2153.0
2026-07-15 12:50:00+09:00,13740.0,13740.0,13680.0,13690.0,2557.0
2026-07-15 13:00:00+09:00,13690.0,13730.0,13680.0,13720.0,998.0
2026-07-15 13:10:00+09:00,13710.0,13730.0,13660.0,13730.0,2926.0
2026-07-15 13:20:00+09:00,13720.0,13750.0,13720.0,13750.0,1704.0
2026-07-15 13:30:00+09:00,13720.0,13750.0,13710.0,13720.0,1930.0
2026-07-15 13:40:00+09:00,13710.0,13720.0,13690.0,13690.0,1155.0
2026-07-15 13:50:00+09:00,13695.0,13710.0,13680.0,13700.0,813.0
2026-07-15 14:00:00+09:00,13705.0,13710.0,13690.0,13690.0,930.0
2026-07-15 14:10:00+09:00,13690.0,13720.0,13680.0,13680.0,1487.0
2026-07-15 14:20:00+09:00,13685.0,13690.0,13650.0,13650.0,2285.0
2026-07-15 14:30:00+09:00,13650.0,13660.0,13610.0,13620.0,2846.0
2026-07-15 14:40:00+09:00,13620.0,13670.0,13610.0,13670.0,2188.0
2026-07-15 14:50:00+09:00,13660.0,13750.0,13660.0,13670.0,3307.0
2026-07-16 09:00:00+09:00,13750.0,13990.0,13580.0,13870.0,10607.0
2026-07-16 09:10:00+09:00,13890.0,14040.0,13800.0,13820.0,8009.0
2026-07-16 09:20:00+09:00,13820.0,13970.0,13800.0,13900.0,1999.0
2026-07-16 09:30:00+09:00,13940.0,14160.0,13930.0,14070.0,9502.0
2026-07-16 09:40:00+09:00,14070.0,14070.0,13880.0,13940.0,2729.0
2026-07-16 09:50:00+09:00,13900.0,13990.0,13880.0,13890.0,2904.0
2026-07-16 10:00:00+09:00,13890.0,13900.0,13820.0,13820.0,1374.0
2026-07-16 10:10:00+09:00,13820.0,13820.0,13720.0,13740.0,4781.0
2026-07-16 10:20:00+09:00,13740.0,13790.0,13720.0,13750.0,2607.0
2026-07-16 10:30:00+09:00,13750.0,13810.0,13740.0,13800.0,1567.0
2026-07-16 10:40:00+09:00,13800.0,13810.0,13740.0,13780.0,1287.0
2026-07-16 10:50:00+09:00,13770.0,13850.0,13770.0,13850.0,1790.0
2026-07-16 11:00:00+09:00,13790.0,13840.0,13690.0,13770.0,3282.0
2026-07-16 11:10:00+09:00,13710.0,13770.0,13690.0,13700.0,770.0
2026-07-16 11:20:00+09:00,13730.0,13870.0,13700.0,13870.0,1768.0
2026-07-16 11:30:00+09:00,13850.0,13870.0,13800.0,13810.0,1167.0
2026-07-16 11:40:00+09:00,13810.0,13880.0,13810.0,13880.0,685.0
2026-07-16 11:50:00+09:00,13880.0,13980.0,13840.0,13980.0,1082.0
2026-07-16 12:00:00+09:00,13980.0,13980.0,13920.0,13950.0,1073.0
2026-07-16 12:10:00+09:00,13950.0,13980.0,13930.0,13940.0,1951.0
2026-07-16 12:20:00+09:00,13940.0,13960.0,13900.0,13900.0,1433.0
2026-07-16 12:30:00+09:00,13910.0,13950.0,13900.0,13950.0,1069.0
2026-07-16 12:40:00+09:00,13920.0,14000.0,13920.0,14000.0,1183.0
2026-07-16 12:50:00+09:00,14010.0,14050.0,13970.0,14040.0,1250.0
2026-07-16 13:00:00+09:00,14040.0,14040.0,13970.0,13970.0,2298.0
2026-07-16 13:10:00+09:00,13970.0,13990.0,13950.0,13950.0,1264.0
2026-07-16 13:20:00+09:00,13955.0,13960.0,13880.0,13880.0,1905.0
2026-07-16 13:30:00+09:00,13885.0,13930.0,13880.0,13885.0,968.0
2026-07-16 13:40:00+09:00,13885.0,13890.0,13810.0,13835.0,1446.0
2026-07-16 13:50:00+09:00,13840.0,13900.0,13840.0,13880.0,527.0
2026-07-16 14:00:00+09:00,13850.0,14000.0,13850.0,13930.0,783.0
2026-07-16 14:10:00+09:00,13860.0,14050.0,13860.0,13975.0,1728.0
2026-07-16 14:20:00+09:00,13975.0,14080.0,13975.0,14040.0,713.0
2026-07-16 14:30:00+09:00,14035.0,14080.0,13660.0,13875.0,2357.0
2026-07-16 14:40:00+09:00,13875.0,13890.0,13800.0,13870.0,6159.0
2026-07-16 14:50:00+09:00,13890.0,13980.0,13850.0,13945.0,1778.0
2026-07-20 09:00:00+09:00,13330.0,13390.0,12920.0,12940.0,8247.0
2026-07-20 09:10:00+09:00,12910.0,13100.0,12750.0,13010.0,20374.0
2026-07-20 09:20:00+09:00,13100.0,13500.0,12980.0,13330.0,27642.0
2026-07-20 09:30:00+09:00,13310.0,13310.0,13040.0,13110.0,15671.0
2026-07-20 09:40:00+09:00,13100.0,13220.0,13040.0,13070.0,12356.0
2026-07-20 09:50:00+09:00,13070.0,13070.0,12910.0,12920.0,15818.0
2026-07-20 10:00:00+09:00,12920.0,12920.0,12600.0,12710.0,28689.0
2026-07-20 10:10:00+09:00,12700.0,12740.0,12620.0,12670.0,12004.0
2026-07-20 10:20:00+09:00,12660.0,12670.0,12510.0,12520.0,20985.0
2026-07-20 10:30:00+09:00,12510.0,12510.0,12300.0,12340.0,25130.0
2026-07-20 10:40:00+09:00,12330.0,12330.0,12100.0,12230.0,27386.0
2026-07-20 10:50:00+09:00,12230.0,12230.0,12070.0,12100.0,21060.0
2026-07-20 11:00:00+09:00,12090.0,12150.0,12060.0,12110.0,16232.0
2026-07-20 11:10:00+09:00,12120.0,12120.0,12000.0,12000.0,14740.0
2026-07-20 11:20:00+09:00,11990.0,12020.0,11920.0,11950.0,16069.0
2026-07-20 11:30:00+09:00,11950.0,12000.0,11940.0,11960.0,11587.0
2026-07-20 11:40:00+09:00,11960.0,11970.0,11920.0,11940.0,9485.0
2026-07-20 11:50:00+09:00,11930.0,11990.0,11930.0,11990.0,13725.0
2026-07-20 12:00:00+09:00,11980.0,11990.0,11830.0,11840.0,14875.0
2026-07-20 12:10:00+09:00,11840.0,11880.0,11820.0,11850.0,12201.0
2026-07-20 12:20:00+09:00,11840.0,12180.0,11820.0,12110.0,32387.0
2026-07-20 12:30:00+09:00,12100.0,12110.0,11980.0,12010.0,14179.0
2026-07-20 12:40:00+09:00,12000.0,12030.0,11920.0,11970.0,17102.0
2026-07-20 12:50:00+09:00,11960.0,12050.0,11950.0,11950.0,13501.0
2026-07-20 13:00:00+09:00,11960.0,12000.0,11930.0,11980.0,14852.0
2026-07-20 13:10:00+09:00,11980.0,12000.0,11930.0,11960.0,14312.0
2026-07-20 13:20:00+09:00,11970.0,11970.0,11850.0,11890.0,16498.0
2026-07-20 13:30:00+09:00,11890.0,11930.0,11870.0,11910.0,15948.0
2026-07-20 13:40:00+09:00,11900.0,11970.0,11850.0,11960.0,19334.0
2026-07-20 13:50:00+09:00,11970.0,11970.0,11880.0,11900.0,19108.0
2026-07-20 14:00:00+09:00,11900.0,11930.0,11830.0,11840.0,18516.0
2026-07-20 14:10:00+09:00,11830.0,11890.0,11800.0,11810.0,24362.0
2026-07-20 14:20:00+09:00,11810.0,11820.0,11630.0,11630.0,38086.0
2026-07-20 14:30:00+09:00,11630.0,11890.0,11630.0,11850.0,34147.0
2026-07-20 14:40:00+09:00,11840.0,11970.0,11820.0,11960.0,30835.0
2026-07-20 14:50:00+09:00,11960.0,12100.0,11940.0,12060.0,29776.0
2026-07-21 09:00:00+09:00,12070.0,12070.0,11760.0,11770.0,11898.0
2026-07-21 09:10:00+09:00,11750.0,11820.0,11710.0,11740.0,8972.0
2026-07-21 09:20:00+09:00,11740.0,11930.0,11740.0,11920.0,4087.0
2026-07-21 09:30:00+09:00,11900.0,12250.0,11900.0,12240.0,7693.0
2026-07-21 09:40:00+09:00,12240.0,12350.0,12240.0,12270.0,9202.0
2026-07-21 09:50:00+09:00,12270.0,12330.0,12230.0,12320.0,9417.0
2026-07-21 10:00:00+09:00,12310.0,12580.0,12300.0,12570.0,15386.0
2026-07-21 10:10:00+09:00,12540.0,12600.0,12460.0,12460.0,13057.0
2026-07-21 10:20:00+09:00,12460.0,12630.0,12460.0,12580.0,10207.0
2026-07-21 10:30:00+09:00,12580.0,12600.0,12490.0,12490.0,8047.0
2026-07-21 10:40:00+09:00,12470.0,12540.0,12460.0,12540.0,4864.0
2026-07-21 10:50:00+09:00,12520.0,12600.0,12510.0,12530.0,9190.0
2026-07-21 11:00:00+09:00,12520.0,12620.0,12520.0,12610.0,6284.0
2026-07-21 11:10:00+09:00,12600.0,12600.0,12530.0,12570.0,4270.0
2026-07-21 11:20:00+09:00,12560.0,12620.0,12540.0,12560.0,3247.0
2026-07-21 11:30:00+09:00,12550.0,12630.0,12540.0,12620.0,2052.0
2026-07-21 11:40:00+09:00,12620.0,12630.0,12610.0,12630.0,1937.0
2026-07-21 11:50:00+09:00,12620.0,12660.0,12620.0,12660.0,3820.0
2026-07-21 12:00:00+09:00,12650.0,12760.0,12640.0,12670.0,5322.0
2026-07-21 12:10:00+09:00,12690.0,12790.0,12690.0,12770.0,3227.0
2026-07-21 12:20:00+09:00,12760.0,12770.0,12720.0,12740.0,3667.0
2026-07-21 12:30:00+09:00,12730.0,12770.0,12720.0,12770.0,2605.0
2026-07-21 12:40:00+09:00,12760.0,12780.0,12680.0,12780.0,3483.0
2026-07-21 12:50:00+09:00,12770.0,12780.0,12700.0,12750.0,3014.0
2026-07-21 13:00:00+09:00,12750.0,12890.0,12690.0,12780.0,9608.0
2026-07-21 13:10:00+09:00,12750.0,12770.0,12610.0,12690.0,15296.0
2026-07-21 13:20:00+09:00,12690.0,12710.0,12670.0,12690.0,4212.0
2026-07-21 13:30:00+09:00,12680.0,12730.0,12680.0,12690.0,5690.0
2026-07-21 13:40:00+09:00,12680.0,12840.0,12680.0,12800.0,4986.0
2026-07-21 13:50:00+09:00,12800.0,12830.0,12730.0,12750.0,6435.0
2026-07-21 14:00:00+09:00,12750.0,12760.0,12690.0,12690.0,4472.0
2026-07-21 14:10:00+09:00,12690.0,12740.0,12610.0,12630.0,15573.0
2026-07-21 14:20:00+09:00,12630.0,12750.0,12620.0,12710.0,8464.0
2026-07-21 14:30:00+09:00,12710.0,12800.0,12680.0,12740.0,9347.0
2026-07-21 14:40:00+09:00,12735.0,12780.0,12710.0,12745.0,6130.0
2026-07-21 14:50:00+09:00,12750.0,12790.0,12700.0,12710.0,11759.0
2026-07-22 09:00:00+09:00,12800.0,13180.0,12800.0,13000.0,11918.0
2026-07-22 09:10:00+09:00,13000.0,13280.0,12990.0,13070.0,12139.0
2026-07-22 09:20:00+09:00,13070.0,13090.0,12980.0,12990.0,7081.0
2026-07-22 09:30:00+09:00,12990.0,13080.0,12940.0,12950.0,7494.0
2026-07-22 09:40:00+09:00,12940.0,12950.0,12900.0,12940.0,7843.0
2026-07-22 09:50:00+09:00,12940.0,12940.0,12880.0,12940.0,4515.0
2026-07-22 10:00:00+09:00,12940.0,13050.0,12940.0,13020.0,2828.0
2026-07-22 10:10:00+09:00,13020.0,13050.0,13020.0,13050.0,1741.0
2026-07-22 10:20:00+09:00,13050.0,13050.0,12940.0,12940.0,7656.0
2026-07-22 10:30:00+09:00,12940.0,12960.0,12870.0,12880.0,9967.0
2026-07-22 10:40:00+09:00,12870.0,12910.0,12850.0,12855.0,7258.0
2026-07-22 10:50:00+09:00,12850.0,12890.0,12840.0,12860.0,5435.0
2026-07-22 11:00:00+09:00,12860.0,12870.0,12680.0,12690.0,17273.0
2026-07-22 11:10:00+09:00,12680.0,12890.0,12595.0,12610.0,12135.0
2026-07-22 11:20:00+09:00,12610.0,12610.0,12500.0,12550.0,9542.0
2026-07-22 11:30:00+09:00,12550.0,12560.0,12490.0,12490.0,6712.0
2026-07-22 11:40:00+09:00,12490.0,12540.0,12480.0,12540.0,5939.0
2026-07-22 11:50:00+09:00,12530.0,12590.0,12520.0,12550.0,5565.0
2026-07-22 12:00:00+09:00,12560.0,12590.0,12530.0,12570.0,5775.0
2026-07-22 12:10:00+09:00,12570.0,12660.0,12550.0,12570.0,5151.0
2026-07-22 12:20:00+09:00,12580.0,12690.0,12560.0,12690.0,5014.0
2026-07-22 12:30:00+09:00,12620.0,12640.0,12550.0,12555.0,4719.0
2026-07-22 12:40:00+09:00,12555.0,12580.0,12530.0,12555.0,5689.0
2026-07-22 12:50:00+09:00,12555.0,12570.0,12430.0,12475.0,12402.0
2026-07-22 13:00:00+09:00,12480.0,12520.0,12470.0,12490.0,4827.0
2026-07-22 13:10:00+09:00,12490.0,12550.0,12480.0,12510.0,6293.0
2026-07-22 13:20:00+09:00,12510.0,12570.0,12500.0,12560.0,6534.0
2026-07-22 13:30:00+09:00,12560.0,12560.0,12490.0,12500.0,6961.0
2026-07-22 13:40:00+09:00,12500.0,12520.0,12480.0,12500.0,7325.0
2026-07-22 13:50:00+09:00,12500.0,12500.0,12450.0,12480.0,9176.0
2026-07-22 14:00:00+09:00,12480.0,12490.0,12440.0,12440.0,5344.0
2026-07-22 14:10:00+09:00,12440.0,12450.0,12400.0,12400.0,9316.0
2026-07-22 14:20:00+09:00,12400.0,12450.0,12340.0,12360.0,10439.0
2026-07-22 14:30:00+09:00,12360.0,12490.0,12340.0,12430.0,3315.0
2026-07-22 14:40:00+09:00,12430.0,12430.0,12350.0,12370.0,3939.0
2026-07-22 14:50:00+09:00,12370.0,12410.0,12350.0,12370.0,5571.0
2026-07-23 09:00:00+09:00,12280.0,12470.0,12280.0,12450.0,5854.0
2026-07-23 09:10:00+09:00,12440.0,12570.0,12400.0,12520.0,5500.0
2026-07-23 09:20:00+09:00,12510.0,12640.0,12500.0,12620.0,2470.0
2026-07-23 09:30:00+09:00,12620.0,12670.0,12560.0,12600.0,4310.0
2026-07-23 09:40:00+09:00,12590.0,12650.0,12590.0,12630.0,2590.0
2026-07-23 09:50:00+09:00,12620.0,12740.0,12600.0,12720.0,7398.0
2026-07-23 10:00:00+09:00,12720.0,12770.0,12700.0,12760.0,5685.0
2026-07-23 10:10:00+09:00,12750.0,12820.0,12710.0,12800.0,6358.0
2026-07-23 10:20:00+09:00,12790.0,12920.0,12740.0,12830.0,10593.0
2026-07-23 10:30:00+09:00,12820.0,12830.0,12700.0,12700.0,10293.0
2026-07-23 10:40:00+09:00,12700.0,12770.0,12700.0,12720.0,5128.0
2026-07-23 10:50:00+09:00,12720.0,12760.0,12700.0,12700.0,5963.0
2026-07-23 11:00:00+09:00,12700.0,12870.0,12700.0,12840.0,2630.0
2026-07-23 11:10:00+09:00,12830.0,12930.0,12830.0,12920.0,6533.0
2026-07-23 11:20:00+09:00,12930.0,12940.0,12750.0,12780.0,8651.0
2026-07-23 11:30:00+09:00,12780.0,12790.0,12710.0,12720.0,5895.0
2026-07-23 11:40:00+09:00,12710.0,12760.0,12680.0,12760.0,5333.0
2026-07-23 11:50:00+09:00,12760.0,12760.0,12700.0,12720.0,2837.0
2026-07-23 12:00:00+09:00,12720.0,12770.0,12710.0,12720.0,3295.0
2026-07-23 12:10:00+09:00,12710.0,12750.0,12700.0,12710.0,3552.0
2026-07-23 12:20:00+09:00,12700.0,12800.0,12700.0,12790.0,4873.0
2026-07-23 12:30:00+09:00,12800.0,12810.0,12750.0,12790.0,3302.0
2026-07-23 12:40:00+09:00,12790.0,12810.0,12770.0,12810.0,4377.0
2026-07-23 12:50:00+09:00,12820.0,12880.0,12810.0,12830.0,4117.0
2026-07-23 13:00:00+09:00,12830.0,12840.0,12790.0,12800.0,5873.0
2026-07-23 13:10:00+09:00,12800.0,12820.0,12790.0,12800.0,3524.0
2026-07-23 13:20:00+09:00,12800.0,12830.0,12790.0,12810.0,5156.0
2026-07-23 13:30:00+09:00,12820.0,12820.0,12790.0,12820.0,3519.0
2026-07-23 13:40:00+09:00,12820.0,12830.0,12800.0,12810.0,4079.0
2026-07-23 13:50:00+09:00,12820.0,12820.0,12750.0,12780.0,8779.0
2026-07-23 14:00:00+09:00,12770.0,12790.0,12750.0,12750.0,5323.0
2026-07-23 14:10:00+09:00,12750.0,12760.0,12710.0,12720.0,5026.0
2026-07-23 14:20:00+09:00,12710.0,12740.0,12710.0,12710.0,6997.0
2026-07-23 14:30:00+09:00,12710.0,12770.0,12710.0,12740.0,5920.0
2026-07-23 14:40:00+09:00,12740.0,12800.0,12740.0,12780.0,5005.0
2026-07-23 14:50:00+09:00,12760.0,12780.0,12750.0,12760.0,4604.0
2026-07-24 09:00:00+09:00,12550.0,12790.0,12550.0,12590.0,2868.0
2026-07-24 09:10:00+09:00,12580.0,12640.0,12390.0,12410.0,8674.0
2026-07-24 09:20:00+09:00,12410.0,12480.0,12390.0,12450.0,3969.0
2026-07-24 09:30:00+09:00,12410.0,12550.0,12390.0,12550.0,5054.0
2026-07-24 09:40:00+09:00,12500.0,12580.0,12490.0,12500.0,1938.0
2026-07-24 09:50:00+09:00,12510.0,12520.0,12450.0,12460.0,2129.0
2026-07-24 10:00:00+09:00,12460.0,12540.0,12450.0,12520.0,2271.0
2026-07-24 10:10:00+09:00,12520.0,12540.0,12370.0,12370.0,12936.0
2026-07-24 10:20:00+09:00,12370.0,12430.0,12340.0,12420.0,12538.0
2026-07-24 10:30:00+09:00,12410.0,12530.0,12400.0,12500.0,5062.0
2026-07-24 10:40:00+09:00,12480.0,12500.0,12420.0,12430.0,5992.0
2026-07-24 10:50:00+09:00,12420.0,12430.0,12360.0,12360.0,6939.0
2026-07-24 11:00:00+09:00,12370.0,12380.0,12340.0,12360.0,7778.0
2026-07-24 11:10:00+09:00,12350.0,12360.0,12260.0,12310.0,13204.0
2026-07-24 11:20:00+09:00,12300.0,12400.0,12270.0,12280.0,4324.0
2026-07-24 11:30:00+09:00,12290.0,12330.0,12230.0,12230.0,5796.0
2026-07-24 11:40:00+09:00,12230.0,12240.0,12180.0,12180.0,7764.0
2026-07-24 11:50:00+09:00,12180.0,12200.0,12170.0,12170.0,6991.0
2026-07-24 12:00:00+09:00,12180.0,12190.0,12160.0,12170.0,6128.0
2026-07-24 12:10:00+09:00,12160.0,12230.0,12160.0,12200.0,7369.0
2026-07-24 12:20:00+09:00,12200.0,12410.0,12190.0,12350.0,6144.0
2026-07-24 12:30:00+09:00,12320.0,12360.0,12290.0,12350.0,6838.0
2026-07-24 12:40:00+09:00,12350.0,12360.0,12300.0,12340.0,5797.0
2026-07-24 12:50:00+09:00,12330.0,12340.0,12280.0,12300.0,6383.0
2026-07-24 13:00:00+09:00,12310.0,12360.0,12270.0,12320.0,7238.0
2026-07-24 13:10:00+09:00,12360.0,12390.0,12300.0,12320.0,5455.0
2026-07-24 13:20:00+09:00,12310.0,12390.0,12300.0,12380.0,6352.0
2026-07-24 13:30:00+09:00,12370.0,12430.0,12350.0,12380.0,7376.0
2026-07-24 13:40:00+09:00,12360.0,12440.0,12320.0,12330.0,6300.0
2026-07-24 13:50:00+09:00,12320.0,12350.0,12300.0,12340.0,9232.0
2026-07-24 14:00:00+09:00,12340.0,12430.0,12310.0,12340.0,7855.0
2026-07-24 14:10:00+09:00,12330.0,12430.0,12330.0,12370.0,7841.0
2026-07-24 14:20:00+09:00,12370.0,12430.0,12340.0,12350.0,7940.0
2026-07-24 14:30:00+09:00,12350.0,12420.0,12330.0,12360.0,7241.0
2026-07-24 14:40:00+09:00,12360.0,12400.0,12330.0,12390.0,5109.0
2026-07-24 14:50:00+09:00,12380.0,12390.0,12310.0,12310.0,6362.0
2026-07-27 09:00:00+09:00,12400.0,12400.0,12210.0,12300.0,1802.0
2026-07-27 09:10:00+09:00,12280.0,12420.0,12280.0,12320.0,3626.0
2026-07-27 09:20:00+09:00,12320.0,12420.0,12310.0,12400.0,3248.0
2026-07-27 09:30:00+09:00,12400.0,12460.0,12380.0,12400.0,4370.0
2026-07-27 09:40:00+09:00,12420.0,12430.0,12370.0,12380.0,4920.0
2026-07-27 09:50:00+09:00,12380.0,12380.0,12260.0,12270.0,12164.0
2026-07-27 10:00:00+09:00,12280.0,12300.0,12240.0,12260.0,6960.0
2026-07-27 10:10:00+09:00,12270.0,12280.0,12210.0,12240.0,8372.0
2026-07-27 10:20:00+09:00,12240.0,12260.0,12210.0,12230.0,6689.0
2026-07-27 10:30:00+09:00,12210.0,12310.0,12210.0,12300.0,6847.0
2026-07-27 10:40:00+09:00,12300.0,12340.0,12250.0,12260.0,5138.0
2026-07-27 10:50:00+09:00,12260.0,12280.0,12240.0,12280.0,4434.0
2026-07-27 11:00:00+09:00,12260.0,12290.0,12220.0,12240.0,4318.0
2026-07-27 11:10:00+09:00,12240.0,12250.0,12210.0,12210.0,4430.0
2026-07-27 11:20:00+09:00,12210.0,12240.0,12190.0,12210.0,4729.0
2026-07-27 11:30:00+09:00,12210.0,12220.0,12190.0,12200.0,5318.0
2026-07-27 11:40:00+09:00,12200.0,12210.0,12140.0,12140.0,6260.0
2026-07-27 11:50:00+09:00,12140.0,12150.0,12070.0,12080.0,5234.0
2026-07-27 12:00:00+09:00,12080.0,12100.0,12070.0,12080.0,4161.0
2026-07-27 12:10:00+09:00,12080.0,12120.0,12060.0,12100.0,4241.0
2026-07-27 12:20:00+09:00,12100.0,12120.0,12060.0,12070.0,4630.0
2026-07-27 12:30:00+09:00,12080.0,12090.0,12020.0,12020.0,6852.0
2026-07-27 12:40:00+09:00,12020.0,12070.0,12020.0,12020.0,5453.0
2026-07-27 12:50:00+09:00,12020.0,12030.0,11930.0,11960.0,11671.0
2026-07-27 13:00:00+09:00,11960.0,12110.0,11940.0,12110.0,8079.0
2026-07-27 13:10:00+09:00,12120.0,12310.0,12120.0,12290.0,7625.0
2026-07-27 13:20:00+09:00,12280.0,12310.0,12210.0,12310.0,5275.0
2026-07-27 13:30:00+09:00,12310.0,12320.0,12290.0,12320.0,4473.0
2026-07-27 13:40:00+09:00,12320.0,12420.0,12300.0,12400.0,6219.0
2026-07-27 13:50:00+09:00,12400.0,12400.0,12320.0,12350.0,7591.0
2026-07-27 14:00:00+09:00,12350.0,12390.0,12340.0,12390.0,4637.0
2026-07-27 14:10:00+09:00,12390.0,12480.0,12380.0,12470.0,8215.0
2026-07-27 14:20:00+09:00,12470.0,12470.0,12390.0,12400.0,7931.0
2026-07-27 14:30:00+09:00,12400.0,12460.0,12390.0,12460.0,5985.0
2026-07-27 14:40:00+09:00,12460.0,12470.0,12390.0,12420.0,6513.0
2026-07-27 14:50:00+09:00,12420.0,12420.0,12350.0,12350.0,39628.0
2026-07-28 09:00:00+09:00,12030.0,12120.0,11860.0,12100.0,23030.0
2026-07-28 09:10:00+09:00,12120.0,12130.0,11890.0,11920.0,9049.0
2026-07-28 09:20:00+09:00,11930.0,11930.0,11820.0,11840.0,14235.0
2026-07-28 09:30:00+09:00,11830.0,11850.0,11770.0,11810.0,7703.0
2026-07-28 09:40:00+09:00,11810.0,11820.0,11760.0,11760.0,4998.0
2026-07-28 09:50:00+09:00,11760.0,11780.0,11630.0,11650.0,22358.0
2026-07-28 10:00:00+09:00,11640.0,11740.0,11640.0,11670.0,6463.0
2026-07-28 10:10:00+09:00,11660.0,11670.0,11650.0,11660.0,2298.0
2026-07-28 10:40:00+09:00,11630.0,11640.0,11600.0,11600.0,11037.0
2026-07-28 10:50:00+09:00,11600.0,11600.0,11540.0,11540.0,13107.0
2026-07-28 11:00:00+09:00,11540.0,11550.0,11490.0,11540.0,11477.0
2026-07-28 11:10:00+09:00,11540.0,11610.0,11530.0,11580.0,6172.0
2026-07-28 11:20:00+09:00,11580.0,11590.0,11550.0,11570.0,4612.0
2026-07-28 11:30:00+09:00,11560.0,11590.0,11550.0,11580.0,7205.0
2026-07-28 11:40:00+09:00,11580.0,11600.0,11560.0,11580.0,5291.0
2026-07-28 11:50:00+09:00,11580.0,11620.0,11560.0,11620.0,6921.0
2026-07-28 12:00:00+09:00,11580.0,11600.0,11500.0,11510.0,11058.0
2026-07-28 12:10:00+09:00,11510.0,11570.0,11500.0,11570.0,6245.0
2026-07-28 12:20:00+09:00,11570.0,11640.0,11550.0,11590.0,5974.0
2026-07-28 12:30:00+09:00,11590.0,11620.0,11550.0,11610.0,5743.0
2026-07-28 12:40:00+09:00,11600.0,11650.0,11550.0,11650.0,10909.0
2026-07-28 12:50:00+09:00,11630.0,11650.0,11570.0,11590.0,5992.0
2026-07-28 13:00:00+09:00,11590.0,11590.0,11530.0,11570.0,7643.0
2026-07-28 13:10:00+09:00,11570.0,11650.0,11560.0,11630.0,7722.0
2026-07-28 13:20:00+09:00,11630.0,11630.0,11560.0,11570.0,4962.0
2026-07-28 13:30:00+09:00,11570.0,11630.0,11560.0,11620.0,18151.0
2026-07-28 13:40:00+09:00,11610.0,11610.0,11580.0,11600.0,5395.0
2026-07-28 13:50:00+09:00,11600.0,11600.0,11580.0,11590.0,8089.0
2026-07-28 14:00:00+09:00,11600.0,11630.0,11580.0,11590.0,10818.0
2026-07-28 14:10:00+09:00,11590.0,11700.0,11580.0,11690.0,18908.0
2026-07-28 14:20:00+09:00,11690.0,11690.0,11640.0,11670.0,18697.0
2026-07-28 14:30:00+09:00,11670.0,11700.0,11630.0,11670.0,7111.0
2026-07-28 14:40:00+09:00,11670.0,11740.0,11670.0,11740.0,7062.0
2026-07-28 14:50:00+09:00,11740.0,11760.0,11710.0,11710.0,21172.0
2026-07-29 09:00:00+09:00,11660.0,11870.0,11660.0,11840.0,4596.0
2026-07-29 09:10:00+09:00,11820.0,11980.0,11820.0,11880.0,5792.0
2026-07-29 09:20:00+09:00,11880.0,11930.0,11840.0,11880.0,6545.0
2026-07-29 09:30:00+09:00,11870.0,11930.0,11800.0,11870.0,7631.0
2026-07-29 09:40:00+09:00,11870.0,11940.0,11870.0,11890.0,5296.0
2026-07-29 09:50:00+09:00,11880.0,11930.0,11800.0,11830.0,11289.0
2026-07-29 10:00:00+09:00,11830.0,11900.0,11820.0,11830.0,5438.0
2026-07-29 10:10:00+09:00,11830.0,11870.0,11790.0,11810.0,9017.0
2026-07-29 10:20:00+09:00,11790.0,11860.0,11790.0,11820.0,5266.0
2026-07-29 10:30:00+09:00,11810.0,11830.0,11780.0,11790.0,10930.0
2026-07-29 10:40:00+09:00,11790.0,11790.0,11640.0,11640.0,27580.0
2026-07-29 10:50:00+09:00,11630.0,11630.0,11470.0,11570.0,6217.0
2026-07-29 11:00:00+09:00,11530.0,11530.0,11320.0,11330.0,13564.0
2026-07-29 11:10:00+09:00,11330.0,11430.0,11250.0,11280.0,14084.0
2026-07-29 11:20:00+09:00,11270.0,11450.0,11260.0,11410.0,18920.0
2026-07-29 11:30:00+09:00,11420.0,11560.0,11290.0,11290.0,7395.0
2026-07-29 11:40:00+09:00,11290.0,11370.0,11240.0,11250.0,11706.0
2026-07-29 11:50:00+09:00,11240.0,11240.0,11180.0,11200.0,8203.0
2026-07-29 12:00:00+09:00,11190.0,11340.0,11150.0,11340.0,33209.0
2026-07-29 12:10:00+09:00,11320.0,11350.0,11120.0,11140.0,9903.0
2026-07-29 12:20:00+09:00,11140.0,11210.0,11110.0,11140.0,7976.0
2026-07-29 12:30:00+09:00,11120.0,11130.0,11100.0,11110.0,1215.0
2026-07-29 13:00:00+09:00,11110.0,11110.0,11000.0,11040.0,37618.0
2026-07-29 13:10:00+09:00,11020.0,11100.0,10980.0,11020.0,10594.0
2026-07-29 13:20:00+09:00,11000.0,11050.0,10850.0,10910.0,13506.0
2026-07-29 13:30:00+09:00,10870.0,11010.0,10870.0,11000.0,8776.0
2026-07-29 13:40:00+09:00,10990.0,11180.0,10990.0,11150.0,24471.0
2026-07-29 13:50:00+09:00,11150.0,11250.0,11150.0,11210.0,15429.0
2026-07-29 14:00:00+09:00,11210.0,11310.0,11170.0,11210.0,16118.0
2026-07-29 14:10:00+09:00,11210.0,11320.0,11210.0,11260.0,7469.0
2026-07-29 14:20:00+09:00,11240.0,11260.0,11200.0,11220.0,10477.0
2026-07-29 14:30:00+09:00,11230.0,11300.0,11210.0,11300.0,7447.0
2026-07-29 14:40:00+09:00,11290.0,11320.0,11210.0,11260.0,7895.0
2026-07-29 14:50:00+09:00,11250.0,11280.0,11070.0,11220.0,27662.0
2026-07-30 09:00:00+09:00,10800.0,11530.0,10800.0,11480.0,36006.0
2026-07-30 09:10:00+09:00,11480.0,11640.0,11450.0,11640.0,7745.0
2026-07-30 09:20:00+09:00,11610.0,11620.0,11510.0,11520.0,3491.0
2026-07-30 09:30:00+09:00,11520.0,11590.0,11420.0,11460.0,5294.0
2026-07-30 09:40:00+09:00,11460.0,11480.0,11350.0,11450.0,2343.0
2026-07-30 09:50:00+09:00,11450.0,11470.0,11330.0,11360.0,1716.0
2026-07-30 10:00:00+09:00,11340.0,11470.0,11330.0,11440.0,2117.0
2026-07-30 10:10:00+09:00,11450.0,11450.0,11260.0,11440.0,6661.0
2026-07-30 10:20:00+09:00,11320.0,11470.0,11320.0,11410.0,3627.0
2026-07-30 10:30:00+09:00,11410.0,11580.0,11410.0,11450.0,8432.0
2026-07-30 10:40:00+09:00,11450.0,11530.0,11440.0,11500.0,4739.0
2026-07-30 10:50:00+09:00,11500.0,11530.0,11480.0,11500.0,5454.0
2026-07-30 11:00:00+09:00,11490.0,11510.0,11470.0,11510.0,6145.0
2026-07-30 11:10:00+09:00,11480.0,11510.0,11430.0,11460.0,7477.0
2026-07-30 11:20:00+09:00,11440.0,11460.0,11370.0,11400.0,8269.0
2026-07-30 11:30:00+09:00,11380.0,11390.0,11320.0,11320.0,6848.0
2026-07-30 11:40:00+09:00,11320.0,11380.0,11300.0,11330.0,10150.0
2026-07-30 11:50:00+09:00,11330.0,11340.0,11210.0,11220.0,6035.0
2026-07-30 12:00:00+09:00,11210.0,11280.0,11190.0,11230.0,4397.0
2026-07-30 12:10:00+09:00,11230.0,11240.0,11170.0,11170.0,7260.0
2026-07-30 12:20:00+09:00,11170.0,11200.0,11160.0,11170.0,5574.0
2026-07-30 12:30:00+09:00,11180.0,11230.0,11150.0,11170.0,5912.0
2026-07-30 12:40:00+09:00,11170.0,11300.0,11170.0,11270.0,5431.0
2026-07-30 12:50:00+09:00,11270.0,11340.0,11270.0,11280.0,5520.0
2026-07-30 13:00:00+09:00,11270.0,11350.0,11230.0,11230.0,6713.0
2026-07-30 13:10:00+09:00,11220.0,11260.0,11200.0,11200.0,4771.0
2026-07-30 13:20:00+09:00,11200.0,11260.0,11190.0,11260.0,5266.0
2026-07-30 13:30:00+09:00,11240.0,11280.0,11200.0,11200.0,6281.0
2026-07-30 13:40:00+09:00,11200.0,11210.0,11150.0,11180.0,16183.0
2026-07-30 13:50:00+09:00,11170.0,11200.0,11130.0,11140.0,10033.0
2026-07-30 14:00:00+09:00,11130.0,11190.0,11110.0,11150.0,6233.0
2026-07-30 14:10:00+09:00,11120.0,11300.0,11090.0,11210.0,8437.0
2026-07-30 14:20:00+09:00,11200.0,11280.0,11160.0,11160.0,6298.0
2026-07-30 14:30:00+09:00,11160.0,11260.0,11150.0,11190.0,7529.0
2026-07-30 14:40:00+09:00,11200.0,11330.0,11150.0,11250.0,4416.0
2026-07-30 14:50:00+09:00,11240.0,11310.0,11120.0,11210.0,12139.0
2026-07-31 09:00:00+09:00,11600.0,11730.0,11290.0,11320.0,15166.0
2026-07-31 09:10:00+09:00,11320.0,11490.0,11300.0,11450.0,5540.0
2026-07-31 09:20:00+09:00,11450.0,11520.0,11450.0,11490.0,3002.0
2026-07-31 09:30:00+09:00,11490.0,11590.0,11470.0,11510.0,5446.0
2026-07-31 09:40:00+09:00,11510.0,11640.0,11510.0,11620.0,3792.0
2026-07-31 09:50:00+09:00,11610.0,11670.0,11610.0,11640.0,4299.0
2026-07-31 10:00:00+09:00,11660.0,11780.0,11660.0,11720.0,7983.0
2026-07-31 10:10:00+09:00,11720.0,11780.0,11710.0,11780.0,1606.0
2026-07-31 10:20:00+09:00,11770.0,11790.0,11720.0,11720.0,3110.0
2026-07-31 10:30:00+09:00,11720.0,11740.0,11710.0,11710.0,1586.0
2026-07-31 10:40:00+09:00,11700.0,11720.0,11630.0,11680.0,5120.0
2026-07-31 10:50:00+09:00,11620.0,11690.0,11610.0,11620.0,2936.0
2026-07-31 11:00:00+09:00,11610.0,11670.0,11600.0,11600.0,3484.0
2026-07-31 11:10:00+09:00,11630.0,11640.0,11570.0,11570.0,3211.0
2026-07-31 11:20:00+09:00,11580.0,11610.0,11560.0,11610.0,1998.0
2026-07-31 11:30:00+09:00,11610.0,11640.0,11570.0,11620.0,2394.0
2026-07-31 11:40:00+09:00,11620.0,11690.0,11600.0,11630.0,1975.0
2026-07-31 11:50:00+09:00,11640.0,11690.0,11620.0,11690.0,2573.0
2026-07-31 12:00:00+09:00,11680.0,11750.0,11650.0,11660.0,5259.0
2026-07-31 12:10:00+09:00,11680.0,11680.0,11640.0,11640.0,3236.0
2026-07-31 12:20:00+09:00,11650.0,11660.0,11630.0,11660.0,4146.0
2026-07-31 12:30:00+09:00,11660.0,11660.0,11620.0,11630.0,1902.0
2026-07-31 12:40:00+09:00,11640.0,11640.0,11610.0,11610.0,3574.0
2026-07-31 12:50:00+09:00,11620.0,11660.0,11610.0,11630.0,2422.0
2026-07-31 13:00:00+09:00,11630.0,11650.0,11610.0,11640.0,3873.0
2026-07-31 13:10:00+09:00,11620.0,11630.0,11610.0,11620.0,2396.0
2026-07-31 13:20:00+09:00,11630.0,11640.0,11610.0,11640.0,2786.0
2026-07-31 13:30:00+09:00,11630.0,11670.0,11610.0,11670.0,3671.0
2026-07-31 13:40:00+09:00,11670.0,11680.0,11650.0,11660.0,2730.0
2026-07-31 13:50:00+09:00,11670.0,11680.0,11620.0,11620.0,5487.0
2026-07-31 14:00:00+09:00,11630.0,11650.0,11550.0,11570.0,11272.0
2026-07-31 14:10:00+09:00,11565.0,11650.0,11540.0,11630.0,14689.0
2026-07-31 14:20:00+09:00,11600.0,11690.0,11585.0,11690.0,14189.0
2026-07-31 14:30:00+09:00,11680.0,11700.0,11580.0,11580.0,16657.0
2026-07-31 14:40:00+09:00,11585.0,11620.0,11570.0,11600.0,15530.0
2026-07-31 14:50:00+09:00,11595.0,11640.0,11590.0,11630.0,17397.0
2026-08-03 09:00:00+09:00,11790.0,11900.0,11580.0,11800.0,2454.0
2026-08-03 09:10:00+09:00,11780.0,11800.0,11660.0,11700.0,5231.0
2026-08-03 09:20:00+09:00,11680.0,11710.0,11620.0,11670.0,5302.0
2026-08-03 09:30:00+09:00,11670.0,11750.0,11670.0,11710.0,930.0
2026-08-03 09:40:00+09:00,11710.0,11770.0,11710.0,11750.0,720.0
2026-08-03 09:50:00+09:00,11790.0,11830.0,11760.0,11830.0,476.0
2026-08-03 10:00:00+09:00,11830.0,11990.0,11790.0,11930.0,4894.0
2026-08-03 10:10:00+09:00,11910.0,11920.0,11840.0,11910.0,1245.0
2026-08-03 10:20:00+09:00,11910.0,11930.0,11840.0,11860.0,1357.0
2026-08-03 10:30:00+09:00,11860.0,11950.0,11860.0,11920.0,632.0
2026-08-03 10:40:00+09:00,11920.0,11940.0,11900.0,11910.0,1028.0
2026-08-03 10:50:00+09:00,11910.0,11960.0,11900.0,11960.0,860.0
2026-08-03 11:00:00+09:00,11960.0,12030.0,11840.0,12010.0,2728.0
2026-08-03 11:10:00+09:00,12010.0,12090.0,12010.0,12070.0,3087.0
2026-08-03 11:20:00+09:00,12070.0,12100.0,12000.0,12020.0,2169.0
2026-08-03 11:30:00+09:00,12020.0,12020.0,11930.0,11970.0,696.0
2026-08-03 11:40:00+09:00,11970.0,11980.0,11900.0,11910.0,1695.0
2026-08-03 11:50:00+09:00,11910.0,11930.0,11870.0,11880.0,1821.0
2026-08-03 12:00:00+09:00,11860.0,11900.0,11840.0,11900.0,1468.0
2026-08-03 12:10:00+09:00,11900.0,11900.0,11860.0,11870.0,1073.0
2026-08-03 12:20:00+09:00,11870.0,11880.0,11830.0,11860.0,1983.0
2026-08-03 12:30:00+09:00,11860.0,11870.0,11820.0,11870.0,1272.0
2026-08-03 12:40:00+09:00,11890.0,11970.0,11840.0,11850.0,1447.0
2026-08-03 12:50:00+09:00,11850.0,11860.0,11810.0,11820.0,1077.0
2026-08-03 13:00:00+09:00,11820.0,11850.0,11770.0,11850.0,2980.0
2026-08-03 13:10:00+09:00,11850.0,11880.0,11810.0,11850.0,887.0
2026-08-03 13:20:00+09:00,11850.0,11880.0,11820.0,11830.0,1142.0
2026-08-03 13:30:00+09:00,11830.0,11840.0,11780.0,11800.0,1221.0
2026-08-03 13:40:00+09:00,11800.0,11850.0,11770.0,11830.0,822.0
2026-08-03 13:50:00+09:00,11830.0,11830.0,11760.0,11760.0,1403.0
2026-08-03 14:00:00+09:00,11760.0,11790.0,11760.0,11790.0,1782.0
2026-08-03 14:10:00+09:00,11790.0,11820.0,11770.0,11790.0,1297.0
2026-08-03 14:20:00+09:00,11790.0,11800.0,11750.0,11770.0,1123.0
2026-08-03 14:30:00+09:00,11770.0,11820.0,11750.0,11780.0,1598.0
2026-08-03 14:40:00+09:00,11780.0,11810.0,11770.0,11770.0,1142.0
2026-08-03 14:50:00+09:00,11780.0,11790.0,11750.0,11780.0,1501.0
2026-08-04 09:00:00+09:00,11890.0,12260.0,11880.0,12210.0,12585.0
2026-08-04 09:10:00+09:00,12220.0,12290.0,12180.0,12280.0,7305.0
2026-08-04 09:20:00+09:00,12260.0,12280.0,12170.0,12190.0,6551.0
2026-08-04 09:30:00+09:00,12190.0,12190.0,12080.0,12080.0,6233.0
2026-08-04 09:40:00+09:00,12080.0,12140.0,12050.0,12140.0,3449.0
2026-08-04 09:50:00+09:00,12110.0,12130.0,12000.0,12000.0,4598.0
2026-08-04 10:00:00+09:00,12000.0,12030.0,11940.0,12020.0,4923.0
2026-08-04 10:10:00+09:00,12020.0,12110.0,12000.0,12060.0,2905.0
2026-08-04 10:20:00+09:00,12060.0,12100.0,12050.0,12090.0,1983.0
2026-08-04 10:30:00+09:00,12050.0,12110.0,12040.0,12040.0,2236.0
2026-08-04 10:40:00+09:00,12040.0,12130.0,12040.0,12110.0,1205.0
2026-08-04 10:50:00+09:00,12110.0,12140.0,12090.0,12130.0,2163.0
2026-08-04 11:00:00+09:00,12130.0,12170.0,11960.0,11960.0,8308.0
2026-08-04 11:10:00+09:00,11960.0,11980.0,11940.0,11950.0,3559.0
2026-08-04 11:20:00+09:00,11940.0,11970.0,11940.0,11950.0,2033.0
2026-08-04 11:30:00+09:00,11950.0,11970.0,11930.0,11960.0,3410.0
2026-08-04 11:40:00+09:00,11940.0,11950.0,11920.0,11920.0,2441.0
2026-08-04 11:50:00+09:00,11920.0,11930.0,11910.0,11910.0,1901.0
2026-08-04 12:00:00+09:00,11910.0,11930.0,11900.0,11910.0,2586.0
2026-08-04 12:10:00+09:00,11920.0,11920.0,11870.0,11870.0,2505.0
2026-08-04 12:20:00+09:00,11870.0,11920.0,11870.0,11880.0,2727.0
2026-08-04 12:30:00+09:00,11890.0,11900.0,11870.0,11870.0,983.0
2026-08-04 12:40:00+09:00,11880.0,11880.0,11860.0,11860.0,2111.0
2026-08-04 12:50:00+09:00,11870.0,11870.0,11850.0,11850.0,2981.0
2026-08-04 13:00:00+09:00,11870.0,11890.0,11650.0,11660.0,13214.0
2026-08-04 13:10:00+09:00,11670.0,11700.0,11610.0,11700.0,16435.0
2026-08-04 13:20:00+09:00,11750.0,11750.0,11650.0,11680.0,14733.0
2026-08-04 13:30:00+09:00,11700.0,11830.0,11650.0,11730.0,15311.0
2026-08-04 13:40:00+09:00,11740.0,11740.0,11670.0,11710.0,14767.0
2026-08-04 13:50:00+09:00,11710.0,11720.0,11670.0,11700.0,15509.0
2026-08-04 14:00:00+09:00,11690.0,11730.0,11650.0,11700.0,13984.0
2026-08-04 14:10:00+09:00,11700.0,11710.0,11650.0,11670.0,7822.0
2026-08-04 14:20:00+09:00,11680.0,11820.0,11670.0,11750.0,8180.0
2026-08-04 14:30:00+09:00,11750.0,11770.0,11700.0,11710.0,12815.0
2026-08-04 14:40:00+09:00,11700.0,11760.0,11690.0,11720.0,13998.0
2026-08-04 14:50:00+09:00,11730.0,11980.0,11720.0,11890.0,26717.0
2026-08-05 09:00:00+09:00,12210.0,12430.0,12210.0,12420.0,6291.0
2026-08-05 09:10:00+09:00,12410.0,12430.0,12290.0,12310.0,5431.0
2026-08-05 09:20:00+09:00,12300.0,12310.0,12090.0,12130.0,14913.0
2026-08-05 09:30:00+09:00,12130.0,12190.0,12100.0,12160.0,6466.0
2026-08-05 09:40:00+09:00,12160.0,12160.0,12050.0,12060.0,13127.0
2026-08-05 09:50:00+09:00,12060.0,12140.0,12040.0,12100.0,12092.0
2026-08-05 10:00:00+09:00,12100.0,12130.0,12090.0,12130.0,6755.0
2026-08-05 10:10:00+09:00,12130.0,12250.0,12050.0,12170.0,12941.0
2026-08-05 10:20:00+09:00,12170.0,12170.0,12060.0,12110.0,11345.0
2026-08-05 10:30:00+09:00,12120.0,12220.0,12100.0,12190.0,4115.0
2026-08-05 10:40:00+09:00,12190.0,12190.0,12130.0,12170.0,3843.0
2026-08-05 10:50:00+09:00,12170.0,12200.0,12140.0,12150.0,7692.0
2026-08-05 11:00:00+09:00,12160.0,12210.0,12150.0,12210.0,5874.0
2026-08-05 11:10:00+09:00,12210.0,12240.0,12190.0,12220.0,2861.0
2026-08-05 11:20:00+09:00,12230.0,12250.0,12170.0,12180.0,10123.0
2026-08-05 11:30:00+09:00,12180.0,12190.0,12160.0,12170.0,3996.0
2026-08-05 11:40:00+09:00,12170.0,12180.0,12140.0,12150.0,5995.0
2026-08-05 11:50:00+09:00,12160.0,12190.0,12130.0,12180.0,7867.0
2026-08-05 12:00:00+09:00,12180.0,12200.0,12140.0,12160.0,6660.0
2026-08-05 12:10:00+09:00,12160.0,12180.0,12130.0,12150.0,4906.0
2026-08-05 12:20:00+09:00,12150.0,12160.0,12070.0,12100.0,13605.0
2026-08-05 12:30:00+09:00,12110.0,12110.0,12040.0,12040.0,6428.0
2026-08-05 12:40:00+09:00,12040.0,12150.0,12020.0,12100.0,7189.0
2026-08-05 12:50:00+09:00,12100.0,12130.0,12040.0,12120.0,7416.0
2026-08-05 13:00:00+09:00,12120.0,12130.0,12050.0,12100.0,7746.0
2026-08-05 13:10:00+09:00,12100.0,12150.0,12070.0,12080.0,6841.0
2026-08-05 13:20:00+09:00,12080.0,12130.0,12040.0,12100.0,7205.0
2026-08-05 13:30:00+09:00,12100.0,12140.0,12060.0,12140.0,6244.0
2026-08-05 13:40:00+09:00,12140.0,12140.0,12060.0,12100.0,7493.0
2026-08-05 13:50:00+09:00,12100.0,12130.0,12070.0,12130.0,6369.0
2026-08-05 14:00:00+09:00,12130.0,12160.0,12090.0,12140.0,6192.0
2026-08-05 14:10:00+09:00,12140.0,12140.0,11900.0,12010.0,23413.0
2026-08-05 14:20:00+09:00,12010.0,12130.0,11920.0,11960.0,17800.0
2026-08-05 14:30:00+09:00,11940.0,11970.0,11920.0,11970.0,11970.0
2026-08-05 14:40:00+09:00,11980.0,12000.0,11940.0,11990.0,12791.0
2026-08-05 14:50:00+09:00,12000.0,12010.0,11960.0,12010.0,13487.0
2026-08-06 09:00:00+09:00,12010.0,12010.0,11710.0,11830.0,15984.0
2026-08-06 09:10:00+09:00,11830.0,11930.0,11800.0,11860.0,12692.0
2026-08-06 09:20:00+09:00,11870.0,11910.0,11790.0,11850.0,7808.0
2026-08-06 09:30:00+09:00,11830.0,11930.0,11810.0,11900.0,5772.0
2026-08-06 09:40:00+09:00,11900.0,11960.0,11880.0,11950.0,18169.0
2026-08-06 09:50:00+09:00,11940.0,11940.0,11870.0,11880.0,3931.0
2026-08-06 10:00:00+09:00,11880.0,11900.0,11840.0,11880.0,18742.0
2026-08-06 10:10:00+09:00,11880.0,11890.0,11820.0,11840.0,7253.0
2026-08-06 10:20:00+09:00,11840.0,11850.0,11730.0,11740.0,9946.0
2026-08-06 10:30:00+09:00,11730.0,11770.0,11670.0,11670.0,21553.0
2026-08-06 10:40:00+09:00,11670.0,11720.0,11670.0,11700.0,12417.0
2026-08-06 10:50:00+09:00,11690.0,11730.0,11660.0,11670.0,7871.0
2026-08-06 11:00:00+09:00,11670.0,11670.0,11640.0,11670.0,4100.0
2026-08-06 11:10:00+09:00,11660.0,11670.0,11620.0,11630.0,5760.0
2026-08-06 11:20:00+09:00,11630.0,11780.0,11600.0,11730.0,8791.0
2026-08-06 11:30:00+09:00,11720.0,11800.0,11720.0,11790.0,3960.0
2026-08-06 11:40:00+09:00,11780.0,11870.0,11780.0,11860.0,3158.0
2026-08-06 11:50:00+09:00,11850.0,11870.0,11760.0,11860.0,23980.0
2026-08-06 12:00:00+09:00,11850.0,11880.0,11800.0,11800.0,6149.0
2026-08-06 12:10:00+09:00,11800.0,11890.0,11800.0,11890.0,10188.0
2026-08-06 12:20:00+09:00,11870.0,11900.0,11820.0,11840.0,3096.0
2026-08-06 12:30:00+09:00,11830.0,11850.0,11780.0,11840.0,5183.0
2026-08-06 12:40:00+09:00,11830.0,11880.0,11740.0,11750.0,7636.0
2026-08-06 12:50:00+09:00,11750.0,11760.0,11690.0,11750.0,8250.0
2026-08-06 13:00:00+09:00,11740.0,11790.0,11700.0,11700.0,9081.0
2026-08-06 13:10:00+09:00,11700.0,11720.0,11660.0,11670.0,9237.0
2026-08-06 13:20:00+09:00,11660.0,11700.0,11650.0,11690.0,8981.0
2026-08-06 13:30:00+09:00,11690.0,11720.0,11670.0,11710.0,10656.0
2026-08-06 13:40:00+09:00,11700.0,11740.0,11670.0,11700.0,19513.0
2026-08-06 13:50:00+09:00,11700.0,11870.0,11680.0,11830.0,14337.0
2026-08-06 14:00:00+09:00,11840.0,11940.0,11830.0,11860.0,7697.0
2026-08-06 14:10:00+09:00,11860.0,11860.0,11770.0,11780.0,18834.0
2026-08-06 14:20:00+09:00,11780.0,11800.0,11750.0,11760.0,23234.0
2026-08-06 14:30:00+09:00,11760.0,11800.0,11750.0,11750.0,24016.0
2026-08-06 14:40:00+09:00,11750.0,11800.0,11710.0,11760.0,20792.0
2026-08-06 14:50:00+09:00,11750.0,11790.0,11730.0,11780.0,23699.0
2026-08-07 09:00:00+09:00,11840.0,11950.0,11700.0,11730.0,8920.0
2026-08-07 09:10:00+09:00,11740.0,11770.0,11610.0,11660.0,18100.0
2026-08-07 09:20:00+09:00,11650.0,11740.0,11630.0,11690.0,5589.0
2026-08-07 09:30:00+09:00,11670.0,11810.0,11670.0,11740.0,5529.0
2026-08-07 09:40:00+09:00,11740.0,11810.0,11720.0,11780.0,2998.0
2026-08-07 09:50:00+09:00,11760.0,11820.0,11740.0,11820.0,4648.0
2026-08-07 10:00:00+09:00,11820.0,11880.0,11790.0,11790.0,7461.0
2026-08-07 10:10:00+09:00,11790.0,11820.0,11730.0,11730.0,2391.0
2026-08-07 10:20:00+09:00,11720.0,11780.0,11690.0,11750.0,5757.0
2026-08-07 10:30:00+09:00,11750.0,11750.0,11630.0,11630.0,8242.0
2026-08-07 10:40:00+09:00,11620.0,11660.0,11570.0,11600.0,25145.0
2026-08-07 10:50:00+09:00,11570.0,11620.0,11550.0,11620.0,5967.0
2026-08-07 11:00:00+09:00,11600.0,11640.0,11560.0,11580.0,8038.0
2026-08-07 11:10:00+09:00,11560.0,11580.0,11530.0,11560.0,14730.0
2026-08-07 11:20:00+09:00,11560.0,11590.0,11490.0,11560.0,10050.0
2026-08-07 11:30:00+09:00,11530.0,11620.0,11530.0,11570.0,5940.0
2026-08-07 11:40:00+09:00,11570.0,11600.0,11560.0,11600.0,4466.0
2026-08-07 11:50:00+09:00,11600.0,11600.0,11580.0,11590.0,5700.0
2026-08-07 12:00:00+09:00,11580.0,12480.0,11570.0,12390.0,55724.0
2026-08-07 12:10:00+09:00,12400.0,12400.0,12060.0,12220.0,69636.0
2026-08-07 12:20:00+09:00,12220.0,12610.0,12180.0,12450.0,77501.0
2026-08-07 12:30:00+09:00,12430.0,12620.0,12320.0,12360.0,47484.0
2026-08-07 12:40:00+09:00,12340.0,12480.0,12140.0,12210.0,32970.0
2026-08-07 12:50:00+09:00,12200.0,12230.0,12030.0,12040.0,33334.0
2026-08-07 13:00:00+09:00,12040.0,12050.0,11800.0,11850.0,35726.0
2026-08-07 13:10:00+09:00,11850.0,12010.0,11800.0,11810.0,28881.0
2026-08-07 13:20:00+09:00,11820.0,11890.0,11810.0,11860.0,18950.0
2026-08-07 13:30:00+09:00,11850.0,11900.0,11830.0,11850.0,17140.0
2026-08-07 13:40:00+09:00,11850.0,11860.0,11750.0,11760.0,27209.0
2026-08-07 13:50:00+09:00,11770.0,11810.0,11740.0,11740.0,25500.0
2026-08-07 14:00:00+09:00,11750.0,11810.0,11740.0,11770.0,19784.0
2026-08-07 14:10:00+09:00,11780.0,11850.0,11740.0,11810.0,22969.0
2026-08-07 14:20:00+09:00,11820.0,11940.0,11800.0,11910.0,26172.0
2026-08-07 14:30:00+09:00,11930.0,12090.0,11880.0,12050.0,26119.0
2026-08-07 14:40:00+09:00,12060.0,12190.0,12000.0,12160.0,31708.0
2026-08-07 14:50:00+09:00,12180.0,12210.0,12080.0,12100.0,38949.0
2026-08-10 09:00:00+09:00,12340.0,12490.0,12180.0,12280.0,10055.0
2026-08-10 09:10:00+09:00,12280.0,12280.0,12120.0,12160.0,5775.0
2026-08-10 09:20:00+09:00,12140.0,12140.0,11910.0,12040.0,13917.0
2026-08-10 09:30:00+09:00,12040.0,12090.0,11950.0,11970.0,7926.0
2026-08-10 09:40:00+09:00,11970.0,12020.0,11900.0,11910.0,8238.0
2026-08-10 09:50:00+09:00,11890.0,11920.0,11790.0,11790.0,21572.0
2026-08-10 10:00:00+09:00,11800.0,11850.0,11760.0,11800.0,28147.0
2026-08-10 10:10:00+09:00,11800.0,11810.0,11720.0,11750.0,14845.0
2026-08-10 10:20:00+09:00,11750.0,11770.0,11720.0,11750.0,6965.0
2026-08-10 10:30:00+09:00,11740.0,11760.0,11660.0,11760.0,20989.0
2026-08-10 10:40:00+09:00,11750.0,11830.0,11700.0,11810.0,8889.0
2026-08-10 10:50:00+09:00,11810.0,11920.0,11810.0,11840.0,8541.0
2026-08-10 11:00:00+09:00,11830.0,11840.0,11800.0,11810.0,4947.0
2026-08-10 11:10:00+09:00,11800.0,11890.0,11800.0,11810.0,6123.0
2026-08-10 11:20:00+09:00,11810.0,11840.0,11790.0,11800.0,7405.0
2026-08-10 11:30:00+09:00,11800.0,11870.0,11790.0,11840.0,6868.0
2026-08-10 11:40:00+09:00,11830.0,11850.0,11820.0,11830.0,4128.0
2026-08-10 11:50:00+09:00,11830.0,11840.0,11800.0,11800.0,4643.0
2026-08-10 12:00:00+09:00,11790.0,11810.0,11760.0,11770.0,5914.0
2026-08-10 12:10:00+09:00,11760.0,11780.0,11710.0,11740.0,10611.0
2026-08-10 12:20:00+09:00,11730.0,11780.0,11730.0,11770.0,5199.0
2026-08-10 12:30:00+09:00,11760.0,11790.0,11750.0,11780.0,4734.0
2026-08-10 12:40:00+09:00,11760.0,11805.0,11740.0,11740.0,5208.0
2026-08-10 12:50:00+09:00,11740.0,11770.0,11740.0,11750.0,4474.0
2026-08-10 13:00:00+09:00,11750.0,11790.0,11750.0,11780.0,4956.0
2026-08-10 13:10:00+09:00,11770.0,11790.0,11770.0,11770.0,4571.0
2026-08-10 13:20:00+09:00,11770.0,11800.0,11750.0,11790.0,5760.0
2026-08-10 13:30:00+09:00,11790.0,11800.0,11770.0,11800.0,4594.0
2026-08-10 13:40:00+09:00,11790.0,11800.0,11740.0,11750.0,6192.0
2026-08-10 13:50:00+09:00,11750.0,11760.0,11710.0,11720.0,8674.0
2026-08-10 14:00:00+09:00,11710.0,11790.0,11710.0,11760.0,4017.0
2026-08-10 14:10:00+09:00,11760.0,11770.0,11670.0,11680.0,17687.0
2026-08-10 14:20:00+09:00,11680.0,11690.0,11640.0,11680.0,15153.0
2026-08-10 14:30:00+09:00,11660.0,11700.0,11650.0,11670.0,8219.0
2026-08-10 14:40:00+09:00,11660.0,11700.0,11660.0,11670.0,8698.0
2026-08-10 14:50:00+09:00,11670.0,11820.0,11660.0,11820.0,11404.0
2026-08-11 09:00:00+09:00,11820.0,11840.0,11700.0,11830.0,6571.0
2026-08-11 09:10:00+09:00,11830.0,12030.0,11780.0,11890.0,14352.0
2026-08-11 09:20:00+09:00,11890.0,11950.0,11850.0,11940.0,3780.0
2026-08-11 09:30:00+09:00,11950.0,12070.0,11950.0,12040.0,13891.0
2026-08-11 09:40:00+09:00,12030.0,12100.0,12000.0,12060.0,14180.0
2026-08-11 09:50:00+09:00,12060.0,12110.0,12040.0,12080.0,13826.0
2026-08-11 10:00:00+09:00,12070.0,12080.0,11920.0,11980.0,12824.0
2026-08-11 10:10:00+09:00,11970.0,12090.0,11960.0,12020.0,12678.0
2026-08-11 10:20:00+09:00,11980.0,12040.0,11910.0,11980.0,6889.0
2026-08-11 10:30:00+09:00,11950.0,11990.0,11930.0,11960.0,4210.0
2026-08-11 10:40:00+09:00,11960.0,12000.0,11920.0,11960.0,4332.0
2026-08-11 10:50:00+09:00,11930.0,11970.0,11850.0,11850.0,8647.0
2026-08-11 11:00:00+09:00,11850.0,11860.0,11800.0,11840.0,7004.0
2026-08-11 11:10:00+09:00,11840.0,11980.0,11810.0,11850.0,4162.0
2026-08-11 11:20:00+09:00,11830.0,11860.0,11810.0,11820.0,3092.0
2026-08-11 11:30:00+09:00,11820.0,11850.0,11810.0,11820.0,5962.0
2026-08-11 11:40:00+09:00,11820.0,11920.0,11820.0,11890.0,19580.0
2026-08-11 11:50:00+09:00,11880.0,11890.0,11820.0,11850.0,5229.0
2026-08-11 12:00:00+09:00,11850.0,11870.0,11810.0,11830.0,3339.0
2026-08-11 12:10:00+09:00,11820.0,11850.0,11810.0,11820.0,2105.0
2026-08-11 12:20:00+09:00,11810.0,11850.0,11810.0,11840.0,1337.0
2026-08-11 12:30:00+09:00,11830.0,11870.0,11810.0,11860.0,5022.0
2026-08-11 12:40:00+09:00,11850.0,11900.0,11840.0,11890.0,2514.0
2026-08-11 12:50:00+09:00,11850.0,11860.0,11840.0,11850.0,2303.0
2026-08-11 13:00:00+09:00,11840.0,11870.0,11840.0,11870.0,2149.0
2026-08-11 13:10:00+09:00,11870.0,11880.0,11810.0,11820.0,7741.0
2026-08-11 13:20:00+09:00,11820.0,11840.0,11820.0,11820.0,1273.0
2026-08-11 13:30:00+09:00,11820.0,11840.0,11820.0,11820.0,2451.0
2026-08-11 13:40:00+09:00,11810.0,11840.0,11810.0,11830.0,1906.0
2026-08-11 13:50:00+09:00,11810.0,11830.0,11780.0,11780.0,3728.0
2026-08-11 14:00:00+09:00,11780.0,11810.0,11780.0,11800.0,2497.0
2026-08-11 14:10:00+09:00,11790.0,11820.0,11790.0,11810.0,2283.0
2026-08-11 14:20:00+09:00,11810.0,11830.0,11790.0,11800.0,2365.0
2026-08-11 14:30:00+09:00,11800.0,11840.0,11790.0,11800.0,2802.0
2026-08-11 14:40:00+09:00,11800.0,11840.0,11800.0,11820.0,3379.0
2026-08-11 14:50:00+09:00,11820.0,11830.0,11780.0,11790.0,1813.0
2026-08-12 09:00:00+09:00,11870.0,11900.0,11600.0,11710.0,31125.0
2026-08-12 09:10:00+09:00,11720.0,11720.0,11540.0,11550.0,19539.0
2026-08-12 09:20:00+09:00,11550.0,11600.0,11490.0,11540.0,23929.0
2026-08-12 09:30:00+09:00,11550.0,11640.0,11520.0,11630.0,3368.0
2026-08-12 09:40:00+09:00,11630.0,11640.0,11600.0,11620.0,4829.0
2026-08-12 09:50:00+09:00,11620.0,11630.0,11600.0,11610.0,3295.0
2026-08-12 10:00:00+09:00,11620.0,11670.0,11610.0,11650.0,4238.0
2026-08-12 10:10:00+09:00,11650.0,11720.0,11650.0,11660.0,4889.0
2026-08-12 10:20:00+09:00,11670.0,11670.0,11630.0,11640.0,4965.0
2026-08-12 10:30:00+09:00,11640.0,11690.0,11630.0,11670.0,4080.0
2026-08-12 10:40:00+09:00,11670.0,11690.0,11640.0,11690.0,6153.0
2026-08-12 10:50:00+09:00,11680.0,11690.0,11650.0,11660.0,3239.0
2026-08-12 11:00:00+09:00,11650.0,11660.0,11610.0,11620.0,6773.0
2026-08-12 11:10:00+09:00,11620.0,11640.0,11610.0,11640.0,4662.0
2026-08-12 11:20:00+09:00,11630.0,11630.0,11490.0,11500.0,23946.0
2026-08-12 11:30:00+09:00,11500.0,11540.0,11440.0,11450.0,23247.0
2026-08-12 11:40:00+09:00,11470.0,11570.0,11450.0,11530.0,12165.0
2026-08-12 11:50:00+09:00,11530.0,11560.0,11520.0,11530.0,7423.0
2026-08-12 12:00:00+09:00,11530.0,11540.0,11510.0,11530.0,13312.0
2026-08-12 12:10:00+09:00,11530.0,11550.0,11510.0,11550.0,9501.0
2026-08-12 12:20:00+09:00,11550.0,11600.0,11540.0,11600.0,10412.0
2026-08-12 12:30:00+09:00,11600.0,11610.0,11580.0,11600.0,8383.0
2026-08-12 12:40:00+09:00,11600.0,11620.0,11590.0,11600.0,8820.0
2026-08-12 12:50:00+09:00,11610.0,11610.0,11570.0,11590.0,7454.0
2026-08-12 13:00:00+09:00,11590.0,11590.0,11550.0,11570.0,8917.0
2026-08-12 13:10:00+09:00,11570.0,11570.0,11540.0,11550.0,6413.0
2026-08-12 13:20:00+09:00,11540.0,11550.0,11530.0,11530.0,9122.0
2026-08-12 13:30:00+09:00,11540.0,11540.0,11520.0,11530.0,8602.0
2026-08-12 13:40:00+09:00,11530.0,11540.0,11500.0,11500.0,26539.0
2026-08-12 13:50:00+09:00,11500.0,11510.0,11470.0,11500.0,15023.0
2026-08-12 14:00:00+09:00,11510.0,11530.0,11500.0,11530.0,10099.0
2026-08-12 14:10:00+09:00,11520.0,11530.0,11470.0,11500.0,14729.0
2026-08-12 14:20:00+09:00,11500.0,11500.0,11460.0,11460.0,14286.0
2026-08-12 14:30:00+09:00,11470.0,11480.0,11450.0,11460.0,14626.0
2026-08-12 14:40:00+09:00,11460.0,11470.0,11450.0,11460.0,14375.0
2026-08-12 14:50:00+09:00,11460.0,11510.0,11450.0,11480.0,18706.0
2026-08-13 09:00:00+09:00,11500.0,11800.0,11500.0,11780.0,25843.0
2026-08-13 09:10:00+09:00,11780.0,11780.0,11700.0,11750.0,10255.0
2026-08-13 09:20:00+09:00,11740.0,11740.0,11690.0,11740.0,3726.0
2026-08-13 09:30:00+09:00,11730.0,11790.0,11730.0,11780.0,9128.0
2026-08-13 09:40:00+09:00,11780.0,11830.0,11770.0,11820.0,6250.0
2026-08-13 09:50:00+09:00,11810.0,11860.0,11790.0,11860.0,6075.0
2026-08-13 10:00:00+09:00,11860.0,11860.0,11800.0,11820.0,5040.0
2026-08-13 10:10:00+09:00,11820.0,11830.0,11790.0,11790.0,2125.0
2026-08-13 10:20:00+09:00,11790.0,11800.0,11770.0,11780.0,1445.0
2026-08-13 10:30:00+09:00,11790.0,11800.0,11760.0,11760.0,2094.0
2026-08-13 10:40:00+09:00,11750.0,11810.0,11750.0,11810.0,2751.0
2026-08-13 10:50:00+09:00,11800.0,11810.0,11780.0,11790.0,1930.0
2026-08-13 11:00:00+09:00,11770.0,11800.0,11770.0,11770.0,1779.0
2026-08-13 11:10:00+09:00,11770.0,11790.0,11750.0,11790.0,1736.0
2026-08-13 11:20:00+09:00,11780.0,11800.0,11770.0,11770.0,1860.0
2026-08-13 11:30:00+09:00,11770.0,11790.0,11740.0,11780.0,2517.0
2026-08-13 11:40:00+09:00,11770.0,11820.0,11770.0,11810.0,1447.0
2026-08-13 11:50:00+09:00,11810.0,11840.0,11810.0,11830.0,2297.0
2026-08-13 12:00:00+09:00,11820.0,11840.0,11810.0,11840.0,1692.0
2026-08-13 12:10:00+09:00,11830.0,11840.0,11800.0,11800.0,2539.0
2026-08-13 12:20:00+09:00,11800.0,11820.0,11780.0,11790.0,1685.0
2026-08-13 12:30:00+09:00,11780.0,11800.0,11770.0,11790.0,1692.0
2026-08-13 12:40:00+09:00,11790.0,11840.0,11780.0,11830.0,1423.0
2026-08-13 12:50:00+09:00,11820.0,11840.0,11810.0,11830.0,2126.0
2026-08-13 13:00:00+09:00,11820.0,11840.0,11800.0,11810.0,2366.0
2026-08-13 13:10:00+09:00,11810.0,11830.0,11800.0,11800.0,2346.0
2026-08-13 13:20:00+09:00,11800.0,11810.0,11750.0,11760.0,2048.0
2026-08-13 13:30:00+09:00,11760.0,11770.0,11730.0,11740.0,2919.0
2026-08-13 13:40:00+09:00,11730.0,11760.0,11730.0,11750.0,1685.0
2026-08-13 13:50:00+09:00,11750.0,11790.0,11740.0,11770.0,2811.0
2026-08-13 14:00:00+09:00,11760.0,11780.0,11710.0,11720.0,2182.0
2026-08-13 14:10:00+09:00,11720.0,11740.0,11710.0,11730.0,2344.0
2026-08-13 14:20:00+09:00,11720.0,11770.0,11710.0,11770.0,1744.0
2026-08-13 14:30:00+09:00,11750.0,11760.0,11700.0,11700.0,3054.0
2026-08-13 14:40:00+09:00,11700.0,11720.0,11680.0,11700.0,1229.0
2026-08-13 14:50:00+09:00,11700.0,11730.0,11650.0,11650.0,3685.0
2026-08-14 09:00:00+09:00,11670.0,11920.0,11630.0,11860.0,11397.0
2026-08-14 09:10:00+09:00,11860.0,11870.0,11760.0,11770.0,3922.0
2026-08-14 09:20:00+09:00,11760.0,11840.0,11760.0,11810.0,3035.0
2026-08-14 09:30:00+09:00,11800.0,11810.0,11740.0,11750.0,4817.0
2026-08-14 09:40:00+09:00,11750.0,11770.0,11650.0,11650.0,7207.0
2026-08-14 09:50:00+09:00,11660.0,11670.0,11590.0,11650.0,4864.0
2026-08-14 10:00:00+09:00,11660.0,11710.0,11660.0,11710.0,3271.0
2026-08-14 10:10:00+09:00,11700.0,11730.0,11640.0,11680.0,2591.0
2026-08-14 10:20:00+09:00,11680.0,11720.0,11670.0,11720.0,1863.0
2026-08-14 10:30:00+09:00,11710.0,11730.0,11660.0,11670.0,2176.0
2026-08-14 10:40:00+09:00,11670.0,11720.0,11660.0,11700.0,1922.0
2026-08-14 10:50:00+09:00,11700.0,11730.0,11660.0,11730.0,3407.0
2026-08-14 11:00:00+09:00,11730.0,11740.0,11690.0,11700.0,3030.0
2026-08-14 11:10:00+09:00,11700.0,11740.0,11700.0,11710.0,2747.0
2026-08-14 11:20:00+09:00,11700.0,11740.0,11670.0,11670.0,1889.0
2026-08-14 11:30:00+09:00,11670.0,11720.0,11660.0,11690.0,2360.0
2026-08-14 11:40:00+09:00,11690.0,11700.0,11660.0,11680.0,2565.0
2026-08-14 11:50:00+09:00,11680.0,11730.0,11670.0,11700.0,2100.0
2026-08-14 12:00:00+09:00,11690.0,11740.0,11690.0,11730.0,1883.0
2026-08-14 12:10:00+09:00,11720.0,11740.0,11700.0,11710.0,1890.0
2026-08-14 12:20:00+09:00,11720.0,11730.0,11700.0,11730.0,1473.0
2026-08-14 12:30:00+09:00,11730.0,11750.0,11710.0,11730.0,1733.0
2026-08-14 12:40:00+09:00,11730.0,11780.0,11720.0,11740.0,3458.0
2026-08-14 12:50:00+09:00,11740.0,11770.0,11730.0,11730.0,1908.0
2026-08-14 13:00:00+09:00,11730.0,11770.0,11730.0,11770.0,2032.0
2026-08-14 13:10:00+09:00,11770.0,11810.0,11750.0,11810.0,4597.0
2026-08-14 13:20:00+09:00,11810.0,11810.0,11780.0,11790.0,1570.0
2026-08-14 13:30:00+09:00,11790.0,11800.0,11780.0,11790.0,1591.0
2026-08-14 13:40:00+09:00,11790.0,11820.0,11780.0,11780.0,2113.0
2026-08-14 13:50:00+09:00,11780.0,11780.0,11760.0,11760.0,1219.0
2026-08-14 14:00:00+09:00,11770.0,11780.0,11730.0,11770.0,3285.0
2026-08-14 14:10:00+09:00,11770.0,11800.0,11750.0,11800.0,2468.0
2026-08-14 14:20:00+09:00,11800.0,11870.0,11800.0,11830.0,4886.0
2026-08-14 14:30:00+09:00,11840.0,11840.0,11780.0,11830.0,2940.0
2026-08-14 14:40:00+09:00,11830.0,11870.0,11820.0,11850.0,4775.0
2026-08-14 14:50:00+09:00,11860.0,11860.0,11820.0,11860.0,4250.0
2026-08-18 09:00:00+09:00,11920.0,11970.0,11800.0,11870.0,3910.0
2026-08-18 09:10:00+09:00,11840.0,11840.0,11710.0,11710.0,9039.0
2026-08-18 09:20:00+09:00,11710.0,11740.0,11650.0,11670.0,6534.0
2026-08-18 09:30:00+09:00,11670.0,11720.0,11660.0,11720.0,2055.0
2026-08-18 09:40:00+09:00,11710.0,11780.0,11700.0,11760.0,1997.0
2026-08-18 09:50:00+09:00,11760.0,11780.0,11670.0,11670.0,4942.0
2026-08-18 10:00:00+09:00,11670.0,11710.0,11670.0,11690.0,2736.0
2026-08-18 10:10:00+09:00,11690.0,11710.0,11680.0,11680.0,2234.0
2026-08-18 10:20:00+09:00,11680.0,11700.0,11650.0,11650.0,5617.0
2026-08-18 10:30:00+09:00,11650.0,11680.0,11650.0,11680.0,2423.0
2026-08-18 10:40:00+09:00,11670.0,11680.0,11640.0,11650.0,5675.0
2026-08-18 10:50:00+09:00,11650.0,11660.0,11630.0,11630.0,2995.0
2026-08-18 11:00:00+09:00,11630.0,11660.0,11630.0,11650.0,1714.0
2026-08-18 11:10:00+09:00,11650.0,11660.0,11630.0,11640.0,2742.0
2026-08-18 11:20:00+09:00,11630.0,11650.0,11590.0,11590.0,6508.0
2026-08-18 11:30:00+09:00,11590.0,11610.0,11580.0,11600.0,3122.0
2026-08-18 11:40:00+09:00,11600.0,11610.0,11550.0,11570.0,3447.0
2026-08-18 11:50:00+09:00,11570.0,11580.0,11570.0,11580.0,1649.0
2026-08-18 12:00:00+09:00,11580.0,11590.0,11550.0,11550.0,2723.0
2026-08-18 12:10:00+09:00,11550.0,11560.0,11520.0,11530.0,4598.0
2026-08-18 12:20:00+09:00,11520.0,11530.0,11480.0,11490.0,10617.0
2026-08-18 12:30:00+09:00,11490.0,11510.0,11490.0,11500.0,1764.0
2026-08-18 12:40:00+09:00,11500.0,11510.0,11490.0,11510.0,3893.0
2026-08-18 12:50:00+09:00,11510.0,11570.0,11500.0,11550.0,2664.0
2026-08-18 13:00:00+09:00,11550.0,11560.0,11530.0,11540.0,2544.0
2026-08-18 13:10:00+09:00,11540.0,11550.0,11475.0,11500.0,5958.0
2026-08-18 13:20:00+09:00,11500.0,11520.0,11490.0,11510.0,1895.0
2026-08-18 13:30:00+09:00,11510.0,11510.0,11460.0,11460.0,3968.0
2026-08-18 13:40:00+09:00,11460.0,11510.0,11440.0,11510.0,5927.0
2026-08-18 13:50:00+09:00,11500.0,11550.0,11500.0,11550.0,3462.0
2026-08-18 14:00:00+09:00,11540.0,11590.0,11530.0,11590.0,4441.0
2026-08-18 14:10:00+09:00,11580.0,11600.0,11560.0,11580.0,4516.0
2026-08-18 14:20:00+09:00,11570.0,11590.0,11550.0,11550.0,7488.0
2026-08-18 14:30:00+09:00,11550.0,11560.0,11500.0,11510.0,8668.0
2026-08-18 14:40:00+09:00,11510.0,11550.0,11500.0,11540.0,5714.0
2026-08-18 14:50:00+09:00,11550.0,11550.0,11460.0,11460.0,10158.0
2026-08-19 09:00:00+09:00,11360.0,11390.0,11170.0,11300.0,8608.0
2026-08-19 09:10:00+09:00,11300.0,11300.0,11010.0,11020.0,12951.0
2026-08-19 09:20:00+09:00,11020.0,11040.0,10950.0,11010.0,12831.0
2026-08-19 09:30:00+09:00,10980.0,11070.0,10960.0,11070.0,3791.0
2026-08-19 09:40:00+09:00,11070.0,11150.0,11040.0,11110.0,2752.0
2026-08-19 09:50:00+09:00,11110.0,11140.0,11060.0,11060.0,3563.0
2026-08-19 10:00:00+09:00,11070.0,11190.0,11050.0,11190.0,3203.0
2026-08-19 10:10:00+09:00,11170.0,11240.0,11160.0,11210.0,2613.0
2026-08-19 10:20:00+09:00,11200.0,11240.0,11200.0,11240.0,2162.0
2026-08-19 10:30:00+09:00,11220.0,11240.0,11160.0,11180.0,3019.0
2026-08-19 10:40:00+09:00,11170.0,11200.0,11150.0,11190.0,2736.0
2026-08-19 10:50:00+09:00,11190.0,11190.0,11130.0,11160.0,1966.0
2026-08-19 11:00:00+09:00,11150.0,11160.0,11080.0,11080.0,4695.0
2026-08-19 11:10:00+09:00,11080.0,11130.0,11050.0,11090.0,4651.0
2026-08-19 11:20:00+09:00,11080.0,11120.0,11080.0,11110.0,1902.0
2026-08-19 11:30:00+09:00,11110.0,11240.0,11100.0,11220.0,5494.0
2026-08-19 11:40:00+09:00,11210.0,11230.0,11210.0,11220.0,4016.0
2026-08-19 11:50:00+09:00,11210.0,11230.0,11190.0,11230.0,3698.0
2026-08-19 12:00:00+09:00,11220.0,11250.0,11210.0,11220.0,4726.0
2026-08-19 12:10:00+09:00,11210.0,11250.0,11200.0,11250.0,3175.0
2026-08-19 12:20:00+09:00,11250.0,11260.0,11220.0,11250.0,4357.0
2026-08-19 12:30:00+09:00,11240.0,11260.0,11240.0,11250.0,1407.0
2026-08-19 12:40:00+09:00,11250.0,11300.0,11250.0,11280.0,6626.0
2026-08-19 12:50:00+09:00,11280.0,11290.0,11260.0,11270.0,2425.0
2026-08-19 13:00:00+09:00,11260.0,11260.0,11200.0,11220.0,10653.0
2026-08-19 13:10:00+09:00,11210.0,11250.0,11210.0,11250.0,1590.0
2026-08-19 13:20:00+09:00,11250.0,11270.0,11250.0,11260.0,2883.0
2026-08-19 13:30:00+09:00,11260.0,11270.0,11200.0,11250.0,8245.0
2026-08-19 13:40:00+09:00,11240.0,11270.0,11220.0,11220.0,4731.0
2026-08-19 13:50:00+09:00,11220.0,11230.0,11200.0,11230.0,1880.0
2026-08-19 14:00:00+09:00,11220.0,11270.0,11220.0,11270.0,2040.0
2026-08-19 14:10:00+09:00,11260.0,11270.0,11200.0,11230.0,8113.0
2026-08-19 14:20:00+09:00,11220.0,11250.0,11220.0,11250.0,2200.0
2026-08-19 14:30:00+09:00,11240.0,11260.0,11210.0,11220.0,6384.0
2026-08-19 14:40:00+09:00,11210.0,11230.0,11190.0,11200.0,6020.0
2026-08-19 14:50:00+09:00,11190.0,11200.0,11170.0,11170.0,5405.0
2026-08-20 09:00:00+09:00,11290.0,11380.0,11250.0,11330.0,2569.0
2026-08-20 09:10:00+09:00,11350.0,11370.0,11300.0,11360.0,3256.0
2026-08-20 09:20:00+09:00,11330.0,11370.0,11310.0,11310.0,3174.0
2026-08-20 09:30:00+09:00,11310.0,11340.0,11310.0,11320.0,1223.0
2026-08-20 09:40:00+09:00,11320.0,11350.0,11290.0,11290.0,2621.0
2026-08-20 09:50:00+09:00,11290.0,11330.0,11240.0,11330.0,3279.0
2026-08-20 10:00:00+09:00,11240.0,11320.0,11240.0,11250.0,4045.0
2026-08-20 10:10:00+09:00,11240.0,11280.0,11240.0,11280.0,1162.0
2026-08-20 10:20:00+09:00,11270.0,11330.0,11270.0,11330.0,1309.0
2026-08-20 10:30:00+09:00,11310.0,11420.0,11310.0,11390.0,4153.0
2026-08-20 10:40:00+09:00,11370.0,11490.0,11370.0,11470.0,3801.0
2026-08-20 10:50:00+09:00,11470.0,11550.0,11460.0,11510.0,4544.0
2026-08-20 11:00:00+09:00,11510.0,11510.0,11460.0,11480.0,6661.0
2026-08-20 11:10:00+09:00,11480.0,11510.0,11460.0,11490.0,4361.0
2026-08-20 11:20:00+09:00,11490.0,11510.0,11460.0,11510.0,4687.0
2026-08-20 11:30:00+09:00,11500.0,11520.0,11500.0,11510.0,2117.0
2026-08-20 11:40:00+09:00,11510.0,11530.0,11510.0,11520.0,1831.0
2026-08-20 11:50:00+09:00,11520.0,11570.0,11520.0,11560.0,7626.0
2026-08-20 12:00:00+09:00,11565.0,11670.0,11560.0,11630.0,5722.0
2026-08-20 12:10:00+09:00,11630.0,11740.0,11620.0,11630.0,3290.0
2026-08-20 12:20:00+09:00,11630.0,11640.0,11590.0,11600.0,3361.0
2026-08-20 12:30:00+09:00,11590.0,11670.0,11590.0,11670.0,3354.0
2026-08-20 12:40:00+09:00,11660.0,11660.0,11580.0,11600.0,7476.0
2026-08-20 12:50:00+09:00,11600.0,11650.0,11580.0,11580.0,4937.0
2026-08-20 13:00:00+09:00,11580.0,11610.0,11560.0,11610.0,3563.0
2026-08-20 13:10:00+09:00,11600.0,11610.0,11580.0,11600.0,2653.0
2026-08-20 13:20:00+09:00,11590.0,11640.0,11590.0,11640.0,4112.0
2026-08-20 13:30:00+09:00,11630.0,11640.0,11580.0,11590.0,2758.0
2026-08-20 13:40:00+09:00,11580.0,11600.0,11580.0,11590.0,2581.0
2026-08-20 13:50:00+09:00,11580.0,11610.0,11570.0,11600.0,2665.0
2026-08-20 14:00:00+09:00,11600.0,11600.0,11570.0,11590.0,1923.0
2026-08-20 14:10:00+09:00,11590.0,11620.0,11580.0,11620.0,2630.0
2026-08-20 14:20:00+09:00,11610.0,11620.0,11560.0,11600.0,2830.0
2026-08-20 14:30:00+09:00,11590.0,11610.0,11550.0,11580.0,3157.0
2026-08-20 14:40:00+09:00,11580.0,11605.0,11560.0,11560.0,2975.0
2026-08-20 14:50:00+09:00,11560.0,11590.0,11540.0,11550.0,3295.0
2026-08-21 09:00:00+09:00,11590.0,11590.0,11420.0,11440.0,2975.0
2026-08-21 09:10:00+09:00,11440.0,11520.0,11430.0,11430.0,2954.0
2026-08-21 09:20:00+09:00,11440.0,11440.0,11350.0,11350.0,4183.0
2026-08-21 09:30:00+09:00,11350.0,11510.0,11330.0,11380.0,2671.0
2026-08-21 09:40:00+09:00,11380.0,11440.0,11370.0,11400.0,3280.0
2026-08-21 09:50:00+09:00,11390.0,11400.0,11310.0,11340.0,4946.0
2026-08-21 10:00:00+09:00,11340.0,11440.0,11330.0,11430.0,4025.0
2026-08-21 10:10:00+09:00,11410.0,11480.0,11400.0,11460.0,2096.0
2026-08-21 10:20:00+09:00,11460.0,11460.0,11420.0,11420.0,2484.0
2026-08-21 10:30:00+09:00,11420.0,11420.0,11350.0,11370.0,3485.0
2026-08-21 10:40:00+09:00,11370.0,11400.0,11370.0,11400.0,2512.0
2026-08-21 10:50:00+09:00,11400.0,11430.0,11310.0,11410.0,4209.0
2026-08-21 11:00:00+09:00,11390.0,11410.0,11370.0,11380.0,2746.0
2026-08-21 11:10:00+09:00,11380.0,11400.0,11360.0,11360.0,3767.0
2026-08-21 11:20:00+09:00,11370.0,11410.0,11360.0,11410.0,2078.0
2026-08-21 11:30:00+09:00,11410.0,11420.0,11380.0,11380.0,3464.0
2026-08-21 11:40:00+09:00,11390.0,11410.0,11380.0,11400.0,2604.0
2026-08-21 11:50:00+09:00,11400.0,11410.0,11390.0,11410.0,2207.0
2026-08-21 12:00:00+09:00,11410.0,11410.0,11330.0,11350.0,3495.0
2026-08-21 12:10:00+09:00,11350.0,11370.0,11320.0,11330.0,2396.0
2026-08-21 12:20:00+09:00,11320.0,11360.0,11320.0,11350.0,2449.0
2026-08-21 12:30:00+09:00,11340.0,11350.0,11330.0,11340.0,1155.0
2026-08-21 12:40:00+09:00,11340.0,11350.0,11330.0,11350.0,1519.0
2026-08-21 12:50:00+09:00,11350.0,11350.0,11320.0,11340.0,2809.0
2026-08-21 13:00:00+09:00,11350.0,11400.0,11340.0,11400.0,8181.0
2026-08-21 13:10:00+09:00,11400.0,11420.0,11390.0,11390.0,2581.0
2026-08-21 13:20:00+09:00,11400.0,11400.0,11380.0,11400.0,1565.0
2026-08-21 13:30:00+09:00,11390.0,11410.0,11370.0,11370.0,7645.0
2026-08-21 13:40:00+09:00,11370.0,11410.0,11360.0,11410.0,2704.0
2026-08-21 13:50:00+09:00,11400.0,11430.0,11390.0,11400.0,8192.0
2026-08-21 14:00:00+09:00,11400.0,11430.0,11400.0,11420.0,5367.0
2026-08-21 14:10:00+09:00,11430.0,11510.0,11410.0,11490.0,5671.0
2026-08-21 14:20:00+09:00,11490.0,11520.0,11480.0,11480.0,1723.0
2026-08-21 14:30:00+09:00,11490.0,11510.0,11460.0,11470.0,1564.0
2026-08-21 14:40:00+09:00,11470.0,11500.0,11460.0,11490.0,2227.0
2026-08-21 14:50:00+09:00,11490.0,11490.0,11440.0,11450.0,2562.0
2026-08-24 09:00:00+09:00,11590.0,11600.0,11420.0,11470.0,3304.0
2026-08-24 09:10:00+09:00,11470.0,11550.0,11420.0,11490.0,3329.0
2026-08-24 09:20:00+09:00,11500.0,11540.0,11500.0,11500.0,3753.0
2026-08-24 09:30:00+09:00,11530.0,11560.0,11460.0,11540.0,11550.0
2026-08-24 09:40:00+09:00,11540.0,11600.0,11520.0,11590.0,2925.0
2026-08-24 09:50:00+09:00,11590.0,11600.0,11550.0,11580.0,2593.0
2026-08-24 10:00:00+09:00,11600.0,11600.0,11560.0,11570.0,3171.0
2026-08-24 10:10:00+09:00,11570.0,11730.0,11570.0,11700.0,10438.0
2026-08-24 10:20:00+09:00,11700.0,11700.0,11650.0,11660.0,3233.0
2026-08-24 10:30:00+09:00,11660.0,11750.0,11660.0,11750.0,6316.0
2026-08-24 10:40:00+09:00,11740.0,11760.0,11720.0,11720.0,4397.0
2026-08-24 10:50:00+09:00,11730.0,11750.0,11670.0,11680.0,3713.0
2026-08-24 11:00:00+09:00,11670.0,11700.0,11620.0,11650.0,15951.0
2026-08-24 11:10:00+09:00,11640.0,11710.0,11640.0,11710.0,2568.0
2026-08-24 11:20:00+09:00,11690.0,11730.0,11670.0,11700.0,3013.0
2026-08-24 11:30:00+09:00,11700.0,11730.0,11680.0,11690.0,3678.0
2026-08-24 11:40:00+09:00,11680.0,11700.0,11660.0,11690.0,2774.0
2026-08-24 11:50:00+09:00,11680.0,11730.0,11650.0,11730.0,2937.0
2026-08-24 12:00:00+09:00,11730.0,11730.0,11600.0,11650.0,8417.0
2026-08-24 12:10:00+09:00,11610.0,11650.0,11580.0,11650.0,5700.0
2026-08-24 12:20:00+09:00,11630.0,11680.0,11620.0,11660.0,2371.0
2026-08-24 12:30:00+09:00,11680.0,11680.0,11600.0,11620.0,3897.0
2026-08-24 12:40:00+09:00,11630.0,11650.0,11600.0,11600.0,2622.0
2026-08-24 12:50:00+09:00,11600.0,11660.0,11580.0,11610.0,2614.0
2026-08-24 13:00:00+09:00,11630.0,11670.0,11580.0,11670.0,3380.0
2026-08-24 13:10:00+09:00,11640.0,11670.0,11630.0,11630.0,2467.0
2026-08-24 13:20:00+09:00,11650.0,11680.0,11630.0,11640.0,3540.0
2026-08-24 13:30:00+09:00,11670.0,11680.0,11610.0,11620.0,4319.0
2026-08-24 13:40:00+09:00,11620.0,11620.0,11560.0,11560.0,7464.0
2026-08-24 13:50:00+09:00,11570.0,11610.0,11570.0,11610.0,3159.0
2026-08-24 14:00:00+09:00,11640.0,11640.0,11570.0,11590.0,3867.0
2026-08-24 14:10:00+09:00,11590.0,11620.0,11590.0,11610.0,2859.0
2026-08-24 14:20:00+09:00,11600.0,11650.0,11600.0,11610.0,3756.0
2026-08-24 14:30:00+09:00,11610.0,11650.0,11590.0,11620.0,3046.0
2026-08-24 14:40:00+09:00,11610.0,11650.0,11590.0,11600.0,2943.0
2026-08-24 14:50:00+09:00,11600.0,11650.0,11570.0,11650.0,4847.0
2026-08-25 09:00:00+09:00,11680.0,11720.0,11470.0,11510.0,20479.0
2026-08-25 09:10:00+09:00,11530.0,11530.0,11400.0,11450.0,6024.0
2026-08-25 09:20:00+09:00,11440.0,11490.0,11430.0,11490.0,4547.0
2026-08-25 09:30:00+09:00,11480.0,11530.0,11470.0,11520.0,3968.0
2026-08-25 09:40:00+09:00,11510.0,11550.0,11500.0,11510.0,3958.0
2026-08-25 09:50:00+09:00,11510.0,11510.0,11480.0,11490.0,2506.0
2026-08-25 10:00:00+09:00,11490.0,11580.0,11490.0,11510.0,6982.0
2026-08-25 10:10:00+09:00,11510.0,11540.0,11450.0,11520.0,7876.0
2026-08-25 10:20:00+09:00,11520.0,11530.0,11480.0,11530.0,1421.0
2026-08-25 10:30:00+09:00,11520.0,11570.0,11510.0,11560.0,1960.0
2026-08-25 10:40:00+09:00,11560.0,11600.0,11550.0,11600.0,2194.0
2026-08-25 10:50:00+09:00,11590.0,11630.0,11590.0,11610.0,1853.0
2026-08-25 11:00:00+09:00,11610.0,11620.0,11550.0,11560.0,1810.0
2026-08-25 11:10:00+09:00,11550.0,11550.0,11510.0,11530.0,1725.0
2026-08-25 11:20:00+09:00,11520.0,11550.0,11440.0,11450.0,4749.0
2026-08-25 11:30:00+09:00,11430.0,11440.0,11280.0,11310.0,21458.0
2026-08-25 11:40:00+09:00,11320.0,11320.0,11250.0,11270.0,9751.0
2026-08-25 11:50:00+09:00,11260.0,11280.0,11240.0,11280.0,8486.0
2026-08-25 12:00:00+09:00,11310.0,11350.0,11270.0,11340.0,7193.0
2026-08-25 12:10:00+09:00,11350.0,11460.0,11340.0,11460.0,13821.0
2026-08-25 12:20:00+09:00,11460.0,11470.0,11430.0,11470.0,9928.0
2026-08-25 12:30:00+09:00,11480.0,11480.0,11450.0,11450.0,5895.0
2026-08-25 12:40:00+09:00,11460.0,11500.0,11450.0,11460.0,7533.0
2026-08-25 12:50:00+09:00,11470.0,11510.0,11450.0,11480.0,7028.0
2026-08-25 13:00:00+09:00,11480.0,11540.0,11470.0,11530.0,7998.0
2026-08-25 13:10:00+09:00,11540.0,11580.0,11520.0,11540.0,6529.0
2026-08-25 13:20:00+09:00,11550.0,11580.0,11520.0,11520.0,7538.0
2026-08-25 13:30:00+09:00,11520.0,11580.0,11500.0,11560.0,7931.0
2026-08-25 13:40:00+09:00,11570.0,11570.0,11540.0,11560.0,6499.0
2026-08-25 13:50:00+09:00,11550.0,11580.0,11500.0,11570.0,6783.0
2026-08-25 14:00:00+09:00,11580.0,11620.0,11570.0,11610.0,7954.0
2026-08-25 14:10:00+09:00,11600.0,11630.0,11530.0,11610.0,7639.0
2026-08-25 14:20:00+09:00,11600.0,11620.0,11520.0,11550.0,6757.0
2026-08-25 14:30:00+09:00,11550.0,11650.0,11550.0,11640.0,3103.0
2026-08-25 14:40:00+09:00,11640.0,11650.0,11610.0,11650.0,2281.0
2026-08-25 14:50:00+09:00,11650.0,11660.0,11610.0,11630.0,2374.0
2026-08-26 09:00:00+09:00,11790.0,11960.0,11770.0,11950.0,15532.0
2026-08-26 09:10:00+09:00,11950.0,12090.0,11900.0,11990.0,13066.0
2026-08-26 09:20:00+09:00,12000.0,12140.0,12000.0,12120.0,16947.0
2026-08-26 09:30:00+09:00,12120.0,12270.0,12120.0,12190.0,18917.0
2026-08-26 09:40:00+09:00,12190.0,12190.0,12080.0,12130.0,8430.0
2026-08-26 09:50:00+09:00,12130.0,12140.0,12000.0,12040.0,5191.0
2026-08-26 10:00:00+09:00,12030.0,12100.0,12030.0,12090.0,3176.0
2026-08-26 10:10:00+09:00,12090.0,12190.0,12080.0,12190.0,5535.0
2026-08-26 10:20:00+09:00,12190.0,12210.0,12120.0,12150.0,5768.0
2026-08-26 10:30:00+09:00,12160.0,12160.0,12120.0,12130.0,5062.0
2026-08-26 10:40:00+09:00,12140.0,12140.0,12080.0,12090.0,3343.0
2026-08-26 10:50:00+09:00,12090.0,12110.0,12080.0,12080.0,2341.0
2026-08-26 11:00:00+09:00,12080.0,12090.0,12050.0,12080.0,3241.0
2026-08-26 11:10:00+09:00,12080.0,12110.0,12060.0,12090.0,2802.0
2026-08-26 11:20:00+09:00,12100.0,12180.0,12090.0,12180.0,3900.0
2026-08-26 11:30:00+09:00,12180.0,12190.0,12170.0,12190.0,2370.0
2026-08-26 11:40:00+09:00,12190.0,12200.0,12180.0,12190.0,4096.0
2026-08-26 11:50:00+09:00,12180.0,12190.0,12110.0,12110.0,4596.0
2026-08-26 12:00:00+09:00,12120.0,12140.0,12100.0,12130.0,4458.0
2026-08-26 12:10:00+09:00,12130.0,12180.0,12120.0,12170.0,5180.0
2026-08-26 12:20:00+09:00,12180.0,12180.0,12130.0,12140.0,3670.0
2026-08-26 12:30:00+09:00,12140.0,12180.0,12130.0,12170.0,2850.0
2026-08-26 12:40:00+09:00,12180.0,12200.0,12150.0,12190.0,4376.0
2026-08-26 12:50:00+09:00,12200.0,12210.0,12150.0,12180.0,5264.0
2026-08-26 13:00:00+09:00,12180.0,12200.0,12150.0,12150.0,4861.0
2026-08-26 13:10:00+09:00,12160.0,12200.0,12150.0,12190.0,4340.0
2026-08-26 13:20:00+09:00,12190.0,12200.0,12160.0,12170.0,3670.0
2026-08-26 13:30:00+09:00,12170.0,12180.0,12160.0,12180.0,2888.0
2026-08-26 13:40:00+09:00,12180.0,12240.0,12170.0,12230.0,8731.0
2026-08-26 13:50:00+09:00,12230.0,12240.0,12190.0,12200.0,6194.0
2026-08-26 14:00:00+09:00,12210.0,12260.0,12200.0,12260.0,8600.0
2026-08-26 14:10:00+09:00,12260.0,12260.0,12210.0,12230.0,7507.0
2026-08-26 14:20:00+09:00,12230.0,12280.0,12210.0,12280.0,9504.0
2026-08-26 14:30:00+09:00,12270.0,12280.0,12240.0,12240.0,8061.0
2026-08-26 14:40:00+09:00,12240.0,12270.0,12220.0,12260.0,8189.0
2026-08-26 14:50:00+09:00,12260.0,12280.0,12240.0,12250.0,9925.0
2026-08-27 09:00:00+09:00,12220.0,12320.0,12130.0,12130.0,4651.0
2026-08-27 09:10:00+09:00,12140.0,12170.0,12120.0,12150.0,2994.0
2026-08-27 09:20:00+09:00,12170.0,12260.0,12100.0,12190.0,3597.0
2026-08-27 09:30:00+09:00,12190.0,12280.0,12190.0,12250.0,3770.0
2026-08-27 09:40:00+09:00,12250.0,12260.0,12180.0,12220.0,6015.0
2026-08-27 09:50:00+09:00,12220.0,12220.0,12100.0,12200.0,4693.0
2026-08-27 10:00:00+09:00,12190.0,12230.0,12190.0,12220.0,3505.0
2026-08-27 10:10:00+09:00,12220.0,12230.0,12150.0,12150.0,4109.0
2026-08-27 10:20:00+09:00,12150.0,12170.0,12120.0,12170.0,2601.0
2026-08-27 10:30:00+09:00,12130.0,12160.0,12040.0,12050.0,5165.0
2026-08-27 10:40:00+09:00,12060.0,12060.0,12020.0,12050.0,4202.0
2026-08-27 10:50:00+09:00,12050.0,12120.0,12050.0,12080.0,2701.0
2026-08-27 11:00:00+09:00,12080.0,12120.0,12060.0,12080.0,1847.0
2026-08-27 11:10:00+09:00,12080.0,12120.0,12050.0,12090.0,6642.0
2026-08-27 11:20:00+09:00,12100.0,12150.0,12100.0,12120.0,2248.0
2026-08-27 11:30:00+09:00,12120.0,12150.0,12090.0,12110.0,2602.0
2026-08-27 11:40:00+09:00,12110.0,12120.0,12090.0,12110.0,3711.0
2026-08-27 11:50:00+09:00,12120.0,12120.0,12090.0,12110.0,2286.0
2026-08-27 12:00:00+09:00,12100.0,12110.0,12090.0,12100.0,1938.0
2026-08-27 12:10:00+09:00,12110.0,12110.0,12070.0,12080.0,3923.0
2026-08-27 12:20:00+09:00,12080.0,12080.0,12050.0,12060.0,2664.0
2026-08-27 12:30:00+09:00,12060.0,12090.0,12050.0,12060.0,4170.0
2026-08-27 12:40:00+09:00,12060.0,12070.0,12030.0,12030.0,2581.0
2026-08-27 12:50:00+09:00,12030.0,12080.0,12020.0,12070.0,4802.0
2026-08-27 13:00:00+09:00,12060.0,12080.0,12050.0,12050.0,2735.0
2026-08-27 13:10:00+09:00,12060.0,12090.0,12050.0,12090.0,2833.0
2026-08-27 13:20:00+09:00,12080.0,12090.0,12030.0,12080.0,6537.0
2026-08-27 13:30:00+09:00,12090.0,12090.0,12030.0,12030.0,2885.0
2026-08-27 13:40:00+09:00,12030.0,12030.0,12020.0,12020.0,1647.0
2026-08-27 13:50:00+09:00,12020.0,12040.0,12020.0,12030.0,3011.0
2026-08-27 14:00:00+09:00,12030.0,12050.0,12020.0,12020.0,3150.0
2026-08-27 14:10:00+09:00,12030.0,12030.0,11980.0,11980.0,6216.0
2026-08-27 14:20:00+09:00,11990.0,12020.0,11980.0,11980.0,7516.0
2026-08-27 14:30:00+09:00,11970.0,12010.0,11960.0,11970.0,3327.0
2026-08-27 14:40:00+09:00,11960.0,12020.0,11960.0,12010.0,5642.0
2026-08-27 14:50:00+09:00,12010.0,12010.0,11950.0,11970.0,4615.0
2026-08-28 09:00:00+09:00,12030.0,12100.0,11950.0,12030.0,7177.0
2026-08-28 09:10:00+09:00,12020.0,12030.0,11960.0,11990.0,3780.0
2026-08-28 09:20:00+09:00,11990.0,12040.0,11930.0,11960.0,8048.0
2026-08-28 09:30:00+09:00,11960.0,12010.0,11890.0,11890.0,3863.0
2026-08-28 09:40:00+09:00,11890.0,11930.0,11830.0,11870.0,8594.0
2026-08-28 09:50:00+09:00,11870.0,11880.0,11830.0,11830.0,3518.0
2026-08-28 10:00:00+09:00,11830.0,11840.0,11750.0,11800.0,9585.0
2026-08-28 10:10:00+09:00,11800.0,11890.0,11800.0,11850.0,3279.0
2026-08-28 10:20:00+09:00,11840.0,11850.0,11790.0,11790.0,3861.0
2026-08-28 10:30:00+09:00,11780.0,11800.0,11760.0,11760.0,4155.0
2026-08-28 10:40:00+09:00,11760.0,11770.0,11750.0,11760.0,3616.0
2026-08-28 10:50:00+09:00,11760.0,11800.0,11750.0,11790.0,2313.0
2026-08-28 11:00:00+09:00,11780.0,11840.0,11780.0,11840.0,4082.0
2026-08-28 11:10:00+09:00,11830.0,11870.0,11810.0,11860.0,2880.0
2026-08-28 11:20:00+09:00,11850.0,11870.0,11830.0,11830.0,2603.0
2026-08-28 11:30:00+09:00,11830.0,11860.0,11810.0,11840.0,2872.0
2026-08-28 11:40:00+09:00,11830.0,11870.0,11830.0,11860.0,2717.0
2026-08-28 11:50:00+09:00,11850.0,11920.0,11850.0,11890.0,4446.0
2026-08-28 12:00:00+09:00,11890.0,11910.0,11880.0,11900.0,2337.0
2026-08-28 12:10:00+09:00,11895.0,11930.0,11895.0,11900.0,3109.0
2026-08-28 12:20:00+09:00,11910.0,11950.0,11900.0,11950.0,4665.0
2026-08-28 12:30:00+09:00,11950.0,11960.0,11930.0,11950.0,4840.0
2026-08-28 12:40:00+09:00,11940.0,11950.0,11900.0,11910.0,3740.0
2026-08-28 12:50:00+09:00,11910.0,11960.0,11890.0,11950.0,5147.0
2026-08-28 13:00:00+09:00,11950.0,11960.0,11930.0,11940.0,3678.0
2026-08-28 13:10:00+09:00,11940.0,11940.0,11910.0,11910.0,2460.0
2026-08-28 13:20:00+09:00,11910.0,11920.0,11890.0,11890.0,2370.0
2026-08-28 13:30:00+09:00,11890.0,11910.0,11870.0,11880.0,3429.0
2026-08-28 13:40:00+09:00,11890.0,11900.0,11870.0,11870.0,3580.0
2026-08-28 13:50:00+09:00,11860.0,11880.0,11820.0,11830.0,4797.0
2026-08-28 14:00:00+09:00,11840.0,11870.0,11830.0,11850.0,2906.0
2026-08-28 14:10:00+09:00,11850.0,11850.0,11800.0,11810.0,3625.0
2026-08-28 14:20:00+09:00,11800.0,11820.0,11790.0,11820.0,3787.0
2026-08-28 14:30:00+09:00,11820.0,11840.0,11810.0,11840.0,3560.0
2026-08-28 14:40:00+09:00,11830.0,11840.0,11800.0,11810.0,3895.0
2026-08-28 14:50:00+09:00,11810.0,11840.0,11800.0,11800.0,3339.0
2026-08-31 09:00:00+09:00,11830.0,11840.0,11600.0,11640.0,1712.0
2026-08-31 09:10:00+09:00,11640.0,11720.0,11620.0,11700.0,2136.0
2026-08-31 09:20:00+09:00,11710.0,11830.0,11710.0,11830.0,1793.0
2026-08-31 09:30:00+09:00,11830.0,11860.0,11800.0,11820.0,4683.0
2026-08-31 09:40:00+09:00,11820.0,11860.0,11730.0,11750.0,5567.0
2026-08-31 09:50:00+09:00,11750.0,11790.0,11710.0,11720.0,5022.0
2026-08-31 10:00:00+09:00,11720.0,11740.0,11690.0,11690.0,4943.0
2026-08-31 10:10:00+09:00,11690.0,11720.0,11670.0,11670.0,3838.0
2026-08-31 10:20:00+09:00,11680.0,11680.0,11660.0,11680.0,3122.0
2026-08-31 10:30:00+09:00,11680.0,11690.0,11660.0,11670.0,3170.0
2026-08-31 10:40:00+09:00,11670.0,11700.0,11650.0,11680.0,5304.0
2026-08-31 10:50:00+09:00,11680.0,11720.0,11660.0,11660.0,3218.0
2026-08-31 11:00:00+09:00,11660.0,11700.0,11660.0,11680.0,3546.0
2026-08-31 11:10:00+09:00,11680.0,11770.0,11680.0,11760.0,3895.0
2026-08-31 11:20:00+09:00,11750.0,11820.0,11720.0,11820.0,4040.0
2026-08-31 11:30:00+09:00,11780.0,11850.0,11720.0,11790.0,7865.0
2026-08-31 11:40:00+09:00,11780.0,11850.0,11770.0,11810.0,10919.0
2026-08-31 11:50:00+09:00,11850.0,11850.0,11790.0,11810.0,7187.0
2026-08-31 12:00:00+09:00,11820.0,11850.0,11790.0,11810.0,6408.0
2026-08-31 12:10:00+09:00,11810.0,11860.0,11810.0,11820.0,12625.0
2026-08-31 12:20:00+09:00,11820.0,11850.0,11800.0,11810.0,9709.0
2026-08-31 12:30:00+09:00,11850.0,11860.0,11800.0,11850.0,11300.0
2026-08-31 12:40:00+09:00,11850.0,11850.0,11820.0,11820.0,10440.0
2026-08-31 12:50:00+09:00,11810.0,11820.0,11770.0,11780.0,7660.0
2026-08-31 13:00:00+09:00,11780.0,11830.0,11780.0,11790.0,6073.0
2026-08-31 13:10:00+09:00,11790.0,11800.0,11770.0,11770.0,4687.0
2026-08-31 13:20:00+09:00,11770.0,11810.0,11770.0,11800.0,5156.0
2026-08-31 13:30:00+09:00,11805.0,11820.0,11760.0,11780.0,4958.0
2026-08-31 13:40:00+09:00,11780.0,11830.0,11770.0,11800.0,6849.0
2026-08-31 13:50:00+09:00,11810.0,11840.0,11790.0,11830.0,4684.0
2026-08-31 14:00:00+09:00,11830.0,11870.0,11820.0,11870.0,6388.0
2026-08-31 14:10:00+09:00,11860.0,11910.0,11860.0,11880.0,5323.0
2026-08-31 14:20:00+09:00,11900.0,11900.0,11870.0,11870.0,5853.0
2026-08-31 14:30:00+09:00,11870.0,11890.0,11860.0,11860.0,7909.0
2026-08-31 14:40:00+09:00,11860.0,11860.0,11850.0,11850.0,3817.0
2026-08-31 14:50:00+09:00,11860.0,11860.0,11830.0,11850.0,9630.0
2026-09-01 09:00:00+09:00,11970.0,11980.0,11800.0,11880.0,9241.0
2026-09-01 09:10:00+09:00,11880.0,12000.0,11880.0,11980.0,3508.0
2026-09-01 09:20:00+09:00,11980.0,12010.0,11960.0,11980.0,3989.0
2026-09-01 09:30:00+09:00,11980.0,12040.0,11980.0,12020.0,4523.0
2026-09-01 09:40:00+09:00,12010.0,12010.0,11960.0,12000.0,4343.0
2026-09-01 09:50:00+09:00,12000.0,12000.0,11960.0,11980.0,4432.0
2026-09-01 10:00:00+09:00,11980.0,11980.0,11960.0,11970.0,2659.0
2026-09-01 10:10:00+09:00,11970.0,11980.0,11950.0,11980.0,5887.0
2026-09-01 10:20:00+09:00,11970.0,11980.0,11950.0,11970.0,1868.0
2026-09-01 10:30:00+09:00,11970.0,11980.0,11960.0,11980.0,2969.0
2026-09-01 10:40:00+09:00,11970.0,11980.0,11950.0,11980.0,11280.0
2026-09-01 10:50:00+09:00,11970.0,11990.0,11960.0,11960.0,1819.0
2026-09-01 11:00:00+09:00,11960.0,11970.0,11960.0,11970.0,2499.0
2026-09-01 11:10:00+09:00,11970.0,12020.0,11965.0,12000.0,3679.0
2026-09-01 11:20:00+09:00,12000.0,12010.0,11960.0,11960.0,4314.0
2026-09-01 11:30:00+09:00,11960.0,11970.0,11960.0,11960.0,2193.0
2026-09-01 11:40:00+09:00,11960.0,11970.0,11960.0,11960.0,2898.0
2026-09-01 11:50:00+09:00,11970.0,12030.0,11970.0,12030.0,3471.0
2026-09-01 12:00:00+09:00,12030.0,12080.0,12020.0,12080.0,6900.0
2026-09-01 12:10:00+09:00,12080.0,12080.0,12040.0,12050.0,1840.0
2026-09-01 12:20:00+09:00,12050.0,12050.0,12020.0,12030.0,3016.0
2026-09-01 12:30:00+09:00,12040.0,12090.0,12040.0,12090.0,3660.0
2026-09-01 12:40:00+09:00,12090.0,12100.0,12080.0,12080.0,3158.0
2026-09-01 12:50:00+09:00,12080.0,12080.0,12070.0,12070.0,2468.0
2026-09-01 13:00:00+09:00,12070.0,12080.0,12060.0,12070.0,3286.0
2026-09-01 13:10:00+09:00,12060.0,12060.0,12010.0,12040.0,7816.0
2026-09-01 13:20:00+09:00,12040.0,12080.0,12040.0,12060.0,2710.0
2026-09-01 13:30:00+09:00,12050.0,12150.0,12050.0,12150.0,9267.0
2026-09-01 13:40:00+09:00,12140.0,12150.0,12130.0,12150.0,3294.0
2026-09-01 13:50:00+09:00,12150.0,12160.0,12110.0,12130.0,4320.0
2026-09-01 14:00:00+09:00,12120.0,12130.0,12100.0,12130.0,2501.0
2026-09-01 14:10:00+09:00,12140.0,12170.0,12120.0,12130.0,4212.0
2026-09-01 14:20:00+09:00,12130.0,12190.0,12130.0,12180.0,2886.0
2026-09-01 14:30:00+09:00,12180.0,12200.0,12170.0,12180.0,2866.0
2026-09-01 14:40:00+09:00,12190.0,12200.0,12170.0,12190.0,3947.0
2026-09-01 14:50:00+09:00,12190.0,12200.0,12170.0,12200.0,2333.0
2026-09-02 09:00:00+09:00,12050.0,12070.0,11830.0,11900.0,6675.0
2026-09-02 09:10:00+09:00,11890.0,11960.0,11860.0,11940.0,3237.0
2026-09-02 09:20:00+09:00,11940.0,11990.0,11930.0,11950.0,4845.0
2026-09-02 09:30:00+09:00,11950.0,11990.0,11880.0,11940.0,3978.0
2026-09-02 09:40:00+09:00,11940.0,12040.0,11910.0,12010.0,3554.0
2026-09-02 09:50:00+09:00,12020.0,12080.0,12010.0,12060.0,3467.0
2026-09-02 10:00:00+09:00,12060.0,12110.0,12060.0,12110.0,3408.0
2026-09-02 10:10:00+09:00,12110.0,12110.0,12100.0,12110.0,2593.0
2026-09-02 10:20:00+09:00,12100.0,12110.0,12050.0,12110.0,5326.0
2026-09-02 10:30:00+09:00,12100.0,12110.0,12050.0,12060.0,3970.0
2026-09-02 10:40:00+09:00,12060.0,12120.0,12040.0,12060.0,3451.0
2026-09-02 10:50:00+09:00,12050.0,12060.0,12020.0,12040.0,2363.0
2026-09-02 11:00:00+09:00,12040.0,12110.0,12000.0,12010.0,3583.0
2026-09-02 11:10:00+09:00,12000.0,12010.0,11930.0,11990.0,7679.0
2026-09-02 11:20:00+09:00,11990.0,12010.0,11840.0,11860.0,12948.0
2026-09-02 11:30:00+09:00,11850.0,11960.0,11840.0,11870.0,7484.0
2026-09-02 11:40:00+09:00,11870.0,11950.0,11850.0,11900.0,6273.0
2026-09-02 11:50:00+09:00,11900.0,11910.0,11860.0,11860.0,5805.0
2026-09-02 12:00:00+09:00,11860.0,11900.0,11850.0,11860.0,6021.0
2026-09-02 12:10:00+09:00,11870.0,11930.0,11850.0,11890.0,5798.0
2026-09-02 12:20:00+09:00,11890.0,11890.0,11850.0,11860.0,4792.0
2026-09-02 12:30:00+09:00,11850.0,11860.0,11810.0,11830.0,9225.0
2026-09-02 12:40:00+09:00,11830.0,11850.0,11800.0,11840.0,5234.0
2026-09-02 12:50:00+09:00,11840.0,11870.0,11830.0,11830.0,8072.0
2026-09-02 13:00:00+09:00,11840.0,11840.0,11800.0,11810.0,6274.0
2026-09-02 13:10:00+09:00,11800.0,11840.0,11780.0,11840.0,6648.0
2026-09-02 13:20:00+09:00,11830.0,11870.0,11800.0,11850.0,5779.0
2026-09-02 13:30:00+09:00,11840.0,11890.0,11830.0,11860.0,5352.0
2026-09-02 13:40:00+09:00,11870.0,11870.0,11830.0,11850.0,6405.0
2026-09-02 13:50:00+09:00,11850.0,11850.0,11820.0,11830.0,7086.0
2026-09-02 14:00:00+09:00,11840.0,11860.0,11810.0,11820.0,5670.0
2026-09-02 14:10:00+09:00,11810.0,11880.0,11810.0,11840.0,6953.0
2026-09-02 14:20:00+09:00,11840.0,11950.0,11820.0,11860.0,6946.0
2026-09-02 14:30:00+09:00,11860.0,11910.0,11850.0,11870.0,3249.0
2026-09-02 14:40:00+09:00,11890.0,11950.0,11880.0,11880.0,4551.0
2026-09-02 14:50:00+09:00,11870.0,11890.0,11850.0,11860.0,4986.0
2026-09-03 09:00:00+09:00,11860.0,12000.0,11860.0,11960.0,5222.0
2026-09-03 09:10:00+09:00,11960.0,12030.0,11930.0,12000.0,6955.0
2026-09-03 09:20:00+09:00,12000.0,12100.0,11940.0,12100.0,9148.0
2026-09-03 09:30:00+09:00,12090.0,12220.0,12090.0,12200.0,11740.0
2026-09-03 09:40:00+09:00,12190.0,12250.0,12190.0,12190.0,5822.0
2026-09-03 09:50:00+09:00,12220.0,12230.0,12190.0,12220.0,3582.0
2026-09-03 10:00:00+09:00,12210.0,12220.0,12120.0,12120.0,7502.0
2026-09-03 10:10:00+09:00,12120.0,12140.0,12070.0,12130.0,5394.0
2026-09-03 10:20:00+09:00,12130.0,12190.0,12100.0,12190.0,7813.0
2026-09-03 10:30:00+09:00,12190.0,12200.0,12160.0,12170.0,3660.0
2026-09-03 10:40:00+09:00,12160.0,12170.0,12120.0,12120.0,4397.0
2026-09-03 10:50:00+09:00,12130.0,12140.0,12090.0,12120.0,7307.0
2026-09-03 11:00:00+09:00,12120.0,12170.0,12110.0,12160.0,5242.0
2026-09-03 11:10:00+09:00,12150.0,12240.0,12150.0,12240.0,7315.0
2026-09-03 11:20:00+09:00,12240.0,12240.0,12200.0,12230.0,5806.0
2026-09-03 11:30:00+09:00,12220.0,12230.0,12100.0,12100.0,6954.0
2026-09-03 11:40:00+09:00,12100.0,12130.0,12100.0,12130.0,5443.0
2026-09-03 11:50:00+09:00,12130.0,12150.0,12060.0,12070.0,7984.0
2026-09-03 12:00:00+09:00,12060.0,12060.0,12030.0,12030.0,5672.0
2026-09-03 12:10:00+09:00,12030.0,12100.0,12020.0,12070.0,6493.0
2026-09-03 12:20:00+09:00,12060.0,12110.0,12060.0,12070.0,4959.0
2026-09-03 12:30:00+09:00,12070.0,12110.0,12060.0,12060.0,4937.0
2026-09-03 12:40:00+09:00,12060.0,12080.0,12050.0,12070.0,3685.0
2026-09-03 12:50:00+09:00,12060.0,12090.0,12050.0,12060.0,4050.0
2026-09-03 13:00:00+09:00,12050.0,12120.0,12050.0,12110.0,6575.0
2026-09-03 13:10:00+09:00,12100.0,12110.0,12060.0,12060.0,4781.0
2026-09-03 13:20:00+09:00,12060.0,12070.0,12020.0,12020.0,4554.0
2026-09-03 13:30:00+09:00,12030.0,12050.0,12000.0,12020.0,9661.0
2026-09-03 13:40:00+09:00,12010.0,12110.0,12010.0,12040.0,6467.0
2026-09-03 13:50:00+09:00,12040.0,12050.0,12010.0,12040.0,4534.0
2026-09-03 14:00:00+09:00,12040.0,12050.0,12000.0,12000.0,7644.0
2026-09-03 14:10:00+09:00,11990.0,12000.0,11910.0,11930.0,7677.0
2026-09-03 14:20:00+09:00,11910.0,11960.0,11910.0,11920.0,11309.0
2026-09-03 14:30:00+09:00,11910.0,12050.0,11910.0,12040.0,10983.0
2026-09-03 14:40:00+09:00,12040.0,12060.0,11990.0,12040.0,5316.0
2026-09-03 14:50:00+09:00,12040.0,12040.0,12010.0,12030.0,5439.0
2026-09-04 09:00:00+09:00,11990.0,12070.0,11930.0,11950.0,3910.0
2026-09-04 09:10:00+09:00,11950.0,11990.0,11920.0,11970.0,8380.0
2026-09-04 09:20:00+09:00,11970.0,12020.0,11970.0,11980.0,7551.0
2026-09-04 09:30:00+09:00,11980.0,12015.0,11930.0,11970.0,6514.0
2026-09-04 09:40:00+09:00,11960.0,11970.0,11910.0,11930.0,5347.0
2026-09-04 09:50:00+09:00,11940.0,11980.0,11920.0,11930.0,2418.0
2026-09-04 10:00:00+09:00,11930.0,11940.0,11890.0,11890.0,3935.0
2026-09-04 10:10:00+09:00,11890.0,11950.0,11880.0,11940.0,1599.0
2026-09-04 10:20:00+09:00,11930.0,11950.0,11900.0,11910.0,3714.0
2026-09-04 10:30:00+09:00,11920.0,11920.0,11890.0,11900.0,1983.0
2026-09-04 10:40:00+09:00,11890.0,11930.0,11890.0,11930.0,857.0
2026-09-04 10:50:00+09:00,11920.0,11970.0,11920.0,11970.0,823.0
2026-09-04 11:00:00+09:00,11970.0,12010.0,11970.0,12000.0,1026.0
2026-09-04 11:10:00+09:00,12000.0,12010.0,11990.0,12010.0,1954.0
2026-09-04 11:20:00+09:00,12010.0,12020.0,11980.0,11980.0,2731.0
2026-09-04 11:30:00+09:00,11990.0,11990.0,11970.0,11970.0,1838.0
2026-09-04 11:40:00+09:00,11980.0,12020.0,11970.0,12010.0,3655.0
2026-09-04 11:50:00+09:00,12000.0,12010.0,11990.0,12000.0,1484.0
2026-09-04 12:00:00+09:00,12010.0,12010.0,11980.0,11990.0,3312.0
2026-09-04 12:10:00+09:00,11980.0,11990.0,11970.0,11980.0,1982.0
2026-09-04 12:20:00+09:00,11970.0,11980.0,11950.0,11950.0,3328.0
2026-09-04 12:30:00+09:00,11950.0,11960.0,11950.0,11950.0,1908.0
2026-09-04 12:40:00+09:00,11960.0,11960.0,11950.0,11950.0,920.0
2026-09-04 12:50:00+09:00,11950.0,11970.0,11950.0,11960.0,1088.0
2026-09-04 13:00:00+09:00,11960.0,11980.0,11890.0,11910.0,12825.0
2026-09-04 13:10:00+09:00,11910.0,11920.0,11880.0,11890.0,7320.0
2026-09-04 13:20:00+09:00,11890.0,11890.0,11860.0,11880.0,5189.0
2026-09-04 13:30:00+09:00,11890.0,11910.0,11880.0,11880.0,4243.0
2026-09-04 13:40:00+09:00,11880.0,11900.0,11860.0,11870.0,5021.0
2026-09-04 13:50:00+09:00,11870.0,11890.0,11870.0,11870.0,4955.0
2026-09-04 14:00:00+09:00,11870.0,11880.0,11850.0,11870.0,5638.0
2026-09-04 14:10:00+09:00,11870.0,11890.0,11870.0,11880.0,5045.0
2026-09-04 14:20:00+09:00,11870.0,11890.0,11850.0,11850.0,5197.0
2026-09-04 14:30:00+09:00,11860.0,11920.0,11850.0,11910.0,2162.0
2026-09-04 14:40:00+09:00,11910.0,11950.0,11900.0,11930.0,1998.0
2026-09-04 14:50:00+09:00,11940.0,11940.0,11920.0,11930.0,1787.0
2026-09-07 09:00:00+09:00,11930.0,12070.0,11930.0,12060.0,6361.0
2026-09-07 09:10:00+09:00,12070.0,12070.0,12010.0,12040.0,7222.0
2026-09-07 09:20:00+09:00,12040.0,12060.0,12000.0,12050.0,8712.0
2026-09-07 09:30:00+09:00,12050.0,12070.0,12030.0,12060.0,3352.0
2026-09-07 09:40:00+09:00,12060.0,12080.0,12050.0,12080.0,2914.0
2026-09-07 09:50:00+09:00,12080.0,12090.0,12050.0,12050.0,5456.0
2026-09-07 10:00:00+09:00,12060.0,12060.0,12030.0,12050.0,4931.0
2026-09-07 10:10:00+09:00,12050.0,12060.0,12020.0,12050.0,4438.0
2026-09-07 10:20:00+09:00,12050.0,12060.0,12030.0,12050.0,6048.0
2026-09-07 10:30:00+09:00,12050.0,12060.0,12040.0,12040.0,4595.0
2026-09-07 10:40:00+09:00,12050.0,12060.0,12030.0,12050.0,9351.0
2026-09-07 10:50:00+09:00,12050.0,12060.0,11980.0,12000.0,10558.0
2026-09-07 11:00:00+09:00,11980.0,11980.0,11930.0,11935.0,3761.0
2026-09-07 11:10:00+09:00,11935.0,11970.0,11930.0,11940.0,4002.0
2026-09-07 11:20:00+09:00,11940.0,11950.0,11930.0,11930.0,3224.0
2026-09-07 11:30:00+09:00,11930.0,11940.0,11910.0,11940.0,4377.0
2026-09-07 11:40:00+09:00,11930.0,11940.0,11930.0,11930.0,2448.0
2026-09-07 11:50:00+09:00,11930.0,11930.0,11880.0,11890.0,10683.0
2026-09-07 12:00:00+09:00,11890.0,11910.0,11890.0,11900.0,3666.0
2026-09-07 12:10:00+09:00,11900.0,11910.0,11890.0,11900.0,3443.0
2026-09-07 12:20:00+09:00,11900.0,11950.0,11890.0,11900.0,7528.0
2026-09-07 12:30:00+09:00,11900.0,11940.0,11900.0,11910.0,3933.0
2026-09-07 12:40:00+09:00,11910.0,11920.0,11900.0,11910.0,3591.0
2026-09-07 12:50:00+09:00,11915.0,11970.0,11910.0,11960.0,4291.0
2026-09-07 13:00:00+09:00,11960.0,11970.0,11920.0,11930.0,6711.0
2026-09-07 13:10:00+09:00,11920.0,11930.0,11880.0,11930.0,11334.0
2026-09-07 13:20:00+09:00,11930.0,11940.0,11890.0,11900.0,8672.0
2026-09-07 13:30:00+09:00,11890.0,11910.0,11880.0,11880.0,5602.0
2026-09-07 13:40:00+09:00,11885.0,11900.0,11870.0,11890.0,5705.0
2026-09-07 13:50:00+09:00,11890.0,11920.0,11875.0,11910.0,5975.0
2026-09-07 14:00:00+09:00,11910.0,11940.0,11900.0,11910.0,6187.0
2026-09-07 14:10:00+09:00,11920.0,11960.0,11910.0,11940.0,7667.0
2026-09-07 14:20:00+09:00,11930.0,11970.0,11920.0,11945.0,7388.0
2026-09-07 14:30:00+09:00,11945.0,11990.0,11940.0,11980.0,5750.0
2026-09-07 14:40:00+09:00,11980.0,12020.0,11980.0,12010.0,4721.0
2026-09-07 14:50:00+09:00,12010.0,12010.0,11960.0,11980.0,3541.0
2026-09-08 09:00:00+09:00,12080.0,12380.0,12080.0,12320.0,20591.0
2026-09-08 09:10:00+09:00,12320.0,12380.0,12240.0,12280.0,7933.0
2026-09-08 09:20:00+09:00,12270.0,12300.0,12200.0,12270.0,4379.0
2026-09-08 09:30:00+09:00,12260.0,12370.0,12260.0,12370.0,8257.0
2026-09-08 09:40:00+09:00,12370.0,12480.0,12360.0,12450.0,15653.0
2026-09-08 09:50:00+09:00,12450.0,12450.0,12310.0,12310.0,5355.0
2026-09-08 10:00:00+09:00,12310.0,12330.0,12220.0,12220.0,5826.0
2026-09-08 10:10:00+09:00,12220.0,12250.0,12190.0,12220.0,8339.0
2026-09-08 10:20:00+09:00,12220.0,12330.0,12190.0,12290.0,6718.0
2026-09-08 10:30:00+09:00,12300.0,12320.0,12280.0,12300.0,4117.0
2026-09-08 10:40:00+09:00,12310.0,12320.0,12270.0,12290.0,4581.0
2026-09-08 10:50:00+09:00,12290.0,12320.0,12280.0,12290.0,3683.0
2026-09-08 11:00:00+09:00,12300.0,12330.0,12280.0,12320.0,4463.0
2026-09-08 11:10:00+09:00,12330.0,12390.0,12330.0,12330.0,5277.0
2026-09-08 11:20:00+09:00,12360.0,12380.0,12320.0,12360.0,2693.0
2026-09-08 11:30:00+09:00,12360.0,12380.0,12350.0,12360.0,2725.0
2026-09-08 11:40:00+09:00,12350.0,12360.0,12330.0,12340.0,4865.0
2026-09-08 11:50:00+09:00,12340.0,12550.0,12330.0,12520.0,29521.0
2026-09-08 12:00:00+09:00,12520.0,12650.0,12510.0,12580.0,23251.0
2026-09-08 12:10:00+09:00,12580.0,12610.0,12540.0,12550.0,5944.0
2026-09-08 12:20:00+09:00,12540.0,12560.0,12510.0,12550.0,4739.0
2026-09-08 12:30:00+09:00,12550.0,12550.0,12490.0,12500.0,5161.0
2026-09-08 12:40:00+09:00,12490.0,12530.0,12470.0,12530.0,5737.0
2026-09-08 12:50:00+09:00,12530.0,12660.0,12510.0,12630.0,14449.0
2026-09-08 13:00:00+09:00,12620.0,12790.0,12620.0,12780.0,15669.0
2026-09-08 13:10:00+09:00,12780.0,12790.0,12740.0,12780.0,9975.0
2026-09-08 13:20:00+09:00,12770.0,12840.0,12770.0,12810.0,9840.0
2026-09-08 13:30:00+09:00,12790.0,12810.0,12740.0,12800.0,6317.0
2026-09-08 13:40:00+09:00,12800.0,12810.0,12740.0,12760.0,6632.0
2026-09-08 13:50:00+09:00,12750.0,12760.0,12670.0,12730.0,9811.0
2026-09-08 14:00:00+09:00,12720.0,12810.0,12710.0,12750.0,7831.0
2026-09-08 14:10:00+09:00,12760.0,12800.0,12670.0,12770.0,5874.0
2026-09-08 14:20:00+09:00,12760.0,12850.0,12750.0,12810.0,11192.0
2026-09-08 14:30:00+09:00,12810.0,12860.0,12760.0,12810.0,9239.0
2026-09-08 14:40:00+09:00,12820.0,12850.0,12740.0,12780.0,10107.0
2026-09-08 14:50:00+09:00,12790.0,12810.0,12740.0,12760.0,7713.0
2026-09-09 09:00:00+09:00,12900.0,13050.0,12810.0,13030.0,26192.0
2026-09-09 09:10:00+09:00,12970.0,13020.0,12870.0,12950.0,9746.0
2026-09-09 09:20:00+09:00,12950.0,13000.0,12890.0,12940.0,11659.0
2026-09-09 09:30:00+09:00,12940.0,12970.0,12870.0,12950.0,8179.0
2026-09-09 09:40:00+09:00,12950.0,12970.0,12890.0,12940.0,5953.0
2026-09-09 09:50:00+09:00,12940.0,12970.0,12830.0,12930.0,13773.0
2026-09-09 10:00:00+09:00,12890.0,12970.0,12860.0,12960.0,6118.0
2026-09-09 10:10:00+09:00,12890.0,12950.0,12820.0,12920.0,8174.0
2026-09-09 10:20:00+09:00,12870.0,12960.0,12790.0,12800.0,5259.0
2026-09-09 10:30:00+09:00,12790.0,12850.0,12710.0,12740.0,7951.0
2026-09-09 10:40:00+09:00,12710.0,12800.0,12710.0,12800.0,4255.0
2026-09-09 10:50:00+09:00,12770.0,12800.0,12760.0,12770.0,5120.0
2026-09-09 11:00:00+09:00,12770.0,12810.0,12760.0,12800.0,4328.0
2026-09-09 11:10:00+09:00,12800.0,12810.0,12730.0,12800.0,11257.0
2026-09-09 11:20:00+09:00,12790.0,12820.0,12730.0,12750.0,7208.0
2026-09-09 11:30:00+09:00,12740.0,12770.0,12710.0,12710.0,5592.0
2026-09-09 11:40:00+09:00,12710.0,12800.0,12710.0,12720.0,5738.0
2026-09-09 11:50:00+09:00,12730.0,12800.0,12720.0,12790.0,5389.0
2026-09-09 12:00:00+09:00,12740.0,12760.0,12700.0,12700.0,6887.0
2026-09-09 12:10:00+09:00,12700.0,12800.0,12690.0,12790.0,10289.0
2026-09-09 12:20:00+09:00,12790.0,12820.0,12770.0,12810.0,8228.0
2026-09-09 12:30:00+09:00,12800.0,12880.0,12800.0,12850.0,6133.0
2026-09-09 12:40:00+09:00,12840.0,12860.0,12830.0,12860.0,5271.0
2026-09-09 12:50:00+09:00,12840.0,12870.0,12810.0,12820.0,5325.0
2026-09-09 13:00:00+09:00,12830.0,12870.0,12800.0,12810.0,8125.0
2026-09-09 13:10:00+09:00,12800.0,12800.0,12670.0,12680.0,12125.0
2026-09-09 13:20:00+09:00,12670.0,12750.0,12670.0,12680.0,5732.0
2026-09-09 13:30:00+09:00,12680.0,12740.0,12670.0,12700.0,5776.0
2026-09-09 13:40:00+09:00,12700.0,12730.0,12690.0,12710.0,4249.0
2026-09-09 13:50:00+09:00,12710.0,12740.0,12680.0,12690.0,5192.0
2026-09-09 14:00:00+09:00,12690.0,12710.0,12670.0,12680.0,4779.0
2026-09-09 14:10:00+09:00,12680.0,12720.0,12660.0,12700.0,6739.0
2026-09-09 14:20:00+09:00,12700.0,12710.0,12660.0,12670.0,5175.0
2026-09-09 14:30:00+09:00,12660.0,12700.0,12660.0,12700.0,4500.0
2026-09-09 14:40:00+09:00,12700.0,12770.0,12680.0,12760.0,8116.0
2026-09-09 14:50:00+09:00,12760.0,12770.0,12740.0,12750.0,4487.0
2026-09-10 09:00:00+09:00,12730.0,12780.0,12640.0,12750.0,5844.0
2026-09-10 09:10:00+09:00,12750.0,12770.0,12710.0,12720.0,4375.0
2026-09-10 09:20:00+09:00,12720.0,12740.0,12660.0,12690.0,5957.0
2026-09-10 09:30:00+09:00,12730.0,12750.0,12700.0,12730.0,4662.0
2026-09-10 09:40:00+09:00,12730.0,12770.0,12710.0,12760.0,6251.0
2026-09-10 09:50:00+09:00,12760.0,12760.0,12650.0,12670.0,6896.0
2026-09-10 10:00:00+09:00,12670.0,12680.0,12450.0,12490.0,11100.0
2026-09-10 10:10:00+09:00,12490.0,12680.0,12480.0,12580.0,5667.0
2026-09-10 10:20:00+09:00,12580.0,12600.0,12560.0,12570.0,4104.0
2026-09-10 10:30:00+09:00,12560.0,12600.0,12510.0,12580.0,13838.0
2026-09-10 10:40:00+09:00,12590.0,12590.0,12550.0,12560.0,2271.0
2026-09-10 10:50:00+09:00,12570.0,12580.0,12550.0,12570.0,2880.0
2026-09-10 11:00:00+09:00,12570.0,12600.0,12510.0,12580.0,4837.0
2026-09-10 11:10:00+09:00,12580.0,12620.0,12560.0,12620.0,5896.0
2026-09-10 11:20:00+09:00,12640.0,12720.0,12630.0,12680.0,4054.0
2026-09-10 11:30:00+09:00,12690.0,12730.0,12680.0,12710.0,1711.0
2026-09-10 11:40:00+09:00,12710.0,12730.0,12680.0,12690.0,2479.0
2026-09-10 11:50:00+09:00,12680.0,12710.0,12670.0,12670.0,3506.0
2026-09-10 12:00:00+09:00,12670.0,12720.0,12670.0,12720.0,2234.0
2026-09-10 12:10:00+09:00,12720.0,12830.0,12710.0,12810.0,4937.0
2026-09-10 12:20:00+09:00,12810.0,12830.0,12790.0,12800.0,3051.0
2026-09-10 12:30:00+09:00,12810.0,12810.0,12790.0,12790.0,2712.0
2026-09-10 12:40:00+09:00,12790.0,12870.0,12780.0,12850.0,5432.0
2026-09-10 12:50:00+09:00,12870.0,12870.0,12800.0,12840.0,3652.0
2026-09-10 13:00:00+09:00,12840.0,12890.0,12840.0,12860.0,3227.0
2026-09-10 13:10:00+09:00,12860.0,12870.0,12850.0,12870.0,2166.0
2026-09-10 13:20:00+09:00,12860.0,12860.0,12800.0,12820.0,2306.0
2026-09-10 13:30:00+09:00,12820.0,12880.0,12820.0,12880.0,6165.0
2026-09-10 13:40:00+09:00,12870.0,12940.0,12870.0,12930.0,7520.0
2026-09-10 13:50:00+09:00,12930.0,12940.0,12890.0,12910.0,4778.0
2026-09-10 14:00:00+09:00,12920.0,12960.0,12910.0,12950.0,5544.0
2026-09-10 14:10:00+09:00,12950.0,12960.0,12930.0,12960.0,3576.0
2026-09-10 14:20:00+09:00,12960.0,13000.0,12950.0,12990.0,7963.0
2026-09-10 14:30:00+09:00,12980.0,13000.0,12960.0,12970.0,5073.0
2026-09-10 14:40:00+09:00,12950.0,12970.0,12950.0,12970.0,2927.0
2026-09-10 14:50:00+09:00,12970.0,12970.0,12880.0,12890.0,5822.0
2026-09-11 09:00:00+09:00,12890.0,13150.0,12800.0,13150.0,23113.0
2026-09-11 09:10:00+09:00,13150.0,13170.0,13070.0,13090.0,5613.0
2026-09-11 09:20:00+09:00,13080.0,13110.0,13020.0,13050.0,4490.0
2026-09-11 09:30:00+09:00,13050.0,13130.0,13050.0,13090.0,5513.0
2026-09-11 09:40:00+09:00,13090.0,13090.0,12990.0,13030.0,7809.0
2026-09-11 09:50:00+09:00,13020.0,13260.0,13020.0,13230.0,12774.0
2026-09-11 10:00:00+09:00,13230.0,13270.0,13210.0,13250.0,9011.0
2026-09-11 10:10:00+09:00,13260.0,13340.0,13240.0,13330.0,14650.0
2026-09-11 10:20:00+09:00,13340.0,13360.0,13320.0,13330.0,8517.0
2026-09-11 10:30:00+09:00,13340.0,13350.0,13280.0,13350.0,9838.0
2026-09-11 10:40:00+09:00,13350.0,13360.0,13320.0,13350.0,6113.0
2026-09-11 10:50:00+09:00,13360.0,13370.0,13320.0,13350.0,6765.0
2026-09-11 11:00:00+09:00,13360.0,13410.0,13350.0,13410.0,7409.0
2026-09-11 11:10:00+09:00,13410.0,13500.0,13400.0,13500.0,14414.0
2026-09-11 11:20:00+09:00,13500.0,13530.0,13430.0,13490.0,7339.0
2026-09-11 11:30:00+09:00,13490.0,13510.0,13460.0,13500.0,5571.0
2026-09-11 11:40:00+09:00,13500.0,13500.0,13320.0,13330.0,7351.0
2026-09-11 11:50:00+09:00,13330.0,13390.0,13310.0,13370.0,7799.0
2026-09-11 12:00:00+09:00,13370.0,13450.0,13360.0,13450.0,7164.0
2026-09-11 12:10:00+09:00,13450.0,13450.0,13410.0,13440.0,9588.0
2026-09-11 12:20:00+09:00,13440.0,13470.0,13410.0,13470.0,11689.0
2026-09-11 12:30:00+09:00,13470.0,13510.0,13450.0,13470.0,8010.0
2026-09-11 12:40:00+09:00,13480.0,13490.0,13430.0,13470.0,8471.0
2026-09-11 12:50:00+09:00,13460.0,13500.0,13440.0,13490.0,7313.0
2026-09-11 13:00:00+09:00,13490.0,13500.0,13460.0,13470.0,7096.0
2026-09-11 13:10:00+09:00,13470.0,13490.0,13440.0,13490.0,8935.0
2026-09-11 13:20:00+09:00,13490.0,13520.0,13470.0,13500.0,9068.0
2026-09-11 13:30:00+09:00,13500.0,13520.0,13240.0,13360.0,16569.0
2026-09-11 13:40:00+09:00,13370.0,13370.0,13280.0,13320.0,15295.0
2026-09-11 13:50:00+09:00,13320.0,13330.0,13280.0,13320.0,13949.0
2026-09-11 14:00:00+09:00,13320.0,13420.0,13310.0,13380.0,14732.0
2026-09-11 14:10:00+09:00,13380.0,13420.0,13330.0,13420.0,13796.0
2026-09-11 14:20:00+09:00,13410.0,13430.0,13390.0,13400.0,15036.0
2026-09-11 14:30:00+09:00,13400.0,13440.0,13380.0,13410.0,14194.0
2026-09-11 14:40:00+09:00,13410.0,13450.0,13370.0,13410.0,12733.0
2026-09-11 14:50:00+09:00,13410.0,13430.0,13360.0,13370.0,13229.0
2026-09-14 09:00:00+09:00,13400.0,13410.0,13180.0,13340.0,4093.0
2026-09-14 09:10:00+09:00,13350.0,13490.0,13330.0,13460.0,19761.0
2026-09-14 09:20:00+09:00,13460.0,13490.0,13420.0,13480.0,8699.0
2026-09-14 09:30:00+09:00,13480.0,13480.0,13340.0,13350.0,8647.0
2026-09-14 09:40:00+09:00,13340.0,13430.0,13340.0,13410.0,7890.0
2026-09-14 09:50:00+09:00,13400.0,13420.0,13320.0,13350.0,6997.0
2026-09-14 10:00:00+09:00,13340.0,13410.0,13270.0,13270.0,7170.0
2026-09-14 10:10:00+09:00,13270.0,13290.0,13210.0,13210.0,6321.0
2026-09-14 10:20:00+09:00,13210.0,13290.0,13210.0,13290.0,6469.0
2026-09-14 10:30:00+09:00,13240.0,13320.0,13240.0,13320.0,4930.0
2026-09-14 10:40:00+09:00,13310.0,13330.0,13280.0,13310.0,5052.0
2026-09-14 10:50:00+09:00,13300.0,13340.0,13280.0,13320.0,5908.0
2026-09-14 11:00:00+09:00,13320.0,13400.0,13290.0,13370.0,5302.0
2026-09-14 11:10:00+09:00,13370.0,13410.0,13360.0,13370.0,6142.0
2026-09-14 11:20:00+09:00,13370.0,13390.0,13350.0,13370.0,5315.0
2026-09-14 11:30:00+09:00,13370.0,13410.0,13365.0,13410.0,4742.0
2026-09-14 11:40:00+09:00,13410.0,13450.0,13400.0,13450.0,5560.0
2026-09-14 11:50:00+09:00,13450.0,13480.0,13440.0,13480.0,7770.0
2026-09-14 12:00:00+09:00,13480.0,13560.0,13470.0,13550.0,22709.0
2026-09-14 12:10:00+09:00,13550.0,13650.0,13540.0,13610.0,9088.0
2026-09-14 12:20:00+09:00,13610.0,13680.0,13610.0,13670.0,8144.0
2026-09-14 12:30:00+09:00,13680.0,13710.0,13650.0,13670.0,15387.0
2026-09-14 12:40:00+09:00,13680.0,13690.0,13660.0,13670.0,6236.0
2026-09-14 12:50:00+09:00,13680.0,13720.0,13670.0,13710.0,7217.0
2026-09-14 13:00:00+09:00,13720.0,13730.0,13700.0,13720.0,6584.0
2026-09-14 13:10:00+09:00,13730.0,13730.0,13690.0,13700.0,6421.0
2026-09-14 13:20:00+09:00,13710.0,13760.0,13690.0,13740.0,6609.0
2026-09-14 13:30:00+09:00,13740.0,13810.0,13730.0,13780.0,7507.0
2026-09-14 13:40:00+09:00,13790.0,13810.0,13770.0,13790.0,6983.0
2026-09-14 13:50:00+09:00,13790.0,13840.0,13770.0,13820.0,20758.0
2026-09-14 14:00:00+09:00,13830.0,13890.0,13770.0,13770.0,16446.0
2026-09-14 14:10:00+09:00,13780.0,13860.0,13750.0,13850.0,11225.0
2026-09-14 14:20:00+09:00,13850.0,13940.0,13840.0,13920.0,16135.0
2026-09-14 14:30:00+09:00,13920.0,13930.0,13860.0,13910.0,12754.0
2026-09-14 14:40:00+09:00,13910.0,13930.0,13850.0,13850.0,9438.0
2026-09-14 14:50:00+09:00,13850.0,13900.0,13790.0,13870.0,12812.0
2026-09-15 09:00:00+09:00,13800.0,13870.0,13550.0,13750.0,9039.0
2026-09-15 09:10:00+09:00,13750.0,13780.0,13570.0,13590.0,5162.0
2026-09-15 09:20:00+09:00,13580.0,13680.0,13550.0,13640.0,10510.0
2026-09-15 09:30:00+09:00,13640.0,13750.0,13640.0,13670.0,7906.0
2026-09-15 09:40:00+09:00,13670.0,13710.0,13620.0,13700.0,7708.0
2026-09-15 09:50:00+09:00,13700.0,13700.0,13610.0,13620.0,7287.0
2026-09-15 10:00:00+09:00,13600.0,13720.0,13580.0,13700.0,6288.0
2026-09-15 10:10:00+09:00,13700.0,13710.0,13620.0,13630.0,6783.0
2026-09-15 10:20:00+09:00,13620.0,13650.0,13570.0,13590.0,7703.0
2026-09-15 10:30:00+09:00,13590.0,13600.0,13550.0,13580.0,5523.0
2026-09-15 10:40:00+09:00,13590.0,13670.0,13570.0,13620.0,6721.0
2026-09-15 10:50:00+09:00,13620.0,13640.0,13600.0,13610.0,5147.0
2026-09-15 11:00:00+09:00,13610.0,13630.0,13590.0,13600.0,4782.0
2026-09-15 11:10:00+09:00,13610.0,13670.0,13600.0,13640.0,4678.0
2026-09-15 11:20:00+09:00,13640.0,13650.0,13580.0,13620.0,10236.0
2026-09-15 11:30:00+09:00,13620.0,13630.0,13570.0,13590.0,5471.0
2026-09-15 11:40:00+09:00,13590.0,13600.0,13580.0,13590.0,3203.0
2026-09-15 11:50:00+09:00,13595.0,13600.0,13580.0,13580.0,3817.0
2026-09-15 12:00:00+09:00,13580.0,13600.0,13500.0,13500.0,8530.0
2026-09-15 12:10:00+09:00,13510.0,13570.0,13500.0,13570.0,4255.0
2026-09-15 12:20:00+09:00,13570.0,13580.0,13540.0,13550.0,4009.0
2026-09-15 12:30:00+09:00,13560.0,13570.0,13520.0,13520.0,4161.0
2026-09-15 12:40:00+09:00,13530.0,13550.0,13510.0,13510.0,4260.0
2026-09-15 12:50:00+09:00,13520.0,13570.0,13510.0,13550.0,6101.0
2026-09-15 13:00:00+09:00,13560.0,13590.0,13530.0,13530.0,4134.0
2026-09-15 13:10:00+09:00,13540.0,13540.0,13490.0,13500.0,6890.0
2026-09-15 13:20:00+09:00,13500.0,13520.0,13490.0,13500.0,3861.0
2026-09-15 13:30:00+09:00,13510.0,13640.0,13510.0,13630.0,17957.0
2026-09-15 13:40:00+09:00,13630.0,13690.0,13620.0,13650.0,7152.0
2026-09-15 13:50:00+09:00,13650.0,13660.0,13610.0,13610.0,7082.0
2026-09-15 14:00:00+09:00,13620.0,13640.0,13600.0,13630.0,6143.0
2026-09-15 14:10:00+09:00,13640.0,13640.0,13560.0,13590.0,7889.0
2026-09-15 14:20:00+09:00,13600.0,13650.0,13590.0,13630.0,6367.0
2026-09-15 14:30:00+09:00,13620.0,13640.0,13580.0,13600.0,6737.0
2026-09-15 14:40:00+09:00,13600.0,13650.0,13590.0,13630.0,4984.0
2026-09-15 14:50:00+09:00,13630.0,13650.0,13590.0,13590.0,8813.0
2026-09-16 09:00:00+09:00,13550.0,13590.0,13400.0,13450.0,17384.0
2026-09-16 09:10:00+09:00,13450.0,13570.0,13360.0,13540.0,16500.0
2026-09-16 09:20:00+09:00,13540.0,13670.0,13540.0,13650.0,10616.0
2026-09-16 09:30:00+09:00,13650.0,13700.0,13210.0,13520.0,11770.0
2026-09-16 09:40:00+09:00,13530.0,13530.0,13320.0,13430.0,5487.0
2026-09-16 09:50:00+09:00,13430.0,13430.0,13300.0,13330.0,4215.0
2026-09-16 10:00:00+09:00,13330.0,13390.0,13320.0,13350.0,3795.0
2026-09-16 10:10:00+09:00,13360.0,13360.0,13280.0,13340.0,6744.0
2026-09-16 10:20:00+09:00,13340.0,13430.0,13320.0,13390.0,5562.0
2026-09-16 10:30:00+09:00,13400.0,13400.0,13360.0,13360.0,2851.0
2026-09-16 10:40:00+09:00,13360.0,13370.0,13350.0,13350.0,3419.0
2026-09-16 10:50:00+09:00,13340.0,13350.0,13250.0,13260.0,3421.0
2026-09-16 11:00:00+09:00,13260.0,13260.0,13190.0,13250.0,7427.0
2026-09-16 11:10:00+09:00,13250.0,13250.0,13190.0,13220.0,3965.0
2026-09-16 11:20:00+09:00,13210.0,13250.0,13170.0,13170.0,6164.0
2026-09-16 11:30:00+09:00,13160.0,13170.0,13110.0,13130.0,7029.0
2026-09-16 11:40:00+09:00,13140.0,13250.0,13110.0,13250.0,7521.0
2026-09-16 11:50:00+09:00,13150.0,13230.0,13070.0,13170.0,5305.0
2026-09-16 12:00:00+09:00,13170.0,13200.0,13170.0,13180.0,2836.0
2026-09-16 12:10:00+09:00,13180.0,13190.0,13150.0,13170.0,4535.0
2026-09-16 12:20:00+09:00,13180.0,13200.0,13170.0,13170.0,1607.0
2026-09-16 12:30:00+09:00,13180.0,13200.0,13140.0,13140.0,4848.0
2026-09-16 12:40:00+09:00,13150.0,13150.0,13140.0,13140.0,2523.0
2026-09-16 12:50:00+09:00,13150.0,13150.0,13130.0,13130.0,2699.0
2026-09-16 13:00:00+09:00,13140.0,13140.0,13100.0,13110.0,2973.0
2026-09-16 13:10:00+09:00,13110.0,13110.0,13100.0,13100.0,2782.0
2026-09-16 13:20:00+09:00,13110.0,13110.0,13080.0,13080.0,3368.0
2026-09-16 13:30:00+09:00,13080.0,13090.0,13080.0,13080.0,3697.0
2026-09-16 13:40:00+09:00,13070.0,13160.0,13070.0,13150.0,8158.0
2026-09-16 13:50:00+09:00,13140.0,13240.0,13140.0,13190.0,8739.0
2026-09-16 14:00:00+09:00,13190.0,13250.0,13180.0,13240.0,11474.0
2026-09-16 14:10:00+09:00,13240.0,13240.0,13190.0,13240.0,12259.0
2026-09-16 14:20:00+09:00,13240.0,13250.0,13110.0,13180.0,14945.0
2026-09-16 14:30:00+09:00,13180.0,13180.0,13100.0,13110.0,14132.0
2026-09-16 14:40:00+09:00,13110.0,13170.0,13040.0,13150.0,72799.0
2026-09-16 14:50:00+09:00,13160.0,13170.0,13050.0,13080.0,44223.0
2026-09-17 09:00:00+09:00,13110.0,13180.0,13020.0,13090.0,4693.0
2026-09-17 09:10:00+09:00,13090.0,13100.0,12990.0,13040.0,5145.0
2026-09-17 09:20:00+09:00,13040.0,13140.0,13010.0,13030.0,6308.0
2026-09-17 09:30:00+09:00,13020.0,13070.0,12950.0,13060.0,7452.0
2026-09-17 09:40:00+09:00,13070.0,13100.0,13060.0,13100.0,5297.0
2026-09-17 09:50:00+09:00,13090.0,13110.0,13060.0,13070.0,5377.0
2026-09-17 10:00:00+09:00,13060.0,13110.0,13040.0,13110.0,5980.0
2026-09-17 10:10:00+09:00,13090.0,13100.0,13050.0,13090.0,5142.0
2026-09-17 10:20:00+09:00,13090.0,13105.0,13050.0,13090.0,6246.0
2026-09-17 10:30:00+09:00,13100.0,13110.0,13050.0,13070.0,4833.0
2026-09-17 10:40:00+09:00,13070.0,13120.0,13020.0,13110.0,15387.0
2026-09-17 10:50:00+09:00,13090.0,13110.0,13070.0,13080.0,8356.0
2026-09-17 11:00:00+09:00,13060.0,13080.0,13010.0,13050.0,7696.0
2026-09-17 11:10:00+09:00,13040.0,13050.0,12990.0,13030.0,9162.0
2026-09-17 11:20:00+09:00,13010.0,13030.0,12860.0,12960.0,8822.0
2026-09-17 11:30:00+09:00,12940.0,12960.0,12850.0,12910.0,4980.0
2026-09-17 11:40:00+09:00,12890.0,12900.0,12860.0,12880.0,3883.0
2026-09-17 11:50:00+09:00,12870.0,12930.0,12860.0,12880.0,4940.0
2026-09-17 12:00:00+09:00,12880.0,12900.0,12860.0,12890.0,4017.0
2026-09-17 12:10:00+09:00,12880.0,12890.0,12840.0,12850.0,3429.0
2026-09-17 12:20:00+09:00,12840.0,12930.0,12830.0,12840.0,4899.0
2026-09-17 12:30:00+09:00,12840.0,12870.0,12830.0,12860.0,3438.0
2026-09-17 12:40:00+09:00,12850.0,12880.0,12850.0,12870.0,3847.0
2026-09-17 12:50:00+09:00,12860.0,12910.0,12850.0,12900.0,4575.0
2026-09-17 13:00:00+09:00,12900.0,12920.0,12880.0,12920.0,4645.0
2026-09-17 13:10:00+09:00,12910.0,12920.0,12850.0,12860.0,8235.0
2026-09-17 13:20:00+09:00,12850.0,12860.0,12830.0,12840.0,4218.0
2026-09-17 13:30:00+09:00,12830.0,12840.0,12800.0,12820.0,6963.0
2026-09-17 13:40:00+09:00,12820.0,12930.0,12800.0,12930.0,7176.0
2026-09-17 13:50:00+09:00,12930.0,12970.0,12830.0,12940.0,12431.0
2026-09-17 14:00:00+09:00,12950.0,12950.0,12930.0,12940.0,6925.0
2026-09-17 14:10:00+09:00,12940.0,13020.0,12930.0,13000.0,7857.0
2026-09-17 14:20:00+09:00,13000.0,13010.0,12980.0,12980.0,4178.0
2026-09-17 14:30:00+09:00,12990.0,13020.0,12980.0,13000.0,5819.0
2026-09-17 14:40:00+09:00,13000.0,13010.0,12950.0,12960.0,17234.0
2026-09-17 14:50:00+09:00,12960.0,12960.0,12940.0,12950.0,12733.0
2026-09-18 09:00:00+09:00,13160.0,13160.0,12980.0,13090.0,3556.0
2026-09-18 09:10:00+09:00,13090.0,13170.0,13050.0,13100.0,6642.0
2026-09-18 09:20:00+09:00,13100.0,13120.0,13050.0,13050.0,3101.0
2026-09-18 09:30:00+09:00,13050.0,13060.0,12940.0,12950.0,10564.0
2026-09-18 09:40:00+09:00,12940.0,12970.0,12910.0,12930.0,5320.0
2026-09-18 09:50:00+09:00,12920.0,12940.0,12890.0,12890.0,3378.0
2026-09-18 10:00:00+09:00,12890.0,12910.0,12780.0,12780.0,9464.0
2026-09-18 10:10:00+09:00,12780.0,12800.0,12760.0,12760.0,5806.0
2026-09-18 10:20:00+09:00,12760.0,12770.0,12730.0,12760.0,4532.0
2026-09-18 10:30:00+09:00,12760.0,12770.0,12720.0,12730.0,3941.0
2026-09-18 10:40:00+09:00,12720.0,12880.0,12720.0,12830.0,6157.0
2026-09-18 10:50:00+09:00,12820.0,12900.0,12820.0,12880.0,5251.0
2026-09-18 11:00:00+09:00,12880.0,12900.0,12850.0,12900.0,3608.0
2026-09-18 11:10:00+09:00,12890.0,12910.0,12870.0,12890.0,4058.0
2026-09-18 11:20:00+09:00,12890.0,12910.0,12880.0,12900.0,3415.0
2026-09-18 11:30:00+09:00,12890.0,12950.0,12880.0,12940.0,3884.0
2026-09-18 11:40:00+09:00,12930.0,12940.0,12920.0,12930.0,1841.0
2026-09-18 11:50:00+09:00,12920.0,12940.0,12910.0,12940.0,6235.0
2026-09-18 12:00:00+09:00,12930.0,12940.0,12910.0,12920.0,4350.0
2026-09-18 12:10:00+09:00,12910.0,12920.0,12900.0,12910.0,4183.0
2026-09-18 12:20:00+09:00,12900.0,12910.0,12900.0,12910.0,3840.0
2026-09-18 12:30:00+09:00,12900.0,12930.0,12900.0,12930.0,3522.0
2026-09-18 12:40:00+09:00,12920.0,12960.0,12920.0,12960.0,5027.0
2026-09-18 12:50:00+09:00,12950.0,12970.0,12930.0,12930.0,9705.0
2026-09-18 13:00:00+09:00,12930.0,12940.0,12900.0,12910.0,6936.0
2026-09-18 13:10:00+09:00,12900.0,12920.0,12890.0,12890.0,7648.0
2026-09-18 13:20:00+09:00,12890.0,12900.0,12870.0,12880.0,9258.0
2026-09-18 13:30:00+09:00,12870.0,12880.0,12830.0,12850.0,16468.0
2026-09-18 13:40:00+09:00,12840.0,12860.0,12840.0,12850.0,10890.0
2026-09-18 13:50:00+09:00,12840.0,12870.0,12840.0,12860.0,7411.0
2026-09-18 14:00:00+09:00,12860.0,12900.0,12820.0,12820.0,15602.0
2026-09-18 14:10:00+09:00,12820.0,12830.0,12820.0,12820.0,5511.0
2026-09-18 14:20:00+09:00,12830.0,12830.0,12810.0,12810.0,5289.0
2026-09-18 14:30:00+09:00,12810.0,12835.0,12810.0,12830.0,5685.0
2026-09-18 14:40:00+09:00,12830.0,12840.0,12760.0,12760.0,11473.0
2026-09-18 14:50:00+09:00,12770.0,12770.0,12720.0,12730.0,6287.0
2026-09-21 09:00:00+09:00,13140.0,13430.0,13070.0,13300.0,23240.0
2026-09-21 09:10:00+09:00,13290.0,13360.0,13200.0,13290.0,9328.0
2026-09-21 09:20:00+09:00,13290.0,13330.0,13200.0,13300.0,18091.0
2026-09-21 09:30:00+09:00,13300.0,13310.0,13250.0,13290.0,7329.0
2026-09-21 09:40:00+09:00,13290.0,13450.0,13280.0,13360.0,34878.0
2026-09-21 09:50:00+09:00,13380.0,13390.0,13080.0,13190.0,23068.0
2026-09-21 10:00:00+09:00,13170.0,13210.0,13170.0,13170.0,6984.0
2026-09-21 10:10:00+09:00,13180.0,13190.0,13110.0,13170.0,11747.0
2026-09-21 10:20:00+09:00,13170.0,13190.0,13160.0,13190.0,6064.0
2026-09-21 10:30:00+09:00,13180.0,13200.0,13060.0,13120.0,16269.0
2026-09-21 10:40:00+09:00,13110.0,13160.0,13100.0,13130.0,8412.0
2026-09-21 10:50:00+09:00,13110.0,13130.0,13060.0,13080.0,8633.0
2026-09-21 11:00:00+09:00,13070.0,13080.0,13000.0,13040.0,14619.0
2026-09-21 11:10:00+09:00,13040.0,13070.0,13040.0,13060.0,5273.0
2026-09-21 11:20:00+09:00,13060.0,13100.0,13040.0,13090.0,7601.0
2026-09-21 11:30:00+09:00,13100.0,13130.0,13070.0,13120.0,6857.0
2026-09-21 11:40:00+09:00,13120.0,13150.0,13110.0,13150.0,5847.0
2026-09-21 11:50:00+09:00,13150.0,13180.0,13140.0,13150.0,7329.0
2026-09-21 12:00:00+09:00,13140.0,13170.0,13130.0,13170.0,6131.0
2026-09-21 12:10:00+09:00,13160.0,13180.0,13130.0,13140.0,10815.0
2026-09-21 12:20:00+09:00,13140.0,13160.0,13120.0,13130.0,6665.0
2026-09-21 12:30:00+09:00,13120.0,13210.0,13120.0,13200.0,15051.0
2026-09-21 12:40:00+09:00,13200.0,13240.0,13170.0,13240.0,7786.0
2026-09-21 12:50:00+09:00,13230.0,13240.0,13190.0,13210.0,8532.0
2026-09-21 13:00:00+09:00,13200.0,13320.0,13160.0,13270.0,14660.0
2026-09-21 13:10:00+09:00,13260.0,13270.0,13150.0,13170.0,9440.0
2026-09-21 13:20:00+09:00,13180.0,13180.0,13130.0,13150.0,12894.0
2026-09-21 13:30:00+09:00,13140.0,13160.0,13100.0,13110.0,13478.0
2026-09-21 13:40:00+09:00,13110.0,13120.0,13090.0,13100.0,6922.0
2026-09-21 13:50:00+09:00,13090.0,13130.0,13090.0,13100.0,8786.0
2026-09-21 14:00:00+09:00,13110.0,13160.0,13090.0,13140.0,7962.0
2026-09-21 14:10:00+09:00,13140.0,13150.0,13110.0,13130.0,8239.0
2026-09-21 14:20:00+09:00,13130.0,13150.0,13100.0,13130.0,8809.0
2026-09-21 14:30:00+09:00,13130.0,13200.0,13120.0,13150.0,24706.0
2026-09-21 14:40:00+09:00,13150.0,13200.0,13130.0,13200.0,8231.0
2026-09-21 14:50:00+09:00,13210.0,13220.0,13190.0,13200.0,7574.0
2026-09-22 09:00:00+09:00,13400.0,13520.0,13300.0,13330.0,30480.0
2026-09-22 09:10:00+09:00,13330.0,13370.0,13210.0,13370.0,8814.0
2026-09-22 09:20:00+09:00,13320.0,13330.0,13230.0,13270.0,10033.0
2026-09-22 09:30:00+09:00,13270.0,13320.0,13220.0,13230.0,12488.0
2026-09-22 09:40:00+09:00,13230.0,13290.0,13220.0,13270.0,5406.0
2026-09-22 09:50:00+09:00,13250.0,13350.0,13250.0,13340.0,6350.0
2026-09-22 10:00:00+09:00,13350.0,13350.0,13270.0,13300.0,6852.0
2026-09-22 10:10:00+09:00,13310.0,13310.0,13240.0,13240.0,7644.0
2026-09-22 10:20:00+09:00,13250.0,13270.0,13220.0,13260.0,8089.0
2026-09-22 10:30:00+09:00,13270.0,13270.0,13230.0,13240.0,6150.0
2026-09-22 10:40:00+09:00,13240.0,13260.0,13210.0,13260.0,7927.0
2026-09-22 10:50:00+09:00,13260.0,13270.0,13250.0,13270.0,3762.0
2026-09-22 11:00:00+09:00,13270.0,13320.0,13270.0,13310.0,4069.0
2026-09-22 11:10:00+09:00,13310.0,13330.0,13300.0,13330.0,6614.0
2026-09-22 11:20:00+09:00,13330.0,13360.0,13325.0,13340.0,4029.0
2026-09-22 11:30:00+09:00,13350.0,13360.0,13300.0,13310.0,8277.0
2026-09-22 11:40:00+09:00,13310.0,13340.0,13300.0,13300.0,6106.0
2026-09-22 11:50:00+09:00,13300.0,13320.0,13290.0,13290.0,7144.0
2026-09-22 12:00:00+09:00,13300.0,13320.0,13290.0,13290.0,3900.0
2026-09-22 12:10:00+09:00,13300.0,13300.0,13250.0,13260.0,12846.0
2026-09-22 12:20:00+09:00,13270.0,13290.0,13260.0,13270.0,6179.0
2026-09-22 12:30:00+09:00,13290.0,13300.0,13260.0,13290.0,4840.0
2026-09-22 12:40:00+09:00,13290.0,13300.0,13220.0,13220.0,11677.0
2026-09-22 12:50:00+09:00,13230.0,13230.0,13150.0,13190.0,20083.0
2026-09-22 13:00:00+09:00,13190.0,13230.0,13190.0,13220.0,6669.0
2026-09-22 13:10:00+09:00,13230.0,13250.0,13200.0,13200.0,6798.0
2026-09-22 13:20:00+09:00,13230.0,13270.0,13210.0,13240.0,11129.0
2026-09-22 13:30:00+09:00,13240.0,13320.0,13220.0,13320.0,10258.0
2026-09-22 13:40:00+09:00,13320.0,13320.0,13270.0,13270.0,8264.0
2026-09-22 13:50:00+09:00,13280.0,13300.0,13250.0,13270.0,10897.0
2026-09-22 14:00:00+09:00,13270.0,13290.0,13250.0,13280.0,8446.0
2026-09-22 14:10:00+09:00,13280.0,13300.0,13260.0,13270.0,10521.0
2026-09-22 14:20:00+09:00,13280.0,13290.0,13230.0,13240.0,11162.0
2026-09-22 14:30:00+09:00,13250.0,13280.0,13220.0,13220.0,13332.0
2026-09-22 14:40:00+09:00,13230.0,13270.0,13180.0,13200.0,19489.0
2026-09-22 14:50:00+09:00,13200.0,13220.0,13180.0,13200.0,11898.0
2026-09-23 09:00:00+09:00,13360.0,13360.0,13190.0,13290.0,7655.0
2026-09-23 09:10:00+09:00,13290.0,13320.0,13250.0,13290.0,6016.0
2026-09-23 09:20:00+09:00,13300.0,13300.0,13240.0,13260.0,5635.0
2026-09-23 09:30:00+09:00,13260.0,13300.0,13260.0,13280.0,2378.0
2026-09-23 09:40:00+09:00,13290.0,13290.0,13250.0,13250.0,10757.0
2026-09-23 09:50:00+09:00,13240.0,13240.0,13230.0,13230.0,5151.0
2026-09-23 10:00:00+09:00,13240.0,13250.0,13230.0,13240.0,3948.0
2026-09-23 10:10:00+09:00,13250.0,13250.0,13240.0,13240.0,1094.0
2026-09-23 10:20:00+09:00,13240.0,13240.0,13190.0,13200.0,8453.0
2026-09-23 10:30:00+09:00,13210.0,13210.0,13100.0,13110.0,21492.0
2026-09-23 10:40:00+09:00,13110.0,13130.0,13100.0,13120.0,5714.0
2026-09-23 10:50:00+09:00,13130.0,13140.0,13120.0,13130.0,2443.0
2026-09-23 11:00:00+09:00,13140.0,13140.0,13100.0,13110.0,9623.0
2026-09-23 11:10:00+09:00,13100.0,13110.0,13080.0,13100.0,14907.0
2026-09-23 11:20:00+09:00,13100.0,13120.0,13060.0,13070.0,8739.0
2026-09-23 11:30:00+09:00,13060.0,13070.0,12990.0,13000.0,16765.0
2026-09-23 11:40:00+09:00,13010.0,13060.0,13000.0,13030.0,4332.0
2026-09-23 11:50:00+09:00,13030.0,13050.0,13020.0,13040.0,5091.0
2026-09-23 12:00:00+09:00,13050.0,13050.0,12990.0,13010.0,9176.0
2026-09-23 12:10:00+09:00,13010.0,13020.0,13000.0,13010.0,3220.0
2026-09-23 12:20:00+09:00,13020.0,13030.0,13010.0,13010.0,3697.0
2026-09-23 12:30:00+09:00,13010.0,13030.0,13010.0,13020.0,2294.0
2026-09-23 12:40:00+09:00,13020.0,13060.0,13020.0,13030.0,5217.0
2026-09-23 12:50:00+09:00,13030.0,13050.0,13010.0,13010.0,7019.0
2026-09-23 13:00:00+09:00,13010.0,13060.0,13010.0,13050.0,6434.0
2026-09-23 13:10:00+09:00,13060.0,13070.0,13030.0,13030.0,7941.0
2026-09-23 13:20:00+09:00,13030.0,13070.0,13020.0,13050.0,5511.0
2026-09-23 13:30:00+09:00,13050.0,13070.0,13050.0,13060.0,2417.0
