,Open,High,Low,Close,Volume
2026-06-29 09:00:00+09:00,331000.0,335500.0,325500.0,328500.0,1090595.0
2026-06-29 09:10:00+09:00,328500.0,330500.0,325000.0,326000.0,1512330.0
2026-06-29 09:20:00+09:00,326500.0,327500.0,320500.0,321000.0,1292944.0
2026-06-29 09:30:00+09:00,321000.0,323500.0,320000.0,321500.0,1284176.0
2026-06-29 09:40:00+09:00,321500.0,325000.0,320500.0,321250.0,1010448.0
2026-06-29 09:50:00+09:00,321250.0,327500.0,321000.0,327000.0,946955.0
2026-06-29 10:00:00+09:00,327000.0,328000.0,323500.0,326500.0,1155204.0
2026-06-29 10:10:00+09:00,326500.0,327000.0,323000.0,323750.0,639806.0
2026-06-29 10:20:00+09:00,323750.0,326000.0,322500.0,322750.0,453271.0
2026-06-29 10:30:00+09:00,322750.0,326000.0,322000.0,325000.0,716846.0
2026-06-29 10:40:00+09:00,324500.0,328000.0,324500.0,326250.0,493982.0
2026-06-29 10:50:00+09:00,326250.0,327500.0,323000.0,323500.0,443400.0
2026-06-29 11:00:00+09:00,323500.0,324000.0,321500.0,322000.0,495326.0
2026-06-29 11:10:00+09:00,322000.0,322500.0,320500.0,322500.0,610371.0
2026-06-29 11:20:00+09:00,322500.0,324000.0,321000.0,322750.0,335121.0
2026-06-29 11:30:00+09:00,322750.0,323000.0,320500.0,321500.0,454937.0
2026-06-29 11:40:00+09:00,321500.0,323000.0,321000.0,322000.0,432312.0
2026-06-29 11:50:00+09:00,322000.0,322500.0,320500.0,321250.0,366087.0
2026-06-29 12:00:00+09:00,321250.0,323000.0,320500.0,321250.0,388901.0
2026-06-29 12:10:00+09:00,321250.0,321500.0,320000.0,320500.0,608708.0
2026-06-29 12:20:00+09:00,320500.0,321000.0,319000.0,320000.0,829276.0
2026-06-29 12:30:00+09:00,320250.0,320500.0,317000.0,317750.0,740851.0
2026-06-29 12:40:00+09:00,317750.0,319500.0,317000.0,319000.0,707706.0
2026-06-29 12:50:00+09:00,319250.0,324000.0,319000.0,323000.0,735634.0
2026-06-29 13:00:00+09:00,323000.0,323500.0,321500.0,321500.0,568507.0
2026-06-29 13:10:00+09:00,322000.0,322500.0,320000.0,320500.0,382407.0
2026-06-29 13:20:00+09:00,320500.0,320500.0,318000.0,318500.0,645292.0
2026-06-29 13:30:00+09:00,318750.0,319000.0,317000.0,317500.0,675571.0
2026-06-29 13:40:00+09:00,317500.0,318000.0,316500.0,317750.0,836744.0
2026-06-29 13:50:00+09:00,317500.0,319000.0,316000.0,316500.0,714590.0
2026-06-29 14:00:00+09:00,317000.0,320500.0,316500.0,320000.0,625828.0
2026-06-29 14:10:00+09:00,320000.0,322000.0,318500.0,322000.0,547717.0
2026-06-29 14:20:00+09:00,322000.0,324000.0,321500.0,322500.0,514938.0
2026-06-29 14:30:00+09:00,322000.0,325500.0,321500.0,325000.0,787939.0
2026-06-29 14:40:00+09:00,325000.0,329000.0,325000.0,328000.0,1254242.0
2026-06-29 14:50:00+09:00,327500.0,332000.0,327500.0,331500.0,1228221.0
2026-06-30 09:00:00+09:00,323500.0,335500.0,323500.0,330000.0,3585091.0
2026-06-30 09:10:00+09:00,330000.0,333500.0,327000.0,329500.0,919586.0
2026-06-30 09:20:00+09:00,329500.0,329500.0,325500.0,326500.0,1031497.0
2026-06-30 09:30:00+09:00,326500.0,328000.0,323500.0,324500.0,744422.0
2026-06-30 09:40:00+09:00,324500.0,325500.0,321000.0,324500.0,872847.0
2026-06-30 09:50:00+09:00,324500.0,328000.0,324000.0,326500.0,587862.0
2026-06-30 10:00:00+09:00,326500.0,327000.0,323500.0,324500.0,470183.0
2026-06-30 10:10:00+09:00,324750.0,328500.0,323500.0,328000.0,574234.0
2026-06-30 10:20:00+09:00,328000.0,331000.0,327000.0,330750.0,576407.0
2026-06-30 10:30:00+09:00,330500.0,331500.0,327500.0,327500.0,547086.0
2026-06-30 10:40:00+09:00,327750.0,328500.0,326000.0,328000.0,480916.0
2026-06-30 10:50:00+09:00,328000.0,330500.0,327500.0,330000.0,680326.0
2026-06-30 11:00:00+09:00,330500.0,330500.0,328000.0,329250.0,346256.0
2026-06-30 11:10:00+09:00,329250.0,329500.0,327500.0,329000.0,370944.0
2026-06-30 11:20:00+09:00,328500.0,333500.0,328500.0,333250.0,690499.0
2026-06-30 11:30:00+09:00,333500.0,334000.0,331500.0,332000.0,545500.0
2026-06-30 11:40:00+09:00,332000.0,333500.0,331000.0,333000.0,234373.0
2026-06-30 11:50:00+09:00,333500.0,336000.0,333000.0,335250.0,521304.0
2026-06-30 12:00:00+09:00,335250.0,335500.0,333500.0,335000.0,460491.0
2026-06-30 12:10:00+09:00,335500.0,336000.0,334000.0,335000.0,375892.0
2026-06-30 12:20:00+09:00,335250.0,335500.0,333000.0,334250.0,452344.0
2026-06-30 12:30:00+09:00,334250.0,335500.0,333500.0,335000.0,277147.0
2026-06-30 12:40:00+09:00,335000.0,335500.0,333000.0,333000.0,286898.0
2026-06-30 12:50:00+09:00,333500.0,334000.0,331500.0,332000.0,430469.0
2026-06-30 13:00:00+09:00,331500.0,337500.0,331500.0,336000.0,798926.0
2026-06-30 13:10:00+09:00,336500.0,339000.0,335000.0,337500.0,621983.0
2026-06-30 13:20:00+09:00,337500.0,341000.0,337000.0,341000.0,611629.0
2026-06-30 13:30:00+09:00,341000.0,343000.0,339500.0,342500.0,763996.0
2026-06-30 13:40:00+09:00,342500.0,343000.0,341000.0,342500.0,506297.0
2026-06-30 13:50:00+09:00,342500.0,342500.0,339500.0,339500.0,636651.0
2026-06-30 14:00:00+09:00,340000.0,342000.0,339000.0,340000.0,505149.0
2026-06-30 14:10:00+09:00,340000.0,340500.0,337500.0,338500.0,522413.0
2026-06-30 14:20:00+09:00,338500.0,340000.0,337000.0,337750.0,503453.0
2026-06-30 14:30:00+09:00,338000.0,339500.0,335500.0,336000.0,635883.0
2026-06-30 14:40:00+09:00,336250.0,338500.0,336000.0,337500.0,514428.0
2026-06-30 14:50:00+09:00,338000.0,338500.0,336000.0,337500.0,443484.0
2026-07-01 09:00:00+09:00,334500.0,339000.0,333500.0,334250.0,1875516.0
2026-07-01 09:10:00+09:00,334250.0,335000.0,329000.0,329250.0,1064407.0
2026-07-01 09:20:00+09:00,329000.0,331000.0,326500.0,331000.0,1025309.0
2026-07-01 09:30:00+09:00,330750.0,331000.0,328000.0,329500.0,537954.0
2026-07-01 09:40:00+09:00,329000.0,330000.0,326500.0,326500.0,565221.0
2026-07-01 09:50:00+09:00,327000.0,328000.0,322500.0,323000.0,917019.0
2026-07-01 10:00:00+09:00,323000.0,325500.0,321000.0,321000.0,570830.0
2026-07-01 10:10:00+09:00,321500.0,322000.0,319000.0,320250.0,841308.0
2026-07-01 10:20:00+09:00,320250.0,323000.0,320000.0,320500.0,499785.0
2026-07-01 10:30:00+09:00,320250.0,323000.0,320000.0,322000.0,529048.0
2026-07-01 10:40:00+09:00,322000.0,322000.0,319000.0,319000.0,524929.0
2026-07-01 10:50:00+09:00,319500.0,320000.0,317500.0,317750.0,583228.0
2026-07-01 11:00:00+09:00,317750.0,318000.0,311500.0,313000.0,1577081.0
2026-07-01 11:10:00+09:00,313000.0,316000.0,312000.0,316000.0,849119.0
2026-07-01 11:20:00+09:00,315500.0,318500.0,315000.0,317500.0,594316.0
2026-07-01 11:30:00+09:00,317500.0,318500.0,316000.0,318000.0,313738.0
2026-07-01 11:40:00+09:00,318000.0,321000.0,317500.0,319500.0,470051.0
2026-07-01 11:50:00+09:00,320000.0,320000.0,318000.0,319000.0,219577.0
2026-07-01 12:00:00+09:00,319000.0,321500.0,318500.0,321250.0,259465.0
2026-07-01 12:10:00+09:00,321250.0,321500.0,319500.0,320500.0,230435.0
2026-07-01 12:20:00+09:00,320500.0,320500.0,319000.0,319500.0,202347.0
2026-07-01 12:30:00+09:00,319500.0,322000.0,319000.0,321500.0,354663.0
2026-07-01 12:40:00+09:00,321000.0,322500.0,320000.0,322500.0,251272.0
2026-07-01 12:50:00+09:00,322500.0,323500.0,321500.0,322000.0,319536.0
2026-07-01 13:00:00+09:00,321750.0,322000.0,319750.0,320250.0,372147.0
2026-07-01 13:10:00+09:00,320000.0,320250.0,319000.0,320000.0,355018.0
2026-07-01 13:20:00+09:00,320000.0,321000.0,319000.0,320500.0,358445.0
2026-07-01 13:30:00+09:00,320500.0,321000.0,319000.0,319750.0,342207.0
2026-07-01 13:40:00+09:00,319500.0,321500.0,319500.0,321000.0,344793.0
2026-07-01 13:50:00+09:00,320750.0,322000.0,319500.0,320000.0,366865.0
2026-07-01 14:00:00+09:00,320000.0,321000.0,319000.0,320000.0,528070.0
2026-07-01 14:10:00+09:00,320500.0,320500.0,317500.0,318500.0,827527.0
2026-07-01 14:20:00+09:00,318250.0,318500.0,316500.0,317000.0,456022.0
2026-07-01 14:30:00+09:00,317000.0,318000.0,315250.0,315750.0,564610.0
2026-07-01 14:40:00+09:00,315750.0,317500.0,315000.0,315500.0,608517.0
2026-07-01 14:50:00+09:00,315500.0,317500.0,315000.0,316500.0,569318.0
2026-07-02 09:00:00+09:00,290000.0,296000.0,290000.0,294000.0,4584977.0
2026-07-02 09:10:00+09:00,294000.0,296000.0,289000.0,290000.0,2490390.0
2026-07-02 09:20:00+09:00,290500.0,295000.0,289500.0,294000.0,1410894.0
2026-07-02 09:30:00+09:00,294000.0,294000.0,290500.0,291000.0,821213.0
2026-07-02 09:40:00+09:00,290500.0,291500.0,288000.0,291500.0,1114421.0
2026-07-02 09:50:00+09:00,291500.0,293000.0,290000.0,291500.0,884065.0
2026-07-02 10:00:00+09:00,291500.0,294500.0,289000.0,294500.0,851250.0
2026-07-02 10:10:00+09:00,294250.0,296000.0,293000.0,296000.0,883387.0
2026-07-02 10:20:00+09:00,296000.0,298500.0,294000.0,298250.0,944483.0
2026-07-02 10:30:00+09:00,298250.0,300000.0,297000.0,298750.0,1020025.0
2026-07-02 10:40:00+09:00,298750.0,301500.0,296500.0,300250.0,939621.0
2026-07-02 10:50:00+09:00,300000.0,302000.0,299000.0,301000.0,882878.0
2026-07-02 11:00:00+09:00,300500.0,303000.0,299000.0,302500.0,543743.0
2026-07-02 11:10:00+09:00,302500.0,304000.0,300000.0,300500.0,557999.0
2026-07-02 11:20:00+09:00,300500.0,301500.0,298000.0,299000.0,587781.0
2026-07-02 11:30:00+09:00,299500.0,300000.0,297500.0,300000.0,408205.0
2026-07-02 11:40:00+09:00,299500.0,300000.0,297000.0,297500.0,409734.0
2026-07-02 11:50:00+09:00,297500.0,299500.0,296500.0,299000.0,356276.0
2026-07-02 12:00:00+09:00,299250.0,300000.0,297000.0,297000.0,355416.0
2026-07-02 12:10:00+09:00,297250.0,298500.0,296500.0,297000.0,298811.0
2026-07-02 12:20:00+09:00,296750.0,297000.0,295000.0,295000.0,528902.0
2026-07-02 12:30:00+09:00,295000.0,297500.0,295000.0,295500.0,465846.0
2026-07-02 12:40:00+09:00,296000.0,296000.0,294000.0,295000.0,553502.0
2026-07-02 12:50:00+09:00,295000.0,296000.0,293500.0,294500.0,490523.0
2026-07-02 13:00:00+09:00,294500.0,295000.0,293000.0,293000.0,381753.0
2026-07-02 13:10:00+09:00,293500.0,294000.0,292000.0,292250.0,457720.0
2026-07-02 13:20:00+09:00,292000.0,294500.0,291000.0,293500.0,619410.0
2026-07-02 13:30:00+09:00,293500.0,293500.0,290500.0,291000.0,578215.0
2026-07-02 13:40:00+09:00,290500.0,291500.0,290500.0,290750.0,581039.0
2026-07-02 13:50:00+09:00,290750.0,293000.0,290750.0,292500.0,585159.0
2026-07-02 14:00:00+09:00,292500.0,295000.0,291500.0,294000.0,603071.0
2026-07-02 14:10:00+09:00,293500.0,294000.0,291500.0,292000.0,676540.0
2026-07-02 14:20:00+09:00,292000.0,293000.0,291000.0,291000.0,536183.0
2026-07-02 14:30:00+09:00,291250.0,291250.0,289500.0,289500.0,968628.0
2026-07-02 14:40:00+09:00,289500.0,291000.0,288000.0,289000.0,1033171.0
2026-07-02 14:50:00+09:00,289500.0,292000.0,288000.0,288500.0,889377.0
2026-07-03 09:00:00+09:00,288500.0,297500.0,288500.0,292500.0,3564623.0
2026-07-03 09:10:00+09:00,292500.0,297000.0,291000.0,292000.0,1425766.0
2026-07-03 09:20:00+09:00,292000.0,294000.0,289000.0,289500.0,1131719.0
2026-07-03 09:30:00+09:00,289750.0,293500.0,283500.0,293000.0,1945798.0
2026-07-03 09:40:00+09:00,293000.0,293000.0,287000.0,289500.0,906446.0
2026-07-03 09:50:00+09:00,289250.0,290000.0,283500.0,285500.0,1183561.0
2026-07-03 10:00:00+09:00,286000.0,295000.0,285000.0,294750.0,1632396.0
2026-07-03 10:10:00+09:00,295000.0,296000.0,290500.0,295500.0,929536.0
2026-07-03 10:20:00+09:00,295500.0,299000.0,294500.0,297500.0,1081035.0
2026-07-03 10:30:00+09:00,297500.0,301000.0,296000.0,301000.0,1031785.0
2026-07-03 10:40:00+09:00,301000.0,301500.0,297500.0,299500.0,789710.0
2026-07-03 10:50:00+09:00,299500.0,303000.0,298000.0,302500.0,780141.0
2026-07-03 11:00:00+09:00,302500.0,305000.0,302000.0,304000.0,692607.0
2026-07-03 11:10:00+09:00,304000.0,304250.0,299500.0,303500.0,769980.0
2026-07-03 11:20:00+09:00,303250.0,305000.0,303000.0,304500.0,491015.0
2026-07-03 11:30:00+09:00,304500.0,305500.0,303250.0,305500.0,484743.0
2026-07-03 11:40:00+09:00,305500.0,306000.0,304000.0,305500.0,387958.0
2026-07-03 11:50:00+09:00,305500.0,306000.0,304000.0,306000.0,218904.0
2026-07-03 12:00:00+09:00,306000.0,306000.0,302500.0,303750.0,360187.0
2026-07-03 12:10:00+09:00,304000.0,305000.0,302000.0,304500.0,252428.0
2026-07-03 12:20:00+09:00,304500.0,306000.0,303500.0,305500.0,319557.0
2026-07-03 12:30:00+09:00,305750.0,306500.0,303000.0,303500.0,381532.0
2026-07-03 12:40:00+09:00,303500.0,304500.0,301000.0,304250.0,334419.0
2026-07-03 12:50:00+09:00,304500.0,307000.0,304000.0,307000.0,465863.0
2026-07-03 13:00:00+09:00,306750.0,308500.0,306500.0,308500.0,460665.0
2026-07-03 13:10:00+09:00,308000.0,310000.0,308000.0,310000.0,475495.0
2026-07-03 13:20:00+09:00,310000.0,311000.0,308500.0,311000.0,609748.0
2026-07-03 13:30:00+09:00,311000.0,312000.0,309500.0,311500.0,465210.0
2026-07-03 13:40:00+09:00,311750.0,312000.0,310000.0,311250.0,385769.0
2026-07-03 13:50:00+09:00,311250.0,313000.0,310500.0,311250.0,626084.0
2026-07-03 14:00:00+09:00,311250.0,311500.0,308000.0,309000.0,659042.0
2026-07-03 14:10:00+09:00,309000.0,311000.0,307500.0,309500.0,585420.0
2026-07-03 14:20:00+09:00,310000.0,310500.0,307500.0,310500.0,516471.0
2026-07-03 14:30:00+09:00,310500.0,312000.0,310000.0,311500.0,436763.0
2026-07-03 14:40:00+09:00,311750.0,312500.0,307500.0,308250.0,772833.0
2026-07-03 14:50:00+09:00,308250.0,311000.0,308000.0,309750.0,471583.0
2026-07-06 09:00:00+09:00,320000.0,323500.0,312500.0,322000.0,696895.0
2026-07-06 09:10:00+09:00,322000.0,325000.0,319500.0,322500.0,1038617.0
2026-07-06 09:20:00+09:00,323000.0,323500.0,315500.0,317500.0,1181738.0
2026-07-06 09:30:00+09:00,317500.0,322500.0,316500.0,321750.0,902516.0
2026-07-06 09:40:00+09:00,322000.0,324500.0,321500.0,322000.0,624022.0
2026-07-06 09:50:00+09:00,322000.0,323000.0,319500.0,320000.0,581870.0
2026-07-06 10:00:00+09:00,320000.0,321500.0,317000.0,319000.0,548013.0
2026-07-06 10:10:00+09:00,319000.0,320500.0,316500.0,319000.0,463882.0
2026-07-06 10:20:00+09:00,319500.0,320000.0,315750.0,316000.0,352082.0
2026-07-06 10:30:00+09:00,316500.0,319000.0,314500.0,315750.0,422855.0
2026-07-06 10:40:00+09:00,316000.0,318000.0,312000.0,312500.0,533840.0
2026-07-06 10:50:00+09:00,312500.0,313000.0,309500.0,313000.0,780221.0
2026-07-06 11:00:00+09:00,312750.0,315000.0,310500.0,312500.0,534928.0
2026-07-06 11:10:00+09:00,312500.0,312500.0,308500.0,309250.0,612768.0
2026-07-06 11:20:00+09:00,309500.0,312000.0,306000.0,306250.0,618626.0
2026-07-06 11:30:00+09:00,306500.0,308500.0,306000.0,307000.0,456776.0
2026-07-06 11:40:00+09:00,307000.0,307000.0,304000.0,304000.0,553719.0
2026-07-06 11:50:00+09:00,304500.0,308500.0,303000.0,308000.0,637556.0
2026-07-06 12:00:00+09:00,308000.0,309750.0,306500.0,309250.0,436315.0
2026-07-06 12:10:00+09:00,309500.0,311000.0,307500.0,308000.0,433421.0
2026-07-06 12:20:00+09:00,308000.0,310000.0,307000.0,310000.0,450865.0
2026-07-06 12:30:00+09:00,310000.0,312500.0,308250.0,311000.0,456485.0
2026-07-06 12:40:00+09:00,311000.0,311000.0,308500.0,308750.0,232255.0
2026-07-06 12:50:00+09:00,308500.0,311500.0,308500.0,310500.0,254297.0
2026-07-06 13:00:00+09:00,310500.0,311000.0,308000.0,308000.0,356752.0
2026-07-06 13:10:00+09:00,308500.0,312500.0,308000.0,312000.0,412335.0
2026-07-06 13:20:00+09:00,311500.0,312500.0,310500.0,312500.0,397803.0
2026-07-06 13:30:00+09:00,312000.0,316000.0,312000.0,314000.0,582174.0
2026-07-06 13:40:00+09:00,313500.0,316000.0,313500.0,313750.0,330559.0
2026-07-06 13:50:00+09:00,313500.0,316250.0,313000.0,315000.0,321454.0
2026-07-06 14:00:00+09:00,315000.0,316000.0,312000.0,315000.0,467362.0
2026-07-06 14:10:00+09:00,315000.0,317000.0,315000.0,316500.0,355179.0
2026-07-06 14:20:00+09:00,316500.0,316500.0,313000.0,313000.0,363474.0
2026-07-06 14:30:00+09:00,313500.0,314000.0,310500.0,312500.0,466201.0
2026-07-06 14:40:00+09:00,312500.0,314000.0,310000.0,310500.0,289038.0
2026-07-06 14:50:00+09:00,310500.0,316000.0,310000.0,314500.0,544588.0
2026-07-07 09:00:00+09:00,307000.0,310000.0,302000.0,302500.0,2325954.0
2026-07-07 09:10:00+09:00,302750.0,303000.0,298000.0,303000.0,1633463.0
2026-07-07 09:20:00+09:00,302500.0,304500.0,299000.0,299500.0,1048673.0
2026-07-07 09:30:00+09:00,300000.0,302000.0,298000.0,298000.0,939425.0
2026-07-07 09:40:00+09:00,298000.0,300000.0,296500.0,299500.0,1021159.0
2026-07-07 09:50:00+09:00,299750.0,300500.0,297000.0,297750.0,801221.0
2026-07-07 10:00:00+09:00,297750.0,300500.0,297000.0,299750.0,757267.0
2026-07-07 10:10:00+09:00,299500.0,301000.0,297000.0,297000.0,694133.0
2026-07-07 10:20:00+09:00,297500.0,298000.0,293500.0,294000.0,1189126.0
2026-07-07 10:30:00+09:00,294000.0,296250.0,293000.0,295500.0,960200.0
2026-07-07 10:40:00+09:00,295750.0,301500.0,295000.0,301000.0,741153.0
2026-07-07 10:50:00+09:00,301000.0,301500.0,296000.0,296500.0,444157.0
2026-07-07 11:00:00+09:00,296000.0,297500.0,294500.0,295750.0,673333.0
2026-07-07 11:10:00+09:00,295750.0,296000.0,294000.0,294500.0,521665.0
2026-07-07 11:20:00+09:00,294250.0,294500.0,292000.0,293000.0,525140.0
2026-07-07 11:30:00+09:00,292500.0,294000.0,291000.0,293000.0,569804.0
2026-07-07 11:40:00+09:00,293000.0,293500.0,290500.0,291000.0,353716.0
2026-07-07 11:50:00+09:00,291000.0,293500.0,290500.0,291500.0,474350.0
2026-07-07 12:00:00+09:00,291500.0,294500.0,291000.0,293500.0,441309.0
2026-07-07 12:10:00+09:00,293500.0,294500.0,290500.0,290500.0,438875.0
2026-07-07 12:20:00+09:00,291000.0,291500.0,289000.0,289500.0,725944.0
2026-07-07 12:30:00+09:00,289250.0,292500.0,289000.0,291250.0,547332.0
2026-07-07 12:40:00+09:00,291000.0,291500.0,289500.0,289750.0,338781.0
2026-07-07 12:50:00+09:00,289750.0,290500.0,289000.0,290500.0,469425.0
2026-07-07 13:00:00+09:00,290500.0,293000.0,289500.0,289750.0,767992.0
2026-07-07 13:10:00+09:00,289750.0,291500.0,288500.0,289000.0,539433.0
2026-07-07 13:20:00+09:00,288750.0,289500.0,287500.0,289000.0,653537.0
2026-07-07 13:30:00+09:00,289000.0,289500.0,288000.0,288500.0,427057.0
2026-07-07 13:40:00+09:00,288500.0,288500.0,286500.0,287000.0,761086.0
2026-07-07 13:50:00+09:00,287000.0,287000.0,286000.0,287000.0,123155.0
2026-07-07 14:20:00+09:00,288000.0,293000.0,287000.0,292750.0,1819103.0
2026-07-07 14:30:00+09:00,293000.0,295000.0,291000.0,294500.0,1304240.0
2026-07-07 14:40:00+09:00,294500.0,297000.0,293500.0,295000.0,1137842.0
2026-07-07 14:50:00+09:00,295500.0,300000.0,294500.0,298500.0,1065818.0
2026-07-08 09:00:00+09:00,285500.0,292500.0,283000.0,287500.0,3395489.0
2026-07-08 09:10:00+09:00,288000.0,295000.0,285000.0,292000.0,1677573.0
2026-07-08 09:20:00+09:00,291750.0,296000.0,289500.0,292500.0,1236336.0
2026-07-08 09:30:00+09:00,292500.0,295000.0,288500.0,293500.0,762584.0
2026-07-08 09:40:00+09:00,293500.0,297500.0,293000.0,294500.0,1296004.0
2026-07-08 09:50:00+09:00,295000.0,299500.0,294000.0,299000.0,1117437.0
2026-07-08 10:00:00+09:00,299000.0,300000.0,293500.0,294250.0,1153608.0
2026-07-08 10:10:00+09:00,294250.0,297000.0,293000.0,293500.0,730882.0
2026-07-08 10:20:00+09:00,293500.0,295000.0,291000.0,293500.0,655060.0
2026-07-08 10:30:00+09:00,293000.0,295000.0,288000.0,288500.0,789166.0
2026-07-08 10:40:00+09:00,288500.0,291500.0,288500.0,290000.0,506985.0
2026-07-08 10:50:00+09:00,289500.0,291500.0,286000.0,287500.0,665234.0
2026-07-08 11:00:00+09:00,287250.0,287500.0,283500.0,285000.0,909441.0
2026-07-08 11:10:00+09:00,285000.0,287500.0,284000.0,287000.0,604153.0
2026-07-08 11:20:00+09:00,287000.0,289000.0,285500.0,287500.0,412911.0
2026-07-08 11:30:00+09:00,287000.0,288000.0,285000.0,286000.0,326986.0
2026-07-08 11:40:00+09:00,285750.0,288000.0,285000.0,287000.0,339158.0
2026-07-08 11:50:00+09:00,287000.0,287000.0,285000.0,285500.0,269289.0
2026-07-08 12:00:00+09:00,285750.0,289000.0,285500.0,288250.0,354125.0
2026-07-08 12:10:00+09:00,288250.0,289750.0,288000.0,288250.0,274651.0
2026-07-08 12:20:00+09:00,288250.0,290500.0,287500.0,290000.0,313552.0
2026-07-08 12:30:00+09:00,289500.0,291000.0,288000.0,288000.0,209409.0
2026-07-08 12:40:00+09:00,288250.0,288500.0,286500.0,287000.0,275321.0
2026-07-08 12:50:00+09:00,287000.0,287500.0,285500.0,286000.0,256710.0
2026-07-08 13:00:00+09:00,286000.0,286000.0,283500.0,283750.0,516707.0
2026-07-08 13:10:00+09:00,284000.0,284000.0,281000.0,281250.0,856669.0
2026-07-08 13:20:00+09:00,281250.0,283500.0,280500.0,280750.0,683169.0
2026-07-08 13:30:00+09:00,281000.0,281500.0,275500.0,277750.0,1819690.0
2026-07-08 13:40:00+09:00,277750.0,279000.0,276000.0,276500.0,854299.0
2026-07-08 13:50:00+09:00,276500.0,279500.0,273500.0,279250.0,1100489.0
2026-07-08 14:00:00+09:00,279250.0,281500.0,277000.0,279500.0,914867.0
2026-07-08 14:10:00+09:00,279500.0,280500.0,277000.0,277500.0,716339.0
2026-07-08 14:20:00+09:00,277000.0,278500.0,275000.0,275000.0,673122.0
2026-07-08 14:30:00+09:00,275000.0,277500.0,274500.0,275500.0,837156.0
2026-07-08 14:40:00+09:00,275500.0,277500.0,274500.0,277000.0,740826.0
2026-07-08 14:50:00+09:00,276500.0,281500.0,276000.0,280250.0,940864.0
2026-07-09 09:00:00+09:00,288500.0,290500.0,285000.0,290000.0,2599030.0
2026-07-09 09:10:00+09:00,290000.0,291500.0,288500.0,288500.0,1147976.0
2026-07-09 09:20:00+09:00,288500.0,290500.0,286500.0,289000.0,792352.0
2026-07-09 09:30:00+09:00,289000.0,289500.0,285000.0,285000.0,596833.0
2026-07-09 09:40:00+09:00,285000.0,289000.0,284000.0,287500.0,606876.0
2026-07-09 09:50:00+09:00,287500.0,288500.0,284000.0,285500.0,466867.0
2026-07-09 10:00:00+09:00,285500.0,288000.0,285000.0,287500.0,554867.0
2026-07-09 10:10:00+09:00,287500.0,289000.0,287500.0,288500.0,698414.0
2026-07-09 10:20:00+09:00,289000.0,289000.0,285500.0,286000.0,473351.0
2026-07-09 10:30:00+09:00,286500.0,287000.0,283000.0,285000.0,778468.0
2026-07-09 10:40:00+09:00,285000.0,286500.0,283500.0,284000.0,518397.0
2026-07-09 10:50:00+09:00,284000.0,284500.0,278500.0,279750.0,1054563.0
2026-07-09 11:00:00+09:00,279750.0,282000.0,277500.0,281500.0,761916.0
2026-07-09 11:10:00+09:00,281000.0,283500.0,280500.0,283500.0,322656.0
2026-07-09 11:20:00+09:00,283500.0,283500.0,281000.0,281750.0,455493.0
2026-07-09 11:30:00+09:00,281500.0,282000.0,277500.0,278500.0,426167.0
2026-07-09 11:40:00+09:00,278250.0,278500.0,274000.0,274500.0,629975.0
2026-07-09 11:50:00+09:00,274500.0,275000.0,270500.0,271750.0,840904.0
2026-07-09 12:00:00+09:00,271750.0,273000.0,269000.0,270750.0,847941.0
2026-07-09 12:10:00+09:00,270750.0,271000.0,267500.0,269000.0,759364.0
2026-07-09 12:20:00+09:00,269500.0,275000.0,269000.0,274750.0,667355.0
2026-07-09 12:30:00+09:00,275000.0,277500.0,274000.0,274750.0,754602.0
2026-07-09 12:40:00+09:00,274500.0,278500.0,273500.0,276500.0,608793.0
2026-07-09 12:50:00+09:00,276500.0,278000.0,275500.0,276000.0,377692.0
2026-07-09 13:00:00+09:00,276000.0,277500.0,273500.0,275500.0,475966.0
2026-07-09 13:10:00+09:00,275250.0,277500.0,274500.0,275250.0,376559.0
2026-07-09 13:20:00+09:00,275000.0,276000.0,272000.0,273500.0,417084.0
2026-07-09 13:30:00+09:00,273500.0,277000.0,273500.0,276500.0,356194.0
2026-07-09 13:40:00+09:00,276500.0,276500.0,274000.0,274500.0,326321.0
2026-07-09 13:50:00+09:00,274500.0,276500.0,274500.0,275250.0,242699.0
2026-07-09 14:00:00+09:00,275250.0,276500.0,272500.0,273250.0,353109.0
2026-07-09 14:10:00+09:00,273250.0,276500.0,272500.0,272750.0,425448.0
2026-07-09 14:20:00+09:00,272750.0,274000.0,271500.0,272000.0,448391.0
2026-07-09 14:30:00+09:00,272250.0,274000.0,270000.0,273000.0,555330.0
2026-07-09 14:40:00+09:00,273000.0,275000.0,272000.0,274500.0,414131.0
2026-07-09 14:50:00+09:00,274500.0,279500.0,274000.0,279250.0,702341.0
2026-07-10 09:00:00+09:00,291000.0,291000.0,284250.0,285000.0,2374382.0
2026-07-10 09:10:00+09:00,284750.0,286500.0,282500.0,285000.0,1028361.0
2026-07-10 09:20:00+09:00,285250.0,286500.0,282000.0,284000.0,813180.0
2026-07-10 09:30:00+09:00,284000.0,285000.0,282500.0,284250.0,613935.0
2026-07-10 09:40:00+09:00,284250.0,286000.0,283000.0,285500.0,559537.0
2026-07-10 09:50:00+09:00,285250.0,291000.0,285250.0,290500.0,962725.0
2026-07-10 10:00:00+09:00,290500.0,290500.0,287500.0,288500.0,476607.0
2026-07-10 10:10:00+09:00,288500.0,289500.0,286500.0,288750.0,350475.0
2026-07-10 10:20:00+09:00,288750.0,291000.0,288750.0,290500.0,497959.0
2026-07-10 10:30:00+09:00,290250.0,293000.0,290000.0,292500.0,691080.0
2026-07-10 10:40:00+09:00,292500.0,293000.0,290500.0,293000.0,490165.0
2026-07-10 10:50:00+09:00,293000.0,293000.0,290250.0,291000.0,444768.0
2026-07-10 11:00:00+09:00,291500.0,291500.0,288500.0,288500.0,495278.0
2026-07-10 11:10:00+09:00,289000.0,289000.0,286500.0,289000.0,316276.0
2026-07-10 11:20:00+09:00,289000.0,289500.0,287500.0,289500.0,166501.0
2026-07-10 11:30:00+09:00,289000.0,291000.0,289000.0,290500.0,184225.0
2026-07-10 11:40:00+09:00,290000.0,291500.0,290000.0,291250.0,204393.0
2026-07-10 11:50:00+09:00,291000.0,292000.0,290000.0,291750.0,204747.0
2026-07-10 12:00:00+09:00,291750.0,292000.0,289500.0,291000.0,298332.0
2026-07-10 12:10:00+09:00,291500.0,292500.0,290500.0,292250.0,258736.0
2026-07-10 12:20:00+09:00,292250.0,293000.0,291500.0,292000.0,338494.0
2026-07-10 12:30:00+09:00,292000.0,294000.0,291500.0,293500.0,295188.0
2026-07-10 12:40:00+09:00,293500.0,294500.0,293500.0,294000.0,295469.0
2026-07-10 12:50:00+09:00,294000.0,296500.0,293500.0,296250.0,571458.0
2026-07-10 13:00:00+09:00,296250.0,297000.0,295000.0,296500.0,359321.0
2026-07-10 13:10:00+09:00,296750.0,298000.0,296000.0,297000.0,515978.0
2026-07-10 13:20:00+09:00,297250.0,297500.0,296000.0,296500.0,268120.0
2026-07-10 13:30:00+09:00,296500.0,297500.0,295500.0,297500.0,309914.0
2026-07-10 13:40:00+09:00,297000.0,297500.0,297000.0,297000.0,193559.0
2026-07-10 13:50:00+09:00,297000.0,297250.0,294500.0,295000.0,423601.0
2026-07-10 14:00:00+09:00,295000.0,296000.0,291500.0,292000.0,473445.0
2026-07-10 14:10:00+09:00,292500.0,294500.0,292000.0,294000.0,239209.0
2026-07-10 14:20:00+09:00,293500.0,294500.0,292000.0,293000.0,207941.0
2026-07-10 14:30:00+09:00,293250.0,294500.0,292500.0,293250.0,231927.0
2026-07-10 14:40:00+09:00,293000.0,293500.0,291000.0,291750.0,349053.0
2026-07-10 14:50:00+09:00,291750.0,292000.0,289500.0,290000.0,470779.0
2026-07-13 09:00:00+09:00,285000.0,291500.0,282500.0,287000.0,383963.0
2026-07-13 09:10:00+09:00,287000.0,292500.0,286000.0,287000.0,823222.0
2026-07-13 09:20:00+09:00,287500.0,290500.0,286500.0,287500.0,457389.0
2026-07-13 09:30:00+09:00,287500.0,288000.0,281750.0,282000.0,556819.0
2026-07-13 09:40:00+09:00,282000.0,282750.0,279000.0,280500.0,782272.0
2026-07-13 09:50:00+09:00,280500.0,280500.0,274000.0,275000.0,1178506.0
2026-07-13 10:00:00+09:00,275000.0,278000.0,274000.0,276000.0,643481.0
2026-07-13 10:10:00+09:00,275750.0,279000.0,274000.0,274500.0,522305.0
2026-07-13 10:20:00+09:00,274500.0,275000.0,272000.0,273500.0,710670.0
2026-07-13 10:30:00+09:00,273500.0,275000.0,270000.0,273750.0,688863.0
2026-07-13 10:40:00+09:00,274000.0,274500.0,268500.0,269000.0,659308.0
2026-07-13 10:50:00+09:00,269000.0,269000.0,266500.0,267500.0,770812.0
2026-07-13 11:00:00+09:00,267500.0,267500.0,265000.0,266500.0,663412.0
2026-07-13 11:10:00+09:00,266000.0,269000.0,266000.0,269000.0,667827.0
2026-07-13 11:20:00+09:00,268500.0,271500.0,268500.0,270000.0,599895.0
2026-07-13 11:30:00+09:00,270000.0,270000.0,267000.0,267750.0,368508.0
2026-07-13 11:40:00+09:00,268000.0,269000.0,266000.0,267500.0,384579.0
2026-07-13 11:50:00+09:00,267500.0,268500.0,265500.0,265750.0,349132.0
2026-07-13 12:00:00+09:00,265750.0,266000.0,262500.0,263000.0,930932.0
2026-07-13 12:10:00+09:00,263000.0,264000.0,262000.0,263500.0,685267.0
2026-07-13 12:20:00+09:00,263500.0,264500.0,262500.0,263000.0,529681.0
2026-07-13 12:30:00+09:00,263000.0,264500.0,262000.0,264000.0,465591.0
2026-07-13 12:40:00+09:00,264000.0,265000.0,262500.0,263500.0,392033.0
2026-07-13 12:50:00+09:00,264000.0,265000.0,261000.0,261500.0,573997.0
2026-07-13 13:00:00+09:00,261500.0,262000.0,259000.0,259500.0,777480.0
2026-07-13 13:10:00+09:00,259500.0,260000.0,258000.0,258500.0,842472.0
2026-07-13 13:20:00+09:00,258500.0,259500.0,257000.0,258750.0,791556.0
2026-07-13 13:50:00+09:00,259500.0,261500.0,259000.0,259500.0,450936.0
2026-07-13 14:00:00+09:00,259500.0,262000.0,258000.0,261000.0,1178319.0
2026-07-13 14:10:00+09:00,261500.0,262000.0,258000.0,258250.0,765858.0
2026-07-13 14:20:00+09:00,258000.0,259000.0,253500.0,254500.0,1352104.0
2026-07-13 14:30:00+09:00,254000.0,259500.0,253000.0,258000.0,1082166.0
2026-07-13 14:40:00+09:00,258500.0,260000.0,255500.0,257000.0,1191778.0
2026-07-13 14:50:00+09:00,256500.0,260000.0,256000.0,259500.0,1177660.0
2026-07-14 09:00:00+09:00,255000.0,261500.0,249000.0,252500.0,4587673.0
2026-07-14 09:10:00+09:00,253000.0,260000.0,252000.0,257000.0,2226914.0
2026-07-14 09:20:00+09:00,257000.0,262000.0,254500.0,259000.0,1547281.0
2026-07-14 09:30:00+09:00,259500.0,265500.0,259000.0,264000.0,1736378.0
2026-07-14 09:40:00+09:00,264000.0,265000.0,258500.0,263000.0,1452457.0
2026-07-14 09:50:00+09:00,263500.0,269000.0,263000.0,267500.0,1272686.0
2026-07-14 10:00:00+09:00,267500.0,270000.0,267000.0,268500.0,994832.0
2026-07-14 10:10:00+09:00,268500.0,268500.0,264500.0,266000.0,840489.0
2026-07-14 10:20:00+09:00,266000.0,269000.0,263500.0,266000.0,594515.0
2026-07-14 10:30:00+09:00,266000.0,267500.0,262000.0,263750.0,633027.0
2026-07-14 10:40:00+09:00,263500.0,266500.0,261000.0,264000.0,702628.0
2026-07-14 10:50:00+09:00,264500.0,265000.0,259500.0,260000.0,552694.0
2026-07-14 11:00:00+09:00,260500.0,261500.0,258000.0,259500.0,766570.0
2026-07-14 11:10:00+09:00,259500.0,260000.0,255750.0,257000.0,800618.0
2026-07-14 11:20:00+09:00,256500.0,257500.0,253000.0,256500.0,976860.0
2026-07-14 11:30:00+09:00,256500.0,258000.0,251000.0,257500.0,972119.0
2026-07-14 11:40:00+09:00,257500.0,260000.0,256500.0,259500.0,661309.0
2026-07-14 11:50:00+09:00,259500.0,260000.0,256000.0,257750.0,451128.0
2026-07-14 12:00:00+09:00,257750.0,257750.0,251500.0,252500.0,633210.0
2026-07-14 12:10:00+09:00,252000.0,252500.0,248000.0,250000.0,1099219.0
2026-07-14 12:20:00+09:00,249500.0,252500.0,247000.0,252500.0,856942.0
2026-07-14 12:30:00+09:00,252500.0,256500.0,252000.0,255000.0,834345.0
2026-07-14 12:40:00+09:00,254750.0,258000.0,252000.0,257000.0,870188.0
2026-07-14 12:50:00+09:00,257000.0,258500.0,256000.0,257500.0,556691.0
2026-07-14 13:00:00+09:00,258000.0,259000.0,255500.0,256000.0,518512.0
2026-07-14 13:10:00+09:00,255750.0,256500.0,254500.0,255250.0,425728.0
2026-07-14 13:20:00+09:00,255000.0,261000.0,254500.0,259500.0,760486.0
2026-07-14 13:30:00+09:00,260000.0,263000.0,258500.0,262500.0,706222.0
2026-07-14 13:40:00+09:00,262000.0,264000.0,260500.0,263500.0,614707.0
2026-07-14 13:50:00+09:00,263500.0,265500.0,261500.0,264000.0,757163.0
2026-07-14 14:00:00+09:00,264500.0,265500.0,261500.0,265000.0,571872.0
2026-07-14 14:10:00+09:00,265000.0,265500.0,262000.0,263500.0,730582.0
2026-07-14 14:20:00+09:00,263000.0,265500.0,262000.0,264500.0,753097.0
2026-07-14 14:30:00+09:00,264500.0,267500.0,263500.0,264500.0,965483.0
2026-07-14 14:40:00+09:00,264500.0,265000.0,262000.0,264500.0,944268.0
2026-07-14 14:50:00+09:00,264500.0,264500.0,261000.0,261500.0,806460.0
2026-07-15 09:00:00+09:00,283500.0,284000.0,277000.0,277750.0,2478554.0
2026-07-15 09:10:00+09:00,278000.0,280500.0,277000.0,279500.0,1117183.0
2026-07-15 09:20:00+09:00,279500.0,281000.0,279000.0,279750.0,572050.0
2026-07-15 09:30:00+09:00,279750.0,281000.0,276000.0,276500.0,917717.0
2026-07-15 09:40:00+09:00,276500.0,278500.0,276000.0,277500.0,518536.0
2026-07-15 09:50:00+09:00,277500.0,278500.0,276500.0,277000.0,701872.0
2026-07-15 10:00:00+09:00,276500.0,277250.0,273500.0,273500.0,855448.0
2026-07-15 10:10:00+09:00,274000.0,277000.0,273000.0,276500.0,848949.0
2026-07-15 10:20:00+09:00,277000.0,278000.0,276000.0,277250.0,471375.0
2026-07-15 10:30:00+09:00,277000.0,278500.0,275000.0,277000.0,515760.0
2026-07-15 10:40:00+09:00,277000.0,277500.0,274000.0,275500.0,576597.0
2026-07-15 10:50:00+09:00,276000.0,278500.0,275500.0,278500.0,555380.0
2026-07-15 11:00:00+09:00,278500.0,280000.0,278000.0,279000.0,608350.0
2026-07-15 11:10:00+09:00,279250.0,280000.0,279000.0,279500.0,433151.0
2026-07-15 11:20:00+09:00,279500.0,280000.0,278000.0,279000.0,375348.0
2026-07-15 11:30:00+09:00,279000.0,280500.0,279000.0,280000.0,562109.0
2026-07-15 11:40:00+09:00,280000.0,281500.0,279500.0,281500.0,429533.0
2026-07-15 11:50:00+09:00,281500.0,281500.0,279000.0,279500.0,414401.0
2026-07-15 12:00:00+09:00,279000.0,281000.0,278500.0,280750.0,310557.0
2026-07-15 12:10:00+09:00,280750.0,281000.0,279500.0,280750.0,344997.0
2026-07-15 12:20:00+09:00,280500.0,282000.0,280500.0,281750.0,246230.0
2026-07-15 12:30:00+09:00,282000.0,283500.0,281500.0,283000.0,482740.0
2026-07-15 12:40:00+09:00,283000.0,283500.0,282000.0,283500.0,418912.0
2026-07-15 12:50:00+09:00,283500.0,284500.0,283000.0,284000.0,565073.0
2026-07-15 13:00:00+09:00,284000.0,284500.0,283000.0,283000.0,311487.0
2026-07-15 13:10:00+09:00,283000.0,284000.0,282500.0,283000.0,473749.0
2026-07-15 13:20:00+09:00,283250.0,283500.0,282000.0,282250.0,372196.0
2026-07-15 13:30:00+09:00,282250.0,284000.0,282000.0,283500.0,344872.0
2026-07-15 13:40:00+09:00,284000.0,284000.0,283000.0,283500.0,304339.0
2026-07-15 13:50:00+09:00,283500.0,283500.0,282500.0,283250.0,372261.0
2026-07-15 14:00:00+09:00,283250.0,284000.0,278500.0,281500.0,883192.0
2026-07-15 14:10:00+09:00,281500.0,281500.0,278500.0,279500.0,517639.0
2026-07-15 14:20:00+09:00,279500.0,279500.0,277000.0,277750.0,580839.0
2026-07-15 14:30:00+09:00,278000.0,279000.0,277000.0,278750.0,575708.0
2026-07-15 14:40:00+09:00,278750.0,280000.0,277500.0,279750.0,468410.0
2026-07-15 14:50:00+09:00,279750.0,281000.0,279000.0,280500.0,437924.0
2026-07-16 09:00:00+09:00,264500.0,265500.0,261000.0,262500.0,2316642.0
2026-07-16 09:10:00+09:00,262500.0,264500.0,259000.0,259500.0,1340111.0
2026-07-16 09:20:00+09:00,259500.0,260000.0,257500.0,258750.0,1223756.0
2026-07-16 09:30:00+09:00,259000.0,259500.0,257500.0,258000.0,612885.0
2026-07-16 09:40:00+09:00,257500.0,258000.0,256000.0,257000.0,603793.0
2026-07-16 09:50:00+09:00,256750.0,258000.0,255500.0,256500.0,697620.0
2026-07-16 10:00:00+09:00,256500.0,258000.0,255500.0,255750.0,555075.0
2026-07-16 10:10:00+09:00,255750.0,256500.0,253500.0,253500.0,774029.0
2026-07-16 10:20:00+09:00,253500.0,254500.0,252500.0,254000.0,580361.0
2026-07-16 10:30:00+09:00,254000.0,257500.0,253500.0,256500.0,521017.0
2026-07-16 10:40:00+09:00,256500.0,257000.0,253500.0,256500.0,497963.0
2026-07-16 10:50:00+09:00,256500.0,257250.0,253750.0,254500.0,574010.0
2026-07-16 11:00:00+09:00,254500.0,254500.0,253000.0,253000.0,536996.0
2026-07-16 11:10:00+09:00,253500.0,255000.0,253000.0,254500.0,532687.0
2026-07-16 11:20:00+09:00,255000.0,257500.0,254000.0,256750.0,429697.0
2026-07-16 11:30:00+09:00,256750.0,257500.0,255500.0,256500.0,320629.0
2026-07-16 11:40:00+09:00,256500.0,259500.0,255500.0,258750.0,367198.0
2026-07-16 11:50:00+09:00,259000.0,259000.0,257000.0,258000.0,290189.0
2026-07-16 12:00:00+09:00,258000.0,260000.0,256000.0,259500.0,358808.0
2026-07-16 12:10:00+09:00,259500.0,259500.0,256000.0,256500.0,253974.0
2026-07-16 12:20:00+09:00,256500.0,257000.0,255000.0,255500.0,248877.0
2026-07-16 12:30:00+09:00,255500.0,256500.0,255000.0,255750.0,220683.0
2026-07-16 12:40:00+09:00,255750.0,257000.0,255000.0,255500.0,313863.0
2026-07-16 12:50:00+09:00,255500.0,259000.0,255500.0,258500.0,299940.0
2026-07-16 13:00:00+09:00,258500.0,259000.0,256500.0,257000.0,266834.0
2026-07-16 13:10:00+09:00,257250.0,259000.0,256000.0,256250.0,236773.0
2026-07-16 13:20:00+09:00,256000.0,257000.0,255000.0,255750.0,376384.0
2026-07-16 13:30:00+09:00,255500.0,256000.0,254000.0,255000.0,373735.0
2026-07-16 13:40:00+09:00,254750.0,256000.0,254500.0,255750.0,329408.0
2026-07-16 13:50:00+09:00,255750.0,256500.0,255000.0,255500.0,336426.0
2026-07-16 14:00:00+09:00,255500.0,256500.0,254500.0,254750.0,401753.0
2026-07-16 14:10:00+09:00,255000.0,260000.0,254500.0,260000.0,521109.0
2026-07-16 14:20:00+09:00,260000.0,261500.0,259500.0,260500.0,595334.0
2026-07-16 14:30:00+09:00,261000.0,279500.0,255500.0,255750.0,853272.0
2026-07-16 14:40:00+09:00,255750.0,258250.0,255500.0,256500.0,728510.0
2026-07-16 14:50:00+09:00,256500.0,257500.0,255500.0,256500.0,632054.0
2026-07-20 09:00:00+09:00,241000.0,255000.0,240000.0,254500.0,1128992.0
2026-07-20 09:10:00+09:00,254500.0,257500.0,251500.0,256000.0,1586647.0
2026-07-20 09:20:00+09:00,256500.0,257000.0,254000.0,255000.0,1098569.0
2026-07-20 09:30:00+09:00,255500.0,256500.0,251500.0,255000.0,728723.0
2026-07-20 09:40:00+09:00,254500.0,256000.0,251500.0,253500.0,643161.0
2026-07-20 09:50:00+09:00,253500.0,253500.0,250000.0,250500.0,669184.0
2026-07-20 10:00:00+09:00,250500.0,252000.0,249500.0,251500.0,615944.0
2026-07-20 10:10:00+09:00,251500.0,252500.0,248500.0,248750.0,536769.0
2026-07-20 10:20:00+09:00,248500.0,252500.0,248000.0,249000.0,556346.0
2026-07-20 10:30:00+09:00,248500.0,249000.0,246000.0,248000.0,634877.0
2026-07-20 10:40:00+09:00,247500.0,248500.0,245500.0,245500.0,444030.0
2026-07-20 10:50:00+09:00,246000.0,246000.0,243500.0,245500.0,688158.0
2026-07-20 11:00:00+09:00,245000.0,249000.0,245000.0,248000.0,559979.0
2026-07-20 11:10:00+09:00,248500.0,248500.0,244000.0,244250.0,496609.0
2026-07-20 11:20:00+09:00,244250.0,245000.0,242500.0,243500.0,597547.0
2026-07-20 11:30:00+09:00,243500.0,247500.0,243000.0,245500.0,404030.0
2026-07-20 11:40:00+09:00,245250.0,248000.0,245000.0,247000.0,291722.0
2026-07-20 11:50:00+09:00,247000.0,247500.0,245000.0,245500.0,172294.0
2026-07-20 12:00:00+09:00,245750.0,246500.0,243000.0,244500.0,294939.0
2026-07-20 12:10:00+09:00,244000.0,245500.0,243500.0,244000.0,212334.0
2026-07-20 12:20:00+09:00,243500.0,244000.0,242500.0,242500.0,235877.0
2026-07-20 12:30:00+09:00,243000.0,244500.0,242500.0,244500.0,260171.0
2026-07-20 12:40:00+09:00,244000.0,244500.0,243000.0,243500.0,239721.0
2026-07-20 12:50:00+09:00,244000.0,246500.0,243500.0,243750.0,410164.0
2026-07-20 13:00:00+09:00,243750.0,245500.0,243000.0,243500.0,199001.0
2026-07-20 13:10:00+09:00,243500.0,244000.0,241000.0,241500.0,396344.0
2026-07-20 13:20:00+09:00,242000.0,243500.0,241500.0,243250.0,370331.0
2026-07-20 13:30:00+09:00,243000.0,247000.0,242500.0,246500.0,475553.0
2026-07-20 13:40:00+09:00,247000.0,248500.0,245500.0,248500.0,350787.0
2026-07-20 13:50:00+09:00,248500.0,248500.0,245500.0,246000.0,346873.0
2026-07-20 14:00:00+09:00,246000.0,246000.0,243500.0,243500.0,275231.0
2026-07-20 14:10:00+09:00,243750.0,244500.0,242000.0,243750.0,412037.0
2026-07-20 14:20:00+09:00,243750.0,245000.0,242000.0,243000.0,471495.0
2026-07-20 14:30:00+09:00,243000.0,244500.0,242500.0,243000.0,356647.0
2026-07-20 14:40:00+09:00,243250.0,245000.0,242500.0,244750.0,499255.0
2026-07-20 14:50:00+09:00,245000.0,245500.0,243000.0,244000.0,512356.0
2026-07-21 09:00:00+09:00,247000.0,249000.0,243000.0,245500.0,1582180.0
2026-07-21 09:10:00+09:00,245500.0,250500.0,244500.0,249500.0,1013706.0
2026-07-21 09:20:00+09:00,249500.0,250000.0,247500.0,249000.0,563869.0
2026-07-21 09:30:00+09:00,249000.0,251500.0,248000.0,251250.0,494835.0
2026-07-21 09:40:00+09:00,251500.0,253000.0,250000.0,252500.0,545136.0
2026-07-21 09:50:00+09:00,252500.0,253500.0,250000.0,251000.0,609665.0
2026-07-21 10:00:00+09:00,251000.0,254500.0,250000.0,254250.0,578159.0
2026-07-21 10:10:00+09:00,254250.0,255500.0,253500.0,254500.0,755600.0
2026-07-21 10:20:00+09:00,254500.0,256750.0,254000.0,256000.0,597861.0
2026-07-21 10:30:00+09:00,256500.0,259500.0,256000.0,258500.0,794817.0
2026-07-21 10:40:00+09:00,258500.0,259500.0,257500.0,259000.0,514606.0
2026-07-21 10:50:00+09:00,259000.0,259500.0,255500.0,256000.0,450037.0
2026-07-21 11:00:00+09:00,256500.0,258500.0,255000.0,255000.0,448711.0
2026-07-21 11:10:00+09:00,255500.0,256500.0,254500.0,254500.0,345164.0
2026-07-21 11:20:00+09:00,255000.0,256000.0,253500.0,255000.0,317302.0
2026-07-21 11:30:00+09:00,255000.0,258000.0,255000.0,257500.0,263489.0
2026-07-21 11:40:00+09:00,257750.0,259000.0,256500.0,258500.0,377941.0
2026-07-21 11:50:00+09:00,258500.0,259000.0,257000.0,258500.0,267157.0
2026-07-21 12:00:00+09:00,258500.0,259000.0,258000.0,258500.0,334554.0
2026-07-21 12:10:00+09:00,258500.0,260000.0,258000.0,260000.0,475018.0
2026-07-21 12:20:00+09:00,260000.0,260500.0,258500.0,259250.0,522145.0
2026-07-21 12:30:00+09:00,259250.0,261000.0,259000.0,261000.0,333563.0
2026-07-21 12:40:00+09:00,261000.0,262000.0,260000.0,260500.0,500406.0
2026-07-21 12:50:00+09:00,260500.0,262000.0,260500.0,261500.0,298307.0
2026-07-21 13:00:00+09:00,261750.0,262500.0,261500.0,261750.0,387128.0
2026-07-21 13:10:00+09:00,261750.0,263500.0,261000.0,262500.0,480459.0
2026-07-21 13:20:00+09:00,263000.0,263500.0,262000.0,262250.0,356792.0
2026-07-21 13:30:00+09:00,262250.0,263000.0,261500.0,261750.0,420591.0
2026-07-21 13:40:00+09:00,261750.0,262500.0,260500.0,262500.0,328616.0
2026-07-21 13:50:00+09:00,262500.0,262500.0,259000.0,259750.0,422727.0
2026-07-21 14:00:00+09:00,260000.0,261000.0,259500.0,260500.0,221316.0
2026-07-21 14:10:00+09:00,260000.0,260500.0,257000.0,257000.0,518029.0
2026-07-21 14:20:00+09:00,257500.0,259500.0,257000.0,259500.0,361762.0
2026-07-21 14:30:00+09:00,259500.0,259500.0,257500.0,259000.0,265962.0
2026-07-21 14:40:00+09:00,259500.0,260500.0,259000.0,260250.0,325342.0
2026-07-21 14:50:00+09:00,260000.0,260500.0,258000.0,258500.0,334052.0
2026-07-22 09:00:00+09:00,276000.0,276000.0,272000.0,273000.0,2636678.0
2026-07-22 09:10:00+09:00,273500.0,274500.0,272000.0,274000.0,979755.0
2026-07-22 09:20:00+09:00,274000.0,275000.0,272500.0,273000.0,764466.0
2026-07-22 09:30:00+09:00,273000.0,274500.0,272500.0,273250.0,671032.0
2026-07-22 09:40:00+09:00,273000.0,273500.0,271000.0,272500.0,616626.0
2026-07-22 09:50:00+09:00,272500.0,273500.0,271000.0,272500.0,551719.0
2026-07-22 10:00:00+09:00,272500.0,274500.0,272000.0,273500.0,582876.0
2026-07-22 10:10:00+09:00,273500.0,275000.0,273000.0,274750.0,451075.0
2026-07-22 10:20:00+09:00,274750.0,275500.0,273500.0,274000.0,704883.0
2026-07-22 10:30:00+09:00,274000.0,274500.0,272500.0,273500.0,406129.0
2026-07-22 10:40:00+09:00,273500.0,275000.0,272000.0,275000.0,481925.0
2026-07-22 10:50:00+09:00,275000.0,275500.0,274000.0,274500.0,470445.0
2026-07-22 11:00:00+09:00,274500.0,275000.0,273500.0,274000.0,278934.0
2026-07-22 11:10:00+09:00,273500.0,274500.0,273500.0,273500.0,177030.0
2026-07-22 11:20:00+09:00,274000.0,274500.0,273500.0,274000.0,213737.0
2026-07-22 11:30:00+09:00,274000.0,274000.0,272000.0,272000.0,213970.0
2026-07-22 11:40:00+09:00,272000.0,273000.0,271500.0,272500.0,303282.0
2026-07-22 11:50:00+09:00,272500.0,272500.0,271000.0,271500.0,282010.0
2026-07-22 12:00:00+09:00,271500.0,272000.0,270500.0,271000.0,295678.0
2026-07-22 12:10:00+09:00,270500.0,271000.0,269500.0,270250.0,399265.0
2026-07-22 12:20:00+09:00,270000.0,273000.0,270000.0,273000.0,339110.0
2026-07-22 12:30:00+09:00,273000.0,273000.0,271000.0,271500.0,237320.0
2026-07-22 12:40:00+09:00,271500.0,273000.0,271000.0,273000.0,202558.0
2026-07-22 12:50:00+09:00,272750.0,273000.0,271000.0,272000.0,253762.0
2026-07-22 13:00:00+09:00,272250.0,273000.0,272000.0,273000.0,205755.0
2026-07-22 13:10:00+09:00,273000.0,273000.0,272000.0,272250.0,232416.0
2026-07-22 13:20:00+09:00,272500.0,273500.0,272000.0,272500.0,307259.0
2026-07-22 13:30:00+09:00,272500.0,272500.0,270500.0,271000.0,286514.0
2026-07-22 13:40:00+09:00,270750.0,271500.0,270000.0,270250.0,288583.0
2026-07-22 13:50:00+09:00,270250.0,270500.0,268500.0,270250.0,466353.0
2026-07-22 14:00:00+09:00,270500.0,270500.0,267500.0,268000.0,425281.0
2026-07-22 14:10:00+09:00,268000.0,268500.0,265500.0,266500.0,634063.0
2026-07-22 14:20:00+09:00,266000.0,266500.0,264000.0,264000.0,588209.0
2026-07-22 14:30:00+09:00,264000.0,267000.0,263500.0,264500.0,619685.0
2026-07-22 14:40:00+09:00,264500.0,264500.0,261500.0,263000.0,831844.0
2026-07-22 14:50:00+09:00,262500.0,265500.0,262500.0,264500.0,672769.0
2026-07-23 09:00:00+09:00,269000.0,270500.0,267000.0,270000.0,1594658.0
2026-07-23 09:10:00+09:00,270000.0,273000.0,269500.0,271250.0,972715.0
2026-07-23 09:20:00+09:00,271250.0,272500.0,269000.0,269250.0,678663.0
2026-07-23 09:30:00+09:00,269500.0,270000.0,268000.0,268750.0,501262.0
2026-07-23 09:40:00+09:00,268750.0,271000.0,268500.0,270750.0,533388.0
2026-07-23 09:50:00+09:00,270750.0,270750.0,269000.0,270250.0,262623.0
2026-07-23 10:00:00+09:00,270250.0,271500.0,269500.0,271000.0,383404.0
2026-07-23 10:10:00+09:00,271250.0,272000.0,270000.0,270500.0,302544.0
2026-07-23 10:20:00+09:00,270000.0,270500.0,268500.0,269750.0,366703.0
2026-07-23 10:30:00+09:00,269750.0,271000.0,268500.0,269750.0,507016.0
2026-07-23 10:40:00+09:00,269500.0,270500.0,268000.0,268500.0,278372.0
2026-07-23 10:50:00+09:00,268250.0,269500.0,267000.0,267250.0,401129.0
2026-07-23 11:00:00+09:00,267000.0,269000.0,267000.0,268250.0,222474.0
2026-07-23 11:10:00+09:00,268250.0,268500.0,266000.0,267000.0,316682.0
2026-07-23 11:20:00+09:00,266500.0,267000.0,263000.0,264500.0,501517.0
2026-07-23 11:30:00+09:00,264500.0,266000.0,264000.0,264500.0,231604.0
2026-07-23 11:40:00+09:00,264500.0,267500.0,264500.0,267000.0,202068.0
2026-07-23 11:50:00+09:00,267000.0,268500.0,266250.0,267500.0,168366.0
2026-07-23 12:00:00+09:00,267500.0,268000.0,266000.0,266250.0,257239.0
2026-07-23 12:10:00+09:00,266250.0,267000.0,265500.0,266250.0,126051.0
2026-07-23 12:20:00+09:00,266250.0,268000.0,266000.0,267500.0,210988.0
2026-07-23 12:30:00+09:00,268000.0,269000.0,266500.0,269000.0,214650.0
2026-07-23 12:40:00+09:00,269000.0,269000.0,268000.0,269000.0,189402.0
2026-07-23 12:50:00+09:00,269000.0,269500.0,268500.0,269000.0,194611.0
2026-07-23 13:00:00+09:00,269000.0,269000.0,267000.0,267500.0,189722.0
2026-07-23 13:10:00+09:00,268000.0,269000.0,267000.0,268500.0,229483.0
2026-07-23 13:20:00+09:00,268500.0,270500.0,268000.0,270000.0,395165.0
2026-07-23 13:30:00+09:00,270250.0,270500.0,269500.0,269750.0,250709.0
2026-07-23 13:40:00+09:00,270000.0,270000.0,268500.0,269500.0,291648.0
2026-07-23 13:50:00+09:00,269000.0,269500.0,268000.0,269000.0,278371.0
2026-07-23 14:00:00+09:00,269000.0,269500.0,267500.0,268750.0,326499.0
2026-07-23 14:10:00+09:00,268750.0,269000.0,267000.0,267750.0,330441.0
2026-07-23 14:20:00+09:00,267500.0,270500.0,267500.0,270500.0,414993.0
2026-07-23 14:30:00+09:00,270250.0,271000.0,269000.0,269500.0,373420.0
2026-07-23 14:40:00+09:00,269500.0,270000.0,267500.0,268000.0,409006.0
2026-07-23 14:50:00+09:00,268000.0,268500.0,267500.0,268000.0,374569.0
2026-07-24 09:00:00+09:00,266000.0,266500.0,262500.0,263500.0,1172009.0
2026-07-24 09:10:00+09:00,263000.0,263500.0,260000.0,260000.0,944078.0
2026-07-24 09:20:00+09:00,260500.0,262500.0,258500.0,259000.0,821644.0
2026-07-24 09:30:00+09:00,258500.0,259500.0,257000.0,258500.0,696931.0
2026-07-24 09:40:00+09:00,258000.0,259500.0,257500.0,258000.0,590056.0
2026-07-24 09:50:00+09:00,258000.0,259500.0,257500.0,258500.0,525789.0
2026-07-24 10:00:00+09:00,258500.0,261000.0,258250.0,260500.0,588336.0
2026-07-24 10:10:00+09:00,260500.0,260500.0,258000.0,259750.0,372727.0
2026-07-24 10:20:00+09:00,260000.0,261500.0,258500.0,259500.0,367977.0
2026-07-24 10:30:00+09:00,259500.0,260500.0,258500.0,259000.0,401276.0
2026-07-24 10:40:00+09:00,258500.0,260000.0,258000.0,258250.0,525803.0
2026-07-24 10:50:00+09:00,258250.0,258500.0,256500.0,256500.0,587408.0
2026-07-24 11:00:00+09:00,256500.0,257000.0,255500.0,256000.0,507811.0
2026-07-24 11:10:00+09:00,255750.0,256500.0,254000.0,254500.0,868743.0
2026-07-24 11:20:00+09:00,254750.0,254750.0,253000.0,253750.0,613688.0
2026-07-24 11:30:00+09:00,253750.0,254000.0,251500.0,252000.0,599850.0
2026-07-24 11:40:00+09:00,252000.0,253000.0,248500.0,249500.0,1248549.0
2026-07-24 11:50:00+09:00,249000.0,250500.0,247000.0,247500.0,1298528.0
2026-07-24 12:00:00+09:00,247500.0,249500.0,247000.0,248000.0,847895.0
2026-07-24 12:10:00+09:00,248000.0,249500.0,247500.0,248500.0,523758.0
2026-07-24 12:20:00+09:00,249000.0,251500.0,248000.0,250500.0,653059.0
2026-07-24 12:30:00+09:00,250500.0,251000.0,248500.0,250500.0,396160.0
2026-07-24 12:40:00+09:00,250250.0,250500.0,249000.0,249250.0,430743.0
2026-07-24 12:50:00+09:00,249500.0,249500.0,247500.0,248250.0,487260.0
2026-07-24 13:00:00+09:00,248000.0,250000.0,247000.0,249750.0,634951.0
2026-07-24 13:10:00+09:00,249750.0,250000.0,247500.0,249000.0,393044.0
2026-07-24 13:20:00+09:00,249000.0,251500.0,248000.0,250500.0,451024.0
2026-07-24 13:30:00+09:00,250250.0,250500.0,249000.0,249500.0,399077.0
2026-07-24 13:40:00+09:00,249500.0,249500.0,248000.0,248500.0,419571.0
2026-07-24 13:50:00+09:00,248500.0,251000.0,248000.0,251000.0,368080.0
2026-07-24 14:00:00+09:00,250500.0,252500.0,249000.0,251500.0,605117.0
2026-07-24 14:10:00+09:00,251500.0,253000.0,249500.0,251000.0,633760.0
2026-07-24 14:20:00+09:00,251000.0,253000.0,250500.0,250500.0,458358.0
2026-07-24 14:30:00+09:00,250500.0,253000.0,250500.0,252500.0,473706.0
2026-07-24 14:40:00+09:00,253000.0,253500.0,252000.0,252500.0,506452.0
2026-07-24 14:50:00+09:00,252500.0,252750.0,250500.0,251000.0,484778.0
2026-07-27 09:00:00+09:00,257000.0,258500.0,252000.0,252500.0,689515.0
2026-07-27 09:10:00+09:00,252500.0,254500.0,250500.0,250500.0,810907.0
2026-07-27 09:20:00+09:00,250500.0,256000.0,250500.0,254500.0,720444.0
2026-07-27 09:30:00+09:00,255000.0,255500.0,252500.0,253000.0,385838.0
2026-07-27 09:40:00+09:00,252500.0,253000.0,251500.0,252750.0,425702.0
2026-07-27 09:50:00+09:00,252750.0,255500.0,251500.0,252000.0,574254.0
2026-07-27 10:00:00+09:00,252000.0,253000.0,250500.0,251750.0,387161.0
2026-07-27 10:10:00+09:00,251750.0,252000.0,247000.0,247000.0,839834.0
2026-07-27 10:20:00+09:00,247000.0,248000.0,246000.0,246750.0,680437.0
2026-07-27 10:30:00+09:00,246500.0,250000.0,246000.0,250000.0,941506.0
2026-07-27 10:40:00+09:00,250000.0,251000.0,247500.0,249000.0,558885.0
2026-07-27 10:50:00+09:00,249250.0,250000.0,247500.0,249500.0,435788.0
2026-07-27 11:00:00+09:00,249750.0,250000.0,247000.0,247500.0,496230.0
2026-07-27 11:10:00+09:00,247500.0,248500.0,247000.0,248500.0,518110.0
2026-07-27 11:20:00+09:00,248500.0,249500.0,247000.0,248500.0,528184.0
2026-07-27 11:30:00+09:00,248500.0,249000.0,246500.0,248750.0,547078.0
2026-07-27 11:40:00+09:00,248750.0,249500.0,247500.0,247750.0,353385.0
2026-07-27 11:50:00+09:00,248000.0,248500.0,247000.0,247750.0,214907.0
2026-07-27 12:00:00+09:00,247500.0,249500.0,247500.0,247750.0,405472.0
2026-07-27 12:10:00+09:00,247750.0,251500.0,247500.0,251500.0,582824.0
2026-07-27 12:20:00+09:00,251500.0,252000.0,250500.0,250500.0,376477.0
2026-07-27 12:30:00+09:00,250750.0,250750.0,248500.0,248500.0,297074.0
2026-07-27 12:40:00+09:00,249000.0,250000.0,248500.0,248750.0,285484.0
2026-07-27 12:50:00+09:00,248500.0,249750.0,247500.0,248500.0,405531.0
2026-07-27 13:00:00+09:00,248500.0,249500.0,248250.0,249000.0,359381.0
2026-07-27 13:10:00+09:00,249000.0,251000.0,248500.0,250750.0,365332.0
2026-07-27 13:20:00+09:00,250750.0,252000.0,249000.0,250000.0,445285.0
2026-07-27 13:30:00+09:00,250000.0,250500.0,249000.0,249500.0,277724.0
2026-07-27 13:40:00+09:00,249500.0,251500.0,249500.0,251000.0,342851.0
2026-07-27 13:50:00+09:00,251000.0,252000.0,250500.0,251000.0,419733.0
2026-07-27 14:00:00+09:00,251000.0,252000.0,250500.0,251750.0,398974.0
2026-07-27 14:10:00+09:00,252000.0,253000.0,251500.0,252500.0,588961.0
2026-07-27 14:20:00+09:00,252500.0,253500.0,252000.0,253000.0,618673.0
2026-07-27 14:30:00+09:00,252750.0,254000.0,252000.0,253500.0,799556.0
2026-07-27 14:40:00+09:00,253250.0,254000.0,252000.0,252250.0,505241.0
2026-07-27 14:50:00+09:00,252250.0,253000.0,252000.0,252500.0,439981.0
2026-07-28 09:00:00+09:00,238500.0,240000.0,236000.0,236500.0,2429812.0
2026-07-28 09:10:00+09:00,236500.0,236500.0,232000.0,233000.0,1765349.0
2026-07-28 09:20:00+09:00,233000.0,233500.0,230000.0,232500.0,1219551.0
2026-07-28 09:30:00+09:00,232500.0,233500.0,231000.0,231750.0,750429.0
2026-07-28 09:40:00+09:00,231750.0,233500.0,230500.0,231500.0,810769.0
2026-07-28 09:50:00+09:00,231500.0,231500.0,230000.0,230500.0,1021710.0
2026-07-28 10:00:00+09:00,230750.0,232500.0,230000.0,230000.0,890593.0
2026-07-28 10:10:00+09:00,230000.0,231000.0,230000.0,230000.0,519565.0
2026-07-28 10:40:00+09:00,230500.0,233000.0,229500.0,232500.0,1852790.0
2026-07-28 10:50:00+09:00,232000.0,232500.0,228000.0,228500.0,1328688.0
2026-07-28 11:00:00+09:00,228000.0,229000.0,225000.0,227500.0,1628008.0
2026-07-28 11:10:00+09:00,227500.0,229000.0,226000.0,229000.0,750912.0
2026-07-28 11:20:00+09:00,229000.0,230000.0,227500.0,228000.0,749119.0
2026-07-28 11:30:00+09:00,227500.0,228000.0,225500.0,226500.0,743841.0
2026-07-28 11:40:00+09:00,226250.0,226500.0,223000.0,224250.0,1400191.0
2026-07-28 11:50:00+09:00,224250.0,225000.0,223500.0,224000.0,751422.0
2026-07-28 12:00:00+09:00,223500.0,224000.0,221000.0,221500.0,780195.0
2026-07-28 12:10:00+09:00,221000.0,223500.0,220000.0,223250.0,969361.0
2026-07-28 12:20:00+09:00,223250.0,225500.0,221500.0,221500.0,663469.0
2026-07-28 12:30:00+09:00,221500.0,225000.0,220500.0,224250.0,769144.0
2026-07-28 12:40:00+09:00,224250.0,225500.0,223000.0,224500.0,865616.0
2026-07-28 12:50:00+09:00,224500.0,225500.0,224000.0,224500.0,922025.0
2026-07-28 13:00:00+09:00,225000.0,225000.0,222500.0,222750.0,605494.0
2026-07-28 13:10:00+09:00,222750.0,224000.0,222500.0,223500.0,553793.0
2026-07-28 13:20:00+09:00,223500.0,223500.0,221500.0,222000.0,613881.0
2026-07-28 13:30:00+09:00,222000.0,223500.0,221000.0,223250.0,832088.0
2026-07-28 13:40:00+09:00,223250.0,225000.0,222250.0,224500.0,866528.0
2026-07-28 13:50:00+09:00,224500.0,225000.0,223000.0,224000.0,665567.0
2026-07-28 14:00:00+09:00,224000.0,225000.0,223500.0,225000.0,682988.0
2026-07-28 14:10:00+09:00,225000.0,225500.0,221500.0,221500.0,1031960.0
2026-07-28 14:20:00+09:00,222000.0,222500.0,220500.0,221000.0,792800.0
2026-07-28 14:30:00+09:00,221500.0,221500.0,220000.0,221250.0,959944.0
2026-07-28 14:40:00+09:00,221250.0,223000.0,220500.0,223000.0,836807.0
2026-07-28 14:50:00+09:00,222500.0,223500.0,220500.0,221000.0,891856.0
2026-07-29 09:00:00+09:00,226500.0,231500.0,225000.0,230500.0,3856602.0
2026-07-29 09:10:00+09:00,230500.0,234000.0,229000.0,231500.0,2133270.0
2026-07-29 09:20:00+09:00,231500.0,232000.0,227500.0,229000.0,1691615.0
2026-07-29 09:30:00+09:00,229500.0,229500.0,224500.0,228000.0,1931325.0
2026-07-29 09:40:00+09:00,228500.0,230500.0,226000.0,228250.0,814229.0
2026-07-29 09:50:00+09:00,228250.0,230000.0,227000.0,228000.0,654407.0
2026-07-29 10:00:00+09:00,228000.0,229500.0,226500.0,227000.0,724968.0
2026-07-29 10:10:00+09:00,226500.0,227000.0,219750.0,221500.0,1648469.0
2026-07-29 10:20:00+09:00,221500.0,228000.0,221500.0,225500.0,1176506.0
2026-07-29 10:30:00+09:00,225500.0,226500.0,222000.0,222250.0,857712.0
2026-07-29 10:40:00+09:00,222250.0,222250.0,214000.0,215000.0,1664433.0
2026-07-29 10:50:00+09:00,214500.0,215500.0,209500.0,210750.0,1870555.0
2026-07-29 11:00:00+09:00,210750.0,213500.0,208000.0,211000.0,2020566.0
2026-07-29 11:10:00+09:00,210750.0,213250.0,207000.0,207500.0,1471938.0
2026-07-29 11:20:00+09:00,208500.0,212500.0,208000.0,211500.0,1439212.0
2026-07-29 11:30:00+09:00,212000.0,212000.0,207500.0,208000.0,914186.0
2026-07-29 11:40:00+09:00,208000.0,209000.0,206000.0,206000.0,940698.0
2026-07-29 11:50:00+09:00,206500.0,207500.0,204000.0,204500.0,1142241.0
2026-07-29 12:00:00+09:00,204500.0,209500.0,203000.0,209000.0,1226178.0
2026-07-29 12:10:00+09:00,209000.0,209500.0,203000.0,203250.0,855579.0
2026-07-29 12:20:00+09:00,203250.0,205500.0,202000.0,202500.0,900352.0
2026-07-29 12:30:00+09:00,202500.0,203500.0,202000.0,202500.0,195442.0
2026-07-29 13:00:00+09:00,201500.0,203000.0,197800.0,198700.0,3065956.0
2026-07-29 13:10:00+09:00,198700.0,199700.0,192800.0,194300.0,2418518.0
2026-07-29 13:20:00+09:00,194300.0,195800.0,191500.0,191800.0,2436596.0
2026-07-29 13:30:00+09:00,192000.0,195000.0,189200.0,193300.0,2569946.0
2026-07-29 13:40:00+09:00,193400.0,194700.0,191300.0,194500.0,1640024.0
2026-07-29 13:50:00+09:00,194500.0,201000.0,194400.0,200500.0,2952752.0
2026-07-29 14:00:00+09:00,200500.0,204500.0,199600.0,203000.0,2367884.0
2026-07-29 14:10:00+09:00,203000.0,204500.0,200500.0,201500.0,1495507.0
2026-07-29 14:20:00+09:00,201500.0,206500.0,201000.0,205500.0,1454476.0
2026-07-29 14:30:00+09:00,205500.0,208000.0,203500.0,208000.0,1324100.0
2026-07-29 14:40:00+09:00,208000.0,208500.0,205000.0,207000.0,1398925.0
2026-07-29 14:50:00+09:00,207500.0,208000.0,205000.0,207000.0,1060937.0
2026-07-30 09:00:00+09:00,214000.0,217000.0,206500.0,213000.0,4544898.0
2026-07-30 09:10:00+09:00,213000.0,214500.0,209500.0,210500.0,1542855.0
2026-07-30 09:20:00+09:00,210500.0,212500.0,207000.0,211500.0,1235773.0
2026-07-30 09:30:00+09:00,211500.0,211500.0,204500.0,206500.0,1053607.0
2026-07-30 09:40:00+09:00,206000.0,207750.0,202000.0,206500.0,1515221.0
2026-07-30 09:50:00+09:00,207000.0,210000.0,205000.0,209500.0,989670.0
2026-07-30 10:00:00+09:00,210000.0,215500.0,208000.0,209500.0,2004965.0
2026-07-30 10:10:00+09:00,210000.0,211500.0,206500.0,208500.0,1367655.0
2026-07-30 10:20:00+09:00,209000.0,215000.0,208000.0,214750.0,993806.0
2026-07-30 10:30:00+09:00,215000.0,222500.0,214000.0,222250.0,2565477.0
2026-07-30 10:40:00+09:00,222250.0,226000.0,220000.0,224500.0,1955051.0
2026-07-30 10:50:00+09:00,225000.0,225500.0,221000.0,221000.0,1619020.0
2026-07-30 11:00:00+09:00,221000.0,225000.0,221000.0,224000.0,1122928.0
2026-07-30 11:10:00+09:00,224000.0,224500.0,218500.0,218750.0,1588400.0
2026-07-30 11:20:00+09:00,219000.0,222000.0,218000.0,219500.0,1079695.0
2026-07-30 11:30:00+09:00,219500.0,219500.0,214000.0,215000.0,1040828.0
2026-07-30 11:40:00+09:00,215000.0,218000.0,214000.0,216750.0,873109.0
2026-07-30 11:50:00+09:00,217000.0,217500.0,212000.0,212500.0,619088.0
2026-07-30 12:00:00+09:00,213000.0,214500.0,211000.0,211250.0,673112.0
2026-07-30 12:10:00+09:00,211500.0,212000.0,208500.0,209000.0,871772.0
2026-07-30 12:20:00+09:00,209000.0,212000.0,208500.0,211000.0,837567.0
2026-07-30 12:30:00+09:00,210500.0,212500.0,209500.0,209750.0,569665.0
2026-07-30 12:40:00+09:00,209750.0,214000.0,209500.0,213500.0,618139.0
2026-07-30 12:50:00+09:00,213500.0,213500.0,210000.0,210500.0,623497.0
2026-07-30 13:00:00+09:00,210500.0,211000.0,207000.0,207250.0,774718.0
2026-07-30 13:10:00+09:00,207250.0,209000.0,206000.0,207000.0,715057.0
2026-07-30 13:20:00+09:00,207000.0,211000.0,206500.0,210750.0,752420.0
2026-07-30 13:30:00+09:00,211000.0,211500.0,209000.0,210500.0,685739.0
2026-07-30 13:40:00+09:00,210500.0,210500.0,208000.0,209500.0,461463.0
2026-07-30 13:50:00+09:00,209500.0,209750.0,207000.0,208250.0,553226.0
2026-07-30 14:00:00+09:00,208250.0,209500.0,207000.0,207500.0,691090.0
2026-07-30 14:10:00+09:00,207750.0,210000.0,206000.0,210000.0,685895.0
2026-07-30 14:20:00+09:00,209500.0,210500.0,208000.0,208500.0,722485.0
2026-07-30 14:30:00+09:00,208500.0,209500.0,208000.0,208500.0,614963.0
2026-07-30 14:40:00+09:00,208750.0,213000.0,208500.0,211000.0,962461.0
2026-07-30 14:50:00+09:00,210500.0,211000.0,208000.0,209750.0,797763.0
2026-07-31 09:00:00+09:00,257000.0,260000.0,243000.0,245000.0,8185128.0
2026-07-31 09:10:00+09:00,245500.0,252250.0,245000.0,247000.0,3498901.0
2026-07-31 09:20:00+09:00,246750.0,250000.0,245500.0,249500.0,1588505.0
2026-07-31 09:30:00+09:00,249500.0,253500.0,249000.0,252000.0,2107367.0
2026-07-31 09:40:00+09:00,252000.0,253000.0,248000.0,249500.0,1285025.0
2026-07-31 09:50:00+09:00,249500.0,256000.0,249500.0,255500.0,2194113.0
2026-07-31 10:00:00+09:00,255500.0,261500.0,255000.0,258500.0,3121398.0
2026-07-31 10:10:00+09:00,258000.0,259000.0,256500.0,257500.0,1193719.0
2026-07-31 10:20:00+09:00,258000.0,258000.0,251500.0,252500.0,1258430.0
2026-07-31 10:30:00+09:00,252500.0,254500.0,248500.0,251000.0,1495366.0
2026-07-31 10:40:00+09:00,251000.0,251000.0,245000.0,247500.0,1447742.0
2026-07-31 10:50:00+09:00,247000.0,249500.0,245500.0,247500.0,984589.0
2026-07-31 11:00:00+09:00,247500.0,249500.0,244500.0,247500.0,867229.0
2026-07-31 11:10:00+09:00,248000.0,248000.0,243000.0,243500.0,848136.0
2026-07-31 11:20:00+09:00,244000.0,248500.0,243500.0,248000.0,583151.0
2026-07-31 11:30:00+09:00,247750.0,250000.0,246500.0,248250.0,585466.0
2026-07-31 11:40:00+09:00,248000.0,250000.0,247500.0,248500.0,391636.0
2026-07-31 11:50:00+09:00,249000.0,250500.0,248000.0,250000.0,505130.0
2026-07-31 12:00:00+09:00,250500.0,251000.0,247500.0,250500.0,374202.0
2026-07-31 12:10:00+09:00,251000.0,251000.0,248000.0,250500.0,488638.0
2026-07-31 12:20:00+09:00,250750.0,252000.0,250000.0,250000.0,530176.0
2026-07-31 12:30:00+09:00,250000.0,251000.0,249000.0,249500.0,563733.0
2026-07-31 12:40:00+09:00,250000.0,250500.0,248000.0,248000.0,484659.0
2026-07-31 12:50:00+09:00,248000.0,250500.0,248000.0,250000.0,414119.0
2026-07-31 13:00:00+09:00,250000.0,250500.0,248000.0,249500.0,578068.0
2026-07-31 13:10:00+09:00,249500.0,252000.0,248500.0,252000.0,617161.0
2026-07-31 13:20:00+09:00,252000.0,253500.0,251000.0,252250.0,906186.0
2026-07-31 13:30:00+09:00,252250.0,253500.0,250500.0,253500.0,715727.0
2026-07-31 13:40:00+09:00,253500.0,256500.0,253000.0,255000.0,910744.0
2026-07-31 13:50:00+09:00,254500.0,257500.0,254000.0,256750.0,685725.0
2026-07-31 14:00:00+09:00,256500.0,259500.0,255500.0,259250.0,1110105.0
2026-07-31 14:10:00+09:00,259500.0,260500.0,257000.0,259500.0,1612786.0
2026-07-31 14:20:00+09:00,259000.0,266000.0,259000.0,266000.0,2291629.0
2026-07-31 14:30:00+09:00,266000.0,266500.0,258000.0,262000.0,2141896.0
2026-07-31 14:40:00+09:00,262000.0,264500.0,261500.0,263500.0,1332809.0
2026-07-31 14:50:00+09:00,263500.0,266500.0,262000.0,266250.0,1783481.0
2026-08-03 09:00:00+09:00,248000.0,249500.0,240500.0,243500.0,1380776.0
2026-08-03 09:10:00+09:00,243500.0,246000.0,241500.0,243000.0,1660921.0
2026-08-03 09:20:00+09:00,243500.0,245000.0,239000.0,241500.0,1892049.0
2026-08-03 09:30:00+09:00,241750.0,244000.0,240000.0,242500.0,1010341.0
2026-08-03 09:40:00+09:00,242500.0,244500.0,241000.0,244500.0,795745.0
2026-08-03 09:50:00+09:00,244500.0,246500.0,243000.0,245500.0,970499.0
2026-08-03 10:00:00+09:00,245000.0,247000.0,244000.0,245000.0,912642.0
2026-08-03 10:10:00+09:00,245000.0,245500.0,242000.0,242500.0,586012.0
2026-08-03 10:20:00+09:00,242500.0,244500.0,242000.0,243000.0,413571.0
2026-08-03 10:30:00+09:00,243000.0,243500.0,240000.0,242000.0,706424.0
2026-08-03 10:40:00+09:00,241500.0,243500.0,241500.0,241500.0,378682.0
2026-08-03 10:50:00+09:00,242000.0,244500.0,240500.0,243500.0,381595.0
2026-08-03 11:00:00+09:00,244000.0,245500.0,242000.0,244000.0,432316.0
2026-08-03 11:10:00+09:00,244000.0,246000.0,243500.0,246000.0,365442.0
2026-08-03 11:20:00+09:00,246000.0,246500.0,242500.0,243000.0,437697.0
2026-08-03 11:30:00+09:00,242500.0,244000.0,242000.0,243500.0,270202.0
2026-08-03 11:40:00+09:00,243500.0,244500.0,242000.0,242750.0,279400.0
2026-08-03 11:50:00+09:00,242750.0,243500.0,242000.0,243000.0,254728.0
2026-08-03 12:00:00+09:00,242500.0,243000.0,242000.0,242500.0,227616.0
2026-08-03 12:10:00+09:00,242500.0,242500.0,241500.0,242000.0,305597.0
2026-08-03 12:20:00+09:00,242000.0,242000.0,240500.0,241500.0,391812.0
2026-08-03 12:30:00+09:00,241500.0,242000.0,240500.0,241750.0,264994.0
2026-08-03 12:40:00+09:00,241750.0,242000.0,241000.0,241500.0,274000.0
2026-08-03 12:50:00+09:00,241500.0,242500.0,240500.0,241000.0,506233.0
2026-08-03 13:00:00+09:00,240500.0,241000.0,240000.0,240500.0,550491.0
2026-08-03 13:10:00+09:00,240500.0,241000.0,240000.0,240750.0,352271.0
2026-08-03 13:20:00+09:00,240500.0,242000.0,240500.0,241000.0,435061.0
2026-08-03 13:30:00+09:00,241000.0,241000.0,240000.0,240000.0,403341.0
2026-08-03 13:40:00+09:00,240500.0,241000.0,240000.0,240750.0,262987.0
2026-08-03 13:50:00+09:00,240500.0,241000.0,239000.0,239000.0,832976.0
2026-08-03 14:00:00+09:00,239250.0,241250.0,239000.0,239000.0,430256.0
2026-08-03 14:10:00+09:00,239500.0,240000.0,238500.0,239000.0,481768.0
2026-08-03 14:20:00+09:00,238750.0,241000.0,238500.0,240500.0,403050.0
2026-08-03 14:30:00+09:00,240250.0,241000.0,239500.0,240500.0,323391.0
2026-08-03 14:40:00+09:00,240750.0,241500.0,240000.0,241250.0,471321.0
2026-08-03 14:50:00+09:00,241500.0,241500.0,240000.0,240500.0,378036.0
2026-08-04 09:00:00+09:00,244500.0,244500.0,240500.0,243000.0,2501625.0
2026-08-04 09:10:00+09:00,243000.0,243000.0,236000.0,238500.0,1736960.0
2026-08-04 09:20:00+09:00,238500.0,240500.0,235000.0,235500.0,971988.0
2026-08-04 09:30:00+09:00,235500.0,236000.0,231500.0,232500.0,1461778.0
2026-08-04 09:40:00+09:00,232000.0,233500.0,230500.0,233000.0,1294377.0
2026-08-04 09:50:00+09:00,233250.0,234000.0,228000.0,228500.0,1259973.0
2026-08-04 10:00:00+09:00,228500.0,230000.0,228000.0,228500.0,1074688.0
2026-08-04 10:10:00+09:00,228500.0,232500.0,228500.0,231000.0,760854.0
2026-08-04 10:20:00+09:00,230500.0,234500.0,230000.0,233500.0,593027.0
2026-08-04 10:30:00+09:00,233500.0,236000.0,233000.0,233250.0,678433.0
2026-08-04 10:40:00+09:00,233250.0,239500.0,232500.0,239000.0,831400.0
2026-08-04 10:50:00+09:00,239000.0,240500.0,237500.0,239500.0,961635.0
2026-08-04 11:00:00+09:00,239500.0,240000.0,235000.0,236000.0,797496.0
2026-08-04 11:10:00+09:00,236500.0,237000.0,235000.0,236000.0,330202.0
2026-08-04 11:20:00+09:00,236500.0,237000.0,233500.0,233500.0,378388.0
2026-08-04 11:30:00+09:00,233500.0,236000.0,233500.0,234750.0,383135.0
2026-08-04 11:40:00+09:00,234750.0,235500.0,233500.0,233500.0,324275.0
2026-08-04 11:50:00+09:00,233500.0,234500.0,233000.0,233000.0,314239.0
2026-08-04 12:00:00+09:00,233000.0,234500.0,232000.0,232250.0,525950.0
2026-08-04 12:10:00+09:00,232250.0,233000.0,229000.0,229750.0,798383.0
2026-08-04 12:20:00+09:00,230000.0,232500.0,229500.0,230750.0,370530.0
2026-08-04 12:30:00+09:00,230750.0,232500.0,230500.0,231000.0,291113.0
2026-08-04 12:40:00+09:00,231500.0,231500.0,230000.0,230750.0,319082.0
2026-08-04 12:50:00+09:00,231000.0,232000.0,230500.0,231500.0,368330.0
2026-08-04 13:00:00+09:00,231500.0,231500.0,230000.0,231000.0,306613.0
2026-08-04 13:10:00+09:00,230750.0,232000.0,229000.0,232000.0,438011.0
2026-08-04 13:20:00+09:00,231500.0,232500.0,230000.0,232000.0,337965.0
2026-08-04 13:30:00+09:00,232000.0,233000.0,230500.0,231000.0,291085.0
2026-08-04 13:40:00+09:00,231000.0,231250.0,230000.0,230750.0,434832.0
2026-08-04 13:50:00+09:00,230500.0,232500.0,230000.0,231500.0,411693.0
2026-08-04 14:00:00+09:00,231500.0,233000.0,230000.0,230500.0,502944.0
2026-08-04 14:10:00+09:00,231000.0,231000.0,229000.0,230500.0,637120.0
2026-08-04 14:20:00+09:00,230250.0,233500.0,230000.0,233500.0,552000.0
2026-08-04 14:30:00+09:00,233500.0,237500.0,233000.0,237000.0,830050.0
2026-08-04 14:40:00+09:00,237000.0,238000.0,235500.0,237000.0,823949.0
2026-08-04 14:50:00+09:00,236500.0,239500.0,235500.0,238750.0,939188.0
2026-08-05 09:00:00+09:00,254000.0,254500.0,250000.0,250250.0,2676684.0
2026-08-05 09:10:00+09:00,250250.0,251500.0,249000.0,249750.0,1295376.0
2026-08-05 09:20:00+09:00,249750.0,251500.0,248500.0,251500.0,860889.0
2026-08-05 09:30:00+09:00,251000.0,252000.0,250000.0,251000.0,584986.0
2026-08-05 09:40:00+09:00,251000.0,251000.0,248000.0,248500.0,681043.0
2026-08-05 09:50:00+09:00,248500.0,248500.0,245500.0,248000.0,1299633.0
2026-08-05 10:00:00+09:00,248000.0,248500.0,245000.0,246500.0,713930.0
2026-08-05 10:10:00+09:00,246500.0,248500.0,245000.0,245000.0,614606.0
2026-08-05 10:20:00+09:00,245250.0,246000.0,244000.0,245000.0,728733.0
2026-08-05 10:30:00+09:00,245000.0,247000.0,244500.0,246000.0,512759.0
2026-08-05 10:40:00+09:00,246250.0,248500.0,246000.0,248500.0,451543.0
2026-08-05 10:50:00+09:00,248000.0,249000.0,247500.0,248250.0,436186.0
2026-08-05 11:00:00+09:00,248250.0,249500.0,247500.0,247750.0,394203.0
2026-08-05 11:10:00+09:00,247500.0,248500.0,246000.0,247500.0,366587.0
2026-08-05 11:20:00+09:00,247000.0,247500.0,246000.0,246250.0,256675.0
2026-08-05 11:30:00+09:00,246500.0,247500.0,246000.0,246000.0,301110.0
2026-08-05 11:40:00+09:00,246500.0,247000.0,245000.0,245500.0,368002.0
2026-08-05 11:50:00+09:00,245500.0,247500.0,245500.0,246500.0,288492.0
2026-08-05 12:00:00+09:00,246500.0,248500.0,246500.0,248250.0,309848.0
2026-08-05 12:10:00+09:00,248250.0,249500.0,248000.0,248750.0,386177.0
2026-08-05 12:20:00+09:00,248750.0,249500.0,248000.0,248500.0,339704.0
2026-08-05 12:30:00+09:00,248750.0,249000.0,248500.0,248750.0,154380.0
2026-08-05 12:40:00+09:00,248500.0,250000.0,248500.0,249250.0,457894.0
2026-08-05 12:50:00+09:00,249250.0,250000.0,248500.0,248500.0,250173.0
2026-08-05 13:00:00+09:00,248500.0,249500.0,248500.0,249500.0,234439.0
2026-08-05 13:10:00+09:00,249500.0,249500.0,247000.0,247500.0,402188.0
2026-08-05 13:20:00+09:00,247500.0,248000.0,246500.0,246750.0,380608.0
2026-08-05 13:30:00+09:00,247000.0,248000.0,246500.0,247500.0,280699.0
2026-08-05 13:40:00+09:00,247750.0,250000.0,247000.0,249000.0,580323.0
2026-08-05 13:50:00+09:00,248500.0,249000.0,247500.0,248500.0,486947.0
2026-08-05 14:00:00+09:00,248000.0,249000.0,247500.0,248500.0,486485.0
2026-08-05 14:10:00+09:00,248500.0,250000.0,248000.0,249000.0,591585.0
2026-08-05 14:20:00+09:00,249000.0,249250.0,248500.0,248750.0,302498.0
2026-08-05 14:30:00+09:00,248750.0,249000.0,247500.0,247500.0,478026.0
2026-08-05 14:40:00+09:00,247500.0,248500.0,247000.0,248250.0,460530.0
2026-08-05 14:50:00+09:00,248250.0,249000.0,247500.0,248000.0,470135.0
2026-08-06 09:00:00+09:00,241500.0,246000.0,239500.0,243000.0,1875759.0
2026-08-06 09:10:00+09:00,243000.0,244000.0,240000.0,242000.0,1023055.0
2026-08-06 09:20:00+09:00,242250.0,242250.0,238500.0,238500.0,857867.0
2026-08-06 09:30:00+09:00,238500.0,240500.0,236000.0,237000.0,1079810.0
2026-08-06 09:40:00+09:00,236750.0,238500.0,235500.0,236000.0,795210.0
2026-08-06 09:50:00+09:00,236000.0,236000.0,233000.0,235000.0,1457666.0
2026-08-06 10:00:00+09:00,234750.0,235000.0,233000.0,234000.0,1001555.0
2026-08-06 10:10:00+09:00,234000.0,235000.0,232500.0,233250.0,726241.0
2026-08-06 10:20:00+09:00,233250.0,233250.0,229500.0,230500.0,1663189.0
2026-08-06 10:30:00+09:00,230500.0,233000.0,230000.0,231250.0,723143.0
2026-08-06 10:40:00+09:00,231000.0,232500.0,230500.0,232500.0,554821.0
2026-08-06 10:50:00+09:00,232500.0,232500.0,230500.0,231000.0,528936.0
2026-08-06 11:00:00+09:00,231000.0,232000.0,230000.0,230500.0,602438.0
2026-08-06 11:10:00+09:00,230500.0,232000.0,230000.0,231500.0,367649.0
2026-08-06 11:20:00+09:00,231250.0,233000.0,231000.0,232000.0,320561.0
2026-08-06 11:30:00+09:00,232000.0,233500.0,231000.0,233000.0,330988.0
2026-08-06 11:40:00+09:00,233000.0,234000.0,232000.0,232500.0,249119.0
2026-08-06 11:50:00+09:00,233000.0,233000.0,231500.0,232000.0,218290.0
2026-08-06 12:00:00+09:00,232000.0,233500.0,231000.0,232000.0,260459.0
2026-08-06 12:10:00+09:00,231750.0,233000.0,231500.0,232000.0,151191.0
2026-08-06 12:20:00+09:00,231750.0,232000.0,230500.0,231000.0,356978.0
2026-08-06 12:30:00+09:00,231000.0,232000.0,230500.0,231750.0,305107.0
2026-08-06 12:40:00+09:00,232000.0,232500.0,231000.0,232000.0,197684.0
2026-08-06 12:50:00+09:00,232000.0,232500.0,231000.0,231750.0,344895.0
2026-08-06 13:00:00+09:00,231750.0,232000.0,230500.0,231250.0,318751.0
2026-08-06 13:10:00+09:00,231250.0,231500.0,230000.0,230500.0,374840.0
2026-08-06 13:20:00+09:00,231000.0,232000.0,230500.0,231500.0,301751.0
2026-08-06 13:30:00+09:00,231500.0,232500.0,230500.0,231000.0,529519.0
2026-08-06 13:40:00+09:00,230750.0,231250.0,230000.0,230500.0,487623.0
2026-08-06 13:50:00+09:00,230500.0,232000.0,230000.0,231250.0,534342.0
2026-08-06 14:00:00+09:00,231250.0,232500.0,230500.0,231500.0,436242.0
2026-08-06 14:10:00+09:00,231500.0,232000.0,230500.0,231250.0,477808.0
2026-08-06 14:20:00+09:00,231250.0,232250.0,231000.0,231000.0,407791.0
2026-08-06 14:30:00+09:00,231000.0,232000.0,230000.0,230000.0,612488.0
2026-08-06 14:40:00+09:00,230500.0,231000.0,228500.0,228500.0,1177931.0
2026-08-06 14:50:00+09:00,229000.0,230500.0,228000.0,230250.0,708687.0
2026-08-07 09:00:00+09:00,235000.0,239500.0,233500.0,237000.0,2336345.0
2026-08-07 09:10:00+09:00,237000.0,238000.0,234500.0,235500.0,944459.0
2026-08-07 09:20:00+09:00,236000.0,236000.0,233250.0,235000.0,1061494.0
2026-08-07 09:30:00+09:00,235000.0,235500.0,232500.0,233500.0,774024.0
2026-08-07 09:40:00+09:00,233750.0,235000.0,232000.0,233500.0,503902.0
2026-08-07 09:50:00+09:00,233000.0,236500.0,232500.0,236500.0,601923.0
2026-08-07 10:00:00+09:00,236500.0,237000.0,235000.0,235000.0,432812.0
2026-08-07 10:10:00+09:00,235000.0,235500.0,232500.0,232500.0,392513.0
2026-08-07 10:20:00+09:00,232500.0,234000.0,230500.0,233000.0,710045.0
2026-08-07 10:30:00+09:00,233250.0,234500.0,229500.0,229500.0,701967.0
2026-08-07 10:40:00+09:00,229500.0,232000.0,229000.0,231500.0,614402.0
2026-08-07 10:50:00+09:00,231500.0,232000.0,230000.0,231500.0,412359.0
2026-08-07 11:00:00+09:00,231500.0,233500.0,231000.0,231500.0,399335.0
2026-08-07 11:10:00+09:00,231500.0,234000.0,231000.0,234000.0,331955.0
2026-08-07 11:20:00+09:00,234000.0,234500.0,232500.0,233000.0,391220.0
2026-08-07 11:30:00+09:00,233000.0,233500.0,232000.0,232000.0,202148.0
2026-08-07 11:40:00+09:00,232250.0,233000.0,231000.0,233000.0,273452.0
2026-08-07 11:50:00+09:00,232750.0,233500.0,232000.0,233000.0,284661.0
2026-08-07 12:00:00+09:00,232500.0,234000.0,232000.0,233750.0,245585.0
2026-08-07 12:10:00+09:00,233750.0,234000.0,231000.0,231000.0,219319.0
2026-08-07 12:20:00+09:00,231500.0,232000.0,231000.0,231000.0,180863.0
2026-08-07 12:30:00+09:00,231250.0,233000.0,231000.0,232250.0,311943.0
2026-08-07 12:40:00+09:00,232000.0,232500.0,231000.0,232250.0,225049.0
2026-08-07 12:50:00+09:00,232250.0,233000.0,231000.0,231000.0,337484.0
2026-08-07 13:00:00+09:00,231000.0,232500.0,230500.0,231750.0,395759.0
2026-08-07 13:10:00+09:00,231750.0,233000.0,231000.0,232500.0,517523.0
2026-08-07 13:20:00+09:00,232500.0,234500.0,232500.0,233250.0,629905.0
2026-08-07 13:30:00+09:00,233250.0,234000.0,232500.0,233000.0,445279.0
2026-08-07 13:40:00+09:00,232500.0,233000.0,232000.0,232250.0,252750.0
2026-08-07 13:50:00+09:00,232250.0,233000.0,231000.0,232000.0,354903.0
2026-08-07 14:00:00+09:00,232000.0,234000.0,232000.0,233750.0,380323.0
2026-08-07 14:10:00+09:00,233500.0,234500.0,232500.0,233500.0,427138.0
2026-08-07 14:20:00+09:00,233500.0,234000.0,233000.0,233500.0,261186.0
2026-08-07 14:30:00+09:00,233500.0,233500.0,232500.0,232750.0,223507.0
2026-08-07 14:40:00+09:00,232500.0,233000.0,231000.0,231250.0,460818.0
2026-08-07 14:50:00+09:00,231500.0,232000.0,231000.0,231000.0,485163.0
2026-08-10 09:00:00+09:00,236000.0,238000.0,231000.0,237500.0,417182.0
2026-08-10 09:10:00+09:00,237000.0,238500.0,235000.0,235000.0,656061.0
2026-08-10 09:20:00+09:00,235000.0,236000.0,232250.0,234000.0,834265.0
2026-08-10 09:30:00+09:00,233750.0,235000.0,233000.0,233250.0,500674.0
2026-08-10 09:40:00+09:00,233250.0,234500.0,232500.0,234000.0,308929.0
2026-08-10 09:50:00+09:00,234250.0,235000.0,232000.0,232500.0,442443.0
2026-08-10 10:00:00+09:00,232500.0,233500.0,231500.0,232250.0,512365.0
2026-08-10 10:10:00+09:00,232250.0,234000.0,231500.0,232750.0,463966.0
2026-08-10 10:20:00+09:00,232750.0,233500.0,232000.0,233000.0,227588.0
2026-08-10 10:30:00+09:00,232750.0,233000.0,230500.0,232500.0,580811.0
2026-08-10 10:40:00+09:00,232500.0,233000.0,231000.0,231500.0,201831.0
2026-08-10 10:50:00+09:00,231500.0,233500.0,231500.0,232000.0,266753.0
2026-08-10 11:00:00+09:00,232000.0,232250.0,231000.0,231750.0,264631.0
2026-08-10 11:10:00+09:00,231750.0,233000.0,230500.0,230500.0,385895.0
2026-08-10 11:20:00+09:00,230500.0,231000.0,230000.0,230750.0,331014.0
2026-08-10 11:30:00+09:00,230750.0,230750.0,229000.0,230500.0,488843.0
2026-08-10 11:40:00+09:00,230250.0,231500.0,230000.0,231250.0,303760.0
2026-08-10 11:50:00+09:00,231250.0,232000.0,230500.0,230750.0,238768.0
2026-08-10 12:00:00+09:00,230750.0,231000.0,230000.0,230500.0,209755.0
2026-08-10 12:10:00+09:00,230500.0,231500.0,230000.0,231000.0,241754.0
2026-08-10 12:20:00+09:00,231000.0,231500.0,230500.0,230750.0,164002.0
2026-08-10 12:30:00+09:00,230500.0,232000.0,230000.0,231750.0,233916.0
2026-08-10 12:40:00+09:00,231750.0,232000.0,230500.0,230750.0,227354.0
2026-08-10 12:50:00+09:00,231000.0,232000.0,230500.0,231250.0,227157.0
2026-08-10 13:00:00+09:00,231000.0,232000.0,230500.0,231000.0,298856.0
2026-08-10 13:10:00+09:00,231000.0,231500.0,230500.0,230750.0,159910.0
2026-08-10 13:20:00+09:00,230750.0,231000.0,230500.0,230750.0,125447.0
2026-08-10 13:30:00+09:00,230750.0,231000.0,229000.0,229500.0,521982.0
2026-08-10 13:40:00+09:00,229750.0,230000.0,229000.0,229500.0,432077.0
2026-08-10 13:50:00+09:00,229500.0,230000.0,228500.0,228500.0,372763.0
2026-08-10 14:00:00+09:00,228500.0,231500.0,228500.0,231250.0,516726.0
2026-08-10 14:10:00+09:00,231500.0,232000.0,230500.0,231000.0,419118.0
2026-08-10 14:20:00+09:00,231250.0,232000.0,230500.0,231250.0,262723.0
2026-08-10 14:30:00+09:00,231000.0,231500.0,230000.0,230250.0,294417.0
2026-08-10 14:40:00+09:00,230250.0,231000.0,229500.0,230250.0,336953.0
2026-08-10 14:50:00+09:00,230000.0,231000.0,229500.0,230500.0,344263.0
2026-08-11 09:00:00+09:00,229500.0,232500.0,228000.0,229000.0,1806447.0
2026-08-11 09:10:00+09:00,229000.0,231000.0,227500.0,228250.0,486708.0
2026-08-11 09:20:00+09:00,228250.0,231000.0,227500.0,230500.0,345568.0
2026-08-11 09:30:00+09:00,230500.0,231000.0,228500.0,229000.0,483849.0
2026-08-11 09:40:00+09:00,229000.0,231500.0,229000.0,230500.0,263847.0
2026-08-11 09:50:00+09:00,230500.0,232000.0,230000.0,231000.0,534811.0
2026-08-11 10:00:00+09:00,231000.0,231500.0,229500.0,231000.0,409703.0
2026-08-11 10:10:00+09:00,231000.0,237500.0,231000.0,235500.0,1492486.0
2026-08-11 10:20:00+09:00,236000.0,241000.0,235500.0,237000.0,1928540.0
2026-08-11 10:30:00+09:00,237000.0,238000.0,235000.0,236500.0,568404.0
2026-08-11 10:40:00+09:00,236500.0,239000.0,235500.0,238750.0,854931.0
2026-08-11 10:50:00+09:00,238500.0,240500.0,238500.0,239000.0,1354861.0
2026-08-11 11:00:00+09:00,239000.0,240000.0,237500.0,238000.0,480829.0
2026-08-11 11:10:00+09:00,238000.0,239000.0,237000.0,238000.0,336791.0
2026-08-11 11:20:00+09:00,237750.0,238000.0,236000.0,237250.0,263327.0
2026-08-11 11:30:00+09:00,237000.0,238500.0,237000.0,238000.0,141004.0
2026-08-11 11:40:00+09:00,237500.0,239500.0,237500.0,239500.0,350427.0
2026-08-11 11:50:00+09:00,239000.0,239500.0,238000.0,238750.0,232349.0
2026-08-11 12:00:00+09:00,238500.0,240000.0,238500.0,239500.0,526748.0
2026-08-11 12:10:00+09:00,239500.0,240000.0,238500.0,239500.0,211916.0
2026-08-11 12:20:00+09:00,239250.0,242000.0,239000.0,241750.0,759297.0
2026-08-11 12:30:00+09:00,241750.0,242000.0,240500.0,241500.0,358949.0
2026-08-11 12:40:00+09:00,241750.0,242000.0,240000.0,240000.0,589773.0
2026-08-11 12:50:00+09:00,240000.0,242000.0,240000.0,241000.0,419076.0
2026-08-11 13:00:00+09:00,241250.0,243000.0,241000.0,241500.0,723407.0
2026-08-11 13:10:00+09:00,241500.0,243000.0,241000.0,242000.0,489338.0
2026-08-11 13:20:00+09:00,241500.0,242500.0,241000.0,242000.0,262607.0
2026-08-11 13:30:00+09:00,242500.0,243000.0,241500.0,242500.0,334757.0
2026-08-11 13:40:00+09:00,242250.0,242500.0,241500.0,242250.0,266291.0
2026-08-11 13:50:00+09:00,242250.0,242500.0,241000.0,241000.0,233875.0
2026-08-11 14:00:00+09:00,241000.0,242000.0,240500.0,241500.0,316854.0
2026-08-11 14:10:00+09:00,241000.0,242000.0,240500.0,240500.0,316023.0
2026-08-11 14:20:00+09:00,240500.0,241500.0,238500.0,238750.0,780844.0
2026-08-11 14:30:00+09:00,239000.0,241000.0,238000.0,240500.0,701042.0
2026-08-11 14:40:00+09:00,240500.0,240500.0,239500.0,240250.0,330732.0
2026-08-11 14:50:00+09:00,240000.0,241000.0,239500.0,239750.0,354057.0
2026-08-12 09:00:00+09:00,243500.0,245500.0,241000.0,245000.0,1558063.0
2026-08-12 09:10:00+09:00,244500.0,250500.0,244500.0,250000.0,2102973.0
2026-08-12 09:20:00+09:00,250000.0,250500.0,248500.0,249250.0,1141902.0
2026-08-12 09:30:00+09:00,249500.0,249500.0,247500.0,247750.0,688756.0
2026-08-12 09:40:00+09:00,247750.0,249000.0,247000.0,248000.0,487081.0
2026-08-12 09:50:00+09:00,248000.0,248000.0,246500.0,247500.0,456404.0
2026-08-12 10:00:00+09:00,247000.0,249500.0,247000.0,249250.0,595523.0
2026-08-12 10:10:00+09:00,249250.0,249500.0,248500.0,249250.0,409536.0
2026-08-12 10:20:00+09:00,249000.0,251500.0,248500.0,251000.0,1276653.0
2026-08-12 10:30:00+09:00,251500.0,252000.0,251000.0,252000.0,690841.0
2026-08-12 10:40:00+09:00,252000.0,254500.0,251750.0,254500.0,846532.0
2026-08-12 10:50:00+09:00,254500.0,255500.0,253500.0,254500.0,1189961.0
2026-08-12 11:00:00+09:00,254250.0,255500.0,253250.0,254000.0,553944.0
2026-08-12 11:10:00+09:00,254000.0,255500.0,253500.0,255500.0,538822.0
2026-08-12 11:20:00+09:00,255500.0,255750.0,254500.0,255500.0,316494.0
2026-08-12 11:30:00+09:00,255250.0,257500.0,255000.0,256500.0,770305.0
2026-08-12 11:40:00+09:00,256500.0,257500.0,256500.0,257500.0,394990.0
2026-08-12 11:50:00+09:00,257250.0,258000.0,256500.0,256750.0,414525.0
2026-08-12 12:00:00+09:00,256750.0,258500.0,256500.0,257500.0,547433.0
2026-08-12 12:10:00+09:00,257500.0,260500.0,257000.0,260000.0,1528048.0
2026-08-12 12:20:00+09:00,259500.0,260000.0,258000.0,260000.0,551100.0
2026-08-12 12:30:00+09:00,260000.0,260500.0,257500.0,258000.0,489662.0
2026-08-12 12:40:00+09:00,258250.0,259000.0,257250.0,258500.0,530549.0
2026-08-12 12:50:00+09:00,258500.0,258500.0,256500.0,256750.0,359010.0
2026-08-12 13:00:00+09:00,256500.0,259000.0,256500.0,258500.0,344328.0
2026-08-12 13:10:00+09:00,258500.0,259000.0,257500.0,257750.0,276308.0
2026-08-12 13:20:00+09:00,257500.0,258000.0,257000.0,257000.0,280096.0
2026-08-12 13:30:00+09:00,257000.0,258000.0,256000.0,256500.0,541572.0
2026-08-12 13:40:00+09:00,256500.0,257000.0,255000.0,257000.0,596818.0
2026-08-12 13:50:00+09:00,256750.0,257500.0,256000.0,256250.0,462576.0
2026-08-12 14:00:00+09:00,256500.0,256500.0,254500.0,255000.0,473661.0
2026-08-12 14:10:00+09:00,255000.0,255500.0,254000.0,254500.0,472146.0
2026-08-12 14:20:00+09:00,255000.0,255000.0,253500.0,254750.0,503327.0
2026-08-12 14:30:00+09:00,254750.0,256500.0,254500.0,256000.0,352617.0
2026-08-12 14:40:00+09:00,255750.0,257000.0,255000.0,256250.0,402636.0
2026-08-12 14:50:00+09:00,256250.0,257000.0,255500.0,255750.0,520701.0
2026-08-13 09:00:00+09:00,267500.0,270000.0,265000.0,269500.0,2033527.0
2026-08-13 09:10:00+09:00,269500.0,270000.0,268000.0,269250.0,996482.0
2026-08-13 09:20:00+09:00,269250.0,270000.0,266500.0,266500.0,1184883.0
2026-08-13 09:30:00+09:00,267000.0,268000.0,263750.0,265500.0,1003562.0
2026-08-13 09:40:00+09:00,265500.0,266000.0,262500.0,265250.0,753302.0
2026-08-13 09:50:00+09:00,265250.0,266000.0,264000.0,266000.0,460418.0
2026-08-13 10:00:00+09:00,265500.0,267500.0,265500.0,267500.0,458772.0
2026-08-13 10:10:00+09:00,267500.0,268000.0,266500.0,267500.0,548964.0
2026-08-13 10:20:00+09:00,267500.0,267500.0,265500.0,266000.0,546825.0
2026-08-13 10:30:00+09:00,266000.0,268000.0,265500.0,268000.0,512927.0
2026-08-13 10:40:00+09:00,268000.0,268500.0,267000.0,267500.0,599655.0
2026-08-13 10:50:00+09:00,267500.0,269500.0,267000.0,269250.0,721941.0
2026-08-13 11:00:00+09:00,269000.0,269500.0,268500.0,269000.0,333397.0
2026-08-13 11:10:00+09:00,268500.0,269500.0,268500.0,269500.0,367434.0
2026-08-13 11:20:00+09:00,269500.0,269500.0,268500.0,268750.0,431870.0
2026-08-13 11:30:00+09:00,268750.0,269000.0,267000.0,268250.0,308785.0
2026-08-13 11:40:00+09:00,268250.0,269500.0,268000.0,268750.0,383336.0
2026-08-13 11:50:00+09:00,268750.0,269500.0,267500.0,269000.0,566871.0
2026-08-13 12:00:00+09:00,269000.0,269500.0,267750.0,268250.0,599560.0
2026-08-13 12:10:00+09:00,268500.0,269250.0,268250.0,269000.0,344422.0
2026-08-13 12:20:00+09:00,269000.0,269500.0,268000.0,268250.0,644241.0
2026-08-13 12:30:00+09:00,268250.0,269000.0,267000.0,268000.0,598496.0
2026-08-13 12:40:00+09:00,268000.0,269000.0,267250.0,268750.0,357286.0
2026-08-13 12:50:00+09:00,268750.0,269500.0,268500.0,269000.0,385207.0
2026-08-13 13:00:00+09:00,269250.0,270500.0,269000.0,270250.0,961050.0
2026-08-13 13:10:00+09:00,270250.0,271000.0,268500.0,268750.0,547134.0
2026-08-13 13:20:00+09:00,268500.0,268750.0,266000.0,267500.0,816389.0
2026-08-13 13:30:00+09:00,267750.0,269000.0,267000.0,267000.0,431998.0
2026-08-13 13:40:00+09:00,267000.0,269000.0,267000.0,269000.0,598073.0
2026-08-13 13:50:00+09:00,268750.0,270000.0,268500.0,269000.0,924685.0
2026-08-13 14:00:00+09:00,269000.0,270000.0,268000.0,269750.0,652758.0
2026-08-13 14:10:00+09:00,270000.0,270500.0,268500.0,269000.0,874111.0
2026-08-13 14:20:00+09:00,269000.0,270000.0,267500.0,267500.0,420419.0
2026-08-13 14:30:00+09:00,267500.0,268000.0,265500.0,266000.0,664396.0
2026-08-13 14:40:00+09:00,265750.0,266750.0,265000.0,266000.0,580853.0
2026-08-13 14:50:00+09:00,266000.0,267000.0,264500.0,265000.0,500748.0
2026-08-14 09:00:00+09:00,275000.0,275500.0,271000.0,273000.0,2223373.0
2026-08-14 09:10:00+09:00,273500.0,274000.0,269000.0,269250.0,1305757.0
2026-08-14 09:20:00+09:00,269000.0,272000.0,269000.0,272000.0,675447.0
2026-08-14 09:30:00+09:00,271750.0,273000.0,271000.0,272500.0,524563.0
2026-08-14 09:40:00+09:00,272250.0,272500.0,269500.0,270000.0,476996.0
2026-08-14 09:50:00+09:00,270000.0,270000.0,267500.0,268500.0,756651.0
2026-08-14 10:00:00+09:00,268500.0,269000.0,266500.0,267500.0,598168.0
2026-08-14 10:10:00+09:00,267500.0,268000.0,266000.0,267500.0,635849.0
2026-08-14 10:20:00+09:00,267000.0,269000.0,266000.0,268000.0,633225.0
2026-08-14 10:30:00+09:00,268000.0,268000.0,266000.0,267250.0,446686.0
2026-08-14 10:40:00+09:00,267250.0,269000.0,267000.0,269000.0,358999.0
2026-08-14 10:50:00+09:00,268750.0,269000.0,267500.0,268500.0,328600.0
2026-08-14 11:00:00+09:00,268000.0,270000.0,268000.0,269500.0,397444.0
2026-08-14 11:10:00+09:00,269500.0,270500.0,269000.0,269500.0,342679.0
2026-08-14 11:20:00+09:00,269000.0,270500.0,269000.0,270000.0,186850.0
2026-08-14 11:30:00+09:00,270000.0,271000.0,269500.0,270000.0,226376.0
2026-08-14 11:40:00+09:00,270000.0,270500.0,269000.0,269250.0,270258.0
2026-08-14 11:50:00+09:00,269250.0,269500.0,268000.0,268500.0,184957.0
2026-08-14 12:00:00+09:00,268250.0,268500.0,267500.0,268500.0,157222.0
2026-08-14 12:10:00+09:00,268500.0,270500.0,268000.0,270000.0,546502.0
2026-08-14 12:20:00+09:00,270000.0,270500.0,269500.0,270000.0,252832.0
2026-08-14 12:30:00+09:00,270250.0,270500.0,269000.0,270250.0,445101.0
2026-08-14 12:40:00+09:00,270000.0,270500.0,269500.0,270000.0,360692.0
2026-08-14 12:50:00+09:00,270000.0,270500.0,269000.0,269250.0,175933.0
2026-08-14 13:00:00+09:00,269250.0,270500.0,268000.0,270000.0,582396.0
2026-08-14 13:10:00+09:00,270000.0,271500.0,270000.0,271000.0,487809.0
2026-08-14 13:20:00+09:00,271000.0,272500.0,270000.0,271750.0,575786.0
2026-08-14 13:30:00+09:00,271750.0,272500.0,271000.0,272000.0,408426.0
2026-08-14 13:40:00+09:00,272000.0,272500.0,271500.0,272000.0,378332.0
2026-08-14 13:50:00+09:00,272000.0,272500.0,271500.0,272000.0,528009.0
2026-08-14 14:00:00+09:00,272000.0,272500.0,269000.0,269750.0,475549.0
2026-08-14 14:10:00+09:00,269500.0,272000.0,269000.0,271000.0,545836.0
2026-08-14 14:20:00+09:00,271000.0,272500.0,271000.0,271500.0,420421.0
2026-08-14 14:30:00+09:00,271500.0,273000.0,271000.0,272500.0,614566.0
2026-08-14 14:40:00+09:00,272500.0,272750.0,272000.0,272000.0,245639.0
2026-08-14 14:50:00+09:00,272250.0,273750.0,271500.0,273000.0,850219.0
2026-08-18 09:00:00+09:00,283000.0,284500.0,281500.0,283000.0,426330.0
2026-08-18 09:10:00+09:00,282750.0,286000.0,282500.0,286000.0,1204490.0
2026-08-18 09:20:00+09:00,285750.0,287000.0,285000.0,285500.0,868317.0
2026-08-18 09:30:00+09:00,285250.0,288000.0,285250.0,287750.0,815332.0
2026-08-18 09:40:00+09:00,287500.0,288000.0,284000.0,284250.0,810755.0
2026-08-18 09:50:00+09:00,284250.0,285000.0,282000.0,282500.0,569097.0
2026-08-18 10:00:00+09:00,282500.0,283000.0,281000.0,281250.0,663294.0
2026-08-18 10:10:00+09:00,281500.0,283000.0,281250.0,282500.0,397907.0
2026-08-18 10:20:00+09:00,282250.0,283500.0,282000.0,283000.0,392119.0
2026-08-18 10:30:00+09:00,283000.0,283000.0,281000.0,281750.0,419270.0
2026-08-18 10:40:00+09:00,281750.0,281750.0,278000.0,278500.0,846541.0
2026-08-18 10:50:00+09:00,278250.0,278500.0,276500.0,278500.0,719837.0
2026-08-18 11:00:00+09:00,278500.0,279500.0,277500.0,279000.0,366752.0
2026-08-18 11:10:00+09:00,279250.0,279500.0,275000.0,275500.0,519867.0
2026-08-18 11:20:00+09:00,275500.0,276000.0,273000.0,273000.0,643595.0
2026-08-18 11:30:00+09:00,273250.0,274000.0,271000.0,273000.0,887599.0
2026-08-18 11:40:00+09:00,273000.0,273500.0,268000.0,270750.0,1020085.0
2026-08-18 11:50:00+09:00,270750.0,272000.0,269000.0,271500.0,481028.0
2026-08-18 12:00:00+09:00,271250.0,273000.0,270500.0,271000.0,325189.0
2026-08-18 12:10:00+09:00,270750.0,271000.0,269000.0,269500.0,351196.0
2026-08-18 12:20:00+09:00,269750.0,271500.0,268500.0,271000.0,448248.0
2026-08-18 12:30:00+09:00,270750.0,271000.0,268500.0,271000.0,328383.0
2026-08-18 12:40:00+09:00,270500.0,272000.0,270000.0,271000.0,352985.0
2026-08-18 12:50:00+09:00,271000.0,273000.0,270500.0,271500.0,353171.0
2026-08-18 13:00:00+09:00,272000.0,272500.0,269500.0,272000.0,408567.0
2026-08-18 13:10:00+09:00,272500.0,273000.0,271000.0,271750.0,316733.0
2026-08-18 13:20:00+09:00,271750.0,272500.0,270500.0,272500.0,305704.0
2026-08-18 13:30:00+09:00,272500.0,273500.0,271000.0,271250.0,432233.0
2026-08-18 13:40:00+09:00,271250.0,272000.0,270000.0,270750.0,281292.0
2026-08-18 13:50:00+09:00,270750.0,273500.0,270500.0,272000.0,440238.0
2026-08-18 14:00:00+09:00,272250.0,272500.0,269500.0,271000.0,466092.0
2026-08-18 14:10:00+09:00,270750.0,271000.0,269000.0,269000.0,331835.0
2026-08-18 14:20:00+09:00,269500.0,270000.0,268500.0,268750.0,330878.0
2026-08-18 14:30:00+09:00,268750.0,269000.0,267500.0,268000.0,608047.0
2026-08-18 14:40:00+09:00,267500.0,268500.0,266500.0,267500.0,632007.0
2026-08-18 14:50:00+09:00,267500.0,268500.0,266500.0,266500.0,635820.0
2026-08-19 09:00:00+09:00,251500.0,252500.0,247500.0,249250.0,2499461.0
2026-08-19 09:10:00+09:00,249250.0,250000.0,247500.0,248750.0,1082291.0
2026-08-19 09:20:00+09:00,249000.0,249500.0,247000.0,248250.0,906037.0
2026-08-19 09:30:00+09:00,248500.0,250500.0,248000.0,250500.0,822935.0
2026-08-19 09:40:00+09:00,250500.0,251500.0,249750.0,250750.0,837840.0
2026-08-19 09:50:00+09:00,250750.0,251500.0,249000.0,250000.0,596484.0
2026-08-19 10:00:00+09:00,249500.0,253000.0,249000.0,252750.0,644189.0
2026-08-19 10:10:00+09:00,253000.0,254500.0,252500.0,254000.0,1403750.0
2026-08-19 10:20:00+09:00,253750.0,254500.0,252000.0,253500.0,549986.0
2026-08-19 10:30:00+09:00,253500.0,254000.0,250000.0,252000.0,486132.0
2026-08-19 10:40:00+09:00,252000.0,252250.0,250500.0,251000.0,385621.0
2026-08-19 10:50:00+09:00,251500.0,252000.0,250500.0,251500.0,409275.0
2026-08-19 11:00:00+09:00,251500.0,251500.0,249500.0,249750.0,328203.0
2026-08-19 11:10:00+09:00,249500.0,250500.0,249000.0,250000.0,291355.0
2026-08-19 11:20:00+09:00,250000.0,250500.0,249500.0,249750.0,204180.0
2026-08-19 11:30:00+09:00,249750.0,250000.0,249000.0,249500.0,368924.0
2026-08-19 11:40:00+09:00,249500.0,250000.0,249000.0,250000.0,383053.0
2026-08-19 11:50:00+09:00,250000.0,250000.0,249000.0,249500.0,192757.0
2026-08-19 12:00:00+09:00,249250.0,250000.0,248500.0,249000.0,331330.0
2026-08-19 12:10:00+09:00,249000.0,249500.0,248500.0,249000.0,288802.0
2026-08-19 12:20:00+09:00,249000.0,249000.0,248000.0,248750.0,455257.0
2026-08-19 12:30:00+09:00,248500.0,249500.0,248000.0,248750.0,266608.0
2026-08-19 12:40:00+09:00,248750.0,249000.0,248000.0,248500.0,321026.0
2026-08-19 12:50:00+09:00,248500.0,249000.0,248000.0,248500.0,294489.0
2026-08-19 13:00:00+09:00,248500.0,249000.0,248000.0,248250.0,325498.0
2026-08-19 13:10:00+09:00,248500.0,248500.0,248000.0,248250.0,149804.0
2026-08-19 13:20:00+09:00,248500.0,249500.0,248000.0,249000.0,428417.0
2026-08-19 13:30:00+09:00,249000.0,249500.0,248000.0,248250.0,380017.0
2026-08-19 13:40:00+09:00,248500.0,248750.0,247500.0,248000.0,493764.0
2026-08-19 13:50:00+09:00,248000.0,248000.0,247000.0,247750.0,408252.0
2026-08-19 14:00:00+09:00,247750.0,249500.0,247750.0,249000.0,305090.0
2026-08-19 14:10:00+09:00,249250.0,249500.0,247500.0,247500.0,343237.0
2026-08-19 14:20:00+09:00,247500.0,249500.0,247000.0,249000.0,412743.0
2026-08-19 14:30:00+09:00,249000.0,249000.0,248000.0,248250.0,290761.0
2026-08-19 14:40:00+09:00,248500.0,249000.0,248000.0,248500.0,378958.0
2026-08-19 14:50:00+09:00,248000.0,249000.0,247500.0,248000.0,406889.0
2026-08-20 09:00:00+09:00,257000.0,258500.0,252500.0,255000.0,2234838.0
2026-08-20 09:10:00+09:00,255000.0,260500.0,254500.0,260500.0,953901.0
2026-08-20 09:20:00+09:00,260500.0,262000.0,258500.0,259500.0,855147.0
2026-08-20 09:30:00+09:00,259000.0,262500.0,258500.0,262500.0,659166.0
2026-08-20 09:40:00+09:00,262500.0,264000.0,262000.0,262500.0,814529.0
2026-08-20 09:50:00+09:00,262500.0,265000.0,262000.0,264500.0,698590.0
2026-08-20 10:00:00+09:00,264500.0,266500.0,264000.0,265500.0,869630.0
2026-08-20 10:10:00+09:00,265500.0,266000.0,264000.0,265500.0,902410.0
2026-08-20 10:20:00+09:00,265500.0,266500.0,264500.0,265000.0,505962.0
2026-08-20 10:30:00+09:00,265000.0,268000.0,264500.0,268000.0,613582.0
2026-08-20 10:40:00+09:00,268000.0,269500.0,267500.0,269000.0,695047.0
2026-08-20 10:50:00+09:00,269000.0,271000.0,268000.0,269000.0,1129448.0
2026-08-20 11:00:00+09:00,269250.0,273000.0,268500.0,272250.0,809553.0
2026-08-20 11:10:00+09:00,272500.0,272500.0,269500.0,270500.0,668830.0
2026-08-20 11:20:00+09:00,270000.0,270500.0,267500.0,269500.0,769455.0
2026-08-20 11:30:00+09:00,270000.0,271500.0,268500.0,270000.0,467589.0
2026-08-20 11:40:00+09:00,270000.0,270500.0,268000.0,268500.0,513998.0
2026-08-20 11:50:00+09:00,268500.0,269500.0,267500.0,269500.0,426590.0
2026-08-20 12:00:00+09:00,269000.0,270000.0,268000.0,268750.0,336303.0
2026-08-20 12:10:00+09:00,268750.0,270000.0,267500.0,269500.0,246138.0
2026-08-20 12:20:00+09:00,269500.0,270000.0,268000.0,268500.0,248527.0
2026-08-20 12:30:00+09:00,268500.0,269000.0,267500.0,268750.0,295585.0
2026-08-20 12:40:00+09:00,268500.0,270000.0,268500.0,270000.0,302695.0
2026-08-20 12:50:00+09:00,269750.0,270500.0,269500.0,269750.0,487092.0
2026-08-20 13:00:00+09:00,269750.0,271500.0,269500.0,271500.0,425180.0
2026-08-20 13:10:00+09:00,271500.0,272000.0,271000.0,271500.0,616035.0
2026-08-20 13:20:00+09:00,272000.0,272000.0,270000.0,270500.0,324571.0
2026-08-20 13:30:00+09:00,270500.0,270500.0,269000.0,269500.0,274067.0
2026-08-20 13:40:00+09:00,269000.0,270000.0,269000.0,269500.0,295098.0
2026-08-20 13:50:00+09:00,269500.0,270000.0,268000.0,268500.0,402419.0
2026-08-20 14:00:00+09:00,268250.0,269000.0,266500.0,267500.0,530418.0
2026-08-20 14:10:00+09:00,267250.0,269000.0,266500.0,269000.0,276429.0
2026-08-20 14:20:00+09:00,269000.0,270500.0,268000.0,269500.0,599740.0
2026-08-20 14:30:00+09:00,269500.0,270500.0,269250.0,269500.0,441218.0
2026-08-20 14:40:00+09:00,269500.0,270000.0,268500.0,268500.0,224377.0
2026-08-20 14:50:00+09:00,268500.0,269000.0,266500.0,267000.0,532853.0
2026-08-21 09:00:00+09:00,267000.0,271000.0,266000.0,269500.0,1671705.0
2026-08-21 09:10:00+09:00,269000.0,273000.0,269000.0,269500.0,931508.0
2026-08-21 09:20:00+09:00,269500.0,271500.0,269000.0,270250.0,537110.0
2026-08-21 09:30:00+09:00,270250.0,273500.0,268500.0,273000.0,811735.0
2026-08-21 09:40:00+09:00,273000.0,276000.0,272000.0,275500.0,1264420.0
2026-08-21 09:50:00+09:00,275500.0,276000.0,271500.0,272000.0,1176400.0
2026-08-21 10:00:00+09:00,272000.0,273000.0,270000.0,270750.0,825902.0
2026-08-21 10:10:00+09:00,270750.0,275000.0,270500.0,275000.0,685248.0
2026-08-21 10:20:00+09:00,274500.0,275500.0,273000.0,274500.0,755542.0
2026-08-21 10:30:00+09:00,274000.0,275000.0,273000.0,274500.0,547908.0
2026-08-21 10:40:00+09:00,274750.0,281000.0,274500.0,281000.0,1893507.0
2026-08-21 10:50:00+09:00,280750.0,281500.0,277500.0,279000.0,917161.0
2026-08-21 11:00:00+09:00,279000.0,280000.0,277500.0,280000.0,490046.0
2026-08-21 11:10:00+09:00,280000.0,280500.0,279000.0,279250.0,624584.0
2026-08-21 11:20:00+09:00,279000.0,280000.0,278500.0,280000.0,419989.0
2026-08-21 11:30:00+09:00,280000.0,280500.0,279000.0,279500.0,448856.0
2026-08-21 11:40:00+09:00,280000.0,280500.0,278500.0,280000.0,380573.0
2026-08-21 11:50:00+09:00,280500.0,281000.0,280000.0,280000.0,270147.0
2026-08-21 12:00:00+09:00,280500.0,281000.0,279000.0,279250.0,430267.0
2026-08-21 12:10:00+09:00,279500.0,280000.0,278500.0,278500.0,283821.0
2026-08-21 12:20:00+09:00,279000.0,279500.0,278500.0,279250.0,232009.0
2026-08-21 12:30:00+09:00,279250.0,280000.0,279000.0,279500.0,251402.0
2026-08-21 12:40:00+09:00,279500.0,279500.0,278500.0,278750.0,263637.0
2026-08-21 12:50:00+09:00,278750.0,279000.0,277500.0,278750.0,351437.0
2026-08-21 13:00:00+09:00,278750.0,279500.0,278000.0,279250.0,348241.0
2026-08-21 13:10:00+09:00,279000.0,280000.0,278500.0,278500.0,376272.0
2026-08-21 13:20:00+09:00,278750.0,279000.0,277000.0,277500.0,633195.0
2026-08-21 13:30:00+09:00,277250.0,278500.0,277000.0,277500.0,346327.0
2026-08-21 13:40:00+09:00,277500.0,280000.0,277250.0,279750.0,708019.0
2026-08-21 13:50:00+09:00,279500.0,280500.0,279000.0,279500.0,748439.0
2026-08-21 14:00:00+09:00,279500.0,283500.0,279500.0,283000.0,1281838.0
2026-08-21 14:10:00+09:00,282500.0,285000.0,282000.0,285000.0,994692.0
2026-08-21 14:20:00+09:00,284750.0,285000.0,283500.0,284000.0,754395.0
2026-08-21 14:30:00+09:00,284250.0,284500.0,283500.0,284000.0,658426.0
2026-08-21 14:40:00+09:00,284000.0,284500.0,281000.0,281000.0,640081.0
2026-08-21 14:50:00+09:00,281500.0,282500.0,281000.0,281500.0,519714.0
2026-08-24 09:00:00+09:00,271500.0,272000.0,265500.0,269000.0,730860.0
2026-08-24 09:10:00+09:00,269000.0,269000.0,264500.0,264500.0,1513977.0
2026-08-24 09:20:00+09:00,265000.0,265000.0,261500.0,262000.0,1449010.0
2026-08-24 09:30:00+09:00,262000.0,264000.0,261500.0,263750.0,939178.0
2026-08-24 09:40:00+09:00,263750.0,265000.0,262500.0,264750.0,937224.0
2026-08-24 09:50:00+09:00,264750.0,265500.0,264000.0,264750.0,712583.0
2026-08-24 10:00:00+09:00,264750.0,265000.0,262000.0,262500.0,1047589.0
2026-08-24 10:10:00+09:00,262500.0,265000.0,262000.0,264000.0,640430.0
2026-08-24 10:20:00+09:00,264000.0,264000.0,262500.0,263500.0,429753.0
2026-08-24 10:30:00+09:00,263250.0,263500.0,261500.0,262750.0,824728.0
2026-08-24 10:40:00+09:00,262750.0,263000.0,261500.0,261750.0,737139.0
2026-08-24 10:50:00+09:00,262000.0,263000.0,260000.0,260000.0,1427823.0
2026-08-24 11:00:00+09:00,260000.0,260500.0,259000.0,260000.0,1141169.0
2026-08-24 11:10:00+09:00,260000.0,261000.0,259500.0,260500.0,439402.0
2026-08-24 11:20:00+09:00,260500.0,261500.0,260000.0,261000.0,562210.0
2026-08-24 11:30:00+09:00,261500.0,262000.0,260750.0,261500.0,559851.0
2026-08-24 11:40:00+09:00,261250.0,261500.0,260000.0,260500.0,466828.0
2026-08-24 11:50:00+09:00,260500.0,260500.0,259000.0,260500.0,618304.0
2026-08-24 12:00:00+09:00,260500.0,260500.0,258500.0,259000.0,654488.0
2026-08-24 12:10:00+09:00,259000.0,259500.0,257500.0,258000.0,1023013.0
2026-08-24 12:20:00+09:00,258000.0,258000.0,257000.0,257000.0,441184.0
2026-08-24 12:30:00+09:00,257000.0,257500.0,256500.0,257250.0,740268.0
2026-08-24 12:40:00+09:00,257000.0,257500.0,256000.0,256500.0,546621.0
2026-08-24 12:50:00+09:00,257000.0,257000.0,255000.0,256000.0,827957.0
2026-08-24 13:00:00+09:00,255500.0,256500.0,255000.0,256500.0,686208.0
2026-08-24 13:10:00+09:00,256500.0,257500.0,256000.0,256750.0,623780.0
2026-08-24 13:20:00+09:00,256750.0,257500.0,255500.0,256500.0,711631.0
2026-08-24 13:30:00+09:00,256250.0,257500.0,256000.0,257000.0,586776.0
2026-08-24 13:40:00+09:00,257000.0,258000.0,256500.0,257500.0,612694.0
2026-08-24 13:50:00+09:00,257500.0,258000.0,256500.0,257000.0,516574.0
2026-08-24 14:00:00+09:00,257000.0,259250.0,256500.0,258500.0,679025.0
2026-08-24 14:10:00+09:00,258500.0,259500.0,258000.0,258250.0,535987.0
2026-08-24 14:20:00+09:00,258250.0,258500.0,257000.0,257250.0,432647.0
2026-08-24 14:30:00+09:00,257250.0,257500.0,256000.0,257000.0,519379.0
2026-08-24 14:40:00+09:00,256750.0,257500.0,256000.0,256500.0,531181.0
2026-08-24 14:50:00+09:00,256250.0,257500.0,256000.0,257000.0,745557.0
2026-08-25 09:00:00+09:00,249000.0,251000.0,246000.0,247000.0,2401120.0
2026-08-25 09:10:00+09:00,247000.0,248500.0,245000.0,246000.0,1044803.0
2026-08-25 09:20:00+09:00,246500.0,250000.0,245500.0,249500.0,798885.0
2026-08-25 09:30:00+09:00,249500.0,251000.0,248500.0,249500.0,605521.0
2026-08-25 09:40:00+09:00,249000.0,250000.0,247500.0,248000.0,1019310.0
2026-08-25 09:50:00+09:00,247750.0,251000.0,247500.0,250500.0,717302.0
2026-08-25 10:00:00+09:00,250500.0,250500.0,248000.0,249250.0,533883.0
2026-08-25 10:10:00+09:00,249250.0,249500.0,248000.0,248250.0,477271.0
2026-08-25 10:20:00+09:00,248000.0,249000.0,247500.0,248000.0,498514.0
2026-08-25 10:30:00+09:00,248000.0,252000.0,248000.0,252000.0,528343.0
2026-08-25 10:40:00+09:00,252000.0,254000.0,251500.0,253750.0,666076.0
2026-08-25 10:50:00+09:00,253500.0,253750.0,251000.0,251500.0,527075.0
2026-08-25 11:00:00+09:00,251000.0,252000.0,250000.0,250500.0,374380.0
2026-08-25 11:10:00+09:00,250750.0,252000.0,250500.0,251500.0,249538.0
2026-08-25 11:20:00+09:00,251750.0,252500.0,250500.0,251250.0,358823.0
2026-08-25 11:30:00+09:00,251250.0,252500.0,250000.0,250750.0,314920.0
2026-08-25 11:40:00+09:00,250750.0,251500.0,249500.0,249750.0,325598.0
2026-08-25 11:50:00+09:00,249500.0,250500.0,249000.0,249500.0,352432.0
2026-08-25 12:00:00+09:00,249750.0,251000.0,249500.0,250250.0,218740.0
2026-08-25 12:10:00+09:00,250500.0,251500.0,250000.0,251250.0,248121.0
2026-08-25 12:20:00+09:00,251250.0,253000.0,250500.0,252500.0,358459.0
2026-08-25 12:30:00+09:00,252500.0,254000.0,252000.0,253000.0,358889.0
2026-08-25 12:40:00+09:00,252750.0,253000.0,251500.0,251750.0,256015.0
2026-08-25 12:50:00+09:00,251500.0,252500.0,251000.0,252500.0,245425.0
2026-08-25 13:00:00+09:00,252500.0,255500.0,252000.0,254750.0,720615.0
2026-08-25 13:10:00+09:00,254750.0,255000.0,253000.0,254250.0,355760.0
2026-08-25 13:20:00+09:00,254500.0,255250.0,253750.0,254000.0,386507.0
2026-08-25 13:30:00+09:00,254000.0,255000.0,253500.0,254500.0,494902.0
2026-08-25 13:40:00+09:00,255000.0,256000.0,254000.0,254000.0,621260.0
2026-08-25 13:50:00+09:00,254000.0,254500.0,253500.0,254000.0,318467.0
2026-08-25 14:00:00+09:00,254000.0,256500.0,254000.0,254500.0,525849.0
2026-08-25 14:10:00+09:00,254500.0,256000.0,254500.0,255500.0,336332.0
2026-08-25 14:20:00+09:00,256000.0,257000.0,255500.0,256750.0,440109.0
2026-08-25 14:30:00+09:00,256500.0,258000.0,256500.0,257750.0,633157.0
2026-08-25 14:40:00+09:00,257750.0,257750.0,256000.0,256500.0,438589.0
2026-08-25 14:50:00+09:00,256750.0,257000.0,256000.0,256000.0,269741.0
2026-08-26 09:00:00+09:00,256500.0,261000.0,255500.0,260000.0,1557807.0
2026-08-26 09:10:00+09:00,260000.0,263500.0,259500.0,262250.0,861300.0
2026-08-26 09:20:00+09:00,262250.0,263000.0,258500.0,259250.0,603130.0
2026-08-26 09:30:00+09:00,259250.0,260000.0,257500.0,257500.0,611215.0
2026-08-26 09:40:00+09:00,257500.0,259000.0,257000.0,258000.0,397674.0
2026-08-26 09:50:00+09:00,258000.0,258500.0,255500.0,255750.0,550835.0
2026-08-26 10:00:00+09:00,255750.0,258500.0,255500.0,257500.0,539032.0
2026-08-26 10:10:00+09:00,257500.0,259500.0,257500.0,259000.0,301869.0
2026-08-26 10:20:00+09:00,258750.0,259500.0,256500.0,257250.0,355056.0
2026-08-26 10:30:00+09:00,257500.0,258500.0,256500.0,258500.0,345691.0
2026-08-26 10:40:00+09:00,258000.0,258500.0,256000.0,256500.0,266051.0
2026-08-26 10:50:00+09:00,256500.0,259000.0,256000.0,258500.0,296334.0
2026-08-26 11:00:00+09:00,258500.0,258500.0,257500.0,257750.0,243212.0
2026-08-26 11:10:00+09:00,258000.0,260000.0,258000.0,259500.0,307761.0
2026-08-26 11:20:00+09:00,259500.0,261500.0,259000.0,261500.0,398425.0
2026-08-26 11:30:00+09:00,261250.0,263500.0,261000.0,262750.0,708080.0
2026-08-26 11:40:00+09:00,262750.0,264500.0,262750.0,263000.0,745527.0
2026-08-26 11:50:00+09:00,263000.0,264000.0,263000.0,263500.0,354860.0
2026-08-26 12:00:00+09:00,263500.0,264500.0,262500.0,263750.0,452483.0
2026-08-26 12:10:00+09:00,264000.0,265000.0,263000.0,264500.0,384426.0
2026-08-26 12:20:00+09:00,264500.0,265000.0,263500.0,263500.0,457496.0
2026-08-26 12:30:00+09:00,263500.0,265000.0,263000.0,264500.0,361171.0
2026-08-26 12:40:00+09:00,264500.0,266000.0,263500.0,265000.0,753250.0
2026-08-26 12:50:00+09:00,265000.0,266500.0,265000.0,265500.0,417506.0
2026-08-26 13:00:00+09:00,265500.0,266000.0,264000.0,264500.0,648908.0
2026-08-26 13:10:00+09:00,264500.0,265500.0,264000.0,264500.0,258274.0
2026-08-26 13:20:00+09:00,264500.0,265500.0,264000.0,265000.0,480825.0
2026-08-26 13:30:00+09:00,264500.0,265500.0,263500.0,264000.0,287362.0
2026-08-26 13:40:00+09:00,264000.0,265500.0,263500.0,264500.0,496141.0
2026-08-26 13:50:00+09:00,264500.0,265500.0,263500.0,263750.0,437307.0
2026-08-26 14:00:00+09:00,263500.0,264500.0,263000.0,263750.0,308575.0
2026-08-26 14:10:00+09:00,264000.0,264000.0,261500.0,261500.0,502306.0
2026-08-26 14:20:00+09:00,261500.0,263000.0,260500.0,262000.0,426340.0
2026-08-26 14:30:00+09:00,262500.0,263500.0,262000.0,263000.0,347765.0
2026-08-26 14:40:00+09:00,263500.0,264500.0,263000.0,263000.0,372425.0
2026-08-26 14:50:00+09:00,263000.0,263500.0,262000.0,263000.0,292477.0
2026-08-27 09:00:00+09:00,270000.0,271000.0,268500.0,270500.0,1757025.0
2026-08-27 09:10:00+09:00,270500.0,270750.0,268000.0,268500.0,882404.0
2026-08-27 09:20:00+09:00,268750.0,269500.0,268000.0,268500.0,459875.0
2026-08-27 09:30:00+09:00,268500.0,269000.0,265500.0,266250.0,768879.0
2026-08-27 09:40:00+09:00,266500.0,267000.0,264000.0,265500.0,682720.0
2026-08-27 09:50:00+09:00,265000.0,265500.0,262500.0,263750.0,718683.0
2026-08-27 10:00:00+09:00,263500.0,266000.0,262500.0,265000.0,809287.0
2026-08-27 10:10:00+09:00,265000.0,265500.0,263000.0,265500.0,387665.0
2026-08-27 10:20:00+09:00,265250.0,266500.0,264500.0,266250.0,307588.0
2026-08-27 10:30:00+09:00,266250.0,266500.0,265500.0,266250.0,282743.0
2026-08-27 10:40:00+09:00,266000.0,266500.0,264500.0,265500.0,323738.0
2026-08-27 10:50:00+09:00,265500.0,267500.0,265500.0,266750.0,444675.0
2026-08-27 11:00:00+09:00,266750.0,267500.0,266000.0,267000.0,200783.0
2026-08-27 11:10:00+09:00,267500.0,268000.0,267000.0,267750.0,243307.0
2026-08-27 11:20:00+09:00,267750.0,268000.0,267000.0,267000.0,297131.0
2026-08-27 11:30:00+09:00,267000.0,268500.0,267000.0,268250.0,277010.0
2026-08-27 11:40:00+09:00,268250.0,269000.0,267000.0,268500.0,375337.0
2026-08-27 11:50:00+09:00,268500.0,269500.0,268000.0,268250.0,423027.0
2026-08-27 12:00:00+09:00,268250.0,269000.0,268000.0,268000.0,190287.0
2026-08-27 12:10:00+09:00,268250.0,268250.0,267000.0,268000.0,195882.0
2026-08-27 12:20:00+09:00,268000.0,268500.0,267500.0,267500.0,183102.0
2026-08-27 12:30:00+09:00,267500.0,268500.0,267500.0,267750.0,246548.0
2026-08-27 12:40:00+09:00,268000.0,268000.0,267000.0,267000.0,197228.0
2026-08-27 12:50:00+09:00,267000.0,268000.0,266500.0,267000.0,273251.0
2026-08-27 13:00:00+09:00,267500.0,268000.0,266000.0,266000.0,334652.0
2026-08-27 13:10:00+09:00,266500.0,267000.0,266000.0,266750.0,176156.0
2026-08-27 13:20:00+09:00,266500.0,267000.0,265500.0,265750.0,244121.0
2026-08-27 13:30:00+09:00,265750.0,266500.0,265000.0,265500.0,277267.0
2026-08-27 13:40:00+09:00,265500.0,266000.0,265000.0,266000.0,182608.0
2026-08-27 13:50:00+09:00,265500.0,266000.0,265000.0,265750.0,312817.0
2026-08-27 14:00:00+09:00,265750.0,266500.0,265500.0,265500.0,396202.0
2026-08-27 14:10:00+09:00,265500.0,266000.0,264500.0,264500.0,451629.0
2026-08-27 14:20:00+09:00,264500.0,266000.0,264500.0,265500.0,396385.0
2026-08-27 14:30:00+09:00,265750.0,266000.0,264500.0,265250.0,403897.0
2026-08-27 14:40:00+09:00,265250.0,266000.0,264500.0,265750.0,452655.0
2026-08-27 14:50:00+09:00,265750.0,266500.0,264500.0,264750.0,397717.0
2026-08-28 09:00:00+09:00,262500.0,264000.0,261000.0,261250.0,1132162.0
2026-08-28 09:10:00+09:00,261000.0,262500.0,258500.0,259750.0,956908.0
2026-08-28 09:20:00+09:00,259500.0,263500.0,259500.0,263000.0,459063.0
2026-08-28 09:30:00+09:00,263500.0,264500.0,262500.0,262500.0,467079.0
2026-08-28 09:40:00+09:00,262500.0,266000.0,262500.0,265500.0,616223.0
2026-08-28 09:50:00+09:00,266000.0,266000.0,262000.0,262000.0,518511.0
2026-08-28 10:00:00+09:00,262000.0,263000.0,261500.0,262000.0,416367.0
2026-08-28 10:10:00+09:00,262000.0,262500.0,260500.0,262000.0,281837.0
2026-08-28 10:20:00+09:00,262000.0,262500.0,260000.0,260500.0,305273.0
2026-08-28 10:30:00+09:00,260500.0,262500.0,260000.0,260500.0,412147.0
2026-08-28 10:40:00+09:00,260500.0,260500.0,259500.0,260000.0,264536.0
2026-08-28 10:50:00+09:00,260000.0,261000.0,259500.0,260250.0,226271.0
2026-08-28 11:00:00+09:00,260250.0,261000.0,260000.0,260500.0,233344.0
2026-08-28 11:10:00+09:00,260500.0,261000.0,259500.0,261000.0,332217.0
2026-08-28 11:20:00+09:00,261000.0,261500.0,259500.0,260000.0,197237.0
2026-08-28 11:30:00+09:00,260000.0,260500.0,259500.0,259500.0,205526.0
2026-08-28 11:40:00+09:00,259500.0,260500.0,259500.0,260000.0,143715.0
2026-08-28 11:50:00+09:00,259500.0,260500.0,259500.0,260000.0,139310.0
2026-08-28 12:00:00+09:00,260500.0,260500.0,259500.0,260250.0,175878.0
2026-08-28 12:10:00+09:00,260000.0,260500.0,259500.0,259750.0,115395.0
2026-08-28 12:20:00+09:00,259750.0,260000.0,259500.0,260000.0,196506.0
2026-08-28 12:30:00+09:00,259500.0,260000.0,259000.0,259000.0,350392.0
2026-08-28 12:40:00+09:00,259000.0,259500.0,258000.0,259000.0,348545.0
2026-08-28 12:50:00+09:00,259000.0,260750.0,258500.0,260000.0,308566.0
2026-08-28 13:00:00+09:00,259500.0,260000.0,258000.0,258500.0,246368.0
2026-08-28 13:10:00+09:00,258750.0,260000.0,258500.0,259750.0,331631.0
2026-08-28 13:20:00+09:00,259500.0,260000.0,258500.0,259500.0,230834.0
2026-08-28 13:30:00+09:00,259500.0,259500.0,258000.0,258750.0,299873.0
2026-08-28 13:40:00+09:00,258750.0,259500.0,258500.0,258750.0,249780.0
2026-08-28 13:50:00+09:00,258500.0,259000.0,258000.0,258250.0,325247.0
2026-08-28 14:00:00+09:00,258250.0,258500.0,258000.0,258000.0,233785.0
2026-08-28 14:10:00+09:00,258000.0,258250.0,257000.0,257250.0,446991.0
2026-08-28 14:20:00+09:00,257250.0,259000.0,257000.0,258000.0,385569.0
2026-08-28 14:30:00+09:00,258250.0,258500.0,256500.0,256500.0,297678.0
2026-08-28 14:40:00+09:00,256500.0,257500.0,256500.0,256750.0,279084.0
2026-08-28 14:50:00+09:00,256500.0,257500.0,256500.0,256500.0,338719.0
2026-08-31 09:00:00+09:00,249000.0,250500.0,246000.0,247500.0,561925.0
2026-08-31 09:10:00+09:00,247500.0,250000.0,247000.0,248500.0,567477.0
2026-08-31 09:20:00+09:00,249000.0,251500.0,248500.0,251250.0,419166.0
2026-08-31 09:30:00+09:00,251250.0,253000.0,251000.0,252000.0,526114.0
2026-08-31 09:40:00+09:00,252000.0,253000.0,250500.0,250750.0,341662.0
2026-08-31 09:50:00+09:00,250750.0,253000.0,250000.0,250250.0,381913.0
2026-08-31 10:00:00+09:00,250250.0,251000.0,249000.0,249500.0,537735.0
2026-08-31 10:10:00+09:00,249500.0,251000.0,249000.0,250000.0,409021.0
2026-08-31 10:20:00+09:00,250500.0,252000.0,249000.0,251750.0,388110.0
2026-08-31 10:30:00+09:00,251750.0,252250.0,250000.0,251250.0,330429.0
2026-08-31 10:40:00+09:00,251250.0,252000.0,249500.0,250500.0,356744.0
2026-08-31 10:50:00+09:00,250500.0,251000.0,249500.0,251000.0,297640.0
2026-08-31 11:00:00+09:00,250500.0,252500.0,250000.0,252000.0,271661.0
2026-08-31 11:10:00+09:00,251750.0,252500.0,251000.0,251250.0,173790.0
2026-08-31 11:20:00+09:00,251500.0,252000.0,250500.0,251500.0,217956.0
2026-08-31 11:30:00+09:00,251000.0,251500.0,250500.0,251000.0,177846.0
2026-08-31 11:40:00+09:00,251000.0,252000.0,250500.0,251250.0,217107.0
2026-08-31 11:50:00+09:00,251250.0,252500.0,251000.0,252500.0,177376.0
2026-08-31 12:00:00+09:00,252250.0,254000.0,252250.0,254000.0,260878.0
2026-08-31 12:10:00+09:00,254000.0,255000.0,253000.0,253250.0,328820.0
2026-08-31 12:20:00+09:00,253000.0,254000.0,252500.0,252750.0,217022.0
2026-08-31 12:30:00+09:00,252500.0,253000.0,251500.0,252500.0,223327.0
2026-08-31 12:40:00+09:00,252500.0,253000.0,252000.0,252500.0,169412.0
2026-08-31 12:50:00+09:00,252000.0,253000.0,252000.0,252000.0,107212.0
2026-08-31 13:00:00+09:00,252000.0,252500.0,251000.0,252250.0,238600.0
2026-08-31 13:10:00+09:00,252250.0,253000.0,251000.0,252500.0,176843.0
2026-08-31 13:20:00+09:00,252750.0,253000.0,252000.0,252500.0,191217.0
2026-08-31 13:30:00+09:00,252500.0,254500.0,251500.0,254000.0,301309.0
2026-08-31 13:40:00+09:00,254000.0,254500.0,252500.0,253000.0,255379.0
2026-08-31 13:50:00+09:00,253250.0,256500.0,253000.0,255500.0,366387.0
2026-08-31 14:00:00+09:00,255500.0,257750.0,255500.0,257000.0,404670.0
2026-08-31 14:10:00+09:00,257000.0,258000.0,256000.0,257250.0,355973.0
2026-08-31 14:20:00+09:00,257250.0,259000.0,256500.0,258500.0,459155.0
2026-08-31 14:30:00+09:00,258500.0,258500.0,256500.0,256500.0,264599.0
2026-08-31 14:40:00+09:00,256750.0,258000.0,256000.0,257250.0,395564.0
2026-08-31 14:50:00+09:00,257000.0,257500.0,255500.0,256250.0,331198.0
2026-09-01 09:00:00+09:00,256500.0,257750.0,255000.0,256500.0,1108562.0
2026-09-01 09:10:00+09:00,257000.0,257000.0,254000.0,255750.0,569259.0
2026-09-01 09:20:00+09:00,255500.0,257500.0,255000.0,257000.0,443861.0
2026-09-01 09:30:00+09:00,256500.0,258000.0,256000.0,257000.0,412847.0
2026-09-01 09:40:00+09:00,257000.0,259000.0,256500.0,258500.0,444282.0
2026-09-01 09:50:00+09:00,258500.0,261000.0,257000.0,260250.0,486196.0
2026-09-01 10:00:00+09:00,260250.0,262500.0,259500.0,260500.0,596224.0
2026-09-01 10:10:00+09:00,260250.0,261500.0,259000.0,261000.0,348479.0
2026-09-01 10:20:00+09:00,261000.0,261500.0,258000.0,258500.0,321965.0
2026-09-01 10:30:00+09:00,259000.0,260000.0,257500.0,259000.0,351731.0
2026-09-01 10:40:00+09:00,259250.0,261000.0,259000.0,260250.0,251677.0
2026-09-01 10:50:00+09:00,260250.0,260500.0,258000.0,258250.0,226057.0
2026-09-01 11:00:00+09:00,258250.0,259500.0,258000.0,259000.0,206615.0
2026-09-01 11:10:00+09:00,259000.0,260000.0,258500.0,259750.0,148154.0
2026-09-01 11:20:00+09:00,259750.0,260000.0,258000.0,258250.0,193861.0
2026-09-01 11:30:00+09:00,258250.0,259500.0,258000.0,258500.0,225170.0
2026-09-01 11:40:00+09:00,258500.0,259000.0,258000.0,259000.0,132659.0
2026-09-01 11:50:00+09:00,258750.0,260000.0,258500.0,260000.0,140895.0
2026-09-01 12:00:00+09:00,259500.0,260000.0,259000.0,259500.0,111442.0
2026-09-01 12:10:00+09:00,259250.0,260000.0,259000.0,259250.0,126392.0
2026-09-01 12:20:00+09:00,259250.0,260000.0,258500.0,259000.0,197620.0
2026-09-01 12:30:00+09:00,259250.0,260000.0,259000.0,259500.0,105037.0
2026-09-01 12:40:00+09:00,259750.0,260500.0,259000.0,260250.0,203955.0
2026-09-01 12:50:00+09:00,260250.0,260500.0,259500.0,260000.0,145856.0
2026-09-01 13:00:00+09:00,260250.0,261000.0,259500.0,260750.0,306394.0
2026-09-01 13:10:00+09:00,260750.0,261000.0,260000.0,260250.0,215060.0
2026-09-01 13:20:00+09:00,260500.0,261000.0,260000.0,260250.0,190749.0
2026-09-01 13:30:00+09:00,260250.0,260500.0,260000.0,260500.0,165637.0
2026-09-01 13:40:00+09:00,260250.0,261500.0,259750.0,261000.0,453664.0
2026-09-01 13:50:00+09:00,261250.0,261500.0,259000.0,259500.0,408959.0
2026-09-01 14:00:00+09:00,259500.0,260250.0,259000.0,259500.0,247270.0
2026-09-01 14:10:00+09:00,259750.0,259750.0,258500.0,259000.0,348554.0
2026-09-01 14:20:00+09:00,258750.0,260000.0,258750.0,259750.0,243278.0
2026-09-01 14:30:00+09:00,260000.0,261000.0,259500.0,260500.0,296819.0
2026-09-01 14:40:00+09:00,260500.0,261500.0,260000.0,260500.0,543669.0
2026-09-01 14:50:00+09:00,260500.0,261000.0,260000.0,260500.0,299037.0
2026-09-02 09:00:00+09:00,252000.0,254000.0,251000.0,253500.0,937605.0
2026-09-02 09:10:00+09:00,253250.0,254000.0,252500.0,253000.0,465407.0
2026-09-02 09:20:00+09:00,253000.0,254000.0,252500.0,252500.0,452120.0
2026-09-02 09:30:00+09:00,252750.0,254500.0,252500.0,254250.0,353591.0
2026-09-02 09:40:00+09:00,254250.0,254500.0,253000.0,253500.0,421154.0
2026-09-02 09:50:00+09:00,253000.0,255000.0,252500.0,254000.0,490182.0
2026-09-02 10:00:00+09:00,254000.0,255500.0,253500.0,254750.0,459237.0
2026-09-02 10:10:00+09:00,254750.0,255500.0,254000.0,255000.0,417873.0
2026-09-02 10:20:00+09:00,254500.0,255500.0,253500.0,253500.0,321175.0
2026-09-02 10:30:00+09:00,253500.0,254000.0,252000.0,252500.0,527073.0
2026-09-02 10:40:00+09:00,253000.0,253500.0,252000.0,252250.0,327002.0
2026-09-02 10:50:00+09:00,252250.0,253000.0,252000.0,253000.0,287949.0
2026-09-02 11:00:00+09:00,252750.0,253000.0,252000.0,252500.0,212734.0
2026-09-02 11:10:00+09:00,252250.0,253500.0,252000.0,253250.0,222363.0
2026-09-02 11:20:00+09:00,253250.0,253500.0,252500.0,253000.0,173958.0
2026-09-02 11:30:00+09:00,252500.0,253000.0,252000.0,252250.0,219949.0
2026-09-02 11:40:00+09:00,252500.0,253500.0,252000.0,253500.0,163500.0
2026-09-02 11:50:00+09:00,253500.0,253500.0,251500.0,252500.0,287776.0
2026-09-02 12:00:00+09:00,252000.0,253000.0,251500.0,252500.0,181695.0
2026-09-02 12:10:00+09:00,252500.0,253000.0,252000.0,252500.0,152870.0
2026-09-02 12:20:00+09:00,252500.0,253000.0,252000.0,252500.0,174702.0
2026-09-02 12:30:00+09:00,252000.0,252500.0,251500.0,252000.0,208157.0
2026-09-02 12:40:00+09:00,252000.0,252000.0,251500.0,251500.0,131981.0
2026-09-02 12:50:00+09:00,251750.0,252000.0,250500.0,250500.0,415452.0
2026-09-02 13:00:00+09:00,250500.0,251000.0,250000.0,250500.0,551755.0
2026-09-02 13:10:00+09:00,250500.0,251000.0,250000.0,250500.0,354308.0
2026-09-02 13:20:00+09:00,251000.0,251000.0,250000.0,251000.0,376613.0
2026-09-02 13:30:00+09:00,250500.0,251500.0,250000.0,250250.0,355014.0
2026-09-02 13:40:00+09:00,250250.0,251000.0,250000.0,250250.0,315018.0
2026-09-02 13:50:00+09:00,250250.0,250500.0,250000.0,250000.0,256349.0
2026-09-02 14:00:00+09:00,250000.0,251000.0,249500.0,250500.0,577336.0
2026-09-02 14:10:00+09:00,250250.0,252500.0,250250.0,252250.0,579515.0
2026-09-02 14:20:00+09:00,252000.0,253000.0,251500.0,252500.0,483660.0
2026-09-02 14:30:00+09:00,252500.0,253000.0,251000.0,251500.0,430724.0
2026-09-02 14:40:00+09:00,251500.0,253000.0,251500.0,252250.0,398709.0
2026-09-02 14:50:00+09:00,252250.0,252250.0,250500.0,251000.0,318279.0
2026-09-03 09:00:00+09:00,254000.0,255000.0,253000.0,253500.0,934878.0
2026-09-03 09:10:00+09:00,253500.0,254000.0,252000.0,252750.0,442798.0
2026-09-03 09:20:00+09:00,252750.0,253000.0,251000.0,251500.0,451183.0
2026-09-03 09:30:00+09:00,251750.0,253500.0,251000.0,253000.0,319652.0
2026-09-03 09:40:00+09:00,252750.0,253500.0,251500.0,253000.0,364630.0
2026-09-03 09:50:00+09:00,252500.0,253000.0,251500.0,251750.0,217682.0
2026-09-03 10:00:00+09:00,251750.0,253000.0,251750.0,252500.0,231779.0
2026-09-03 10:10:00+09:00,252500.0,254000.0,252000.0,254000.0,301387.0
2026-09-03 10:20:00+09:00,253500.0,254500.0,252500.0,253250.0,304926.0
2026-09-03 10:30:00+09:00,253500.0,255000.0,253000.0,253500.0,367289.0
2026-09-03 10:40:00+09:00,253250.0,254000.0,253000.0,253250.0,170026.0
2026-09-03 10:50:00+09:00,253250.0,254000.0,252000.0,252250.0,194677.0
2026-09-03 11:00:00+09:00,252250.0,253500.0,252000.0,253250.0,170260.0
2026-09-03 11:10:00+09:00,253250.0,254500.0,253000.0,254000.0,331030.0
2026-09-03 11:20:00+09:00,254000.0,255000.0,253500.0,254000.0,244389.0
2026-09-03 11:30:00+09:00,254000.0,254500.0,253500.0,253500.0,168872.0
2026-09-03 11:40:00+09:00,253500.0,254000.0,252500.0,253500.0,143846.0
2026-09-03 11:50:00+09:00,253000.0,254000.0,252500.0,253500.0,115334.0
2026-09-03 12:00:00+09:00,253750.0,254000.0,253000.0,253000.0,166770.0
2026-09-03 12:10:00+09:00,253250.0,254000.0,253000.0,254000.0,157120.0
2026-09-03 12:20:00+09:00,253500.0,254000.0,253000.0,253750.0,146389.0
2026-09-03 12:30:00+09:00,253750.0,254000.0,253000.0,253500.0,115904.0
2026-09-03 12:40:00+09:00,253000.0,254000.0,253000.0,253500.0,144512.0
2026-09-03 12:50:00+09:00,254000.0,254000.0,253000.0,253500.0,113465.0
2026-09-03 13:00:00+09:00,253500.0,254000.0,253000.0,253750.0,183410.0
2026-09-03 13:10:00+09:00,254000.0,254500.0,253500.0,253750.0,210482.0
2026-09-03 13:20:00+09:00,253750.0,254000.0,252500.0,253000.0,202241.0
2026-09-03 13:30:00+09:00,252500.0,253000.0,252500.0,252750.0,79661.0
2026-09-03 13:40:00+09:00,252500.0,253000.0,251500.0,252500.0,337789.0
2026-09-03 13:50:00+09:00,252500.0,253000.0,251500.0,252000.0,196480.0
2026-09-03 14:00:00+09:00,252000.0,252250.0,250500.0,250750.0,349000.0
2026-09-03 14:10:00+09:00,250500.0,251000.0,245500.0,246000.0,1283622.0
2026-09-03 14:20:00+09:00,245750.0,247000.0,243000.0,245500.0,1248522.0
2026-09-03 14:30:00+09:00,245500.0,249000.0,245000.0,248000.0,740748.0
2026-09-03 14:40:00+09:00,248000.0,250000.0,247000.0,249750.0,437323.0
2026-09-03 14:50:00+09:00,250000.0,251500.0,249000.0,250500.0,432367.0
2026-09-04 09:00:00+09:00,254000.0,255500.0,253500.0,255000.0,1202650.0
2026-09-04 09:10:00+09:00,255000.0,255250.0,253000.0,254250.0,519938.0
2026-09-04 09:20:00+09:00,254250.0,255000.0,253500.0,254500.0,382396.0
2026-09-04 09:30:00+09:00,254750.0,255000.0,254000.0,254750.0,240786.0
2026-09-04 09:40:00+09:00,254500.0,255000.0,254500.0,254750.0,157355.0
2026-09-04 09:50:00+09:00,255000.0,256000.0,253500.0,254000.0,616507.0
2026-09-04 10:00:00+09:00,253750.0,254500.0,253500.0,253750.0,260244.0
2026-09-04 10:10:00+09:00,253750.0,254500.0,253500.0,254250.0,152211.0
2026-09-04 10:20:00+09:00,254250.0,255000.0,254000.0,254500.0,173006.0
2026-09-04 10:30:00+09:00,254500.0,254500.0,254000.0,254500.0,97515.0
2026-09-04 10:40:00+09:00,254500.0,255000.0,253500.0,253750.0,307264.0
2026-09-04 10:50:00+09:00,253750.0,254000.0,252500.0,254000.0,340936.0
2026-09-04 11:00:00+09:00,253750.0,254500.0,253750.0,254250.0,121781.0
2026-09-04 11:10:00+09:00,254250.0,255500.0,254250.0,254750.0,359817.0
2026-09-04 11:20:00+09:00,254750.0,255000.0,254500.0,254750.0,56939.0
2026-09-04 11:30:00+09:00,254750.0,255000.0,253000.0,253500.0,351735.0
2026-09-04 11:40:00+09:00,253500.0,254000.0,253500.0,253750.0,83339.0
2026-09-04 11:50:00+09:00,253750.0,255000.0,253750.0,254500.0,292994.0
2026-09-04 12:00:00+09:00,254750.0,255000.0,254500.0,254500.0,99064.0
2026-09-04 12:10:00+09:00,255000.0,255500.0,254500.0,255250.0,226391.0
2026-09-04 12:20:00+09:00,255250.0,255500.0,254500.0,254750.0,206098.0
2026-09-04 12:30:00+09:00,254750.0,255000.0,254500.0,254750.0,126439.0
2026-09-04 12:40:00+09:00,255000.0,255500.0,254500.0,254750.0,228165.0
2026-09-04 12:50:00+09:00,254750.0,255500.0,254750.0,255000.0,187102.0
2026-09-04 13:00:00+09:00,255000.0,256000.0,255000.0,255750.0,284442.0
2026-09-04 13:10:00+09:00,255750.0,257000.0,255500.0,256000.0,465970.0
2026-09-04 13:20:00+09:00,256000.0,257000.0,256000.0,256750.0,254408.0
2026-09-04 13:30:00+09:00,256500.0,257500.0,256000.0,256250.0,582852.0
2026-09-04 13:40:00+09:00,256250.0,257000.0,256000.0,256500.0,282578.0
2026-09-04 13:50:00+09:00,256500.0,257000.0,256000.0,256750.0,275641.0
2026-09-04 14:00:00+09:00,256750.0,257500.0,256500.0,257500.0,404214.0
2026-09-04 14:10:00+09:00,257000.0,259000.0,257000.0,258500.0,633114.0
2026-09-04 14:20:00+09:00,258500.0,259000.0,257500.0,257750.0,512781.0
2026-09-04 14:30:00+09:00,257750.0,258500.0,257500.0,257750.0,395150.0
2026-09-04 14:40:00+09:00,257500.0,257750.0,256500.0,256500.0,512891.0
2026-09-04 14:50:00+09:00,256750.0,257000.0,256000.0,256500.0,315943.0
2026-09-07 09:00:00+09:00,267000.0,267500.0,265500.0,267000.0,315267.0
2026-09-07 09:10:00+09:00,267000.0,268000.0,265500.0,266000.0,903446.0
2026-09-07 09:20:00+09:00,266250.0,267000.0,265500.0,265750.0,627139.0
2026-09-07 09:30:00+09:00,266000.0,266500.0,264500.0,265000.0,418767.0
2026-09-07 09:40:00+09:00,265000.0,266000.0,264500.0,264750.0,444550.0
2026-09-07 09:50:00+09:00,264750.0,265500.0,264000.0,264750.0,324554.0
2026-09-07 10:00:00+09:00,264750.0,265000.0,264000.0,265000.0,254161.0
2026-09-07 10:10:00+09:00,265000.0,265500.0,264500.0,265000.0,228384.0
2026-09-07 10:20:00+09:00,265000.0,266000.0,264500.0,265750.0,277856.0
2026-09-07 10:30:00+09:00,265500.0,265750.0,264500.0,265500.0,288059.0
2026-09-07 10:40:00+09:00,265000.0,265500.0,265000.0,265250.0,71140.0
2026-09-07 10:50:00+09:00,265250.0,266000.0,265000.0,265500.0,372855.0
2026-09-07 11:00:00+09:00,266000.0,266000.0,265000.0,265500.0,214494.0
2026-09-07 11:10:00+09:00,265500.0,266000.0,265000.0,265500.0,230325.0
2026-09-07 11:20:00+09:00,265750.0,266000.0,265000.0,265750.0,263709.0
2026-09-07 11:30:00+09:00,265750.0,266000.0,265500.0,265750.0,128512.0
2026-09-07 11:40:00+09:00,265750.0,266500.0,265500.0,266000.0,277572.0
2026-09-07 11:50:00+09:00,266250.0,266500.0,265500.0,266000.0,297748.0
2026-09-07 12:00:00+09:00,266250.0,266500.0,265500.0,266000.0,117634.0
2026-09-07 12:10:00+09:00,265750.0,266500.0,265500.0,266250.0,289278.0
2026-09-07 12:20:00+09:00,266250.0,267000.0,266250.0,266750.0,277836.0
2026-09-07 12:30:00+09:00,267000.0,267000.0,266500.0,266500.0,218541.0
2026-09-07 12:40:00+09:00,266500.0,267000.0,266500.0,266500.0,204155.0
2026-09-07 12:50:00+09:00,266500.0,267500.0,266500.0,267000.0,393992.0
2026-09-07 13:00:00+09:00,267000.0,267500.0,267000.0,267250.0,159685.0
2026-09-07 13:10:00+09:00,267500.0,268500.0,267250.0,268000.0,1026451.0
2026-09-07 13:20:00+09:00,268000.0,268500.0,267500.0,268500.0,398287.0
2026-09-07 13:30:00+09:00,268500.0,269000.0,268000.0,268000.0,615388.0
2026-09-07 13:40:00+09:00,268000.0,268500.0,267500.0,268250.0,354482.0
2026-09-07 13:50:00+09:00,268250.0,269000.0,268000.0,268500.0,546644.0
2026-09-07 14:00:00+09:00,268500.0,269000.0,268000.0,268000.0,421187.0
2026-09-07 14:10:00+09:00,268000.0,268500.0,267500.0,268250.0,518084.0
2026-09-07 14:20:00+09:00,268250.0,269500.0,268250.0,269000.0,787517.0
2026-09-07 14:30:00+09:00,269250.0,269500.0,268500.0,268500.0,578244.0
2026-09-07 14:40:00+09:00,269000.0,269500.0,268500.0,269000.0,443499.0
2026-09-07 14:50:00+09:00,268500.0,269000.0,268000.0,268750.0,370938.0
2026-09-08 09:00:00+09:00,272000.0,272500.0,269000.0,269500.0,938354.0
2026-09-08 09:10:00+09:00,269500.0,274000.0,269500.0,273750.0,842967.0
2026-09-08 09:20:00+09:00,273750.0,274000.0,272000.0,274000.0,652884.0
2026-09-08 09:30:00+09:00,273750.0,274000.0,271500.0,272000.0,514851.0
2026-09-08 09:40:00+09:00,271500.0,275000.0,271500.0,274500.0,832717.0
2026-09-08 09:50:00+09:00,274500.0,275000.0,274000.0,274750.0,493386.0
2026-09-08 10:00:00+09:00,274750.0,275000.0,273000.0,274000.0,461387.0
2026-09-08 10:10:00+09:00,274000.0,274500.0,273000.0,273750.0,311559.0
2026-09-08 10:20:00+09:00,273750.0,274500.0,273000.0,274500.0,358095.0
2026-09-08 10:30:00+09:00,274500.0,276000.0,274000.0,275500.0,757344.0
2026-09-08 10:40:00+09:00,275750.0,277000.0,275000.0,276750.0,632985.0
2026-09-08 10:50:00+09:00,276500.0,277500.0,276000.0,276750.0,629232.0
2026-09-08 11:00:00+09:00,276750.0,277000.0,276000.0,276250.0,658041.0
2026-09-08 11:10:00+09:00,276000.0,277500.0,276000.0,276500.0,495594.0
2026-09-08 11:20:00+09:00,276500.0,277000.0,276000.0,276500.0,227047.0
2026-09-08 11:30:00+09:00,276750.0,278000.0,276500.0,277000.0,541643.0
2026-09-08 11:40:00+09:00,277500.0,277500.0,276000.0,276500.0,667309.0
2026-09-08 11:50:00+09:00,276500.0,277000.0,276000.0,276500.0,271845.0
2026-09-08 12:00:00+09:00,276250.0,277500.0,276000.0,277000.0,283181.0
2026-09-08 12:10:00+09:00,277000.0,278000.0,277000.0,277500.0,564453.0
2026-09-08 12:20:00+09:00,277500.0,278500.0,277000.0,278000.0,762247.0
2026-09-08 12:30:00+09:00,278000.0,279000.0,277500.0,278500.0,377741.0
2026-09-08 12:40:00+09:00,278250.0,278500.0,278000.0,278500.0,144086.0
2026-09-08 12:50:00+09:00,278000.0,279000.0,278000.0,278500.0,426279.0
2026-09-08 13:00:00+09:00,278500.0,279000.0,278000.0,278500.0,457039.0
2026-09-08 13:10:00+09:00,278500.0,279000.0,278000.0,278250.0,280067.0
2026-09-08 13:20:00+09:00,278500.0,279000.0,278000.0,278750.0,345764.0
2026-09-08 13:30:00+09:00,278750.0,278750.0,276500.0,277750.0,575459.0
2026-09-08 13:40:00+09:00,277750.0,278000.0,277000.0,278000.0,316015.0
2026-09-08 13:50:00+09:00,278000.0,278000.0,275500.0,276000.0,682622.0
2026-09-08 14:00:00+09:00,275750.0,276000.0,273500.0,274000.0,767380.0
2026-09-08 14:10:00+09:00,273750.0,276000.0,273500.0,275250.0,651117.0
2026-09-08 14:20:00+09:00,275500.0,276500.0,274250.0,274500.0,525598.0
2026-09-08 14:30:00+09:00,274500.0,275000.0,272500.0,274000.0,643847.0
2026-09-08 14:40:00+09:00,274000.0,274500.0,272500.0,274000.0,470919.0
2026-09-08 14:50:00+09:00,273500.0,274000.0,271000.0,272000.0,847911.0
2026-09-09 09:00:00+09:00,269500.0,270500.0,268500.0,269750.0,1466929.0
2026-09-09 09:10:00+09:00,269750.0,272000.0,269000.0,272000.0,645097.0
2026-09-09 09:20:00+09:00,271500.0,272000.0,269500.0,269500.0,532328.0
2026-09-09 09:30:00+09:00,269750.0,271000.0,269000.0,270500.0,506826.0
2026-09-09 09:40:00+09:00,270750.0,271500.0,269500.0,271000.0,391558.0
2026-09-09 09:50:00+09:00,271000.0,273000.0,270500.0,272250.0,467483.0
2026-09-09 10:00:00+09:00,272500.0,273000.0,271500.0,272750.0,366846.0
2026-09-09 10:10:00+09:00,273000.0,273500.0,272000.0,272500.0,408948.0
2026-09-09 10:20:00+09:00,272500.0,273500.0,272000.0,273250.0,349301.0
2026-09-09 10:30:00+09:00,273250.0,274000.0,272500.0,273250.0,392579.0
2026-09-09 10:40:00+09:00,273000.0,273500.0,272000.0,273000.0,290722.0
2026-09-09 10:50:00+09:00,272750.0,273000.0,271500.0,272750.0,286591.0
2026-09-09 11:00:00+09:00,273000.0,274000.0,272500.0,273500.0,456855.0
2026-09-09 11:10:00+09:00,273750.0,274500.0,273000.0,274000.0,473294.0
2026-09-09 11:20:00+09:00,273500.0,274000.0,273000.0,273000.0,265468.0
2026-09-09 11:30:00+09:00,273000.0,274500.0,273000.0,274500.0,513510.0
2026-09-09 11:40:00+09:00,274000.0,275000.0,274000.0,274500.0,350219.0
2026-09-09 11:50:00+09:00,274500.0,274500.0,273500.0,274000.0,187495.0
2026-09-09 12:00:00+09:00,274000.0,274500.0,272000.0,272000.0,283804.0
2026-09-09 12:10:00+09:00,272000.0,273000.0,271500.0,272250.0,363383.0
2026-09-09 12:20:00+09:00,272000.0,272500.0,271000.0,271750.0,273070.0
2026-09-09 12:30:00+09:00,271500.0,272000.0,271500.0,271750.0,105388.0
2026-09-09 12:40:00+09:00,271750.0,272500.0,270000.0,270750.0,428959.0
2026-09-09 12:50:00+09:00,270500.0,270750.0,269500.0,270250.0,263656.0
2026-09-09 13:00:00+09:00,270000.0,271000.0,269500.0,270500.0,303880.0
2026-09-09 13:10:00+09:00,270500.0,270500.0,268500.0,268750.0,393337.0
2026-09-09 13:20:00+09:00,268750.0,271000.0,268500.0,270500.0,288168.0
2026-09-09 13:30:00+09:00,270500.0,271250.0,269500.0,270500.0,318518.0
2026-09-09 13:40:00+09:00,270750.0,271000.0,270500.0,270750.0,132300.0
2026-09-09 13:50:00+09:00,270750.0,271500.0,270500.0,271000.0,236395.0
2026-09-09 14:00:00+09:00,271000.0,271000.0,270000.0,270000.0,330987.0
2026-09-09 14:10:00+09:00,270500.0,271000.0,268500.0,268750.0,502463.0
2026-09-09 14:20:00+09:00,268500.0,269000.0,267500.0,268750.0,619957.0
2026-09-09 14:30:00+09:00,268500.0,269000.0,268000.0,268750.0,276573.0
2026-09-09 14:40:00+09:00,268750.0,270000.0,268500.0,269750.0,391213.0
2026-09-09 14:50:00+09:00,269500.0,271000.0,269500.0,270250.0,402398.0
2026-09-10 09:00:00+09:00,269000.0,270500.0,268000.0,268500.0,889101.0
2026-09-10 09:10:00+09:00,269000.0,269000.0,266500.0,266750.0,549813.0
2026-09-10 09:20:00+09:00,266750.0,268000.0,266500.0,267500.0,495414.0
2026-09-10 09:30:00+09:00,267500.0,267500.0,266000.0,266250.0,293692.0
2026-09-10 09:40:00+09:00,266250.0,266500.0,265000.0,266250.0,434434.0
2026-09-10 09:50:00+09:00,266250.0,267000.0,264500.0,264750.0,473760.0
2026-09-10 10:00:00+09:00,264750.0,266000.0,264000.0,264250.0,518598.0
2026-09-10 10:10:00+09:00,264250.0,264500.0,263500.0,264500.0,539465.0
2026-09-10 10:20:00+09:00,264250.0,265000.0,263500.0,263750.0,225682.0
2026-09-10 10:30:00+09:00,263750.0,264500.0,263500.0,264000.0,391993.0
2026-09-10 10:40:00+09:00,264500.0,265500.0,264000.0,265250.0,322866.0
2026-09-10 10:50:00+09:00,265250.0,266000.0,264000.0,266000.0,364374.0
2026-09-10 11:00:00+09:00,265500.0,266000.0,264500.0,265000.0,218902.0
2026-09-10 11:10:00+09:00,265000.0,266500.0,264500.0,266000.0,295455.0
2026-09-10 11:20:00+09:00,266000.0,266500.0,265500.0,265750.0,217033.0
2026-09-10 11:30:00+09:00,265500.0,267500.0,265000.0,267000.0,259417.0
2026-09-10 11:40:00+09:00,266750.0,267500.0,266000.0,266250.0,273834.0
2026-09-10 11:50:00+09:00,266250.0,267000.0,265500.0,266250.0,268793.0
2026-09-10 12:00:00+09:00,266250.0,267500.0,266000.0,267500.0,194862.0
2026-09-10 12:10:00+09:00,267250.0,268000.0,266500.0,266750.0,230858.0
2026-09-10 12:20:00+09:00,267000.0,267500.0,266500.0,267250.0,240046.0
2026-09-10 12:30:00+09:00,267250.0,267500.0,266500.0,267500.0,200663.0
2026-09-10 12:40:00+09:00,267500.0,268000.0,267000.0,267750.0,157613.0
2026-09-10 12:50:00+09:00,267750.0,268000.0,267000.0,267250.0,216635.0
2026-09-10 13:00:00+09:00,267000.0,268000.0,267000.0,267250.0,196383.0
2026-09-10 13:10:00+09:00,267250.0,267500.0,267000.0,267250.0,102543.0
2026-09-10 13:20:00+09:00,267500.0,268500.0,267000.0,268000.0,236519.0
2026-09-10 13:30:00+09:00,268000.0,269500.0,268000.0,269500.0,351960.0
2026-09-10 13:40:00+09:00,269500.0,269500.0,268000.0,269000.0,367901.0
2026-09-10 13:50:00+09:00,268500.0,269500.0,268500.0,269250.0,342321.0
2026-09-10 14:00:00+09:00,269500.0,269500.0,268500.0,269000.0,359524.0
2026-09-10 14:10:00+09:00,269000.0,269500.0,268500.0,269000.0,245377.0
2026-09-10 14:20:00+09:00,269000.0,270000.0,269000.0,269250.0,325501.0
2026-09-10 14:30:00+09:00,269500.0,270500.0,269000.0,269750.0,382750.0
2026-09-10 14:40:00+09:00,269500.0,270000.0,269500.0,269500.0,184243.0
2026-09-10 14:50:00+09:00,269500.0,269750.0,268500.0,269000.0,421407.0
2026-09-11 09:00:00+09:00,258000.0,260000.0,257500.0,259250.0,1261412.0
2026-09-11 09:10:00+09:00,259000.0,259500.0,258000.0,258500.0,468913.0
2026-09-11 09:20:00+09:00,258500.0,261000.0,258250.0,260750.0,353062.0
2026-09-11 09:30:00+09:00,260750.0,261000.0,259000.0,259500.0,407262.0
2026-09-11 09:40:00+09:00,259500.0,260000.0,258000.0,258750.0,491891.0
2026-09-11 09:50:00+09:00,258750.0,260000.0,258500.0,260000.0,267071.0
2026-09-11 10:00:00+09:00,260000.0,260000.0,259000.0,259500.0,185050.0
2026-09-11 10:10:00+09:00,259500.0,259500.0,258000.0,258500.0,427144.0
2026-09-11 10:20:00+09:00,258500.0,258500.0,257500.0,257500.0,604277.0
2026-09-11 10:30:00+09:00,257500.0,259000.0,257500.0,258250.0,354915.0
2026-09-11 10:40:00+09:00,258250.0,258500.0,257500.0,258000.0,371078.0
2026-09-11 10:50:00+09:00,258250.0,258500.0,257500.0,258000.0,307198.0
2026-09-11 11:00:00+09:00,258000.0,258500.0,257500.0,258250.0,313913.0
2026-09-11 11:10:00+09:00,258250.0,259000.0,258000.0,258500.0,263790.0
2026-09-11 11:20:00+09:00,258500.0,258500.0,257500.0,257500.0,456690.0
2026-09-11 11:30:00+09:00,257500.0,258000.0,257000.0,257750.0,348834.0
2026-09-11 11:40:00+09:00,257750.0,258000.0,257000.0,257500.0,251068.0
2026-09-11 11:50:00+09:00,257750.0,258000.0,257500.0,257750.0,100919.0
2026-09-11 12:00:00+09:00,257750.0,258000.0,257000.0,257500.0,384801.0
2026-09-11 12:10:00+09:00,257500.0,257500.0,257000.0,257500.0,154335.0
2026-09-11 12:20:00+09:00,257000.0,257500.0,256500.0,257250.0,504215.0
2026-09-11 12:30:00+09:00,257250.0,257500.0,256500.0,257500.0,210900.0
2026-09-11 12:40:00+09:00,257250.0,259000.0,257000.0,258000.0,244397.0
2026-09-11 12:50:00+09:00,258000.0,258500.0,257000.0,258000.0,210034.0
2026-09-11 13:00:00+09:00,258000.0,258000.0,257500.0,258000.0,100192.0
2026-09-11 13:10:00+09:00,257500.0,258000.0,257500.0,257750.0,111430.0
2026-09-11 13:20:00+09:00,258000.0,259000.0,257750.0,258500.0,263400.0
2026-09-11 13:30:00+09:00,258500.0,260000.0,258500.0,260000.0,216990.0
2026-09-11 13:40:00+09:00,259500.0,260500.0,259500.0,259750.0,240259.0
2026-09-11 13:50:00+09:00,260000.0,260000.0,259000.0,259250.0,186976.0
2026-09-11 14:00:00+09:00,259000.0,259250.0,258000.0,258750.0,387426.0
2026-09-11 14:10:00+09:00,259000.0,260000.0,258750.0,259500.0,226554.0
2026-09-11 14:20:00+09:00,259500.0,259500.0,258500.0,258750.0,170814.0
2026-09-11 14:30:00+09:00,258750.0,259500.0,258500.0,259500.0,227751.0
2026-09-11 14:40:00+09:00,259250.0,259500.0,258500.0,259000.0,319146.0
2026-09-11 14:50:00+09:00,259000.0,261500.0,258500.0,260500.0,464086.0
2026-09-14 09:00:00+09:00,249500.0,251500.0,249000.0,251000.0,460869.0
2026-09-14 09:10:00+09:00,251000.0,251500.0,250000.0,250500.0,614619.0
2026-09-14 09:20:00+09:00,250500.0,252000.0,250000.0,251250.0,416442.0
2026-09-14 09:30:00+09:00,251000.0,252500.0,250500.0,251500.0,422167.0
2026-09-14 09:40:00+09:00,251000.0,252500.0,251000.0,251500.0,252479.0
2026-09-14 09:50:00+09:00,251500.0,252000.0,250500.0,251000.0,428696.0
2026-09-14 10:00:00+09:00,251000.0,251000.0,249500.0,250000.0,762650.0
2026-09-14 10:10:00+09:00,250000.0,250000.0,249000.0,249500.0,525460.0
2026-09-14 10:20:00+09:00,249500.0,250000.0,249000.0,249750.0,448825.0
2026-09-14 10:30:00+09:00,249500.0,250500.0,249000.0,250500.0,352307.0
2026-09-14 10:40:00+09:00,250250.0,251000.0,249500.0,250500.0,378491.0
2026-09-14 10:50:00+09:00,250500.0,252000.0,250000.0,252000.0,328356.0
2026-09-14 11:00:00+09:00,251750.0,253000.0,251500.0,252500.0,404592.0
2026-09-14 11:10:00+09:00,252500.0,253500.0,252500.0,253000.0,328501.0
2026-09-14 11:20:00+09:00,252750.0,254000.0,252750.0,253500.0,331244.0
2026-09-14 11:30:00+09:00,253250.0,254500.0,253000.0,253250.0,396297.0
2026-09-14 11:40:00+09:00,253500.0,254000.0,253000.0,253500.0,192186.0
2026-09-14 11:50:00+09:00,253250.0,254500.0,252500.0,253000.0,320512.0
2026-09-14 12:00:00+09:00,253000.0,253000.0,252500.0,252500.0,127720.0
2026-09-14 12:10:00+09:00,252750.0,253000.0,252000.0,252500.0,206248.0
2026-09-14 12:20:00+09:00,252250.0,253000.0,252000.0,253000.0,162276.0
2026-09-14 12:30:00+09:00,252750.0,253000.0,252000.0,252250.0,164455.0
2026-09-14 12:40:00+09:00,252000.0,252500.0,251000.0,252000.0,375417.0
2026-09-14 12:50:00+09:00,252000.0,252500.0,251500.0,251750.0,180646.0
2026-09-14 13:00:00+09:00,251750.0,252500.0,251500.0,252000.0,203672.0
2026-09-14 13:10:00+09:00,252000.0,252000.0,250500.0,251250.0,323609.0
2026-09-14 13:20:00+09:00,251000.0,252000.0,251000.0,251250.0,215416.0
2026-09-14 13:30:00+09:00,251000.0,251500.0,250500.0,250750.0,225694.0
2026-09-14 13:40:00+09:00,250500.0,251000.0,250500.0,250500.0,180285.0
2026-09-14 13:50:00+09:00,250750.0,251000.0,250000.0,250500.0,386017.0
2026-09-14 14:00:00+09:00,250500.0,250750.0,250000.0,250000.0,189634.0
2026-09-14 14:10:00+09:00,250000.0,250500.0,249500.0,249750.0,760247.0
2026-09-14 14:20:00+09:00,250000.0,250000.0,249000.0,249750.0,646555.0
2026-09-14 14:30:00+09:00,249750.0,250000.0,249000.0,249500.0,521035.0
2026-09-14 14:40:00+09:00,249500.0,249500.0,249000.0,249000.0,354829.0
2026-09-14 14:50:00+09:00,249000.0,249500.0,248500.0,249000.0,552910.0
2026-09-15 09:00:00+09:00,248000.0,250000.0,247500.0,249500.0,920646.0
2026-09-15 09:10:00+09:00,249000.0,249500.0,248000.0,248750.0,369683.0
2026-09-15 09:20:00+09:00,248750.0,251500.0,248500.0,250250.0,506793.0
2026-09-15 09:30:00+09:00,250500.0,251000.0,249500.0,251000.0,319132.0
2026-09-15 09:40:00+09:00,250750.0,252000.0,250000.0,250500.0,410938.0
2026-09-15 09:50:00+09:00,250500.0,251000.0,249500.0,249500.0,211662.0
2026-09-15 10:00:00+09:00,249750.0,251000.0,249500.0,250750.0,167990.0
2026-09-15 10:10:00+09:00,250500.0,251500.0,250000.0,251250.0,275213.0
2026-09-15 10:20:00+09:00,251500.0,252000.0,250250.0,250250.0,286591.0
2026-09-15 10:30:00+09:00,250250.0,251000.0,250000.0,250250.0,246632.0
2026-09-15 10:40:00+09:00,250250.0,250500.0,249000.0,250000.0,339958.0
2026-09-15 10:50:00+09:00,250500.0,250500.0,249500.0,250000.0,173106.0
2026-09-15 11:00:00+09:00,250000.0,250500.0,249500.0,250000.0,123946.0
2026-09-15 11:10:00+09:00,250250.0,250500.0,250000.0,250250.0,122557.0
2026-09-15 11:20:00+09:00,250250.0,251000.0,249500.0,250500.0,124657.0
2026-09-15 11:30:00+09:00,250500.0,251500.0,250500.0,251250.0,115602.0
2026-09-15 11:40:00+09:00,251500.0,252000.0,251000.0,251500.0,140520.0
2026-09-15 11:50:00+09:00,251000.0,252000.0,251000.0,251000.0,193578.0
2026-09-15 12:00:00+09:00,251000.0,251500.0,251000.0,251000.0,82671.0
2026-09-15 12:10:00+09:00,251250.0,251250.0,250000.0,251000.0,267100.0
2026-09-15 12:20:00+09:00,250500.0,251000.0,250000.0,250250.0,121633.0
2026-09-15 12:30:00+09:00,250250.0,251000.0,250000.0,250000.0,181169.0
2026-09-15 12:40:00+09:00,250250.0,251000.0,250000.0,250500.0,159383.0
2026-09-15 12:50:00+09:00,250500.0,250750.0,249000.0,249000.0,214891.0
2026-09-15 13:00:00+09:00,249500.0,250000.0,249000.0,249250.0,167158.0
2026-09-15 13:10:00+09:00,249250.0,249500.0,248500.0,249000.0,213335.0
2026-09-15 13:20:00+09:00,248750.0,249000.0,247500.0,247750.0,369003.0
2026-09-15 13:30:00+09:00,248000.0,248500.0,247500.0,247750.0,181958.0
2026-09-15 13:40:00+09:00,247750.0,249000.0,247500.0,248750.0,280303.0
2026-09-15 13:50:00+09:00,248500.0,248750.0,247000.0,247500.0,327890.0
2026-09-15 14:00:00+09:00,247500.0,248000.0,247000.0,247500.0,188039.0
2026-09-15 14:10:00+09:00,247250.0,247250.0,246000.0,246500.0,389420.0
2026-09-15 14:20:00+09:00,246500.0,248000.0,246000.0,247500.0,338168.0
2026-09-15 14:30:00+09:00,247500.0,249000.0,247000.0,247750.0,484407.0
2026-09-15 14:40:00+09:00,248000.0,249500.0,247500.0,248500.0,418872.0
2026-09-15 14:50:00+09:00,248500.0,249000.0,247500.0,248000.0,240842.0
2026-09-16 09:00:00+09:00,248000.0,249500.0,247500.0,248250.0,789344.0
2026-09-16 09:10:00+09:00,248250.0,249500.0,247500.0,248500.0,340913.0
2026-09-16 09:20:00+09:00,248750.0,250000.0,248500.0,249500.0,278484.0
2026-09-16 09:30:00+09:00,249500.0,251000.0,249000.0,250750.0,405964.0
2026-09-16 09:40:00+09:00,250750.0,251500.0,250000.0,251500.0,374742.0
2026-09-16 09:50:00+09:00,251250.0,251500.0,250000.0,250500.0,201949.0
2026-09-16 10:00:00+09:00,250750.0,251000.0,250000.0,250250.0,212023.0
2026-09-16 10:10:00+09:00,250000.0,251000.0,250000.0,250000.0,217352.0
2026-09-16 10:20:00+09:00,250000.0,251500.0,249500.0,250500.0,351253.0
2026-09-16 10:30:00+09:00,250500.0,251000.0,249000.0,250000.0,220100.0
2026-09-16 10:40:00+09:00,249500.0,250750.0,249500.0,250000.0,173510.0
2026-09-16 10:50:00+09:00,250500.0,250500.0,248500.0,249000.0,206166.0
2026-09-16 11:00:00+09:00,249000.0,250500.0,248500.0,250000.0,196499.0
2026-09-16 11:10:00+09:00,250000.0,250500.0,249000.0,250000.0,199937.0
2026-09-16 11:20:00+09:00,250000.0,251000.0,249500.0,250250.0,168445.0
2026-09-16 11:30:00+09:00,250250.0,251000.0,250250.0,250750.0,156206.0
2026-09-16 11:40:00+09:00,250750.0,251500.0,250500.0,251250.0,174220.0
2026-09-16 11:50:00+09:00,251250.0,251500.0,251000.0,251250.0,159708.0
2026-09-16 12:00:00+09:00,251250.0,253000.0,251250.0,252250.0,411461.0
2026-09-16 12:10:00+09:00,252250.0,253500.0,252250.0,253250.0,276490.0
2026-09-16 12:20:00+09:00,253000.0,253500.0,252500.0,252500.0,259548.0
2026-09-16 12:30:00+09:00,252500.0,253000.0,252000.0,252500.0,223454.0
2026-09-16 12:40:00+09:00,252500.0,253500.0,252250.0,253000.0,252199.0
2026-09-16 12:50:00+09:00,253000.0,253500.0,252500.0,253500.0,215310.0
2026-09-16 13:00:00+09:00,253500.0,254000.0,253000.0,253500.0,233563.0
2026-09-16 13:10:00+09:00,253250.0,254000.0,253000.0,253500.0,166461.0
2026-09-16 13:20:00+09:00,253250.0,254000.0,252500.0,253000.0,230141.0
2026-09-16 13:30:00+09:00,252750.0,253000.0,252000.0,252500.0,248883.0
2026-09-16 13:40:00+09:00,252500.0,253000.0,252000.0,252250.0,161568.0
2026-09-16 13:50:00+09:00,252250.0,253000.0,251500.0,252500.0,275541.0
2026-09-16 14:00:00+09:00,252000.0,252500.0,251500.0,252500.0,194240.0
2026-09-16 14:10:00+09:00,252250.0,253000.0,251500.0,252750.0,287842.0
2026-09-16 14:20:00+09:00,252500.0,252750.0,251500.0,252000.0,270444.0
2026-09-16 14:30:00+09:00,251750.0,252500.0,251500.0,251750.0,266117.0
2026-09-16 14:40:00+09:00,251750.0,253000.0,251500.0,252500.0,327821.0
2026-09-16 14:50:00+09:00,252500.0,253000.0,252000.0,252000.0,179991.0
2026-09-17 09:00:00+09:00,257000.0,259000.0,254500.0,255250.0,1082858.0
2026-09-17 09:10:00+09:00,255000.0,256000.0,253500.0,254500.0,450626.0
2026-09-17 09:20:00+09:00,254500.0,254750.0,253000.0,253500.0,375324.0
2026-09-17 09:30:00+09:00,253000.0,254000.0,252500.0,253750.0,340008.0
2026-09-17 09:40:00+09:00,253750.0,254000.0,252000.0,253500.0,291869.0
2026-09-17 09:50:00+09:00,253500.0,254500.0,253000.0,254000.0,212138.0
2026-09-17 10:00:00+09:00,254000.0,255500.0,253000.0,254500.0,308255.0
2026-09-17 10:10:00+09:00,254500.0,255500.0,254000.0,255500.0,209638.0
2026-09-17 10:20:00+09:00,255250.0,255500.0,254500.0,255000.0,235558.0
2026-09-17 10:30:00+09:00,255000.0,255500.0,254000.0,254750.0,192621.0
2026-09-17 10:40:00+09:00,254750.0,255000.0,252500.0,253250.0,215578.0
2026-09-17 10:50:00+09:00,253250.0,253500.0,252500.0,252500.0,200712.0
2026-09-17 11:00:00+09:00,253000.0,253000.0,252000.0,252250.0,220498.0
2026-09-17 11:10:00+09:00,252250.0,253500.0,252000.0,253000.0,218386.0
2026-09-17 11:20:00+09:00,253000.0,253250.0,252500.0,253000.0,105091.0
2026-09-17 11:30:00+09:00,253000.0,253500.0,252500.0,253250.0,132999.0
2026-09-17 11:40:00+09:00,253500.0,254000.0,253000.0,253500.0,129325.0
2026-09-17 11:50:00+09:00,253500.0,254000.0,253000.0,253500.0,121143.0
2026-09-17 12:00:00+09:00,253500.0,254000.0,252500.0,253500.0,122271.0
2026-09-17 12:10:00+09:00,253500.0,254000.0,253000.0,253250.0,126499.0
2026-09-17 12:20:00+09:00,253500.0,254500.0,253000.0,253750.0,181572.0
2026-09-17 12:30:00+09:00,254000.0,254500.0,253500.0,254000.0,178233.0
2026-09-17 12:40:00+09:00,253750.0,254500.0,253500.0,253750.0,155007.0
2026-09-17 12:50:00+09:00,253750.0,255000.0,253500.0,255000.0,206776.0
2026-09-17 13:00:00+09:00,254750.0,255500.0,254500.0,255000.0,215553.0
2026-09-17 13:10:00+09:00,255000.0,255500.0,254000.0,255250.0,247355.0
2026-09-17 13:20:00+09:00,255250.0,255500.0,254500.0,255000.0,243212.0
2026-09-17 13:30:00+09:00,255000.0,255250.0,254000.0,255000.0,301221.0
2026-09-17 13:40:00+09:00,255000.0,256500.0,255000.0,256000.0,331475.0
2026-09-17 13:50:00+09:00,256000.0,256500.0,255000.0,255250.0,259468.0
2026-09-17 14:00:00+09:00,255500.0,255500.0,254000.0,254750.0,188437.0
2026-09-17 14:10:00+09:00,254750.0,255500.0,253500.0,254000.0,211203.0
2026-09-17 14:20:00+09:00,253750.0,254000.0,253000.0,253250.0,296124.0
2026-09-17 14:30:00+09:00,253500.0,253500.0,253000.0,253250.0,187303.0
2026-09-17 14:40:00+09:00,253500.0,253500.0,252500.0,252750.0,281678.0
2026-09-17 14:50:00+09:00,252750.0,253000.0,251500.0,252000.0,383986.0
2026-09-18 09:00:00+09:00,261000.0,261000.0,258000.0,259500.0,1347489.0
2026-09-18 09:10:00+09:00,259500.0,260500.0,258500.0,260000.0,403216.0
2026-09-18 09:20:00+09:00,260000.0,260500.0,259500.0,259500.0,274905.0
2026-09-18 09:30:00+09:00,259500.0,260500.0,259500.0,259750.0,221036.0
2026-09-18 09:40:00+09:00,259500.0,260000.0,258500.0,259500.0,399316.0
2026-09-18 09:50:00+09:00,259500.0,260000.0,258750.0,258750.0,197448.0
2026-09-18 10:00:00+09:00,259000.0,260000.0,258750.0,259500.0,264650.0
2026-09-18 10:10:00+09:00,259250.0,259500.0,258000.0,258750.0,220790.0
2026-09-18 10:20:00+09:00,258750.0,259000.0,258000.0,258000.0,159494.0
2026-09-18 10:30:00+09:00,258250.0,259000.0,257500.0,258750.0,298746.0
2026-09-18 10:40:00+09:00,259000.0,259500.0,258500.0,259000.0,242445.0
2026-09-18 10:50:00+09:00,259500.0,259500.0,258500.0,259000.0,160169.0
2026-09-18 11:00:00+09:00,259250.0,259500.0,258500.0,258750.0,139684.0
2026-09-18 11:10:00+09:00,259000.0,260000.0,258500.0,259000.0,322061.0
2026-09-18 11:20:00+09:00,258750.0,259500.0,258500.0,259250.0,124151.0
2026-09-18 11:30:00+09:00,259500.0,259500.0,259000.0,259000.0,125081.0
2026-09-18 11:40:00+09:00,259250.0,259500.0,259000.0,259500.0,147090.0
2026-09-18 11:50:00+09:00,259250.0,260000.0,259000.0,259000.0,216981.0
2026-09-18 12:00:00+09:00,259500.0,260500.0,259000.0,259500.0,425310.0
2026-09-18 12:10:00+09:00,259750.0,261000.0,259500.0,260500.0,297603.0
2026-09-18 12:20:00+09:00,260000.0,261000.0,260000.0,260000.0,256898.0
2026-09-18 12:30:00+09:00,260500.0,260500.0,259500.0,260000.0,218574.0
2026-09-18 12:40:00+09:00,260000.0,260500.0,259500.0,260500.0,238457.0
2026-09-18 12:50:00+09:00,260250.0,261500.0,260000.0,261000.0,416779.0
2026-09-18 13:00:00+09:00,260500.0,261500.0,260500.0,260500.0,243643.0
2026-09-18 13:10:00+09:00,261000.0,261500.0,260000.0,260250.0,339540.0
2026-09-18 13:20:00+09:00,260250.0,261000.0,259500.0,260250.0,220502.0
2026-09-18 13:30:00+09:00,260000.0,260500.0,260000.0,260500.0,90626.0
2026-09-18 13:40:00+09:00,260500.0,261000.0,260000.0,260500.0,226989.0
2026-09-18 13:50:00+09:00,260500.0,261500.0,260250.0,260750.0,462652.0
2026-09-18 14:00:00+09:00,261000.0,261000.0,260500.0,260500.0,149006.0
2026-09-18 14:10:00+09:00,260750.0,262000.0,260500.0,261750.0,520890.0
2026-09-18 14:20:00+09:00,261500.0,262000.0,260500.0,261000.0,342798.0
2026-09-18 14:30:00+09:00,261250.0,262000.0,261000.0,261500.0,269513.0
2026-09-18 14:40:00+09:00,261750.0,261750.0,260500.0,260750.0,301083.0
2026-09-18 14:50:00+09:00,260750.0,261000.0,259500.0,259750.0,218790.0
2026-09-21 09:00:00+09:00,264000.0,271500.0,263500.0,270000.0,1509309.0
2026-09-21 09:10:00+09:00,270000.0,270500.0,268500.0,269000.0,1041132.0
2026-09-21 09:20:00+09:00,269000.0,271000.0,268500.0,270250.0,1158884.0
2026-09-21 09:30:00+09:00,270500.0,270500.0,269000.0,269000.0,446616.0
2026-09-21 09:40:00+09:00,269500.0,270500.0,269000.0,269750.0,641204.0
2026-09-21 09:50:00+09:00,269750.0,270500.0,269000.0,269250.0,532843.0
2026-09-21 10:00:00+09:00,269250.0,271000.0,269000.0,271000.0,728601.0
2026-09-21 10:10:00+09:00,271000.0,272000.0,270500.0,271500.0,813494.0
2026-09-21 10:20:00+09:00,271500.0,272000.0,271000.0,271750.0,344854.0
2026-09-21 10:30:00+09:00,271500.0,272000.0,271000.0,271500.0,370079.0
2026-09-21 10:40:00+09:00,271500.0,272500.0,271500.0,272000.0,612445.0
2026-09-21 10:50:00+09:00,271750.0,272000.0,270500.0,271000.0,290593.0
2026-09-21 11:00:00+09:00,271000.0,272000.0,270500.0,271500.0,380750.0
2026-09-21 11:10:00+09:00,271500.0,272500.0,271500.0,272000.0,480178.0
2026-09-21 11:20:00+09:00,271500.0,272500.0,271500.0,272000.0,331193.0
2026-09-21 11:30:00+09:00,272000.0,272500.0,271500.0,272250.0,315136.0
2026-09-21 11:40:00+09:00,272250.0,273000.0,271500.0,272750.0,513212.0
2026-09-21 11:50:00+09:00,272500.0,273000.0,272500.0,272750.0,274164.0
2026-09-21 12:00:00+09:00,272750.0,273500.0,272500.0,273000.0,570671.0
2026-09-21 12:10:00+09:00,273000.0,274000.0,273000.0,274000.0,388842.0
2026-09-21 12:20:00+09:00,273750.0,274000.0,273000.0,273750.0,441544.0
2026-09-21 12:30:00+09:00,273750.0,274000.0,273000.0,273500.0,497937.0
2026-09-21 12:40:00+09:00,273250.0,274000.0,273000.0,273750.0,321150.0
2026-09-21 12:50:00+09:00,273750.0,274500.0,273500.0,273500.0,454659.0
2026-09-21 13:00:00+09:00,273500.0,274500.0,273500.0,274000.0,454638.0
2026-09-21 13:10:00+09:00,274000.0,274500.0,273500.0,274500.0,343568.0
2026-09-21 13:20:00+09:00,274250.0,275000.0,274000.0,274750.0,623605.0
2026-09-21 13:30:00+09:00,274500.0,275000.0,274000.0,274250.0,309741.0
2026-09-21 13:40:00+09:00,274500.0,274500.0,274000.0,274500.0,269514.0
2026-09-21 13:50:00+09:00,274250.0,274500.0,273500.0,273750.0,412925.0
2026-09-21 14:00:00+09:00,273500.0,274000.0,273000.0,273500.0,443808.0
2026-09-21 14:10:00+09:00,273500.0,273750.0,272500.0,272500.0,469589.0
2026-09-21 14:20:00+09:00,273000.0,273500.0,272000.0,272250.0,372980.0
2026-09-21 14:30:00+09:00,272250.0,273500.0,272000.0,272500.0,460524.0
2026-09-21 14:40:00+09:00,273000.0,273500.0,272500.0,273000.0,334839.0
2026-09-21 14:50:00+09:00,273250.0,273500.0,272250.0,272750.0,306305.0
2026-09-22 09:00:00+09:00,283000.0,283500.0,280000.0,281000.0,1466611.0
2026-09-22 09:10:00+09:00,281000.0,281500.0,280000.0,281000.0,579665.0
2026-09-22 09:20:00+09:00,281000.0,281250.0,279500.0,280750.0,702557.0
2026-09-22 09:30:00+09:00,280500.0,282000.0,280250.0,281500.0,498136.0
2026-09-22 09:40:00+09:00,281500.0,282000.0,280000.0,280500.0,424541.0
2026-09-22 09:50:00+09:00,280500.0,281000.0,280000.0,280250.0,310023.0
2026-09-22 10:00:00+09:00,280250.0,281000.0,280000.0,280250.0,274878.0
2026-09-22 10:10:00+09:00,280000.0,280500.0,279000.0,279000.0,431152.0
2026-09-22 10:20:00+09:00,279250.0,280000.0,279000.0,279500.0,238090.0
2026-09-22 10:30:00+09:00,279500.0,280000.0,279000.0,279000.0,287295.0
2026-09-22 10:40:00+09:00,279250.0,279500.0,278500.0,278750.0,325553.0
2026-09-22 10:50:00+09:00,278750.0,280000.0,278500.0,279500.0,351725.0
2026-09-22 11:00:00+09:00,279500.0,280000.0,279250.0,280000.0,272952.0
2026-09-22 11:10:00+09:00,280000.0,280000.0,279000.0,279500.0,228568.0
2026-09-22 11:20:00+09:00,279250.0,280000.0,279000.0,279750.0,287212.0
2026-09-22 11:30:00+09:00,279750.0,280000.0,279500.0,279750.0,206375.0
2026-09-22 11:40:00+09:00,280000.0,280500.0,279750.0,280000.0,276912.0
2026-09-22 11:50:00+09:00,280500.0,281000.0,280000.0,280750.0,278068.0
2026-09-22 12:00:00+09:00,280500.0,281500.0,280500.0,281000.0,394098.0
2026-09-22 12:10:00+09:00,280750.0,281500.0,280750.0,281250.0,287973.0
2026-09-22 12:20:00+09:00,281000.0,281500.0,281000.0,281250.0,184496.0
2026-09-22 12:30:00+09:00,281250.0,282000.0,281000.0,281750.0,335059.0
2026-09-22 12:40:00+09:00,281750.0,282000.0,281000.0,281500.0,232463.0
2026-09-22 12:50:00+09:00,281500.0,282000.0,280000.0,280750.0,406658.0
2026-09-22 13:00:00+09:00,280750.0,281500.0,280500.0,281000.0,300193.0
2026-09-22 13:10:00+09:00,280500.0,281000.0,279500.0,279750.0,407348.0
2026-09-22 13:20:00+09:00,280000.0,280500.0,279500.0,280000.0,360360.0
2026-09-22 13:30:00+09:00,280000.0,280000.0,279000.0,279250.0,337581.0
2026-09-22 13:40:00+09:00,279500.0,279500.0,278000.0,278000.0,441392.0
2026-09-22 13:50:00+09:00,278000.0,278500.0,276500.0,276750.0,536531.0
2026-09-22 14:00:00+09:00,276750.0,278750.0,276750.0,278000.0,438007.0
2026-09-22 14:10:00+09:00,278000.0,278500.0,275500.0,275750.0,499112.0
2026-09-22 14:20:00+09:00,276000.0,277000.0,274500.0,275500.0,851648.0
2026-09-22 14:30:00+09:00,275500.0,277000.0,274500.0,276500.0,563996.0
2026-09-22 14:40:00+09:00,276500.0,277500.0,275000.0,277500.0,499128.0
2026-09-22 14:50:00+09:00,277500.0,278500.0,277000.0,277250.0,416648.0
