,Open,High,Low,Close,Volume
2026-06-29 09:00:00+09:00,30550.0,31500.0,30550.0,31200.0,552.0
2026-06-29 09:10:00+09:00,31200.0,31700.0,30800.0,31400.0,1977.0
2026-06-29 09:20:00+09:00,31550.0,32100.0,31350.0,31900.0,1876.0
2026-06-29 09:30:00+09:00,31900.0,32700.0,31850.0,32550.0,5619.0
2026-06-29 09:40:00+09:00,32550.0,32900.0,32550.0,32850.0,3702.0
2026-06-29 09:50:00+09:00,32850.0,33100.0,32800.0,33000.0,3929.0
2026-06-29 10:00:00+09:00,33000.0,33000.0,32600.0,32900.0,1900.0
2026-06-29 10:10:00+09:00,32900.0,33050.0,32850.0,32950.0,927.0
2026-06-29 10:20:00+09:00,32950.0,33050.0,32850.0,33050.0,1785.0
2026-06-29 10:30:00+09:00,32900.0,33100.0,32750.0,32850.0,1211.0
2026-06-29 10:40:00+09:00,32950.0,33050.0,32750.0,32800.0,797.0
2026-06-29 10:50:00+09:00,32900.0,32950.0,32100.0,32700.0,1535.0
2026-06-29 11:00:00+09:00,32700.0,32900.0,32450.0,32700.0,1451.0
2026-06-29 11:10:00+09:00,32750.0,32800.0,32550.0,32800.0,1085.0
2026-06-29 11:20:00+09:00,32800.0,32800.0,32550.0,32750.0,1162.0
2026-06-29 11:30:00+09:00,32750.0,32850.0,32650.0,32850.0,892.0
2026-06-29 11:40:00+09:00,32850.0,33050.0,32750.0,33050.0,1516.0
2026-06-29 11:50:00+09:00,33050.0,33100.0,32700.0,32800.0,1899.0
2026-06-29 12:00:00+09:00,32900.0,33150.0,32850.0,33050.0,1306.0
2026-06-29 12:10:00+09:00,33100.0,33100.0,32750.0,32900.0,896.0
2026-06-29 12:20:00+09:00,32850.0,33100.0,32800.0,33100.0,828.0
2026-06-29 12:30:00+09:00,33000.0,33100.0,32800.0,33100.0,795.0
2026-06-29 12:40:00+09:00,33000.0,33100.0,32850.0,33000.0,1432.0
2026-06-29 12:50:00+09:00,33000.0,33150.0,33000.0,33150.0,1688.0
2026-06-29 13:00:00+09:00,33150.0,33200.0,33050.0,33100.0,2158.0
2026-06-29 13:10:00+09:00,33150.0,33450.0,33100.0,33450.0,3286.0
2026-06-29 13:20:00+09:00,33400.0,33500.0,33300.0,33450.0,1722.0
2026-06-29 13:30:00+09:00,33400.0,33450.0,33350.0,33400.0,1726.0
2026-06-29 13:40:00+09:00,33375.0,33450.0,33300.0,33400.0,1310.0
2026-06-29 13:50:00+09:00,33450.0,33550.0,33350.0,33400.0,2899.0
2026-06-29 14:00:00+09:00,33400.0,33600.0,33350.0,33600.0,3557.0
2026-06-29 14:10:00+09:00,33600.0,33700.0,33450.0,33700.0,3151.0
2026-06-29 14:20:00+09:00,33600.0,33700.0,33450.0,33550.0,2364.0
2026-06-29 14:30:00+09:00,33500.0,33600.0,33400.0,33600.0,1990.0
2026-06-29 14:40:00+09:00,33550.0,33700.0,33500.0,33700.0,1856.0
2026-06-29 14:50:00+09:00,33700.0,33700.0,33450.0,33600.0,2706.0
2026-06-30 09:00:00+09:00,33650.0,33650.0,33000.0,33600.0,833.0
2026-06-30 09:10:00+09:00,33550.0,33550.0,33250.0,33400.0,600.0
2026-06-30 09:20:00+09:00,33250.0,33650.0,33250.0,33550.0,802.0
2026-06-30 09:30:00+09:00,33300.0,33450.0,33100.0,33350.0,879.0
2026-06-30 09:40:00+09:00,33300.0,33450.0,33300.0,33300.0,545.0
2026-06-30 09:50:00+09:00,33300.0,33350.0,33150.0,33250.0,788.0
2026-06-30 10:00:00+09:00,33250.0,33250.0,32900.0,33000.0,1115.0
2026-06-30 10:10:00+09:00,33000.0,33050.0,32950.0,32950.0,737.0
2026-06-30 10:20:00+09:00,33000.0,33150.0,32900.0,33100.0,784.0
2026-06-30 10:30:00+09:00,33100.0,33150.0,33000.0,33050.0,629.0
2026-06-30 10:40:00+09:00,33050.0,33050.0,32850.0,32900.0,390.0
2026-06-30 10:50:00+09:00,32850.0,33150.0,32850.0,33150.0,1158.0
2026-06-30 11:00:00+09:00,33150.0,33150.0,33000.0,33050.0,567.0
2026-06-30 11:10:00+09:00,33050.0,33050.0,32700.0,32750.0,1423.0
2026-06-30 11:20:00+09:00,32750.0,33250.0,32700.0,32950.0,526.0
2026-06-30 11:30:00+09:00,32900.0,33100.0,32900.0,32900.0,474.0
2026-06-30 11:40:00+09:00,32950.0,33000.0,32950.0,32950.0,214.0
2026-06-30 11:50:00+09:00,32950.0,33000.0,32750.0,32800.0,913.0
2026-06-30 12:00:00+09:00,32750.0,32800.0,32700.0,32700.0,570.0
2026-06-30 12:10:00+09:00,32700.0,32750.0,32700.0,32700.0,198.0
2026-06-30 12:20:00+09:00,32700.0,32750.0,32600.0,32600.0,573.0
2026-06-30 12:30:00+09:00,32650.0,32800.0,32650.0,32700.0,425.0
2026-06-30 12:40:00+09:00,32700.0,32750.0,32550.0,32550.0,255.0
2026-06-30 12:50:00+09:00,32550.0,32700.0,32550.0,32600.0,569.0
2026-06-30 13:00:00+09:00,32650.0,32700.0,32300.0,32350.0,1282.0
2026-06-30 13:10:00+09:00,32300.0,32450.0,32250.0,32400.0,1429.0
2026-06-30 13:20:00+09:00,32400.0,32500.0,32350.0,32350.0,720.0
2026-06-30 13:30:00+09:00,32400.0,32500.0,32300.0,32450.0,1054.0
2026-06-30 13:40:00+09:00,32450.0,32500.0,32200.0,32300.0,2328.0
2026-06-30 13:50:00+09:00,32250.0,32600.0,32250.0,32450.0,1943.0
2026-06-30 14:00:00+09:00,32500.0,32500.0,32350.0,32400.0,377.0
2026-06-30 14:10:00+09:00,32350.0,32350.0,32250.0,32300.0,948.0
2026-06-30 14:20:00+09:00,32300.0,32450.0,32250.0,32250.0,1441.0
2026-06-30 14:30:00+09:00,32250.0,32500.0,32200.0,32300.0,744.0
2026-06-30 14:40:00+09:00,32300.0,32400.0,32200.0,32350.0,423.0
2026-06-30 14:50:00+09:00,32350.0,32400.0,32250.0,32250.0,751.0
2026-07-01 09:00:00+09:00,32300.0,33400.0,32200.0,32400.0,1434.0
2026-07-01 09:10:00+09:00,32300.0,32750.0,32200.0,32600.0,724.0
2026-07-01 09:20:00+09:00,32600.0,33050.0,32400.0,32400.0,780.0
2026-07-01 09:30:00+09:00,32450.0,32600.0,32300.0,32400.0,713.0
2026-07-01 09:40:00+09:00,32350.0,32550.0,32300.0,32550.0,1559.0
2026-07-01 09:50:00+09:00,32550.0,32550.0,32400.0,32450.0,243.0
2026-07-01 10:00:00+09:00,32450.0,32500.0,32350.0,32350.0,360.0
2026-07-01 10:10:00+09:00,32350.0,32700.0,32300.0,32700.0,991.0
2026-07-01 10:20:00+09:00,32700.0,33000.0,32500.0,32950.0,4144.0
2026-07-01 10:30:00+09:00,32950.0,33050.0,32150.0,32700.0,1244.0
2026-07-01 10:40:00+09:00,32700.0,32800.0,32500.0,32650.0,635.0
2026-07-01 10:50:00+09:00,32700.0,32800.0,32500.0,32750.0,658.0
2026-07-01 11:00:00+09:00,32750.0,32950.0,32700.0,32750.0,1704.0
2026-07-01 11:10:00+09:00,32700.0,32750.0,32500.0,32600.0,711.0
2026-07-01 11:20:00+09:00,32600.0,32750.0,32600.0,32700.0,750.0
2026-07-01 11:30:00+09:00,32700.0,32850.0,32650.0,32800.0,405.0
2026-07-01 11:40:00+09:00,32800.0,33200.0,32750.0,33200.0,2801.0
2026-07-01 11:50:00+09:00,33150.0,33200.0,33000.0,33050.0,505.0
2026-07-01 12:00:00+09:00,33000.0,33050.0,32900.0,32950.0,216.0
2026-07-01 12:10:00+09:00,32900.0,33050.0,32900.0,33050.0,201.0
2026-07-01 12:20:00+09:00,33100.0,33150.0,32850.0,32900.0,214.0
2026-07-01 12:30:00+09:00,32950.0,33150.0,32950.0,33150.0,630.0
2026-07-01 12:40:00+09:00,33100.0,33150.0,32850.0,33050.0,395.0
2026-07-01 12:50:00+09:00,33050.0,33150.0,33000.0,33050.0,482.0
2026-07-01 13:00:00+09:00,33050.0,33100.0,32900.0,33000.0,539.0
2026-07-01 13:10:00+09:00,33000.0,33000.0,32750.0,32850.0,605.0
2026-07-01 13:20:00+09:00,32850.0,32950.0,32750.0,32800.0,380.0
2026-07-01 13:30:00+09:00,32750.0,32800.0,32550.0,32700.0,767.0
2026-07-01 13:40:00+09:00,32700.0,33150.0,32700.0,33100.0,1271.0
2026-07-01 13:50:00+09:00,33100.0,33200.0,32900.0,33150.0,1211.0
2026-07-01 14:00:00+09:00,32900.0,33100.0,32750.0,33100.0,890.0
2026-07-01 14:10:00+09:00,33050.0,33100.0,32900.0,33000.0,906.0
2026-07-01 14:20:00+09:00,33000.0,33100.0,32800.0,33000.0,994.0
2026-07-01 14:30:00+09:00,32950.0,33100.0,32800.0,33000.0,1011.0
2026-07-01 14:40:00+09:00,33050.0,33100.0,32800.0,32900.0,1762.0
2026-07-01 14:50:00+09:00,32900.0,33150.0,32900.0,33050.0,1000.0
2026-07-02 09:00:00+09:00,33100.0,33100.0,32250.0,32500.0,1845.0
2026-07-02 09:10:00+09:00,32500.0,33100.0,31550.0,32600.0,3685.0
2026-07-02 09:20:00+09:00,32950.0,33200.0,32550.0,33200.0,2194.0
2026-07-02 09:30:00+09:00,33000.0,33500.0,33000.0,33400.0,2756.0
2026-07-02 09:40:00+09:00,33400.0,33450.0,33000.0,33350.0,1778.0
2026-07-02 09:50:00+09:00,33250.0,33400.0,33000.0,33300.0,1146.0
2026-07-02 10:00:00+09:00,33150.0,33400.0,33050.0,33300.0,1477.0
2026-07-02 10:10:00+09:00,33250.0,33600.0,33150.0,33550.0,2025.0
2026-07-02 10:20:00+09:00,33600.0,33600.0,33400.0,33600.0,1370.0
2026-07-02 10:30:00+09:00,33600.0,33950.0,33550.0,33850.0,3664.0
2026-07-02 10:40:00+09:00,33750.0,33900.0,33500.0,33850.0,1139.0
2026-07-02 10:50:00+09:00,33850.0,34100.0,33600.0,34000.0,2444.0
2026-07-02 11:00:00+09:00,33950.0,34100.0,33800.0,34000.0,1460.0
2026-07-02 11:10:00+09:00,34050.0,34100.0,33750.0,34100.0,1822.0
2026-07-02 11:20:00+09:00,34100.0,34100.0,33500.0,34000.0,1424.0
2026-07-02 11:30:00+09:00,33950.0,34000.0,33700.0,34000.0,1211.0
2026-07-02 11:40:00+09:00,33950.0,34050.0,33800.0,34000.0,1385.0
2026-07-02 11:50:00+09:00,33950.0,34050.0,33600.0,34050.0,1366.0
2026-07-02 12:00:00+09:00,34000.0,34050.0,33700.0,33900.0,1803.0
2026-07-02 12:10:00+09:00,33900.0,33950.0,33550.0,33950.0,1508.0
2026-07-02 12:20:00+09:00,33950.0,34000.0,33500.0,33850.0,1510.0
2026-07-02 12:30:00+09:00,33800.0,34050.0,33750.0,33900.0,1383.0
2026-07-02 12:40:00+09:00,33900.0,33950.0,33550.0,33950.0,1668.0
2026-07-02 12:50:00+09:00,33900.0,33950.0,33600.0,33750.0,1281.0
2026-07-02 13:00:00+09:00,33750.0,33850.0,33450.0,33800.0,1449.0
2026-07-02 13:10:00+09:00,33750.0,33850.0,33600.0,33650.0,1314.0
2026-07-02 13:20:00+09:00,33700.0,33800.0,33450.0,33800.0,1890.0
2026-07-02 13:30:00+09:00,33750.0,33900.0,33450.0,33700.0,2463.0
2026-07-02 13:40:00+09:00,33850.0,33900.0,33500.0,33650.0,2075.0
2026-07-02 13:50:00+09:00,33750.0,34050.0,33550.0,34000.0,5032.0
2026-07-02 14:00:00+09:00,34050.0,34050.0,33800.0,33950.0,2602.0
2026-07-02 14:10:00+09:00,33950.0,34100.0,33750.0,33900.0,3636.0
2026-07-02 14:20:00+09:00,33850.0,33950.0,33500.0,33650.0,2815.0
2026-07-02 14:30:00+09:00,33650.0,33900.0,33450.0,33650.0,3254.0
2026-07-02 14:40:00+09:00,33700.0,33850.0,33400.0,33600.0,2064.0
2026-07-02 14:50:00+09:00,33550.0,33900.0,33400.0,33650.0,2500.0
2026-07-03 09:00:00+09:00,33400.0,33950.0,33050.0,33650.0,2288.0
2026-07-03 09:10:00+09:00,33550.0,33750.0,33300.0,33750.0,2067.0
2026-07-03 09:20:00+09:00,33450.0,33600.0,33400.0,33500.0,1547.0
2026-07-03 09:30:00+09:00,33500.0,33900.0,33400.0,33850.0,1223.0
2026-07-03 09:40:00+09:00,33800.0,33850.0,33400.0,33550.0,983.0
2026-07-03 09:50:00+09:00,33550.0,33750.0,33450.0,33600.0,1059.0
2026-07-03 10:00:00+09:00,33600.0,33900.0,33550.0,33850.0,1494.0
2026-07-03 10:10:00+09:00,33900.0,34200.0,33850.0,34050.0,2982.0
2026-07-03 10:20:00+09:00,34100.0,34200.0,33800.0,33900.0,592.0
2026-07-03 10:30:00+09:00,33900.0,33900.0,33750.0,33850.0,268.0
2026-07-03 10:40:00+09:00,33850.0,33950.0,33750.0,33750.0,735.0
2026-07-03 10:50:00+09:00,33750.0,33950.0,33550.0,33700.0,519.0
2026-07-03 11:00:00+09:00,33600.0,33850.0,33600.0,33800.0,443.0
2026-07-03 11:10:00+09:00,33800.0,33950.0,33700.0,33700.0,571.0
2026-07-03 11:20:00+09:00,33700.0,33950.0,33700.0,33900.0,278.0
2026-07-03 11:30:00+09:00,33900.0,33950.0,33700.0,33750.0,210.0
2026-07-03 11:40:00+09:00,33700.0,33850.0,33550.0,33700.0,272.0
2026-07-03 11:50:00+09:00,33750.0,33900.0,33700.0,33900.0,242.0
2026-07-03 12:00:00+09:00,33900.0,33900.0,33500.0,33700.0,635.0
2026-07-03 12:10:00+09:00,33700.0,33900.0,33650.0,33850.0,851.0
2026-07-03 12:20:00+09:00,33750.0,33800.0,33700.0,33800.0,187.0
2026-07-03 12:30:00+09:00,33800.0,33950.0,33650.0,33700.0,412.0
2026-07-03 12:40:00+09:00,33700.0,33700.0,33550.0,33650.0,419.0
2026-07-03 12:50:00+09:00,33650.0,33800.0,33550.0,33800.0,559.0
2026-07-03 13:00:00+09:00,33800.0,33800.0,33600.0,33650.0,567.0
2026-07-03 13:10:00+09:00,33600.0,33650.0,33550.0,33600.0,261.0
2026-07-03 13:20:00+09:00,33600.0,33700.0,33550.0,33600.0,314.0
2026-07-03 13:30:00+09:00,33550.0,33600.0,33450.0,33450.0,482.0
2026-07-03 13:40:00+09:00,33450.0,33500.0,33400.0,33500.0,632.0
2026-07-03 13:50:00+09:00,33500.0,33550.0,33450.0,33550.0,241.0
2026-07-03 14:00:00+09:00,33500.0,33800.0,33500.0,33700.0,392.0
2026-07-03 14:10:00+09:00,33700.0,33800.0,33550.0,33600.0,538.0
2026-07-03 14:20:00+09:00,33550.0,33700.0,33550.0,33650.0,443.0
2026-07-03 14:30:00+09:00,33600.0,33950.0,33550.0,33850.0,1047.0
2026-07-03 14:40:00+09:00,33900.0,33900.0,33500.0,33850.0,1476.0
2026-07-03 14:50:00+09:00,33850.0,33900.0,33500.0,33800.0,1117.0
2026-07-06 09:00:00+09:00,33950.0,34250.0,33200.0,33650.0,253.0
2026-07-06 09:10:00+09:00,33600.0,33950.0,33600.0,33800.0,471.0
2026-07-06 09:20:00+09:00,33800.0,34100.0,33800.0,33950.0,1394.0
2026-07-06 09:30:00+09:00,34000.0,34300.0,34000.0,34150.0,1655.0
2026-07-06 09:40:00+09:00,34250.0,34400.0,34200.0,34350.0,1557.0
2026-07-06 09:50:00+09:00,34400.0,34450.0,33900.0,33950.0,1310.0
2026-07-06 10:00:00+09:00,33950.0,34050.0,33800.0,33800.0,534.0
2026-07-06 10:10:00+09:00,33750.0,34100.0,33700.0,34050.0,461.0
2026-07-06 10:20:00+09:00,33950.0,34000.0,33750.0,33800.0,287.0
2026-07-06 10:30:00+09:00,33800.0,34100.0,33800.0,34100.0,176.0
2026-07-06 10:40:00+09:00,34150.0,34300.0,33850.0,34300.0,326.0
2026-07-06 10:50:00+09:00,34200.0,34250.0,33650.0,33700.0,1089.0
2026-07-06 11:00:00+09:00,33700.0,34200.0,33650.0,33800.0,280.0
2026-07-06 11:10:00+09:00,34000.0,34000.0,33750.0,33750.0,113.0
2026-07-06 11:20:00+09:00,33650.0,33700.0,33550.0,33650.0,345.0
2026-07-06 11:30:00+09:00,33600.0,33650.0,33550.0,33550.0,87.0
2026-07-06 11:40:00+09:00,33550.0,33600.0,33300.0,33300.0,631.0
2026-07-06 11:50:00+09:00,33350.0,33550.0,33300.0,33500.0,661.0
2026-07-06 12:00:00+09:00,33500.0,33700.0,33400.0,33700.0,419.0
2026-07-06 12:10:00+09:00,33800.0,33800.0,33500.0,33650.0,195.0
2026-07-06 12:20:00+09:00,33650.0,33850.0,33650.0,33650.0,279.0
2026-07-06 12:30:00+09:00,33650.0,33700.0,33400.0,33550.0,313.0
2026-07-06 12:40:00+09:00,33600.0,33650.0,33550.0,33550.0,159.0
2026-07-06 12:50:00+09:00,33550.0,34250.0,33500.0,34250.0,1537.0
2026-07-06 13:00:00+09:00,34250.0,34250.0,33750.0,33850.0,1507.0
2026-07-06 13:10:00+09:00,33900.0,34200.0,33800.0,34150.0,1299.0
2026-07-06 13:20:00+09:00,34150.0,34250.0,33900.0,34250.0,1287.0
2026-07-06 13:30:00+09:00,34250.0,34300.0,34000.0,34150.0,1493.0
2026-07-06 13:40:00+09:00,34050.0,34250.0,34000.0,34100.0,1306.0
2026-07-06 13:50:00+09:00,34125.0,34350.0,34100.0,34250.0,1199.0
2026-07-06 14:00:00+09:00,34300.0,34350.0,34100.0,34300.0,1187.0
2026-07-06 14:10:00+09:00,34300.0,34350.0,34150.0,34350.0,1884.0
2026-07-06 14:20:00+09:00,34350.0,34350.0,34050.0,34250.0,1099.0
2026-07-06 14:30:00+09:00,34250.0,34250.0,34050.0,34150.0,1306.0
2026-07-06 14:40:00+09:00,34150.0,34200.0,34050.0,34200.0,1265.0
2026-07-06 14:50:00+09:00,34200.0,34300.0,34050.0,34300.0,2052.0
2026-07-07 09:00:00+09:00,34100.0,34450.0,33700.0,34450.0,2261.0
2026-07-07 09:10:00+09:00,34450.0,34600.0,34200.0,34200.0,1862.0
2026-07-07 09:20:00+09:00,34250.0,34550.0,34100.0,34550.0,1094.0
2026-07-07 09:30:00+09:00,34500.0,34750.0,34400.0,34600.0,2381.0
2026-07-07 09:40:00+09:00,34650.0,35150.0,34550.0,35100.0,6012.0
2026-07-07 09:50:00+09:00,35100.0,35300.0,34850.0,34950.0,5776.0
2026-07-07 10:00:00+09:00,34900.0,35250.0,34850.0,35050.0,1312.0
2026-07-07 10:10:00+09:00,35150.0,35150.0,34900.0,35000.0,970.0
2026-07-07 10:20:00+09:00,35100.0,35500.0,35000.0,35150.0,4679.0
2026-07-07 10:30:00+09:00,35200.0,35300.0,34950.0,35100.0,1130.0
2026-07-07 10:40:00+09:00,35150.0,35400.0,35100.0,35300.0,1357.0
2026-07-07 10:50:00+09:00,35300.0,35300.0,34850.0,34850.0,846.0
2026-07-07 11:00:00+09:00,34900.0,35150.0,34900.0,35050.0,1252.0
2026-07-07 11:10:00+09:00,35050.0,35150.0,35000.0,35150.0,1972.0
2026-07-07 11:20:00+09:00,35100.0,35250.0,35100.0,35250.0,629.0
2026-07-07 11:30:00+09:00,35250.0,35300.0,35050.0,35300.0,1240.0
2026-07-07 11:40:00+09:00,35250.0,35350.0,35150.0,35150.0,734.0
2026-07-07 11:50:00+09:00,35100.0,35100.0,34850.0,34900.0,2203.0
2026-07-07 12:00:00+09:00,34900.0,35150.0,34900.0,35150.0,717.0
2026-07-07 12:10:00+09:00,35150.0,35150.0,34950.0,35000.0,805.0
2026-07-07 12:20:00+09:00,34950.0,35100.0,34750.0,34950.0,2025.0
2026-07-07 12:30:00+09:00,34900.0,35000.0,34650.0,35000.0,1134.0
2026-07-07 12:40:00+09:00,35000.0,35000.0,34750.0,34800.0,837.0
2026-07-07 12:50:00+09:00,34800.0,34950.0,34700.0,34950.0,1137.0
2026-07-07 13:00:00+09:00,34950.0,35050.0,34850.0,35050.0,1617.0
2026-07-07 13:10:00+09:00,35050.0,35150.0,35000.0,35100.0,1757.0
2026-07-07 13:20:00+09:00,35050.0,35150.0,34850.0,35050.0,2644.0
2026-07-07 13:30:00+09:00,35000.0,35000.0,34750.0,34800.0,3254.0
2026-07-07 13:40:00+09:00,34800.0,34950.0,34750.0,34900.0,1600.0
2026-07-07 13:50:00+09:00,34900.0,34950.0,34750.0,34850.0,465.0
2026-07-07 14:20:00+09:00,34850.0,35050.0,34700.0,34900.0,8469.0
2026-07-07 14:30:00+09:00,35000.0,35200.0,34900.0,35200.0,2865.0
2026-07-07 14:40:00+09:00,35200.0,35250.0,34950.0,35050.0,3404.0
2026-07-07 14:50:00+09:00,34950.0,35350.0,34950.0,35150.0,6114.0
2026-07-08 09:00:00+09:00,35400.0,35400.0,34600.0,34700.0,2579.0
2026-07-08 09:10:00+09:00,34800.0,35000.0,34300.0,34400.0,830.0
2026-07-08 09:20:00+09:00,34600.0,34750.0,34450.0,34700.0,1815.0
2026-07-08 09:30:00+09:00,34700.0,35150.0,34650.0,34950.0,998.0
2026-07-08 09:40:00+09:00,35100.0,35350.0,35050.0,35275.0,1765.0
2026-07-08 09:50:00+09:00,35300.0,35400.0,35000.0,35350.0,1146.0
2026-07-08 10:00:00+09:00,35400.0,35450.0,35100.0,35200.0,1214.0
2026-07-08 10:10:00+09:00,35200.0,35200.0,34950.0,35050.0,1246.0
2026-07-08 10:20:00+09:00,35050.0,35250.0,35050.0,35150.0,789.0
2026-07-08 10:30:00+09:00,35150.0,35250.0,35000.0,35200.0,4611.0
2026-07-08 10:40:00+09:00,35150.0,35200.0,35000.0,35000.0,487.0
2026-07-08 10:50:00+09:00,35000.0,35000.0,34750.0,34950.0,1956.0
2026-07-08 11:00:00+09:00,34950.0,35000.0,34850.0,34900.0,617.0
2026-07-08 11:10:00+09:00,34900.0,34950.0,34750.0,34950.0,1061.0
2026-07-08 11:20:00+09:00,34900.0,35150.0,34850.0,35050.0,384.0
2026-07-08 11:30:00+09:00,35000.0,35050.0,34900.0,34950.0,720.0
2026-07-08 11:40:00+09:00,34950.0,35000.0,34850.0,34975.0,814.0
2026-07-08 11:50:00+09:00,34975.0,35150.0,34850.0,35150.0,1146.0
2026-07-08 12:00:00+09:00,35150.0,35150.0,34950.0,35100.0,915.0
2026-07-08 12:10:00+09:00,35100.0,35150.0,35100.0,35150.0,463.0
2026-07-08 12:20:00+09:00,35150.0,35200.0,35100.0,35200.0,554.0
2026-07-08 12:30:00+09:00,35200.0,35200.0,35150.0,35150.0,384.0
2026-07-08 12:40:00+09:00,35150.0,35150.0,35050.0,35150.0,675.0
2026-07-08 12:50:00+09:00,35150.0,35150.0,35000.0,35050.0,979.0
2026-07-08 13:00:00+09:00,35050.0,35050.0,34900.0,34900.0,1223.0
2026-07-08 13:10:00+09:00,34950.0,34950.0,34750.0,34900.0,996.0
2026-07-08 13:20:00+09:00,34900.0,35000.0,34850.0,34950.0,855.0
2026-07-08 13:30:00+09:00,34950.0,35200.0,34800.0,34850.0,1070.0
2026-07-08 13:40:00+09:00,34900.0,34950.0,34600.0,34700.0,2806.0
2026-07-08 13:50:00+09:00,34700.0,34950.0,34650.0,34850.0,1675.0
2026-07-08 14:00:00+09:00,34800.0,35100.0,34750.0,35050.0,1619.0
2026-07-08 14:10:00+09:00,35000.0,35100.0,34800.0,34800.0,1612.0
2026-07-08 14:20:00+09:00,34850.0,35050.0,34750.0,34850.0,1202.0
2026-07-08 14:30:00+09:00,34800.0,35100.0,34700.0,34950.0,1635.0
2026-07-08 14:40:00+09:00,35050.0,35050.0,34800.0,34850.0,1946.0
2026-07-08 14:50:00+09:00,34850.0,35150.0,34800.0,35150.0,2218.0
2026-07-09 09:00:00+09:00,35500.0,35500.0,33900.0,34800.0,2032.0
2026-07-09 09:10:00+09:00,34600.0,35000.0,34600.0,34800.0,965.0
2026-07-09 09:20:00+09:00,34900.0,34900.0,34650.0,34700.0,1258.0
2026-07-09 09:30:00+09:00,34750.0,34950.0,34550.0,34950.0,4238.0
2026-07-09 09:40:00+09:00,35000.0,35250.0,34950.0,35050.0,594.0
2026-07-09 09:50:00+09:00,35100.0,35150.0,34800.0,34900.0,1457.0
2026-07-09 10:00:00+09:00,34900.0,35200.0,34900.0,35150.0,4427.0
2026-07-09 10:10:00+09:00,35150.0,35150.0,35000.0,35000.0,791.0
2026-07-09 10:20:00+09:00,35000.0,35050.0,34550.0,34600.0,2355.0
2026-07-09 10:30:00+09:00,34550.0,34700.0,34500.0,34600.0,1510.0
2026-07-09 10:40:00+09:00,34600.0,34600.0,34450.0,34500.0,789.0
2026-07-09 10:50:00+09:00,34450.0,34600.0,34350.0,34500.0,1285.0
2026-07-09 11:00:00+09:00,34500.0,34500.0,34250.0,34450.0,1240.0
2026-07-09 11:10:00+09:00,34350.0,34600.0,34300.0,34600.0,2005.0
2026-07-09 11:20:00+09:00,34550.0,34700.0,34500.0,34500.0,1246.0
2026-07-09 11:30:00+09:00,34500.0,34550.0,34250.0,34300.0,709.0
2026-07-09 11:40:00+09:00,34300.0,34300.0,34150.0,34200.0,1160.0
2026-07-09 11:50:00+09:00,34200.0,34200.0,33900.0,33950.0,2300.0
2026-07-09 12:00:00+09:00,33900.0,33950.0,33750.0,33900.0,3017.0
2026-07-09 12:10:00+09:00,33900.0,33900.0,33700.0,33750.0,936.0
2026-07-09 12:20:00+09:00,33750.0,34250.0,33750.0,34250.0,1820.0
2026-07-09 12:30:00+09:00,34250.0,34550.0,34250.0,34500.0,1624.0
2026-07-09 12:40:00+09:00,34500.0,34500.0,34300.0,34350.0,805.0
2026-07-09 12:50:00+09:00,34400.0,34500.0,34250.0,34300.0,898.0
2026-07-09 13:00:00+09:00,34300.0,34300.0,34125.0,34150.0,462.0
2026-07-09 13:10:00+09:00,34200.0,34200.0,34000.0,34150.0,1428.0
2026-07-09 13:20:00+09:00,34150.0,34150.0,33900.0,33900.0,501.0
2026-07-09 13:30:00+09:00,33950.0,34100.0,33900.0,34000.0,1206.0
2026-07-09 13:40:00+09:00,33950.0,34000.0,33800.0,33900.0,774.0
2026-07-09 13:50:00+09:00,33850.0,34500.0,33850.0,34500.0,3200.0
2026-07-09 14:00:00+09:00,34500.0,34550.0,34350.0,34500.0,2859.0
2026-07-09 14:10:00+09:00,34500.0,34550.0,34250.0,34350.0,2619.0
2026-07-09 14:20:00+09:00,34350.0,34450.0,34150.0,34350.0,2109.0
2026-07-09 14:30:00+09:00,34400.0,34450.0,34250.0,34450.0,1803.0
2026-07-09 14:40:00+09:00,34450.0,34500.0,34300.0,34500.0,1944.0
2026-07-09 14:50:00+09:00,34500.0,34550.0,33950.0,34550.0,2064.0
2026-07-10 09:00:00+09:00,34250.0,35300.0,34100.0,35200.0,2698.0
2026-07-10 09:10:00+09:00,35200.0,35950.0,35200.0,35750.0,6060.0
2026-07-10 09:20:00+09:00,35750.0,35950.0,35050.0,35600.0,2912.0
2026-07-10 09:30:00+09:00,35600.0,35650.0,34900.0,35100.0,2422.0
2026-07-10 09:40:00+09:00,35050.0,35250.0,34950.0,35150.0,1510.0
2026-07-10 09:50:00+09:00,35150.0,35250.0,35050.0,35150.0,423.0
2026-07-10 10:00:00+09:00,35000.0,35100.0,34550.0,34700.0,1127.0
2026-07-10 10:10:00+09:00,34700.0,34900.0,34700.0,34900.0,750.0
2026-07-10 10:20:00+09:00,34850.0,34900.0,34550.0,34550.0,779.0
2026-07-10 10:30:00+09:00,34550.0,34650.0,34450.0,34550.0,1502.0
2026-07-10 10:40:00+09:00,34600.0,35000.0,34600.0,34900.0,1438.0
2026-07-10 10:50:00+09:00,34900.0,35000.0,34800.0,34850.0,1409.0
2026-07-10 11:00:00+09:00,34750.0,35000.0,34750.0,34800.0,979.0
2026-07-10 11:10:00+09:00,34800.0,35000.0,34800.0,34950.0,1002.0
2026-07-10 11:20:00+09:00,34950.0,35100.0,34900.0,35100.0,1566.0
2026-07-10 11:30:00+09:00,35000.0,35100.0,35000.0,35050.0,352.0
2026-07-10 11:40:00+09:00,35050.0,35200.0,34900.0,34900.0,1523.0
2026-07-10 11:50:00+09:00,35000.0,35100.0,34900.0,35050.0,1593.0
2026-07-10 12:00:00+09:00,35000.0,35250.0,35000.0,35150.0,1547.0
2026-07-10 12:10:00+09:00,35150.0,35150.0,35000.0,35000.0,538.0
2026-07-10 12:20:00+09:00,35000.0,35050.0,35000.0,35000.0,459.0
2026-07-10 12:30:00+09:00,35000.0,35050.0,34900.0,35050.0,1382.0
2026-07-10 12:40:00+09:00,35000.0,35000.0,34800.0,34800.0,607.0
2026-07-10 12:50:00+09:00,34800.0,34950.0,34800.0,34950.0,2150.0
2026-07-10 13:00:00+09:00,34950.0,35200.0,34900.0,35100.0,1900.0
2026-07-10 13:10:00+09:00,35100.0,35100.0,34900.0,34900.0,897.0
2026-07-10 13:20:00+09:00,34900.0,34950.0,34800.0,34800.0,607.0
2026-07-10 13:30:00+09:00,34800.0,34850.0,34500.0,34700.0,3207.0
2026-07-10 13:40:00+09:00,34700.0,34700.0,34500.0,34650.0,1878.0
2026-07-10 13:50:00+09:00,34700.0,34700.0,34550.0,34600.0,1142.0
2026-07-10 14:00:00+09:00,34600.0,34600.0,34500.0,34600.0,1275.0
2026-07-10 14:10:00+09:00,34600.0,34750.0,34550.0,34600.0,1053.0
2026-07-10 14:20:00+09:00,34600.0,34750.0,34550.0,34600.0,1822.0
2026-07-10 14:30:00+09:00,34550.0,34800.0,34550.0,34600.0,1479.0
2026-07-10 14:40:00+09:00,34600.0,34700.0,34550.0,34700.0,926.0
2026-07-10 14:50:00+09:00,34700.0,34850.0,34650.0,34800.0,1341.0
2026-07-13 09:00:00+09:00,34700.0,35150.0,34650.0,34850.0,200.0
2026-07-13 09:10:00+09:00,34950.0,35000.0,34800.0,34800.0,233.0
2026-07-13 09:20:00+09:00,34750.0,34950.0,34650.0,34800.0,1110.0
2026-07-13 09:30:00+09:00,34800.0,34950.0,34600.0,34850.0,549.0
2026-07-13 09:40:00+09:00,34850.0,35050.0,34850.0,35000.0,756.0
2026-07-13 09:50:00+09:00,35000.0,35250.0,34950.0,35050.0,811.0
2026-07-13 10:00:00+09:00,35100.0,35250.0,35000.0,35050.0,706.0
2026-07-13 10:10:00+09:00,35000.0,35100.0,34950.0,34950.0,272.0
2026-07-13 10:20:00+09:00,35000.0,35000.0,34600.0,34800.0,439.0
2026-07-13 10:30:00+09:00,34800.0,35150.0,34700.0,34850.0,563.0
2026-07-13 10:40:00+09:00,34800.0,34950.0,34350.0,34550.0,557.0
2026-07-13 10:50:00+09:00,34400.0,34700.0,34400.0,34450.0,224.0
2026-07-13 11:00:00+09:00,34450.0,34600.0,34350.0,34600.0,659.0
2026-07-13 11:10:00+09:00,34550.0,34600.0,34350.0,34600.0,214.0
2026-07-13 11:20:00+09:00,34550.0,34800.0,34450.0,34800.0,1132.0
2026-07-13 11:30:00+09:00,34750.0,34800.0,34600.0,34650.0,158.0
2026-07-13 11:40:00+09:00,34650.0,34700.0,34400.0,34550.0,303.0
2026-07-13 11:50:00+09:00,34550.0,34700.0,34400.0,34450.0,268.0
2026-07-13 12:00:00+09:00,34450.0,34450.0,34350.0,34350.0,371.0
2026-07-13 12:10:00+09:00,34350.0,34400.0,34150.0,34150.0,572.0
2026-07-13 12:20:00+09:00,34200.0,34600.0,34200.0,34600.0,898.0
2026-07-13 12:30:00+09:00,34600.0,34650.0,34400.0,34450.0,846.0
2026-07-13 12:40:00+09:00,34500.0,34650.0,34350.0,34550.0,1049.0
2026-07-13 12:50:00+09:00,34450.0,35000.0,34400.0,34950.0,1530.0
2026-07-13 13:00:00+09:00,34950.0,35000.0,34700.0,34900.0,1649.0
2026-07-13 13:10:00+09:00,34900.0,34900.0,34650.0,34900.0,1912.0
2026-07-13 13:20:00+09:00,34900.0,34900.0,34750.0,34800.0,1666.0
2026-07-13 13:50:00+09:00,35000.0,35050.0,34650.0,34800.0,1944.0
2026-07-13 14:00:00+09:00,34800.0,35100.0,34350.0,35050.0,3102.0
2026-07-13 14:10:00+09:00,35050.0,35200.0,34750.0,34900.0,1999.0
2026-07-13 14:20:00+09:00,34850.0,35100.0,34750.0,35000.0,2478.0
2026-07-13 14:30:00+09:00,35000.0,35050.0,34550.0,34900.0,6870.0
2026-07-13 14:40:00+09:00,34900.0,35000.0,34700.0,34800.0,2434.0
2026-07-13 14:50:00+09:00,34800.0,34950.0,34600.0,34800.0,2156.0
2026-07-14 09:00:00+09:00,35150.0,35250.0,34150.0,34300.0,3108.0
2026-07-14 09:10:00+09:00,34300.0,34750.0,34250.0,34400.0,1301.0
2026-07-14 09:20:00+09:00,34350.0,34450.0,34000.0,34450.0,1495.0
2026-07-14 09:30:00+09:00,34450.0,34900.0,34000.0,34000.0,1179.0
2026-07-14 09:40:00+09:00,34050.0,34100.0,34000.0,34100.0,550.0
2026-07-14 09:50:00+09:00,34100.0,34350.0,34050.0,34050.0,1698.0
2026-07-14 10:00:00+09:00,34150.0,34200.0,34000.0,34000.0,679.0
2026-07-14 10:10:00+09:00,34050.0,34200.0,34050.0,34150.0,360.0
2026-07-14 10:20:00+09:00,34150.0,34200.0,34050.0,34200.0,377.0
2026-07-14 10:30:00+09:00,34250.0,34450.0,33950.0,34000.0,1046.0
2026-07-14 10:40:00+09:00,33950.0,34150.0,33950.0,34050.0,699.0
2026-07-14 10:50:00+09:00,34000.0,34050.0,33900.0,33900.0,897.0
2026-07-14 11:00:00+09:00,33900.0,34450.0,33850.0,34150.0,824.0
2026-07-14 11:10:00+09:00,34150.0,34150.0,33800.0,33950.0,695.0
2026-07-14 11:20:00+09:00,33900.0,34350.0,33850.0,34000.0,906.0
2026-07-14 11:30:00+09:00,33950.0,34250.0,33850.0,34250.0,910.0
2026-07-14 11:40:00+09:00,34250.0,34400.0,34150.0,34250.0,2016.0
2026-07-14 11:50:00+09:00,34250.0,34300.0,34100.0,34100.0,823.0
2026-07-14 12:00:00+09:00,34050.0,34100.0,33800.0,33950.0,1230.0
2026-07-14 12:10:00+09:00,33900.0,33900.0,33400.0,33700.0,1699.0
2026-07-14 12:20:00+09:00,33650.0,33800.0,33450.0,33750.0,453.0
2026-07-14 12:30:00+09:00,33750.0,34200.0,33650.0,34100.0,2249.0
2026-07-14 12:40:00+09:00,34050.0,34200.0,33950.0,34100.0,1114.0
2026-07-14 12:50:00+09:00,34100.0,34100.0,33800.0,34000.0,695.0
2026-07-14 13:00:00+09:00,33950.0,34000.0,33800.0,33900.0,777.0
2026-07-14 13:10:00+09:00,33900.0,33900.0,33650.0,33650.0,490.0
2026-07-14 13:20:00+09:00,33700.0,33950.0,33700.0,33950.0,259.0
2026-07-14 13:30:00+09:00,33950.0,34050.0,33750.0,33950.0,756.0
2026-07-14 13:40:00+09:00,33950.0,34000.0,33650.0,33950.0,519.0
2026-07-14 13:50:00+09:00,33750.0,33900.0,33650.0,33700.0,706.0
2026-07-14 14:00:00+09:00,33800.0,33950.0,33650.0,33700.0,558.0
2026-07-14 14:10:00+09:00,33800.0,33850.0,33700.0,33800.0,416.0
2026-07-14 14:20:00+09:00,33800.0,33900.0,33650.0,33750.0,997.0
2026-07-14 14:30:00+09:00,33850.0,33950.0,33750.0,33850.0,468.0
2026-07-14 14:40:00+09:00,33850.0,33850.0,33400.0,33450.0,5518.0
2026-07-14 14:50:00+09:00,33450.0,33550.0,33350.0,33450.0,274.0
2026-07-15 09:00:00+09:00,33500.0,34000.0,33250.0,33750.0,1800.0
2026-07-15 09:10:00+09:00,33650.0,34000.0,33400.0,33500.0,763.0
2026-07-15 09:20:00+09:00,33500.0,33600.0,33200.0,33250.0,2838.0
2026-07-15 09:30:00+09:00,33250.0,33450.0,33050.0,33200.0,962.0
2026-07-15 09:40:00+09:00,33200.0,33200.0,33000.0,33100.0,2980.0
2026-07-15 09:50:00+09:00,33100.0,33300.0,33050.0,33100.0,1548.0
2026-07-15 10:00:00+09:00,33100.0,33350.0,33000.0,33100.0,1489.0
2026-07-15 10:10:00+09:00,33100.0,33250.0,33000.0,33200.0,1215.0
2026-07-15 10:20:00+09:00,33100.0,33200.0,32900.0,33150.0,1367.0
2026-07-15 10:30:00+09:00,33000.0,33200.0,33000.0,33100.0,677.0
2026-07-15 10:40:00+09:00,33100.0,33200.0,33050.0,33100.0,383.0
2026-07-15 10:50:00+09:00,33100.0,33450.0,33050.0,33400.0,1025.0
2026-07-15 11:00:00+09:00,33400.0,33400.0,33250.0,33250.0,394.0
2026-07-15 11:10:00+09:00,33250.0,33250.0,33050.0,33050.0,801.0
2026-07-15 11:20:00+09:00,33050.0,33100.0,32900.0,32900.0,1140.0
2026-07-15 11:30:00+09:00,32900.0,33150.0,32900.0,33000.0,1396.0
2026-07-15 11:40:00+09:00,33100.0,33150.0,32950.0,33000.0,927.0
2026-07-15 11:50:00+09:00,33000.0,33050.0,32950.0,33050.0,582.0
2026-07-15 12:00:00+09:00,33050.0,33200.0,33000.0,33050.0,506.0
2026-07-15 12:10:00+09:00,33100.0,33200.0,33050.0,33150.0,730.0
2026-07-15 12:20:00+09:00,33200.0,33250.0,33150.0,33250.0,845.0
2026-07-15 12:30:00+09:00,33200.0,33250.0,33150.0,33200.0,438.0
2026-07-15 12:40:00+09:00,33200.0,33250.0,33150.0,33200.0,629.0
2026-07-15 12:50:00+09:00,33150.0,33200.0,33000.0,33050.0,1108.0
2026-07-15 13:00:00+09:00,33000.0,33100.0,33000.0,33100.0,524.0
2026-07-15 13:10:00+09:00,33050.0,33150.0,33000.0,33050.0,590.0
2026-07-15 13:20:00+09:00,33000.0,33100.0,33000.0,33000.0,850.0
2026-07-15 13:30:00+09:00,33000.0,33100.0,33000.0,33000.0,541.0
2026-07-15 13:40:00+09:00,33000.0,33200.0,33000.0,33000.0,1114.0
2026-07-15 13:50:00+09:00,33000.0,33200.0,33000.0,33050.0,611.0
2026-07-15 14:00:00+09:00,33050.0,33250.0,33050.0,33250.0,958.0
2026-07-15 14:10:00+09:00,33200.0,33350.0,33100.0,33250.0,1126.0
2026-07-15 14:20:00+09:00,33250.0,33300.0,33100.0,33200.0,727.0
2026-07-15 14:30:00+09:00,33200.0,33250.0,33100.0,33200.0,829.0
2026-07-15 14:40:00+09:00,33150.0,33300.0,33150.0,33250.0,934.0
2026-07-15 14:50:00+09:00,33300.0,33400.0,33250.0,33300.0,1449.0
2026-07-16 09:00:00+09:00,33500.0,34000.0,33250.0,33400.0,3087.0
2026-07-16 09:10:00+09:00,33400.0,33550.0,33225.0,33450.0,1200.0
2026-07-16 09:20:00+09:00,33300.0,33700.0,33300.0,33650.0,816.0
2026-07-16 09:30:00+09:00,33500.0,33750.0,33500.0,33500.0,758.0
2026-07-16 09:40:00+09:00,33500.0,33550.0,33400.0,33550.0,611.0
2026-07-16 09:50:00+09:00,33550.0,33650.0,33400.0,33400.0,912.0
2026-07-16 10:00:00+09:00,33500.0,33650.0,33350.0,33350.0,1293.0
2026-07-16 10:10:00+09:00,33450.0,33500.0,33250.0,33250.0,1004.0
2026-07-16 10:20:00+09:00,33400.0,33450.0,33100.0,33350.0,1174.0
2026-07-16 10:30:00+09:00,33350.0,33500.0,33300.0,33500.0,527.0
2026-07-16 10:40:00+09:00,33450.0,33500.0,33300.0,33400.0,328.0
2026-07-16 10:50:00+09:00,33350.0,33500.0,33200.0,33250.0,886.0
2026-07-16 11:00:00+09:00,33250.0,33300.0,33000.0,33100.0,875.0
2026-07-16 11:10:00+09:00,33050.0,33150.0,33000.0,33100.0,451.0
2026-07-16 11:20:00+09:00,33050.0,33250.0,33000.0,33200.0,362.0
2026-07-16 11:30:00+09:00,33250.0,33250.0,33200.0,33250.0,42.0
2026-07-16 11:40:00+09:00,33250.0,33400.0,33250.0,33400.0,433.0
2026-07-16 11:50:00+09:00,33350.0,33500.0,33250.0,33500.0,293.0
2026-07-16 12:00:00+09:00,33450.0,33450.0,33350.0,33400.0,53.0
2026-07-16 12:10:00+09:00,33400.0,33500.0,33300.0,33400.0,574.0
2026-07-16 12:20:00+09:00,33300.0,33450.0,33150.0,33300.0,263.0
2026-07-16 12:30:00+09:00,33250.0,33300.0,33100.0,33250.0,485.0
2026-07-16 12:40:00+09:00,33200.0,33350.0,33150.0,33300.0,634.0
2026-07-16 12:50:00+09:00,33250.0,33350.0,33150.0,33350.0,859.0
2026-07-16 13:00:00+09:00,33300.0,33500.0,33200.0,33450.0,548.0
2026-07-16 13:10:00+09:00,33400.0,33450.0,33200.0,33200.0,551.0
2026-07-16 13:20:00+09:00,33225.0,33250.0,33200.0,33225.0,103.0
2026-07-16 13:30:00+09:00,33225.0,33225.0,32950.0,33025.0,876.0
2026-07-16 13:40:00+09:00,33025.0,33150.0,32950.0,33050.0,320.0
2026-07-16 13:50:00+09:00,33150.0,33150.0,33050.0,33075.0,265.0
2026-07-16 14:00:00+09:00,33075.0,33150.0,33000.0,33125.0,518.0
2026-07-16 14:10:00+09:00,33125.0,33500.0,33100.0,33500.0,1302.0
2026-07-16 14:20:00+09:00,33450.0,33600.0,33450.0,33500.0,731.0
2026-07-16 14:30:00+09:00,33525.0,33550.0,33150.0,33200.0,2116.0
2026-07-16 14:40:00+09:00,33125.0,33200.0,33050.0,33100.0,767.0
2026-07-16 14:50:00+09:00,33125.0,33150.0,33050.0,33050.0,1177.0
2026-07-20 09:00:00+09:00,33650.0,33650.0,32050.0,32150.0,1297.0
2026-07-20 09:10:00+09:00,32150.0,32550.0,32100.0,32450.0,2177.0
2026-07-20 09:20:00+09:00,32450.0,32700.0,32350.0,32650.0,4610.0
2026-07-20 09:30:00+09:00,32650.0,33000.0,32650.0,33000.0,1467.0
2026-07-20 09:40:00+09:00,33000.0,33250.0,32750.0,33050.0,1694.0
2026-07-20 09:50:00+09:00,33050.0,33200.0,33000.0,33000.0,831.0
2026-07-20 10:00:00+09:00,32950.0,33200.0,32800.0,33100.0,1199.0
2026-07-20 10:10:00+09:00,33100.0,33150.0,32900.0,33100.0,679.0
2026-07-20 10:20:00+09:00,33050.0,33100.0,32900.0,33000.0,801.0
2026-07-20 10:30:00+09:00,33000.0,33100.0,32900.0,32950.0,1273.0
2026-07-20 10:40:00+09:00,33000.0,33150.0,32850.0,33000.0,1069.0
2026-07-20 10:50:00+09:00,33000.0,33000.0,32800.0,33000.0,1025.0
2026-07-20 11:00:00+09:00,32950.0,33100.0,32850.0,33100.0,723.0
2026-07-20 11:10:00+09:00,33100.0,33100.0,32900.0,33000.0,826.0
2026-07-20 11:20:00+09:00,32900.0,33050.0,32700.0,32850.0,1245.0
2026-07-20 11:30:00+09:00,32900.0,33200.0,32900.0,33050.0,864.0
2026-07-20 11:40:00+09:00,33050.0,33200.0,33000.0,33200.0,702.0
2026-07-20 11:50:00+09:00,33050.0,33150.0,33000.0,33100.0,451.0
2026-07-20 12:00:00+09:00,33100.0,33150.0,32850.0,33000.0,779.0
2026-07-20 12:10:00+09:00,33000.0,33050.0,32850.0,32900.0,453.0
2026-07-20 12:20:00+09:00,32850.0,32950.0,32700.0,32900.0,771.0
2026-07-20 12:30:00+09:00,32900.0,32900.0,32700.0,32800.0,638.0
2026-07-20 12:40:00+09:00,32800.0,32850.0,32750.0,32850.0,525.0
2026-07-20 12:50:00+09:00,32850.0,32950.0,32700.0,32700.0,1643.0
2026-07-20 13:00:00+09:00,32750.0,32900.0,32700.0,32750.0,678.0
2026-07-20 13:10:00+09:00,32800.0,32900.0,32700.0,32700.0,382.0
2026-07-20 13:20:00+09:00,32750.0,32900.0,32700.0,32850.0,563.0
2026-07-20 13:30:00+09:00,32950.0,33050.0,32850.0,33050.0,936.0
2026-07-20 13:40:00+09:00,33050.0,33150.0,32750.0,32900.0,2078.0
2026-07-20 13:50:00+09:00,32950.0,33000.0,32800.0,32900.0,1321.0
2026-07-20 14:00:00+09:00,32850.0,32950.0,32700.0,32800.0,1330.0
2026-07-20 14:10:00+09:00,32800.0,32900.0,32600.0,32900.0,3284.0
2026-07-20 14:20:00+09:00,32850.0,33050.0,32800.0,33000.0,1066.0
2026-07-20 14:30:00+09:00,33000.0,33000.0,32850.0,32850.0,1172.0
2026-07-20 14:40:00+09:00,32850.0,33000.0,32800.0,32850.0,1237.0
2026-07-20 14:50:00+09:00,32800.0,33100.0,32800.0,32900.0,1470.0
2026-07-21 09:00:00+09:00,32600.0,33350.0,32600.0,33150.0,2800.0
2026-07-21 09:10:00+09:00,32950.0,33100.0,32850.0,33000.0,656.0
2026-07-21 09:20:00+09:00,32900.0,33100.0,32850.0,33100.0,606.0
2026-07-21 09:30:00+09:00,33050.0,33150.0,33000.0,33100.0,454.0
2026-07-21 09:40:00+09:00,33100.0,33250.0,33100.0,33150.0,612.0
2026-07-21 09:50:00+09:00,33200.0,33400.0,33150.0,33350.0,445.0
2026-07-21 10:00:00+09:00,33350.0,33650.0,33200.0,33600.0,1352.0
2026-07-21 10:10:00+09:00,33600.0,33600.0,33150.0,33300.0,699.0
2026-07-21 10:20:00+09:00,33250.0,33500.0,33200.0,33500.0,1008.0
2026-07-21 10:30:00+09:00,33500.0,33600.0,33200.0,33350.0,496.0
2026-07-21 10:40:00+09:00,33350.0,33450.0,33200.0,33250.0,791.0
2026-07-21 10:50:00+09:00,33300.0,33300.0,33100.0,33300.0,1085.0
2026-07-21 11:00:00+09:00,33300.0,33700.0,33300.0,33400.0,2006.0
2026-07-21 11:10:00+09:00,33400.0,33600.0,33100.0,33500.0,468.0
2026-07-21 11:20:00+09:00,33500.0,33650.0,33050.0,33500.0,779.0
2026-07-21 11:30:00+09:00,33500.0,33650.0,33100.0,33600.0,1806.0
2026-07-21 11:40:00+09:00,33550.0,33600.0,33250.0,33350.0,630.0
2026-07-21 11:50:00+09:00,33400.0,33600.0,33300.0,33350.0,547.0
2026-07-21 12:00:00+09:00,33550.0,33600.0,33250.0,33550.0,634.0
2026-07-21 12:10:00+09:00,33550.0,33850.0,33350.0,33750.0,1830.0
2026-07-21 12:20:00+09:00,33800.0,33800.0,33500.0,33550.0,694.0
2026-07-21 12:30:00+09:00,33550.0,33700.0,33500.0,33550.0,531.0
2026-07-21 12:40:00+09:00,33550.0,33750.0,33500.0,33750.0,700.0
2026-07-21 12:50:00+09:00,33650.0,33750.0,33500.0,33550.0,1790.0
2026-07-21 13:00:00+09:00,33550.0,33600.0,33500.0,33550.0,565.0
2026-07-21 13:10:00+09:00,33550.0,33550.0,33450.0,33450.0,587.0
2026-07-21 13:20:00+09:00,33500.0,33550.0,33350.0,33450.0,825.0
2026-07-21 13:30:00+09:00,33450.0,33550.0,33350.0,33450.0,632.0
2026-07-21 13:40:00+09:00,33450.0,33650.0,33350.0,33500.0,1462.0
2026-07-21 13:50:00+09:00,33500.0,33550.0,33350.0,33450.0,627.0
2026-07-21 14:00:00+09:00,33450.0,33450.0,33250.0,33450.0,550.0
2026-07-21 14:10:00+09:00,33300.0,33450.0,33200.0,33200.0,619.0
2026-07-21 14:20:00+09:00,33250.0,33300.0,33200.0,33300.0,897.0
2026-07-21 14:30:00+09:00,33300.0,33300.0,33100.0,33300.0,718.0
2026-07-21 14:40:00+09:00,33200.0,33400.0,33100.0,33300.0,728.0
2026-07-21 14:50:00+09:00,33300.0,33300.0,33200.0,33200.0,816.0
2026-07-22 09:00:00+09:00,33250.0,33900.0,33250.0,33350.0,1118.0
2026-07-22 09:10:00+09:00,33350.0,33600.0,33250.0,33500.0,1738.0
2026-07-22 09:20:00+09:00,33500.0,33650.0,33350.0,33550.0,599.0
2026-07-22 09:30:00+09:00,33550.0,33650.0,33400.0,33450.0,1084.0
2026-07-22 09:40:00+09:00,33500.0,33900.0,33500.0,33800.0,496.0
2026-07-22 09:50:00+09:00,33600.0,33800.0,33350.0,33550.0,699.0
2026-07-22 10:00:00+09:00,33550.0,33800.0,33550.0,33650.0,1718.0
2026-07-22 10:10:00+09:00,33650.0,33950.0,33650.0,33800.0,779.0
2026-07-22 10:20:00+09:00,33800.0,34100.0,33800.0,34000.0,1542.0
2026-07-22 10:30:00+09:00,34000.0,34100.0,33900.0,33900.0,840.0
2026-07-22 10:40:00+09:00,33950.0,34150.0,33900.0,34050.0,742.0
2026-07-22 10:50:00+09:00,34050.0,34100.0,34000.0,34000.0,316.0
2026-07-22 11:00:00+09:00,34000.0,34100.0,34000.0,34000.0,431.0
2026-07-22 11:10:00+09:00,34000.0,34050.0,33950.0,34000.0,454.0
2026-07-22 11:20:00+09:00,34000.0,34000.0,33850.0,33900.0,619.0
2026-07-22 11:30:00+09:00,33900.0,33900.0,33700.0,33700.0,511.0
2026-07-22 11:40:00+09:00,33700.0,33900.0,33700.0,33850.0,1298.0
2026-07-22 11:50:00+09:00,33900.0,33900.0,33800.0,33800.0,108.0
2026-07-22 12:00:00+09:00,33800.0,33850.0,33800.0,33850.0,58.0
2026-07-22 12:10:00+09:00,33800.0,34000.0,33800.0,34000.0,638.0
2026-07-22 12:20:00+09:00,33900.0,34100.0,33850.0,34050.0,904.0
2026-07-22 12:30:00+09:00,34000.0,34050.0,33800.0,33800.0,757.0
2026-07-22 12:40:00+09:00,33800.0,33950.0,33800.0,33900.0,261.0
2026-07-22 12:50:00+09:00,33900.0,34050.0,33900.0,33900.0,210.0
2026-07-22 13:00:00+09:00,33950.0,34000.0,33900.0,34000.0,385.0
2026-07-22 13:10:00+09:00,34000.0,34000.0,33900.0,33950.0,206.0
2026-07-22 13:20:00+09:00,33900.0,33900.0,33750.0,33900.0,860.0
2026-07-22 13:30:00+09:00,33850.0,33900.0,33850.0,33900.0,74.0
2026-07-22 13:40:00+09:00,33850.0,33900.0,33800.0,33850.0,492.0
2026-07-22 13:50:00+09:00,33750.0,33850.0,33700.0,33700.0,344.0
2026-07-22 14:00:00+09:00,33750.0,33850.0,33750.0,33750.0,442.0
2026-07-22 14:10:00+09:00,33750.0,33850.0,33650.0,33650.0,391.0
2026-07-22 14:20:00+09:00,33650.0,33750.0,33600.0,33700.0,533.0
2026-07-22 14:30:00+09:00,33700.0,33850.0,33700.0,33700.0,562.0
2026-07-22 14:40:00+09:00,33700.0,33700.0,33550.0,33550.0,448.0
2026-07-22 14:50:00+09:00,33550.0,33800.0,33550.0,33600.0,1246.0
2026-07-23 09:00:00+09:00,33300.0,33800.0,33300.0,33450.0,2026.0
2026-07-23 09:10:00+09:00,33350.0,33500.0,33300.0,33450.0,936.0
2026-07-23 09:20:00+09:00,33450.0,33550.0,33300.0,33550.0,2552.0
2026-07-23 09:30:00+09:00,33600.0,33700.0,33500.0,33650.0,391.0
2026-07-23 09:40:00+09:00,33650.0,33800.0,33500.0,33800.0,740.0
2026-07-23 09:50:00+09:00,33800.0,33800.0,33500.0,33600.0,575.0
2026-07-23 10:00:00+09:00,33650.0,33750.0,33550.0,33750.0,265.0
2026-07-23 10:10:00+09:00,33700.0,33750.0,33650.0,33700.0,173.0
2026-07-23 10:20:00+09:00,33650.0,33900.0,33650.0,33750.0,802.0
2026-07-23 10:30:00+09:00,33750.0,33900.0,33700.0,33850.0,766.0
2026-07-23 10:40:00+09:00,33900.0,33900.0,33600.0,33650.0,481.0
2026-07-23 10:50:00+09:00,33650.0,33850.0,33600.0,33800.0,597.0
2026-07-23 11:00:00+09:00,33750.0,33850.0,33700.0,33850.0,428.0
2026-07-23 11:10:00+09:00,33800.0,34000.0,33750.0,34000.0,1689.0
2026-07-23 11:20:00+09:00,34000.0,34000.0,33900.0,33900.0,515.0
2026-07-23 11:30:00+09:00,33950.0,34050.0,33900.0,34050.0,650.0
2026-07-23 11:40:00+09:00,33950.0,34000.0,33850.0,33950.0,293.0
2026-07-23 11:50:00+09:00,33950.0,34050.0,33950.0,34000.0,231.0
2026-07-23 12:00:00+09:00,33950.0,34150.0,33950.0,34100.0,2381.0
2026-07-23 12:10:00+09:00,34150.0,34150.0,34000.0,34150.0,476.0
2026-07-23 12:20:00+09:00,34100.0,34400.0,34100.0,34300.0,754.0
2026-07-23 12:30:00+09:00,34350.0,34350.0,34250.0,34250.0,289.0
2026-07-23 12:40:00+09:00,34300.0,34300.0,34150.0,34150.0,183.0
2026-07-23 12:50:00+09:00,34200.0,34300.0,34150.0,34200.0,500.0
2026-07-23 13:00:00+09:00,34150.0,34200.0,33950.0,34150.0,2416.0
2026-07-23 13:10:00+09:00,34150.0,34200.0,34000.0,34050.0,435.0
2026-07-23 13:20:00+09:00,34000.0,34400.0,34000.0,34300.0,2034.0
2026-07-23 13:30:00+09:00,34300.0,34350.0,34150.0,34150.0,304.0
2026-07-23 13:40:00+09:00,34200.0,34300.0,34150.0,34250.0,326.0
2026-07-23 13:50:00+09:00,34200.0,34300.0,34000.0,34200.0,878.0
2026-07-23 14:00:00+09:00,34200.0,34300.0,34100.0,34200.0,938.0
2026-07-23 14:10:00+09:00,34150.0,34250.0,34050.0,34100.0,425.0
2026-07-23 14:20:00+09:00,34150.0,34300.0,34050.0,34100.0,710.0
2026-07-23 14:30:00+09:00,34250.0,34400.0,34150.0,34250.0,949.0
2026-07-23 14:40:00+09:00,34250.0,34450.0,34150.0,34400.0,1121.0
2026-07-23 14:50:00+09:00,34200.0,34450.0,34200.0,34350.0,956.0
2026-07-24 09:00:00+09:00,33700.0,34800.0,33700.0,34700.0,1480.0
2026-07-24 09:10:00+09:00,34700.0,34700.0,34200.0,34500.0,771.0
2026-07-24 09:20:00+09:00,34500.0,34650.0,34150.0,34500.0,408.0
2026-07-24 09:30:00+09:00,34500.0,34850.0,34500.0,34750.0,2777.0
2026-07-24 09:40:00+09:00,34800.0,35200.0,34700.0,35100.0,3254.0
2026-07-24 09:50:00+09:00,35100.0,35300.0,35050.0,35150.0,1021.0
2026-07-24 10:00:00+09:00,35050.0,35150.0,34900.0,35000.0,903.0
2026-07-24 10:10:00+09:00,35000.0,35150.0,34950.0,35100.0,297.0
2026-07-24 10:20:00+09:00,35000.0,35350.0,34900.0,35300.0,2406.0
2026-07-24 10:30:00+09:00,35250.0,35400.0,35250.0,35250.0,1049.0
2026-07-24 10:40:00+09:00,35250.0,35800.0,35100.0,35700.0,6024.0
2026-07-24 10:50:00+09:00,35700.0,35750.0,35500.0,35700.0,2785.0
2026-07-24 11:00:00+09:00,35650.0,35750.0,35500.0,35650.0,2802.0
2026-07-24 11:10:00+09:00,35650.0,35700.0,35300.0,35300.0,1115.0
2026-07-24 11:20:00+09:00,35300.0,35450.0,35050.0,35300.0,1108.0
2026-07-24 11:30:00+09:00,35250.0,35400.0,35200.0,35200.0,825.0
2026-07-24 11:40:00+09:00,35250.0,35250.0,34850.0,35200.0,897.0
2026-07-24 11:50:00+09:00,35200.0,35200.0,34850.0,35050.0,827.0
2026-07-24 12:00:00+09:00,35050.0,35250.0,34900.0,35050.0,1718.0
2026-07-24 12:10:00+09:00,35050.0,35200.0,34950.0,35200.0,904.0
2026-07-24 12:20:00+09:00,35200.0,35200.0,34850.0,35150.0,979.0
2026-07-24 12:30:00+09:00,35150.0,35300.0,34850.0,35300.0,1272.0
2026-07-24 12:40:00+09:00,35250.0,35350.0,35200.0,35350.0,872.0
2026-07-24 12:50:00+09:00,35300.0,35400.0,35200.0,35300.0,1053.0
2026-07-24 13:00:00+09:00,35250.0,35300.0,35100.0,35300.0,1083.0
2026-07-24 13:10:00+09:00,35300.0,35400.0,35150.0,35200.0,1672.0
2026-07-24 13:20:00+09:00,35200.0,35400.0,35200.0,35250.0,1202.0
2026-07-24 13:30:00+09:00,35250.0,35350.0,35225.0,35300.0,947.0
2026-07-24 13:40:00+09:00,35300.0,35350.0,35050.0,35100.0,1072.0
2026-07-24 13:50:00+09:00,35075.0,35300.0,35050.0,35250.0,858.0
2026-07-24 14:00:00+09:00,35250.0,35300.0,35100.0,35200.0,1307.0
2026-07-24 14:10:00+09:00,35225.0,35300.0,35100.0,35100.0,1102.0
2026-07-24 14:20:00+09:00,35150.0,35300.0,35150.0,35200.0,933.0
2026-07-24 14:30:00+09:00,35225.0,35300.0,35150.0,35200.0,1038.0
2026-07-24 14:40:00+09:00,35150.0,35250.0,35100.0,35200.0,1219.0
2026-07-24 14:50:00+09:00,35150.0,35250.0,35050.0,35050.0,1300.0
2026-07-27 09:00:00+09:00,35200.0,35250.0,34650.0,35050.0,99.0
2026-07-27 09:10:00+09:00,35050.0,35400.0,34950.0,35400.0,662.0
2026-07-27 09:20:00+09:00,35375.0,35450.0,35300.0,35400.0,564.0
2026-07-27 09:30:00+09:00,35350.0,35600.0,35350.0,35550.0,885.0
2026-07-27 09:40:00+09:00,35550.0,35600.0,35550.0,35550.0,648.0
2026-07-27 09:50:00+09:00,35550.0,35550.0,35200.0,35200.0,558.0
2026-07-27 10:00:00+09:00,35250.0,35400.0,35250.0,35400.0,489.0
2026-07-27 10:10:00+09:00,35350.0,35350.0,35250.0,35300.0,195.0
2026-07-27 10:20:00+09:00,35300.0,35350.0,35250.0,35250.0,528.0
2026-07-27 10:30:00+09:00,35300.0,35450.0,35250.0,35350.0,730.0
2026-07-27 10:40:00+09:00,35400.0,35400.0,35200.0,35300.0,299.0
2026-07-27 10:50:00+09:00,35300.0,35400.0,35150.0,35350.0,336.0
2026-07-27 11:00:00+09:00,35350.0,35350.0,35100.0,35150.0,96.0
2026-07-27 11:10:00+09:00,35150.0,35300.0,35150.0,35300.0,301.0
2026-07-27 11:20:00+09:00,35300.0,35350.0,35100.0,35350.0,249.0
2026-07-27 11:30:00+09:00,35250.0,35250.0,35100.0,35250.0,243.0
2026-07-27 11:40:00+09:00,35250.0,35250.0,35100.0,35100.0,185.0
2026-07-27 11:50:00+09:00,35100.0,35100.0,35050.0,35100.0,107.0
2026-07-27 12:00:00+09:00,35100.0,35100.0,35000.0,35000.0,435.0
2026-07-27 12:10:00+09:00,35050.0,35200.0,35000.0,35200.0,366.0
2026-07-27 12:20:00+09:00,35200.0,35300.0,35050.0,35100.0,352.0
2026-07-27 12:30:00+09:00,35000.0,35100.0,35000.0,35050.0,85.0
2026-07-27 12:40:00+09:00,35000.0,35050.0,34900.0,35000.0,385.0
2026-07-27 12:50:00+09:00,35050.0,35050.0,34850.0,35050.0,282.0
2026-07-27 13:00:00+09:00,35050.0,35100.0,34950.0,35100.0,231.0
2026-07-27 13:10:00+09:00,35100.0,35400.0,35100.0,35150.0,847.0
2026-07-27 13:20:00+09:00,35200.0,35250.0,35000.0,35050.0,528.0
2026-07-27 13:30:00+09:00,35050.0,35200.0,35050.0,35150.0,288.0
2026-07-27 13:40:00+09:00,35150.0,35350.0,35050.0,35200.0,394.0
2026-07-27 13:50:00+09:00,35100.0,35200.0,35100.0,35100.0,199.0
2026-07-27 14:00:00+09:00,35050.0,35150.0,35050.0,35100.0,209.0
2026-07-27 14:10:00+09:00,35150.0,35150.0,35050.0,35150.0,461.0
2026-07-27 14:20:00+09:00,35150.0,35150.0,35050.0,35100.0,241.0
2026-07-27 14:30:00+09:00,35100.0,35100.0,35050.0,35050.0,253.0
2026-07-27 14:40:00+09:00,35100.0,35250.0,35100.0,35150.0,337.0
2026-07-27 14:50:00+09:00,35150.0,35150.0,35050.0,35100.0,219.0
2026-07-28 09:00:00+09:00,35000.0,35100.0,34200.0,34700.0,946.0
2026-07-28 09:10:00+09:00,34750.0,35400.0,34500.0,35200.0,943.0
2026-07-28 09:20:00+09:00,35200.0,35200.0,34750.0,34850.0,1575.0
2026-07-28 09:30:00+09:00,35100.0,35100.0,34850.0,34950.0,1866.0
2026-07-28 09:40:00+09:00,34950.0,35150.0,34900.0,35000.0,1298.0
2026-07-28 09:50:00+09:00,34950.0,35100.0,34950.0,35050.0,1120.0
2026-07-28 10:00:00+09:00,35050.0,35300.0,35000.0,35000.0,1783.0
2026-07-28 10:10:00+09:00,35000.0,35000.0,34900.0,35000.0,125.0
2026-07-28 10:40:00+09:00,34700.0,35200.0,34650.0,35000.0,1504.0
2026-07-28 10:50:00+09:00,34900.0,35100.0,34700.0,35050.0,880.0
2026-07-28 11:00:00+09:00,34900.0,35050.0,34650.0,34700.0,1108.0
2026-07-28 11:10:00+09:00,34850.0,34950.0,34750.0,34850.0,1287.0
2026-07-28 11:20:00+09:00,34850.0,34950.0,34500.0,34700.0,467.0
2026-07-28 11:30:00+09:00,34650.0,34950.0,34600.0,34700.0,375.0
2026-07-28 11:40:00+09:00,34650.0,34700.0,34500.0,34650.0,1875.0
2026-07-28 11:50:00+09:00,34650.0,35000.0,34650.0,34700.0,3135.0
2026-07-28 12:00:00+09:00,34650.0,34750.0,34600.0,34600.0,489.0
2026-07-28 12:10:00+09:00,34650.0,34750.0,34600.0,34750.0,460.0
2026-07-28 12:20:00+09:00,34750.0,34850.0,34750.0,34800.0,725.0
2026-07-28 12:30:00+09:00,34800.0,34850.0,34700.0,34850.0,359.0
2026-07-28 12:40:00+09:00,34850.0,34850.0,34600.0,34700.0,379.0
2026-07-28 12:50:00+09:00,34650.0,34850.0,34550.0,34750.0,273.0
2026-07-28 13:00:00+09:00,34800.0,35000.0,34700.0,34850.0,750.0
2026-07-28 13:10:00+09:00,34750.0,34950.0,34700.0,34850.0,1127.0
2026-07-28 13:20:00+09:00,34750.0,34750.0,34650.0,34750.0,334.0
2026-07-28 13:30:00+09:00,34750.0,34750.0,34600.0,34650.0,396.0
2026-07-28 13:40:00+09:00,34600.0,34800.0,34550.0,34700.0,440.0
2026-07-28 13:50:00+09:00,34600.0,34700.0,34400.0,34400.0,165.0
2026-07-28 14:00:00+09:00,34450.0,34700.0,34400.0,34500.0,478.0
2026-07-28 14:10:00+09:00,34500.0,34650.0,34350.0,34550.0,1020.0
2026-07-28 14:20:00+09:00,34500.0,34600.0,34500.0,34600.0,450.0
2026-07-28 14:30:00+09:00,34600.0,34600.0,34350.0,34400.0,985.0
2026-07-28 14:40:00+09:00,34400.0,34550.0,34350.0,34500.0,750.0
2026-07-28 14:50:00+09:00,34500.0,34550.0,34400.0,34500.0,804.0
2026-07-29 09:00:00+09:00,34950.0,34950.0,34350.0,34900.0,1040.0
2026-07-29 09:10:00+09:00,34900.0,35200.0,34750.0,35050.0,1808.0
2026-07-29 09:20:00+09:00,35050.0,35200.0,34950.0,35150.0,1105.0
2026-07-29 09:30:00+09:00,35150.0,35350.0,34850.0,35300.0,1936.0
2026-07-29 09:40:00+09:00,35300.0,35600.0,35150.0,35400.0,3708.0
2026-07-29 09:50:00+09:00,35400.0,35650.0,35350.0,35600.0,1601.0
2026-07-29 10:00:00+09:00,35500.0,35950.0,35500.0,35750.0,2309.0
2026-07-29 10:10:00+09:00,35700.0,35850.0,35550.0,35550.0,1831.0
2026-07-29 10:20:00+09:00,35650.0,35950.0,35550.0,35750.0,2878.0
2026-07-29 10:30:00+09:00,35750.0,35750.0,35400.0,35400.0,1330.0
2026-07-29 10:40:00+09:00,35500.0,35600.0,35000.0,35300.0,1703.0
2026-07-29 10:50:00+09:00,35300.0,35400.0,35050.0,35050.0,1414.0
2026-07-29 11:00:00+09:00,35050.0,35050.0,34550.0,34650.0,1944.0
2026-07-29 11:10:00+09:00,34850.0,35100.0,34700.0,34950.0,3109.0
2026-07-29 11:20:00+09:00,34800.0,35050.0,34700.0,35000.0,1865.0
2026-07-29 11:30:00+09:00,35000.0,35100.0,34650.0,34800.0,1580.0
2026-07-29 11:40:00+09:00,34700.0,35000.0,34475.0,34475.0,1063.0
2026-07-29 11:50:00+09:00,34475.0,34700.0,34375.0,34550.0,1183.0
2026-07-29 12:00:00+09:00,34550.0,34700.0,34250.0,34700.0,2041.0
2026-07-29 12:10:00+09:00,34650.0,34650.0,34000.0,34250.0,1392.0
2026-07-29 12:20:00+09:00,34200.0,34650.0,34050.0,34450.0,1149.0
2026-07-29 12:30:00+09:00,34550.0,34550.0,34400.0,34500.0,249.0
2026-07-29 13:00:00+09:00,34550.0,34550.0,34350.0,34500.0,1955.0
2026-07-29 13:10:00+09:00,34500.0,34550.0,34100.0,34500.0,1729.0
2026-07-29 13:20:00+09:00,34400.0,34400.0,33900.0,33950.0,2637.0
2026-07-29 13:30:00+09:00,34050.0,34100.0,33900.0,34050.0,1699.0
2026-07-29 13:40:00+09:00,34050.0,34050.0,33500.0,33900.0,1576.0
2026-07-29 13:50:00+09:00,33900.0,34300.0,33900.0,34200.0,2231.0
2026-07-29 14:00:00+09:00,34250.0,34550.0,34150.0,34300.0,1932.0
2026-07-29 14:10:00+09:00,34300.0,34500.0,34150.0,34200.0,1265.0
2026-07-29 14:20:00+09:00,34200.0,34450.0,33900.0,34200.0,2126.0
2026-07-29 14:30:00+09:00,34200.0,34550.0,34150.0,34550.0,1188.0
2026-07-29 14:40:00+09:00,34500.0,34550.0,33950.0,34050.0,3182.0
2026-07-29 14:50:00+09:00,34000.0,34250.0,33350.0,34050.0,3017.0
2026-07-30 09:00:00+09:00,34150.0,34950.0,34100.0,34950.0,3417.0
2026-07-30 09:10:00+09:00,34950.0,35450.0,34850.0,35250.0,2643.0
2026-07-30 09:20:00+09:00,35450.0,35600.0,35000.0,35050.0,2099.0
2026-07-30 09:30:00+09:00,35050.0,35300.0,34950.0,35200.0,1952.0
2026-07-30 09:40:00+09:00,35200.0,35400.0,34950.0,35250.0,1533.0
2026-07-30 09:50:00+09:00,35250.0,35250.0,34950.0,35050.0,947.0
2026-07-30 10:00:00+09:00,34950.0,35400.0,34700.0,35300.0,1663.0
2026-07-30 10:10:00+09:00,35300.0,35400.0,35250.0,35350.0,928.0
2026-07-30 10:20:00+09:00,35250.0,35550.0,35250.0,35550.0,1390.0
2026-07-30 10:30:00+09:00,35500.0,35550.0,35400.0,35400.0,1096.0
2026-07-30 10:40:00+09:00,35400.0,35550.0,35250.0,35400.0,1117.0
2026-07-30 10:50:00+09:00,35500.0,35500.0,35350.0,35500.0,645.0
2026-07-30 11:00:00+09:00,35550.0,35550.0,35350.0,35400.0,694.0
2026-07-30 11:10:00+09:00,35350.0,35450.0,35300.0,35300.0,884.0
2026-07-30 11:20:00+09:00,35350.0,35450.0,35300.0,35350.0,630.0
2026-07-30 11:30:00+09:00,35350.0,35500.0,35300.0,35350.0,1891.0
2026-07-30 11:40:00+09:00,35350.0,35450.0,35250.0,35350.0,1021.0
2026-07-30 11:50:00+09:00,35350.0,35350.0,34950.0,34950.0,642.0
2026-07-30 12:00:00+09:00,35000.0,35200.0,34850.0,35000.0,8088.0
2026-07-30 12:10:00+09:00,34900.0,35000.0,34700.0,34700.0,1919.0
2026-07-30 12:20:00+09:00,34800.0,34950.0,34700.0,34850.0,1091.0
2026-07-30 12:30:00+09:00,34850.0,35050.0,34800.0,35000.0,581.0
2026-07-30 12:40:00+09:00,35000.0,35100.0,34900.0,35100.0,568.0
2026-07-30 12:50:00+09:00,34950.0,35150.0,34950.0,35050.0,601.0
2026-07-30 13:00:00+09:00,35050.0,35100.0,34950.0,35050.0,362.0
2026-07-30 13:10:00+09:00,35000.0,35050.0,34950.0,35000.0,119.0
2026-07-30 13:20:00+09:00,34950.0,35150.0,34850.0,35150.0,705.0
2026-07-30 13:30:00+09:00,35200.0,35200.0,35000.0,35050.0,425.0
2026-07-30 13:40:00+09:00,35100.0,35200.0,34950.0,35200.0,588.0
2026-07-30 13:50:00+09:00,35100.0,35250.0,34750.0,35050.0,1449.0
2026-07-30 14:00:00+09:00,35150.0,35300.0,35050.0,35200.0,582.0
2026-07-30 14:10:00+09:00,35150.0,35350.0,35100.0,35300.0,530.0
2026-07-30 14:20:00+09:00,35300.0,35300.0,35150.0,35150.0,612.0
2026-07-30 14:30:00+09:00,35100.0,35200.0,34600.0,34900.0,1111.0
2026-07-30 14:40:00+09:00,34900.0,35050.0,34900.0,35000.0,985.0
2026-07-30 14:50:00+09:00,34850.0,35000.0,34600.0,34750.0,958.0
2026-07-31 09:00:00+09:00,35050.0,35350.0,34650.0,34950.0,5958.0
2026-07-31 09:10:00+09:00,34900.0,35150.0,34350.0,34600.0,6280.0
2026-07-31 09:20:00+09:00,34600.0,35000.0,34400.0,34600.0,8819.0
2026-07-31 09:30:00+09:00,34650.0,34800.0,34500.0,34550.0,1062.0
2026-07-31 09:40:00+09:00,34600.0,34900.0,34550.0,34650.0,1011.0
2026-07-31 09:50:00+09:00,34700.0,34900.0,34550.0,34550.0,4385.0
2026-07-31 10:00:00+09:00,34600.0,34750.0,34350.0,34600.0,7731.0
2026-07-31 10:10:00+09:00,34650.0,35050.0,34500.0,34900.0,4962.0
2026-07-31 10:20:00+09:00,34900.0,35150.0,34900.0,35150.0,676.0
2026-07-31 10:30:00+09:00,35100.0,35450.0,35100.0,35250.0,1170.0
2026-07-31 10:40:00+09:00,35200.0,35400.0,35100.0,35200.0,750.0
2026-07-31 10:50:00+09:00,35200.0,35350.0,35150.0,35250.0,362.0
2026-07-31 11:00:00+09:00,35250.0,35350.0,35150.0,35250.0,581.0
2026-07-31 11:10:00+09:00,35250.0,35300.0,35100.0,35150.0,254.0
2026-07-31 11:20:00+09:00,35200.0,35300.0,35150.0,35250.0,305.0
2026-07-31 11:30:00+09:00,35150.0,35250.0,35100.0,35100.0,394.0
2026-07-31 11:40:00+09:00,35150.0,35250.0,35150.0,35150.0,172.0
2026-07-31 11:50:00+09:00,35150.0,35250.0,35100.0,35200.0,506.0
2026-07-31 12:00:00+09:00,35250.0,35350.0,35150.0,35300.0,535.0
2026-07-31 12:10:00+09:00,35300.0,35300.0,35100.0,35150.0,370.0
2026-07-31 12:20:00+09:00,35200.0,35250.0,35050.0,35100.0,300.0
2026-07-31 12:30:00+09:00,35100.0,35300.0,35050.0,35250.0,640.0
2026-07-31 12:40:00+09:00,35250.0,35450.0,35150.0,35300.0,4071.0
2026-07-31 12:50:00+09:00,35300.0,35350.0,35100.0,35200.0,608.0
2026-07-31 13:00:00+09:00,35100.0,35200.0,35050.0,35100.0,387.0
2026-07-31 13:10:00+09:00,35100.0,35150.0,35050.0,35050.0,295.0
2026-07-31 13:20:00+09:00,35050.0,35150.0,35000.0,35100.0,438.0
2026-07-31 13:30:00+09:00,35150.0,35150.0,34950.0,35050.0,552.0
2026-07-31 13:40:00+09:00,35000.0,35150.0,34950.0,35100.0,759.0
2026-07-31 13:50:00+09:00,35100.0,35400.0,34800.0,35050.0,3280.0
2026-07-31 14:00:00+09:00,35050.0,35100.0,34925.0,35000.0,1116.0
2026-07-31 14:10:00+09:00,35000.0,35150.0,34950.0,35050.0,898.0
2026-07-31 14:20:00+09:00,35075.0,35250.0,35000.0,35150.0,1262.0
2026-07-31 14:30:00+09:00,35150.0,35200.0,35075.0,35150.0,382.0
2026-07-31 14:40:00+09:00,35150.0,35350.0,35100.0,35300.0,1279.0
2026-07-31 14:50:00+09:00,35300.0,35400.0,35250.0,35325.0,651.0
2026-08-03 09:00:00+09:00,35150.0,35900.0,34850.0,35600.0,1080.0
2026-08-03 09:10:00+09:00,35650.0,35800.0,35200.0,35200.0,1985.0
2026-08-03 09:20:00+09:00,35250.0,35700.0,35100.0,35150.0,1967.0
2026-08-03 09:30:00+09:00,35150.0,35300.0,34800.0,34900.0,819.0
2026-08-03 09:40:00+09:00,34900.0,35000.0,34650.0,34950.0,422.0
2026-08-03 09:50:00+09:00,34900.0,35000.0,34900.0,34950.0,370.0
2026-08-03 10:00:00+09:00,34900.0,35300.0,34900.0,35150.0,581.0
2026-08-03 10:10:00+09:00,35150.0,35200.0,35000.0,35050.0,482.0
2026-08-03 10:20:00+09:00,35050.0,35150.0,35050.0,35100.0,347.0
2026-08-03 10:30:00+09:00,35100.0,35300.0,35000.0,35150.0,476.0
2026-08-03 10:40:00+09:00,35300.0,35300.0,35150.0,35300.0,207.0
2026-08-03 10:50:00+09:00,35250.0,35400.0,35250.0,35350.0,344.0
2026-08-03 11:00:00+09:00,35400.0,36050.0,35300.0,35850.0,4939.0
2026-08-03 11:10:00+09:00,35700.0,36000.0,35500.0,35650.0,2722.0
2026-08-03 11:20:00+09:00,35650.0,35650.0,35150.0,35450.0,1221.0
2026-08-03 11:30:00+09:00,35450.0,35450.0,35250.0,35450.0,1105.0
2026-08-03 11:40:00+09:00,35450.0,35450.0,35350.0,35450.0,405.0
2026-08-03 11:50:00+09:00,35450.0,35450.0,35300.0,35450.0,290.0
2026-08-03 12:00:00+09:00,35350.0,35400.0,35250.0,35350.0,260.0
2026-08-03 12:10:00+09:00,35300.0,35400.0,35250.0,35300.0,329.0
2026-08-03 12:20:00+09:00,35300.0,35350.0,35200.0,35250.0,909.0
2026-08-03 12:30:00+09:00,35300.0,35300.0,35200.0,35300.0,478.0
2026-08-03 12:40:00+09:00,35300.0,35350.0,35200.0,35200.0,268.0
2026-08-03 12:50:00+09:00,35200.0,35300.0,35100.0,35100.0,493.0
2026-08-03 13:00:00+09:00,35100.0,35300.0,35100.0,35200.0,640.0
2026-08-03 13:10:00+09:00,35200.0,35250.0,35200.0,35200.0,212.0
2026-08-03 13:20:00+09:00,35200.0,35300.0,35150.0,35250.0,786.0
2026-08-03 13:30:00+09:00,35100.0,35150.0,35000.0,35050.0,430.0
2026-08-03 13:40:00+09:00,35050.0,35650.0,35050.0,35050.0,4676.0
2026-08-03 13:50:00+09:00,35100.0,35250.0,35000.0,35050.0,598.0
2026-08-03 14:00:00+09:00,35100.0,35200.0,34950.0,35000.0,1611.0
2026-08-03 14:10:00+09:00,34950.0,35200.0,34950.0,35100.0,535.0
2026-08-03 14:20:00+09:00,35100.0,35100.0,34950.0,35050.0,912.0
2026-08-03 14:30:00+09:00,35050.0,35150.0,35000.0,35100.0,974.0
2026-08-03 14:40:00+09:00,35050.0,35100.0,34950.0,34950.0,758.0
2026-08-03 14:50:00+09:00,34950.0,35100.0,34900.0,34950.0,821.0
2026-08-04 09:00:00+09:00,34850.0,35350.0,34800.0,35350.0,1575.0
2026-08-04 09:10:00+09:00,35300.0,36050.0,35300.0,35850.0,2465.0
2026-08-04 09:20:00+09:00,35900.0,36150.0,35750.0,36000.0,2646.0
2026-08-04 09:30:00+09:00,36000.0,36100.0,35900.0,35900.0,913.0
2026-08-04 09:40:00+09:00,35950.0,36150.0,35900.0,35900.0,1703.0
2026-08-04 09:50:00+09:00,36050.0,36100.0,35700.0,36050.0,2553.0
2026-08-04 10:00:00+09:00,36050.0,36150.0,35950.0,36150.0,4605.0
2026-08-04 10:10:00+09:00,36150.0,36200.0,35950.0,35950.0,860.0
2026-08-04 10:20:00+09:00,35950.0,36200.0,35950.0,36100.0,335.0
2026-08-04 10:30:00+09:00,36150.0,36150.0,35800.0,36050.0,868.0
2026-08-04 10:40:00+09:00,35950.0,36250.0,35950.0,36100.0,3149.0
2026-08-04 10:50:00+09:00,36150.0,36350.0,36150.0,36250.0,3253.0
2026-08-04 11:00:00+09:00,36250.0,36300.0,36050.0,36200.0,2059.0
2026-08-04 11:10:00+09:00,36250.0,36450.0,36150.0,36300.0,5021.0
2026-08-04 11:20:00+09:00,36300.0,36550.0,36200.0,36500.0,4144.0
2026-08-04 11:30:00+09:00,36500.0,36550.0,36350.0,36500.0,595.0
2026-08-04 11:40:00+09:00,36400.0,36500.0,36250.0,36350.0,576.0
2026-08-04 11:50:00+09:00,36400.0,36450.0,36250.0,36350.0,476.0
2026-08-04 12:00:00+09:00,36400.0,36500.0,36250.0,36250.0,834.0
2026-08-04 12:10:00+09:00,36300.0,36550.0,36250.0,36550.0,2962.0
2026-08-04 12:20:00+09:00,36550.0,36650.0,36450.0,36450.0,2593.0
2026-08-04 12:30:00+09:00,36600.0,36750.0,36450.0,36650.0,2929.0
2026-08-04 12:40:00+09:00,36700.0,36750.0,36550.0,36650.0,725.0
2026-08-04 12:50:00+09:00,36700.0,36700.0,36550.0,36600.0,390.0
2026-08-04 13:00:00+09:00,36650.0,36750.0,36550.0,36650.0,307.0
2026-08-04 13:10:00+09:00,36650.0,36750.0,36500.0,36550.0,989.0
2026-08-04 13:20:00+09:00,36550.0,36700.0,36350.0,36600.0,1273.0
2026-08-04 13:30:00+09:00,36700.0,36750.0,36500.0,36700.0,1986.0
2026-08-04 13:40:00+09:00,36600.0,36750.0,36600.0,36600.0,612.0
2026-08-04 13:50:00+09:00,36700.0,36850.0,36700.0,36750.0,4177.0
2026-08-04 14:00:00+09:00,36700.0,36850.0,36500.0,36750.0,1253.0
2026-08-04 14:10:00+09:00,36700.0,36900.0,36700.0,36850.0,1457.0
2026-08-04 14:20:00+09:00,36900.0,37050.0,36850.0,37000.0,5008.0
2026-08-04 14:30:00+09:00,36950.0,37050.0,36850.0,36900.0,844.0
2026-08-04 14:40:00+09:00,36900.0,37000.0,36700.0,36900.0,2384.0
2026-08-04 14:50:00+09:00,36900.0,37000.0,36850.0,36850.0,656.0
2026-08-05 09:00:00+09:00,36750.0,37450.0,36750.0,37400.0,3933.0
2026-08-05 09:10:00+09:00,37450.0,37650.0,37350.0,37450.0,2392.0
2026-08-05 09:20:00+09:00,37450.0,37550.0,37000.0,37400.0,1365.0
2026-08-05 09:30:00+09:00,37150.0,37400.0,36800.0,36850.0,1306.0
2026-08-05 09:40:00+09:00,36850.0,37050.0,36800.0,36950.0,1103.0
2026-08-05 09:50:00+09:00,36950.0,37050.0,36950.0,37000.0,660.0
2026-08-05 10:00:00+09:00,36950.0,36950.0,36650.0,36850.0,1322.0
2026-08-05 10:10:00+09:00,36700.0,36850.0,36650.0,36750.0,747.0
2026-08-05 10:20:00+09:00,36750.0,36900.0,36650.0,36800.0,803.0
2026-08-05 10:30:00+09:00,36800.0,36850.0,36600.0,36600.0,802.0
2026-08-05 10:40:00+09:00,36600.0,36750.0,36500.0,36600.0,701.0
2026-08-05 10:50:00+09:00,36600.0,36850.0,36550.0,36650.0,1022.0
2026-08-05 11:00:00+09:00,36675.0,36700.0,36500.0,36650.0,715.0
2026-08-05 11:10:00+09:00,36600.0,36700.0,36400.0,36400.0,700.0
2026-08-05 11:20:00+09:00,36450.0,36600.0,36400.0,36525.0,744.0
2026-08-05 11:30:00+09:00,36450.0,36600.0,36350.0,36400.0,838.0
2026-08-05 11:40:00+09:00,36400.0,36500.0,36300.0,36300.0,1175.0
2026-08-05 11:50:00+09:00,36350.0,36500.0,36300.0,36500.0,592.0
2026-08-05 12:00:00+09:00,36500.0,36600.0,36450.0,36500.0,698.0
2026-08-05 12:10:00+09:00,36450.0,36550.0,36400.0,36450.0,549.0
2026-08-05 12:20:00+09:00,36450.0,36600.0,36400.0,36500.0,775.0
2026-08-05 12:30:00+09:00,36450.0,36500.0,36350.0,36450.0,574.0
2026-08-05 12:40:00+09:00,36450.0,36650.0,36350.0,36450.0,1499.0
2026-08-05 12:50:00+09:00,36450.0,36500.0,36400.0,36400.0,297.0
2026-08-05 13:00:00+09:00,36400.0,36450.0,36200.0,36250.0,3220.0
2026-08-05 13:10:00+09:00,36250.0,36300.0,36150.0,36150.0,403.0
2026-08-05 13:20:00+09:00,36150.0,36200.0,36100.0,36100.0,1034.0
2026-08-05 13:30:00+09:00,36100.0,36150.0,36000.0,36050.0,890.0
2026-08-05 13:40:00+09:00,36050.0,36100.0,36000.0,36050.0,1014.0
2026-08-05 13:50:00+09:00,36050.0,36150.0,36000.0,36050.0,908.0
2026-08-05 14:00:00+09:00,36050.0,36150.0,36050.0,36100.0,490.0
2026-08-05 14:10:00+09:00,36100.0,36150.0,36050.0,36050.0,866.0
2026-08-05 14:20:00+09:00,36050.0,36100.0,36000.0,36050.0,982.0
2026-08-05 14:30:00+09:00,36050.0,36150.0,36050.0,36150.0,1041.0
2026-08-05 14:40:00+09:00,36100.0,36300.0,36050.0,36300.0,1119.0
2026-08-05 14:50:00+09:00,36350.0,36400.0,36250.0,36350.0,1846.0
2026-08-06 09:00:00+09:00,36350.0,36600.0,36250.0,36550.0,854.0
2026-08-06 09:10:00+09:00,36550.0,36950.0,36500.0,36900.0,1953.0
2026-08-06 09:20:00+09:00,36900.0,37000.0,36600.0,36850.0,2070.0
2026-08-06 09:30:00+09:00,36850.0,37050.0,36800.0,36800.0,1598.0
2026-08-06 09:40:00+09:00,36900.0,37250.0,36900.0,37100.0,5728.0
2026-08-06 09:50:00+09:00,37050.0,37150.0,36850.0,37050.0,1836.0
2026-08-06 10:00:00+09:00,37100.0,37200.0,36950.0,36950.0,2203.0
2026-08-06 10:10:00+09:00,36900.0,37100.0,36850.0,36900.0,2125.0
2026-08-06 10:20:00+09:00,36850.0,36950.0,36700.0,36850.0,533.0
2026-08-06 10:30:00+09:00,36850.0,36900.0,36750.0,36750.0,578.0
2026-08-06 10:40:00+09:00,36750.0,36950.0,36700.0,36950.0,468.0
2026-08-06 10:50:00+09:00,36850.0,36900.0,36750.0,36900.0,265.0
2026-08-06 11:00:00+09:00,36800.0,36950.0,36750.0,36900.0,380.0
2026-08-06 11:10:00+09:00,36900.0,36950.0,36800.0,36900.0,537.0
2026-08-06 11:20:00+09:00,36950.0,36950.0,36750.0,36900.0,367.0
2026-08-06 11:30:00+09:00,36850.0,37000.0,36800.0,37000.0,1067.0
2026-08-06 11:40:00+09:00,36800.0,37000.0,36800.0,37000.0,229.0
2026-08-06 11:50:00+09:00,37000.0,37000.0,36950.0,37000.0,314.0
2026-08-06 12:00:00+09:00,37000.0,37050.0,36900.0,36900.0,343.0
2026-08-06 12:10:00+09:00,36900.0,37000.0,36850.0,36950.0,772.0
2026-08-06 12:20:00+09:00,36950.0,36950.0,36850.0,36900.0,1766.0
2026-08-06 12:30:00+09:00,36900.0,36950.0,36800.0,36850.0,528.0
2026-08-06 12:40:00+09:00,36900.0,36900.0,36800.0,36900.0,421.0
2026-08-06 12:50:00+09:00,36900.0,36950.0,36750.0,36950.0,589.0
2026-08-06 13:00:00+09:00,36925.0,36950.0,36700.0,36900.0,482.0
2026-08-06 13:10:00+09:00,36900.0,36900.0,36750.0,36900.0,806.0
2026-08-06 13:20:00+09:00,36900.0,36900.0,36800.0,36850.0,803.0
2026-08-06 13:30:00+09:00,36850.0,36900.0,36800.0,36850.0,810.0
2026-08-06 13:40:00+09:00,36850.0,36950.0,36800.0,36900.0,2740.0
2026-08-06 13:50:00+09:00,36900.0,37150.0,36900.0,37100.0,5088.0
2026-08-06 14:00:00+09:00,37100.0,37100.0,37000.0,37000.0,350.0
2026-08-06 14:10:00+09:00,37000.0,37050.0,36950.0,36950.0,1148.0
2026-08-06 14:20:00+09:00,36950.0,37050.0,36900.0,37000.0,1147.0
2026-08-06 14:30:00+09:00,37000.0,37000.0,36900.0,36950.0,253.0
2026-08-06 14:40:00+09:00,36900.0,36950.0,36800.0,36900.0,838.0
2026-08-06 14:50:00+09:00,36900.0,36950.0,36800.0,36950.0,542.0
2026-08-07 09:00:00+09:00,36950.0,37450.0,36800.0,37350.0,1661.0
2026-08-07 09:10:00+09:00,37350.0,37400.0,37050.0,37300.0,574.0
2026-08-07 09:20:00+09:00,37250.0,37450.0,37000.0,37300.0,1354.0
2026-08-07 09:30:00+09:00,37300.0,37550.0,36950.0,37500.0,4954.0
2026-08-07 09:40:00+09:00,37500.0,37600.0,37400.0,37550.0,901.0
2026-08-07 09:50:00+09:00,37550.0,37550.0,37400.0,37500.0,736.0
2026-08-07 10:00:00+09:00,37500.0,37700.0,37450.0,37450.0,2182.0
2026-08-07 10:10:00+09:00,37450.0,37550.0,37250.0,37400.0,578.0
2026-08-07 10:20:00+09:00,37400.0,37600.0,37150.0,37600.0,1030.0
2026-08-07 10:30:00+09:00,37600.0,37600.0,37250.0,37250.0,956.0
2026-08-07 10:40:00+09:00,37200.0,37400.0,37200.0,37400.0,642.0
2026-08-07 10:50:00+09:00,37400.0,37450.0,37150.0,37400.0,1305.0
2026-08-07 11:00:00+09:00,37350.0,37450.0,37300.0,37300.0,625.0
2026-08-07 11:10:00+09:00,37400.0,37450.0,37300.0,37450.0,686.0
2026-08-07 11:20:00+09:00,37300.0,37450.0,37200.0,37300.0,473.0
2026-08-07 11:30:00+09:00,37350.0,37450.0,37250.0,37400.0,521.0
2026-08-07 11:40:00+09:00,37400.0,37500.0,37250.0,37450.0,358.0
2026-08-07 11:50:00+09:00,37450.0,37500.0,37250.0,37450.0,299.0
2026-08-07 12:00:00+09:00,37450.0,37500.0,37300.0,37400.0,555.0
2026-08-07 12:10:00+09:00,37400.0,37450.0,37300.0,37400.0,480.0
2026-08-07 12:20:00+09:00,37400.0,37500.0,37300.0,37450.0,316.0
2026-08-07 12:30:00+09:00,37450.0,37500.0,37400.0,37450.0,306.0
2026-08-07 12:40:00+09:00,37400.0,37500.0,37300.0,37400.0,405.0
2026-08-07 12:50:00+09:00,37450.0,37450.0,37300.0,37400.0,245.0
2026-08-07 13:00:00+09:00,37400.0,37500.0,37350.0,37500.0,640.0
2026-08-07 13:10:00+09:00,37500.0,37550.0,37450.0,37550.0,1090.0
2026-08-07 13:20:00+09:00,37550.0,37600.0,37500.0,37550.0,708.0
2026-08-07 13:30:00+09:00,37550.0,37600.0,37500.0,37550.0,398.0
2026-08-07 13:40:00+09:00,37600.0,37600.0,37400.0,37500.0,545.0
2026-08-07 13:50:00+09:00,37500.0,37550.0,37400.0,37500.0,1659.0
2026-08-07 14:00:00+09:00,37450.0,37600.0,37450.0,37550.0,911.0
2026-08-07 14:10:00+09:00,37550.0,37600.0,37350.0,37450.0,538.0
2026-08-07 14:20:00+09:00,37450.0,37550.0,37400.0,37550.0,621.0
2026-08-07 14:30:00+09:00,37550.0,37550.0,37400.0,37550.0,571.0
2026-08-07 14:40:00+09:00,37550.0,37600.0,37400.0,37600.0,1413.0
2026-08-07 14:50:00+09:00,37600.0,37650.0,37550.0,37600.0,2160.0
2026-08-10 09:00:00+09:00,37750.0,38050.0,37450.0,37650.0,846.0
2026-08-10 09:10:00+09:00,37650.0,37950.0,37250.0,37250.0,605.0
2026-08-10 09:20:00+09:00,37350.0,37400.0,37200.0,37350.0,668.0
2026-08-10 09:30:00+09:00,37350.0,37450.0,37250.0,37300.0,670.0
2026-08-10 09:40:00+09:00,37300.0,37750.0,37300.0,37550.0,266.0
2026-08-10 09:50:00+09:00,37550.0,37700.0,37500.0,37650.0,432.0
2026-08-10 10:00:00+09:00,37650.0,37800.0,37350.0,37650.0,728.0
2026-08-10 10:10:00+09:00,37600.0,37700.0,37500.0,37700.0,231.0
2026-08-10 10:20:00+09:00,37700.0,37950.0,37550.0,37600.0,2013.0
2026-08-10 10:30:00+09:00,37600.0,37800.0,37550.0,37800.0,385.0
2026-08-10 10:40:00+09:00,37750.0,37800.0,37650.0,37700.0,1051.0
2026-08-10 10:50:00+09:00,37700.0,37850.0,37600.0,37700.0,613.0
2026-08-10 11:00:00+09:00,37700.0,37800.0,37600.0,37800.0,398.0
2026-08-10 11:10:00+09:00,37800.0,37800.0,37650.0,37700.0,598.0
2026-08-10 11:20:00+09:00,37700.0,37800.0,37700.0,37750.0,214.0
2026-08-10 11:30:00+09:00,37750.0,37850.0,37750.0,37850.0,288.0
2026-08-10 11:40:00+09:00,37800.0,37850.0,37750.0,37800.0,367.0
2026-08-10 11:50:00+09:00,37750.0,37800.0,37600.0,37600.0,771.0
2026-08-10 12:00:00+09:00,37650.0,37650.0,37500.0,37600.0,489.0
2026-08-10 12:10:00+09:00,37600.0,37600.0,37550.0,37550.0,48.0
2026-08-10 12:20:00+09:00,37550.0,37600.0,37500.0,37600.0,581.0
2026-08-10 12:30:00+09:00,37600.0,37650.0,37550.0,37600.0,390.0
2026-08-10 12:40:00+09:00,37650.0,37650.0,37550.0,37600.0,401.0
2026-08-10 12:50:00+09:00,37600.0,37600.0,37550.0,37600.0,197.0
2026-08-10 13:00:00+09:00,37600.0,37600.0,37550.0,37600.0,504.0
2026-08-10 13:10:00+09:00,37600.0,37650.0,37550.0,37600.0,441.0
2026-08-10 13:20:00+09:00,37600.0,37600.0,37550.0,37550.0,25.0
2026-08-10 13:30:00+09:00,37600.0,37600.0,37550.0,37600.0,41.0
2026-08-10 13:40:00+09:00,37550.0,37550.0,37400.0,37500.0,1491.0
2026-08-10 13:50:00+09:00,37550.0,37550.0,37500.0,37500.0,111.0
2026-08-10 14:00:00+09:00,37500.0,37750.0,37500.0,37700.0,1269.0
2026-08-10 14:10:00+09:00,37750.0,37750.0,37650.0,37650.0,462.0
2026-08-10 14:20:00+09:00,37650.0,37675.0,37550.0,37600.0,276.0
2026-08-10 14:30:00+09:00,37550.0,37700.0,37550.0,37650.0,811.0
2026-08-10 14:40:00+09:00,37600.0,37700.0,37600.0,37650.0,438.0
2026-08-10 14:50:00+09:00,37650.0,37800.0,37600.0,37750.0,650.0
2026-08-11 09:00:00+09:00,37800.0,37800.0,37350.0,37550.0,913.0
2026-08-11 09:10:00+09:00,37600.0,37600.0,37350.0,37400.0,1502.0
2026-08-11 09:20:00+09:00,37400.0,37950.0,37400.0,37850.0,2771.0
2026-08-11 09:30:00+09:00,37850.0,37850.0,37650.0,37800.0,1131.0
2026-08-11 09:40:00+09:00,37750.0,37800.0,37700.0,37700.0,481.0
2026-08-11 09:50:00+09:00,37650.0,37750.0,37350.0,37450.0,3484.0
2026-08-11 10:00:00+09:00,37500.0,37850.0,37500.0,37650.0,1379.0
2026-08-11 10:10:00+09:00,37600.0,37800.0,37600.0,37650.0,894.0
2026-08-11 10:20:00+09:00,37650.0,37650.0,37550.0,37550.0,2046.0
2026-08-11 10:30:00+09:00,37550.0,37700.0,37475.0,37700.0,2067.0
2026-08-11 10:40:00+09:00,37650.0,37750.0,37550.0,37550.0,1760.0
2026-08-11 10:50:00+09:00,37600.0,37600.0,37400.0,37450.0,1473.0
2026-08-11 11:00:00+09:00,37425.0,37550.0,37400.0,37400.0,1342.0
2026-08-11 11:10:00+09:00,37400.0,37550.0,37350.0,37500.0,1308.0
2026-08-11 11:20:00+09:00,37550.0,37550.0,37400.0,37450.0,797.0
2026-08-11 11:30:00+09:00,37450.0,37450.0,37400.0,37400.0,752.0
2026-08-11 11:40:00+09:00,37450.0,37450.0,37400.0,37400.0,939.0
2026-08-11 11:50:00+09:00,37450.0,37450.0,37250.0,37250.0,1459.0
2026-08-11 12:00:00+09:00,37250.0,37300.0,37150.0,37150.0,1957.0
2026-08-11 12:10:00+09:00,37150.0,37300.0,37150.0,37250.0,1306.0
2026-08-11 12:20:00+09:00,37200.0,37300.0,37150.0,37200.0,957.0
2026-08-11 12:30:00+09:00,37200.0,37200.0,37150.0,37150.0,859.0
2026-08-11 12:40:00+09:00,37100.0,37150.0,36950.0,36975.0,1254.0
2026-08-11 12:50:00+09:00,36975.0,37250.0,36950.0,37050.0,1887.0
2026-08-11 13:00:00+09:00,37000.0,37100.0,36850.0,36850.0,815.0
2026-08-11 13:10:00+09:00,36900.0,36950.0,36850.0,36900.0,1132.0
2026-08-11 13:20:00+09:00,36900.0,36900.0,36600.0,36750.0,4512.0
2026-08-11 13:30:00+09:00,36750.0,36850.0,36650.0,36850.0,4050.0
2026-08-11 13:40:00+09:00,36850.0,36950.0,36800.0,36950.0,1142.0
2026-08-11 13:50:00+09:00,36950.0,36950.0,36800.0,36900.0,1200.0
2026-08-11 14:00:00+09:00,36900.0,37050.0,36900.0,37000.0,1219.0
2026-08-11 14:10:00+09:00,37000.0,37000.0,36900.0,37000.0,1098.0
2026-08-11 14:20:00+09:00,37000.0,37100.0,36900.0,36925.0,1204.0
2026-08-11 14:30:00+09:00,36950.0,37150.0,36950.0,37150.0,1982.0
2026-08-11 14:40:00+09:00,37150.0,37150.0,36950.0,37000.0,1143.0
2026-08-11 14:50:00+09:00,37000.0,37050.0,36900.0,37000.0,1325.0
2026-08-12 09:00:00+09:00,37150.0,37450.0,37000.0,37200.0,1231.0
2026-08-12 09:10:00+09:00,37050.0,37150.0,36900.0,37050.0,283.0
2026-08-12 09:20:00+09:00,37100.0,37150.0,36950.0,37050.0,1281.0
2026-08-12 09:30:00+09:00,37100.0,37150.0,36900.0,36950.0,1825.0
2026-08-12 09:40:00+09:00,36900.0,36950.0,36850.0,36950.0,551.0
2026-08-12 09:50:00+09:00,36950.0,37350.0,36950.0,37050.0,1541.0
2026-08-12 10:00:00+09:00,37100.0,37300.0,37100.0,37200.0,886.0
2026-08-12 10:10:00+09:00,37150.0,37200.0,36950.0,36950.0,502.0
2026-08-12 10:20:00+09:00,36950.0,37050.0,36900.0,37000.0,764.0
2026-08-12 10:30:00+09:00,36950.0,37000.0,36850.0,36950.0,1864.0
2026-08-12 10:40:00+09:00,36950.0,36950.0,36750.0,36850.0,1605.0
2026-08-12 10:50:00+09:00,36850.0,36900.0,36850.0,36900.0,668.0
2026-08-12 11:00:00+09:00,36900.0,36900.0,36700.0,36750.0,759.0
2026-08-12 11:10:00+09:00,36750.0,36750.0,36550.0,36600.0,2194.0
2026-08-12 11:20:00+09:00,36600.0,36600.0,36350.0,36500.0,1321.0
2026-08-12 11:30:00+09:00,36450.0,36550.0,36400.0,36450.0,1867.0
2026-08-12 11:40:00+09:00,36450.0,36600.0,36450.0,36600.0,902.0
2026-08-12 11:50:00+09:00,36600.0,36600.0,36450.0,36500.0,1658.0
2026-08-12 12:00:00+09:00,36500.0,36600.0,36200.0,36500.0,4492.0
2026-08-12 12:10:00+09:00,36500.0,36500.0,36350.0,36450.0,1623.0
2026-08-12 12:20:00+09:00,36400.0,36600.0,36400.0,36500.0,1286.0
2026-08-12 12:30:00+09:00,36500.0,36550.0,36350.0,36500.0,1218.0
2026-08-12 12:40:00+09:00,36450.0,36650.0,36450.0,36600.0,1027.0
2026-08-12 12:50:00+09:00,36600.0,36600.0,36550.0,36600.0,818.0
2026-08-12 13:00:00+09:00,36600.0,36650.0,36550.0,36550.0,1304.0
2026-08-12 13:10:00+09:00,36600.0,36600.0,36450.0,36450.0,798.0
2026-08-12 13:20:00+09:00,36500.0,36500.0,36350.0,36400.0,3125.0
2026-08-12 13:30:00+09:00,36400.0,36500.0,36350.0,36500.0,1246.0
2026-08-12 13:40:00+09:00,36500.0,36600.0,36400.0,36500.0,2169.0
2026-08-12 13:50:00+09:00,36500.0,36550.0,36400.0,36400.0,537.0
2026-08-12 14:00:00+09:00,36450.0,36550.0,36400.0,36500.0,1097.0
2026-08-12 14:10:00+09:00,36500.0,36500.0,36350.0,36400.0,656.0
2026-08-12 14:20:00+09:00,36400.0,36450.0,36300.0,36400.0,2726.0
2026-08-12 14:30:00+09:00,36450.0,36650.0,36350.0,36500.0,1837.0
2026-08-12 14:40:00+09:00,36550.0,36600.0,36450.0,36500.0,573.0
2026-08-12 14:50:00+09:00,36550.0,36550.0,36450.0,36450.0,1432.0
2026-08-13 09:00:00+09:00,37000.0,38450.0,37000.0,38400.0,8623.0
2026-08-13 09:10:00+09:00,38350.0,38450.0,37900.0,38100.0,9050.0
2026-08-13 09:20:00+09:00,38100.0,38350.0,38000.0,38200.0,4364.0
2026-08-13 09:30:00+09:00,38250.0,38550.0,38100.0,38450.0,8081.0
2026-08-13 09:40:00+09:00,38400.0,38700.0,38350.0,38500.0,6617.0
2026-08-13 09:50:00+09:00,38450.0,38500.0,38100.0,38100.0,1022.0
2026-08-13 10:00:00+09:00,38050.0,38100.0,37800.0,38000.0,2438.0
2026-08-13 10:10:00+09:00,38000.0,38050.0,37600.0,37750.0,2674.0
2026-08-13 10:20:00+09:00,37750.0,37900.0,37700.0,37900.0,816.0
2026-08-13 10:30:00+09:00,37900.0,38050.0,37850.0,37850.0,1238.0
2026-08-13 10:40:00+09:00,37850.0,37900.0,37450.0,37750.0,1486.0
2026-08-13 10:50:00+09:00,37650.0,37900.0,37600.0,37600.0,972.0
2026-08-13 11:00:00+09:00,37600.0,37650.0,37450.0,37550.0,774.0
2026-08-13 11:10:00+09:00,37550.0,37600.0,37250.0,37400.0,1060.0
2026-08-13 11:20:00+09:00,37350.0,37500.0,37300.0,37300.0,1268.0
2026-08-13 11:30:00+09:00,37350.0,37350.0,37200.0,37250.0,1131.0
2026-08-13 11:40:00+09:00,37300.0,37400.0,37300.0,37350.0,850.0
2026-08-13 11:50:00+09:00,37300.0,37550.0,37250.0,37550.0,2127.0
2026-08-13 12:00:00+09:00,37500.0,37600.0,37450.0,37500.0,827.0
2026-08-13 12:10:00+09:00,37500.0,37550.0,37350.0,37400.0,1045.0
2026-08-13 12:20:00+09:00,37400.0,37450.0,37300.0,37350.0,1266.0
2026-08-13 12:30:00+09:00,37350.0,37400.0,37300.0,37300.0,469.0
2026-08-13 12:40:00+09:00,37350.0,37400.0,37300.0,37350.0,348.0
2026-08-13 12:50:00+09:00,37350.0,37400.0,37250.0,37350.0,716.0
2026-08-13 13:00:00+09:00,37300.0,37650.0,37250.0,37350.0,1237.0
2026-08-13 13:10:00+09:00,37300.0,37400.0,37150.0,37400.0,957.0
2026-08-13 13:20:00+09:00,37300.0,37500.0,37300.0,37350.0,771.0
2026-08-13 13:30:00+09:00,37350.0,37450.0,37350.0,37400.0,433.0
2026-08-13 13:40:00+09:00,37400.0,37500.0,37400.0,37450.0,617.0
2026-08-13 13:50:00+09:00,37400.0,37450.0,37100.0,37200.0,1942.0
2026-08-13 14:00:00+09:00,37200.0,37300.0,37150.0,37250.0,368.0
2026-08-13 14:10:00+09:00,37250.0,37300.0,37150.0,37250.0,754.0
2026-08-13 14:20:00+09:00,37200.0,37250.0,37150.0,37200.0,794.0
2026-08-13 14:30:00+09:00,37250.0,37250.0,37100.0,37100.0,963.0
2026-08-13 14:40:00+09:00,37150.0,37150.0,37100.0,37100.0,583.0
2026-08-13 14:50:00+09:00,37100.0,37150.0,36950.0,36950.0,1434.0
2026-08-14 09:00:00+09:00,37200.0,37850.0,37150.0,37700.0,2770.0
2026-08-14 09:10:00+09:00,37650.0,37650.0,37350.0,37500.0,798.0
2026-08-14 09:20:00+09:00,37550.0,37700.0,37400.0,37400.0,1021.0
2026-08-14 09:30:00+09:00,37400.0,37750.0,37000.0,37050.0,2132.0
2026-08-14 09:40:00+09:00,37150.0,37150.0,36950.0,37000.0,886.0
2026-08-14 09:50:00+09:00,36950.0,37150.0,36950.0,37150.0,521.0
2026-08-14 10:00:00+09:00,37150.0,37550.0,37100.0,37450.0,2310.0
2026-08-14 10:10:00+09:00,37450.0,37550.0,37250.0,37500.0,2546.0
2026-08-14 10:20:00+09:00,37350.0,37700.0,37250.0,37550.0,1254.0
2026-08-14 10:30:00+09:00,37550.0,38000.0,37500.0,37850.0,2767.0
2026-08-14 10:40:00+09:00,37900.0,38150.0,37600.0,38000.0,1522.0
2026-08-14 10:50:00+09:00,38000.0,38150.0,37850.0,38050.0,1293.0
2026-08-14 11:00:00+09:00,38100.0,38150.0,37600.0,37600.0,1113.0
2026-08-14 11:10:00+09:00,37650.0,37650.0,37500.0,37550.0,518.0
2026-08-14 11:20:00+09:00,37550.0,37600.0,37400.0,37400.0,395.0
2026-08-14 11:30:00+09:00,37400.0,37550.0,37400.0,37400.0,811.0
2026-08-14 11:40:00+09:00,37450.0,37650.0,37250.0,37500.0,418.0
2026-08-14 11:50:00+09:00,37500.0,37550.0,37450.0,37450.0,177.0
2026-08-14 12:00:00+09:00,37500.0,37650.0,37400.0,37450.0,658.0
2026-08-14 12:10:00+09:00,37450.0,37700.0,37400.0,37600.0,743.0
2026-08-14 12:20:00+09:00,37550.0,37700.0,37450.0,37700.0,558.0
2026-08-14 12:30:00+09:00,37700.0,37700.0,37550.0,37600.0,325.0
2026-08-14 12:40:00+09:00,37600.0,37600.0,37400.0,37600.0,703.0
2026-08-14 12:50:00+09:00,37600.0,37700.0,37500.0,37600.0,313.0
2026-08-14 13:00:00+09:00,37550.0,37750.0,37500.0,37550.0,771.0
2026-08-14 13:10:00+09:00,37600.0,37700.0,37550.0,37650.0,514.0
2026-08-14 13:20:00+09:00,37700.0,37700.0,37500.0,37500.0,451.0
2026-08-14 13:30:00+09:00,37550.0,37550.0,37400.0,37500.0,410.0
2026-08-14 13:40:00+09:00,37500.0,37700.0,37500.0,37550.0,915.0
2026-08-14 13:50:00+09:00,37550.0,37650.0,37250.0,37450.0,3875.0
2026-08-14 14:00:00+09:00,37500.0,37650.0,37200.0,37500.0,816.0
2026-08-14 14:10:00+09:00,37550.0,37550.0,37350.0,37500.0,446.0
2026-08-14 14:20:00+09:00,37400.0,37550.0,37350.0,37400.0,830.0
2026-08-14 14:30:00+09:00,37450.0,37450.0,37300.0,37350.0,388.0
2026-08-14 14:40:00+09:00,37350.0,37400.0,37350.0,37400.0,216.0
2026-08-14 14:50:00+09:00,37400.0,37475.0,37350.0,37400.0,630.0
2026-08-18 09:00:00+09:00,37700.0,38050.0,37500.0,37950.0,1028.0
2026-08-18 09:10:00+09:00,37950.0,38400.0,37800.0,37950.0,2095.0
2026-08-18 09:20:00+09:00,38050.0,38050.0,37450.0,37500.0,1733.0
2026-08-18 09:30:00+09:00,37500.0,37500.0,37050.0,37350.0,2387.0
2026-08-18 09:40:00+09:00,37350.0,37500.0,37150.0,37400.0,1504.0
2026-08-18 09:50:00+09:00,37550.0,37800.0,37550.0,37750.0,1244.0
2026-08-18 10:00:00+09:00,37750.0,37850.0,37600.0,37600.0,650.0
2026-08-18 10:10:00+09:00,37650.0,37700.0,37550.0,37550.0,434.0
2026-08-18 10:20:00+09:00,37550.0,37600.0,37250.0,37250.0,537.0
2026-08-18 10:30:00+09:00,37300.0,37550.0,37250.0,37400.0,517.0
2026-08-18 10:40:00+09:00,37350.0,37550.0,37300.0,37400.0,437.0
2026-08-18 10:50:00+09:00,37400.0,37450.0,37300.0,37400.0,512.0
2026-08-18 11:00:00+09:00,37400.0,37500.0,37350.0,37450.0,273.0
2026-08-18 11:10:00+09:00,37450.0,37550.0,37400.0,37450.0,327.0
2026-08-18 11:20:00+09:00,37500.0,37550.0,37450.0,37500.0,271.0
2026-08-18 11:30:00+09:00,37550.0,37550.0,37250.0,37400.0,773.0
2026-08-18 11:40:00+09:00,37400.0,37400.0,37300.0,37300.0,485.0
2026-08-18 11:50:00+09:00,37300.0,37500.0,37300.0,37350.0,406.0
2026-08-18 12:00:00+09:00,37400.0,37500.0,37300.0,37350.0,836.0
2026-08-18 12:10:00+09:00,37350.0,37500.0,37350.0,37400.0,329.0
2026-08-18 12:20:00+09:00,37400.0,37400.0,37250.0,37300.0,457.0
2026-08-18 12:30:00+09:00,37300.0,37400.0,37250.0,37350.0,501.0
2026-08-18 12:40:00+09:00,37350.0,37400.0,37300.0,37300.0,791.0
2026-08-18 12:50:00+09:00,37350.0,37400.0,37200.0,37300.0,578.0
2026-08-18 13:00:00+09:00,37300.0,37500.0,37250.0,37400.0,450.0
2026-08-18 13:10:00+09:00,37400.0,37450.0,37350.0,37400.0,307.0
2026-08-18 13:20:00+09:00,37400.0,37450.0,37350.0,37400.0,530.0
2026-08-18 13:30:00+09:00,37400.0,37550.0,37350.0,37500.0,1401.0
2026-08-18 13:40:00+09:00,37550.0,37700.0,37500.0,37700.0,683.0
2026-08-18 13:50:00+09:00,37550.0,37800.0,37550.0,37700.0,495.0
2026-08-18 14:00:00+09:00,37700.0,37800.0,37650.0,37700.0,530.0
2026-08-18 14:10:00+09:00,37700.0,37750.0,37600.0,37700.0,710.0
2026-08-18 14:20:00+09:00,37700.0,37800.0,37600.0,37700.0,535.0
2026-08-18 14:30:00+09:00,37650.0,37750.0,37550.0,37600.0,801.0
2026-08-18 14:40:00+09:00,37550.0,37700.0,37500.0,37600.0,439.0
2026-08-18 14:50:00+09:00,37600.0,37700.0,37550.0,37550.0,1021.0
2026-08-19 09:00:00+09:00,37350.0,37350.0,36500.0,36700.0,1954.0
2026-08-19 09:10:00+09:00,36650.0,36750.0,36550.0,36750.0,1697.0
2026-08-19 09:20:00+09:00,36650.0,36800.0,36600.0,36650.0,1177.0
2026-08-19 09:30:00+09:00,36650.0,36750.0,36550.0,36650.0,1593.0
2026-08-19 09:40:00+09:00,36650.0,36650.0,36500.0,36600.0,1013.0
2026-08-19 09:50:00+09:00,36550.0,36750.0,36550.0,36600.0,5270.0
2026-08-19 10:00:00+09:00,36650.0,37250.0,36600.0,36850.0,3704.0
2026-08-19 10:10:00+09:00,36800.0,37050.0,36800.0,36850.0,748.0
2026-08-19 10:20:00+09:00,36800.0,37000.0,36650.0,36900.0,1093.0
2026-08-19 10:30:00+09:00,36900.0,36950.0,36650.0,36800.0,1013.0
2026-08-19 10:40:00+09:00,36850.0,37000.0,36650.0,36800.0,1144.0
2026-08-19 10:50:00+09:00,36750.0,36800.0,36600.0,36650.0,1230.0
2026-08-19 11:00:00+09:00,36650.0,36650.0,36500.0,36550.0,1028.0
2026-08-19 11:10:00+09:00,36550.0,36550.0,36450.0,36550.0,1640.0
2026-08-19 11:20:00+09:00,36500.0,36600.0,36500.0,36550.0,914.0
2026-08-19 11:30:00+09:00,36550.0,36650.0,36450.0,36550.0,944.0
2026-08-19 11:40:00+09:00,36550.0,36650.0,36500.0,36600.0,777.0
2026-08-19 11:50:00+09:00,36550.0,36550.0,36450.0,36550.0,845.0
2026-08-19 12:00:00+09:00,36550.0,36650.0,36450.0,36500.0,1117.0
2026-08-19 12:10:00+09:00,36450.0,36650.0,36450.0,36650.0,1094.0
2026-08-19 12:20:00+09:00,36600.0,36700.0,36550.0,36700.0,907.0
2026-08-19 12:30:00+09:00,36600.0,36700.0,36550.0,36700.0,756.0
2026-08-19 12:40:00+09:00,36650.0,36700.0,36550.0,36600.0,1052.0
2026-08-19 12:50:00+09:00,36550.0,36750.0,36500.0,36750.0,984.0
2026-08-19 13:00:00+09:00,36700.0,36750.0,36550.0,36600.0,887.0
2026-08-19 13:10:00+09:00,36600.0,36650.0,36550.0,36600.0,543.0
2026-08-19 13:20:00+09:00,36600.0,36950.0,36500.0,36950.0,1541.0
2026-08-19 13:30:00+09:00,36900.0,36950.0,36600.0,36950.0,1470.0
2026-08-19 13:40:00+09:00,36900.0,36950.0,36750.0,36800.0,629.0
2026-08-19 13:50:00+09:00,36750.0,36900.0,36600.0,36850.0,1112.0
2026-08-19 14:00:00+09:00,36800.0,36950.0,36700.0,36950.0,1106.0
2026-08-19 14:10:00+09:00,36950.0,37000.0,36800.0,36950.0,905.0
2026-08-19 14:20:00+09:00,36900.0,37050.0,36800.0,37000.0,1037.0
2026-08-19 14:30:00+09:00,37000.0,37050.0,36750.0,36850.0,2348.0
2026-08-19 14:40:00+09:00,36800.0,36950.0,36700.0,36700.0,1869.0
2026-08-19 14:50:00+09:00,36700.0,36850.0,36700.0,36750.0,1413.0
2026-08-20 09:00:00+09:00,36900.0,37500.0,36700.0,37200.0,1466.0
2026-08-20 09:10:00+09:00,37150.0,37950.0,37150.0,37800.0,3917.0
2026-08-20 09:20:00+09:00,37800.0,38300.0,37800.0,38100.0,3319.0
2026-08-20 09:30:00+09:00,38100.0,38450.0,37850.0,38000.0,2803.0
2026-08-20 09:40:00+09:00,37950.0,37950.0,37700.0,37750.0,1360.0
2026-08-20 09:50:00+09:00,37750.0,37950.0,37650.0,37650.0,1164.0
2026-08-20 10:00:00+09:00,37750.0,37900.0,37550.0,37600.0,566.0
2026-08-20 10:10:00+09:00,37500.0,37850.0,37350.0,37800.0,1597.0
2026-08-20 10:20:00+09:00,37800.0,37950.0,37650.0,37850.0,349.0
2026-08-20 10:30:00+09:00,37850.0,37950.0,37600.0,37800.0,200.0
2026-08-20 10:40:00+09:00,37800.0,37900.0,37450.0,37850.0,418.0
2026-08-20 10:50:00+09:00,37850.0,38100.0,37800.0,38000.0,2681.0
2026-08-20 11:00:00+09:00,37950.0,38100.0,37800.0,37800.0,1235.0
2026-08-20 11:10:00+09:00,37800.0,38000.0,37800.0,37950.0,482.0
2026-08-20 11:20:00+09:00,37900.0,37950.0,37850.0,37850.0,2252.0
2026-08-20 11:30:00+09:00,37900.0,37900.0,37850.0,37900.0,100.0
2026-08-20 11:40:00+09:00,37900.0,37950.0,37850.0,37850.0,2497.0
2026-08-20 11:50:00+09:00,37850.0,37950.0,37850.0,37950.0,336.0
2026-08-20 12:00:00+09:00,38000.0,38050.0,37950.0,38050.0,554.0
2026-08-20 12:10:00+09:00,38050.0,38050.0,38000.0,38050.0,1408.0
2026-08-20 12:20:00+09:00,38000.0,38100.0,37900.0,38000.0,3627.0
2026-08-20 12:30:00+09:00,37900.0,38000.0,37900.0,37950.0,649.0
2026-08-20 12:40:00+09:00,38000.0,38050.0,37950.0,37950.0,1564.0
2026-08-20 12:50:00+09:00,37950.0,38050.0,37950.0,38050.0,1497.0
2026-08-20 13:00:00+09:00,38050.0,38100.0,38000.0,38050.0,1004.0
2026-08-20 13:10:00+09:00,38100.0,38100.0,38000.0,38000.0,2750.0
2026-08-20 13:20:00+09:00,37950.0,38000.0,37950.0,38000.0,1489.0
2026-08-20 13:30:00+09:00,37950.0,38100.0,37950.0,38050.0,1244.0
2026-08-20 13:40:00+09:00,38050.0,38200.0,38000.0,38150.0,3801.0
2026-08-20 13:50:00+09:00,38100.0,38150.0,38000.0,38050.0,673.0
2026-08-20 14:00:00+09:00,38050.0,38150.0,38050.0,38150.0,643.0
2026-08-20 14:10:00+09:00,38100.0,38150.0,38000.0,38050.0,2742.0
2026-08-20 14:20:00+09:00,38050.0,38050.0,37900.0,37950.0,3439.0
2026-08-20 14:30:00+09:00,37950.0,37950.0,37850.0,37850.0,1783.0
2026-08-20 14:40:00+09:00,37850.0,38000.0,37800.0,37900.0,1357.0
2026-08-20 14:50:00+09:00,37950.0,38000.0,37850.0,38000.0,2193.0
2026-08-21 09:00:00+09:00,37550.0,37550.0,37100.0,37200.0,745.0
2026-08-21 09:10:00+09:00,37250.0,37500.0,37200.0,37400.0,493.0
2026-08-21 09:20:00+09:00,37450.0,37500.0,37400.0,37400.0,156.0
2026-08-21 09:30:00+09:00,37350.0,37500.0,37300.0,37500.0,386.0
2026-08-21 09:40:00+09:00,37500.0,37700.0,37400.0,37600.0,2711.0
2026-08-21 09:50:00+09:00,37600.0,37700.0,37500.0,37600.0,1008.0
2026-08-21 10:00:00+09:00,37600.0,37600.0,37350.0,37400.0,1065.0
2026-08-21 10:10:00+09:00,37400.0,37600.0,37350.0,37500.0,479.0
2026-08-21 10:20:00+09:00,37550.0,37600.0,37400.0,37450.0,783.0
2026-08-21 10:30:00+09:00,37450.0,37450.0,37350.0,37400.0,833.0
2026-08-21 10:40:00+09:00,37400.0,37500.0,37350.0,37400.0,845.0
2026-08-21 10:50:00+09:00,37400.0,37450.0,37300.0,37350.0,621.0
2026-08-21 11:00:00+09:00,37350.0,37500.0,37200.0,37300.0,2222.0
2026-08-21 11:10:00+09:00,37250.0,37400.0,37150.0,37250.0,431.0
2026-08-21 11:20:00+09:00,37250.0,37350.0,37200.0,37250.0,363.0
2026-08-21 11:30:00+09:00,37250.0,37250.0,37150.0,37250.0,532.0
2026-08-21 11:40:00+09:00,37250.0,37350.0,37200.0,37350.0,403.0
2026-08-21 11:50:00+09:00,37350.0,37450.0,37300.0,37350.0,484.0
2026-08-21 12:00:00+09:00,37400.0,37400.0,37350.0,37400.0,258.0
2026-08-21 12:10:00+09:00,37350.0,37450.0,37350.0,37450.0,809.0
2026-08-21 12:20:00+09:00,37400.0,37450.0,37400.0,37450.0,287.0
2026-08-21 12:30:00+09:00,37500.0,37500.0,37450.0,37500.0,223.0
2026-08-21 12:40:00+09:00,37450.0,37550.0,37400.0,37450.0,629.0
2026-08-21 12:50:00+09:00,37500.0,37500.0,37350.0,37450.0,599.0
2026-08-21 13:00:00+09:00,37450.0,37600.0,37400.0,37550.0,412.0
2026-08-21 13:10:00+09:00,37550.0,37650.0,37500.0,37600.0,526.0
2026-08-21 13:20:00+09:00,37550.0,37600.0,37500.0,37550.0,628.0
2026-08-21 13:30:00+09:00,37600.0,37650.0,37500.0,37550.0,336.0
2026-08-21 13:40:00+09:00,37550.0,37750.0,37550.0,37650.0,529.0
2026-08-21 13:50:00+09:00,37650.0,37700.0,37650.0,37700.0,277.0
2026-08-21 14:00:00+09:00,37650.0,37750.0,37500.0,37500.0,419.0
2026-08-21 14:10:00+09:00,37550.0,37900.0,37550.0,37850.0,2045.0
2026-08-21 14:20:00+09:00,37850.0,37900.0,37650.0,37650.0,1559.0
2026-08-21 14:30:00+09:00,37750.0,37800.0,37650.0,37800.0,1500.0
2026-08-21 14:40:00+09:00,37750.0,37800.0,37650.0,37750.0,1674.0
2026-08-21 14:50:00+09:00,37750.0,37900.0,37700.0,37800.0,1859.0
2026-08-24 09:00:00+09:00,37800.0,37950.0,37400.0,37500.0,132.0
2026-08-24 09:10:00+09:00,37550.0,37950.0,37550.0,37900.0,341.0
2026-08-24 09:20:00+09:00,37900.0,38400.0,37900.0,38300.0,1760.0
2026-08-24 09:30:00+09:00,38300.0,38350.0,37950.0,38050.0,1198.0
2026-08-24 09:40:00+09:00,38000.0,38050.0,37900.0,38050.0,290.0
2026-08-24 09:50:00+09:00,38050.0,38050.0,37850.0,37850.0,233.0
2026-08-24 10:00:00+09:00,37850.0,37850.0,37750.0,37750.0,296.0
2026-08-24 10:10:00+09:00,37800.0,37800.0,37750.0,37750.0,131.0
2026-08-24 10:20:00+09:00,37750.0,37800.0,37750.0,37750.0,109.0
2026-08-24 10:30:00+09:00,37800.0,37950.0,37750.0,37850.0,218.0
2026-08-24 10:40:00+09:00,37850.0,37950.0,37800.0,37900.0,353.0
2026-08-24 10:50:00+09:00,37900.0,37900.0,37650.0,37700.0,1150.0
2026-08-24 11:00:00+09:00,37700.0,37800.0,37650.0,37750.0,511.0
2026-08-24 11:10:00+09:00,37800.0,37800.0,37650.0,37800.0,242.0
2026-08-24 11:20:00+09:00,37700.0,37900.0,37700.0,37900.0,352.0
2026-08-24 11:30:00+09:00,37900.0,37900.0,37800.0,37850.0,217.0
2026-08-24 11:40:00+09:00,37850.0,37850.0,37800.0,37800.0,1136.0
2026-08-24 11:50:00+09:00,37750.0,37750.0,37700.0,37750.0,154.0
2026-08-24 12:00:00+09:00,37750.0,37750.0,37700.0,37750.0,589.0
2026-08-24 12:10:00+09:00,37700.0,37900.0,37700.0,37850.0,500.0
2026-08-24 12:20:00+09:00,37850.0,37950.0,37850.0,37900.0,463.0
2026-08-24 12:30:00+09:00,37900.0,37900.0,37750.0,37800.0,976.0
2026-08-24 12:40:00+09:00,37800.0,37950.0,37700.0,37750.0,372.0
2026-08-24 12:50:00+09:00,37700.0,37900.0,37650.0,37900.0,415.0
2026-08-24 13:00:00+09:00,37900.0,37900.0,37800.0,37825.0,310.0
2026-08-24 13:10:00+09:00,37850.0,37950.0,37850.0,37850.0,851.0
2026-08-24 13:20:00+09:00,37875.0,37925.0,37875.0,37925.0,312.0
2026-08-24 13:30:00+09:00,37925.0,37950.0,37875.0,37875.0,812.0
2026-08-24 13:40:00+09:00,37900.0,37925.0,37875.0,37925.0,727.0
2026-08-24 13:50:00+09:00,37950.0,38000.0,37900.0,37925.0,1142.0
2026-08-24 14:00:00+09:00,37950.0,38025.0,37900.0,37950.0,774.0
2026-08-24 14:10:00+09:00,37950.0,38000.0,37900.0,37950.0,721.0
2026-08-24 14:20:00+09:00,37950.0,38050.0,37950.0,38025.0,798.0
2026-08-24 14:30:00+09:00,38025.0,38050.0,38025.0,38025.0,42.0
2026-08-24 14:40:00+09:00,38050.0,38050.0,37900.0,37950.0,852.0
2026-08-24 14:50:00+09:00,37950.0,38150.0,37950.0,38000.0,790.0
2026-08-25 09:00:00+09:00,38200.0,38400.0,37900.0,38150.0,1696.0
2026-08-25 09:10:00+09:00,38200.0,38350.0,38050.0,38050.0,532.0
2026-08-25 09:20:00+09:00,38050.0,38350.0,38050.0,38200.0,1861.0
2026-08-25 09:30:00+09:00,38300.0,38300.0,38100.0,38300.0,991.0
2026-08-25 09:40:00+09:00,38300.0,38350.0,38200.0,38350.0,1275.0
2026-08-25 09:50:00+09:00,38350.0,38350.0,38200.0,38200.0,941.0
2026-08-25 10:00:00+09:00,38250.0,38250.0,38150.0,38200.0,493.0
2026-08-25 10:10:00+09:00,38200.0,38200.0,38100.0,38150.0,171.0
2026-08-25 10:20:00+09:00,38100.0,38150.0,38050.0,38100.0,116.0
2026-08-25 10:30:00+09:00,38075.0,38150.0,38050.0,38150.0,547.0
2026-08-25 10:40:00+09:00,38150.0,38250.0,38100.0,38250.0,410.0
2026-08-25 10:50:00+09:00,38250.0,38300.0,38200.0,38300.0,290.0
2026-08-25 11:00:00+09:00,38250.0,38300.0,38150.0,38250.0,501.0
2026-08-25 11:10:00+09:00,38250.0,38250.0,38250.0,38250.0,30.0
2026-08-25 11:20:00+09:00,38250.0,38250.0,38150.0,38200.0,195.0
2026-08-25 11:30:00+09:00,38150.0,38250.0,38150.0,38200.0,418.0
2026-08-25 11:40:00+09:00,38200.0,38200.0,38100.0,38150.0,187.0
2026-08-25 11:50:00+09:00,38100.0,38250.0,38100.0,38150.0,376.0
2026-08-25 12:00:00+09:00,38200.0,38500.0,38150.0,38500.0,2190.0
2026-08-25 12:10:00+09:00,38400.0,38500.0,38350.0,38450.0,684.0
2026-08-25 12:20:00+09:00,38400.0,38500.0,38400.0,38450.0,640.0
2026-08-25 12:30:00+09:00,38450.0,38450.0,38350.0,38450.0,385.0
2026-08-25 12:40:00+09:00,38450.0,38450.0,38300.0,38400.0,314.0
2026-08-25 12:50:00+09:00,38350.0,38400.0,38350.0,38400.0,205.0
2026-08-25 13:00:00+09:00,38400.0,38450.0,38300.0,38400.0,406.0
2026-08-25 13:10:00+09:00,38350.0,38450.0,38300.0,38350.0,809.0
2026-08-25 13:20:00+09:00,38350.0,38400.0,38350.0,38400.0,248.0
2026-08-25 13:30:00+09:00,38400.0,38400.0,38300.0,38300.0,540.0
2026-08-25 13:40:00+09:00,38300.0,38500.0,38300.0,38400.0,9275.0
2026-08-25 13:50:00+09:00,38350.0,38450.0,38300.0,38300.0,545.0
2026-08-25 14:00:00+09:00,38450.0,38450.0,38300.0,38350.0,647.0
2026-08-25 14:10:00+09:00,38350.0,38500.0,38300.0,38350.0,645.0
2026-08-25 14:20:00+09:00,38400.0,38600.0,38350.0,38400.0,3170.0
2026-08-25 14:30:00+09:00,38400.0,38600.0,38350.0,38550.0,1973.0
2026-08-25 14:40:00+09:00,38550.0,38650.0,38400.0,38500.0,1382.0
2026-08-25 14:50:00+09:00,38500.0,38700.0,38400.0,38500.0,2790.0
2026-08-26 09:00:00+09:00,38850.0,39100.0,38700.0,38800.0,1639.0
2026-08-26 09:10:00+09:00,38800.0,39000.0,38750.0,39000.0,560.0
2026-08-26 09:20:00+09:00,38950.0,39150.0,38800.0,39050.0,1567.0
2026-08-26 09:30:00+09:00,39050.0,39050.0,38900.0,39000.0,1522.0
2026-08-26 09:40:00+09:00,38950.0,39000.0,38900.0,38950.0,453.0
2026-08-26 09:50:00+09:00,38900.0,38950.0,38800.0,38900.0,1170.0
2026-08-26 10:00:00+09:00,38850.0,38950.0,38750.0,38900.0,1169.0
2026-08-26 10:10:00+09:00,38900.0,38950.0,38900.0,38900.0,606.0
2026-08-26 10:20:00+09:00,38950.0,39000.0,38900.0,38950.0,510.0
2026-08-26 10:30:00+09:00,38950.0,39050.0,38900.0,38900.0,964.0
2026-08-26 10:40:00+09:00,39050.0,39100.0,38600.0,39000.0,1494.0
2026-08-26 10:50:00+09:00,39000.0,39050.0,38850.0,38850.0,783.0
2026-08-26 11:00:00+09:00,39000.0,39150.0,39000.0,39100.0,1357.0
2026-08-26 11:10:00+09:00,39100.0,39150.0,39050.0,39100.0,863.0
2026-08-26 11:20:00+09:00,39100.0,39150.0,39050.0,39100.0,677.0
2026-08-26 11:30:00+09:00,39100.0,39150.0,39000.0,39050.0,1070.0
2026-08-26 11:40:00+09:00,39000.0,39050.0,38900.0,39000.0,895.0
2026-08-26 11:50:00+09:00,39000.0,39000.0,38900.0,38900.0,399.0
2026-08-26 12:00:00+09:00,38900.0,38950.0,38850.0,38900.0,422.0
2026-08-26 12:10:00+09:00,38900.0,39000.0,38900.0,38900.0,258.0
2026-08-26 12:20:00+09:00,38900.0,38950.0,38800.0,38800.0,538.0
2026-08-26 12:30:00+09:00,38850.0,38900.0,38800.0,38900.0,253.0
2026-08-26 12:40:00+09:00,38900.0,38950.0,38850.0,38850.0,685.0
2026-08-26 12:50:00+09:00,38800.0,38900.0,38650.0,38650.0,981.0
2026-08-26 13:00:00+09:00,38700.0,38750.0,38650.0,38700.0,406.0
2026-08-26 13:10:00+09:00,38700.0,38800.0,38700.0,38750.0,246.0
2026-08-26 13:20:00+09:00,38750.0,38750.0,38600.0,38600.0,831.0
2026-08-26 13:30:00+09:00,38550.0,38600.0,38300.0,38350.0,4431.0
2026-08-26 13:40:00+09:00,38350.0,38600.0,38300.0,38300.0,1518.0
2026-08-26 13:50:00+09:00,38300.0,38350.0,38050.0,38100.0,1974.0
2026-08-26 14:00:00+09:00,38150.0,38250.0,38100.0,38200.0,1732.0
2026-08-26 14:10:00+09:00,38200.0,38250.0,38200.0,38200.0,341.0
2026-08-26 14:20:00+09:00,38200.0,38500.0,38200.0,38400.0,2579.0
2026-08-26 14:30:00+09:00,38400.0,38550.0,38350.0,38400.0,1010.0
2026-08-26 14:40:00+09:00,38400.0,38650.0,38400.0,38450.0,1078.0
2026-08-26 14:50:00+09:00,38450.0,38650.0,38400.0,38500.0,1274.0
2026-08-27 09:00:00+09:00,38950.0,39150.0,38150.0,38550.0,1545.0
2026-08-27 09:10:00+09:00,38400.0,38600.0,38200.0,38450.0,2915.0
2026-08-27 09:20:00+09:00,38450.0,38550.0,38350.0,38550.0,584.0
2026-08-27 09:30:00+09:00,38550.0,38600.0,38400.0,38500.0,742.0
2026-08-27 09:40:00+09:00,38500.0,38600.0,38400.0,38600.0,603.0
2026-08-27 09:50:00+09:00,38600.0,38700.0,38500.0,38500.0,555.0
2026-08-27 10:00:00+09:00,38550.0,38600.0,38450.0,38500.0,447.0
2026-08-27 10:10:00+09:00,38500.0,38500.0,38400.0,38500.0,947.0
2026-08-27 10:20:00+09:00,38450.0,38600.0,38350.0,38600.0,4368.0
2026-08-27 10:30:00+09:00,38550.0,38600.0,38350.0,38350.0,595.0
2026-08-27 10:40:00+09:00,38350.0,38400.0,38050.0,38150.0,1120.0
2026-08-27 10:50:00+09:00,38150.0,38200.0,38050.0,38100.0,884.0
2026-08-27 11:00:00+09:00,38150.0,38150.0,38000.0,38100.0,1003.0
2026-08-27 11:10:00+09:00,38050.0,38250.0,38050.0,38250.0,858.0
2026-08-27 11:20:00+09:00,38200.0,38250.0,38050.0,38200.0,855.0
2026-08-27 11:30:00+09:00,38200.0,38300.0,38150.0,38150.0,435.0
2026-08-27 11:40:00+09:00,38200.0,38200.0,38050.0,38100.0,1196.0
2026-08-27 11:50:00+09:00,38100.0,38250.0,38050.0,38100.0,483.0
2026-08-27 12:00:00+09:00,38150.0,38200.0,38000.0,38050.0,1090.0
2026-08-27 12:10:00+09:00,38050.0,38100.0,38000.0,38050.0,829.0
2026-08-27 12:20:00+09:00,38050.0,38150.0,38000.0,38000.0,957.0
2026-08-27 12:30:00+09:00,38000.0,38000.0,37950.0,37950.0,452.0
2026-08-27 12:40:00+09:00,37950.0,38100.0,37850.0,38100.0,1993.0
2026-08-27 12:50:00+09:00,38100.0,38100.0,37950.0,38050.0,240.0
2026-08-27 13:00:00+09:00,38000.0,38150.0,38000.0,38150.0,314.0
2026-08-27 13:10:00+09:00,38150.0,38150.0,38000.0,38050.0,441.0
2026-08-27 13:20:00+09:00,38000.0,38150.0,37850.0,37950.0,3317.0
2026-08-27 13:30:00+09:00,37900.0,38050.0,37900.0,38000.0,310.0
2026-08-27 13:40:00+09:00,38000.0,38000.0,37850.0,37850.0,733.0
2026-08-27 13:50:00+09:00,37900.0,37950.0,37850.0,37850.0,641.0
2026-08-27 14:00:00+09:00,37850.0,37850.0,37600.0,37700.0,4249.0
2026-08-27 14:10:00+09:00,37700.0,37800.0,37550.0,37700.0,1151.0
2026-08-27 14:20:00+09:00,37700.0,37700.0,37500.0,37500.0,973.0
2026-08-27 14:30:00+09:00,37500.0,37900.0,37500.0,37750.0,2831.0
2026-08-27 14:40:00+09:00,37800.0,37850.0,37750.0,37800.0,1079.0
2026-08-27 14:50:00+09:00,37800.0,37900.0,37650.0,37800.0,2013.0
2026-08-28 09:00:00+09:00,37050.0,37300.0,36750.0,36800.0,3033.0
2026-08-28 09:10:00+09:00,36800.0,37050.0,36800.0,36950.0,1393.0
2026-08-28 09:20:00+09:00,36900.0,37100.0,36800.0,37050.0,719.0
2026-08-28 09:30:00+09:00,36950.0,37250.0,36950.0,37200.0,430.0
2026-08-28 09:40:00+09:00,37250.0,37300.0,37050.0,37100.0,342.0
2026-08-28 09:50:00+09:00,37250.0,37350.0,37000.0,37300.0,955.0
2026-08-28 10:00:00+09:00,37350.0,37500.0,37300.0,37400.0,635.0
2026-08-28 10:10:00+09:00,37350.0,37450.0,37350.0,37350.0,278.0
2026-08-28 10:20:00+09:00,37350.0,37400.0,37200.0,37300.0,512.0
2026-08-28 10:30:00+09:00,37300.0,37400.0,37250.0,37300.0,278.0
2026-08-28 10:40:00+09:00,37250.0,37450.0,37250.0,37350.0,896.0
2026-08-28 10:50:00+09:00,37400.0,37600.0,37250.0,37400.0,942.0
2026-08-28 11:00:00+09:00,37400.0,37650.0,37250.0,37650.0,1068.0
2026-08-28 11:10:00+09:00,37550.0,37800.0,37550.0,37800.0,619.0
2026-08-28 11:20:00+09:00,37700.0,37700.0,37550.0,37550.0,479.0
2026-08-28 11:30:00+09:00,37550.0,37650.0,37550.0,37600.0,482.0
2026-08-28 11:40:00+09:00,37600.0,37700.0,37550.0,37650.0,357.0
2026-08-28 11:50:00+09:00,37650.0,37650.0,37500.0,37550.0,441.0
2026-08-28 12:00:00+09:00,37550.0,37700.0,37550.0,37650.0,388.0
2026-08-28 12:10:00+09:00,37650.0,37800.0,37650.0,37750.0,689.0
2026-08-28 12:20:00+09:00,37750.0,37950.0,37700.0,37800.0,1750.0
2026-08-28 12:30:00+09:00,37900.0,38200.0,37800.0,38200.0,1369.0
2026-08-28 12:40:00+09:00,38100.0,38250.0,38050.0,38200.0,1011.0
2026-08-28 12:50:00+09:00,38250.0,38400.0,38100.0,38350.0,1177.0
2026-08-28 13:00:00+09:00,38300.0,38400.0,38150.0,38400.0,840.0
2026-08-28 13:10:00+09:00,38400.0,38400.0,38200.0,38300.0,1109.0
2026-08-28 13:20:00+09:00,38300.0,38300.0,38150.0,38200.0,810.0
2026-08-28 13:30:00+09:00,38200.0,38300.0,38050.0,38250.0,1275.0
2026-08-28 13:40:00+09:00,38250.0,38350.0,38150.0,38300.0,871.0
2026-08-28 13:50:00+09:00,38250.0,38400.0,38200.0,38350.0,1265.0
2026-08-28 14:00:00+09:00,38350.0,38350.0,38200.0,38250.0,644.0
2026-08-28 14:10:00+09:00,38250.0,38300.0,38100.0,38250.0,2054.0
2026-08-28 14:20:00+09:00,38250.0,38300.0,38100.0,38250.0,687.0
2026-08-28 14:30:00+09:00,38250.0,38250.0,38100.0,38150.0,812.0
2026-08-28 14:40:00+09:00,38100.0,38150.0,38050.0,38150.0,847.0
2026-08-28 14:50:00+09:00,38100.0,38400.0,38100.0,38300.0,3037.0
2026-08-31 09:00:00+09:00,38200.0,38250.0,37750.0,37950.0,187.0
2026-08-31 09:10:00+09:00,37950.0,38150.0,37800.0,38150.0,864.0
2026-08-31 09:20:00+09:00,38100.0,38500.0,38000.0,38500.0,853.0
2026-08-31 09:30:00+09:00,38500.0,38700.0,38300.0,38550.0,1615.0
2026-08-31 09:40:00+09:00,38550.0,38600.0,38400.0,38500.0,1024.0
2026-08-31 09:50:00+09:00,38550.0,38650.0,38450.0,38650.0,690.0
2026-08-31 10:00:00+09:00,38550.0,38650.0,38300.0,38400.0,2191.0
2026-08-31 10:10:00+09:00,38400.0,38550.0,38400.0,38500.0,521.0
2026-08-31 10:20:00+09:00,38500.0,38500.0,38300.0,38400.0,534.0
2026-08-31 10:30:00+09:00,38400.0,38700.0,38350.0,38400.0,1680.0
2026-08-31 10:40:00+09:00,38400.0,38550.0,38400.0,38500.0,550.0
2026-08-31 10:50:00+09:00,38500.0,38600.0,38450.0,38500.0,482.0
2026-08-31 11:00:00+09:00,38500.0,38600.0,38450.0,38500.0,469.0
2026-08-31 11:10:00+09:00,38650.0,38650.0,38500.0,38600.0,658.0
2026-08-31 11:20:00+09:00,38600.0,38600.0,38400.0,38500.0,510.0
2026-08-31 11:30:00+09:00,38550.0,38550.0,38300.0,38450.0,575.0
2026-08-31 11:40:00+09:00,38450.0,38600.0,38400.0,38550.0,605.0
2026-08-31 11:50:00+09:00,38500.0,38650.0,38500.0,38650.0,490.0
2026-08-31 12:00:00+09:00,38650.0,38700.0,38500.0,38700.0,789.0
2026-08-31 12:10:00+09:00,38700.0,38700.0,38200.0,38600.0,927.0
2026-08-31 12:20:00+09:00,38650.0,38700.0,38500.0,38650.0,677.0
2026-08-31 12:30:00+09:00,38700.0,38750.0,38500.0,38550.0,497.0
2026-08-31 12:40:00+09:00,38650.0,38650.0,38500.0,38650.0,505.0
2026-08-31 12:50:00+09:00,38650.0,38650.0,38450.0,38600.0,560.0
2026-08-31 13:00:00+09:00,38600.0,38700.0,38500.0,38550.0,684.0
2026-08-31 13:10:00+09:00,38600.0,38750.0,38600.0,38750.0,516.0
2026-08-31 13:20:00+09:00,38700.0,38750.0,38550.0,38550.0,777.0
2026-08-31 13:30:00+09:00,38550.0,38700.0,38550.0,38700.0,400.0
2026-08-31 13:40:00+09:00,38700.0,38700.0,38550.0,38600.0,558.0
2026-08-31 13:50:00+09:00,38600.0,38700.0,38550.0,38700.0,804.0
2026-08-31 14:00:00+09:00,38650.0,38750.0,38550.0,38700.0,786.0
2026-08-31 14:10:00+09:00,38700.0,38750.0,38650.0,38700.0,820.0
2026-08-31 14:20:00+09:00,38700.0,38700.0,38500.0,38600.0,1030.0
2026-08-31 14:30:00+09:00,38600.0,38700.0,38500.0,38600.0,1006.0
2026-08-31 14:40:00+09:00,38600.0,38700.0,38500.0,38650.0,895.0
2026-08-31 14:50:00+09:00,38600.0,38600.0,38500.0,38550.0,770.0
2026-09-01 09:00:00+09:00,38050.0,38400.0,37900.0,38100.0,2285.0
2026-09-01 09:10:00+09:00,38100.0,38450.0,38050.0,38400.0,1649.0
2026-09-01 09:20:00+09:00,38400.0,38650.0,38400.0,38600.0,1274.0
2026-09-01 09:30:00+09:00,38600.0,38600.0,38450.0,38450.0,763.0
2026-09-01 09:40:00+09:00,38550.0,38650.0,38300.0,38300.0,1476.0
2026-09-01 09:50:00+09:00,38300.0,38300.0,37800.0,37900.0,2794.0
2026-09-01 10:00:00+09:00,37900.0,38000.0,37850.0,37900.0,676.0
2026-09-01 10:10:00+09:00,37950.0,37950.0,37800.0,37800.0,646.0
2026-09-01 10:20:00+09:00,37800.0,37950.0,37800.0,37900.0,508.0
2026-09-01 10:30:00+09:00,37900.0,37950.0,37850.0,37950.0,1260.0
2026-09-01 10:40:00+09:00,37950.0,38050.0,37950.0,38050.0,315.0
2026-09-01 10:50:00+09:00,38050.0,38100.0,38000.0,38000.0,658.0
2026-09-01 11:00:00+09:00,38050.0,38150.0,38000.0,38100.0,337.0
2026-09-01 11:10:00+09:00,38100.0,38150.0,38050.0,38050.0,202.0
2026-09-01 11:20:00+09:00,38050.0,38100.0,38000.0,38000.0,352.0
2026-09-01 11:30:00+09:00,38050.0,38050.0,37950.0,37950.0,345.0
2026-09-01 11:40:00+09:00,38000.0,38050.0,37900.0,38050.0,1463.0
2026-09-01 11:50:00+09:00,38050.0,38300.0,38050.0,38300.0,1075.0
2026-09-01 12:00:00+09:00,38300.0,38350.0,38250.0,38350.0,327.0
2026-09-01 12:10:00+09:00,38350.0,38350.0,38250.0,38250.0,701.0
2026-09-01 12:20:00+09:00,38250.0,38300.0,38200.0,38200.0,124.0
2026-09-01 12:30:00+09:00,38200.0,38250.0,38200.0,38200.0,179.0
2026-09-01 12:40:00+09:00,38200.0,38250.0,38150.0,38150.0,499.0
2026-09-01 12:50:00+09:00,38150.0,38300.0,38050.0,38200.0,810.0
2026-09-01 13:00:00+09:00,38200.0,38250.0,38100.0,38100.0,236.0
2026-09-01 13:10:00+09:00,38100.0,38300.0,38000.0,38100.0,1057.0
2026-09-01 13:20:00+09:00,38100.0,38250.0,38100.0,38100.0,463.0
2026-09-01 13:30:00+09:00,38100.0,38200.0,38100.0,38150.0,335.0
2026-09-01 13:40:00+09:00,38100.0,38200.0,38100.0,38100.0,646.0
2026-09-01 13:50:00+09:00,38100.0,38100.0,38000.0,38050.0,196.0
2026-09-01 14:00:00+09:00,38000.0,38150.0,38000.0,38000.0,859.0
2026-09-01 14:10:00+09:00,38000.0,38050.0,37950.0,37950.0,467.0
2026-09-01 14:20:00+09:00,37950.0,38100.0,37950.0,37950.0,493.0
2026-09-01 14:30:00+09:00,38000.0,38050.0,37950.0,38000.0,426.0
2026-09-01 14:40:00+09:00,38050.0,38150.0,38000.0,38100.0,549.0
2026-09-01 14:50:00+09:00,38050.0,38100.0,38000.0,38050.0,368.0
2026-09-02 09:00:00+09:00,37850.0,37850.0,37250.0,37500.0,1109.0
2026-09-02 09:10:00+09:00,37450.0,37700.0,37350.0,37700.0,842.0
2026-09-02 09:20:00+09:00,37700.0,37750.0,37550.0,37750.0,1237.0
2026-09-02 09:30:00+09:00,37750.0,37900.0,37750.0,37900.0,630.0
2026-09-02 09:40:00+09:00,37800.0,37900.0,37800.0,37900.0,3823.0
2026-09-02 09:50:00+09:00,37900.0,37950.0,37750.0,37750.0,2368.0
2026-09-02 10:00:00+09:00,37750.0,37900.0,37750.0,37750.0,570.0
2026-09-02 10:10:00+09:00,37800.0,37850.0,37700.0,37700.0,522.0
2026-09-02 10:20:00+09:00,37650.0,37850.0,37650.0,37850.0,278.0
2026-09-02 10:30:00+09:00,37850.0,37900.0,37600.0,37700.0,698.0
2026-09-02 10:40:00+09:00,37650.0,37700.0,37550.0,37650.0,705.0
2026-09-02 10:50:00+09:00,37600.0,37750.0,37600.0,37600.0,648.0
2026-09-02 11:00:00+09:00,37600.0,37650.0,37500.0,37550.0,525.0
2026-09-02 11:10:00+09:00,37550.0,37650.0,37500.0,37650.0,961.0
2026-09-02 11:20:00+09:00,37650.0,37750.0,37550.0,37600.0,1452.0
2026-09-02 11:30:00+09:00,37650.0,37750.0,37550.0,37600.0,763.0
2026-09-02 11:40:00+09:00,37600.0,37700.0,37550.0,37600.0,194.0
2026-09-02 11:50:00+09:00,37600.0,37600.0,37450.0,37550.0,544.0
2026-09-02 12:00:00+09:00,37550.0,37550.0,37450.0,37550.0,407.0
2026-09-02 12:10:00+09:00,37550.0,37650.0,37500.0,37600.0,322.0
2026-09-02 12:20:00+09:00,37550.0,37600.0,37500.0,37550.0,404.0
2026-09-02 12:30:00+09:00,37550.0,37550.0,37400.0,37400.0,379.0
2026-09-02 12:40:00+09:00,37450.0,37500.0,37400.0,37450.0,420.0
2026-09-02 12:50:00+09:00,37400.0,37600.0,37350.0,37550.0,712.0
2026-09-02 13:00:00+09:00,37550.0,37550.0,37500.0,37550.0,479.0
2026-09-02 13:10:00+09:00,37550.0,37800.0,37500.0,37700.0,3364.0
2026-09-02 13:20:00+09:00,37650.0,37850.0,37600.0,37800.0,2055.0
2026-09-02 13:30:00+09:00,37850.0,37950.0,37750.0,37900.0,1275.0
2026-09-02 13:40:00+09:00,37800.0,37900.0,37700.0,37800.0,1519.0
2026-09-02 13:50:00+09:00,37800.0,37900.0,37700.0,37750.0,1328.0
2026-09-02 14:00:00+09:00,37800.0,37900.0,37600.0,37700.0,1452.0
2026-09-02 14:10:00+09:00,37750.0,37850.0,37750.0,37800.0,1567.0
2026-09-02 14:20:00+09:00,37850.0,37900.0,37750.0,37900.0,1315.0
2026-09-02 14:30:00+09:00,37850.0,37900.0,37750.0,37800.0,1641.0
2026-09-02 14:40:00+09:00,37800.0,37850.0,37700.0,37800.0,2521.0
2026-09-02 14:50:00+09:00,37800.0,37850.0,37750.0,37850.0,1415.0
2026-09-03 09:00:00+09:00,37800.0,37800.0,37500.0,37800.0,685.0
2026-09-03 09:10:00+09:00,37800.0,37950.0,37750.0,37950.0,819.0
2026-09-03 09:20:00+09:00,37900.0,38050.0,37800.0,38050.0,851.0
2026-09-03 09:30:00+09:00,38050.0,38400.0,38000.0,38250.0,1610.0
2026-09-03 09:40:00+09:00,38300.0,38600.0,38150.0,38450.0,2545.0
2026-09-03 09:50:00+09:00,38450.0,38550.0,38350.0,38400.0,831.0
2026-09-03 10:00:00+09:00,38400.0,38500.0,38100.0,38150.0,1540.0
2026-09-03 10:10:00+09:00,38100.0,38250.0,38100.0,38250.0,198.0
2026-09-03 10:20:00+09:00,38250.0,38250.0,38100.0,38150.0,177.0
2026-09-03 10:30:00+09:00,38150.0,38250.0,38000.0,38200.0,668.0
2026-09-03 10:40:00+09:00,38100.0,38200.0,38050.0,38050.0,202.0
2026-09-03 10:50:00+09:00,38050.0,38050.0,37900.0,37900.0,455.0
2026-09-03 11:00:00+09:00,37900.0,38100.0,37900.0,38050.0,236.0
2026-09-03 11:10:00+09:00,38100.0,38150.0,38050.0,38100.0,486.0
2026-09-03 11:20:00+09:00,38100.0,38300.0,38100.0,38200.0,430.0
2026-09-03 11:30:00+09:00,38200.0,38350.0,38200.0,38350.0,339.0
2026-09-03 11:40:00+09:00,38300.0,38300.0,38150.0,38250.0,668.0
2026-09-03 11:50:00+09:00,38200.0,38250.0,38150.0,38150.0,219.0
2026-09-03 12:00:00+09:00,38200.0,38250.0,38050.0,38100.0,339.0
2026-09-03 12:10:00+09:00,38050.0,38200.0,38050.0,38150.0,112.0
2026-09-03 12:20:00+09:00,38200.0,38200.0,38000.0,38050.0,550.0
2026-09-03 12:30:00+09:00,38050.0,38100.0,38000.0,38050.0,411.0
2026-09-03 12:40:00+09:00,38000.0,38150.0,38000.0,38150.0,206.0
2026-09-03 12:50:00+09:00,38050.0,38100.0,37950.0,38000.0,690.0
2026-09-03 13:00:00+09:00,37900.0,38000.0,37900.0,37950.0,238.0
2026-09-03 13:10:00+09:00,37950.0,38050.0,37900.0,37950.0,494.0
2026-09-03 13:20:00+09:00,37950.0,37950.0,37800.0,37900.0,1058.0
2026-09-03 13:30:00+09:00,37950.0,37950.0,37850.0,37950.0,349.0
2026-09-03 13:40:00+09:00,37900.0,38050.0,37900.0,38000.0,306.0
2026-09-03 13:50:00+09:00,38000.0,38000.0,37850.0,37850.0,735.0
2026-09-03 14:00:00+09:00,37850.0,37950.0,37800.0,37800.0,690.0
2026-09-03 14:10:00+09:00,37800.0,37900.0,37450.0,37450.0,4201.0
2026-09-03 14:20:00+09:00,37450.0,37550.0,37400.0,37450.0,2165.0
2026-09-03 14:30:00+09:00,37500.0,37700.0,37350.0,37700.0,897.0
2026-09-03 14:40:00+09:00,37650.0,37700.0,37600.0,37600.0,688.0
2026-09-03 14:50:00+09:00,37650.0,37800.0,37650.0,37800.0,1314.0
2026-09-04 09:00:00+09:00,38050.0,38100.0,37750.0,38000.0,1139.0
2026-09-04 09:10:00+09:00,37950.0,38350.0,37850.0,38350.0,2125.0
2026-09-04 09:20:00+09:00,38300.0,38350.0,38000.0,38100.0,1521.0
2026-09-04 09:30:00+09:00,38150.0,38150.0,37750.0,37850.0,1385.0
2026-09-04 09:40:00+09:00,37900.0,37950.0,37700.0,37800.0,910.0
2026-09-04 09:50:00+09:00,37750.0,37850.0,37700.0,37800.0,384.0
2026-09-04 10:00:00+09:00,37800.0,37850.0,37750.0,37850.0,988.0
2026-09-04 10:10:00+09:00,37800.0,37900.0,37800.0,37900.0,106.0
2026-09-04 10:20:00+09:00,37900.0,37950.0,37750.0,37750.0,1140.0
2026-09-04 10:30:00+09:00,37750.0,37850.0,37750.0,37850.0,1610.0
2026-09-04 10:40:00+09:00,37850.0,38250.0,37750.0,38150.0,2013.0
2026-09-04 10:50:00+09:00,38150.0,38150.0,38050.0,38050.0,346.0
2026-09-04 11:00:00+09:00,38100.0,38100.0,38050.0,38100.0,261.0
2026-09-04 11:10:00+09:00,38000.0,38050.0,38000.0,38000.0,356.0
2026-09-04 11:20:00+09:00,38050.0,38050.0,37950.0,37950.0,162.0
2026-09-04 11:30:00+09:00,37950.0,38000.0,37950.0,37950.0,74.0
2026-09-04 11:40:00+09:00,37950.0,38200.0,37950.0,38150.0,1545.0
2026-09-04 11:50:00+09:00,38100.0,38250.0,38100.0,38150.0,420.0
2026-09-04 12:00:00+09:00,38100.0,38100.0,37950.0,37950.0,397.0
2026-09-04 12:10:00+09:00,37950.0,38000.0,37900.0,37950.0,265.0
2026-09-04 12:20:00+09:00,37950.0,38150.0,37950.0,38000.0,316.0
2026-09-04 12:30:00+09:00,38050.0,38150.0,38000.0,38150.0,414.0
2026-09-04 12:40:00+09:00,38100.0,38150.0,38050.0,38150.0,313.0
2026-09-04 12:50:00+09:00,38150.0,38150.0,38100.0,38100.0,386.0
2026-09-04 13:00:00+09:00,38100.0,38200.0,38100.0,38200.0,327.0
2026-09-04 13:10:00+09:00,38150.0,38250.0,37950.0,38050.0,1024.0
2026-09-04 13:20:00+09:00,37950.0,38000.0,37950.0,37950.0,29.0
2026-09-04 13:30:00+09:00,38000.0,38000.0,37900.0,37950.0,1040.0
2026-09-04 13:40:00+09:00,38000.0,38100.0,37900.0,38000.0,709.0
2026-09-04 13:50:00+09:00,38000.0,38050.0,37950.0,38000.0,480.0
2026-09-04 14:00:00+09:00,38000.0,38050.0,37950.0,38000.0,569.0
2026-09-04 14:10:00+09:00,37950.0,38050.0,37900.0,37950.0,1383.0
2026-09-04 14:20:00+09:00,38000.0,38000.0,37850.0,37900.0,680.0
2026-09-04 14:30:00+09:00,37850.0,38050.0,37850.0,37950.0,468.0
2026-09-04 14:40:00+09:00,37950.0,38150.0,37950.0,38050.0,533.0
2026-09-04 14:50:00+09:00,38000.0,38000.0,37950.0,38000.0,223.0
2026-09-07 09:00:00+09:00,38100.0,38450.0,37750.0,38100.0,4591.0
2026-09-07 09:10:00+09:00,38150.0,38200.0,37700.0,37750.0,3900.0
2026-09-07 09:20:00+09:00,37750.0,37850.0,37600.0,37700.0,1259.0
2026-09-07 09:30:00+09:00,37650.0,37750.0,37550.0,37550.0,2387.0
2026-09-07 09:40:00+09:00,37550.0,37650.0,37500.0,37500.0,1016.0
2026-09-07 09:50:00+09:00,37500.0,37800.0,37500.0,37650.0,919.0
2026-09-07 10:00:00+09:00,37650.0,37800.0,37650.0,37750.0,421.0
2026-09-07 10:10:00+09:00,37750.0,37800.0,37650.0,37700.0,744.0
2026-09-07 10:20:00+09:00,37700.0,37750.0,37700.0,37750.0,107.0
2026-09-07 10:30:00+09:00,37750.0,37900.0,37750.0,37800.0,966.0
2026-09-07 10:40:00+09:00,37800.0,37850.0,37800.0,37850.0,208.0
2026-09-07 10:50:00+09:00,37850.0,37900.0,37800.0,37800.0,433.0
2026-09-07 11:00:00+09:00,37850.0,37850.0,37750.0,37800.0,516.0
2026-09-07 11:10:00+09:00,37750.0,37900.0,37700.0,37850.0,1247.0
2026-09-07 11:20:00+09:00,37850.0,37900.0,37800.0,37900.0,290.0
2026-09-07 11:30:00+09:00,37900.0,37900.0,37750.0,37800.0,632.0
2026-09-07 11:40:00+09:00,37800.0,37900.0,37750.0,37800.0,443.0
2026-09-07 11:50:00+09:00,37800.0,37900.0,37750.0,37800.0,384.0
2026-09-07 12:00:00+09:00,37800.0,37900.0,37750.0,37800.0,414.0
2026-09-07 12:10:00+09:00,37850.0,37900.0,37750.0,37750.0,529.0
2026-09-07 12:20:00+09:00,37800.0,37900.0,37700.0,37850.0,652.0
2026-09-07 12:30:00+09:00,37800.0,37850.0,37500.0,37800.0,3473.0
2026-09-07 12:40:00+09:00,37700.0,37850.0,37700.0,37750.0,737.0
2026-09-07 12:50:00+09:00,37750.0,37750.0,37600.0,37650.0,635.0
2026-09-07 13:00:00+09:00,37700.0,37750.0,37500.0,37750.0,1867.0
2026-09-07 13:10:00+09:00,37750.0,37750.0,37650.0,37750.0,831.0
2026-09-07 13:20:00+09:00,37750.0,37800.0,37700.0,37800.0,1353.0
2026-09-07 13:30:00+09:00,37750.0,37800.0,37700.0,37800.0,1038.0
2026-09-07 13:40:00+09:00,37800.0,37800.0,37750.0,37750.0,838.0
2026-09-07 13:50:00+09:00,37800.0,37800.0,37750.0,37750.0,149.0
2026-09-07 14:00:00+09:00,37800.0,37950.0,37750.0,37950.0,1736.0
2026-09-07 14:10:00+09:00,37950.0,38000.0,37900.0,37950.0,871.0
2026-09-07 14:20:00+09:00,37950.0,38000.0,37900.0,37950.0,695.0
2026-09-07 14:30:00+09:00,37950.0,38000.0,37850.0,37850.0,839.0
2026-09-07 14:40:00+09:00,37850.0,37900.0,37850.0,37850.0,97.0
2026-09-07 14:50:00+09:00,37900.0,37900.0,37800.0,37850.0,525.0
2026-09-08 09:00:00+09:00,38250.0,38250.0,37850.0,37900.0,1312.0
2026-09-08 09:10:00+09:00,37900.0,38000.0,37750.0,37750.0,987.0
2026-09-08 09:20:00+09:00,37800.0,37850.0,37650.0,37850.0,433.0
2026-09-08 09:30:00+09:00,37850.0,37850.0,37700.0,37750.0,312.0
2026-09-08 09:40:00+09:00,37750.0,37800.0,37750.0,37800.0,160.0
2026-09-08 09:50:00+09:00,37850.0,37850.0,37650.0,37750.0,1387.0
2026-09-08 10:00:00+09:00,37750.0,37850.0,37650.0,37700.0,513.0
2026-09-08 10:10:00+09:00,37700.0,37750.0,37650.0,37700.0,761.0
2026-09-08 10:20:00+09:00,37700.0,37700.0,37650.0,37700.0,172.0
2026-09-08 10:30:00+09:00,37700.0,37800.0,37650.0,37700.0,1262.0
2026-09-08 10:40:00+09:00,37700.0,37700.0,37600.0,37650.0,1569.0
2026-09-08 10:50:00+09:00,37650.0,37750.0,37600.0,37750.0,1302.0
2026-09-08 11:00:00+09:00,37750.0,37750.0,37700.0,37750.0,207.0
2026-09-08 11:10:00+09:00,37700.0,37750.0,37700.0,37700.0,273.0
2026-09-08 11:20:00+09:00,37700.0,37750.0,37700.0,37750.0,199.0
2026-09-08 11:30:00+09:00,37750.0,37750.0,37600.0,37700.0,1962.0
2026-09-08 11:40:00+09:00,37700.0,37700.0,37600.0,37650.0,830.0
2026-09-08 11:50:00+09:00,37650.0,37700.0,37650.0,37700.0,601.0
2026-09-08 12:00:00+09:00,37700.0,37700.0,37600.0,37700.0,1364.0
2026-09-08 12:10:00+09:00,37700.0,37700.0,37650.0,37700.0,307.0
2026-09-08 12:20:00+09:00,37700.0,37700.0,37600.0,37650.0,821.0
2026-09-08 12:30:00+09:00,37650.0,37650.0,37600.0,37600.0,201.0
2026-09-08 12:40:00+09:00,37650.0,37650.0,37600.0,37600.0,91.0
2026-09-08 12:50:00+09:00,37600.0,37600.0,37450.0,37500.0,3157.0
2026-09-08 13:00:00+09:00,37450.0,37500.0,37450.0,37450.0,665.0
2026-09-08 13:10:00+09:00,37500.0,37500.0,37450.0,37500.0,151.0
2026-09-08 13:20:00+09:00,37450.0,37500.0,37350.0,37350.0,1936.0
2026-09-08 13:30:00+09:00,37400.0,37500.0,37350.0,37500.0,2120.0
2026-09-08 13:40:00+09:00,37450.0,37500.0,37450.0,37450.0,534.0
2026-09-08 13:50:00+09:00,37450.0,37650.0,37450.0,37650.0,3180.0
2026-09-08 14:00:00+09:00,37600.0,37750.0,37600.0,37700.0,1765.0
2026-09-08 14:10:00+09:00,37700.0,37750.0,37550.0,37700.0,1138.0
2026-09-08 14:20:00+09:00,37650.0,37700.0,37550.0,37650.0,550.0
2026-09-08 14:30:00+09:00,37700.0,37750.0,37600.0,37650.0,1524.0
2026-09-08 14:40:00+09:00,37650.0,37750.0,37600.0,37700.0,740.0
2026-09-08 14:50:00+09:00,37700.0,37700.0,37600.0,37650.0,846.0
2026-09-09 09:00:00+09:00,37650.0,37700.0,37450.0,37500.0,1317.0
2026-09-09 09:10:00+09:00,37500.0,37650.0,37450.0,37550.0,640.0
2026-09-09 09:20:00+09:00,37550.0,37650.0,37500.0,37650.0,460.0
2026-09-09 09:30:00+09:00,37650.0,37650.0,37600.0,37600.0,46.0
2026-09-09 09:40:00+09:00,37650.0,37650.0,37500.0,37550.0,817.0
2026-09-09 09:50:00+09:00,37550.0,37600.0,37500.0,37500.0,429.0
2026-09-09 10:00:00+09:00,37550.0,37550.0,37400.0,37450.0,1198.0
2026-09-09 10:10:00+09:00,37400.0,37450.0,37300.0,37300.0,1417.0
2026-09-09 10:20:00+09:00,37350.0,37350.0,37250.0,37300.0,519.0
2026-09-09 10:30:00+09:00,37300.0,37300.0,37250.0,37250.0,242.0
2026-09-09 10:40:00+09:00,37250.0,37300.0,37250.0,37300.0,343.0
2026-09-09 10:50:00+09:00,37300.0,37300.0,37250.0,37250.0,93.0
2026-09-09 11:00:00+09:00,37250.0,37450.0,37250.0,37400.0,1154.0
2026-09-09 11:10:00+09:00,37400.0,37450.0,37400.0,37450.0,315.0
2026-09-09 11:20:00+09:00,37400.0,37450.0,37350.0,37400.0,252.0
2026-09-09 11:30:00+09:00,37350.0,37450.0,37350.0,37450.0,464.0
2026-09-09 11:40:00+09:00,37450.0,37550.0,37250.0,37300.0,4500.0
2026-09-09 11:50:00+09:00,37350.0,37400.0,37300.0,37350.0,3784.0
2026-09-09 12:00:00+09:00,37300.0,37600.0,37200.0,37350.0,10951.0
2026-09-09 12:10:00+09:00,37400.0,37500.0,37350.0,37400.0,1980.0
2026-09-09 12:20:00+09:00,37450.0,37550.0,37400.0,37550.0,1159.0
2026-09-09 12:30:00+09:00,37500.0,37600.0,37500.0,37550.0,1256.0
2026-09-09 12:40:00+09:00,37550.0,37550.0,37500.0,37500.0,243.0
2026-09-09 12:50:00+09:00,37550.0,37550.0,37450.0,37450.0,416.0
2026-09-09 13:00:00+09:00,37450.0,37500.0,37450.0,37450.0,322.0
2026-09-09 13:10:00+09:00,37500.0,37550.0,37450.0,37500.0,458.0
2026-09-09 13:20:00+09:00,37550.0,37550.0,37450.0,37500.0,472.0
2026-09-09 13:30:00+09:00,37500.0,37550.0,37450.0,37450.0,488.0
2026-09-09 13:40:00+09:00,37450.0,37500.0,37450.0,37450.0,402.0
2026-09-09 13:50:00+09:00,37450.0,37500.0,37400.0,37400.0,604.0
2026-09-09 14:00:00+09:00,37400.0,37450.0,37400.0,37400.0,507.0
2026-09-09 14:10:00+09:00,37400.0,37500.0,37350.0,37400.0,1595.0
2026-09-09 14:20:00+09:00,37450.0,37450.0,37350.0,37350.0,512.0
2026-09-09 14:30:00+09:00,37400.0,37400.0,37350.0,37350.0,104.0
2026-09-09 14:40:00+09:00,37350.0,37500.0,37350.0,37500.0,794.0
2026-09-09 14:50:00+09:00,37500.0,37500.0,37450.0,37450.0,372.0
2026-09-10 09:00:00+09:00,37300.0,37450.0,37200.0,37200.0,1512.0
2026-09-10 09:10:00+09:00,37200.0,37400.0,37150.0,37350.0,376.0
2026-09-10 09:20:00+09:00,37300.0,37400.0,37250.0,37400.0,454.0
2026-09-10 09:30:00+09:00,37400.0,37500.0,37350.0,37500.0,994.0
2026-09-10 09:40:00+09:00,37500.0,37550.0,37450.0,37550.0,1339.0
2026-09-10 09:50:00+09:00,37450.0,37500.0,37450.0,37500.0,392.0
2026-09-10 10:00:00+09:00,37500.0,37500.0,37300.0,37350.0,963.0
2026-09-10 10:10:00+09:00,37350.0,37400.0,37250.0,37350.0,619.0
2026-09-10 10:20:00+09:00,37350.0,37450.0,37350.0,37450.0,345.0
2026-09-10 10:30:00+09:00,37450.0,37450.0,37350.0,37350.0,612.0
2026-09-10 10:40:00+09:00,37350.0,37400.0,37250.0,37350.0,1324.0
2026-09-10 10:50:00+09:00,37350.0,37450.0,37200.0,37350.0,1624.0
2026-09-10 11:00:00+09:00,37400.0,37450.0,37250.0,37350.0,575.0
2026-09-10 11:10:00+09:00,37350.0,37350.0,37300.0,37350.0,438.0
2026-09-10 11:20:00+09:00,37350.0,37500.0,37350.0,37500.0,576.0
2026-09-10 11:30:00+09:00,37500.0,37500.0,37400.0,37500.0,679.0
2026-09-10 11:40:00+09:00,37450.0,37500.0,37350.0,37350.0,590.0
2026-09-10 11:50:00+09:00,37350.0,37500.0,37350.0,37400.0,480.0
2026-09-10 12:00:00+09:00,37450.0,37550.0,37400.0,37550.0,601.0
2026-09-10 12:10:00+09:00,37550.0,37600.0,37450.0,37550.0,527.0
2026-09-10 12:20:00+09:00,37550.0,37550.0,37450.0,37500.0,408.0
2026-09-10 12:30:00+09:00,37500.0,37600.0,37450.0,37600.0,519.0
2026-09-10 12:40:00+09:00,37600.0,37600.0,37500.0,37600.0,539.0
2026-09-10 12:50:00+09:00,37600.0,37600.0,37500.0,37550.0,900.0
2026-09-10 13:00:00+09:00,37600.0,37650.0,37600.0,37650.0,501.0
2026-09-10 13:10:00+09:00,37650.0,37650.0,37550.0,37600.0,709.0
2026-09-10 13:20:00+09:00,37600.0,37700.0,37550.0,37700.0,800.0
2026-09-10 13:30:00+09:00,37700.0,37700.0,37350.0,37650.0,1086.0
2026-09-10 13:40:00+09:00,37650.0,37700.0,37500.0,37700.0,388.0
2026-09-10 13:50:00+09:00,37700.0,37800.0,37650.0,37700.0,665.0
2026-09-10 14:00:00+09:00,37750.0,37800.0,37700.0,37800.0,479.0
2026-09-10 14:10:00+09:00,37800.0,37800.0,37550.0,37550.0,550.0
2026-09-10 14:20:00+09:00,37600.0,37800.0,37600.0,37750.0,1358.0
2026-09-10 14:30:00+09:00,37700.0,37800.0,37500.0,37750.0,1401.0
2026-09-10 14:40:00+09:00,37750.0,37750.0,37700.0,37750.0,342.0
2026-09-10 14:50:00+09:00,37700.0,37800.0,37700.0,37800.0,961.0
2026-09-11 09:00:00+09:00,37150.0,37550.0,37150.0,37400.0,1766.0
2026-09-11 09:10:00+09:00,37450.0,37650.0,37400.0,37550.0,1036.0
2026-09-11 09:20:00+09:00,37550.0,37550.0,37450.0,37450.0,699.0
2026-09-11 09:30:00+09:00,37450.0,37550.0,37400.0,37550.0,491.0
2026-09-11 09:40:00+09:00,37550.0,37600.0,37350.0,37450.0,2387.0
2026-09-11 09:50:00+09:00,37500.0,37950.0,37500.0,37800.0,1085.0
2026-09-11 10:00:00+09:00,37800.0,37800.0,37700.0,37800.0,110.0
2026-09-11 10:10:00+09:00,37800.0,38000.0,37800.0,37900.0,475.0
2026-09-11 10:20:00+09:00,37900.0,37950.0,37850.0,37950.0,763.0
2026-09-11 10:30:00+09:00,37950.0,38050.0,37950.0,38050.0,399.0
2026-09-11 10:40:00+09:00,38050.0,38050.0,37950.0,37950.0,421.0
2026-09-11 10:50:00+09:00,37950.0,38100.0,37900.0,38050.0,744.0
2026-09-11 11:00:00+09:00,38050.0,38250.0,38000.0,38200.0,838.0
2026-09-11 11:10:00+09:00,38200.0,38200.0,38100.0,38150.0,898.0
2026-09-11 11:20:00+09:00,38150.0,38200.0,38050.0,38150.0,361.0
2026-09-11 11:30:00+09:00,38100.0,38200.0,38000.0,38200.0,884.0
2026-09-11 11:40:00+09:00,38200.0,38200.0,38050.0,38100.0,345.0
2026-09-11 11:50:00+09:00,38100.0,38150.0,38050.0,38100.0,187.0
2026-09-11 12:00:00+09:00,38100.0,38150.0,38050.0,38150.0,222.0
2026-09-11 12:10:00+09:00,38100.0,38250.0,38050.0,38250.0,993.0
2026-09-11 12:20:00+09:00,38250.0,38300.0,38200.0,38300.0,442.0
2026-09-11 12:30:00+09:00,38300.0,38300.0,38200.0,38250.0,281.0
2026-09-11 12:40:00+09:00,38250.0,38300.0,38200.0,38250.0,289.0
2026-09-11 12:50:00+09:00,38250.0,38250.0,37900.0,38150.0,1141.0
2026-09-11 13:00:00+09:00,38200.0,38350.0,38050.0,38250.0,1036.0
2026-09-11 13:10:00+09:00,38200.0,38300.0,38200.0,38250.0,403.0
2026-09-11 13:20:00+09:00,38300.0,38300.0,38200.0,38300.0,249.0
2026-09-11 13:30:00+09:00,38300.0,38300.0,38200.0,38200.0,303.0
2026-09-11 13:40:00+09:00,38250.0,38300.0,38100.0,38225.0,1077.0
2026-09-11 13:50:00+09:00,38225.0,38250.0,38100.0,38125.0,1636.0
2026-09-11 14:00:00+09:00,38100.0,38125.0,37900.0,37950.0,786.0
2026-09-11 14:10:00+09:00,38000.0,38200.0,37950.0,38150.0,491.0
2026-09-11 14:20:00+09:00,38175.0,38200.0,38050.0,38125.0,575.0
2026-09-11 14:30:00+09:00,38125.0,38125.0,37900.0,38000.0,786.0
2026-09-11 14:40:00+09:00,38025.0,38100.0,37950.0,38000.0,527.0
2026-09-11 14:50:00+09:00,38000.0,38150.0,37950.0,38050.0,667.0
2026-09-14 09:00:00+09:00,37600.0,38150.0,37600.0,38150.0,381.0
2026-09-14 09:10:00+09:00,38150.0,38150.0,38050.0,38050.0,590.0
2026-09-14 09:20:00+09:00,38000.0,38300.0,38000.0,38100.0,322.0
2026-09-14 09:30:00+09:00,38050.0,38150.0,37850.0,37850.0,607.0
2026-09-14 09:40:00+09:00,37850.0,37900.0,37850.0,37850.0,202.0
2026-09-14 09:50:00+09:00,37900.0,37900.0,37850.0,37900.0,71.0
2026-09-14 10:00:00+09:00,37900.0,38150.0,37800.0,37900.0,1533.0
2026-09-14 10:10:00+09:00,37900.0,37900.0,37700.0,37750.0,461.0
2026-09-14 10:20:00+09:00,37750.0,37800.0,37700.0,37750.0,394.0
2026-09-14 10:30:00+09:00,37750.0,37800.0,37750.0,37750.0,339.0
2026-09-14 10:40:00+09:00,37750.0,37800.0,37500.0,37550.0,1273.0
2026-09-14 10:50:00+09:00,37550.0,37600.0,37500.0,37600.0,594.0
2026-09-14 11:00:00+09:00,37600.0,37750.0,37500.0,37550.0,1125.0
2026-09-14 11:10:00+09:00,37500.0,37700.0,37500.0,37700.0,1871.0
2026-09-14 11:20:00+09:00,37700.0,37700.0,37500.0,37550.0,796.0
2026-09-14 11:30:00+09:00,37550.0,37700.0,37550.0,37700.0,1032.0
2026-09-14 11:40:00+09:00,37700.0,37800.0,37650.0,37800.0,512.0
2026-09-14 11:50:00+09:00,37800.0,37850.0,37700.0,37750.0,815.0
2026-09-14 12:00:00+09:00,37700.0,37850.0,37700.0,37750.0,655.0
2026-09-14 12:10:00+09:00,37800.0,37800.0,37750.0,37800.0,572.0
2026-09-14 12:20:00+09:00,37800.0,37850.0,37700.0,37800.0,181.0
2026-09-14 12:30:00+09:00,37800.0,37850.0,37700.0,37800.0,339.0
2026-09-14 12:40:00+09:00,37700.0,37850.0,37700.0,37800.0,345.0
2026-09-14 12:50:00+09:00,37800.0,37900.0,37750.0,37900.0,473.0
2026-09-14 13:00:00+09:00,37850.0,38000.0,37850.0,38000.0,1095.0
2026-09-14 13:10:00+09:00,38000.0,38000.0,37900.0,37900.0,564.0
2026-09-14 13:20:00+09:00,37900.0,37950.0,37800.0,37800.0,201.0
2026-09-14 13:30:00+09:00,37850.0,37850.0,37800.0,37800.0,289.0
2026-09-14 13:40:00+09:00,37850.0,37900.0,37850.0,37850.0,538.0
2026-09-14 13:50:00+09:00,37900.0,37900.0,37800.0,37900.0,491.0
2026-09-14 14:00:00+09:00,37850.0,37900.0,37750.0,37750.0,281.0
2026-09-14 14:10:00+09:00,37800.0,37800.0,37700.0,37750.0,878.0
2026-09-14 14:20:00+09:00,37800.0,37800.0,37700.0,37700.0,644.0
2026-09-14 14:30:00+09:00,37700.0,37800.0,37650.0,37650.0,277.0
2026-09-14 14:40:00+09:00,37700.0,37800.0,37650.0,37650.0,1016.0
2026-09-14 14:50:00+09:00,37700.0,37750.0,37650.0,37650.0,469.0
2026-09-15 09:00:00+09:00,37450.0,37650.0,37300.0,37550.0,2086.0
2026-09-15 09:10:00+09:00,37550.0,37600.0,37500.0,37550.0,372.0
2026-09-15 09:20:00+09:00,37550.0,37550.0,37400.0,37425.0,946.0
2026-09-15 09:30:00+09:00,37450.0,37450.0,37100.0,37150.0,2247.0
2026-09-15 09:40:00+09:00,37150.0,37350.0,37100.0,37300.0,1752.0
2026-09-15 09:50:00+09:00,37250.0,37300.0,37250.0,37300.0,453.0
2026-09-15 10:00:00+09:00,37300.0,37400.0,37250.0,37300.0,843.0
2026-09-15 10:10:00+09:00,37250.0,37400.0,37200.0,37250.0,1252.0
2026-09-15 10:20:00+09:00,37300.0,37300.0,37200.0,37300.0,782.0
2026-09-15 10:30:00+09:00,37250.0,37250.0,37150.0,37200.0,595.0
2026-09-15 10:40:00+09:00,37250.0,37350.0,37200.0,37300.0,551.0
2026-09-15 10:50:00+09:00,37250.0,37300.0,37200.0,37250.0,250.0
2026-09-15 11:00:00+09:00,37200.0,37200.0,37050.0,37050.0,1094.0
2026-09-15 11:10:00+09:00,37050.0,37200.0,37050.0,37100.0,558.0
2026-09-15 11:20:00+09:00,37100.0,37150.0,37000.0,37000.0,1417.0
2026-09-15 11:30:00+09:00,37050.0,37050.0,36900.0,36950.0,1416.0
2026-09-15 11:40:00+09:00,36950.0,37000.0,36850.0,36900.0,2232.0
2026-09-15 11:50:00+09:00,36900.0,36950.0,36800.0,36800.0,1703.0
2026-09-15 12:00:00+09:00,36800.0,36850.0,36800.0,36850.0,537.0
2026-09-15 12:10:00+09:00,36850.0,36900.0,36800.0,36850.0,475.0
2026-09-15 12:20:00+09:00,36850.0,36900.0,36700.0,36750.0,970.0
2026-09-15 12:30:00+09:00,36750.0,36850.0,36700.0,36700.0,675.0
2026-09-15 12:40:00+09:00,36700.0,36700.0,36600.0,36600.0,460.0
2026-09-15 12:50:00+09:00,36600.0,36600.0,36450.0,36500.0,2117.0
2026-09-15 13:00:00+09:00,36500.0,36600.0,36450.0,36500.0,617.0
2026-09-15 13:10:00+09:00,36500.0,36700.0,36500.0,36550.0,723.0
2026-09-15 13:20:00+09:00,36550.0,36600.0,36500.0,36500.0,523.0
2026-09-15 13:30:00+09:00,36500.0,36700.0,36450.0,36650.0,1422.0
2026-09-15 13:40:00+09:00,36700.0,36850.0,36650.0,36750.0,740.0
2026-09-15 13:50:00+09:00,36750.0,36950.0,36600.0,36650.0,1419.0
2026-09-15 14:00:00+09:00,36650.0,36700.0,36550.0,36700.0,1095.0
2026-09-15 14:10:00+09:00,36650.0,36700.0,36550.0,36600.0,682.0
2026-09-15 14:20:00+09:00,36600.0,36650.0,36550.0,36600.0,203.0
2026-09-15 14:30:00+09:00,36600.0,36700.0,36600.0,36600.0,620.0
2026-09-15 14:40:00+09:00,36600.0,36750.0,36600.0,36750.0,629.0
2026-09-15 14:50:00+09:00,36750.0,36750.0,36550.0,36650.0,973.0
2026-09-16 09:00:00+09:00,37250.0,37300.0,36400.0,36500.0,607.0
2026-09-16 09:10:00+09:00,36500.0,36600.0,36400.0,36450.0,310.0
2026-09-16 09:20:00+09:00,36450.0,36650.0,36450.0,36600.0,279.0
2026-09-16 09:30:00+09:00,36600.0,36750.0,36400.0,36450.0,1236.0
2026-09-16 09:40:00+09:00,36450.0,36550.0,36450.0,36450.0,472.0
2026-09-16 09:50:00+09:00,36500.0,36550.0,36450.0,36450.0,186.0
2026-09-16 10:00:00+09:00,36500.0,36500.0,36450.0,36450.0,159.0
2026-09-16 10:10:00+09:00,36450.0,36500.0,36400.0,36400.0,352.0
2026-09-16 10:20:00+09:00,36400.0,36650.0,36400.0,36650.0,335.0
2026-09-16 10:30:00+09:00,36600.0,36600.0,36450.0,36450.0,123.0
2026-09-16 10:40:00+09:00,36500.0,36500.0,36450.0,36450.0,128.0
2026-09-16 10:50:00+09:00,36450.0,36450.0,36200.0,36300.0,1800.0
2026-09-16 11:00:00+09:00,36250.0,36350.0,36250.0,36300.0,235.0
2026-09-16 11:10:00+09:00,36350.0,36400.0,36350.0,36350.0,186.0
2026-09-16 11:20:00+09:00,36350.0,36400.0,36300.0,36350.0,414.0
2026-09-16 11:30:00+09:00,36350.0,36400.0,36350.0,36350.0,206.0
2026-09-16 11:40:00+09:00,36350.0,36350.0,36300.0,36300.0,203.0
2026-09-16 11:50:00+09:00,36300.0,36350.0,36250.0,36250.0,272.0
2026-09-16 12:00:00+09:00,36300.0,36350.0,36250.0,36350.0,447.0
2026-09-16 12:10:00+09:00,36300.0,36350.0,36250.0,36300.0,526.0
2026-09-16 12:20:00+09:00,36250.0,36350.0,36250.0,36300.0,187.0
2026-09-16 12:30:00+09:00,36250.0,36300.0,36200.0,36200.0,167.0
2026-09-16 12:40:00+09:00,36250.0,36350.0,36200.0,36350.0,300.0
2026-09-16 12:50:00+09:00,36300.0,36350.0,36300.0,36350.0,266.0
2026-09-16 13:00:00+09:00,36350.0,36400.0,36300.0,36400.0,219.0
2026-09-16 13:10:00+09:00,36400.0,36400.0,36200.0,36200.0,358.0
2026-09-16 13:20:00+09:00,36200.0,36250.0,36200.0,36250.0,195.0
2026-09-16 13:30:00+09:00,36200.0,36250.0,36200.0,36250.0,433.0
2026-09-16 13:40:00+09:00,36200.0,36250.0,36150.0,36150.0,124.0
2026-09-16 13:50:00+09:00,36200.0,36250.0,36150.0,36200.0,466.0
2026-09-16 14:00:00+09:00,36200.0,36250.0,36200.0,36200.0,217.0
2026-09-16 14:10:00+09:00,36200.0,36250.0,36200.0,36250.0,151.0
2026-09-16 14:20:00+09:00,36200.0,36250.0,36150.0,36200.0,353.0
2026-09-16 14:30:00+09:00,36200.0,36200.0,36150.0,36200.0,169.0
2026-09-16 14:40:00+09:00,36150.0,36200.0,36150.0,36150.0,278.0
2026-09-16 14:50:00+09:00,36150.0,36150.0,36050.0,36050.0,631.0
2026-09-17 09:00:00+09:00,36500.0,36500.0,36050.0,36300.0,890.0
2026-09-17 09:10:00+09:00,36250.0,36500.0,36150.0,36250.0,107.0
2026-09-17 09:20:00+09:00,36250.0,36450.0,36200.0,36300.0,149.0
2026-09-17 09:30:00+09:00,36300.0,36450.0,36250.0,36350.0,324.0
2026-09-17 09:40:00+09:00,36400.0,36400.0,36250.0,36350.0,578.0
2026-09-17 09:50:00+09:00,36350.0,36350.0,36300.0,36350.0,217.0
2026-09-17 10:00:00+09:00,36300.0,36400.0,36300.0,36400.0,318.0
2026-09-17 10:10:00+09:00,36400.0,36400.0,36200.0,36300.0,384.0
2026-09-17 10:20:00+09:00,36250.0,36400.0,36250.0,36400.0,405.0
2026-09-17 10:30:00+09:00,36400.0,36400.0,36400.0,36400.0,118.0
2026-09-17 10:40:00+09:00,36400.0,36400.0,36200.0,36250.0,670.0
2026-09-17 10:50:00+09:00,36300.0,36300.0,36100.0,36150.0,408.0
2026-09-17 11:00:00+09:00,36150.0,36200.0,36100.0,36200.0,68.0
2026-09-17 11:10:00+09:00,36200.0,36200.0,36050.0,36050.0,749.0
2026-09-17 11:20:00+09:00,36050.0,36150.0,36000.0,36050.0,549.0
2026-09-17 11:30:00+09:00,36050.0,36150.0,36000.0,36100.0,391.0
2026-09-17 11:40:00+09:00,36050.0,36100.0,36000.0,36000.0,344.0
2026-09-17 11:50:00+09:00,36000.0,36050.0,35900.0,36000.0,1173.0
2026-09-17 12:00:00+09:00,36000.0,36050.0,36000.0,36000.0,301.0
2026-09-17 12:10:00+09:00,36000.0,36050.0,35950.0,36000.0,416.0
2026-09-17 12:20:00+09:00,36050.0,36150.0,36000.0,36100.0,714.0
2026-09-17 12:30:00+09:00,36100.0,36150.0,36100.0,36100.0,325.0
2026-09-17 12:40:00+09:00,36100.0,36250.0,36050.0,36050.0,976.0
2026-09-17 12:50:00+09:00,36050.0,36250.0,36050.0,36200.0,656.0
2026-09-17 13:00:00+09:00,36250.0,36250.0,36150.0,36150.0,321.0
2026-09-17 13:10:00+09:00,36200.0,36250.0,36150.0,36150.0,387.0
2026-09-17 13:20:00+09:00,36150.0,36200.0,36100.0,36100.0,281.0
2026-09-17 13:30:00+09:00,36100.0,36250.0,36100.0,36200.0,506.0
2026-09-17 13:40:00+09:00,36200.0,36250.0,36150.0,36250.0,359.0
2026-09-17 13:50:00+09:00,36200.0,36250.0,36200.0,36200.0,280.0
2026-09-17 14:00:00+09:00,36200.0,36250.0,36200.0,36200.0,197.0
2026-09-17 14:10:00+09:00,36200.0,36250.0,36200.0,36200.0,436.0
2026-09-17 14:20:00+09:00,36150.0,36200.0,35950.0,36050.0,2346.0
2026-09-17 14:30:00+09:00,36050.0,36100.0,36000.0,36050.0,538.0
2026-09-17 14:40:00+09:00,36050.0,36100.0,36000.0,36050.0,513.0
2026-09-17 14:50:00+09:00,36050.0,36100.0,36000.0,36000.0,314.0
2026-09-18 09:00:00+09:00,36250.0,36550.0,36000.0,36000.0,2336.0
2026-09-18 09:10:00+09:00,36000.0,36100.0,35850.0,35950.0,2739.0
2026-09-18 09:20:00+09:00,36000.0,36000.0,35850.0,35950.0,445.0
2026-09-18 09:30:00+09:00,35950.0,36000.0,35800.0,35900.0,1084.0
2026-09-18 09:40:00+09:00,35850.0,36000.0,35800.0,35900.0,620.0
2026-09-18 09:50:00+09:00,35900.0,36000.0,35850.0,35900.0,530.0
2026-09-18 10:00:00+09:00,35900.0,35950.0,35900.0,35950.0,461.0
2026-09-18 10:10:00+09:00,35900.0,35950.0,35800.0,35850.0,1420.0
2026-09-18 10:20:00+09:00,35800.0,35950.0,35800.0,35900.0,605.0
2026-09-18 10:30:00+09:00,35850.0,35950.0,35850.0,35850.0,448.0
2026-09-18 10:40:00+09:00,35900.0,36000.0,35850.0,35950.0,347.0
2026-09-18 10:50:00+09:00,36000.0,36000.0,35900.0,35900.0,324.0
2026-09-18 11:00:00+09:00,35900.0,36050.0,35900.0,36000.0,954.0
2026-09-18 11:10:00+09:00,36000.0,36050.0,36000.0,36000.0,342.0
2026-09-18 11:20:00+09:00,36000.0,36050.0,36000.0,36000.0,196.0
2026-09-18 11:30:00+09:00,36000.0,36050.0,36000.0,36000.0,232.0
2026-09-18 11:40:00+09:00,36000.0,36050.0,35950.0,35950.0,429.0
2026-09-18 11:50:00+09:00,36000.0,36000.0,35900.0,35950.0,389.0
2026-09-18 12:00:00+09:00,35950.0,35950.0,35850.0,35850.0,578.0
2026-09-18 12:10:00+09:00,35850.0,35900.0,35850.0,35850.0,312.0
2026-09-18 12:20:00+09:00,35900.0,35900.0,35850.0,35850.0,280.0
2026-09-18 12:30:00+09:00,35850.0,35900.0,35850.0,35850.0,297.0
2026-09-18 12:40:00+09:00,35850.0,35900.0,35850.0,35900.0,188.0
2026-09-18 12:50:00+09:00,35850.0,36000.0,35850.0,35900.0,738.0
2026-09-18 13:00:00+09:00,35950.0,35950.0,35850.0,35900.0,244.0
2026-09-18 13:10:00+09:00,35900.0,35900.0,35800.0,35800.0,323.0
2026-09-18 13:20:00+09:00,35800.0,35850.0,35800.0,35850.0,630.0
2026-09-18 13:30:00+09:00,35850.0,35850.0,35750.0,35750.0,547.0
2026-09-18 13:40:00+09:00,35800.0,35850.0,35750.0,35750.0,427.0
2026-09-18 13:50:00+09:00,35750.0,35850.0,35750.0,35750.0,445.0
2026-09-18 14:00:00+09:00,35800.0,35850.0,35750.0,35750.0,672.0
2026-09-18 14:10:00+09:00,35750.0,35900.0,35750.0,35850.0,772.0
2026-09-18 14:20:00+09:00,35850.0,35850.0,35800.0,35800.0,248.0
2026-09-18 14:30:00+09:00,35850.0,35850.0,35750.0,35775.0,306.0
2026-09-18 14:40:00+09:00,35750.0,35800.0,35700.0,35750.0,501.0
2026-09-18 14:50:00+09:00,35725.0,35850.0,35700.0,35850.0,1230.0
2026-09-21 09:00:00+09:00,35700.0,35750.0,35200.0,35200.0,214.0
2026-09-21 09:10:00+09:00,35250.0,35500.0,35100.0,35300.0,1418.0
2026-09-21 09:20:00+09:00,35300.0,35450.0,35300.0,35300.0,433.0
2026-09-21 09:30:00+09:00,35300.0,35400.0,35250.0,35300.0,632.0
2026-09-21 09:40:00+09:00,35250.0,35450.0,35250.0,35400.0,535.0
2026-09-21 09:50:00+09:00,35400.0,35500.0,35250.0,35500.0,336.0
2026-09-21 10:00:00+09:00,35500.0,35650.0,35350.0,35600.0,468.0
2026-09-21 10:10:00+09:00,35500.0,35650.0,35450.0,35500.0,1327.0
2026-09-21 10:20:00+09:00,35450.0,35600.0,35450.0,35500.0,329.0
2026-09-21 10:30:00+09:00,35550.0,35650.0,35450.0,35450.0,605.0
2026-09-21 10:40:00+09:00,35450.0,35500.0,35450.0,35500.0,259.0
2026-09-21 10:50:00+09:00,35500.0,35550.0,35450.0,35500.0,238.0
2026-09-21 11:00:00+09:00,35500.0,35800.0,35500.0,35750.0,1361.0
2026-09-21 11:10:00+09:00,35800.0,35850.0,35750.0,35750.0,651.0
2026-09-21 11:20:00+09:00,35800.0,35850.0,35750.0,35800.0,203.0
2026-09-21 11:30:00+09:00,35750.0,35850.0,35700.0,35800.0,329.0
2026-09-21 11:40:00+09:00,35800.0,35900.0,35750.0,35800.0,196.0
2026-09-21 11:50:00+09:00,35800.0,35800.0,35750.0,35750.0,109.0
2026-09-21 12:00:00+09:00,35800.0,35900.0,35700.0,35850.0,397.0
2026-09-21 12:10:00+09:00,35850.0,35900.0,35750.0,35750.0,281.0
2026-09-21 12:20:00+09:00,35750.0,35800.0,35700.0,35700.0,225.0
2026-09-21 12:30:00+09:00,35750.0,35750.0,35700.0,35750.0,121.0
2026-09-21 12:40:00+09:00,35750.0,35750.0,35700.0,35700.0,124.0
2026-09-21 12:50:00+09:00,35700.0,35750.0,35700.0,35700.0,166.0
2026-09-21 13:00:00+09:00,35750.0,35750.0,35600.0,35600.0,831.0
2026-09-21 13:10:00+09:00,35550.0,35550.0,35500.0,35500.0,305.0
2026-09-21 13:20:00+09:00,35550.0,35650.0,35500.0,35500.0,773.0
2026-09-21 13:30:00+09:00,35550.0,35550.0,35450.0,35500.0,344.0
2026-09-21 13:40:00+09:00,35500.0,35550.0,35450.0,35500.0,246.0
2026-09-21 13:50:00+09:00,35500.0,35500.0,35450.0,35450.0,160.0
2026-09-21 14:00:00+09:00,35500.0,35550.0,35450.0,35450.0,266.0
2026-09-21 14:10:00+09:00,35450.0,35600.0,35450.0,35550.0,720.0
2026-09-21 14:20:00+09:00,35500.0,35600.0,35450.0,35500.0,697.0
2026-09-21 14:30:00+09:00,35500.0,35550.0,35450.0,35450.0,436.0
2026-09-21 14:40:00+09:00,35450.0,35600.0,35450.0,35500.0,444.0
2026-09-21 14:50:00+09:00,35550.0,35550.0,35500.0,35500.0,265.0
2026-09-22 09:00:00+09:00,35200.0,35550.0,35150.0,35550.0,1269.0
2026-09-22 09:10:00+09:00,35500.0,35600.0,35050.0,35200.0,3248.0
2026-09-22 09:20:00+09:00,35200.0,35300.0,35150.0,35250.0,873.0
2026-09-22 09:30:00+09:00,35250.0,35250.0,35000.0,35050.0,1555.0
2026-09-22 09:40:00+09:00,35050.0,35100.0,35000.0,35050.0,1108.0
2026-09-22 09:50:00+09:00,35050.0,35100.0,35050.0,35050.0,742.0
2026-09-22 10:00:00+09:00,35050.0,35100.0,35000.0,35050.0,396.0
2026-09-22 10:10:00+09:00,35000.0,35050.0,35000.0,35000.0,492.0
2026-09-22 10:20:00+09:00,35000.0,35050.0,35000.0,35000.0,311.0
2026-09-22 10:30:00+09:00,35000.0,35100.0,34900.0,34900.0,1740.0
2026-09-22 10:40:00+09:00,34950.0,34950.0,34900.0,34950.0,505.0
2026-09-22 10:50:00+09:00,34900.0,35000.0,34900.0,34950.0,852.0
2026-09-22 11:00:00+09:00,34900.0,34950.0,34850.0,34850.0,831.0
2026-09-22 11:10:00+09:00,34850.0,34900.0,34850.0,34900.0,569.0
2026-09-22 11:20:00+09:00,34850.0,35000.0,34850.0,34900.0,492.0
2026-09-22 11:30:00+09:00,34850.0,35000.0,34850.0,35000.0,349.0
2026-09-22 11:40:00+09:00,34950.0,35000.0,34950.0,35000.0,282.0
2026-09-22 11:50:00+09:00,35000.0,35000.0,34950.0,34950.0,512.0
2026-09-22 12:00:00+09:00,34950.0,35000.0,34950.0,34950.0,324.0
2026-09-22 12:10:00+09:00,34950.0,35000.0,34950.0,34950.0,338.0
2026-09-22 12:20:00+09:00,34950.0,35000.0,34950.0,34950.0,368.0
2026-09-22 12:30:00+09:00,34950.0,35000.0,34950.0,34950.0,382.0
2026-09-22 12:40:00+09:00,34950.0,35000.0,34900.0,34900.0,467.0
2026-09-22 12:50:00+09:00,34900.0,34950.0,34900.0,34900.0,372.0
2026-09-22 13:00:00+09:00,34900.0,34950.0,34900.0,34950.0,361.0
2026-09-22 13:10:00+09:00,34900.0,34950.0,34900.0,34900.0,275.0
2026-09-22 13:20:00+09:00,34900.0,35000.0,34900.0,34900.0,1231.0
2026-09-22 13:30:00+09:00,34900.0,35000.0,34900.0,34950.0,440.0
2026-09-22 13:40:00+09:00,34950.0,35000.0,34950.0,34950.0,281.0
2026-09-22 13:50:00+09:00,34950.0,35000.0,34950.0,35000.0,484.0
2026-09-22 14:00:00+09:00,34950.0,35000.0,34950.0,35000.0,282.0
2026-09-22 14:10:00+09:00,34950.0,35100.0,34950.0,35100.0,907.0
2026-09-22 14:20:00+09:00,35050.0,35200.0,35050.0,35050.0,723.0
2026-09-22 14:30:00+09:00,35050.0,35100.0,35000.0,35050.0,420.0
2026-09-22 14:40:00+09:00,35000.0,35050.0,35000.0,35000.0,67.0
2026-09-22 14:50:00+09:00,35000.0,35050.0,35000.0,35000.0,79.0
