,Open,High,Low,Close,Volume
2026-06-29 09:00:00+09:00,103600.0,104100.0,101800.0,103100.0,16437.0
2026-06-29 09:10:00+09:00,103200.0,104300.0,103000.0,103600.0,33601.0
2026-06-29 09:20:00+09:00,103700.0,104100.0,103000.0,103500.0,13432.0
2026-06-29 09:30:00+09:00,103500.0,104200.0,102750.0,103800.0,21109.0
2026-06-29 09:40:00+09:00,103700.0,105000.0,103100.0,104200.0,26417.0
2026-06-29 09:50:00+09:00,104200.0,105900.0,104000.0,105700.0,14698.0
2026-06-29 10:00:00+09:00,105700.0,105700.0,104300.0,105000.0,11345.0
2026-06-29 10:10:00+09:00,105000.0,105700.0,104700.0,105200.0,10154.0
2026-06-29 10:20:00+09:00,105300.0,106000.0,105200.0,105700.0,11888.0
2026-06-29 10:30:00+09:00,105700.0,106500.0,105500.0,106300.0,16733.0
2026-06-29 10:40:00+09:00,106300.0,107000.0,105800.0,106300.0,18907.0
2026-06-29 10:50:00+09:00,106300.0,107200.0,105800.0,106700.0,14817.0
2026-06-29 11:00:00+09:00,106700.0,106700.0,106000.0,106300.0,7492.0
2026-06-29 11:10:00+09:00,106300.0,106400.0,105000.0,105800.0,21646.0
2026-06-29 11:20:00+09:00,105800.0,106000.0,105500.0,105800.0,7427.0
2026-06-29 11:30:00+09:00,105800.0,106100.0,105500.0,106000.0,5612.0
2026-06-29 11:40:00+09:00,106000.0,106900.0,105900.0,106900.0,8392.0
2026-06-29 11:50:00+09:00,106800.0,107100.0,106300.0,106900.0,9009.0
2026-06-29 12:00:00+09:00,106900.0,107400.0,106500.0,106600.0,12810.0
2026-06-29 12:10:00+09:00,106700.0,106800.0,106200.0,106600.0,7192.0
2026-06-29 12:20:00+09:00,106600.0,107000.0,106000.0,106900.0,12490.0
2026-06-29 12:30:00+09:00,106800.0,107000.0,106300.0,106600.0,10798.0
2026-06-29 12:40:00+09:00,106600.0,107000.0,106300.0,107000.0,6753.0
2026-06-29 12:50:00+09:00,107000.0,108000.0,106900.0,107900.0,14661.0
2026-06-29 13:00:00+09:00,108000.0,108500.0,107900.0,108400.0,10078.0
2026-06-29 13:10:00+09:00,108400.0,108700.0,108000.0,108400.0,9809.0
2026-06-29 13:20:00+09:00,108300.0,108500.0,107800.0,108000.0,5436.0
2026-06-29 13:30:00+09:00,108000.0,108100.0,107500.0,107900.0,8996.0
2026-06-29 13:40:00+09:00,107800.0,107900.0,107400.0,107900.0,9026.0
2026-06-29 13:50:00+09:00,107900.0,108100.0,107400.0,108100.0,18481.0
2026-06-29 14:00:00+09:00,107900.0,108400.0,107400.0,108300.0,8955.0
2026-06-29 14:10:00+09:00,108200.0,108600.0,108000.0,108600.0,8728.0
2026-06-29 14:20:00+09:00,108600.0,108900.0,108400.0,108800.0,11976.0
2026-06-29 14:30:00+09:00,108800.0,109100.0,108500.0,108800.0,14149.0
2026-06-29 14:40:00+09:00,108900.0,109600.0,108900.0,109500.0,11420.0
2026-06-29 14:50:00+09:00,109400.0,110200.0,109400.0,110100.0,18333.0
2026-06-30 09:00:00+09:00,110300.0,110300.0,108500.0,109000.0,16064.0
2026-06-30 09:10:00+09:00,108900.0,111000.0,108600.0,109900.0,12128.0
2026-06-30 09:20:00+09:00,109900.0,110100.0,108300.0,109000.0,11713.0
2026-06-30 09:30:00+09:00,109000.0,109500.0,108300.0,108500.0,11496.0
2026-06-30 09:40:00+09:00,108500.0,108600.0,107800.0,108000.0,18197.0
2026-06-30 09:50:00+09:00,108000.0,109500.0,108000.0,109200.0,8992.0
2026-06-30 10:00:00+09:00,109500.0,110000.0,109000.0,109700.0,11747.0
2026-06-30 10:10:00+09:00,109700.0,110000.0,109300.0,109900.0,10600.0
2026-06-30 10:20:00+09:00,110000.0,110100.0,109200.0,109900.0,7177.0
2026-06-30 10:30:00+09:00,109800.0,110200.0,109500.0,109700.0,7239.0
2026-06-30 10:40:00+09:00,109700.0,109900.0,109600.0,109800.0,4816.0
2026-06-30 10:50:00+09:00,109800.0,110400.0,109800.0,110200.0,8079.0
2026-06-30 11:00:00+09:00,110200.0,110200.0,109300.0,109600.0,5257.0
2026-06-30 11:10:00+09:00,109600.0,109600.0,108700.0,109100.0,8699.0
2026-06-30 11:20:00+09:00,109200.0,110100.0,109200.0,110100.0,7121.0
2026-06-30 11:30:00+09:00,110100.0,110200.0,109800.0,110200.0,5063.0
2026-06-30 11:40:00+09:00,110300.0,110600.0,110100.0,110600.0,4507.0
2026-06-30 11:50:00+09:00,110600.0,110700.0,110200.0,110400.0,5465.0
2026-06-30 12:00:00+09:00,110300.0,110900.0,110100.0,110900.0,6173.0
2026-06-30 12:10:00+09:00,110900.0,111000.0,110400.0,110700.0,7213.0
2026-06-30 12:20:00+09:00,110800.0,111200.0,110600.0,111200.0,4510.0
2026-06-30 12:30:00+09:00,111200.0,111600.0,111000.0,111300.0,8697.0
2026-06-30 12:40:00+09:00,111400.0,111500.0,111100.0,111400.0,3459.0
2026-06-30 12:50:00+09:00,111400.0,111500.0,111000.0,111000.0,4010.0
2026-06-30 13:00:00+09:00,111000.0,112100.0,110900.0,111200.0,15429.0
2026-06-30 13:10:00+09:00,111200.0,111500.0,110800.0,111500.0,5605.0
2026-06-30 13:20:00+09:00,111500.0,112000.0,111200.0,111700.0,6289.0
2026-06-30 13:30:00+09:00,111600.0,112400.0,111600.0,112300.0,7380.0
2026-06-30 13:40:00+09:00,112300.0,112600.0,112100.0,112500.0,5961.0
2026-06-30 13:50:00+09:00,112500.0,112600.0,112200.0,112200.0,6691.0
2026-06-30 14:00:00+09:00,112200.0,112400.0,111300.0,111400.0,9306.0
2026-06-30 14:10:00+09:00,111400.0,111400.0,110800.0,111000.0,8557.0
2026-06-30 14:20:00+09:00,110800.0,111000.0,110600.0,110700.0,8030.0
2026-06-30 14:30:00+09:00,110600.0,110800.0,110100.0,110300.0,10360.0
2026-06-30 14:40:00+09:00,110200.0,110800.0,110100.0,110600.0,6008.0
2026-06-30 14:50:00+09:00,110600.0,110700.0,109400.0,109600.0,13222.0
2026-07-01 09:00:00+09:00,111700.0,113400.0,110900.0,112900.0,38982.0
2026-07-01 09:10:00+09:00,112900.0,113000.0,111700.0,112000.0,13255.0
2026-07-01 09:20:00+09:00,112100.0,112300.0,111400.0,111900.0,11324.0
2026-07-01 09:30:00+09:00,111800.0,113100.0,111400.0,112500.0,17331.0
2026-07-01 09:40:00+09:00,112700.0,114400.0,112200.0,114400.0,22672.0
2026-07-01 09:50:00+09:00,114400.0,115000.0,112600.0,112700.0,19979.0
2026-07-01 10:00:00+09:00,112600.0,113800.0,112400.0,112400.0,10556.0
2026-07-01 10:10:00+09:00,112400.0,112500.0,111300.0,111600.0,12117.0
2026-07-01 10:20:00+09:00,111600.0,112700.0,111300.0,112200.0,8672.0
2026-07-01 10:30:00+09:00,112100.0,112600.0,111800.0,112000.0,5750.0
2026-07-01 10:40:00+09:00,112000.0,112100.0,111200.0,111300.0,8071.0
2026-07-01 10:50:00+09:00,111200.0,111700.0,111100.0,111500.0,3556.0
2026-07-01 11:00:00+09:00,111500.0,111600.0,109900.0,110100.0,18605.0
2026-07-01 11:10:00+09:00,110000.0,110100.0,109600.0,110100.0,6735.0
2026-07-01 11:20:00+09:00,110000.0,110500.0,109800.0,110300.0,5477.0
2026-07-01 11:30:00+09:00,110300.0,111100.0,110200.0,110800.0,4793.0
2026-07-01 11:40:00+09:00,110800.0,112000.0,110600.0,111900.0,4922.0
2026-07-01 11:50:00+09:00,111900.0,112000.0,111200.0,111300.0,2899.0
2026-07-01 12:00:00+09:00,111400.0,111900.0,111000.0,111900.0,3271.0
2026-07-01 12:10:00+09:00,111700.0,111900.0,111100.0,111500.0,4318.0
2026-07-01 12:20:00+09:00,111400.0,111700.0,111200.0,111300.0,4105.0
2026-07-01 12:30:00+09:00,111300.0,112300.0,111200.0,112300.0,5500.0
2026-07-01 12:40:00+09:00,112200.0,112700.0,111600.0,112300.0,22371.0
2026-07-01 12:50:00+09:00,112400.0,112900.0,112200.0,112500.0,6554.0
2026-07-01 13:00:00+09:00,112500.0,112500.0,111700.0,111900.0,5280.0
2026-07-01 13:10:00+09:00,111900.0,112000.0,111300.0,111500.0,4213.0
2026-07-01 13:20:00+09:00,111500.0,112300.0,111400.0,112100.0,4125.0
2026-07-01 13:30:00+09:00,112100.0,112400.0,111800.0,112200.0,8960.0
2026-07-01 13:40:00+09:00,112300.0,112900.0,112100.0,112800.0,7586.0
2026-07-01 13:50:00+09:00,112900.0,113000.0,112100.0,112200.0,9926.0
2026-07-01 14:00:00+09:00,112100.0,112500.0,111700.0,112400.0,8699.0
2026-07-01 14:10:00+09:00,112400.0,113200.0,111900.0,112700.0,11898.0
2026-07-01 14:20:00+09:00,112700.0,113000.0,112200.0,112300.0,14406.0
2026-07-01 14:30:00+09:00,112400.0,112700.0,111900.0,112400.0,15870.0
2026-07-01 14:40:00+09:00,112400.0,112700.0,112000.0,112200.0,14266.0
2026-07-01 14:50:00+09:00,112200.0,112800.0,112000.0,112500.0,17192.0
2026-07-02 09:00:00+09:00,110000.0,110100.0,106500.0,107100.0,22100.0
2026-07-02 09:10:00+09:00,107300.0,108000.0,106400.0,106400.0,13163.0
2026-07-02 09:20:00+09:00,106400.0,108700.0,106200.0,108600.0,14823.0
2026-07-02 09:30:00+09:00,108500.0,109000.0,107700.0,108400.0,7483.0
2026-07-02 09:40:00+09:00,108400.0,108700.0,107400.0,108700.0,11343.0
2026-07-02 09:50:00+09:00,108600.0,109400.0,108100.0,108800.0,11857.0
2026-07-02 10:00:00+09:00,108900.0,110200.0,108500.0,110000.0,9271.0
2026-07-02 10:10:00+09:00,110000.0,110700.0,109600.0,110500.0,8373.0
2026-07-02 10:20:00+09:00,110600.0,111400.0,110200.0,111200.0,11786.0
2026-07-02 10:30:00+09:00,111200.0,112400.0,111200.0,111800.0,14390.0
2026-07-02 10:40:00+09:00,111800.0,112400.0,111200.0,112100.0,10647.0
2026-07-02 10:50:00+09:00,112200.0,112300.0,111800.0,111800.0,8267.0
2026-07-02 11:00:00+09:00,111800.0,112300.0,111600.0,112200.0,8467.0
2026-07-02 11:10:00+09:00,112200.0,112400.0,111500.0,111500.0,8819.0
2026-07-02 11:20:00+09:00,111600.0,111800.0,111000.0,111200.0,6476.0
2026-07-02 11:30:00+09:00,111200.0,111600.0,110900.0,111600.0,5001.0
2026-07-02 11:40:00+09:00,111600.0,111600.0,111000.0,111200.0,3128.0
2026-07-02 11:50:00+09:00,111200.0,111700.0,110600.0,111700.0,4645.0
2026-07-02 12:00:00+09:00,111600.0,111800.0,111300.0,111400.0,3247.0
2026-07-02 12:10:00+09:00,111400.0,111600.0,111000.0,111100.0,3447.0
2026-07-02 12:20:00+09:00,111000.0,111100.0,110400.0,110500.0,4908.0
2026-07-02 12:30:00+09:00,110400.0,111000.0,110300.0,111000.0,4162.0
2026-07-02 12:40:00+09:00,110900.0,111000.0,110300.0,110600.0,4895.0
2026-07-02 12:50:00+09:00,110700.0,110800.0,110300.0,110500.0,5934.0
2026-07-02 13:00:00+09:00,110400.0,110600.0,110200.0,110400.0,5200.0
2026-07-02 13:10:00+09:00,110400.0,110400.0,109600.0,109800.0,7478.0
2026-07-02 13:20:00+09:00,109800.0,110400.0,109300.0,110200.0,8146.0
2026-07-02 13:30:00+09:00,110100.0,110200.0,109200.0,109300.0,8531.0
2026-07-02 13:40:00+09:00,109300.0,109400.0,108600.0,108700.0,11023.0
2026-07-02 13:50:00+09:00,108700.0,110200.0,108700.0,110200.0,8172.0
2026-07-02 14:00:00+09:00,110200.0,110400.0,109500.0,110300.0,6657.0
2026-07-02 14:10:00+09:00,110200.0,110300.0,109500.0,109800.0,8374.0
2026-07-02 14:20:00+09:00,109800.0,110200.0,109500.0,109700.0,7091.0
2026-07-02 14:30:00+09:00,109700.0,109800.0,109000.0,109200.0,10745.0
2026-07-02 14:40:00+09:00,109100.0,109200.0,108100.0,108300.0,11207.0
2026-07-02 14:50:00+09:00,108300.0,108800.0,108100.0,108300.0,11922.0
2026-07-03 09:00:00+09:00,109700.0,112700.0,109700.0,110900.0,47242.0
2026-07-03 09:10:00+09:00,110900.0,113000.0,110600.0,110800.0,32771.0
2026-07-03 09:20:00+09:00,110800.0,111200.0,109400.0,110400.0,24805.0
2026-07-03 09:30:00+09:00,110400.0,112500.0,109500.0,111700.0,37007.0
2026-07-03 09:40:00+09:00,111600.0,111700.0,109100.0,109700.0,21567.0
2026-07-03 09:50:00+09:00,109700.0,109700.0,108300.0,108800.0,21967.0
2026-07-03 10:00:00+09:00,108900.0,113400.0,108800.0,113000.0,58754.0
2026-07-03 10:10:00+09:00,113000.0,113700.0,112200.0,113200.0,28784.0
2026-07-03 10:20:00+09:00,113200.0,113900.0,113000.0,113300.0,20441.0
2026-07-03 10:30:00+09:00,113500.0,114500.0,113200.0,114400.0,20803.0
2026-07-03 10:40:00+09:00,114400.0,115900.0,114300.0,115800.0,35720.0
2026-07-03 10:50:00+09:00,115800.0,115800.0,114600.0,114900.0,26271.0
2026-07-03 11:00:00+09:00,115000.0,115700.0,114600.0,115200.0,16999.0
2026-07-03 11:10:00+09:00,115200.0,115600.0,114500.0,115000.0,21905.0
2026-07-03 11:20:00+09:00,115000.0,116000.0,115000.0,115800.0,11881.0
2026-07-03 11:30:00+09:00,115800.0,116000.0,115500.0,116000.0,10285.0
2026-07-03 11:40:00+09:00,116000.0,116300.0,115800.0,116100.0,11590.0
2026-07-03 11:50:00+09:00,116200.0,116900.0,116200.0,116900.0,11212.0
2026-07-03 12:00:00+09:00,116900.0,116900.0,115600.0,115900.0,16381.0
2026-07-03 12:10:00+09:00,115900.0,116700.0,115800.0,116500.0,8391.0
2026-07-03 12:20:00+09:00,116500.0,117000.0,116500.0,117000.0,11640.0
2026-07-03 12:30:00+09:00,117000.0,117200.0,116300.0,116400.0,14501.0
2026-07-03 12:40:00+09:00,116300.0,116400.0,115600.0,116400.0,12685.0
2026-07-03 12:50:00+09:00,116400.0,117400.0,116300.0,117300.0,12221.0
2026-07-03 13:00:00+09:00,117300.0,117700.0,117100.0,117500.0,18621.0
2026-07-03 13:10:00+09:00,117500.0,118400.0,117300.0,118350.0,17255.0
2026-07-03 13:20:00+09:00,118400.0,119000.0,118200.0,119000.0,30813.0
2026-07-03 13:30:00+09:00,119000.0,119100.0,118400.0,118800.0,19727.0
2026-07-03 13:40:00+09:00,118800.0,118900.0,117000.0,117000.0,17116.0
2026-07-03 13:50:00+09:00,117100.0,118400.0,116500.0,118000.0,25081.0
2026-07-03 14:00:00+09:00,118100.0,118700.0,117900.0,118500.0,17445.0
2026-07-03 14:10:00+09:00,118400.0,118800.0,118000.0,118500.0,14705.0
2026-07-03 14:20:00+09:00,118600.0,118800.0,118000.0,118700.0,14215.0
2026-07-03 14:30:00+09:00,118700.0,119500.0,118600.0,119200.0,24346.0
2026-07-03 14:40:00+09:00,119200.0,119500.0,118200.0,118500.0,27748.0
2026-07-03 14:50:00+09:00,118400.0,119000.0,118300.0,118700.0,21880.0
2026-07-06 09:00:00+09:00,121400.0,122900.0,118100.0,122500.0,28402.0
2026-07-06 09:10:00+09:00,122500.0,127000.0,122300.0,125300.0,114426.0
2026-07-06 09:20:00+09:00,125300.0,126200.0,123600.0,124100.0,50413.0
2026-07-06 09:30:00+09:00,124100.0,125700.0,123400.0,125000.0,45108.0
2026-07-06 09:40:00+09:00,125000.0,126400.0,124600.0,125300.0,36279.0
2026-07-06 09:50:00+09:00,125300.0,125800.0,123500.0,123900.0,25404.0
2026-07-06 10:00:00+09:00,123900.0,124900.0,123200.0,124400.0,25306.0
2026-07-06 10:10:00+09:00,124200.0,126000.0,123900.0,125600.0,28458.0
2026-07-06 10:20:00+09:00,125600.0,125700.0,124200.0,124300.0,23156.0
2026-07-06 10:30:00+09:00,124400.0,125300.0,124200.0,125000.0,15600.0
2026-07-06 10:40:00+09:00,125000.0,125700.0,123600.0,123600.0,24226.0
2026-07-06 10:50:00+09:00,123600.0,123900.0,122300.0,123300.0,30153.0
2026-07-06 11:00:00+09:00,123300.0,124500.0,122800.0,122900.0,26042.0
2026-07-06 11:10:00+09:00,122900.0,122900.0,121600.0,122000.0,17165.0
2026-07-06 11:20:00+09:00,122000.0,122500.0,120500.0,120600.0,17721.0
2026-07-06 11:30:00+09:00,120900.0,121400.0,120400.0,120400.0,14933.0
2026-07-06 11:40:00+09:00,120600.0,120600.0,119400.0,119600.0,17962.0
2026-07-06 11:50:00+09:00,119600.0,120700.0,119300.0,120600.0,18823.0
2026-07-06 12:00:00+09:00,120700.0,121600.0,120500.0,121200.0,17460.0
2026-07-06 12:10:00+09:00,121200.0,122100.0,121100.0,121200.0,14835.0
2026-07-06 12:20:00+09:00,121200.0,121400.0,120700.0,121000.0,10447.0
2026-07-06 12:30:00+09:00,121000.0,121500.0,120700.0,121300.0,11843.0
2026-07-06 12:40:00+09:00,121300.0,121300.0,120500.0,120600.0,12123.0
2026-07-06 12:50:00+09:00,120600.0,121100.0,120300.0,120700.0,9291.0
2026-07-06 13:00:00+09:00,120700.0,120700.0,119800.0,119900.0,10411.0
2026-07-06 13:10:00+09:00,119900.0,120900.0,119900.0,120500.0,10066.0
2026-07-06 13:20:00+09:00,120500.0,121200.0,120300.0,120700.0,12532.0
2026-07-06 13:30:00+09:00,120800.0,121400.0,120600.0,121100.0,14920.0
2026-07-06 13:40:00+09:00,121100.0,121700.0,120900.0,121500.0,11247.0
2026-07-06 13:50:00+09:00,121500.0,122200.0,121400.0,122100.0,9259.0
2026-07-06 14:00:00+09:00,122100.0,122200.0,121100.0,121800.0,12122.0
2026-07-06 14:10:00+09:00,121800.0,122000.0,121200.0,121600.0,8690.0
2026-07-06 14:20:00+09:00,121600.0,121700.0,120700.0,120900.0,12723.0
2026-07-06 14:30:00+09:00,120800.0,121100.0,120200.0,120500.0,11111.0
2026-07-06 14:40:00+09:00,120500.0,121000.0,120000.0,120100.0,14220.0
2026-07-06 14:50:00+09:00,120100.0,121100.0,120000.0,120800.0,11423.0
2026-07-07 09:00:00+09:00,120700.0,122100.0,119600.0,120200.0,29197.0
2026-07-07 09:10:00+09:00,120200.0,120300.0,116400.0,118400.0,32435.0
2026-07-07 09:20:00+09:00,118300.0,119000.0,117200.0,118600.0,16030.0
2026-07-07 09:30:00+09:00,118600.0,118800.0,117000.0,117200.0,12931.0
2026-07-07 09:40:00+09:00,117300.0,117300.0,116300.0,116600.0,16436.0
2026-07-07 09:50:00+09:00,116500.0,117400.0,116300.0,116700.0,10455.0
2026-07-07 10:00:00+09:00,116600.0,117500.0,116400.0,117100.0,12434.0
2026-07-07 10:10:00+09:00,117000.0,117600.0,116100.0,116100.0,12152.0
2026-07-07 10:20:00+09:00,116200.0,117000.0,115100.0,115300.0,14973.0
2026-07-07 10:30:00+09:00,115300.0,115700.0,114500.0,115600.0,12008.0
2026-07-07 10:40:00+09:00,115600.0,117900.0,115400.0,117800.0,9097.0
2026-07-07 10:50:00+09:00,117800.0,118000.0,116200.0,116300.0,9532.0
2026-07-07 11:00:00+09:00,116300.0,117000.0,115800.0,116400.0,11979.0
2026-07-07 11:10:00+09:00,116400.0,116500.0,115900.0,116100.0,6793.0
2026-07-07 11:20:00+09:00,116100.0,116200.0,115300.0,115400.0,6662.0
2026-07-07 11:30:00+09:00,115400.0,115500.0,114500.0,114800.0,15891.0
2026-07-07 11:40:00+09:00,114700.0,114800.0,113600.0,113800.0,11228.0
2026-07-07 11:50:00+09:00,113850.0,114500.0,113700.0,114100.0,8068.0
2026-07-07 12:00:00+09:00,114100.0,114900.0,114000.0,114600.0,7205.0
2026-07-07 12:10:00+09:00,114700.0,115000.0,113800.0,114000.0,9327.0
2026-07-07 12:20:00+09:00,113900.0,114400.0,113500.0,113600.0,7373.0
2026-07-07 12:30:00+09:00,113600.0,114400.0,113100.0,114100.0,9542.0
2026-07-07 12:40:00+09:00,114100.0,114200.0,113400.0,113800.0,6403.0
2026-07-07 12:50:00+09:00,113700.0,114000.0,113400.0,113900.0,5549.0
2026-07-07 13:00:00+09:00,113900.0,114600.0,113600.0,114100.0,10145.0
2026-07-07 13:10:00+09:00,114000.0,114300.0,113400.0,113400.0,5141.0
2026-07-07 13:20:00+09:00,113400.0,113600.0,113200.0,113400.0,6197.0
2026-07-07 13:30:00+09:00,113500.0,113700.0,113300.0,113600.0,5133.0
2026-07-07 13:40:00+09:00,113600.0,113600.0,113100.0,113100.0,6406.0
2026-07-07 13:50:00+09:00,113100.0,113200.0,113000.0,113100.0,2560.0
2026-07-07 14:20:00+09:00,113100.0,113800.0,112100.0,113600.0,38283.0
2026-07-07 14:30:00+09:00,113600.0,114900.0,113300.0,114800.0,14285.0
2026-07-07 14:40:00+09:00,114800.0,115300.0,114500.0,114900.0,22762.0
2026-07-07 14:50:00+09:00,114800.0,115800.0,114700.0,115000.0,16260.0
2026-07-08 09:00:00+09:00,113200.0,114100.0,112000.0,112800.0,30948.0
2026-07-08 09:10:00+09:00,112700.0,114600.0,112300.0,114100.0,13834.0
2026-07-08 09:20:00+09:00,114100.0,115600.0,113600.0,115200.0,10155.0
2026-07-08 09:30:00+09:00,115150.0,118600.0,114600.0,118600.0,26185.0
2026-07-08 09:40:00+09:00,118500.0,120400.0,117800.0,119700.0,31985.0
2026-07-08 09:50:00+09:00,119600.0,120400.0,119300.0,119600.0,19242.0
2026-07-08 10:00:00+09:00,119700.0,119700.0,118300.0,118400.0,10993.0
2026-07-08 10:10:00+09:00,118400.0,119300.0,116900.0,116900.0,13019.0
2026-07-08 10:20:00+09:00,116800.0,117500.0,116400.0,116900.0,9470.0
2026-07-08 10:30:00+09:00,116900.0,117600.0,115700.0,116000.0,15045.0
2026-07-08 10:40:00+09:00,116000.0,116700.0,115900.0,116100.0,10260.0
2026-07-08 10:50:00+09:00,116200.0,116400.0,115100.0,115500.0,6557.0
2026-07-08 11:00:00+09:00,115600.0,115600.0,114200.0,114300.0,11176.0
2026-07-08 11:10:00+09:00,114400.0,114900.0,113800.0,114600.0,8331.0
2026-07-08 11:20:00+09:00,114600.0,116900.0,114200.0,115200.0,9640.0
2026-07-08 11:30:00+09:00,115200.0,115500.0,114100.0,114400.0,4574.0
2026-07-08 11:40:00+09:00,114300.0,115200.0,114000.0,114700.0,8982.0
2026-07-08 11:50:00+09:00,114600.0,114800.0,114100.0,114500.0,4552.0
2026-07-08 12:00:00+09:00,114500.0,115400.0,114400.0,115200.0,5723.0
2026-07-08 12:10:00+09:00,115200.0,115600.0,114000.0,115300.0,6598.0
2026-07-08 12:20:00+09:00,115300.0,115700.0,115000.0,115600.0,5100.0
2026-07-08 12:30:00+09:00,115600.0,115800.0,114900.0,115200.0,5614.0
2026-07-08 12:40:00+09:00,115000.0,115100.0,114500.0,114700.0,5688.0
2026-07-08 12:50:00+09:00,114650.0,114800.0,114100.0,114200.0,4113.0
2026-07-08 13:00:00+09:00,114200.0,114300.0,113400.0,113900.0,7197.0
2026-07-08 13:10:00+09:00,113800.0,113800.0,112500.0,112600.0,9705.0
2026-07-08 13:20:00+09:00,112600.0,112800.0,112000.0,112100.0,11286.0
2026-07-08 13:30:00+09:00,112000.0,112400.0,110300.0,110800.0,17860.0
2026-07-08 13:40:00+09:00,110900.0,111600.0,110600.0,110900.0,13594.0
2026-07-08 13:50:00+09:00,111000.0,112000.0,110400.0,111900.0,14728.0
2026-07-08 14:00:00+09:00,111600.0,112800.0,111300.0,112500.0,16641.0
2026-07-08 14:10:00+09:00,112700.0,112900.0,111800.0,111900.0,12918.0
2026-07-08 14:20:00+09:00,112000.0,112100.0,111000.0,111200.0,14623.0
2026-07-08 14:30:00+09:00,111200.0,111800.0,110700.0,111000.0,15234.0
2026-07-08 14:40:00+09:00,111000.0,111800.0,110700.0,111500.0,15965.0
2026-07-08 14:50:00+09:00,111300.0,112400.0,111300.0,112000.0,16624.0
2026-07-09 09:00:00+09:00,114100.0,114700.0,112200.0,112700.0,19606.0
2026-07-09 09:10:00+09:00,112700.0,112800.0,110900.0,111400.0,15388.0
2026-07-09 09:20:00+09:00,111300.0,111800.0,110900.0,111700.0,10795.0
2026-07-09 09:30:00+09:00,111600.0,111700.0,110100.0,110700.0,11856.0
2026-07-09 09:40:00+09:00,110700.0,111900.0,110500.0,111600.0,8875.0
2026-07-09 09:50:00+09:00,111500.0,111600.0,110000.0,110100.0,14840.0
2026-07-09 10:00:00+09:00,110200.0,110800.0,110100.0,110700.0,8075.0
2026-07-09 10:10:00+09:00,110800.0,111300.0,110600.0,111000.0,9988.0
2026-07-09 10:20:00+09:00,111200.0,111300.0,109300.0,109800.0,16354.0
2026-07-09 10:30:00+09:00,109800.0,109900.0,108800.0,109100.0,14775.0
2026-07-09 10:40:00+09:00,109200.0,110600.0,109100.0,110200.0,6768.0
2026-07-09 10:50:00+09:00,110100.0,110200.0,108100.0,108200.0,13227.0
2026-07-09 11:00:00+09:00,108200.0,108800.0,107300.0,108100.0,15009.0
2026-07-09 11:10:00+09:00,108300.0,109000.0,108000.0,108900.0,6506.0
2026-07-09 11:20:00+09:00,108900.0,109400.0,108600.0,108700.0,5121.0
2026-07-09 11:30:00+09:00,108700.0,109000.0,107300.0,107700.0,7573.0
2026-07-09 11:40:00+09:00,107700.0,107700.0,106500.0,106500.0,9479.0
2026-07-09 11:50:00+09:00,106500.0,106500.0,105200.0,105500.0,18857.0
2026-07-09 12:00:00+09:00,105500.0,105700.0,104900.0,105400.0,10165.0
2026-07-09 12:10:00+09:00,105300.0,105500.0,104500.0,104600.0,7623.0
2026-07-09 12:20:00+09:00,104600.0,107000.0,104600.0,106900.0,8549.0
2026-07-09 12:30:00+09:00,107000.0,107900.0,106800.0,107600.0,10260.0
2026-07-09 12:40:00+09:00,107700.0,108000.0,107300.0,107900.0,11249.0
2026-07-09 12:50:00+09:00,107800.0,108000.0,107200.0,107550.0,5042.0
2026-07-09 13:00:00+09:00,107500.0,108100.0,107300.0,107600.0,6800.0
2026-07-09 13:10:00+09:00,107600.0,108200.0,107300.0,107600.0,5753.0
2026-07-09 13:20:00+09:00,107500.0,107700.0,106300.0,106700.0,8241.0
2026-07-09 13:30:00+09:00,106700.0,107500.0,106400.0,106400.0,7903.0
2026-07-09 13:40:00+09:00,106400.0,106600.0,105900.0,106100.0,13866.0
2026-07-09 13:50:00+09:00,106000.0,106700.0,105900.0,106500.0,8647.0
2026-07-09 14:00:00+09:00,106400.0,106600.0,105500.0,105500.0,9572.0
2026-07-09 14:10:00+09:00,105600.0,107100.0,105500.0,106000.0,19773.0
2026-07-09 14:20:00+09:00,105900.0,106200.0,105400.0,105800.0,8928.0
2026-07-09 14:30:00+09:00,105900.0,107000.0,105400.0,106400.0,13656.0
2026-07-09 14:40:00+09:00,106400.0,106900.0,106100.0,106800.0,15380.0
2026-07-09 14:50:00+09:00,106800.0,107900.0,106500.0,107800.0,16781.0
2026-07-10 09:00:00+09:00,108600.0,111200.0,107700.0,110600.0,76216.0
2026-07-10 09:10:00+09:00,110700.0,113300.0,110500.0,113000.0,57191.0
2026-07-10 09:20:00+09:00,113100.0,113600.0,112500.0,112900.0,34804.0
2026-07-10 09:30:00+09:00,112800.0,113500.0,112100.0,112300.0,19368.0
2026-07-10 09:40:00+09:00,112000.0,112900.0,112000.0,112800.0,12449.0
2026-07-10 09:50:00+09:00,112800.0,113300.0,112100.0,113100.0,14604.0
2026-07-10 10:00:00+09:00,113000.0,113200.0,112700.0,113000.0,7910.0
2026-07-10 10:10:00+09:00,113000.0,114100.0,112700.0,114100.0,21147.0
2026-07-10 10:20:00+09:00,114100.0,115200.0,114000.0,115100.0,20704.0
2026-07-10 10:30:00+09:00,115000.0,116300.0,115000.0,115900.0,24930.0
2026-07-10 10:40:00+09:00,115900.0,117000.0,115600.0,116900.0,17017.0
2026-07-10 10:50:00+09:00,116900.0,117400.0,116400.0,116800.0,17245.0
2026-07-10 11:00:00+09:00,116700.0,116900.0,115700.0,116300.0,16968.0
2026-07-10 11:10:00+09:00,116200.0,116400.0,115600.0,116200.0,13283.0
2026-07-10 11:20:00+09:00,116200.0,116400.0,115300.0,115400.0,9192.0
2026-07-10 11:30:00+09:00,115300.0,116000.0,115200.0,115800.0,6749.0
2026-07-10 11:40:00+09:00,116000.0,116000.0,115400.0,115700.0,7698.0
2026-07-10 11:50:00+09:00,115800.0,116200.0,115700.0,116100.0,6577.0
2026-07-10 12:00:00+09:00,116100.0,116500.0,116100.0,116300.0,5937.0
2026-07-10 12:10:00+09:00,116300.0,116500.0,116100.0,116400.0,6426.0
2026-07-10 12:20:00+09:00,116500.0,116500.0,116100.0,116200.0,5360.0
2026-07-10 12:30:00+09:00,116200.0,116400.0,116000.0,116300.0,5710.0
2026-07-10 12:40:00+09:00,116400.0,116500.0,115700.0,116000.0,7776.0
2026-07-10 12:50:00+09:00,116000.0,116200.0,115400.0,115800.0,6736.0
2026-07-10 13:00:00+09:00,115900.0,116500.0,115900.0,116200.0,9945.0
2026-07-10 13:10:00+09:00,116100.0,116100.0,115150.0,115500.0,9276.0
2026-07-10 13:20:00+09:00,115500.0,116100.0,115200.0,115900.0,12789.0
2026-07-10 13:30:00+09:00,115900.0,115900.0,115000.0,115300.0,11184.0
2026-07-10 13:40:00+09:00,115200.0,115400.0,114900.0,114900.0,10262.0
2026-07-10 13:50:00+09:00,114900.0,115000.0,113700.0,114000.0,12191.0
2026-07-10 14:00:00+09:00,114000.0,114500.0,113800.0,114000.0,9933.0
2026-07-10 14:10:00+09:00,114000.0,114400.0,113700.0,114000.0,11094.0
2026-07-10 14:20:00+09:00,114000.0,114100.0,113100.0,113200.0,12517.0
2026-07-10 14:30:00+09:00,113100.0,113500.0,112700.0,112800.0,13412.0
2026-07-10 14:40:00+09:00,112800.0,113400.0,112200.0,113200.0,17170.0
2026-07-10 14:50:00+09:00,113100.0,113800.0,113000.0,113400.0,12426.0
2026-07-13 09:00:00+09:00,112500.0,116800.0,111300.0,116500.0,17002.0
2026-07-13 09:10:00+09:00,116400.0,118700.0,116000.0,116400.0,34882.0
2026-07-13 09:20:00+09:00,116400.0,118800.0,116400.0,118100.0,21062.0
2026-07-13 09:30:00+09:00,118100.0,118400.0,116500.0,116700.0,15209.0
2026-07-13 09:40:00+09:00,116700.0,117300.0,116500.0,116900.0,15303.0
2026-07-13 09:50:00+09:00,116800.0,117400.0,115300.0,115800.0,21952.0
2026-07-13 10:00:00+09:00,115700.0,116500.0,115400.0,115800.0,15240.0
2026-07-13 10:10:00+09:00,115900.0,117000.0,115500.0,115500.0,10231.0
2026-07-13 10:20:00+09:00,115500.0,115700.0,114300.0,114800.0,13521.0
2026-07-13 10:30:00+09:00,114600.0,115700.0,114100.0,115100.0,11680.0
2026-07-13 10:40:00+09:00,115200.0,115400.0,113100.0,113100.0,12860.0
2026-07-13 10:50:00+09:00,113100.0,113100.0,112100.0,112600.0,11287.0
2026-07-13 11:00:00+09:00,112500.0,112900.0,111400.0,112300.0,15507.0
2026-07-13 11:10:00+09:00,112300.0,113300.0,112100.0,112900.0,11607.0
2026-07-13 11:20:00+09:00,113000.0,114100.0,112800.0,113900.0,7503.0
2026-07-13 11:30:00+09:00,114000.0,114000.0,113200.0,113900.0,4785.0
2026-07-13 11:40:00+09:00,113800.0,113900.0,112800.0,113300.0,4310.0
2026-07-13 11:50:00+09:00,113300.0,113600.0,112600.0,112600.0,4076.0
2026-07-13 12:00:00+09:00,112600.0,112800.0,111200.0,111400.0,8447.0
2026-07-13 12:10:00+09:00,111400.0,111600.0,110500.0,110900.0,6961.0
2026-07-13 12:20:00+09:00,111000.0,111300.0,110600.0,110800.0,7287.0
2026-07-13 12:30:00+09:00,110800.0,111200.0,110000.0,110600.0,6352.0
2026-07-13 12:40:00+09:00,110700.0,111200.0,110000.0,110500.0,5686.0
2026-07-13 12:50:00+09:00,110500.0,110600.0,110100.0,110500.0,4635.0
2026-07-13 13:00:00+09:00,110400.0,110500.0,108900.0,109200.0,10976.0
2026-07-13 13:10:00+09:00,109100.0,109300.0,108900.0,109300.0,5379.0
2026-07-13 13:20:00+09:00,109300.0,109500.0,108600.0,108900.0,7430.0
2026-07-13 13:50:00+09:00,109100.0,109100.0,108500.0,108800.0,7067.0
2026-07-13 14:00:00+09:00,108800.0,110100.0,108000.0,109900.0,12965.0
2026-07-13 14:10:00+09:00,109900.0,110100.0,109100.0,109500.0,11355.0
2026-07-13 14:20:00+09:00,109400.0,109700.0,108000.0,108300.0,14909.0
2026-07-13 14:30:00+09:00,108300.0,110300.0,107800.0,110000.0,13974.0
2026-07-13 14:40:00+09:00,110000.0,110500.0,109000.0,109400.0,17709.0
2026-07-13 14:50:00+09:00,109400.0,110200.0,109000.0,109600.0,8883.0
2026-07-14 09:00:00+09:00,109800.0,109900.0,106300.0,107400.0,40527.0
2026-07-14 09:10:00+09:00,107300.0,109300.0,106600.0,106700.0,18667.0
2026-07-14 09:20:00+09:00,106600.0,107600.0,106000.0,107400.0,18595.0
2026-07-14 09:30:00+09:00,107400.0,108200.0,106200.0,106200.0,17080.0
2026-07-14 09:40:00+09:00,106500.0,107100.0,105400.0,106600.0,13610.0
2026-07-14 09:50:00+09:00,106600.0,108800.0,106600.0,108700.0,12073.0
2026-07-14 10:00:00+09:00,108700.0,108800.0,107300.0,107600.0,13303.0
2026-07-14 10:10:00+09:00,107500.0,107700.0,106500.0,106800.0,9733.0
2026-07-14 10:20:00+09:00,106800.0,107100.0,105900.0,106400.0,12608.0
2026-07-14 10:30:00+09:00,106300.0,106400.0,105100.0,105200.0,14673.0
2026-07-14 10:40:00+09:00,105200.0,106200.0,105000.0,105600.0,11140.0
2026-07-14 10:50:00+09:00,105500.0,105600.0,103600.0,103700.0,19412.0
2026-07-14 11:00:00+09:00,103700.0,105300.0,103500.0,104700.0,13190.0
2026-07-14 11:10:00+09:00,104600.0,104900.0,103500.0,103600.0,12522.0
2026-07-14 11:20:00+09:00,103800.0,103800.0,102800.0,103300.0,21107.0
2026-07-14 11:30:00+09:00,103300.0,104500.0,102400.0,104200.0,21116.0
2026-07-14 11:40:00+09:00,104200.0,105200.0,104200.0,104700.0,9538.0
2026-07-14 11:50:00+09:00,104800.0,104800.0,103600.0,103800.0,5329.0
2026-07-14 12:00:00+09:00,103800.0,103800.0,102400.0,102500.0,6073.0
2026-07-14 12:10:00+09:00,102500.0,102600.0,101200.0,101600.0,13809.0
2026-07-14 12:20:00+09:00,101500.0,102200.0,101000.0,102200.0,13324.0
2026-07-14 12:30:00+09:00,102200.0,103800.0,102100.0,103000.0,11406.0
2026-07-14 12:40:00+09:00,103100.0,104100.0,102600.0,103700.0,8814.0
2026-07-14 12:50:00+09:00,103600.0,104100.0,103400.0,103900.0,7234.0
2026-07-14 13:00:00+09:00,103800.0,104300.0,103200.0,103200.0,6839.0
2026-07-14 13:10:00+09:00,103300.0,103400.0,102700.0,103100.0,7406.0
2026-07-14 13:20:00+09:00,102900.0,104500.0,102900.0,104200.0,10646.0
2026-07-14 13:30:00+09:00,104200.0,104900.0,103900.0,104700.0,6862.0
2026-07-14 13:40:00+09:00,104700.0,104700.0,103100.0,104000.0,15128.0
2026-07-14 13:50:00+09:00,103900.0,104500.0,103800.0,104000.0,14072.0
2026-07-14 14:00:00+09:00,104000.0,104500.0,103800.0,104200.0,13525.0
2026-07-14 14:10:00+09:00,104200.0,104200.0,103400.0,103600.0,17063.0
2026-07-14 14:20:00+09:00,103600.0,104000.0,103200.0,103400.0,20059.0
2026-07-14 14:30:00+09:00,103600.0,104000.0,103000.0,103100.0,24149.0
2026-07-14 14:40:00+09:00,103100.0,103300.0,102600.0,102800.0,20697.0
2026-07-14 14:50:00+09:00,102700.0,102900.0,102300.0,102400.0,19591.0
2026-07-15 09:00:00+09:00,106100.0,109200.0,105900.0,107400.0,46874.0
2026-07-15 09:10:00+09:00,107500.0,109500.0,107100.0,109000.0,40348.0
2026-07-15 09:20:00+09:00,109100.0,109800.0,108600.0,109100.0,18885.0
2026-07-15 09:30:00+09:00,109100.0,110900.0,108900.0,109700.0,37278.0
2026-07-15 09:40:00+09:00,109800.0,110300.0,109500.0,110100.0,13423.0
2026-07-15 09:50:00+09:00,110100.0,110700.0,109600.0,109900.0,13245.0
2026-07-15 10:00:00+09:00,110000.0,110100.0,108500.0,109100.0,12695.0
2026-07-15 10:10:00+09:00,109100.0,110600.0,108700.0,110600.0,15716.0
2026-07-15 10:20:00+09:00,110500.0,110500.0,109500.0,109800.0,8049.0
2026-07-15 10:30:00+09:00,109800.0,110000.0,109100.0,109900.0,9489.0
2026-07-15 10:40:00+09:00,109800.0,109900.0,108700.0,109800.0,10897.0
2026-07-15 10:50:00+09:00,109800.0,111000.0,109750.0,111000.0,11789.0
2026-07-15 11:00:00+09:00,111000.0,111400.0,109700.0,111400.0,11649.0
2026-07-15 11:10:00+09:00,111400.0,111600.0,110700.0,110900.0,9340.0
2026-07-15 11:20:00+09:00,110900.0,111100.0,110200.0,110500.0,9418.0
2026-07-15 11:30:00+09:00,110900.0,111400.0,110800.0,111300.0,5293.0
2026-07-15 11:40:00+09:00,111200.0,111600.0,110500.0,111500.0,7761.0
2026-07-15 11:50:00+09:00,111500.0,111700.0,111200.0,111500.0,7062.0
2026-07-15 12:00:00+09:00,111600.0,112200.0,111300.0,112200.0,10946.0
2026-07-15 12:10:00+09:00,112200.0,112300.0,111700.0,111900.0,7188.0
2026-07-15 12:20:00+09:00,111900.0,112100.0,111700.0,111800.0,6074.0
2026-07-15 12:30:00+09:00,111900.0,112200.0,111800.0,112100.0,7588.0
2026-07-15 12:40:00+09:00,112100.0,112500.0,111900.0,112400.0,11987.0
2026-07-15 12:50:00+09:00,112500.0,112700.0,112000.0,112200.0,8725.0
2026-07-15 13:00:00+09:00,112200.0,112700.0,112000.0,112200.0,12227.0
2026-07-15 13:10:00+09:00,112200.0,112700.0,112100.0,112700.0,11233.0
2026-07-15 13:20:00+09:00,112500.0,112700.0,112000.0,112400.0,8557.0
2026-07-15 13:30:00+09:00,112350.0,112500.0,111800.0,112100.0,8418.0
2026-07-15 13:40:00+09:00,112100.0,112500.0,112000.0,112400.0,7818.0
2026-07-15 13:50:00+09:00,112400.0,112700.0,112300.0,112600.0,10921.0
2026-07-15 14:00:00+09:00,112600.0,112700.0,111800.0,112200.0,17778.0
2026-07-15 14:10:00+09:00,112200.0,112800.0,111900.0,112050.0,17645.0
2026-07-15 14:20:00+09:00,112100.0,112200.0,111000.0,111100.0,16369.0
2026-07-15 14:30:00+09:00,111000.0,111100.0,110500.0,110800.0,14614.0
2026-07-15 14:40:00+09:00,111000.0,111500.0,110600.0,111250.0,20743.0
2026-07-15 14:50:00+09:00,111250.0,112000.0,111000.0,111700.0,16257.0
2026-07-16 09:00:00+09:00,108300.0,109400.0,107300.0,107500.0,17168.0
2026-07-16 09:10:00+09:00,107500.0,108000.0,106800.0,106800.0,9527.0
2026-07-16 09:20:00+09:00,106800.0,107900.0,106700.0,107400.0,8375.0
2026-07-16 09:30:00+09:00,107400.0,107900.0,106900.0,106900.0,5313.0
2026-07-16 09:40:00+09:00,106900.0,107000.0,106400.0,106900.0,7125.0
2026-07-16 09:50:00+09:00,106900.0,107500.0,106300.0,106500.0,4769.0
2026-07-16 10:00:00+09:00,106500.0,107000.0,106300.0,106500.0,8128.0
2026-07-16 10:10:00+09:00,106500.0,106700.0,105900.0,106300.0,7870.0
2026-07-16 10:20:00+09:00,106300.0,106700.0,106000.0,106100.0,10262.0
2026-07-16 10:30:00+09:00,106200.0,107500.0,106200.0,107000.0,6301.0
2026-07-16 10:40:00+09:00,107000.0,107600.0,106500.0,107400.0,6708.0
2026-07-16 10:50:00+09:00,107500.0,107900.0,106500.0,106600.0,7149.0
2026-07-16 11:00:00+09:00,106600.0,106600.0,106000.0,106100.0,9277.0
2026-07-16 11:10:00+09:00,106100.0,106200.0,105600.0,106200.0,7082.0
2026-07-16 11:20:00+09:00,106200.0,107500.0,106200.0,107300.0,6043.0
2026-07-16 11:30:00+09:00,107300.0,107400.0,106600.0,107000.0,4681.0
2026-07-16 11:40:00+09:00,107000.0,107700.0,106700.0,107600.0,4167.0
2026-07-16 11:50:00+09:00,107600.0,107700.0,106900.0,107300.0,4025.0
2026-07-16 12:00:00+09:00,107400.0,107500.0,106900.0,107400.0,3527.0
2026-07-16 12:10:00+09:00,107500.0,107700.0,106700.0,106700.0,5097.0
2026-07-16 12:20:00+09:00,106900.0,107100.0,106300.0,106400.0,4152.0
2026-07-16 12:30:00+09:00,106400.0,107000.0,106400.0,106700.0,3672.0
2026-07-16 12:40:00+09:00,106700.0,107000.0,106400.0,106400.0,4242.0
2026-07-16 12:50:00+09:00,106500.0,107100.0,106500.0,107000.0,4032.0
2026-07-16 13:00:00+09:00,107000.0,107500.0,106600.0,107200.0,6712.0
2026-07-16 13:10:00+09:00,107200.0,107700.0,107000.0,107100.0,6551.0
2026-07-16 13:20:00+09:00,107100.0,107900.0,106800.0,107300.0,7419.0
2026-07-16 13:30:00+09:00,107200.0,107500.0,107100.0,107400.0,5047.0
2026-07-16 13:40:00+09:00,107400.0,107600.0,107100.0,107400.0,6888.0
2026-07-16 13:50:00+09:00,107400.0,107700.0,107300.0,107500.0,5471.0
2026-07-16 14:00:00+09:00,107500.0,107800.0,107400.0,107500.0,7165.0
2026-07-16 14:10:00+09:00,107500.0,109100.0,107400.0,109000.0,14957.0
2026-07-16 14:20:00+09:00,109000.0,109500.0,108600.0,108900.0,9927.0
2026-07-16 14:30:00+09:00,109000.0,111100.0,107200.0,107300.0,10110.0
2026-07-16 14:40:00+09:00,107300.0,107600.0,107000.0,107200.0,7930.0
2026-07-16 14:50:00+09:00,107100.0,107500.0,106800.0,107100.0,8183.0
2026-07-20 09:00:00+09:00,106600.0,106600.0,103200.0,105500.0,8619.0
2026-07-20 09:10:00+09:00,105400.0,107000.0,105100.0,106500.0,12160.0
2026-07-20 09:20:00+09:00,106400.0,106400.0,105500.0,105700.0,7982.0
2026-07-20 09:30:00+09:00,105500.0,106100.0,104800.0,105600.0,8315.0
2026-07-20 09:40:00+09:00,105600.0,106200.0,105000.0,105400.0,6910.0
2026-07-20 09:50:00+09:00,105400.0,105500.0,105000.0,105200.0,5933.0
2026-07-20 10:00:00+09:00,105100.0,106000.0,104800.0,105900.0,10243.0
2026-07-20 10:10:00+09:00,105900.0,106100.0,104200.0,104300.0,7266.0
2026-07-20 10:20:00+09:00,104300.0,104900.0,103900.0,104000.0,7511.0
2026-07-20 10:30:00+09:00,104000.0,104200.0,103500.0,104100.0,9871.0
2026-07-20 10:40:00+09:00,104000.0,104300.0,103500.0,103900.0,7543.0
2026-07-20 10:50:00+09:00,103900.0,103900.0,102900.0,103300.0,12338.0
2026-07-20 11:00:00+09:00,103400.0,104500.0,103200.0,104300.0,6430.0
2026-07-20 11:10:00+09:00,104300.0,104400.0,102500.0,102600.0,8666.0
2026-07-20 11:20:00+09:00,102600.0,103000.0,102300.0,102700.0,8040.0
2026-07-20 11:30:00+09:00,102800.0,103900.0,102800.0,103300.0,5904.0
2026-07-20 11:40:00+09:00,103400.0,104000.0,103300.0,103800.0,6929.0
2026-07-20 11:50:00+09:00,103700.0,103900.0,103200.0,103400.0,3957.0
2026-07-20 12:00:00+09:00,103500.0,103700.0,102500.0,103000.0,5668.0
2026-07-20 12:10:00+09:00,102900.0,103300.0,102700.0,102900.0,3787.0
2026-07-20 12:20:00+09:00,102900.0,103000.0,102500.0,102500.0,3635.0
2026-07-20 12:30:00+09:00,102600.0,102900.0,102500.0,102700.0,3490.0
2026-07-20 12:40:00+09:00,102700.0,102900.0,102500.0,102600.0,4948.0
2026-07-20 12:50:00+09:00,102600.0,103200.0,102300.0,102400.0,9377.0
2026-07-20 13:00:00+09:00,102600.0,102800.0,102100.0,102100.0,5254.0
2026-07-20 13:10:00+09:00,102100.0,102200.0,101400.0,101500.0,10396.0
2026-07-20 13:20:00+09:00,101500.0,102200.0,101400.0,102200.0,7570.0
2026-07-20 13:30:00+09:00,102200.0,103200.0,102100.0,103100.0,8534.0
2026-07-20 13:40:00+09:00,103100.0,103500.0,102900.0,103400.0,6089.0
2026-07-20 13:50:00+09:00,103400.0,103600.0,102800.0,102800.0,5654.0
2026-07-20 14:00:00+09:00,102900.0,102900.0,101900.0,102000.0,6381.0
2026-07-20 14:10:00+09:00,102000.0,102200.0,101500.0,101900.0,8452.0
2026-07-20 14:20:00+09:00,102000.0,102000.0,101500.0,101700.0,7477.0
2026-07-20 14:30:00+09:00,101800.0,101800.0,101300.0,101700.0,12475.0
2026-07-20 14:40:00+09:00,101700.0,102000.0,101600.0,101900.0,9010.0
2026-07-20 14:50:00+09:00,101900.0,102600.0,101700.0,102000.0,10645.0
2026-07-21 09:00:00+09:00,101700.0,102400.0,100600.0,100700.0,19167.0
2026-07-21 09:10:00+09:00,100700.0,101500.0,100400.0,101400.0,18804.0
2026-07-21 09:20:00+09:00,101400.0,101500.0,100400.0,100700.0,10526.0
2026-07-21 09:30:00+09:00,100600.0,101400.0,100600.0,101400.0,7214.0
2026-07-21 09:40:00+09:00,101400.0,101800.0,101000.0,101800.0,6368.0
2026-07-21 09:50:00+09:00,101800.0,101900.0,100600.0,100600.0,11554.0
2026-07-21 10:00:00+09:00,100600.0,102400.0,100500.0,102300.0,10989.0
2026-07-21 10:10:00+09:00,102300.0,102600.0,100400.0,101600.0,14385.0
2026-07-21 10:20:00+09:00,101600.0,102000.0,101400.0,101900.0,5603.0
2026-07-21 10:30:00+09:00,101800.0,102800.0,101800.0,102200.0,6476.0
2026-07-21 10:40:00+09:00,102200.0,102700.0,101800.0,102400.0,6645.0
2026-07-21 10:50:00+09:00,102500.0,102500.0,101600.0,101800.0,5984.0
2026-07-21 11:00:00+09:00,101700.0,102800.0,101700.0,102000.0,10143.0
2026-07-21 11:10:00+09:00,102000.0,102200.0,101500.0,101900.0,5500.0
2026-07-21 11:20:00+09:00,101900.0,102500.0,101700.0,101900.0,4542.0
2026-07-21 11:30:00+09:00,101900.0,102900.0,101800.0,102800.0,7124.0
2026-07-21 11:40:00+09:00,102800.0,103000.0,102600.0,102800.0,4134.0
2026-07-21 11:50:00+09:00,102800.0,103000.0,102500.0,102800.0,5087.0
2026-07-21 12:00:00+09:00,102800.0,103200.0,102700.0,103200.0,4734.0
2026-07-21 12:10:00+09:00,103200.0,103900.0,103000.0,103800.0,7908.0
2026-07-21 12:20:00+09:00,103900.0,104000.0,103000.0,103300.0,8894.0
2026-07-21 12:30:00+09:00,103200.0,103500.0,103000.0,103100.0,4731.0
2026-07-21 12:40:00+09:00,103200.0,104100.0,103000.0,103900.0,4918.0
2026-07-21 12:50:00+09:00,103900.0,104100.0,103700.0,103800.0,4190.0
2026-07-21 13:00:00+09:00,103900.0,104100.0,103600.0,103700.0,4589.0
2026-07-21 13:10:00+09:00,103700.0,104100.0,103500.0,103900.0,3953.0
2026-07-21 13:20:00+09:00,104000.0,104500.0,103900.0,104200.0,5298.0
2026-07-21 13:30:00+09:00,104300.0,104400.0,104100.0,104200.0,3558.0
2026-07-21 13:40:00+09:00,104200.0,104800.0,104100.0,104600.0,8741.0
2026-07-21 13:50:00+09:00,104600.0,104600.0,103500.0,103900.0,7678.0
2026-07-21 14:00:00+09:00,103900.0,104000.0,103500.0,103500.0,4862.0
2026-07-21 14:10:00+09:00,103500.0,103600.0,102000.0,102000.0,8549.0
2026-07-21 14:20:00+09:00,102000.0,103100.0,101900.0,102800.0,11213.0
2026-07-21 14:30:00+09:00,102800.0,103000.0,102300.0,102800.0,10779.0
2026-07-21 14:40:00+09:00,102800.0,103400.0,102400.0,103200.0,11192.0
2026-07-21 14:50:00+09:00,103300.0,103300.0,102700.0,102800.0,8499.0
2026-07-22 09:00:00+09:00,106200.0,107750.0,106100.0,107400.0,16770.0
2026-07-22 09:10:00+09:00,107300.0,108300.0,107000.0,107000.0,14898.0
2026-07-22 09:20:00+09:00,107200.0,107300.0,106200.0,106400.0,8846.0
2026-07-22 09:30:00+09:00,106500.0,106900.0,105800.0,106000.0,8707.0
2026-07-22 09:40:00+09:00,106000.0,106000.0,105000.0,105300.0,17400.0
2026-07-22 09:50:00+09:00,105400.0,105800.0,104000.0,105300.0,13610.0
2026-07-22 10:00:00+09:00,105300.0,106300.0,104900.0,105600.0,13116.0
2026-07-22 10:10:00+09:00,105600.0,105800.0,105300.0,105700.0,6620.0
2026-07-22 10:20:00+09:00,105600.0,106100.0,105600.0,105700.0,11248.0
2026-07-22 10:30:00+09:00,105700.0,105900.0,105400.0,105900.0,7440.0
2026-07-22 10:40:00+09:00,105700.0,106400.0,105200.0,106300.0,7373.0
2026-07-22 10:50:00+09:00,106000.0,106500.0,106000.0,106200.0,4475.0
2026-07-22 11:00:00+09:00,106200.0,106200.0,105300.0,105400.0,5778.0
2026-07-22 11:10:00+09:00,105400.0,105600.0,105200.0,105400.0,3205.0
2026-07-22 11:20:00+09:00,105400.0,106100.0,105300.0,105800.0,3840.0
2026-07-22 11:30:00+09:00,105800.0,105800.0,105100.0,105200.0,3012.0
2026-07-22 11:40:00+09:00,105200.0,105600.0,105100.0,105500.0,3283.0
2026-07-22 11:50:00+09:00,105300.0,105500.0,105200.0,105400.0,2534.0
2026-07-22 12:00:00+09:00,105400.0,105600.0,105100.0,105200.0,4417.0
2026-07-22 12:10:00+09:00,105200.0,105500.0,105000.0,105200.0,3551.0
2026-07-22 12:20:00+09:00,105200.0,105900.0,105050.0,105900.0,5414.0
2026-07-22 12:30:00+09:00,105900.0,106100.0,105300.0,105400.0,3727.0
2026-07-22 12:40:00+09:00,105500.0,106000.0,105300.0,105900.0,3204.0
2026-07-22 12:50:00+09:00,106000.0,106000.0,105400.0,105700.0,3824.0
2026-07-22 13:00:00+09:00,105700.0,106200.0,105600.0,106000.0,5516.0
2026-07-22 13:10:00+09:00,106000.0,106100.0,105400.0,105500.0,2744.0
2026-07-22 13:20:00+09:00,105500.0,105700.0,105200.0,105400.0,3818.0
2026-07-22 13:30:00+09:00,105400.0,105400.0,104800.0,104800.0,6608.0
2026-07-22 13:40:00+09:00,104900.0,105100.0,104500.0,104600.0,5135.0
2026-07-22 13:50:00+09:00,104700.0,105000.0,104200.0,104700.0,5690.0
2026-07-22 14:00:00+09:00,104800.0,104900.0,104200.0,104200.0,5922.0
2026-07-22 14:10:00+09:00,104300.0,104400.0,103200.0,103200.0,12991.0
2026-07-22 14:20:00+09:00,103300.0,103500.0,102800.0,103500.0,15174.0
2026-07-22 14:30:00+09:00,103500.0,103900.0,103100.0,103300.0,9758.0
2026-07-22 14:40:00+09:00,103300.0,103600.0,102500.0,102700.0,9065.0
2026-07-22 14:50:00+09:00,102700.0,103400.0,102600.0,102900.0,9148.0
2026-07-23 09:00:00+09:00,102300.0,102900.0,101900.0,102700.0,8652.0
2026-07-23 09:10:00+09:00,102800.0,103300.0,102700.0,103300.0,11089.0
2026-07-23 09:20:00+09:00,103400.0,103700.0,103000.0,103200.0,9258.0
2026-07-23 09:30:00+09:00,103200.0,103700.0,103000.0,103200.0,6299.0
2026-07-23 09:40:00+09:00,103200.0,104200.0,103200.0,104100.0,7610.0
2026-07-23 09:50:00+09:00,104000.0,104100.0,103400.0,103900.0,6428.0
2026-07-23 10:00:00+09:00,103900.0,104000.0,103500.0,103900.0,5636.0
2026-07-23 10:10:00+09:00,104000.0,104000.0,103700.0,103800.0,5151.0
2026-07-23 10:20:00+09:00,103800.0,103900.0,103400.0,103700.0,6294.0
2026-07-23 10:30:00+09:00,103800.0,104300.0,103600.0,104000.0,10233.0
2026-07-23 10:40:00+09:00,103900.0,104000.0,103200.0,103300.0,5551.0
2026-07-23 10:50:00+09:00,103300.0,104000.0,103200.0,103300.0,7659.0
2026-07-23 11:00:00+09:00,103400.0,103600.0,102900.0,103300.0,6370.0
2026-07-23 11:10:00+09:00,103400.0,103400.0,102800.0,103200.0,4937.0
2026-07-23 11:20:00+09:00,103100.0,103300.0,102600.0,102700.0,7540.0
2026-07-23 11:30:00+09:00,102600.0,103100.0,102400.0,102500.0,6515.0
2026-07-23 11:40:00+09:00,102400.0,103100.0,102300.0,102800.0,4648.0
2026-07-23 11:50:00+09:00,102800.0,103500.0,102700.0,103100.0,4039.0
2026-07-23 12:00:00+09:00,103200.0,103500.0,102700.0,103200.0,5087.0
2026-07-23 12:10:00+09:00,103200.0,103500.0,103000.0,103500.0,4375.0
2026-07-23 12:20:00+09:00,103500.0,103900.0,103200.0,103800.0,5021.0
2026-07-23 12:30:00+09:00,103800.0,104000.0,103500.0,103900.0,6403.0
2026-07-23 12:40:00+09:00,103800.0,104100.0,103600.0,104100.0,5833.0
2026-07-23 12:50:00+09:00,104100.0,104300.0,103900.0,104200.0,4817.0
2026-07-23 13:00:00+09:00,104300.0,104300.0,103600.0,103900.0,6383.0
2026-07-23 13:10:00+09:00,104000.0,104000.0,103500.0,103700.0,4386.0
2026-07-23 13:20:00+09:00,103700.0,104300.0,103400.0,104200.0,6909.0
2026-07-23 13:30:00+09:00,104100.0,104300.0,103800.0,104100.0,4979.0
2026-07-23 13:40:00+09:00,104000.0,104500.0,103900.0,104500.0,7977.0
2026-07-23 13:50:00+09:00,104500.0,104500.0,104000.0,104100.0,7292.0
2026-07-23 14:00:00+09:00,104100.0,104100.0,103700.0,104000.0,5838.0
2026-07-23 14:10:00+09:00,104000.0,104000.0,103300.0,103700.0,7209.0
2026-07-23 14:20:00+09:00,103600.0,104700.0,103600.0,104600.0,8839.0
2026-07-23 14:30:00+09:00,104600.0,104900.0,104400.0,104500.0,10566.0
2026-07-23 14:40:00+09:00,104400.0,104700.0,103800.0,103900.0,9175.0
2026-07-23 14:50:00+09:00,103900.0,104500.0,103900.0,104400.0,9148.0
2026-07-24 09:00:00+09:00,103400.0,103500.0,102600.0,102800.0,14999.0
2026-07-24 09:10:00+09:00,102800.0,102800.0,102000.0,102100.0,9898.0
2026-07-24 09:20:00+09:00,102100.0,102600.0,101600.0,101800.0,8604.0
2026-07-24 09:30:00+09:00,101800.0,101900.0,101400.0,101700.0,12105.0
2026-07-24 09:40:00+09:00,101600.0,101800.0,101100.0,101200.0,17941.0
2026-07-24 09:50:00+09:00,101200.0,101900.0,101100.0,101300.0,16302.0
2026-07-24 10:00:00+09:00,101300.0,102200.0,101200.0,101700.0,8899.0
2026-07-24 10:10:00+09:00,101600.0,101700.0,101000.0,101100.0,14793.0
2026-07-24 10:20:00+09:00,101200.0,101600.0,101000.0,101000.0,13090.0
2026-07-24 10:30:00+09:00,101000.0,101400.0,100800.0,100800.0,11674.0
2026-07-24 10:40:00+09:00,100900.0,101000.0,100600.0,100600.0,10386.0
2026-07-24 10:50:00+09:00,100600.0,100600.0,100200.0,100200.0,15521.0
2026-07-24 11:00:00+09:00,100200.0,100300.0,99700.0,100000.0,19262.0
2026-07-24 11:10:00+09:00,100000.0,100500.0,99700.0,99800.0,11399.0
2026-07-24 11:20:00+09:00,99800.0,100200.0,99700.0,99900.0,9655.0
2026-07-24 11:30:00+09:00,99900.0,100100.0,99300.0,99400.0,13732.0
2026-07-24 11:40:00+09:00,99400.0,99500.0,99000.0,99000.0,9576.0
2026-07-24 11:50:00+09:00,99000.0,99100.0,98500.0,98500.0,10592.0
2026-07-24 12:00:00+09:00,98600.0,99200.0,98500.0,98900.0,13193.0
2026-07-24 12:10:00+09:00,99000.0,99600.0,98800.0,99100.0,9153.0
2026-07-24 12:20:00+09:00,99100.0,99700.0,98900.0,99400.0,9549.0
2026-07-24 12:30:00+09:00,99500.0,99800.0,99100.0,99600.0,7477.0
2026-07-24 12:40:00+09:00,99700.0,100100.0,99500.0,99700.0,8529.0
2026-07-24 12:50:00+09:00,99600.0,100000.0,99300.0,99400.0,6962.0
2026-07-24 13:00:00+09:00,99500.0,99900.0,99100.0,99900.0,7681.0
2026-07-24 13:10:00+09:00,99900.0,99900.0,99400.0,99600.0,6890.0
2026-07-24 13:20:00+09:00,99500.0,100500.0,99300.0,100200.0,11543.0
2026-07-24 13:30:00+09:00,100300.0,100400.0,99600.0,99800.0,6752.0
2026-07-24 13:40:00+09:00,99700.0,99900.0,99300.0,99400.0,11079.0
2026-07-24 13:50:00+09:00,99200.0,100000.0,99200.0,99900.0,8544.0
2026-07-24 14:00:00+09:00,99900.0,100500.0,99500.0,100200.0,9878.0
2026-07-24 14:10:00+09:00,100200.0,100700.0,99500.0,99800.0,10550.0
2026-07-24 14:20:00+09:00,99800.0,100500.0,99700.0,99900.0,11504.0
2026-07-24 14:30:00+09:00,99900.0,100400.0,99700.0,100300.0,12548.0
2026-07-24 14:40:00+09:00,100300.0,100600.0,99800.0,100000.0,12719.0
2026-07-24 14:50:00+09:00,100000.0,100100.0,99600.0,100000.0,12624.0
2026-07-27 09:00:00+09:00,102000.0,102000.0,100100.0,100800.0,5145.0
2026-07-27 09:10:00+09:00,100800.0,102200.0,100700.0,101600.0,13967.0
2026-07-27 09:20:00+09:00,101600.0,101900.0,101300.0,101800.0,7192.0
2026-07-27 09:30:00+09:00,101800.0,102000.0,101200.0,101600.0,7915.0
2026-07-27 09:40:00+09:00,101600.0,101700.0,101100.0,101600.0,5211.0
2026-07-27 09:50:00+09:00,101700.0,101800.0,100600.0,100800.0,7036.0
2026-07-27 10:00:00+09:00,100800.0,101400.0,100600.0,101100.0,6107.0
2026-07-27 10:10:00+09:00,101200.0,101400.0,100600.0,100600.0,7371.0
2026-07-27 10:20:00+09:00,100700.0,101000.0,99900.0,100200.0,9717.0
2026-07-27 10:30:00+09:00,100200.0,101300.0,100000.0,101300.0,7567.0
2026-07-27 10:40:00+09:00,101200.0,101300.0,100500.0,100900.0,8988.0
2026-07-27 10:50:00+09:00,101000.0,101400.0,100300.0,101200.0,6372.0
2026-07-27 11:00:00+09:00,101200.0,101500.0,100300.0,100600.0,6352.0
2026-07-27 11:10:00+09:00,100600.0,101200.0,100500.0,101200.0,5576.0
2026-07-27 11:20:00+09:00,101100.0,101800.0,100700.0,101700.0,9414.0
2026-07-27 11:30:00+09:00,101700.0,101700.0,100800.0,101300.0,6434.0
2026-07-27 11:40:00+09:00,101300.0,101500.0,100600.0,100800.0,4595.0
2026-07-27 11:50:00+09:00,100800.0,100900.0,100600.0,100700.0,3893.0
2026-07-27 12:00:00+09:00,100700.0,100900.0,100400.0,100400.0,5261.0
2026-07-27 12:10:00+09:00,100400.0,101300.0,100400.0,101200.0,4723.0
2026-07-27 12:20:00+09:00,101200.0,101500.0,100600.0,100700.0,4998.0
2026-07-27 12:30:00+09:00,100700.0,100800.0,100400.0,100500.0,5006.0
2026-07-27 12:40:00+09:00,100400.0,100900.0,100200.0,100300.0,5440.0
2026-07-27 12:50:00+09:00,100200.0,100500.0,100200.0,100400.0,4582.0
2026-07-27 13:00:00+09:00,100400.0,100900.0,100300.0,100600.0,5274.0
2026-07-27 13:10:00+09:00,100600.0,101100.0,100400.0,101000.0,5316.0
2026-07-27 13:20:00+09:00,101100.0,101500.0,100700.0,101000.0,6215.0
2026-07-27 13:30:00+09:00,100900.0,101300.0,100600.0,101000.0,5140.0
2026-07-27 13:40:00+09:00,101000.0,101400.0,100800.0,101300.0,4710.0
2026-07-27 13:50:00+09:00,101300.0,101300.0,100900.0,101000.0,5150.0
2026-07-27 14:00:00+09:00,101100.0,101400.0,101000.0,101300.0,6449.0
2026-07-27 14:10:00+09:00,101300.0,101500.0,101100.0,101500.0,6802.0
2026-07-27 14:20:00+09:00,101500.0,101600.0,101100.0,101400.0,5705.0
2026-07-27 14:30:00+09:00,101400.0,101600.0,101200.0,101600.0,4852.0
2026-07-27 14:40:00+09:00,101600.0,101700.0,101300.0,101500.0,7798.0
2026-07-27 14:50:00+09:00,101500.0,101600.0,100900.0,101000.0,6895.0
2026-07-28 09:00:00+09:00,98600.0,99600.0,97700.0,98500.0,27327.0
2026-07-28 09:10:00+09:00,98800.0,98800.0,96000.0,96400.0,35347.0
2026-07-28 09:20:00+09:00,96400.0,96900.0,96000.0,96100.0,15660.0
2026-07-28 09:30:00+09:00,96200.0,96800.0,95500.0,96200.0,16958.0
2026-07-28 09:40:00+09:00,96300.0,96400.0,95700.0,95700.0,11843.0
2026-07-28 09:50:00+09:00,95900.0,96000.0,95200.0,95200.0,18801.0
2026-07-28 10:00:00+09:00,95200.0,96000.0,95100.0,95200.0,15722.0
2026-07-28 10:10:00+09:00,95300.0,95700.0,95200.0,95600.0,5940.0
2026-07-28 10:40:00+09:00,95200.0,95400.0,93900.0,94200.0,40249.0
2026-07-28 10:50:00+09:00,94100.0,94700.0,93700.0,93800.0,24135.0
2026-07-28 11:00:00+09:00,93800.0,94200.0,93400.0,94000.0,20767.0
2026-07-28 11:10:00+09:00,94000.0,94600.0,93600.0,94000.0,19070.0
2026-07-28 11:20:00+09:00,94500.0,94600.0,93500.0,93600.0,16105.0
2026-07-28 11:30:00+09:00,93600.0,93900.0,93100.0,93400.0,17332.0
2026-07-28 11:40:00+09:00,93400.0,93500.0,92900.0,92900.0,16477.0
2026-07-28 11:50:00+09:00,93100.0,93400.0,92700.0,92900.0,16318.0
2026-07-28 12:00:00+09:00,92900.0,92900.0,92200.0,92200.0,14478.0
2026-07-28 12:10:00+09:00,92200.0,92700.0,91900.0,92600.0,21518.0
2026-07-28 12:20:00+09:00,92500.0,93100.0,92200.0,92400.0,15787.0
2026-07-28 12:30:00+09:00,92200.0,93000.0,92000.0,92800.0,17292.0
2026-07-28 12:40:00+09:00,92800.0,93400.0,92700.0,92900.0,19438.0
2026-07-28 12:50:00+09:00,93000.0,93400.0,92700.0,93100.0,15574.0
2026-07-28 13:00:00+09:00,93100.0,93100.0,92500.0,92700.0,14250.0
2026-07-28 13:10:00+09:00,92600.0,93100.0,92400.0,92600.0,15635.0
2026-07-28 13:20:00+09:00,92600.0,92700.0,92000.0,92200.0,15928.0
2026-07-28 13:30:00+09:00,92200.0,92600.0,91900.0,92300.0,17665.0
2026-07-28 13:40:00+09:00,92300.0,92800.0,92100.0,92300.0,15773.0
2026-07-28 13:50:00+09:00,92300.0,92500.0,92100.0,92100.0,15087.0
2026-07-28 14:00:00+09:00,92100.0,92800.0,92100.0,92500.0,16187.0
2026-07-28 14:10:00+09:00,92400.0,92600.0,92000.0,92100.0,18827.0
2026-07-28 14:20:00+09:00,92200.0,92500.0,91600.0,91900.0,22240.0
2026-07-28 14:30:00+09:00,91900.0,92000.0,91300.0,91400.0,27438.0
2026-07-28 14:40:00+09:00,91500.0,92200.0,91200.0,91800.0,34306.0
2026-07-28 14:50:00+09:00,91900.0,92200.0,91500.0,91600.0,23561.0
2026-07-29 09:00:00+09:00,93200.0,94400.0,92200.0,94400.0,30289.0
2026-07-29 09:10:00+09:00,94200.0,94900.0,94000.0,94400.0,13355.0
2026-07-29 09:20:00+09:00,94300.0,94500.0,93100.0,93400.0,12016.0
2026-07-29 09:30:00+09:00,93400.0,93900.0,92300.0,93700.0,14709.0
2026-07-29 09:40:00+09:00,93700.0,94000.0,93000.0,93200.0,7653.0
2026-07-29 09:50:00+09:00,93300.0,93800.0,92800.0,93300.0,6781.0
2026-07-29 10:00:00+09:00,93000.0,93800.0,93000.0,93200.0,6817.0
2026-07-29 10:10:00+09:00,93200.0,93200.0,91500.0,92000.0,16030.0
2026-07-29 10:20:00+09:00,92000.0,93200.0,91900.0,92800.0,11470.0
2026-07-29 10:30:00+09:00,92900.0,93000.0,91900.0,91900.0,10471.0
2026-07-29 10:40:00+09:00,92000.0,92000.0,89700.0,89900.0,26472.0
2026-07-29 10:50:00+09:00,89900.0,89900.0,88600.0,88600.0,18035.0
2026-07-29 11:00:00+09:00,88600.0,89100.0,87300.0,88100.0,27088.0
2026-07-29 11:10:00+09:00,88000.0,89000.0,87300.0,87400.0,16422.0
2026-07-29 11:20:00+09:00,87400.0,88700.0,87200.0,88300.0,19469.0
2026-07-29 11:30:00+09:00,88300.0,88500.0,86400.0,86800.0,20230.0
2026-07-29 11:40:00+09:00,86800.0,87000.0,86100.0,86100.0,12349.0
2026-07-29 11:50:00+09:00,86100.0,86200.0,85500.0,85600.0,16836.0
2026-07-29 12:00:00+09:00,85600.0,87500.0,85100.0,86900.0,22855.0
2026-07-29 12:10:00+09:00,86900.0,87100.0,84900.0,85100.0,19144.0
2026-07-29 12:20:00+09:00,85000.0,86200.0,85000.0,85200.0,10144.0
2026-07-29 12:30:00+09:00,85300.0,85800.0,85200.0,85400.0,3441.0
2026-07-29 13:00:00+09:00,85800.0,85800.0,84300.0,84800.0,41462.0
2026-07-29 13:10:00+09:00,85000.0,85400.0,83400.0,83400.0,26367.0
2026-07-29 13:20:00+09:00,83400.0,84500.0,82800.0,83100.0,23219.0
2026-07-29 13:30:00+09:00,83100.0,84000.0,82700.0,83450.0,26090.0
2026-07-29 13:40:00+09:00,83500.0,83900.0,83000.0,83600.0,20910.0
2026-07-29 13:50:00+09:00,83600.0,85500.0,83500.0,85400.0,20061.0
2026-07-29 14:00:00+09:00,85300.0,85900.0,84400.0,85300.0,17510.0
2026-07-29 14:10:00+09:00,85400.0,86500.0,85000.0,85200.0,17025.0
2026-07-29 14:20:00+09:00,85300.0,86500.0,85000.0,86100.0,14568.0
2026-07-29 14:30:00+09:00,86400.0,87100.0,85700.0,87100.0,14016.0
2026-07-29 14:40:00+09:00,87100.0,87200.0,86200.0,86400.0,18104.0
2026-07-29 14:50:00+09:00,86300.0,86500.0,85500.0,86400.0,15902.0
2026-07-30 09:00:00+09:00,86900.0,91200.0,86900.0,91000.0,41998.0
2026-07-30 09:10:00+09:00,91000.0,92700.0,90800.0,92100.0,27866.0
2026-07-30 09:20:00+09:00,92000.0,92300.0,90900.0,91800.0,18249.0
2026-07-30 09:30:00+09:00,91900.0,92700.0,91500.0,92200.0,21593.0
2026-07-30 09:40:00+09:00,92100.0,92400.0,90900.0,92000.0,23740.0
2026-07-30 09:50:00+09:00,92000.0,92300.0,90700.0,91600.0,11616.0
2026-07-30 10:00:00+09:00,91400.0,93000.0,90400.0,92900.0,16543.0
2026-07-30 10:10:00+09:00,92900.0,93000.0,91300.0,92100.0,18396.0
2026-07-30 10:20:00+09:00,92000.0,93000.0,91700.0,93000.0,9230.0
2026-07-30 10:30:00+09:00,92900.0,94200.0,92900.0,93900.0,17605.0
2026-07-30 10:40:00+09:00,94000.0,94700.0,93800.0,94700.0,16670.0
2026-07-30 10:50:00+09:00,94600.0,95400.0,94600.0,95000.0,17367.0
2026-07-30 11:00:00+09:00,95000.0,95700.0,94900.0,95400.0,14361.0
2026-07-30 11:10:00+09:00,95500.0,95700.0,94300.0,94500.0,16176.0
2026-07-30 11:20:00+09:00,94700.0,94800.0,93500.0,94400.0,9943.0
2026-07-30 11:30:00+09:00,94400.0,94400.0,93100.0,93100.0,8115.0
2026-07-30 11:40:00+09:00,93000.0,94000.0,92700.0,93200.0,7346.0
2026-07-30 11:50:00+09:00,93200.0,93400.0,91800.0,92000.0,8478.0
2026-07-30 12:00:00+09:00,92000.0,92800.0,91800.0,91900.0,8743.0
2026-07-30 12:10:00+09:00,91900.0,92000.0,91100.0,91300.0,7978.0
2026-07-30 12:20:00+09:00,91300.0,92500.0,91200.0,91700.0,7168.0
2026-07-30 12:30:00+09:00,91700.0,92400.0,91100.0,91600.0,7060.0
2026-07-30 12:40:00+09:00,91600.0,92800.0,91200.0,92700.0,7389.0
2026-07-30 12:50:00+09:00,92600.0,92600.0,91600.0,91800.0,7161.0
2026-07-30 13:00:00+09:00,91800.0,92100.0,91400.0,91450.0,5129.0
2026-07-30 13:10:00+09:00,91400.0,91500.0,90800.0,90900.0,5994.0
2026-07-30 13:20:00+09:00,91000.0,92300.0,90800.0,92300.0,8964.0
2026-07-30 13:30:00+09:00,92300.0,92400.0,90900.0,91100.0,8814.0
2026-07-30 13:40:00+09:00,91200.0,91200.0,90300.0,90800.0,7972.0
2026-07-30 13:50:00+09:00,90800.0,90900.0,90000.0,90000.0,10229.0
2026-07-30 14:00:00+09:00,90000.0,90800.0,89900.0,90300.0,10689.0
2026-07-30 14:10:00+09:00,90300.0,90900.0,89800.0,90700.0,10869.0
2026-07-30 14:20:00+09:00,90800.0,90900.0,90100.0,90100.0,11227.0
2026-07-30 14:30:00+09:00,90100.0,90200.0,89600.0,89900.0,12343.0
2026-07-30 14:40:00+09:00,89900.0,90900.0,89600.0,89700.0,13949.0
2026-07-30 14:50:00+09:00,89700.0,89700.0,88700.0,89500.0,16323.0
2026-07-31 09:00:00+09:00,95400.0,95900.0,94000.0,94900.0,32484.0
2026-07-31 09:10:00+09:00,94800.0,96100.0,94600.0,95800.0,24847.0
2026-07-31 09:20:00+09:00,95800.0,96900.0,95700.0,96900.0,28264.0
2026-07-31 09:30:00+09:00,96900.0,97800.0,96800.0,97400.0,29308.0
2026-07-31 09:40:00+09:00,97500.0,98100.0,96800.0,97200.0,14627.0
2026-07-31 09:50:00+09:00,97000.0,97900.0,96900.0,97800.0,11829.0
2026-07-31 10:00:00+09:00,97900.0,98700.0,97700.0,98300.0,19749.0
2026-07-31 10:10:00+09:00,98400.0,99300.0,98100.0,99300.0,10292.0
2026-07-31 10:20:00+09:00,99300.0,99300.0,97700.0,98400.0,12294.0
2026-07-31 10:30:00+09:00,98300.0,98700.0,97600.0,98200.0,30180.0
2026-07-31 10:40:00+09:00,98300.0,98300.0,97300.0,97500.0,9774.0
2026-07-31 10:50:00+09:00,97700.0,98300.0,97500.0,98000.0,5802.0
2026-07-31 11:00:00+09:00,98000.0,98500.0,97800.0,98500.0,14702.0
2026-07-31 11:10:00+09:00,98500.0,98500.0,97600.0,97600.0,6383.0
2026-07-31 11:20:00+09:00,97700.0,98100.0,97600.0,97900.0,5850.0
2026-07-31 11:30:00+09:00,98000.0,98000.0,97300.0,97600.0,5365.0
2026-07-31 11:40:00+09:00,97600.0,97900.0,97400.0,97600.0,4341.0
2026-07-31 11:50:00+09:00,97600.0,97800.0,97400.0,97800.0,3520.0
2026-07-31 12:00:00+09:00,97800.0,97800.0,97400.0,97500.0,4199.0
2026-07-31 12:10:00+09:00,97600.0,97800.0,97000.0,97400.0,5147.0
2026-07-31 12:20:00+09:00,97400.0,97800.0,97400.0,97500.0,5146.0
2026-07-31 12:30:00+09:00,97600.0,97600.0,97000.0,97000.0,5358.0
2026-07-31 12:40:00+09:00,97100.0,97500.0,97000.0,97200.0,3576.0
2026-07-31 12:50:00+09:00,97100.0,97500.0,97000.0,97100.0,4146.0
2026-07-31 13:00:00+09:00,97100.0,97300.0,96600.0,97000.0,5645.0
2026-07-31 13:10:00+09:00,97100.0,97200.0,96700.0,97100.0,4484.0
2026-07-31 13:20:00+09:00,97100.0,98000.0,97100.0,98000.0,6643.0
2026-07-31 13:30:00+09:00,97900.0,98200.0,97600.0,98200.0,8321.0
2026-07-31 13:40:00+09:00,98100.0,98700.0,98100.0,98400.0,7984.0
2026-07-31 13:50:00+09:00,98300.0,98800.0,98000.0,98700.0,8893.0
2026-07-31 14:00:00+09:00,98800.0,99200.0,98300.0,99000.0,14909.0
2026-07-31 14:10:00+09:00,99100.0,99200.0,98600.0,98800.0,10894.0
2026-07-31 14:20:00+09:00,98850.0,99600.0,98500.0,99600.0,14782.0
2026-07-31 14:30:00+09:00,99500.0,99700.0,98300.0,99000.0,15452.0
2026-07-31 14:40:00+09:00,99000.0,99400.0,98700.0,99300.0,10913.0
2026-07-31 14:50:00+09:00,99300.0,99800.0,99100.0,99800.0,15552.0
2026-08-03 09:00:00+09:00,98100.0,98500.0,96400.0,97800.0,9820.0
2026-08-03 09:10:00+09:00,97800.0,98000.0,96200.0,96600.0,19736.0
2026-08-03 09:20:00+09:00,96600.0,96800.0,95800.0,96300.0,20029.0
2026-08-03 09:30:00+09:00,96400.0,96700.0,95700.0,96500.0,8824.0
2026-08-03 09:40:00+09:00,96500.0,96600.0,95800.0,96300.0,7951.0
2026-08-03 09:50:00+09:00,96400.0,96900.0,96000.0,96700.0,9787.0
2026-08-03 10:00:00+09:00,96700.0,97200.0,96400.0,96700.0,10577.0
2026-08-03 10:10:00+09:00,96700.0,97000.0,96300.0,96800.0,11051.0
2026-08-03 10:20:00+09:00,96700.0,97200.0,96500.0,96500.0,5513.0
2026-08-03 10:30:00+09:00,96700.0,96900.0,96000.0,96500.0,10677.0
2026-08-03 10:40:00+09:00,96400.0,97200.0,96300.0,96600.0,5891.0
2026-08-03 10:50:00+09:00,96700.0,97900.0,96500.0,97700.0,6487.0
2026-08-03 11:00:00+09:00,97600.0,98200.0,97100.0,97700.0,9152.0
2026-08-03 11:10:00+09:00,97700.0,98500.0,97500.0,98500.0,8768.0
2026-08-03 11:20:00+09:00,98500.0,98600.0,97100.0,97300.0,6307.0
2026-08-03 11:30:00+09:00,97300.0,97900.0,97100.0,97900.0,8336.0
2026-08-03 11:40:00+09:00,97900.0,98200.0,97300.0,97700.0,4957.0
2026-08-03 11:50:00+09:00,97600.0,98100.0,97400.0,97600.0,4611.0
2026-08-03 12:00:00+09:00,97600.0,97700.0,97100.0,97200.0,5318.0
2026-08-03 12:10:00+09:00,97100.0,97200.0,96600.0,96600.0,4561.0
2026-08-03 12:20:00+09:00,96900.0,97100.0,96500.0,96700.0,5598.0
2026-08-03 12:30:00+09:00,96700.0,96900.0,96400.0,96800.0,4682.0
2026-08-03 12:40:00+09:00,96800.0,96900.0,96400.0,96600.0,4819.0
2026-08-03 12:50:00+09:00,96700.0,96900.0,96400.0,96600.0,5878.0
2026-08-03 13:00:00+09:00,96600.0,96900.0,96300.0,96500.0,5043.0
2026-08-03 13:10:00+09:00,96600.0,96900.0,96500.0,96800.0,5155.0
2026-08-03 13:20:00+09:00,96800.0,97000.0,96500.0,96600.0,5332.0
2026-08-03 13:30:00+09:00,96700.0,96700.0,96300.0,96300.0,7119.0
2026-08-03 13:40:00+09:00,96300.0,96600.0,96200.0,96400.0,9036.0
2026-08-03 13:50:00+09:00,96400.0,96400.0,95700.0,95700.0,10524.0
2026-08-03 14:00:00+09:00,95700.0,96400.0,95700.0,95800.0,6819.0
2026-08-03 14:10:00+09:00,96000.0,96300.0,95700.0,96000.0,8048.0
2026-08-03 14:20:00+09:00,95900.0,96200.0,95800.0,95900.0,6700.0
2026-08-03 14:30:00+09:00,96000.0,96300.0,95800.0,95900.0,7560.0
2026-08-03 14:40:00+09:00,95900.0,96100.0,95800.0,95900.0,7302.0
2026-08-03 14:50:00+09:00,96000.0,96400.0,95900.0,96100.0,9083.0
2026-08-04 09:00:00+09:00,98100.0,98450.0,96800.0,98200.0,14987.0
2026-08-04 09:10:00+09:00,98000.0,98200.0,96500.0,96600.0,11943.0
2026-08-04 09:20:00+09:00,96500.0,97600.0,96500.0,97200.0,6268.0
2026-08-04 09:30:00+09:00,97200.0,97200.0,95500.0,95800.0,13526.0
2026-08-04 09:40:00+09:00,96100.0,96600.0,95800.0,96200.0,8074.0
2026-08-04 09:50:00+09:00,96100.0,96300.0,95600.0,95700.0,6376.0
2026-08-04 10:00:00+09:00,95700.0,96300.0,95200.0,96100.0,8952.0
2026-08-04 10:10:00+09:00,96200.0,96500.0,95800.0,96100.0,5975.0
2026-08-04 10:20:00+09:00,96100.0,97100.0,96100.0,96800.0,5299.0
2026-08-04 10:30:00+09:00,97100.0,97100.0,96100.0,96100.0,5051.0
2026-08-04 10:40:00+09:00,96100.0,97200.0,96000.0,97100.0,6430.0
2026-08-04 10:50:00+09:00,97100.0,97600.0,96900.0,97300.0,7569.0
2026-08-04 11:00:00+09:00,97300.0,97400.0,96400.0,96600.0,6242.0
2026-08-04 11:10:00+09:00,96500.0,97100.0,96500.0,96900.0,6135.0
2026-08-04 11:20:00+09:00,96900.0,97200.0,96700.0,96800.0,4914.0
2026-08-04 11:30:00+09:00,96900.0,97100.0,96700.0,97000.0,4277.0
2026-08-04 11:40:00+09:00,97000.0,97100.0,96600.0,96900.0,3983.0
2026-08-04 11:50:00+09:00,96900.0,97000.0,96600.0,96800.0,3306.0
2026-08-04 12:00:00+09:00,96800.0,97200.0,96400.0,96500.0,4879.0
2026-08-04 12:10:00+09:00,96600.0,96600.0,96100.0,96300.0,4555.0
2026-08-04 12:20:00+09:00,96400.0,97200.0,96300.0,96900.0,6676.0
2026-08-04 12:30:00+09:00,96900.0,97100.0,96600.0,96800.0,4530.0
2026-08-04 12:40:00+09:00,96800.0,96900.0,96500.0,96800.0,5193.0
2026-08-04 12:50:00+09:00,96800.0,97200.0,96700.0,96900.0,4022.0
2026-08-04 13:00:00+09:00,96900.0,97100.0,96700.0,96900.0,3912.0
2026-08-04 13:10:00+09:00,96900.0,97100.0,96300.0,97000.0,4982.0
2026-08-04 13:20:00+09:00,97100.0,97200.0,96500.0,96800.0,4106.0
2026-08-04 13:30:00+09:00,96900.0,97300.0,96800.0,97100.0,3148.0
2026-08-04 13:40:00+09:00,97000.0,97200.0,96800.0,97000.0,4578.0
2026-08-04 13:50:00+09:00,97000.0,97400.0,96900.0,96900.0,5941.0
2026-08-04 14:00:00+09:00,97100.0,97100.0,96600.0,96900.0,6080.0
2026-08-04 14:10:00+09:00,96900.0,96900.0,96300.0,96700.0,6937.0
2026-08-04 14:20:00+09:00,96800.0,97100.0,96600.0,97000.0,5919.0
2026-08-04 14:30:00+09:00,97000.0,98200.0,96900.0,97700.0,11618.0
2026-08-04 14:40:00+09:00,97700.0,97800.0,97200.0,97600.0,8757.0
2026-08-04 14:50:00+09:00,97600.0,98200.0,97400.0,98100.0,8471.0
2026-08-05 09:00:00+09:00,101400.0,102000.0,98300.0,98500.0,52892.0
2026-08-05 09:10:00+09:00,98500.0,98600.0,96400.0,96600.0,57759.0
2026-08-05 09:20:00+09:00,96600.0,97800.0,96500.0,97400.0,32710.0
2026-08-05 09:30:00+09:00,97400.0,97500.0,96500.0,96700.0,50866.0
2026-08-05 09:40:00+09:00,96800.0,97400.0,96700.0,96900.0,31041.0
2026-08-05 09:50:00+09:00,97000.0,97100.0,96700.0,97000.0,14727.0
2026-08-05 10:00:00+09:00,97000.0,97300.0,96600.0,96700.0,23993.0
2026-08-05 10:10:00+09:00,96700.0,97100.0,96500.0,96600.0,26240.0
2026-08-05 10:20:00+09:00,96600.0,96700.0,96100.0,96300.0,39152.0
2026-08-05 10:30:00+09:00,96300.0,96500.0,96000.0,96200.0,24042.0
2026-08-05 10:40:00+09:00,96200.0,96700.0,96100.0,96600.0,11329.0
2026-08-05 10:50:00+09:00,96700.0,97200.0,96400.0,96900.0,22364.0
2026-08-05 11:00:00+09:00,96900.0,97800.0,96800.0,97500.0,19240.0
2026-08-05 11:10:00+09:00,97500.0,97600.0,97000.0,97300.0,12796.0
2026-08-05 11:20:00+09:00,97300.0,97600.0,97000.0,97100.0,10021.0
2026-08-05 11:30:00+09:00,97100.0,97300.0,97000.0,97100.0,8214.0
2026-08-05 11:40:00+09:00,97100.0,97300.0,96800.0,97000.0,13764.0
2026-08-05 11:50:00+09:00,97000.0,97500.0,96900.0,97100.0,7324.0
2026-08-05 12:00:00+09:00,97100.0,97600.0,97100.0,97400.0,7983.0
2026-08-05 12:10:00+09:00,97400.0,97600.0,97300.0,97300.0,6498.0
2026-08-05 12:20:00+09:00,97400.0,97400.0,97200.0,97200.0,6710.0
2026-08-05 12:30:00+09:00,97200.0,97400.0,97100.0,97200.0,6731.0
2026-08-05 12:40:00+09:00,97200.0,97400.0,97100.0,97300.0,5225.0
2026-08-05 12:50:00+09:00,97300.0,97600.0,97200.0,97600.0,7372.0
2026-08-05 13:00:00+09:00,97500.0,97900.0,97400.0,97600.0,9899.0
2026-08-05 13:10:00+09:00,97600.0,97700.0,97300.0,97400.0,8095.0
2026-08-05 13:20:00+09:00,97300.0,97500.0,97000.0,97100.0,8778.0
2026-08-05 13:30:00+09:00,97100.0,97500.0,97000.0,97500.0,6493.0
2026-08-05 13:40:00+09:00,97400.0,97700.0,97300.0,97500.0,10978.0
2026-08-05 13:50:00+09:00,97500.0,97800.0,97300.0,97600.0,10221.0
2026-08-05 14:00:00+09:00,97600.0,97900.0,97400.0,97700.0,7905.0
2026-08-05 14:10:00+09:00,97600.0,97900.0,97600.0,97800.0,8365.0
2026-08-05 14:20:00+09:00,97700.0,98100.0,97700.0,98000.0,13733.0
2026-08-05 14:30:00+09:00,98000.0,98100.0,97700.0,97800.0,10653.0
2026-08-05 14:40:00+09:00,97800.0,98000.0,97700.0,97800.0,10972.0
2026-08-05 14:50:00+09:00,97800.0,98000.0,97500.0,97700.0,15247.0
2026-08-06 09:00:00+09:00,96400.0,97100.0,94700.0,94800.0,35495.0
2026-08-06 09:10:00+09:00,94800.0,95200.0,94200.0,94800.0,21747.0
2026-08-06 09:20:00+09:00,94800.0,94900.0,94100.0,94200.0,35679.0
2026-08-06 09:30:00+09:00,94200.0,94900.0,94100.0,94500.0,18634.0
2026-08-06 09:40:00+09:00,94500.0,95100.0,94500.0,94800.0,15574.0
2026-08-06 09:50:00+09:00,94800.0,94900.0,94300.0,94800.0,16632.0
2026-08-06 10:00:00+09:00,94800.0,95000.0,94100.0,94200.0,14462.0
2026-08-06 10:10:00+09:00,94100.0,94500.0,94100.0,94300.0,10444.0
2026-08-06 10:20:00+09:00,94200.0,94300.0,93600.0,93800.0,24788.0
2026-08-06 10:30:00+09:00,93900.0,94500.0,93700.0,93900.0,14062.0
2026-08-06 10:40:00+09:00,94000.0,94700.0,94000.0,94600.0,12844.0
2026-08-06 10:50:00+09:00,94600.0,94800.0,94200.0,94600.0,5703.0
2026-08-06 11:00:00+09:00,94600.0,94900.0,94500.0,94700.0,5578.0
2026-08-06 11:10:00+09:00,94700.0,95000.0,94600.0,94700.0,5393.0
2026-08-06 11:20:00+09:00,94700.0,95200.0,94700.0,94900.0,6432.0
2026-08-06 11:30:00+09:00,94900.0,95300.0,94800.0,95100.0,6645.0
2026-08-06 11:40:00+09:00,95200.0,95300.0,94800.0,94900.0,5511.0
2026-08-06 11:50:00+09:00,94900.0,95200.0,94800.0,95000.0,6604.0
2026-08-06 12:00:00+09:00,95100.0,95500.0,95000.0,95200.0,7711.0
2026-08-06 12:10:00+09:00,95200.0,95400.0,95100.0,95100.0,4961.0
2026-08-06 12:20:00+09:00,95100.0,95300.0,94800.0,95000.0,4708.0
2026-08-06 12:30:00+09:00,95000.0,95200.0,94600.0,95100.0,6070.0
2026-08-06 12:40:00+09:00,95100.0,95200.0,95000.0,95100.0,3124.0
2026-08-06 12:50:00+09:00,95100.0,95300.0,95000.0,95200.0,4156.0
2026-08-06 13:00:00+09:00,95300.0,95300.0,94700.0,94800.0,10725.0
2026-08-06 13:10:00+09:00,94700.0,95400.0,94700.0,95200.0,11839.0
2026-08-06 13:20:00+09:00,95300.0,95300.0,95000.0,95200.0,9615.0
2026-08-06 13:30:00+09:00,95100.0,95400.0,94900.0,95000.0,14291.0
2026-08-06 13:40:00+09:00,95000.0,95300.0,94900.0,95200.0,13174.0
2026-08-06 13:50:00+09:00,95200.0,95600.0,95200.0,95500.0,8111.0
2026-08-06 14:00:00+09:00,95550.0,95700.0,95400.0,95500.0,7086.0
2026-08-06 14:10:00+09:00,95500.0,95600.0,95200.0,95300.0,4436.0
2026-08-06 14:20:00+09:00,95200.0,95400.0,95100.0,95100.0,9540.0
2026-08-06 14:30:00+09:00,95200.0,95200.0,94900.0,94900.0,10732.0
2026-08-06 14:40:00+09:00,94900.0,95200.0,94800.0,94900.0,16012.0
2026-08-06 14:50:00+09:00,94900.0,95200.0,94800.0,95000.0,13243.0
2026-08-07 09:00:00+09:00,95500.0,95700.0,94700.0,95400.0,19316.0
2026-08-07 09:10:00+09:00,95400.0,95400.0,93100.0,93300.0,48781.0
2026-08-07 09:20:00+09:00,93400.0,93400.0,92200.0,92300.0,34554.0
2026-08-07 09:30:00+09:00,92300.0,92800.0,92100.0,92300.0,37345.0
2026-08-07 09:40:00+09:00,92200.0,92300.0,91400.0,91600.0,33121.0
2026-08-07 09:50:00+09:00,91650.0,92600.0,91500.0,92200.0,34631.0
2026-08-07 10:00:00+09:00,92200.0,93000.0,92200.0,92700.0,23632.0
2026-08-07 10:10:00+09:00,92600.0,92800.0,91700.0,91700.0,20919.0
2026-08-07 10:20:00+09:00,91800.0,92200.0,91200.0,91900.0,20494.0
2026-08-07 10:30:00+09:00,92000.0,92100.0,91000.0,91100.0,15513.0
2026-08-07 10:40:00+09:00,91000.0,91300.0,90700.0,90800.0,17691.0
2026-08-07 10:50:00+09:00,90900.0,91100.0,90500.0,90800.0,15032.0
2026-08-07 11:00:00+09:00,90800.0,91300.0,90600.0,90900.0,12252.0
2026-08-07 11:10:00+09:00,90900.0,91400.0,90700.0,91100.0,13270.0
2026-08-07 11:20:00+09:00,91000.0,91200.0,90700.0,90700.0,11442.0
2026-08-07 11:30:00+09:00,90700.0,90800.0,90500.0,90500.0,12601.0
2026-08-07 11:40:00+09:00,90500.0,91000.0,90500.0,90900.0,12529.0
2026-08-07 11:50:00+09:00,91000.0,91000.0,90700.0,90800.0,9704.0
2026-08-07 12:00:00+09:00,90800.0,91400.0,90700.0,91200.0,12090.0
2026-08-07 12:10:00+09:00,91000.0,91200.0,90700.0,90900.0,12141.0
2026-08-07 12:20:00+09:00,90900.0,91000.0,90600.0,90700.0,9448.0
2026-08-07 12:30:00+09:00,90800.0,91100.0,90700.0,90900.0,10849.0
2026-08-07 12:40:00+09:00,90900.0,91000.0,90600.0,90800.0,9764.0
2026-08-07 12:50:00+09:00,90800.0,90900.0,90500.0,90500.0,10372.0
2026-08-07 13:00:00+09:00,90500.0,91000.0,90400.0,90600.0,10248.0
2026-08-07 13:10:00+09:00,90700.0,90900.0,90400.0,90700.0,11853.0
2026-08-07 13:20:00+09:00,90600.0,91100.0,90500.0,90600.0,12407.0
2026-08-07 13:30:00+09:00,90700.0,90900.0,90500.0,90600.0,10826.0
2026-08-07 13:40:00+09:00,90600.0,90800.0,90400.0,90600.0,10281.0
2026-08-07 13:50:00+09:00,90600.0,90700.0,90400.0,90500.0,17629.0
2026-08-07 14:00:00+09:00,90500.0,91100.0,90400.0,90900.0,13297.0
2026-08-07 14:10:00+09:00,90900.0,91000.0,90700.0,90800.0,9398.0
2026-08-07 14:20:00+09:00,90900.0,91200.0,90800.0,90800.0,16573.0
2026-08-07 14:30:00+09:00,90800.0,90900.0,90600.0,90700.0,14037.0
2026-08-07 14:40:00+09:00,90800.0,90800.0,90500.0,90500.0,15297.0
2026-08-07 14:50:00+09:00,90500.0,90900.0,90500.0,90800.0,12305.0
2026-08-10 09:00:00+09:00,91100.0,92300.0,90700.0,92000.0,22587.0
2026-08-10 09:10:00+09:00,92000.0,92400.0,90900.0,90900.0,32567.0
2026-08-10 09:20:00+09:00,91000.0,91700.0,90900.0,91700.0,23772.0
2026-08-10 09:30:00+09:00,91700.0,92300.0,91600.0,91800.0,11785.0
2026-08-10 09:40:00+09:00,91700.0,92100.0,91500.0,92000.0,10388.0
2026-08-10 09:50:00+09:00,92000.0,92200.0,91500.0,91700.0,11565.0
2026-08-10 10:00:00+09:00,91600.0,92000.0,91500.0,91800.0,7958.0
2026-08-10 10:10:00+09:00,91700.0,92000.0,91400.0,91800.0,10401.0
2026-08-10 10:20:00+09:00,91900.0,92000.0,91500.0,91700.0,8612.0
2026-08-10 10:30:00+09:00,91700.0,91900.0,91200.0,91900.0,9743.0
2026-08-10 10:40:00+09:00,91900.0,92100.0,91400.0,91900.0,9799.0
2026-08-10 10:50:00+09:00,92000.0,92400.0,91900.0,92000.0,13753.0
2026-08-10 11:00:00+09:00,92000.0,92100.0,91600.0,92100.0,7316.0
2026-08-10 11:10:00+09:00,92000.0,92400.0,91700.0,91900.0,13830.0
2026-08-10 11:20:00+09:00,91800.0,92300.0,91600.0,92100.0,9060.0
2026-08-10 11:30:00+09:00,92200.0,92600.0,91600.0,92100.0,14086.0
2026-08-10 11:40:00+09:00,92100.0,92400.0,92000.0,92400.0,10011.0
2026-08-10 11:50:00+09:00,92300.0,92400.0,92100.0,92100.0,8221.0
2026-08-10 12:00:00+09:00,92100.0,92200.0,91800.0,91900.0,6307.0
2026-08-10 12:10:00+09:00,91900.0,92200.0,91700.0,92200.0,6369.0
2026-08-10 12:20:00+09:00,92200.0,92200.0,91800.0,92000.0,6955.0
2026-08-10 12:30:00+09:00,92000.0,92300.0,91900.0,92200.0,6808.0
2026-08-10 12:40:00+09:00,92200.0,92400.0,92100.0,92300.0,6635.0
2026-08-10 12:50:00+09:00,92300.0,92300.0,92000.0,92300.0,6843.0
2026-08-10 13:00:00+09:00,92300.0,92500.0,92100.0,92300.0,6710.0
2026-08-10 13:10:00+09:00,92300.0,92500.0,92000.0,92200.0,8354.0
2026-08-10 13:20:00+09:00,92200.0,92900.0,91800.0,92900.0,20512.0
2026-08-10 13:30:00+09:00,92900.0,92900.0,92400.0,92600.0,14818.0
2026-08-10 13:40:00+09:00,92600.0,92600.0,92200.0,92500.0,12152.0
2026-08-10 13:50:00+09:00,92600.0,92600.0,92100.0,92200.0,8888.0
2026-08-10 14:00:00+09:00,92200.0,92900.0,92100.0,92900.0,10633.0
2026-08-10 14:10:00+09:00,92800.0,92900.0,92600.0,92700.0,12714.0
2026-08-10 14:20:00+09:00,92700.0,92800.0,92500.0,92600.0,8623.0
2026-08-10 14:30:00+09:00,92500.0,92700.0,92400.0,92500.0,10029.0
2026-08-10 14:40:00+09:00,92400.0,92600.0,92400.0,92400.0,7111.0
2026-08-10 14:50:00+09:00,92400.0,92800.0,92400.0,92800.0,7822.0
2026-08-11 09:00:00+09:00,92100.0,92400.0,91200.0,91700.0,14801.0
2026-08-11 09:10:00+09:00,91400.0,92200.0,91400.0,91900.0,6897.0
2026-08-11 09:20:00+09:00,91900.0,92200.0,91700.0,92000.0,5336.0
2026-08-11 09:30:00+09:00,91900.0,92200.0,91700.0,92100.0,5805.0
2026-08-11 09:40:00+09:00,92000.0,92900.0,92000.0,92800.0,8757.0
2026-08-11 09:50:00+09:00,92900.0,93400.0,92900.0,92900.0,11565.0
2026-08-11 10:00:00+09:00,93000.0,93000.0,92300.0,92600.0,9434.0
2026-08-11 10:10:00+09:00,92600.0,93200.0,92500.0,92900.0,7018.0
2026-08-11 10:20:00+09:00,92900.0,93500.0,92700.0,92900.0,14013.0
2026-08-11 10:30:00+09:00,92900.0,93300.0,92600.0,93200.0,9816.0
2026-08-11 10:40:00+09:00,93200.0,93800.0,93200.0,93600.0,9570.0
2026-08-11 10:50:00+09:00,93600.0,93900.0,93200.0,93300.0,11372.0
2026-08-11 11:00:00+09:00,93400.0,93600.0,93000.0,93100.0,7443.0
2026-08-11 11:10:00+09:00,93200.0,93400.0,93100.0,93300.0,5566.0
2026-08-11 11:20:00+09:00,93300.0,93400.0,92800.0,92900.0,5956.0
2026-08-11 11:30:00+09:00,93000.0,93100.0,92800.0,92800.0,6958.0
2026-08-11 11:40:00+09:00,92800.0,93300.0,92800.0,93200.0,9556.0
2026-08-11 11:50:00+09:00,93200.0,93400.0,93100.0,93100.0,3177.0
2026-08-11 12:00:00+09:00,93200.0,93300.0,92900.0,93000.0,5367.0
2026-08-11 12:10:00+09:00,93050.0,93200.0,92900.0,93100.0,5573.0
2026-08-11 12:20:00+09:00,93100.0,93400.0,93100.0,93350.0,5310.0
2026-08-11 12:30:00+09:00,93350.0,93400.0,93000.0,93100.0,4471.0
2026-08-11 12:40:00+09:00,93100.0,93200.0,92800.0,92900.0,5303.0
2026-08-11 12:50:00+09:00,93000.0,93100.0,92900.0,92900.0,4075.0
2026-08-11 13:00:00+09:00,93000.0,93200.0,92900.0,93100.0,4481.0
2026-08-11 13:10:00+09:00,93000.0,93100.0,92900.0,93000.0,5127.0
2026-08-11 13:20:00+09:00,93100.0,93200.0,92900.0,93100.0,5804.0
2026-08-11 13:30:00+09:00,93100.0,93400.0,93000.0,93300.0,7952.0
2026-08-11 13:40:00+09:00,93400.0,93400.0,93200.0,93200.0,6185.0
2026-08-11 13:50:00+09:00,93200.0,93300.0,92900.0,93000.0,7276.0
2026-08-11 14:00:00+09:00,93000.0,93200.0,93000.0,93100.0,4344.0
2026-08-11 14:10:00+09:00,93100.0,93300.0,93100.0,93200.0,5790.0
2026-08-11 14:20:00+09:00,93300.0,93300.0,92900.0,93000.0,7369.0
2026-08-11 14:30:00+09:00,93000.0,93000.0,92700.0,92900.0,10117.0
2026-08-11 14:40:00+09:00,93000.0,93000.0,92700.0,92700.0,5539.0
2026-08-11 14:50:00+09:00,92700.0,93000.0,92700.0,93000.0,5413.0
2026-08-12 09:00:00+09:00,93200.0,94000.0,92700.0,92700.0,29282.0
2026-08-12 09:10:00+09:00,92800.0,93600.0,92800.0,93550.0,6707.0
2026-08-12 09:20:00+09:00,93550.0,93800.0,93400.0,93500.0,13847.0
2026-08-12 09:30:00+09:00,93500.0,93900.0,93400.0,93400.0,10010.0
2026-08-12 09:40:00+09:00,93500.0,93500.0,93100.0,93400.0,5055.0
2026-08-12 09:50:00+09:00,93300.0,93500.0,93100.0,93300.0,7192.0
2026-08-12 10:00:00+09:00,93300.0,93900.0,93300.0,93500.0,10092.0
2026-08-12 10:10:00+09:00,93500.0,93900.0,93300.0,93700.0,3464.0
2026-08-12 10:20:00+09:00,93800.0,93900.0,93500.0,93700.0,6523.0
2026-08-12 10:30:00+09:00,93700.0,94500.0,93700.0,94200.0,19400.0
2026-08-12 10:40:00+09:00,94300.0,94800.0,94100.0,94700.0,14443.0
2026-08-12 10:50:00+09:00,94600.0,94700.0,94000.0,94100.0,5994.0
2026-08-12 11:00:00+09:00,94100.0,94200.0,93800.0,93900.0,6730.0
2026-08-12 11:10:00+09:00,93900.0,93900.0,93500.0,93700.0,4104.0
2026-08-12 11:20:00+09:00,93800.0,94000.0,93600.0,94000.0,4250.0
2026-08-12 11:30:00+09:00,93900.0,94200.0,93900.0,94100.0,9108.0
2026-08-12 11:40:00+09:00,94100.0,94200.0,93600.0,93900.0,8056.0
2026-08-12 11:50:00+09:00,94000.0,94300.0,93900.0,94200.0,3150.0
2026-08-12 12:00:00+09:00,94300.0,94600.0,94000.0,94300.0,11144.0
2026-08-12 12:10:00+09:00,94300.0,94600.0,94200.0,94600.0,7757.0
2026-08-12 12:20:00+09:00,94700.0,94700.0,94200.0,94400.0,5402.0
2026-08-12 12:30:00+09:00,94400.0,94500.0,94100.0,94200.0,5229.0
2026-08-12 12:40:00+09:00,94100.0,94200.0,93800.0,93900.0,5081.0
2026-08-12 12:50:00+09:00,94000.0,94100.0,93800.0,93900.0,4949.0
2026-08-12 13:00:00+09:00,93800.0,94000.0,93800.0,93900.0,4266.0
2026-08-12 13:10:00+09:00,93800.0,94100.0,93600.0,93800.0,6700.0
2026-08-12 13:20:00+09:00,93600.0,93900.0,93600.0,93600.0,4460.0
2026-08-12 13:30:00+09:00,93650.0,93800.0,93300.0,93400.0,7056.0
2026-08-12 13:40:00+09:00,93500.0,93600.0,93200.0,93500.0,19252.0
2026-08-12 13:50:00+09:00,93500.0,93600.0,93200.0,93300.0,4715.0
2026-08-12 14:00:00+09:00,93200.0,93500.0,93200.0,93300.0,5336.0
2026-08-12 14:10:00+09:00,93300.0,93500.0,93200.0,93200.0,3716.0
2026-08-12 14:20:00+09:00,93300.0,93300.0,92800.0,93000.0,14921.0
2026-08-12 14:30:00+09:00,93000.0,93300.0,92900.0,93100.0,4192.0
2026-08-12 14:40:00+09:00,93100.0,93300.0,93000.0,93100.0,9674.0
2026-08-12 14:50:00+09:00,93100.0,93300.0,93000.0,93200.0,8673.0
2026-08-13 09:00:00+09:00,95000.0,97100.0,94600.0,96900.0,60261.0
2026-08-13 09:10:00+09:00,96800.0,96900.0,95300.0,95500.0,26288.0
2026-08-13 09:20:00+09:00,95500.0,95600.0,94200.0,94600.0,21317.0
2026-08-13 09:30:00+09:00,94500.0,94700.0,94100.0,94500.0,16618.0
2026-08-13 09:40:00+09:00,94500.0,94500.0,93800.0,94200.0,25592.0
2026-08-13 09:50:00+09:00,94200.0,94400.0,93900.0,94100.0,20558.0
2026-08-13 10:00:00+09:00,94000.0,94200.0,93600.0,93800.0,20677.0
2026-08-13 10:10:00+09:00,93700.0,93900.0,93300.0,93500.0,25517.0
2026-08-13 10:20:00+09:00,93500.0,93600.0,92700.0,93000.0,31903.0
2026-08-13 10:30:00+09:00,92900.0,93300.0,92900.0,93300.0,7877.0
2026-08-13 10:40:00+09:00,93200.0,93400.0,93000.0,93000.0,11750.0
2026-08-13 10:50:00+09:00,93000.0,93400.0,93000.0,93400.0,8895.0
2026-08-13 11:00:00+09:00,93300.0,93600.0,93100.0,93100.0,11809.0
2026-08-13 11:10:00+09:00,93100.0,93300.0,92900.0,93100.0,16968.0
2026-08-13 11:20:00+09:00,93000.0,93200.0,92400.0,92500.0,19886.0
2026-08-13 11:30:00+09:00,92400.0,93300.0,92100.0,92400.0,24961.0
2026-08-13 11:40:00+09:00,92450.0,93100.0,92400.0,92800.0,10747.0
2026-08-13 11:50:00+09:00,92800.0,93100.0,92800.0,93000.0,5689.0
2026-08-13 12:00:00+09:00,93000.0,93500.0,92900.0,93200.0,10857.0
2026-08-13 12:10:00+09:00,93300.0,93500.0,93200.0,93300.0,6943.0
2026-08-13 12:20:00+09:00,93300.0,93500.0,93200.0,93300.0,6156.0
2026-08-13 12:30:00+09:00,93300.0,93400.0,92600.0,92700.0,11496.0
2026-08-13 12:40:00+09:00,92700.0,93000.0,92600.0,92900.0,7328.0
2026-08-13 12:50:00+09:00,92900.0,93100.0,92700.0,92800.0,7624.0
2026-08-13 13:00:00+09:00,92900.0,93300.0,92800.0,93100.0,7367.0
2026-08-13 13:10:00+09:00,93000.0,93200.0,92700.0,92900.0,10489.0
2026-08-13 13:20:00+09:00,92900.0,92900.0,92600.0,92600.0,10182.0
2026-08-13 13:30:00+09:00,92600.0,92900.0,92600.0,92600.0,8868.0
2026-08-13 13:40:00+09:00,92600.0,92900.0,92500.0,92800.0,10571.0
2026-08-13 13:50:00+09:00,92800.0,93000.0,92500.0,92600.0,10850.0
2026-08-13 14:00:00+09:00,92600.0,92700.0,92500.0,92600.0,14862.0
2026-08-13 14:10:00+09:00,92600.0,92700.0,92400.0,92500.0,12490.0
2026-08-13 14:20:00+09:00,92500.0,92700.0,92400.0,92600.0,17353.0
2026-08-13 14:30:00+09:00,92600.0,92700.0,92200.0,92300.0,23263.0
2026-08-13 14:40:00+09:00,92300.0,92500.0,92100.0,92200.0,22395.0
2026-08-13 14:50:00+09:00,92200.0,92500.0,92100.0,92300.0,18474.0
2026-08-14 09:00:00+09:00,92700.0,92900.0,92100.0,92800.0,21424.0
2026-08-14 09:10:00+09:00,92900.0,93300.0,92300.0,92500.0,19357.0
2026-08-14 09:20:00+09:00,92500.0,92900.0,92400.0,92500.0,7804.0
2026-08-14 09:30:00+09:00,92500.0,92800.0,92500.0,92800.0,8558.0
2026-08-14 09:40:00+09:00,92700.0,93200.0,92700.0,92800.0,14163.0
2026-08-14 09:50:00+09:00,92700.0,92800.0,92400.0,92800.0,9789.0
2026-08-14 10:00:00+09:00,92800.0,92800.0,92400.0,92400.0,10406.0
2026-08-14 10:10:00+09:00,92400.0,92500.0,91800.0,92200.0,18363.0
2026-08-14 10:20:00+09:00,92100.0,92400.0,91900.0,92200.0,10804.0
2026-08-14 10:30:00+09:00,92200.0,92300.0,92000.0,92300.0,6844.0
2026-08-14 10:40:00+09:00,92300.0,92400.0,92100.0,92300.0,5041.0
2026-08-14 10:50:00+09:00,92300.0,92600.0,92200.0,92500.0,10099.0
2026-08-14 11:00:00+09:00,92400.0,92700.0,92400.0,92400.0,7160.0
2026-08-14 11:10:00+09:00,92500.0,92600.0,92300.0,92400.0,6860.0
2026-08-14 11:20:00+09:00,92300.0,92500.0,92200.0,92300.0,8915.0
2026-08-14 11:30:00+09:00,92200.0,92300.0,92000.0,92000.0,7667.0
2026-08-14 11:40:00+09:00,92100.0,92300.0,92000.0,92100.0,5024.0
2026-08-14 11:50:00+09:00,92100.0,92200.0,91900.0,91900.0,6898.0
2026-08-14 12:00:00+09:00,92000.0,92200.0,91800.0,91800.0,9375.0
2026-08-14 12:10:00+09:00,91900.0,92100.0,91800.0,92000.0,9102.0
2026-08-14 12:20:00+09:00,91900.0,92100.0,91800.0,92000.0,25387.0
2026-08-14 12:30:00+09:00,92000.0,92300.0,92000.0,92300.0,9420.0
2026-08-14 12:40:00+09:00,92200.0,92400.0,92100.0,92200.0,8776.0
2026-08-14 12:50:00+09:00,92200.0,92400.0,92100.0,92200.0,6330.0
2026-08-14 13:00:00+09:00,92200.0,92500.0,92000.0,92300.0,11100.0
2026-08-14 13:10:00+09:00,92400.0,92800.0,92200.0,92800.0,19400.0
2026-08-14 13:20:00+09:00,92700.0,92800.0,92400.0,92500.0,10467.0
2026-08-14 13:30:00+09:00,92450.0,92500.0,92200.0,92300.0,11254.0
2026-08-14 13:40:00+09:00,92300.0,92700.0,92200.0,92300.0,16404.0
2026-08-14 13:50:00+09:00,92200.0,92400.0,92100.0,92100.0,11667.0
2026-08-14 14:00:00+09:00,92100.0,92400.0,92100.0,92300.0,9415.0
2026-08-14 14:10:00+09:00,92200.0,92400.0,92100.0,92200.0,16999.0
2026-08-14 14:20:00+09:00,92200.0,92300.0,92000.0,92000.0,10978.0
2026-08-14 14:30:00+09:00,92300.0,92500.0,92000.0,92400.0,21491.0
2026-08-14 14:40:00+09:00,92400.0,92500.0,92200.0,92300.0,10427.0
2026-08-14 14:50:00+09:00,92300.0,92800.0,92300.0,92700.0,14424.0
2026-08-18 09:00:00+09:00,92700.0,92800.0,91700.0,91700.0,14778.0
2026-08-18 09:10:00+09:00,91700.0,92400.0,91700.0,92200.0,9432.0
2026-08-18 09:20:00+09:00,92100.0,92300.0,91800.0,92100.0,6851.0
2026-08-18 09:30:00+09:00,92100.0,92500.0,92100.0,92300.0,4934.0
2026-08-18 09:40:00+09:00,92300.0,92700.0,92300.0,92500.0,5185.0
2026-08-18 09:50:00+09:00,92500.0,92800.0,92400.0,92400.0,8017.0
2026-08-18 10:00:00+09:00,92500.0,92600.0,92100.0,92200.0,5501.0
2026-08-18 10:10:00+09:00,92150.0,92500.0,92100.0,92100.0,4790.0
2026-08-18 10:20:00+09:00,92100.0,92300.0,92000.0,92100.0,7852.0
2026-08-18 10:30:00+09:00,92100.0,92300.0,92000.0,92100.0,3278.0
2026-08-18 10:40:00+09:00,92000.0,92200.0,91500.0,91700.0,24219.0
2026-08-18 10:50:00+09:00,91700.0,91700.0,91300.0,91400.0,13119.0
2026-08-18 11:00:00+09:00,91300.0,91700.0,91300.0,91400.0,7618.0
2026-08-18 11:10:00+09:00,91400.0,91500.0,91100.0,91100.0,12833.0
2026-08-18 11:20:00+09:00,91100.0,91200.0,90600.0,90600.0,17409.0
2026-08-18 11:30:00+09:00,90600.0,90900.0,90100.0,90600.0,12104.0
2026-08-18 11:40:00+09:00,90600.0,90700.0,90100.0,90300.0,9074.0
2026-08-18 11:50:00+09:00,90300.0,90400.0,90100.0,90300.0,7360.0
2026-08-18 12:00:00+09:00,90200.0,91500.0,90200.0,90200.0,10584.0
2026-08-18 12:10:00+09:00,90300.0,90400.0,90100.0,90300.0,6436.0
2026-08-18 12:20:00+09:00,90200.0,90300.0,90000.0,90300.0,8874.0
2026-08-18 12:30:00+09:00,90200.0,90300.0,89900.0,90200.0,8868.0
2026-08-18 12:40:00+09:00,90200.0,90300.0,90000.0,90100.0,4357.0
2026-08-18 12:50:00+09:00,90100.0,90400.0,90100.0,90300.0,6141.0
2026-08-18 13:00:00+09:00,90300.0,90300.0,90000.0,90200.0,5838.0
2026-08-18 13:10:00+09:00,90200.0,90300.0,90000.0,90100.0,6034.0
2026-08-18 13:20:00+09:00,90100.0,90200.0,89900.0,90100.0,7947.0
2026-08-18 13:30:00+09:00,90100.0,90200.0,90000.0,90000.0,6584.0
2026-08-18 13:40:00+09:00,90000.0,90000.0,89800.0,89900.0,8683.0
2026-08-18 13:50:00+09:00,89900.0,90400.0,89900.0,90200.0,8067.0
2026-08-18 14:00:00+09:00,90200.0,90300.0,89900.0,89900.0,6836.0
2026-08-18 14:10:00+09:00,90000.0,90100.0,89200.0,89200.0,28668.0
2026-08-18 14:20:00+09:00,89200.0,89400.0,88700.0,88900.0,27065.0
2026-08-18 14:30:00+09:00,88900.0,89100.0,88000.0,88200.0,63870.0
2026-08-18 14:40:00+09:00,88200.0,88900.0,88000.0,88600.0,64360.0
2026-08-18 14:50:00+09:00,88600.0,88800.0,88000.0,88300.0,40798.0
2026-08-19 09:00:00+09:00,86200.0,86700.0,84000.0,84200.0,32710.0
2026-08-19 09:10:00+09:00,84200.0,84200.0,83400.0,83800.0,21352.0
2026-08-19 09:20:00+09:00,83700.0,84100.0,83600.0,84000.0,15282.0
2026-08-19 09:30:00+09:00,84000.0,85300.0,83900.0,85200.0,21330.0
2026-08-19 09:40:00+09:00,85100.0,85400.0,84900.0,85100.0,17487.0
2026-08-19 09:50:00+09:00,85100.0,85900.0,85000.0,85600.0,7754.0
2026-08-19 10:00:00+09:00,85500.0,86700.0,85500.0,86600.0,8907.0
2026-08-19 10:10:00+09:00,86700.0,87000.0,86600.0,86900.0,6902.0
2026-08-19 10:20:00+09:00,86900.0,87200.0,86700.0,86900.0,6436.0
2026-08-19 10:30:00+09:00,86900.0,87100.0,86000.0,86200.0,10787.0
2026-08-19 10:40:00+09:00,86200.0,86300.0,85200.0,85400.0,22686.0
2026-08-19 10:50:00+09:00,85400.0,85800.0,85000.0,85500.0,14405.0
2026-08-19 11:00:00+09:00,85600.0,85700.0,84600.0,84600.0,21724.0
2026-08-19 11:10:00+09:00,84600.0,85500.0,84600.0,85100.0,8907.0
2026-08-19 11:20:00+09:00,85100.0,85700.0,85100.0,85500.0,3887.0
2026-08-19 11:30:00+09:00,85600.0,85900.0,85500.0,85800.0,3724.0
2026-08-19 11:40:00+09:00,85800.0,85900.0,85500.0,85600.0,3318.0
2026-08-19 11:50:00+09:00,85600.0,85900.0,85300.0,85300.0,3378.0
2026-08-19 12:00:00+09:00,85300.0,85700.0,85200.0,85300.0,5322.0
2026-08-19 12:10:00+09:00,85300.0,85800.0,85200.0,85700.0,5188.0
2026-08-19 12:20:00+09:00,85700.0,85800.0,85300.0,85600.0,4102.0
2026-08-19 12:30:00+09:00,85700.0,85900.0,85500.0,85700.0,4133.0
2026-08-19 12:40:00+09:00,85800.0,85800.0,85000.0,85200.0,15741.0
2026-08-19 12:50:00+09:00,85300.0,85500.0,84600.0,84900.0,25073.0
2026-08-19 13:00:00+09:00,84900.0,85000.0,84300.0,84500.0,26945.0
2026-08-19 13:10:00+09:00,84500.0,85100.0,84200.0,84900.0,36329.0
2026-08-19 13:20:00+09:00,84800.0,85100.0,84300.0,84700.0,43131.0
2026-08-19 13:30:00+09:00,84700.0,85100.0,84500.0,84800.0,17938.0
2026-08-19 13:40:00+09:00,84700.0,84900.0,84100.0,84400.0,59143.0
2026-08-19 13:50:00+09:00,84400.0,84900.0,84000.0,84600.0,53330.0
2026-08-19 14:00:00+09:00,84600.0,85500.0,84100.0,85000.0,60028.0
2026-08-19 14:10:00+09:00,85000.0,85200.0,84200.0,84700.0,56707.0
2026-08-19 14:20:00+09:00,84600.0,85400.0,84200.0,85400.0,64721.0
2026-08-19 14:30:00+09:00,85400.0,85400.0,84400.0,84800.0,80132.0
2026-08-19 14:40:00+09:00,84900.0,84900.0,84100.0,84300.0,22992.0
2026-08-19 14:50:00+09:00,84300.0,84600.0,84300.0,84400.0,14589.0
2026-08-20 09:00:00+09:00,86700.0,87600.0,86400.0,87100.0,22970.0
2026-08-20 09:10:00+09:00,87200.0,88200.0,86700.0,88200.0,17356.0
2026-08-20 09:20:00+09:00,88200.0,90600.0,88200.0,90200.0,79247.0
2026-08-20 09:30:00+09:00,90300.0,91300.0,89800.0,90900.0,51893.0
2026-08-20 09:40:00+09:00,90900.0,91100.0,90400.0,90500.0,22217.0
2026-08-20 09:50:00+09:00,90600.0,91000.0,90400.0,90600.0,20878.0
2026-08-20 10:00:00+09:00,90600.0,91200.0,90500.0,90900.0,38533.0
2026-08-20 10:10:00+09:00,90800.0,91200.0,90600.0,91200.0,24165.0
2026-08-20 10:20:00+09:00,91200.0,91500.0,90600.0,90800.0,22905.0
2026-08-20 10:30:00+09:00,90800.0,92500.0,90700.0,92400.0,44679.0
2026-08-20 10:40:00+09:00,92500.0,93100.0,92100.0,93000.0,37263.0
2026-08-20 10:50:00+09:00,93000.0,93300.0,92300.0,92600.0,50505.0
2026-08-20 11:00:00+09:00,92500.0,93900.0,92500.0,93000.0,98688.0
2026-08-20 11:10:00+09:00,92900.0,93300.0,92700.0,93200.0,32184.0
2026-08-20 11:20:00+09:00,93100.0,93200.0,92200.0,92600.0,27365.0
2026-08-20 11:30:00+09:00,92600.0,92900.0,92100.0,92700.0,21278.0
2026-08-20 11:40:00+09:00,92700.0,92800.0,92400.0,92500.0,13635.0
2026-08-20 11:50:00+09:00,92400.0,92600.0,91900.0,92200.0,20897.0
2026-08-20 12:00:00+09:00,92300.0,93100.0,92100.0,92700.0,18740.0
2026-08-20 12:10:00+09:00,92700.0,92800.0,92400.0,92650.0,10309.0
2026-08-20 12:20:00+09:00,92650.0,93000.0,92500.0,92600.0,10256.0
2026-08-20 12:30:00+09:00,92700.0,92700.0,92500.0,92650.0,10828.0
2026-08-20 12:40:00+09:00,92600.0,93200.0,92600.0,93100.0,10337.0
2026-08-20 12:50:00+09:00,93100.0,93200.0,92700.0,92900.0,10939.0
2026-08-20 13:00:00+09:00,92900.0,93300.0,92600.0,93100.0,16567.0
2026-08-20 13:10:00+09:00,93100.0,93300.0,92600.0,92950.0,29656.0
2026-08-20 13:20:00+09:00,93000.0,93300.0,92700.0,92800.0,11329.0
2026-08-20 13:30:00+09:00,92900.0,93100.0,92200.0,92450.0,25283.0
2026-08-20 13:40:00+09:00,92450.0,93100.0,92400.0,93100.0,20044.0
2026-08-20 13:50:00+09:00,93100.0,93200.0,92600.0,92800.0,20064.0
2026-08-20 14:00:00+09:00,92850.0,93200.0,92600.0,92700.0,23602.0
2026-08-20 14:10:00+09:00,92600.0,92800.0,92100.0,92700.0,20425.0
2026-08-20 14:20:00+09:00,92600.0,92700.0,92300.0,92300.0,16558.0
2026-08-20 14:30:00+09:00,92300.0,92600.0,92100.0,92400.0,18870.0
2026-08-20 14:40:00+09:00,92300.0,92500.0,91900.0,91900.0,17108.0
2026-08-20 14:50:00+09:00,92000.0,92100.0,91400.0,91500.0,34078.0
2026-08-21 09:00:00+09:00,92300.0,92900.0,90900.0,91500.0,85925.0
2026-08-21 09:10:00+09:00,91500.0,93000.0,90800.0,91000.0,56466.0
2026-08-21 09:20:00+09:00,91100.0,91400.0,90600.0,90900.0,24488.0
2026-08-21 09:30:00+09:00,91000.0,91800.0,90600.0,91800.0,21010.0
2026-08-21 09:40:00+09:00,91850.0,92800.0,91500.0,92400.0,38833.0
2026-08-21 09:50:00+09:00,92500.0,92500.0,90700.0,91200.0,37900.0
2026-08-21 10:00:00+09:00,91200.0,91200.0,90000.0,90100.0,58024.0
2026-08-21 10:10:00+09:00,90200.0,91900.0,90100.0,91650.0,26001.0
2026-08-21 10:20:00+09:00,91600.0,91700.0,90700.0,91200.0,17042.0
2026-08-21 10:30:00+09:00,91200.0,91300.0,90700.0,90900.0,11230.0
2026-08-21 10:40:00+09:00,91000.0,92400.0,90900.0,92100.0,43173.0
2026-08-21 10:50:00+09:00,92000.0,92200.0,90900.0,91200.0,42147.0
2026-08-21 11:00:00+09:00,91200.0,91400.0,91000.0,91300.0,16799.0
2026-08-21 11:10:00+09:00,91300.0,92000.0,91100.0,91500.0,18830.0
2026-08-21 11:20:00+09:00,91500.0,92000.0,91400.0,91700.0,15957.0
2026-08-21 11:30:00+09:00,91700.0,92000.0,91400.0,91600.0,14902.0
2026-08-21 11:40:00+09:00,91600.0,91800.0,91300.0,91700.0,10590.0
2026-08-21 11:50:00+09:00,91700.0,91800.0,91300.0,91400.0,10412.0
2026-08-21 12:00:00+09:00,91500.0,91600.0,91100.0,91300.0,11708.0
2026-08-21 12:10:00+09:00,91400.0,91600.0,91200.0,91600.0,6555.0
2026-08-21 12:20:00+09:00,91600.0,91900.0,91500.0,91900.0,8876.0
2026-08-21 12:30:00+09:00,91900.0,92100.0,91800.0,92000.0,15698.0
2026-08-21 12:40:00+09:00,92000.0,92100.0,91600.0,91600.0,7800.0
2026-08-21 12:50:00+09:00,91600.0,91800.0,91400.0,91800.0,8406.0
2026-08-21 13:00:00+09:00,91600.0,91900.0,91500.0,91800.0,7779.0
2026-08-21 13:10:00+09:00,91900.0,91900.0,91500.0,91600.0,9633.0
2026-08-21 13:20:00+09:00,91500.0,91600.0,91300.0,91400.0,12749.0
2026-08-21 13:30:00+09:00,91400.0,91500.0,91200.0,91400.0,6832.0
2026-08-21 13:40:00+09:00,91300.0,91900.0,91200.0,91800.0,15296.0
2026-08-21 13:50:00+09:00,91800.0,92000.0,91700.0,91800.0,8311.0
2026-08-21 14:00:00+09:00,91800.0,92100.0,91600.0,92000.0,16493.0
2026-08-21 14:10:00+09:00,92000.0,92900.0,91800.0,92900.0,56758.0
2026-08-21 14:20:00+09:00,92800.0,93100.0,92200.0,92300.0,63127.0
2026-08-21 14:30:00+09:00,92300.0,92400.0,91800.0,91900.0,24640.0
2026-08-21 14:40:00+09:00,92000.0,92100.0,91400.0,91500.0,26009.0
2026-08-21 14:50:00+09:00,91600.0,92000.0,91300.0,91700.0,14202.0
2026-08-24 09:00:00+09:00,88200.0,88300.0,86300.0,87300.0,24877.0
2026-08-24 09:10:00+09:00,87300.0,87400.0,86200.0,86400.0,30604.0
2026-08-24 09:20:00+09:00,86300.0,86400.0,85900.0,86100.0,29778.0
2026-08-24 09:30:00+09:00,86100.0,86800.0,86000.0,86700.0,18268.0
2026-08-24 09:40:00+09:00,86600.0,86900.0,85800.0,86800.0,38238.0
2026-08-24 09:50:00+09:00,86700.0,87000.0,86500.0,86800.0,16710.0
2026-08-24 10:00:00+09:00,86700.0,86900.0,86200.0,86300.0,41603.0
2026-08-24 10:10:00+09:00,86300.0,86700.0,86200.0,86500.0,20670.0
2026-08-24 10:20:00+09:00,86400.0,86500.0,86100.0,86200.0,20957.0
2026-08-24 10:30:00+09:00,86200.0,86300.0,86000.0,86200.0,12174.0
2026-08-24 10:40:00+09:00,86150.0,86400.0,86000.0,86000.0,14002.0
2026-08-24 10:50:00+09:00,86100.0,86500.0,85800.0,85850.0,17722.0
2026-08-24 11:00:00+09:00,85800.0,86000.0,85700.0,85900.0,13466.0
2026-08-24 11:10:00+09:00,85900.0,86600.0,85800.0,86400.0,11071.0
2026-08-24 11:20:00+09:00,86300.0,86900.0,86300.0,86900.0,13747.0
2026-08-24 11:30:00+09:00,86800.0,87000.0,86700.0,86800.0,12867.0
2026-08-24 11:40:00+09:00,86900.0,86900.0,86400.0,86500.0,6610.0
2026-08-24 11:50:00+09:00,86500.0,86900.0,86300.0,86800.0,11819.0
2026-08-24 12:00:00+09:00,86800.0,86900.0,86500.0,86500.0,7835.0
2026-08-24 12:10:00+09:00,86600.0,86700.0,86300.0,86300.0,6420.0
2026-08-24 12:20:00+09:00,86300.0,86400.0,86100.0,86200.0,6700.0
2026-08-24 12:30:00+09:00,86200.0,86300.0,85950.0,86000.0,11314.0
2026-08-24 12:40:00+09:00,86000.0,86200.0,85600.0,85900.0,17449.0
2026-08-24 12:50:00+09:00,85900.0,86000.0,85600.0,85700.0,10077.0
2026-08-24 13:00:00+09:00,85700.0,86000.0,85700.0,85900.0,7676.0
2026-08-24 13:10:00+09:00,86000.0,86300.0,85900.0,86100.0,6409.0
2026-08-24 13:20:00+09:00,86100.0,86300.0,86000.0,86100.0,10040.0
2026-08-24 13:30:00+09:00,86200.0,86500.0,86100.0,86300.0,7003.0
2026-08-24 13:40:00+09:00,86300.0,86600.0,86300.0,86400.0,8881.0
2026-08-24 13:50:00+09:00,86500.0,86500.0,86200.0,86400.0,9825.0
2026-08-24 14:00:00+09:00,86400.0,86500.0,85800.0,85900.0,25264.0
2026-08-24 14:10:00+09:00,86000.0,86300.0,85900.0,86000.0,22788.0
2026-08-24 14:20:00+09:00,86000.0,86300.0,85900.0,85900.0,23823.0
2026-08-24 14:30:00+09:00,86000.0,86100.0,85800.0,86000.0,11936.0
2026-08-24 14:40:00+09:00,86000.0,86200.0,85900.0,86000.0,12933.0
2026-08-24 14:50:00+09:00,86000.0,86400.0,85900.0,86300.0,10435.0
2026-08-25 09:00:00+09:00,85400.0,86100.0,84700.0,84800.0,25007.0
2026-08-25 09:10:00+09:00,84800.0,85100.0,84100.0,84400.0,18848.0
2026-08-25 09:20:00+09:00,84300.0,85600.0,84300.0,85500.0,16227.0
2026-08-25 09:30:00+09:00,85500.0,86000.0,85400.0,85800.0,9040.0
2026-08-25 09:40:00+09:00,85800.0,86400.0,85800.0,86100.0,13115.0
2026-08-25 09:50:00+09:00,86100.0,86500.0,85900.0,86400.0,9028.0
2026-08-25 10:00:00+09:00,86400.0,87100.0,86300.0,86700.0,18189.0
2026-08-25 10:10:00+09:00,86700.0,86800.0,86200.0,86300.0,9508.0
2026-08-25 10:20:00+09:00,86400.0,86400.0,86100.0,86300.0,5378.0
2026-08-25 10:30:00+09:00,86300.0,87000.0,86200.0,86800.0,13714.0
2026-08-25 10:40:00+09:00,86800.0,87400.0,86700.0,87200.0,18552.0
2026-08-25 10:50:00+09:00,87200.0,87300.0,86500.0,86500.0,8163.0
2026-08-25 11:00:00+09:00,86500.0,86800.0,86300.0,86400.0,7097.0
2026-08-25 11:10:00+09:00,86300.0,86600.0,86200.0,86500.0,6743.0
2026-08-25 11:20:00+09:00,86600.0,86900.0,86400.0,86900.0,7414.0
2026-08-25 11:30:00+09:00,86800.0,87000.0,86500.0,86700.0,4624.0
2026-08-25 11:40:00+09:00,86500.0,86900.0,86300.0,86400.0,7376.0
2026-08-25 11:50:00+09:00,86400.0,86800.0,86300.0,86800.0,4741.0
2026-08-25 12:00:00+09:00,86700.0,87100.0,86700.0,87000.0,7266.0
2026-08-25 12:10:00+09:00,87100.0,87100.0,86600.0,87100.0,7718.0
2026-08-25 12:20:00+09:00,87100.0,87600.0,87000.0,87400.0,16420.0
2026-08-25 12:30:00+09:00,87400.0,87700.0,87300.0,87500.0,9974.0
2026-08-25 12:40:00+09:00,87600.0,87600.0,87300.0,87300.0,9713.0
2026-08-25 12:50:00+09:00,87300.0,87700.0,87300.0,87600.0,4555.0
2026-08-25 13:00:00+09:00,87500.0,87900.0,87400.0,87800.0,9583.0
2026-08-25 13:10:00+09:00,87800.0,88000.0,87600.0,87900.0,8436.0
2026-08-25 13:20:00+09:00,87900.0,87900.0,87600.0,87600.0,7431.0
2026-08-25 13:30:00+09:00,87600.0,88000.0,87600.0,87900.0,9516.0
2026-08-25 13:40:00+09:00,87900.0,88200.0,87700.0,87900.0,8949.0
2026-08-25 13:50:00+09:00,87900.0,88000.0,87500.0,88000.0,5758.0
2026-08-25 14:00:00+09:00,87900.0,88200.0,87700.0,88100.0,10976.0
2026-08-25 14:10:00+09:00,88100.0,88200.0,87800.0,87900.0,7176.0
2026-08-25 14:20:00+09:00,87900.0,88300.0,87900.0,88200.0,8189.0
2026-08-25 14:30:00+09:00,88100.0,88200.0,88000.0,88200.0,5847.0
2026-08-25 14:40:00+09:00,88200.0,88200.0,87900.0,88000.0,7802.0
2026-08-25 14:50:00+09:00,88100.0,88300.0,88000.0,88100.0,11551.0
2026-08-26 09:00:00+09:00,88400.0,88700.0,87900.0,88300.0,14573.0
2026-08-26 09:10:00+09:00,88400.0,88700.0,88000.0,88200.0,9154.0
2026-08-26 09:20:00+09:00,88100.0,88500.0,87700.0,87800.0,9867.0
2026-08-26 09:30:00+09:00,87900.0,88100.0,87600.0,87700.0,8203.0
2026-08-26 09:40:00+09:00,87700.0,88100.0,87600.0,87800.0,8284.0
2026-08-26 09:50:00+09:00,87700.0,88100.0,87500.0,87700.0,8593.0
2026-08-26 10:00:00+09:00,87600.0,88000.0,87600.0,87900.0,4970.0
2026-08-26 10:10:00+09:00,88000.0,88200.0,87800.0,88000.0,5478.0
2026-08-26 10:20:00+09:00,88000.0,88200.0,87800.0,88000.0,3422.0
2026-08-26 10:30:00+09:00,88000.0,88200.0,87800.0,87800.0,5087.0
2026-08-26 10:40:00+09:00,87800.0,87800.0,87500.0,87500.0,4682.0
2026-08-26 10:50:00+09:00,87500.0,87900.0,87500.0,87800.0,6056.0
2026-08-26 11:00:00+09:00,87800.0,87900.0,87700.0,87800.0,2931.0
2026-08-26 11:10:00+09:00,87800.0,88200.0,87700.0,88000.0,7843.0
2026-08-26 11:20:00+09:00,88000.0,88400.0,88000.0,88300.0,6341.0
2026-08-26 11:30:00+09:00,88300.0,88700.0,88300.0,88600.0,8184.0
2026-08-26 11:40:00+09:00,88600.0,88800.0,88600.0,88700.0,7922.0
2026-08-26 11:50:00+09:00,88600.0,88700.0,88400.0,88500.0,3420.0
2026-08-26 12:00:00+09:00,88600.0,88600.0,88300.0,88500.0,5542.0
2026-08-26 12:10:00+09:00,88500.0,88800.0,88400.0,88700.0,4101.0
2026-08-26 12:20:00+09:00,88700.0,88800.0,88400.0,88400.0,2731.0
2026-08-26 12:30:00+09:00,88400.0,88600.0,88400.0,88500.0,2641.0
2026-08-26 12:40:00+09:00,88500.0,88700.0,88400.0,88600.0,5275.0
2026-08-26 12:50:00+09:00,88600.0,88800.0,88500.0,88600.0,4825.0
2026-08-26 13:00:00+09:00,88700.0,88900.0,88500.0,88800.0,10914.0
2026-08-26 13:10:00+09:00,88800.0,88800.0,88500.0,88800.0,7569.0
2026-08-26 13:20:00+09:00,88700.0,88800.0,88400.0,88800.0,9052.0
2026-08-26 13:30:00+09:00,88800.0,88800.0,88500.0,88500.0,3470.0
2026-08-26 13:40:00+09:00,88600.0,88600.0,88400.0,88600.0,2909.0
2026-08-26 13:50:00+09:00,88500.0,88600.0,88300.0,88500.0,9123.0
2026-08-26 14:00:00+09:00,88500.0,88800.0,88400.0,88600.0,8607.0
2026-08-26 14:10:00+09:00,88600.0,88600.0,88300.0,88300.0,5138.0
2026-08-26 14:20:00+09:00,88300.0,88600.0,88200.0,88500.0,7428.0
2026-08-26 14:30:00+09:00,88600.0,88700.0,88300.0,88600.0,13597.0
2026-08-26 14:40:00+09:00,88600.0,88800.0,88400.0,88600.0,9353.0
2026-08-26 14:50:00+09:00,88600.0,88900.0,88400.0,88700.0,12665.0
2026-08-27 09:00:00+09:00,89900.0,90900.0,88900.0,89100.0,27773.0
2026-08-27 09:10:00+09:00,89000.0,89200.0,88500.0,88700.0,9904.0
2026-08-27 09:20:00+09:00,88700.0,88800.0,88400.0,88700.0,6026.0
2026-08-27 09:30:00+09:00,88700.0,89100.0,88500.0,89100.0,8242.0
2026-08-27 09:40:00+09:00,89000.0,89100.0,88400.0,88500.0,4385.0
2026-08-27 09:50:00+09:00,88600.0,88650.0,87800.0,88300.0,11897.0
2026-08-27 10:00:00+09:00,88200.0,88700.0,87900.0,88600.0,6883.0
2026-08-27 10:10:00+09:00,88600.0,88700.0,88000.0,88300.0,5483.0
2026-08-27 10:20:00+09:00,88300.0,88800.0,88300.0,88800.0,9147.0
2026-08-27 10:30:00+09:00,88800.0,88800.0,87800.0,88300.0,13009.0
2026-08-27 10:40:00+09:00,88300.0,88400.0,88000.0,88100.0,5896.0
2026-08-27 10:50:00+09:00,88200.0,88600.0,88100.0,88600.0,3014.0
2026-08-27 11:00:00+09:00,88500.0,88600.0,88300.0,88400.0,3089.0
2026-08-27 11:10:00+09:00,88500.0,88700.0,88400.0,88600.0,2815.0
2026-08-27 11:20:00+09:00,88700.0,88700.0,88100.0,88300.0,5147.0
2026-08-27 11:30:00+09:00,88300.0,88600.0,88200.0,88400.0,2918.0
2026-08-27 11:40:00+09:00,88400.0,88500.0,88200.0,88500.0,3644.0
2026-08-27 11:50:00+09:00,88500.0,88900.0,88400.0,88500.0,7573.0
2026-08-27 12:00:00+09:00,88500.0,88600.0,88400.0,88500.0,2096.0
2026-08-27 12:10:00+09:00,88400.0,88500.0,88200.0,88400.0,2803.0
2026-08-27 12:20:00+09:00,88400.0,88500.0,88300.0,88400.0,1735.0
2026-08-27 12:30:00+09:00,88300.0,88400.0,88100.0,88300.0,5373.0
2026-08-27 12:40:00+09:00,88400.0,88400.0,88200.0,88200.0,2313.0
2026-08-27 12:50:00+09:00,88300.0,88300.0,88000.0,88000.0,6286.0
2026-08-27 13:00:00+09:00,88100.0,88200.0,87900.0,88000.0,3321.0
2026-08-27 13:10:00+09:00,88000.0,88000.0,87800.0,87800.0,7262.0
2026-08-27 13:20:00+09:00,87900.0,87900.0,87800.0,87900.0,2719.0
2026-08-27 13:30:00+09:00,87800.0,87900.0,87600.0,87600.0,10098.0
2026-08-27 13:40:00+09:00,87600.0,87750.0,87600.0,87700.0,3692.0
2026-08-27 13:50:00+09:00,87700.0,87700.0,87600.0,87600.0,2483.0
2026-08-27 14:00:00+09:00,87700.0,87700.0,87500.0,87500.0,5534.0
2026-08-27 14:10:00+09:00,87500.0,87600.0,87100.0,87200.0,9258.0
2026-08-27 14:20:00+09:00,87100.0,87500.0,87100.0,87400.0,4257.0
2026-08-27 14:30:00+09:00,87300.0,87700.0,87200.0,87500.0,6671.0
2026-08-27 14:40:00+09:00,87500.0,88100.0,87500.0,88100.0,7294.0
2026-08-27 14:50:00+09:00,88100.0,88200.0,87700.0,87800.0,10102.0
2026-08-28 09:00:00+09:00,87800.0,88500.0,87400.0,87900.0,8258.0
2026-08-28 09:10:00+09:00,87800.0,87900.0,87200.0,87300.0,6685.0
2026-08-28 09:20:00+09:00,87300.0,87500.0,87100.0,87300.0,5945.0
2026-08-28 09:30:00+09:00,87300.0,87500.0,87200.0,87400.0,3322.0
2026-08-28 09:40:00+09:00,87300.0,87700.0,87300.0,87600.0,5253.0
2026-08-28 09:50:00+09:00,87700.0,87700.0,87300.0,87500.0,3276.0
2026-08-28 10:00:00+09:00,87500.0,87700.0,87400.0,87500.0,2513.0
2026-08-28 10:10:00+09:00,87500.0,87800.0,87400.0,87800.0,3495.0
2026-08-28 10:20:00+09:00,87700.0,88000.0,87400.0,87500.0,3636.0
2026-08-28 10:30:00+09:00,87500.0,87700.0,87300.0,87400.0,8193.0
2026-08-28 10:40:00+09:00,87400.0,87600.0,87300.0,87500.0,3636.0
2026-08-28 10:50:00+09:00,87550.0,87600.0,87400.0,87400.0,3345.0
2026-08-28 11:00:00+09:00,87400.0,88000.0,87400.0,87950.0,8251.0
2026-08-28 11:10:00+09:00,88000.0,88300.0,87800.0,88200.0,5814.0
2026-08-28 11:20:00+09:00,88200.0,88250.0,87800.0,87900.0,2300.0
2026-08-28 11:30:00+09:00,87900.0,88200.0,87800.0,88100.0,3342.0
2026-08-28 11:40:00+09:00,88100.0,88200.0,87900.0,88100.0,1833.0
2026-08-28 11:50:00+09:00,88000.0,88300.0,87900.0,88200.0,4055.0
2026-08-28 12:00:00+09:00,88300.0,88300.0,88000.0,88100.0,2568.0
2026-08-28 12:10:00+09:00,88100.0,88300.0,88000.0,88200.0,3401.0
2026-08-28 12:20:00+09:00,88200.0,88500.0,88100.0,88300.0,4401.0
2026-08-28 12:30:00+09:00,88300.0,88400.0,88200.0,88300.0,2504.0
2026-08-28 12:40:00+09:00,88200.0,88200.0,88000.0,88000.0,2976.0
2026-08-28 12:50:00+09:00,88000.0,88500.0,88000.0,88300.0,5568.0
2026-08-28 13:00:00+09:00,88350.0,88350.0,88000.0,88300.0,3436.0
2026-08-28 13:10:00+09:00,88300.0,88500.0,88200.0,88200.0,6274.0
2026-08-28 13:20:00+09:00,88200.0,88300.0,88000.0,88100.0,5632.0
2026-08-28 13:30:00+09:00,88000.0,88200.0,87800.0,88000.0,4580.0
2026-08-28 13:40:00+09:00,87900.0,88200.0,87800.0,88100.0,4968.0
2026-08-28 13:50:00+09:00,88000.0,88300.0,88000.0,88000.0,4700.0
2026-08-28 14:00:00+09:00,88000.0,88200.0,87900.0,88100.0,5629.0
2026-08-28 14:10:00+09:00,88100.0,88100.0,87800.0,87900.0,5750.0
2026-08-28 14:20:00+09:00,88000.0,88300.0,87900.0,88100.0,7127.0
2026-08-28 14:30:00+09:00,88200.0,88200.0,87700.0,87900.0,4661.0
2026-08-28 14:40:00+09:00,87900.0,88000.0,87700.0,87900.0,5389.0
2026-08-28 14:50:00+09:00,87900.0,88200.0,87800.0,88000.0,6204.0
2026-08-31 09:00:00+09:00,86700.0,87200.0,85400.0,85800.0,5344.0
2026-08-31 09:10:00+09:00,85800.0,86800.0,85700.0,86600.0,8743.0
2026-08-31 09:20:00+09:00,86700.0,87300.0,86600.0,87100.0,5050.0
2026-08-31 09:30:00+09:00,87100.0,87500.0,86900.0,87400.0,5492.0
2026-08-31 09:40:00+09:00,87400.0,87400.0,86900.0,86900.0,3044.0
2026-08-31 09:50:00+09:00,87000.0,87400.0,86800.0,86900.0,4561.0
2026-08-31 10:00:00+09:00,86900.0,87000.0,86100.0,86300.0,9537.0
2026-08-31 10:10:00+09:00,86300.0,86500.0,86200.0,86500.0,4265.0
2026-08-31 10:20:00+09:00,86500.0,86600.0,86100.0,86500.0,6024.0
2026-08-31 10:30:00+09:00,86600.0,86800.0,86300.0,86500.0,7546.0
2026-08-31 10:40:00+09:00,86600.0,86600.0,86300.0,86500.0,2781.0
2026-08-31 10:50:00+09:00,86500.0,86600.0,86300.0,86500.0,1994.0
2026-08-31 11:00:00+09:00,86500.0,86700.0,86300.0,86600.0,3671.0
2026-08-31 11:10:00+09:00,86600.0,86900.0,86500.0,86600.0,3865.0
2026-08-31 11:20:00+09:00,86700.0,86700.0,86500.0,86500.0,2982.0
2026-08-31 11:30:00+09:00,86600.0,86600.0,86400.0,86500.0,1981.0
2026-08-31 11:40:00+09:00,86500.0,86900.0,86500.0,86700.0,3024.0
2026-08-31 11:50:00+09:00,86600.0,87000.0,86600.0,87000.0,4206.0
2026-08-31 12:00:00+09:00,87000.0,87100.0,86900.0,87100.0,4729.0
2026-08-31 12:10:00+09:00,87100.0,87200.0,86900.0,86900.0,9232.0
2026-08-31 12:20:00+09:00,86800.0,87100.0,86800.0,86900.0,4220.0
2026-08-31 12:30:00+09:00,87000.0,87100.0,86800.0,86900.0,3744.0
2026-08-31 12:40:00+09:00,86900.0,87100.0,86800.0,87000.0,14035.0
2026-08-31 12:50:00+09:00,87000.0,87600.0,87000.0,87500.0,6365.0
2026-08-31 13:00:00+09:00,87500.0,87700.0,87300.0,87300.0,3457.0
2026-08-31 13:10:00+09:00,87400.0,87800.0,87300.0,87800.0,4093.0
2026-08-31 13:20:00+09:00,87700.0,87800.0,87400.0,87400.0,4087.0
2026-08-31 13:30:00+09:00,87400.0,87800.0,87200.0,87800.0,5997.0
2026-08-31 13:40:00+09:00,87800.0,87900.0,87500.0,87700.0,4580.0
2026-08-31 13:50:00+09:00,87700.0,88100.0,87600.0,88000.0,5024.0
2026-08-31 14:00:00+09:00,87900.0,88100.0,87700.0,87700.0,3979.0
2026-08-31 14:10:00+09:00,87700.0,88000.0,87700.0,87900.0,3913.0
2026-08-31 14:20:00+09:00,88000.0,88000.0,87900.0,87900.0,4454.0
2026-08-31 14:30:00+09:00,88000.0,88000.0,87600.0,87700.0,7734.0
2026-08-31 14:40:00+09:00,87600.0,87900.0,87500.0,87700.0,4777.0
2026-08-31 14:50:00+09:00,87700.0,87900.0,87600.0,87700.0,4800.0
2026-09-01 09:00:00+09:00,87200.0,87700.0,86700.0,86800.0,13963.0
2026-09-01 09:10:00+09:00,86900.0,87100.0,86300.0,86900.0,14673.0
2026-09-01 09:20:00+09:00,86900.0,87300.0,86700.0,87100.0,6361.0
2026-09-01 09:30:00+09:00,87000.0,87300.0,86800.0,86800.0,6669.0
2026-09-01 09:40:00+09:00,87000.0,87100.0,86700.0,86900.0,5089.0
2026-09-01 09:50:00+09:00,86900.0,87000.0,86500.0,86650.0,6613.0
2026-09-01 10:00:00+09:00,86650.0,87000.0,86650.0,86900.0,6356.0
2026-09-01 10:10:00+09:00,86900.0,87100.0,86800.0,86900.0,4927.0
2026-09-01 10:20:00+09:00,86900.0,87000.0,86500.0,86600.0,5395.0
2026-09-01 10:30:00+09:00,86600.0,86800.0,86500.0,86700.0,4102.0
2026-09-01 10:40:00+09:00,86700.0,87100.0,86600.0,86900.0,4883.0
2026-09-01 10:50:00+09:00,86800.0,86900.0,86600.0,86600.0,4029.0
2026-09-01 11:00:00+09:00,86600.0,86900.0,86600.0,86700.0,4893.0
2026-09-01 11:10:00+09:00,86700.0,86900.0,86600.0,86800.0,3207.0
2026-09-01 11:20:00+09:00,86800.0,87200.0,86600.0,86800.0,7825.0
2026-09-01 11:30:00+09:00,86700.0,86900.0,86500.0,86700.0,4290.0
2026-09-01 11:40:00+09:00,86700.0,87000.0,86500.0,86700.0,4305.0
2026-09-01 11:50:00+09:00,86800.0,87400.0,86700.0,87300.0,8363.0
2026-09-01 12:00:00+09:00,87300.0,87400.0,86900.0,87100.0,3020.0
2026-09-01 12:10:00+09:00,87100.0,87300.0,87000.0,87200.0,2880.0
2026-09-01 12:20:00+09:00,87200.0,87400.0,87100.0,87300.0,5689.0
2026-09-01 12:30:00+09:00,87200.0,87600.0,87000.0,87400.0,6225.0
2026-09-01 12:40:00+09:00,87400.0,87700.0,87200.0,87600.0,4430.0
2026-09-01 12:50:00+09:00,87600.0,87600.0,87200.0,87200.0,3085.0
2026-09-01 13:00:00+09:00,87200.0,87500.0,87200.0,87400.0,2475.0
2026-09-01 13:10:00+09:00,87300.0,87500.0,87200.0,87400.0,3863.0
2026-09-01 13:20:00+09:00,87400.0,87500.0,87300.0,87300.0,3139.0
2026-09-01 13:30:00+09:00,87400.0,87800.0,87300.0,87500.0,5065.0
2026-09-01 13:40:00+09:00,87600.0,88000.0,87400.0,87800.0,6924.0
2026-09-01 13:50:00+09:00,87700.0,88000.0,87500.0,87500.0,5131.0
2026-09-01 14:00:00+09:00,87600.0,87700.0,87400.0,87600.0,3447.0
2026-09-01 14:10:00+09:00,87600.0,87700.0,87300.0,87500.0,3857.0
2026-09-01 14:20:00+09:00,87500.0,87700.0,87300.0,87600.0,5498.0
2026-09-01 14:30:00+09:00,87700.0,88100.0,87500.0,87900.0,8810.0
2026-09-01 14:40:00+09:00,88000.0,88300.0,87900.0,88000.0,9434.0
2026-09-01 14:50:00+09:00,88100.0,88400.0,87900.0,88200.0,9237.0
2026-09-02 09:00:00+09:00,86700.0,86700.0,86000.0,86300.0,11845.0
2026-09-02 09:10:00+09:00,86300.0,86700.0,86100.0,86700.0,8982.0
2026-09-02 09:20:00+09:00,86700.0,86800.0,86300.0,86700.0,5352.0
2026-09-02 09:30:00+09:00,86600.0,87300.0,86400.0,87100.0,7736.0
2026-09-02 09:40:00+09:00,87200.0,87200.0,86700.0,86700.0,3520.0
2026-09-02 09:50:00+09:00,86700.0,86900.0,86500.0,86600.0,3937.0
2026-09-02 10:00:00+09:00,86600.0,86700.0,86300.0,86600.0,7417.0
2026-09-02 10:10:00+09:00,86600.0,86700.0,86300.0,86300.0,4730.0
2026-09-02 10:20:00+09:00,86350.0,86600.0,86300.0,86300.0,3931.0
2026-09-02 10:30:00+09:00,86400.0,86400.0,85900.0,85900.0,12924.0
2026-09-02 10:40:00+09:00,86000.0,86200.0,85800.0,85900.0,7445.0
2026-09-02 10:50:00+09:00,85800.0,85900.0,85600.0,85700.0,9338.0
2026-09-02 11:00:00+09:00,85700.0,85800.0,85600.0,85600.0,4306.0
2026-09-02 11:10:00+09:00,85600.0,85800.0,85500.0,85700.0,4170.0
2026-09-02 11:20:00+09:00,85700.0,85900.0,85600.0,85700.0,4249.0
2026-09-02 11:30:00+09:00,85700.0,85700.0,85600.0,85700.0,4217.0
2026-09-02 11:40:00+09:00,85600.0,85700.0,85500.0,85600.0,4163.0
2026-09-02 11:50:00+09:00,85500.0,85700.0,85500.0,85600.0,6656.0
2026-09-02 12:00:00+09:00,85500.0,85700.0,85500.0,85600.0,4769.0
2026-09-02 12:10:00+09:00,85600.0,85700.0,85500.0,85600.0,2948.0
2026-09-02 12:20:00+09:00,85600.0,85600.0,85400.0,85500.0,3781.0
2026-09-02 12:30:00+09:00,85400.0,85500.0,85300.0,85500.0,5837.0
2026-09-02 12:40:00+09:00,85500.0,85600.0,85300.0,85400.0,4453.0
2026-09-02 12:50:00+09:00,85400.0,85700.0,85300.0,85300.0,4260.0
2026-09-02 13:00:00+09:00,85400.0,85400.0,85200.0,85300.0,4967.0
2026-09-02 13:10:00+09:00,85300.0,85300.0,85100.0,85300.0,6419.0
2026-09-02 13:20:00+09:00,85300.0,85300.0,85100.0,85100.0,4703.0
2026-09-02 13:30:00+09:00,85100.0,85500.0,85100.0,85200.0,4274.0
2026-09-02 13:40:00+09:00,85200.0,85300.0,85100.0,85200.0,4995.0
2026-09-02 13:50:00+09:00,85100.0,85200.0,85100.0,85150.0,4521.0
2026-09-02 14:00:00+09:00,85150.0,85200.0,85000.0,85100.0,6432.0
2026-09-02 14:10:00+09:00,85000.0,85500.0,85000.0,85300.0,5841.0
2026-09-02 14:20:00+09:00,85300.0,85600.0,85200.0,85400.0,5002.0
2026-09-02 14:30:00+09:00,85300.0,85400.0,85100.0,85100.0,6496.0
2026-09-02 14:40:00+09:00,85200.0,85400.0,85100.0,85300.0,10494.0
2026-09-02 14:50:00+09:00,85200.0,85300.0,85000.0,85000.0,9369.0
2026-09-03 09:00:00+09:00,85700.0,85700.0,84500.0,84700.0,17461.0
2026-09-03 09:10:00+09:00,84700.0,85100.0,84600.0,84700.0,4403.0
2026-09-03 09:20:00+09:00,84800.0,85100.0,84600.0,84800.0,5510.0
2026-09-03 09:30:00+09:00,84900.0,85900.0,84800.0,85600.0,11683.0
2026-09-03 09:40:00+09:00,85700.0,86400.0,85400.0,86200.0,15172.0
2026-09-03 09:50:00+09:00,86300.0,86600.0,86200.0,86400.0,11558.0
2026-09-03 10:00:00+09:00,86500.0,86800.0,86300.0,86400.0,8007.0
2026-09-03 10:10:00+09:00,86300.0,86300.0,86100.0,86300.0,3758.0
2026-09-03 10:20:00+09:00,86300.0,86400.0,85500.0,85600.0,5580.0
2026-09-03 10:30:00+09:00,85600.0,86000.0,85400.0,85600.0,5838.0
2026-09-03 10:40:00+09:00,85700.0,85900.0,85300.0,85400.0,3910.0
2026-09-03 10:50:00+09:00,85400.0,85400.0,85200.0,85200.0,2104.0
2026-09-03 11:00:00+09:00,85400.0,85800.0,85300.0,85800.0,6633.0
2026-09-03 11:10:00+09:00,85800.0,86200.0,85600.0,86000.0,4184.0
2026-09-03 11:20:00+09:00,86100.0,86200.0,85700.0,85900.0,3677.0
2026-09-03 11:30:00+09:00,85900.0,86400.0,85900.0,86400.0,5652.0
2026-09-03 11:40:00+09:00,86400.0,86500.0,86200.0,86300.0,5980.0
2026-09-03 11:50:00+09:00,86300.0,86500.0,86100.0,86400.0,3690.0
2026-09-03 12:00:00+09:00,86400.0,86700.0,86300.0,86400.0,8465.0
2026-09-03 12:10:00+09:00,86400.0,86900.0,86400.0,86900.0,7260.0
2026-09-03 12:20:00+09:00,86800.0,86900.0,86500.0,86500.0,5512.0
2026-09-03 12:30:00+09:00,86600.0,86800.0,86500.0,86700.0,5069.0
2026-09-03 12:40:00+09:00,86700.0,87200.0,86600.0,87100.0,10279.0
2026-09-03 12:50:00+09:00,87000.0,87100.0,86800.0,87000.0,5867.0
2026-09-03 13:00:00+09:00,86900.0,87300.0,86900.0,87200.0,10164.0
2026-09-03 13:10:00+09:00,87200.0,87300.0,87000.0,87100.0,6200.0
2026-09-03 13:20:00+09:00,87000.0,87100.0,86800.0,87000.0,5855.0
2026-09-03 13:30:00+09:00,86900.0,87200.0,86900.0,87100.0,4931.0
2026-09-03 13:40:00+09:00,87100.0,87200.0,86900.0,87000.0,5902.0
2026-09-03 13:50:00+09:00,87100.0,87200.0,86900.0,86900.0,12149.0
2026-09-03 14:00:00+09:00,87000.0,87000.0,86200.0,86300.0,9409.0
2026-09-03 14:10:00+09:00,86400.0,86500.0,85200.0,85200.0,16398.0
2026-09-03 14:20:00+09:00,85300.0,85500.0,84800.0,85100.0,16707.0
2026-09-03 14:30:00+09:00,85200.0,85700.0,85000.0,85600.0,13705.0
2026-09-03 14:40:00+09:00,85600.0,86200.0,85400.0,86200.0,9957.0
2026-09-03 14:50:00+09:00,86100.0,86400.0,85900.0,86300.0,7154.0
2026-09-04 09:00:00+09:00,87500.0,87900.0,87200.0,87800.0,13236.0
2026-09-04 09:10:00+09:00,87800.0,87900.0,87100.0,87600.0,6942.0
2026-09-04 09:20:00+09:00,87600.0,87700.0,87000.0,87200.0,5538.0
2026-09-04 09:30:00+09:00,87200.0,87400.0,86900.0,87100.0,6536.0
2026-09-04 09:40:00+09:00,87000.0,87100.0,86700.0,86800.0,3685.0
2026-09-04 09:50:00+09:00,86800.0,87000.0,86600.0,86800.0,3988.0
2026-09-04 10:00:00+09:00,86800.0,86900.0,86500.0,86600.0,3744.0
2026-09-04 10:10:00+09:00,86600.0,86700.0,86300.0,86600.0,5221.0
2026-09-04 10:20:00+09:00,86700.0,86800.0,86400.0,86500.0,3712.0
2026-09-04 10:30:00+09:00,86500.0,86700.0,86400.0,86600.0,2517.0
2026-09-04 10:40:00+09:00,86700.0,86700.0,86500.0,86600.0,2337.0
2026-09-04 10:50:00+09:00,86600.0,87000.0,86500.0,86900.0,2609.0
2026-09-04 11:00:00+09:00,87000.0,87300.0,86900.0,87300.0,4659.0
2026-09-04 11:10:00+09:00,87300.0,87400.0,87000.0,87100.0,3453.0
2026-09-04 11:20:00+09:00,87100.0,87200.0,86900.0,87000.0,2111.0
2026-09-04 11:30:00+09:00,87000.0,87200.0,86800.0,87000.0,2154.0
2026-09-04 11:40:00+09:00,87000.0,87200.0,86700.0,87100.0,2525.0
2026-09-04 11:50:00+09:00,87200.0,87300.0,87100.0,87200.0,2774.0
2026-09-04 12:00:00+09:00,87100.0,87300.0,87000.0,87000.0,1813.0
2026-09-04 12:10:00+09:00,87100.0,87200.0,86900.0,87000.0,1787.0
2026-09-04 12:20:00+09:00,87000.0,87200.0,86900.0,86900.0,2272.0
2026-09-04 12:30:00+09:00,87000.0,87100.0,86900.0,86900.0,1597.0
2026-09-04 12:40:00+09:00,87000.0,87000.0,86700.0,86800.0,2187.0
2026-09-04 12:50:00+09:00,86900.0,87000.0,86600.0,86700.0,3566.0
2026-09-04 13:00:00+09:00,86700.0,87000.0,86500.0,86800.0,3742.0
2026-09-04 13:10:00+09:00,86800.0,86900.0,86600.0,86600.0,4039.0
2026-09-04 13:20:00+09:00,86600.0,86800.0,86500.0,86700.0,4082.0
2026-09-04 13:30:00+09:00,86700.0,86900.0,86600.0,86600.0,3242.0
2026-09-04 13:40:00+09:00,86700.0,86800.0,86600.0,86700.0,4118.0
2026-09-04 13:50:00+09:00,86700.0,86700.0,86500.0,86600.0,5031.0
2026-09-04 14:00:00+09:00,86500.0,86800.0,86500.0,86600.0,3495.0
2026-09-04 14:10:00+09:00,86700.0,87000.0,86500.0,87000.0,5495.0
2026-09-04 14:20:00+09:00,86900.0,87000.0,86700.0,86800.0,4804.0
2026-09-04 14:30:00+09:00,86900.0,86900.0,86600.0,86700.0,2729.0
2026-09-04 14:40:00+09:00,86700.0,87000.0,86700.0,86900.0,4895.0
2026-09-04 14:50:00+09:00,86800.0,86900.0,86700.0,86700.0,3046.0
2026-09-07 09:00:00+09:00,87600.0,87800.0,87100.0,87600.0,4944.0
2026-09-07 09:10:00+09:00,87600.0,87600.0,87200.0,87500.0,6814.0
2026-09-07 09:20:00+09:00,87500.0,87500.0,87200.0,87500.0,5270.0
2026-09-07 09:30:00+09:00,87500.0,87600.0,87400.0,87400.0,3300.0
2026-09-07 09:40:00+09:00,87400.0,87500.0,87400.0,87500.0,2294.0
2026-09-07 09:50:00+09:00,87500.0,87500.0,87100.0,87300.0,3775.0
2026-09-07 10:00:00+09:00,87300.0,87300.0,87000.0,87200.0,2874.0
2026-09-07 10:10:00+09:00,87200.0,87500.0,87200.0,87400.0,2529.0
2026-09-07 10:20:00+09:00,87350.0,87400.0,87200.0,87200.0,1847.0
2026-09-07 10:30:00+09:00,87300.0,87300.0,87000.0,87300.0,2523.0
2026-09-07 10:40:00+09:00,87300.0,87300.0,87100.0,87200.0,2923.0
2026-09-07 10:50:00+09:00,87200.0,87400.0,87200.0,87300.0,1582.0
2026-09-07 11:00:00+09:00,87200.0,87300.0,87100.0,87100.0,1422.0
2026-09-07 11:10:00+09:00,87100.0,87400.0,87100.0,87300.0,1661.0
2026-09-07 11:20:00+09:00,87200.0,87300.0,87100.0,87200.0,2134.0
2026-09-07 11:30:00+09:00,87300.0,87400.0,87200.0,87200.0,1633.0
2026-09-07 11:40:00+09:00,87200.0,87400.0,87200.0,87300.0,1544.0
2026-09-07 11:50:00+09:00,87200.0,87400.0,87000.0,87100.0,1887.0
2026-09-07 12:00:00+09:00,87200.0,87300.0,87000.0,87200.0,1351.0
2026-09-07 12:10:00+09:00,87200.0,87300.0,87100.0,87200.0,1800.0
2026-09-07 12:20:00+09:00,87100.0,87400.0,87000.0,87200.0,4015.0
2026-09-07 12:30:00+09:00,87200.0,87300.0,87100.0,87100.0,2070.0
2026-09-07 12:40:00+09:00,87100.0,87300.0,87100.0,87100.0,2981.0
2026-09-07 12:50:00+09:00,87100.0,87300.0,87100.0,87200.0,2443.0
2026-09-07 13:00:00+09:00,87200.0,87300.0,87100.0,87300.0,1418.0
2026-09-07 13:10:00+09:00,87300.0,87600.0,87300.0,87400.0,7007.0
2026-09-07 13:20:00+09:00,87400.0,87600.0,87300.0,87500.0,3729.0
2026-09-07 13:30:00+09:00,87600.0,87600.0,87400.0,87500.0,4482.0
2026-09-07 13:40:00+09:00,87500.0,87600.0,87400.0,87400.0,5765.0
2026-09-07 13:50:00+09:00,87500.0,87600.0,87400.0,87500.0,5365.0
2026-09-07 14:00:00+09:00,87500.0,87600.0,87400.0,87500.0,4066.0
2026-09-07 14:10:00+09:00,87500.0,87700.0,87400.0,87600.0,4158.0
2026-09-07 14:20:00+09:00,87600.0,87700.0,87500.0,87700.0,4632.0
2026-09-07 14:30:00+09:00,87700.0,87800.0,87600.0,87600.0,4516.0
2026-09-07 14:40:00+09:00,87600.0,87800.0,87600.0,87700.0,3429.0
2026-09-07 14:50:00+09:00,87700.0,87700.0,87500.0,87500.0,5547.0
2026-09-08 09:00:00+09:00,87900.0,88500.0,87900.0,88200.0,13005.0
2026-09-08 09:10:00+09:00,88200.0,88600.0,88000.0,88100.0,15039.0
2026-09-08 09:20:00+09:00,88200.0,88200.0,87700.0,87700.0,6636.0
2026-09-08 09:30:00+09:00,87700.0,88000.0,87700.0,87700.0,4677.0
2026-09-08 09:40:00+09:00,87700.0,88500.0,87700.0,88500.0,9793.0
2026-09-08 09:50:00+09:00,88400.0,88500.0,88200.0,88200.0,6025.0
2026-09-08 10:00:00+09:00,88300.0,88400.0,87900.0,88100.0,3645.0
2026-09-08 10:10:00+09:00,88100.0,88200.0,87900.0,88000.0,3005.0
2026-09-08 10:20:00+09:00,88000.0,88300.0,87900.0,88100.0,5228.0
2026-09-08 10:30:00+09:00,88100.0,88300.0,88000.0,88200.0,5848.0
2026-09-08 10:40:00+09:00,88200.0,88800.0,88200.0,88800.0,13045.0
2026-09-08 10:50:00+09:00,88700.0,88900.0,88500.0,88800.0,9209.0
2026-09-08 11:00:00+09:00,88800.0,88900.0,88600.0,88600.0,5376.0
2026-09-08 11:10:00+09:00,88600.0,88800.0,88600.0,88700.0,4391.0
2026-09-08 11:20:00+09:00,88700.0,88900.0,88600.0,88800.0,3920.0
2026-09-08 11:30:00+09:00,88800.0,88900.0,88700.0,88700.0,4090.0
2026-09-08 11:40:00+09:00,88700.0,88800.0,88300.0,88400.0,5044.0
2026-09-08 11:50:00+09:00,88500.0,88500.0,88300.0,88500.0,3056.0
2026-09-08 12:00:00+09:00,88400.0,88600.0,88300.0,88500.0,3907.0
2026-09-08 12:10:00+09:00,88500.0,88700.0,88500.0,88600.0,4176.0
2026-09-08 12:20:00+09:00,88600.0,88700.0,88400.0,88500.0,3617.0
2026-09-08 12:30:00+09:00,88600.0,88700.0,88300.0,88500.0,4209.0
2026-09-08 12:40:00+09:00,88400.0,88600.0,88300.0,88500.0,3045.0
2026-09-08 12:50:00+09:00,88500.0,88500.0,88000.0,88500.0,11155.0
2026-09-08 13:00:00+09:00,88300.0,88700.0,88200.0,88400.0,4009.0
2026-09-08 13:10:00+09:00,88400.0,88650.0,88400.0,88650.0,4422.0
2026-09-08 13:20:00+09:00,88600.0,88700.0,88300.0,88400.0,3867.0
2026-09-08 13:30:00+09:00,88400.0,88600.0,88200.0,88500.0,5196.0
2026-09-08 13:40:00+09:00,88400.0,88700.0,88200.0,88600.0,4877.0
2026-09-08 13:50:00+09:00,88650.0,88800.0,88300.0,88400.0,6680.0
2026-09-08 14:00:00+09:00,88400.0,88600.0,88300.0,88400.0,5455.0
2026-09-08 14:10:00+09:00,88300.0,88500.0,88200.0,88300.0,5675.0
2026-09-08 14:20:00+09:00,88300.0,88500.0,88200.0,88300.0,4651.0
2026-09-08 14:30:00+09:00,88400.0,88400.0,88100.0,88300.0,6816.0
2026-09-08 14:40:00+09:00,88300.0,88400.0,88000.0,88100.0,4837.0
2026-09-08 14:50:00+09:00,88100.0,88200.0,87500.0,87700.0,9579.0
2026-09-09 09:00:00+09:00,87000.0,87600.0,86600.0,87100.0,8251.0
2026-09-09 09:10:00+09:00,87200.0,87500.0,87000.0,87400.0,5701.0
2026-09-09 09:20:00+09:00,87400.0,87600.0,86900.0,87100.0,7765.0
2026-09-09 09:30:00+09:00,87100.0,87300.0,86800.0,87100.0,5573.0
2026-09-09 09:40:00+09:00,87100.0,87200.0,86800.0,87000.0,6046.0
2026-09-09 09:50:00+09:00,86900.0,87200.0,86900.0,87100.0,1645.0
2026-09-09 10:00:00+09:00,87100.0,87200.0,86900.0,87000.0,4555.0
2026-09-09 10:10:00+09:00,86900.0,87000.0,86700.0,86900.0,6756.0
2026-09-09 10:20:00+09:00,86800.0,87000.0,86800.0,87000.0,2014.0
2026-09-09 10:30:00+09:00,86900.0,87200.0,86800.0,87000.0,6446.0
2026-09-09 10:40:00+09:00,87000.0,87100.0,86600.0,86900.0,7599.0
2026-09-09 10:50:00+09:00,86900.0,87000.0,86700.0,86800.0,2282.0
2026-09-09 11:00:00+09:00,86900.0,87200.0,86800.0,87100.0,2951.0
2026-09-09 11:10:00+09:00,87200.0,87200.0,86900.0,87000.0,2311.0
2026-09-09 11:20:00+09:00,87000.0,87200.0,86900.0,87000.0,2515.0
2026-09-09 11:30:00+09:00,87000.0,87200.0,86900.0,87000.0,3267.0
2026-09-09 11:40:00+09:00,87100.0,87400.0,87000.0,87300.0,3208.0
2026-09-09 11:50:00+09:00,87200.0,87300.0,87000.0,87200.0,2502.0
2026-09-09 12:00:00+09:00,87300.0,87300.0,86900.0,87000.0,3077.0
2026-09-09 12:10:00+09:00,86900.0,87100.0,86900.0,87000.0,1368.0
2026-09-09 12:20:00+09:00,87000.0,87000.0,86800.0,86900.0,3569.0
2026-09-09 12:30:00+09:00,87000.0,87000.0,86900.0,87000.0,1218.0
2026-09-09 12:40:00+09:00,86900.0,87100.0,86900.0,86900.0,3810.0
2026-09-09 12:50:00+09:00,86900.0,87000.0,86700.0,86800.0,5481.0
2026-09-09 13:00:00+09:00,86900.0,87100.0,86800.0,87000.0,2152.0
2026-09-09 13:10:00+09:00,86900.0,87000.0,86700.0,86700.0,3564.0
2026-09-09 13:20:00+09:00,86750.0,87000.0,86700.0,86800.0,2132.0
2026-09-09 13:30:00+09:00,86800.0,87100.0,86800.0,87000.0,4264.0
2026-09-09 13:40:00+09:00,87000.0,87200.0,87000.0,87100.0,1455.0
2026-09-09 13:50:00+09:00,87100.0,87200.0,86900.0,87000.0,2298.0
2026-09-09 14:00:00+09:00,87000.0,87100.0,86900.0,86900.0,2412.0
2026-09-09 14:10:00+09:00,87000.0,87000.0,86700.0,86700.0,5225.0
2026-09-09 14:20:00+09:00,86700.0,86800.0,86500.0,86700.0,10482.0
2026-09-09 14:30:00+09:00,86700.0,86700.0,86500.0,86700.0,3707.0
2026-09-09 14:40:00+09:00,86600.0,86800.0,86600.0,86700.0,3144.0
2026-09-09 14:50:00+09:00,86700.0,87000.0,86700.0,87000.0,4413.0
2026-09-10 09:00:00+09:00,86300.0,87000.0,86200.0,86500.0,7685.0
2026-09-10 09:10:00+09:00,86500.0,86900.0,86400.0,86700.0,3426.0
2026-09-10 09:20:00+09:00,86700.0,86700.0,86200.0,86400.0,5347.0
2026-09-10 09:30:00+09:00,86300.0,86500.0,86100.0,86200.0,5522.0
2026-09-10 09:40:00+09:00,86200.0,86200.0,85700.0,86000.0,9118.0
2026-09-10 09:50:00+09:00,85900.0,85900.0,85600.0,85800.0,6701.0
2026-09-10 10:00:00+09:00,85800.0,85800.0,85300.0,85300.0,8940.0
2026-09-10 10:10:00+09:00,85300.0,85500.0,85000.0,85300.0,13825.0
2026-09-10 10:20:00+09:00,85400.0,85500.0,85100.0,85200.0,6921.0
2026-09-10 10:30:00+09:00,85200.0,86100.0,85200.0,86100.0,6826.0
2026-09-10 10:40:00+09:00,86100.0,86500.0,85800.0,86300.0,9329.0
2026-09-10 10:50:00+09:00,86200.0,86500.0,86100.0,86500.0,7935.0
2026-09-10 11:00:00+09:00,86500.0,86500.0,86100.0,86300.0,6764.0
2026-09-10 11:10:00+09:00,86300.0,86500.0,86100.0,86300.0,5919.0
2026-09-10 11:20:00+09:00,86300.0,86400.0,86200.0,86300.0,4611.0
2026-09-10 11:30:00+09:00,86400.0,86700.0,86300.0,86500.0,6292.0
2026-09-10 11:40:00+09:00,86400.0,86600.0,86400.0,86500.0,5517.0
2026-09-10 11:50:00+09:00,86500.0,86700.0,86400.0,86600.0,7046.0
2026-09-10 12:00:00+09:00,86500.0,86900.0,86500.0,86800.0,7328.0
2026-09-10 12:10:00+09:00,86900.0,87100.0,86800.0,87000.0,5683.0
2026-09-10 12:20:00+09:00,87100.0,87200.0,87000.0,87200.0,4892.0
2026-09-10 12:30:00+09:00,87100.0,87400.0,87100.0,87400.0,5631.0
2026-09-10 12:40:00+09:00,87300.0,87700.0,87300.0,87700.0,7647.0
2026-09-10 12:50:00+09:00,87700.0,87800.0,87100.0,87400.0,12319.0
2026-09-10 13:00:00+09:00,87300.0,87400.0,87300.0,87300.0,4471.0
2026-09-10 13:10:00+09:00,87300.0,87400.0,87300.0,87300.0,3524.0
2026-09-10 13:20:00+09:00,87400.0,87600.0,87300.0,87500.0,5494.0
2026-09-10 13:30:00+09:00,87500.0,87700.0,87500.0,87700.0,5870.0
2026-09-10 13:40:00+09:00,87600.0,87700.0,87300.0,87500.0,7441.0
2026-09-10 13:50:00+09:00,87400.0,87600.0,87400.0,87500.0,5108.0
2026-09-10 14:00:00+09:00,87600.0,88200.0,87600.0,87800.0,17684.0
2026-09-10 14:10:00+09:00,87900.0,88200.0,87700.0,88200.0,10121.0
2026-09-10 14:20:00+09:00,88200.0,88300.0,87700.0,87700.0,11859.0
2026-09-10 14:30:00+09:00,88000.0,88200.0,87700.0,88000.0,10049.0
2026-09-10 14:40:00+09:00,87800.0,88100.0,87700.0,87900.0,9560.0
2026-09-10 14:50:00+09:00,87900.0,88200.0,87600.0,87800.0,14634.0
2026-09-11 09:00:00+09:00,86000.0,87500.0,85700.0,87100.0,22430.0
2026-09-11 09:10:00+09:00,87000.0,87100.0,86500.0,86800.0,8300.0
2026-09-11 09:20:00+09:00,86700.0,87000.0,86400.0,86700.0,7771.0
2026-09-11 09:30:00+09:00,86700.0,86700.0,86300.0,86500.0,7013.0
2026-09-11 09:40:00+09:00,86400.0,86500.0,86000.0,86100.0,9359.0
2026-09-11 09:50:00+09:00,86100.0,86500.0,86100.0,86300.0,4872.0
2026-09-11 10:00:00+09:00,86400.0,86900.0,86200.0,86900.0,6036.0
2026-09-11 10:10:00+09:00,86900.0,87400.0,86800.0,86900.0,10015.0
2026-09-11 10:20:00+09:00,86900.0,87000.0,86700.0,86800.0,5691.0
2026-09-11 10:30:00+09:00,86900.0,87200.0,86700.0,86900.0,7764.0
2026-09-11 10:40:00+09:00,86800.0,87100.0,86600.0,87000.0,6101.0
2026-09-11 10:50:00+09:00,86900.0,87400.0,86900.0,87300.0,6697.0
2026-09-11 11:00:00+09:00,87300.0,87400.0,87000.0,87300.0,7118.0
2026-09-11 11:10:00+09:00,87300.0,87700.0,87300.0,87400.0,9430.0
2026-09-11 11:20:00+09:00,87300.0,87400.0,87100.0,87200.0,4722.0
2026-09-11 11:30:00+09:00,87100.0,87200.0,86900.0,87100.0,4842.0
2026-09-11 11:40:00+09:00,87100.0,87300.0,87000.0,87000.0,4253.0
2026-09-11 11:50:00+09:00,87000.0,87200.0,86900.0,87000.0,3919.0
2026-09-11 12:00:00+09:00,87000.0,87400.0,86800.0,87100.0,4772.0
2026-09-11 12:10:00+09:00,87000.0,87200.0,86800.0,87200.0,4698.0
2026-09-11 12:20:00+09:00,87000.0,87200.0,86800.0,87000.0,3632.0
2026-09-11 12:30:00+09:00,86900.0,87200.0,86700.0,87100.0,4636.0
2026-09-11 12:40:00+09:00,87000.0,87300.0,87000.0,87000.0,4717.0
2026-09-11 12:50:00+09:00,87000.0,87200.0,86900.0,87200.0,3815.0
2026-09-11 13:00:00+09:00,87100.0,87200.0,87000.0,87100.0,3095.0
2026-09-11 13:10:00+09:00,87000.0,87100.0,86900.0,87100.0,4402.0
2026-09-11 13:20:00+09:00,87100.0,87300.0,87000.0,87200.0,3453.0
2026-09-11 13:30:00+09:00,87300.0,87400.0,87200.0,87200.0,3175.0
2026-09-11 13:40:00+09:00,87300.0,87400.0,87200.0,87300.0,5012.0
2026-09-11 13:50:00+09:00,87400.0,87400.0,86900.0,87000.0,5145.0
2026-09-11 14:00:00+09:00,86900.0,87100.0,86700.0,87100.0,4678.0
2026-09-11 14:10:00+09:00,87100.0,87200.0,87000.0,87200.0,2928.0
2026-09-11 14:20:00+09:00,87100.0,87200.0,86800.0,86800.0,6209.0
2026-09-11 14:30:00+09:00,86800.0,87200.0,86800.0,87200.0,3212.0
2026-09-11 14:40:00+09:00,87100.0,87300.0,87100.0,87300.0,5744.0
2026-09-11 14:50:00+09:00,87300.0,87900.0,87200.0,87200.0,12107.0
2026-09-14 09:00:00+09:00,86700.0,86700.0,85700.0,86300.0,4109.0
2026-09-14 09:10:00+09:00,86400.0,86850.0,86200.0,86700.0,9086.0
2026-09-14 09:20:00+09:00,86600.0,87100.0,86500.0,86800.0,9830.0
2026-09-14 09:30:00+09:00,86800.0,87200.0,86400.0,86700.0,6311.0
2026-09-14 09:40:00+09:00,86700.0,87200.0,86600.0,87200.0,3411.0
2026-09-14 09:50:00+09:00,87100.0,87200.0,86700.0,86800.0,3725.0
2026-09-14 10:00:00+09:00,86800.0,86900.0,86300.0,86500.0,5625.0
2026-09-14 10:10:00+09:00,86500.0,86600.0,86300.0,86500.0,4800.0
2026-09-14 10:20:00+09:00,86500.0,86600.0,86300.0,86500.0,3433.0
2026-09-14 10:30:00+09:00,86400.0,86700.0,86400.0,86600.0,3597.0
2026-09-14 10:40:00+09:00,86600.0,86600.0,86300.0,86400.0,3179.0
2026-09-14 10:50:00+09:00,86500.0,86900.0,86300.0,86800.0,2983.0
2026-09-14 11:00:00+09:00,86850.0,87200.0,86750.0,87200.0,4373.0
2026-09-14 11:10:00+09:00,87100.0,87400.0,87000.0,87100.0,6839.0
2026-09-14 11:20:00+09:00,87100.0,87300.0,87000.0,87100.0,1910.0
2026-09-14 11:30:00+09:00,87050.0,87300.0,87000.0,87250.0,3266.0
2026-09-14 11:40:00+09:00,87200.0,87300.0,86900.0,87100.0,5696.0
2026-09-14 11:50:00+09:00,87000.0,87100.0,86800.0,86900.0,8678.0
2026-09-14 12:00:00+09:00,86900.0,86900.0,86600.0,86700.0,5086.0
2026-09-14 12:10:00+09:00,86800.0,87200.0,86600.0,87000.0,5645.0
2026-09-14 12:20:00+09:00,87000.0,87300.0,86900.0,87200.0,5369.0
2026-09-14 12:30:00+09:00,87100.0,87200.0,86800.0,87000.0,5125.0
2026-09-14 12:40:00+09:00,87000.0,87300.0,86800.0,87100.0,6968.0
2026-09-14 12:50:00+09:00,87100.0,87100.0,86900.0,87100.0,4424.0
2026-09-14 13:00:00+09:00,87100.0,87400.0,86900.0,87200.0,8044.0
2026-09-14 13:10:00+09:00,87300.0,87400.0,87000.0,87200.0,5702.0
2026-09-14 13:20:00+09:00,87400.0,87400.0,87100.0,87300.0,5852.0
2026-09-14 13:30:00+09:00,87200.0,87400.0,87100.0,87300.0,5160.0
2026-09-14 13:40:00+09:00,87300.0,87800.0,87200.0,87700.0,13838.0
2026-09-14 13:50:00+09:00,87700.0,87700.0,87300.0,87400.0,4818.0
2026-09-14 14:00:00+09:00,87500.0,87500.0,87200.0,87400.0,6850.0
2026-09-14 14:10:00+09:00,87350.0,87500.0,87000.0,87100.0,10274.0
2026-09-14 14:20:00+09:00,87100.0,87200.0,86900.0,87000.0,8127.0
2026-09-14 14:30:00+09:00,87100.0,87300.0,87000.0,87200.0,7045.0
2026-09-14 14:40:00+09:00,87300.0,87300.0,87000.0,87100.0,8030.0
2026-09-14 14:50:00+09:00,87050.0,87200.0,86900.0,87100.0,8742.0
2026-09-15 09:00:00+09:00,86700.0,87000.0,86400.0,86600.0,10384.0
2026-09-15 09:10:00+09:00,86600.0,86800.0,86500.0,86600.0,3891.0
2026-09-15 09:20:00+09:00,86600.0,86900.0,86500.0,86600.0,8988.0
2026-09-15 09:30:00+09:00,86550.0,87100.0,86400.0,86900.0,7678.0
2026-09-15 09:40:00+09:00,86800.0,87200.0,86600.0,86700.0,11596.0
2026-09-15 09:50:00+09:00,86600.0,86800.0,86400.0,86400.0,3691.0
2026-09-15 10:00:00+09:00,86400.0,86800.0,86400.0,86600.0,2450.0
2026-09-15 10:10:00+09:00,86700.0,86900.0,86500.0,86900.0,2568.0
2026-09-15 10:20:00+09:00,86900.0,87100.0,86800.0,86900.0,4590.0
2026-09-15 10:30:00+09:00,86800.0,87000.0,86700.0,86800.0,4110.0
2026-09-15 10:40:00+09:00,86800.0,86800.0,86600.0,86700.0,3346.0
2026-09-15 10:50:00+09:00,86800.0,86900.0,86600.0,86650.0,3188.0
2026-09-15 11:00:00+09:00,86600.0,86900.0,86600.0,86700.0,5298.0
2026-09-15 11:10:00+09:00,86700.0,86900.0,86600.0,86800.0,2847.0
2026-09-15 11:20:00+09:00,86800.0,86800.0,86700.0,86700.0,2327.0
2026-09-15 11:30:00+09:00,86700.0,87100.0,86700.0,87000.0,4940.0
2026-09-15 11:40:00+09:00,87000.0,87000.0,86800.0,86900.0,1788.0
2026-09-15 11:50:00+09:00,86900.0,86900.0,86800.0,86900.0,1765.0
2026-09-15 12:00:00+09:00,86800.0,86900.0,86700.0,86800.0,2009.0
2026-09-15 12:10:00+09:00,86800.0,86800.0,86600.0,86700.0,2331.0
2026-09-15 12:20:00+09:00,86600.0,86700.0,86600.0,86600.0,2188.0
2026-09-15 12:30:00+09:00,86700.0,86700.0,86600.0,86700.0,1939.0
2026-09-15 12:40:00+09:00,86600.0,86800.0,86600.0,86700.0,2531.0
2026-09-15 12:50:00+09:00,86800.0,86900.0,86500.0,86600.0,3439.0
2026-09-15 13:00:00+09:00,86600.0,86700.0,86500.0,86600.0,2961.0
2026-09-15 13:10:00+09:00,86600.0,86600.0,86400.0,86400.0,6272.0
2026-09-15 13:20:00+09:00,86500.0,86500.0,86100.0,86400.0,12160.0
2026-09-15 13:30:00+09:00,86350.0,86350.0,86100.0,86200.0,2889.0
2026-09-15 13:40:00+09:00,86200.0,86300.0,86100.0,86300.0,4831.0
2026-09-15 13:50:00+09:00,86300.0,86300.0,86000.0,86100.0,3830.0
2026-09-15 14:00:00+09:00,86100.0,86200.0,86000.0,86100.0,4329.0
2026-09-15 14:10:00+09:00,86000.0,86000.0,85700.0,85800.0,10823.0
2026-09-15 14:20:00+09:00,85900.0,86200.0,85800.0,86100.0,6449.0
2026-09-15 14:30:00+09:00,86000.0,86200.0,85900.0,86100.0,3664.0
2026-09-15 14:40:00+09:00,86100.0,86400.0,86000.0,86300.0,7255.0
2026-09-15 14:50:00+09:00,86300.0,86500.0,85900.0,86100.0,6115.0
2026-09-16 09:00:00+09:00,86300.0,86400.0,85400.0,85500.0,13996.0
2026-09-16 09:10:00+09:00,85500.0,85700.0,85200.0,85400.0,6151.0
2026-09-16 09:20:00+09:00,85500.0,85700.0,85400.0,85500.0,5936.0
2026-09-16 09:30:00+09:00,85500.0,85900.0,85500.0,85900.0,3243.0
2026-09-16 09:40:00+09:00,85800.0,86000.0,85700.0,85900.0,3442.0
2026-09-16 09:50:00+09:00,85900.0,85900.0,85500.0,85600.0,4093.0
2026-09-16 10:00:00+09:00,85600.0,85600.0,85100.0,85200.0,12236.0
2026-09-16 10:10:00+09:00,85200.0,85200.0,85100.0,85200.0,3895.0
2026-09-16 10:20:00+09:00,85200.0,85500.0,85100.0,85400.0,2359.0
2026-09-16 10:30:00+09:00,85300.0,85400.0,85100.0,85200.0,1495.0
2026-09-16 10:40:00+09:00,85100.0,85300.0,85100.0,85300.0,1095.0
2026-09-16 10:50:00+09:00,85300.0,85300.0,84700.0,85000.0,17464.0
2026-09-16 11:00:00+09:00,85000.0,85300.0,84900.0,85200.0,1340.0
2026-09-16 11:10:00+09:00,85200.0,85300.0,85000.0,85200.0,1807.0
2026-09-16 11:20:00+09:00,85300.0,85400.0,85100.0,85400.0,1850.0
2026-09-16 11:30:00+09:00,85400.0,85600.0,85300.0,85500.0,1587.0
2026-09-16 11:40:00+09:00,85500.0,85500.0,85200.0,85200.0,1521.0
2026-09-16 11:50:00+09:00,85300.0,85600.0,85300.0,85500.0,1352.0
2026-09-16 12:00:00+09:00,85500.0,85800.0,85400.0,85700.0,2165.0
2026-09-16 12:10:00+09:00,85700.0,86100.0,85600.0,86000.0,5108.0
2026-09-16 12:20:00+09:00,85900.0,86100.0,85900.0,85900.0,1517.0
2026-09-16 12:30:00+09:00,86000.0,86000.0,85750.0,85850.0,2637.0
2026-09-16 12:40:00+09:00,85850.0,86100.0,85850.0,86000.0,3020.0
2026-09-16 12:50:00+09:00,86100.0,86300.0,85900.0,86200.0,4618.0
2026-09-16 13:00:00+09:00,86200.0,86300.0,86100.0,86100.0,1474.0
2026-09-16 13:10:00+09:00,86200.0,86200.0,86000.0,86100.0,1454.0
2026-09-16 13:20:00+09:00,86000.0,86100.0,86000.0,86000.0,587.0
2026-09-16 13:30:00+09:00,86000.0,86100.0,85800.0,85900.0,3833.0
2026-09-16 13:40:00+09:00,85900.0,85900.0,85800.0,85800.0,1658.0
2026-09-16 13:50:00+09:00,85900.0,85900.0,85700.0,85700.0,1597.0
2026-09-16 14:00:00+09:00,85800.0,85800.0,85600.0,85600.0,853.0
2026-09-16 14:10:00+09:00,85700.0,85700.0,85500.0,85500.0,3456.0
2026-09-16 14:20:00+09:00,85500.0,85600.0,85200.0,85300.0,5661.0
2026-09-16 14:30:00+09:00,85400.0,85500.0,85200.0,85500.0,3963.0
2026-09-16 14:40:00+09:00,85400.0,85600.0,85400.0,85550.0,4046.0
2026-09-16 14:50:00+09:00,85550.0,85600.0,85200.0,85500.0,8756.0
2026-09-17 09:00:00+09:00,86000.0,86400.0,85500.0,86100.0,11168.0
2026-09-17 09:10:00+09:00,86100.0,86300.0,85600.0,85800.0,5734.0
2026-09-17 09:20:00+09:00,85900.0,86100.0,85700.0,86000.0,3759.0
2026-09-17 09:30:00+09:00,86000.0,86300.0,85900.0,86300.0,5561.0
2026-09-17 09:40:00+09:00,86300.0,86400.0,86000.0,86200.0,4849.0
2026-09-17 09:50:00+09:00,86100.0,86300.0,85900.0,86100.0,2976.0
2026-09-17 10:00:00+09:00,86100.0,86200.0,85800.0,86200.0,3111.0
2026-09-17 10:10:00+09:00,86200.0,86300.0,86000.0,86200.0,3230.0
2026-09-17 10:20:00+09:00,86200.0,86400.0,86100.0,86300.0,4084.0
2026-09-17 10:30:00+09:00,86200.0,86400.0,86100.0,86400.0,3255.0
2026-09-17 10:40:00+09:00,86400.0,86400.0,86100.0,86100.0,3095.0
2026-09-17 10:50:00+09:00,86100.0,86300.0,86000.0,86100.0,3609.0
2026-09-17 11:00:00+09:00,86100.0,86200.0,85800.0,85800.0,3473.0
2026-09-17 11:10:00+09:00,85900.0,86200.0,85800.0,86100.0,2905.0
2026-09-17 11:20:00+09:00,86100.0,86200.0,86000.0,86100.0,3087.0
2026-09-17 11:30:00+09:00,86100.0,86300.0,86000.0,86300.0,3192.0
2026-09-17 11:40:00+09:00,86300.0,86400.0,86200.0,86400.0,3109.0
2026-09-17 11:50:00+09:00,86300.0,86400.0,86200.0,86400.0,3948.0
2026-09-17 12:00:00+09:00,86300.0,86500.0,86200.0,86400.0,2271.0
2026-09-17 12:10:00+09:00,86500.0,86500.0,86300.0,86400.0,3498.0
2026-09-17 12:20:00+09:00,86300.0,86600.0,86300.0,86600.0,3002.0
2026-09-17 12:30:00+09:00,86500.0,86600.0,86400.0,86500.0,3260.0
2026-09-17 12:40:00+09:00,86600.0,86600.0,86400.0,86500.0,3729.0
2026-09-17 12:50:00+09:00,86500.0,86700.0,86500.0,86700.0,4121.0
2026-09-17 13:00:00+09:00,86700.0,86700.0,86500.0,86500.0,4642.0
2026-09-17 13:10:00+09:00,86600.0,86700.0,86400.0,86500.0,4437.0
2026-09-17 13:20:00+09:00,86400.0,86500.0,86100.0,86200.0,7537.0
2026-09-17 13:30:00+09:00,86100.0,86200.0,85900.0,86200.0,7055.0
2026-09-17 13:40:00+09:00,86100.0,86300.0,86100.0,86100.0,3510.0
2026-09-17 13:50:00+09:00,86200.0,86500.0,86100.0,86500.0,3586.0
2026-09-17 14:00:00+09:00,86200.0,86600.0,86200.0,86300.0,5087.0
2026-09-17 14:10:00+09:00,86500.0,86500.0,86100.0,86100.0,6470.0
2026-09-17 14:20:00+09:00,86100.0,86300.0,85900.0,85900.0,4631.0
2026-09-17 14:30:00+09:00,85900.0,86200.0,85900.0,86000.0,2983.0
2026-09-17 14:40:00+09:00,85900.0,86200.0,85800.0,85900.0,8209.0
2026-09-17 14:50:00+09:00,85900.0,86000.0,85700.0,85700.0,5023.0
2026-09-18 09:00:00+09:00,87000.0,87300.0,86600.0,86700.0,11698.0
2026-09-18 09:10:00+09:00,86800.0,86900.0,86500.0,86500.0,6386.0
2026-09-18 09:20:00+09:00,86500.0,86700.0,86300.0,86300.0,6263.0
2026-09-18 09:30:00+09:00,86400.0,86500.0,86100.0,86200.0,8111.0
2026-09-18 09:40:00+09:00,86200.0,86500.0,86000.0,86100.0,8793.0
2026-09-18 09:50:00+09:00,86200.0,86200.0,85800.0,86000.0,9431.0
2026-09-18 10:00:00+09:00,85900.0,86100.0,85800.0,85900.0,7553.0
2026-09-18 10:10:00+09:00,85900.0,86000.0,85700.0,85800.0,5575.0
2026-09-18 10:20:00+09:00,85800.0,85900.0,85700.0,85800.0,2184.0
2026-09-18 10:30:00+09:00,85700.0,85900.0,85500.0,85800.0,12136.0
2026-09-18 10:40:00+09:00,85800.0,85900.0,85600.0,85700.0,4045.0
2026-09-18 10:50:00+09:00,85700.0,85800.0,85500.0,85600.0,3998.0
2026-09-18 11:00:00+09:00,85500.0,85600.0,85500.0,85600.0,2701.0
2026-09-18 11:10:00+09:00,85500.0,85700.0,85500.0,85600.0,3398.0
2026-09-18 11:20:00+09:00,85500.0,85700.0,85500.0,85600.0,2211.0
2026-09-18 11:30:00+09:00,85600.0,85700.0,85500.0,85600.0,3705.0
2026-09-18 11:40:00+09:00,85700.0,85700.0,85500.0,85500.0,3443.0
2026-09-18 11:50:00+09:00,85600.0,85600.0,85500.0,85500.0,1556.0
2026-09-18 12:00:00+09:00,85500.0,85800.0,85400.0,85700.0,8047.0
2026-09-18 12:10:00+09:00,85700.0,85800.0,85500.0,85500.0,6389.0
2026-09-18 12:20:00+09:00,85500.0,85700.0,85500.0,85700.0,2249.0
2026-09-18 12:30:00+09:00,85700.0,85700.0,85400.0,85500.0,3932.0
2026-09-18 12:40:00+09:00,85600.0,85700.0,85500.0,85500.0,3264.0
2026-09-18 12:50:00+09:00,85500.0,85700.0,85500.0,85700.0,3803.0
2026-09-18 13:00:00+09:00,85700.0,85700.0,85500.0,85600.0,3160.0
2026-09-18 13:10:00+09:00,85600.0,85800.0,85500.0,85600.0,5078.0
2026-09-18 13:20:00+09:00,85600.0,85600.0,85400.0,85500.0,4378.0
2026-09-18 13:30:00+09:00,85400.0,85600.0,85400.0,85500.0,6577.0
2026-09-18 13:40:00+09:00,85600.0,85600.0,85300.0,85500.0,3510.0
2026-09-18 13:50:00+09:00,85500.0,85600.0,85400.0,85600.0,5091.0
2026-09-18 14:00:00+09:00,85600.0,85700.0,85400.0,85700.0,6654.0
2026-09-18 14:10:00+09:00,85700.0,85900.0,85600.0,85900.0,5719.0
2026-09-18 14:20:00+09:00,85900.0,85900.0,85400.0,85600.0,9249.0
2026-09-18 14:30:00+09:00,85700.0,85800.0,85500.0,85600.0,6544.0
2026-09-18 14:40:00+09:00,85700.0,85700.0,85400.0,85600.0,9726.0
2026-09-18 14:50:00+09:00,85600.0,85700.0,85500.0,85600.0,9736.0
2026-09-21 09:00:00+09:00,85600.0,86500.0,85400.0,86100.0,8320.0
2026-09-21 09:10:00+09:00,86150.0,86500.0,86000.0,86300.0,7757.0
2026-09-21 09:20:00+09:00,86300.0,86600.0,86200.0,86400.0,10065.0
2026-09-21 09:30:00+09:00,86400.0,86500.0,86000.0,86300.0,2053.0
2026-09-21 09:40:00+09:00,86200.0,86600.0,86200.0,86600.0,6731.0
2026-09-21 09:50:00+09:00,86600.0,86600.0,86300.0,86300.0,4391.0
2026-09-21 10:00:00+09:00,86300.0,86700.0,86200.0,86700.0,7804.0
2026-09-21 10:10:00+09:00,86700.0,87100.0,86600.0,86900.0,14309.0
2026-09-21 10:20:00+09:00,86800.0,87000.0,86700.0,87000.0,4157.0
2026-09-21 10:30:00+09:00,86900.0,87000.0,86800.0,86800.0,3822.0
2026-09-21 10:40:00+09:00,86900.0,87100.0,86800.0,87100.0,6685.0
2026-09-21 10:50:00+09:00,87100.0,87100.0,86800.0,86800.0,2233.0
2026-09-21 11:00:00+09:00,86900.0,87200.0,86800.0,87100.0,8866.0
2026-09-21 11:10:00+09:00,87100.0,87600.0,87100.0,87500.0,13924.0
2026-09-21 11:20:00+09:00,87400.0,87600.0,87300.0,87400.0,3856.0
2026-09-21 11:30:00+09:00,87500.0,87500.0,87300.0,87300.0,6348.0
2026-09-21 11:40:00+09:00,87400.0,87700.0,87300.0,87500.0,5796.0
2026-09-21 11:50:00+09:00,87400.0,87500.0,87300.0,87300.0,2156.0
2026-09-21 12:00:00+09:00,87300.0,87600.0,87300.0,87600.0,5605.0
2026-09-21 12:10:00+09:00,87500.0,87700.0,87500.0,87700.0,3316.0
2026-09-21 12:20:00+09:00,87700.0,87800.0,87600.0,87700.0,5048.0
2026-09-21 12:30:00+09:00,87600.0,87700.0,87600.0,87600.0,1609.0
2026-09-21 12:40:00+09:00,87700.0,87700.0,87500.0,87700.0,4534.0
2026-09-21 12:50:00+09:00,87600.0,87700.0,87500.0,87700.0,4982.0
2026-09-21 13:00:00+09:00,87700.0,87700.0,87500.0,87600.0,2488.0
2026-09-21 13:10:00+09:00,87600.0,87900.0,87600.0,87700.0,5893.0
2026-09-21 13:20:00+09:00,87750.0,88200.0,87700.0,88000.0,12161.0
2026-09-21 13:30:00+09:00,88000.0,88300.0,88000.0,88200.0,6238.0
2026-09-21 13:40:00+09:00,88200.0,88300.0,88100.0,88300.0,4990.0
2026-09-21 13:50:00+09:00,88200.0,88300.0,88100.0,88200.0,6496.0
2026-09-21 14:00:00+09:00,88100.0,88200.0,88000.0,88100.0,5272.0
2026-09-21 14:10:00+09:00,88200.0,88200.0,88000.0,88200.0,4640.0
2026-09-21 14:20:00+09:00,88100.0,88200.0,88000.0,88000.0,6661.0
2026-09-21 14:30:00+09:00,88050.0,88100.0,87900.0,88000.0,5806.0
2026-09-21 14:40:00+09:00,88050.0,88100.0,87900.0,88000.0,6372.0
2026-09-21 14:50:00+09:00,87900.0,88100.0,87900.0,87900.0,3637.0
2026-09-22 09:00:00+09:00,89400.0,90000.0,88700.0,89900.0,26181.0
2026-09-22 09:10:00+09:00,89900.0,91900.0,89800.0,91300.0,44963.0
2026-09-22 09:20:00+09:00,91300.0,92200.0,91200.0,92000.0,50570.0
2026-09-22 09:30:00+09:00,92000.0,92100.0,90600.0,90800.0,25959.0
2026-09-22 09:40:00+09:00,90800.0,90800.0,90500.0,90600.0,8952.0
2026-09-22 09:50:00+09:00,90700.0,90800.0,90400.0,90700.0,9761.0
2026-09-22 10:00:00+09:00,90600.0,90800.0,90500.0,90800.0,6661.0
2026-09-22 10:10:00+09:00,90800.0,91100.0,90700.0,91000.0,7236.0
2026-09-22 10:20:00+09:00,90900.0,91100.0,90700.0,90800.0,9346.0
2026-09-22 10:30:00+09:00,90800.0,90900.0,90600.0,90800.0,6094.0
2026-09-22 10:40:00+09:00,90900.0,91000.0,90600.0,90600.0,7418.0
2026-09-22 10:50:00+09:00,90600.0,91000.0,90600.0,90800.0,6742.0
2026-09-22 11:00:00+09:00,90800.0,91100.0,90800.0,91000.0,4463.0
2026-09-22 11:10:00+09:00,91100.0,91100.0,90800.0,90900.0,8881.0
2026-09-22 11:20:00+09:00,91000.0,91000.0,90800.0,90800.0,4429.0
2026-09-22 11:30:00+09:00,90800.0,91000.0,90800.0,90800.0,5698.0
2026-09-22 11:40:00+09:00,90800.0,91000.0,90700.0,90800.0,4403.0
2026-09-22 11:50:00+09:00,90800.0,91000.0,90800.0,91000.0,4910.0
2026-09-22 12:00:00+09:00,90900.0,91000.0,90700.0,90800.0,5013.0
2026-09-22 12:10:00+09:00,90800.0,91000.0,90700.0,90900.0,4062.0
2026-09-22 12:20:00+09:00,90900.0,91000.0,90800.0,91000.0,3392.0
2026-09-22 12:30:00+09:00,91000.0,91000.0,90800.0,90900.0,4532.0
2026-09-22 12:40:00+09:00,90900.0,90900.0,90600.0,90700.0,5692.0
2026-09-22 12:50:00+09:00,90700.0,90800.0,90400.0,90500.0,7212.0
2026-09-22 13:00:00+09:00,90500.0,90600.0,90300.0,90400.0,6514.0
2026-09-22 13:10:00+09:00,90400.0,90500.0,90100.0,90300.0,9854.0
2026-09-22 13:20:00+09:00,90300.0,90700.0,90300.0,90600.0,5685.0
2026-09-22 13:30:00+09:00,90600.0,90700.0,90200.0,90500.0,6594.0
2026-09-22 13:40:00+09:00,90500.0,90600.0,90100.0,90200.0,8061.0
2026-09-22 13:50:00+09:00,90200.0,90400.0,90000.0,90100.0,8892.0
2026-09-22 14:00:00+09:00,90100.0,90600.0,90100.0,90300.0,13549.0
2026-09-22 14:10:00+09:00,90300.0,90500.0,90200.0,90300.0,9594.0
2026-09-22 14:20:00+09:00,90300.0,90400.0,90100.0,90200.0,10791.0
2026-09-22 14:30:00+09:00,90200.0,90500.0,90100.0,90400.0,11301.0
2026-09-22 14:40:00+09:00,90400.0,90500.0,90200.0,90500.0,9863.0
2026-09-22 14:50:00+09:00,90400.0,90700.0,90400.0,90600.0,6973.0
