,Open,High,Low,Close,Volume
2026-06-29 09:00:00+09:00,46550.0,46750.0,45700.0,45850.0,2369.0
2026-06-29 09:10:00+09:00,45750.0,46200.0,45700.0,46000.0,2709.0
2026-06-29 09:20:00+09:00,46000.0,46300.0,45850.0,46250.0,4072.0
2026-06-29 09:30:00+09:00,46250.0,46600.0,46100.0,46350.0,2525.0
2026-06-29 09:40:00+09:00,46300.0,46600.0,46300.0,46550.0,1765.0
2026-06-29 09:50:00+09:00,46550.0,46800.0,46450.0,46650.0,1863.0
2026-06-29 10:00:00+09:00,46650.0,46700.0,46500.0,46550.0,1472.0
2026-06-29 10:10:00+09:00,46500.0,46550.0,46300.0,46350.0,1485.0
2026-06-29 10:20:00+09:00,46350.0,46600.0,46300.0,46500.0,3663.0
2026-06-29 10:30:00+09:00,46500.0,46500.0,46200.0,46300.0,2295.0
2026-06-29 10:40:00+09:00,46200.0,46250.0,46150.0,46200.0,1122.0
2026-06-29 10:50:00+09:00,46200.0,46350.0,46100.0,46200.0,1634.0
2026-06-29 11:00:00+09:00,46150.0,46250.0,46050.0,46100.0,685.0
2026-06-29 11:10:00+09:00,46050.0,46300.0,46000.0,46200.0,2141.0
2026-06-29 11:20:00+09:00,46150.0,46200.0,46050.0,46200.0,641.0
2026-06-29 11:30:00+09:00,46200.0,46200.0,46050.0,46050.0,474.0
2026-06-29 11:40:00+09:00,46100.0,46350.0,46050.0,46200.0,1930.0
2026-06-29 11:50:00+09:00,46250.0,46250.0,45900.0,46000.0,1166.0
2026-06-29 12:00:00+09:00,46000.0,46300.0,45950.0,46050.0,1494.0
2026-06-29 12:10:00+09:00,46050.0,46050.0,46000.0,46050.0,669.0
2026-06-29 12:20:00+09:00,46050.0,46300.0,46000.0,46050.0,1343.0
2026-06-29 12:30:00+09:00,46050.0,46200.0,46050.0,46150.0,1434.0
2026-06-29 12:40:00+09:00,46150.0,46300.0,46100.0,46150.0,1289.0
2026-06-29 12:50:00+09:00,46100.0,46500.0,46100.0,46400.0,2953.0
2026-06-29 13:00:00+09:00,46400.0,46550.0,46350.0,46550.0,1897.0
2026-06-29 13:10:00+09:00,46600.0,46600.0,46450.0,46500.0,782.0
2026-06-29 13:20:00+09:00,46550.0,46550.0,46450.0,46500.0,1031.0
2026-06-29 13:30:00+09:00,46550.0,46550.0,46300.0,46350.0,1193.0
2026-06-29 13:40:00+09:00,46300.0,46500.0,46200.0,46350.0,1759.0
2026-06-29 13:50:00+09:00,46350.0,46550.0,46350.0,46450.0,1065.0
2026-06-29 14:00:00+09:00,46450.0,46600.0,46400.0,46550.0,1515.0
2026-06-29 14:10:00+09:00,46600.0,46650.0,46450.0,46550.0,3164.0
2026-06-29 14:20:00+09:00,46500.0,46600.0,46500.0,46500.0,1216.0
2026-06-29 14:30:00+09:00,46550.0,46700.0,46500.0,46500.0,2566.0
2026-06-29 14:40:00+09:00,46500.0,46800.0,46500.0,46800.0,2873.0
2026-06-29 14:50:00+09:00,46800.0,47000.0,46750.0,46900.0,4467.0
2026-06-30 09:00:00+09:00,46900.0,47400.0,46700.0,47400.0,4641.0
2026-06-30 09:10:00+09:00,47250.0,47450.0,46850.0,46850.0,976.0
2026-06-30 09:20:00+09:00,46900.0,47250.0,46900.0,47100.0,1274.0
2026-06-30 09:30:00+09:00,47150.0,47300.0,47100.0,47250.0,1530.0
2026-06-30 09:40:00+09:00,47250.0,47700.0,47150.0,47550.0,2757.0
2026-06-30 09:50:00+09:00,47550.0,47800.0,47550.0,47700.0,1987.0
2026-06-30 10:00:00+09:00,47700.0,48100.0,47650.0,47950.0,2344.0
2026-06-30 10:10:00+09:00,47950.0,48150.0,47850.0,48100.0,3573.0
2026-06-30 10:20:00+09:00,48100.0,48350.0,47900.0,48200.0,3674.0
2026-06-30 10:30:00+09:00,48250.0,48700.0,48100.0,48450.0,3313.0
2026-06-30 10:40:00+09:00,48300.0,48600.0,48250.0,48450.0,2021.0
2026-06-30 10:50:00+09:00,48500.0,48500.0,48250.0,48300.0,1667.0
2026-06-30 11:00:00+09:00,48300.0,48400.0,48050.0,48150.0,3259.0
2026-06-30 11:10:00+09:00,48100.0,48200.0,48000.0,48200.0,3256.0
2026-06-30 11:20:00+09:00,48200.0,48300.0,48050.0,48250.0,1434.0
2026-06-30 11:30:00+09:00,48250.0,48450.0,48050.0,48300.0,1954.0
2026-06-30 11:40:00+09:00,48300.0,48400.0,48050.0,48400.0,1880.0
2026-06-30 11:50:00+09:00,48350.0,48450.0,48250.0,48350.0,927.0
2026-06-30 12:00:00+09:00,48350.0,48450.0,48300.0,48300.0,928.0
2026-06-30 12:10:00+09:00,48350.0,48450.0,48300.0,48400.0,1599.0
2026-06-30 12:20:00+09:00,48400.0,48400.0,48300.0,48300.0,982.0
2026-06-30 12:30:00+09:00,48350.0,48400.0,48300.0,48350.0,1290.0
2026-06-30 12:40:00+09:00,48350.0,48350.0,48050.0,48100.0,903.0
2026-06-30 12:50:00+09:00,48100.0,48100.0,48050.0,48100.0,417.0
2026-06-30 13:00:00+09:00,48050.0,48350.0,48000.0,48250.0,1516.0
2026-06-30 13:10:00+09:00,48100.0,48300.0,48050.0,48050.0,1283.0
2026-06-30 13:20:00+09:00,48100.0,48300.0,48100.0,48250.0,1199.0
2026-06-30 13:30:00+09:00,48200.0,48450.0,48200.0,48450.0,3211.0
2026-06-30 13:40:00+09:00,48450.0,48500.0,48200.0,48400.0,3309.0
2026-06-30 13:50:00+09:00,48350.0,48500.0,48350.0,48500.0,1400.0
2026-06-30 14:00:00+09:00,48450.0,48500.0,48300.0,48350.0,1283.0
2026-06-30 14:10:00+09:00,48350.0,48450.0,48200.0,48200.0,1244.0
2026-06-30 14:20:00+09:00,48250.0,48300.0,48050.0,48150.0,1802.0
2026-06-30 14:30:00+09:00,48150.0,48150.0,47800.0,48000.0,1266.0
2026-06-30 14:40:00+09:00,48000.0,48050.0,47850.0,48000.0,1346.0
2026-06-30 14:50:00+09:00,48000.0,48050.0,47800.0,48000.0,1969.0
2026-07-01 09:00:00+09:00,48900.0,49150.0,48400.0,48750.0,2799.0
2026-07-01 09:10:00+09:00,48600.0,48650.0,48250.0,48450.0,1405.0
2026-07-01 09:20:00+09:00,48450.0,48550.0,47950.0,48000.0,2974.0
2026-07-01 09:30:00+09:00,48000.0,48100.0,47900.0,48050.0,1942.0
2026-07-01 09:40:00+09:00,48100.0,48150.0,47800.0,47850.0,2197.0
2026-07-01 09:50:00+09:00,47850.0,47850.0,47700.0,47700.0,1845.0
2026-07-01 10:00:00+09:00,47750.0,47750.0,47400.0,47550.0,2996.0
2026-07-01 10:10:00+09:00,47550.0,47600.0,47350.0,47400.0,1961.0
2026-07-01 10:20:00+09:00,47600.0,47600.0,47450.0,47550.0,1551.0
2026-07-01 10:30:00+09:00,47600.0,47600.0,47300.0,47300.0,1597.0
2026-07-01 10:40:00+09:00,47250.0,47300.0,47050.0,47050.0,1708.0
2026-07-01 10:50:00+09:00,47050.0,47100.0,47000.0,47000.0,510.0
2026-07-01 11:00:00+09:00,47050.0,47050.0,46750.0,46800.0,2395.0
2026-07-01 11:10:00+09:00,46800.0,46850.0,46550.0,46600.0,1878.0
2026-07-01 11:20:00+09:00,46600.0,46750.0,46550.0,46650.0,1939.0
2026-07-01 11:30:00+09:00,46650.0,46800.0,46400.0,46700.0,2473.0
2026-07-01 11:40:00+09:00,46800.0,47300.0,46700.0,47200.0,1813.0
2026-07-01 11:50:00+09:00,47250.0,47300.0,47100.0,47150.0,1174.0
2026-07-01 12:00:00+09:00,47100.0,47150.0,47000.0,47000.0,804.0
2026-07-01 12:10:00+09:00,47000.0,47200.0,46900.0,47050.0,1770.0
2026-07-01 12:20:00+09:00,47050.0,47150.0,47050.0,47150.0,546.0
2026-07-01 12:30:00+09:00,47150.0,47500.0,46950.0,47500.0,1947.0
2026-07-01 12:40:00+09:00,47500.0,47500.0,47100.0,47400.0,1362.0
2026-07-01 12:50:00+09:00,47400.0,47400.0,47200.0,47350.0,1034.0
2026-07-01 13:00:00+09:00,47400.0,47400.0,47050.0,47050.0,1316.0
2026-07-01 13:10:00+09:00,47050.0,47150.0,46750.0,46850.0,948.0
2026-07-01 13:20:00+09:00,46850.0,47200.0,46850.0,46900.0,1006.0
2026-07-01 13:30:00+09:00,46900.0,47100.0,46850.0,47050.0,982.0
2026-07-01 13:40:00+09:00,47000.0,47200.0,46800.0,47000.0,1325.0
2026-07-01 13:50:00+09:00,47000.0,47150.0,46850.0,47000.0,1529.0
2026-07-01 14:00:00+09:00,47000.0,47000.0,46800.0,47000.0,1212.0
2026-07-01 14:10:00+09:00,47050.0,47050.0,46950.0,46950.0,343.0
2026-07-01 14:20:00+09:00,46950.0,47000.0,46700.0,46950.0,3208.0
2026-07-01 14:30:00+09:00,46950.0,47000.0,46900.0,46900.0,838.0
2026-07-01 14:40:00+09:00,46900.0,47000.0,46700.0,46800.0,2523.0
2026-07-01 14:50:00+09:00,46800.0,47000.0,46800.0,46950.0,961.0
2026-07-02 09:00:00+09:00,47450.0,47450.0,46400.0,46750.0,3582.0
2026-07-02 09:10:00+09:00,46700.0,46900.0,46500.0,46800.0,1660.0
2026-07-02 09:20:00+09:00,46850.0,47300.0,46550.0,47250.0,5698.0
2026-07-02 09:30:00+09:00,47200.0,47650.0,47200.0,47650.0,1592.0
2026-07-02 09:40:00+09:00,47650.0,47800.0,47450.0,47800.0,2696.0
2026-07-02 09:50:00+09:00,47750.0,48200.0,47750.0,47850.0,2485.0
2026-07-02 10:00:00+09:00,47850.0,48200.0,47750.0,48050.0,3318.0
2026-07-02 10:10:00+09:00,48100.0,48600.0,48100.0,48400.0,5917.0
2026-07-02 10:20:00+09:00,48450.0,48500.0,48250.0,48450.0,2688.0
2026-07-02 10:30:00+09:00,48450.0,49000.0,48450.0,48750.0,5748.0
2026-07-02 10:40:00+09:00,48800.0,49000.0,48750.0,49000.0,1877.0
2026-07-02 10:50:00+09:00,49000.0,49000.0,48550.0,48650.0,1949.0
2026-07-02 11:00:00+09:00,48700.0,48800.0,48600.0,48600.0,1099.0
2026-07-02 11:10:00+09:00,48650.0,48800.0,48600.0,48750.0,2147.0
2026-07-02 11:20:00+09:00,48750.0,48750.0,48600.0,48700.0,1940.0
2026-07-02 11:30:00+09:00,48750.0,48850.0,48600.0,48700.0,1670.0
2026-07-02 11:40:00+09:00,48750.0,48750.0,48450.0,48450.0,1837.0
2026-07-02 11:50:00+09:00,48450.0,48900.0,48450.0,48700.0,1987.0
2026-07-02 12:00:00+09:00,48800.0,48950.0,48650.0,48900.0,3451.0
2026-07-02 12:10:00+09:00,48900.0,49000.0,48750.0,48950.0,3030.0
2026-07-02 12:20:00+09:00,48900.0,48950.0,48550.0,48750.0,1543.0
2026-07-02 12:30:00+09:00,48700.0,48900.0,48650.0,48900.0,1303.0
2026-07-02 12:40:00+09:00,48900.0,48900.0,48750.0,48850.0,1132.0
2026-07-02 12:50:00+09:00,48850.0,48950.0,48750.0,48750.0,2190.0
2026-07-02 13:00:00+09:00,48700.0,48850.0,48700.0,48750.0,1041.0
2026-07-02 13:10:00+09:00,48800.0,48800.0,48500.0,48500.0,2188.0
2026-07-02 13:20:00+09:00,48500.0,48700.0,48400.0,48650.0,1645.0
2026-07-02 13:30:00+09:00,48650.0,48800.0,48400.0,48600.0,3156.0
2026-07-02 13:40:00+09:00,48600.0,48650.0,48450.0,48550.0,2279.0
2026-07-02 13:50:00+09:00,48550.0,48800.0,48550.0,48800.0,3266.0
2026-07-02 14:00:00+09:00,48750.0,48800.0,48450.0,48650.0,2120.0
2026-07-02 14:10:00+09:00,48700.0,48700.0,48600.0,48650.0,1305.0
2026-07-02 14:20:00+09:00,48650.0,48650.0,48400.0,48500.0,2131.0
2026-07-02 14:30:00+09:00,48500.0,48500.0,48050.0,48050.0,3217.0
2026-07-02 14:40:00+09:00,48100.0,48550.0,48000.0,48050.0,1717.0
2026-07-02 14:50:00+09:00,48050.0,48150.0,48000.0,48100.0,1918.0
2026-07-03 09:00:00+09:00,48700.0,49100.0,48200.0,48800.0,9851.0
2026-07-03 09:10:00+09:00,48450.0,49000.0,48400.0,48800.0,2652.0
2026-07-03 09:20:00+09:00,48650.0,49000.0,48600.0,48800.0,3114.0
2026-07-03 09:30:00+09:00,48800.0,49300.0,48700.0,49050.0,6628.0
2026-07-03 09:40:00+09:00,49050.0,49350.0,48850.0,49050.0,2455.0
2026-07-03 09:50:00+09:00,49100.0,49450.0,48950.0,49200.0,4114.0
2026-07-03 10:00:00+09:00,49200.0,49600.0,49100.0,49600.0,4874.0
2026-07-03 10:10:00+09:00,49600.0,50000.0,49450.0,49750.0,5252.0
2026-07-03 10:20:00+09:00,49850.0,49950.0,49350.0,49600.0,2767.0
2026-07-03 10:30:00+09:00,49450.0,49700.0,49400.0,49500.0,2658.0
2026-07-03 10:40:00+09:00,49550.0,49800.0,49450.0,49450.0,2166.0
2026-07-03 10:50:00+09:00,49400.0,49750.0,49300.0,49550.0,2700.0
2026-07-03 11:00:00+09:00,49600.0,50200.0,49400.0,50000.0,10084.0
2026-07-03 11:10:00+09:00,50100.0,50300.0,49800.0,50100.0,3541.0
2026-07-03 11:20:00+09:00,50200.0,50400.0,50000.0,50200.0,4933.0
2026-07-03 11:30:00+09:00,50200.0,50400.0,49800.0,49800.0,2380.0
2026-07-03 11:40:00+09:00,49750.0,50200.0,49700.0,50100.0,1501.0
2026-07-03 11:50:00+09:00,49900.0,50200.0,49750.0,50000.0,1744.0
2026-07-03 12:00:00+09:00,49900.0,50000.0,49700.0,49850.0,1896.0
2026-07-03 12:10:00+09:00,49900.0,50300.0,49850.0,50200.0,3394.0
2026-07-03 12:20:00+09:00,50200.0,50300.0,50100.0,50200.0,1603.0
2026-07-03 12:30:00+09:00,50100.0,50400.0,49900.0,50000.0,2455.0
2026-07-03 12:40:00+09:00,50100.0,50200.0,49850.0,50000.0,1788.0
2026-07-03 12:50:00+09:00,50100.0,50300.0,49950.0,50200.0,3069.0
2026-07-03 13:00:00+09:00,50300.0,50300.0,50000.0,50100.0,2482.0
2026-07-03 13:10:00+09:00,50100.0,50300.0,49850.0,50000.0,2185.0
2026-07-03 13:20:00+09:00,50100.0,50200.0,49900.0,49900.0,2413.0
2026-07-03 13:30:00+09:00,49900.0,50000.0,49600.0,49750.0,2209.0
2026-07-03 13:40:00+09:00,49750.0,49850.0,49500.0,49500.0,1890.0
2026-07-03 13:50:00+09:00,49550.0,49850.0,49400.0,49700.0,2108.0
2026-07-03 14:00:00+09:00,49750.0,50000.0,49700.0,50000.0,2221.0
2026-07-03 14:10:00+09:00,50000.0,50100.0,49750.0,49850.0,2095.0
2026-07-03 14:20:00+09:00,49850.0,50100.0,49750.0,49950.0,2624.0
2026-07-03 14:30:00+09:00,49900.0,50100.0,49900.0,50100.0,1756.0
2026-07-03 14:40:00+09:00,50100.0,50200.0,49900.0,49950.0,3933.0
2026-07-03 14:50:00+09:00,49900.0,50000.0,49850.0,49900.0,3083.0
2026-07-06 09:00:00+09:00,50100.0,50300.0,49550.0,49600.0,1407.0
2026-07-06 09:10:00+09:00,49600.0,50300.0,49550.0,50100.0,3774.0
2026-07-06 09:20:00+09:00,50100.0,50100.0,49500.0,49600.0,4611.0
2026-07-06 09:30:00+09:00,49650.0,49800.0,49500.0,49500.0,4902.0
2026-07-06 09:40:00+09:00,49650.0,49650.0,49400.0,49550.0,2354.0
2026-07-06 09:50:00+09:00,49550.0,49600.0,49200.0,49300.0,2331.0
2026-07-06 10:00:00+09:00,49300.0,49400.0,49000.0,49000.0,4672.0
2026-07-06 10:10:00+09:00,49050.0,49250.0,48900.0,49200.0,3375.0
2026-07-06 10:20:00+09:00,49250.0,49250.0,48850.0,48950.0,1915.0
2026-07-06 10:30:00+09:00,48900.0,49300.0,48900.0,49050.0,1495.0
2026-07-06 10:40:00+09:00,49100.0,49200.0,49050.0,49150.0,1099.0
2026-07-06 10:50:00+09:00,49100.0,49150.0,48650.0,48950.0,3096.0
2026-07-06 11:00:00+09:00,49000.0,49250.0,48850.0,49100.0,1122.0
2026-07-06 11:10:00+09:00,49000.0,49100.0,48800.0,48800.0,1211.0
2026-07-06 11:20:00+09:00,48800.0,48900.0,48750.0,48750.0,1529.0
2026-07-06 11:30:00+09:00,48750.0,48750.0,48300.0,48500.0,2592.0
2026-07-06 11:40:00+09:00,48500.0,49200.0,48350.0,48400.0,1607.0
2026-07-06 11:50:00+09:00,48400.0,48600.0,48350.0,48500.0,1194.0
2026-07-06 12:00:00+09:00,48550.0,49100.0,48550.0,49050.0,2113.0
2026-07-06 12:10:00+09:00,49050.0,49200.0,48850.0,48850.0,1139.0
2026-07-06 12:20:00+09:00,48850.0,49050.0,48800.0,48900.0,1026.0
2026-07-06 12:30:00+09:00,48900.0,48900.0,48700.0,48800.0,1009.0
2026-07-06 12:40:00+09:00,48800.0,48850.0,48650.0,48700.0,2452.0
2026-07-06 12:50:00+09:00,48700.0,48800.0,48550.0,48650.0,1361.0
2026-07-06 13:00:00+09:00,48675.0,48675.0,48400.0,48400.0,1255.0
2026-07-06 13:10:00+09:00,48450.0,48450.0,48350.0,48400.0,1558.0
2026-07-06 13:20:00+09:00,48400.0,48600.0,48400.0,48450.0,1102.0
2026-07-06 13:30:00+09:00,48450.0,48700.0,48450.0,48500.0,1285.0
2026-07-06 13:40:00+09:00,48450.0,48550.0,48450.0,48500.0,2027.0
2026-07-06 13:50:00+09:00,48500.0,48600.0,48300.0,48450.0,5110.0
2026-07-06 14:00:00+09:00,48500.0,48550.0,48300.0,48400.0,3234.0
2026-07-06 14:10:00+09:00,48450.0,48500.0,48400.0,48450.0,912.0
2026-07-06 14:20:00+09:00,48450.0,48450.0,48250.0,48300.0,1584.0
2026-07-06 14:30:00+09:00,48250.0,48600.0,48200.0,48350.0,4848.0
2026-07-06 14:40:00+09:00,48400.0,48500.0,48300.0,48450.0,2852.0
2026-07-06 14:50:00+09:00,48450.0,48650.0,48350.0,48500.0,2039.0
2026-07-07 09:00:00+09:00,48300.0,49150.0,48000.0,48900.0,3204.0
2026-07-07 09:10:00+09:00,48950.0,49100.0,48500.0,48550.0,1703.0
2026-07-07 09:20:00+09:00,48650.0,48750.0,48275.0,48700.0,1799.0
2026-07-07 09:30:00+09:00,48650.0,48750.0,48250.0,48400.0,1248.0
2026-07-07 09:40:00+09:00,48350.0,48550.0,48250.0,48300.0,1574.0
2026-07-07 09:50:00+09:00,48275.0,48800.0,48200.0,48600.0,2613.0
2026-07-07 10:00:00+09:00,48600.0,48850.0,48500.0,48800.0,1082.0
2026-07-07 10:10:00+09:00,48750.0,48800.0,48450.0,48500.0,1232.0
2026-07-07 10:20:00+09:00,48600.0,48800.0,48500.0,48650.0,1766.0
2026-07-07 10:30:00+09:00,48550.0,48825.0,48350.0,48750.0,1434.0
2026-07-07 10:40:00+09:00,48750.0,49250.0,48750.0,49150.0,3725.0
2026-07-07 10:50:00+09:00,49100.0,49200.0,48700.0,48750.0,1461.0
2026-07-07 11:00:00+09:00,48950.0,49150.0,48750.0,48900.0,1211.0
2026-07-07 11:10:00+09:00,49100.0,49100.0,48650.0,48750.0,1399.0
2026-07-07 11:20:00+09:00,48900.0,48950.0,48650.0,48700.0,1011.0
2026-07-07 11:30:00+09:00,48750.0,48850.0,48550.0,48700.0,784.0
2026-07-07 11:40:00+09:00,48800.0,48800.0,48550.0,48700.0,752.0
2026-07-07 11:50:00+09:00,48700.0,48800.0,48500.0,48550.0,969.0
2026-07-07 12:00:00+09:00,48550.0,48900.0,48450.0,48850.0,977.0
2026-07-07 12:10:00+09:00,48850.0,48850.0,48450.0,48600.0,982.0
2026-07-07 12:20:00+09:00,48600.0,48600.0,48400.0,48400.0,1003.0
2026-07-07 12:30:00+09:00,48600.0,48800.0,48300.0,48750.0,825.0
2026-07-07 12:40:00+09:00,48700.0,48750.0,48450.0,48450.0,819.0
2026-07-07 12:50:00+09:00,48500.0,48700.0,48450.0,48600.0,1245.0
2026-07-07 13:00:00+09:00,48600.0,48700.0,48250.0,48700.0,4484.0
2026-07-07 13:10:00+09:00,48550.0,48650.0,48300.0,48400.0,2182.0
2026-07-07 13:20:00+09:00,48400.0,48650.0,48300.0,48650.0,3244.0
2026-07-07 13:30:00+09:00,48650.0,48650.0,48350.0,48450.0,865.0
2026-07-07 13:40:00+09:00,48450.0,48600.0,48150.0,48400.0,3593.0
2026-07-07 13:50:00+09:00,48350.0,48400.0,48200.0,48200.0,854.0
2026-07-07 14:20:00+09:00,48500.0,48800.0,48300.0,48700.0,3973.0
2026-07-07 14:30:00+09:00,48800.0,49250.0,48550.0,49100.0,4046.0
2026-07-07 14:40:00+09:00,48850.0,49100.0,48600.0,48750.0,1678.0
2026-07-07 14:50:00+09:00,48750.0,48850.0,48550.0,48750.0,1277.0
2026-07-08 09:00:00+09:00,49350.0,49500.0,48800.0,49100.0,2733.0
2026-07-08 09:10:00+09:00,49050.0,49100.0,48750.0,48750.0,1758.0
2026-07-08 09:20:00+09:00,48750.0,49150.0,48700.0,49150.0,1244.0
2026-07-08 09:30:00+09:00,49150.0,49800.0,48900.0,49800.0,2579.0
2026-07-08 09:40:00+09:00,49600.0,50200.0,49300.0,49900.0,3903.0
2026-07-08 09:50:00+09:00,49900.0,50000.0,49500.0,49675.0,2146.0
2026-07-08 10:00:00+09:00,49700.0,49900.0,49500.0,49750.0,2668.0
2026-07-08 10:10:00+09:00,49750.0,49800.0,49100.0,49350.0,2562.0
2026-07-08 10:20:00+09:00,49350.0,49650.0,49100.0,49350.0,1809.0
2026-07-08 10:30:00+09:00,49400.0,49700.0,49300.0,49450.0,2399.0
2026-07-08 10:40:00+09:00,49450.0,49750.0,49200.0,49450.0,1428.0
2026-07-08 10:50:00+09:00,49250.0,49450.0,49150.0,49400.0,848.0
2026-07-08 11:00:00+09:00,49300.0,49400.0,48950.0,49150.0,1129.0
2026-07-08 11:10:00+09:00,49150.0,49250.0,48800.0,49100.0,1087.0
2026-07-08 11:20:00+09:00,49000.0,49150.0,48850.0,48950.0,629.0
2026-07-08 11:30:00+09:00,49000.0,49100.0,48800.0,48850.0,531.0
2026-07-08 11:40:00+09:00,48825.0,49150.0,48800.0,49150.0,843.0
2026-07-08 11:50:00+09:00,49150.0,49150.0,48750.0,49100.0,818.0
2026-07-08 12:00:00+09:00,49100.0,49100.0,48900.0,49050.0,582.0
2026-07-08 12:10:00+09:00,49000.0,49200.0,49000.0,49100.0,539.0
2026-07-08 12:20:00+09:00,49000.0,49150.0,48900.0,49000.0,371.0
2026-07-08 12:30:00+09:00,49000.0,49100.0,48800.0,48800.0,468.0
2026-07-08 12:40:00+09:00,48850.0,48925.0,48750.0,48800.0,489.0
2026-07-08 12:50:00+09:00,48750.0,48800.0,48600.0,48650.0,1323.0
2026-07-08 13:00:00+09:00,48650.0,48750.0,48500.0,48550.0,2025.0
2026-07-08 13:10:00+09:00,48550.0,48600.0,48400.0,48550.0,3240.0
2026-07-08 13:20:00+09:00,48500.0,48700.0,48300.0,48400.0,1903.0
2026-07-08 13:30:00+09:00,48400.0,48850.0,48200.0,48200.0,1369.0
2026-07-08 13:40:00+09:00,48200.0,48500.0,47950.0,48000.0,1736.0
2026-07-08 13:50:00+09:00,48000.0,48450.0,47950.0,48200.0,2736.0
2026-07-08 14:00:00+09:00,48150.0,48750.0,48050.0,48650.0,1567.0
2026-07-08 14:10:00+09:00,48500.0,48700.0,47950.0,48450.0,2427.0
2026-07-08 14:20:00+09:00,48350.0,48550.0,48300.0,48400.0,1785.0
2026-07-08 14:30:00+09:00,48350.0,48550.0,48250.0,48550.0,2774.0
2026-07-08 14:40:00+09:00,48550.0,48700.0,48350.0,48450.0,2976.0
2026-07-08 14:50:00+09:00,48500.0,48700.0,48350.0,48700.0,1067.0
2026-07-09 09:00:00+09:00,48000.0,49350.0,48000.0,48650.0,15568.0
2026-07-09 09:10:00+09:00,48700.0,49050.0,48600.0,48700.0,4294.0
2026-07-09 09:20:00+09:00,48700.0,48700.0,48200.0,48650.0,1958.0
2026-07-09 09:30:00+09:00,48650.0,48700.0,48250.0,48600.0,2650.0
2026-07-09 09:40:00+09:00,48600.0,48750.0,48450.0,48600.0,1734.0
2026-07-09 09:50:00+09:00,48600.0,48750.0,48550.0,48650.0,2477.0
2026-07-09 10:00:00+09:00,48650.0,48900.0,48500.0,48900.0,1218.0
2026-07-09 10:10:00+09:00,48900.0,48900.0,48500.0,48800.0,1787.0
2026-07-09 10:20:00+09:00,48850.0,48850.0,48450.0,48500.0,885.0
2026-07-09 10:30:00+09:00,48500.0,48750.0,48350.0,48400.0,784.0
2026-07-09 10:40:00+09:00,48400.0,48650.0,48350.0,48400.0,1314.0
2026-07-09 10:50:00+09:00,48425.0,48600.0,48350.0,48350.0,1871.0
2026-07-09 11:00:00+09:00,48400.0,48400.0,48150.0,48350.0,2062.0
2026-07-09 11:10:00+09:00,48350.0,48350.0,48200.0,48300.0,731.0
2026-07-09 11:20:00+09:00,48300.0,48600.0,48200.0,48350.0,1772.0
2026-07-09 11:30:00+09:00,48350.0,48550.0,48000.0,48050.0,1713.0
2026-07-09 11:40:00+09:00,48100.0,48100.0,47900.0,47950.0,1775.0
2026-07-09 11:50:00+09:00,47900.0,47900.0,47650.0,47650.0,2005.0
2026-07-09 12:00:00+09:00,47625.0,47750.0,47600.0,47600.0,1045.0
2026-07-09 12:10:00+09:00,47600.0,47650.0,47350.0,47450.0,1660.0
2026-07-09 12:20:00+09:00,47450.0,48050.0,47450.0,48050.0,1870.0
2026-07-09 12:30:00+09:00,48100.0,48550.0,48100.0,48350.0,1646.0
2026-07-09 12:40:00+09:00,48350.0,48550.0,48100.0,48250.0,1182.0
2026-07-09 12:50:00+09:00,48200.0,48250.0,48100.0,48100.0,732.0
2026-07-09 13:00:00+09:00,48100.0,48150.0,48050.0,48100.0,864.0
2026-07-09 13:10:00+09:00,48100.0,48150.0,47850.0,48150.0,1695.0
2026-07-09 13:20:00+09:00,47950.0,48050.0,47850.0,48000.0,775.0
2026-07-09 13:30:00+09:00,48000.0,48150.0,48000.0,48050.0,544.0
2026-07-09 13:40:00+09:00,48050.0,48300.0,47950.0,48050.0,2576.0
2026-07-09 13:50:00+09:00,48050.0,48450.0,48050.0,48350.0,1673.0
2026-07-09 14:00:00+09:00,48350.0,48350.0,48100.0,48200.0,924.0
2026-07-09 14:10:00+09:00,48100.0,48350.0,48100.0,48150.0,1028.0
2026-07-09 14:20:00+09:00,48100.0,48300.0,48050.0,48100.0,1381.0
2026-07-09 14:30:00+09:00,48150.0,48400.0,48050.0,48350.0,1317.0
2026-07-09 14:40:00+09:00,48300.0,48450.0,48200.0,48300.0,3339.0
2026-07-09 14:50:00+09:00,48350.0,48800.0,48300.0,48650.0,2618.0
2026-07-10 09:00:00+09:00,51000.0,51000.0,48500.0,48900.0,13526.0
2026-07-10 09:10:00+09:00,48900.0,49500.0,48900.0,49300.0,3870.0
2026-07-10 09:20:00+09:00,49250.0,49450.0,48850.0,48950.0,6075.0
2026-07-10 09:30:00+09:00,48950.0,49250.0,48700.0,48750.0,5758.0
2026-07-10 09:40:00+09:00,48700.0,48750.0,48600.0,48700.0,5151.0
2026-07-10 09:50:00+09:00,48700.0,48900.0,48550.0,48850.0,6023.0
2026-07-10 10:00:00+09:00,48800.0,48850.0,48600.0,48700.0,4469.0
2026-07-10 10:10:00+09:00,48750.0,49100.0,48550.0,49050.0,6438.0
2026-07-10 10:20:00+09:00,49000.0,49050.0,48900.0,48950.0,1681.0
2026-07-10 10:30:00+09:00,48900.0,49100.0,48800.0,49100.0,2135.0
2026-07-10 10:40:00+09:00,49100.0,49350.0,49100.0,49350.0,2574.0
2026-07-10 10:50:00+09:00,49350.0,49350.0,49050.0,49250.0,2537.0
2026-07-10 11:00:00+09:00,49150.0,49200.0,48900.0,49000.0,2203.0
2026-07-10 11:10:00+09:00,49000.0,49050.0,48950.0,49000.0,1145.0
2026-07-10 11:20:00+09:00,48950.0,49150.0,48850.0,49150.0,1947.0
2026-07-10 11:30:00+09:00,49100.0,49300.0,49100.0,49150.0,1069.0
2026-07-10 11:40:00+09:00,49200.0,49250.0,49150.0,49250.0,1736.0
2026-07-10 11:50:00+09:00,49250.0,49400.0,49200.0,49250.0,1993.0
2026-07-10 12:00:00+09:00,49250.0,49350.0,49250.0,49350.0,1564.0
2026-07-10 12:10:00+09:00,49350.0,49400.0,49200.0,49300.0,2412.0
2026-07-10 12:20:00+09:00,49300.0,49400.0,49250.0,49350.0,860.0
2026-07-10 12:30:00+09:00,49350.0,49350.0,49150.0,49200.0,2591.0
2026-07-10 12:40:00+09:00,49200.0,49200.0,48850.0,48900.0,4058.0
2026-07-10 12:50:00+09:00,48900.0,48950.0,48800.0,48900.0,2841.0
2026-07-10 13:00:00+09:00,48900.0,49100.0,48850.0,48950.0,2482.0
2026-07-10 13:10:00+09:00,48950.0,48950.0,48850.0,48850.0,1410.0
2026-07-10 13:20:00+09:00,48850.0,48950.0,48850.0,48900.0,2404.0
2026-07-10 13:30:00+09:00,48850.0,48950.0,48750.0,48800.0,2410.0
2026-07-10 13:40:00+09:00,48800.0,48900.0,48750.0,48850.0,3358.0
2026-07-10 13:50:00+09:00,48900.0,49000.0,48800.0,48800.0,4761.0
2026-07-10 14:00:00+09:00,48850.0,48900.0,48750.0,48850.0,3142.0
2026-07-10 14:10:00+09:00,48850.0,48900.0,48700.0,48700.0,3710.0
2026-07-10 14:20:00+09:00,48700.0,48800.0,48700.0,48750.0,3995.0
2026-07-10 14:30:00+09:00,48750.0,48800.0,48550.0,48550.0,9125.0
2026-07-10 14:40:00+09:00,48600.0,48600.0,48550.0,48600.0,4411.0
2026-07-10 14:50:00+09:00,48550.0,48600.0,48550.0,48550.0,3618.0
2026-07-13 09:00:00+09:00,48700.0,49200.0,48350.0,49150.0,3799.0
2026-07-13 09:10:00+09:00,49150.0,49150.0,48900.0,48900.0,2845.0
2026-07-13 09:20:00+09:00,48900.0,49050.0,48750.0,48950.0,1751.0
2026-07-13 09:30:00+09:00,49000.0,49050.0,48800.0,49000.0,1069.0
2026-07-13 09:40:00+09:00,48850.0,48950.0,48750.0,48900.0,1933.0
2026-07-13 09:50:00+09:00,48900.0,48950.0,48700.0,48900.0,1634.0
2026-07-13 10:00:00+09:00,48700.0,49050.0,48700.0,48950.0,2127.0
2026-07-13 10:10:00+09:00,48900.0,49150.0,48900.0,48950.0,5685.0
2026-07-13 10:20:00+09:00,48950.0,48950.0,48600.0,48600.0,1027.0
2026-07-13 10:30:00+09:00,48600.0,48850.0,48500.0,48750.0,3914.0
2026-07-13 10:40:00+09:00,48700.0,48750.0,48300.0,48350.0,2003.0
2026-07-13 10:50:00+09:00,48250.0,48300.0,48200.0,48200.0,885.0
2026-07-13 11:00:00+09:00,48150.0,48200.0,48000.0,48100.0,1476.0
2026-07-13 11:10:00+09:00,48100.0,48200.0,47950.0,48200.0,2521.0
2026-07-13 11:20:00+09:00,48150.0,48550.0,48050.0,48450.0,1545.0
2026-07-13 11:30:00+09:00,48450.0,48500.0,48350.0,48400.0,1035.0
2026-07-13 11:40:00+09:00,48400.0,48400.0,48150.0,48200.0,804.0
2026-07-13 11:50:00+09:00,48200.0,48200.0,48050.0,48100.0,622.0
2026-07-13 12:00:00+09:00,48100.0,48150.0,47950.0,48050.0,1033.0
2026-07-13 12:10:00+09:00,48050.0,48050.0,47650.0,47650.0,1229.0
2026-07-13 12:20:00+09:00,47700.0,48000.0,47700.0,48000.0,890.0
2026-07-13 12:30:00+09:00,48000.0,48000.0,47700.0,47725.0,960.0
2026-07-13 12:40:00+09:00,47700.0,47950.0,47600.0,47650.0,2965.0
2026-07-13 12:50:00+09:00,47650.0,47800.0,47600.0,47800.0,512.0
2026-07-13 13:00:00+09:00,47800.0,47800.0,47500.0,47500.0,1125.0
2026-07-13 13:10:00+09:00,47500.0,47550.0,47450.0,47450.0,366.0
2026-07-13 13:20:00+09:00,47500.0,47700.0,47450.0,47700.0,2449.0
2026-07-13 13:50:00+09:00,47700.0,47700.0,47550.0,47550.0,637.0
2026-07-13 14:00:00+09:00,47600.0,48200.0,47550.0,48100.0,3106.0
2026-07-13 14:10:00+09:00,48150.0,48450.0,48050.0,48400.0,3492.0
2026-07-13 14:20:00+09:00,48400.0,48400.0,47950.0,47950.0,2155.0
2026-07-13 14:30:00+09:00,47950.0,48400.0,47900.0,48300.0,3561.0
2026-07-13 14:40:00+09:00,48400.0,48450.0,48100.0,48200.0,2858.0
2026-07-13 14:50:00+09:00,48200.0,48300.0,47950.0,48050.0,2198.0
2026-07-14 09:00:00+09:00,48300.0,48650.0,47900.0,48200.0,9622.0
2026-07-14 09:10:00+09:00,48250.0,48750.0,48100.0,48100.0,6297.0
2026-07-14 09:20:00+09:00,48350.0,48900.0,48100.0,48850.0,4831.0
2026-07-14 09:30:00+09:00,48900.0,48950.0,48450.0,48450.0,3343.0
2026-07-14 09:40:00+09:00,48550.0,48850.0,48500.0,48750.0,1527.0
2026-07-14 09:50:00+09:00,48750.0,48950.0,48700.0,48800.0,1386.0
2026-07-14 10:00:00+09:00,48850.0,48850.0,48550.0,48600.0,1761.0
2026-07-14 10:10:00+09:00,48600.0,48650.0,48500.0,48550.0,1088.0
2026-07-14 10:20:00+09:00,48600.0,48600.0,48450.0,48550.0,1456.0
2026-07-14 10:30:00+09:00,48550.0,48550.0,48250.0,48300.0,1075.0
2026-07-14 10:40:00+09:00,48300.0,48350.0,48250.0,48250.0,1179.0
2026-07-14 10:50:00+09:00,48250.0,48250.0,48050.0,48050.0,1703.0
2026-07-14 11:00:00+09:00,48100.0,48300.0,47950.0,48300.0,3248.0
2026-07-14 11:10:00+09:00,48300.0,48300.0,48150.0,48150.0,3201.0
2026-07-14 11:20:00+09:00,48150.0,48250.0,47950.0,48100.0,3510.0
2026-07-14 11:30:00+09:00,48100.0,48700.0,47800.0,48450.0,6114.0
2026-07-14 11:40:00+09:00,48650.0,48650.0,48200.0,48400.0,3866.0
2026-07-14 11:50:00+09:00,48400.0,48400.0,48200.0,48300.0,2320.0
2026-07-14 12:00:00+09:00,48250.0,48300.0,48050.0,48100.0,1160.0
2026-07-14 12:10:00+09:00,48150.0,48200.0,47950.0,48100.0,1473.0
2026-07-14 12:20:00+09:00,48100.0,48100.0,47850.0,48100.0,2571.0
2026-07-14 12:30:00+09:00,48100.0,48500.0,48050.0,48350.0,3038.0
2026-07-14 12:40:00+09:00,48350.0,48450.0,48300.0,48350.0,2698.0
2026-07-14 12:50:00+09:00,48400.0,48500.0,48350.0,48500.0,1189.0
2026-07-14 13:00:00+09:00,48450.0,48800.0,48400.0,48750.0,4774.0
2026-07-14 13:10:00+09:00,48750.0,48850.0,48600.0,48800.0,2078.0
2026-07-14 13:20:00+09:00,48850.0,49000.0,48700.0,48950.0,5128.0
2026-07-14 13:30:00+09:00,48950.0,49200.0,48900.0,49100.0,2822.0
2026-07-14 13:40:00+09:00,49100.0,49200.0,48900.0,49000.0,2844.0
2026-07-14 13:50:00+09:00,48950.0,49100.0,48250.0,48650.0,4405.0
2026-07-14 14:00:00+09:00,48650.0,48950.0,48550.0,48650.0,2819.0
2026-07-14 14:10:00+09:00,48700.0,48850.0,48650.0,48800.0,1887.0
2026-07-14 14:20:00+09:00,48800.0,48900.0,48700.0,48850.0,2833.0
2026-07-14 14:30:00+09:00,48850.0,48850.0,48650.0,48650.0,2978.0
2026-07-14 14:40:00+09:00,48800.0,48900.0,48700.0,48850.0,2570.0
2026-07-14 14:50:00+09:00,48850.0,48900.0,48450.0,48500.0,3295.0
2026-07-15 09:00:00+09:00,48600.0,48650.0,47900.0,47900.0,3866.0
2026-07-15 09:10:00+09:00,47950.0,48450.0,47950.0,48250.0,4202.0
2026-07-15 09:20:00+09:00,48200.0,48300.0,47900.0,48000.0,4773.0
2026-07-15 09:30:00+09:00,47975.0,48100.0,47800.0,47900.0,2964.0
2026-07-15 09:40:00+09:00,47900.0,48050.0,47850.0,47900.0,1417.0
2026-07-15 09:50:00+09:00,47950.0,47950.0,47800.0,47850.0,7445.0
2026-07-15 10:00:00+09:00,47850.0,47850.0,47650.0,47700.0,4151.0
2026-07-15 10:10:00+09:00,47700.0,47900.0,47650.0,47900.0,1269.0
2026-07-15 10:20:00+09:00,47850.0,47900.0,47700.0,47700.0,634.0
2026-07-15 10:30:00+09:00,47750.0,47800.0,47700.0,47800.0,1002.0
2026-07-15 10:40:00+09:00,47800.0,48000.0,47700.0,47900.0,1881.0
2026-07-15 10:50:00+09:00,47900.0,48150.0,47850.0,48050.0,1455.0
2026-07-15 11:00:00+09:00,48050.0,48200.0,48000.0,48150.0,1730.0
2026-07-15 11:10:00+09:00,48200.0,48250.0,48050.0,48150.0,2308.0
2026-07-15 11:20:00+09:00,48200.0,48250.0,48100.0,48150.0,2250.0
2026-07-15 11:30:00+09:00,48150.0,48350.0,48150.0,48350.0,1450.0
2026-07-15 11:40:00+09:00,48300.0,48350.0,48300.0,48350.0,840.0
2026-07-15 11:50:00+09:00,48350.0,48500.0,48300.0,48400.0,1721.0
2026-07-15 12:00:00+09:00,48350.0,48450.0,48350.0,48450.0,1717.0
2026-07-15 12:10:00+09:00,48450.0,48450.0,48400.0,48450.0,875.0
2026-07-15 12:20:00+09:00,48500.0,48550.0,48250.0,48250.0,1427.0
2026-07-15 12:30:00+09:00,48150.0,48400.0,48150.0,48350.0,671.0
2026-07-15 12:40:00+09:00,48400.0,48450.0,48050.0,48200.0,2058.0
2026-07-15 12:50:00+09:00,48150.0,48350.0,48050.0,48125.0,1058.0
2026-07-15 13:00:00+09:00,48100.0,48200.0,48100.0,48100.0,1210.0
2026-07-15 13:10:00+09:00,48150.0,48150.0,47950.0,48000.0,1515.0
2026-07-15 13:20:00+09:00,47950.0,48000.0,47850.0,47900.0,1577.0
2026-07-15 13:30:00+09:00,47950.0,47950.0,47850.0,47900.0,1884.0
2026-07-15 13:40:00+09:00,47850.0,47900.0,47750.0,47800.0,3078.0
2026-07-15 13:50:00+09:00,47800.0,47850.0,47750.0,47850.0,1361.0
2026-07-15 14:00:00+09:00,47850.0,47850.0,47750.0,47800.0,2218.0
2026-07-15 14:10:00+09:00,47800.0,47850.0,47750.0,47800.0,2750.0
2026-07-15 14:20:00+09:00,47800.0,47850.0,47700.0,47700.0,3152.0
2026-07-15 14:30:00+09:00,47700.0,47750.0,47400.0,47450.0,7596.0
2026-07-15 14:40:00+09:00,47450.0,47600.0,47400.0,47500.0,5636.0
2026-07-15 14:50:00+09:00,47500.0,47700.0,47500.0,47700.0,3260.0
2026-07-16 09:00:00+09:00,47650.0,48100.0,47300.0,47550.0,6045.0
2026-07-16 09:10:00+09:00,47550.0,47950.0,47550.0,47950.0,920.0
2026-07-16 09:20:00+09:00,47950.0,48150.0,47700.0,47950.0,2270.0
2026-07-16 09:30:00+09:00,47950.0,48000.0,47850.0,47900.0,919.0
2026-07-16 09:40:00+09:00,48000.0,48000.0,47700.0,47750.0,510.0
2026-07-16 09:50:00+09:00,47750.0,47900.0,47700.0,47750.0,892.0
2026-07-16 10:00:00+09:00,47750.0,47800.0,47400.0,47450.0,1075.0
2026-07-16 10:10:00+09:00,47450.0,47450.0,47200.0,47300.0,1162.0
2026-07-16 10:20:00+09:00,47300.0,47350.0,47100.0,47150.0,1082.0
2026-07-16 10:30:00+09:00,47150.0,47450.0,47150.0,47300.0,1158.0
2026-07-16 10:40:00+09:00,47400.0,47400.0,47150.0,47250.0,982.0
2026-07-16 10:50:00+09:00,47250.0,47300.0,47000.0,47000.0,1326.0
2026-07-16 11:00:00+09:00,47050.0,47050.0,46600.0,46650.0,3510.0
2026-07-16 11:10:00+09:00,46650.0,46900.0,46600.0,46850.0,1268.0
2026-07-16 11:20:00+09:00,46850.0,47100.0,46700.0,46950.0,1321.0
2026-07-16 11:30:00+09:00,46950.0,47000.0,46800.0,46950.0,375.0
2026-07-16 11:40:00+09:00,47000.0,47200.0,46900.0,47200.0,448.0
2026-07-16 11:50:00+09:00,47150.0,47150.0,46900.0,47100.0,980.0
2026-07-16 12:00:00+09:00,47000.0,47150.0,46950.0,47100.0,394.0
2026-07-16 12:10:00+09:00,47150.0,47250.0,46950.0,47000.0,1692.0
2026-07-16 12:20:00+09:00,47000.0,47100.0,46800.0,46900.0,806.0
2026-07-16 12:30:00+09:00,46950.0,47150.0,46900.0,47000.0,525.0
2026-07-16 12:40:00+09:00,47000.0,47050.0,46700.0,46850.0,1716.0
2026-07-16 12:50:00+09:00,46900.0,47100.0,46900.0,47050.0,531.0
2026-07-16 13:00:00+09:00,47100.0,47300.0,47000.0,47300.0,805.0
2026-07-16 13:10:00+09:00,47300.0,47300.0,47000.0,47100.0,756.0
2026-07-16 13:20:00+09:00,47150.0,47300.0,47050.0,47050.0,1010.0
2026-07-16 13:30:00+09:00,47100.0,47300.0,47050.0,47250.0,932.0
2026-07-16 13:40:00+09:00,47050.0,47350.0,47050.0,47350.0,978.0
2026-07-16 13:50:00+09:00,47300.0,47350.0,47150.0,47250.0,999.0
2026-07-16 14:00:00+09:00,47200.0,47400.0,47050.0,47400.0,1125.0
2026-07-16 14:10:00+09:00,47400.0,47800.0,47300.0,47800.0,4158.0
2026-07-16 14:20:00+09:00,47800.0,47950.0,47700.0,47900.0,3080.0
2026-07-16 14:30:00+09:00,47950.0,47950.0,47350.0,47350.0,2690.0
2026-07-16 14:40:00+09:00,47400.0,47900.0,47250.0,47300.0,2637.0
2026-07-16 14:50:00+09:00,47350.0,47500.0,47200.0,47450.0,1328.0
2026-07-20 09:00:00+09:00,47250.0,47400.0,46200.0,46650.0,1980.0
2026-07-20 09:10:00+09:00,46650.0,47600.0,46550.0,47450.0,3627.0
2026-07-20 09:20:00+09:00,47450.0,47500.0,46900.0,47150.0,962.0
2026-07-20 09:30:00+09:00,47150.0,47500.0,47100.0,47350.0,2819.0
2026-07-20 09:40:00+09:00,47350.0,47700.0,47250.0,47600.0,2092.0
2026-07-20 09:50:00+09:00,47600.0,47800.0,47350.0,47650.0,2762.0
2026-07-20 10:00:00+09:00,47650.0,47950.0,47650.0,47800.0,2864.0
2026-07-20 10:10:00+09:00,47800.0,47900.0,47750.0,47850.0,1655.0
2026-07-20 10:20:00+09:00,47850.0,47950.0,47700.0,47800.0,2321.0
2026-07-20 10:30:00+09:00,47800.0,47900.0,47700.0,47900.0,2000.0
2026-07-20 10:40:00+09:00,47900.0,47950.0,47750.0,47800.0,1647.0
2026-07-20 10:50:00+09:00,47800.0,47800.0,47500.0,47550.0,2830.0
2026-07-20 11:00:00+09:00,47650.0,47950.0,47650.0,47900.0,1193.0
2026-07-20 11:10:00+09:00,47950.0,47950.0,47550.0,47700.0,1901.0
2026-07-20 11:20:00+09:00,47700.0,47700.0,47400.0,47700.0,1832.0
2026-07-20 11:30:00+09:00,47700.0,47950.0,47550.0,47750.0,2154.0
2026-07-20 11:40:00+09:00,47800.0,47850.0,47750.0,47850.0,690.0
2026-07-20 11:50:00+09:00,47850.0,47950.0,47750.0,47850.0,3011.0
2026-07-20 12:00:00+09:00,47850.0,47850.0,47350.0,47400.0,1119.0
2026-07-20 12:10:00+09:00,47450.0,47550.0,47400.0,47500.0,1111.0
2026-07-20 12:20:00+09:00,47500.0,47550.0,47450.0,47500.0,984.0
2026-07-20 12:30:00+09:00,47500.0,47500.0,47300.0,47450.0,1702.0
2026-07-20 12:40:00+09:00,47450.0,47450.0,47350.0,47400.0,532.0
2026-07-20 12:50:00+09:00,47400.0,47700.0,47250.0,47300.0,2860.0
2026-07-20 13:00:00+09:00,47300.0,47600.0,47250.0,47350.0,921.0
2026-07-20 13:10:00+09:00,47350.0,47350.0,47000.0,47100.0,1535.0
2026-07-20 13:20:00+09:00,47100.0,47550.0,47050.0,47550.0,1145.0
2026-07-20 13:30:00+09:00,47350.0,47650.0,47350.0,47600.0,1060.0
2026-07-20 13:40:00+09:00,47650.0,47700.0,47500.0,47650.0,1314.0
2026-07-20 13:50:00+09:00,47650.0,47700.0,47550.0,47600.0,3184.0
2026-07-20 14:00:00+09:00,47550.0,47550.0,47150.0,47200.0,3619.0
2026-07-20 14:10:00+09:00,47200.0,47300.0,47000.0,47300.0,1534.0
2026-07-20 14:20:00+09:00,47150.0,47200.0,47100.0,47200.0,1354.0
2026-07-20 14:30:00+09:00,47200.0,47250.0,47100.0,47200.0,1579.0
2026-07-20 14:40:00+09:00,47150.0,47350.0,47100.0,47300.0,1668.0
2026-07-20 14:50:00+09:00,47350.0,47650.0,47200.0,47400.0,2266.0
2026-07-21 09:00:00+09:00,47400.0,47450.0,46800.0,47100.0,5032.0
2026-07-21 09:10:00+09:00,47300.0,47300.0,47050.0,47250.0,1442.0
2026-07-21 09:20:00+09:00,47250.0,47350.0,47100.0,47350.0,1004.0
2026-07-21 09:30:00+09:00,47350.0,47350.0,46950.0,47200.0,1024.0
2026-07-21 09:40:00+09:00,47200.0,47350.0,47150.0,47250.0,540.0
2026-07-21 09:50:00+09:00,47300.0,47400.0,47300.0,47400.0,798.0
2026-07-21 10:00:00+09:00,47400.0,47700.0,47350.0,47650.0,790.0
2026-07-21 10:10:00+09:00,47650.0,47800.0,47400.0,47400.0,2198.0
2026-07-21 10:20:00+09:00,47400.0,47550.0,47300.0,47550.0,999.0
2026-07-21 10:30:00+09:00,47500.0,47800.0,47500.0,47550.0,1372.0
2026-07-21 10:40:00+09:00,47550.0,47700.0,47550.0,47650.0,555.0
2026-07-21 10:50:00+09:00,47650.0,47650.0,47450.0,47450.0,1080.0
2026-07-21 11:00:00+09:00,47450.0,47900.0,47450.0,47750.0,1900.0
2026-07-21 11:10:00+09:00,47750.0,47950.0,47650.0,47900.0,1604.0
2026-07-21 11:20:00+09:00,47900.0,48000.0,47650.0,47750.0,1068.0
2026-07-21 11:30:00+09:00,47750.0,48100.0,47750.0,48100.0,1009.0
2026-07-21 11:40:00+09:00,48000.0,48100.0,47550.0,47950.0,1412.0
2026-07-21 11:50:00+09:00,47950.0,48000.0,47850.0,47950.0,463.0
2026-07-21 12:00:00+09:00,47900.0,47950.0,47850.0,47850.0,568.0
2026-07-21 12:10:00+09:00,47850.0,48050.0,47850.0,47900.0,1903.0
2026-07-21 12:20:00+09:00,47950.0,48000.0,47650.0,47650.0,1526.0
2026-07-21 12:30:00+09:00,47700.0,47850.0,47600.0,47600.0,443.0
2026-07-21 12:40:00+09:00,47600.0,47850.0,47500.0,47700.0,1183.0
2026-07-21 12:50:00+09:00,47700.0,47750.0,47500.0,47600.0,1454.0
2026-07-21 13:00:00+09:00,47600.0,47650.0,47450.0,47450.0,917.0
2026-07-21 13:10:00+09:00,47450.0,47500.0,47400.0,47450.0,1183.0
2026-07-21 13:20:00+09:00,47450.0,47650.0,47450.0,47650.0,1256.0
2026-07-21 13:30:00+09:00,47600.0,47650.0,47450.0,47450.0,944.0
2026-07-21 13:40:00+09:00,47450.0,47700.0,47450.0,47700.0,1175.0
2026-07-21 13:50:00+09:00,47700.0,47700.0,47500.0,47550.0,1419.0
2026-07-21 14:00:00+09:00,47550.0,47550.0,47450.0,47500.0,1094.0
2026-07-21 14:10:00+09:00,47500.0,47550.0,47300.0,47300.0,1685.0
2026-07-21 14:20:00+09:00,47300.0,47600.0,47250.0,47400.0,2156.0
2026-07-21 14:30:00+09:00,47450.0,47450.0,47250.0,47400.0,1702.0
2026-07-21 14:40:00+09:00,47400.0,47600.0,47350.0,47500.0,851.0
2026-07-21 14:50:00+09:00,47550.0,47550.0,47300.0,47400.0,2116.0
2026-07-22 09:00:00+09:00,47700.0,48300.0,47700.0,47950.0,3703.0
2026-07-22 09:10:00+09:00,47950.0,48000.0,47650.0,47850.0,2111.0
2026-07-22 09:20:00+09:00,47800.0,47950.0,47750.0,47950.0,1569.0
2026-07-22 09:30:00+09:00,47900.0,48000.0,47775.0,47900.0,1498.0
2026-07-22 09:40:00+09:00,47800.0,48350.0,47800.0,48100.0,2577.0
2026-07-22 09:50:00+09:00,48100.0,48250.0,47850.0,48150.0,2172.0
2026-07-22 10:00:00+09:00,48150.0,48300.0,48100.0,48250.0,2403.0
2026-07-22 10:10:00+09:00,48250.0,48300.0,48200.0,48300.0,1491.0
2026-07-22 10:20:00+09:00,48150.0,48350.0,48100.0,48300.0,1592.0
2026-07-22 10:30:00+09:00,48200.0,48400.0,48100.0,48300.0,1272.0
2026-07-22 10:40:00+09:00,48200.0,48350.0,48050.0,48100.0,1684.0
2026-07-22 10:50:00+09:00,48350.0,48500.0,48200.0,48500.0,2737.0
2026-07-22 11:00:00+09:00,48500.0,48650.0,48350.0,48350.0,3658.0
2026-07-22 11:10:00+09:00,48300.0,48600.0,48250.0,48450.0,1475.0
2026-07-22 11:20:00+09:00,48400.0,48550.0,48150.0,48450.0,1484.0
2026-07-22 11:30:00+09:00,48450.0,48550.0,48150.0,48150.0,1380.0
2026-07-22 11:40:00+09:00,48200.0,48650.0,48200.0,48400.0,1603.0
2026-07-22 11:50:00+09:00,48450.0,48450.0,48100.0,48200.0,892.0
2026-07-22 12:00:00+09:00,48100.0,48350.0,48050.0,48250.0,1588.0
2026-07-22 12:10:00+09:00,48250.0,48400.0,48100.0,48250.0,1045.0
2026-07-22 12:20:00+09:00,48300.0,48450.0,48150.0,48450.0,975.0
2026-07-22 12:30:00+09:00,48400.0,48600.0,48100.0,48100.0,995.0
2026-07-22 12:40:00+09:00,48100.0,48500.0,48100.0,48350.0,1210.0
2026-07-22 12:50:00+09:00,48300.0,48500.0,48150.0,48200.0,842.0
2026-07-22 13:00:00+09:00,48250.0,48450.0,48100.0,48200.0,1044.0
2026-07-22 13:10:00+09:00,48350.0,48350.0,48050.0,48100.0,734.0
2026-07-22 13:20:00+09:00,48050.0,48100.0,47900.0,48000.0,894.0
2026-07-22 13:30:00+09:00,48025.0,48200.0,47950.0,48050.0,741.0
2026-07-22 13:40:00+09:00,47950.0,48200.0,47900.0,47950.0,1187.0
2026-07-22 13:50:00+09:00,47950.0,48050.0,47900.0,47900.0,718.0
2026-07-22 14:00:00+09:00,47950.0,48400.0,47900.0,48100.0,1196.0
2026-07-22 14:10:00+09:00,48100.0,48400.0,47900.0,47900.0,1530.0
2026-07-22 14:20:00+09:00,47900.0,48100.0,47800.0,48100.0,2474.0
2026-07-22 14:30:00+09:00,47900.0,48300.0,47900.0,47900.0,2494.0
2026-07-22 14:40:00+09:00,47900.0,48100.0,47800.0,47850.0,2402.0
2026-07-22 14:50:00+09:00,47850.0,48100.0,47850.0,47950.0,889.0
2026-07-23 09:00:00+09:00,47250.0,47900.0,47200.0,47600.0,4441.0
2026-07-23 09:10:00+09:00,47600.0,47900.0,47600.0,47750.0,1387.0
2026-07-23 09:20:00+09:00,47700.0,47850.0,47700.0,47850.0,1164.0
2026-07-23 09:30:00+09:00,47900.0,47950.0,47850.0,47900.0,1138.0
2026-07-23 09:40:00+09:00,47900.0,48100.0,47850.0,48100.0,2487.0
2026-07-23 09:50:00+09:00,48100.0,48100.0,47800.0,47800.0,748.0
2026-07-23 10:00:00+09:00,47850.0,48000.0,47800.0,47800.0,973.0
2026-07-23 10:10:00+09:00,47850.0,48050.0,47850.0,47950.0,1131.0
2026-07-23 10:20:00+09:00,48000.0,48200.0,47900.0,48100.0,1114.0
2026-07-23 10:30:00+09:00,48150.0,48400.0,48000.0,48150.0,2453.0
2026-07-23 10:40:00+09:00,48150.0,48150.0,47900.0,48000.0,2320.0
2026-07-23 10:50:00+09:00,47950.0,48300.0,47950.0,48100.0,2091.0
2026-07-23 11:00:00+09:00,48150.0,48150.0,48000.0,48075.0,1185.0
2026-07-23 11:10:00+09:00,48075.0,48200.0,47950.0,48150.0,2442.0
2026-07-23 11:20:00+09:00,48150.0,48250.0,48150.0,48200.0,2081.0
2026-07-23 11:30:00+09:00,48200.0,48250.0,48100.0,48100.0,1315.0
2026-07-23 11:40:00+09:00,48100.0,48150.0,48050.0,48150.0,615.0
2026-07-23 11:50:00+09:00,48100.0,48250.0,48100.0,48150.0,1419.0
2026-07-23 12:00:00+09:00,48150.0,48200.0,48050.0,48050.0,817.0
2026-07-23 12:10:00+09:00,48050.0,48150.0,48000.0,48100.0,964.0
2026-07-23 12:20:00+09:00,48100.0,48300.0,48050.0,48200.0,1117.0
2026-07-23 12:30:00+09:00,48250.0,48350.0,48050.0,48100.0,753.0
2026-07-23 12:40:00+09:00,48100.0,48300.0,48100.0,48150.0,1014.0
2026-07-23 12:50:00+09:00,48200.0,48200.0,48100.0,48100.0,526.0
2026-07-23 13:00:00+09:00,48150.0,48200.0,48000.0,48100.0,964.0
2026-07-23 13:10:00+09:00,48050.0,48100.0,47900.0,47950.0,1552.0
2026-07-23 13:20:00+09:00,47950.0,48050.0,47800.0,48000.0,2007.0
2026-07-23 13:30:00+09:00,48000.0,48100.0,47850.0,48000.0,1014.0
2026-07-23 13:40:00+09:00,48050.0,48250.0,47950.0,48150.0,1149.0
2026-07-23 13:50:00+09:00,48100.0,48200.0,48050.0,48150.0,1075.0
2026-07-23 14:00:00+09:00,48100.0,48100.0,47950.0,47950.0,826.0
2026-07-23 14:10:00+09:00,48000.0,48050.0,47800.0,47950.0,2728.0
2026-07-23 14:20:00+09:00,47950.0,48250.0,47900.0,48150.0,2483.0
2026-07-23 14:30:00+09:00,48100.0,48200.0,48000.0,48150.0,4054.0
2026-07-23 14:40:00+09:00,48100.0,48200.0,47900.0,47950.0,1883.0
2026-07-23 14:50:00+09:00,47950.0,48050.0,47900.0,47950.0,1777.0
2026-07-24 09:00:00+09:00,47700.0,48850.0,47700.0,48550.0,5857.0
2026-07-24 09:10:00+09:00,48650.0,48750.0,48350.0,48450.0,1433.0
2026-07-24 09:20:00+09:00,48500.0,48900.0,48400.0,48700.0,2763.0
2026-07-24 09:30:00+09:00,48700.0,48750.0,48550.0,48600.0,1237.0
2026-07-24 09:40:00+09:00,48600.0,48850.0,48550.0,48650.0,4383.0
2026-07-24 09:50:00+09:00,48600.0,48800.0,48400.0,48800.0,2506.0
2026-07-24 10:00:00+09:00,48700.0,49150.0,48700.0,49000.0,4112.0
2026-07-24 10:10:00+09:00,49000.0,49100.0,48700.0,48700.0,2086.0
2026-07-24 10:20:00+09:00,48750.0,49000.0,48700.0,48900.0,1095.0
2026-07-24 10:30:00+09:00,48950.0,49100.0,48800.0,48850.0,3451.0
2026-07-24 10:40:00+09:00,48800.0,49050.0,48750.0,48900.0,838.0
2026-07-24 10:50:00+09:00,48850.0,48900.0,48800.0,48800.0,413.0
2026-07-24 11:00:00+09:00,48850.0,48850.0,48700.0,48800.0,804.0
2026-07-24 11:10:00+09:00,48850.0,48900.0,48550.0,48700.0,1199.0
2026-07-24 11:20:00+09:00,48650.0,48800.0,48500.0,48650.0,590.0
2026-07-24 11:30:00+09:00,48600.0,48650.0,48450.0,48600.0,1025.0
2026-07-24 11:40:00+09:00,48550.0,48600.0,48400.0,48400.0,636.0
2026-07-24 11:50:00+09:00,48400.0,48550.0,48200.0,48350.0,971.0
2026-07-24 12:00:00+09:00,48350.0,48450.0,48300.0,48350.0,817.0
2026-07-24 12:10:00+09:00,48300.0,48600.0,48200.0,48550.0,1270.0
2026-07-24 12:20:00+09:00,48550.0,48750.0,48350.0,48600.0,1589.0
2026-07-24 12:30:00+09:00,48600.0,48800.0,48400.0,48800.0,1074.0
2026-07-24 12:40:00+09:00,48750.0,48900.0,48350.0,48850.0,1006.0
2026-07-24 12:50:00+09:00,48850.0,48950.0,48700.0,48800.0,846.0
2026-07-24 13:00:00+09:00,48800.0,48800.0,48500.0,48700.0,809.0
2026-07-24 13:10:00+09:00,48700.0,48800.0,48650.0,48750.0,727.0
2026-07-24 13:20:00+09:00,48700.0,48950.0,48550.0,48850.0,1762.0
2026-07-24 13:30:00+09:00,48800.0,48900.0,48700.0,48750.0,798.0
2026-07-24 13:40:00+09:00,48800.0,48900.0,48500.0,48500.0,883.0
2026-07-24 13:50:00+09:00,48550.0,48900.0,48500.0,48850.0,761.0
2026-07-24 14:00:00+09:00,48800.0,48850.0,48700.0,48850.0,547.0
2026-07-24 14:10:00+09:00,48850.0,49000.0,48750.0,48800.0,3163.0
2026-07-24 14:20:00+09:00,49000.0,49000.0,48650.0,48800.0,1514.0
2026-07-24 14:30:00+09:00,48850.0,48950.0,48850.0,48900.0,883.0
2026-07-24 14:40:00+09:00,48900.0,48900.0,48600.0,48850.0,2899.0
2026-07-24 14:50:00+09:00,48800.0,48900.0,48750.0,48800.0,751.0
2026-07-27 09:00:00+09:00,49500.0,49600.0,48700.0,49200.0,1065.0
2026-07-27 09:10:00+09:00,49250.0,49700.0,49200.0,49550.0,4387.0
2026-07-27 09:20:00+09:00,49600.0,49700.0,49350.0,49550.0,2973.0
2026-07-27 09:30:00+09:00,49600.0,49750.0,49550.0,49700.0,1683.0
2026-07-27 09:40:00+09:00,49600.0,50100.0,49600.0,49800.0,4775.0
2026-07-27 09:50:00+09:00,49800.0,49850.0,49500.0,49700.0,1644.0
2026-07-27 10:00:00+09:00,49750.0,49900.0,49700.0,49900.0,1170.0
2026-07-27 10:10:00+09:00,49850.0,49900.0,49700.0,49750.0,1640.0
2026-07-27 10:20:00+09:00,49600.0,49900.0,49600.0,49700.0,1247.0
2026-07-27 10:30:00+09:00,49750.0,50000.0,49700.0,49950.0,2883.0
2026-07-27 10:40:00+09:00,49950.0,50000.0,49650.0,49700.0,1226.0
2026-07-27 10:50:00+09:00,49700.0,49950.0,49650.0,49950.0,1893.0
2026-07-27 11:00:00+09:00,49950.0,50000.0,49700.0,49700.0,1563.0
2026-07-27 11:10:00+09:00,49750.0,50000.0,49750.0,50000.0,1398.0
2026-07-27 11:20:00+09:00,50000.0,50400.0,49850.0,50300.0,8491.0
2026-07-27 11:30:00+09:00,50300.0,50300.0,50100.0,50100.0,2244.0
2026-07-27 11:40:00+09:00,50200.0,50200.0,49900.0,49900.0,2583.0
2026-07-27 11:50:00+09:00,49900.0,50200.0,49850.0,50100.0,5127.0
2026-07-27 12:00:00+09:00,50100.0,50200.0,50000.0,50100.0,1559.0
2026-07-27 12:10:00+09:00,50000.0,50300.0,49950.0,50300.0,1821.0
2026-07-27 12:20:00+09:00,50300.0,50300.0,49950.0,49950.0,2298.0
2026-07-27 12:30:00+09:00,50000.0,50000.0,49850.0,49950.0,1632.0
2026-07-27 12:40:00+09:00,49950.0,50100.0,49900.0,49900.0,1916.0
2026-07-27 12:50:00+09:00,49900.0,50100.0,49850.0,50000.0,1707.0
2026-07-27 13:00:00+09:00,50000.0,50000.0,49950.0,50000.0,2421.0
2026-07-27 13:10:00+09:00,50000.0,50300.0,49900.0,50100.0,7090.0
2026-07-27 13:20:00+09:00,50000.0,50200.0,49900.0,49900.0,4737.0
2026-07-27 13:30:00+09:00,50000.0,50000.0,49850.0,49950.0,2017.0
2026-07-27 13:40:00+09:00,49950.0,50300.0,49900.0,50200.0,5448.0
2026-07-27 13:50:00+09:00,50200.0,50300.0,49950.0,50100.0,3586.0
2026-07-27 14:00:00+09:00,50200.0,50300.0,49950.0,50100.0,9716.0
2026-07-27 14:10:00+09:00,50100.0,50100.0,50000.0,50100.0,3540.0
2026-07-27 14:20:00+09:00,50000.0,50100.0,49850.0,49850.0,3869.0
2026-07-27 14:30:00+09:00,49900.0,50200.0,49850.0,50200.0,4305.0
2026-07-27 14:40:00+09:00,50200.0,50300.0,50100.0,50100.0,3045.0
2026-07-27 14:50:00+09:00,50300.0,50300.0,50100.0,50100.0,3022.0
2026-07-28 09:00:00+09:00,49600.0,49600.0,48800.0,48800.0,3371.0
2026-07-28 09:10:00+09:00,48800.0,49050.0,48600.0,48800.0,2614.0
2026-07-28 09:20:00+09:00,48750.0,48950.0,48700.0,48800.0,2083.0
2026-07-28 09:30:00+09:00,48750.0,48800.0,48550.0,48750.0,1455.0
2026-07-28 09:40:00+09:00,48750.0,49100.0,48600.0,48700.0,1687.0
2026-07-28 09:50:00+09:00,48800.0,49050.0,48600.0,48650.0,2053.0
2026-07-28 10:00:00+09:00,48650.0,49150.0,48600.0,48850.0,4892.0
2026-07-28 10:10:00+09:00,48900.0,49000.0,48850.0,49000.0,481.0
2026-07-28 10:40:00+09:00,48950.0,48950.0,48450.0,48600.0,5081.0
2026-07-28 10:50:00+09:00,48500.0,48650.0,48350.0,48400.0,1988.0
2026-07-28 11:00:00+09:00,48450.0,48450.0,48100.0,48200.0,2977.0
2026-07-28 11:10:00+09:00,48150.0,48350.0,48150.0,48150.0,1555.0
2026-07-28 11:20:00+09:00,48200.0,48250.0,48100.0,48150.0,874.0
2026-07-28 11:30:00+09:00,48150.0,48200.0,48100.0,48150.0,1261.0
2026-07-28 11:40:00+09:00,48100.0,48100.0,47850.0,48050.0,2875.0
2026-07-28 11:50:00+09:00,48000.0,48200.0,47950.0,48050.0,3290.0
2026-07-28 12:00:00+09:00,48050.0,48150.0,48000.0,48150.0,862.0
2026-07-28 12:10:00+09:00,48100.0,48250.0,48050.0,48100.0,1229.0
2026-07-28 12:20:00+09:00,48150.0,48300.0,48050.0,48100.0,2676.0
2026-07-28 12:30:00+09:00,48100.0,48300.0,48000.0,48250.0,1188.0
2026-07-28 12:40:00+09:00,48250.0,48300.0,48050.0,48100.0,925.0
2026-07-28 12:50:00+09:00,48150.0,48300.0,48050.0,48200.0,1105.0
2026-07-28 13:00:00+09:00,48250.0,48250.0,48050.0,48250.0,884.0
2026-07-28 13:10:00+09:00,48250.0,48350.0,48150.0,48200.0,1465.0
2026-07-28 13:20:00+09:00,48150.0,48200.0,47950.0,47950.0,2324.0
2026-07-28 13:30:00+09:00,48000.0,48000.0,47750.0,47850.0,2859.0
2026-07-28 13:40:00+09:00,47850.0,47950.0,47700.0,47750.0,2188.0
2026-07-28 13:50:00+09:00,47800.0,47800.0,47550.0,47650.0,2263.0
2026-07-28 14:00:00+09:00,47650.0,47950.0,47550.0,47600.0,2432.0
2026-07-28 14:10:00+09:00,47600.0,47700.0,47250.0,47300.0,3363.0
2026-07-28 14:20:00+09:00,47350.0,47600.0,47200.0,47500.0,2036.0
2026-07-28 14:30:00+09:00,47550.0,47650.0,47400.0,47500.0,3321.0
2026-07-28 14:40:00+09:00,47500.0,47800.0,47350.0,47600.0,3979.0
2026-07-28 14:50:00+09:00,47500.0,47650.0,47400.0,47550.0,2957.0
2026-07-29 09:00:00+09:00,47650.0,48200.0,47450.0,48100.0,4513.0
2026-07-29 09:10:00+09:00,48200.0,48600.0,48050.0,48400.0,1655.0
2026-07-29 09:20:00+09:00,48400.0,49000.0,48300.0,48850.0,3810.0
2026-07-29 09:30:00+09:00,48800.0,49000.0,48650.0,48950.0,2643.0
2026-07-29 09:40:00+09:00,48900.0,49150.0,48650.0,48800.0,2788.0
2026-07-29 09:50:00+09:00,48850.0,49100.0,48850.0,49000.0,1726.0
2026-07-29 10:00:00+09:00,49050.0,49500.0,49050.0,49450.0,4054.0
2026-07-29 10:10:00+09:00,49450.0,49650.0,49350.0,49500.0,7149.0
2026-07-29 10:20:00+09:00,49500.0,49850.0,49350.0,49450.0,2974.0
2026-07-29 10:30:00+09:00,49500.0,49550.0,49100.0,49200.0,3127.0
2026-07-29 10:40:00+09:00,49200.0,49200.0,48800.0,48900.0,3389.0
2026-07-29 10:50:00+09:00,48900.0,48900.0,48500.0,48700.0,2074.0
2026-07-29 11:00:00+09:00,48650.0,48650.0,47700.0,48150.0,3853.0
2026-07-29 11:10:00+09:00,48050.0,48400.0,48000.0,48250.0,2004.0
2026-07-29 11:20:00+09:00,48050.0,48300.0,48000.0,48300.0,2083.0
2026-07-29 11:30:00+09:00,48300.0,48300.0,47550.0,47700.0,2945.0
2026-07-29 11:40:00+09:00,47600.0,47800.0,47300.0,47450.0,3241.0
2026-07-29 11:50:00+09:00,47450.0,47650.0,47300.0,47500.0,1895.0
2026-07-29 12:00:00+09:00,47500.0,48250.0,47250.0,47850.0,4373.0
2026-07-29 12:10:00+09:00,48050.0,48150.0,47200.0,47450.0,2544.0
2026-07-29 12:20:00+09:00,47400.0,47900.0,47300.0,47700.0,1838.0
2026-07-29 12:30:00+09:00,47700.0,47700.0,47600.0,47650.0,297.0
2026-07-29 13:00:00+09:00,47700.0,47750.0,47250.0,47500.0,2784.0
2026-07-29 13:10:00+09:00,47500.0,47800.0,47100.0,47300.0,2992.0
2026-07-29 13:20:00+09:00,47350.0,47400.0,46950.0,46950.0,3081.0
2026-07-29 13:30:00+09:00,46950.0,47450.0,46850.0,47050.0,3333.0
2026-07-29 13:40:00+09:00,47050.0,47950.0,46700.0,47050.0,3059.0
2026-07-29 13:50:00+09:00,47100.0,47500.0,47100.0,47500.0,2340.0
2026-07-29 14:00:00+09:00,47300.0,47500.0,47050.0,47300.0,2927.0
2026-07-29 14:10:00+09:00,47350.0,47850.0,47300.0,47350.0,3091.0
2026-07-29 14:20:00+09:00,47300.0,47550.0,47100.0,47400.0,3090.0
2026-07-29 14:30:00+09:00,47300.0,47700.0,47150.0,47550.0,3297.0
2026-07-29 14:40:00+09:00,47500.0,47650.0,47100.0,47100.0,3801.0
2026-07-29 14:50:00+09:00,47100.0,47300.0,46950.0,47100.0,6670.0
2026-07-30 09:00:00+09:00,47850.0,48100.0,47400.0,48100.0,3076.0
2026-07-30 09:10:00+09:00,48050.0,48550.0,47850.0,48450.0,6295.0
2026-07-30 09:20:00+09:00,48500.0,48850.0,48400.0,48400.0,3519.0
2026-07-30 09:30:00+09:00,48400.0,48650.0,48200.0,48300.0,1915.0
2026-07-30 09:40:00+09:00,48200.0,48350.0,47650.0,47950.0,3791.0
2026-07-30 09:50:00+09:00,48150.0,48200.0,47700.0,47800.0,2419.0
2026-07-30 10:00:00+09:00,47750.0,48200.0,47600.0,48200.0,3105.0
2026-07-30 10:10:00+09:00,48200.0,48200.0,47950.0,48100.0,2195.0
2026-07-30 10:20:00+09:00,48050.0,48150.0,47950.0,48150.0,1478.0
2026-07-30 10:30:00+09:00,48100.0,48300.0,48050.0,48050.0,2673.0
2026-07-30 10:40:00+09:00,48050.0,48150.0,47950.0,48050.0,1641.0
2026-07-30 10:50:00+09:00,48100.0,48100.0,47950.0,48000.0,1704.0
2026-07-30 11:00:00+09:00,48050.0,48050.0,47900.0,47900.0,1145.0
2026-07-30 11:10:00+09:00,47900.0,47950.0,47700.0,47750.0,2488.0
2026-07-30 11:20:00+09:00,47700.0,47800.0,47600.0,47750.0,2792.0
2026-07-30 11:30:00+09:00,47750.0,47850.0,47600.0,47650.0,1337.0
2026-07-30 11:40:00+09:00,47650.0,47750.0,47600.0,47650.0,2004.0
2026-07-30 11:50:00+09:00,47700.0,47700.0,47250.0,47250.0,3373.0
2026-07-30 12:00:00+09:00,47350.0,47500.0,47250.0,47300.0,2605.0
2026-07-30 12:10:00+09:00,47300.0,47300.0,46950.0,46950.0,2803.0
2026-07-30 12:20:00+09:00,47000.0,47100.0,46950.0,47000.0,1921.0
2026-07-30 12:30:00+09:00,47050.0,47250.0,47000.0,47150.0,1956.0
2026-07-30 12:40:00+09:00,47100.0,47550.0,47100.0,47450.0,2791.0
2026-07-30 12:50:00+09:00,47450.0,47550.0,47400.0,47450.0,1540.0
2026-07-30 13:00:00+09:00,47450.0,47500.0,47350.0,47350.0,1374.0
2026-07-30 13:10:00+09:00,47400.0,47400.0,47150.0,47200.0,1756.0
2026-07-30 13:20:00+09:00,47150.0,47250.0,47050.0,47200.0,2492.0
2026-07-30 13:30:00+09:00,47200.0,47300.0,47200.0,47200.0,1194.0
2026-07-30 13:40:00+09:00,47250.0,47250.0,47050.0,47200.0,2135.0
2026-07-30 13:50:00+09:00,47250.0,47400.0,47150.0,47300.0,2402.0
2026-07-30 14:00:00+09:00,47350.0,47400.0,47250.0,47350.0,2232.0
2026-07-30 14:10:00+09:00,47350.0,47550.0,47350.0,47550.0,2726.0
2026-07-30 14:20:00+09:00,47500.0,47550.0,47350.0,47400.0,1740.0
2026-07-30 14:30:00+09:00,47350.0,47400.0,47200.0,47200.0,2809.0
2026-07-30 14:40:00+09:00,47200.0,47600.0,47200.0,47300.0,2627.0
2026-07-30 14:50:00+09:00,47350.0,47350.0,47050.0,47100.0,3435.0
2026-07-31 09:00:00+09:00,47700.0,48050.0,47350.0,47500.0,4470.0
2026-07-31 09:10:00+09:00,47800.0,48000.0,46900.0,47250.0,11263.0
2026-07-31 09:20:00+09:00,47250.0,47300.0,47050.0,47200.0,4478.0
2026-07-31 09:30:00+09:00,47350.0,47500.0,47150.0,47250.0,2317.0
2026-07-31 09:40:00+09:00,47250.0,47500.0,47150.0,47300.0,3844.0
2026-07-31 09:50:00+09:00,47450.0,47450.0,46850.0,46950.0,5150.0
2026-07-31 10:00:00+09:00,46950.0,47300.0,46900.0,47300.0,5391.0
2026-07-31 10:10:00+09:00,47150.0,47550.0,47100.0,47350.0,3814.0
2026-07-31 10:20:00+09:00,47350.0,47550.0,47250.0,47450.0,3164.0
2026-07-31 10:30:00+09:00,47450.0,47850.0,47400.0,47500.0,4742.0
2026-07-31 10:40:00+09:00,47500.0,47600.0,47300.0,47300.0,2504.0
2026-07-31 10:50:00+09:00,47300.0,47500.0,47200.0,47300.0,1729.0
2026-07-31 11:00:00+09:00,47350.0,47400.0,47200.0,47250.0,1967.0
2026-07-31 11:10:00+09:00,47350.0,47350.0,47150.0,47150.0,1793.0
2026-07-31 11:20:00+09:00,47200.0,47200.0,47100.0,47100.0,1646.0
2026-07-31 11:30:00+09:00,47100.0,47300.0,47100.0,47100.0,2853.0
2026-07-31 11:40:00+09:00,47100.0,47150.0,47050.0,47100.0,2231.0
2026-07-31 11:50:00+09:00,47100.0,47150.0,47050.0,47100.0,2573.0
2026-07-31 12:00:00+09:00,47100.0,47200.0,47050.0,47150.0,1913.0
2026-07-31 12:10:00+09:00,47150.0,47200.0,47050.0,47100.0,2542.0
2026-07-31 12:20:00+09:00,47050.0,47100.0,46900.0,46900.0,5962.0
2026-07-31 12:30:00+09:00,46950.0,46950.0,46900.0,46900.0,1479.0
2026-07-31 12:40:00+09:00,46900.0,47000.0,46850.0,47000.0,3650.0
2026-07-31 12:50:00+09:00,46900.0,47000.0,46850.0,46900.0,1957.0
2026-07-31 13:00:00+09:00,46900.0,46950.0,46800.0,46850.0,3728.0
2026-07-31 13:10:00+09:00,46800.0,46850.0,46750.0,46800.0,2647.0
2026-07-31 13:20:00+09:00,46800.0,46950.0,46700.0,46900.0,4057.0
2026-07-31 13:30:00+09:00,46900.0,46950.0,46750.0,46800.0,4620.0
2026-07-31 13:40:00+09:00,46800.0,46850.0,46700.0,46700.0,4533.0
2026-07-31 13:50:00+09:00,46750.0,46750.0,46650.0,46650.0,5994.0
2026-07-31 14:00:00+09:00,46650.0,46750.0,46600.0,46600.0,6426.0
2026-07-31 14:10:00+09:00,46600.0,46750.0,46550.0,46700.0,5401.0
2026-07-31 14:20:00+09:00,46700.0,46750.0,46600.0,46650.0,7402.0
2026-07-31 14:30:00+09:00,46650.0,46950.0,46650.0,46650.0,6482.0
2026-07-31 14:40:00+09:00,46650.0,46950.0,46650.0,46800.0,7596.0
2026-07-31 14:50:00+09:00,46800.0,46950.0,46750.0,46950.0,8334.0
2026-08-03 09:00:00+09:00,46650.0,47200.0,46400.0,46800.0,1642.0
2026-08-03 09:10:00+09:00,47000.0,47000.0,46250.0,46300.0,4432.0
2026-08-03 09:20:00+09:00,46250.0,46600.0,46100.0,46500.0,4603.0
2026-08-03 09:30:00+09:00,46400.0,46500.0,46200.0,46250.0,2184.0
2026-08-03 09:40:00+09:00,46250.0,46250.0,46100.0,46200.0,3104.0
2026-08-03 09:50:00+09:00,46200.0,46400.0,46150.0,46400.0,1841.0
2026-08-03 10:00:00+09:00,46250.0,46500.0,46250.0,46500.0,728.0
2026-08-03 10:10:00+09:00,46450.0,46700.0,46450.0,46650.0,1455.0
2026-08-03 10:20:00+09:00,46600.0,46800.0,46600.0,46750.0,1754.0
2026-08-03 10:30:00+09:00,46800.0,46900.0,46600.0,46600.0,1140.0
2026-08-03 10:40:00+09:00,46600.0,46850.0,46600.0,46750.0,1090.0
2026-08-03 10:50:00+09:00,46750.0,46850.0,46650.0,46850.0,847.0
2026-08-03 11:00:00+09:00,46850.0,47050.0,46750.0,46950.0,2996.0
2026-08-03 11:10:00+09:00,46950.0,47100.0,46900.0,47050.0,2381.0
2026-08-03 11:20:00+09:00,47100.0,47150.0,46750.0,46800.0,1027.0
2026-08-03 11:30:00+09:00,46750.0,46900.0,46700.0,46900.0,1327.0
2026-08-03 11:40:00+09:00,46900.0,46950.0,46800.0,46850.0,913.0
2026-08-03 11:50:00+09:00,46900.0,47050.0,46850.0,46850.0,1015.0
2026-08-03 12:00:00+09:00,46850.0,46900.0,46750.0,46750.0,1176.0
2026-08-03 12:10:00+09:00,46750.0,46850.0,46700.0,46750.0,940.0
2026-08-03 12:20:00+09:00,46800.0,46850.0,46750.0,46750.0,494.0
2026-08-03 12:30:00+09:00,46800.0,46800.0,46650.0,46800.0,1102.0
2026-08-03 12:40:00+09:00,46800.0,46850.0,46650.0,46650.0,956.0
2026-08-03 12:50:00+09:00,46700.0,46800.0,46550.0,46600.0,1515.0
2026-08-03 13:00:00+09:00,46600.0,46750.0,46550.0,46750.0,1047.0
2026-08-03 13:10:00+09:00,46750.0,46750.0,46650.0,46700.0,783.0
2026-08-03 13:20:00+09:00,46750.0,46900.0,46650.0,46650.0,1093.0
2026-08-03 13:30:00+09:00,46700.0,46700.0,46600.0,46650.0,1052.0
2026-08-03 13:40:00+09:00,46600.0,46750.0,46600.0,46700.0,965.0
2026-08-03 13:50:00+09:00,46750.0,46750.0,46550.0,46650.0,1514.0
2026-08-03 14:00:00+09:00,46650.0,46750.0,46600.0,46600.0,1291.0
2026-08-03 14:10:00+09:00,46600.0,46900.0,46600.0,46700.0,2838.0
2026-08-03 14:20:00+09:00,46700.0,46800.0,46650.0,46800.0,1286.0
2026-08-03 14:30:00+09:00,46800.0,46950.0,46650.0,46800.0,3946.0
2026-08-03 14:40:00+09:00,46750.0,46800.0,46550.0,46550.0,3222.0
2026-08-03 14:50:00+09:00,46550.0,46600.0,46550.0,46600.0,1336.0
2026-08-04 09:00:00+09:00,46550.0,46900.0,46450.0,46800.0,5214.0
2026-08-04 09:10:00+09:00,46800.0,47100.0,46700.0,47000.0,3335.0
2026-08-04 09:20:00+09:00,47050.0,47100.0,46700.0,46750.0,2613.0
2026-08-04 09:30:00+09:00,46750.0,46900.0,46650.0,46650.0,2115.0
2026-08-04 09:40:00+09:00,46700.0,46900.0,46650.0,46750.0,2806.0
2026-08-04 09:50:00+09:00,46750.0,46800.0,46500.0,46500.0,7289.0
2026-08-04 10:00:00+09:00,46650.0,46850.0,46550.0,46700.0,1873.0
2026-08-04 10:10:00+09:00,46700.0,46750.0,46600.0,46750.0,1157.0
2026-08-04 10:20:00+09:00,46750.0,46750.0,46500.0,46550.0,945.0
2026-08-04 10:30:00+09:00,46550.0,46650.0,46400.0,46400.0,2079.0
2026-08-04 10:40:00+09:00,46400.0,46450.0,46400.0,46450.0,1967.0
2026-08-04 10:50:00+09:00,46400.0,46650.0,46400.0,46600.0,1221.0
2026-08-04 11:00:00+09:00,46650.0,46700.0,46350.0,46450.0,2627.0
2026-08-04 11:10:00+09:00,46500.0,46500.0,46400.0,46500.0,1044.0
2026-08-04 11:20:00+09:00,46500.0,46550.0,46400.0,46450.0,787.0
2026-08-04 11:30:00+09:00,46500.0,46500.0,46400.0,46400.0,949.0
2026-08-04 11:40:00+09:00,46400.0,46450.0,46300.0,46350.0,1598.0
2026-08-04 11:50:00+09:00,46350.0,46500.0,46300.0,46400.0,1107.0
2026-08-04 12:00:00+09:00,46400.0,46450.0,46300.0,46350.0,920.0
2026-08-04 12:10:00+09:00,46350.0,46350.0,46300.0,46300.0,753.0
2026-08-04 12:20:00+09:00,46350.0,46400.0,46300.0,46400.0,944.0
2026-08-04 12:30:00+09:00,46400.0,46400.0,46350.0,46400.0,787.0
2026-08-04 12:40:00+09:00,46400.0,46400.0,46300.0,46350.0,802.0
2026-08-04 12:50:00+09:00,46350.0,46450.0,46300.0,46400.0,1863.0
2026-08-04 13:00:00+09:00,46400.0,46400.0,46350.0,46400.0,453.0
2026-08-04 13:10:00+09:00,46350.0,46400.0,46200.0,46350.0,3311.0
2026-08-04 13:20:00+09:00,46400.0,46400.0,46250.0,46300.0,928.0
2026-08-04 13:30:00+09:00,46325.0,46350.0,46300.0,46300.0,552.0
2026-08-04 13:40:00+09:00,46300.0,46400.0,46300.0,46400.0,1575.0
2026-08-04 13:50:00+09:00,46400.0,46450.0,46350.0,46450.0,1606.0
2026-08-04 14:00:00+09:00,46450.0,46450.0,46250.0,46300.0,1742.0
2026-08-04 14:10:00+09:00,46275.0,46350.0,46200.0,46350.0,2684.0
2026-08-04 14:20:00+09:00,46350.0,46550.0,46350.0,46450.0,1402.0
2026-08-04 14:30:00+09:00,46500.0,46550.0,46400.0,46500.0,2240.0
2026-08-04 14:40:00+09:00,46450.0,46550.0,46450.0,46550.0,1127.0
2026-08-04 14:50:00+09:00,46500.0,46550.0,46500.0,46500.0,1259.0
2026-08-05 09:00:00+09:00,46600.0,47400.0,46600.0,47200.0,5245.0
2026-08-05 09:10:00+09:00,47200.0,47400.0,46950.0,47100.0,3665.0
2026-08-05 09:20:00+09:00,47100.0,47350.0,46950.0,47300.0,1905.0
2026-08-05 09:30:00+09:00,47200.0,47300.0,47000.0,47000.0,1163.0
2026-08-05 09:40:00+09:00,47050.0,47300.0,47000.0,47150.0,1722.0
2026-08-05 09:50:00+09:00,47150.0,47200.0,46900.0,47000.0,1778.0
2026-08-05 10:00:00+09:00,46900.0,47150.0,46900.0,47050.0,858.0
2026-08-05 10:10:00+09:00,47075.0,47150.0,47000.0,47000.0,766.0
2026-08-05 10:20:00+09:00,47050.0,47100.0,47000.0,47000.0,1171.0
2026-08-05 10:30:00+09:00,47100.0,47150.0,47000.0,47150.0,2062.0
2026-08-05 10:40:00+09:00,47150.0,47200.0,47100.0,47150.0,446.0
2026-08-05 10:50:00+09:00,47200.0,47300.0,47150.0,47200.0,1602.0
2026-08-05 11:00:00+09:00,47200.0,47250.0,47100.0,47150.0,811.0
2026-08-05 11:10:00+09:00,47100.0,47150.0,47000.0,47000.0,701.0
2026-08-05 11:20:00+09:00,47050.0,47150.0,46950.0,46950.0,1384.0
2026-08-05 11:30:00+09:00,46950.0,47000.0,46850.0,46900.0,1387.0
2026-08-05 11:40:00+09:00,46900.0,46925.0,46800.0,46800.0,1329.0
2026-08-05 11:50:00+09:00,46800.0,46800.0,46750.0,46750.0,1509.0
2026-08-05 12:00:00+09:00,46750.0,46900.0,46750.0,46750.0,927.0
2026-08-05 12:10:00+09:00,46850.0,46850.0,46750.0,46800.0,931.0
2026-08-05 12:20:00+09:00,46750.0,46800.0,46700.0,46750.0,993.0
2026-08-05 12:30:00+09:00,46775.0,46775.0,46700.0,46700.0,688.0
2026-08-05 12:40:00+09:00,46750.0,46800.0,46650.0,46650.0,1605.0
2026-08-05 12:50:00+09:00,46650.0,46750.0,46650.0,46650.0,1187.0
2026-08-05 13:00:00+09:00,46650.0,46750.0,46650.0,46650.0,1490.0
2026-08-05 13:10:00+09:00,46700.0,46700.0,46550.0,46600.0,2544.0
2026-08-05 13:20:00+09:00,46550.0,46650.0,46550.0,46600.0,1830.0
2026-08-05 13:30:00+09:00,46550.0,46650.0,46550.0,46600.0,1574.0
2026-08-05 13:40:00+09:00,46650.0,46650.0,46600.0,46625.0,897.0
2026-08-05 13:50:00+09:00,46625.0,46650.0,46550.0,46600.0,1867.0
2026-08-05 14:00:00+09:00,46600.0,46650.0,46600.0,46600.0,628.0
2026-08-05 14:10:00+09:00,46600.0,46650.0,46600.0,46650.0,1057.0
2026-08-05 14:20:00+09:00,46600.0,46650.0,46550.0,46650.0,3014.0
2026-08-05 14:30:00+09:00,46600.0,46650.0,46550.0,46550.0,3029.0
2026-08-05 14:40:00+09:00,46600.0,46600.0,46550.0,46600.0,5006.0
2026-08-05 14:50:00+09:00,46600.0,46650.0,46550.0,46650.0,6340.0
2026-08-06 09:00:00+09:00,46750.0,47000.0,46500.0,46850.0,4566.0
2026-08-06 09:10:00+09:00,46800.0,47100.0,46750.0,46950.0,16729.0
2026-08-06 09:20:00+09:00,46950.0,47000.0,46750.0,46750.0,2554.0
2026-08-06 09:30:00+09:00,46900.0,47150.0,46750.0,47050.0,5044.0
2026-08-06 09:40:00+09:00,47050.0,47100.0,46800.0,47050.0,2284.0
2026-08-06 09:50:00+09:00,46950.0,47100.0,46850.0,46900.0,1079.0
2026-08-06 10:00:00+09:00,46950.0,47000.0,46850.0,46850.0,1034.0
2026-08-06 10:10:00+09:00,46850.0,46900.0,46800.0,46900.0,1264.0
2026-08-06 10:20:00+09:00,46800.0,47000.0,46650.0,46750.0,1703.0
2026-08-06 10:30:00+09:00,46750.0,46850.0,46550.0,46700.0,1692.0
2026-08-06 10:40:00+09:00,46650.0,46750.0,46550.0,46550.0,890.0
2026-08-06 10:50:00+09:00,46750.0,46750.0,46550.0,46750.0,1072.0
2026-08-06 11:00:00+09:00,46600.0,46750.0,46600.0,46750.0,456.0
2026-08-06 11:10:00+09:00,46750.0,46750.0,46600.0,46650.0,622.0
2026-08-06 11:20:00+09:00,46650.0,46700.0,46550.0,46650.0,732.0
2026-08-06 11:30:00+09:00,46650.0,46800.0,46600.0,46650.0,873.0
2026-08-06 11:40:00+09:00,46700.0,46750.0,46650.0,46650.0,505.0
2026-08-06 11:50:00+09:00,46700.0,46750.0,46650.0,46750.0,550.0
2026-08-06 12:00:00+09:00,46650.0,46750.0,46600.0,46650.0,861.0
2026-08-06 12:10:00+09:00,46650.0,46750.0,46600.0,46650.0,485.0
2026-08-06 12:20:00+09:00,46700.0,46700.0,46650.0,46650.0,248.0
2026-08-06 12:30:00+09:00,46700.0,46700.0,46600.0,46650.0,486.0
2026-08-06 12:40:00+09:00,46650.0,46750.0,46650.0,46700.0,865.0
2026-08-06 12:50:00+09:00,46700.0,46700.0,46650.0,46700.0,260.0
2026-08-06 13:00:00+09:00,46650.0,46700.0,46650.0,46700.0,239.0
2026-08-06 13:10:00+09:00,46650.0,46850.0,46650.0,46800.0,1981.0
2026-08-06 13:20:00+09:00,46800.0,46850.0,46700.0,46700.0,1086.0
2026-08-06 13:30:00+09:00,46700.0,46850.0,46700.0,46700.0,1504.0
2026-08-06 13:40:00+09:00,46750.0,47000.0,46750.0,46950.0,2271.0
2026-08-06 13:50:00+09:00,46950.0,47050.0,46850.0,47000.0,2596.0
2026-08-06 14:00:00+09:00,46950.0,47050.0,46750.0,47000.0,1309.0
2026-08-06 14:10:00+09:00,47050.0,47100.0,47000.0,47050.0,2460.0
2026-08-06 14:20:00+09:00,47050.0,47100.0,47000.0,47100.0,1817.0
2026-08-06 14:30:00+09:00,47100.0,47100.0,47050.0,47100.0,648.0
2026-08-06 14:40:00+09:00,47100.0,47150.0,47050.0,47100.0,2921.0
2026-08-06 14:50:00+09:00,47050.0,47100.0,46800.0,47100.0,4828.0
2026-08-07 09:00:00+09:00,47000.0,47550.0,47000.0,47400.0,2716.0
2026-08-07 09:10:00+09:00,47500.0,47600.0,47150.0,47350.0,1998.0
2026-08-07 09:20:00+09:00,47350.0,47450.0,47150.0,47250.0,1542.0
2026-08-07 09:30:00+09:00,47200.0,47650.0,47150.0,47650.0,2212.0
2026-08-07 09:40:00+09:00,47650.0,47850.0,47650.0,47800.0,1448.0
2026-08-07 09:50:00+09:00,47800.0,47900.0,47700.0,47800.0,1917.0
2026-08-07 10:00:00+09:00,47800.0,47950.0,47700.0,47850.0,1714.0
2026-08-07 10:10:00+09:00,47900.0,47900.0,47650.0,47750.0,1045.0
2026-08-07 10:20:00+09:00,47650.0,47900.0,47500.0,47750.0,1385.0
2026-08-07 10:30:00+09:00,47850.0,47900.0,47600.0,47600.0,702.0
2026-08-07 10:40:00+09:00,47700.0,47850.0,47650.0,47850.0,1002.0
2026-08-07 10:50:00+09:00,47850.0,47850.0,47650.0,47750.0,860.0
2026-08-07 11:00:00+09:00,47750.0,47850.0,47700.0,47700.0,778.0
2026-08-07 11:10:00+09:00,47700.0,47850.0,47700.0,47800.0,767.0
2026-08-07 11:20:00+09:00,47850.0,47850.0,47700.0,47800.0,866.0
2026-08-07 11:30:00+09:00,47750.0,47800.0,47650.0,47750.0,337.0
2026-08-07 11:40:00+09:00,47700.0,47750.0,47600.0,47700.0,789.0
2026-08-07 11:50:00+09:00,47800.0,47800.0,47650.0,47750.0,402.0
2026-08-07 12:00:00+09:00,47750.0,47750.0,47600.0,47700.0,1258.0
2026-08-07 12:10:00+09:00,47700.0,47750.0,47550.0,47550.0,497.0
2026-08-07 12:20:00+09:00,47550.0,47600.0,47500.0,47600.0,376.0
2026-08-07 12:30:00+09:00,47600.0,47700.0,47550.0,47650.0,432.0
2026-08-07 12:40:00+09:00,47650.0,47700.0,47650.0,47650.0,432.0
2026-08-07 12:50:00+09:00,47650.0,47700.0,47550.0,47550.0,470.0
2026-08-07 13:00:00+09:00,47550.0,47600.0,47400.0,47500.0,961.0
2026-08-07 13:10:00+09:00,47500.0,47600.0,47350.0,47500.0,829.0
2026-08-07 13:20:00+09:00,47550.0,47700.0,47500.0,47600.0,725.0
2026-08-07 13:30:00+09:00,47600.0,47650.0,47550.0,47600.0,513.0
2026-08-07 13:40:00+09:00,47600.0,47700.0,47550.0,47700.0,444.0
2026-08-07 13:50:00+09:00,47650.0,47700.0,47550.0,47550.0,1070.0
2026-08-07 14:00:00+09:00,47600.0,47700.0,47550.0,47700.0,561.0
2026-08-07 14:10:00+09:00,47700.0,47700.0,47550.0,47700.0,826.0
2026-08-07 14:20:00+09:00,47650.0,47700.0,47550.0,47650.0,457.0
2026-08-07 14:30:00+09:00,47650.0,47700.0,47600.0,47700.0,859.0
2026-08-07 14:40:00+09:00,47700.0,47750.0,47600.0,47700.0,789.0
2026-08-07 14:50:00+09:00,47700.0,47800.0,47700.0,47750.0,1172.0
2026-08-10 09:00:00+09:00,47450.0,47650.0,47150.0,47300.0,1537.0
2026-08-10 09:10:00+09:00,47300.0,47350.0,46700.0,46700.0,9726.0
2026-08-10 09:20:00+09:00,46750.0,47150.0,46750.0,47100.0,1220.0
2026-08-10 09:30:00+09:00,47150.0,47250.0,46950.0,47100.0,648.0
2026-08-10 09:40:00+09:00,47100.0,47300.0,47000.0,47000.0,1074.0
2026-08-10 09:50:00+09:00,47050.0,47300.0,47050.0,47200.0,946.0
2026-08-10 10:00:00+09:00,47200.0,47400.0,47150.0,47250.0,864.0
2026-08-10 10:10:00+09:00,47300.0,47350.0,47200.0,47200.0,609.0
2026-08-10 10:20:00+09:00,47200.0,47400.0,47150.0,47300.0,699.0
2026-08-10 10:30:00+09:00,47300.0,47400.0,47150.0,47350.0,1256.0
2026-08-10 10:40:00+09:00,47250.0,47450.0,47250.0,47400.0,431.0
2026-08-10 10:50:00+09:00,47450.0,47500.0,47400.0,47400.0,707.0
2026-08-10 11:00:00+09:00,47500.0,47500.0,47250.0,47500.0,871.0
2026-08-10 11:10:00+09:00,47450.0,47650.0,47300.0,47400.0,1192.0
2026-08-10 11:20:00+09:00,47400.0,47550.0,47350.0,47550.0,452.0
2026-08-10 11:30:00+09:00,47550.0,47600.0,47500.0,47600.0,410.0
2026-08-10 11:40:00+09:00,47600.0,47750.0,47400.0,47650.0,1211.0
2026-08-10 11:50:00+09:00,47650.0,47700.0,47400.0,47550.0,2272.0
2026-08-10 12:00:00+09:00,47550.0,47600.0,47500.0,47550.0,639.0
2026-08-10 12:10:00+09:00,47550.0,47550.0,47350.0,47500.0,600.0
2026-08-10 12:20:00+09:00,47550.0,47700.0,47500.0,47600.0,359.0
2026-08-10 12:30:00+09:00,47650.0,47750.0,47500.0,47550.0,687.0
2026-08-10 12:40:00+09:00,47550.0,47700.0,47500.0,47550.0,412.0
2026-08-10 12:50:00+09:00,47550.0,47650.0,47500.0,47600.0,448.0
2026-08-10 13:00:00+09:00,47600.0,47600.0,47400.0,47450.0,348.0
2026-08-10 13:10:00+09:00,47450.0,47550.0,47400.0,47500.0,715.0
2026-08-10 13:20:00+09:00,47500.0,47600.0,47450.0,47500.0,528.0
2026-08-10 13:30:00+09:00,47550.0,47650.0,47450.0,47600.0,1274.0
2026-08-10 13:40:00+09:00,47500.0,47550.0,47500.0,47500.0,324.0
2026-08-10 13:50:00+09:00,47500.0,47550.0,47350.0,47400.0,1404.0
2026-08-10 14:00:00+09:00,47400.0,47800.0,47400.0,47600.0,1636.0
2026-08-10 14:10:00+09:00,47600.0,47750.0,47450.0,47650.0,1652.0
2026-08-10 14:20:00+09:00,47550.0,47700.0,47500.0,47700.0,790.0
2026-08-10 14:30:00+09:00,47650.0,47700.0,47650.0,47650.0,415.0
2026-08-10 14:40:00+09:00,47700.0,47700.0,47650.0,47650.0,944.0
2026-08-10 14:50:00+09:00,47650.0,47850.0,47650.0,47700.0,1374.0
2026-08-11 09:00:00+09:00,47700.0,47700.0,47000.0,47300.0,2351.0
2026-08-11 09:10:00+09:00,47300.0,47550.0,47200.0,47500.0,1952.0
2026-08-11 09:20:00+09:00,47500.0,47550.0,47450.0,47550.0,1068.0
2026-08-11 09:30:00+09:00,47550.0,47600.0,47450.0,47575.0,1026.0
2026-08-11 09:40:00+09:00,47575.0,47575.0,47450.0,47450.0,607.0
2026-08-11 09:50:00+09:00,47500.0,47500.0,47300.0,47350.0,1350.0
2026-08-11 10:00:00+09:00,47400.0,47400.0,47350.0,47400.0,786.0
2026-08-11 10:10:00+09:00,47400.0,47450.0,47250.0,47300.0,2776.0
2026-08-11 10:20:00+09:00,47400.0,47400.0,47150.0,47175.0,2123.0
2026-08-11 10:30:00+09:00,47200.0,47350.0,47150.0,47300.0,2014.0
2026-08-11 10:40:00+09:00,47350.0,47500.0,47250.0,47400.0,2581.0
2026-08-11 10:50:00+09:00,47400.0,47450.0,47250.0,47250.0,1534.0
2026-08-11 11:00:00+09:00,47250.0,47300.0,47250.0,47300.0,824.0
2026-08-11 11:10:00+09:00,47250.0,47350.0,47250.0,47300.0,928.0
2026-08-11 11:20:00+09:00,47300.0,47350.0,47300.0,47300.0,202.0
2026-08-11 11:30:00+09:00,47300.0,47300.0,47200.0,47200.0,1852.0
2026-08-11 11:40:00+09:00,47250.0,47250.0,47150.0,47200.0,2614.0
2026-08-11 11:50:00+09:00,47250.0,47250.0,47150.0,47150.0,566.0
2026-08-11 12:00:00+09:00,47150.0,47200.0,47050.0,47050.0,2912.0
2026-08-11 12:10:00+09:00,47050.0,47200.0,47050.0,47125.0,2380.0
2026-08-11 12:20:00+09:00,47125.0,47250.0,47100.0,47100.0,1330.0
2026-08-11 12:30:00+09:00,47100.0,47150.0,47100.0,47100.0,455.0
2026-08-11 12:40:00+09:00,47100.0,47250.0,47100.0,47150.0,7357.0
2026-08-11 12:50:00+09:00,47150.0,47250.0,47100.0,47150.0,1711.0
2026-08-11 13:00:00+09:00,47200.0,47200.0,47100.0,47100.0,801.0
2026-08-11 13:10:00+09:00,47100.0,47250.0,47100.0,47200.0,1950.0
2026-08-11 13:20:00+09:00,47150.0,47200.0,47100.0,47100.0,560.0
2026-08-11 13:30:00+09:00,47100.0,47150.0,47100.0,47100.0,509.0
2026-08-11 13:40:00+09:00,47150.0,47150.0,47050.0,47100.0,2525.0
2026-08-11 13:50:00+09:00,47100.0,47150.0,47050.0,47100.0,1292.0
2026-08-11 14:00:00+09:00,47100.0,47200.0,47050.0,47100.0,2217.0
2026-08-11 14:10:00+09:00,47150.0,47250.0,47100.0,47150.0,1272.0
2026-08-11 14:20:00+09:00,47150.0,47250.0,47100.0,47100.0,2489.0
2026-08-11 14:30:00+09:00,47150.0,47300.0,47100.0,47300.0,3295.0
2026-08-11 14:40:00+09:00,47150.0,47300.0,47150.0,47200.0,1131.0
2026-08-11 14:50:00+09:00,47200.0,47300.0,47150.0,47150.0,3070.0
2026-08-12 09:00:00+09:00,47250.0,47500.0,47150.0,47200.0,2790.0
2026-08-12 09:10:00+09:00,47200.0,47400.0,47150.0,47250.0,961.0
2026-08-12 09:20:00+09:00,47250.0,47350.0,47250.0,47350.0,1278.0
2026-08-12 09:30:00+09:00,47400.0,47550.0,47350.0,47500.0,2284.0
2026-08-12 09:40:00+09:00,47450.0,47500.0,47350.0,47400.0,492.0
2026-08-12 09:50:00+09:00,47350.0,47500.0,47350.0,47350.0,1455.0
2026-08-12 10:00:00+09:00,47350.0,47500.0,47350.0,47400.0,1359.0
2026-08-12 10:10:00+09:00,47450.0,47450.0,47400.0,47400.0,191.0
2026-08-12 10:20:00+09:00,47400.0,47450.0,47300.0,47400.0,1636.0
2026-08-12 10:30:00+09:00,47350.0,47400.0,47250.0,47250.0,1649.0
2026-08-12 10:40:00+09:00,47250.0,47350.0,47200.0,47250.0,1535.0
2026-08-12 10:50:00+09:00,47300.0,47300.0,47250.0,47300.0,204.0
2026-08-12 11:00:00+09:00,47300.0,47325.0,47200.0,47200.0,2419.0
2026-08-12 11:10:00+09:00,47250.0,47250.0,47150.0,47200.0,1610.0
2026-08-12 11:20:00+09:00,47200.0,47250.0,47100.0,47100.0,3119.0
2026-08-12 11:30:00+09:00,47100.0,47250.0,47100.0,47100.0,1908.0
2026-08-12 11:40:00+09:00,47150.0,47200.0,47100.0,47100.0,1655.0
2026-08-12 11:50:00+09:00,47100.0,47150.0,47100.0,47100.0,475.0
2026-08-12 12:00:00+09:00,47150.0,47350.0,47050.0,47050.0,4915.0
2026-08-12 12:10:00+09:00,47100.0,47150.0,47050.0,47100.0,1182.0
2026-08-12 12:20:00+09:00,47100.0,47250.0,47100.0,47200.0,415.0
2026-08-12 12:30:00+09:00,47200.0,47200.0,47100.0,47100.0,1044.0
2026-08-12 12:40:00+09:00,47100.0,47200.0,47100.0,47150.0,1111.0
2026-08-12 12:50:00+09:00,47150.0,47250.0,47150.0,47200.0,884.0
2026-08-12 13:00:00+09:00,47200.0,47250.0,47100.0,47100.0,1242.0
2026-08-12 13:10:00+09:00,47150.0,47150.0,47100.0,47100.0,1007.0
2026-08-12 13:20:00+09:00,47100.0,47150.0,47100.0,47125.0,741.0
2026-08-12 13:30:00+09:00,47125.0,47250.0,47100.0,47150.0,1601.0
2026-08-12 13:40:00+09:00,47150.0,47200.0,47150.0,47150.0,341.0
2026-08-12 13:50:00+09:00,47150.0,47200.0,47150.0,47200.0,526.0
2026-08-12 14:00:00+09:00,47150.0,47200.0,47000.0,47050.0,7041.0
2026-08-12 14:10:00+09:00,47100.0,47100.0,47050.0,47050.0,384.0
2026-08-12 14:20:00+09:00,47100.0,47100.0,47000.0,47000.0,1608.0
2026-08-12 14:30:00+09:00,47050.0,47050.0,47000.0,47000.0,1253.0
2026-08-12 14:40:00+09:00,47050.0,47250.0,47000.0,47100.0,7314.0
2026-08-12 14:50:00+09:00,47150.0,47150.0,47050.0,47050.0,1991.0
2026-08-13 09:00:00+09:00,47100.0,47650.0,47100.0,47600.0,5481.0
2026-08-13 09:10:00+09:00,47600.0,47650.0,47200.0,47200.0,2205.0
2026-08-13 09:20:00+09:00,47250.0,47250.0,46800.0,46850.0,16541.0
2026-08-13 09:30:00+09:00,46850.0,47100.0,46800.0,47050.0,2058.0
2026-08-13 09:40:00+09:00,47050.0,47100.0,47000.0,47050.0,1832.0
2026-08-13 09:50:00+09:00,47050.0,47100.0,46750.0,46800.0,10252.0
2026-08-13 10:00:00+09:00,46800.0,46850.0,46700.0,46700.0,7781.0
2026-08-13 10:10:00+09:00,46750.0,46750.0,46600.0,46600.0,7139.0
2026-08-13 10:20:00+09:00,46600.0,46700.0,46500.0,46550.0,6281.0
2026-08-13 10:30:00+09:00,46600.0,46650.0,46550.0,46650.0,3109.0
2026-08-13 10:40:00+09:00,46650.0,46700.0,46600.0,46650.0,1252.0
2026-08-13 10:50:00+09:00,46650.0,46750.0,46600.0,46700.0,1658.0
2026-08-13 11:00:00+09:00,46700.0,46750.0,46700.0,46700.0,841.0
2026-08-13 11:10:00+09:00,46700.0,46750.0,46650.0,46650.0,2591.0
2026-08-13 11:20:00+09:00,46700.0,46750.0,46600.0,46600.0,3683.0
2026-08-13 11:30:00+09:00,46600.0,46650.0,46550.0,46600.0,4438.0
2026-08-13 11:40:00+09:00,46600.0,46600.0,46450.0,46550.0,10040.0
2026-08-13 11:50:00+09:00,46550.0,46700.0,46500.0,46650.0,2787.0
2026-08-13 12:00:00+09:00,46650.0,46750.0,46650.0,46650.0,1960.0
2026-08-13 12:10:00+09:00,46700.0,46700.0,46600.0,46650.0,4678.0
2026-08-13 12:20:00+09:00,46650.0,46700.0,46600.0,46650.0,2154.0
2026-08-13 12:30:00+09:00,46600.0,46750.0,46600.0,46650.0,2563.0
2026-08-13 12:40:00+09:00,46600.0,46750.0,46600.0,46750.0,3813.0
2026-08-13 12:50:00+09:00,46750.0,46850.0,46700.0,46800.0,6115.0
2026-08-13 13:00:00+09:00,46800.0,46900.0,46750.0,46850.0,883.0
2026-08-13 13:10:00+09:00,46900.0,46900.0,46850.0,46850.0,671.0
2026-08-13 13:20:00+09:00,46850.0,46900.0,46850.0,46850.0,984.0
2026-08-13 13:30:00+09:00,46850.0,46900.0,46850.0,46850.0,820.0
2026-08-13 13:40:00+09:00,46900.0,47000.0,46850.0,46950.0,5463.0
2026-08-13 13:50:00+09:00,46900.0,46950.0,46850.0,46850.0,5406.0
2026-08-13 14:00:00+09:00,46850.0,46950.0,46850.0,46900.0,1959.0
2026-08-13 14:10:00+09:00,46900.0,47100.0,46900.0,46950.0,5387.0
2026-08-13 14:20:00+09:00,46950.0,47000.0,46900.0,46900.0,1224.0
2026-08-13 14:30:00+09:00,46900.0,47000.0,46900.0,46950.0,6051.0
2026-08-13 14:40:00+09:00,46900.0,46950.0,46850.0,46850.0,1309.0
2026-08-13 14:50:00+09:00,46850.0,46900.0,46850.0,46850.0,1580.0
2026-08-14 09:00:00+09:00,46850.0,47650.0,46850.0,47300.0,13585.0
2026-08-14 09:10:00+09:00,47300.0,47600.0,47050.0,47550.0,5654.0
2026-08-14 09:20:00+09:00,47550.0,47700.0,47400.0,47400.0,6868.0
2026-08-14 09:30:00+09:00,47450.0,47850.0,47350.0,47600.0,7119.0
2026-08-14 09:40:00+09:00,47650.0,47800.0,47550.0,47700.0,4971.0
2026-08-14 09:50:00+09:00,47750.0,47850.0,47700.0,47750.0,8061.0
2026-08-14 10:00:00+09:00,47750.0,48100.0,47750.0,47850.0,15052.0
2026-08-14 10:10:00+09:00,47850.0,47950.0,47650.0,47950.0,2729.0
2026-08-14 10:20:00+09:00,47900.0,48100.0,47700.0,47850.0,4466.0
2026-08-14 10:30:00+09:00,47850.0,48050.0,47850.0,47900.0,1652.0
2026-08-14 10:40:00+09:00,47950.0,48050.0,47850.0,47950.0,1461.0
2026-08-14 10:50:00+09:00,48000.0,48100.0,47950.0,48000.0,2558.0
2026-08-14 11:00:00+09:00,48050.0,48100.0,47900.0,47900.0,1684.0
2026-08-14 11:10:00+09:00,48000.0,48050.0,47900.0,47950.0,961.0
2026-08-14 11:20:00+09:00,48000.0,48000.0,47950.0,47950.0,806.0
2026-08-14 11:30:00+09:00,47950.0,48050.0,47900.0,47950.0,1033.0
2026-08-14 11:40:00+09:00,47950.0,48000.0,47900.0,47950.0,1741.0
2026-08-14 11:50:00+09:00,47950.0,48000.0,47900.0,48000.0,805.0
2026-08-14 12:00:00+09:00,48000.0,48150.0,47950.0,48100.0,1774.0
2026-08-14 12:10:00+09:00,48050.0,48200.0,48050.0,48100.0,1722.0
2026-08-14 12:20:00+09:00,48050.0,48200.0,48050.0,48150.0,1250.0
2026-08-14 12:30:00+09:00,48100.0,48350.0,48100.0,48100.0,12616.0
2026-08-14 12:40:00+09:00,48100.0,48250.0,48100.0,48200.0,1238.0
2026-08-14 12:50:00+09:00,48200.0,48250.0,48100.0,48150.0,1049.0
2026-08-14 13:00:00+09:00,48150.0,48250.0,48150.0,48250.0,987.0
2026-08-14 13:10:00+09:00,48250.0,48350.0,48150.0,48300.0,3441.0
2026-08-14 13:20:00+09:00,48250.0,48300.0,48200.0,48250.0,1273.0
2026-08-14 13:30:00+09:00,48250.0,48300.0,48100.0,48200.0,1573.0
2026-08-14 13:40:00+09:00,48200.0,48300.0,48200.0,48200.0,1000.0
2026-08-14 13:50:00+09:00,48200.0,48250.0,48150.0,48150.0,1148.0
2026-08-14 14:00:00+09:00,48200.0,48250.0,48150.0,48200.0,1460.0
2026-08-14 14:10:00+09:00,48200.0,48450.0,48150.0,48400.0,4914.0
2026-08-14 14:20:00+09:00,48400.0,48500.0,48400.0,48500.0,3614.0
2026-08-14 14:30:00+09:00,48500.0,48600.0,48450.0,48500.0,3187.0
2026-08-14 14:40:00+09:00,48500.0,48550.0,48400.0,48500.0,3034.0
2026-08-14 14:50:00+09:00,48450.0,48600.0,48400.0,48450.0,3069.0
2026-08-18 09:00:00+09:00,48000.0,48700.0,48000.0,48550.0,2325.0
2026-08-18 09:10:00+09:00,48650.0,48700.0,48250.0,48300.0,1259.0
2026-08-18 09:20:00+09:00,48300.0,48350.0,48000.0,48100.0,1198.0
2026-08-18 09:30:00+09:00,48050.0,48250.0,47900.0,48000.0,4192.0
2026-08-18 09:40:00+09:00,48000.0,48150.0,47900.0,48000.0,2300.0
2026-08-18 09:50:00+09:00,48000.0,48000.0,47800.0,47900.0,2861.0
2026-08-18 10:00:00+09:00,47950.0,48050.0,47750.0,48000.0,4091.0
2026-08-18 10:10:00+09:00,47800.0,48050.0,47800.0,47900.0,2239.0
2026-08-18 10:20:00+09:00,47900.0,47950.0,47700.0,47750.0,1961.0
2026-08-18 10:30:00+09:00,47750.0,48100.0,47700.0,47850.0,1544.0
2026-08-18 10:40:00+09:00,47875.0,47900.0,47800.0,47825.0,1159.0
2026-08-18 10:50:00+09:00,47825.0,47850.0,47800.0,47800.0,474.0
2026-08-18 11:00:00+09:00,47850.0,48000.0,47850.0,48000.0,1266.0
2026-08-18 11:10:00+09:00,48000.0,48050.0,47950.0,48000.0,732.0
2026-08-18 11:20:00+09:00,48000.0,48050.0,47950.0,48000.0,579.0
2026-08-18 11:30:00+09:00,48000.0,48050.0,47850.0,48050.0,2026.0
2026-08-18 11:40:00+09:00,48000.0,48000.0,47750.0,47900.0,1782.0
2026-08-18 11:50:00+09:00,47900.0,48000.0,47800.0,47850.0,1606.0
2026-08-18 12:00:00+09:00,47800.0,47850.0,47750.0,47750.0,764.0
2026-08-18 12:10:00+09:00,47750.0,47800.0,47750.0,47800.0,491.0
2026-08-18 12:20:00+09:00,47750.0,48000.0,47600.0,47800.0,3414.0
2026-08-18 12:30:00+09:00,47750.0,48000.0,47600.0,47900.0,2966.0
2026-08-18 12:40:00+09:00,47850.0,47900.0,47700.0,47800.0,936.0
2026-08-18 12:50:00+09:00,47800.0,47900.0,47800.0,47850.0,813.0
2026-08-18 13:00:00+09:00,47850.0,47850.0,47800.0,47800.0,561.0
2026-08-18 13:10:00+09:00,47800.0,47850.0,47750.0,47800.0,974.0
2026-08-18 13:20:00+09:00,47800.0,47900.0,47700.0,47750.0,1197.0
2026-08-18 13:30:00+09:00,47750.0,47850.0,47700.0,47750.0,902.0
2026-08-18 13:40:00+09:00,47700.0,47900.0,47700.0,47900.0,1889.0
2026-08-18 13:50:00+09:00,47850.0,47900.0,47750.0,47800.0,527.0
2026-08-18 14:00:00+09:00,47850.0,47900.0,47750.0,47900.0,1412.0
2026-08-18 14:10:00+09:00,47850.0,47900.0,47800.0,47800.0,751.0
2026-08-18 14:20:00+09:00,47850.0,47950.0,47800.0,47850.0,1784.0
2026-08-18 14:30:00+09:00,47850.0,48000.0,47700.0,47700.0,2100.0
2026-08-18 14:40:00+09:00,47700.0,47900.0,47700.0,47750.0,2306.0
2026-08-18 14:50:00+09:00,47800.0,47850.0,47650.0,47650.0,2999.0
2026-08-19 09:00:00+09:00,47600.0,47650.0,46900.0,47200.0,3923.0
2026-08-19 09:10:00+09:00,47000.0,47300.0,46600.0,46800.0,4344.0
2026-08-19 09:20:00+09:00,46800.0,46900.0,46600.0,46750.0,1678.0
2026-08-19 09:30:00+09:00,46750.0,46800.0,46600.0,46800.0,1757.0
2026-08-19 09:40:00+09:00,46800.0,47000.0,46700.0,46900.0,1473.0
2026-08-19 09:50:00+09:00,46900.0,47200.0,46850.0,47150.0,1868.0
2026-08-19 10:00:00+09:00,47150.0,47500.0,47100.0,47350.0,1510.0
2026-08-19 10:10:00+09:00,47400.0,47450.0,47350.0,47400.0,1444.0
2026-08-19 10:20:00+09:00,47400.0,47400.0,47200.0,47300.0,1794.0
2026-08-19 10:30:00+09:00,47300.0,47400.0,47250.0,47300.0,989.0
2026-08-19 10:40:00+09:00,47300.0,47300.0,47100.0,47150.0,1429.0
2026-08-19 10:50:00+09:00,47150.0,47150.0,47000.0,47000.0,1160.0
2026-08-19 11:00:00+09:00,47100.0,47100.0,46800.0,46800.0,1174.0
2026-08-19 11:10:00+09:00,46800.0,46900.0,46800.0,46850.0,1703.0
2026-08-19 11:20:00+09:00,46850.0,46900.0,46800.0,46800.0,977.0
2026-08-19 11:30:00+09:00,46800.0,46850.0,46750.0,46750.0,813.0
2026-08-19 11:40:00+09:00,46800.0,46850.0,46750.0,46750.0,867.0
2026-08-19 11:50:00+09:00,46750.0,46800.0,46700.0,46700.0,1410.0
2026-08-19 12:00:00+09:00,46700.0,47050.0,46700.0,46750.0,2665.0
2026-08-19 12:10:00+09:00,46750.0,46750.0,46650.0,46750.0,2816.0
2026-08-19 12:20:00+09:00,46750.0,46750.0,46700.0,46700.0,1351.0
2026-08-19 12:30:00+09:00,46750.0,47000.0,46650.0,46850.0,2952.0
2026-08-19 12:40:00+09:00,46850.0,46850.0,46700.0,46700.0,816.0
2026-08-19 12:50:00+09:00,46750.0,46750.0,46700.0,46750.0,901.0
2026-08-19 13:00:00+09:00,46700.0,46750.0,46650.0,46700.0,1691.0
2026-08-19 13:10:00+09:00,46700.0,46750.0,46650.0,46700.0,1108.0
2026-08-19 13:20:00+09:00,46700.0,46850.0,46650.0,46700.0,2467.0
2026-08-19 13:30:00+09:00,46700.0,46750.0,46650.0,46750.0,1588.0
2026-08-19 13:40:00+09:00,46750.0,46750.0,46650.0,46750.0,1217.0
2026-08-19 13:50:00+09:00,46700.0,46750.0,46700.0,46700.0,1275.0
2026-08-19 14:00:00+09:00,46700.0,46950.0,46700.0,46800.0,3545.0
2026-08-19 14:10:00+09:00,46800.0,46800.0,46650.0,46650.0,1327.0
2026-08-19 14:20:00+09:00,46700.0,46750.0,46650.0,46750.0,3634.0
2026-08-19 14:30:00+09:00,46750.0,46750.0,46650.0,46700.0,1341.0
2026-08-19 14:40:00+09:00,46700.0,46700.0,46650.0,46700.0,1205.0
2026-08-19 14:50:00+09:00,46700.0,46700.0,46600.0,46600.0,5800.0
2026-08-20 09:00:00+09:00,46750.0,47150.0,46650.0,46800.0,4243.0
2026-08-20 09:10:00+09:00,46800.0,46800.0,46600.0,46600.0,2035.0
2026-08-20 09:20:00+09:00,46600.0,46800.0,46600.0,46700.0,1421.0
2026-08-20 09:30:00+09:00,46650.0,46850.0,46650.0,46675.0,1113.0
2026-08-20 09:40:00+09:00,46650.0,46950.0,46650.0,46650.0,1379.0
2026-08-20 09:50:00+09:00,46650.0,46700.0,46600.0,46600.0,1384.0
2026-08-20 10:00:00+09:00,46650.0,46650.0,46550.0,46600.0,3874.0
2026-08-20 10:10:00+09:00,46600.0,46650.0,46600.0,46600.0,414.0
2026-08-20 10:20:00+09:00,46600.0,46650.0,46600.0,46600.0,319.0
2026-08-20 10:30:00+09:00,46600.0,46700.0,46600.0,46650.0,4646.0
2026-08-20 10:40:00+09:00,46700.0,46750.0,46650.0,46750.0,3887.0
2026-08-20 10:50:00+09:00,46700.0,46750.0,46700.0,46700.0,199.0
2026-08-20 11:00:00+09:00,46750.0,46850.0,46550.0,46550.0,8895.0
2026-08-20 11:10:00+09:00,46600.0,46650.0,46550.0,46600.0,3038.0
2026-08-20 11:20:00+09:00,46650.0,46650.0,46550.0,46550.0,1401.0
2026-08-20 11:30:00+09:00,46600.0,46600.0,46550.0,46550.0,357.0
2026-08-20 11:40:00+09:00,46550.0,46600.0,46550.0,46550.0,583.0
2026-08-20 11:50:00+09:00,46600.0,46600.0,46550.0,46550.0,775.0
2026-08-20 12:00:00+09:00,46550.0,46600.0,46550.0,46550.0,819.0
2026-08-20 12:10:00+09:00,46550.0,46600.0,46550.0,46550.0,561.0
2026-08-20 12:20:00+09:00,46600.0,46600.0,46500.0,46500.0,5422.0
2026-08-20 12:30:00+09:00,46550.0,46600.0,46500.0,46550.0,2345.0
2026-08-20 12:40:00+09:00,46600.0,46600.0,46550.0,46550.0,1531.0
2026-08-20 12:50:00+09:00,46600.0,46600.0,46450.0,46475.0,3961.0
2026-08-20 13:00:00+09:00,46475.0,46550.0,46450.0,46450.0,1883.0
2026-08-20 13:10:00+09:00,46500.0,46550.0,46450.0,46500.0,1671.0
2026-08-20 13:20:00+09:00,46500.0,46525.0,46400.0,46400.0,4474.0
2026-08-20 13:30:00+09:00,46400.0,46450.0,46300.0,46300.0,7196.0
2026-08-20 13:40:00+09:00,46350.0,46350.0,46300.0,46350.0,2899.0
2026-08-20 13:50:00+09:00,46300.0,46400.0,46300.0,46300.0,2588.0
2026-08-20 14:00:00+09:00,46300.0,46350.0,46300.0,46300.0,1693.0
2026-08-20 14:10:00+09:00,46350.0,46350.0,46300.0,46300.0,1362.0
2026-08-20 14:20:00+09:00,46300.0,46350.0,46200.0,46250.0,8664.0
2026-08-20 14:30:00+09:00,46250.0,46250.0,46200.0,46200.0,2377.0
2026-08-20 14:40:00+09:00,46200.0,46200.0,46100.0,46100.0,4873.0
2026-08-20 14:50:00+09:00,46150.0,46150.0,46050.0,46100.0,5316.0
2026-08-21 09:00:00+09:00,46000.0,46000.0,45500.0,45600.0,3556.0
2026-08-21 09:10:00+09:00,45650.0,46000.0,45400.0,46000.0,3931.0
2026-08-21 09:20:00+09:00,45950.0,45950.0,45700.0,45850.0,1495.0
2026-08-21 09:30:00+09:00,45900.0,45950.0,45700.0,45950.0,1395.0
2026-08-21 09:40:00+09:00,46000.0,46100.0,45850.0,45950.0,746.0
2026-08-21 09:50:00+09:00,46000.0,46050.0,45750.0,45750.0,1479.0
2026-08-21 10:00:00+09:00,45800.0,45900.0,45700.0,45900.0,2998.0
2026-08-21 10:10:00+09:00,45900.0,46050.0,45800.0,45900.0,932.0
2026-08-21 10:20:00+09:00,45950.0,46100.0,45850.0,45850.0,1145.0
2026-08-21 10:30:00+09:00,45900.0,45900.0,45750.0,45800.0,1282.0
2026-08-21 10:40:00+09:00,45800.0,46050.0,45800.0,45950.0,2261.0
2026-08-21 10:50:00+09:00,46000.0,46000.0,45850.0,45850.0,614.0
2026-08-21 11:00:00+09:00,45850.0,46100.0,45850.0,46000.0,1225.0
2026-08-21 11:10:00+09:00,45950.0,46100.0,45950.0,46000.0,564.0
2026-08-21 11:20:00+09:00,46050.0,46050.0,45900.0,46000.0,1214.0
2026-08-21 11:30:00+09:00,46000.0,46000.0,45950.0,46000.0,336.0
2026-08-21 11:40:00+09:00,46000.0,46050.0,45950.0,46000.0,924.0
2026-08-21 11:50:00+09:00,46050.0,46100.0,46000.0,46050.0,587.0
2026-08-21 12:00:00+09:00,46100.0,46200.0,46000.0,46150.0,2238.0
2026-08-21 12:10:00+09:00,46150.0,46300.0,46100.0,46250.0,1973.0
2026-08-21 12:20:00+09:00,46250.0,46350.0,46200.0,46200.0,1332.0
2026-08-21 12:30:00+09:00,46250.0,46250.0,46200.0,46250.0,783.0
2026-08-21 12:40:00+09:00,46250.0,46300.0,46100.0,46100.0,658.0
2026-08-21 12:50:00+09:00,46100.0,46300.0,46050.0,46250.0,775.0
2026-08-21 13:00:00+09:00,46300.0,46300.0,46100.0,46250.0,1253.0
2026-08-21 13:10:00+09:00,46300.0,46400.0,46100.0,46250.0,2467.0
2026-08-21 13:20:00+09:00,46250.0,46350.0,46200.0,46300.0,1172.0
2026-08-21 13:30:00+09:00,46300.0,46400.0,46300.0,46300.0,583.0
2026-08-21 13:40:00+09:00,46350.0,46400.0,46300.0,46350.0,464.0
2026-08-21 13:50:00+09:00,46350.0,46450.0,46350.0,46400.0,897.0
2026-08-21 14:00:00+09:00,46400.0,46400.0,46250.0,46250.0,674.0
2026-08-21 14:10:00+09:00,46300.0,46300.0,46200.0,46200.0,1207.0
2026-08-21 14:20:00+09:00,46200.0,46250.0,46050.0,46100.0,1609.0
2026-08-21 14:30:00+09:00,46100.0,46150.0,46050.0,46150.0,1076.0
2026-08-21 14:40:00+09:00,46100.0,46150.0,46050.0,46050.0,1400.0
2026-08-21 14:50:00+09:00,46050.0,46150.0,46000.0,46100.0,1035.0
2026-08-24 09:00:00+09:00,46150.0,46250.0,45950.0,46200.0,870.0
2026-08-24 09:10:00+09:00,46200.0,46400.0,46200.0,46200.0,1434.0
2026-08-24 09:20:00+09:00,46250.0,46400.0,46200.0,46400.0,2838.0
2026-08-24 09:30:00+09:00,46400.0,46450.0,46200.0,46300.0,764.0
2026-08-24 09:40:00+09:00,46250.0,46400.0,46200.0,46350.0,971.0
2026-08-24 09:50:00+09:00,46350.0,46400.0,46150.0,46200.0,863.0
2026-08-24 10:00:00+09:00,46200.0,46350.0,46000.0,46000.0,1214.0
2026-08-24 10:10:00+09:00,46050.0,46250.0,46000.0,46050.0,1089.0
2026-08-24 10:20:00+09:00,46000.0,46100.0,45950.0,45950.0,1538.0
2026-08-24 10:30:00+09:00,45950.0,46000.0,45950.0,45950.0,774.0
2026-08-24 10:40:00+09:00,45900.0,46100.0,45850.0,46100.0,3195.0
2026-08-24 10:50:00+09:00,45950.0,46150.0,45950.0,46050.0,977.0
2026-08-24 11:00:00+09:00,46050.0,46150.0,46000.0,46050.0,835.0
2026-08-24 11:10:00+09:00,46050.0,46150.0,46000.0,46050.0,496.0
2026-08-24 11:20:00+09:00,46050.0,46250.0,46000.0,46200.0,1500.0
2026-08-24 11:30:00+09:00,46200.0,46350.0,46100.0,46200.0,607.0
2026-08-24 11:40:00+09:00,46200.0,46300.0,46100.0,46150.0,832.0
2026-08-24 11:50:00+09:00,46150.0,46250.0,46050.0,46100.0,817.0
2026-08-24 12:00:00+09:00,46150.0,46250.0,46100.0,46200.0,634.0
2026-08-24 12:10:00+09:00,46250.0,46250.0,46150.0,46150.0,680.0
2026-08-24 12:20:00+09:00,46150.0,46200.0,46050.0,46150.0,687.0
2026-08-24 12:30:00+09:00,46150.0,46200.0,46150.0,46200.0,208.0
2026-08-24 12:40:00+09:00,46150.0,46200.0,46050.0,46050.0,487.0
2026-08-24 12:50:00+09:00,46050.0,46200.0,46050.0,46150.0,855.0
2026-08-24 13:00:00+09:00,46200.0,46200.0,46000.0,46000.0,453.0
2026-08-24 13:10:00+09:00,46000.0,46200.0,46000.0,46200.0,395.0
2026-08-24 13:20:00+09:00,46050.0,46200.0,46000.0,46000.0,697.0
2026-08-24 13:30:00+09:00,46000.0,46200.0,46000.0,46050.0,608.0
2026-08-24 13:40:00+09:00,46050.0,46200.0,46000.0,46200.0,652.0
2026-08-24 13:50:00+09:00,46000.0,46300.0,46000.0,46200.0,1544.0
2026-08-24 14:00:00+09:00,46250.0,46250.0,46050.0,46100.0,905.0
2026-08-24 14:10:00+09:00,46100.0,46250.0,46100.0,46100.0,834.0
2026-08-24 14:20:00+09:00,46200.0,46350.0,46100.0,46250.0,1870.0
2026-08-24 14:30:00+09:00,46250.0,46300.0,46200.0,46250.0,545.0
2026-08-24 14:40:00+09:00,46250.0,46300.0,46100.0,46100.0,1014.0
2026-08-24 14:50:00+09:00,46100.0,46300.0,46100.0,46200.0,1678.0
2026-08-25 09:00:00+09:00,46250.0,46500.0,46200.0,46350.0,2573.0
2026-08-25 09:10:00+09:00,46500.0,46550.0,46200.0,46200.0,1062.0
2026-08-25 09:20:00+09:00,46200.0,46500.0,46100.0,46300.0,2053.0
2026-08-25 09:30:00+09:00,46300.0,46400.0,46250.0,46250.0,1255.0
2026-08-25 09:40:00+09:00,46200.0,46500.0,46200.0,46300.0,1991.0
2026-08-25 09:50:00+09:00,46300.0,46350.0,46150.0,46200.0,1515.0
2026-08-25 10:00:00+09:00,46200.0,46300.0,46150.0,46150.0,1322.0
2026-08-25 10:10:00+09:00,46200.0,46250.0,46150.0,46250.0,900.0
2026-08-25 10:20:00+09:00,46250.0,46300.0,46100.0,46200.0,1072.0
2026-08-25 10:30:00+09:00,46200.0,46350.0,46150.0,46300.0,1025.0
2026-08-25 10:40:00+09:00,46250.0,46375.0,46150.0,46250.0,1263.0
2026-08-25 10:50:00+09:00,46300.0,46350.0,46200.0,46350.0,386.0
2026-08-25 11:00:00+09:00,46300.0,46350.0,46250.0,46250.0,530.0
2026-08-25 11:10:00+09:00,46300.0,46300.0,46200.0,46250.0,478.0
2026-08-25 11:20:00+09:00,46250.0,46400.0,46250.0,46300.0,1460.0
2026-08-25 11:30:00+09:00,46300.0,46350.0,46200.0,46200.0,917.0
2026-08-25 11:40:00+09:00,46250.0,46350.0,46150.0,46150.0,892.0
2026-08-25 11:50:00+09:00,46150.0,46350.0,46150.0,46250.0,917.0
2026-08-25 12:00:00+09:00,46250.0,46450.0,46250.0,46400.0,1356.0
2026-08-25 12:10:00+09:00,46400.0,46450.0,46400.0,46450.0,777.0
2026-08-25 12:20:00+09:00,46450.0,46500.0,46400.0,46500.0,628.0
2026-08-25 12:30:00+09:00,46475.0,46500.0,46400.0,46400.0,834.0
2026-08-25 12:40:00+09:00,46400.0,46400.0,46300.0,46350.0,795.0
2026-08-25 12:50:00+09:00,46350.0,46450.0,46350.0,46450.0,1300.0
2026-08-25 13:00:00+09:00,46450.0,46450.0,46150.0,46400.0,2790.0
2026-08-25 13:10:00+09:00,46400.0,46400.0,46250.0,46300.0,1456.0
2026-08-25 13:20:00+09:00,46300.0,46450.0,46250.0,46250.0,1660.0
2026-08-25 13:30:00+09:00,46250.0,46350.0,46250.0,46300.0,1169.0
2026-08-25 13:40:00+09:00,46300.0,46350.0,46250.0,46300.0,2144.0
2026-08-25 13:50:00+09:00,46300.0,46350.0,46250.0,46350.0,1952.0
2026-08-25 14:00:00+09:00,46250.0,46400.0,46250.0,46250.0,1837.0
2026-08-25 14:10:00+09:00,46300.0,46300.0,46250.0,46250.0,1376.0
2026-08-25 14:20:00+09:00,46300.0,46300.0,46200.0,46250.0,3484.0
2026-08-25 14:30:00+09:00,46225.0,46500.0,46200.0,46200.0,4027.0
2026-08-25 14:40:00+09:00,46200.0,46250.0,46150.0,46150.0,2811.0
2026-08-25 14:50:00+09:00,46200.0,46250.0,46150.0,46200.0,2695.0
2026-08-26 09:00:00+09:00,46400.0,46450.0,46100.0,46300.0,2086.0
2026-08-26 09:10:00+09:00,46250.0,46450.0,46200.0,46400.0,726.0
2026-08-26 09:20:00+09:00,46300.0,46450.0,46200.0,46250.0,2648.0
2026-08-26 09:30:00+09:00,46250.0,46550.0,46250.0,46500.0,3313.0
2026-08-26 09:40:00+09:00,46500.0,46550.0,46400.0,46500.0,587.0
2026-08-26 09:50:00+09:00,46400.0,46650.0,46400.0,46450.0,5742.0
2026-08-26 10:00:00+09:00,46450.0,46600.0,46450.0,46450.0,2588.0
2026-08-26 10:10:00+09:00,46550.0,46550.0,46450.0,46450.0,865.0
2026-08-26 10:20:00+09:00,46550.0,46700.0,46450.0,46600.0,8511.0
2026-08-26 10:30:00+09:00,46650.0,46750.0,46550.0,46550.0,3691.0
2026-08-26 10:40:00+09:00,46550.0,46650.0,46550.0,46550.0,613.0
2026-08-26 10:50:00+09:00,46600.0,46700.0,46550.0,46550.0,2105.0
2026-08-26 11:00:00+09:00,46650.0,46650.0,46550.0,46550.0,765.0
2026-08-26 11:10:00+09:00,46600.0,46700.0,46550.0,46600.0,1920.0
2026-08-26 11:20:00+09:00,46600.0,46750.0,46600.0,46650.0,2958.0
2026-08-26 11:30:00+09:00,46700.0,46750.0,46650.0,46650.0,944.0
2026-08-26 11:40:00+09:00,46650.0,46750.0,46650.0,46700.0,1075.0
2026-08-26 11:50:00+09:00,46700.0,46750.0,46650.0,46650.0,1321.0
2026-08-26 12:00:00+09:00,46700.0,46750.0,46600.0,46650.0,2541.0
2026-08-26 12:10:00+09:00,46675.0,46700.0,46650.0,46650.0,474.0
2026-08-26 12:20:00+09:00,46650.0,46700.0,46650.0,46650.0,661.0
2026-08-26 12:30:00+09:00,46650.0,46700.0,46650.0,46650.0,293.0
2026-08-26 12:40:00+09:00,46650.0,46700.0,46650.0,46650.0,305.0
2026-08-26 12:50:00+09:00,46650.0,46700.0,46500.0,46500.0,3172.0
2026-08-26 13:00:00+09:00,46550.0,46550.0,46500.0,46500.0,578.0
2026-08-26 13:10:00+09:00,46550.0,46700.0,46550.0,46600.0,2425.0
2026-08-26 13:20:00+09:00,46650.0,46650.0,46550.0,46550.0,1454.0
2026-08-26 13:30:00+09:00,46550.0,46600.0,46500.0,46500.0,1222.0
2026-08-26 13:40:00+09:00,46550.0,46550.0,46450.0,46550.0,1990.0
2026-08-26 13:50:00+09:00,46500.0,46550.0,46450.0,46500.0,1476.0
2026-08-26 14:00:00+09:00,46500.0,46600.0,46475.0,46550.0,715.0
2026-08-26 14:10:00+09:00,46600.0,46650.0,46500.0,46600.0,2111.0
2026-08-26 14:20:00+09:00,46600.0,46700.0,46600.0,46650.0,1564.0
2026-08-26 14:30:00+09:00,46650.0,46700.0,46550.0,46600.0,2138.0
2026-08-26 14:40:00+09:00,46550.0,46600.0,46500.0,46500.0,1194.0
2026-08-26 14:50:00+09:00,46550.0,46550.0,46500.0,46550.0,1309.0
2026-08-27 09:00:00+09:00,46900.0,47200.0,46550.0,46650.0,6095.0
2026-08-27 09:10:00+09:00,46600.0,46800.0,46450.0,46550.0,3115.0
2026-08-27 09:20:00+09:00,46550.0,46700.0,46450.0,46500.0,1182.0
2026-08-27 09:30:00+09:00,46500.0,46750.0,46500.0,46750.0,1047.0
2026-08-27 09:40:00+09:00,46700.0,46700.0,46450.0,46500.0,1343.0
2026-08-27 09:50:00+09:00,46500.0,46600.0,46500.0,46500.0,811.0
2026-08-27 10:00:00+09:00,46500.0,46700.0,46450.0,46650.0,2416.0
2026-08-27 10:10:00+09:00,46650.0,46650.0,46500.0,46500.0,1455.0
2026-08-27 10:20:00+09:00,46500.0,46600.0,46500.0,46550.0,536.0
2026-08-27 10:30:00+09:00,46600.0,46700.0,46400.0,46550.0,3248.0
2026-08-27 10:40:00+09:00,46550.0,46650.0,46300.0,46400.0,2431.0
2026-08-27 10:50:00+09:00,46400.0,46650.0,46350.0,46550.0,4226.0
2026-08-27 11:00:00+09:00,46450.0,46550.0,46400.0,46400.0,557.0
2026-08-27 11:10:00+09:00,46400.0,46500.0,46400.0,46400.0,532.0
2026-08-27 11:20:00+09:00,46400.0,46450.0,46400.0,46400.0,455.0
2026-08-27 11:30:00+09:00,46400.0,46550.0,46400.0,46550.0,1358.0
2026-08-27 11:40:00+09:00,46500.0,46550.0,46400.0,46400.0,2007.0
2026-08-27 11:50:00+09:00,46450.0,46600.0,46400.0,46500.0,1200.0
2026-08-27 12:00:00+09:00,46500.0,46550.0,46400.0,46400.0,2468.0
2026-08-27 12:10:00+09:00,46450.0,46500.0,46350.0,46400.0,2303.0
2026-08-27 12:20:00+09:00,46400.0,46400.0,46250.0,46300.0,4378.0
2026-08-27 12:30:00+09:00,46300.0,46400.0,46250.0,46350.0,2329.0
2026-08-27 12:40:00+09:00,46350.0,46400.0,46300.0,46300.0,714.0
2026-08-27 12:50:00+09:00,46350.0,46350.0,46300.0,46300.0,182.0
2026-08-27 13:00:00+09:00,46350.0,46350.0,46300.0,46300.0,216.0
2026-08-27 13:10:00+09:00,46350.0,46350.0,46300.0,46300.0,451.0
2026-08-27 13:20:00+09:00,46350.0,46350.0,46250.0,46250.0,3954.0
2026-08-27 13:30:00+09:00,46300.0,46450.0,46250.0,46300.0,2999.0
2026-08-27 13:40:00+09:00,46300.0,46350.0,46300.0,46350.0,94.0
2026-08-27 13:50:00+09:00,46350.0,46350.0,46300.0,46300.0,999.0
2026-08-27 14:00:00+09:00,46300.0,46450.0,46300.0,46350.0,1739.0
2026-08-27 14:10:00+09:00,46400.0,46400.0,46250.0,46250.0,2463.0
2026-08-27 14:20:00+09:00,46250.0,46300.0,46250.0,46250.0,864.0
2026-08-27 14:30:00+09:00,46250.0,46400.0,46250.0,46300.0,3089.0
2026-08-27 14:40:00+09:00,46300.0,46400.0,46300.0,46350.0,1769.0
2026-08-27 14:50:00+09:00,46350.0,46500.0,46250.0,46250.0,3345.0
2026-08-28 09:00:00+09:00,46250.0,46350.0,45800.0,45900.0,7203.0
2026-08-28 09:10:00+09:00,45900.0,45950.0,45650.0,45800.0,7938.0
2026-08-28 09:20:00+09:00,45800.0,45900.0,45800.0,45900.0,1471.0
2026-08-28 09:30:00+09:00,45900.0,45950.0,45900.0,45900.0,2277.0
2026-08-28 09:40:00+09:00,45950.0,46000.0,45900.0,46000.0,1805.0
2026-08-28 09:50:00+09:00,46000.0,46100.0,45950.0,46100.0,836.0
2026-08-28 10:00:00+09:00,46100.0,46350.0,46050.0,46250.0,3039.0
2026-08-28 10:10:00+09:00,46250.0,46350.0,46200.0,46275.0,866.0
2026-08-28 10:20:00+09:00,46275.0,46275.0,46150.0,46150.0,1791.0
2026-08-28 10:30:00+09:00,46150.0,46200.0,46000.0,46050.0,2575.0
2026-08-28 10:40:00+09:00,46050.0,46100.0,46000.0,46050.0,977.0
2026-08-28 10:50:00+09:00,46050.0,46100.0,46050.0,46050.0,525.0
2026-08-28 11:00:00+09:00,46100.0,46200.0,46000.0,46200.0,1567.0
2026-08-28 11:10:00+09:00,46200.0,46350.0,46150.0,46300.0,1650.0
2026-08-28 11:20:00+09:00,46250.0,46250.0,46050.0,46100.0,712.0
2026-08-28 11:30:00+09:00,46150.0,46300.0,46100.0,46300.0,1519.0
2026-08-28 11:40:00+09:00,46300.0,46300.0,46200.0,46250.0,308.0
2026-08-28 11:50:00+09:00,46200.0,46400.0,46200.0,46400.0,1851.0
2026-08-28 12:00:00+09:00,46350.0,46450.0,46300.0,46400.0,998.0
2026-08-28 12:10:00+09:00,46350.0,46500.0,46300.0,46450.0,1831.0
2026-08-28 12:20:00+09:00,46350.0,46500.0,46350.0,46500.0,1342.0
2026-08-28 12:30:00+09:00,46500.0,46500.0,46450.0,46450.0,1892.0
2026-08-28 12:40:00+09:00,46450.0,46550.0,46400.0,46500.0,2147.0
2026-08-28 12:50:00+09:00,46500.0,46550.0,46400.0,46550.0,3314.0
2026-08-28 13:00:00+09:00,46550.0,46550.0,46350.0,46350.0,1971.0
2026-08-28 13:10:00+09:00,46450.0,46550.0,46400.0,46550.0,1701.0
2026-08-28 13:20:00+09:00,46550.0,46550.0,46400.0,46500.0,367.0
2026-08-28 13:30:00+09:00,46450.0,46550.0,46450.0,46550.0,1769.0
2026-08-28 13:40:00+09:00,46550.0,46650.0,46500.0,46600.0,3713.0
2026-08-28 13:50:00+09:00,46600.0,46700.0,46600.0,46650.0,1794.0
2026-08-28 14:00:00+09:00,46650.0,46700.0,46650.0,46650.0,1946.0
2026-08-28 14:10:00+09:00,46650.0,46800.0,46650.0,46800.0,3875.0
2026-08-28 14:20:00+09:00,46800.0,46950.0,46750.0,46850.0,4609.0
2026-08-28 14:30:00+09:00,46850.0,46850.0,46750.0,46800.0,1008.0
2026-08-28 14:40:00+09:00,46750.0,46800.0,46750.0,46800.0,1089.0
2026-08-28 14:50:00+09:00,46800.0,47200.0,46750.0,47100.0,6916.0
2026-08-31 09:00:00+09:00,47000.0,47250.0,46700.0,46750.0,536.0
2026-08-31 09:10:00+09:00,46800.0,46900.0,46650.0,46750.0,1176.0
2026-08-31 09:20:00+09:00,46800.0,47000.0,46650.0,46850.0,971.0
2026-08-31 09:30:00+09:00,46850.0,46900.0,46750.0,46750.0,680.0
2026-08-31 09:40:00+09:00,46750.0,46850.0,46650.0,46700.0,1089.0
2026-08-31 09:50:00+09:00,46700.0,46750.0,46500.0,46550.0,3012.0
2026-08-31 10:00:00+09:00,46550.0,46600.0,46450.0,46450.0,2205.0
2026-08-31 10:10:00+09:00,46500.0,46500.0,46450.0,46500.0,786.0
2026-08-31 10:20:00+09:00,46450.0,46500.0,46350.0,46400.0,1508.0
2026-08-31 10:30:00+09:00,46450.0,46550.0,46350.0,46450.0,652.0
2026-08-31 10:40:00+09:00,46500.0,46500.0,46400.0,46450.0,372.0
2026-08-31 10:50:00+09:00,46450.0,46600.0,46400.0,46500.0,1051.0
2026-08-31 11:00:00+09:00,46550.0,46550.0,46500.0,46500.0,311.0
2026-08-31 11:10:00+09:00,46550.0,46750.0,46500.0,46700.0,1046.0
2026-08-31 11:20:00+09:00,46650.0,46700.0,46600.0,46700.0,683.0
2026-08-31 11:30:00+09:00,46650.0,46700.0,46650.0,46700.0,287.0
2026-08-31 11:40:00+09:00,46700.0,46850.0,46650.0,46850.0,1615.0
2026-08-31 11:50:00+09:00,46850.0,47050.0,46800.0,46950.0,1748.0
2026-08-31 12:00:00+09:00,46900.0,46950.0,46850.0,46900.0,640.0
2026-08-31 12:10:00+09:00,46900.0,47000.0,46900.0,46900.0,1816.0
2026-08-31 12:20:00+09:00,46900.0,46900.0,46750.0,46850.0,767.0
2026-08-31 12:30:00+09:00,46800.0,46850.0,46750.0,46800.0,639.0
2026-08-31 12:40:00+09:00,46800.0,46900.0,46750.0,46900.0,1615.0
2026-08-31 12:50:00+09:00,46900.0,47000.0,46850.0,46950.0,1420.0
2026-08-31 13:00:00+09:00,47000.0,47000.0,46900.0,46900.0,718.0
2026-08-31 13:10:00+09:00,46900.0,46950.0,46900.0,46950.0,421.0
2026-08-31 13:20:00+09:00,46950.0,47000.0,46900.0,46950.0,1123.0
2026-08-31 13:30:00+09:00,46950.0,47000.0,46900.0,46900.0,1277.0
2026-08-31 13:40:00+09:00,46950.0,46950.0,46900.0,46950.0,509.0
2026-08-31 13:50:00+09:00,46950.0,47000.0,46900.0,46950.0,1946.0
2026-08-31 14:00:00+09:00,46950.0,47100.0,46800.0,46950.0,5757.0
2026-08-31 14:10:00+09:00,47000.0,47000.0,46900.0,47000.0,514.0
2026-08-31 14:20:00+09:00,47000.0,47000.0,46850.0,46950.0,3304.0
2026-08-31 14:30:00+09:00,46950.0,46950.0,46850.0,46950.0,501.0
2026-08-31 14:40:00+09:00,46900.0,46950.0,46850.0,46900.0,1562.0
2026-08-31 14:50:00+09:00,46900.0,47000.0,46850.0,46950.0,1195.0
2026-09-01 09:00:00+09:00,46600.0,46650.0,46100.0,46400.0,9035.0
2026-09-01 09:10:00+09:00,46400.0,46800.0,46350.0,46800.0,5025.0
2026-09-01 09:20:00+09:00,46800.0,46800.0,46600.0,46650.0,1553.0
2026-09-01 09:30:00+09:00,46650.0,46750.0,46450.0,46450.0,2783.0
2026-09-01 09:40:00+09:00,46450.0,46550.0,46250.0,46250.0,11808.0
2026-09-01 09:50:00+09:00,46300.0,46350.0,46100.0,46125.0,15503.0
2026-09-01 10:00:00+09:00,46125.0,46250.0,46100.0,46250.0,3684.0
2026-09-01 10:10:00+09:00,46200.0,46300.0,46150.0,46150.0,4417.0
2026-09-01 10:20:00+09:00,46150.0,46150.0,46050.0,46150.0,6730.0
2026-09-01 10:30:00+09:00,46150.0,46300.0,46100.0,46150.0,1899.0
2026-09-01 10:40:00+09:00,46150.0,46200.0,46150.0,46150.0,713.0
2026-09-01 10:50:00+09:00,46150.0,46200.0,46100.0,46150.0,1164.0
2026-09-01 11:00:00+09:00,46100.0,46200.0,46100.0,46150.0,3141.0
2026-09-01 11:10:00+09:00,46150.0,46150.0,45950.0,46000.0,9280.0
2026-09-01 11:20:00+09:00,46050.0,46050.0,45900.0,45950.0,4974.0
2026-09-01 11:30:00+09:00,45950.0,45950.0,45850.0,45850.0,4006.0
2026-09-01 11:40:00+09:00,45900.0,45950.0,45850.0,45900.0,5280.0
2026-09-01 11:50:00+09:00,45900.0,46050.0,45900.0,46000.0,2773.0
2026-09-01 12:00:00+09:00,46050.0,46050.0,45900.0,45950.0,1270.0
2026-09-01 12:10:00+09:00,46000.0,46050.0,45950.0,46000.0,1723.0
2026-09-01 12:20:00+09:00,46000.0,46000.0,45900.0,45950.0,2009.0
2026-09-01 12:30:00+09:00,45950.0,46000.0,45950.0,45975.0,1277.0
2026-09-01 12:40:00+09:00,45975.0,46000.0,45950.0,45950.0,1129.0
2026-09-01 12:50:00+09:00,45950.0,46000.0,45950.0,45950.0,1033.0
2026-09-01 13:00:00+09:00,45950.0,46000.0,45900.0,45900.0,1753.0
2026-09-01 13:10:00+09:00,45900.0,45950.0,45900.0,45900.0,1524.0
2026-09-01 13:20:00+09:00,45900.0,45950.0,45900.0,45900.0,1200.0
2026-09-01 13:30:00+09:00,45900.0,46050.0,45900.0,46050.0,5897.0
2026-09-01 13:40:00+09:00,46050.0,46050.0,45950.0,46000.0,2284.0
2026-09-01 13:50:00+09:00,46000.0,46000.0,45950.0,45950.0,833.0
2026-09-01 14:00:00+09:00,45950.0,46050.0,45950.0,46050.0,2650.0
2026-09-01 14:10:00+09:00,46000.0,46050.0,45950.0,45950.0,2304.0
2026-09-01 14:20:00+09:00,45950.0,46000.0,45950.0,45950.0,1647.0
2026-09-01 14:30:00+09:00,46000.0,46000.0,45900.0,46000.0,5815.0
2026-09-01 14:40:00+09:00,45975.0,46050.0,45950.0,46050.0,3204.0
2026-09-01 14:50:00+09:00,46000.0,46150.0,46000.0,46100.0,4918.0
2026-09-02 09:00:00+09:00,46050.0,46050.0,45700.0,45800.0,2661.0
2026-09-02 09:10:00+09:00,45850.0,46000.0,45750.0,45850.0,2441.0
2026-09-02 09:20:00+09:00,45850.0,46050.0,45700.0,45850.0,4815.0
2026-09-02 09:30:00+09:00,45850.0,45950.0,45700.0,45800.0,1473.0
2026-09-02 09:40:00+09:00,45800.0,46050.0,45800.0,45900.0,1302.0
2026-09-02 09:50:00+09:00,45900.0,46000.0,45850.0,45950.0,1918.0
2026-09-02 10:00:00+09:00,45950.0,45950.0,45800.0,45800.0,1526.0
2026-09-02 10:10:00+09:00,45800.0,45950.0,45800.0,45850.0,1939.0
2026-09-02 10:20:00+09:00,45900.0,45900.0,45800.0,45850.0,1238.0
2026-09-02 10:30:00+09:00,45850.0,45900.0,45750.0,45800.0,1735.0
2026-09-02 10:40:00+09:00,45800.0,45800.0,45700.0,45750.0,1244.0
2026-09-02 10:50:00+09:00,45700.0,45700.0,45600.0,45650.0,5995.0
2026-09-02 11:00:00+09:00,45650.0,45700.0,45600.0,45650.0,795.0
2026-09-02 11:10:00+09:00,45700.0,45700.0,45600.0,45650.0,1474.0
2026-09-02 11:20:00+09:00,45600.0,45650.0,45550.0,45600.0,1562.0
2026-09-02 11:30:00+09:00,45600.0,45600.0,45500.0,45550.0,2759.0
2026-09-02 11:40:00+09:00,45500.0,45550.0,45500.0,45500.0,384.0
2026-09-02 11:50:00+09:00,45500.0,45600.0,45500.0,45500.0,1460.0
2026-09-02 12:00:00+09:00,45550.0,45550.0,45400.0,45450.0,3021.0
2026-09-02 12:10:00+09:00,45450.0,45650.0,45400.0,45500.0,2349.0
2026-09-02 12:20:00+09:00,45500.0,45550.0,45450.0,45500.0,1260.0
2026-09-02 12:30:00+09:00,45500.0,45650.0,45450.0,45450.0,2027.0
2026-09-02 12:40:00+09:00,45500.0,45550.0,45450.0,45500.0,1364.0
2026-09-02 12:50:00+09:00,45500.0,45550.0,45450.0,45500.0,1595.0
2026-09-02 13:00:00+09:00,45550.0,45600.0,45500.0,45550.0,2412.0
2026-09-02 13:10:00+09:00,45550.0,45700.0,45500.0,45550.0,870.0
2026-09-02 13:20:00+09:00,45550.0,45600.0,45500.0,45550.0,679.0
2026-09-02 13:30:00+09:00,45550.0,45700.0,45500.0,45600.0,1712.0
2026-09-02 13:40:00+09:00,45600.0,45700.0,45500.0,45600.0,958.0
2026-09-02 13:50:00+09:00,45600.0,45600.0,45500.0,45600.0,1382.0
2026-09-02 14:00:00+09:00,45600.0,45600.0,45500.0,45550.0,2399.0
2026-09-02 14:10:00+09:00,45550.0,45550.0,45500.0,45550.0,1823.0
2026-09-02 14:20:00+09:00,45550.0,45550.0,45500.0,45500.0,1552.0
2026-09-02 14:30:00+09:00,45500.0,45550.0,45350.0,45350.0,7441.0
2026-09-02 14:40:00+09:00,45400.0,45400.0,45350.0,45350.0,1846.0
2026-09-02 14:50:00+09:00,45400.0,45400.0,45300.0,45300.0,2405.0
2026-09-03 09:00:00+09:00,45700.0,45750.0,45400.0,45600.0,2055.0
2026-09-03 09:10:00+09:00,45650.0,45900.0,45550.0,45850.0,9614.0
2026-09-03 09:20:00+09:00,45900.0,46050.0,45800.0,46000.0,4524.0
2026-09-03 09:30:00+09:00,46000.0,46300.0,46000.0,46250.0,7227.0
2026-09-03 09:40:00+09:00,46250.0,46400.0,46150.0,46350.0,7823.0
2026-09-03 09:50:00+09:00,46350.0,46400.0,46200.0,46350.0,2524.0
2026-09-03 10:00:00+09:00,46350.0,46350.0,46150.0,46200.0,753.0
2026-09-03 10:10:00+09:00,46150.0,46250.0,46150.0,46200.0,397.0
2026-09-03 10:20:00+09:00,46250.0,46250.0,46050.0,46150.0,1134.0
2026-09-03 10:30:00+09:00,46150.0,46150.0,46050.0,46100.0,835.0
2026-09-03 10:40:00+09:00,46100.0,46100.0,45950.0,45950.0,915.0
2026-09-03 10:50:00+09:00,45950.0,46000.0,45950.0,45950.0,274.0
2026-09-03 11:00:00+09:00,46000.0,46150.0,45950.0,46050.0,1428.0
2026-09-03 11:10:00+09:00,46050.0,46150.0,46000.0,46150.0,473.0
2026-09-03 11:20:00+09:00,46150.0,46200.0,46050.0,46150.0,648.0
2026-09-03 11:30:00+09:00,46150.0,46450.0,46150.0,46400.0,8160.0
2026-09-03 11:40:00+09:00,46400.0,46500.0,46250.0,46350.0,4970.0
2026-09-03 11:50:00+09:00,46400.0,46400.0,46300.0,46300.0,305.0
2026-09-03 12:00:00+09:00,46300.0,46350.0,46250.0,46300.0,700.0
2026-09-03 12:10:00+09:00,46250.0,46300.0,46200.0,46250.0,804.0
2026-09-03 12:20:00+09:00,46250.0,46250.0,46200.0,46250.0,700.0
2026-09-03 12:30:00+09:00,46250.0,46250.0,46100.0,46200.0,2254.0
2026-09-03 12:40:00+09:00,46200.0,46350.0,46100.0,46350.0,999.0
2026-09-03 12:50:00+09:00,46250.0,46300.0,46250.0,46300.0,298.0
2026-09-03 13:00:00+09:00,46250.0,46300.0,46200.0,46200.0,400.0
2026-09-03 13:10:00+09:00,46250.0,46250.0,46200.0,46250.0,363.0
2026-09-03 13:20:00+09:00,46250.0,46250.0,46100.0,46150.0,1051.0
2026-09-03 13:30:00+09:00,46100.0,46350.0,46100.0,46250.0,1585.0
2026-09-03 13:40:00+09:00,46250.0,46350.0,46150.0,46350.0,1530.0
2026-09-03 13:50:00+09:00,46300.0,46350.0,46150.0,46200.0,939.0
2026-09-03 14:00:00+09:00,46200.0,46250.0,46100.0,46100.0,1314.0
2026-09-03 14:10:00+09:00,46150.0,46150.0,45800.0,45850.0,6002.0
2026-09-03 14:20:00+09:00,45850.0,45900.0,45600.0,45600.0,6119.0
2026-09-03 14:30:00+09:00,45600.0,45850.0,45550.0,45750.0,2235.0
2026-09-03 14:40:00+09:00,45750.0,46000.0,45650.0,46000.0,2100.0
2026-09-03 14:50:00+09:00,45900.0,46200.0,45900.0,46100.0,2258.0
2026-09-04 09:00:00+09:00,46500.0,46650.0,46250.0,46500.0,6384.0
2026-09-04 09:10:00+09:00,46500.0,46600.0,46450.0,46550.0,2614.0
2026-09-04 09:20:00+09:00,46500.0,46500.0,46250.0,46350.0,5731.0
2026-09-04 09:30:00+09:00,46350.0,46400.0,46150.0,46200.0,3930.0
2026-09-04 09:40:00+09:00,46150.0,46300.0,46050.0,46100.0,3924.0
2026-09-04 09:50:00+09:00,46050.0,46150.0,46050.0,46100.0,1737.0
2026-09-04 10:00:00+09:00,46150.0,46150.0,46050.0,46100.0,1029.0
2026-09-04 10:10:00+09:00,46100.0,46200.0,46100.0,46150.0,306.0
2026-09-04 10:20:00+09:00,46200.0,46200.0,46050.0,46100.0,895.0
2026-09-04 10:30:00+09:00,46100.0,46250.0,46100.0,46150.0,877.0
2026-09-04 10:40:00+09:00,46200.0,46300.0,46150.0,46250.0,1075.0
2026-09-04 10:50:00+09:00,46300.0,46500.0,46250.0,46450.0,1077.0
2026-09-04 11:00:00+09:00,46500.0,46500.0,46400.0,46400.0,564.0
2026-09-04 11:10:00+09:00,46450.0,46450.0,46400.0,46450.0,593.0
2026-09-04 11:20:00+09:00,46450.0,46450.0,46400.0,46400.0,445.0
2026-09-04 11:30:00+09:00,46450.0,46500.0,46400.0,46400.0,1108.0
2026-09-04 11:40:00+09:00,46450.0,46450.0,46350.0,46350.0,545.0
2026-09-04 11:50:00+09:00,46400.0,46450.0,46350.0,46400.0,1244.0
2026-09-04 12:00:00+09:00,46400.0,46400.0,46200.0,46200.0,1339.0
2026-09-04 12:10:00+09:00,46250.0,46250.0,46150.0,46150.0,951.0
2026-09-04 12:20:00+09:00,46200.0,46350.0,46150.0,46300.0,1128.0
2026-09-04 12:30:00+09:00,46300.0,46300.0,46150.0,46150.0,614.0
2026-09-04 12:40:00+09:00,46150.0,46200.0,46050.0,46075.0,1794.0
2026-09-04 12:50:00+09:00,46075.0,46200.0,46050.0,46100.0,3060.0
2026-09-04 13:00:00+09:00,46200.0,46300.0,46050.0,46250.0,2908.0
2026-09-04 13:10:00+09:00,46250.0,46300.0,46100.0,46100.0,1566.0
2026-09-04 13:20:00+09:00,46150.0,46150.0,46050.0,46075.0,589.0
2026-09-04 13:30:00+09:00,46100.0,46100.0,46000.0,46000.0,5928.0
2026-09-04 13:40:00+09:00,46050.0,46050.0,46000.0,46025.0,480.0
2026-09-04 13:50:00+09:00,46050.0,46050.0,46000.0,46025.0,297.0
2026-09-04 14:00:00+09:00,46050.0,46050.0,46000.0,46000.0,620.0
2026-09-04 14:10:00+09:00,46000.0,46050.0,46000.0,46000.0,1622.0
2026-09-04 14:20:00+09:00,46050.0,46050.0,45900.0,45950.0,4991.0
2026-09-04 14:30:00+09:00,45900.0,46100.0,45900.0,46050.0,3666.0
2026-09-04 14:40:00+09:00,46000.0,46100.0,46000.0,46100.0,2071.0
2026-09-04 14:50:00+09:00,46050.0,46100.0,46050.0,46100.0,1250.0
2026-09-07 09:00:00+09:00,46300.0,46300.0,46100.0,46200.0,1237.0
2026-09-07 09:10:00+09:00,46150.0,46225.0,46050.0,46200.0,3075.0
2026-09-07 09:20:00+09:00,46175.0,46175.0,46050.0,46150.0,1517.0
2026-09-07 09:30:00+09:00,46200.0,46250.0,46150.0,46200.0,1104.0
2026-09-07 09:40:00+09:00,46200.0,46250.0,46150.0,46150.0,1076.0
2026-09-07 09:50:00+09:00,46150.0,46200.0,46100.0,46150.0,942.0
2026-09-07 10:00:00+09:00,46150.0,46150.0,46100.0,46100.0,570.0
2026-09-07 10:10:00+09:00,46150.0,46150.0,46100.0,46150.0,255.0
2026-09-07 10:20:00+09:00,46100.0,46200.0,46100.0,46100.0,1129.0
2026-09-07 10:30:00+09:00,46100.0,46250.0,46100.0,46200.0,351.0
2026-09-07 10:40:00+09:00,46200.0,46250.0,46200.0,46250.0,86.0
2026-09-07 10:50:00+09:00,46200.0,46250.0,46200.0,46200.0,185.0
2026-09-07 11:00:00+09:00,46250.0,46250.0,46200.0,46250.0,249.0
2026-09-07 11:10:00+09:00,46200.0,46300.0,46200.0,46200.0,1353.0
2026-09-07 11:20:00+09:00,46250.0,46250.0,46200.0,46250.0,373.0
2026-09-07 11:30:00+09:00,46250.0,46250.0,46200.0,46250.0,123.0
2026-09-07 11:40:00+09:00,46250.0,46300.0,46200.0,46200.0,987.0
2026-09-07 11:50:00+09:00,46200.0,46250.0,46150.0,46200.0,538.0
2026-09-07 12:00:00+09:00,46200.0,46200.0,46150.0,46200.0,353.0
2026-09-07 12:10:00+09:00,46200.0,46250.0,46100.0,46200.0,945.0
2026-09-07 12:20:00+09:00,46200.0,46300.0,46200.0,46275.0,1501.0
2026-09-07 12:30:00+09:00,46250.0,46400.0,46250.0,46350.0,2935.0
2026-09-07 12:40:00+09:00,46350.0,46400.0,46250.0,46300.0,2039.0
2026-09-07 12:50:00+09:00,46300.0,46350.0,46250.0,46300.0,1352.0
2026-09-07 13:00:00+09:00,46300.0,46300.0,46250.0,46300.0,787.0
2026-09-07 13:10:00+09:00,46300.0,46350.0,46250.0,46350.0,1043.0
2026-09-07 13:20:00+09:00,46350.0,46350.0,46250.0,46350.0,2063.0
2026-09-07 13:30:00+09:00,46350.0,46400.0,46300.0,46350.0,1404.0
2026-09-07 13:40:00+09:00,46300.0,46350.0,46300.0,46350.0,446.0
2026-09-07 13:50:00+09:00,46350.0,46500.0,46300.0,46500.0,7931.0
2026-09-07 14:00:00+09:00,46450.0,46500.0,46450.0,46500.0,1627.0
2026-09-07 14:10:00+09:00,46500.0,46600.0,46450.0,46550.0,3982.0
2026-09-07 14:20:00+09:00,46600.0,46600.0,46550.0,46600.0,1002.0
2026-09-07 14:30:00+09:00,46550.0,46650.0,46550.0,46650.0,2718.0
2026-09-07 14:40:00+09:00,46600.0,46650.0,46500.0,46550.0,2266.0
2026-09-07 14:50:00+09:00,46550.0,46600.0,46500.0,46600.0,730.0
2026-09-08 09:00:00+09:00,46700.0,46850.0,46600.0,46600.0,4426.0
2026-09-08 09:10:00+09:00,46550.0,46650.0,46450.0,46450.0,1376.0
2026-09-08 09:20:00+09:00,46400.0,46450.0,46300.0,46350.0,1089.0
2026-09-08 09:30:00+09:00,46400.0,46500.0,46400.0,46450.0,2121.0
2026-09-08 09:40:00+09:00,46450.0,46550.0,46400.0,46450.0,739.0
2026-09-08 09:50:00+09:00,46550.0,46550.0,46250.0,46300.0,3016.0
2026-09-08 10:00:00+09:00,46300.0,46400.0,46250.0,46300.0,1391.0
2026-09-08 10:10:00+09:00,46250.0,46300.0,46250.0,46250.0,1104.0
2026-09-08 10:20:00+09:00,46250.0,46350.0,46250.0,46350.0,606.0
2026-09-08 10:30:00+09:00,46300.0,46350.0,46300.0,46300.0,420.0
2026-09-08 10:40:00+09:00,46350.0,46400.0,46300.0,46350.0,549.0
2026-09-08 10:50:00+09:00,46400.0,46600.0,46350.0,46550.0,1233.0
2026-09-08 11:00:00+09:00,46600.0,46600.0,46450.0,46550.0,919.0
2026-09-08 11:10:00+09:00,46500.0,46600.0,46500.0,46550.0,866.0
2026-09-08 11:20:00+09:00,46550.0,46600.0,46500.0,46500.0,338.0
2026-09-08 11:30:00+09:00,46500.0,46600.0,46450.0,46500.0,1132.0
2026-09-08 11:40:00+09:00,46500.0,46500.0,46450.0,46500.0,406.0
2026-09-08 11:50:00+09:00,46450.0,46500.0,46450.0,46500.0,414.0
2026-09-08 12:00:00+09:00,46450.0,46550.0,46450.0,46550.0,802.0
2026-09-08 12:10:00+09:00,46550.0,46550.0,46450.0,46500.0,1156.0
2026-09-08 12:20:00+09:00,46500.0,46600.0,46500.0,46500.0,491.0
2026-09-08 12:30:00+09:00,46500.0,46550.0,46450.0,46450.0,763.0
2026-09-08 12:40:00+09:00,46450.0,46500.0,46450.0,46450.0,301.0
2026-09-08 12:50:00+09:00,46450.0,46500.0,46400.0,46400.0,462.0
2026-09-08 13:00:00+09:00,46450.0,46450.0,46400.0,46400.0,358.0
2026-09-08 13:10:00+09:00,46400.0,46450.0,46400.0,46400.0,389.0
2026-09-08 13:20:00+09:00,46450.0,46450.0,46300.0,46350.0,2129.0
2026-09-08 13:30:00+09:00,46350.0,46450.0,46350.0,46450.0,1019.0
2026-09-08 13:40:00+09:00,46400.0,46500.0,46400.0,46450.0,680.0
2026-09-08 13:50:00+09:00,46450.0,46500.0,46350.0,46500.0,812.0
2026-09-08 14:00:00+09:00,46450.0,46600.0,46450.0,46600.0,2164.0
2026-09-08 14:10:00+09:00,46600.0,46600.0,46550.0,46600.0,465.0
2026-09-08 14:20:00+09:00,46550.0,46600.0,46400.0,46500.0,2080.0
2026-09-08 14:30:00+09:00,46500.0,46600.0,46500.0,46550.0,969.0
2026-09-08 14:40:00+09:00,46550.0,46600.0,46450.0,46450.0,549.0
2026-09-08 14:50:00+09:00,46450.0,46550.0,46450.0,46500.0,841.0
2026-09-09 09:00:00+09:00,46600.0,46600.0,46100.0,46250.0,2949.0
2026-09-09 09:10:00+09:00,46200.0,46250.0,46050.0,46100.0,3306.0
2026-09-09 09:20:00+09:00,46150.0,46200.0,46100.0,46150.0,1388.0
2026-09-09 09:30:00+09:00,46100.0,46200.0,46100.0,46100.0,941.0
2026-09-09 09:40:00+09:00,46150.0,46200.0,46000.0,46000.0,2321.0
2026-09-09 09:50:00+09:00,46050.0,46050.0,45900.0,46000.0,3987.0
2026-09-09 10:00:00+09:00,46000.0,46000.0,45850.0,45900.0,4170.0
2026-09-09 10:10:00+09:00,45950.0,45950.0,45800.0,45825.0,2398.0
2026-09-09 10:20:00+09:00,45825.0,46000.0,45825.0,45950.0,2804.0
2026-09-09 10:30:00+09:00,45950.0,46050.0,45900.0,45950.0,1333.0
2026-09-09 10:40:00+09:00,45950.0,46050.0,45950.0,46000.0,809.0
2026-09-09 10:50:00+09:00,46000.0,46050.0,45950.0,45950.0,658.0
2026-09-09 11:00:00+09:00,46000.0,46100.0,45950.0,46000.0,1154.0
2026-09-09 11:10:00+09:00,46050.0,46050.0,46000.0,46050.0,473.0
2026-09-09 11:20:00+09:00,46050.0,46050.0,46000.0,46000.0,504.0
2026-09-09 11:30:00+09:00,46050.0,46100.0,46000.0,46100.0,769.0
2026-09-09 11:40:00+09:00,46100.0,46100.0,46050.0,46050.0,1056.0
2026-09-09 11:50:00+09:00,46050.0,46100.0,46000.0,46000.0,1094.0
2026-09-09 12:00:00+09:00,46050.0,46050.0,46000.0,46000.0,935.0
2026-09-09 12:10:00+09:00,46000.0,46000.0,45950.0,45950.0,863.0
2026-09-09 12:20:00+09:00,46000.0,46000.0,45950.0,45950.0,577.0
2026-09-09 12:30:00+09:00,46000.0,46000.0,45950.0,45950.0,481.0
2026-09-09 12:40:00+09:00,45950.0,46000.0,45950.0,45950.0,463.0
2026-09-09 12:50:00+09:00,45950.0,46050.0,45900.0,45950.0,4728.0
2026-09-09 13:00:00+09:00,46000.0,46100.0,45950.0,46000.0,2266.0
2026-09-09 13:10:00+09:00,46000.0,46000.0,45950.0,46000.0,531.0
2026-09-09 13:20:00+09:00,45950.0,46000.0,45950.0,45950.0,489.0
2026-09-09 13:30:00+09:00,45950.0,46000.0,45950.0,46000.0,645.0
2026-09-09 13:40:00+09:00,45950.0,46000.0,45950.0,45950.0,1043.0
2026-09-09 13:50:00+09:00,45950.0,46100.0,45950.0,46050.0,2521.0
2026-09-09 14:00:00+09:00,46000.0,46050.0,45950.0,46000.0,2103.0
2026-09-09 14:10:00+09:00,46000.0,46100.0,46000.0,46000.0,1675.0
2026-09-09 14:20:00+09:00,46000.0,46000.0,45950.0,45950.0,697.0
2026-09-09 14:30:00+09:00,45950.0,46000.0,45950.0,45950.0,1203.0
2026-09-09 14:40:00+09:00,45950.0,46000.0,45950.0,45950.0,1199.0
2026-09-09 14:50:00+09:00,45950.0,46000.0,45950.0,45950.0,644.0
2026-09-10 09:00:00+09:00,45800.0,45900.0,45750.0,45750.0,2160.0
2026-09-10 09:10:00+09:00,45800.0,45850.0,45750.0,45800.0,2213.0
2026-09-10 09:20:00+09:00,45850.0,45850.0,45700.0,45750.0,3040.0
2026-09-10 09:30:00+09:00,45750.0,45750.0,45600.0,45700.0,4403.0
2026-09-10 09:40:00+09:00,45700.0,45700.0,45550.0,45600.0,2822.0
2026-09-10 09:50:00+09:00,45550.0,45600.0,45500.0,45500.0,3189.0
2026-09-10 10:00:00+09:00,45550.0,45550.0,45300.0,45300.0,9708.0
2026-09-10 10:10:00+09:00,45300.0,45500.0,45300.0,45350.0,4561.0
2026-09-10 10:20:00+09:00,45350.0,45400.0,45350.0,45350.0,1239.0
2026-09-10 10:30:00+09:00,45400.0,45500.0,45350.0,45400.0,998.0
2026-09-10 10:40:00+09:00,45350.0,45450.0,45350.0,45350.0,1679.0
2026-09-10 10:50:00+09:00,45350.0,45400.0,45300.0,45400.0,2575.0
2026-09-10 11:00:00+09:00,45400.0,45400.0,45300.0,45300.0,2156.0
2026-09-10 11:10:00+09:00,45350.0,45450.0,45250.0,45450.0,3699.0
2026-09-10 11:20:00+09:00,45300.0,45400.0,45250.0,45300.0,3191.0
2026-09-10 11:30:00+09:00,45300.0,45350.0,45250.0,45300.0,1849.0
2026-09-10 11:40:00+09:00,45300.0,45300.0,45250.0,45250.0,3706.0
2026-09-10 11:50:00+09:00,45250.0,45375.0,45200.0,45250.0,3326.0
2026-09-10 12:00:00+09:00,45250.0,45350.0,45200.0,45300.0,2663.0
2026-09-10 12:10:00+09:00,45300.0,45350.0,45250.0,45350.0,992.0
2026-09-10 12:20:00+09:00,45300.0,45400.0,45300.0,45350.0,1927.0
2026-09-10 12:30:00+09:00,45400.0,45400.0,45300.0,45350.0,1981.0
2026-09-10 12:40:00+09:00,45350.0,45450.0,45300.0,45450.0,1933.0
2026-09-10 12:50:00+09:00,45450.0,45550.0,45400.0,45450.0,1571.0
2026-09-10 13:00:00+09:00,45550.0,45550.0,45450.0,45550.0,1872.0
2026-09-10 13:10:00+09:00,45550.0,45600.0,45450.0,45450.0,1797.0
2026-09-10 13:20:00+09:00,45500.0,45600.0,45500.0,45500.0,2739.0
2026-09-10 13:30:00+09:00,45550.0,45650.0,45500.0,45600.0,3231.0
2026-09-10 13:40:00+09:00,45600.0,45600.0,45500.0,45550.0,2886.0
2026-09-10 13:50:00+09:00,45600.0,45650.0,45500.0,45600.0,1193.0
2026-09-10 14:00:00+09:00,45600.0,45650.0,45550.0,45600.0,1747.0
2026-09-10 14:10:00+09:00,45600.0,45600.0,45500.0,45500.0,2883.0
2026-09-10 14:20:00+09:00,45550.0,45650.0,45550.0,45550.0,2920.0
2026-09-10 14:30:00+09:00,45550.0,45650.0,45500.0,45550.0,2414.0
2026-09-10 14:40:00+09:00,45550.0,45600.0,45500.0,45550.0,2028.0
2026-09-10 14:50:00+09:00,45550.0,45600.0,45400.0,45450.0,3891.0
2026-09-11 09:00:00+09:00,45200.0,45450.0,45000.0,45350.0,5757.0
2026-09-11 09:10:00+09:00,45400.0,45450.0,45300.0,45350.0,2441.0
2026-09-11 09:20:00+09:00,45450.0,45450.0,45300.0,45400.0,1706.0
2026-09-11 09:30:00+09:00,45400.0,45450.0,45200.0,45250.0,1555.0
2026-09-11 09:40:00+09:00,45200.0,45350.0,45150.0,45200.0,2763.0
2026-09-11 09:50:00+09:00,45150.0,45400.0,45150.0,45300.0,1355.0
2026-09-11 10:00:00+09:00,45300.0,45400.0,45250.0,45350.0,1273.0
2026-09-11 10:10:00+09:00,45400.0,45450.0,45300.0,45300.0,1359.0
2026-09-11 10:20:00+09:00,45350.0,45400.0,45300.0,45300.0,1218.0
2026-09-11 10:30:00+09:00,45300.0,45500.0,45300.0,45450.0,631.0
2026-09-11 10:40:00+09:00,45450.0,45550.0,45400.0,45500.0,1659.0
2026-09-11 10:50:00+09:00,45550.0,45550.0,45350.0,45450.0,516.0
2026-09-11 11:00:00+09:00,45450.0,45550.0,45450.0,45450.0,441.0
2026-09-11 11:10:00+09:00,45450.0,45650.0,45400.0,45500.0,1682.0
2026-09-11 11:20:00+09:00,45550.0,45650.0,45500.0,45550.0,1143.0
2026-09-11 11:30:00+09:00,45550.0,45600.0,45500.0,45500.0,784.0
2026-09-11 11:40:00+09:00,45550.0,45600.0,45500.0,45550.0,410.0
2026-09-11 11:50:00+09:00,45500.0,45600.0,45500.0,45500.0,342.0
2026-09-11 12:00:00+09:00,45500.0,45600.0,45500.0,45500.0,413.0
2026-09-11 12:10:00+09:00,45500.0,45650.0,45500.0,45500.0,828.0
2026-09-11 12:20:00+09:00,45650.0,45700.0,45500.0,45600.0,6174.0
2026-09-11 12:30:00+09:00,45650.0,45650.0,45500.0,45500.0,918.0
2026-09-11 12:40:00+09:00,45500.0,45700.0,45500.0,45500.0,494.0
2026-09-11 12:50:00+09:00,45500.0,45600.0,45500.0,45550.0,354.0
2026-09-11 13:00:00+09:00,45600.0,45600.0,45500.0,45550.0,550.0
2026-09-11 13:10:00+09:00,45550.0,45600.0,45500.0,45550.0,411.0
2026-09-11 13:20:00+09:00,45550.0,45650.0,45550.0,45650.0,664.0
2026-09-11 13:30:00+09:00,45550.0,45650.0,45550.0,45650.0,745.0
2026-09-11 13:40:00+09:00,45600.0,45650.0,45550.0,45550.0,504.0
2026-09-11 13:50:00+09:00,45600.0,45600.0,45500.0,45500.0,1477.0
2026-09-11 14:00:00+09:00,45550.0,45600.0,45400.0,45450.0,1370.0
2026-09-11 14:10:00+09:00,45450.0,45550.0,45450.0,45500.0,368.0
2026-09-11 14:20:00+09:00,45500.0,45550.0,45500.0,45500.0,327.0
2026-09-11 14:30:00+09:00,45500.0,45550.0,45500.0,45550.0,328.0
2026-09-11 14:40:00+09:00,45550.0,45600.0,45450.0,45550.0,1321.0
2026-09-11 14:50:00+09:00,45500.0,45650.0,45500.0,45550.0,1658.0
2026-09-14 09:00:00+09:00,45200.0,45300.0,45050.0,45100.0,4096.0
2026-09-14 09:10:00+09:00,45150.0,45300.0,45100.0,45150.0,2943.0
2026-09-14 09:20:00+09:00,45150.0,45450.0,45150.0,45250.0,3034.0
2026-09-14 09:30:00+09:00,45250.0,45350.0,45150.0,45200.0,1813.0
2026-09-14 09:40:00+09:00,45150.0,45350.0,45150.0,45200.0,1709.0
2026-09-14 09:50:00+09:00,45250.0,45250.0,45150.0,45200.0,1434.0
2026-09-14 10:00:00+09:00,45200.0,45350.0,45200.0,45350.0,2202.0
2026-09-14 10:10:00+09:00,45350.0,45400.0,45200.0,45400.0,1704.0
2026-09-14 10:20:00+09:00,45350.0,45350.0,45200.0,45250.0,672.0
2026-09-14 10:30:00+09:00,45250.0,45300.0,45200.0,45300.0,1234.0
2026-09-14 10:40:00+09:00,45300.0,45350.0,45300.0,45300.0,632.0
2026-09-14 10:50:00+09:00,45350.0,45350.0,45200.0,45200.0,789.0
2026-09-14 11:00:00+09:00,45250.0,45450.0,45200.0,45400.0,1626.0
2026-09-14 11:10:00+09:00,45400.0,45450.0,45300.0,45450.0,740.0
2026-09-14 11:20:00+09:00,45450.0,45550.0,45400.0,45450.0,1461.0
2026-09-14 11:30:00+09:00,45500.0,45550.0,45450.0,45450.0,943.0
2026-09-14 11:40:00+09:00,45450.0,45500.0,45400.0,45450.0,1125.0
2026-09-14 11:50:00+09:00,45450.0,45550.0,45450.0,45450.0,1120.0
2026-09-14 12:00:00+09:00,45450.0,45500.0,45450.0,45500.0,383.0
2026-09-14 12:10:00+09:00,45500.0,45550.0,45400.0,45500.0,1446.0
2026-09-14 12:20:00+09:00,45500.0,45550.0,45450.0,45450.0,1330.0
2026-09-14 12:30:00+09:00,45550.0,45550.0,45350.0,45450.0,2412.0
2026-09-14 12:40:00+09:00,45450.0,45500.0,45350.0,45450.0,577.0
2026-09-14 12:50:00+09:00,45450.0,45500.0,45400.0,45450.0,231.0
2026-09-14 13:00:00+09:00,45500.0,45650.0,45450.0,45600.0,2127.0
2026-09-14 13:10:00+09:00,45600.0,45650.0,45500.0,45500.0,828.0
2026-09-14 13:20:00+09:00,45550.0,45550.0,45450.0,45550.0,421.0
2026-09-14 13:30:00+09:00,45550.0,45550.0,45400.0,45450.0,820.0
2026-09-14 13:40:00+09:00,45500.0,45550.0,45350.0,45550.0,989.0
2026-09-14 13:50:00+09:00,45500.0,45550.0,45400.0,45450.0,844.0
2026-09-14 14:00:00+09:00,45500.0,45500.0,45350.0,45400.0,873.0
2026-09-14 14:10:00+09:00,45400.0,45500.0,45350.0,45350.0,1930.0
2026-09-14 14:20:00+09:00,45400.0,45450.0,45350.0,45350.0,1054.0
2026-09-14 14:30:00+09:00,45350.0,45450.0,45350.0,45350.0,1801.0
2026-09-14 14:40:00+09:00,45400.0,45400.0,45350.0,45350.0,2311.0
2026-09-14 14:50:00+09:00,45350.0,45400.0,45350.0,45400.0,780.0
2026-09-15 09:00:00+09:00,45450.0,45450.0,45100.0,45350.0,3271.0
2026-09-15 09:10:00+09:00,45350.0,45400.0,45300.0,45300.0,757.0
2026-09-15 09:20:00+09:00,45350.0,45350.0,45200.0,45250.0,3772.0
2026-09-15 09:30:00+09:00,45250.0,45350.0,45200.0,45350.0,488.0
2026-09-15 09:40:00+09:00,45350.0,45450.0,45300.0,45350.0,619.0
2026-09-15 09:50:00+09:00,45350.0,45400.0,45300.0,45350.0,436.0
2026-09-15 10:00:00+09:00,45400.0,45450.0,45350.0,45450.0,933.0
2026-09-15 10:10:00+09:00,45500.0,45500.0,45350.0,45450.0,393.0
2026-09-15 10:20:00+09:00,45500.0,45500.0,45400.0,45450.0,406.0
2026-09-15 10:30:00+09:00,45450.0,45450.0,45400.0,45400.0,1298.0
2026-09-15 10:40:00+09:00,45450.0,45500.0,45400.0,45400.0,648.0
2026-09-15 10:50:00+09:00,45400.0,45550.0,45400.0,45450.0,628.0
2026-09-15 11:00:00+09:00,45475.0,45500.0,45450.0,45500.0,306.0
2026-09-15 11:10:00+09:00,45500.0,45550.0,45400.0,45500.0,640.0
2026-09-15 11:20:00+09:00,45400.0,45500.0,45400.0,45450.0,156.0
2026-09-15 11:30:00+09:00,45450.0,45500.0,45450.0,45450.0,630.0
2026-09-15 11:40:00+09:00,45500.0,45500.0,45400.0,45400.0,442.0
2026-09-15 11:50:00+09:00,45450.0,45450.0,45350.0,45350.0,637.0
2026-09-15 12:00:00+09:00,45400.0,45400.0,45350.0,45400.0,276.0
2026-09-15 12:10:00+09:00,45350.0,45450.0,45300.0,45350.0,2389.0
2026-09-15 12:20:00+09:00,45350.0,45450.0,45300.0,45350.0,650.0
2026-09-15 12:30:00+09:00,45350.0,45400.0,45350.0,45400.0,108.0
2026-09-15 12:40:00+09:00,45400.0,45450.0,45300.0,45300.0,5596.0
2026-09-15 12:50:00+09:00,45300.0,45350.0,45200.0,45250.0,5557.0
2026-09-15 13:00:00+09:00,45250.0,45300.0,45200.0,45200.0,875.0
2026-09-15 13:10:00+09:00,45250.0,45300.0,45200.0,45300.0,1047.0
2026-09-15 13:20:00+09:00,45250.0,45250.0,45200.0,45250.0,985.0
2026-09-15 13:30:00+09:00,45200.0,45250.0,45150.0,45200.0,828.0
2026-09-15 13:40:00+09:00,45150.0,45250.0,45100.0,45250.0,2109.0
2026-09-15 13:50:00+09:00,45250.0,45250.0,45150.0,45200.0,1864.0
2026-09-15 14:00:00+09:00,45150.0,45200.0,45150.0,45150.0,147.0
2026-09-15 14:10:00+09:00,45150.0,45200.0,45100.0,45150.0,2168.0
2026-09-15 14:20:00+09:00,45100.0,45250.0,45100.0,45150.0,2536.0
2026-09-15 14:30:00+09:00,45150.0,45200.0,45150.0,45150.0,455.0
2026-09-15 14:40:00+09:00,45150.0,45350.0,45150.0,45250.0,1516.0
2026-09-15 14:50:00+09:00,45300.0,45300.0,45200.0,45200.0,2123.0
2026-09-16 09:00:00+09:00,45200.0,45250.0,44900.0,45000.0,5867.0
2026-09-16 09:10:00+09:00,44950.0,44950.0,44750.0,44900.0,4790.0
2026-09-16 09:20:00+09:00,44850.0,44950.0,44750.0,44850.0,2141.0
2026-09-16 09:30:00+09:00,44850.0,44900.0,44800.0,44900.0,1256.0
2026-09-16 09:40:00+09:00,44900.0,44950.0,44800.0,44900.0,1073.0
2026-09-16 09:50:00+09:00,44900.0,44900.0,44700.0,44800.0,2605.0
2026-09-16 10:00:00+09:00,44800.0,44850.0,44650.0,44850.0,3752.0
2026-09-16 10:10:00+09:00,44850.0,44850.0,44750.0,44800.0,627.0
2026-09-16 10:20:00+09:00,44800.0,44900.0,44750.0,44900.0,1206.0
2026-09-16 10:30:00+09:00,44850.0,44900.0,44800.0,44850.0,975.0
2026-09-16 10:40:00+09:00,44800.0,44850.0,44800.0,44850.0,633.0
2026-09-16 10:50:00+09:00,44850.0,44850.0,44650.0,44700.0,3406.0
2026-09-16 11:00:00+09:00,44700.0,44750.0,44600.0,44750.0,2409.0
2026-09-16 11:10:00+09:00,44750.0,44800.0,44725.0,44750.0,578.0
2026-09-16 11:20:00+09:00,44750.0,44750.0,44700.0,44700.0,741.0
2026-09-16 11:30:00+09:00,44750.0,44750.0,44700.0,44750.0,516.0
2026-09-16 11:40:00+09:00,44700.0,44750.0,44700.0,44700.0,483.0
2026-09-16 11:50:00+09:00,44700.0,44750.0,44700.0,44750.0,1290.0
2026-09-16 12:00:00+09:00,44750.0,44850.0,44750.0,44800.0,1130.0
2026-09-16 12:10:00+09:00,44750.0,44800.0,44750.0,44800.0,1133.0
2026-09-16 12:20:00+09:00,44850.0,44850.0,44750.0,44800.0,799.0
2026-09-16 12:30:00+09:00,44800.0,44800.0,44700.0,44750.0,1418.0
2026-09-16 12:40:00+09:00,44750.0,44750.0,44650.0,44650.0,1118.0
2026-09-16 12:50:00+09:00,44700.0,44700.0,44650.0,44700.0,594.0
2026-09-16 13:00:00+09:00,44700.0,44700.0,44650.0,44700.0,1161.0
2026-09-16 13:10:00+09:00,44700.0,44700.0,44550.0,44550.0,4702.0
2026-09-16 13:20:00+09:00,44550.0,44600.0,44550.0,44600.0,661.0
2026-09-16 13:30:00+09:00,44600.0,44650.0,44550.0,44650.0,2080.0
2026-09-16 13:40:00+09:00,44650.0,44650.0,44600.0,44650.0,691.0
2026-09-16 13:50:00+09:00,44650.0,44750.0,44600.0,44650.0,1607.0
2026-09-16 14:00:00+09:00,44650.0,44650.0,44550.0,44600.0,1788.0
2026-09-16 14:10:00+09:00,44600.0,44600.0,44550.0,44550.0,309.0
2026-09-16 14:20:00+09:00,44600.0,44600.0,44400.0,44450.0,7817.0
2026-09-16 14:30:00+09:00,44450.0,44500.0,44450.0,44500.0,452.0
2026-09-16 14:40:00+09:00,44450.0,44500.0,44400.0,44450.0,3027.0
2026-09-16 14:50:00+09:00,44400.0,44450.0,44350.0,44425.0,4861.0
2026-09-17 09:00:00+09:00,44600.0,44650.0,44300.0,44400.0,4923.0
2026-09-17 09:10:00+09:00,44450.0,44550.0,44350.0,44400.0,1175.0
2026-09-17 09:20:00+09:00,44400.0,44600.0,44350.0,44500.0,1118.0
2026-09-17 09:30:00+09:00,44500.0,44600.0,44450.0,44500.0,682.0
2026-09-17 09:40:00+09:00,44500.0,44650.0,44350.0,44550.0,2352.0
2026-09-17 09:50:00+09:00,44550.0,44600.0,44400.0,44450.0,1015.0
2026-09-17 10:00:00+09:00,44400.0,44550.0,44400.0,44500.0,2311.0
2026-09-17 10:10:00+09:00,44500.0,44550.0,44400.0,44500.0,1152.0
2026-09-17 10:20:00+09:00,44550.0,44550.0,44500.0,44500.0,933.0
2026-09-17 10:30:00+09:00,44500.0,44550.0,44500.0,44500.0,2084.0
2026-09-17 10:40:00+09:00,44500.0,44550.0,44400.0,44450.0,2409.0
2026-09-17 10:50:00+09:00,44500.0,44600.0,44450.0,44500.0,808.0
2026-09-17 11:00:00+09:00,44500.0,44600.0,44450.0,44500.0,2216.0
2026-09-17 11:10:00+09:00,44550.0,44550.0,44450.0,44500.0,4098.0
2026-09-17 11:20:00+09:00,44500.0,44600.0,44450.0,44600.0,7352.0
2026-09-17 11:30:00+09:00,44550.0,44600.0,44550.0,44600.0,1057.0
2026-09-17 11:40:00+09:00,44550.0,44600.0,44500.0,44500.0,870.0
2026-09-17 11:50:00+09:00,44500.0,44500.0,44400.0,44500.0,3004.0
2026-09-17 12:00:00+09:00,44500.0,44500.0,44450.0,44500.0,962.0
2026-09-17 12:10:00+09:00,44450.0,44500.0,44400.0,44400.0,1163.0
2026-09-17 12:20:00+09:00,44450.0,44500.0,44400.0,44450.0,1282.0
2026-09-17 12:30:00+09:00,44450.0,44500.0,44400.0,44450.0,699.0
2026-09-17 12:40:00+09:00,44450.0,44500.0,44350.0,44400.0,1018.0
2026-09-17 12:50:00+09:00,44450.0,44600.0,44450.0,44550.0,1116.0
2026-09-17 13:00:00+09:00,44600.0,44600.0,44500.0,44550.0,1372.0
2026-09-17 13:10:00+09:00,44550.0,44550.0,44400.0,44450.0,1418.0
2026-09-17 13:20:00+09:00,44450.0,44450.0,44400.0,44400.0,828.0
2026-09-17 13:30:00+09:00,44350.0,44500.0,44350.0,44450.0,1905.0
2026-09-17 13:40:00+09:00,44500.0,44600.0,44350.0,44500.0,1641.0
2026-09-17 13:50:00+09:00,44500.0,44550.0,44450.0,44450.0,991.0
2026-09-17 14:00:00+09:00,44450.0,44500.0,44450.0,44450.0,704.0
2026-09-17 14:10:00+09:00,44450.0,44500.0,44400.0,44400.0,775.0
2026-09-17 14:20:00+09:00,44400.0,44450.0,44250.0,44400.0,5453.0
2026-09-17 14:30:00+09:00,44400.0,44500.0,44300.0,44300.0,4378.0
2026-09-17 14:40:00+09:00,44300.0,44450.0,44200.0,44400.0,4283.0
2026-09-17 14:50:00+09:00,44350.0,44550.0,44250.0,44350.0,6697.0
2026-09-18 09:00:00+09:00,44600.0,44600.0,44000.0,44000.0,5968.0
2026-09-18 09:10:00+09:00,44100.0,44100.0,43950.0,44050.0,4777.0
2026-09-18 09:20:00+09:00,44050.0,44100.0,44000.0,44050.0,1464.0
2026-09-18 09:30:00+09:00,44050.0,44150.0,43900.0,43900.0,6800.0
2026-09-18 09:40:00+09:00,43900.0,44025.0,43900.0,44000.0,3166.0
2026-09-18 09:50:00+09:00,44000.0,44050.0,43800.0,43800.0,7128.0
2026-09-18 10:00:00+09:00,43800.0,43900.0,43800.0,43850.0,3684.0
2026-09-18 10:10:00+09:00,43900.0,44000.0,43800.0,43900.0,2357.0
2026-09-18 10:20:00+09:00,43950.0,43975.0,43850.0,43950.0,1049.0
2026-09-18 10:30:00+09:00,44000.0,44000.0,43850.0,43900.0,1284.0
2026-09-18 10:40:00+09:00,43950.0,44000.0,43900.0,43950.0,1890.0
2026-09-18 10:50:00+09:00,44000.0,44000.0,43900.0,43900.0,930.0
2026-09-18 11:00:00+09:00,43950.0,43950.0,43900.0,43900.0,716.0
2026-09-18 11:10:00+09:00,43950.0,44000.0,43900.0,44000.0,602.0
2026-09-18 11:20:00+09:00,43950.0,44000.0,43900.0,43950.0,1250.0
2026-09-18 11:30:00+09:00,44000.0,44050.0,43950.0,43950.0,516.0
2026-09-18 11:40:00+09:00,43950.0,44050.0,43950.0,44050.0,1037.0
2026-09-18 11:50:00+09:00,43950.0,44000.0,43950.0,43950.0,1108.0
2026-09-18 12:00:00+09:00,43950.0,44000.0,43850.0,43850.0,2204.0
2026-09-18 12:10:00+09:00,43900.0,44000.0,43850.0,43900.0,741.0
2026-09-18 12:20:00+09:00,43950.0,43950.0,43900.0,43900.0,833.0
2026-09-18 12:30:00+09:00,43950.0,43950.0,43900.0,43900.0,1425.0
2026-09-18 12:40:00+09:00,44000.0,44050.0,43900.0,43900.0,1818.0
2026-09-18 12:50:00+09:00,43950.0,44000.0,43850.0,43850.0,1749.0
2026-09-18 13:00:00+09:00,43900.0,43950.0,43850.0,43900.0,988.0
2026-09-18 13:10:00+09:00,43900.0,44000.0,43800.0,43800.0,3444.0
2026-09-18 13:20:00+09:00,43850.0,44000.0,43800.0,43900.0,1630.0
2026-09-18 13:30:00+09:00,43900.0,44000.0,43850.0,43850.0,2175.0
2026-09-18 13:40:00+09:00,43900.0,43950.0,43850.0,43900.0,1808.0
2026-09-18 13:50:00+09:00,44000.0,44050.0,43900.0,44000.0,2105.0
2026-09-18 14:00:00+09:00,44050.0,44150.0,44000.0,44050.0,2269.0
2026-09-18 14:10:00+09:00,44100.0,44100.0,44000.0,44000.0,2849.0
2026-09-18 14:20:00+09:00,44000.0,44050.0,43950.0,43950.0,2281.0
2026-09-18 14:30:00+09:00,43950.0,44050.0,43950.0,44000.0,2805.0
2026-09-18 14:40:00+09:00,44050.0,44100.0,44000.0,44050.0,2096.0
2026-09-18 14:50:00+09:00,44000.0,44050.0,44000.0,44000.0,1936.0
2026-09-21 09:00:00+09:00,43800.0,43800.0,43150.0,43200.0,7353.0
2026-09-21 09:10:00+09:00,43200.0,43350.0,43200.0,43250.0,3922.0
2026-09-21 09:20:00+09:00,43300.0,43400.0,43250.0,43300.0,2264.0
2026-09-21 09:30:00+09:00,43350.0,43500.0,43350.0,43350.0,3492.0
2026-09-21 09:40:00+09:00,43400.0,43400.0,43350.0,43350.0,1525.0
2026-09-21 09:50:00+09:00,43350.0,43450.0,43350.0,43350.0,3187.0
2026-09-21 10:00:00+09:00,43350.0,43400.0,43350.0,43350.0,2014.0
2026-09-21 10:10:00+09:00,43400.0,43450.0,43350.0,43400.0,3807.0
2026-09-21 10:20:00+09:00,43450.0,43450.0,43300.0,43300.0,2442.0
2026-09-21 10:30:00+09:00,43300.0,43350.0,43300.0,43350.0,1956.0
2026-09-21 10:40:00+09:00,43300.0,43350.0,43300.0,43350.0,1847.0
2026-09-21 10:50:00+09:00,43300.0,43350.0,43300.0,43350.0,603.0
2026-09-21 11:00:00+09:00,43350.0,43400.0,43300.0,43350.0,3544.0
2026-09-21 11:10:00+09:00,43400.0,43450.0,43350.0,43450.0,1569.0
2026-09-21 11:20:00+09:00,43450.0,43450.0,43400.0,43400.0,1720.0
2026-09-21 11:30:00+09:00,43400.0,43450.0,43350.0,43450.0,1527.0
2026-09-21 11:40:00+09:00,43400.0,43400.0,43350.0,43350.0,1002.0
2026-09-21 11:50:00+09:00,43400.0,43400.0,43300.0,43350.0,1240.0
2026-09-21 12:00:00+09:00,43300.0,43500.0,43300.0,43400.0,2887.0
2026-09-21 12:10:00+09:00,43400.0,43450.0,43400.0,43400.0,275.0
2026-09-21 12:20:00+09:00,43400.0,43450.0,43400.0,43450.0,587.0
2026-09-21 12:30:00+09:00,43400.0,43450.0,43350.0,43400.0,1718.0
2026-09-21 12:40:00+09:00,43400.0,43400.0,43350.0,43350.0,906.0
2026-09-21 12:50:00+09:00,43350.0,43400.0,43350.0,43350.0,1244.0
2026-09-21 13:00:00+09:00,43400.0,43450.0,43350.0,43350.0,4047.0
2026-09-21 13:10:00+09:00,43400.0,43450.0,43350.0,43400.0,4248.0
2026-09-21 13:20:00+09:00,43450.0,43450.0,43400.0,43400.0,953.0
2026-09-21 13:30:00+09:00,43400.0,43450.0,43400.0,43450.0,773.0
2026-09-21 13:40:00+09:00,43450.0,43450.0,43350.0,43350.0,2257.0
2026-09-21 13:50:00+09:00,43350.0,43400.0,43350.0,43350.0,1064.0
2026-09-21 14:00:00+09:00,43400.0,43400.0,43350.0,43350.0,1043.0
2026-09-21 14:10:00+09:00,43350.0,43400.0,43350.0,43350.0,1110.0
2026-09-21 14:20:00+09:00,43350.0,43400.0,43350.0,43400.0,1516.0
2026-09-21 14:30:00+09:00,43350.0,43400.0,43300.0,43300.0,1786.0
2026-09-21 14:40:00+09:00,43300.0,43350.0,43300.0,43300.0,1849.0
2026-09-21 14:50:00+09:00,43300.0,43350.0,43250.0,43250.0,2444.0
2026-09-22 09:00:00+09:00,43350.0,43550.0,43250.0,43250.0,4870.0
2026-09-22 09:10:00+09:00,43350.0,43450.0,43200.0,43300.0,3467.0
2026-09-22 09:20:00+09:00,43250.0,43350.0,43250.0,43250.0,2804.0
2026-09-22 09:30:00+09:00,43250.0,43350.0,43100.0,43150.0,3203.0
2026-09-22 09:40:00+09:00,43200.0,43250.0,43100.0,43200.0,2099.0
2026-09-22 09:50:00+09:00,43200.0,43250.0,43150.0,43150.0,2191.0
2026-09-22 10:00:00+09:00,43150.0,43200.0,42850.0,42850.0,8979.0
2026-09-22 10:10:00+09:00,42850.0,43000.0,42850.0,42850.0,4835.0
2026-09-22 10:20:00+09:00,42850.0,42850.0,42750.0,42750.0,5737.0
2026-09-22 10:30:00+09:00,42750.0,42800.0,42700.0,42750.0,4393.0
2026-09-22 10:40:00+09:00,42750.0,42950.0,42750.0,42850.0,4122.0
2026-09-22 10:50:00+09:00,42850.0,42950.0,42800.0,42800.0,3913.0
2026-09-22 11:00:00+09:00,42850.0,42850.0,42750.0,42750.0,3799.0
2026-09-22 11:10:00+09:00,42750.0,42900.0,42700.0,42750.0,3100.0
2026-09-22 11:20:00+09:00,42750.0,42900.0,42700.0,42700.0,3091.0
2026-09-22 11:30:00+09:00,42700.0,42850.0,42700.0,42750.0,3774.0
2026-09-22 11:40:00+09:00,42750.0,42800.0,42700.0,42700.0,3663.0
2026-09-22 11:50:00+09:00,42700.0,42750.0,42650.0,42700.0,3280.0
2026-09-22 12:00:00+09:00,42650.0,42800.0,42650.0,42750.0,4214.0
2026-09-22 12:10:00+09:00,42750.0,42850.0,42650.0,42700.0,3055.0
2026-09-22 12:20:00+09:00,42750.0,42750.0,42650.0,42650.0,3245.0
2026-09-22 12:30:00+09:00,42700.0,42800.0,42650.0,42700.0,3292.0
2026-09-22 12:40:00+09:00,42650.0,42800.0,42650.0,42800.0,4263.0
2026-09-22 12:50:00+09:00,42750.0,42750.0,42650.0,42750.0,4121.0
2026-09-22 13:00:00+09:00,42700.0,42700.0,42600.0,42650.0,3725.0
2026-09-22 13:10:00+09:00,42700.0,42750.0,42600.0,42700.0,4332.0
2026-09-22 13:20:00+09:00,42650.0,42850.0,42650.0,42700.0,3383.0
2026-09-22 13:30:00+09:00,42750.0,42850.0,42700.0,42750.0,3603.0
2026-09-22 13:40:00+09:00,42800.0,42900.0,42650.0,42750.0,3311.0
2026-09-22 13:50:00+09:00,42750.0,42850.0,42650.0,42700.0,3849.0
2026-09-22 14:00:00+09:00,42700.0,42850.0,42650.0,42650.0,3248.0
2026-09-22 14:10:00+09:00,42650.0,42850.0,42650.0,42850.0,3990.0
2026-09-22 14:20:00+09:00,42700.0,42900.0,42700.0,42700.0,3763.0
2026-09-22 14:30:00+09:00,42700.0,42850.0,42650.0,42750.0,3580.0
2026-09-22 14:40:00+09:00,42800.0,42850.0,42700.0,42750.0,4141.0
2026-09-22 14:50:00+09:00,42750.0,42900.0,42700.0,42800.0,3953.0
2026-09-23 09:00:00+09:00,43000.0,43150.0,42850.0,43100.0,2695.0
2026-09-23 09:10:00+09:00,43150.0,43250.0,43000.0,43150.0,3021.0
2026-09-23 09:20:00+09:00,43200.0,43200.0,43050.0,43150.0,2729.0
2026-09-23 09:30:00+09:00,43000.0,43200.0,43000.0,43050.0,2167.0
2026-09-23 09:40:00+09:00,43100.0,43250.0,43000.0,43100.0,2929.0
2026-09-23 09:50:00+09:00,43100.0,43200.0,43050.0,43150.0,2692.0
2026-09-23 10:00:00+09:00,43150.0,43200.0,43050.0,43150.0,1305.0
2026-09-23 10:10:00+09:00,43150.0,43200.0,43150.0,43200.0,2.0
2026-09-23 10:20:00+09:00,42950.0,43000.0,42850.0,42850.0,2049.0
2026-09-23 10:30:00+09:00,42850.0,43000.0,42800.0,42900.0,1756.0
2026-09-23 10:40:00+09:00,42950.0,43000.0,42800.0,42900.0,2063.0
2026-09-23 10:50:00+09:00,42800.0,43000.0,42750.0,42900.0,2079.0
2026-09-23 11:00:00+09:00,42900.0,43050.0,42800.0,42850.0,2449.0
2026-09-23 11:10:00+09:00,42850.0,42950.0,42800.0,42950.0,2162.0
2026-09-23 11:20:00+09:00,42900.0,43025.0,42850.0,42850.0,1851.0
2026-09-23 11:30:00+09:00,42850.0,42950.0,42750.0,42800.0,2006.0
2026-09-23 11:40:00+09:00,42800.0,42900.0,42750.0,42800.0,1415.0
2026-09-23 11:50:00+09:00,42800.0,42900.0,42750.0,42800.0,1623.0
2026-09-23 12:00:00+09:00,42750.0,42800.0,42700.0,42800.0,1534.0
2026-09-23 12:10:00+09:00,42800.0,42800.0,42700.0,42800.0,1681.0
2026-09-23 12:20:00+09:00,42700.0,42800.0,42700.0,42750.0,1095.0
2026-09-23 12:30:00+09:00,42700.0,42750.0,42650.0,42750.0,1925.0
2026-09-23 12:40:00+09:00,42750.0,42750.0,42650.0,42650.0,1705.0
2026-09-23 12:50:00+09:00,42650.0,42800.0,42650.0,42750.0,1761.0
2026-09-23 13:00:00+09:00,42750.0,42900.0,42700.0,42850.0,2152.0
2026-09-23 13:10:00+09:00,42900.0,42950.0,42750.0,42850.0,1630.0
2026-09-23 13:20:00+09:00,42750.0,42900.0,42700.0,42800.0,3306.0
2026-09-23 13:30:00+09:00,42750.0,42800.0,42750.0,42800.0,444.0
