,Open,High,Low,Close,Volume
2026-06-29 09:00:00+09:00,5750.0,5960.0,5680.0,5960.0,71530.0
2026-06-29 09:10:00+09:00,5960.0,6060.0,5950.0,5985.0,145086.0
2026-06-29 09:20:00+09:00,5980.0,5990.0,5890.0,5890.0,87496.0
2026-06-29 09:30:00+09:00,5890.0,5940.0,5820.0,5910.0,131469.0
2026-06-29 09:40:00+09:00,5910.0,6020.0,5900.0,5970.0,66614.0
2026-06-29 09:50:00+09:00,5970.0,6020.0,5970.0,6010.0,42927.0
2026-06-29 10:00:00+09:00,6020.0,6050.0,5960.0,6020.0,39154.0
2026-06-29 10:10:00+09:00,6020.0,6060.0,6000.0,6040.0,44982.0
2026-06-29 10:20:00+09:00,6030.0,6060.0,6020.0,6050.0,38093.0
2026-06-29 10:30:00+09:00,6050.0,6090.0,6030.0,6080.0,28235.0
2026-06-29 10:40:00+09:00,6080.0,6130.0,6010.0,6040.0,47555.0
2026-06-29 10:50:00+09:00,6030.0,6040.0,5970.0,5990.0,21649.0
2026-06-29 11:00:00+09:00,6000.0,6000.0,5940.0,5950.0,19874.0
2026-06-29 11:10:00+09:00,5940.0,5950.0,5900.0,5945.0,25997.0
2026-06-29 11:20:00+09:00,5945.0,5990.0,5940.0,5990.0,26344.0
2026-06-29 11:30:00+09:00,5980.0,5980.0,5920.0,5950.0,18895.0
2026-06-29 11:40:00+09:00,5940.0,6000.0,5940.0,5970.0,17543.0
2026-06-29 11:50:00+09:00,5975.0,5980.0,5930.0,5970.0,11184.0
2026-06-29 12:00:00+09:00,5960.0,5980.0,5940.0,5960.0,10360.0
2026-06-29 12:10:00+09:00,5960.0,5960.0,5930.0,5940.0,12254.0
2026-06-29 12:20:00+09:00,5940.0,5980.0,5930.0,5980.0,18486.0
2026-06-29 12:30:00+09:00,5980.0,5990.0,5920.0,5950.0,12687.0
2026-06-29 12:40:00+09:00,5940.0,5980.0,5920.0,5980.0,21545.0
2026-06-29 12:50:00+09:00,5970.0,6020.0,5970.0,6000.0,20559.0
2026-06-29 13:00:00+09:00,5990.0,6040.0,5990.0,6020.0,25299.0
2026-06-29 13:10:00+09:00,6020.0,6030.0,5990.0,5990.0,20114.0
2026-06-29 13:20:00+09:00,6000.0,6010.0,5970.0,6000.0,33252.0
2026-06-29 13:30:00+09:00,5990.0,6000.0,5940.0,5970.0,39097.0
2026-06-29 13:40:00+09:00,5970.0,5990.0,5960.0,5990.0,18143.0
2026-06-29 13:50:00+09:00,5990.0,6000.0,5950.0,5950.0,20532.0
2026-06-29 14:00:00+09:00,5960.0,5990.0,5950.0,5980.0,21618.0
2026-06-29 14:10:00+09:00,5990.0,6000.0,5970.0,5990.0,26826.0
2026-06-29 14:20:00+09:00,5980.0,6030.0,5970.0,5990.0,41031.0
2026-06-29 14:30:00+09:00,5990.0,6030.0,5980.0,6020.0,25281.0
2026-06-29 14:40:00+09:00,6020.0,6090.0,5990.0,6080.0,90766.0
2026-06-29 14:50:00+09:00,6090.0,6130.0,6070.0,6120.0,52453.0
2026-06-30 09:00:00+09:00,6130.0,6200.0,5970.0,6120.0,160103.0
2026-06-30 09:10:00+09:00,6110.0,6200.0,6040.0,6060.0,84749.0
2026-06-30 09:20:00+09:00,6060.0,6070.0,5980.0,6010.0,99989.0
2026-06-30 09:30:00+09:00,6010.0,6010.0,5950.0,5970.0,42454.0
2026-06-30 09:40:00+09:00,5970.0,5970.0,5890.0,5940.0,53707.0
2026-06-30 09:50:00+09:00,5920.0,5960.0,5890.0,5950.0,45297.0
2026-06-30 10:00:00+09:00,5950.0,5970.0,5870.0,5870.0,51617.0
2026-06-30 10:10:00+09:00,5880.0,5910.0,5850.0,5900.0,43886.0
2026-06-30 10:20:00+09:00,5900.0,6000.0,5880.0,6000.0,31596.0
2026-06-30 10:30:00+09:00,5990.0,6040.0,5970.0,5980.0,36701.0
2026-06-30 10:40:00+09:00,5970.0,5980.0,5930.0,5950.0,25129.0
2026-06-30 10:50:00+09:00,5950.0,6020.0,5950.0,6020.0,11943.0
2026-06-30 11:00:00+09:00,6020.0,6025.0,5940.0,5940.0,20463.0
2026-06-30 11:10:00+09:00,5960.0,5960.0,5910.0,5930.0,11442.0
2026-06-30 11:20:00+09:00,5920.0,5960.0,5920.0,5930.0,14545.0
2026-06-30 11:30:00+09:00,5950.0,5950.0,5920.0,5920.0,5265.0
2026-06-30 11:40:00+09:00,5930.0,5950.0,5920.0,5940.0,14117.0
2026-06-30 11:50:00+09:00,5940.0,5980.0,5930.0,5940.0,28362.0
2026-06-30 12:00:00+09:00,5940.0,5970.0,5930.0,5950.0,12516.0
2026-06-30 12:10:00+09:00,5960.0,5980.0,5950.0,5970.0,10685.0
2026-06-30 12:20:00+09:00,5970.0,5980.0,5950.0,5960.0,12898.0
2026-06-30 12:30:00+09:00,5970.0,5990.0,5960.0,5980.0,5429.0
2026-06-30 12:40:00+09:00,5980.0,5995.0,5970.0,5980.0,9370.0
2026-06-30 12:50:00+09:00,5970.0,5980.0,5930.0,5950.0,23756.0
2026-06-30 13:00:00+09:00,5950.0,5970.0,5940.0,5945.0,16190.0
2026-06-30 13:10:00+09:00,5950.0,5950.0,5930.0,5940.0,11670.0
2026-06-30 13:20:00+09:00,5940.0,5950.0,5920.0,5940.0,18089.0
2026-06-30 13:30:00+09:00,5940.0,6000.0,5940.0,5990.0,20182.0
2026-06-30 13:40:00+09:00,5990.0,5990.0,5970.0,5975.0,12317.0
2026-06-30 13:50:00+09:00,5975.0,5980.0,5940.0,5960.0,15701.0
2026-06-30 14:00:00+09:00,5970.0,5990.0,5960.0,5970.0,24994.0
2026-06-30 14:10:00+09:00,5970.0,5990.0,5940.0,5960.0,43884.0
2026-06-30 14:20:00+09:00,5960.0,5990.0,5950.0,5970.0,19497.0
2026-06-30 14:30:00+09:00,5970.0,5970.0,5910.0,5910.0,62415.0
2026-06-30 14:40:00+09:00,5920.0,5960.0,5910.0,5960.0,21298.0
2026-06-30 14:50:00+09:00,5960.0,5970.0,5940.0,5960.0,25532.0
2026-07-01 09:00:00+09:00,5930.0,6100.0,5790.0,5840.0,211370.0
2026-07-01 09:10:00+09:00,5840.0,6050.0,5840.0,6005.0,123672.0
2026-07-01 09:20:00+09:00,6010.0,6110.0,5950.0,6080.0,117530.0
2026-07-01 09:30:00+09:00,6090.0,6200.0,6070.0,6150.0,130359.0
2026-07-01 09:40:00+09:00,6140.0,6240.0,6140.0,6230.0,126796.0
2026-07-01 09:50:00+09:00,6230.0,6260.0,6190.0,6220.0,103553.0
2026-07-01 10:00:00+09:00,6220.0,6270.0,6090.0,6100.0,140227.0
2026-07-01 10:10:00+09:00,6100.0,6100.0,6000.0,6060.0,115078.0
2026-07-01 10:20:00+09:00,6050.0,6110.0,6040.0,6100.0,52908.0
2026-07-01 10:30:00+09:00,6100.0,6140.0,6070.0,6110.0,36506.0
2026-07-01 10:40:00+09:00,6110.0,6110.0,5980.0,5980.0,57398.0
2026-07-01 10:50:00+09:00,6000.0,6010.0,5960.0,6000.0,41963.0
2026-07-01 11:00:00+09:00,6000.0,6000.0,5910.0,5930.0,74730.0
2026-07-01 11:10:00+09:00,5950.0,5980.0,5920.0,5940.0,43065.0
2026-07-01 11:20:00+09:00,5950.0,5990.0,5930.0,5970.0,37151.0
2026-07-01 11:30:00+09:00,5960.0,5970.0,5920.0,5960.0,28359.0
2026-07-01 11:40:00+09:00,5970.0,6040.0,5960.0,6000.0,124154.0
2026-07-01 11:50:00+09:00,6010.0,6010.0,5950.0,5980.0,22764.0
2026-07-01 12:00:00+09:00,5980.0,6000.0,5960.0,5990.0,39843.0
2026-07-01 12:10:00+09:00,5990.0,6020.0,5980.0,6010.0,19340.0
2026-07-01 12:20:00+09:00,6010.0,6010.0,5970.0,5980.0,18260.0
2026-07-01 12:30:00+09:00,5980.0,6020.0,5960.0,6020.0,18285.0
2026-07-01 12:40:00+09:00,6010.0,6020.0,5970.0,6020.0,17289.0
2026-07-01 12:50:00+09:00,6020.0,6030.0,6000.0,6010.0,12791.0
2026-07-01 13:00:00+09:00,6000.0,6010.0,5960.0,5970.0,18070.0
2026-07-01 13:10:00+09:00,5970.0,5970.0,5940.0,5950.0,26417.0
2026-07-01 13:20:00+09:00,5950.0,5980.0,5940.0,5960.0,11432.0
2026-07-01 13:30:00+09:00,5950.0,5970.0,5930.0,5930.0,18628.0
2026-07-01 13:40:00+09:00,5940.0,5970.0,5930.0,5970.0,17345.0
2026-07-01 13:50:00+09:00,5970.0,5970.0,5910.0,5920.0,39490.0
2026-07-01 14:00:00+09:00,5920.0,5960.0,5870.0,5920.0,59026.0
2026-07-01 14:10:00+09:00,5920.0,5930.0,5890.0,5900.0,14459.0
2026-07-01 14:20:00+09:00,5900.0,5910.0,5870.0,5890.0,48571.0
2026-07-01 14:30:00+09:00,5890.0,5890.0,5860.0,5870.0,45372.0
2026-07-01 14:40:00+09:00,5870.0,5900.0,5850.0,5850.0,31306.0
2026-07-01 14:50:00+09:00,5850.0,5900.0,5840.0,5880.0,62378.0
2026-07-02 09:00:00+09:00,5680.0,5680.0,5360.0,5410.0,210648.0
2026-07-02 09:10:00+09:00,5410.0,5450.0,5300.0,5340.0,137674.0
2026-07-02 09:20:00+09:00,5330.0,5420.0,5320.0,5390.0,60766.0
2026-07-02 09:30:00+09:00,5390.0,5420.0,5330.0,5330.0,59497.0
2026-07-02 09:40:00+09:00,5340.0,5340.0,5280.0,5310.0,111997.0
2026-07-02 09:50:00+09:00,5310.0,5350.0,5290.0,5300.0,42671.0
2026-07-02 10:00:00+09:00,5310.0,5350.0,5270.0,5350.0,83587.0
2026-07-02 10:10:00+09:00,5350.0,5390.0,5330.0,5370.0,45971.0
2026-07-02 10:20:00+09:00,5370.0,5430.0,5360.0,5430.0,40122.0
2026-07-02 10:30:00+09:00,5430.0,5430.0,5380.0,5390.0,54506.0
2026-07-02 10:40:00+09:00,5390.0,5440.0,5360.0,5430.0,27562.0
2026-07-02 10:50:00+09:00,5425.0,5470.0,5420.0,5460.0,39917.0
2026-07-02 11:00:00+09:00,5450.0,5490.0,5430.0,5460.0,26915.0
2026-07-02 11:10:00+09:00,5470.0,5500.0,5420.0,5420.0,29768.0
2026-07-02 11:20:00+09:00,5420.0,5440.0,5370.0,5380.0,28020.0
2026-07-02 11:30:00+09:00,5380.0,5410.0,5370.0,5410.0,7482.0
2026-07-02 11:40:00+09:00,5400.0,5430.0,5390.0,5390.0,17316.0
2026-07-02 11:50:00+09:00,5390.0,5420.0,5370.0,5420.0,21007.0
2026-07-02 12:00:00+09:00,5410.0,5420.0,5340.0,5340.0,30576.0
2026-07-02 12:10:00+09:00,5340.0,5370.0,5340.0,5370.0,10204.0
2026-07-02 12:20:00+09:00,5370.0,5370.0,5330.0,5330.0,19484.0
2026-07-02 12:30:00+09:00,5330.0,5360.0,5320.0,5340.0,29764.0
2026-07-02 12:40:00+09:00,5330.0,5340.0,5310.0,5310.0,23005.0
2026-07-02 12:50:00+09:00,5320.0,5320.0,5300.0,5300.0,28885.0
2026-07-02 13:00:00+09:00,5300.0,5310.0,5270.0,5280.0,33482.0
2026-07-02 13:10:00+09:00,5290.0,5290.0,5250.0,5290.0,53414.0
2026-07-02 13:20:00+09:00,5290.0,5350.0,5270.0,5340.0,32821.0
2026-07-02 13:30:00+09:00,5330.0,5340.0,5290.0,5300.0,11109.0
2026-07-02 13:40:00+09:00,5300.0,5310.0,5270.0,5270.0,42197.0
2026-07-02 13:50:00+09:00,5280.0,5280.0,5240.0,5270.0,65011.0
2026-07-02 14:00:00+09:00,5270.0,5310.0,5250.0,5300.0,70541.0
2026-07-02 14:10:00+09:00,5300.0,5320.0,5280.0,5300.0,33532.0
2026-07-02 14:20:00+09:00,5290.0,5310.0,5260.0,5270.0,24898.0
2026-07-02 14:30:00+09:00,5260.0,5280.0,5250.0,5280.0,28448.0
2026-07-02 14:40:00+09:00,5270.0,5280.0,5180.0,5190.0,123341.0
2026-07-02 14:50:00+09:00,5190.0,5230.0,5170.0,5170.0,85953.0
2026-07-03 09:00:00+09:00,5150.0,5200.0,4995.0,5020.0,195971.0
2026-07-03 09:10:00+09:00,5020.0,5060.0,4945.0,4970.0,166893.0
2026-07-03 09:20:00+09:00,4965.0,5000.0,4885.0,4910.0,144510.0
2026-07-03 09:30:00+09:00,4910.0,5010.0,4870.0,4985.0,145076.0
2026-07-03 09:40:00+09:00,4985.0,4985.0,4800.0,4920.0,102273.0
2026-07-03 09:50:00+09:00,4920.0,4920.0,4850.0,4865.0,67387.0
2026-07-03 10:00:00+09:00,4862.0,5000.0,4860.0,4995.0,120873.0
2026-07-03 10:10:00+09:00,4995.0,5035.0,4950.0,5020.0,70377.0
2026-07-03 10:20:00+09:00,5020.0,5060.0,4995.0,5040.0,55469.0
2026-07-03 10:30:00+09:00,5040.0,5070.0,5000.0,5050.0,53486.0
2026-07-03 10:40:00+09:00,5070.0,5070.0,5000.0,5020.0,33272.0
2026-07-03 10:50:00+09:00,5030.0,5040.0,5000.0,5030.0,27872.0
2026-07-03 11:00:00+09:00,5030.0,5080.0,5000.0,5080.0,57106.0
2026-07-03 11:10:00+09:00,5080.0,5080.0,5010.0,5030.0,34613.0
2026-07-03 11:20:00+09:00,5030.0,5070.0,5020.0,5050.0,19727.0
2026-07-03 11:30:00+09:00,5050.0,5070.0,5020.0,5070.0,14769.0
2026-07-03 11:40:00+09:00,5070.0,5070.0,5010.0,5060.0,15833.0
2026-07-03 11:50:00+09:00,5060.0,5090.0,5030.0,5080.0,17314.0
2026-07-03 12:00:00+09:00,5080.0,5080.0,5000.0,5040.0,29916.0
2026-07-03 12:10:00+09:00,5040.0,5040.0,4995.0,5020.0,29233.0
2026-07-03 12:20:00+09:00,5020.0,5060.0,5000.0,5040.0,17950.0
2026-07-03 12:30:00+09:00,5040.0,5050.0,5000.0,5010.0,34869.0
2026-07-03 12:40:00+09:00,5010.0,5030.0,4990.0,5020.0,57198.0
2026-07-03 12:50:00+09:00,5020.0,5070.0,5010.0,5070.0,20837.0
2026-07-03 13:00:00+09:00,5070.0,5090.0,5060.0,5090.0,24104.0
2026-07-03 13:10:00+09:00,5090.0,5140.0,5070.0,5130.0,18791.0
2026-07-03 13:20:00+09:00,5130.0,5180.0,5120.0,5180.0,51953.0
2026-07-03 13:30:00+09:00,5170.0,5300.0,5170.0,5240.0,130957.0
2026-07-03 13:40:00+09:00,5230.0,5300.0,5190.0,5280.0,74854.0
2026-07-03 13:50:00+09:00,5290.0,5350.0,5280.0,5350.0,87863.0
2026-07-03 14:00:00+09:00,5340.0,5350.0,5300.0,5330.0,73628.0
2026-07-03 14:10:00+09:00,5330.0,5380.0,5310.0,5370.0,100837.0
2026-07-03 14:20:00+09:00,5370.0,5380.0,5340.0,5370.0,49012.0
2026-07-03 14:30:00+09:00,5370.0,5430.0,5360.0,5400.0,76092.0
2026-07-03 14:40:00+09:00,5410.0,5410.0,5310.0,5330.0,71724.0
2026-07-03 14:50:00+09:00,5340.0,5380.0,5320.0,5350.0,53532.0
2026-07-06 09:00:00+09:00,5370.0,5460.0,5240.0,5420.0,41443.0
2026-07-06 09:10:00+09:00,5420.0,5420.0,5240.0,5250.0,101907.0
2026-07-06 09:20:00+09:00,5250.0,5270.0,5190.0,5210.0,69205.0
2026-07-06 09:30:00+09:00,5200.0,5240.0,5170.0,5220.0,70921.0
2026-07-06 09:40:00+09:00,5230.0,5260.0,5200.0,5210.0,22012.0
2026-07-06 09:50:00+09:00,5220.0,5230.0,5160.0,5180.0,34581.0
2026-07-06 10:00:00+09:00,5190.0,5200.0,5130.0,5180.0,56708.0
2026-07-06 10:10:00+09:00,5180.0,5190.0,5140.0,5180.0,32298.0
2026-07-06 10:20:00+09:00,5180.0,5180.0,5130.0,5150.0,24227.0
2026-07-06 10:30:00+09:00,5150.0,5190.0,5130.0,5170.0,22560.0
2026-07-06 10:40:00+09:00,5170.0,5180.0,5120.0,5150.0,24667.0
2026-07-06 10:50:00+09:00,5130.0,5150.0,5090.0,5130.0,61634.0
2026-07-06 11:00:00+09:00,5140.0,5200.0,5140.0,5170.0,34052.0
2026-07-06 11:10:00+09:00,5170.0,5190.0,5110.0,5120.0,28758.0
2026-07-06 11:20:00+09:00,5140.0,5160.0,5110.0,5110.0,20275.0
2026-07-06 11:30:00+09:00,5110.0,5140.0,5090.0,5120.0,29917.0
2026-07-06 11:40:00+09:00,5110.0,5140.0,5080.0,5130.0,57443.0
2026-07-06 11:50:00+09:00,5130.0,5180.0,5110.0,5150.0,40810.0
2026-07-06 12:00:00+09:00,5160.0,5190.0,5150.0,5180.0,25003.0
2026-07-06 12:10:00+09:00,5180.0,5210.0,5170.0,5200.0,26235.0
2026-07-06 12:20:00+09:00,5200.0,5200.0,5160.0,5200.0,26833.0
2026-07-06 12:30:00+09:00,5200.0,5230.0,5180.0,5210.0,35471.0
2026-07-06 12:40:00+09:00,5210.0,5220.0,5180.0,5200.0,23513.0
2026-07-06 12:50:00+09:00,5200.0,5230.0,5180.0,5220.0,25250.0
2026-07-06 13:00:00+09:00,5230.0,5230.0,5120.0,5130.0,22940.0
2026-07-06 13:10:00+09:00,5140.0,5210.0,5130.0,5210.0,21228.0
2026-07-06 13:20:00+09:00,5200.0,5240.0,5200.0,5240.0,18406.0
2026-07-06 13:30:00+09:00,5240.0,5270.0,5220.0,5250.0,31786.0
2026-07-06 13:40:00+09:00,5250.0,5270.0,5240.0,5260.0,24585.0
2026-07-06 13:50:00+09:00,5260.0,5270.0,5230.0,5260.0,24574.0
2026-07-06 14:00:00+09:00,5250.0,5260.0,5170.0,5200.0,20621.0
2026-07-06 14:10:00+09:00,5200.0,5200.0,5170.0,5190.0,16813.0
2026-07-06 14:20:00+09:00,5200.0,5210.0,5170.0,5190.0,15179.0
2026-07-06 14:30:00+09:00,5180.0,5230.0,5170.0,5220.0,24902.0
2026-07-06 14:40:00+09:00,5210.0,5250.0,5190.0,5200.0,28211.0
2026-07-06 14:50:00+09:00,5200.0,5250.0,5190.0,5240.0,39449.0
2026-07-07 09:00:00+09:00,5200.0,5410.0,5200.0,5240.0,150252.0
2026-07-07 09:10:00+09:00,5240.0,5280.0,5170.0,5230.0,49544.0
2026-07-07 09:20:00+09:00,5235.0,5460.0,5220.0,5410.0,115866.0
2026-07-07 09:30:00+09:00,5410.0,5510.0,5390.0,5400.0,116230.0
2026-07-07 09:40:00+09:00,5400.0,5400.0,5320.0,5350.0,75886.0
2026-07-07 09:50:00+09:00,5350.0,5390.0,5320.0,5340.0,30333.0
2026-07-07 10:00:00+09:00,5340.0,5370.0,5300.0,5350.0,34273.0
2026-07-07 10:10:00+09:00,5350.0,5360.0,5260.0,5260.0,36700.0
2026-07-07 10:20:00+09:00,5260.0,5270.0,5170.0,5190.0,65492.0
2026-07-07 10:30:00+09:00,5190.0,5260.0,5190.0,5245.0,49921.0
2026-07-07 10:40:00+09:00,5245.0,5380.0,5240.0,5360.0,36891.0
2026-07-07 10:50:00+09:00,5360.0,5360.0,5230.0,5230.0,35462.0
2026-07-07 11:00:00+09:00,5240.0,5250.0,5200.0,5230.0,40310.0
2026-07-07 11:10:00+09:00,5220.0,5240.0,5190.0,5200.0,34445.0
2026-07-07 11:20:00+09:00,5200.0,5220.0,5180.0,5200.0,25042.0
2026-07-07 11:30:00+09:00,5190.0,5220.0,5170.0,5210.0,25075.0
2026-07-07 11:40:00+09:00,5200.0,5200.0,5150.0,5160.0,33832.0
2026-07-07 11:50:00+09:00,5170.0,5190.0,5150.0,5160.0,24816.0
2026-07-07 12:00:00+09:00,5160.0,5210.0,5150.0,5190.0,21621.0
2026-07-07 12:10:00+09:00,5190.0,5200.0,5130.0,5130.0,26142.0
2026-07-07 12:20:00+09:00,5140.0,5160.0,5090.0,5090.0,60396.0
2026-07-07 12:30:00+09:00,5100.0,5180.0,5090.0,5180.0,27781.0
2026-07-07 12:40:00+09:00,5180.0,5180.0,5100.0,5130.0,27980.0
2026-07-07 12:50:00+09:00,5140.0,5150.0,5100.0,5130.0,23340.0
2026-07-07 13:00:00+09:00,5130.0,5160.0,5100.0,5130.0,32347.0
2026-07-07 13:10:00+09:00,5130.0,5180.0,5120.0,5140.0,35119.0
2026-07-07 13:20:00+09:00,5150.0,5160.0,5110.0,5150.0,42022.0
2026-07-07 13:30:00+09:00,5140.0,5170.0,5130.0,5160.0,23477.0
2026-07-07 13:40:00+09:00,5160.0,5170.0,5080.0,5080.0,38756.0
2026-07-07 13:50:00+09:00,5080.0,5090.0,5030.0,5050.0,48898.0
2026-07-07 14:00:00+09:00,5050.0,5060.0,5020.0,5030.0,27073.0
2026-07-07 14:10:00+09:00,5030.0,5040.0,4975.0,5020.0,60470.0
2026-07-07 14:20:00+09:00,5020.0,5070.0,4965.0,5020.0,65864.0
2026-07-07 14:30:00+09:00,5020.0,5060.0,5000.0,5020.0,65747.0
2026-07-07 14:40:00+09:00,5030.0,5090.0,5020.0,5060.0,47057.0
2026-07-07 14:50:00+09:00,5060.0,5110.0,5050.0,5090.0,59857.0
2026-07-08 09:00:00+09:00,4900.0,4990.0,4800.0,4945.0,103164.0
2026-07-08 09:10:00+09:00,4947.0,5110.0,4935.0,5070.0,60401.0
2026-07-08 09:20:00+09:00,5060.0,5130.0,5020.0,5070.0,51107.0
2026-07-08 09:30:00+09:00,5065.0,5070.0,4995.0,5060.0,38793.0
2026-07-08 09:40:00+09:00,5060.0,5150.0,5020.0,5130.0,51952.0
2026-07-08 09:50:00+09:00,5130.0,5170.0,5090.0,5160.0,78010.0
2026-07-08 10:00:00+09:00,5160.0,5240.0,5110.0,5110.0,125315.0
2026-07-08 10:10:00+09:00,5110.0,5190.0,5090.0,5110.0,49441.0
2026-07-08 10:20:00+09:00,5110.0,5140.0,5070.0,5120.0,39499.0
2026-07-08 10:30:00+09:00,5130.0,5170.0,5060.0,5110.0,104925.0
2026-07-08 10:40:00+09:00,5120.0,5160.0,5110.0,5120.0,61372.0
2026-07-08 10:50:00+09:00,5120.0,5140.0,5090.0,5130.0,47697.0
2026-07-08 11:00:00+09:00,5130.0,5130.0,5090.0,5120.0,49912.0
2026-07-08 11:10:00+09:00,5120.0,5180.0,5110.0,5180.0,66098.0
2026-07-08 11:20:00+09:00,5180.0,5280.0,5150.0,5230.0,157711.0
2026-07-08 11:30:00+09:00,5230.0,5230.0,5150.0,5170.0,64052.0
2026-07-08 11:40:00+09:00,5170.0,5230.0,5160.0,5210.0,35021.0
2026-07-08 11:50:00+09:00,5220.0,5220.0,5170.0,5170.0,27590.0
2026-07-08 12:00:00+09:00,5180.0,5370.0,5180.0,5320.0,109897.0
2026-07-08 12:10:00+09:00,5310.0,5350.0,5290.0,5330.0,82277.0
2026-07-08 12:20:00+09:00,5325.0,5380.0,5290.0,5380.0,60090.0
2026-07-08 12:30:00+09:00,5390.0,5390.0,5300.0,5300.0,63948.0
2026-07-08 12:40:00+09:00,5300.0,5310.0,5270.0,5290.0,30990.0
2026-07-08 12:50:00+09:00,5290.0,5290.0,5220.0,5220.0,127387.0
2026-07-08 13:00:00+09:00,5230.0,5240.0,5170.0,5220.0,37494.0
2026-07-08 13:10:00+09:00,5210.0,5220.0,5130.0,5130.0,61875.0
2026-07-08 13:20:00+09:00,5140.0,5170.0,5120.0,5170.0,42148.0
2026-07-08 13:30:00+09:00,5170.0,5170.0,5070.0,5110.0,47075.0
2026-07-08 13:40:00+09:00,5110.0,5130.0,5060.0,5070.0,49019.0
2026-07-08 13:50:00+09:00,5080.0,5120.0,5040.0,5120.0,52213.0
2026-07-08 14:00:00+09:00,5120.0,5170.0,5100.0,5130.0,44255.0
2026-07-08 14:10:00+09:00,5130.0,5140.0,5050.0,5060.0,58064.0
2026-07-08 14:20:00+09:00,5060.0,5100.0,5050.0,5070.0,45751.0
2026-07-08 14:30:00+09:00,5070.0,5090.0,5030.0,5040.0,61892.0
2026-07-08 14:40:00+09:00,5040.0,5060.0,5020.0,5040.0,58373.0
2026-07-08 14:50:00+09:00,5030.0,5080.0,5030.0,5060.0,58522.0
2026-07-09 09:00:00+09:00,5030.0,5250.0,5030.0,5150.0,107301.0
2026-07-09 09:10:00+09:00,5150.0,5200.0,5070.0,5200.0,120328.0
2026-07-09 09:20:00+09:00,5190.0,5290.0,5190.0,5260.0,165585.0
2026-07-09 09:30:00+09:00,5260.0,5310.0,5210.0,5220.0,81392.0
2026-07-09 09:40:00+09:00,5220.0,5300.0,5200.0,5290.0,64942.0
2026-07-09 09:50:00+09:00,5290.0,5300.0,5170.0,5200.0,99693.0
2026-07-09 10:00:00+09:00,5200.0,5260.0,5170.0,5240.0,54028.0
2026-07-09 10:10:00+09:00,5240.0,5310.0,5240.0,5310.0,53159.0
2026-07-09 10:20:00+09:00,5310.0,5330.0,5250.0,5290.0,52945.0
2026-07-09 10:30:00+09:00,5290.0,5300.0,5240.0,5270.0,36152.0
2026-07-09 10:40:00+09:00,5260.0,5300.0,5230.0,5260.0,34277.0
2026-07-09 10:50:00+09:00,5270.0,5290.0,5190.0,5210.0,54201.0
2026-07-09 11:00:00+09:00,5200.0,5230.0,5120.0,5150.0,85999.0
2026-07-09 11:10:00+09:00,5160.0,5180.0,5110.0,5170.0,38476.0
2026-07-09 11:20:00+09:00,5160.0,5190.0,5140.0,5140.0,18630.0
2026-07-09 11:30:00+09:00,5150.0,5160.0,5060.0,5080.0,44449.0
2026-07-09 11:40:00+09:00,5090.0,5090.0,5010.0,5010.0,61822.0
2026-07-09 11:50:00+09:00,5010.0,5030.0,4975.0,5000.0,62322.0
2026-07-09 12:00:00+09:00,4995.0,5010.0,4940.0,4960.0,49302.0
2026-07-09 12:10:00+09:00,4965.0,4970.0,4900.0,4920.0,67426.0
2026-07-09 12:20:00+09:00,4925.0,5030.0,4925.0,5020.0,56469.0
2026-07-09 12:30:00+09:00,5030.0,5095.0,5000.0,5050.0,38359.0
2026-07-09 12:40:00+09:00,5050.0,5080.0,5030.0,5060.0,27299.0
2026-07-09 12:50:00+09:00,5050.0,5090.0,5040.0,5050.0,13185.0
2026-07-09 13:00:00+09:00,5050.0,5070.0,5010.0,5030.0,22014.0
2026-07-09 13:10:00+09:00,5020.0,5040.0,5010.0,5010.0,20328.0
2026-07-09 13:20:00+09:00,5010.0,5010.0,4960.0,4970.0,40808.0
2026-07-09 13:30:00+09:00,4975.0,5020.0,4975.0,5000.0,18224.0
2026-07-09 13:40:00+09:00,5000.0,5010.0,4945.0,4950.0,33353.0
2026-07-09 13:50:00+09:00,4955.0,4980.0,4950.0,4970.0,18599.0
2026-07-09 14:00:00+09:00,4970.0,4975.0,4925.0,4945.0,45887.0
2026-07-09 14:10:00+09:00,4945.0,4990.0,4920.0,4940.0,35288.0
2026-07-09 14:20:00+09:00,4940.0,4940.0,4910.0,4920.0,31908.0
2026-07-09 14:30:00+09:00,4920.0,4940.0,4870.0,4925.0,62416.0
2026-07-09 14:40:00+09:00,4920.0,4935.0,4895.0,4935.0,31564.0
2026-07-09 14:50:00+09:00,4935.0,4990.0,4925.0,4990.0,43923.0
2026-07-10 09:00:00+09:00,5150.0,5240.0,5130.0,5180.0,132166.0
2026-07-10 09:10:00+09:00,5170.0,5180.0,5080.0,5130.0,101128.0
2026-07-10 09:20:00+09:00,5130.0,5150.0,5070.0,5120.0,49510.0
2026-07-10 09:30:00+09:00,5130.0,5160.0,5100.0,5140.0,41915.0
2026-07-10 09:40:00+09:00,5140.0,5260.0,5120.0,5220.0,91331.0
2026-07-10 09:50:00+09:00,5220.0,5260.0,5210.0,5250.0,54378.0
2026-07-10 10:00:00+09:00,5250.0,5310.0,5250.0,5300.0,71046.0
2026-07-10 10:10:00+09:00,5300.0,5430.0,5270.0,5400.0,86449.0
2026-07-10 10:20:00+09:00,5410.0,5440.0,5360.0,5430.0,52348.0
2026-07-10 10:30:00+09:00,5430.0,5450.0,5390.0,5440.0,56470.0
2026-07-10 10:40:00+09:00,5440.0,5460.0,5390.0,5460.0,40304.0
2026-07-10 10:50:00+09:00,5460.0,5460.0,5380.0,5400.0,31116.0
2026-07-10 11:00:00+09:00,5400.0,5400.0,5310.0,5370.0,41231.0
2026-07-10 11:10:00+09:00,5360.0,5380.0,5310.0,5380.0,40493.0
2026-07-10 11:20:00+09:00,5380.0,5400.0,5350.0,5360.0,16384.0
2026-07-10 11:30:00+09:00,5380.0,5410.0,5370.0,5410.0,23048.0
2026-07-10 11:40:00+09:00,5400.0,5420.0,5380.0,5400.0,18798.0
2026-07-10 11:50:00+09:00,5400.0,5410.0,5370.0,5380.0,7790.0
2026-07-10 12:00:00+09:00,5380.0,5400.0,5360.0,5390.0,18401.0
2026-07-10 12:10:00+09:00,5390.0,5410.0,5380.0,5400.0,12028.0
2026-07-10 12:20:00+09:00,5410.0,5410.0,5360.0,5360.0,11581.0
2026-07-10 12:30:00+09:00,5360.0,5400.0,5350.0,5390.0,32549.0
2026-07-10 12:40:00+09:00,5390.0,5420.0,5380.0,5410.0,12449.0
2026-07-10 12:50:00+09:00,5410.0,5420.0,5390.0,5410.0,11325.0
2026-07-10 13:00:00+09:00,5410.0,5430.0,5400.0,5410.0,18278.0
2026-07-10 13:10:00+09:00,5420.0,5430.0,5400.0,5420.0,23097.0
2026-07-10 13:20:00+09:00,5420.0,5440.0,5420.0,5430.0,13709.0
2026-07-10 13:30:00+09:00,5420.0,5430.0,5410.0,5410.0,4347.0
2026-07-10 13:40:00+09:00,5410.0,5480.0,5410.0,5450.0,48996.0
2026-07-10 13:50:00+09:00,5460.0,5470.0,5380.0,5400.0,45419.0
2026-07-10 14:00:00+09:00,5410.0,5420.0,5360.0,5380.0,20754.0
2026-07-10 14:10:00+09:00,5380.0,5420.0,5380.0,5420.0,8987.0
2026-07-10 14:20:00+09:00,5420.0,5430.0,5400.0,5400.0,8832.0
2026-07-10 14:30:00+09:00,5410.0,5430.0,5390.0,5410.0,10736.0
2026-07-10 14:40:00+09:00,5410.0,5480.0,5390.0,5460.0,38974.0
2026-07-10 14:50:00+09:00,5470.0,5480.0,5440.0,5450.0,23952.0
2026-07-13 09:00:00+09:00,5370.0,5480.0,5210.0,5260.0,189754.0
2026-07-13 09:10:00+09:00,5260.0,5440.0,5260.0,5350.0,162416.0
2026-07-13 09:20:00+09:00,5340.0,5450.0,5340.0,5400.0,105884.0
2026-07-13 09:30:00+09:00,5390.0,5400.0,5290.0,5320.0,69844.0
2026-07-13 09:40:00+09:00,5320.0,5340.0,5255.0,5290.0,101216.0
2026-07-13 09:50:00+09:00,5290.0,5310.0,5210.0,5220.0,106072.0
2026-07-13 10:00:00+09:00,5220.0,5230.0,5110.0,5140.0,135040.0
2026-07-13 10:10:00+09:00,5150.0,5210.0,5130.0,5170.0,49491.0
2026-07-13 10:20:00+09:00,5170.0,5230.0,5140.0,5200.0,48505.0
2026-07-13 10:30:00+09:00,5200.0,5250.0,5170.0,5250.0,32432.0
2026-07-13 10:40:00+09:00,5250.0,5250.0,5100.0,5130.0,31532.0
2026-07-13 10:50:00+09:00,5120.0,5120.0,5070.0,5100.0,38240.0
2026-07-13 11:00:00+09:00,5090.0,5100.0,5020.0,5040.0,43515.0
2026-07-13 11:10:00+09:00,5040.0,5090.0,5040.0,5080.0,44217.0
2026-07-13 11:20:00+09:00,5080.0,5130.0,5070.0,5120.0,20733.0
2026-07-13 11:30:00+09:00,5110.0,5220.0,5110.0,5210.0,48672.0
2026-07-13 11:40:00+09:00,5210.0,5220.0,5170.0,5220.0,35161.0
2026-07-13 11:50:00+09:00,5220.0,5230.0,5170.0,5170.0,23546.0
2026-07-13 12:00:00+09:00,5170.0,5170.0,5120.0,5130.0,36678.0
2026-07-13 12:10:00+09:00,5120.0,5130.0,5110.0,5120.0,15719.0
2026-07-13 12:20:00+09:00,5120.0,5170.0,5090.0,5110.0,40635.0
2026-07-13 12:30:00+09:00,5110.0,5120.0,5060.0,5110.0,38966.0
2026-07-13 12:40:00+09:00,5110.0,5140.0,5090.0,5130.0,51797.0
2026-07-13 12:50:00+09:00,5130.0,5130.0,5100.0,5110.0,18950.0
2026-07-13 13:00:00+09:00,5100.0,5110.0,5060.0,5070.0,40773.0
2026-07-13 13:10:00+09:00,5070.0,5090.0,5050.0,5080.0,33046.0
2026-07-13 13:20:00+09:00,5080.0,5080.0,5040.0,5040.0,37104.0
2026-07-13 13:30:00+09:00,5050.0,5080.0,5040.0,5050.0,15163.0
2026-07-13 13:40:00+09:00,5050.0,5230.0,5040.0,5220.0,57585.0
2026-07-13 13:50:00+09:00,5230.0,5340.0,5190.0,5280.0,208851.0
2026-07-13 14:00:00+09:00,5290.0,5480.0,5250.0,5270.0,382736.0
2026-07-13 14:10:00+09:00,5260.0,5270.0,5150.0,5170.0,279771.0
2026-07-13 14:20:00+09:00,5170.0,5200.0,5130.0,5150.0,131706.0
2026-07-13 14:30:00+09:00,5150.0,5210.0,5100.0,5200.0,103435.0
2026-07-13 14:40:00+09:00,5200.0,5210.0,5130.0,5140.0,116329.0
2026-07-13 14:50:00+09:00,5130.0,5170.0,5130.0,5150.0,112527.0
2026-07-14 09:00:00+09:00,5100.0,5230.0,5070.0,5120.0,180147.0
2026-07-14 09:10:00+09:00,5130.0,5290.0,5100.0,5180.0,138746.0
2026-07-14 09:20:00+09:00,5160.0,5380.0,5110.0,5250.0,197997.0
2026-07-14 09:30:00+09:00,5240.0,5450.0,5240.0,5260.0,216703.0
2026-07-14 09:40:00+09:00,5260.0,5270.0,5130.0,5240.0,193598.0
2026-07-14 09:50:00+09:00,5240.0,5330.0,5230.0,5280.0,55068.0
2026-07-14 10:00:00+09:00,5270.0,5350.0,5240.0,5290.0,65794.0
2026-07-14 10:10:00+09:00,5285.0,5290.0,5220.0,5260.0,49028.0
2026-07-14 10:20:00+09:00,5260.0,5360.0,5250.0,5300.0,77035.0
2026-07-14 10:30:00+09:00,5300.0,5300.0,5190.0,5210.0,69953.0
2026-07-14 10:40:00+09:00,5220.0,5290.0,5170.0,5260.0,89162.0
2026-07-14 10:50:00+09:00,5260.0,5270.0,5180.0,5190.0,44176.0
2026-07-14 11:00:00+09:00,5190.0,5270.0,5170.0,5230.0,66611.0
2026-07-14 11:10:00+09:00,5220.0,5230.0,5140.0,5150.0,50845.0
2026-07-14 11:20:00+09:00,5160.0,5160.0,5090.0,5130.0,100732.0
2026-07-14 11:30:00+09:00,5140.0,5150.0,5070.0,5150.0,69758.0
2026-07-14 11:40:00+09:00,5150.0,5190.0,5130.0,5170.0,56361.0
2026-07-14 11:50:00+09:00,5170.0,5170.0,5110.0,5140.0,33341.0
2026-07-14 12:00:00+09:00,5130.0,5140.0,5080.0,5110.0,42954.0
2026-07-14 12:10:00+09:00,5120.0,5130.0,5050.0,5065.0,52563.0
2026-07-14 12:20:00+09:00,5070.0,5120.0,5050.0,5120.0,56498.0
2026-07-14 12:30:00+09:00,5120.0,5160.0,5110.0,5150.0,54603.0
2026-07-14 12:40:00+09:00,5150.0,5210.0,5110.0,5190.0,54288.0
2026-07-14 12:50:00+09:00,5190.0,5220.0,5180.0,5200.0,37338.0
2026-07-14 13:00:00+09:00,5210.0,5220.0,5100.0,5120.0,48996.0
2026-07-14 13:10:00+09:00,5120.0,5120.0,5060.0,5070.0,40414.0
2026-07-14 13:20:00+09:00,5070.0,5130.0,5010.0,5110.0,56674.0
2026-07-14 13:30:00+09:00,5100.0,5150.0,5100.0,5150.0,27593.0
2026-07-14 13:40:00+09:00,5150.0,5170.0,5110.0,5170.0,77696.0
2026-07-14 13:50:00+09:00,5170.0,5190.0,5140.0,5180.0,33624.0
2026-07-14 14:00:00+09:00,5190.0,5220.0,5150.0,5210.0,35736.0
2026-07-14 14:10:00+09:00,5220.0,5230.0,5180.0,5230.0,46425.0
2026-07-14 14:20:00+09:00,5230.0,5320.0,5220.0,5300.0,104063.0
2026-07-14 14:30:00+09:00,5300.0,5330.0,5260.0,5280.0,59127.0
2026-07-14 14:40:00+09:00,5280.0,5290.0,5210.0,5250.0,79695.0
2026-07-14 14:50:00+09:00,5250.0,5250.0,5190.0,5240.0,53826.0
2026-07-15 09:00:00+09:00,5500.0,6080.0,5470.0,5890.0,1073875.0
2026-07-15 09:10:00+09:00,5880.0,6230.0,5870.0,6105.0,812080.0
2026-07-15 09:20:00+09:00,6100.0,6250.0,6000.0,6140.0,651095.0
2026-07-15 09:30:00+09:00,6130.0,6460.0,6100.0,6320.0,1183000.0
2026-07-15 09:40:00+09:00,6320.0,6480.0,6290.0,6380.0,812971.0
2026-07-15 09:50:00+09:00,6390.0,6450.0,6370.0,6420.0,443406.0
2026-07-15 10:00:00+09:00,6420.0,6460.0,6250.0,6290.0,565332.0
2026-07-15 10:10:00+09:00,6300.0,6370.0,6190.0,6340.0,358589.0
2026-07-15 10:20:00+09:00,6340.0,6420.0,6300.0,6410.0,332633.0
2026-07-15 10:30:00+09:00,6405.0,6410.0,6210.0,6240.0,365686.0
2026-07-15 10:40:00+09:00,6230.0,6250.0,6090.0,6140.0,455963.0
2026-07-15 10:50:00+09:00,6140.0,6230.0,6110.0,6220.0,195085.0
2026-07-15 11:00:00+09:00,6210.0,6230.0,6110.0,6140.0,135288.0
2026-07-15 11:10:00+09:00,6140.0,6150.0,6100.0,6140.0,112145.0
2026-07-15 11:20:00+09:00,6140.0,6145.0,6050.0,6070.0,180751.0
2026-07-15 11:30:00+09:00,6070.0,6120.0,6070.0,6100.0,89993.0
2026-07-15 11:40:00+09:00,6090.0,6110.0,6010.0,6020.0,279208.0
2026-07-15 11:50:00+09:00,6025.0,6040.0,5960.0,5970.0,150076.0
2026-07-15 12:00:00+09:00,5960.0,6020.0,5940.0,5990.0,123974.0
2026-07-15 12:10:00+09:00,5990.0,6020.0,5950.0,5960.0,76066.0
2026-07-15 12:20:00+09:00,5960.0,5980.0,5920.0,5980.0,95534.0
2026-07-15 12:30:00+09:00,5980.0,5990.0,5930.0,5930.0,72460.0
2026-07-15 12:40:00+09:00,5930.0,5990.0,5930.0,5980.0,72180.0
2026-07-15 12:50:00+09:00,5970.0,6010.0,5960.0,6010.0,98715.0
2026-07-15 13:00:00+09:00,6010.0,6020.0,5950.0,5970.0,82310.0
2026-07-15 13:10:00+09:00,5970.0,6000.0,5920.0,5930.0,78243.0
2026-07-15 13:20:00+09:00,5920.0,5990.0,5920.0,5975.0,68797.0
2026-07-15 13:30:00+09:00,5980.0,6020.0,5940.0,6010.0,71685.0
2026-07-15 13:40:00+09:00,6010.0,6020.0,5960.0,5960.0,62845.0
2026-07-15 13:50:00+09:00,5960.0,5970.0,5920.0,5950.0,63660.0
2026-07-15 14:00:00+09:00,5960.0,5970.0,5860.0,5890.0,161122.0
2026-07-15 14:10:00+09:00,5910.0,5910.0,5840.0,5870.0,100348.0
2026-07-15 14:20:00+09:00,5870.0,5870.0,5810.0,5820.0,87441.0
2026-07-15 14:30:00+09:00,5820.0,5940.0,5780.0,5900.0,150036.0
2026-07-15 14:40:00+09:00,5910.0,5940.0,5860.0,5930.0,75919.0
2026-07-15 14:50:00+09:00,5930.0,5950.0,5900.0,5940.0,96994.0
2026-07-16 09:00:00+09:00,5850.0,5850.0,5520.0,5520.0,537262.0
2026-07-16 09:10:00+09:00,5520.0,5530.0,5310.0,5330.0,324696.0
2026-07-16 09:20:00+09:00,5330.0,5400.0,5320.0,5390.0,165907.0
2026-07-16 09:30:00+09:00,5390.0,5630.0,5370.0,5590.0,302879.0
2026-07-16 09:40:00+09:00,5580.0,5680.0,5550.0,5560.0,169525.0
2026-07-16 09:50:00+09:00,5560.0,5630.0,5520.0,5600.0,135494.0
2026-07-16 10:00:00+09:00,5610.0,5760.0,5610.0,5640.0,143139.0
2026-07-16 10:10:00+09:00,5640.0,5680.0,5590.0,5630.0,136620.0
2026-07-16 10:20:00+09:00,5650.0,5750.0,5550.0,5580.0,117924.0
2026-07-16 10:30:00+09:00,5570.0,5700.0,5570.0,5700.0,75196.0
2026-07-16 10:40:00+09:00,5680.0,5700.0,5600.0,5660.0,43910.0
2026-07-16 10:50:00+09:00,5660.0,5670.0,5570.0,5570.0,42854.0
2026-07-16 11:00:00+09:00,5570.0,5600.0,5510.0,5540.0,53644.0
2026-07-16 11:10:00+09:00,5540.0,5580.0,5510.0,5560.0,62885.0
2026-07-16 11:20:00+09:00,5570.0,5680.0,5560.0,5650.0,76490.0
2026-07-16 11:30:00+09:00,5670.0,5670.0,5630.0,5650.0,43275.0
2026-07-16 11:40:00+09:00,5650.0,5670.0,5630.0,5660.0,37654.0
2026-07-16 11:50:00+09:00,5650.0,5710.0,5650.0,5690.0,49512.0
2026-07-16 12:00:00+09:00,5690.0,5720.0,5640.0,5720.0,53724.0
2026-07-16 12:10:00+09:00,5720.0,5730.0,5650.0,5670.0,48662.0
2026-07-16 12:20:00+09:00,5660.0,5690.0,5640.0,5650.0,40511.0
2026-07-16 12:30:00+09:00,5650.0,5700.0,5650.0,5690.0,48605.0
2026-07-16 12:40:00+09:00,5700.0,5710.0,5660.0,5670.0,34820.0
2026-07-16 12:50:00+09:00,5670.0,5720.0,5660.0,5710.0,27238.0
2026-07-16 13:00:00+09:00,5710.0,5710.0,5660.0,5670.0,26968.0
2026-07-16 13:10:00+09:00,5670.0,5730.0,5660.0,5690.0,48455.0
2026-07-16 13:20:00+09:00,5690.0,5730.0,5650.0,5680.0,39257.0
2026-07-16 13:30:00+09:00,5680.0,5690.0,5640.0,5680.0,35741.0
2026-07-16 13:40:00+09:00,5670.0,5680.0,5650.0,5660.0,30063.0
2026-07-16 13:50:00+09:00,5670.0,5700.0,5650.0,5700.0,33983.0
2026-07-16 14:00:00+09:00,5690.0,5730.0,5670.0,5680.0,58052.0
2026-07-16 14:10:00+09:00,5680.0,5750.0,5670.0,5730.0,53326.0
2026-07-16 14:20:00+09:00,5730.0,5810.0,5730.0,5780.0,77716.0
2026-07-16 14:30:00+09:00,5790.0,6050.0,5660.0,5660.0,77116.0
2026-07-16 14:40:00+09:00,5660.0,5710.0,5660.0,5690.0,67944.0
2026-07-16 14:50:00+09:00,5690.0,5690.0,5630.0,5630.0,71783.0
2026-07-20 09:00:00+09:00,5380.0,5790.0,5320.0,5700.0,211423.0
2026-07-20 09:10:00+09:00,5700.0,5870.0,5640.0,5660.0,439030.0
2026-07-20 09:20:00+09:00,5670.0,5760.0,5670.0,5750.0,141222.0
2026-07-20 09:30:00+09:00,5740.0,5850.0,5680.0,5810.0,220473.0
2026-07-20 09:40:00+09:00,5810.0,5820.0,5700.0,5750.0,147579.0
2026-07-20 09:50:00+09:00,5750.0,5800.0,5690.0,5760.0,157841.0
2026-07-20 10:00:00+09:00,5750.0,5790.0,5690.0,5760.0,155161.0
2026-07-20 10:10:00+09:00,5760.0,5840.0,5730.0,5840.0,153874.0
2026-07-20 10:20:00+09:00,5830.0,5860.0,5740.0,5750.0,141152.0
2026-07-20 10:30:00+09:00,5750.0,5750.0,5690.0,5720.0,88129.0
2026-07-20 10:40:00+09:00,5720.0,5730.0,5650.0,5660.0,82218.0
2026-07-20 10:50:00+09:00,5650.0,5650.0,5570.0,5600.0,70163.0
2026-07-20 11:00:00+09:00,5600.0,5640.0,5580.0,5620.0,73941.0
2026-07-20 11:10:00+09:00,5620.0,5620.0,5520.0,5520.0,65520.0
2026-07-20 11:20:00+09:00,5520.0,5640.0,5510.0,5620.0,69618.0
2026-07-20 11:30:00+09:00,5620.0,5670.0,5600.0,5615.0,66691.0
2026-07-20 11:40:00+09:00,5615.0,5670.0,5610.0,5650.0,37420.0
2026-07-20 11:50:00+09:00,5650.0,5660.0,5610.0,5620.0,36996.0
2026-07-20 12:00:00+09:00,5620.0,5640.0,5580.0,5600.0,45850.0
2026-07-20 12:10:00+09:00,5610.0,5630.0,5600.0,5600.0,33954.0
2026-07-20 12:20:00+09:00,5610.0,5610.0,5580.0,5590.0,44497.0
2026-07-20 12:30:00+09:00,5590.0,5600.0,5570.0,5590.0,45254.0
2026-07-20 12:40:00+09:00,5590.0,5600.0,5570.0,5590.0,48178.0
2026-07-20 12:50:00+09:00,5580.0,5650.0,5580.0,5600.0,118362.0
2026-07-20 13:00:00+09:00,5600.0,5620.0,5550.0,5550.0,61000.0
2026-07-20 13:10:00+09:00,5560.0,5560.0,5520.0,5530.0,54804.0
2026-07-20 13:20:00+09:00,5550.0,5580.0,5530.0,5580.0,59170.0
2026-07-20 13:30:00+09:00,5580.0,5630.0,5560.0,5630.0,49946.0
2026-07-20 13:40:00+09:00,5620.0,5650.0,5600.0,5650.0,41242.0
2026-07-20 13:50:00+09:00,5650.0,5650.0,5600.0,5610.0,55079.0
2026-07-20 14:00:00+09:00,5610.0,5620.0,5550.0,5550.0,57572.0
2026-07-20 14:10:00+09:00,5550.0,5560.0,5510.0,5540.0,53465.0
2026-07-20 14:20:00+09:00,5530.0,5590.0,5510.0,5570.0,54008.0
2026-07-20 14:30:00+09:00,5570.0,5590.0,5550.0,5560.0,47673.0
2026-07-20 14:40:00+09:00,5560.0,5570.0,5530.0,5550.0,65789.0
2026-07-20 14:50:00+09:00,5550.0,5620.0,5540.0,5580.0,74424.0
2026-07-21 09:00:00+09:00,5560.0,5560.0,5190.0,5230.0,471072.0
2026-07-21 09:10:00+09:00,5230.0,5295.0,5160.0,5250.0,151380.0
2026-07-21 09:20:00+09:00,5260.0,5260.0,5190.0,5200.0,137101.0
2026-07-21 09:30:00+09:00,5200.0,5285.0,5160.0,5280.0,123803.0
2026-07-21 09:40:00+09:00,5280.0,5335.0,5250.0,5320.0,80235.0
2026-07-21 09:50:00+09:00,5320.0,5320.0,5230.0,5230.0,63138.0
2026-07-21 10:00:00+09:00,5235.0,5300.0,5210.0,5290.0,79349.0
2026-07-21 10:10:00+09:00,5300.0,5330.0,5250.0,5260.0,53656.0
2026-07-21 10:20:00+09:00,5250.0,5320.0,5250.0,5310.0,42840.0
2026-07-21 10:30:00+09:00,5310.0,5420.0,5300.0,5370.0,80966.0
2026-07-21 10:40:00+09:00,5370.0,5430.0,5360.0,5430.0,77249.0
2026-07-21 10:50:00+09:00,5420.0,5430.0,5280.0,5290.0,79685.0
2026-07-21 11:00:00+09:00,5290.0,5340.0,5270.0,5290.0,50519.0
2026-07-21 11:10:00+09:00,5290.0,5290.0,5250.0,5270.0,38918.0
2026-07-21 11:20:00+09:00,5270.0,5310.0,5250.0,5300.0,30739.0
2026-07-21 11:30:00+09:00,5300.0,5370.0,5300.0,5370.0,19607.0
2026-07-21 11:40:00+09:00,5370.0,5420.0,5360.0,5410.0,25158.0
2026-07-21 11:50:00+09:00,5410.0,5450.0,5390.0,5410.0,55658.0
2026-07-21 12:00:00+09:00,5420.0,5500.0,5410.0,5490.0,58581.0
2026-07-21 12:10:00+09:00,5500.0,5530.0,5470.0,5530.0,38065.0
2026-07-21 12:20:00+09:00,5530.0,5530.0,5470.0,5490.0,30748.0
2026-07-21 12:30:00+09:00,5490.0,5530.0,5480.0,5520.0,28560.0
2026-07-21 12:40:00+09:00,5520.0,5560.0,5520.0,5540.0,49651.0
2026-07-21 12:50:00+09:00,5550.0,5580.0,5550.0,5560.0,34024.0
2026-07-21 13:00:00+09:00,5570.0,5570.0,5520.0,5560.0,42958.0
2026-07-21 13:10:00+09:00,5550.0,5580.0,5540.0,5570.0,28107.0
2026-07-21 13:20:00+09:00,5570.0,5580.0,5520.0,5550.0,45779.0
2026-07-21 13:30:00+09:00,5550.0,5550.0,5520.0,5530.0,20804.0
2026-07-21 13:40:00+09:00,5530.0,5540.0,5510.0,5530.0,22505.0
2026-07-21 13:50:00+09:00,5530.0,5550.0,5500.0,5520.0,41409.0
2026-07-21 14:00:00+09:00,5520.0,5530.0,5470.0,5500.0,32386.0
2026-07-21 14:10:00+09:00,5500.0,5500.0,5400.0,5400.0,39749.0
2026-07-21 14:20:00+09:00,5400.0,5500.0,5400.0,5490.0,41913.0
2026-07-21 14:30:00+09:00,5480.0,5500.0,5460.0,5490.0,28127.0
2026-07-21 14:40:00+09:00,5500.0,5590.0,5490.0,5590.0,65820.0
2026-07-21 14:50:00+09:00,5580.0,5600.0,5550.0,5560.0,57076.0
2026-07-22 09:00:00+09:00,5700.0,5830.0,5700.0,5770.0,340307.0
2026-07-22 09:10:00+09:00,5760.0,5770.0,5660.0,5690.0,216035.0
2026-07-22 09:20:00+09:00,5700.0,5790.0,5670.0,5730.0,165989.0
2026-07-22 09:30:00+09:00,5730.0,5750.0,5690.0,5710.0,71625.0
2026-07-22 09:40:00+09:00,5730.0,5730.0,5620.0,5650.0,104945.0
2026-07-22 09:50:00+09:00,5660.0,5680.0,5570.0,5670.0,132524.0
2026-07-22 10:00:00+09:00,5650.0,5720.0,5615.0,5700.0,73310.0
2026-07-22 10:10:00+09:00,5710.0,5730.0,5690.0,5730.0,46522.0
2026-07-22 10:20:00+09:00,5720.0,5730.0,5680.0,5680.0,42316.0
2026-07-22 10:30:00+09:00,5690.0,5720.0,5660.0,5710.0,59514.0
2026-07-22 10:40:00+09:00,5710.0,5760.0,5670.0,5750.0,74280.0
2026-07-22 10:50:00+09:00,5750.0,5750.0,5700.0,5700.0,37257.0
2026-07-22 11:00:00+09:00,5700.0,5720.0,5680.0,5720.0,28415.0
2026-07-22 11:10:00+09:00,5710.0,5720.0,5670.0,5680.0,39673.0
2026-07-22 11:20:00+09:00,5680.0,5700.0,5670.0,5680.0,15847.0
2026-07-22 11:30:00+09:00,5690.0,5690.0,5650.0,5655.0,31831.0
2026-07-22 11:40:00+09:00,5660.0,5670.0,5640.0,5650.0,33096.0
2026-07-22 11:50:00+09:00,5650.0,5650.0,5610.0,5620.0,34933.0
2026-07-22 12:00:00+09:00,5615.0,5650.0,5610.0,5620.0,17557.0
2026-07-22 12:10:00+09:00,5630.0,5630.0,5570.0,5610.0,86279.0
2026-07-22 12:20:00+09:00,5610.0,5670.0,5590.0,5670.0,33151.0
2026-07-22 12:30:00+09:00,5670.0,5670.0,5620.0,5650.0,21562.0
2026-07-22 12:40:00+09:00,5650.0,5700.0,5640.0,5690.0,25650.0
2026-07-22 12:50:00+09:00,5690.0,5690.0,5640.0,5660.0,16938.0
2026-07-22 13:00:00+09:00,5660.0,5670.0,5650.0,5670.0,19011.0
2026-07-22 13:10:00+09:00,5660.0,5680.0,5640.0,5680.0,15775.0
2026-07-22 13:20:00+09:00,5680.0,5720.0,5680.0,5700.0,42244.0
2026-07-22 13:30:00+09:00,5690.0,5690.0,5670.0,5680.0,8039.0
2026-07-22 13:40:00+09:00,5680.0,5680.0,5640.0,5650.0,21009.0
2026-07-22 13:50:00+09:00,5650.0,5650.0,5610.0,5640.0,30043.0
2026-07-22 14:00:00+09:00,5640.0,5650.0,5580.0,5580.0,42901.0
2026-07-22 14:10:00+09:00,5580.0,5600.0,5560.0,5590.0,41270.0
2026-07-22 14:20:00+09:00,5590.0,5590.0,5560.0,5580.0,43168.0
2026-07-22 14:30:00+09:00,5570.0,5600.0,5550.0,5570.0,46522.0
2026-07-22 14:40:00+09:00,5570.0,5580.0,5520.0,5530.0,88827.0
2026-07-22 14:50:00+09:00,5540.0,5570.0,5510.0,5550.0,47755.0
2026-07-23 09:00:00+09:00,5530.0,5750.0,5530.0,5600.0,232137.0
2026-07-23 09:10:00+09:00,5600.0,5630.0,5550.0,5610.0,85210.0
2026-07-23 09:20:00+09:00,5600.0,5630.0,5560.0,5600.0,76602.0
2026-07-23 09:30:00+09:00,5600.0,5610.0,5520.0,5580.0,109694.0
2026-07-23 09:40:00+09:00,5580.0,5640.0,5560.0,5630.0,60436.0
2026-07-23 09:50:00+09:00,5630.0,5630.0,5580.0,5610.0,28577.0
2026-07-23 10:00:00+09:00,5600.0,5610.0,5550.0,5590.0,59525.0
2026-07-23 10:10:00+09:00,5590.0,5610.0,5540.0,5540.0,54069.0
2026-07-23 10:20:00+09:00,5550.0,5550.0,5470.0,5510.0,84605.0
2026-07-23 10:30:00+09:00,5510.0,5530.0,5480.0,5510.0,38856.0
2026-07-23 10:40:00+09:00,5510.0,5510.0,5410.0,5430.0,100797.0
2026-07-23 10:50:00+09:00,5420.0,5490.0,5410.0,5430.0,37422.0
2026-07-23 11:00:00+09:00,5430.0,5480.0,5420.0,5450.0,25692.0
2026-07-23 11:10:00+09:00,5450.0,5450.0,5400.0,5410.0,34171.0
2026-07-23 11:20:00+09:00,5410.0,5420.0,5330.0,5370.0,63176.0
2026-07-23 11:30:00+09:00,5370.0,5390.0,5330.0,5340.0,20396.0
2026-07-23 11:40:00+09:00,5340.0,5390.0,5320.0,5390.0,44259.0
2026-07-23 11:50:00+09:00,5380.0,5420.0,5370.0,5410.0,22198.0
2026-07-23 12:00:00+09:00,5410.0,5420.0,5380.0,5380.0,31429.0
2026-07-23 12:10:00+09:00,5390.0,5400.0,5360.0,5390.0,30284.0
2026-07-23 12:20:00+09:00,5390.0,5430.0,5380.0,5430.0,20939.0
2026-07-23 12:30:00+09:00,5420.0,5440.0,5400.0,5430.0,22217.0
2026-07-23 12:40:00+09:00,5440.0,5460.0,5430.0,5460.0,19842.0
2026-07-23 12:50:00+09:00,5460.0,5490.0,5450.0,5480.0,19026.0
2026-07-23 13:00:00+09:00,5480.0,5480.0,5420.0,5450.0,33035.0
2026-07-23 13:10:00+09:00,5440.0,5480.0,5440.0,5460.0,17981.0
2026-07-23 13:20:00+09:00,5460.0,5490.0,5460.0,5490.0,20783.0
2026-07-23 13:30:00+09:00,5485.0,5490.0,5470.0,5480.0,19798.0
2026-07-23 13:40:00+09:00,5470.0,5480.0,5450.0,5460.0,28233.0
2026-07-23 13:50:00+09:00,5470.0,5470.0,5440.0,5440.0,15829.0
2026-07-23 14:00:00+09:00,5440.0,5450.0,5430.0,5430.0,25611.0
2026-07-23 14:10:00+09:00,5435.0,5450.0,5430.0,5440.0,28693.0
2026-07-23 14:20:00+09:00,5450.0,5530.0,5450.0,5500.0,47831.0
2026-07-23 14:30:00+09:00,5520.0,5550.0,5490.0,5510.0,52642.0
2026-07-23 14:40:00+09:00,5520.0,5540.0,5500.0,5510.0,28889.0
2026-07-23 14:50:00+09:00,5510.0,5530.0,5500.0,5520.0,27826.0
2026-07-24 09:00:00+09:00,5520.0,5520.0,5350.0,5380.0,182620.0
2026-07-24 09:10:00+09:00,5380.0,5390.0,5310.0,5330.0,98426.0
2026-07-24 09:20:00+09:00,5330.0,5380.0,5300.0,5310.0,79468.0
2026-07-24 09:30:00+09:00,5310.0,5320.0,5280.0,5310.0,46764.0
2026-07-24 09:40:00+09:00,5310.0,5360.0,5300.0,5310.0,41062.0
2026-07-24 09:50:00+09:00,5310.0,5330.0,5280.0,5310.0,35692.0
2026-07-24 10:00:00+09:00,5310.0,5370.0,5300.0,5350.0,35503.0
2026-07-24 10:10:00+09:00,5350.0,5360.0,5300.0,5310.0,34830.0
2026-07-24 10:20:00+09:00,5310.0,5330.0,5300.0,5310.0,25672.0
2026-07-24 10:30:00+09:00,5310.0,5330.0,5300.0,5310.0,15288.0
2026-07-24 10:40:00+09:00,5300.0,5310.0,5280.0,5280.0,21568.0
2026-07-24 10:50:00+09:00,5280.0,5290.0,5260.0,5270.0,30338.0
2026-07-24 11:00:00+09:00,5260.0,5270.0,5220.0,5230.0,54828.0
2026-07-24 11:10:00+09:00,5230.0,5240.0,5210.0,5210.0,23263.0
2026-07-24 11:20:00+09:00,5220.0,5220.0,5200.0,5200.0,40830.0
2026-07-24 11:30:00+09:00,5200.0,5200.0,5170.0,5170.0,17340.0
2026-07-24 11:40:00+09:00,5170.0,5180.0,5150.0,5160.0,26499.0
2026-07-24 11:50:00+09:00,5165.0,5170.0,5140.0,5150.0,27368.0
2026-07-24 12:00:00+09:00,5160.0,5170.0,5140.0,5150.0,19417.0
2026-07-24 12:10:00+09:00,5140.0,5190.0,5140.0,5170.0,20547.0
2026-07-24 12:20:00+09:00,5170.0,5190.0,5140.0,5190.0,19461.0
2026-07-24 12:30:00+09:00,5190.0,5190.0,5140.0,5170.0,13163.0
2026-07-24 12:40:00+09:00,5160.0,5170.0,5150.0,5160.0,9128.0
2026-07-24 12:50:00+09:00,5160.0,5160.0,5110.0,5120.0,27753.0
2026-07-24 13:00:00+09:00,5120.0,5150.0,5100.0,5140.0,20667.0
2026-07-24 13:10:00+09:00,5140.0,5150.0,5110.0,5140.0,15447.0
2026-07-24 13:20:00+09:00,5130.0,5180.0,5130.0,5170.0,9456.0
2026-07-24 13:30:00+09:00,5160.0,5180.0,5150.0,5160.0,11733.0
2026-07-24 13:40:00+09:00,5160.0,5160.0,5120.0,5130.0,20175.0
2026-07-24 13:50:00+09:00,5130.0,5170.0,5120.0,5170.0,14942.0
2026-07-24 14:00:00+09:00,5170.0,5210.0,5140.0,5200.0,21420.0
2026-07-24 14:10:00+09:00,5195.0,5210.0,5170.0,5170.0,22728.0
2026-07-24 14:20:00+09:00,5170.0,5200.0,5170.0,5190.0,11910.0
2026-07-24 14:30:00+09:00,5180.0,5210.0,5180.0,5190.0,20528.0
2026-07-24 14:40:00+09:00,5200.0,5200.0,5140.0,5140.0,38671.0
2026-07-24 14:50:00+09:00,5150.0,5160.0,5100.0,5140.0,56982.0
2026-07-27 09:00:00+09:00,5210.0,5220.0,5120.0,5150.0,58354.0
2026-07-27 09:10:00+09:00,5155.0,5260.0,5100.0,5190.0,81543.0
2026-07-27 09:20:00+09:00,5200.0,5350.0,5180.0,5350.0,121629.0
2026-07-27 09:30:00+09:00,5340.0,5360.0,5270.0,5300.0,49143.0
2026-07-27 09:40:00+09:00,5300.0,5380.0,5260.0,5370.0,81111.0
2026-07-27 09:50:00+09:00,5370.0,5410.0,5360.0,5400.0,93568.0
2026-07-27 10:00:00+09:00,5390.0,5400.0,5320.0,5370.0,57773.0
2026-07-27 10:10:00+09:00,5360.0,5370.0,5230.0,5250.0,70189.0
2026-07-27 10:20:00+09:00,5240.0,5270.0,5220.0,5240.0,46390.0
2026-07-27 10:30:00+09:00,5240.0,5300.0,5230.0,5290.0,51985.0
2026-07-27 10:40:00+09:00,5300.0,5310.0,5220.0,5240.0,32626.0
2026-07-27 10:50:00+09:00,5245.0,5260.0,5200.0,5260.0,27322.0
2026-07-27 11:00:00+09:00,5260.0,5270.0,5210.0,5230.0,27522.0
2026-07-27 11:10:00+09:00,5230.0,5260.0,5220.0,5240.0,17144.0
2026-07-27 11:20:00+09:00,5250.0,5300.0,5210.0,5290.0,33468.0
2026-07-27 11:30:00+09:00,5290.0,5290.0,5240.0,5290.0,17953.0
2026-07-27 11:40:00+09:00,5290.0,5300.0,5240.0,5250.0,20097.0
2026-07-27 11:50:00+09:00,5250.0,5260.0,5230.0,5250.0,12940.0
2026-07-27 12:00:00+09:00,5240.0,5260.0,5220.0,5230.0,22833.0
2026-07-27 12:10:00+09:00,5230.0,5280.0,5220.0,5280.0,23065.0
2026-07-27 12:20:00+09:00,5280.0,5290.0,5260.0,5270.0,28843.0
2026-07-27 12:30:00+09:00,5270.0,5270.0,5240.0,5240.0,16705.0
2026-07-27 12:40:00+09:00,5240.0,5270.0,5230.0,5240.0,13668.0
2026-07-27 12:50:00+09:00,5240.0,5250.0,5230.0,5240.0,13960.0
2026-07-27 13:00:00+09:00,5240.0,5260.0,5220.0,5230.0,14938.0
2026-07-27 13:10:00+09:00,5230.0,5270.0,5220.0,5270.0,17074.0
2026-07-27 13:20:00+09:00,5270.0,5280.0,5230.0,5240.0,17092.0
2026-07-27 13:30:00+09:00,5240.0,5270.0,5220.0,5260.0,11765.0
2026-07-27 13:40:00+09:00,5250.0,5270.0,5250.0,5260.0,6154.0
2026-07-27 13:50:00+09:00,5270.0,5280.0,5250.0,5250.0,12673.0
2026-07-27 14:00:00+09:00,5250.0,5260.0,5230.0,5260.0,13481.0
2026-07-27 14:10:00+09:00,5260.0,5270.0,5240.0,5270.0,11785.0
2026-07-27 14:20:00+09:00,5270.0,5290.0,5250.0,5280.0,14701.0
2026-07-27 14:30:00+09:00,5280.0,5300.0,5260.0,5290.0,17766.0
2026-07-27 14:40:00+09:00,5290.0,5300.0,5250.0,5260.0,17209.0
2026-07-27 14:50:00+09:00,5250.0,5260.0,5240.0,5260.0,17499.0
2026-07-28 09:00:00+09:00,4980.0,5020.0,4845.0,4880.0,160506.0
2026-07-28 09:10:00+09:00,4880.0,4880.0,4780.0,4795.0,228779.0
2026-07-28 09:20:00+09:00,4780.0,4790.0,4740.0,4755.0,68817.0
2026-07-28 09:30:00+09:00,4755.0,4767.0,4685.0,4730.0,106573.0
2026-07-28 09:40:00+09:00,4725.0,4755.0,4715.0,4720.0,46163.0
2026-07-28 09:50:00+09:00,4720.0,4730.0,4700.0,4725.0,34909.0
2026-07-28 10:00:00+09:00,4725.0,4745.0,4710.0,4715.0,30909.0
2026-07-28 10:10:00+09:00,4715.0,4720.0,4680.0,4710.0,48893.0
2026-07-28 10:20:00+09:00,4710.0,4740.0,4705.0,4740.0,20580.0
2026-07-28 10:30:00+09:00,4735.0,4735.0,4710.0,4720.0,20578.0
2026-07-28 10:40:00+09:00,4715.0,4775.0,4705.0,4755.0,38558.0
2026-07-28 10:50:00+09:00,4750.0,4755.0,4685.0,4695.0,32354.0
2026-07-28 11:00:00+09:00,4690.0,4695.0,4650.0,4670.0,54353.0
2026-07-28 11:10:00+09:00,4670.0,4690.0,4650.0,4680.0,30496.0
2026-07-28 11:20:00+09:00,4685.0,4700.0,4660.0,4670.0,17145.0
2026-07-28 11:30:00+09:00,4660.0,4660.0,4625.0,4660.0,58097.0
2026-07-28 11:40:00+09:00,4660.0,4660.0,4615.0,4655.0,36810.0
2026-07-28 11:50:00+09:00,4650.0,4670.0,4615.0,4615.0,23637.0
2026-07-28 12:00:00+09:00,4615.0,4620.0,4615.0,4615.0,2954.0
2026-07-28 12:30:00+09:00,4620.0,4645.0,4585.0,4635.0,85441.0
2026-07-28 12:40:00+09:00,4630.0,4665.0,4625.0,4650.0,25896.0
2026-07-28 12:50:00+09:00,4655.0,4660.0,4635.0,4645.0,19408.0
2026-07-28 13:00:00+09:00,4645.0,4645.0,4620.0,4620.0,21807.0
2026-07-28 13:10:00+09:00,4625.0,4635.0,4600.0,4615.0,25863.0
2026-07-28 13:20:00+09:00,4620.0,4620.0,4595.0,4595.0,24448.0
2026-07-28 13:30:00+09:00,4595.0,4600.0,4575.0,4585.0,38441.0
2026-07-28 13:40:00+09:00,4585.0,4620.0,4580.0,4595.0,26138.0
2026-07-28 13:50:00+09:00,4590.0,4590.0,4550.0,4575.0,41276.0
2026-07-28 14:00:00+09:00,4575.0,4600.0,4570.0,4585.0,17953.0
2026-07-28 14:10:00+09:00,4585.0,4590.0,4535.0,4550.0,44016.0
2026-07-28 14:20:00+09:00,4545.0,4550.0,4530.0,4530.0,26412.0
2026-07-28 14:30:00+09:00,4530.0,4535.0,4465.0,4490.0,63767.0
2026-07-28 14:40:00+09:00,4495.0,4540.0,4475.0,4520.0,67573.0
2026-07-28 14:50:00+09:00,4520.0,4545.0,4490.0,4510.0,65613.0
2026-07-29 09:00:00+09:00,4535.0,4685.0,4535.0,4585.0,169611.0
2026-07-29 09:10:00+09:00,4585.0,4630.0,4550.0,4585.0,103478.0
2026-07-29 09:20:00+09:00,4585.0,4585.0,4425.0,4430.0,105712.0
2026-07-29 09:30:00+09:00,4425.0,4460.0,4370.0,4425.0,123872.0
2026-07-29 09:40:00+09:00,4430.0,4470.0,4385.0,4400.0,64040.0
2026-07-29 09:50:00+09:00,4400.0,4425.0,4375.0,4390.0,53081.0
2026-07-29 10:00:00+09:00,4385.0,4405.0,4360.0,4385.0,63859.0
2026-07-29 10:10:00+09:00,4385.0,4385.0,4280.0,4285.0,110307.0
2026-07-29 10:20:00+09:00,4285.0,4360.0,4280.0,4355.0,49143.0
2026-07-29 10:30:00+09:00,4355.0,4355.0,4280.0,4290.0,45500.0
2026-07-29 10:40:00+09:00,4290.0,4295.0,4170.0,4190.0,136448.0
2026-07-29 10:50:00+09:00,4190.0,4200.0,4120.0,4145.0,79763.0
2026-07-29 11:00:00+09:00,4140.0,4170.0,4115.0,4125.0,54032.0
2026-07-29 11:10:00+09:00,4120.0,4155.0,4060.0,4065.0,46940.0
2026-07-29 11:20:00+09:00,4070.0,4105.0,4035.0,4100.0,50759.0
2026-07-29 11:30:00+09:00,4095.0,4105.0,4010.0,4035.0,37051.0
2026-07-29 11:40:00+09:00,4035.0,4050.0,3980.0,3980.0,44569.0
2026-07-29 11:50:00+09:00,3985.0,3995.0,3945.0,3945.0,51373.0
2026-07-29 12:00:00+09:00,3945.0,4010.0,3930.0,4010.0,61737.0
2026-07-29 12:10:00+09:00,4010.0,4015.0,3930.0,3950.0,33325.0
2026-07-29 12:40:00+09:00,3950.0,3950.0,3880.0,3885.0,31802.0
2026-07-29 12:50:00+09:00,3885.0,3910.0,3865.0,3900.0,30557.0
2026-07-29 13:00:00+09:00,3890.0,3925.0,3825.0,3860.0,112112.0
2026-07-29 13:10:00+09:00,3850.0,3885.0,3755.0,3805.0,90931.0
2026-07-29 13:20:00+09:00,3800.0,3865.0,3760.0,3765.0,82892.0
2026-07-29 13:30:00+09:00,3760.0,3815.0,3735.0,3785.0,69019.0
2026-07-29 13:40:00+09:00,3790.0,3800.0,3740.0,3785.0,77637.0
2026-07-29 13:50:00+09:00,3785.0,3930.0,3770.0,3905.0,98533.0
2026-07-29 14:00:00+09:00,3910.0,3950.0,3885.0,3935.0,54657.0
2026-07-29 14:10:00+09:00,3935.0,3975.0,3905.0,3915.0,54714.0
2026-07-29 14:20:00+09:00,3920.0,4030.0,3920.0,4005.0,44203.0
2026-07-29 14:30:00+09:00,4005.0,4050.0,3980.0,4040.0,35478.0
2026-07-29 14:40:00+09:00,4040.0,4040.0,3975.0,3995.0,92260.0
2026-07-29 14:50:00+09:00,3995.0,4010.0,3955.0,3980.0,53177.0
2026-07-30 09:00:00+09:00,3765.0,4125.0,3765.0,4120.0,236618.0
2026-07-30 09:10:00+09:00,4115.0,4125.0,4040.0,4085.0,100093.0
2026-07-30 09:20:00+09:00,4080.0,4095.0,3990.0,4035.0,100480.0
2026-07-30 09:30:00+09:00,4032.0,4040.0,3920.0,3945.0,66623.0
2026-07-30 09:40:00+09:00,3945.0,3950.0,3870.0,3915.0,68338.0
2026-07-30 09:50:00+09:00,3915.0,3920.0,3860.0,3910.0,54017.0
2026-07-30 10:00:00+09:00,3910.0,4050.0,3895.0,4000.0,83952.0
2026-07-30 10:10:00+09:00,4000.0,4010.0,3920.0,3960.0,46537.0
2026-07-30 10:20:00+09:00,3965.0,4020.0,3955.0,4010.0,40729.0
2026-07-30 10:30:00+09:00,4010.0,4140.0,4010.0,4140.0,69163.0
2026-07-30 10:40:00+09:00,4150.0,4195.0,4110.0,4195.0,55816.0
2026-07-30 10:50:00+09:00,4190.0,4205.0,4135.0,4135.0,113466.0
2026-07-30 11:00:00+09:00,4135.0,4165.0,4110.0,4130.0,33006.0
2026-07-30 11:10:00+09:00,4135.0,4135.0,4055.0,4060.0,49478.0
2026-07-30 11:20:00+09:00,4055.0,4095.0,4040.0,4050.0,32688.0
2026-07-30 11:30:00+09:00,4050.0,4050.0,4000.0,4005.0,35470.0
2026-07-30 11:40:00+09:00,4005.0,4050.0,4000.0,4030.0,24629.0
2026-07-30 11:50:00+09:00,4035.0,4045.0,3965.0,3970.0,29570.0
2026-07-30 12:00:00+09:00,3975.0,4015.0,3945.0,3945.0,27734.0
2026-07-30 12:10:00+09:00,3950.0,3975.0,3920.0,3930.0,18472.0
2026-07-30 12:20:00+09:00,3930.0,3975.0,3930.0,3950.0,16045.0
2026-07-30 12:30:00+09:00,3945.0,3990.0,3935.0,3955.0,16755.0
2026-07-30 12:40:00+09:00,3955.0,4030.0,3950.0,4000.0,14170.0
2026-07-30 12:50:00+09:00,4000.0,4015.0,3960.0,3970.0,13608.0
2026-07-30 13:00:00+09:00,3970.0,3975.0,3940.0,3940.0,18515.0
2026-07-30 13:10:00+09:00,3940.0,3950.0,3905.0,3940.0,22470.0
2026-07-30 13:20:00+09:00,3945.0,3985.0,3930.0,3985.0,17059.0
2026-07-30 13:30:00+09:00,3990.0,4005.0,3965.0,3975.0,19450.0
2026-07-30 13:40:00+09:00,3970.0,3975.0,3940.0,3950.0,22040.0
2026-07-30 13:50:00+09:00,3950.0,3970.0,3920.0,3920.0,29811.0
2026-07-30 14:00:00+09:00,3920.0,3945.0,3915.0,3925.0,24998.0
2026-07-30 14:10:00+09:00,3925.0,4000.0,3895.0,3955.0,42204.0
2026-07-30 14:20:00+09:00,3955.0,3975.0,3930.0,3930.0,16186.0
2026-07-30 14:30:00+09:00,3935.0,3940.0,3900.0,3910.0,38479.0
2026-07-30 14:40:00+09:00,3910.0,3960.0,3910.0,3925.0,38966.0
2026-07-30 14:50:00+09:00,3925.0,3925.0,3870.0,3915.0,58600.0
2026-07-31 09:00:00+09:00,4300.0,4445.0,4280.0,4320.0,331846.0
2026-07-31 09:10:00+09:00,4320.0,4735.0,4275.0,4640.0,481228.0
2026-07-31 09:20:00+09:00,4640.0,4705.0,4560.0,4680.0,348919.0
2026-07-31 09:30:00+09:00,4680.0,4780.0,4670.0,4755.0,319002.0
2026-07-31 09:40:00+09:00,4750.0,4750.0,4655.0,4680.0,115205.0
2026-07-31 09:50:00+09:00,4680.0,4740.0,4650.0,4710.0,91192.0
2026-07-31 10:00:00+09:00,4710.0,4765.0,4700.0,4715.0,197207.0
2026-07-31 10:10:00+09:00,4720.0,4720.0,4660.0,4680.0,99262.0
2026-07-31 10:20:00+09:00,4680.0,4680.0,4585.0,4615.0,85361.0
2026-07-31 10:30:00+09:00,4605.0,4630.0,4550.0,4575.0,77475.0
2026-07-31 10:40:00+09:00,4580.0,4600.0,4505.0,4535.0,90087.0
2026-07-31 10:50:00+09:00,4535.0,4575.0,4520.0,4540.0,42949.0
2026-07-31 11:00:00+09:00,4540.0,4580.0,4475.0,4530.0,55089.0
2026-07-31 11:10:00+09:00,4530.0,4545.0,4450.0,4500.0,76885.0
2026-07-31 11:20:00+09:00,4500.0,4575.0,4485.0,4575.0,35587.0
2026-07-31 11:30:00+09:00,4575.0,4580.0,4545.0,4555.0,43656.0
2026-07-31 11:40:00+09:00,4555.0,4595.0,4552.0,4590.0,24697.0
2026-07-31 11:50:00+09:00,4590.0,4605.0,4570.0,4595.0,48862.0
2026-07-31 12:00:00+09:00,4600.0,4600.0,4565.0,4580.0,19837.0
2026-07-31 12:10:00+09:00,4585.0,4585.0,4550.0,4565.0,16181.0
2026-07-31 12:20:00+09:00,4565.0,4610.0,4565.0,4600.0,54085.0
2026-07-31 12:30:00+09:00,4600.0,4600.0,4575.0,4575.0,15152.0
2026-07-31 12:40:00+09:00,4570.0,4595.0,4570.0,4570.0,13443.0
2026-07-31 12:50:00+09:00,4575.0,4610.0,4565.0,4610.0,10582.0
2026-07-31 13:00:00+09:00,4610.0,4645.0,4600.0,4645.0,13382.0
2026-07-31 13:10:00+09:00,4645.0,4665.0,4615.0,4660.0,32509.0
2026-07-31 13:20:00+09:00,4660.0,4680.0,4655.0,4680.0,27964.0
2026-07-31 13:30:00+09:00,4680.0,4685.0,4650.0,4675.0,22744.0
2026-07-31 13:40:00+09:00,4672.0,4700.0,4655.0,4695.0,26276.0
2026-07-31 13:50:00+09:00,4692.0,4745.0,4685.0,4720.0,66763.0
2026-07-31 14:00:00+09:00,4720.0,4765.0,4700.0,4755.0,94063.0
2026-07-31 14:10:00+09:00,4760.0,4850.0,4750.0,4845.0,368056.0
2026-07-31 14:20:00+09:00,4845.0,4890.0,4830.0,4890.0,231037.0
2026-07-31 14:30:00+09:00,4895.0,4925.0,4840.0,4915.0,175676.0
2026-07-31 14:40:00+09:00,4915.0,4950.0,4900.0,4930.0,120075.0
2026-07-31 14:50:00+09:00,4935.0,4940.0,4875.0,4925.0,107106.0
2026-08-03 09:00:00+09:00,4815.0,4870.0,4650.0,4755.0,57052.0
2026-08-03 09:10:00+09:00,4740.0,4775.0,4630.0,4730.0,67791.0
2026-08-03 09:20:00+09:00,4730.0,4770.0,4700.0,4750.0,64707.0
2026-08-03 09:30:00+09:00,4745.0,4840.0,4700.0,4820.0,59248.0
2026-08-03 09:40:00+09:00,4810.0,4905.0,4800.0,4885.0,60047.0
2026-08-03 09:50:00+09:00,4885.0,4935.0,4845.0,4925.0,68180.0
2026-08-03 10:00:00+09:00,4925.0,4970.0,4880.0,4915.0,70502.0
2026-08-03 10:10:00+09:00,4915.0,4930.0,4875.0,4905.0,49075.0
2026-08-03 10:20:00+09:00,4900.0,4955.0,4900.0,4940.0,28182.0
2026-08-03 10:30:00+09:00,4940.0,4985.0,4915.0,4945.0,37244.0
2026-08-03 10:40:00+09:00,4945.0,4995.0,4945.0,4970.0,29041.0
2026-08-03 10:50:00+09:00,4970.0,5010.0,4955.0,5010.0,35360.0
2026-08-03 11:00:00+09:00,5000.0,5020.0,4965.0,4975.0,34819.0
2026-08-03 11:10:00+09:00,4975.0,5050.0,4975.0,5010.0,41355.0
2026-08-03 11:20:00+09:00,5010.0,5010.0,4960.0,4965.0,21429.0
2026-08-03 11:30:00+09:00,4965.0,4980.0,4950.0,4950.0,23504.0
2026-08-03 11:40:00+09:00,4950.0,4980.0,4935.0,4935.0,18399.0
2026-08-03 11:50:00+09:00,4940.0,4955.0,4910.0,4930.0,18664.0
2026-08-03 12:00:00+09:00,4930.0,4945.0,4910.0,4935.0,19763.0
2026-08-03 12:10:00+09:00,4935.0,4945.0,4925.0,4935.0,7173.0
2026-08-03 12:20:00+09:00,4935.0,4940.0,4880.0,4920.0,32716.0
2026-08-03 12:30:00+09:00,4920.0,4960.0,4920.0,4940.0,15737.0
2026-08-03 12:40:00+09:00,4940.0,4965.0,4940.0,4955.0,10656.0
2026-08-03 12:50:00+09:00,4955.0,4985.0,4925.0,4930.0,11803.0
2026-08-03 13:00:00+09:00,4930.0,4935.0,4895.0,4895.0,13389.0
2026-08-03 13:10:00+09:00,4890.0,4915.0,4880.0,4895.0,14622.0
2026-08-03 13:20:00+09:00,4890.0,4920.0,4885.0,4905.0,14155.0
2026-08-03 13:30:00+09:00,4900.0,4905.0,4875.0,4885.0,15498.0
2026-08-03 13:40:00+09:00,4885.0,4900.0,4870.0,4895.0,9821.0
2026-08-03 13:50:00+09:00,4895.0,4895.0,4860.0,4865.0,13875.0
2026-08-03 14:00:00+09:00,4870.0,4900.0,4850.0,4870.0,18166.0
2026-08-03 14:10:00+09:00,4870.0,4895.0,4845.0,4860.0,14560.0
2026-08-03 14:20:00+09:00,4860.0,4885.0,4845.0,4875.0,16374.0
2026-08-03 14:30:00+09:00,4875.0,4875.0,4855.0,4855.0,10438.0
2026-08-03 14:40:00+09:00,4855.0,4885.0,4845.0,4850.0,26252.0
2026-08-03 14:50:00+09:00,4850.0,4865.0,4840.0,4855.0,25238.0
2026-08-04 09:00:00+09:00,4890.0,5110.0,4890.0,4975.0,163437.0
2026-08-04 09:10:00+09:00,4975.0,5030.0,4905.0,4940.0,84055.0
2026-08-04 09:20:00+09:00,4940.0,5050.0,4900.0,4920.0,100506.0
2026-08-04 09:30:00+09:00,4915.0,4915.0,4860.0,4875.0,68474.0
2026-08-04 09:40:00+09:00,4870.0,4895.0,4845.0,4875.0,44218.0
2026-08-04 09:50:00+09:00,4870.0,4900.0,4830.0,4830.0,45723.0
2026-08-04 10:00:00+09:00,4830.0,4860.0,4800.0,4830.0,62524.0
2026-08-04 10:10:00+09:00,4835.0,4895.0,4835.0,4845.0,35578.0
2026-08-04 10:20:00+09:00,4847.0,4915.0,4845.0,4910.0,40660.0
2026-08-04 10:30:00+09:00,4905.0,4975.0,4905.0,4920.0,38636.0
2026-08-04 10:40:00+09:00,4925.0,5040.0,4920.0,5030.0,46669.0
2026-08-04 10:50:00+09:00,5030.0,5090.0,5010.0,5050.0,70560.0
2026-08-04 11:00:00+09:00,5050.0,5050.0,4990.0,5000.0,25034.0
2026-08-04 11:10:00+09:00,5000.0,5020.0,4990.0,5020.0,21973.0
2026-08-04 11:20:00+09:00,5010.0,5040.0,5000.0,5010.0,22088.0
2026-08-04 11:30:00+09:00,5010.0,5050.0,5010.0,5050.0,15593.0
2026-08-04 11:40:00+09:00,5050.0,5060.0,5030.0,5040.0,12548.0
2026-08-04 11:50:00+09:00,5030.0,5050.0,5010.0,5020.0,9564.0
2026-08-04 12:00:00+09:00,5020.0,5050.0,4990.0,5010.0,21308.0
2026-08-04 12:10:00+09:00,5010.0,5010.0,4960.0,4975.0,36648.0
2026-08-04 12:20:00+09:00,4975.0,5030.0,4975.0,5010.0,15949.0
2026-08-04 12:30:00+09:00,5010.0,5040.0,5010.0,5010.0,11222.0
2026-08-04 12:40:00+09:00,5020.0,5030.0,4985.0,5010.0,29677.0
2026-08-04 12:50:00+09:00,5010.0,5040.0,5000.0,5010.0,13949.0
2026-08-04 13:00:00+09:00,5020.0,5030.0,5000.0,5010.0,9993.0
2026-08-04 13:10:00+09:00,5010.0,5030.0,4985.0,5030.0,26970.0
2026-08-04 13:20:00+09:00,5030.0,5030.0,4995.0,5010.0,17740.0
2026-08-04 13:30:00+09:00,5010.0,5030.0,4970.0,4975.0,20739.0
2026-08-04 13:40:00+09:00,4975.0,4975.0,4950.0,4970.0,13721.0
2026-08-04 13:50:00+09:00,4975.0,4990.0,4955.0,4975.0,16552.0
2026-08-04 14:00:00+09:00,4980.0,5000.0,4955.0,5000.0,14313.0
2026-08-04 14:10:00+09:00,4995.0,4995.0,4950.0,4970.0,16110.0
2026-08-04 14:20:00+09:00,4970.0,4985.0,4970.0,4985.0,15632.0
2026-08-04 14:30:00+09:00,4985.0,5020.0,4980.0,5010.0,21006.0
2026-08-04 14:40:00+09:00,5010.0,5020.0,4995.0,5020.0,20939.0
2026-08-04 14:50:00+09:00,5020.0,5040.0,5000.0,5040.0,30649.0
2026-08-05 09:00:00+09:00,5330.0,5330.0,5120.0,5150.0,305760.0
2026-08-05 09:10:00+09:00,5130.0,5230.0,5110.0,5230.0,81960.0
2026-08-05 09:20:00+09:00,5220.0,5320.0,5210.0,5320.0,103262.0
2026-08-05 09:30:00+09:00,5310.0,5340.0,5270.0,5320.0,68780.0
2026-08-05 09:40:00+09:00,5320.0,5320.0,5240.0,5240.0,40767.0
2026-08-05 09:50:00+09:00,5240.0,5280.0,5220.0,5280.0,30943.0
2026-08-05 10:00:00+09:00,5280.0,5280.0,5190.0,5240.0,31454.0
2026-08-05 10:10:00+09:00,5240.0,5260.0,5170.0,5170.0,41995.0
2026-08-05 10:20:00+09:00,5170.0,5220.0,5150.0,5210.0,36414.0
2026-08-05 10:30:00+09:00,5210.0,5230.0,5180.0,5220.0,26011.0
2026-08-05 10:40:00+09:00,5220.0,5240.0,5200.0,5240.0,16756.0
2026-08-05 10:50:00+09:00,5240.0,5250.0,5220.0,5240.0,7707.0
2026-08-05 11:00:00+09:00,5240.0,5280.0,5230.0,5250.0,25335.0
2026-08-05 11:10:00+09:00,5250.0,5250.0,5220.0,5240.0,6833.0
2026-08-05 11:20:00+09:00,5230.0,5250.0,5200.0,5220.0,16902.0
2026-08-05 11:30:00+09:00,5220.0,5250.0,5220.0,5240.0,9889.0
2026-08-05 11:40:00+09:00,5230.0,5260.0,5220.0,5260.0,16860.0
2026-08-05 11:50:00+09:00,5250.0,5290.0,5250.0,5250.0,32193.0
2026-08-05 12:00:00+09:00,5250.0,5280.0,5250.0,5270.0,10746.0
2026-08-05 12:10:00+09:00,5270.0,5280.0,5260.0,5260.0,8711.0
2026-08-05 12:20:00+09:00,5270.0,5270.0,5240.0,5250.0,5893.0
2026-08-05 12:30:00+09:00,5250.0,5280.0,5250.0,5270.0,10837.0
2026-08-05 12:40:00+09:00,5270.0,5280.0,5260.0,5270.0,16278.0
2026-08-05 12:50:00+09:00,5270.0,5280.0,5260.0,5260.0,4965.0
2026-08-05 13:00:00+09:00,5260.0,5290.0,5260.0,5290.0,11223.0
2026-08-05 13:10:00+09:00,5285.0,5310.0,5270.0,5280.0,31919.0
2026-08-05 13:20:00+09:00,5280.0,5290.0,5250.0,5280.0,11520.0
2026-08-05 13:30:00+09:00,5270.0,5300.0,5270.0,5290.0,18279.0
2026-08-05 13:40:00+09:00,5290.0,5300.0,5250.0,5270.0,25562.0
2026-08-05 13:50:00+09:00,5260.0,5270.0,5230.0,5260.0,20310.0
2026-08-05 14:00:00+09:00,5260.0,5280.0,5260.0,5270.0,12930.0
2026-08-05 14:10:00+09:00,5270.0,5310.0,5260.0,5280.0,28452.0
2026-08-05 14:20:00+09:00,5270.0,5290.0,5260.0,5280.0,18716.0
2026-08-05 14:30:00+09:00,5270.0,5270.0,5250.0,5260.0,15200.0
2026-08-05 14:40:00+09:00,5260.0,5300.0,5240.0,5290.0,31855.0
2026-08-05 14:50:00+09:00,5290.0,5300.0,5270.0,5290.0,37946.0
2026-08-06 09:00:00+09:00,5160.0,5300.0,5150.0,5260.0,102005.0
2026-08-06 09:10:00+09:00,5260.0,5270.0,5170.0,5180.0,38223.0
2026-08-06 09:20:00+09:00,5190.0,5200.0,5110.0,5120.0,44625.0
2026-08-06 09:30:00+09:00,5130.0,5150.0,5110.0,5130.0,24854.0
2026-08-06 09:40:00+09:00,5130.0,5190.0,5130.0,5160.0,20572.0
2026-08-06 09:50:00+09:00,5150.0,5160.0,5100.0,5140.0,38346.0
2026-08-06 10:00:00+09:00,5150.0,5160.0,5110.0,5150.0,21643.0
2026-08-06 10:10:00+09:00,5160.0,5190.0,5100.0,5110.0,21158.0
2026-08-06 10:20:00+09:00,5100.0,5110.0,5040.0,5050.0,51472.0
2026-08-06 10:30:00+09:00,5050.0,5080.0,5010.0,5030.0,115606.0
2026-08-06 10:40:00+09:00,5030.0,5100.0,5030.0,5080.0,21980.0
2026-08-06 10:50:00+09:00,5090.0,5090.0,5060.0,5080.0,12253.0
2026-08-06 11:00:00+09:00,5080.0,5080.0,5050.0,5060.0,10863.0
2026-08-06 11:10:00+09:00,5060.0,5110.0,5060.0,5100.0,10091.0
2026-08-06 11:20:00+09:00,5090.0,5140.0,5090.0,5130.0,12966.0
2026-08-06 11:30:00+09:00,5130.0,5210.0,5120.0,5200.0,25831.0
2026-08-06 11:40:00+09:00,5190.0,5240.0,5190.0,5210.0,24984.0
2026-08-06 11:50:00+09:00,5210.0,5230.0,5160.0,5180.0,22189.0
2026-08-06 12:00:00+09:00,5180.0,5230.0,5170.0,5180.0,29207.0
2026-08-06 12:10:00+09:00,5180.0,5220.0,5180.0,5190.0,12440.0
2026-08-06 12:20:00+09:00,5190.0,5200.0,5160.0,5160.0,15909.0
2026-08-06 12:30:00+09:00,5170.0,5190.0,5150.0,5180.0,16972.0
2026-08-06 12:40:00+09:00,5180.0,5190.0,5170.0,5190.0,7485.0
2026-08-06 12:50:00+09:00,5190.0,5210.0,5180.0,5200.0,7400.0
2026-08-06 13:00:00+09:00,5190.0,5190.0,5160.0,5180.0,5172.0
2026-08-06 13:10:00+09:00,5170.0,5180.0,5160.0,5180.0,11092.0
2026-08-06 13:20:00+09:00,5180.0,5200.0,5170.0,5190.0,11757.0
2026-08-06 13:30:00+09:00,5190.0,5220.0,5180.0,5190.0,18061.0
2026-08-06 13:40:00+09:00,5180.0,5210.0,5170.0,5180.0,12673.0
2026-08-06 13:50:00+09:00,5180.0,5230.0,5165.0,5230.0,31969.0
2026-08-06 14:00:00+09:00,5220.0,5240.0,5200.0,5220.0,19257.0
2026-08-06 14:10:00+09:00,5210.0,5230.0,5200.0,5210.0,20999.0
2026-08-06 14:20:00+09:00,5200.0,5240.0,5200.0,5230.0,27759.0
2026-08-06 14:30:00+09:00,5240.0,5240.0,5190.0,5190.0,21476.0
2026-08-06 14:40:00+09:00,5190.0,5190.0,5140.0,5160.0,71481.0
2026-08-06 14:50:00+09:00,5160.0,5180.0,5120.0,5170.0,57540.0
2026-08-07 09:00:00+09:00,5190.0,5310.0,5150.0,5270.0,94285.0
2026-08-07 09:10:00+09:00,5260.0,5280.0,5180.0,5210.0,64062.0
2026-08-07 09:20:00+09:00,5210.0,5220.0,5130.0,5200.0,38542.0
2026-08-07 09:30:00+09:00,5210.0,5210.0,5130.0,5140.0,35632.0
2026-08-07 09:40:00+09:00,5140.0,5140.0,5070.0,5080.0,44004.0
2026-08-07 09:50:00+09:00,5070.0,5150.0,5060.0,5150.0,16262.0
2026-08-07 10:00:00+09:00,5150.0,5150.0,5080.0,5090.0,22075.0
2026-08-07 10:10:00+09:00,5090.0,5090.0,5010.0,5010.0,98947.0
2026-08-07 10:20:00+09:00,5010.0,5030.0,4970.0,5000.0,70223.0
2026-08-07 10:30:00+09:00,5000.0,5030.0,4935.0,4935.0,41140.0
2026-08-07 10:40:00+09:00,4935.0,4990.0,4920.0,4950.0,31299.0
2026-08-07 10:50:00+09:00,4950.0,4965.0,4935.0,4955.0,18221.0
2026-08-07 11:00:00+09:00,4955.0,4975.0,4940.0,4940.0,25432.0
2026-08-07 11:10:00+09:00,4945.0,4995.0,4940.0,4980.0,12751.0
2026-08-07 11:20:00+09:00,4985.0,4985.0,4955.0,4965.0,10156.0
2026-08-07 11:30:00+09:00,4965.0,4965.0,4935.0,4940.0,12129.0
2026-08-07 11:40:00+09:00,4940.0,4970.0,4935.0,4970.0,5731.0
2026-08-07 11:50:00+09:00,4970.0,4970.0,4945.0,4950.0,7946.0
2026-08-07 12:00:00+09:00,4955.0,4970.0,4945.0,4970.0,8767.0
2026-08-07 12:10:00+09:00,4970.0,4970.0,4940.0,4945.0,14876.0
2026-08-07 12:20:00+09:00,4940.0,4945.0,4935.0,4935.0,5125.0
2026-08-07 12:30:00+09:00,4935.0,4975.0,4935.0,4945.0,13426.0
2026-08-07 12:40:00+09:00,4945.0,4950.0,4930.0,4940.0,20480.0
2026-08-07 12:50:00+09:00,4940.0,4950.0,4925.0,4930.0,11185.0
2026-08-07 13:00:00+09:00,4930.0,4945.0,4920.0,4945.0,15235.0
2026-08-07 13:10:00+09:00,4945.0,4950.0,4930.0,4945.0,12306.0
2026-08-07 13:20:00+09:00,4945.0,4970.0,4945.0,4960.0,5685.0
2026-08-07 13:30:00+09:00,4960.0,4970.0,4960.0,4965.0,4663.0
2026-08-07 13:40:00+09:00,4960.0,4960.0,4945.0,4945.0,5333.0
2026-08-07 13:50:00+09:00,4950.0,4965.0,4945.0,4955.0,9894.0
2026-08-07 14:00:00+09:00,4950.0,4990.0,4950.0,4990.0,12309.0
2026-08-07 14:10:00+09:00,4990.0,4995.0,4980.0,4995.0,11343.0
2026-08-07 14:20:00+09:00,4995.0,4995.0,4980.0,4995.0,11998.0
2026-08-07 14:30:00+09:00,4995.0,5000.0,4970.0,4980.0,22405.0
2026-08-07 14:40:00+09:00,4977.0,4995.0,4960.0,4965.0,23053.0
2026-08-07 14:50:00+09:00,4965.0,4970.0,4960.0,4960.0,15631.0
2026-08-10 09:00:00+09:00,5040.0,5160.0,5000.0,5140.0,43329.0
2026-08-10 09:10:00+09:00,5140.0,5250.0,5130.0,5230.0,88389.0
2026-08-10 09:20:00+09:00,5230.0,5250.0,5200.0,5240.0,40526.0
2026-08-10 09:30:00+09:00,5235.0,5290.0,5220.0,5260.0,47095.0
2026-08-10 09:40:00+09:00,5260.0,5270.0,5210.0,5250.0,34272.0
2026-08-10 09:50:00+09:00,5250.0,5270.0,5230.0,5250.0,36732.0
2026-08-10 10:00:00+09:00,5230.0,5260.0,5220.0,5250.0,23598.0
2026-08-10 10:10:00+09:00,5250.0,5290.0,5230.0,5280.0,64962.0
2026-08-10 10:20:00+09:00,5270.0,5280.0,5260.0,5260.0,26510.0
2026-08-10 10:30:00+09:00,5260.0,5270.0,5220.0,5270.0,38713.0
2026-08-10 10:40:00+09:00,5270.0,5270.0,5230.0,5260.0,15782.0
2026-08-10 10:50:00+09:00,5270.0,5320.0,5240.0,5260.0,63760.0
2026-08-10 11:00:00+09:00,5260.0,5440.0,5230.0,5410.0,163638.0
2026-08-10 11:10:00+09:00,5420.0,5490.0,5410.0,5480.0,133633.0
2026-08-10 11:20:00+09:00,5470.0,5500.0,5440.0,5490.0,55238.0
2026-08-10 11:30:00+09:00,5490.0,5525.0,5450.0,5520.0,105742.0
2026-08-10 11:40:00+09:00,5530.0,5530.0,5470.0,5510.0,39797.0
2026-08-10 11:50:00+09:00,5510.0,5510.0,5480.0,5500.0,31164.0
2026-08-10 12:00:00+09:00,5500.0,5510.0,5460.0,5490.0,35018.0
2026-08-10 12:10:00+09:00,5490.0,5520.0,5480.0,5505.0,35341.0
2026-08-10 12:20:00+09:00,5505.0,5520.0,5490.0,5510.0,33998.0
2026-08-10 12:30:00+09:00,5500.0,5510.0,5470.0,5500.0,51248.0
2026-08-10 12:40:00+09:00,5500.0,5520.0,5490.0,5510.0,26252.0
2026-08-10 12:50:00+09:00,5510.0,5530.0,5490.0,5530.0,27999.0
2026-08-10 13:00:00+09:00,5530.0,5540.0,5520.0,5530.0,48051.0
2026-08-10 13:10:00+09:00,5540.0,5590.0,5500.0,5500.0,212821.0
2026-08-10 13:20:00+09:00,5490.0,5560.0,5480.0,5520.0,43006.0
2026-08-10 13:30:00+09:00,5530.0,5550.0,5460.0,5480.0,50346.0
2026-08-10 13:40:00+09:00,5470.0,5490.0,5430.0,5470.0,59751.0
2026-08-10 13:50:00+09:00,5470.0,5510.0,5450.0,5460.0,33962.0
2026-08-10 14:00:00+09:00,5460.0,5520.0,5460.0,5520.0,35921.0
2026-08-10 14:10:00+09:00,5520.0,5540.0,5500.0,5530.0,73399.0
2026-08-10 14:20:00+09:00,5520.0,5540.0,5490.0,5520.0,31611.0
2026-08-10 14:30:00+09:00,5520.0,5540.0,5510.0,5540.0,32525.0
2026-08-10 14:40:00+09:00,5540.0,5550.0,5520.0,5540.0,38979.0
2026-08-10 14:50:00+09:00,5540.0,5560.0,5520.0,5560.0,37286.0
2026-08-11 09:00:00+09:00,5550.0,6130.0,5530.0,5900.0,955936.0
2026-08-11 09:10:00+09:00,5900.0,6120.0,5830.0,6040.0,518753.0
2026-08-11 09:20:00+09:00,6040.0,6300.0,5930.0,6150.0,832462.0
2026-08-11 09:30:00+09:00,6150.0,6350.0,6090.0,6260.0,665111.0
2026-08-11 09:40:00+09:00,6260.0,6360.0,6220.0,6270.0,382763.0
2026-08-11 09:50:00+09:00,6270.0,6380.0,6200.0,6230.0,348516.0
2026-08-11 10:00:00+09:00,6230.0,6310.0,6170.0,6200.0,202363.0
2026-08-11 10:10:00+09:00,6210.0,6430.0,6210.0,6260.0,425942.0
2026-08-11 10:20:00+09:00,6270.0,6300.0,6190.0,6280.0,206824.0
2026-08-11 10:30:00+09:00,6270.0,6340.0,6200.0,6320.0,125181.0
2026-08-11 10:40:00+09:00,6320.0,6340.0,6220.0,6220.0,167823.0
2026-08-11 10:50:00+09:00,6230.0,6230.0,6090.0,6090.0,215170.0
2026-08-11 11:00:00+09:00,6090.0,6120.0,6030.0,6050.0,168657.0
2026-08-11 11:10:00+09:00,6060.0,6090.0,6050.0,6070.0,62562.0
2026-08-11 11:20:00+09:00,6070.0,6090.0,6020.0,6070.0,73956.0
2026-08-11 11:30:00+09:00,6080.0,6080.0,6040.0,6050.0,40701.0
2026-08-11 11:40:00+09:00,6050.0,6080.0,6050.0,6060.0,37348.0
2026-08-11 11:50:00+09:00,6050.0,6070.0,6010.0,6040.0,74811.0
2026-08-11 12:00:00+09:00,6030.0,6080.0,6020.0,6080.0,41354.0
2026-08-11 12:10:00+09:00,6070.0,6160.0,6040.0,6050.0,124287.0
2026-08-11 12:20:00+09:00,6050.0,6100.0,6040.0,6070.0,35833.0
2026-08-11 12:30:00+09:00,6070.0,6080.0,6040.0,6050.0,43370.0
2026-08-11 12:40:00+09:00,6050.0,6070.0,6020.0,6040.0,48966.0
2026-08-11 12:50:00+09:00,6030.0,6070.0,6010.0,6050.0,31393.0
2026-08-11 13:00:00+09:00,6050.0,6070.0,6020.0,6050.0,30082.0
2026-08-11 13:10:00+09:00,6060.0,6070.0,6020.0,6030.0,54726.0
2026-08-11 13:20:00+09:00,6030.0,6080.0,6010.0,6070.0,40488.0
2026-08-11 13:30:00+09:00,6070.0,6080.0,6040.0,6060.0,34182.0
2026-08-11 13:40:00+09:00,6070.0,6110.0,6040.0,6100.0,39040.0
2026-08-11 13:50:00+09:00,6110.0,6170.0,6100.0,6140.0,85656.0
2026-08-11 14:00:00+09:00,6140.0,6170.0,6120.0,6150.0,61593.0
2026-08-11 14:10:00+09:00,6150.0,6170.0,6120.0,6150.0,36464.0
2026-08-11 14:20:00+09:00,6150.0,6170.0,6090.0,6100.0,71571.0
2026-08-11 14:30:00+09:00,6100.0,6170.0,6090.0,6150.0,57062.0
2026-08-11 14:40:00+09:00,6160.0,6180.0,6140.0,6140.0,59664.0
2026-08-11 14:50:00+09:00,6140.0,6170.0,6140.0,6160.0,45887.0
2026-08-12 09:00:00+09:00,6170.0,6170.0,5930.0,5970.0,307233.0
2026-08-12 09:10:00+09:00,5970.0,5990.0,5860.0,5910.0,181476.0
2026-08-12 09:20:00+09:00,5910.0,5970.0,5860.0,5870.0,136173.0
2026-08-12 09:30:00+09:00,5860.0,5880.0,5810.0,5830.0,134463.0
2026-08-12 09:40:00+09:00,5820.0,5860.0,5810.0,5830.0,78725.0
2026-08-12 09:50:00+09:00,5830.0,5900.0,5810.0,5900.0,122011.0
2026-08-12 10:00:00+09:00,5900.0,6090.0,5890.0,6080.0,159271.0
2026-08-12 10:10:00+09:00,6080.0,6120.0,6030.0,6050.0,138475.0
2026-08-12 10:20:00+09:00,6050.0,6080.0,6040.0,6080.0,58024.0
2026-08-12 10:30:00+09:00,6080.0,6210.0,6070.0,6190.0,146681.0
2026-08-12 10:40:00+09:00,6200.0,6200.0,6100.0,6130.0,82382.0
2026-08-12 10:50:00+09:00,6130.0,6130.0,6050.0,6100.0,84029.0
2026-08-12 11:00:00+09:00,6090.0,6100.0,6040.0,6040.0,45950.0
2026-08-12 11:10:00+09:00,6050.0,6100.0,6040.0,6100.0,49875.0
2026-08-12 11:20:00+09:00,6100.0,6110.0,6070.0,6080.0,44368.0
2026-08-12 11:30:00+09:00,6080.0,6100.0,6060.0,6080.0,31642.0
2026-08-12 11:40:00+09:00,6080.0,6120.0,6080.0,6100.0,28424.0
2026-08-12 11:50:00+09:00,6100.0,6140.0,6090.0,6100.0,53282.0
2026-08-12 12:00:00+09:00,6090.0,6185.0,6090.0,6120.0,57928.0
2026-08-12 12:10:00+09:00,6130.0,6170.0,6110.0,6170.0,34795.0
2026-08-12 12:20:00+09:00,6170.0,6190.0,6120.0,6170.0,49771.0
2026-08-12 12:30:00+09:00,6170.0,6190.0,6150.0,6180.0,56156.0
2026-08-12 12:40:00+09:00,6180.0,6190.0,6120.0,6150.0,34191.0
2026-08-12 12:50:00+09:00,6150.0,6160.0,6110.0,6140.0,30830.0
2026-08-12 13:00:00+09:00,6140.0,6170.0,6130.0,6170.0,32063.0
2026-08-12 13:10:00+09:00,6170.0,6170.0,6130.0,6140.0,39439.0
2026-08-12 13:20:00+09:00,6140.0,6150.0,6110.0,6120.0,41050.0
2026-08-12 13:30:00+09:00,6120.0,6120.0,6090.0,6120.0,45192.0
2026-08-12 13:40:00+09:00,6110.0,6140.0,6090.0,6130.0,27406.0
2026-08-12 13:50:00+09:00,6130.0,6140.0,6110.0,6140.0,30293.0
2026-08-12 14:00:00+09:00,6140.0,6150.0,6090.0,6120.0,50084.0
2026-08-12 14:10:00+09:00,6110.0,6130.0,6070.0,6100.0,32836.0
2026-08-12 14:20:00+09:00,6100.0,6120.0,6070.0,6110.0,34799.0
2026-08-12 14:30:00+09:00,6110.0,6190.0,6110.0,6190.0,64864.0
2026-08-12 14:40:00+09:00,6190.0,6210.0,6180.0,6190.0,93752.0
2026-08-12 14:50:00+09:00,6190.0,6200.0,6170.0,6200.0,64666.0
2026-08-13 09:00:00+09:00,6240.0,6350.0,6110.0,6200.0,327150.0
2026-08-13 09:10:00+09:00,6200.0,6200.0,6070.0,6100.0,137398.0
2026-08-13 09:20:00+09:00,6090.0,6140.0,6080.0,6130.0,69237.0
2026-08-13 09:30:00+09:00,6130.0,6170.0,6090.0,6100.0,72871.0
2026-08-13 09:40:00+09:00,6090.0,6190.0,6090.0,6180.0,73141.0
2026-08-13 09:50:00+09:00,6170.0,6240.0,6170.0,6240.0,57575.0
2026-08-13 10:00:00+09:00,6230.0,6330.0,6225.0,6240.0,147196.0
2026-08-13 10:10:00+09:00,6240.0,6280.0,6220.0,6230.0,45795.0
2026-08-13 10:20:00+09:00,6240.0,6240.0,6190.0,6200.0,51834.0
2026-08-13 10:30:00+09:00,6200.0,6210.0,6170.0,6210.0,44952.0
2026-08-13 10:40:00+09:00,6205.0,6250.0,6200.0,6240.0,28746.0
2026-08-13 10:50:00+09:00,6240.0,6250.0,6220.0,6230.0,19541.0
2026-08-13 11:00:00+09:00,6230.0,6230.0,6210.0,6230.0,24432.0
2026-08-13 11:10:00+09:00,6220.0,6300.0,6220.0,6290.0,67472.0
2026-08-13 11:20:00+09:00,6290.0,6300.0,6250.0,6260.0,70282.0
2026-08-13 11:30:00+09:00,6250.0,6260.0,6200.0,6230.0,41920.0
2026-08-13 11:40:00+09:00,6230.0,6270.0,6210.0,6260.0,26579.0
2026-08-13 11:50:00+09:00,6260.0,6260.0,6240.0,6250.0,17031.0
2026-08-13 12:00:00+09:00,6250.0,6270.0,6240.0,6260.0,20427.0
2026-08-13 12:10:00+09:00,6250.0,6260.0,6240.0,6240.0,17340.0
2026-08-13 12:20:00+09:00,6240.0,6240.0,6200.0,6210.0,23588.0
2026-08-13 12:30:00+09:00,6215.0,6220.0,6200.0,6220.0,8705.0
2026-08-13 12:40:00+09:00,6210.0,6250.0,6210.0,6220.0,57261.0
2026-08-13 12:50:00+09:00,6220.0,6240.0,6180.0,6200.0,24737.0
2026-08-13 13:00:00+09:00,6200.0,6210.0,6170.0,6190.0,22819.0
2026-08-13 13:10:00+09:00,6190.0,6190.0,6150.0,6160.0,28811.0
2026-08-13 13:20:00+09:00,6160.0,6190.0,6150.0,6170.0,40978.0
2026-08-13 13:30:00+09:00,6170.0,6190.0,6140.0,6150.0,36414.0
2026-08-13 13:40:00+09:00,6150.0,6160.0,6140.0,6150.0,10695.0
2026-08-13 13:50:00+09:00,6150.0,6180.0,6150.0,6170.0,21947.0
2026-08-13 14:00:00+09:00,6170.0,6200.0,6160.0,6190.0,22743.0
2026-08-13 14:10:00+09:00,6190.0,6200.0,6160.0,6160.0,23332.0
2026-08-13 14:20:00+09:00,6160.0,6170.0,6140.0,6150.0,23605.0
2026-08-13 14:30:00+09:00,6140.0,6150.0,6100.0,6150.0,76364.0
2026-08-13 14:40:00+09:00,6150.0,6160.0,6110.0,6160.0,31230.0
2026-08-13 14:50:00+09:00,6160.0,6190.0,6140.0,6180.0,45433.0
2026-08-14 09:00:00+09:00,6300.0,6320.0,6100.0,6100.0,285244.0
2026-08-14 09:10:00+09:00,6120.0,6200.0,6090.0,6090.0,118958.0
2026-08-14 09:20:00+09:00,6090.0,6150.0,6080.0,6130.0,62503.0
2026-08-14 09:30:00+09:00,6130.0,6180.0,6090.0,6110.0,41117.0
2026-08-14 09:40:00+09:00,6110.0,6130.0,6040.0,6050.0,71246.0
2026-08-14 09:50:00+09:00,6045.0,6050.0,5970.0,6020.0,98262.0
2026-08-14 10:00:00+09:00,6010.0,6010.0,5935.0,5980.0,80525.0
2026-08-14 10:10:00+09:00,5980.0,5980.0,5920.0,5960.0,32229.0
2026-08-14 10:20:00+09:00,5960.0,6000.0,5930.0,5980.0,33805.0
2026-08-14 10:30:00+09:00,5980.0,5980.0,5930.0,5960.0,30452.0
2026-08-14 10:40:00+09:00,5960.0,6000.0,5940.0,5990.0,23541.0
2026-08-14 10:50:00+09:00,5980.0,6020.0,5970.0,6000.0,17373.0
2026-08-14 11:00:00+09:00,6000.0,6040.0,5990.0,6020.0,18196.0
2026-08-14 11:10:00+09:00,6030.0,6030.0,5970.0,5980.0,19226.0
2026-08-14 11:20:00+09:00,5980.0,5990.0,5960.0,5980.0,31708.0
2026-08-14 11:30:00+09:00,5980.0,6000.0,5960.0,5980.0,16191.0
2026-08-14 11:40:00+09:00,5980.0,5990.0,5940.0,5970.0,18875.0
2026-08-14 11:50:00+09:00,5960.0,5970.0,5930.0,5950.0,26195.0
2026-08-14 12:00:00+09:00,5960.0,5960.0,5940.0,5960.0,11942.0
2026-08-14 12:10:00+09:00,5960.0,5990.0,5950.0,5990.0,6032.0
2026-08-14 12:20:00+09:00,5990.0,6020.0,5980.0,6010.0,10811.0
2026-08-14 12:30:00+09:00,6010.0,6010.0,5980.0,5980.0,16634.0
2026-08-14 12:40:00+09:00,5990.0,6000.0,5970.0,5990.0,13015.0
2026-08-14 12:50:00+09:00,5980.0,6010.0,5970.0,5990.0,17330.0
2026-08-14 13:00:00+09:00,5990.0,6000.0,5970.0,6000.0,15448.0
2026-08-14 13:10:00+09:00,5990.0,6010.0,5990.0,6010.0,9786.0
2026-08-14 13:20:00+09:00,6000.0,6020.0,6000.0,6000.0,21885.0
2026-08-14 13:30:00+09:00,6000.0,6010.0,5960.0,5960.0,24442.0
2026-08-14 13:40:00+09:00,5970.0,5990.0,5970.0,5980.0,13124.0
2026-08-14 13:50:00+09:00,5990.0,5990.0,5970.0,5970.0,12397.0
2026-08-14 14:00:00+09:00,5980.0,5990.0,5960.0,5960.0,13651.0
2026-08-14 14:10:00+09:00,5970.0,5990.0,5960.0,5980.0,15938.0
2026-08-14 14:20:00+09:00,5980.0,6010.0,5980.0,6010.0,10941.0
2026-08-14 14:30:00+09:00,6010.0,6030.0,6010.0,6020.0,32928.0
2026-08-14 14:40:00+09:00,6020.0,6050.0,6010.0,6040.0,29953.0
2026-08-14 14:50:00+09:00,6040.0,6060.0,6040.0,6040.0,13522.0
2026-08-18 09:00:00+09:00,6090.0,6210.0,6020.0,6060.0,53883.0
2026-08-18 09:10:00+09:00,6060.0,6170.0,6050.0,6140.0,90273.0
2026-08-18 09:20:00+09:00,6150.0,6360.0,6120.0,6350.0,300292.0
2026-08-18 09:30:00+09:00,6350.0,6360.0,6300.0,6335.0,143634.0
2026-08-18 09:40:00+09:00,6335.0,6430.0,6310.0,6370.0,277775.0
2026-08-18 09:50:00+09:00,6360.0,6480.0,6340.0,6350.0,194597.0
2026-08-18 10:00:00+09:00,6360.0,6420.0,6360.0,6380.0,75122.0
2026-08-18 10:10:00+09:00,6380.0,6440.0,6370.0,6420.0,86958.0
2026-08-18 10:20:00+09:00,6400.0,6420.0,6330.0,6340.0,47744.0
2026-08-18 10:30:00+09:00,6330.0,6350.0,6300.0,6330.0,52161.0
2026-08-18 10:40:00+09:00,6340.0,6340.0,6190.0,6230.0,100484.0
2026-08-18 10:50:00+09:00,6220.0,6230.0,6170.0,6220.0,65345.0
2026-08-18 11:00:00+09:00,6220.0,6270.0,6220.0,6250.0,50494.0
2026-08-18 11:10:00+09:00,6260.0,6260.0,6130.0,6170.0,50075.0
2026-08-18 11:20:00+09:00,6170.0,6180.0,6120.0,6150.0,39640.0
2026-08-18 11:30:00+09:00,6150.0,6180.0,6110.0,6180.0,53315.0
2026-08-18 11:40:00+09:00,6170.0,6180.0,6100.0,6150.0,44494.0
2026-08-18 11:50:00+09:00,6150.0,6170.0,6130.0,6160.0,20333.0
2026-08-18 12:00:00+09:00,6150.0,6180.0,6140.0,6170.0,21999.0
2026-08-18 12:10:00+09:00,6170.0,6170.0,6100.0,6100.0,35945.0
2026-08-18 12:20:00+09:00,6130.0,6150.0,6110.0,6150.0,29289.0
2026-08-18 12:30:00+09:00,6140.0,6140.0,6060.0,6140.0,30249.0
2026-08-18 12:40:00+09:00,6130.0,6150.0,6110.0,6140.0,24025.0
2026-08-18 12:50:00+09:00,6130.0,6170.0,6130.0,6140.0,32112.0
2026-08-18 13:00:00+09:00,6140.0,6170.0,6110.0,6150.0,29828.0
2026-08-18 13:10:00+09:00,6140.0,6170.0,6130.0,6170.0,15433.0
2026-08-18 13:20:00+09:00,6160.0,6190.0,6160.0,6180.0,27598.0
2026-08-18 13:30:00+09:00,6190.0,6220.0,6170.0,6180.0,22569.0
2026-08-18 13:40:00+09:00,6180.0,6190.0,6150.0,6170.0,19951.0
2026-08-18 13:50:00+09:00,6170.0,6230.0,6140.0,6220.0,18428.0
2026-08-18 14:00:00+09:00,6220.0,6220.0,6170.0,6190.0,24167.0
2026-08-18 14:10:00+09:00,6190.0,6190.0,6140.0,6160.0,28151.0
2026-08-18 14:20:00+09:00,6160.0,6160.0,6110.0,6140.0,31124.0
2026-08-18 14:30:00+09:00,6140.0,6140.0,6060.0,6070.0,49402.0
2026-08-18 14:40:00+09:00,6070.0,6100.0,6050.0,6090.0,27861.0
2026-08-18 14:50:00+09:00,6090.0,6100.0,6030.0,6040.0,50912.0
2026-08-19 09:00:00+09:00,5750.0,5850.0,5650.0,5790.0,169915.0
2026-08-19 09:10:00+09:00,5800.0,5840.0,5720.0,5830.0,66091.0
2026-08-19 09:20:00+09:00,5840.0,5930.0,5790.0,5920.0,44863.0
2026-08-19 09:30:00+09:00,5910.0,6020.0,5900.0,5950.0,56944.0
2026-08-19 09:40:00+09:00,5960.0,5960.0,5880.0,5900.0,35830.0
2026-08-19 09:50:00+09:00,5900.0,5930.0,5840.0,5880.0,69031.0
2026-08-19 10:00:00+09:00,5870.0,5990.0,5850.0,5990.0,51555.0
2026-08-19 10:10:00+09:00,5980.0,5990.0,5920.0,5960.0,30855.0
2026-08-19 10:20:00+09:00,5950.0,5990.0,5910.0,5950.0,25282.0
2026-08-19 10:30:00+09:00,5950.0,5950.0,5870.0,5890.0,34975.0
2026-08-19 10:40:00+09:00,5890.0,5910.0,5850.0,5860.0,21684.0
2026-08-19 10:50:00+09:00,5850.0,5870.0,5840.0,5870.0,22303.0
2026-08-19 11:00:00+09:00,5870.0,5870.0,5800.0,5810.0,25106.0
2026-08-19 11:10:00+09:00,5800.0,5840.0,5790.0,5800.0,20508.0
2026-08-19 11:20:00+09:00,5800.0,5840.0,5800.0,5820.0,34725.0
2026-08-19 11:30:00+09:00,5820.0,5850.0,5810.0,5830.0,14490.0
2026-08-19 11:40:00+09:00,5830.0,5830.0,5800.0,5830.0,12784.0
2026-08-19 11:50:00+09:00,5830.0,5840.0,5820.0,5820.0,9608.0
2026-08-19 12:00:00+09:00,5820.0,5870.0,5810.0,5840.0,13907.0
2026-08-19 12:10:00+09:00,5840.0,5870.0,5830.0,5850.0,22921.0
2026-08-19 12:20:00+09:00,5870.0,5870.0,5820.0,5840.0,8754.0
2026-08-19 12:30:00+09:00,5840.0,5860.0,5830.0,5860.0,20029.0
2026-08-19 12:40:00+09:00,5850.0,5860.0,5810.0,5810.0,12375.0
2026-08-19 12:50:00+09:00,5810.0,5850.0,5810.0,5810.0,8546.0
2026-08-19 13:00:00+09:00,5810.0,5820.0,5800.0,5820.0,8996.0
2026-08-19 13:10:00+09:00,5820.0,5820.0,5770.0,5790.0,37718.0
2026-08-19 13:20:00+09:00,5790.0,5850.0,5790.0,5840.0,14807.0
2026-08-19 13:30:00+09:00,5840.0,5840.0,5790.0,5810.0,16874.0
2026-08-19 13:40:00+09:00,5810.0,5810.0,5780.0,5790.0,10961.0
2026-08-19 13:50:00+09:00,5790.0,5790.0,5760.0,5780.0,21077.0
2026-08-19 14:00:00+09:00,5780.0,5830.0,5770.0,5810.0,12071.0
2026-08-19 14:10:00+09:00,5810.0,5820.0,5760.0,5770.0,15484.0
2026-08-19 14:20:00+09:00,5770.0,5810.0,5760.0,5800.0,27159.0
2026-08-19 14:30:00+09:00,5810.0,5810.0,5760.0,5760.0,22840.0
2026-08-19 14:40:00+09:00,5760.0,5770.0,5720.0,5730.0,59174.0
2026-08-19 14:50:00+09:00,5730.0,5740.0,5710.0,5720.0,25960.0
2026-08-20 09:00:00+09:00,5820.0,5980.0,5770.0,5860.0,133568.0
2026-08-20 09:10:00+09:00,5870.0,5940.0,5820.0,5880.0,40246.0
2026-08-20 09:20:00+09:00,5890.0,5910.0,5790.0,5800.0,53349.0
2026-08-20 09:30:00+09:00,5800.0,5970.0,5790.0,5970.0,111846.0
2026-08-20 09:40:00+09:00,5970.0,6110.0,5960.0,6040.0,184740.0
2026-08-20 09:50:00+09:00,6040.0,6110.0,6010.0,6100.0,82691.0
2026-08-20 10:00:00+09:00,6100.0,6120.0,6020.0,6070.0,59856.0
2026-08-20 10:10:00+09:00,6070.0,6080.0,5980.0,6030.0,57831.0
2026-08-20 10:20:00+09:00,6000.0,6020.0,5950.0,5970.0,32871.0
2026-08-20 10:30:00+09:00,5970.0,6060.0,5970.0,6050.0,29100.0
2026-08-20 10:40:00+09:00,6050.0,6110.0,6050.0,6080.0,66086.0
2026-08-20 10:50:00+09:00,6080.0,6100.0,6040.0,6050.0,40842.0
2026-08-20 11:00:00+09:00,6060.0,6110.0,6050.0,6080.0,38584.0
2026-08-20 11:10:00+09:00,6090.0,6090.0,6030.0,6050.0,26500.0
2026-08-20 11:20:00+09:00,6050.0,6060.0,6000.0,6030.0,37101.0
2026-08-20 11:30:00+09:00,6020.0,6060.0,6010.0,6040.0,32016.0
2026-08-20 11:40:00+09:00,6030.0,6050.0,6010.0,6020.0,47318.0
2026-08-20 11:50:00+09:00,6030.0,6040.0,5970.0,6030.0,72228.0
2026-08-20 12:00:00+09:00,6030.0,6040.0,6000.0,6000.0,37464.0
2026-08-20 12:10:00+09:00,6020.0,6030.0,5990.0,6020.0,34238.0
2026-08-20 12:20:00+09:00,6030.0,6040.0,5980.0,5990.0,38951.0
2026-08-20 12:30:00+09:00,6000.0,6020.0,5970.0,6020.0,43822.0
2026-08-20 12:40:00+09:00,6020.0,6030.0,6000.0,6010.0,22637.0
2026-08-20 12:50:00+09:00,6000.0,6030.0,6000.0,6010.0,23400.0
2026-08-20 13:00:00+09:00,6020.0,6020.0,5990.0,6020.0,21119.0
2026-08-20 13:10:00+09:00,6020.0,6050.0,6000.0,6040.0,38278.0
2026-08-20 13:20:00+09:00,6040.0,6050.0,6020.0,6050.0,26802.0
2026-08-20 13:30:00+09:00,6040.0,6040.0,6010.0,6020.0,24838.0
2026-08-20 13:40:00+09:00,6020.0,6030.0,6000.0,6000.0,17399.0
2026-08-20 13:50:00+09:00,6000.0,6020.0,5990.0,6010.0,30707.0
2026-08-20 14:00:00+09:00,6010.0,6020.0,5970.0,6000.0,31784.0
2026-08-20 14:10:00+09:00,6000.0,6010.0,5970.0,6010.0,28897.0
2026-08-20 14:20:00+09:00,6010.0,6030.0,6000.0,6010.0,23397.0
2026-08-20 14:30:00+09:00,6010.0,6030.0,6010.0,6020.0,27249.0
2026-08-20 14:40:00+09:00,6030.0,6060.0,6020.0,6060.0,44948.0
2026-08-20 14:50:00+09:00,6060.0,6080.0,6040.0,6060.0,79839.0
2026-08-21 09:00:00+09:00,5890.0,5930.0,5770.0,5820.0,128789.0
2026-08-21 09:10:00+09:00,5830.0,5870.0,5780.0,5800.0,52523.0
2026-08-21 09:20:00+09:00,5790.0,5800.0,5710.0,5720.0,61190.0
2026-08-21 09:30:00+09:00,5720.0,5820.0,5710.0,5800.0,32746.0
2026-08-21 09:40:00+09:00,5800.0,5810.0,5730.0,5750.0,46290.0
2026-08-21 09:50:00+09:00,5750.0,5750.0,5670.0,5690.0,75340.0
2026-08-21 10:00:00+09:00,5690.0,5690.0,5640.0,5640.0,51897.0
2026-08-21 10:10:00+09:00,5630.0,5700.0,5600.0,5670.0,66318.0
2026-08-21 10:20:00+09:00,5670.0,5680.0,5620.0,5660.0,24875.0
2026-08-21 10:30:00+09:00,5650.0,5660.0,5610.0,5620.0,32169.0
2026-08-21 10:40:00+09:00,5620.0,5650.0,5610.0,5640.0,23688.0
2026-08-21 10:50:00+09:00,5640.0,5650.0,5610.0,5630.0,22657.0
2026-08-21 11:00:00+09:00,5640.0,5640.0,5600.0,5630.0,33147.0
2026-08-21 11:10:00+09:00,5630.0,5650.0,5620.0,5640.0,11827.0
2026-08-21 11:20:00+09:00,5640.0,5650.0,5630.0,5640.0,8865.0
2026-08-21 11:30:00+09:00,5640.0,5650.0,5630.0,5640.0,8410.0
2026-08-21 11:40:00+09:00,5640.0,5640.0,5620.0,5640.0,19064.0
2026-08-21 11:50:00+09:00,5640.0,5660.0,5630.0,5630.0,8926.0
2026-08-21 12:00:00+09:00,5640.0,5640.0,5610.0,5620.0,15429.0
2026-08-21 12:10:00+09:00,5620.0,5620.0,5580.0,5590.0,76246.0
2026-08-21 12:20:00+09:00,5590.0,5610.0,5590.0,5610.0,9200.0
2026-08-21 12:30:00+09:00,5600.0,5650.0,5600.0,5650.0,9121.0
2026-08-21 12:40:00+09:00,5640.0,5650.0,5630.0,5630.0,6997.0
2026-08-21 12:50:00+09:00,5640.0,5640.0,5590.0,5620.0,23976.0
2026-08-21 13:00:00+09:00,5620.0,5620.0,5590.0,5590.0,11948.0
2026-08-21 13:10:00+09:00,5590.0,5610.0,5590.0,5610.0,10644.0
2026-08-21 13:20:00+09:00,5610.0,5610.0,5580.0,5590.0,15656.0
2026-08-21 13:30:00+09:00,5585.0,5600.0,5580.0,5590.0,24618.0
2026-08-21 13:40:00+09:00,5590.0,5630.0,5580.0,5630.0,22952.0
2026-08-21 13:50:00+09:00,5620.0,5640.0,5590.0,5590.0,22140.0
2026-08-21 14:00:00+09:00,5600.0,5600.0,5570.0,5580.0,25685.0
2026-08-21 14:10:00+09:00,5580.0,5590.0,5550.0,5590.0,48479.0
2026-08-21 14:20:00+09:00,5580.0,5590.0,5570.0,5580.0,14425.0
2026-08-21 14:30:00+09:00,5590.0,5590.0,5560.0,5560.0,38492.0
2026-08-21 14:40:00+09:00,5560.0,5580.0,5540.0,5540.0,38892.0
2026-08-21 14:50:00+09:00,5550.0,5550.0,5520.0,5530.0,45518.0
2026-08-24 09:00:00+09:00,5560.0,5720.0,5530.0,5650.0,34682.0
2026-08-24 09:10:00+09:00,5660.0,5680.0,5550.0,5580.0,51211.0
2026-08-24 09:20:00+09:00,5580.0,5600.0,5480.0,5520.0,36955.0
2026-08-24 09:30:00+09:00,5520.0,5560.0,5450.0,5550.0,48717.0
2026-08-24 09:40:00+09:00,5550.0,5600.0,5540.0,5590.0,18330.0
2026-08-24 09:50:00+09:00,5590.0,5630.0,5570.0,5630.0,19613.0
2026-08-24 10:00:00+09:00,5620.0,5670.0,5580.0,5630.0,19435.0
2026-08-24 10:10:00+09:00,5620.0,5660.0,5600.0,5630.0,14613.0
2026-08-24 10:20:00+09:00,5640.0,5640.0,5590.0,5590.0,13871.0
2026-08-24 10:30:00+09:00,5600.0,5600.0,5550.0,5570.0,12247.0
2026-08-24 10:40:00+09:00,5560.0,5580.0,5500.0,5520.0,23000.0
2026-08-24 10:50:00+09:00,5520.0,5560.0,5500.0,5500.0,18254.0
2026-08-24 11:00:00+09:00,5500.0,5510.0,5440.0,5510.0,59169.0
2026-08-24 11:10:00+09:00,5500.0,5550.0,5490.0,5510.0,17149.0
2026-08-24 11:20:00+09:00,5520.0,5560.0,5510.0,5530.0,12664.0
2026-08-24 11:30:00+09:00,5530.0,5560.0,5520.0,5550.0,12913.0
2026-08-24 11:40:00+09:00,5550.0,5550.0,5510.0,5520.0,9386.0
2026-08-24 11:50:00+09:00,5520.0,5520.0,5490.0,5520.0,13855.0
2026-08-24 12:00:00+09:00,5520.0,5520.0,5470.0,5480.0,11844.0
2026-08-24 12:10:00+09:00,5480.0,5490.0,5460.0,5470.0,12947.0
2026-08-24 12:20:00+09:00,5470.0,5470.0,5430.0,5430.0,35662.0
2026-08-24 12:30:00+09:00,5440.0,5460.0,5410.0,5450.0,20821.0
2026-08-24 12:40:00+09:00,5450.0,5460.0,5430.0,5450.0,15360.0
2026-08-24 12:50:00+09:00,5440.0,5450.0,5420.0,5420.0,12460.0
2026-08-24 13:00:00+09:00,5430.0,5450.0,5410.0,5430.0,14438.0
2026-08-24 13:10:00+09:00,5430.0,5470.0,5430.0,5460.0,10085.0
2026-08-24 13:20:00+09:00,5450.0,5480.0,5420.0,5430.0,12417.0
2026-08-24 13:30:00+09:00,5440.0,5450.0,5420.0,5450.0,15620.0
2026-08-24 13:40:00+09:00,5440.0,5450.0,5420.0,5430.0,11927.0
2026-08-24 13:50:00+09:00,5440.0,5450.0,5420.0,5440.0,20463.0
2026-08-24 14:00:00+09:00,5430.0,5440.0,5420.0,5440.0,14701.0
2026-08-24 14:10:00+09:00,5440.0,5470.0,5430.0,5440.0,15165.0
2026-08-24 14:20:00+09:00,5440.0,5440.0,5410.0,5430.0,16476.0
2026-08-24 14:30:00+09:00,5420.0,5430.0,5400.0,5400.0,30641.0
2026-08-24 14:40:00+09:00,5410.0,5420.0,5390.0,5415.0,39375.0
2026-08-24 14:50:00+09:00,5415.0,5420.0,5400.0,5410.0,19163.0
2026-08-25 09:00:00+09:00,5300.0,5350.0,5200.0,5200.0,118068.0
2026-08-25 09:10:00+09:00,5210.0,5220.0,5130.0,5160.0,52065.0
2026-08-25 09:20:00+09:00,5160.0,5240.0,5140.0,5240.0,34230.0
2026-08-25 09:30:00+09:00,5230.0,5430.0,5220.0,5370.0,64130.0
2026-08-25 09:40:00+09:00,5370.0,5420.0,5340.0,5390.0,39940.0
2026-08-25 09:50:00+09:00,5390.0,5450.0,5380.0,5400.0,36589.0
2026-08-25 10:00:00+09:00,5400.0,5410.0,5360.0,5400.0,43160.0
2026-08-25 10:10:00+09:00,5410.0,5410.0,5320.0,5330.0,23180.0
2026-08-25 10:20:00+09:00,5330.0,5350.0,5310.0,5350.0,18129.0
2026-08-25 10:30:00+09:00,5350.0,5410.0,5330.0,5410.0,19681.0
2026-08-25 10:40:00+09:00,5400.0,5470.0,5400.0,5470.0,27774.0
2026-08-25 10:50:00+09:00,5460.0,5470.0,5410.0,5440.0,23261.0
2026-08-25 11:00:00+09:00,5440.0,5500.0,5440.0,5490.0,23127.0
2026-08-25 11:10:00+09:00,5480.0,5520.0,5470.0,5520.0,17020.0
2026-08-25 11:20:00+09:00,5520.0,5550.0,5510.0,5540.0,26347.0
2026-08-25 11:30:00+09:00,5540.0,5560.0,5510.0,5550.0,25257.0
2026-08-25 11:40:00+09:00,5550.0,5550.0,5510.0,5530.0,12983.0
2026-08-25 11:50:00+09:00,5510.0,5520.0,5490.0,5520.0,18061.0
2026-08-25 12:00:00+09:00,5520.0,5570.0,5510.0,5560.0,22564.0
2026-08-25 12:10:00+09:00,5560.0,5630.0,5560.0,5630.0,27405.0
2026-08-25 12:20:00+09:00,5630.0,5660.0,5570.0,5650.0,35221.0
2026-08-25 12:30:00+09:00,5650.0,5680.0,5620.0,5650.0,35715.0
2026-08-25 12:40:00+09:00,5650.0,5650.0,5610.0,5620.0,18060.0
2026-08-25 12:50:00+09:00,5620.0,5670.0,5610.0,5660.0,25440.0
2026-08-25 13:00:00+09:00,5660.0,5740.0,5650.0,5720.0,53879.0
2026-08-25 13:10:00+09:00,5720.0,5760.0,5710.0,5760.0,41043.0
2026-08-25 13:20:00+09:00,5760.0,5770.0,5710.0,5730.0,32024.0
2026-08-25 13:30:00+09:00,5730.0,5760.0,5710.0,5730.0,29813.0
2026-08-25 13:40:00+09:00,5730.0,5750.0,5720.0,5740.0,24848.0
2026-08-25 13:50:00+09:00,5740.0,5740.0,5710.0,5740.0,20055.0
2026-08-25 14:00:00+09:00,5730.0,5740.0,5720.0,5720.0,22240.0
2026-08-25 14:10:00+09:00,5730.0,5770.0,5730.0,5760.0,36579.0
2026-08-25 14:20:00+09:00,5760.0,5780.0,5750.0,5770.0,24121.0
2026-08-25 14:30:00+09:00,5770.0,5780.0,5750.0,5770.0,19201.0
2026-08-25 14:40:00+09:00,5770.0,5790.0,5740.0,5750.0,32368.0
2026-08-25 14:50:00+09:00,5750.0,5790.0,5740.0,5770.0,33268.0
2026-08-26 09:00:00+09:00,5810.0,5870.0,5660.0,5780.0,79734.0
2026-08-26 09:10:00+09:00,5780.0,5820.0,5750.0,5780.0,35885.0
2026-08-26 09:20:00+09:00,5770.0,5820.0,5750.0,5760.0,40223.0
2026-08-26 09:30:00+09:00,5760.0,5780.0,5670.0,5670.0,40476.0
2026-08-26 09:40:00+09:00,5670.0,5720.0,5660.0,5700.0,23236.0
2026-08-26 09:50:00+09:00,5700.0,5710.0,5600.0,5600.0,39115.0
2026-08-26 10:00:00+09:00,5620.0,5660.0,5590.0,5650.0,31879.0
2026-08-26 10:10:00+09:00,5650.0,5670.0,5630.0,5660.0,18898.0
2026-08-26 10:20:00+09:00,5660.0,5680.0,5590.0,5590.0,32020.0
2026-08-26 10:30:00+09:00,5600.0,5640.0,5570.0,5630.0,19760.0
2026-08-26 10:40:00+09:00,5630.0,5630.0,5600.0,5620.0,13143.0
2026-08-26 10:50:00+09:00,5610.0,5640.0,5610.0,5630.0,13921.0
2026-08-26 11:00:00+09:00,5630.0,5630.0,5580.0,5590.0,23787.0
2026-08-26 11:10:00+09:00,5590.0,5640.0,5580.0,5630.0,14456.0
2026-08-26 11:20:00+09:00,5620.0,5650.0,5620.0,5650.0,10533.0
2026-08-26 11:30:00+09:00,5640.0,5680.0,5640.0,5670.0,14356.0
2026-08-26 11:40:00+09:00,5670.0,5680.0,5650.0,5670.0,21300.0
2026-08-26 11:50:00+09:00,5660.0,5660.0,5620.0,5620.0,15219.0
2026-08-26 12:00:00+09:00,5630.0,5630.0,5600.0,5610.0,15270.0
2026-08-26 12:10:00+09:00,5610.0,5650.0,5600.0,5650.0,11229.0
2026-08-26 12:20:00+09:00,5640.0,5660.0,5620.0,5650.0,21022.0
2026-08-26 12:30:00+09:00,5640.0,5690.0,5640.0,5665.0,26615.0
2026-08-26 12:40:00+09:00,5665.0,5710.0,5650.0,5700.0,21018.0
2026-08-26 12:50:00+09:00,5700.0,5700.0,5670.0,5680.0,10339.0
2026-08-26 13:00:00+09:00,5690.0,5690.0,5650.0,5670.0,9969.0
2026-08-26 13:10:00+09:00,5670.0,5670.0,5645.0,5660.0,16327.0
2026-08-26 13:20:00+09:00,5650.0,5660.0,5650.0,5660.0,8785.0
2026-08-26 13:30:00+09:00,5660.0,5670.0,5640.0,5650.0,22468.0
2026-08-26 13:40:00+09:00,5650.0,5650.0,5630.0,5640.0,19487.0
2026-08-26 13:50:00+09:00,5640.0,5650.0,5630.0,5640.0,19463.0
2026-08-26 14:00:00+09:00,5630.0,5680.0,5630.0,5660.0,27576.0
2026-08-26 14:10:00+09:00,5660.0,5660.0,5640.0,5640.0,7434.0
2026-08-26 14:20:00+09:00,5630.0,5680.0,5630.0,5680.0,34472.0
2026-08-26 14:30:00+09:00,5680.0,5700.0,5670.0,5700.0,16726.0
2026-08-26 14:40:00+09:00,5700.0,5700.0,5680.0,5700.0,17211.0
2026-08-26 14:50:00+09:00,5690.0,5700.0,5680.0,5690.0,9756.0
2026-08-27 09:00:00+09:00,5750.0,5910.0,5660.0,5700.0,162318.0
2026-08-27 09:10:00+09:00,5700.0,5710.0,5650.0,5670.0,60671.0
2026-08-27 09:20:00+09:00,5670.0,5680.0,5650.0,5660.0,44631.0
2026-08-27 09:30:00+09:00,5670.0,5690.0,5650.0,5660.0,22284.0
2026-08-27 09:40:00+09:00,5660.0,5690.0,5640.0,5680.0,33385.0
2026-08-27 09:50:00+09:00,5680.0,5690.0,5640.0,5640.0,39506.0
2026-08-27 10:00:00+09:00,5650.0,5710.0,5650.0,5680.0,36593.0
2026-08-27 10:10:00+09:00,5680.0,5690.0,5650.0,5680.0,13663.0
2026-08-27 10:20:00+09:00,5680.0,5750.0,5680.0,5730.0,32316.0
2026-08-27 10:30:00+09:00,5730.0,5730.0,5700.0,5730.0,16103.0
2026-08-27 10:40:00+09:00,5730.0,5730.0,5700.0,5720.0,10771.0
2026-08-27 10:50:00+09:00,5720.0,5740.0,5710.0,5720.0,11489.0
2026-08-27 11:00:00+09:00,5730.0,5770.0,5720.0,5760.0,15852.0
2026-08-27 11:10:00+09:00,5750.0,5760.0,5730.0,5740.0,8444.0
2026-08-27 11:20:00+09:00,5730.0,5740.0,5720.0,5730.0,5542.0
2026-08-27 11:30:00+09:00,5725.0,5740.0,5720.0,5730.0,12480.0
2026-08-27 11:40:00+09:00,5730.0,5740.0,5700.0,5730.0,8094.0
2026-08-27 11:50:00+09:00,5730.0,5760.0,5730.0,5750.0,14110.0
2026-08-27 12:00:00+09:00,5750.0,5760.0,5730.0,5750.0,11166.0
2026-08-27 12:10:00+09:00,5750.0,5760.0,5730.0,5760.0,11707.0
2026-08-27 12:20:00+09:00,5760.0,5790.0,5750.0,5770.0,28799.0
2026-08-27 12:30:00+09:00,5770.0,5770.0,5730.0,5730.0,2869.0
2026-08-27 12:40:00+09:00,5740.0,5740.0,5720.0,5730.0,6371.0
2026-08-27 12:50:00+09:00,5730.0,5740.0,5710.0,5740.0,19983.0
2026-08-27 13:00:00+09:00,5740.0,5740.0,5730.0,5740.0,1539.0
2026-08-27 13:10:00+09:00,5740.0,5760.0,5730.0,5760.0,16225.0
2026-08-27 13:20:00+09:00,5760.0,5760.0,5730.0,5730.0,9451.0
2026-08-27 13:30:00+09:00,5740.0,5760.0,5720.0,5760.0,22549.0
2026-08-27 13:40:00+09:00,5760.0,5790.0,5750.0,5780.0,23060.0
2026-08-27 13:50:00+09:00,5780.0,5780.0,5760.0,5780.0,15313.0
2026-08-27 14:00:00+09:00,5780.0,5790.0,5770.0,5790.0,30276.0
2026-08-27 14:10:00+09:00,5780.0,5790.0,5770.0,5770.0,19261.0
2026-08-27 14:20:00+09:00,5780.0,5780.0,5760.0,5760.0,13963.0
2026-08-27 14:30:00+09:00,5770.0,5770.0,5740.0,5750.0,18329.0
2026-08-27 14:40:00+09:00,5770.0,5770.0,5760.0,5770.0,7845.0
2026-08-27 14:50:00+09:00,5760.0,5790.0,5760.0,5770.0,22313.0
2026-08-28 09:00:00+09:00,5670.0,5780.0,5670.0,5730.0,51363.0
2026-08-28 09:10:00+09:00,5730.0,5740.0,5660.0,5690.0,49774.0
2026-08-28 09:20:00+09:00,5690.0,5710.0,5630.0,5670.0,44984.0
2026-08-28 09:30:00+09:00,5670.0,5700.0,5650.0,5660.0,15214.0
2026-08-28 09:40:00+09:00,5660.0,5710.0,5650.0,5710.0,25453.0
2026-08-28 09:50:00+09:00,5700.0,5720.0,5680.0,5685.0,13286.0
2026-08-28 10:00:00+09:00,5680.0,5690.0,5650.0,5670.0,11447.0
2026-08-28 10:10:00+09:00,5670.0,5680.0,5640.0,5660.0,29577.0
2026-08-28 10:20:00+09:00,5650.0,5660.0,5650.0,5660.0,7374.0
2026-08-28 10:30:00+09:00,5650.0,5660.0,5610.0,5610.0,42894.0
2026-08-28 10:40:00+09:00,5620.0,5680.0,5620.0,5650.0,57069.0
2026-08-28 10:50:00+09:00,5650.0,5670.0,5650.0,5660.0,8209.0
2026-08-28 11:00:00+09:00,5660.0,5680.0,5660.0,5660.0,7687.0
2026-08-28 11:10:00+09:00,5670.0,5690.0,5650.0,5680.0,8839.0
2026-08-28 11:20:00+09:00,5670.0,5680.0,5650.0,5670.0,10016.0
2026-08-28 11:30:00+09:00,5670.0,5680.0,5660.0,5660.0,5739.0
2026-08-28 11:40:00+09:00,5660.0,5670.0,5650.0,5660.0,3604.0
2026-08-28 11:50:00+09:00,5660.0,5670.0,5650.0,5670.0,9045.0
2026-08-28 12:00:00+09:00,5660.0,5670.0,5660.0,5660.0,3298.0
2026-08-28 12:10:00+09:00,5660.0,5690.0,5650.0,5670.0,13164.0
2026-08-28 12:20:00+09:00,5670.0,5680.0,5660.0,5680.0,3912.0
2026-08-28 12:30:00+09:00,5680.0,5680.0,5650.0,5660.0,5709.0
2026-08-28 12:40:00+09:00,5650.0,5660.0,5650.0,5650.0,11508.0
2026-08-28 12:50:00+09:00,5650.0,5680.0,5650.0,5680.0,4516.0
2026-08-28 13:00:00+09:00,5680.0,5680.0,5650.0,5660.0,6108.0
2026-08-28 13:10:00+09:00,5650.0,5680.0,5650.0,5660.0,15478.0
2026-08-28 13:20:00+09:00,5660.0,5670.0,5650.0,5650.0,19043.0
2026-08-28 13:30:00+09:00,5660.0,5660.0,5640.0,5650.0,41010.0
2026-08-28 13:40:00+09:00,5650.0,5670.0,5650.0,5650.0,55939.0
2026-08-28 13:50:00+09:00,5650.0,5660.0,5650.0,5660.0,34651.0
2026-08-28 14:00:00+09:00,5650.0,5660.0,5630.0,5650.0,75588.0
2026-08-28 14:10:00+09:00,5650.0,5650.0,5600.0,5600.0,79789.0
2026-08-28 14:20:00+09:00,5600.0,5630.0,5580.0,5610.0,35819.0
2026-08-28 14:30:00+09:00,5610.0,5630.0,5590.0,5600.0,18482.0
2026-08-28 14:40:00+09:00,5600.0,5600.0,5550.0,5550.0,80654.0
2026-08-28 14:50:00+09:00,5560.0,5580.0,5550.0,5560.0,30429.0
2026-08-31 09:00:00+09:00,5450.0,5470.0,5380.0,5460.0,26016.0
2026-08-31 09:10:00+09:00,5460.0,5470.0,5390.0,5440.0,81365.0
2026-08-31 09:20:00+09:00,5440.0,5560.0,5430.0,5530.0,30472.0
2026-08-31 09:30:00+09:00,5520.0,5610.0,5520.0,5570.0,55574.0
2026-08-31 09:40:00+09:00,5570.0,5570.0,5510.0,5510.0,20785.0
2026-08-31 09:50:00+09:00,5510.0,5540.0,5460.0,5460.0,37760.0
2026-08-31 10:00:00+09:00,5460.0,5470.0,5420.0,5420.0,42940.0
2026-08-31 10:10:00+09:00,5430.0,5460.0,5410.0,5440.0,17382.0
2026-08-31 10:20:00+09:00,5440.0,5450.0,5410.0,5450.0,13883.0
2026-08-31 10:30:00+09:00,5450.0,5480.0,5430.0,5450.0,20188.0
2026-08-31 10:40:00+09:00,5450.0,5460.0,5430.0,5450.0,12254.0
2026-08-31 10:50:00+09:00,5450.0,5460.0,5430.0,5460.0,11753.0
2026-08-31 11:00:00+09:00,5460.0,5470.0,5440.0,5470.0,8746.0
2026-08-31 11:10:00+09:00,5470.0,5470.0,5420.0,5430.0,8708.0
2026-08-31 11:20:00+09:00,5430.0,5460.0,5410.0,5440.0,18900.0
2026-08-31 11:30:00+09:00,5440.0,5470.0,5420.0,5440.0,11487.0
2026-08-31 11:40:00+09:00,5450.0,5470.0,5440.0,5460.0,8873.0
2026-08-31 11:50:00+09:00,5460.0,5490.0,5450.0,5480.0,7781.0
2026-08-31 12:00:00+09:00,5490.0,5640.0,5485.0,5630.0,71880.0
2026-08-31 12:10:00+09:00,5620.0,5670.0,5590.0,5610.0,45773.0
2026-08-31 12:20:00+09:00,5620.0,5620.0,5590.0,5610.0,22984.0
2026-08-31 12:30:00+09:00,5600.0,5620.0,5600.0,5600.0,15975.0
2026-08-31 12:40:00+09:00,5610.0,5640.0,5590.0,5630.0,36181.0
2026-08-31 12:50:00+09:00,5640.0,5670.0,5630.0,5660.0,30745.0
2026-08-31 13:00:00+09:00,5660.0,5710.0,5650.0,5690.0,69793.0
2026-08-31 13:10:00+09:00,5685.0,5700.0,5670.0,5700.0,30092.0
2026-08-31 13:20:00+09:00,5700.0,5700.0,5680.0,5690.0,27041.0
2026-08-31 13:30:00+09:00,5690.0,5690.0,5610.0,5640.0,37727.0
2026-08-31 13:40:00+09:00,5640.0,5660.0,5630.0,5640.0,15478.0
2026-08-31 13:50:00+09:00,5640.0,5680.0,5640.0,5650.0,11693.0
2026-08-31 14:00:00+09:00,5650.0,5680.0,5630.0,5680.0,9500.0
2026-08-31 14:10:00+09:00,5670.0,5710.0,5670.0,5700.0,14987.0
2026-08-31 14:20:00+09:00,5690.0,5700.0,5640.0,5680.0,16852.0
2026-08-31 14:30:00+09:00,5680.0,5680.0,5640.0,5650.0,13078.0
2026-08-31 14:40:00+09:00,5650.0,5670.0,5640.0,5660.0,7128.0
2026-08-31 14:50:00+09:00,5660.0,5670.0,5650.0,5650.0,11898.0
2026-09-01 09:00:00+09:00,5790.0,6050.0,5760.0,5940.0,426167.0
2026-09-01 09:10:00+09:00,5940.0,5940.0,5740.0,5800.0,258581.0
2026-09-01 09:20:00+09:00,5790.0,5860.0,5760.0,5820.0,71294.0
2026-09-01 09:30:00+09:00,5830.0,5830.0,5720.0,5725.0,96861.0
2026-09-01 09:40:00+09:00,5725.0,5780.0,5720.0,5780.0,29392.0
2026-09-01 09:50:00+09:00,5770.0,5780.0,5710.0,5750.0,65617.0
2026-09-01 10:00:00+09:00,5750.0,5800.0,5720.0,5750.0,44013.0
2026-09-01 10:10:00+09:00,5750.0,5750.0,5710.0,5740.0,23174.0
2026-09-01 10:20:00+09:00,5735.0,5760.0,5650.0,5710.0,89596.0
2026-09-01 10:30:00+09:00,5710.0,5710.0,5680.0,5710.0,33727.0
2026-09-01 10:40:00+09:00,5710.0,5810.0,5710.0,5790.0,45403.0
2026-09-01 10:50:00+09:00,5790.0,5800.0,5760.0,5780.0,31486.0
2026-09-01 11:00:00+09:00,5780.0,5820.0,5770.0,5800.0,21268.0
2026-09-01 11:10:00+09:00,5790.0,5840.0,5790.0,5830.0,49472.0
2026-09-01 11:20:00+09:00,5830.0,5830.0,5770.0,5780.0,27886.0
2026-09-01 11:30:00+09:00,5780.0,5810.0,5760.0,5790.0,25607.0
2026-09-01 11:40:00+09:00,5790.0,5790.0,5750.0,5780.0,17541.0
2026-09-01 11:50:00+09:00,5780.0,5840.0,5780.0,5830.0,45925.0
2026-09-01 12:00:00+09:00,5825.0,5840.0,5810.0,5840.0,32266.0
2026-09-01 12:10:00+09:00,5830.0,5860.0,5830.0,5850.0,35848.0
2026-09-01 12:20:00+09:00,5850.0,5850.0,5820.0,5840.0,23443.0
2026-09-01 12:30:00+09:00,5840.0,5850.0,5830.0,5850.0,17189.0
2026-09-01 12:40:00+09:00,5850.0,5860.0,5830.0,5860.0,34411.0
2026-09-01 12:50:00+09:00,5860.0,5860.0,5840.0,5860.0,17715.0
2026-09-01 13:00:00+09:00,5850.0,5870.0,5840.0,5850.0,24759.0
2026-09-01 13:10:00+09:00,5850.0,5850.0,5810.0,5840.0,13991.0
2026-09-01 13:20:00+09:00,5840.0,5860.0,5810.0,5820.0,27421.0
2026-09-01 13:30:00+09:00,5830.0,5850.0,5800.0,5830.0,16655.0
2026-09-01 13:40:00+09:00,5830.0,5860.0,5790.0,5860.0,32318.0
2026-09-01 13:50:00+09:00,5860.0,5900.0,5830.0,5850.0,78661.0
2026-09-01 14:00:00+09:00,5860.0,5890.0,5850.0,5880.0,35254.0
2026-09-01 14:10:00+09:00,5880.0,5890.0,5850.0,5860.0,35413.0
2026-09-01 14:20:00+09:00,5860.0,5870.0,5840.0,5850.0,30449.0
2026-09-01 14:30:00+09:00,5850.0,5890.0,5840.0,5890.0,32062.0
2026-09-01 14:40:00+09:00,5890.0,5890.0,5860.0,5870.0,30587.0
2026-09-01 14:50:00+09:00,5860.0,5910.0,5840.0,5890.0,73704.0
2026-09-02 09:00:00+09:00,5660.0,5730.0,5650.0,5720.0,104911.0
2026-09-02 09:10:00+09:00,5710.0,5770.0,5690.0,5750.0,43693.0
2026-09-02 09:20:00+09:00,5760.0,5980.0,5760.0,5910.0,169672.0
2026-09-02 09:30:00+09:00,5900.0,5960.0,5880.0,5930.0,66428.0
2026-09-02 09:40:00+09:00,5930.0,5940.0,5870.0,5890.0,58165.0
2026-09-02 09:50:00+09:00,5880.0,5920.0,5840.0,5850.0,52299.0
2026-09-02 10:00:00+09:00,5850.0,5910.0,5850.0,5910.0,49939.0
2026-09-02 10:10:00+09:00,5910.0,5920.0,5870.0,5890.0,40507.0
2026-09-02 10:20:00+09:00,5890.0,5890.0,5810.0,5820.0,25595.0
2026-09-02 10:30:00+09:00,5810.0,5820.0,5770.0,5780.0,47566.0
2026-09-02 10:40:00+09:00,5775.0,5810.0,5770.0,5780.0,40864.0
2026-09-02 10:50:00+09:00,5785.0,5810.0,5760.0,5800.0,26394.0
2026-09-02 11:00:00+09:00,5810.0,5820.0,5800.0,5820.0,19173.0
2026-09-02 11:10:00+09:00,5820.0,5870.0,5815.0,5870.0,18368.0
2026-09-02 11:20:00+09:00,5870.0,5890.0,5850.0,5860.0,22352.0
2026-09-02 11:30:00+09:00,5860.0,5860.0,5830.0,5840.0,16080.0
2026-09-02 11:40:00+09:00,5830.0,5875.0,5800.0,5860.0,30706.0
2026-09-02 11:50:00+09:00,5860.0,5870.0,5840.0,5850.0,16814.0
2026-09-02 12:00:00+09:00,5850.0,5850.0,5820.0,5840.0,17046.0
2026-09-02 12:10:00+09:00,5840.0,5860.0,5810.0,5830.0,16283.0
2026-09-02 12:20:00+09:00,5840.0,5850.0,5820.0,5830.0,13003.0
2026-09-02 12:30:00+09:00,5830.0,5840.0,5800.0,5830.0,23822.0
2026-09-02 12:40:00+09:00,5830.0,5830.0,5800.0,5820.0,26304.0
2026-09-02 12:50:00+09:00,5820.0,5820.0,5800.0,5810.0,7356.0
2026-09-02 13:00:00+09:00,5810.0,5810.0,5770.0,5780.0,30020.0
2026-09-02 13:10:00+09:00,5780.0,5820.0,5770.0,5820.0,25101.0
2026-09-02 13:20:00+09:00,5820.0,5830.0,5800.0,5820.0,16598.0
2026-09-02 13:30:00+09:00,5820.0,5830.0,5800.0,5820.0,12566.0
2026-09-02 13:40:00+09:00,5810.0,5880.0,5800.0,5870.0,38467.0
2026-09-02 13:50:00+09:00,5870.0,5940.0,5860.0,5910.0,89498.0
2026-09-02 14:00:00+09:00,5910.0,5940.0,5860.0,5910.0,40131.0
2026-09-02 14:10:00+09:00,5910.0,5940.0,5900.0,5930.0,47750.0
2026-09-02 14:20:00+09:00,5930.0,5940.0,5910.0,5940.0,34870.0
2026-09-02 14:30:00+09:00,5930.0,5950.0,5890.0,5890.0,48101.0
2026-09-02 14:40:00+09:00,5900.0,5920.0,5890.0,5920.0,44492.0
2026-09-02 14:50:00+09:00,5910.0,5940.0,5880.0,5880.0,37243.0
2026-09-03 09:00:00+09:00,5930.0,5960.0,5780.0,5790.0,89503.0
2026-09-03 09:10:00+09:00,5790.0,5810.0,5680.0,5680.0,75009.0
2026-09-03 09:20:00+09:00,5680.0,5710.0,5640.0,5660.0,68939.0
2026-09-03 09:30:00+09:00,5660.0,5700.0,5650.0,5700.0,47100.0
2026-09-03 09:40:00+09:00,5700.0,5700.0,5650.0,5670.0,41065.0
2026-09-03 09:50:00+09:00,5660.0,5690.0,5660.0,5670.0,25502.0
2026-09-03 10:00:00+09:00,5675.0,5730.0,5670.0,5690.0,30607.0
2026-09-03 10:10:00+09:00,5690.0,5710.0,5670.0,5710.0,28828.0
2026-09-03 10:20:00+09:00,5710.0,5720.0,5650.0,5660.0,40934.0
2026-09-03 10:30:00+09:00,5660.0,5700.0,5650.0,5650.0,49184.0
2026-09-03 10:40:00+09:00,5650.0,5660.0,5640.0,5650.0,30151.0
2026-09-03 10:50:00+09:00,5650.0,5650.0,5620.0,5640.0,30708.0
2026-09-03 11:00:00+09:00,5630.0,5690.0,5630.0,5690.0,23776.0
2026-09-03 11:10:00+09:00,5690.0,5700.0,5660.0,5690.0,25966.0
2026-09-03 11:20:00+09:00,5690.0,5690.0,5660.0,5670.0,7110.0
2026-09-03 11:30:00+09:00,5680.0,5690.0,5670.0,5670.0,8883.0
2026-09-03 11:40:00+09:00,5680.0,5680.0,5650.0,5670.0,11551.0
2026-09-03 11:50:00+09:00,5670.0,5680.0,5660.0,5670.0,17489.0
2026-09-03 12:00:00+09:00,5680.0,5710.0,5670.0,5705.0,20103.0
2026-09-03 12:10:00+09:00,5705.0,5740.0,5700.0,5730.0,20721.0
2026-09-03 12:20:00+09:00,5730.0,5740.0,5700.0,5730.0,18638.0
2026-09-03 12:30:00+09:00,5730.0,5760.0,5720.0,5720.0,27781.0
2026-09-03 12:40:00+09:00,5730.0,5730.0,5700.0,5720.0,10429.0
2026-09-03 12:50:00+09:00,5710.0,5720.0,5690.0,5700.0,14724.0
2026-09-03 13:00:00+09:00,5700.0,5730.0,5690.0,5730.0,12542.0
2026-09-03 13:10:00+09:00,5730.0,5740.0,5710.0,5740.0,14590.0
2026-09-03 13:20:00+09:00,5740.0,5740.0,5710.0,5720.0,8933.0
2026-09-03 13:30:00+09:00,5720.0,5730.0,5710.0,5720.0,12552.0
2026-09-03 13:40:00+09:00,5710.0,5730.0,5690.0,5700.0,21126.0
2026-09-03 13:50:00+09:00,5700.0,5700.0,5680.0,5680.0,17233.0
2026-09-03 14:00:00+09:00,5680.0,5690.0,5670.0,5670.0,17804.0
2026-09-03 14:10:00+09:00,5670.0,5680.0,5600.0,5610.0,81510.0
2026-09-03 14:20:00+09:00,5610.0,5630.0,5570.0,5610.0,115773.0
2026-09-03 14:30:00+09:00,5610.0,5640.0,5600.0,5630.0,25238.0
2026-09-03 14:40:00+09:00,5630.0,5650.0,5590.0,5640.0,35866.0
2026-09-03 14:50:00+09:00,5635.0,5670.0,5620.0,5640.0,28870.0
2026-09-04 09:00:00+09:00,5640.0,5710.0,5620.0,5690.0,71243.0
2026-09-04 09:10:00+09:00,5680.0,5720.0,5660.0,5680.0,41184.0
2026-09-04 09:20:00+09:00,5680.0,5700.0,5680.0,5690.0,14358.0
2026-09-04 09:30:00+09:00,5700.0,5720.0,5670.0,5670.0,27838.0
2026-09-04 09:40:00+09:00,5670.0,5690.0,5650.0,5650.0,23991.0
2026-09-04 09:50:00+09:00,5650.0,5680.0,5600.0,5620.0,34997.0
2026-09-04 10:00:00+09:00,5610.0,5610.0,5560.0,5570.0,34989.0
2026-09-04 10:10:00+09:00,5570.0,5580.0,5540.0,5570.0,36606.0
2026-09-04 10:20:00+09:00,5570.0,5580.0,5530.0,5540.0,28728.0
2026-09-04 10:30:00+09:00,5540.0,5560.0,5520.0,5530.0,46371.0
2026-09-04 10:40:00+09:00,5530.0,5540.0,5520.0,5530.0,24135.0
2026-09-04 10:50:00+09:00,5530.0,5590.0,5500.0,5560.0,48123.0
2026-09-04 11:00:00+09:00,5560.0,5620.0,5550.0,5610.0,30029.0
2026-09-04 11:10:00+09:00,5610.0,5630.0,5590.0,5610.0,28264.0
2026-09-04 11:20:00+09:00,5610.0,5610.0,5580.0,5590.0,8087.0
2026-09-04 11:30:00+09:00,5590.0,5590.0,5560.0,5570.0,10166.0
2026-09-04 11:40:00+09:00,5560.0,5600.0,5560.0,5590.0,23243.0
2026-09-04 11:50:00+09:00,5590.0,5620.0,5590.0,5600.0,14925.0
2026-09-04 12:00:00+09:00,5600.0,5610.0,5580.0,5590.0,9831.0
2026-09-04 12:10:00+09:00,5580.0,5600.0,5570.0,5590.0,16259.0
2026-09-04 12:20:00+09:00,5600.0,5600.0,5570.0,5570.0,15464.0
2026-09-04 12:30:00+09:00,5570.0,5600.0,5550.0,5570.0,34755.0
2026-09-04 12:40:00+09:00,5580.0,5590.0,5560.0,5570.0,15816.0
2026-09-04 12:50:00+09:00,5570.0,5600.0,5570.0,5570.0,22961.0
2026-09-04 13:00:00+09:00,5580.0,5620.0,5570.0,5620.0,23208.0
2026-09-04 13:10:00+09:00,5610.0,5630.0,5600.0,5620.0,18821.0
2026-09-04 13:20:00+09:00,5620.0,5630.0,5600.0,5630.0,21854.0
2026-09-04 13:30:00+09:00,5630.0,5640.0,5610.0,5620.0,18835.0
2026-09-04 13:40:00+09:00,5620.0,5620.0,5600.0,5610.0,18795.0
2026-09-04 13:50:00+09:00,5610.0,5620.0,5610.0,5610.0,7803.0
2026-09-04 14:00:00+09:00,5610.0,5620.0,5590.0,5620.0,53252.0
2026-09-04 14:10:00+09:00,5610.0,5640.0,5600.0,5630.0,13796.0
2026-09-04 14:20:00+09:00,5630.0,5640.0,5600.0,5610.0,30550.0
2026-09-04 14:30:00+09:00,5600.0,5610.0,5580.0,5600.0,34823.0
2026-09-04 14:40:00+09:00,5600.0,5620.0,5580.0,5590.0,46889.0
2026-09-04 14:50:00+09:00,5590.0,5610.0,5570.0,5600.0,60768.0
2026-09-07 09:00:00+09:00,5780.0,5820.0,5730.0,5820.0,58401.0
2026-09-07 09:10:00+09:00,5820.0,5830.0,5770.0,5810.0,126983.0
2026-09-07 09:20:00+09:00,5810.0,5830.0,5800.0,5820.0,63188.0
2026-09-07 09:30:00+09:00,5820.0,5900.0,5820.0,5890.0,107122.0
2026-09-07 09:40:00+09:00,5890.0,5910.0,5860.0,5895.0,88552.0
2026-09-07 09:50:00+09:00,5890.0,5910.0,5870.0,5880.0,84641.0
2026-09-07 10:00:00+09:00,5880.0,5900.0,5850.0,5880.0,117863.0
2026-09-07 10:10:00+09:00,5870.0,5950.0,5860.0,5940.0,73988.0
2026-09-07 10:20:00+09:00,5940.0,5980.0,5930.0,5980.0,74816.0
2026-09-07 10:30:00+09:00,5980.0,5980.0,5930.0,5970.0,59673.0
2026-09-07 10:40:00+09:00,5960.0,6030.0,5960.0,6020.0,147034.0
2026-09-07 10:50:00+09:00,6020.0,6130.0,6000.0,6050.0,198963.0
2026-09-07 11:00:00+09:00,6045.0,6060.0,6020.0,6050.0,70549.0
2026-09-07 11:10:00+09:00,6050.0,6060.0,6010.0,6010.0,39795.0
2026-09-07 11:20:00+09:00,6015.0,6040.0,5980.0,6030.0,52046.0
2026-09-07 11:30:00+09:00,6030.0,6050.0,6010.0,6050.0,48354.0
2026-09-07 11:40:00+09:00,6050.0,6080.0,6020.0,6070.0,38807.0
2026-09-07 11:50:00+09:00,6070.0,6090.0,6010.0,6040.0,53613.0
2026-09-07 12:00:00+09:00,6030.0,6070.0,6010.0,6020.0,22784.0
2026-09-07 12:10:00+09:00,6020.0,6020.0,5990.0,6000.0,28011.0
2026-09-07 12:20:00+09:00,6000.0,6010.0,5960.0,5980.0,48769.0
2026-09-07 12:30:00+09:00,5980.0,6030.0,5960.0,5960.0,62123.0
2026-09-07 12:40:00+09:00,5960.0,6030.0,5960.0,5970.0,50549.0
2026-09-07 12:50:00+09:00,5970.0,6000.0,5890.0,5930.0,86798.0
2026-09-07 13:00:00+09:00,5930.0,6000.0,5920.0,5950.0,34448.0
2026-09-07 13:10:00+09:00,5950.0,6000.0,5910.0,5940.0,51897.0
2026-09-07 13:20:00+09:00,5940.0,5990.0,5920.0,5940.0,45321.0
2026-09-07 13:30:00+09:00,5950.0,6000.0,5930.0,5950.0,59368.0
2026-09-07 13:40:00+09:00,5950.0,6000.0,5940.0,5960.0,58143.0
2026-09-07 13:50:00+09:00,5965.0,6000.0,5950.0,5960.0,54096.0
2026-09-07 14:00:00+09:00,5970.0,6020.0,5940.0,5950.0,76145.0
2026-09-07 14:10:00+09:00,5950.0,6020.0,5930.0,5950.0,55634.0
2026-09-07 14:20:00+09:00,5960.0,6030.0,5940.0,5960.0,72778.0
2026-09-07 14:30:00+09:00,5960.0,6050.0,5950.0,6000.0,97135.0
2026-09-07 14:40:00+09:00,6000.0,6070.0,5960.0,5970.0,141151.0
2026-09-07 14:50:00+09:00,5960.0,6040.0,5960.0,5970.0,101593.0
2026-09-08 09:00:00+09:00,5990.0,5990.0,5760.0,5820.0,267388.0
2026-09-08 09:10:00+09:00,5830.0,5880.0,5800.0,5820.0,92104.0
2026-09-08 09:20:00+09:00,5820.0,5830.0,5790.0,5800.0,100888.0
2026-09-08 09:30:00+09:00,5790.0,5810.0,5720.0,5730.0,195708.0
2026-09-08 09:40:00+09:00,5740.0,5910.0,5730.0,5910.0,166431.0
2026-09-08 09:50:00+09:00,5900.0,5940.0,5900.0,5920.0,72866.0
2026-09-08 10:00:00+09:00,5920.0,5940.0,5880.0,5920.0,59793.0
2026-09-08 10:10:00+09:00,5920.0,5920.0,5880.0,5900.0,51782.0
2026-09-08 10:20:00+09:00,5900.0,5900.0,5870.0,5880.0,37330.0
2026-09-08 10:30:00+09:00,5880.0,5990.0,5870.0,5990.0,79916.0
2026-09-08 10:40:00+09:00,5990.0,6040.0,5960.0,6010.0,101682.0
2026-09-08 10:50:00+09:00,6020.0,6040.0,6000.0,6030.0,59424.0
2026-09-08 11:00:00+09:00,6030.0,6070.0,6030.0,6050.0,87568.0
2026-09-08 11:10:00+09:00,6050.0,6130.0,6030.0,6090.0,115859.0
2026-09-08 11:20:00+09:00,6090.0,6150.0,6080.0,6120.0,114683.0
2026-09-08 11:30:00+09:00,6110.0,6120.0,6100.0,6120.0,49227.0
2026-09-08 11:40:00+09:00,6120.0,6120.0,6100.0,6100.0,43268.0
2026-09-08 11:50:00+09:00,6100.0,6100.0,6070.0,6070.0,58984.0
2026-09-08 12:00:00+09:00,6070.0,6150.0,6060.0,6140.0,89666.0
2026-09-08 12:10:00+09:00,6150.0,6150.0,6110.0,6130.0,64149.0
2026-09-08 12:20:00+09:00,6120.0,6140.0,6120.0,6120.0,35528.0
2026-09-08 12:30:00+09:00,6140.0,6140.0,6120.0,6130.0,47885.0
2026-09-08 12:40:00+09:00,6130.0,6130.0,6100.0,6120.0,46509.0
2026-09-08 12:50:00+09:00,6110.0,6120.0,6090.0,6100.0,48464.0
2026-09-08 13:00:00+09:00,6100.0,6180.0,6090.0,6170.0,143105.0
2026-09-08 13:10:00+09:00,6170.0,6250.0,6170.0,6240.0,181181.0
2026-09-08 13:20:00+09:00,6240.0,6255.0,6200.0,6230.0,97183.0
2026-09-08 13:30:00+09:00,6230.0,6230.0,6110.0,6160.0,94386.0
2026-09-08 13:40:00+09:00,6160.0,6270.0,6160.0,6260.0,95264.0
2026-09-08 13:50:00+09:00,6270.0,6290.0,6210.0,6270.0,157740.0
2026-09-08 14:00:00+09:00,6260.0,6320.0,6240.0,6240.0,196601.0
2026-09-08 14:10:00+09:00,6240.0,6280.0,6230.0,6260.0,102256.0
2026-09-08 14:20:00+09:00,6260.0,6280.0,6210.0,6210.0,90830.0
2026-09-08 14:30:00+09:00,6220.0,6250.0,6160.0,6220.0,115907.0
2026-09-08 14:40:00+09:00,6220.0,6220.0,6160.0,6190.0,110269.0
2026-09-08 14:50:00+09:00,6190.0,6200.0,6110.0,6140.0,105452.0
2026-09-09 09:00:00+09:00,6040.0,6600.0,6010.0,6340.0,635344.0
2026-09-09 09:10:00+09:00,6330.0,6420.0,6290.0,6350.0,194735.0
2026-09-09 09:20:00+09:00,6350.0,6430.0,6300.0,6310.0,94415.0
2026-09-09 09:30:00+09:00,6310.0,6460.0,6270.0,6450.0,120631.0
2026-09-09 09:40:00+09:00,6450.0,6580.0,6450.0,6570.0,314840.0
2026-09-09 09:50:00+09:00,6570.0,6740.0,6550.0,6710.0,611422.0
2026-09-09 10:00:00+09:00,6710.0,6830.0,6620.0,6710.0,652074.0
2026-09-09 10:10:00+09:00,6710.0,6720.0,6590.0,6600.0,194326.0
2026-09-09 10:20:00+09:00,6600.0,6710.0,6590.0,6710.0,136892.0
2026-09-09 10:30:00+09:00,6710.0,6790.0,6680.0,6700.0,256202.0
2026-09-09 10:40:00+09:00,6690.0,6730.0,6620.0,6650.0,95813.0
2026-09-09 10:50:00+09:00,6660.0,6680.0,6640.0,6650.0,83021.0
2026-09-09 11:00:00+09:00,6650.0,6720.0,6650.0,6680.0,110899.0
2026-09-09 11:10:00+09:00,6680.0,6710.0,6630.0,6635.0,102621.0
2026-09-09 11:20:00+09:00,6640.0,6770.0,6630.0,6730.0,241930.0
2026-09-09 11:30:00+09:00,6740.0,6750.0,6680.0,6710.0,68329.0
2026-09-09 11:40:00+09:00,6710.0,6710.0,6670.0,6690.0,62733.0
2026-09-09 11:50:00+09:00,6680.0,6750.0,6670.0,6740.0,133724.0
2026-09-09 12:00:00+09:00,6740.0,6780.0,6700.0,6700.0,160597.0
2026-09-09 12:10:00+09:00,6700.0,6750.0,6680.0,6750.0,102570.0
2026-09-09 12:20:00+09:00,6750.0,6750.0,6680.0,6710.0,82192.0
2026-09-09 12:30:00+09:00,6700.0,6730.0,6700.0,6700.0,50217.0
2026-09-09 12:40:00+09:00,6710.0,6720.0,6670.0,6680.0,89459.0
2026-09-09 12:50:00+09:00,6670.0,6680.0,6630.0,6640.0,77182.0
2026-09-09 13:00:00+09:00,6640.0,6690.0,6630.0,6680.0,54423.0
2026-09-09 13:10:00+09:00,6680.0,6680.0,6590.0,6600.0,110735.0
2026-09-09 13:20:00+09:00,6600.0,6700.0,6570.0,6690.0,115750.0
2026-09-09 13:30:00+09:00,6700.0,6700.0,6650.0,6670.0,77074.0
2026-09-09 13:40:00+09:00,6670.0,6670.0,6600.0,6610.0,66379.0
2026-09-09 13:50:00+09:00,6610.0,6650.0,6600.0,6640.0,66678.0
2026-09-09 14:00:00+09:00,6630.0,6640.0,6580.0,6590.0,63078.0
2026-09-09 14:10:00+09:00,6580.0,6670.0,6580.0,6660.0,114253.0
2026-09-09 14:20:00+09:00,6660.0,6690.0,6610.0,6615.0,116969.0
2026-09-09 14:30:00+09:00,6610.0,6650.0,6590.0,6620.0,114225.0
2026-09-09 14:40:00+09:00,6620.0,6650.0,6600.0,6630.0,120460.0
2026-09-09 14:50:00+09:00,6630.0,6650.0,6600.0,6600.0,214724.0
2026-09-10 09:00:00+09:00,6600.0,6970.0,6600.0,6870.0,670608.0
2026-09-10 09:10:00+09:00,6860.0,7080.0,6860.0,6930.0,852823.0
2026-09-10 09:20:00+09:00,6930.0,7080.0,6860.0,6990.0,453425.0
2026-09-10 09:30:00+09:00,6990.0,7050.0,6810.0,6810.0,529060.0
2026-09-10 09:40:00+09:00,6810.0,6900.0,6770.0,6890.0,177834.0
2026-09-10 09:50:00+09:00,6880.0,6930.0,6830.0,6910.0,140407.0
2026-09-10 10:00:00+09:00,6900.0,7070.0,6890.0,7000.0,336704.0
2026-09-10 10:10:00+09:00,7010.0,7040.0,6960.0,7030.0,202872.0
2026-09-10 10:20:00+09:00,7030.0,7040.0,6980.0,7020.0,146386.0
2026-09-10 10:30:00+09:00,7030.0,7100.0,7020.0,7080.0,269664.0
2026-09-10 10:40:00+09:00,7080.0,7140.0,7045.0,7060.0,347878.0
2026-09-10 10:50:00+09:00,7050.0,7090.0,6980.0,7030.0,226203.0
2026-09-10 11:00:00+09:00,7020.0,7070.0,6970.0,7050.0,130618.0
2026-09-10 11:10:00+09:00,7060.0,7120.0,7040.0,7050.0,212313.0
2026-09-10 11:20:00+09:00,7040.0,7060.0,6980.0,6980.0,149209.0
2026-09-10 11:30:00+09:00,6980.0,7010.0,6800.0,6810.0,269113.0
2026-09-10 11:40:00+09:00,6820.0,6880.0,6740.0,6750.0,221588.0
2026-09-10 11:50:00+09:00,6760.0,6800.0,6720.0,6730.0,246909.0
2026-09-10 12:00:00+09:00,6730.0,6870.0,6710.0,6870.0,323345.0
2026-09-10 12:10:00+09:00,6860.0,6960.0,6840.0,6960.0,280987.0
2026-09-10 12:20:00+09:00,6960.0,7010.0,6860.0,6870.0,462704.0
2026-09-10 12:30:00+09:00,6860.0,6910.0,6820.0,6860.0,283336.0
2026-09-10 12:40:00+09:00,6860.0,6940.0,6860.0,6940.0,202680.0
2026-09-10 12:50:00+09:00,6940.0,6940.0,6870.0,6870.0,188711.0
2026-09-10 13:00:00+09:00,6880.0,6920.0,6820.0,6840.0,256454.0
2026-09-10 13:10:00+09:00,6830.0,6840.0,6800.0,6830.0,227302.0
2026-09-10 13:20:00+09:00,6820.0,6830.0,6760.0,6770.0,233553.0
2026-09-10 13:30:00+09:00,6780.0,6810.0,6750.0,6800.0,225162.0
2026-09-10 13:40:00+09:00,6800.0,6820.0,6770.0,6790.0,209122.0
2026-09-10 13:50:00+09:00,6790.0,6830.0,6780.0,6780.0,203811.0
2026-09-10 14:00:00+09:00,6790.0,6880.0,6780.0,6880.0,211909.0
2026-09-10 14:10:00+09:00,6870.0,6890.0,6850.0,6860.0,200189.0
2026-09-10 14:20:00+09:00,6860.0,6910.0,6860.0,6900.0,241731.0
2026-09-10 14:30:00+09:00,6910.0,7000.0,6900.0,6990.0,267681.0
2026-09-10 14:40:00+09:00,6990.0,7090.0,6980.0,7080.0,364879.0
2026-09-10 14:50:00+09:00,7070.0,7110.0,7020.0,7080.0,472590.0
2026-09-11 09:00:00+09:00,6900.0,7050.0,6820.0,6990.0,343080.0
2026-09-11 09:10:00+09:00,6990.0,7130.0,6980.0,7125.0,189254.0
2026-09-11 09:20:00+09:00,7125.0,7180.0,7060.0,7070.0,223079.0
2026-09-11 09:30:00+09:00,7080.0,7100.0,7030.0,7090.0,95266.0
2026-09-11 09:40:00+09:00,7090.0,7140.0,7060.0,7090.0,98774.0
2026-09-11 09:50:00+09:00,7090.0,7130.0,7080.0,7110.0,76274.0
2026-09-11 10:00:00+09:00,7100.0,7110.0,6960.0,6965.0,141529.0
2026-09-11 10:10:00+09:00,6970.0,7020.0,6955.0,7000.0,43399.0
2026-09-11 10:20:00+09:00,7000.0,7010.0,6980.0,6980.0,44739.0
2026-09-11 10:30:00+09:00,6980.0,7030.0,6970.0,7000.0,39024.0
2026-09-11 10:40:00+09:00,7010.0,7035.0,6970.0,7010.0,45925.0
2026-09-11 10:50:00+09:00,7010.0,7040.0,7000.0,7040.0,31061.0
2026-09-11 11:00:00+09:00,7030.0,7090.0,7020.0,7090.0,72196.0
2026-09-11 11:10:00+09:00,7090.0,7120.0,7080.0,7115.0,69361.0
2026-09-11 11:20:00+09:00,7115.0,7120.0,7060.0,7080.0,49553.0
2026-09-11 11:30:00+09:00,7070.0,7090.0,7020.0,7060.0,69292.0
2026-09-11 11:40:00+09:00,7060.0,7070.0,7030.0,7050.0,34854.0
2026-09-11 11:50:00+09:00,7030.0,7050.0,7020.0,7040.0,37344.0
2026-09-11 12:00:00+09:00,7040.0,7040.0,7010.0,7010.0,38866.0
2026-09-11 12:10:00+09:00,7020.0,7040.0,7000.0,7040.0,42760.0
2026-09-11 12:20:00+09:00,7020.0,7040.0,6985.0,7020.0,37561.0
2026-09-11 12:30:00+09:00,7010.0,7020.0,6990.0,6990.0,37867.0
2026-09-11 12:40:00+09:00,7000.0,7040.0,6990.0,7000.0,51020.0
2026-09-11 12:50:00+09:00,7010.0,7030.0,6980.0,7030.0,34802.0
2026-09-11 13:00:00+09:00,7030.0,7030.0,6980.0,6990.0,50542.0
2026-09-11 13:10:00+09:00,7005.0,7010.0,6980.0,7000.0,40830.0
2026-09-11 13:20:00+09:00,7000.0,7030.0,6980.0,7020.0,52223.0
2026-09-11 13:30:00+09:00,7020.0,7020.0,6970.0,7000.0,50219.0
2026-09-11 13:40:00+09:00,7000.0,7050.0,6990.0,7040.0,49644.0
2026-09-11 13:50:00+09:00,7030.0,7040.0,7000.0,7020.0,42194.0
2026-09-11 14:00:00+09:00,7020.0,7030.0,7000.0,7030.0,30688.0
2026-09-11 14:10:00+09:00,7025.0,7100.0,7020.0,7060.0,75812.0
2026-09-11 14:20:00+09:00,7060.0,7100.0,7050.0,7070.0,52075.0
2026-09-11 14:30:00+09:00,7060.0,7090.0,7060.0,7070.0,28331.0
2026-09-11 14:40:00+09:00,7080.0,7100.0,7060.0,7080.0,47689.0
2026-09-11 14:50:00+09:00,7080.0,7100.0,7070.0,7080.0,63540.0
2026-09-14 09:00:00+09:00,6850.0,7060.0,6820.0,7020.0,89126.0
2026-09-14 09:10:00+09:00,6990.0,7020.0,6850.0,6920.0,120023.0
2026-09-14 09:20:00+09:00,6930.0,7010.0,6920.0,6980.0,51560.0
2026-09-14 09:30:00+09:00,6980.0,7100.0,6960.0,7000.0,77939.0
2026-09-14 09:40:00+09:00,7010.0,7130.0,6980.0,7120.0,94707.0
2026-09-14 09:50:00+09:00,7125.0,7220.0,7120.0,7210.0,256112.0
2026-09-14 10:00:00+09:00,7200.0,7380.0,7200.0,7220.0,455614.0
2026-09-14 10:10:00+09:00,7240.0,7305.0,7190.0,7230.0,174107.0
2026-09-14 10:20:00+09:00,7230.0,7240.0,7190.0,7210.0,104321.0
2026-09-14 10:30:00+09:00,7210.0,7250.0,7200.0,7250.0,59952.0
2026-09-14 10:40:00+09:00,7250.0,7290.0,7200.0,7280.0,79116.0
2026-09-14 10:50:00+09:00,7290.0,7520.0,7280.0,7490.0,661831.0
2026-09-14 11:00:00+09:00,7490.0,7650.0,7470.0,7610.0,492475.0
2026-09-14 11:10:00+09:00,7610.0,7620.0,7500.0,7570.0,265429.0
2026-09-14 11:20:00+09:00,7560.0,7570.0,7500.0,7560.0,198911.0
2026-09-14 11:30:00+09:00,7560.0,7580.0,7530.0,7560.0,117603.0
2026-09-14 11:40:00+09:00,7550.0,7640.0,7530.0,7620.0,173765.0
2026-09-14 11:50:00+09:00,7620.0,7670.0,7580.0,7640.0,214966.0
2026-09-14 12:00:00+09:00,7640.0,7700.0,7630.0,7630.0,205196.0
2026-09-14 12:10:00+09:00,7630.0,7660.0,7590.0,7610.0,133966.0
2026-09-14 12:20:00+09:00,7610.0,7630.0,7580.0,7620.0,119514.0
2026-09-14 12:30:00+09:00,7620.0,7660.0,7620.0,7650.0,77801.0
2026-09-14 12:40:00+09:00,7650.0,7670.0,7590.0,7650.0,98899.0
2026-09-14 12:50:00+09:00,7640.0,7660.0,7620.0,7650.0,67372.0
2026-09-14 13:00:00+09:00,7650.0,7750.0,7630.0,7740.0,265402.0
2026-09-14 13:10:00+09:00,7740.0,7790.0,7700.0,7730.0,253575.0
2026-09-14 13:20:00+09:00,7730.0,7750.0,7520.0,7530.0,251195.0
2026-09-14 13:30:00+09:00,7540.0,7590.0,7510.0,7560.0,180981.0
2026-09-14 13:40:00+09:00,7560.0,7680.0,7550.0,7640.0,137735.0
2026-09-14 13:50:00+09:00,7640.0,7640.0,7570.0,7600.0,105334.0
2026-09-14 14:00:00+09:00,7600.0,7670.0,7600.0,7640.0,83939.0
2026-09-14 14:10:00+09:00,7640.0,7650.0,7570.0,7590.0,134722.0
2026-09-14 14:20:00+09:00,7580.0,7610.0,7560.0,7600.0,137869.0
2026-09-14 14:30:00+09:00,7590.0,7630.0,7580.0,7620.0,98589.0
2026-09-14 14:40:00+09:00,7630.0,7630.0,7570.0,7590.0,114183.0
2026-09-14 14:50:00+09:00,7590.0,7610.0,7550.0,7570.0,139810.0
2026-09-15 09:00:00+09:00,7460.0,7590.0,7400.0,7470.0,331908.0
2026-09-15 09:10:00+09:00,7480.0,7780.0,7430.0,7720.0,378780.0
2026-09-15 09:20:00+09:00,7720.0,7860.0,7600.0,7770.0,535312.0
2026-09-15 09:30:00+09:00,7765.0,7980.0,7710.0,7980.0,466073.0
2026-09-15 09:40:00+09:00,7970.0,7980.0,7740.0,7770.0,339498.0
2026-09-15 09:50:00+09:00,7760.0,7930.0,7750.0,7860.0,268763.0
2026-09-15 10:00:00+09:00,7860.0,8140.0,7850.0,8100.0,718257.0
2026-09-15 10:10:00+09:00,8110.0,8270.0,8090.0,8260.0,657851.0
2026-09-15 10:20:00+09:00,8270.0,8540.0,8190.0,8490.0,1090167.0
2026-09-15 10:30:00+09:00,8500.0,8520.0,8370.0,8460.0,761133.0
2026-09-15 10:40:00+09:00,8460.0,8490.0,8330.0,8480.0,464156.0
2026-09-15 10:50:00+09:00,8490.0,8600.0,8480.0,8570.0,725289.0
2026-09-15 11:00:00+09:00,8580.0,8770.0,8530.0,8670.0,1031169.0
2026-09-15 11:10:00+09:00,8670.0,8780.0,8650.0,8710.0,582254.0
2026-09-15 11:20:00+09:00,8700.0,8940.0,8700.0,8890.0,999873.0
2026-09-15 11:30:00+09:00,8890.0,9060.0,8780.0,8920.0,1222778.0
2026-09-15 11:40:00+09:00,8910.0,9000.0,8800.0,8960.0,956663.0
2026-09-15 11:50:00+09:00,8960.0,8970.0,8850.0,8870.0,490209.0
2026-09-15 12:00:00+09:00,8880.0,8970.0,8850.0,8910.0,433732.0
2026-09-15 12:10:00+09:00,8910.0,8910.0,8740.0,8860.0,532200.0
2026-09-15 12:20:00+09:00,8860.0,8880.0,8720.0,8800.0,349576.0
2026-09-15 12:30:00+09:00,8800.0,8800.0,8690.0,8740.0,339081.0
2026-09-15 12:40:00+09:00,8750.0,8780.0,8680.0,8770.0,194383.0
2026-09-15 12:50:00+09:00,8780.0,8800.0,8630.0,8660.0,307028.0
2026-09-15 13:00:00+09:00,8660.0,8770.0,8620.0,8680.0,253814.0
2026-09-15 13:10:00+09:00,8680.0,8720.0,8630.0,8720.0,207257.0
2026-09-15 13:20:00+09:00,8720.0,8730.0,8645.0,8650.0,191093.0
2026-09-15 13:30:00+09:00,8650.0,8720.0,8590.0,8610.0,276198.0
2026-09-15 13:40:00+09:00,8610.0,8700.0,8580.0,8660.0,239530.0
2026-09-15 13:50:00+09:00,8660.0,8730.0,8620.0,8650.0,196931.0
2026-09-15 14:00:00+09:00,8660.0,8660.0,8590.0,8610.0,175285.0
2026-09-15 14:10:00+09:00,8600.0,8610.0,8520.0,8570.0,289697.0
2026-09-15 14:20:00+09:00,8570.0,8600.0,8420.0,8480.0,363034.0
2026-09-15 14:30:00+09:00,8470.0,8525.0,8470.0,8510.0,147007.0
2026-09-15 14:40:00+09:00,8510.0,8580.0,8480.0,8560.0,100065.0
2026-09-15 14:50:00+09:00,8550.0,8600.0,8550.0,8590.0,105356.0
2026-09-16 09:00:00+09:00,8470.0,8570.0,8300.0,8310.0,489716.0
2026-09-16 09:10:00+09:00,8310.0,8370.0,8230.0,8260.0,413643.0
2026-09-16 09:20:00+09:00,8270.0,8330.0,8150.0,8190.0,301193.0
2026-09-16 09:30:00+09:00,8190.0,8500.0,8180.0,8460.0,417719.0
2026-09-16 09:40:00+09:00,8460.0,8660.0,8430.0,8620.0,548660.0
2026-09-16 09:50:00+09:00,8620.0,8640.0,8490.0,8590.0,240501.0
2026-09-16 10:00:00+09:00,8600.0,8600.0,8420.0,8490.0,165052.0
2026-09-16 10:10:00+09:00,8490.0,8580.0,8470.0,8560.0,78387.0
2026-09-16 10:20:00+09:00,8560.0,8560.0,8490.0,8550.0,64447.0
2026-09-16 10:30:00+09:00,8550.0,8750.0,8530.0,8750.0,435257.0
2026-09-16 10:40:00+09:00,8740.0,8770.0,8680.0,8700.0,227003.0
2026-09-16 10:50:00+09:00,8700.0,8920.0,8670.0,8890.0,709394.0
2026-09-16 11:00:00+09:00,8880.0,8960.0,8820.0,8850.0,427763.0
2026-09-16 11:10:00+09:00,8860.0,8990.0,8830.0,8970.0,324578.0
2026-09-16 11:20:00+09:00,8980.0,8980.0,8850.0,8850.0,214019.0
2026-09-16 11:30:00+09:00,8850.0,8870.0,8740.0,8820.0,226678.0
2026-09-16 11:40:00+09:00,8820.0,8850.0,8780.0,8840.0,99780.0
2026-09-16 11:50:00+09:00,8840.0,8910.0,8830.0,8900.0,147398.0
2026-09-16 12:00:00+09:00,8900.0,8930.0,8870.0,8880.0,122207.0
2026-09-16 12:10:00+09:00,8880.0,8900.0,8850.0,8860.0,99609.0
2026-09-16 12:20:00+09:00,8860.0,8880.0,8820.0,8850.0,78065.0
2026-09-16 12:30:00+09:00,8850.0,8860.0,8800.0,8830.0,60605.0
2026-09-16 12:40:00+09:00,8830.0,8880.0,8810.0,8880.0,81769.0
2026-09-16 12:50:00+09:00,8880.0,8900.0,8860.0,8900.0,76655.0
2026-09-16 13:00:00+09:00,8900.0,8900.0,8850.0,8900.0,90303.0
2026-09-16 13:10:00+09:00,8890.0,8940.0,8810.0,8840.0,175148.0
2026-09-16 13:20:00+09:00,8840.0,8850.0,8810.0,8830.0,67806.0
2026-09-16 13:30:00+09:00,8840.0,8850.0,8810.0,8840.0,96623.0
2026-09-16 13:40:00+09:00,8840.0,8850.0,8810.0,8850.0,59204.0
2026-09-16 13:50:00+09:00,8850.0,8900.0,8840.0,8880.0,103764.0
2026-09-16 14:00:00+09:00,8880.0,8950.0,8850.0,8900.0,174109.0
2026-09-16 14:10:00+09:00,8890.0,8970.0,8880.0,8930.0,246145.0
2026-09-16 14:20:00+09:00,8930.0,8930.0,8880.0,8900.0,89147.0
2026-09-16 14:30:00+09:00,8910.0,8970.0,8900.0,8910.0,175808.0
2026-09-16 14:40:00+09:00,8910.0,8970.0,8900.0,8920.0,195037.0
2026-09-16 14:50:00+09:00,8920.0,8940.0,8890.0,8910.0,141643.0
2026-09-17 09:00:00+09:00,8970.0,9110.0,8820.0,8970.0,591086.0
2026-09-17 09:10:00+09:00,8970.0,9000.0,8830.0,8900.0,194061.0
2026-09-17 09:20:00+09:00,8900.0,8910.0,8770.0,8790.0,229596.0
2026-09-17 09:30:00+09:00,8800.0,8850.0,8750.0,8810.0,176947.0
2026-09-17 09:40:00+09:00,8810.0,8820.0,8660.0,8740.0,186208.0
2026-09-17 09:50:00+09:00,8730.0,8820.0,8710.0,8770.0,95653.0
2026-09-17 10:00:00+09:00,8770.0,8860.0,8760.0,8810.0,107770.0
2026-09-17 10:10:00+09:00,8810.0,8820.0,8750.0,8780.0,84034.0
2026-09-17 10:20:00+09:00,8780.0,8800.0,8720.0,8740.0,96803.0
2026-09-17 10:30:00+09:00,8740.0,8750.0,8670.0,8730.0,121502.0
2026-09-17 10:40:00+09:00,8730.0,8750.0,8680.0,8740.0,95670.0
2026-09-17 10:50:00+09:00,8740.0,8770.0,8720.0,8770.0,46156.0
2026-09-17 11:00:00+09:00,8770.0,8770.0,8710.0,8710.0,41676.0
2026-09-17 11:10:00+09:00,8720.0,8730.0,8700.0,8710.0,55928.0
2026-09-17 11:20:00+09:00,8720.0,8720.0,8670.0,8680.0,68071.0
2026-09-17 11:30:00+09:00,8670.0,8780.0,8670.0,8760.0,67696.0
2026-09-17 11:40:00+09:00,8760.0,8800.0,8750.0,8760.0,48445.0
2026-09-17 11:50:00+09:00,8770.0,8810.0,8750.0,8790.0,58986.0
2026-09-17 12:00:00+09:00,8790.0,8880.0,8780.0,8850.0,75949.0
2026-09-17 12:10:00+09:00,8850.0,8860.0,8820.0,8840.0,37901.0
2026-09-17 12:20:00+09:00,8840.0,8850.0,8810.0,8810.0,43508.0
2026-09-17 12:30:00+09:00,8810.0,8860.0,8790.0,8800.0,56083.0
2026-09-17 12:40:00+09:00,8790.0,8830.0,8790.0,8800.0,42371.0
2026-09-17 12:50:00+09:00,8800.0,8850.0,8770.0,8820.0,53725.0
2026-09-17 13:00:00+09:00,8820.0,8830.0,8770.0,8790.0,43102.0
2026-09-17 13:10:00+09:00,8790.0,8820.0,8740.0,8740.0,57761.0
2026-09-17 13:20:00+09:00,8750.0,8750.0,8700.0,8710.0,88132.0
2026-09-17 13:30:00+09:00,8710.0,8710.0,8660.0,8700.0,83005.0
2026-09-17 13:40:00+09:00,8690.0,8740.0,8680.0,8720.0,65432.0
2026-09-17 13:50:00+09:00,8720.0,8740.0,8670.0,8670.0,80546.0
2026-09-17 14:00:00+09:00,8670.0,8680.0,8650.0,8680.0,93527.0
2026-09-17 14:10:00+09:00,8680.0,8690.0,8630.0,8630.0,75428.0
2026-09-17 14:20:00+09:00,8635.0,8650.0,8600.0,8610.0,105142.0
2026-09-17 14:30:00+09:00,8600.0,8680.0,8560.0,8650.0,140557.0
2026-09-17 14:40:00+09:00,8660.0,8690.0,8600.0,8680.0,71944.0
2026-09-17 14:50:00+09:00,8670.0,8690.0,8610.0,8620.0,64379.0
2026-09-18 09:00:00+09:00,8780.0,9090.0,8750.0,8900.0,747912.0
2026-09-18 09:10:00+09:00,8905.0,8990.0,8830.0,8850.0,257794.0
2026-09-18 09:20:00+09:00,8850.0,8940.0,8840.0,8890.0,163286.0
2026-09-18 09:30:00+09:00,8890.0,8980.0,8830.0,8880.0,156432.0
2026-09-18 09:40:00+09:00,8890.0,8940.0,8850.0,8900.0,114468.0
2026-09-18 09:50:00+09:00,8910.0,8960.0,8860.0,8900.0,137465.0
2026-09-18 10:00:00+09:00,8910.0,8980.0,8870.0,8970.0,127171.0
2026-09-18 10:10:00+09:00,8970.0,9015.0,8890.0,8950.0,183545.0
2026-09-18 10:20:00+09:00,8950.0,9010.0,8900.0,8975.0,116984.0
2026-09-18 10:30:00+09:00,8970.0,9040.0,8950.0,9020.0,111699.0
2026-09-18 10:40:00+09:00,9030.0,9050.0,8990.0,9000.0,185962.0
2026-09-18 10:50:00+09:00,9000.0,9010.0,8960.0,8990.0,96320.0
2026-09-18 11:00:00+09:00,9000.0,9080.0,8990.0,9050.0,231656.0
2026-09-18 11:10:00+09:00,9050.0,9060.0,9000.0,9010.0,84811.0
2026-09-18 11:20:00+09:00,9020.0,9020.0,8980.0,8980.0,80813.0
2026-09-18 11:30:00+09:00,8980.0,9000.0,8950.0,8950.0,70542.0
2026-09-18 11:40:00+09:00,8960.0,8990.0,8940.0,8990.0,58565.0
2026-09-18 11:50:00+09:00,8990.0,8990.0,8920.0,8920.0,85278.0
2026-09-18 12:00:00+09:00,8930.0,8960.0,8895.0,8960.0,66862.0
2026-09-18 12:10:00+09:00,8960.0,8970.0,8930.0,8940.0,42432.0
2026-09-18 12:20:00+09:00,8940.0,8940.0,8890.0,8890.0,48631.0
2026-09-18 12:30:00+09:00,8890.0,8900.0,8880.0,8890.0,43888.0
2026-09-18 12:40:00+09:00,8890.0,8910.0,8870.0,8900.0,53358.0
2026-09-18 12:50:00+09:00,8890.0,8900.0,8860.0,8880.0,51065.0
2026-09-18 13:00:00+09:00,8880.0,8900.0,8860.0,8900.0,78040.0
2026-09-18 13:10:00+09:00,8890.0,8930.0,8890.0,8930.0,77301.0
2026-09-18 13:20:00+09:00,8930.0,8940.0,8850.0,8920.0,93543.0
2026-09-18 13:30:00+09:00,8910.0,8980.0,8910.0,8950.0,69100.0
2026-09-18 13:40:00+09:00,8950.0,8970.0,8940.0,8960.0,59304.0
2026-09-18 13:50:00+09:00,8960.0,9000.0,8960.0,8970.0,77628.0
2026-09-18 14:00:00+09:00,8970.0,8980.0,8950.0,8970.0,67197.0
2026-09-18 14:10:00+09:00,8960.0,8980.0,8960.0,8980.0,51984.0
2026-09-18 14:20:00+09:00,8980.0,9000.0,8950.0,8950.0,82041.0
2026-09-18 14:30:00+09:00,8950.0,8980.0,8920.0,8970.0,88989.0
2026-09-18 14:40:00+09:00,8960.0,8980.0,8950.0,8970.0,90232.0
2026-09-18 14:50:00+09:00,8970.0,9000.0,8960.0,8980.0,129944.0
2026-09-21 09:00:00+09:00,9050.0,9700.0,9010.0,9550.0,652490.0
2026-09-21 09:10:00+09:00,9550.0,9900.0,9490.0,9850.0,1422119.0
2026-09-21 09:20:00+09:00,9850.0,10500.0,9840.0,10260.0,2959221.0
2026-09-21 09:30:00+09:00,10240.0,10680.0,10240.0,10560.0,2223835.0
2026-09-21 09:40:00+09:00,10560.0,10600.0,10320.0,10470.0,1212657.0
2026-09-21 09:50:00+09:00,10480.0,10710.0,10390.0,10500.0,1350314.0
2026-09-21 10:00:00+09:00,10500.0,10750.0,10490.0,10670.0,945781.0
2026-09-21 10:10:00+09:00,10680.0,10780.0,10590.0,10650.0,820421.0
2026-09-21 10:20:00+09:00,10650.0,10820.0,10590.0,10790.0,884374.0
2026-09-21 10:30:00+09:00,10790.0,10910.0,10660.0,10680.0,1211325.0
2026-09-21 10:40:00+09:00,10690.0,10940.0,10670.0,10860.0,918757.0
2026-09-21 10:50:00+09:00,10865.0,11050.0,10850.0,10970.0,1687812.0
2026-09-21 11:00:00+09:00,10970.0,11080.0,10830.0,10890.0,1084300.0
2026-09-21 11:10:00+09:00,10890.0,10970.0,10800.0,10850.0,573300.0
2026-09-21 11:20:00+09:00,10850.0,10900.0,10770.0,10850.0,411113.0
2026-09-21 11:30:00+09:00,10850.0,10900.0,10680.0,10680.0,458233.0
2026-09-21 11:40:00+09:00,10680.0,10770.0,10630.0,10770.0,529271.0
2026-09-21 11:50:00+09:00,10770.0,10840.0,10720.0,10835.0,266395.0
2026-09-21 12:00:00+09:00,10840.0,10880.0,10700.0,10790.0,373707.0
2026-09-21 12:10:00+09:00,10790.0,10900.0,10760.0,10900.0,281991.0
2026-09-21 12:20:00+09:00,10900.0,10920.0,10800.0,10820.0,268288.0
2026-09-21 12:30:00+09:00,10810.0,10860.0,10780.0,10810.0,213243.0
2026-09-21 12:40:00+09:00,10800.0,10920.0,10800.0,10900.0,289888.0
2026-09-21 12:50:00+09:00,10890.0,10910.0,10850.0,10850.0,182476.0
2026-09-21 13:00:00+09:00,10850.0,10850.0,10790.0,10800.0,166329.0
2026-09-21 13:10:00+09:00,10800.0,10860.0,10770.0,10860.0,169014.0
2026-09-21 13:20:00+09:00,10860.0,10890.0,10790.0,10830.0,237094.0
2026-09-21 13:30:00+09:00,10830.0,10880.0,10780.0,10860.0,180337.0
2026-09-21 13:40:00+09:00,10870.0,10890.0,10830.0,10870.0,199492.0
2026-09-21 13:50:00+09:00,10870.0,10950.0,10830.0,10900.0,528493.0
2026-09-21 14:00:00+09:00,10900.0,10930.0,10860.0,10860.0,266966.0
2026-09-21 14:10:00+09:00,10860.0,10910.0,10800.0,10860.0,292919.0
2026-09-21 14:20:00+09:00,10850.0,10860.0,10760.0,10790.0,241191.0
2026-09-21 14:30:00+09:00,10800.0,10820.0,10680.0,10700.0,400622.0
2026-09-21 14:40:00+09:00,10690.0,10720.0,10650.0,10720.0,333403.0
2026-09-21 14:50:00+09:00,10720.0,10760.0,10570.0,10580.0,473925.0
2026-09-22 09:00:00+09:00,10730.0,10950.0,10530.0,10600.0,1948547.0
2026-09-22 09:10:00+09:00,10590.0,10720.0,10400.0,10440.0,868268.0
2026-09-22 09:20:00+09:00,10430.0,10500.0,10370.0,10410.0,568341.0
2026-09-22 09:30:00+09:00,10430.0,10430.0,10300.0,10320.0,534392.0
2026-09-22 09:40:00+09:00,10320.0,10470.0,10310.0,10420.0,326130.0
2026-09-22 09:50:00+09:00,10420.0,10630.0,10320.0,10620.0,446492.0
2026-09-22 10:00:00+09:00,10630.0,11000.0,10570.0,10900.0,1419053.0
2026-09-22 10:10:00+09:00,10910.0,11160.0,10780.0,10780.0,2147300.0
2026-09-22 10:20:00+09:00,10790.0,10920.0,10700.0,10890.0,584523.0
2026-09-22 10:30:00+09:00,10890.0,10970.0,10730.0,10730.0,411424.0
2026-09-22 10:40:00+09:00,10740.0,10930.0,10690.0,10710.0,365113.0
2026-09-22 10:50:00+09:00,10710.0,10750.0,10600.0,10620.0,322744.0
2026-09-22 11:00:00+09:00,10610.0,10700.0,10610.0,10670.0,148824.0
2026-09-22 11:10:00+09:00,10660.0,10670.0,10580.0,10620.0,181850.0
2026-09-22 11:20:00+09:00,10620.0,10690.0,10620.0,10640.0,130057.0
2026-09-22 11:30:00+09:00,10650.0,10690.0,10620.0,10630.0,140799.0
2026-09-22 11:40:00+09:00,10620.0,10640.0,10550.0,10570.0,184748.0
2026-09-22 11:50:00+09:00,10570.0,10620.0,10550.0,10615.0,117266.0
2026-09-22 12:00:00+09:00,10615.0,10650.0,10570.0,10590.0,108227.0
2026-09-22 12:10:00+09:00,10590.0,10640.0,10560.0,10630.0,116485.0
2026-09-22 12:20:00+09:00,10630.0,10700.0,10610.0,10670.0,161468.0
2026-09-22 12:30:00+09:00,10670.0,10760.0,10650.0,10690.0,193538.0
2026-09-22 12:40:00+09:00,10690.0,10720.0,10660.0,10660.0,127876.0
2026-09-22 12:50:00+09:00,10660.0,10680.0,10590.0,10590.0,153484.0
2026-09-22 13:00:00+09:00,10590.0,10610.0,10560.0,10570.0,140169.0
2026-09-22 13:10:00+09:00,10575.0,10620.0,10550.0,10600.0,150490.0
2026-09-22 13:20:00+09:00,10590.0,10610.0,10540.0,10550.0,166034.0
2026-09-22 13:30:00+09:00,10550.0,10550.0,10450.0,10470.0,287310.0
2026-09-22 13:40:00+09:00,10480.0,10490.0,10350.0,10380.0,296459.0
2026-09-22 13:50:00+09:00,10390.0,10450.0,10370.0,10410.0,230299.0
2026-09-22 14:00:00+09:00,10380.0,10520.0,10380.0,10510.0,173135.0
2026-09-22 14:10:00+09:00,10510.0,10570.0,10480.0,10490.0,161217.0
2026-09-22 14:20:00+09:00,10480.0,10520.0,10420.0,10500.0,183619.0
2026-09-22 14:30:00+09:00,10490.0,10570.0,10440.0,10530.0,169706.0
2026-09-22 14:40:00+09:00,10520.0,10610.0,10500.0,10600.0,192030.0
2026-09-22 14:50:00+09:00,10600.0,10620.0,10560.0,10560.0,178072.0
2026-09-23 09:00:00+09:00,10710.0,10900.0,10260.0,10360.0,864447.0
2026-09-23 09:10:00+09:00,10360.0,10540.0,10330.0,10470.0,406964.0
2026-09-23 09:20:00+09:00,10480.0,10620.0,10420.0,10490.0,273804.0
2026-09-23 09:30:00+09:00,10490.0,10530.0,10350.0,10370.0,239340.0
2026-09-23 09:40:00+09:00,10360.0,10490.0,10320.0,10400.0,180331.0
2026-09-23 09:50:00+09:00,10390.0,10480.0,10360.0,10370.0,124804.0
2026-09-23 10:00:00+09:00,10370.0,10410.0,10300.0,10310.0,170564.0
2026-09-23 10:10:00+09:00,10320.0,10360.0,10320.0,10340.0,21334.0
2026-09-23 10:20:00+09:00,10340.0,10440.0,10340.0,10440.0,117003.0
2026-09-23 10:30:00+09:00,10430.0,10450.0,10320.0,10330.0,104650.0
2026-09-23 10:40:00+09:00,10330.0,10420.0,10320.0,10380.0,111279.0
2026-09-23 10:50:00+09:00,10380.0,10390.0,10260.0,10310.0,238816.0
2026-09-23 11:00:00+09:00,10300.0,10360.0,10290.0,10320.0,77782.0
2026-09-23 11:10:00+09:00,10320.0,10370.0,10300.0,10330.0,83191.0
2026-09-23 11:20:00+09:00,10330.0,10420.0,10320.0,10360.0,91802.0
2026-09-23 11:30:00+09:00,10370.0,10410.0,10360.0,10380.0,87076.0
2026-09-23 11:40:00+09:00,10380.0,10440.0,10370.0,10420.0,70844.0
2026-09-23 11:50:00+09:00,10420.0,10460.0,10370.0,10380.0,88535.0
2026-09-23 12:00:00+09:00,10380.0,10440.0,10360.0,10390.0,59946.0
2026-09-23 12:10:00+09:00,10390.0,10430.0,10360.0,10410.0,54086.0
2026-09-23 12:20:00+09:00,10410.0,10450.0,10390.0,10430.0,59614.0
2026-09-23 12:30:00+09:00,10425.0,10470.0,10420.0,10420.0,67326.0
2026-09-23 12:40:00+09:00,10430.0,10470.0,10380.0,10410.0,193531.0
2026-09-23 12:50:00+09:00,10440.0,10450.0,10370.0,10380.0,64393.0
2026-09-23 13:00:00+09:00,10370.0,10430.0,10360.0,10430.0,71725.0
2026-09-23 13:10:00+09:00,10420.0,10440.0,10380.0,10390.0,58934.0
2026-09-23 13:20:00+09:00,10390.0,10430.0,10350.0,10370.0,84891.0
2026-09-23 13:30:00+09:00,10360.0,10400.0,10350.0,10370.0,42070.0
2026-09-23 13:40:00+09:00,10350.0,10370.0,10320.0,10330.0,69555.0
2026-09-23 13:50:00+09:00,10320.0,10350.0,10300.0,10340.0,69847.0
2026-09-23 14:00:00+09:00,10290.0,10320.0,10260.0,10280.0,112208.0
2026-09-23 14:10:00+09:00,10280.0,10350.0,10280.0,10320.0,67094.0
2026-09-23 14:20:00+09:00,10310.0,10350.0,10300.0,10340.0,72879.0
2026-09-23 14:30:00+09:00,10340.0,10490.0,10330.0,10490.0,177983.0
2026-09-23 14:40:00+09:00,10480.0,10600.0,10480.0,10570.0,327571.0
2026-09-23 14:50:00+09:00,10560.0,10560.0,10480.0,10500.0,122927.0
