,Open,High,Low,Close,Volume
2026-06-29 09:00:00+09:00,485000.0,485500.0,451500.0,456000.0,5712.0
2026-06-29 09:10:00+09:00,456000.0,473000.0,454500.0,458500.0,7026.0
2026-06-29 09:20:00+09:00,458000.0,459500.0,445500.0,446000.0,7568.0
2026-06-29 09:30:00+09:00,446000.0,448500.0,437000.0,437000.0,9258.0
2026-06-29 09:40:00+09:00,437500.0,449500.0,437500.0,443000.0,6907.0
2026-06-29 09:50:00+09:00,443500.0,452000.0,442000.0,450000.0,3841.0
2026-06-29 10:00:00+09:00,450000.0,454500.0,445000.0,450500.0,3330.0
2026-06-29 10:10:00+09:00,449500.0,453500.0,441500.0,449000.0,6412.0
2026-06-29 10:20:00+09:00,449000.0,453750.0,445500.0,446000.0,4888.0
2026-06-29 10:30:00+09:00,447000.0,451000.0,444000.0,446500.0,4351.0
2026-06-29 10:40:00+09:00,447000.0,448000.0,441500.0,447000.0,5589.0
2026-06-29 10:50:00+09:00,447000.0,447500.0,441500.0,442000.0,3514.0
2026-06-29 11:00:00+09:00,441500.0,444500.0,434000.0,436500.0,7864.0
2026-06-29 11:10:00+09:00,436500.0,439000.0,432500.0,437500.0,7910.0
2026-06-29 11:20:00+09:00,438000.0,445500.0,436500.0,445000.0,3734.0
2026-06-29 11:30:00+09:00,445000.0,450500.0,443500.0,450000.0,5191.0
2026-06-29 11:40:00+09:00,450500.0,454000.0,449000.0,450500.0,2929.0
2026-06-29 11:50:00+09:00,451000.0,454000.0,448000.0,453000.0,2471.0
2026-06-29 12:00:00+09:00,452500.0,459500.0,451500.0,456500.0,4947.0
2026-06-29 12:10:00+09:00,456500.0,459500.0,455000.0,459500.0,3389.0
2026-06-29 12:20:00+09:00,459500.0,461000.0,456500.0,461000.0,2730.0
2026-06-29 12:30:00+09:00,461000.0,462000.0,457500.0,459500.0,3303.0
2026-06-29 12:40:00+09:00,459000.0,462500.0,458000.0,462500.0,2868.0
2026-06-29 12:50:00+09:00,462000.0,463500.0,457500.0,458500.0,2511.0
2026-06-29 13:00:00+09:00,458000.0,463000.0,456500.0,458000.0,3363.0
2026-06-29 13:10:00+09:00,458000.0,458000.0,449000.0,450000.0,3615.0
2026-06-29 13:20:00+09:00,449500.0,452000.0,446500.0,449000.0,2814.0
2026-06-29 13:30:00+09:00,449000.0,450500.0,440500.0,445000.0,4139.0
2026-06-29 13:40:00+09:00,445000.0,452000.0,443000.0,451000.0,3714.0
2026-06-29 13:50:00+09:00,451000.0,454000.0,446500.0,448000.0,3174.0
2026-06-29 14:00:00+09:00,448500.0,454500.0,447500.0,453000.0,2657.0
2026-06-29 14:10:00+09:00,453000.0,453500.0,449000.0,451500.0,2330.0
2026-06-29 14:20:00+09:00,451500.0,455500.0,450500.0,453000.0,2254.0
2026-06-29 14:30:00+09:00,452500.0,458000.0,451500.0,456500.0,2869.0
2026-06-29 14:40:00+09:00,457000.0,462500.0,455500.0,461500.0,5831.0
2026-06-29 14:50:00+09:00,461500.0,469000.0,461500.0,469000.0,7112.0
2026-06-30 09:00:00+09:00,470000.0,507000.0,465000.0,501000.0,16350.0
2026-06-30 09:10:00+09:00,501000.0,522000.0,499000.0,504000.0,10705.0
2026-06-30 09:20:00+09:00,503000.0,510000.0,499000.0,502000.0,7299.0
2026-06-30 09:30:00+09:00,502000.0,506000.0,494000.0,504000.0,6390.0
2026-06-30 09:40:00+09:00,506000.0,507000.0,493500.0,502000.0,4329.0
2026-06-30 09:50:00+09:00,502000.0,506000.0,498000.0,502000.0,4296.0
2026-06-30 10:00:00+09:00,502000.0,502000.0,470750.0,473500.0,12481.0
2026-06-30 10:10:00+09:00,473500.0,479500.0,472000.0,477500.0,11028.0
2026-06-30 10:20:00+09:00,477500.0,482500.0,470500.0,479000.0,11626.0
2026-06-30 10:30:00+09:00,479000.0,481500.0,471500.0,471500.0,12608.0
2026-06-30 10:40:00+09:00,471250.0,473000.0,468000.0,470500.0,10942.0
2026-06-30 10:50:00+09:00,470500.0,480000.0,469500.0,478500.0,11643.0
2026-06-30 11:00:00+09:00,479500.0,480000.0,472500.0,473000.0,9007.0
2026-06-30 11:10:00+09:00,473500.0,473500.0,469000.0,470500.0,10471.0
2026-06-30 11:20:00+09:00,470500.0,478000.0,470500.0,475500.0,10671.0
2026-06-30 11:30:00+09:00,475500.0,476500.0,472000.0,472500.0,9276.0
2026-06-30 11:40:00+09:00,472500.0,475000.0,471500.0,474500.0,8446.0
2026-06-30 11:50:00+09:00,474000.0,476500.0,471500.0,472500.0,8244.0
2026-06-30 12:00:00+09:00,473000.0,476000.0,471000.0,473500.0,8657.0
2026-06-30 12:10:00+09:00,475500.0,480000.0,474500.0,475000.0,7959.0
2026-06-30 12:20:00+09:00,475000.0,477500.0,473500.0,476000.0,7920.0
2026-06-30 12:30:00+09:00,475500.0,483000.0,474500.0,481500.0,10002.0
2026-06-30 12:40:00+09:00,482000.0,485500.0,481000.0,483500.0,8474.0
2026-06-30 12:50:00+09:00,483500.0,487000.0,481000.0,481500.0,8941.0
2026-06-30 13:00:00+09:00,481500.0,482500.0,471500.0,476000.0,15551.0
2026-06-30 13:10:00+09:00,476000.0,476500.0,471500.0,473000.0,9995.0
2026-06-30 13:20:00+09:00,473000.0,474500.0,469500.0,472000.0,11816.0
2026-06-30 13:30:00+09:00,471500.0,475500.0,470500.0,473500.0,11317.0
2026-06-30 13:40:00+09:00,474000.0,474500.0,470000.0,472000.0,11323.0
2026-06-30 13:50:00+09:00,471500.0,474000.0,469000.0,471500.0,11133.0
2026-06-30 14:00:00+09:00,471000.0,475500.0,470500.0,472500.0,12073.0
2026-06-30 14:10:00+09:00,472500.0,474500.0,470000.0,471000.0,10606.0
2026-06-30 14:20:00+09:00,471000.0,477000.0,470500.0,475500.0,11708.0
2026-06-30 14:30:00+09:00,474500.0,475500.0,468500.0,471000.0,18567.0
2026-06-30 14:40:00+09:00,470500.0,477500.0,470000.0,475000.0,18451.0
2026-06-30 14:50:00+09:00,475000.0,475500.0,470000.0,471500.0,17020.0
2026-07-01 09:00:00+09:00,493500.0,501000.0,476000.0,485500.0,16497.0
2026-07-01 09:10:00+09:00,486000.0,490500.0,483000.0,488000.0,6647.0
2026-07-01 09:20:00+09:00,487500.0,492000.0,478500.0,489500.0,9507.0
2026-07-01 09:30:00+09:00,489000.0,518000.0,489000.0,515000.0,17643.0
2026-07-01 09:40:00+09:00,514000.0,521000.0,510000.0,519000.0,11508.0
2026-07-01 09:50:00+09:00,519000.0,525000.0,517000.0,522000.0,7913.0
2026-07-01 10:00:00+09:00,522000.0,522000.0,488500.0,493000.0,20910.0
2026-07-01 10:10:00+09:00,493000.0,493000.0,475000.0,475500.0,17968.0
2026-07-01 10:20:00+09:00,476000.0,482000.0,474000.0,478500.0,13733.0
2026-07-01 10:30:00+09:00,478500.0,481500.0,471500.0,473500.0,12357.0
2026-07-01 10:40:00+09:00,473000.0,473500.0,462500.0,464000.0,16344.0
2026-07-01 10:50:00+09:00,464000.0,468500.0,459500.0,462500.0,14128.0
2026-07-01 11:00:00+09:00,462000.0,462000.0,449500.0,452500.0,16572.0
2026-07-01 11:10:00+09:00,453000.0,455500.0,448000.0,449500.0,14807.0
2026-07-01 11:20:00+09:00,449500.0,453000.0,442500.0,444500.0,15432.0
2026-07-01 11:30:00+09:00,445000.0,454000.0,436500.0,454000.0,18146.0
2026-07-01 11:40:00+09:00,454500.0,455500.0,446500.0,451000.0,12883.0
2026-07-01 11:50:00+09:00,449500.0,452000.0,442000.0,443000.0,11921.0
2026-07-01 12:00:00+09:00,443500.0,450500.0,442000.0,446500.0,11656.0
2026-07-01 12:10:00+09:00,446000.0,449500.0,444500.0,446500.0,13305.0
2026-07-01 12:20:00+09:00,447000.0,448500.0,440500.0,441000.0,11106.0
2026-07-01 12:30:00+09:00,441000.0,451000.0,440500.0,448000.0,13354.0
2026-07-01 12:40:00+09:00,448000.0,449000.0,444000.0,448500.0,11618.0
2026-07-01 12:50:00+09:00,448500.0,451500.0,446500.0,448000.0,12082.0
2026-07-01 13:00:00+09:00,448000.0,448500.0,441000.0,442000.0,12631.0
2026-07-01 13:10:00+09:00,441500.0,443500.0,438000.0,439000.0,11399.0
2026-07-01 13:20:00+09:00,440000.0,442000.0,437500.0,440500.0,11034.0
2026-07-01 13:30:00+09:00,440500.0,442500.0,437500.0,438000.0,11720.0
2026-07-01 13:40:00+09:00,438000.0,441000.0,436500.0,438500.0,11592.0
2026-07-01 13:50:00+09:00,438000.0,439000.0,433000.0,435000.0,14563.0
2026-07-01 14:00:00+09:00,435500.0,438500.0,432500.0,436000.0,12591.0
2026-07-01 14:10:00+09:00,436000.0,436500.0,432000.0,432500.0,12538.0
2026-07-01 14:20:00+09:00,432000.0,434500.0,429500.0,432000.0,14900.0
2026-07-01 14:30:00+09:00,432000.0,434000.0,430000.0,431000.0,12266.0
2026-07-01 14:40:00+09:00,431000.0,437000.0,431000.0,433000.0,14687.0
2026-07-01 14:50:00+09:00,433000.0,443000.0,432000.0,442000.0,15264.0
2026-07-02 09:00:00+09:00,425500.0,425500.0,406000.0,407000.0,11939.0
2026-07-02 09:10:00+09:00,408500.0,411000.0,401500.0,401500.0,9476.0
2026-07-02 09:20:00+09:00,401500.0,410500.0,399000.0,408000.0,12743.0
2026-07-02 09:30:00+09:00,408000.0,414000.0,403500.0,412000.0,4582.0
2026-07-02 09:40:00+09:00,412000.0,414000.0,405000.0,413000.0,8591.0
2026-07-02 09:50:00+09:00,413000.0,415500.0,411000.0,414000.0,4006.0
2026-07-02 10:00:00+09:00,413000.0,413000.0,401000.0,410000.0,12283.0
2026-07-02 10:10:00+09:00,410000.0,412000.0,405000.0,409000.0,8255.0
2026-07-02 10:20:00+09:00,410000.0,414000.0,408500.0,411500.0,7828.0
2026-07-02 10:30:00+09:00,412000.0,413000.0,405000.0,406500.0,7131.0
2026-07-02 10:40:00+09:00,405500.0,409500.0,403500.0,407000.0,7494.0
2026-07-02 10:50:00+09:00,408500.0,411500.0,405500.0,407500.0,7077.0
2026-07-02 11:00:00+09:00,407500.0,409000.0,401000.0,403500.0,7472.0
2026-07-02 11:10:00+09:00,403500.0,405500.0,400500.0,401000.0,7077.0
2026-07-02 11:20:00+09:00,401500.0,402000.0,398500.0,400000.0,9653.0
2026-07-02 11:30:00+09:00,400000.0,401000.0,398000.0,398000.0,6816.0
2026-07-02 11:40:00+09:00,398500.0,400500.0,395500.0,396500.0,7665.0
2026-07-02 11:50:00+09:00,395500.0,397500.0,393500.0,396500.0,9253.0
2026-07-02 12:00:00+09:00,396500.0,397000.0,391000.0,391500.0,7842.0
2026-07-02 12:10:00+09:00,391500.0,393500.0,389000.0,391000.0,8082.0
2026-07-02 12:20:00+09:00,391000.0,392500.0,385000.0,385500.0,8011.0
2026-07-02 12:30:00+09:00,385000.0,389500.0,383500.0,387500.0,10234.0
2026-07-02 12:40:00+09:00,388500.0,396000.0,386500.0,395000.0,5791.0
2026-07-02 12:50:00+09:00,395500.0,397000.0,386500.0,388000.0,9326.0
2026-07-02 13:00:00+09:00,388500.0,392000.0,386500.0,386500.0,6486.0
2026-07-02 13:10:00+09:00,387000.0,388000.0,385000.0,386000.0,7632.0
2026-07-02 13:20:00+09:00,386500.0,389500.0,384500.0,387000.0,6933.0
2026-07-02 13:30:00+09:00,387500.0,387500.0,384000.0,385000.0,7180.0
2026-07-02 13:40:00+09:00,385000.0,386000.0,383500.0,384500.0,7749.0
2026-07-02 13:50:00+09:00,385000.0,390500.0,384500.0,389000.0,8397.0
2026-07-02 14:00:00+09:00,389000.0,393500.0,388000.0,391500.0,8142.0
2026-07-02 14:10:00+09:00,392500.0,393500.0,388000.0,389000.0,7371.0
2026-07-02 14:20:00+09:00,388500.0,390000.0,386000.0,387000.0,7385.0
2026-07-02 14:30:00+09:00,386000.0,389500.0,385500.0,387000.0,7907.0
2026-07-02 14:40:00+09:00,387000.0,389500.0,383500.0,385000.0,11425.0
2026-07-02 14:50:00+09:00,385000.0,388000.0,383000.0,386500.0,13709.0
2026-07-03 09:00:00+09:00,385500.0,395000.0,384000.0,390500.0,17857.0
2026-07-03 09:10:00+09:00,391000.0,392000.0,380000.0,381500.0,9273.0
2026-07-03 09:20:00+09:00,380500.0,383000.0,375000.0,376000.0,7461.0
2026-07-03 09:30:00+09:00,378000.0,383000.0,371000.0,381000.0,8308.0
2026-07-03 09:40:00+09:00,380500.0,380500.0,370000.0,372000.0,5440.0
2026-07-03 09:50:00+09:00,372000.0,372500.0,360500.0,361000.0,8702.0
2026-07-03 10:00:00+09:00,361000.0,374000.0,359500.0,373500.0,10489.0
2026-07-03 10:10:00+09:00,373500.0,376000.0,370500.0,374500.0,4323.0
2026-07-03 10:20:00+09:00,375000.0,379500.0,375000.0,376500.0,3606.0
2026-07-03 10:30:00+09:00,376500.0,378500.0,373500.0,378500.0,3003.0
2026-07-03 10:40:00+09:00,378500.0,379000.0,374000.0,378000.0,3360.0
2026-07-03 10:50:00+09:00,377000.0,379500.0,375500.0,376500.0,3102.0
2026-07-03 11:00:00+09:00,376000.0,383500.0,374500.0,383000.0,2743.0
2026-07-03 11:10:00+09:00,383000.0,383000.0,375000.0,376000.0,2918.0
2026-07-03 11:20:00+09:00,375500.0,378500.0,375000.0,377000.0,1400.0
2026-07-03 11:30:00+09:00,376500.0,378000.0,374500.0,376000.0,1878.0
2026-07-03 11:40:00+09:00,376000.0,376500.0,372500.0,375500.0,2004.0
2026-07-03 11:50:00+09:00,376000.0,378500.0,374500.0,377500.0,1260.0
2026-07-03 12:00:00+09:00,377000.0,377000.0,371500.0,372000.0,1815.0
2026-07-03 12:10:00+09:00,372500.0,373500.0,370500.0,373000.0,1280.0
2026-07-03 12:20:00+09:00,372500.0,375500.0,372000.0,375500.0,1458.0
2026-07-03 12:30:00+09:00,376000.0,376000.0,371500.0,372500.0,1351.0
2026-07-03 12:40:00+09:00,372500.0,374000.0,370500.0,372500.0,1808.0
2026-07-03 12:50:00+09:00,373500.0,376500.0,372000.0,376500.0,745.0
2026-07-03 13:00:00+09:00,376500.0,378500.0,374500.0,377500.0,2207.0
2026-07-03 13:10:00+09:00,378000.0,384500.0,376000.0,384000.0,4405.0
2026-07-03 13:20:00+09:00,384000.0,384500.0,380500.0,382000.0,2465.0
2026-07-03 13:30:00+09:00,382500.0,384000.0,381000.0,383500.0,3419.0
2026-07-03 13:40:00+09:00,383000.0,386500.0,383000.0,386000.0,2209.0
2026-07-03 13:50:00+09:00,386000.0,394500.0,385500.0,392500.0,3302.0
2026-07-03 14:00:00+09:00,392500.0,394000.0,390500.0,392000.0,4280.0
2026-07-03 14:10:00+09:00,392000.0,394000.0,390000.0,392500.0,3009.0
2026-07-03 14:20:00+09:00,393000.0,393000.0,389500.0,390500.0,3229.0
2026-07-03 14:30:00+09:00,390000.0,393500.0,390000.0,392000.0,2922.0
2026-07-03 14:40:00+09:00,392000.0,394000.0,384500.0,386000.0,5292.0
2026-07-03 14:50:00+09:00,385500.0,391500.0,385500.0,389000.0,3504.0
2026-07-06 09:00:00+09:00,392500.0,408000.0,385500.0,407000.0,3503.0
2026-07-06 09:10:00+09:00,407000.0,407000.0,388000.0,390000.0,3713.0
2026-07-06 09:20:00+09:00,389000.0,395000.0,388000.0,392000.0,6591.0
2026-07-06 09:30:00+09:00,391500.0,399000.0,390500.0,396000.0,3217.0
2026-07-06 09:40:00+09:00,395000.0,395000.0,385500.0,386000.0,2952.0
2026-07-06 09:50:00+09:00,386000.0,387500.0,383500.0,387500.0,1913.0
2026-07-06 10:00:00+09:00,388000.0,389500.0,385000.0,386000.0,2180.0
2026-07-06 10:10:00+09:00,387000.0,392500.0,385000.0,391000.0,2888.0
2026-07-06 10:20:00+09:00,391500.0,392000.0,383000.0,383500.0,2013.0
2026-07-06 10:30:00+09:00,383500.0,387500.0,383500.0,385500.0,1320.0
2026-07-06 10:40:00+09:00,385000.0,388000.0,383000.0,384000.0,2523.0
2026-07-06 10:50:00+09:00,383500.0,387500.0,381500.0,386500.0,3237.0
2026-07-06 11:00:00+09:00,387000.0,389000.0,383000.0,383500.0,1519.0
2026-07-06 11:10:00+09:00,383500.0,383500.0,379500.0,381500.0,1925.0
2026-07-06 11:20:00+09:00,380500.0,382000.0,379000.0,379500.0,1203.0
2026-07-06 11:30:00+09:00,379500.0,382000.0,378500.0,380500.0,2122.0
2026-07-06 11:40:00+09:00,380500.0,380500.0,377500.0,379000.0,1755.0
2026-07-06 11:50:00+09:00,379000.0,383500.0,378500.0,383500.0,1592.0
2026-07-06 12:00:00+09:00,383500.0,385000.0,381500.0,382000.0,1133.0
2026-07-06 12:10:00+09:00,382500.0,385000.0,382500.0,383500.0,896.0
2026-07-06 12:20:00+09:00,383500.0,385000.0,382000.0,383500.0,704.0
2026-07-06 12:30:00+09:00,384000.0,386000.0,382000.0,385000.0,1932.0
2026-07-06 12:40:00+09:00,385000.0,385000.0,381500.0,382500.0,753.0
2026-07-06 12:50:00+09:00,382000.0,383000.0,381000.0,382500.0,868.0
2026-07-06 13:00:00+09:00,382000.0,382000.0,379500.0,379500.0,1458.0
2026-07-06 13:10:00+09:00,380000.0,385000.0,379000.0,384000.0,712.0
2026-07-06 13:20:00+09:00,383500.0,388000.0,383500.0,387000.0,743.0
2026-07-06 13:30:00+09:00,387500.0,392000.0,385000.0,391000.0,1928.0
2026-07-06 13:40:00+09:00,390500.0,395000.0,389500.0,392500.0,1825.0
2026-07-06 13:50:00+09:00,392500.0,397500.0,392000.0,396000.0,1696.0
2026-07-06 14:00:00+09:00,396000.0,400000.0,391500.0,395000.0,2600.0
2026-07-06 14:10:00+09:00,395500.0,397000.0,394000.0,395500.0,1024.0
2026-07-06 14:20:00+09:00,395500.0,399000.0,394000.0,395000.0,1140.0
2026-07-06 14:30:00+09:00,394000.0,395500.0,392000.0,394000.0,1757.0
2026-07-06 14:40:00+09:00,394500.0,397000.0,391500.0,392500.0,1872.0
2026-07-06 14:50:00+09:00,392500.0,398500.0,392500.0,397000.0,1939.0
2026-07-07 09:00:00+09:00,389000.0,406500.0,389000.0,396500.0,9464.0
2026-07-07 09:10:00+09:00,396000.0,398500.0,388500.0,395500.0,6927.0
2026-07-07 09:20:00+09:00,395500.0,402000.0,394500.0,398500.0,4603.0
2026-07-07 09:30:00+09:00,398500.0,399000.0,389000.0,390000.0,3350.0
2026-07-07 09:40:00+09:00,389500.0,395500.0,383000.0,386500.0,5311.0
2026-07-07 09:50:00+09:00,386500.0,390000.0,384500.0,387000.0,3074.0
2026-07-07 10:00:00+09:00,387500.0,389000.0,382000.0,382000.0,1999.0
2026-07-07 10:10:00+09:00,382500.0,386500.0,381000.0,382000.0,2224.0
2026-07-07 10:20:00+09:00,382000.0,382500.0,375000.0,377000.0,2969.0
2026-07-07 10:30:00+09:00,377000.0,382000.0,374500.0,380500.0,5606.0
2026-07-07 10:40:00+09:00,380500.0,387500.0,379000.0,387000.0,3124.0
2026-07-07 10:50:00+09:00,387000.0,388000.0,381000.0,382000.0,2218.0
2026-07-07 11:00:00+09:00,381000.0,383500.0,381000.0,382000.0,1379.0
2026-07-07 11:10:00+09:00,382500.0,382500.0,380000.0,381500.0,1067.0
2026-07-07 11:20:00+09:00,381500.0,381500.0,378000.0,378000.0,840.0
2026-07-07 11:30:00+09:00,378000.0,380000.0,376500.0,378500.0,1259.0
2026-07-07 11:40:00+09:00,378000.0,378500.0,376000.0,377000.0,758.0
2026-07-07 11:50:00+09:00,376500.0,377000.0,374000.0,375000.0,3021.0
2026-07-07 12:00:00+09:00,375500.0,378000.0,375000.0,375500.0,1350.0
2026-07-07 12:10:00+09:00,376000.0,377500.0,373500.0,374000.0,810.0
2026-07-07 12:20:00+09:00,374000.0,375000.0,372000.0,372000.0,2579.0
2026-07-07 12:30:00+09:00,372500.0,374000.0,371500.0,372000.0,1235.0
2026-07-07 12:40:00+09:00,371500.0,371500.0,368500.0,368500.0,1074.0
2026-07-07 12:50:00+09:00,368500.0,369500.0,366500.0,368000.0,1363.0
2026-07-07 13:00:00+09:00,368000.0,369000.0,364500.0,365500.0,2821.0
2026-07-07 13:10:00+09:00,366000.0,367500.0,363000.0,363500.0,1109.0
2026-07-07 13:20:00+09:00,363500.0,365000.0,361500.0,364000.0,1445.0
2026-07-07 13:30:00+09:00,364000.0,366000.0,361500.0,364500.0,2373.0
2026-07-07 13:40:00+09:00,363500.0,364500.0,361500.0,363000.0,3334.0
2026-07-07 13:50:00+09:00,363000.0,364500.0,362000.0,362000.0,872.0
2026-07-07 14:00:00+09:00,362000.0,365500.0,361000.0,362500.0,1749.0
2026-07-07 14:10:00+09:00,362000.0,365000.0,361000.0,365000.0,1612.0
2026-07-07 14:20:00+09:00,363000.0,369500.0,362000.0,367500.0,2459.0
2026-07-07 14:30:00+09:00,367500.0,369500.0,362500.0,364000.0,3498.0
2026-07-07 14:40:00+09:00,364000.0,367000.0,363000.0,364500.0,3809.0
2026-07-07 14:50:00+09:00,364500.0,370000.0,363500.0,369500.0,3811.0
2026-07-08 09:00:00+09:00,354000.0,362000.0,348000.0,356500.0,6214.0
2026-07-08 09:10:00+09:00,356500.0,362500.0,353000.0,356500.0,3896.0
2026-07-08 09:20:00+09:00,356000.0,368500.0,356000.0,364000.0,3417.0
2026-07-08 09:30:00+09:00,364000.0,364500.0,355500.0,360500.0,2298.0
2026-07-08 09:40:00+09:00,360000.0,365500.0,359000.0,359500.0,2541.0
2026-07-08 09:50:00+09:00,359500.0,366000.0,357000.0,362500.0,2080.0
2026-07-08 10:00:00+09:00,362500.0,362500.0,355000.0,357000.0,2097.0
2026-07-08 10:10:00+09:00,357000.0,361000.0,354500.0,356000.0,1493.0
2026-07-08 10:20:00+09:00,356000.0,358000.0,352500.0,355500.0,1657.0
2026-07-08 10:30:00+09:00,355500.0,358000.0,350000.0,350500.0,2220.0
2026-07-08 10:40:00+09:00,351000.0,352500.0,348500.0,350000.0,2471.0
2026-07-08 10:50:00+09:00,349500.0,351000.0,347500.0,348000.0,1809.0
2026-07-08 11:00:00+09:00,348000.0,349000.0,342500.0,345500.0,3191.0
2026-07-08 11:10:00+09:00,345000.0,349500.0,344000.0,348500.0,2509.0
2026-07-08 11:20:00+09:00,348000.0,350500.0,343000.0,349500.0,1893.0
2026-07-08 11:30:00+09:00,349500.0,350000.0,346500.0,349000.0,2199.0
2026-07-08 11:40:00+09:00,349000.0,351500.0,348500.0,350000.0,2449.0
2026-07-08 11:50:00+09:00,350000.0,350000.0,346000.0,348000.0,1730.0
2026-07-08 12:00:00+09:00,348000.0,351500.0,347000.0,351000.0,2642.0
2026-07-08 12:10:00+09:00,351000.0,354500.0,350000.0,354500.0,2496.0
2026-07-08 12:20:00+09:00,353000.0,356500.0,352500.0,356000.0,1763.0
2026-07-08 12:30:00+09:00,356000.0,356500.0,353000.0,353000.0,1468.0
2026-07-08 12:40:00+09:00,352500.0,353500.0,351500.0,352000.0,1345.0
2026-07-08 12:50:00+09:00,352500.0,353000.0,350000.0,352000.0,1559.0
2026-07-08 13:00:00+09:00,351000.0,352500.0,349000.0,350000.0,2340.0
2026-07-08 13:10:00+09:00,349500.0,351500.0,347000.0,349500.0,3895.0
2026-07-08 13:20:00+09:00,349500.0,351500.0,346000.0,347500.0,3546.0
2026-07-08 13:30:00+09:00,348000.0,348000.0,340500.0,342000.0,2817.0
2026-07-08 13:40:00+09:00,342500.0,343500.0,340000.0,341000.0,1843.0
2026-07-08 13:50:00+09:00,340500.0,345500.0,339500.0,344500.0,3403.0
2026-07-08 14:00:00+09:00,344500.0,348000.0,342500.0,345000.0,2798.0
2026-07-08 14:10:00+09:00,344500.0,345500.0,340500.0,340500.0,2089.0
2026-07-08 14:20:00+09:00,342000.0,344500.0,340500.0,341500.0,2796.0
2026-07-08 14:30:00+09:00,342000.0,343500.0,339000.0,339000.0,2996.0
2026-07-08 14:40:00+09:00,339500.0,343000.0,338000.0,339500.0,3192.0
2026-07-08 14:50:00+09:00,340000.0,344500.0,339000.0,342000.0,5624.0
2026-07-09 09:00:00+09:00,348000.0,354000.0,345000.0,349000.0,6584.0
2026-07-09 09:10:00+09:00,350000.0,350500.0,345500.0,346500.0,2960.0
2026-07-09 09:20:00+09:00,346500.0,354000.0,346000.0,350500.0,9470.0
2026-07-09 09:30:00+09:00,351000.0,359000.0,348000.0,349500.0,9473.0
2026-07-09 09:40:00+09:00,349500.0,354500.0,346500.0,351500.0,5060.0
2026-07-09 09:50:00+09:00,352000.0,353000.0,347000.0,351000.0,3510.0
2026-07-09 10:00:00+09:00,351000.0,355500.0,350000.0,354500.0,4539.0
2026-07-09 10:10:00+09:00,355000.0,360000.0,355000.0,360000.0,2802.0
2026-07-09 10:20:00+09:00,360000.0,362500.0,355500.0,358000.0,3730.0
2026-07-09 10:30:00+09:00,356500.0,359000.0,352500.0,354500.0,4025.0
2026-07-09 10:40:00+09:00,355000.0,358500.0,353000.0,356000.0,1698.0
2026-07-09 10:50:00+09:00,356500.0,358500.0,348500.0,349500.0,3163.0
2026-07-09 11:00:00+09:00,349000.0,350500.0,345000.0,348500.0,3652.0
2026-07-09 11:10:00+09:00,348000.0,351000.0,346500.0,349500.0,3074.0
2026-07-09 11:20:00+09:00,350500.0,352500.0,347500.0,350000.0,1610.0
2026-07-09 11:30:00+09:00,350000.0,351000.0,345500.0,348000.0,1817.0
2026-07-09 11:40:00+09:00,347500.0,348000.0,343000.0,343000.0,1986.0
2026-07-09 11:50:00+09:00,343000.0,343000.0,339000.0,340000.0,3561.0
2026-07-09 12:00:00+09:00,340000.0,341500.0,336500.0,339000.0,2206.0
2026-07-09 12:10:00+09:00,339000.0,339000.0,335500.0,337000.0,2812.0
2026-07-09 12:20:00+09:00,338000.0,345000.0,337000.0,345000.0,3320.0
2026-07-09 12:30:00+09:00,345000.0,350500.0,345000.0,347000.0,2118.0
2026-07-09 12:40:00+09:00,346500.0,351000.0,345500.0,348000.0,1890.0
2026-07-09 12:50:00+09:00,348000.0,352000.0,348000.0,350000.0,2063.0
2026-07-09 13:00:00+09:00,349000.0,350500.0,347000.0,347000.0,1552.0
2026-07-09 13:10:00+09:00,348000.0,348500.0,343500.0,344000.0,2113.0
2026-07-09 13:20:00+09:00,344500.0,344500.0,341000.0,342000.0,1460.0
2026-07-09 13:30:00+09:00,342500.0,346000.0,342000.0,344000.0,1174.0
2026-07-09 13:40:00+09:00,344000.0,345000.0,341500.0,342000.0,2057.0
2026-07-09 13:50:00+09:00,342500.0,345500.0,342000.0,345000.0,1333.0
2026-07-09 14:00:00+09:00,345000.0,346000.0,340500.0,342500.0,1893.0
2026-07-09 14:10:00+09:00,342500.0,347500.0,342000.0,342500.0,2497.0
2026-07-09 14:20:00+09:00,344000.0,344500.0,341000.0,342500.0,1545.0
2026-07-09 14:30:00+09:00,343000.0,346500.0,340000.0,345000.0,2058.0
2026-07-09 14:40:00+09:00,344500.0,347000.0,343000.0,347000.0,1940.0
2026-07-09 14:50:00+09:00,346500.0,350000.0,346000.0,349500.0,2151.0
2026-07-10 09:00:00+09:00,358000.0,368000.0,352500.0,353500.0,8509.0
2026-07-10 09:10:00+09:00,353000.0,361000.0,349500.0,360000.0,8881.0
2026-07-10 09:20:00+09:00,360000.0,363500.0,357500.0,360000.0,8177.0
2026-07-10 09:30:00+09:00,359500.0,364500.0,358000.0,360500.0,4138.0
2026-07-10 09:40:00+09:00,359500.0,370500.0,359500.0,366000.0,3657.0
2026-07-10 09:50:00+09:00,366500.0,371500.0,366000.0,369000.0,3869.0
2026-07-10 10:00:00+09:00,369000.0,374000.0,368500.0,372500.0,2693.0
2026-07-10 10:10:00+09:00,373000.0,379500.0,372000.0,378000.0,5479.0
2026-07-10 10:20:00+09:00,378000.0,385500.0,375500.0,384500.0,8452.0
2026-07-10 10:30:00+09:00,384000.0,385500.0,379000.0,382000.0,3266.0
2026-07-10 10:40:00+09:00,382000.0,383500.0,379000.0,382500.0,3051.0
2026-07-10 10:50:00+09:00,382500.0,383500.0,376000.0,380000.0,3464.0
2026-07-10 11:00:00+09:00,380500.0,380500.0,374500.0,374500.0,3686.0
2026-07-10 11:10:00+09:00,375000.0,375500.0,370000.0,372500.0,3175.0
2026-07-10 11:20:00+09:00,373000.0,376000.0,372000.0,374000.0,2511.0
2026-07-10 11:30:00+09:00,374500.0,380000.0,373500.0,378500.0,2830.0
2026-07-10 11:40:00+09:00,378000.0,378500.0,374500.0,375500.0,1631.0
2026-07-10 11:50:00+09:00,375000.0,376500.0,374000.0,376000.0,2000.0
2026-07-10 12:00:00+09:00,376500.0,376500.0,374000.0,374000.0,1689.0
2026-07-10 12:10:00+09:00,374000.0,375500.0,373000.0,374000.0,1293.0
2026-07-10 12:20:00+09:00,374000.0,374000.0,371000.0,371000.0,1348.0
2026-07-10 12:30:00+09:00,371500.0,373500.0,370000.0,373000.0,2006.0
2026-07-10 12:40:00+09:00,373000.0,377500.0,373000.0,377000.0,1584.0
2026-07-10 12:50:00+09:00,376500.0,378000.0,374500.0,375000.0,3865.0
2026-07-10 13:00:00+09:00,375000.0,377000.0,373500.0,375500.0,2229.0
2026-07-10 13:10:00+09:00,375500.0,378000.0,373000.0,374000.0,2977.0
2026-07-10 13:20:00+09:00,374500.0,377500.0,373500.0,377000.0,1525.0
2026-07-10 13:30:00+09:00,377000.0,386500.0,376000.0,386000.0,5387.0
2026-07-10 13:40:00+09:00,386000.0,391000.0,385500.0,389000.0,11865.0
2026-07-10 13:50:00+09:00,389000.0,390500.0,386500.0,387500.0,6749.0
2026-07-10 14:00:00+09:00,387500.0,388000.0,379000.0,380500.0,9596.0
2026-07-10 14:10:00+09:00,380500.0,385000.0,380500.0,384500.0,5435.0
2026-07-10 14:20:00+09:00,384500.0,386500.0,382500.0,382500.0,5439.0
2026-07-10 14:30:00+09:00,383000.0,386500.0,381500.0,384000.0,5903.0
2026-07-10 14:40:00+09:00,383500.0,388000.0,381500.0,386500.0,7806.0
2026-07-10 14:50:00+09:00,385500.0,387500.0,383500.0,385500.0,7593.0
2026-07-13 09:00:00+09:00,381000.0,399000.0,369000.0,399000.0,5881.0
2026-07-13 09:10:00+09:00,399500.0,404000.0,397000.0,399000.0,6926.0
2026-07-13 09:20:00+09:00,399000.0,409500.0,399000.0,405500.0,9848.0
2026-07-13 09:30:00+09:00,405500.0,406500.0,394500.0,397000.0,5753.0
2026-07-13 09:40:00+09:00,397000.0,400500.0,392000.0,397000.0,5401.0
2026-07-13 09:50:00+09:00,396500.0,398500.0,387500.0,389000.0,4257.0
2026-07-13 10:00:00+09:00,387500.0,392000.0,386000.0,387000.0,3235.0
2026-07-13 10:10:00+09:00,387500.0,392000.0,386500.0,386500.0,2344.0
2026-07-13 10:20:00+09:00,387000.0,387000.0,380000.0,382500.0,3348.0
2026-07-13 10:30:00+09:00,382500.0,389000.0,379500.0,388000.0,2976.0
2026-07-13 10:40:00+09:00,387500.0,389000.0,381000.0,382500.0,2040.0
2026-07-13 10:50:00+09:00,380500.0,382500.0,378500.0,380000.0,2327.0
2026-07-13 11:00:00+09:00,380000.0,380500.0,372500.0,376500.0,2350.0
2026-07-13 11:10:00+09:00,376500.0,382500.0,376500.0,382000.0,2170.0
2026-07-13 11:20:00+09:00,382000.0,385500.0,380500.0,380500.0,1561.0
2026-07-13 11:30:00+09:00,381000.0,381000.0,376000.0,377000.0,1221.0
2026-07-13 11:40:00+09:00,377000.0,380500.0,376000.0,378000.0,1185.0
2026-07-13 11:50:00+09:00,378000.0,379000.0,374000.0,374500.0,1312.0
2026-07-13 12:00:00+09:00,375500.0,375500.0,371500.0,373500.0,1620.0
2026-07-13 12:10:00+09:00,373500.0,374000.0,371000.0,374000.0,1439.0
2026-07-13 12:20:00+09:00,374000.0,376000.0,371000.0,371500.0,1304.0
2026-07-13 12:30:00+09:00,373000.0,375000.0,370000.0,372000.0,1997.0
2026-07-13 12:40:00+09:00,372000.0,372000.0,367000.0,370000.0,3146.0
2026-07-13 12:50:00+09:00,370000.0,371500.0,368000.0,369500.0,1796.0
2026-07-13 13:00:00+09:00,369500.0,370500.0,365500.0,367500.0,2678.0
2026-07-13 13:10:00+09:00,367000.0,368000.0,365500.0,367500.0,1775.0
2026-07-13 13:20:00+09:00,367000.0,368000.0,365000.0,366500.0,1473.0
2026-07-13 13:30:00+09:00,366000.0,368000.0,365000.0,367000.0,1047.0
2026-07-13 13:40:00+09:00,367000.0,367500.0,364500.0,366000.0,1987.0
2026-07-13 13:50:00+09:00,366000.0,369500.0,365500.0,367000.0,2039.0
2026-07-13 14:00:00+09:00,367000.0,372000.0,366000.0,371500.0,2467.0
2026-07-13 14:10:00+09:00,371500.0,372500.0,367000.0,367500.0,1625.0
2026-07-13 14:20:00+09:00,368000.0,369000.0,363000.0,363000.0,2958.0
2026-07-13 14:30:00+09:00,365000.0,370000.0,363500.0,368500.0,2042.0
2026-07-13 14:40:00+09:00,369000.0,369500.0,361500.0,362500.0,4304.0
2026-07-13 14:50:00+09:00,362500.0,366000.0,361500.0,365500.0,5497.0
2026-07-14 09:00:00+09:00,364000.0,375500.0,353000.0,357000.0,8346.0
2026-07-14 09:10:00+09:00,357000.0,365000.0,350500.0,354000.0,10953.0
2026-07-14 09:20:00+09:00,354000.0,360000.0,348500.0,356500.0,6288.0
2026-07-14 09:30:00+09:00,356000.0,363500.0,353500.0,355000.0,3982.0
2026-07-14 09:40:00+09:00,355000.0,359500.0,351000.0,359000.0,5941.0
2026-07-14 09:50:00+09:00,358500.0,367000.0,358500.0,365000.0,2898.0
2026-07-14 10:00:00+09:00,365500.0,374000.0,365500.0,371000.0,4710.0
2026-07-14 10:10:00+09:00,371000.0,371500.0,367500.0,368500.0,2951.0
2026-07-14 10:20:00+09:00,368000.0,371500.0,363500.0,365500.0,3379.0
2026-07-14 10:30:00+09:00,365500.0,367000.0,360000.0,360500.0,1493.0
2026-07-14 10:40:00+09:00,361000.0,362000.0,356500.0,357500.0,2851.0
2026-07-14 10:50:00+09:00,357000.0,358000.0,351000.0,352000.0,3112.0
2026-07-14 11:00:00+09:00,352000.0,355500.0,349500.0,353000.0,2504.0
2026-07-14 11:10:00+09:00,353500.0,356000.0,351500.0,352500.0,2012.0
2026-07-14 11:20:00+09:00,353000.0,353000.0,347500.0,349500.0,2848.0
2026-07-14 11:30:00+09:00,350000.0,352000.0,345500.0,351500.0,2883.0
2026-07-14 11:40:00+09:00,351500.0,354000.0,349000.0,351500.0,1947.0
2026-07-14 11:50:00+09:00,351500.0,351500.0,347000.0,349000.0,1018.0
2026-07-14 12:00:00+09:00,349000.0,350000.0,345500.0,346500.0,2053.0
2026-07-14 12:10:00+09:00,347000.0,347000.0,339500.0,341500.0,4052.0
2026-07-14 12:20:00+09:00,342000.0,343000.0,337500.0,343000.0,2653.0
2026-07-14 12:30:00+09:00,343000.0,348000.0,343000.0,346500.0,2570.0
2026-07-14 12:40:00+09:00,347000.0,351500.0,343500.0,350000.0,2751.0
2026-07-14 12:50:00+09:00,350000.0,352000.0,346500.0,349000.0,2025.0
2026-07-14 13:00:00+09:00,349000.0,352000.0,346000.0,347500.0,1793.0
2026-07-14 13:10:00+09:00,347500.0,348500.0,344000.0,346500.0,873.0
2026-07-14 13:20:00+09:00,346500.0,352000.0,345500.0,351500.0,1280.0
2026-07-14 13:30:00+09:00,352000.0,357000.0,349500.0,355500.0,1325.0
2026-07-14 13:40:00+09:00,356500.0,358500.0,353000.0,357000.0,1477.0
2026-07-14 13:50:00+09:00,357000.0,358500.0,356000.0,356500.0,1544.0
2026-07-14 14:00:00+09:00,356500.0,360000.0,354500.0,359500.0,2122.0
2026-07-14 14:10:00+09:00,360000.0,360000.0,356000.0,360000.0,1849.0
2026-07-14 14:20:00+09:00,360000.0,362500.0,357500.0,360500.0,2064.0
2026-07-14 14:30:00+09:00,360500.0,362500.0,358000.0,361000.0,1849.0
2026-07-14 14:40:00+09:00,361000.0,361000.0,356000.0,357000.0,2136.0
2026-07-14 14:50:00+09:00,357500.0,357500.0,354500.0,354500.0,2235.0
2026-07-15 09:00:00+09:00,378000.0,378500.0,366500.0,371500.0,10215.0
2026-07-15 09:10:00+09:00,370000.0,376000.0,366500.0,367000.0,9646.0
2026-07-15 09:20:00+09:00,366500.0,375500.0,366000.0,372000.0,5845.0
2026-07-15 09:30:00+09:00,371500.0,374500.0,369500.0,374500.0,2804.0
2026-07-15 09:40:00+09:00,374500.0,377000.0,372000.0,375000.0,2394.0
2026-07-15 09:50:00+09:00,374500.0,378000.0,374000.0,377500.0,1720.0
2026-07-15 10:00:00+09:00,377500.0,378000.0,373000.0,375000.0,2477.0
2026-07-15 10:10:00+09:00,374500.0,380000.0,373500.0,379500.0,2410.0
2026-07-15 10:20:00+09:00,379000.0,386000.0,376500.0,377000.0,6152.0
2026-07-15 10:30:00+09:00,376500.0,376500.0,369500.0,372000.0,5007.0
2026-07-15 10:40:00+09:00,371500.0,372000.0,366000.0,368000.0,2891.0
2026-07-15 10:50:00+09:00,368500.0,374500.0,368000.0,373000.0,3761.0
2026-07-15 11:00:00+09:00,373000.0,377000.0,372500.0,376500.0,2885.0
2026-07-15 11:10:00+09:00,376000.0,382500.0,375000.0,378000.0,3371.0
2026-07-15 11:20:00+09:00,377500.0,383000.0,376000.0,382500.0,3122.0
2026-07-15 11:30:00+09:00,382500.0,383000.0,380500.0,381500.0,2248.0
2026-07-15 11:40:00+09:00,381500.0,386000.0,381500.0,385000.0,4589.0
2026-07-15 11:50:00+09:00,385000.0,386500.0,382500.0,383000.0,2700.0
2026-07-15 12:00:00+09:00,382500.0,385000.0,381500.0,383500.0,1479.0
2026-07-15 12:10:00+09:00,383500.0,385000.0,383000.0,384000.0,1399.0
2026-07-15 12:20:00+09:00,384000.0,387000.0,384000.0,386500.0,1921.0
2026-07-15 12:30:00+09:00,387000.0,387000.0,384500.0,384500.0,1208.0
2026-07-15 12:40:00+09:00,384500.0,386000.0,383000.0,383500.0,1280.0
2026-07-15 12:50:00+09:00,385000.0,386000.0,384000.0,384000.0,1451.0
2026-07-15 13:00:00+09:00,384500.0,388000.0,384500.0,384500.0,1781.0
2026-07-15 13:10:00+09:00,385000.0,386000.0,383000.0,383000.0,1620.0
2026-07-15 13:20:00+09:00,383000.0,384500.0,381000.0,381000.0,1635.0
2026-07-15 13:30:00+09:00,381000.0,387000.0,381000.0,386000.0,2449.0
2026-07-15 13:40:00+09:00,386000.0,386000.0,383500.0,385500.0,1598.0
2026-07-15 13:50:00+09:00,385000.0,386000.0,383000.0,384500.0,1989.0
2026-07-15 14:00:00+09:00,385000.0,386000.0,379000.0,380500.0,2723.0
2026-07-15 14:10:00+09:00,380500.0,384000.0,380000.0,383000.0,3645.0
2026-07-15 14:20:00+09:00,382500.0,383500.0,379000.0,380500.0,2378.0
2026-07-15 14:30:00+09:00,380000.0,386500.0,378500.0,386500.0,3500.0
2026-07-15 14:40:00+09:00,386000.0,387500.0,383500.0,386000.0,4359.0
2026-07-15 14:50:00+09:00,386000.0,388000.0,384500.0,387500.0,3253.0
2026-07-16 09:00:00+09:00,371000.0,372500.0,364500.0,365500.0,9704.0
2026-07-16 09:10:00+09:00,365500.0,367000.0,354500.0,355000.0,5902.0
2026-07-16 09:20:00+09:00,356000.0,357000.0,346500.0,347500.0,5620.0
2026-07-16 09:30:00+09:00,347500.0,359000.0,343500.0,346000.0,4325.0
2026-07-16 09:40:00+09:00,346000.0,349000.0,343500.0,348000.0,3642.0
2026-07-16 09:50:00+09:00,348000.0,349500.0,344250.0,345500.0,2665.0
2026-07-16 10:00:00+09:00,345500.0,349500.0,344000.0,345000.0,2903.0
2026-07-16 10:10:00+09:00,344500.0,345500.0,342000.0,342000.0,1737.0
2026-07-16 10:20:00+09:00,342250.0,349000.0,342000.0,344500.0,2792.0
2026-07-16 10:30:00+09:00,345000.0,351500.0,344500.0,349000.0,1679.0
2026-07-16 10:40:00+09:00,349000.0,350500.0,345500.0,349000.0,1889.0
2026-07-16 10:50:00+09:00,348500.0,352000.0,346000.0,346000.0,2134.0
2026-07-16 11:00:00+09:00,346250.0,347000.0,343500.0,344500.0,1212.0
2026-07-16 11:10:00+09:00,344500.0,347500.0,343000.0,347250.0,2238.0
2026-07-16 11:20:00+09:00,347250.0,350000.0,345500.0,349500.0,1669.0
2026-07-16 11:30:00+09:00,349500.0,351000.0,347000.0,347000.0,1899.0
2026-07-16 11:40:00+09:00,348000.0,350000.0,345500.0,347500.0,1645.0
2026-07-16 11:50:00+09:00,347500.0,350000.0,347000.0,348000.0,1374.0
2026-07-16 12:00:00+09:00,347500.0,350500.0,345500.0,347500.0,2299.0
2026-07-16 12:10:00+09:00,347500.0,347500.0,344500.0,344500.0,865.0
2026-07-16 12:20:00+09:00,344500.0,346500.0,341500.0,342000.0,2125.0
2026-07-16 12:30:00+09:00,342000.0,345000.0,341500.0,342500.0,1140.0
2026-07-16 12:40:00+09:00,342500.0,343500.0,340500.0,340500.0,2580.0
2026-07-16 12:50:00+09:00,341000.0,343500.0,340000.0,342500.0,1015.0
2026-07-16 13:00:00+09:00,343500.0,344000.0,340500.0,341500.0,2189.0
2026-07-16 13:10:00+09:00,341500.0,343500.0,340500.0,340500.0,1260.0
2026-07-16 13:20:00+09:00,341000.0,341500.0,340000.0,340500.0,1295.0
2026-07-16 13:30:00+09:00,340500.0,342500.0,340000.0,342500.0,1672.0
2026-07-16 13:40:00+09:00,342000.0,342500.0,340500.0,341500.0,1430.0
2026-07-16 13:50:00+09:00,341500.0,343000.0,340500.0,341500.0,1439.0
2026-07-16 14:00:00+09:00,341500.0,344000.0,341000.0,344000.0,1748.0
2026-07-16 14:10:00+09:00,344000.0,352500.0,343000.0,352000.0,2692.0
2026-07-16 14:20:00+09:00,352000.0,360000.0,351000.0,357500.0,6980.0
2026-07-16 14:30:00+09:00,357500.0,385000.0,348000.0,348500.0,3661.0
2026-07-16 14:40:00+09:00,348500.0,351500.0,346000.0,346000.0,3004.0
2026-07-16 14:50:00+09:00,346500.0,347500.0,344500.0,345000.0,4211.0
2026-07-20 09:00:00+09:00,325000.0,343500.0,320500.0,342000.0,2526.0
2026-07-20 09:10:00+09:00,343000.0,343000.0,333500.0,334500.0,4534.0
2026-07-20 09:20:00+09:00,335000.0,340500.0,333500.0,336000.0,3370.0
2026-07-20 09:30:00+09:00,335500.0,335500.0,327500.0,331500.0,3724.0
2026-07-20 09:40:00+09:00,331500.0,334500.0,323500.0,324500.0,4525.0
2026-07-20 09:50:00+09:00,324500.0,325000.0,320000.0,321000.0,3844.0
2026-07-20 10:00:00+09:00,321000.0,322500.0,316000.0,319000.0,7620.0
2026-07-20 10:10:00+09:00,319000.0,320500.0,313000.0,313000.0,6460.0
2026-07-20 10:20:00+09:00,313500.0,317500.0,313000.0,314000.0,5422.0
2026-07-20 10:30:00+09:00,314500.0,314500.0,309500.0,312000.0,9275.0
2026-07-20 10:40:00+09:00,312000.0,312000.0,310000.0,310000.0,4643.0
2026-07-20 10:50:00+09:00,310500.0,313500.0,307000.0,309500.0,8111.0
2026-07-20 11:00:00+09:00,310000.0,312500.0,309500.0,310000.0,4321.0
2026-07-20 11:10:00+09:00,310500.0,310500.0,302500.0,306500.0,5860.0
2026-07-20 11:20:00+09:00,306500.0,307000.0,304000.0,305000.0,4102.0
2026-07-20 11:30:00+09:00,305500.0,308500.0,304500.0,305500.0,4267.0
2026-07-20 11:40:00+09:00,305500.0,308500.0,305000.0,307000.0,4451.0
2026-07-20 11:50:00+09:00,307000.0,307500.0,305000.0,305500.0,3014.0
2026-07-20 12:00:00+09:00,305500.0,307000.0,304000.0,304500.0,3870.0
2026-07-20 12:10:00+09:00,304500.0,305500.0,303500.0,303500.0,3968.0
2026-07-20 12:20:00+09:00,303500.0,304500.0,302500.0,303500.0,2837.0
2026-07-20 12:30:00+09:00,303500.0,304000.0,302000.0,303000.0,3696.0
2026-07-20 12:40:00+09:00,303000.0,303500.0,302000.0,302500.0,3780.0
2026-07-20 12:50:00+09:00,303000.0,306500.0,302000.0,304000.0,4633.0
2026-07-20 13:00:00+09:00,304000.0,305500.0,302500.0,302500.0,3054.0
2026-07-20 13:10:00+09:00,302500.0,303500.0,300500.0,300500.0,4314.0
2026-07-20 13:20:00+09:00,300500.0,305500.0,300500.0,305000.0,5540.0
2026-07-20 13:30:00+09:00,305000.0,309000.0,304000.0,307500.0,5077.0
2026-07-20 13:40:00+09:00,308000.0,310500.0,306500.0,310500.0,4186.0
2026-07-20 13:50:00+09:00,310000.0,310500.0,306500.0,307000.0,3777.0
2026-07-20 14:00:00+09:00,307000.0,307500.0,305000.0,306000.0,3614.0
2026-07-20 14:10:00+09:00,306000.0,308000.0,305000.0,306500.0,5401.0
2026-07-20 14:20:00+09:00,306500.0,307500.0,305000.0,306000.0,5257.0
2026-07-20 14:30:00+09:00,306000.0,306000.0,304500.0,304500.0,4998.0
2026-07-20 14:40:00+09:00,305000.0,305500.0,302500.0,304500.0,10996.0
2026-07-20 14:50:00+09:00,304500.0,308000.0,304000.0,306000.0,10116.0
2026-07-21 09:00:00+09:00,312500.0,312500.0,297000.0,298500.0,16344.0
2026-07-21 09:10:00+09:00,299000.0,302000.0,296500.0,301500.0,6252.0
2026-07-21 09:20:00+09:00,301000.0,305000.0,296500.0,299500.0,19591.0
2026-07-21 09:30:00+09:00,299500.0,305500.0,298000.0,304500.0,4747.0
2026-07-21 09:40:00+09:00,304500.0,307000.0,302500.0,306000.0,4422.0
2026-07-21 09:50:00+09:00,305750.0,307000.0,301000.0,302000.0,5925.0
2026-07-21 10:00:00+09:00,302000.0,307000.0,300500.0,306500.0,4055.0
2026-07-21 10:10:00+09:00,306500.0,307500.0,304500.0,306500.0,2939.0
2026-07-21 10:20:00+09:00,305500.0,305500.0,302000.0,304500.0,3863.0
2026-07-21 10:30:00+09:00,305000.0,311000.0,304500.0,309500.0,2449.0
2026-07-21 10:40:00+09:00,309500.0,310000.0,306000.0,307500.0,1414.0
2026-07-21 10:50:00+09:00,308000.0,311000.0,304000.0,304500.0,1561.0
2026-07-21 11:00:00+09:00,304500.0,307000.0,303500.0,303500.0,1611.0
2026-07-21 11:10:00+09:00,303500.0,305000.0,302500.0,302500.0,2221.0
2026-07-21 11:20:00+09:00,303000.0,306000.0,302500.0,304500.0,1132.0
2026-07-21 11:30:00+09:00,304500.0,309000.0,304500.0,309000.0,1739.0
2026-07-21 11:40:00+09:00,308500.0,310000.0,307500.0,309000.0,2816.0
2026-07-21 11:50:00+09:00,309000.0,310000.0,307500.0,309000.0,1210.0
2026-07-21 12:00:00+09:00,309000.0,312500.0,309000.0,310000.0,2604.0
2026-07-21 12:10:00+09:00,310500.0,312500.0,310000.0,311500.0,1931.0
2026-07-21 12:20:00+09:00,311000.0,311500.0,309000.0,309500.0,1599.0
2026-07-21 12:30:00+09:00,309500.0,311500.0,309000.0,311500.0,1699.0
2026-07-21 12:40:00+09:00,311000.0,314000.0,310500.0,312500.0,3210.0
2026-07-21 12:50:00+09:00,313000.0,316000.0,312500.0,315500.0,2123.0
2026-07-21 13:00:00+09:00,315500.0,316500.0,314000.0,315000.0,2268.0
2026-07-21 13:10:00+09:00,315000.0,316500.0,314500.0,316000.0,1564.0
2026-07-21 13:20:00+09:00,315000.0,316000.0,313000.0,314500.0,2171.0
2026-07-21 13:30:00+09:00,314500.0,315000.0,313000.0,314000.0,2205.0
2026-07-21 13:40:00+09:00,313500.0,314500.0,311500.0,313000.0,2569.0
2026-07-21 13:50:00+09:00,312500.0,313000.0,309500.0,309500.0,1931.0
2026-07-21 14:00:00+09:00,310000.0,311500.0,309500.0,311000.0,1688.0
2026-07-21 14:10:00+09:00,311000.0,311000.0,307000.0,308000.0,2269.0
2026-07-21 14:20:00+09:00,308000.0,313000.0,307500.0,312000.0,2579.0
2026-07-21 14:30:00+09:00,312500.0,313000.0,310500.0,312000.0,1993.0
2026-07-21 14:40:00+09:00,312000.0,317500.0,311500.0,317500.0,5403.0
2026-07-21 14:50:00+09:00,317250.0,317500.0,315000.0,316500.0,5831.0
2026-07-22 09:00:00+09:00,330000.0,340000.0,327500.0,337500.0,7133.0
2026-07-22 09:10:00+09:00,336000.0,338500.0,333500.0,335000.0,4582.0
2026-07-22 09:20:00+09:00,335000.0,337000.0,330500.0,330500.0,2469.0
2026-07-22 09:30:00+09:00,331000.0,333500.0,329000.0,332500.0,2726.0
2026-07-22 09:40:00+09:00,331500.0,332500.0,327000.0,328000.0,2518.0
2026-07-22 09:50:00+09:00,329000.0,330000.0,325500.0,329000.0,3225.0
2026-07-22 10:00:00+09:00,329500.0,331500.0,327000.0,331000.0,2536.0
2026-07-22 10:10:00+09:00,331000.0,331500.0,328500.0,330000.0,2043.0
2026-07-22 10:20:00+09:00,330500.0,331000.0,328000.0,328000.0,1014.0
2026-07-22 10:30:00+09:00,328000.0,328500.0,326000.0,326500.0,1806.0
2026-07-22 10:40:00+09:00,326500.0,330000.0,323500.0,330000.0,1971.0
2026-07-22 10:50:00+09:00,329500.0,329500.0,325500.0,325500.0,1061.0
2026-07-22 11:00:00+09:00,326000.0,326000.0,324500.0,325500.0,1266.0
2026-07-22 11:10:00+09:00,325000.0,326000.0,324000.0,325000.0,1319.0
2026-07-22 11:20:00+09:00,325000.0,326500.0,325000.0,326500.0,838.0
2026-07-22 11:30:00+09:00,326000.0,327000.0,323500.0,324000.0,1028.0
2026-07-22 11:40:00+09:00,324000.0,326000.0,321500.0,322500.0,1722.0
2026-07-22 11:50:00+09:00,322500.0,323000.0,319500.0,320000.0,1111.0
2026-07-22 12:00:00+09:00,320000.0,321500.0,319000.0,319000.0,1707.0
2026-07-22 12:10:00+09:00,319000.0,319750.0,317500.0,318500.0,1805.0
2026-07-22 12:20:00+09:00,318500.0,322000.0,318000.0,322000.0,2184.0
2026-07-22 12:30:00+09:00,322000.0,322000.0,319000.0,320000.0,1790.0
2026-07-22 12:40:00+09:00,320500.0,322500.0,319500.0,321500.0,1349.0
2026-07-22 12:50:00+09:00,321500.0,321500.0,319000.0,320000.0,1616.0
2026-07-22 13:00:00+09:00,320000.0,321500.0,320000.0,321000.0,827.0
2026-07-22 13:10:00+09:00,321000.0,321500.0,319000.0,321500.0,2306.0
2026-07-22 13:20:00+09:00,321500.0,323000.0,321000.0,321500.0,1472.0
2026-07-22 13:30:00+09:00,321500.0,321500.0,318500.0,318500.0,1395.0
2026-07-22 13:40:00+09:00,319000.0,320000.0,317000.0,318000.0,4703.0
2026-07-22 13:50:00+09:00,318000.0,319000.0,316000.0,319000.0,2254.0
2026-07-22 14:00:00+09:00,319000.0,319000.0,315000.0,316000.0,2354.0
2026-07-22 14:10:00+09:00,316000.0,317000.0,314000.0,315000.0,3229.0
2026-07-22 14:20:00+09:00,315000.0,315000.0,312000.0,313000.0,3574.0
2026-07-22 14:30:00+09:00,313000.0,315000.0,311000.0,313500.0,6118.0
2026-07-22 14:40:00+09:00,313000.0,314500.0,311000.0,312000.0,4087.0
2026-07-22 14:50:00+09:00,312000.0,313500.0,311000.0,312000.0,3754.0
2026-07-23 09:00:00+09:00,312000.0,321500.0,311000.0,317000.0,5295.0
2026-07-23 09:10:00+09:00,317500.0,320500.0,313500.0,319500.0,2656.0
2026-07-23 09:20:00+09:00,319500.0,321000.0,317500.0,319000.0,3092.0
2026-07-23 09:30:00+09:00,319000.0,319000.0,316500.0,317500.0,1871.0
2026-07-23 09:40:00+09:00,317500.0,321000.0,316500.0,319000.0,3590.0
2026-07-23 09:50:00+09:00,319500.0,319500.0,316000.0,317000.0,3015.0
2026-07-23 10:00:00+09:00,316500.0,318000.0,313000.0,317500.0,2463.0
2026-07-23 10:10:00+09:00,317250.0,321000.0,317000.0,319000.0,1943.0
2026-07-23 10:20:00+09:00,318500.0,319500.0,316500.0,318500.0,1309.0
2026-07-23 10:30:00+09:00,318500.0,320000.0,316000.0,317500.0,1837.0
2026-07-23 10:40:00+09:00,318000.0,319000.0,313500.0,313500.0,1827.0
2026-07-23 10:50:00+09:00,313500.0,317000.0,313500.0,314000.0,1494.0
2026-07-23 11:00:00+09:00,314500.0,318500.0,313000.0,317000.0,1842.0
2026-07-23 11:10:00+09:00,317500.0,317500.0,313000.0,313500.0,2545.0
2026-07-23 11:20:00+09:00,314000.0,314000.0,310500.0,311500.0,1671.0
2026-07-23 11:30:00+09:00,312000.0,313500.0,310500.0,311000.0,1611.0
2026-07-23 11:40:00+09:00,311000.0,314500.0,309000.0,313500.0,3788.0
2026-07-23 11:50:00+09:00,313500.0,315500.0,313000.0,314500.0,1302.0
2026-07-23 12:00:00+09:00,314500.0,315000.0,313000.0,313750.0,1191.0
2026-07-23 12:10:00+09:00,314000.0,314500.0,312000.0,314500.0,1369.0
2026-07-23 12:20:00+09:00,314500.0,316500.0,313500.0,316500.0,1570.0
2026-07-23 12:30:00+09:00,316000.0,319000.0,314500.0,319000.0,1482.0
2026-07-23 12:40:00+09:00,318500.0,320500.0,318500.0,320500.0,828.0
2026-07-23 12:50:00+09:00,320500.0,324000.0,320000.0,324000.0,3516.0
2026-07-23 13:00:00+09:00,324000.0,326500.0,323000.0,324500.0,4814.0
2026-07-23 13:10:00+09:00,324500.0,327000.0,323500.0,325000.0,3765.0
2026-07-23 13:20:00+09:00,325000.0,327000.0,324000.0,326000.0,2364.0
2026-07-23 13:30:00+09:00,326000.0,326000.0,323500.0,324000.0,1282.0
2026-07-23 13:40:00+09:00,324000.0,325500.0,322500.0,324000.0,1468.0
2026-07-23 13:50:00+09:00,323000.0,326500.0,323000.0,325500.0,1694.0
2026-07-23 14:00:00+09:00,326000.0,326000.0,323500.0,325500.0,1331.0
2026-07-23 14:10:00+09:00,325500.0,325500.0,322500.0,324500.0,2284.0
2026-07-23 14:20:00+09:00,324000.0,326500.0,322500.0,325000.0,2734.0
2026-07-23 14:30:00+09:00,324000.0,329500.0,324000.0,328000.0,3961.0
2026-07-23 14:40:00+09:00,328000.0,329000.0,325500.0,326000.0,2236.0
2026-07-23 14:50:00+09:00,325500.0,327500.0,324000.0,327000.0,2300.0
2026-07-24 09:00:00+09:00,316500.0,320000.0,313000.0,313500.0,4582.0
2026-07-24 09:10:00+09:00,314000.0,315500.0,309500.0,309500.0,2657.0
2026-07-24 09:20:00+09:00,309500.0,313500.0,307000.0,308500.0,2092.0
2026-07-24 09:30:00+09:00,307500.0,308500.0,306000.0,307500.0,1334.0
2026-07-24 09:40:00+09:00,307500.0,308000.0,305000.0,305500.0,2011.0
2026-07-24 09:50:00+09:00,305500.0,307500.0,305000.0,306000.0,2082.0
2026-07-24 10:00:00+09:00,306000.0,310500.0,306000.0,309000.0,1802.0
2026-07-24 10:10:00+09:00,309000.0,309500.0,305000.0,306500.0,2603.0
2026-07-24 10:20:00+09:00,306500.0,311000.0,305500.0,308500.0,1644.0
2026-07-24 10:30:00+09:00,308500.0,310000.0,307000.0,307500.0,1001.0
2026-07-24 10:40:00+09:00,308000.0,308500.0,306000.0,306000.0,854.0
2026-07-24 10:50:00+09:00,306000.0,306500.0,304000.0,304000.0,1909.0
2026-07-24 11:00:00+09:00,304500.0,304500.0,303000.0,304000.0,784.0
2026-07-24 11:10:00+09:00,304000.0,305500.0,301000.0,301500.0,1781.0
2026-07-24 11:20:00+09:00,301500.0,301500.0,299500.0,300000.0,2569.0
2026-07-24 11:30:00+09:00,300500.0,302000.0,299000.0,299500.0,1772.0
2026-07-24 11:40:00+09:00,299500.0,300000.0,297500.0,298500.0,1553.0
2026-07-24 11:50:00+09:00,297500.0,299750.0,297000.0,297500.0,1260.0
2026-07-24 12:00:00+09:00,297000.0,298000.0,296000.0,296500.0,1019.0
2026-07-24 12:10:00+09:00,296500.0,298000.0,296000.0,296500.0,862.0
2026-07-24 12:20:00+09:00,297000.0,299000.0,296500.0,298000.0,574.0
2026-07-24 12:30:00+09:00,298000.0,298500.0,296500.0,298000.0,1286.0
2026-07-24 12:40:00+09:00,298000.0,299000.0,297500.0,298000.0,432.0
2026-07-24 12:50:00+09:00,298000.0,298000.0,295000.0,295500.0,1147.0
2026-07-24 13:00:00+09:00,295500.0,297500.0,295000.0,297000.0,1543.0
2026-07-24 13:10:00+09:00,297500.0,298000.0,295500.0,297500.0,700.0
2026-07-24 13:20:00+09:00,297500.0,300500.0,296500.0,299500.0,1092.0
2026-07-24 13:30:00+09:00,299500.0,300500.0,298500.0,298500.0,916.0
2026-07-24 13:40:00+09:00,298000.0,298500.0,296500.0,296500.0,1369.0
2026-07-24 13:50:00+09:00,296500.0,301000.0,296000.0,300500.0,1403.0
2026-07-24 14:00:00+09:00,301000.0,303500.0,298000.0,303500.0,1610.0
2026-07-24 14:10:00+09:00,303000.0,303500.0,300000.0,301500.0,1863.0
2026-07-24 14:20:00+09:00,301500.0,303500.0,300500.0,301500.0,1542.0
2026-07-24 14:30:00+09:00,301000.0,302500.0,300000.0,301000.0,1530.0
2026-07-24 14:40:00+09:00,301000.0,302000.0,297000.0,297000.0,3395.0
2026-07-24 14:50:00+09:00,297000.0,298500.0,296000.0,298000.0,3408.0
2026-07-27 09:00:00+09:00,304500.0,306500.0,299500.0,305000.0,1893.0
2026-07-27 09:10:00+09:00,305000.0,313500.0,300500.0,310500.0,4533.0
2026-07-27 09:20:00+09:00,310500.0,318500.0,310000.0,317500.0,2858.0
2026-07-27 09:30:00+09:00,317000.0,319000.0,313500.0,314500.0,2463.0
2026-07-27 09:40:00+09:00,314500.0,317500.0,310000.0,316500.0,2492.0
2026-07-27 09:50:00+09:00,317000.0,318500.0,314500.0,314500.0,2722.0
2026-07-27 10:00:00+09:00,314500.0,315500.0,310000.0,311000.0,2540.0
2026-07-27 10:10:00+09:00,311000.0,312500.0,305500.0,305500.0,1568.0
2026-07-27 10:20:00+09:00,306000.0,307000.0,303000.0,305500.0,1840.0
2026-07-27 10:30:00+09:00,304000.0,309000.0,303500.0,308000.0,3342.0
2026-07-27 10:40:00+09:00,308000.0,309500.0,306000.0,307500.0,2894.0
2026-07-27 10:50:00+09:00,308000.0,309500.0,304000.0,309000.0,2322.0
2026-07-27 11:00:00+09:00,309000.0,310000.0,304500.0,305000.0,1706.0
2026-07-27 11:10:00+09:00,305000.0,308000.0,304000.0,306000.0,1289.0
2026-07-27 11:20:00+09:00,306000.0,307500.0,304000.0,306500.0,1928.0
2026-07-27 11:30:00+09:00,306500.0,308000.0,303500.0,307000.0,956.0
2026-07-27 11:40:00+09:00,307000.0,307000.0,303000.0,303500.0,1415.0
2026-07-27 11:50:00+09:00,303500.0,305000.0,303000.0,303500.0,1242.0
2026-07-27 12:00:00+09:00,303000.0,305000.0,302000.0,302000.0,1063.0
2026-07-27 12:10:00+09:00,302500.0,306500.0,301500.0,306000.0,1036.0
2026-07-27 12:20:00+09:00,306500.0,307000.0,304000.0,305500.0,657.0
2026-07-27 12:30:00+09:00,304000.0,305000.0,303000.0,303500.0,678.0
2026-07-27 12:40:00+09:00,303500.0,306500.0,302500.0,303500.0,1161.0
2026-07-27 12:50:00+09:00,303500.0,304500.0,302500.0,302500.0,503.0
2026-07-27 13:00:00+09:00,303500.0,306500.0,302500.0,304500.0,1186.0
2026-07-27 13:10:00+09:00,303500.0,308500.0,303500.0,308000.0,787.0
2026-07-27 13:20:00+09:00,308000.0,308500.0,305500.0,305500.0,1321.0
2026-07-27 13:30:00+09:00,306500.0,307500.0,304500.0,307000.0,767.0
2026-07-27 13:40:00+09:00,307000.0,308500.0,306000.0,307500.0,937.0
2026-07-27 13:50:00+09:00,307000.0,308500.0,306500.0,306500.0,689.0
2026-07-27 14:00:00+09:00,306500.0,309000.0,306000.0,308500.0,952.0
2026-07-27 14:10:00+09:00,308500.0,309500.0,306500.0,308000.0,1091.0
2026-07-27 14:20:00+09:00,307500.0,309500.0,306500.0,308000.0,1825.0
2026-07-27 14:30:00+09:00,308000.0,310000.0,306000.0,309000.0,1477.0
2026-07-27 14:40:00+09:00,309500.0,310500.0,306500.0,307500.0,1536.0
2026-07-27 14:50:00+09:00,307500.0,309500.0,305000.0,307000.0,1580.0
2026-07-28 09:00:00+09:00,288500.0,289000.0,279500.0,280000.0,5618.0
2026-07-28 09:10:00+09:00,280000.0,284500.0,276500.0,280000.0,4018.0
2026-07-28 09:20:00+09:00,279500.0,281500.0,277500.0,279000.0,1804.0
2026-07-28 09:30:00+09:00,279000.0,279500.0,274500.0,276000.0,2580.0
2026-07-28 09:40:00+09:00,275500.0,277000.0,275000.0,276500.0,1324.0
2026-07-28 09:50:00+09:00,276500.0,277000.0,273500.0,275000.0,1417.0
2026-07-28 10:00:00+09:00,274500.0,277000.0,272500.0,272500.0,2399.0
2026-07-28 10:10:00+09:00,272500.0,273500.0,270500.0,271000.0,2273.0
2026-07-28 10:20:00+09:00,272000.0,275000.0,271000.0,274000.0,2341.0
2026-07-28 10:30:00+09:00,273500.0,277500.0,272500.0,273500.0,2117.0
2026-07-28 10:40:00+09:00,273500.0,277500.0,271500.0,277500.0,3188.0
2026-07-28 10:50:00+09:00,277000.0,277500.0,269500.0,269500.0,5555.0
2026-07-28 11:00:00+09:00,270000.0,271000.0,266500.0,270000.0,5997.0
2026-07-28 11:10:00+09:00,270000.0,270500.0,266000.0,268000.0,2856.0
2026-07-28 11:20:00+09:00,268000.0,270000.0,267000.0,267000.0,1337.0
2026-07-28 11:30:00+09:00,268000.0,270000.0,266500.0,269000.0,1841.0
2026-07-28 11:40:00+09:00,268500.0,270500.0,263500.0,269000.0,2558.0
2026-07-28 11:50:00+09:00,269000.0,270000.0,265000.0,266500.0,1705.0
2026-07-28 12:00:00+09:00,266500.0,267000.0,266000.0,266500.0,112.0
2026-07-28 12:30:00+09:00,266000.0,268000.0,262500.0,266000.0,5957.0
2026-07-28 12:40:00+09:00,265500.0,270000.0,265500.0,267000.0,1914.0
2026-07-28 12:50:00+09:00,266500.0,269500.0,266500.0,267500.0,1411.0
2026-07-28 13:00:00+09:00,267500.0,268500.0,266000.0,267000.0,1693.0
2026-07-28 13:10:00+09:00,266000.0,269000.0,266000.0,267500.0,1696.0
2026-07-28 13:20:00+09:00,267500.0,269500.0,266500.0,269500.0,2566.0
2026-07-28 13:30:00+09:00,268500.0,270000.0,267500.0,269500.0,2875.0
2026-07-28 13:40:00+09:00,268500.0,270500.0,268000.0,269000.0,1949.0
2026-07-28 13:50:00+09:00,268500.0,271000.0,266500.0,269500.0,3339.0
2026-07-28 14:00:00+09:00,269000.0,271000.0,268500.0,270000.0,2370.0
2026-07-28 14:10:00+09:00,270000.0,271500.0,267500.0,269000.0,3744.0
2026-07-28 14:20:00+09:00,268500.0,269500.0,266000.0,267000.0,3837.0
2026-07-28 14:30:00+09:00,267000.0,268000.0,264000.0,266000.0,5864.0
2026-07-28 14:40:00+09:00,266000.0,268500.0,257000.0,267500.0,8014.0
2026-07-28 14:50:00+09:00,267500.0,269500.0,266500.0,268000.0,8039.0
2026-07-29 09:00:00+09:00,272500.0,283000.0,267500.0,268000.0,3787.0
2026-07-29 09:10:00+09:00,269500.0,273000.0,267000.0,271500.0,6462.0
2026-07-29 09:20:00+09:00,271500.0,273500.0,265000.0,266500.0,3962.0
2026-07-29 09:30:00+09:00,267000.0,277000.0,263500.0,266500.0,11681.0
2026-07-29 09:40:00+09:00,266000.0,269000.0,264500.0,265500.0,4109.0
2026-07-29 09:50:00+09:00,265000.0,267000.0,263000.0,264000.0,3761.0
2026-07-29 10:00:00+09:00,264000.0,267000.0,263000.0,263500.0,3320.0
2026-07-29 10:10:00+09:00,263000.0,263500.0,256000.0,257500.0,5382.0
2026-07-29 10:20:00+09:00,257500.0,263000.0,257500.0,261500.0,4646.0
2026-07-29 10:30:00+09:00,261500.0,262000.0,257500.0,257500.0,3528.0
2026-07-29 10:40:00+09:00,257500.0,258500.0,251500.0,252000.0,4899.0
2026-07-29 10:50:00+09:00,252000.0,258500.0,248500.0,254000.0,6455.0
2026-07-29 11:00:00+09:00,254500.0,258000.0,251500.0,253500.0,7483.0
2026-07-29 11:10:00+09:00,254000.0,256000.0,249500.0,249500.0,6041.0
2026-07-29 11:20:00+09:00,249000.0,255500.0,249000.0,254500.0,5412.0
2026-07-29 11:30:00+09:00,254000.0,255500.0,249000.0,251500.0,4940.0
2026-07-29 11:40:00+09:00,251000.0,253000.0,247000.0,248000.0,4793.0
2026-07-29 11:50:00+09:00,248000.0,249000.0,242000.0,243000.0,4169.0
2026-07-29 12:00:00+09:00,243000.0,246500.0,239000.0,244500.0,4746.0
2026-07-29 12:10:00+09:00,245000.0,245000.0,239000.0,239500.0,2230.0
2026-07-29 12:40:00+09:00,243500.0,244000.0,239000.0,239500.0,1759.0
2026-07-29 12:50:00+09:00,240000.0,241000.0,236000.0,239500.0,5611.0
2026-07-29 13:00:00+09:00,240000.0,242500.0,236500.0,238000.0,11219.0
2026-07-29 13:10:00+09:00,238000.0,240000.0,232500.0,234000.0,5672.0
2026-07-29 13:20:00+09:00,235000.0,237500.0,231000.0,232000.0,6830.0
2026-07-29 13:30:00+09:00,233000.0,237000.0,230000.0,233500.0,4541.0
2026-07-29 13:40:00+09:00,233000.0,235000.0,230500.0,232500.0,3401.0
2026-07-29 13:50:00+09:00,232500.0,240000.0,232500.0,238000.0,3694.0
2026-07-29 14:00:00+09:00,238500.0,241000.0,236500.0,240000.0,2924.0
2026-07-29 14:10:00+09:00,240000.0,243000.0,237500.0,237500.0,2897.0
2026-07-29 14:20:00+09:00,237500.0,245000.0,237500.0,243000.0,3262.0
2026-07-29 14:30:00+09:00,243000.0,250000.0,243000.0,248000.0,6033.0
2026-07-29 14:40:00+09:00,248000.0,250000.0,232000.0,248000.0,9873.0
2026-07-29 14:50:00+09:00,247500.0,250000.0,242500.0,247000.0,11745.0
2026-07-30 09:00:00+09:00,237500.0,249000.0,237500.0,247500.0,9059.0
2026-07-30 09:10:00+09:00,247500.0,249000.0,241500.0,243000.0,7691.0
2026-07-30 09:20:00+09:00,242000.0,244500.0,236500.0,242000.0,7632.0
2026-07-30 09:30:00+09:00,242500.0,243500.0,236000.0,238000.0,5469.0
2026-07-30 09:40:00+09:00,237500.0,238500.0,233500.0,235000.0,4037.0
2026-07-30 09:50:00+09:00,235500.0,238000.0,233500.0,237500.0,4143.0
2026-07-30 10:00:00+09:00,238000.0,245000.0,234500.0,242000.0,7628.0
2026-07-30 10:10:00+09:00,241500.0,243500.0,237000.0,240000.0,4537.0
2026-07-30 10:20:00+09:00,240000.0,244000.0,239000.0,243500.0,3415.0
2026-07-30 10:30:00+09:00,244000.0,250500.0,243000.0,250000.0,5168.0
2026-07-30 10:40:00+09:00,249500.0,255000.0,249000.0,253000.0,3362.0
2026-07-30 10:50:00+09:00,253000.0,255000.0,246000.0,246000.0,4446.0
2026-07-30 11:00:00+09:00,245500.0,250000.0,245500.0,247500.0,3271.0
2026-07-30 11:10:00+09:00,248000.0,248500.0,242000.0,242500.0,3354.0
2026-07-30 11:20:00+09:00,242500.0,245000.0,241000.0,241500.0,2368.0
2026-07-30 11:30:00+09:00,241500.0,242000.0,238000.0,239500.0,2042.0
2026-07-30 11:40:00+09:00,239500.0,241500.0,237500.0,239000.0,3060.0
2026-07-30 11:50:00+09:00,239000.0,241500.0,236500.0,237500.0,2320.0
2026-07-30 12:00:00+09:00,237000.0,239000.0,236000.0,237000.0,2167.0
2026-07-30 12:10:00+09:00,237000.0,237000.0,234500.0,235500.0,2011.0
2026-07-30 12:20:00+09:00,235500.0,237500.0,234000.0,235500.0,1375.0
2026-07-30 12:30:00+09:00,236000.0,238500.0,235000.0,235500.0,1415.0
2026-07-30 12:40:00+09:00,235000.0,239500.0,235000.0,238500.0,1822.0
2026-07-30 12:50:00+09:00,238500.0,239500.0,237500.0,238500.0,1852.0
2026-07-30 13:00:00+09:00,238500.0,239500.0,237500.0,237500.0,1578.0
2026-07-30 13:10:00+09:00,238000.0,239500.0,237500.0,239000.0,2338.0
2026-07-30 13:20:00+09:00,239000.0,242000.0,238000.0,241000.0,3251.0
2026-07-30 13:30:00+09:00,241000.0,243000.0,240000.0,240500.0,2776.0
2026-07-30 13:40:00+09:00,240500.0,241000.0,238500.0,239000.0,2194.0
2026-07-30 13:50:00+09:00,238500.0,239500.0,237500.0,238000.0,1860.0
2026-07-30 14:00:00+09:00,237500.0,240000.0,237500.0,238500.0,1671.0
2026-07-30 14:10:00+09:00,239000.0,241000.0,236500.0,239500.0,3068.0
2026-07-30 14:20:00+09:00,239500.0,253000.0,239000.0,249000.0,10946.0
2026-07-30 14:30:00+09:00,248500.0,253000.0,244500.0,245000.0,17732.0
2026-07-30 14:40:00+09:00,244500.0,252500.0,244000.0,246500.0,14858.0
2026-07-30 14:50:00+09:00,246000.0,252000.0,240500.0,241500.0,10007.0
2026-07-31 09:00:00+09:00,267000.0,274000.0,263500.0,268000.0,6044.0
2026-07-31 09:10:00+09:00,268000.0,277500.0,268000.0,276000.0,12397.0
2026-07-31 09:20:00+09:00,276500.0,280500.0,272500.0,280500.0,7960.0
2026-07-31 09:30:00+09:00,281000.0,283500.0,279000.0,282500.0,6077.0
2026-07-31 09:40:00+09:00,282500.0,287000.0,281500.0,286500.0,9809.0
2026-07-31 09:50:00+09:00,286500.0,293500.0,285000.0,291000.0,11361.0
2026-07-31 10:00:00+09:00,291000.0,300500.0,288000.0,293500.0,16162.0
2026-07-31 10:10:00+09:00,293500.0,295500.0,291000.0,294000.0,6047.0
2026-07-31 10:20:00+09:00,293500.0,294000.0,283000.0,285000.0,3179.0
2026-07-31 10:30:00+09:00,285000.0,286000.0,278500.0,282500.0,2826.0
2026-07-31 10:40:00+09:00,284000.0,285000.0,280500.0,282500.0,2480.0
2026-07-31 10:50:00+09:00,282000.0,284500.0,280500.0,284000.0,1882.0
2026-07-31 11:00:00+09:00,284000.0,286500.0,280500.0,283500.0,2245.0
2026-07-31 11:10:00+09:00,284500.0,285000.0,277000.0,278000.0,3300.0
2026-07-31 11:20:00+09:00,278000.0,284000.0,277500.0,283500.0,1896.0
2026-07-31 11:30:00+09:00,283000.0,285000.0,280000.0,282000.0,1919.0
2026-07-31 11:40:00+09:00,282000.0,287500.0,281000.0,287500.0,11596.0
2026-07-31 11:50:00+09:00,287500.0,287500.0,282000.0,286500.0,4022.0
2026-07-31 12:00:00+09:00,286500.0,286500.0,281500.0,284000.0,3577.0
2026-07-31 12:10:00+09:00,283500.0,286000.0,281000.0,283500.0,1199.0
2026-07-31 12:20:00+09:00,283500.0,286500.0,282500.0,284000.0,842.0
2026-07-31 12:30:00+09:00,284000.0,284000.0,281000.0,283000.0,847.0
2026-07-31 12:40:00+09:00,282500.0,284000.0,281000.0,281500.0,977.0
2026-07-31 12:50:00+09:00,280500.0,283000.0,280000.0,282000.0,703.0
2026-07-31 13:00:00+09:00,282000.0,282500.0,279500.0,282000.0,1010.0
2026-07-31 13:10:00+09:00,282000.0,284500.0,281000.0,284000.0,1089.0
2026-07-31 13:20:00+09:00,284500.0,285000.0,283000.0,285000.0,1190.0
2026-07-31 13:30:00+09:00,284500.0,285000.0,282000.0,283500.0,1328.0
2026-07-31 13:40:00+09:00,283000.0,284500.0,282000.0,283500.0,1490.0
2026-07-31 13:50:00+09:00,283500.0,285000.0,283000.0,283500.0,2770.0
2026-07-31 14:00:00+09:00,284000.0,289500.0,283500.0,288500.0,4273.0
2026-07-31 14:10:00+09:00,289000.0,290500.0,285500.0,289000.0,3564.0
2026-07-31 14:20:00+09:00,289000.0,294000.0,288500.0,294000.0,3989.0
2026-07-31 14:30:00+09:00,293000.0,297500.0,289500.0,295000.0,8596.0
2026-07-31 14:40:00+09:00,293500.0,297500.0,293000.0,297000.0,8357.0
2026-07-31 14:50:00+09:00,296000.0,298000.0,293000.0,296500.0,7688.0
2026-08-03 09:00:00+09:00,283000.0,290000.0,280000.0,286000.0,4656.0
2026-08-03 09:10:00+09:00,285500.0,288500.0,280000.0,288000.0,6288.0
2026-08-03 09:20:00+09:00,288500.0,290500.0,284000.0,287500.0,5734.0
2026-08-03 09:30:00+09:00,287500.0,297000.0,286000.0,294000.0,6809.0
2026-08-03 09:40:00+09:00,294000.0,297000.0,292500.0,297000.0,4058.0
2026-08-03 09:50:00+09:00,296500.0,302000.0,295500.0,301000.0,4737.0
2026-08-03 10:00:00+09:00,301000.0,301500.0,297500.0,298000.0,3126.0
2026-08-03 10:10:00+09:00,298000.0,298500.0,295000.0,297000.0,2223.0
2026-08-03 10:20:00+09:00,297000.0,300000.0,296500.0,298000.0,2388.0
2026-08-03 10:30:00+09:00,297000.0,302000.0,297000.0,300500.0,3173.0
2026-08-03 10:40:00+09:00,299500.0,300500.0,297000.0,297500.0,1518.0
2026-08-03 10:50:00+09:00,297500.0,301000.0,296500.0,300500.0,1526.0
2026-08-03 11:00:00+09:00,300500.0,301500.0,297500.0,299500.0,1940.0
2026-08-03 11:10:00+09:00,299500.0,303500.0,299500.0,301500.0,1936.0
2026-08-03 11:20:00+09:00,301500.0,302000.0,297500.0,298000.0,1332.0
2026-08-03 11:30:00+09:00,298000.0,299000.0,297500.0,298000.0,920.0
2026-08-03 11:40:00+09:00,298500.0,299000.0,296000.0,296500.0,1152.0
2026-08-03 11:50:00+09:00,297000.0,299000.0,296500.0,297500.0,628.0
2026-08-03 12:00:00+09:00,297000.0,299000.0,296000.0,296500.0,1059.0
2026-08-03 12:10:00+09:00,297500.0,299000.0,296500.0,297500.0,686.0
2026-08-03 12:20:00+09:00,297500.0,298500.0,295500.0,297500.0,739.0
2026-08-03 12:30:00+09:00,297500.0,299500.0,296500.0,299000.0,1034.0
2026-08-03 12:40:00+09:00,299250.0,300500.0,296500.0,299000.0,830.0
2026-08-03 12:50:00+09:00,299000.0,301000.0,297000.0,297000.0,699.0
2026-08-03 13:00:00+09:00,297000.0,298000.0,295000.0,295000.0,1197.0
2026-08-03 13:10:00+09:00,295000.0,295500.0,293500.0,294500.0,1914.0
2026-08-03 13:20:00+09:00,294000.0,294500.0,292000.0,292000.0,1441.0
2026-08-03 13:30:00+09:00,292500.0,292500.0,290500.0,291000.0,1526.0
2026-08-03 13:40:00+09:00,291000.0,292500.0,290000.0,292000.0,1630.0
2026-08-03 13:50:00+09:00,292000.0,292500.0,290000.0,291500.0,1288.0
2026-08-03 14:00:00+09:00,291500.0,295000.0,290500.0,291500.0,1770.0
2026-08-03 14:10:00+09:00,292000.0,294000.0,290500.0,292500.0,1622.0
2026-08-03 14:20:00+09:00,292000.0,293500.0,290000.0,293000.0,2607.0
2026-08-03 14:30:00+09:00,292500.0,293000.0,291500.0,292000.0,1604.0
2026-08-03 14:40:00+09:00,291500.0,293000.0,291000.0,291000.0,1619.0
2026-08-03 14:50:00+09:00,291500.0,292000.0,290000.0,292000.0,2570.0
2026-08-04 09:00:00+09:00,298500.0,306500.0,275000.0,304000.0,10773.0
2026-08-04 09:10:00+09:00,304500.0,304500.0,294000.0,298500.0,3933.0
2026-08-04 09:20:00+09:00,298500.0,304000.0,297500.0,300000.0,4380.0
2026-08-04 09:30:00+09:00,300000.0,300500.0,294500.0,297000.0,5226.0
2026-08-04 09:40:00+09:00,297500.0,300000.0,294500.0,296500.0,3313.0
2026-08-04 09:50:00+09:00,296500.0,296500.0,291000.0,291500.0,2984.0
2026-08-04 10:00:00+09:00,291500.0,294500.0,289500.0,293000.0,2870.0
2026-08-04 10:10:00+09:00,293500.0,299000.0,293000.0,296500.0,3263.0
2026-08-04 10:20:00+09:00,296500.0,303000.0,296000.0,303000.0,2993.0
2026-08-04 10:30:00+09:00,302500.0,306500.0,301500.0,303000.0,4656.0
2026-08-04 10:40:00+09:00,303000.0,308000.0,302500.0,307000.0,3273.0
2026-08-04 10:50:00+09:00,306000.0,310500.0,305000.0,307000.0,3968.0
2026-08-04 11:00:00+09:00,307000.0,309000.0,301500.0,304500.0,2978.0
2026-08-04 11:10:00+09:00,304000.0,306500.0,302500.0,305500.0,2186.0
2026-08-04 11:20:00+09:00,305500.0,307000.0,303000.0,305500.0,2019.0
2026-08-04 11:30:00+09:00,305500.0,309000.0,301500.0,308500.0,1743.0
2026-08-04 11:40:00+09:00,308000.0,310000.0,307000.0,308500.0,2224.0
2026-08-04 11:50:00+09:00,308000.0,309500.0,306000.0,306000.0,1723.0
2026-08-04 12:00:00+09:00,305500.0,308000.0,304500.0,305500.0,1379.0
2026-08-04 12:10:00+09:00,306000.0,307000.0,303500.0,305500.0,1895.0
2026-08-04 12:20:00+09:00,305500.0,306000.0,304500.0,304500.0,1103.0
2026-08-04 12:30:00+09:00,304500.0,308500.0,304500.0,306000.0,1075.0
2026-08-04 12:40:00+09:00,306500.0,309000.0,304500.0,306500.0,1863.0
2026-08-04 12:50:00+09:00,307000.0,309500.0,306000.0,307500.0,1757.0
2026-08-04 13:00:00+09:00,307500.0,309000.0,306500.0,307500.0,1183.0
2026-08-04 13:10:00+09:00,307000.0,309500.0,305000.0,309500.0,1615.0
2026-08-04 13:20:00+09:00,309000.0,309500.0,306500.0,307000.0,1609.0
2026-08-04 13:30:00+09:00,306000.0,308500.0,304500.0,306000.0,1638.0
2026-08-04 13:40:00+09:00,305000.0,306500.0,303500.0,305500.0,1585.0
2026-08-04 13:50:00+09:00,306000.0,308500.0,304500.0,307000.0,1541.0
2026-08-04 14:00:00+09:00,306500.0,307000.0,304000.0,305500.0,1863.0
2026-08-04 14:10:00+09:00,305500.0,306000.0,302500.0,304500.0,1969.0
2026-08-04 14:20:00+09:00,304000.0,308000.0,304000.0,307000.0,1240.0
2026-08-04 14:30:00+09:00,307000.0,309500.0,305000.0,308000.0,2513.0
2026-08-04 14:40:00+09:00,307500.0,309000.0,306500.0,308000.0,1691.0
2026-08-04 14:50:00+09:00,308000.0,309000.0,306000.0,309000.0,2593.0
2026-08-05 09:00:00+09:00,323500.0,327500.0,315500.0,317000.0,12042.0
2026-08-05 09:10:00+09:00,317500.0,325000.0,315000.0,324500.0,6021.0
2026-08-05 09:20:00+09:00,324000.0,331500.0,322000.0,330500.0,5798.0
2026-08-05 09:30:00+09:00,330000.0,331500.0,323500.0,326500.0,4411.0
2026-08-05 09:40:00+09:00,326500.0,326500.0,321500.0,321500.0,2490.0
2026-08-05 09:50:00+09:00,321500.0,326000.0,321500.0,325500.0,1386.0
2026-08-05 10:00:00+09:00,326000.0,327000.0,321500.0,326500.0,1950.0
2026-08-05 10:10:00+09:00,326500.0,328000.0,322000.0,324500.0,1617.0
2026-08-05 10:20:00+09:00,326000.0,327000.0,320000.0,324000.0,3039.0
2026-08-05 10:30:00+09:00,324000.0,326000.0,322500.0,326000.0,1358.0
2026-08-05 10:40:00+09:00,325500.0,329500.0,325000.0,329000.0,2145.0
2026-08-05 10:50:00+09:00,329500.0,330500.0,328000.0,329000.0,1388.0
2026-08-05 11:00:00+09:00,329000.0,331000.0,327500.0,328000.0,1794.0
2026-08-05 11:10:00+09:00,327500.0,328000.0,325500.0,327000.0,928.0
2026-08-05 11:20:00+09:00,327000.0,329000.0,326000.0,328500.0,1733.0
2026-08-05 11:30:00+09:00,328500.0,329000.0,327000.0,328000.0,1898.0
2026-08-05 11:40:00+09:00,328000.0,329000.0,327000.0,328500.0,840.0
2026-08-05 11:50:00+09:00,328500.0,330000.0,328000.0,329500.0,1196.0
2026-08-05 12:00:00+09:00,329000.0,331000.0,329000.0,330500.0,1131.0
2026-08-05 12:10:00+09:00,330500.0,330500.0,329500.0,330000.0,436.0
2026-08-05 12:20:00+09:00,330000.0,330500.0,328000.0,329500.0,577.0
2026-08-05 12:30:00+09:00,329000.0,330000.0,328500.0,329500.0,433.0
2026-08-05 12:40:00+09:00,329500.0,330000.0,328500.0,329000.0,694.0
2026-08-05 12:50:00+09:00,329500.0,331000.0,329000.0,330500.0,839.0
2026-08-05 13:00:00+09:00,330500.0,333000.0,330000.0,333000.0,2313.0
2026-08-05 13:10:00+09:00,333000.0,333500.0,330000.0,330000.0,1736.0
2026-08-05 13:20:00+09:00,330000.0,332000.0,328500.0,331000.0,1379.0
2026-08-05 13:30:00+09:00,330500.0,331500.0,330000.0,330500.0,1000.0
2026-08-05 13:40:00+09:00,331000.0,332000.0,329000.0,329500.0,1399.0
2026-08-05 13:50:00+09:00,329500.0,330500.0,327500.0,329500.0,1782.0
2026-08-05 14:00:00+09:00,329500.0,331500.0,328500.0,329500.0,834.0
2026-08-05 14:10:00+09:00,329000.0,330000.0,328000.0,328000.0,1254.0
2026-08-05 14:20:00+09:00,328000.0,329500.0,326500.0,328500.0,2003.0
2026-08-05 14:30:00+09:00,328000.0,329000.0,327000.0,327500.0,1522.0
2026-08-05 14:40:00+09:00,328000.0,331000.0,327000.0,330000.0,1893.0
2026-08-05 14:50:00+09:00,330000.0,332000.0,329000.0,330500.0,3508.0
2026-08-06 09:00:00+09:00,322000.0,329500.0,320000.0,326500.0,4256.0
2026-08-06 09:10:00+09:00,328000.0,332000.0,323000.0,331500.0,4539.0
2026-08-06 09:20:00+09:00,331500.0,336500.0,329000.0,329500.0,7239.0
2026-08-06 09:30:00+09:00,329500.0,332000.0,325500.0,328000.0,4410.0
2026-08-06 09:40:00+09:00,327500.0,333500.0,327000.0,331500.0,4382.0
2026-08-06 09:50:00+09:00,332500.0,332500.0,327500.0,330500.0,3484.0
2026-08-06 10:00:00+09:00,331000.0,336000.0,329500.0,335500.0,5013.0
2026-08-06 10:10:00+09:00,335000.0,336500.0,329000.0,329500.0,3089.0
2026-08-06 10:20:00+09:00,329500.0,329500.0,323000.0,324000.0,3636.0
2026-08-06 10:30:00+09:00,323500.0,327500.0,322000.0,325000.0,3045.0
2026-08-06 10:40:00+09:00,325000.0,326500.0,323000.0,325000.0,942.0
2026-08-06 10:50:00+09:00,325000.0,326500.0,322500.0,326000.0,981.0
2026-08-06 11:00:00+09:00,326000.0,326000.0,323500.0,324000.0,782.0
2026-08-06 11:10:00+09:00,325000.0,328500.0,324000.0,327000.0,1076.0
2026-08-06 11:20:00+09:00,327000.0,331000.0,327000.0,331000.0,1090.0
2026-08-06 11:30:00+09:00,330500.0,336000.0,329500.0,336000.0,2202.0
2026-08-06 11:40:00+09:00,336000.0,345500.0,335500.0,344000.0,4458.0
2026-08-06 11:50:00+09:00,344500.0,346500.0,343000.0,344000.0,3639.0
2026-08-06 12:00:00+09:00,344000.0,348000.0,343500.0,344000.0,3178.0
2026-08-06 12:10:00+09:00,343500.0,345500.0,343000.0,343000.0,1037.0
2026-08-06 12:20:00+09:00,343000.0,343500.0,340000.0,342000.0,968.0
2026-08-06 12:30:00+09:00,341000.0,344000.0,339000.0,342500.0,969.0
2026-08-06 12:40:00+09:00,343000.0,343000.0,340500.0,342500.0,372.0
2026-08-06 12:50:00+09:00,342500.0,343000.0,340000.0,341500.0,428.0
2026-08-06 13:00:00+09:00,341500.0,342500.0,338500.0,341000.0,1776.0
2026-08-06 13:10:00+09:00,341000.0,344500.0,340500.0,342500.0,1339.0
2026-08-06 13:20:00+09:00,343000.0,348000.0,342500.0,347500.0,2655.0
2026-08-06 13:30:00+09:00,347500.0,351000.0,345000.0,346000.0,3679.0
2026-08-06 13:40:00+09:00,346000.0,349000.0,344000.0,347000.0,2497.0
2026-08-06 13:50:00+09:00,348000.0,351500.0,346500.0,350500.0,3545.0
2026-08-06 14:00:00+09:00,350500.0,352000.0,348000.0,348500.0,2241.0
2026-08-06 14:10:00+09:00,348500.0,349500.0,347000.0,348500.0,1652.0
2026-08-06 14:20:00+09:00,348000.0,350500.0,348000.0,348500.0,1927.0
2026-08-06 14:30:00+09:00,349000.0,349000.0,342500.0,344000.0,2956.0
2026-08-06 14:40:00+09:00,344000.0,344000.0,338000.0,339500.0,3511.0
2026-08-06 14:50:00+09:00,340000.0,342000.0,336000.0,341000.0,4600.0
2026-08-07 09:00:00+09:00,339000.0,343000.0,333500.0,335000.0,5913.0
2026-08-07 09:10:00+09:00,335500.0,336500.0,330500.0,331000.0,2414.0
2026-08-07 09:20:00+09:00,331000.0,335000.0,327500.0,331500.0,3479.0
2026-08-07 09:30:00+09:00,332500.0,332500.0,325000.0,327500.0,2938.0
2026-08-07 09:40:00+09:00,327500.0,329500.0,323500.0,324500.0,2444.0
2026-08-07 09:50:00+09:00,324500.0,330000.0,323000.0,329000.0,2169.0
2026-08-07 10:00:00+09:00,329000.0,330000.0,324000.0,324500.0,2292.0
2026-08-07 10:10:00+09:00,324500.0,325000.0,319000.0,320500.0,2444.0
2026-08-07 10:20:00+09:00,319000.0,323500.0,317000.0,321000.0,3941.0
2026-08-07 10:30:00+09:00,321000.0,322500.0,315500.0,315500.0,2218.0
2026-08-07 10:40:00+09:00,315000.0,317000.0,313000.0,314500.0,2542.0
2026-08-07 10:50:00+09:00,314500.0,315000.0,311500.0,313500.0,2202.0
2026-08-07 11:00:00+09:00,313500.0,315000.0,311500.0,311500.0,1689.0
2026-08-07 11:10:00+09:00,312000.0,314500.0,311000.0,313500.0,1204.0
2026-08-07 11:20:00+09:00,313500.0,318500.0,313500.0,315500.0,2892.0
2026-08-07 11:30:00+09:00,315500.0,317500.0,313000.0,314000.0,1326.0
2026-08-07 11:40:00+09:00,313500.0,315500.0,313000.0,315500.0,739.0
2026-08-07 11:50:00+09:00,315000.0,316000.0,313000.0,315000.0,870.0
2026-08-07 12:00:00+09:00,315500.0,319500.0,315000.0,319500.0,1153.0
2026-08-07 12:10:00+09:00,319000.0,319500.0,315000.0,316500.0,1140.0
2026-08-07 12:20:00+09:00,316500.0,318000.0,315500.0,316500.0,835.0
2026-08-07 12:30:00+09:00,316500.0,319500.0,316500.0,318500.0,1165.0
2026-08-07 12:40:00+09:00,318500.0,320000.0,316000.0,318000.0,1371.0
2026-08-07 12:50:00+09:00,318500.0,321500.0,315500.0,315500.0,1564.0
2026-08-07 13:00:00+09:00,316000.0,318000.0,315000.0,316000.0,849.0
2026-08-07 13:10:00+09:00,316000.0,319000.0,316000.0,317500.0,1491.0
2026-08-07 13:20:00+09:00,318000.0,321500.0,317500.0,320000.0,1188.0
2026-08-07 13:30:00+09:00,320000.0,320500.0,319000.0,319000.0,883.0
2026-08-07 13:40:00+09:00,319000.0,321000.0,318500.0,319000.0,1042.0
2026-08-07 13:50:00+09:00,318500.0,319500.0,317000.0,319500.0,977.0
2026-08-07 14:00:00+09:00,319500.0,324000.0,317500.0,322500.0,2153.0
2026-08-07 14:10:00+09:00,323000.0,324000.0,321500.0,323000.0,1552.0
2026-08-07 14:20:00+09:00,323500.0,324000.0,322000.0,323000.0,1785.0
2026-08-07 14:30:00+09:00,322500.0,324500.0,322500.0,323500.0,2005.0
2026-08-07 14:40:00+09:00,323000.0,324500.0,321500.0,323000.0,3039.0
2026-08-07 14:50:00+09:00,323000.0,325500.0,321500.0,322500.0,2790.0
2026-08-10 09:00:00+09:00,325000.0,335500.0,323500.0,331000.0,1988.0
2026-08-10 09:10:00+09:00,330500.0,343000.0,330000.0,341000.0,6065.0
2026-08-10 09:20:00+09:00,341000.0,341000.0,337000.0,339000.0,2762.0
2026-08-10 09:30:00+09:00,339500.0,345000.0,339500.0,343500.0,3934.0
2026-08-10 09:40:00+09:00,343500.0,343500.0,338000.0,343000.0,2558.0
2026-08-10 09:50:00+09:00,343000.0,343500.0,338500.0,341500.0,2897.0
2026-08-10 10:00:00+09:00,341500.0,345500.0,341000.0,344000.0,2775.0
2026-08-10 10:10:00+09:00,345000.0,353000.0,344000.0,353000.0,4227.0
2026-08-10 10:20:00+09:00,352500.0,354000.0,350000.0,352000.0,3553.0
2026-08-10 10:30:00+09:00,352000.0,353500.0,348000.0,351500.0,4487.0
2026-08-10 10:40:00+09:00,351500.0,354000.0,347500.0,352000.0,5512.0
2026-08-10 10:50:00+09:00,352000.0,357000.0,351500.0,354500.0,6597.0
2026-08-10 11:00:00+09:00,354000.0,356000.0,351000.0,353500.0,1871.0
2026-08-10 11:10:00+09:00,354000.0,355000.0,351000.0,353000.0,1019.0
2026-08-10 11:20:00+09:00,353500.0,354500.0,352000.0,353500.0,877.0
2026-08-10 11:30:00+09:00,353000.0,355000.0,351000.0,355000.0,1562.0
2026-08-10 11:40:00+09:00,355000.0,356000.0,354000.0,355500.0,1245.0
2026-08-10 11:50:00+09:00,355500.0,357000.0,354500.0,354500.0,1501.0
2026-08-10 12:00:00+09:00,355000.0,357000.0,354500.0,357000.0,1646.0
2026-08-10 12:10:00+09:00,356500.0,357500.0,355500.0,357000.0,1700.0
2026-08-10 12:20:00+09:00,356500.0,357500.0,356000.0,356500.0,854.0
2026-08-10 12:30:00+09:00,356000.0,358000.0,355500.0,357500.0,1334.0
2026-08-10 12:40:00+09:00,357500.0,358500.0,356500.0,358000.0,1083.0
2026-08-10 12:50:00+09:00,358500.0,359000.0,357000.0,358000.0,1590.0
2026-08-10 13:00:00+09:00,357500.0,359500.0,357500.0,359500.0,1283.0
2026-08-10 13:10:00+09:00,359500.0,360000.0,356000.0,356500.0,2562.0
2026-08-10 13:20:00+09:00,356500.0,357500.0,354500.0,355500.0,1073.0
2026-08-10 13:30:00+09:00,355500.0,357000.0,353500.0,353500.0,3876.0
2026-08-10 13:40:00+09:00,353500.0,355500.0,352000.0,354500.0,2009.0
2026-08-10 13:50:00+09:00,354500.0,355500.0,351500.0,352500.0,1798.0
2026-08-10 14:00:00+09:00,352500.0,355500.0,352000.0,355500.0,1380.0
2026-08-10 14:10:00+09:00,355500.0,355500.0,352500.0,353500.0,1227.0
2026-08-10 14:20:00+09:00,353000.0,354000.0,352000.0,353500.0,1062.0
2026-08-10 14:30:00+09:00,354000.0,358000.0,354000.0,358000.0,1586.0
2026-08-10 14:40:00+09:00,358000.0,358500.0,355000.0,356000.0,3321.0
2026-08-10 14:50:00+09:00,356000.0,357000.0,355000.0,356500.0,2610.0
2026-08-11 09:00:00+09:00,355500.0,369500.0,351500.0,360000.0,7826.0
2026-08-11 09:10:00+09:00,360000.0,368000.0,358000.0,360000.0,5530.0
2026-08-11 09:20:00+09:00,360500.0,366000.0,356000.0,357500.0,4759.0
2026-08-11 09:30:00+09:00,358000.0,364500.0,357500.0,363000.0,3298.0
2026-08-11 09:40:00+09:00,362500.0,371000.0,361000.0,370000.0,6593.0
2026-08-11 09:50:00+09:00,369500.0,375500.0,369500.0,370000.0,8054.0
2026-08-11 10:00:00+09:00,370000.0,374000.0,368000.0,370000.0,6997.0
2026-08-11 10:10:00+09:00,370500.0,375000.0,369500.0,371000.0,5998.0
2026-08-11 10:20:00+09:00,370500.0,374000.0,364000.0,366500.0,6017.0
2026-08-11 10:30:00+09:00,366500.0,368500.0,363500.0,367500.0,2906.0
2026-08-11 10:40:00+09:00,368000.0,368000.0,362500.0,363500.0,2351.0
2026-08-11 10:50:00+09:00,363500.0,364000.0,358500.0,359000.0,3598.0
2026-08-11 11:00:00+09:00,359000.0,360000.0,356500.0,356500.0,3051.0
2026-08-11 11:10:00+09:00,356500.0,359500.0,356500.0,359000.0,1831.0
2026-08-11 11:20:00+09:00,358500.0,359500.0,357000.0,359000.0,1703.0
2026-08-11 11:30:00+09:00,358500.0,360000.0,357000.0,358000.0,1854.0
2026-08-11 11:40:00+09:00,358000.0,362750.0,358000.0,362500.0,2720.0
2026-08-11 11:50:00+09:00,362500.0,365500.0,360000.0,365000.0,2797.0
2026-08-11 12:00:00+09:00,365000.0,368000.0,362500.0,365500.0,3588.0
2026-08-11 12:10:00+09:00,365000.0,366500.0,364000.0,366000.0,1843.0
2026-08-11 12:20:00+09:00,366000.0,367500.0,365500.0,366000.0,1154.0
2026-08-11 12:30:00+09:00,366000.0,366000.0,362500.0,363500.0,2336.0
2026-08-11 12:40:00+09:00,363500.0,364500.0,361000.0,362000.0,1456.0
2026-08-11 12:50:00+09:00,362000.0,365500.0,361500.0,363000.0,2089.0
2026-08-11 13:00:00+09:00,363000.0,366000.0,362500.0,366000.0,1186.0
2026-08-11 13:10:00+09:00,366000.0,366500.0,363500.0,363500.0,969.0
2026-08-11 13:20:00+09:00,363500.0,369000.0,361000.0,367500.0,2562.0
2026-08-11 13:30:00+09:00,367500.0,368000.0,366500.0,367500.0,1390.0
2026-08-11 13:40:00+09:00,368000.0,368500.0,365500.0,366500.0,1492.0
2026-08-11 13:50:00+09:00,366500.0,367000.0,365000.0,366000.0,1383.0
2026-08-11 14:00:00+09:00,366000.0,369500.0,364500.0,364500.0,2028.0
2026-08-11 14:10:00+09:00,366000.0,368500.0,365000.0,366500.0,1622.0
2026-08-11 14:20:00+09:00,367000.0,368000.0,365000.0,365000.0,1502.0
2026-08-11 14:30:00+09:00,365000.0,369000.0,365000.0,368500.0,1743.0
2026-08-11 14:40:00+09:00,368000.0,371000.0,368000.0,368500.0,2304.0
2026-08-11 14:50:00+09:00,368500.0,369500.0,367500.0,369500.0,2110.0
2026-08-12 09:00:00+09:00,376000.0,381000.0,369500.0,376500.0,8812.0
2026-08-12 09:10:00+09:00,376000.0,379500.0,373000.0,378500.0,3054.0
2026-08-12 09:20:00+09:00,377500.0,379500.0,371000.0,371500.0,2001.0
2026-08-12 09:30:00+09:00,371500.0,375000.0,368500.0,374500.0,2258.0
2026-08-12 09:40:00+09:00,374000.0,380000.0,373000.0,380000.0,1763.0
2026-08-12 09:50:00+09:00,380000.0,382000.0,377000.0,380000.0,3893.0
2026-08-12 10:00:00+09:00,380000.0,384000.0,379000.0,379000.0,2171.0
2026-08-12 10:10:00+09:00,379000.0,380500.0,377500.0,377500.0,1788.0
2026-08-12 10:20:00+09:00,377500.0,380000.0,377000.0,379500.0,1082.0
2026-08-12 10:30:00+09:00,379000.0,380500.0,376500.0,379500.0,1705.0
2026-08-12 10:40:00+09:00,380500.0,380500.0,376000.0,376500.0,1288.0
2026-08-12 10:50:00+09:00,376500.0,378500.0,374000.0,378250.0,1611.0
2026-08-12 11:00:00+09:00,378250.0,379500.0,376000.0,378500.0,1158.0
2026-08-12 11:10:00+09:00,378000.0,382500.0,377500.0,381000.0,1682.0
2026-08-12 11:20:00+09:00,381500.0,383000.0,380500.0,381500.0,767.0
2026-08-12 11:30:00+09:00,381000.0,383500.0,378000.0,381500.0,4432.0
2026-08-12 11:40:00+09:00,381500.0,382000.0,379500.0,381000.0,1100.0
2026-08-12 11:50:00+09:00,381500.0,382000.0,380000.0,381000.0,939.0
2026-08-12 12:00:00+09:00,381000.0,384000.0,381000.0,383000.0,1561.0
2026-08-12 12:10:00+09:00,382500.0,383500.0,381000.0,382500.0,1281.0
2026-08-12 12:20:00+09:00,382000.0,382500.0,381000.0,382000.0,943.0
2026-08-12 12:30:00+09:00,382500.0,383500.0,381500.0,382000.0,1014.0
2026-08-12 12:40:00+09:00,382000.0,382000.0,380500.0,380500.0,814.0
2026-08-12 12:50:00+09:00,381000.0,383500.0,380500.0,383500.0,1407.0
2026-08-12 13:00:00+09:00,382500.0,385000.0,382500.0,383500.0,1413.0
2026-08-12 13:10:00+09:00,384000.0,384500.0,383000.0,383500.0,1069.0
2026-08-12 13:20:00+09:00,383500.0,385000.0,383000.0,384500.0,1452.0
2026-08-12 13:30:00+09:00,383500.0,384500.0,381000.0,381000.0,1471.0
2026-08-12 13:40:00+09:00,381000.0,382500.0,379500.0,382500.0,1260.0
2026-08-12 13:50:00+09:00,382000.0,383000.0,380000.0,380500.0,1346.0
2026-08-12 14:00:00+09:00,380500.0,381000.0,378000.0,380000.0,1529.0
2026-08-12 14:10:00+09:00,380000.0,380000.0,377500.0,379000.0,1556.0
2026-08-12 14:20:00+09:00,378500.0,380500.0,376000.0,379500.0,2248.0
2026-08-12 14:30:00+09:00,380000.0,382500.0,379500.0,381500.0,2207.0
2026-08-12 14:40:00+09:00,382000.0,382500.0,380500.0,382000.0,2749.0
2026-08-12 14:50:00+09:00,381500.0,386000.0,381000.0,386000.0,6251.0
2026-08-13 09:00:00+09:00,395000.0,404000.0,391500.0,396500.0,18464.0
2026-08-13 09:10:00+09:00,397500.0,407000.0,391500.0,402000.0,19022.0
2026-08-13 09:20:00+09:00,401500.0,405500.0,400000.0,402000.0,7906.0
2026-08-13 09:30:00+09:00,402000.0,405000.0,400000.0,402500.0,5997.0
2026-08-13 09:40:00+09:00,402000.0,404000.0,399000.0,399500.0,4122.0
2026-08-13 09:50:00+09:00,399500.0,406000.0,396500.0,406000.0,7972.0
2026-08-13 10:00:00+09:00,406000.0,406500.0,401000.0,402500.0,5130.0
2026-08-13 10:10:00+09:00,402000.0,404000.0,400500.0,403000.0,4000.0
2026-08-13 10:20:00+09:00,403000.0,403000.0,397000.0,397500.0,3957.0
2026-08-13 10:30:00+09:00,398000.0,400000.0,397000.0,398500.0,3056.0
2026-08-13 10:40:00+09:00,398500.0,400500.0,397000.0,397000.0,3748.0
2026-08-13 10:50:00+09:00,397000.0,398500.0,391000.0,391000.0,4092.0
2026-08-13 11:00:00+09:00,392000.0,393000.0,388500.0,389500.0,2119.0
2026-08-13 11:10:00+09:00,389000.0,389500.0,387500.0,388500.0,1686.0
2026-08-13 11:20:00+09:00,388500.0,389000.0,386000.0,386500.0,1471.0
2026-08-13 11:30:00+09:00,386500.0,388000.0,385500.0,387000.0,1487.0
2026-08-13 11:40:00+09:00,387500.0,390000.0,386500.0,389500.0,1287.0
2026-08-13 11:50:00+09:00,389000.0,390500.0,388000.0,388500.0,1985.0
2026-08-13 12:00:00+09:00,388500.0,389500.0,388000.0,388500.0,1125.0
2026-08-13 12:10:00+09:00,389500.0,390000.0,387500.0,389000.0,1243.0
2026-08-13 12:20:00+09:00,389000.0,389500.0,387000.0,387500.0,1269.0
2026-08-13 12:30:00+09:00,388000.0,388500.0,387000.0,388000.0,1160.0
2026-08-13 12:40:00+09:00,387500.0,389000.0,386500.0,388000.0,1352.0
2026-08-13 12:50:00+09:00,387500.0,388500.0,386500.0,386500.0,1974.0
2026-08-13 13:00:00+09:00,387000.0,387500.0,385000.0,385000.0,2354.0
2026-08-13 13:10:00+09:00,385500.0,387000.0,384000.0,385000.0,1976.0
2026-08-13 13:20:00+09:00,385000.0,387500.0,384000.0,386500.0,2075.0
2026-08-13 13:30:00+09:00,386500.0,387500.0,384000.0,384000.0,1522.0
2026-08-13 13:40:00+09:00,384500.0,385500.0,384000.0,384000.0,1658.0
2026-08-13 13:50:00+09:00,384000.0,386500.0,384000.0,385500.0,1731.0
2026-08-13 14:00:00+09:00,385500.0,387500.0,384500.0,386000.0,1506.0
2026-08-13 14:10:00+09:00,385500.0,386000.0,384000.0,384000.0,1213.0
2026-08-13 14:20:00+09:00,384000.0,384500.0,380000.0,380500.0,4512.0
2026-08-13 14:30:00+09:00,380500.0,380500.0,377500.0,379500.0,4647.0
2026-08-13 14:40:00+09:00,380000.0,381500.0,377500.0,379500.0,4832.0
2026-08-13 14:50:00+09:00,380000.0,381000.0,377000.0,377000.0,6160.0
2026-08-14 09:00:00+09:00,388500.0,406000.0,388500.0,400000.0,10001.0
2026-08-14 09:10:00+09:00,400000.0,405000.0,395500.0,400500.0,14767.0
2026-08-14 09:20:00+09:00,400500.0,404500.0,399000.0,400500.0,5643.0
2026-08-14 09:30:00+09:00,401000.0,408500.0,399000.0,407500.0,7965.0
2026-08-14 09:40:00+09:00,407500.0,408000.0,400500.0,400500.0,8878.0
2026-08-14 09:50:00+09:00,400500.0,401500.0,395500.0,400000.0,7649.0
2026-08-14 10:00:00+09:00,400500.0,400500.0,388000.0,391500.0,8764.0
2026-08-14 10:10:00+09:00,391500.0,392500.0,386000.0,389000.0,5450.0
2026-08-14 10:20:00+09:00,389000.0,393000.0,386500.0,391000.0,3795.0
2026-08-14 10:30:00+09:00,391000.0,392000.0,387000.0,390500.0,4256.0
2026-08-14 10:40:00+09:00,390500.0,391500.0,387500.0,390500.0,3139.0
2026-08-14 10:50:00+09:00,390500.0,397000.0,387000.0,395500.0,3312.0
2026-08-14 11:00:00+09:00,396000.0,400000.0,393500.0,394500.0,3294.0
2026-08-14 11:10:00+09:00,394500.0,397500.0,394000.0,397000.0,3120.0
2026-08-14 11:20:00+09:00,397000.0,397500.0,393000.0,394500.0,2528.0
2026-08-14 11:30:00+09:00,394000.0,396500.0,393500.0,394000.0,1608.0
2026-08-14 11:40:00+09:00,394500.0,396500.0,394000.0,395000.0,1347.0
2026-08-14 11:50:00+09:00,395000.0,395500.0,392500.0,394000.0,1985.0
2026-08-14 12:00:00+09:00,393500.0,394500.0,390500.0,392500.0,1567.0
2026-08-14 12:10:00+09:00,393000.0,395000.0,391000.0,394500.0,1166.0
2026-08-14 12:20:00+09:00,394000.0,399000.0,394000.0,398000.0,1589.0
2026-08-14 12:30:00+09:00,397500.0,398000.0,394500.0,394500.0,1464.0
2026-08-14 12:40:00+09:00,395000.0,395500.0,393000.0,394500.0,1103.0
2026-08-14 12:50:00+09:00,394000.0,395500.0,393500.0,394500.0,943.0
2026-08-14 13:00:00+09:00,394500.0,401000.0,392500.0,398500.0,2540.0
2026-08-14 13:10:00+09:00,398500.0,403000.0,398000.0,401000.0,3279.0
2026-08-14 13:20:00+09:00,401500.0,403000.0,398000.0,400500.0,3210.0
2026-08-14 13:30:00+09:00,400500.0,403500.0,399500.0,402000.0,3624.0
2026-08-14 13:40:00+09:00,402500.0,404500.0,401000.0,402000.0,3718.0
2026-08-14 13:50:00+09:00,402500.0,402500.0,398000.0,398500.0,3482.0
2026-08-14 14:00:00+09:00,399000.0,400500.0,394500.0,395500.0,3755.0
2026-08-14 14:10:00+09:00,396500.0,399000.0,394000.0,399000.0,2722.0
2026-08-14 14:20:00+09:00,399000.0,405000.0,398500.0,405000.0,5225.0
2026-08-14 14:30:00+09:00,405000.0,406000.0,403000.0,405000.0,7223.0
2026-08-14 14:40:00+09:00,404500.0,406500.0,404000.0,404000.0,8262.0
2026-08-14 14:50:00+09:00,406000.0,406000.0,402500.0,406000.0,8225.0
2026-08-18 09:00:00+09:00,414000.0,438000.0,411000.0,414000.0,6237.0
2026-08-18 09:10:00+09:00,414000.0,433000.0,413000.0,432000.0,16183.0
2026-08-18 09:20:00+09:00,432000.0,434000.0,428000.0,434000.0,9378.0
2026-08-18 09:30:00+09:00,434000.0,449000.0,432500.0,436500.0,15103.0
2026-08-18 09:40:00+09:00,436500.0,439500.0,430500.0,431500.0,9300.0
2026-08-18 09:50:00+09:00,432000.0,436000.0,431500.0,434500.0,5821.0
2026-08-18 10:00:00+09:00,434500.0,436000.0,432000.0,435000.0,4915.0
2026-08-18 10:10:00+09:00,435500.0,439500.0,435000.0,437500.0,4250.0
2026-08-18 10:20:00+09:00,438000.0,439500.0,436500.0,437500.0,3520.0
2026-08-18 10:30:00+09:00,437000.0,438500.0,433000.0,437500.0,3323.0
2026-08-18 10:40:00+09:00,437500.0,438500.0,432000.0,434000.0,4154.0
2026-08-18 10:50:00+09:00,434000.0,437000.0,432000.0,437000.0,3564.0
2026-08-18 11:00:00+09:00,437000.0,438500.0,432500.0,435000.0,3239.0
2026-08-18 11:10:00+09:00,435000.0,435000.0,428500.0,430000.0,14883.0
2026-08-18 11:20:00+09:00,430000.0,431000.0,423500.0,424000.0,24141.0
2026-08-18 11:30:00+09:00,424500.0,427000.0,419500.0,425500.0,5689.0
2026-08-18 11:40:00+09:00,425500.0,426000.0,420500.0,425000.0,2856.0
2026-08-18 11:50:00+09:00,425000.0,426500.0,422500.0,424000.0,1962.0
2026-08-18 12:00:00+09:00,424500.0,425500.0,423500.0,424000.0,1635.0
2026-08-18 12:10:00+09:00,423500.0,426000.0,422500.0,425000.0,2369.0
2026-08-18 12:20:00+09:00,423500.0,426000.0,419500.0,425500.0,3231.0
2026-08-18 12:30:00+09:00,425500.0,425500.0,418500.0,424000.0,3285.0
2026-08-18 12:40:00+09:00,424000.0,424500.0,420500.0,423000.0,1729.0
2026-08-18 12:50:00+09:00,423000.0,426000.0,422000.0,424000.0,2515.0
2026-08-18 13:00:00+09:00,424000.0,425000.0,419000.0,421500.0,3416.0
2026-08-18 13:10:00+09:00,419500.0,421500.0,417000.0,421000.0,3896.0
2026-08-18 13:20:00+09:00,421500.0,422000.0,417500.0,421000.0,3098.0
2026-08-18 13:30:00+09:00,421000.0,422000.0,419000.0,419500.0,2826.0
2026-08-18 13:40:00+09:00,419000.0,422500.0,418500.0,421000.0,3135.0
2026-08-18 13:50:00+09:00,421000.0,430000.0,421000.0,429000.0,4942.0
2026-08-18 14:00:00+09:00,428000.0,430000.0,425500.0,429000.0,3859.0
2026-08-18 14:10:00+09:00,429000.0,429000.0,425000.0,425500.0,3697.0
2026-08-18 14:20:00+09:00,425500.0,426000.0,421500.0,423500.0,3908.0
2026-08-18 14:30:00+09:00,423750.0,423750.0,419000.0,420500.0,4804.0
2026-08-18 14:40:00+09:00,420500.0,422500.0,418500.0,420000.0,4617.0
2026-08-18 14:50:00+09:00,420500.0,420500.0,417500.0,417500.0,6247.0
2026-08-19 09:00:00+09:00,393000.0,411000.0,389500.0,406500.0,10140.0
2026-08-19 09:10:00+09:00,407000.0,417000.0,402000.0,417000.0,5335.0
2026-08-19 09:20:00+09:00,416500.0,424000.0,413000.0,419000.0,6392.0
2026-08-19 09:30:00+09:00,419500.0,437500.0,419000.0,432500.0,9003.0
2026-08-19 09:40:00+09:00,433000.0,433000.0,424250.0,426000.0,3629.0
2026-08-19 09:50:00+09:00,426000.0,428000.0,421000.0,424000.0,2408.0
2026-08-19 10:00:00+09:00,423500.0,434500.0,422500.0,433500.0,3978.0
2026-08-19 10:10:00+09:00,434000.0,438000.0,430500.0,438000.0,2674.0
2026-08-19 10:20:00+09:00,438000.0,440000.0,435500.0,438000.0,3188.0
2026-08-19 10:30:00+09:00,438000.0,439500.0,432000.0,435000.0,3814.0
2026-08-19 10:40:00+09:00,435000.0,439500.0,435000.0,438000.0,3678.0
2026-08-19 10:50:00+09:00,438000.0,438500.0,431000.0,431500.0,2345.0
2026-08-19 11:00:00+09:00,431500.0,434000.0,429000.0,431000.0,2403.0
2026-08-19 11:10:00+09:00,430500.0,432500.0,428500.0,429500.0,2443.0
2026-08-19 11:20:00+09:00,429000.0,437000.0,429000.0,430500.0,2547.0
2026-08-19 11:30:00+09:00,430500.0,435000.0,430500.0,432000.0,1471.0
2026-08-19 11:40:00+09:00,432000.0,432000.0,429000.0,431000.0,1702.0
2026-08-19 11:50:00+09:00,431500.0,435000.0,431000.0,434000.0,1342.0
2026-08-19 12:00:00+09:00,434000.0,436500.0,433000.0,434500.0,2114.0
2026-08-19 12:10:00+09:00,435500.0,437000.0,434500.0,435500.0,1851.0
2026-08-19 12:20:00+09:00,435500.0,437000.0,433500.0,436500.0,1314.0
2026-08-19 12:30:00+09:00,437000.0,437000.0,435500.0,436500.0,1514.0
2026-08-19 12:40:00+09:00,436000.0,436500.0,433500.0,434500.0,1223.0
2026-08-19 12:50:00+09:00,434500.0,435500.0,429500.0,431000.0,2165.0
2026-08-19 13:00:00+09:00,431500.0,432000.0,422500.0,423000.0,3414.0
2026-08-19 13:10:00+09:00,423500.0,425000.0,419500.0,420000.0,3421.0
2026-08-19 13:20:00+09:00,421000.0,424000.0,418500.0,422500.0,3164.0
2026-08-19 13:30:00+09:00,423000.0,423000.0,416500.0,421500.0,2516.0
2026-08-19 13:40:00+09:00,421500.0,422000.0,418000.0,418000.0,1975.0
2026-08-19 13:50:00+09:00,418500.0,420500.0,417500.0,419000.0,2354.0
2026-08-19 14:00:00+09:00,419000.0,425500.0,418500.0,422000.0,2927.0
2026-08-19 14:10:00+09:00,422000.0,423000.0,419000.0,420500.0,2349.0
2026-08-19 14:20:00+09:00,420000.0,429000.0,420000.0,427500.0,3841.0
2026-08-19 14:30:00+09:00,427000.0,428000.0,422000.0,422500.0,3649.0
2026-08-19 14:40:00+09:00,423000.0,423500.0,420500.0,422000.0,4295.0
2026-08-19 14:50:00+09:00,421500.0,422500.0,418000.0,419500.0,4168.0
2026-08-20 09:00:00+09:00,421500.0,430000.0,415500.0,423500.0,10211.0
2026-08-20 09:10:00+09:00,423500.0,426500.0,419500.0,421500.0,7192.0
2026-08-20 09:20:00+09:00,421500.0,433500.0,419000.0,424000.0,8189.0
2026-08-20 09:30:00+09:00,423500.0,429000.0,423000.0,428500.0,4887.0
2026-08-20 09:40:00+09:00,428500.0,429500.0,426000.0,426000.0,3184.0
2026-08-20 09:50:00+09:00,426000.0,428500.0,423000.0,423500.0,3419.0
2026-08-20 10:00:00+09:00,424000.0,425000.0,412500.0,412500.0,5368.0
2026-08-20 10:10:00+09:00,412000.0,417500.0,409500.0,417000.0,4954.0
2026-08-20 10:20:00+09:00,417500.0,419500.0,415500.0,419500.0,2308.0
2026-08-20 10:30:00+09:00,419500.0,423000.0,418500.0,421000.0,2005.0
2026-08-20 10:40:00+09:00,421000.0,424500.0,420000.0,422500.0,2397.0
2026-08-20 10:50:00+09:00,422500.0,424000.0,419000.0,421000.0,1521.0
2026-08-20 11:00:00+09:00,421500.0,423000.0,420500.0,421000.0,1395.0
2026-08-20 11:10:00+09:00,421000.0,421000.0,416000.0,419000.0,860.0
2026-08-20 11:20:00+09:00,419000.0,420000.0,415500.0,417000.0,1203.0
2026-08-20 11:30:00+09:00,417500.0,419000.0,416500.0,418000.0,676.0
2026-08-20 11:40:00+09:00,418500.0,418500.0,416000.0,417000.0,879.0
2026-08-20 11:50:00+09:00,417500.0,418000.0,416250.0,418000.0,600.0
2026-08-20 12:00:00+09:00,418000.0,418500.0,414500.0,415000.0,1572.0
2026-08-20 12:10:00+09:00,415000.0,417500.0,414500.0,417000.0,1033.0
2026-08-20 12:20:00+09:00,417000.0,417500.0,416000.0,417000.0,654.0
2026-08-20 12:30:00+09:00,417000.0,417500.0,414500.0,417000.0,1302.0
2026-08-20 12:40:00+09:00,417000.0,417500.0,415000.0,415000.0,684.0
2026-08-20 12:50:00+09:00,415000.0,416500.0,414500.0,416500.0,675.0
2026-08-20 13:00:00+09:00,416500.0,419000.0,414500.0,415500.0,3555.0
2026-08-20 13:10:00+09:00,415500.0,419000.0,414500.0,418500.0,1512.0
2026-08-20 13:20:00+09:00,418500.0,419000.0,416000.0,418000.0,921.0
2026-08-20 13:30:00+09:00,417500.0,418500.0,414500.0,416000.0,1407.0
2026-08-20 13:40:00+09:00,416000.0,416500.0,414500.0,416000.0,1075.0
2026-08-20 13:50:00+09:00,416000.0,416500.0,414000.0,415500.0,1323.0
2026-08-20 14:00:00+09:00,415500.0,415500.0,410000.0,410000.0,2538.0
2026-08-20 14:10:00+09:00,410000.0,414500.0,408500.0,413500.0,2863.0
2026-08-20 14:20:00+09:00,414000.0,416000.0,412500.0,414500.0,1586.0
2026-08-20 14:30:00+09:00,414500.0,416500.0,414500.0,416500.0,1915.0
2026-08-20 14:40:00+09:00,416500.0,418000.0,415500.0,416500.0,2710.0
2026-08-20 14:50:00+09:00,416000.0,416000.0,414000.0,415500.0,3058.0
2026-08-21 09:00:00+09:00,408500.0,419000.0,406500.0,413500.0,5632.0
2026-08-21 09:10:00+09:00,412500.0,413500.0,407500.0,410000.0,3369.0
2026-08-21 09:20:00+09:00,410000.0,415500.0,403500.0,404500.0,2747.0
2026-08-21 09:30:00+09:00,404500.0,408500.0,402500.0,406000.0,2859.0
2026-08-21 09:40:00+09:00,406500.0,407000.0,402000.0,402000.0,2804.0
2026-08-21 09:50:00+09:00,403000.0,403000.0,391500.0,396000.0,5048.0
2026-08-21 10:00:00+09:00,396500.0,398000.0,393500.0,394000.0,2683.0
2026-08-21 10:10:00+09:00,394000.0,400500.0,392000.0,400500.0,4068.0
2026-08-21 10:20:00+09:00,400000.0,400500.0,393500.0,394000.0,3754.0
2026-08-21 10:30:00+09:00,394000.0,395500.0,391000.0,393500.0,2194.0
2026-08-21 10:40:00+09:00,393500.0,396000.0,392500.0,394000.0,4564.0
2026-08-21 10:50:00+09:00,394000.0,396000.0,393000.0,395000.0,3055.0
2026-08-21 11:00:00+09:00,394500.0,395000.0,392000.0,393500.0,1639.0
2026-08-21 11:10:00+09:00,393500.0,396000.0,392000.0,394500.0,1665.0
2026-08-21 11:20:00+09:00,394500.0,395500.0,393000.0,394000.0,1671.0
2026-08-21 11:30:00+09:00,393500.0,395000.0,393000.0,393500.0,1388.0
2026-08-21 11:40:00+09:00,393500.0,395000.0,392000.0,394000.0,1891.0
2026-08-21 11:50:00+09:00,394000.0,402000.0,394000.0,402000.0,2640.0
2026-08-21 12:00:00+09:00,402000.0,402000.0,398000.0,401000.0,2744.0
2026-08-21 12:10:00+09:00,399000.0,401500.0,397500.0,398000.0,1570.0
2026-08-21 12:20:00+09:00,398000.0,400000.0,397500.0,398500.0,1176.0
2026-08-21 12:30:00+09:00,398000.0,400000.0,397500.0,399000.0,1227.0
2026-08-21 12:40:00+09:00,399000.0,402000.0,397000.0,400000.0,2083.0
2026-08-21 12:50:00+09:00,399500.0,401500.0,398500.0,400000.0,1394.0
2026-08-21 13:00:00+09:00,400500.0,401000.0,397500.0,398000.0,1553.0
2026-08-21 13:10:00+09:00,398500.0,401000.0,397500.0,400000.0,1516.0
2026-08-21 13:20:00+09:00,400000.0,401000.0,398500.0,399000.0,1338.0
2026-08-21 13:30:00+09:00,399500.0,400500.0,398000.0,398500.0,1387.0
2026-08-21 13:40:00+09:00,399000.0,401500.0,397500.0,400500.0,2040.0
2026-08-21 13:50:00+09:00,400000.0,403500.0,400000.0,400500.0,1571.0
2026-08-21 14:00:00+09:00,400500.0,403000.0,399500.0,402000.0,1903.0
2026-08-21 14:10:00+09:00,402500.0,409500.0,402000.0,407000.0,2473.0
2026-08-21 14:20:00+09:00,408000.0,413500.0,408000.0,410000.0,4052.0
2026-08-21 14:30:00+09:00,411000.0,411000.0,405500.0,406000.0,2276.0
2026-08-21 14:40:00+09:00,405500.0,409000.0,405500.0,406500.0,2514.0
2026-08-21 14:50:00+09:00,406000.0,406000.0,401500.0,401500.0,4386.0
2026-08-24 09:00:00+09:00,396500.0,408500.0,395500.0,398000.0,3593.0
2026-08-24 09:10:00+09:00,398000.0,401000.0,392000.0,393500.0,3732.0
2026-08-24 09:20:00+09:00,393000.0,395500.0,391500.0,393000.0,4206.0
2026-08-24 09:30:00+09:00,393000.0,397000.0,391000.0,393000.0,1939.0
2026-08-24 09:40:00+09:00,394000.0,401500.0,394000.0,399500.0,2836.0
2026-08-24 09:50:00+09:00,400000.0,405000.0,400000.0,403500.0,2505.0
2026-08-24 10:00:00+09:00,403500.0,409500.0,402500.0,406500.0,3448.0
2026-08-24 10:10:00+09:00,407000.0,409500.0,405500.0,409000.0,1712.0
2026-08-24 10:20:00+09:00,409000.0,409000.0,405500.0,406000.0,1375.0
2026-08-24 10:30:00+09:00,405500.0,406000.0,402000.0,403000.0,1118.0
2026-08-24 10:40:00+09:00,403000.0,404000.0,400000.0,401000.0,789.0
2026-08-24 10:50:00+09:00,401000.0,403000.0,398500.0,400000.0,1838.0
2026-08-24 11:00:00+09:00,399000.0,402000.0,398500.0,400000.0,2842.0
2026-08-24 11:10:00+09:00,400500.0,402500.0,399000.0,401000.0,757.0
2026-08-24 11:20:00+09:00,400000.0,404000.0,399500.0,402000.0,776.0
2026-08-24 11:30:00+09:00,401500.0,405000.0,401500.0,404500.0,817.0
2026-08-24 11:40:00+09:00,404500.0,404500.0,400500.0,401000.0,288.0
2026-08-24 11:50:00+09:00,401000.0,401500.0,398500.0,401000.0,726.0
2026-08-24 12:00:00+09:00,400500.0,401500.0,399000.0,400000.0,705.0
2026-08-24 12:10:00+09:00,399000.0,400500.0,397500.0,397500.0,459.0
2026-08-24 12:20:00+09:00,397500.0,398000.0,396000.0,396500.0,400.0
2026-08-24 12:30:00+09:00,396500.0,397500.0,396000.0,396500.0,439.0
2026-08-24 12:40:00+09:00,396500.0,398000.0,395500.0,396000.0,866.0
2026-08-24 12:50:00+09:00,395500.0,396000.0,390000.0,390500.0,3222.0
2026-08-24 13:00:00+09:00,391000.0,394000.0,390500.0,394000.0,1169.0
2026-08-24 13:10:00+09:00,394000.0,394500.0,392500.0,393000.0,948.0
2026-08-24 13:20:00+09:00,393500.0,395000.0,392000.0,393500.0,2071.0
2026-08-24 13:30:00+09:00,393500.0,394500.0,393000.0,393500.0,1829.0
2026-08-24 13:40:00+09:00,393500.0,395000.0,392000.0,393000.0,1377.0
2026-08-24 13:50:00+09:00,393000.0,396500.0,392000.0,393500.0,1450.0
2026-08-24 14:00:00+09:00,393500.0,394500.0,391500.0,393000.0,1307.0
2026-08-24 14:10:00+09:00,393000.0,396000.0,392000.0,393500.0,1915.0
2026-08-24 14:20:00+09:00,393500.0,395500.0,392500.0,393500.0,1893.0
2026-08-24 14:30:00+09:00,393500.0,393500.0,387000.0,388000.0,3308.0
2026-08-24 14:40:00+09:00,389000.0,390500.0,387000.0,389500.0,4224.0
2026-08-24 14:50:00+09:00,389500.0,390000.0,387000.0,388000.0,3860.0
2026-08-25 09:00:00+09:00,382000.0,393000.0,379500.0,380500.0,6471.0
2026-08-25 09:10:00+09:00,381000.0,382000.0,375000.0,378000.0,4465.0
2026-08-25 09:20:00+09:00,378000.0,382500.0,374000.0,378500.0,5431.0
2026-08-25 09:30:00+09:00,378500.0,390000.0,378000.0,383000.0,3766.0
2026-08-25 09:40:00+09:00,383000.0,389500.0,382000.0,387500.0,2766.0
2026-08-25 09:50:00+09:00,387000.0,393000.0,385000.0,387500.0,2928.0
2026-08-25 10:00:00+09:00,387000.0,390500.0,384000.0,389500.0,1813.0
2026-08-25 10:10:00+09:00,389500.0,390000.0,385500.0,386500.0,1332.0
2026-08-25 10:20:00+09:00,386500.0,386500.0,383500.0,385000.0,1473.0
2026-08-25 10:30:00+09:00,385500.0,389500.0,384000.0,389500.0,1382.0
2026-08-25 10:40:00+09:00,388500.0,392000.0,387000.0,391500.0,986.0
2026-08-25 10:50:00+09:00,391500.0,392500.0,389500.0,390000.0,1047.0
2026-08-25 11:00:00+09:00,390500.0,390500.0,387500.0,388000.0,1538.0
2026-08-25 11:10:00+09:00,388500.0,391000.0,387500.0,391000.0,526.0
2026-08-25 11:20:00+09:00,391000.0,391000.0,387000.0,388500.0,784.0
2026-08-25 11:30:00+09:00,388500.0,389500.0,387500.0,388000.0,546.0
2026-08-25 11:40:00+09:00,388500.0,390000.0,387000.0,387500.0,843.0
2026-08-25 11:50:00+09:00,387500.0,388500.0,387000.0,388000.0,791.0
2026-08-25 12:00:00+09:00,387500.0,391000.0,386000.0,390000.0,1585.0
2026-08-25 12:10:00+09:00,390500.0,394000.0,389500.0,394000.0,1197.0
2026-08-25 12:20:00+09:00,393000.0,396500.0,389000.0,396500.0,2294.0
2026-08-25 12:30:00+09:00,396000.0,397500.0,393500.0,396000.0,1859.0
2026-08-25 12:40:00+09:00,395500.0,398500.0,395000.0,397000.0,1828.0
2026-08-25 12:50:00+09:00,397000.0,398500.0,395000.0,398000.0,1509.0
2026-08-25 13:00:00+09:00,398000.0,401000.0,396000.0,400000.0,2695.0
2026-08-25 13:10:00+09:00,400000.0,402500.0,398500.0,402000.0,1687.0
2026-08-25 13:20:00+09:00,402000.0,402500.0,398500.0,398500.0,1728.0
2026-08-25 13:30:00+09:00,399500.0,401500.0,398500.0,399500.0,2174.0
2026-08-25 13:40:00+09:00,400000.0,401000.0,399000.0,400000.0,1367.0
2026-08-25 13:50:00+09:00,400000.0,401500.0,398500.0,400000.0,1348.0
2026-08-25 14:00:00+09:00,400000.0,400000.0,397500.0,398500.0,981.0
2026-08-25 14:10:00+09:00,398500.0,400500.0,397500.0,400000.0,1033.0
2026-08-25 14:20:00+09:00,399500.0,402000.0,398500.0,399500.0,1834.0
2026-08-25 14:30:00+09:00,399500.0,400500.0,398000.0,399000.0,2729.0
2026-08-25 14:40:00+09:00,398500.0,399000.0,396000.0,397500.0,3369.0
2026-08-25 14:50:00+09:00,397500.0,400000.0,396000.0,398000.0,3562.0
2026-08-26 09:00:00+09:00,397000.0,403000.0,390500.0,391500.0,7158.0
2026-08-26 09:10:00+09:00,391500.0,394500.0,386500.0,391500.0,6249.0
2026-08-26 09:20:00+09:00,393000.0,396500.0,389000.0,395000.0,4567.0
2026-08-26 09:30:00+09:00,394500.0,397000.0,390500.0,392000.0,3750.0
2026-08-26 09:40:00+09:00,392500.0,397500.0,390500.0,396000.0,2453.0
2026-08-26 09:50:00+09:00,396000.0,396000.0,392500.0,392500.0,2534.0
2026-08-26 10:00:00+09:00,393000.0,397500.0,391500.0,394500.0,2365.0
2026-08-26 10:10:00+09:00,394500.0,398500.0,394000.0,398500.0,2527.0
2026-08-26 10:20:00+09:00,398000.0,400000.0,394500.0,395000.0,3085.0
2026-08-26 10:30:00+09:00,395500.0,400000.0,394500.0,398500.0,1807.0
2026-08-26 10:40:00+09:00,399000.0,399000.0,396500.0,398000.0,1171.0
2026-08-26 10:50:00+09:00,398000.0,399500.0,397000.0,399000.0,1317.0
2026-08-26 11:00:00+09:00,399000.0,399500.0,394500.0,396000.0,991.0
2026-08-26 11:10:00+09:00,396000.0,399000.0,395000.0,398000.0,3074.0
2026-08-26 11:20:00+09:00,398000.0,399000.0,397000.0,399000.0,1015.0
2026-08-26 11:30:00+09:00,397500.0,400500.0,397500.0,399500.0,1225.0
2026-08-26 11:40:00+09:00,399500.0,400500.0,399000.0,399500.0,1016.0
2026-08-26 11:50:00+09:00,399000.0,399000.0,396000.0,396000.0,1320.0
2026-08-26 12:00:00+09:00,396500.0,397000.0,394000.0,394500.0,1563.0
2026-08-26 12:10:00+09:00,394000.0,396000.0,394000.0,396000.0,800.0
2026-08-26 12:20:00+09:00,396000.0,396000.0,393000.0,394000.0,1195.0
2026-08-26 12:30:00+09:00,394000.0,394500.0,392500.0,394000.0,1292.0
2026-08-26 12:40:00+09:00,394500.0,395500.0,393500.0,395000.0,884.0
2026-08-26 12:50:00+09:00,395000.0,397500.0,394500.0,397000.0,1216.0
2026-08-26 13:00:00+09:00,396500.0,396500.0,392500.0,394000.0,2955.0
2026-08-26 13:10:00+09:00,393500.0,397500.0,393500.0,396500.0,1108.0
2026-08-26 13:20:00+09:00,397000.0,397500.0,395000.0,396000.0,2795.0
2026-08-26 13:30:00+09:00,396500.0,397000.0,394000.0,394500.0,1029.0
2026-08-26 13:40:00+09:00,394500.0,396000.0,393500.0,395000.0,1738.0
2026-08-26 13:50:00+09:00,395000.0,395500.0,394500.0,395000.0,1264.0
2026-08-26 14:00:00+09:00,395000.0,397500.0,394500.0,395500.0,1459.0
2026-08-26 14:10:00+09:00,396000.0,397500.0,395500.0,397000.0,1881.0
2026-08-26 14:20:00+09:00,397000.0,398000.0,395500.0,397500.0,1799.0
2026-08-26 14:30:00+09:00,397500.0,399000.0,397000.0,398000.0,1996.0
2026-08-26 14:40:00+09:00,399000.0,399000.0,396500.0,398500.0,1544.0
2026-08-26 14:50:00+09:00,398000.0,400000.0,398000.0,399500.0,1420.0
2026-08-27 09:00:00+09:00,407500.0,418500.0,400500.0,402500.0,7391.0
2026-08-27 09:10:00+09:00,402500.0,405500.0,399000.0,404000.0,3150.0
2026-08-27 09:20:00+09:00,404000.0,411000.0,403500.0,409500.0,2169.0
2026-08-27 09:30:00+09:00,408000.0,410000.0,404500.0,405500.0,1677.0
2026-08-27 09:40:00+09:00,405500.0,407000.0,402500.0,402500.0,2199.0
2026-08-27 09:50:00+09:00,404000.0,405000.0,400000.0,405000.0,2175.0
2026-08-27 10:00:00+09:00,404500.0,410000.0,404000.0,406500.0,2633.0
2026-08-27 10:10:00+09:00,406000.0,407000.0,404000.0,407000.0,1230.0
2026-08-27 10:20:00+09:00,407000.0,409000.0,404500.0,405500.0,1673.0
2026-08-27 10:30:00+09:00,405500.0,405500.0,403000.0,404000.0,1072.0
2026-08-27 10:40:00+09:00,403500.0,405500.0,403000.0,404000.0,1203.0
2026-08-27 10:50:00+09:00,404500.0,407000.0,404000.0,407000.0,1154.0
2026-08-27 11:00:00+09:00,406000.0,409000.0,406000.0,408500.0,1829.0
2026-08-27 11:10:00+09:00,408500.0,408500.0,404500.0,405000.0,1407.0
2026-08-27 11:20:00+09:00,406000.0,406000.0,401500.0,402000.0,1636.0
2026-08-27 11:30:00+09:00,402000.0,404500.0,401500.0,403000.0,1033.0
2026-08-27 11:40:00+09:00,404000.0,405000.0,402500.0,404000.0,1580.0
2026-08-27 11:50:00+09:00,402500.0,404500.0,402500.0,404000.0,702.0
2026-08-27 12:00:00+09:00,404000.0,404000.0,402000.0,403500.0,1918.0
2026-08-27 12:10:00+09:00,402500.0,403500.0,402000.0,403500.0,1488.0
2026-08-27 12:20:00+09:00,403500.0,405500.0,403000.0,403500.0,1185.0
2026-08-27 12:30:00+09:00,404000.0,405000.0,403000.0,403000.0,721.0
2026-08-27 12:40:00+09:00,404500.0,404500.0,399000.0,400000.0,1735.0
2026-08-27 12:50:00+09:00,400000.0,402000.0,400000.0,400500.0,2283.0
2026-08-27 13:00:00+09:00,400500.0,402000.0,399500.0,400000.0,999.0
2026-08-27 13:10:00+09:00,400000.0,403000.0,399500.0,401000.0,1136.0
2026-08-27 13:20:00+09:00,401000.0,402500.0,400500.0,402000.0,971.0
2026-08-27 13:30:00+09:00,401500.0,403000.0,401000.0,401500.0,891.0
2026-08-27 13:40:00+09:00,401500.0,403500.0,400500.0,402000.0,1198.0
2026-08-27 13:50:00+09:00,402000.0,403500.0,400500.0,401500.0,1341.0
2026-08-27 14:00:00+09:00,401500.0,406000.0,401500.0,405500.0,1141.0
2026-08-27 14:10:00+09:00,405500.0,406500.0,402000.0,404000.0,1610.0
2026-08-27 14:20:00+09:00,404000.0,405000.0,402500.0,404000.0,1050.0
2026-08-27 14:30:00+09:00,404000.0,405000.0,403500.0,404500.0,1168.0
2026-08-27 14:40:00+09:00,405500.0,405500.0,404000.0,405500.0,1139.0
2026-08-27 14:50:00+09:00,405500.0,406000.0,404000.0,405000.0,1302.0
2026-08-28 09:00:00+09:00,397000.0,406500.0,396000.0,400500.0,4307.0
2026-08-28 09:10:00+09:00,400500.0,400500.0,396000.0,397500.0,1470.0
2026-08-28 09:20:00+09:00,397500.0,404000.0,397000.0,401000.0,3227.0
2026-08-28 09:30:00+09:00,401000.0,402500.0,399000.0,399000.0,2444.0
2026-08-28 09:40:00+09:00,399000.0,404500.0,398000.0,403500.0,1447.0
2026-08-28 09:50:00+09:00,403000.0,406000.0,401000.0,401500.0,1991.0
2026-08-28 10:00:00+09:00,402000.0,403500.0,400000.0,402000.0,1930.0
2026-08-28 10:10:00+09:00,402000.0,404500.0,400500.0,402000.0,1311.0
2026-08-28 10:20:00+09:00,402000.0,403500.0,400500.0,400500.0,531.0
2026-08-28 10:30:00+09:00,400500.0,401000.0,396000.0,396000.0,2600.0
2026-08-28 10:40:00+09:00,396000.0,397000.0,395000.0,395000.0,1436.0
2026-08-28 10:50:00+09:00,395000.0,397000.0,394000.0,397000.0,981.0
2026-08-28 11:00:00+09:00,397500.0,404500.0,397500.0,403000.0,2393.0
2026-08-28 11:10:00+09:00,403500.0,405000.0,402500.0,404000.0,1411.0
2026-08-28 11:20:00+09:00,403500.0,403500.0,401000.0,402000.0,1052.0
2026-08-28 11:30:00+09:00,402000.0,402500.0,400000.0,402000.0,1516.0
2026-08-28 11:40:00+09:00,402000.0,403000.0,401500.0,402500.0,817.0
2026-08-28 11:50:00+09:00,402500.0,403500.0,401500.0,403500.0,991.0
2026-08-28 12:00:00+09:00,403000.0,404000.0,402500.0,402500.0,849.0
2026-08-28 12:10:00+09:00,402500.0,403500.0,402500.0,403000.0,866.0
2026-08-28 12:20:00+09:00,402500.0,404000.0,402500.0,403500.0,891.0
2026-08-28 12:30:00+09:00,403500.0,404000.0,402500.0,403000.0,883.0
2026-08-28 12:40:00+09:00,403000.0,403500.0,401000.0,402500.0,1007.0
2026-08-28 12:50:00+09:00,403000.0,404500.0,402000.0,404000.0,915.0
2026-08-28 13:00:00+09:00,404000.0,404500.0,401500.0,401500.0,918.0
2026-08-28 13:10:00+09:00,401500.0,403500.0,401500.0,402000.0,1103.0
2026-08-28 13:20:00+09:00,402000.0,403000.0,401000.0,402500.0,954.0
2026-08-28 13:30:00+09:00,402000.0,403000.0,401000.0,401500.0,891.0
2026-08-28 13:40:00+09:00,401500.0,403000.0,401000.0,402500.0,934.0
2026-08-28 13:50:00+09:00,402500.0,403500.0,401500.0,402000.0,885.0
2026-08-28 14:00:00+09:00,402000.0,402500.0,399000.0,400000.0,1377.0
2026-08-28 14:10:00+09:00,400000.0,400500.0,394500.0,397000.0,3460.0
2026-08-28 14:20:00+09:00,397000.0,399000.0,396000.0,397500.0,1289.0
2026-08-28 14:30:00+09:00,397500.0,398500.0,396500.0,397000.0,1037.0
2026-08-28 14:40:00+09:00,396500.0,398000.0,394000.0,394500.0,2246.0
2026-08-28 14:50:00+09:00,395000.0,397500.0,394500.0,396500.0,2598.0
2026-08-31 09:00:00+09:00,384500.0,386000.0,375000.0,377500.0,1295.0
2026-08-31 09:10:00+09:00,377000.0,385000.0,377000.0,381000.0,2782.0
2026-08-31 09:20:00+09:00,381000.0,386500.0,381000.0,384000.0,2657.0
2026-08-31 09:30:00+09:00,384500.0,389500.0,384000.0,385000.0,2512.0
2026-08-31 09:40:00+09:00,385000.0,388000.0,384000.0,386500.0,2503.0
2026-08-31 09:50:00+09:00,386500.0,391000.0,386500.0,388000.0,3095.0
2026-08-31 10:00:00+09:00,388000.0,388000.0,381500.0,382000.0,2987.0
2026-08-31 10:10:00+09:00,382000.0,384500.0,381000.0,383000.0,2905.0
2026-08-31 10:20:00+09:00,383500.0,385500.0,382500.0,385500.0,2997.0
2026-08-31 10:30:00+09:00,385000.0,388500.0,384000.0,386500.0,2802.0
2026-08-31 10:40:00+09:00,386000.0,388500.0,385000.0,388000.0,2398.0
2026-08-31 10:50:00+09:00,388500.0,389500.0,388000.0,389500.0,1934.0
2026-08-31 11:00:00+09:00,389500.0,396000.0,388500.0,394500.0,2432.0
2026-08-31 11:10:00+09:00,394000.0,395000.0,390500.0,391500.0,1945.0
2026-08-31 11:20:00+09:00,391500.0,392000.0,390000.0,391500.0,1555.0
2026-08-31 11:30:00+09:00,391500.0,401500.0,391000.0,396000.0,3644.0
2026-08-31 11:40:00+09:00,396000.0,398500.0,396000.0,397500.0,1738.0
2026-08-31 11:50:00+09:00,397000.0,399500.0,396000.0,399500.0,2755.0
2026-08-31 12:00:00+09:00,399500.0,402500.0,399500.0,402500.0,2164.0
2026-08-31 12:10:00+09:00,402500.0,402500.0,400500.0,400750.0,2099.0
2026-08-31 12:20:00+09:00,401000.0,405000.0,400500.0,403250.0,3037.0
2026-08-31 12:30:00+09:00,403500.0,404500.0,402500.0,403250.0,2090.0
2026-08-31 12:40:00+09:00,403250.0,404500.0,402500.0,404500.0,2182.0
2026-08-31 12:50:00+09:00,404750.0,405000.0,402500.0,404000.0,1985.0
2026-08-31 13:00:00+09:00,403500.0,410000.0,403500.0,410000.0,2700.0
2026-08-31 13:10:00+09:00,410000.0,411500.0,409000.0,411500.0,2384.0
2026-08-31 13:20:00+09:00,411500.0,411500.0,406500.0,408500.0,2941.0
2026-08-31 13:30:00+09:00,408500.0,412500.0,408000.0,412250.0,4049.0
2026-08-31 13:40:00+09:00,412500.0,412500.0,406000.0,409750.0,4099.0
2026-08-31 13:50:00+09:00,409750.0,412000.0,408000.0,408500.0,4673.0
2026-08-31 14:00:00+09:00,408500.0,410000.0,406500.0,408500.0,3749.0
2026-08-31 14:10:00+09:00,408500.0,414000.0,408000.0,412000.0,3519.0
2026-08-31 14:20:00+09:00,412000.0,414000.0,409500.0,411500.0,4316.0
2026-08-31 14:30:00+09:00,411000.0,411000.0,406000.0,406000.0,2557.0
2026-08-31 14:40:00+09:00,406000.0,408500.0,404000.0,405500.0,2813.0
2026-08-31 14:50:00+09:00,405500.0,406000.0,401500.0,404000.0,5065.0
2026-09-01 09:00:00+09:00,399000.0,408000.0,397000.0,398500.0,5717.0
2026-09-01 09:10:00+09:00,399000.0,399500.0,390500.0,393000.0,4649.0
2026-09-01 09:20:00+09:00,393500.0,399500.0,392000.0,398500.0,3591.0
2026-09-01 09:30:00+09:00,399000.0,403000.0,394500.0,395000.0,4305.0
2026-09-01 09:40:00+09:00,395000.0,399000.0,395000.0,398000.0,1883.0
2026-09-01 09:50:00+09:00,398000.0,403500.0,395500.0,403500.0,2268.0
2026-09-01 10:00:00+09:00,402500.0,404500.0,400000.0,402000.0,2551.0
2026-09-01 10:10:00+09:00,401000.0,402000.0,399000.0,401500.0,1075.0
2026-09-01 10:20:00+09:00,401500.0,402000.0,397000.0,398000.0,1627.0
2026-09-01 10:30:00+09:00,397500.0,398500.0,397000.0,398500.0,853.0
2026-09-01 10:40:00+09:00,398500.0,399500.0,397500.0,398250.0,845.0
2026-09-01 10:50:00+09:00,398500.0,398500.0,394500.0,395500.0,2113.0
2026-09-01 11:00:00+09:00,395500.0,397000.0,395000.0,396000.0,671.0
2026-09-01 11:10:00+09:00,396000.0,398000.0,396000.0,397000.0,831.0
2026-09-01 11:20:00+09:00,397000.0,397000.0,393500.0,394000.0,1185.0
2026-09-01 11:30:00+09:00,394000.0,395000.0,393500.0,393500.0,847.0
2026-09-01 11:40:00+09:00,393500.0,394500.0,392750.0,394500.0,1332.0
2026-09-01 11:50:00+09:00,394000.0,394000.0,392500.0,393000.0,1134.0
2026-09-01 12:00:00+09:00,392500.0,393500.0,392500.0,393000.0,819.0
2026-09-01 12:10:00+09:00,392500.0,393000.0,391500.0,391500.0,807.0
2026-09-01 12:20:00+09:00,391500.0,392000.0,390500.0,391000.0,823.0
2026-09-01 12:30:00+09:00,391000.0,393500.0,390500.0,391500.0,2030.0
2026-09-01 12:40:00+09:00,391500.0,393500.0,390500.0,393500.0,1229.0
2026-09-01 12:50:00+09:00,393000.0,393500.0,392500.0,393000.0,860.0
2026-09-01 13:00:00+09:00,393000.0,396500.0,392500.0,393500.0,1465.0
2026-09-01 13:10:00+09:00,393500.0,394000.0,393000.0,393500.0,551.0
2026-09-01 13:20:00+09:00,393500.0,394500.0,392500.0,393000.0,1090.0
2026-09-01 13:30:00+09:00,392500.0,394000.0,392000.0,392500.0,1206.0
2026-09-01 13:40:00+09:00,392500.0,393000.0,391000.0,393000.0,876.0
2026-09-01 13:50:00+09:00,392500.0,393500.0,391500.0,392000.0,1180.0
2026-09-01 14:00:00+09:00,391500.0,392500.0,391500.0,392500.0,631.0
2026-09-01 14:10:00+09:00,392500.0,393000.0,392000.0,392500.0,1011.0
2026-09-01 14:20:00+09:00,392500.0,394000.0,392500.0,394000.0,1250.0
2026-09-01 14:30:00+09:00,394500.0,395500.0,393500.0,395500.0,2072.0
2026-09-01 14:40:00+09:00,395000.0,395500.0,394000.0,395000.0,1653.0
2026-09-01 14:50:00+09:00,395000.0,396000.0,394000.0,395500.0,2166.0
2026-09-02 09:00:00+09:00,385000.0,390000.0,381500.0,388500.0,3471.0
2026-09-02 09:10:00+09:00,388000.0,398500.0,384000.0,391000.0,4491.0
2026-09-02 09:20:00+09:00,391000.0,403500.0,391000.0,399500.0,7701.0
2026-09-02 09:30:00+09:00,399500.0,402000.0,392500.0,395500.0,3956.0
2026-09-02 09:40:00+09:00,395500.0,401000.0,395500.0,398000.0,3045.0
2026-09-02 09:50:00+09:00,397500.0,399500.0,396000.0,398500.0,1781.0
2026-09-02 10:00:00+09:00,398500.0,401000.0,396500.0,400500.0,2289.0
2026-09-02 10:10:00+09:00,400500.0,407000.0,399000.0,404000.0,3767.0
2026-09-02 10:20:00+09:00,404000.0,405500.0,401000.0,401500.0,2172.0
2026-09-02 10:30:00+09:00,401500.0,403500.0,398500.0,401500.0,1761.0
2026-09-02 10:40:00+09:00,401500.0,410500.0,401500.0,410000.0,3573.0
2026-09-02 10:50:00+09:00,410000.0,410000.0,407000.0,409000.0,2385.0
2026-09-02 11:00:00+09:00,408500.0,411000.0,408000.0,410000.0,2017.0
2026-09-02 11:10:00+09:00,410000.0,412000.0,409500.0,411500.0,2372.0
2026-09-02 11:20:00+09:00,411500.0,414000.0,409000.0,409000.0,4339.0
2026-09-02 11:30:00+09:00,409000.0,410500.0,408500.0,409500.0,1885.0
2026-09-02 11:40:00+09:00,409500.0,412000.0,409000.0,410000.0,1312.0
2026-09-02 11:50:00+09:00,410000.0,410500.0,406500.0,406500.0,1989.0
2026-09-02 12:00:00+09:00,407000.0,407000.0,404000.0,405500.0,1626.0
2026-09-02 12:10:00+09:00,405500.0,406500.0,404500.0,404500.0,750.0
2026-09-02 12:20:00+09:00,405000.0,406000.0,402000.0,405000.0,1197.0
2026-09-02 12:30:00+09:00,404500.0,405500.0,402500.0,404500.0,1560.0
2026-09-02 12:40:00+09:00,404500.0,406000.0,403500.0,405500.0,1191.0
2026-09-02 12:50:00+09:00,405500.0,405500.0,403500.0,404500.0,896.0
2026-09-02 13:00:00+09:00,404500.0,404500.0,399000.0,401500.0,2164.0
2026-09-02 13:10:00+09:00,402000.0,408500.0,401500.0,407500.0,1772.0
2026-09-02 13:20:00+09:00,408000.0,408000.0,403500.0,404500.0,2141.0
2026-09-02 13:30:00+09:00,405000.0,407000.0,404500.0,406000.0,1451.0
2026-09-02 13:40:00+09:00,406500.0,406500.0,404500.0,405500.0,1508.0
2026-09-02 13:50:00+09:00,405750.0,406500.0,404500.0,406000.0,1371.0
2026-09-02 14:00:00+09:00,406500.0,407000.0,404500.0,406000.0,1773.0
2026-09-02 14:10:00+09:00,405500.0,407500.0,405000.0,406500.0,2101.0
2026-09-02 14:20:00+09:00,407000.0,407500.0,406500.0,407000.0,1617.0
2026-09-02 14:30:00+09:00,406750.0,408000.0,404500.0,405500.0,2678.0
2026-09-02 14:40:00+09:00,405500.0,409000.0,405500.0,408500.0,2508.0
2026-09-02 14:50:00+09:00,408500.0,410000.0,406000.0,406500.0,3011.0
2026-09-03 09:00:00+09:00,407000.0,414000.0,405500.0,411500.0,4564.0
2026-09-03 09:10:00+09:00,411000.0,422000.0,410000.0,419500.0,7011.0
2026-09-03 09:20:00+09:00,419500.0,425000.0,413500.0,416500.0,7478.0
2026-09-03 09:30:00+09:00,417500.0,419500.0,411500.0,419000.0,4215.0
2026-09-03 09:40:00+09:00,419000.0,419000.0,413500.0,416000.0,3277.0
2026-09-03 09:50:00+09:00,416500.0,418000.0,414000.0,416500.0,2490.0
2026-09-03 10:00:00+09:00,416500.0,426000.0,416000.0,421500.0,7501.0
2026-09-03 10:10:00+09:00,421500.0,429500.0,420500.0,426000.0,6066.0
2026-09-03 10:20:00+09:00,426000.0,427500.0,422500.0,424500.0,4305.0
2026-09-03 10:30:00+09:00,425000.0,427500.0,423500.0,424500.0,3397.0
2026-09-03 10:40:00+09:00,424500.0,431000.0,424000.0,431000.0,5481.0
2026-09-03 10:50:00+09:00,431000.0,432000.0,426500.0,429000.0,5425.0
2026-09-03 11:00:00+09:00,429000.0,430000.0,426000.0,430000.0,3692.0
2026-09-03 11:10:00+09:00,430000.0,431500.0,428000.0,431000.0,2904.0
2026-09-03 11:20:00+09:00,431000.0,431000.0,427500.0,430000.0,2869.0
2026-09-03 11:30:00+09:00,429500.0,430500.0,427000.0,427000.0,2927.0
2026-09-03 11:40:00+09:00,427000.0,428500.0,425500.0,426000.0,2847.0
2026-09-03 11:50:00+09:00,426000.0,427000.0,422500.0,424500.0,2371.0
2026-09-03 12:00:00+09:00,425000.0,430000.0,423500.0,429000.0,2400.0
2026-09-03 12:10:00+09:00,429000.0,433000.0,428500.0,433000.0,3573.0
2026-09-03 12:20:00+09:00,432500.0,433000.0,431500.0,433000.0,2414.0
2026-09-03 12:30:00+09:00,433000.0,433000.0,429500.0,431500.0,2236.0
2026-09-03 12:40:00+09:00,432000.0,433000.0,429000.0,430500.0,2200.0
2026-09-03 12:50:00+09:00,430500.0,431000.0,424000.0,426000.0,3119.0
2026-09-03 13:00:00+09:00,426000.0,427500.0,424000.0,426500.0,2296.0
2026-09-03 13:10:00+09:00,426500.0,428000.0,426000.0,428000.0,1803.0
2026-09-03 13:20:00+09:00,428000.0,429500.0,426500.0,429000.0,2376.0
2026-09-03 13:30:00+09:00,429000.0,429500.0,427500.0,428500.0,1997.0
2026-09-03 13:40:00+09:00,428500.0,430500.0,427000.0,428500.0,3286.0
2026-09-03 13:50:00+09:00,429000.0,429500.0,426000.0,428000.0,2828.0
2026-09-03 14:00:00+09:00,428500.0,429000.0,425000.0,426000.0,4670.0
2026-09-03 14:10:00+09:00,425500.0,426000.0,417000.0,421500.0,6780.0
2026-09-03 14:20:00+09:00,420500.0,422500.0,416500.0,421500.0,6786.0
2026-09-03 14:30:00+09:00,421500.0,422000.0,419500.0,421500.0,3682.0
2026-09-03 14:40:00+09:00,421500.0,424000.0,419000.0,424000.0,4500.0
2026-09-03 14:50:00+09:00,424000.0,424500.0,419000.0,421000.0,4296.0
2026-09-04 09:00:00+09:00,430500.0,453000.0,428000.0,448500.0,19627.0
2026-09-04 09:10:00+09:00,448500.0,453000.0,444500.0,449000.0,11444.0
2026-09-04 09:20:00+09:00,449000.0,452500.0,445500.0,447500.0,10452.0
2026-09-04 09:30:00+09:00,447500.0,449250.0,444500.0,447000.0,6883.0
2026-09-04 09:40:00+09:00,447000.0,448000.0,442500.0,447500.0,8115.0
2026-09-04 09:50:00+09:00,447500.0,447500.0,434500.0,436000.0,11351.0
2026-09-04 10:00:00+09:00,436000.0,439500.0,433500.0,435500.0,5529.0
2026-09-04 10:10:00+09:00,436000.0,438000.0,434500.0,437000.0,3660.0
2026-09-04 10:20:00+09:00,437500.0,439500.0,436500.0,437000.0,3662.0
2026-09-04 10:30:00+09:00,437500.0,440000.0,437000.0,439000.0,4481.0
2026-09-04 10:40:00+09:00,439000.0,442000.0,435500.0,436000.0,4756.0
2026-09-04 10:50:00+09:00,435500.0,437500.0,434500.0,436500.0,3829.0
2026-09-04 11:00:00+09:00,437000.0,438000.0,435000.0,437000.0,2663.0
2026-09-04 11:10:00+09:00,437500.0,442000.0,436500.0,440500.0,3277.0
2026-09-04 11:20:00+09:00,440500.0,441500.0,440000.0,440500.0,2581.0
2026-09-04 11:30:00+09:00,440000.0,441000.0,438000.0,440500.0,2664.0
2026-09-04 11:40:00+09:00,440000.0,442000.0,440000.0,441500.0,2565.0
2026-09-04 11:50:00+09:00,441500.0,443500.0,441000.0,443000.0,2710.0
2026-09-04 12:00:00+09:00,442500.0,444000.0,441000.0,442500.0,2464.0
2026-09-04 12:10:00+09:00,442500.0,444000.0,442250.0,443500.0,2312.0
2026-09-04 12:20:00+09:00,443500.0,445000.0,440500.0,443500.0,3003.0
2026-09-04 12:30:00+09:00,443500.0,444500.0,442000.0,444500.0,2846.0
2026-09-04 12:40:00+09:00,444500.0,445000.0,443500.0,444250.0,2647.0
2026-09-04 12:50:00+09:00,444500.0,445000.0,442500.0,444000.0,3429.0
2026-09-04 13:00:00+09:00,443500.0,444000.0,441000.0,442500.0,2328.0
2026-09-04 13:10:00+09:00,443000.0,444000.0,441500.0,442500.0,2126.0
2026-09-04 13:20:00+09:00,443000.0,445000.0,442000.0,444500.0,2112.0
2026-09-04 13:30:00+09:00,444000.0,445500.0,443500.0,444500.0,2642.0
2026-09-04 13:40:00+09:00,444500.0,446500.0,442500.0,443000.0,2668.0
2026-09-04 13:50:00+09:00,443500.0,445500.0,442500.0,443000.0,2198.0
2026-09-04 14:00:00+09:00,443000.0,445000.0,442000.0,444000.0,2916.0
2026-09-04 14:10:00+09:00,443500.0,445500.0,443500.0,444250.0,1960.0
2026-09-04 14:20:00+09:00,444500.0,445000.0,442000.0,443500.0,2502.0
2026-09-04 14:30:00+09:00,443250.0,444000.0,439000.0,441000.0,4365.0
2026-09-04 14:40:00+09:00,441000.0,443500.0,440000.0,442000.0,3161.0
2026-09-04 14:50:00+09:00,441500.0,444000.0,440500.0,444000.0,3372.0
2026-09-07 09:00:00+09:00,468000.0,475000.0,461000.0,474000.0,4751.0
2026-09-07 09:10:00+09:00,475000.0,475000.0,469500.0,473500.0,6452.0
2026-09-07 09:20:00+09:00,473000.0,474500.0,467000.0,472500.0,8987.0
2026-09-07 09:30:00+09:00,472500.0,475000.0,471500.0,473500.0,4809.0
2026-09-07 09:40:00+09:00,473500.0,474500.0,469000.0,471000.0,5185.0
2026-09-07 09:50:00+09:00,471000.0,473000.0,468500.0,471500.0,5187.0
2026-09-07 10:00:00+09:00,471500.0,471500.0,464000.0,465500.0,6595.0
2026-09-07 10:10:00+09:00,465000.0,465500.0,463500.0,464500.0,1930.0
2026-09-07 10:20:00+09:00,464500.0,464500.0,458500.0,460000.0,3083.0
2026-09-07 10:30:00+09:00,460000.0,462000.0,458500.0,461000.0,2235.0
2026-09-07 10:40:00+09:00,461000.0,461500.0,458500.0,459500.0,1730.0
2026-09-07 10:50:00+09:00,460000.0,460500.0,458500.0,459000.0,1607.0
2026-09-07 11:00:00+09:00,459500.0,464500.0,459000.0,462000.0,3493.0
2026-09-07 11:10:00+09:00,461500.0,461500.0,458500.0,460000.0,2526.0
2026-09-07 11:20:00+09:00,460500.0,460500.0,457500.0,459500.0,3218.0
2026-09-07 11:30:00+09:00,459000.0,461000.0,458000.0,458500.0,2596.0
2026-09-07 11:40:00+09:00,458500.0,459500.0,457500.0,459000.0,1131.0
2026-09-07 11:50:00+09:00,459000.0,459500.0,458000.0,458500.0,999.0
2026-09-07 12:00:00+09:00,458000.0,462500.0,458000.0,461000.0,1860.0
2026-09-07 12:10:00+09:00,461500.0,462000.0,460500.0,460500.0,2043.0
2026-09-07 12:20:00+09:00,461000.0,461000.0,460000.0,461000.0,1318.0
2026-09-07 12:30:00+09:00,460500.0,461000.0,458500.0,459000.0,1712.0
2026-09-07 12:40:00+09:00,459000.0,460000.0,458500.0,459500.0,1087.0
2026-09-07 12:50:00+09:00,459500.0,460000.0,456500.0,457500.0,2780.0
2026-09-07 13:00:00+09:00,457500.0,459000.0,450000.0,450000.0,5572.0
2026-09-07 13:10:00+09:00,450000.0,453500.0,447000.0,452000.0,6037.0
2026-09-07 13:20:00+09:00,452000.0,454000.0,451000.0,453000.0,2539.0
2026-09-07 13:30:00+09:00,452500.0,458000.0,449500.0,453500.0,3949.0
2026-09-07 13:40:00+09:00,453000.0,454500.0,450000.0,453000.0,2526.0
2026-09-07 13:50:00+09:00,453000.0,453500.0,452000.0,452500.0,1751.0
2026-09-07 14:00:00+09:00,453000.0,453500.0,451500.0,452500.0,3112.0
2026-09-07 14:10:00+09:00,452500.0,454000.0,452000.0,453000.0,2061.0
2026-09-07 14:20:00+09:00,453500.0,455000.0,453000.0,454500.0,2173.0
2026-09-07 14:30:00+09:00,454000.0,456500.0,453000.0,455000.0,4432.0
2026-09-07 14:40:00+09:00,454500.0,456000.0,452000.0,453000.0,3743.0
2026-09-07 14:50:00+09:00,453500.0,456000.0,453000.0,455500.0,5422.0
2026-09-08 09:00:00+09:00,455500.0,469500.0,455500.0,468500.0,5904.0
2026-09-08 09:10:00+09:00,468500.0,473000.0,466000.0,468500.0,6640.0
2026-09-08 09:20:00+09:00,468000.0,469500.0,463500.0,465000.0,3282.0
2026-09-08 09:30:00+09:00,464000.0,468000.0,458500.0,460500.0,3655.0
2026-09-08 09:40:00+09:00,460500.0,461500.0,456000.0,459500.0,3314.0
2026-09-08 09:50:00+09:00,460000.0,460000.0,455000.0,458500.0,5613.0
2026-09-08 10:00:00+09:00,457500.0,459500.0,454500.0,455500.0,3253.0
2026-09-08 10:10:00+09:00,455000.0,455500.0,446500.0,447500.0,7674.0
2026-09-08 10:20:00+09:00,447500.0,448500.0,445500.0,446000.0,3700.0
2026-09-08 10:30:00+09:00,445500.0,448500.0,445000.0,446500.0,3804.0
2026-09-08 10:40:00+09:00,447000.0,450500.0,444500.0,450500.0,4351.0
2026-09-08 10:50:00+09:00,450000.0,454500.0,449500.0,452500.0,4554.0
2026-09-08 11:00:00+09:00,452500.0,456000.0,452500.0,455000.0,4026.0
2026-09-08 11:10:00+09:00,455000.0,455500.0,452500.0,454000.0,2052.0
2026-09-08 11:20:00+09:00,454000.0,455000.0,453000.0,455000.0,2128.0
2026-09-08 11:30:00+09:00,454500.0,457500.0,454000.0,456500.0,2860.0
2026-09-08 11:40:00+09:00,456500.0,460000.0,455500.0,456000.0,2972.0
2026-09-08 11:50:00+09:00,456000.0,457000.0,453500.0,454500.0,1983.0
2026-09-08 12:00:00+09:00,454000.0,457000.0,453500.0,456000.0,2168.0
2026-09-08 12:10:00+09:00,456000.0,458000.0,455500.0,456000.0,1814.0
2026-09-08 12:20:00+09:00,455500.0,458000.0,455500.0,456500.0,2016.0
2026-09-08 12:30:00+09:00,456000.0,456500.0,454500.0,456500.0,1992.0
2026-09-08 12:40:00+09:00,456000.0,457000.0,455000.0,456500.0,1466.0
2026-09-08 12:50:00+09:00,456000.0,458000.0,455000.0,457000.0,2116.0
2026-09-08 13:00:00+09:00,456500.0,458500.0,456000.0,457000.0,1649.0
2026-09-08 13:10:00+09:00,457500.0,458500.0,453500.0,455500.0,2042.0
2026-09-08 13:20:00+09:00,455000.0,457500.0,453500.0,455000.0,1979.0
2026-09-08 13:30:00+09:00,454500.0,456000.0,454000.0,456000.0,3037.0
2026-09-08 13:40:00+09:00,455500.0,456500.0,454000.0,454000.0,2608.0
2026-09-08 13:50:00+09:00,454000.0,454500.0,450000.0,452500.0,2773.0
2026-09-08 14:00:00+09:00,452500.0,454500.0,450000.0,450500.0,3212.0
2026-09-08 14:10:00+09:00,450000.0,454000.0,450000.0,453500.0,2128.0
2026-09-08 14:20:00+09:00,453500.0,456000.0,453000.0,453500.0,2375.0
2026-09-08 14:30:00+09:00,453500.0,455500.0,452000.0,455500.0,3130.0
2026-09-08 14:40:00+09:00,454500.0,456000.0,452000.0,453500.0,2873.0
2026-09-08 14:50:00+09:00,453500.0,454000.0,449500.0,449500.0,4807.0
2026-09-09 09:00:00+09:00,447500.0,462000.0,447500.0,456000.0,5875.0
2026-09-09 09:10:00+09:00,456500.0,460500.0,456000.0,459000.0,3656.0
2026-09-09 09:20:00+09:00,458500.0,460500.0,450500.0,451500.0,4505.0
2026-09-09 09:30:00+09:00,451000.0,452000.0,444000.0,445500.0,3611.0
2026-09-09 09:40:00+09:00,445750.0,452500.0,444000.0,450500.0,3825.0
2026-09-09 09:50:00+09:00,450500.0,455000.0,448500.0,453500.0,1692.0
2026-09-09 10:00:00+09:00,453000.0,457000.0,452500.0,455000.0,1529.0
2026-09-09 10:10:00+09:00,455000.0,459000.0,452500.0,458000.0,1879.0
2026-09-09 10:20:00+09:00,458500.0,459000.0,456000.0,456500.0,1791.0
2026-09-09 10:30:00+09:00,456500.0,457500.0,455000.0,456500.0,1246.0
2026-09-09 10:40:00+09:00,456500.0,461500.0,456000.0,460500.0,4157.0
2026-09-09 10:50:00+09:00,460000.0,462500.0,458500.0,462000.0,3909.0
2026-09-09 11:00:00+09:00,461500.0,464000.0,460500.0,464000.0,3247.0
2026-09-09 11:10:00+09:00,464000.0,466000.0,462000.0,462000.0,3645.0
2026-09-09 11:20:00+09:00,462000.0,464500.0,461500.0,464500.0,1653.0
2026-09-09 11:30:00+09:00,464000.0,466500.0,464000.0,465500.0,1964.0
2026-09-09 11:40:00+09:00,465000.0,465500.0,463000.0,463500.0,1269.0
2026-09-09 11:50:00+09:00,463500.0,465000.0,463000.0,464000.0,1575.0
2026-09-09 12:00:00+09:00,464500.0,467500.0,464000.0,467000.0,1890.0
2026-09-09 12:10:00+09:00,466500.0,467500.0,465500.0,467500.0,1180.0
2026-09-09 12:20:00+09:00,467500.0,468000.0,466000.0,467000.0,1273.0
2026-09-09 12:30:00+09:00,466500.0,469000.0,466500.0,468000.0,1342.0
2026-09-09 12:40:00+09:00,468000.0,468500.0,463500.0,464500.0,1443.0
2026-09-09 12:50:00+09:00,464500.0,466000.0,462500.0,463500.0,1091.0
2026-09-09 13:00:00+09:00,463000.0,466000.0,463000.0,465000.0,973.0
2026-09-09 13:10:00+09:00,465000.0,466000.0,462000.0,462500.0,2137.0
2026-09-09 13:20:00+09:00,463000.0,466500.0,462000.0,466000.0,1244.0
2026-09-09 13:30:00+09:00,466250.0,468000.0,465500.0,466500.0,1617.0
2026-09-09 13:40:00+09:00,466500.0,469500.0,465500.0,469500.0,2283.0
2026-09-09 13:50:00+09:00,469000.0,469500.0,467500.0,468000.0,1592.0
2026-09-09 14:00:00+09:00,468500.0,468500.0,466000.0,467500.0,2067.0
2026-09-09 14:10:00+09:00,467500.0,472000.0,467000.0,467250.0,3878.0
2026-09-09 14:20:00+09:00,467500.0,468500.0,465500.0,467000.0,3292.0
2026-09-09 14:30:00+09:00,466500.0,469000.0,465500.0,469000.0,2671.0
2026-09-09 14:40:00+09:00,468500.0,471000.0,468500.0,471000.0,1958.0
2026-09-09 14:50:00+09:00,471000.0,472000.0,469000.0,470000.0,3393.0
2026-09-10 09:00:00+09:00,466500.0,470500.0,460500.0,460500.0,4157.0
2026-09-10 09:10:00+09:00,461000.0,473000.0,460500.0,470000.0,5029.0
2026-09-10 09:20:00+09:00,470500.0,472500.0,466000.0,466500.0,3199.0
2026-09-10 09:30:00+09:00,466000.0,469500.0,463500.0,466000.0,2415.0
2026-09-10 09:40:00+09:00,465500.0,470000.0,463500.0,468000.0,2665.0
2026-09-10 09:50:00+09:00,467500.0,467500.0,459000.0,460500.0,4244.0
2026-09-10 10:00:00+09:00,460500.0,468000.0,459500.0,463000.0,4785.0
2026-09-10 10:10:00+09:00,463000.0,467500.0,461500.0,463000.0,3710.0
2026-09-10 10:20:00+09:00,463000.0,463000.0,458000.0,458500.0,2558.0
2026-09-10 10:30:00+09:00,458500.0,462500.0,458000.0,462000.0,1825.0
2026-09-10 10:40:00+09:00,462000.0,466000.0,461500.0,465500.0,2153.0
2026-09-10 10:50:00+09:00,466000.0,469000.0,463000.0,467500.0,3079.0
2026-09-10 11:00:00+09:00,467500.0,476500.0,466000.0,470500.0,9273.0
2026-09-10 11:10:00+09:00,470000.0,475000.0,470000.0,473500.0,6198.0
2026-09-10 11:20:00+09:00,474000.0,474000.0,468500.0,469500.0,5780.0
2026-09-10 11:30:00+09:00,469500.0,471500.0,466500.0,471000.0,6383.0
2026-09-10 11:40:00+09:00,471500.0,472500.0,469000.0,472000.0,9578.0
2026-09-10 11:50:00+09:00,472000.0,474000.0,470500.0,472500.0,13487.0
2026-09-10 12:00:00+09:00,472500.0,483000.0,472000.0,482500.0,19366.0
2026-09-10 12:10:00+09:00,482000.0,488500.0,479500.0,488000.0,16455.0
2026-09-10 12:20:00+09:00,487500.0,489500.0,485000.0,485500.0,17087.0
2026-09-10 12:30:00+09:00,486000.0,488000.0,481500.0,481500.0,16303.0
2026-09-10 12:40:00+09:00,482000.0,484000.0,480500.0,482500.0,14192.0
2026-09-10 12:50:00+09:00,482500.0,483000.0,474500.0,476000.0,15380.0
2026-09-10 13:00:00+09:00,476000.0,478500.0,469500.0,470500.0,16999.0
2026-09-10 13:10:00+09:00,470000.0,474000.0,468000.0,471500.0,14960.0
2026-09-10 13:20:00+09:00,472000.0,473000.0,470000.0,471500.0,14219.0
2026-09-10 13:30:00+09:00,471500.0,472000.0,469000.0,472000.0,14269.0
2026-09-10 13:40:00+09:00,472000.0,473500.0,470000.0,470000.0,13791.0
2026-09-10 13:50:00+09:00,470000.0,471500.0,466500.0,467000.0,14488.0
2026-09-10 14:00:00+09:00,466500.0,472500.0,465000.0,471000.0,16179.0
2026-09-10 14:10:00+09:00,471500.0,472000.0,469500.0,470000.0,14382.0
2026-09-10 14:20:00+09:00,470500.0,472000.0,469000.0,471500.0,14013.0
2026-09-10 14:30:00+09:00,471500.0,475500.0,471500.0,474000.0,15997.0
2026-09-10 14:40:00+09:00,474000.0,476000.0,471000.0,472500.0,15399.0
2026-09-10 14:50:00+09:00,472500.0,473500.0,469500.0,470500.0,15100.0
2026-09-11 09:00:00+09:00,444500.0,449500.0,436000.0,442000.0,5933.0
2026-09-11 09:10:00+09:00,442000.0,444000.0,437500.0,437500.0,5000.0
2026-09-11 09:20:00+09:00,438000.0,444000.0,438000.0,442000.0,2764.0
2026-09-11 09:30:00+09:00,441500.0,442000.0,438500.0,439000.0,3134.0
2026-09-11 09:40:00+09:00,439000.0,441500.0,435000.0,437000.0,7171.0
2026-09-11 09:50:00+09:00,437500.0,443000.0,437000.0,442500.0,3318.0
2026-09-11 10:00:00+09:00,442500.0,444000.0,438000.0,439500.0,4204.0
2026-09-11 10:10:00+09:00,439500.0,441500.0,438000.0,438000.0,1510.0
2026-09-11 10:20:00+09:00,438500.0,441500.0,437500.0,439500.0,1448.0
2026-09-11 10:30:00+09:00,439500.0,443500.0,439500.0,442000.0,3527.0
2026-09-11 10:40:00+09:00,441500.0,442500.0,439500.0,441500.0,1939.0
2026-09-11 10:50:00+09:00,441500.0,445000.0,440500.0,443000.0,2536.0
2026-09-11 11:00:00+09:00,443000.0,447000.0,443000.0,446000.0,3669.0
2026-09-11 11:10:00+09:00,445000.0,448500.0,445000.0,448000.0,2659.0
2026-09-11 11:20:00+09:00,448500.0,449000.0,445000.0,446000.0,2380.0
2026-09-11 11:30:00+09:00,446000.0,446500.0,444000.0,446000.0,1560.0
2026-09-11 11:40:00+09:00,446000.0,447500.0,444000.0,447500.0,3403.0
2026-09-11 11:50:00+09:00,447000.0,447500.0,445000.0,447000.0,2047.0
2026-09-11 12:00:00+09:00,447000.0,447000.0,444000.0,445500.0,1622.0
2026-09-11 12:10:00+09:00,446000.0,446000.0,444500.0,445500.0,1418.0
2026-09-11 12:20:00+09:00,445500.0,446000.0,443000.0,443500.0,2359.0
2026-09-11 12:30:00+09:00,443000.0,444000.0,441000.0,442500.0,1529.0
2026-09-11 12:40:00+09:00,442500.0,445500.0,442500.0,444500.0,1437.0
2026-09-11 12:50:00+09:00,444000.0,446000.0,442000.0,445000.0,2397.0
2026-09-11 13:00:00+09:00,445000.0,445000.0,443000.0,445000.0,1535.0
2026-09-11 13:10:00+09:00,444000.0,445500.0,444000.0,444500.0,1816.0
2026-09-11 13:20:00+09:00,444500.0,448500.0,444500.0,448000.0,1751.0
2026-09-11 13:30:00+09:00,448500.0,449000.0,447000.0,448500.0,1683.0
2026-09-11 13:40:00+09:00,448500.0,450000.0,448000.0,449500.0,2633.0
2026-09-11 13:50:00+09:00,449500.0,450000.0,448500.0,449500.0,2248.0
2026-09-11 14:00:00+09:00,449000.0,453000.0,449000.0,452500.0,2063.0
2026-09-11 14:10:00+09:00,452500.0,454000.0,452000.0,452500.0,2048.0
2026-09-11 14:20:00+09:00,453000.0,453000.0,450500.0,451000.0,2432.0
2026-09-11 14:30:00+09:00,450500.0,452000.0,450500.0,451500.0,1736.0
2026-09-11 14:40:00+09:00,451500.0,452000.0,447000.0,448000.0,4794.0
2026-09-11 14:50:00+09:00,448000.0,450000.0,446000.0,446500.0,3686.0
2026-09-14 09:00:00+09:00,432000.0,444500.0,426000.0,439000.0,3802.0
2026-09-14 09:10:00+09:00,438000.0,440500.0,430500.0,431000.0,5395.0
2026-09-14 09:20:00+09:00,431000.0,433500.0,427000.0,429500.0,6469.0
2026-09-14 09:30:00+09:00,429000.0,432500.0,427500.0,427500.0,2784.0
2026-09-14 09:40:00+09:00,427500.0,433500.0,427500.0,433500.0,1906.0
2026-09-14 09:50:00+09:00,433500.0,434000.0,430000.0,431000.0,1433.0
2026-09-14 10:00:00+09:00,430500.0,431000.0,427000.0,429500.0,2000.0
2026-09-14 10:10:00+09:00,429000.0,430500.0,426500.0,428000.0,1880.0
2026-09-14 10:20:00+09:00,428000.0,430000.0,427500.0,429500.0,1643.0
2026-09-14 10:30:00+09:00,430000.0,431500.0,428000.0,430500.0,1377.0
2026-09-14 10:40:00+09:00,430500.0,434500.0,429500.0,433500.0,2122.0
2026-09-14 10:50:00+09:00,433500.0,437500.0,433000.0,436500.0,2243.0
2026-09-14 11:00:00+09:00,436000.0,437000.0,434000.0,435500.0,1549.0
2026-09-14 11:10:00+09:00,436000.0,436500.0,433500.0,436500.0,1229.0
2026-09-14 11:20:00+09:00,435500.0,436500.0,434500.0,436000.0,1474.0
2026-09-14 11:30:00+09:00,435500.0,436500.0,434000.0,435000.0,1167.0
2026-09-14 11:40:00+09:00,435000.0,436000.0,433500.0,434000.0,774.0
2026-09-14 11:50:00+09:00,434500.0,436500.0,434500.0,435000.0,1040.0
2026-09-14 12:00:00+09:00,435000.0,436500.0,434000.0,435500.0,1133.0
2026-09-14 12:10:00+09:00,435500.0,436000.0,434000.0,434000.0,750.0
2026-09-14 12:20:00+09:00,434000.0,434500.0,430500.0,431500.0,2111.0
2026-09-14 12:30:00+09:00,431500.0,432500.0,431000.0,431500.0,1249.0
2026-09-14 12:40:00+09:00,431500.0,434000.0,431000.0,431000.0,2443.0
2026-09-14 12:50:00+09:00,431000.0,433000.0,430000.0,430000.0,2361.0
2026-09-14 13:00:00+09:00,430000.0,430500.0,427000.0,428500.0,2283.0
2026-09-14 13:10:00+09:00,428000.0,430500.0,427000.0,429000.0,2854.0
2026-09-14 13:20:00+09:00,428500.0,429000.0,427500.0,427500.0,643.0
2026-09-14 13:30:00+09:00,428000.0,428500.0,427000.0,427000.0,2792.0
2026-09-14 13:40:00+09:00,427000.0,427500.0,426500.0,427000.0,762.0
2026-09-14 13:50:00+09:00,426500.0,429000.0,426000.0,428500.0,4599.0
2026-09-14 14:00:00+09:00,428500.0,430500.0,428000.0,430000.0,1884.0
2026-09-14 14:10:00+09:00,430000.0,430500.0,428000.0,429500.0,2217.0
2026-09-14 14:20:00+09:00,429250.0,430500.0,428500.0,430500.0,3379.0
2026-09-14 14:30:00+09:00,430500.0,432000.0,429000.0,431500.0,2298.0
2026-09-14 14:40:00+09:00,431000.0,433000.0,430000.0,431500.0,2804.0
2026-09-14 14:50:00+09:00,431500.0,433000.0,430000.0,430500.0,2811.0
2026-09-15 09:00:00+09:00,430500.0,435500.0,426500.0,430500.0,2419.0
2026-09-15 09:10:00+09:00,431000.0,437000.0,427000.0,437000.0,3296.0
2026-09-15 09:20:00+09:00,437000.0,449000.0,437000.0,443500.0,6197.0
2026-09-15 09:30:00+09:00,444500.0,450000.0,443500.0,449500.0,4244.0
2026-09-15 09:40:00+09:00,449500.0,450000.0,447000.0,449000.0,2348.0
2026-09-15 09:50:00+09:00,448500.0,451500.0,447500.0,449500.0,2745.0
2026-09-15 10:00:00+09:00,449500.0,451500.0,447500.0,450500.0,1904.0
2026-09-15 10:10:00+09:00,450500.0,454000.0,449500.0,452500.0,3131.0
2026-09-15 10:20:00+09:00,452500.0,456500.0,451000.0,451500.0,5165.0
2026-09-15 10:30:00+09:00,451500.0,453000.0,448000.0,450500.0,1596.0
2026-09-15 10:40:00+09:00,450500.0,454500.0,449500.0,453750.0,2061.0
2026-09-15 10:50:00+09:00,454000.0,454500.0,452500.0,454000.0,1884.0
2026-09-15 11:00:00+09:00,454000.0,454500.0,451500.0,453500.0,1373.0
2026-09-15 11:10:00+09:00,453500.0,455000.0,453000.0,454000.0,1061.0
2026-09-15 11:20:00+09:00,453500.0,455000.0,451500.0,454000.0,907.0
2026-09-15 11:30:00+09:00,454000.0,455500.0,453000.0,455000.0,1298.0
2026-09-15 11:40:00+09:00,455000.0,456000.0,454500.0,456000.0,1320.0
2026-09-15 11:50:00+09:00,456000.0,457000.0,454000.0,457000.0,1071.0
2026-09-15 12:00:00+09:00,457000.0,461000.0,456000.0,460500.0,3314.0
2026-09-15 12:10:00+09:00,460000.0,461500.0,458000.0,458000.0,1729.0
2026-09-15 12:20:00+09:00,458500.0,459500.0,455500.0,457500.0,1327.0
2026-09-15 12:30:00+09:00,457500.0,457500.0,456000.0,456500.0,692.0
2026-09-15 12:40:00+09:00,456500.0,457500.0,455000.0,455500.0,674.0
2026-09-15 12:50:00+09:00,455500.0,457500.0,454000.0,454500.0,726.0
2026-09-15 13:00:00+09:00,455000.0,458500.0,454000.0,456500.0,1089.0
2026-09-15 13:10:00+09:00,456500.0,457000.0,454000.0,454500.0,911.0
2026-09-15 13:20:00+09:00,454500.0,455500.0,451000.0,452000.0,1251.0
2026-09-15 13:30:00+09:00,452000.0,454500.0,449000.0,450500.0,1668.0
2026-09-15 13:40:00+09:00,450500.0,456000.0,450500.0,455000.0,2031.0
2026-09-15 13:50:00+09:00,454500.0,455000.0,452500.0,454500.0,1271.0
2026-09-15 14:00:00+09:00,454000.0,454500.0,449000.0,450000.0,1539.0
2026-09-15 14:10:00+09:00,450000.0,450000.0,446500.0,448000.0,2153.0
2026-09-15 14:20:00+09:00,450000.0,451500.0,446000.0,449000.0,1311.0
2026-09-15 14:30:00+09:00,450000.0,451000.0,445500.0,446500.0,2431.0
2026-09-15 14:40:00+09:00,446500.0,451000.0,446000.0,446000.0,3050.0
2026-09-15 14:50:00+09:00,446500.0,449500.0,445500.0,446000.0,2631.0
2026-09-16 09:00:00+09:00,443500.0,448000.0,439000.0,440000.0,5467.0
2026-09-16 09:10:00+09:00,439500.0,445500.0,438500.0,441500.0,1845.0
2026-09-16 09:20:00+09:00,442000.0,447000.0,441500.0,446000.0,2561.0
2026-09-16 09:30:00+09:00,446000.0,449000.0,442000.0,449000.0,3675.0
2026-09-16 09:40:00+09:00,448500.0,448500.0,440500.0,444500.0,3065.0
2026-09-16 09:50:00+09:00,444500.0,445000.0,441500.0,443500.0,833.0
2026-09-16 10:00:00+09:00,443500.0,446000.0,440500.0,444000.0,1370.0
2026-09-16 10:10:00+09:00,443500.0,449000.0,443500.0,448500.0,1128.0
2026-09-16 10:20:00+09:00,449000.0,455500.0,447000.0,453500.0,4228.0
2026-09-16 10:30:00+09:00,453500.0,454000.0,448000.0,449500.0,1713.0
2026-09-16 10:40:00+09:00,449500.0,453000.0,448000.0,451000.0,1343.0
2026-09-16 10:50:00+09:00,451000.0,452000.0,450000.0,451000.0,1122.0
2026-09-16 11:00:00+09:00,450500.0,455000.0,450500.0,454000.0,1806.0
2026-09-16 11:10:00+09:00,454000.0,456500.0,453000.0,456500.0,2513.0
2026-09-16 11:20:00+09:00,456500.0,456500.0,453500.0,456000.0,1223.0
2026-09-16 11:30:00+09:00,455500.0,456500.0,454000.0,454500.0,784.0
2026-09-16 11:40:00+09:00,454500.0,457000.0,453500.0,457000.0,1031.0
2026-09-16 11:50:00+09:00,456500.0,466000.0,455500.0,464000.0,4833.0
2026-09-16 12:00:00+09:00,464000.0,465000.0,462000.0,462500.0,2012.0
2026-09-16 12:10:00+09:00,462000.0,465000.0,462000.0,464000.0,1922.0
2026-09-16 12:20:00+09:00,464000.0,464000.0,461000.0,462000.0,839.0
2026-09-16 12:30:00+09:00,462000.0,462500.0,460000.0,460250.0,853.0
2026-09-16 12:40:00+09:00,460500.0,461000.0,459000.0,460000.0,1246.0
2026-09-16 12:50:00+09:00,459750.0,464000.0,459000.0,461500.0,1373.0
2026-09-16 13:00:00+09:00,461000.0,464000.0,461000.0,463000.0,1155.0
2026-09-16 13:10:00+09:00,463000.0,464000.0,460500.0,462500.0,1153.0
2026-09-16 13:20:00+09:00,462500.0,463000.0,459500.0,459500.0,1438.0
2026-09-16 13:30:00+09:00,459500.0,462000.0,458000.0,460000.0,1052.0
2026-09-16 13:40:00+09:00,459500.0,463500.0,459000.0,460250.0,894.0
2026-09-16 13:50:00+09:00,460250.0,461000.0,457000.0,457500.0,1242.0
2026-09-16 14:00:00+09:00,457250.0,460500.0,457000.0,460500.0,926.0
2026-09-16 14:10:00+09:00,460500.0,462500.0,459000.0,462000.0,1102.0
2026-09-16 14:20:00+09:00,462000.0,464000.0,461500.0,463500.0,2486.0
2026-09-16 14:30:00+09:00,463500.0,464500.0,460500.0,463500.0,1985.0
2026-09-16 14:40:00+09:00,463500.0,466000.0,462500.0,465000.0,3482.0
2026-09-16 14:50:00+09:00,465000.0,468500.0,464500.0,467000.0,4691.0
2026-09-17 09:00:00+09:00,472000.0,476000.0,468500.0,472000.0,4745.0
2026-09-17 09:10:00+09:00,471750.0,471750.0,461500.0,463000.0,6076.0
2026-09-17 09:20:00+09:00,463000.0,464000.0,460000.0,462500.0,2662.0
2026-09-17 09:30:00+09:00,462500.0,462500.0,455500.0,460000.0,2273.0
2026-09-17 09:40:00+09:00,460000.0,460500.0,454500.0,456000.0,1861.0
2026-09-17 09:50:00+09:00,456000.0,460000.0,455500.0,460000.0,1699.0
2026-09-17 10:00:00+09:00,460000.0,465000.0,459000.0,461500.0,2398.0
2026-09-17 10:10:00+09:00,461500.0,463000.0,459500.0,463000.0,1139.0
2026-09-17 10:20:00+09:00,463000.0,463500.0,461000.0,461500.0,1220.0
2026-09-17 10:30:00+09:00,461500.0,461500.0,459500.0,461000.0,1290.0
2026-09-17 10:40:00+09:00,460500.0,461500.0,459000.0,459500.0,974.0
2026-09-17 10:50:00+09:00,459000.0,466000.0,459000.0,464000.0,2218.0
2026-09-17 11:00:00+09:00,463500.0,470500.0,461500.0,466250.0,3569.0
2026-09-17 11:10:00+09:00,466250.0,469000.0,466250.0,468000.0,2005.0
2026-09-17 11:20:00+09:00,467500.0,469000.0,465500.0,468000.0,2402.0
2026-09-17 11:30:00+09:00,466500.0,470500.0,466500.0,469500.0,1390.0
2026-09-17 11:40:00+09:00,470000.0,473000.0,469500.0,471750.0,2909.0
2026-09-17 11:50:00+09:00,472000.0,474000.0,471000.0,472500.0,1789.0
2026-09-17 12:00:00+09:00,472500.0,473500.0,471500.0,472500.0,1014.0
2026-09-17 12:10:00+09:00,472500.0,473000.0,470500.0,472500.0,1102.0
2026-09-17 12:20:00+09:00,472250.0,473500.0,470500.0,472000.0,1094.0
2026-09-17 12:30:00+09:00,471500.0,472000.0,471500.0,472000.0,782.0
2026-09-17 12:40:00+09:00,472000.0,472500.0,471500.0,472000.0,936.0
2026-09-17 12:50:00+09:00,472000.0,473000.0,471500.0,472000.0,2001.0
2026-09-17 13:00:00+09:00,472000.0,472000.0,469000.0,469000.0,2091.0
2026-09-17 13:10:00+09:00,469500.0,471500.0,468000.0,470000.0,1603.0
2026-09-17 13:20:00+09:00,470000.0,472000.0,468500.0,469000.0,2191.0
2026-09-17 13:30:00+09:00,468500.0,472000.0,468500.0,471000.0,1797.0
2026-09-17 13:40:00+09:00,471000.0,474000.0,470500.0,474000.0,2046.0
2026-09-17 13:50:00+09:00,473500.0,474000.0,472000.0,474000.0,2861.0
2026-09-17 14:00:00+09:00,473500.0,474000.0,470500.0,472500.0,2170.0
2026-09-17 14:10:00+09:00,472000.0,473000.0,469500.0,470000.0,2026.0
2026-09-17 14:20:00+09:00,470000.0,471000.0,466500.0,466500.0,3671.0
2026-09-17 14:30:00+09:00,466500.0,472000.0,466500.0,469000.0,1964.0
2026-09-17 14:40:00+09:00,469000.0,472000.0,467000.0,470000.0,3301.0
2026-09-17 14:50:00+09:00,470000.0,471000.0,467000.0,469500.0,2637.0
2026-09-18 09:00:00+09:00,474000.0,477500.0,466500.0,467000.0,3832.0
2026-09-18 09:10:00+09:00,467000.0,469500.0,465000.0,467000.0,2510.0
2026-09-18 09:20:00+09:00,466500.0,469000.0,463000.0,464500.0,2520.0
2026-09-18 09:30:00+09:00,464500.0,465500.0,461500.0,463000.0,1666.0
2026-09-18 09:40:00+09:00,463000.0,463000.0,460500.0,461000.0,2095.0
2026-09-18 09:50:00+09:00,461000.0,465000.0,460500.0,463000.0,909.0
2026-09-18 10:00:00+09:00,463500.0,463500.0,460500.0,462500.0,1137.0
2026-09-18 10:10:00+09:00,463000.0,464000.0,461000.0,462500.0,877.0
2026-09-18 10:20:00+09:00,462500.0,462500.0,459500.0,460000.0,927.0
2026-09-18 10:30:00+09:00,460000.0,460500.0,458000.0,458500.0,1482.0
2026-09-18 10:40:00+09:00,459000.0,460500.0,457500.0,457500.0,870.0
2026-09-18 10:50:00+09:00,458000.0,458000.0,453500.0,454500.0,1727.0
2026-09-18 11:00:00+09:00,454500.0,455500.0,453500.0,455000.0,719.0
2026-09-18 11:10:00+09:00,455000.0,455500.0,454000.0,454500.0,541.0
2026-09-18 11:20:00+09:00,454500.0,455500.0,454000.0,454500.0,759.0
2026-09-18 11:30:00+09:00,454500.0,454500.0,453500.0,454000.0,545.0
2026-09-18 11:40:00+09:00,454000.0,458000.0,453500.0,457000.0,972.0
2026-09-18 11:50:00+09:00,457500.0,458500.0,456500.0,457000.0,910.0
2026-09-18 12:00:00+09:00,457000.0,458000.0,455000.0,456000.0,1053.0
2026-09-18 12:10:00+09:00,455500.0,456000.0,454500.0,454500.0,455.0
2026-09-18 12:20:00+09:00,454500.0,455000.0,452500.0,453000.0,1395.0
2026-09-18 12:30:00+09:00,452500.0,453500.0,451500.0,453000.0,1454.0
2026-09-18 12:40:00+09:00,453000.0,453500.0,452500.0,453000.0,1138.0
2026-09-18 12:50:00+09:00,453000.0,453500.0,451500.0,452000.0,795.0
2026-09-18 13:00:00+09:00,452000.0,453000.0,451000.0,452000.0,1963.0
2026-09-18 13:10:00+09:00,452500.0,453000.0,450500.0,451500.0,1190.0
2026-09-18 13:20:00+09:00,451500.0,454000.0,450500.0,451000.0,985.0
2026-09-18 13:30:00+09:00,451000.0,453000.0,450500.0,452000.0,908.0
2026-09-18 13:40:00+09:00,451500.0,452000.0,450000.0,450500.0,995.0
2026-09-18 13:50:00+09:00,450500.0,451500.0,450000.0,451000.0,1305.0
2026-09-18 14:00:00+09:00,451000.0,457000.0,450500.0,455000.0,1304.0
2026-09-18 14:10:00+09:00,454500.0,455000.0,452000.0,453000.0,1392.0
2026-09-18 14:20:00+09:00,453500.0,454500.0,451500.0,454000.0,1486.0
2026-09-18 14:30:00+09:00,453500.0,454000.0,452500.0,453500.0,1134.0
2026-09-18 14:40:00+09:00,453500.0,456500.0,452500.0,455500.0,2473.0
2026-09-18 14:50:00+09:00,455000.0,456000.0,454000.0,456000.0,2642.0
2026-09-21 09:00:00+09:00,455500.0,463000.0,455500.0,458500.0,1049.0
2026-09-21 09:10:00+09:00,458500.0,465000.0,454000.0,461500.0,3632.0
2026-09-21 09:20:00+09:00,461500.0,466500.0,461000.0,465500.0,2825.0
2026-09-21 09:30:00+09:00,465000.0,469000.0,464500.0,465500.0,3163.0
2026-09-21 09:40:00+09:00,465500.0,466500.0,463000.0,463500.0,1004.0
2026-09-21 09:50:00+09:00,464000.0,471500.0,464000.0,470500.0,4013.0
2026-09-21 10:00:00+09:00,470500.0,475000.0,470250.0,475000.0,5272.0
2026-09-21 10:10:00+09:00,475000.0,477500.0,474500.0,477000.0,3120.0
2026-09-21 10:20:00+09:00,477000.0,479000.0,474000.0,474000.0,4302.0
2026-09-21 10:30:00+09:00,474500.0,476000.0,473000.0,476000.0,1856.0
2026-09-21 10:40:00+09:00,476000.0,476500.0,472500.0,472500.0,1203.0
2026-09-21 10:50:00+09:00,473000.0,475000.0,469500.0,470500.0,1541.0
2026-09-21 11:00:00+09:00,470000.0,473000.0,470000.0,471000.0,921.0
2026-09-21 11:10:00+09:00,471500.0,475000.0,471000.0,473500.0,944.0
2026-09-21 11:20:00+09:00,473000.0,475500.0,472500.0,474500.0,1213.0
2026-09-21 11:30:00+09:00,475000.0,475000.0,472000.0,472000.0,825.0
2026-09-21 11:40:00+09:00,472500.0,473000.0,472000.0,472000.0,402.0
2026-09-21 11:50:00+09:00,472000.0,473500.0,471500.0,473000.0,344.0
2026-09-21 12:00:00+09:00,472500.0,473500.0,471500.0,472000.0,522.0
2026-09-21 12:10:00+09:00,472000.0,473500.0,471500.0,473500.0,371.0
2026-09-21 12:20:00+09:00,473500.0,475000.0,473000.0,475000.0,526.0
2026-09-21 12:30:00+09:00,474500.0,475000.0,473000.0,474000.0,615.0
2026-09-21 12:40:00+09:00,474000.0,475000.0,473500.0,474500.0,376.0
2026-09-21 12:50:00+09:00,474500.0,475000.0,472500.0,473000.0,664.0
2026-09-21 13:00:00+09:00,473000.0,474500.0,471000.0,472500.0,3155.0
2026-09-21 13:10:00+09:00,472500.0,473000.0,471000.0,472000.0,639.0
2026-09-21 13:20:00+09:00,471500.0,474500.0,471000.0,474500.0,1399.0
2026-09-21 13:30:00+09:00,474000.0,476000.0,472000.0,474000.0,1577.0
2026-09-21 13:40:00+09:00,473500.0,476500.0,472500.0,474000.0,1143.0
2026-09-21 13:50:00+09:00,474000.0,477000.0,473000.0,475500.0,1556.0
2026-09-21 14:00:00+09:00,475000.0,478000.0,473500.0,476500.0,2878.0
2026-09-21 14:10:00+09:00,476500.0,478000.0,475500.0,477500.0,1074.0
2026-09-21 14:20:00+09:00,477500.0,478500.0,476500.0,477000.0,1364.0
2026-09-21 14:30:00+09:00,476500.0,478500.0,475500.0,478000.0,1286.0
2026-09-21 14:40:00+09:00,478500.0,481500.0,477500.0,480500.0,4784.0
2026-09-21 14:50:00+09:00,480000.0,482000.0,480000.0,481000.0,3820.0
2026-09-22 09:00:00+09:00,491000.0,494500.0,483000.0,487000.0,8017.0
2026-09-22 09:10:00+09:00,487500.0,488500.0,480000.0,481000.0,4325.0
2026-09-22 09:20:00+09:00,481000.0,482000.0,477500.0,478500.0,3301.0
2026-09-22 09:30:00+09:00,478250.0,482500.0,477500.0,480250.0,2952.0
2026-09-22 09:40:00+09:00,480250.0,481000.0,476000.0,477500.0,4674.0
2026-09-22 09:50:00+09:00,477500.0,479000.0,476500.0,479000.0,1163.0
2026-09-22 10:00:00+09:00,479000.0,479500.0,477500.0,478000.0,1520.0
2026-09-22 10:10:00+09:00,478500.0,478500.0,474000.0,474500.0,3206.0
2026-09-22 10:20:00+09:00,474500.0,476000.0,474000.0,476000.0,1404.0
2026-09-22 10:30:00+09:00,476000.0,477000.0,474500.0,475000.0,1250.0
2026-09-22 10:40:00+09:00,475000.0,480500.0,475000.0,478000.0,1506.0
2026-09-22 10:50:00+09:00,478000.0,479500.0,477000.0,478000.0,1022.0
2026-09-22 11:00:00+09:00,477000.0,479500.0,477000.0,478000.0,942.0
2026-09-22 11:10:00+09:00,478000.0,478000.0,475000.0,476000.0,1238.0
2026-09-22 11:20:00+09:00,476000.0,479000.0,475000.0,478500.0,1134.0
2026-09-22 11:30:00+09:00,477000.0,478500.0,476500.0,477000.0,957.0
2026-09-22 11:40:00+09:00,477500.0,480000.0,476500.0,478000.0,1203.0
2026-09-22 11:50:00+09:00,478000.0,480000.0,478000.0,478500.0,897.0
2026-09-22 12:00:00+09:00,478500.0,480000.0,478000.0,478000.0,987.0
2026-09-22 12:10:00+09:00,478500.0,479500.0,477500.0,478500.0,854.0
2026-09-22 12:20:00+09:00,479000.0,479000.0,476500.0,477000.0,937.0
2026-09-22 12:30:00+09:00,477000.0,479500.0,477000.0,478000.0,1038.0
2026-09-22 12:40:00+09:00,478500.0,479500.0,477000.0,478500.0,1005.0
2026-09-22 12:50:00+09:00,479000.0,479000.0,475500.0,476000.0,1604.0
2026-09-22 13:00:00+09:00,476000.0,476000.0,474500.0,474500.0,1427.0
2026-09-22 13:10:00+09:00,475500.0,476500.0,474500.0,475500.0,1064.0
2026-09-22 13:20:00+09:00,475500.0,477500.0,475000.0,475500.0,914.0
2026-09-22 13:30:00+09:00,475500.0,476000.0,473500.0,475000.0,1564.0
2026-09-22 13:40:00+09:00,475000.0,477000.0,474000.0,474000.0,1526.0
2026-09-22 13:50:00+09:00,474500.0,476000.0,473000.0,473500.0,1275.0
2026-09-22 14:00:00+09:00,473500.0,479000.0,473000.0,476000.0,1932.0
2026-09-22 14:10:00+09:00,476500.0,478000.0,474500.0,475000.0,1403.0
2026-09-22 14:20:00+09:00,474500.0,476500.0,473000.0,475500.0,2272.0
2026-09-22 14:30:00+09:00,475500.0,477000.0,473000.0,475500.0,1870.0
2026-09-22 14:40:00+09:00,477000.0,478000.0,474000.0,477500.0,3618.0
2026-09-22 14:50:00+09:00,477500.0,478500.0,475500.0,477500.0,2721.0
2026-09-23 09:00:00+09:00,481500.0,485500.0,472500.0,473500.0,4904.0
2026-09-23 09:10:00+09:00,473500.0,479000.0,473000.0,477500.0,3472.0
2026-09-23 09:20:00+09:00,477000.0,484000.0,476000.0,484000.0,4879.0
2026-09-23 09:30:00+09:00,482000.0,484000.0,477500.0,479500.0,2930.0
2026-09-23 09:40:00+09:00,479500.0,481000.0,475000.0,475000.0,2240.0
2026-09-23 09:50:00+09:00,475500.0,476000.0,470000.0,472500.0,3582.0
2026-09-23 10:00:00+09:00,472500.0,474500.0,469000.0,473000.0,1278.0
2026-09-23 10:10:00+09:00,473500.0,474000.0,473000.0,474000.0,40.0
2026-09-23 10:20:00+09:00,474500.0,475000.0,472500.0,472500.0,458.0
2026-09-23 10:30:00+09:00,472500.0,473000.0,470000.0,471000.0,632.0
2026-09-23 10:40:00+09:00,471500.0,471500.0,467000.0,467500.0,1434.0
2026-09-23 10:50:00+09:00,468000.0,471500.0,467500.0,470500.0,1097.0
2026-09-23 11:00:00+09:00,470500.0,473500.0,469500.0,471500.0,1139.0
2026-09-23 11:10:00+09:00,471500.0,473000.0,469500.0,473000.0,1091.0
2026-09-23 11:20:00+09:00,473000.0,474500.0,471500.0,471500.0,1146.0
2026-09-23 11:30:00+09:00,471500.0,472000.0,470000.0,470500.0,712.0
2026-09-23 11:40:00+09:00,470500.0,472500.0,470000.0,471500.0,685.0
2026-09-23 11:50:00+09:00,471500.0,472500.0,471000.0,472000.0,678.0
2026-09-23 12:00:00+09:00,472000.0,472500.0,471000.0,472000.0,735.0
2026-09-23 12:10:00+09:00,472000.0,472500.0,470500.0,472500.0,955.0
2026-09-23 12:20:00+09:00,472000.0,473500.0,471500.0,471500.0,1058.0
2026-09-23 12:30:00+09:00,472000.0,474000.0,471500.0,473000.0,629.0
2026-09-23 12:40:00+09:00,473500.0,475000.0,473000.0,474500.0,798.0
2026-09-23 12:50:00+09:00,474500.0,475000.0,473000.0,474000.0,927.0
2026-09-23 13:00:00+09:00,474000.0,479000.0,473500.0,479000.0,1936.0
2026-09-23 13:10:00+09:00,479000.0,479000.0,474500.0,476000.0,1703.0
2026-09-23 13:20:00+09:00,476000.0,480500.0,476000.0,480500.0,1915.0
2026-09-23 13:30:00+09:00,480500.0,480500.0,479500.0,480000.0,892.0
2026-09-23 13:40:00+09:00,480000.0,482000.0,476500.0,479500.0,3516.0
2026-09-23 13:50:00+09:00,479500.0,481500.0,476500.0,478000.0,1998.0
