,Open,High,Low,Close,Volume
2026-06-29 09:00:00+09:00,273500.0,274000.0,268500.0,271500.0,0.0
2026-06-29 09:05:00+09:00,272000.0,276500.0,269000.0,276500.0,5032.0
2026-06-29 09:10:00+09:00,276500.0,281000.0,276500.0,279500.0,7916.0
2026-06-29 09:15:00+09:00,279500.0,282000.0,279000.0,281500.0,3975.0
2026-06-29 09:20:00+09:00,281500.0,281500.0,277500.0,281500.0,3541.0
2026-06-29 09:25:00+09:00,281500.0,282000.0,279500.0,281000.0,4749.0
2026-06-29 09:30:00+09:00,281000.0,285500.0,280500.0,284000.0,7393.0
2026-06-29 09:35:00+09:00,284000.0,286000.0,282500.0,285000.0,3063.0
2026-06-29 09:40:00+09:00,285000.0,290000.0,285000.0,288500.0,6656.0
2026-06-29 09:45:00+09:00,288500.0,289000.0,285500.0,286000.0,6630.0
2026-06-29 09:50:00+09:00,286500.0,289500.0,286000.0,289000.0,2625.0
2026-06-29 09:55:00+09:00,288500.0,289000.0,287500.0,288000.0,2114.0
2026-06-29 10:00:00+09:00,287500.0,288500.0,287000.0,288500.0,2371.0
2026-06-29 10:05:00+09:00,289000.0,289750.0,288000.0,288000.0,1947.0
2026-06-29 10:10:00+09:00,288000.0,290000.0,288000.0,290000.0,2042.0
2026-06-29 10:15:00+09:00,289500.0,290000.0,288500.0,289000.0,1098.0
2026-06-29 10:20:00+09:00,289000.0,292000.0,289000.0,291000.0,5626.0
2026-06-29 10:25:00+09:00,290500.0,292500.0,290500.0,292000.0,2498.0
2026-06-29 10:30:00+09:00,291750.0,294000.0,291000.0,293000.0,3083.0
2026-06-29 10:35:00+09:00,293500.0,295000.0,292500.0,293000.0,2370.0
2026-06-29 10:40:00+09:00,292500.0,293000.0,290500.0,291500.0,2795.0
2026-06-29 10:45:00+09:00,292000.0,293000.0,291000.0,292500.0,1314.0
2026-06-29 10:50:00+09:00,293000.0,293500.0,291000.0,292000.0,3338.0
2026-06-29 10:55:00+09:00,292000.0,293500.0,292000.0,292000.0,1941.0
2026-06-29 11:00:00+09:00,292000.0,292000.0,290500.0,292000.0,2001.0
2026-06-29 11:05:00+09:00,292000.0,293500.0,291000.0,291000.0,2695.0
2026-06-29 11:10:00+09:00,291500.0,291500.0,287000.0,289000.0,5777.0
2026-06-29 11:15:00+09:00,289500.0,290000.0,288000.0,289500.0,3347.0
2026-06-29 11:20:00+09:00,289500.0,290000.0,289000.0,289000.0,1066.0
2026-06-29 11:25:00+09:00,289000.0,293000.0,289000.0,291500.0,2957.0
2026-06-29 11:30:00+09:00,292000.0,292500.0,290000.0,290500.0,2986.0
2026-06-29 11:35:00+09:00,290500.0,293000.0,290500.0,293000.0,2044.0
2026-06-29 11:40:00+09:00,292500.0,296500.0,292500.0,296000.0,5835.0
2026-06-29 11:45:00+09:00,296500.0,297500.0,295000.0,296000.0,3898.0
2026-06-29 11:50:00+09:00,295500.0,296000.0,294500.0,295000.0,2956.0
2026-06-29 11:55:00+09:00,295000.0,296000.0,294500.0,295500.0,1424.0
2026-06-29 12:00:00+09:00,295500.0,298500.0,295500.0,298500.0,3263.0
2026-06-29 12:05:00+09:00,298500.0,298750.0,295500.0,296000.0,3655.0
2026-06-29 12:10:00+09:00,296000.0,296000.0,294000.0,295500.0,2907.0
2026-06-29 12:15:00+09:00,295500.0,296500.0,295000.0,296500.0,2348.0
2026-06-29 12:20:00+09:00,296500.0,297500.0,295500.0,295500.0,2545.0
2026-06-29 12:25:00+09:00,296000.0,298000.0,294500.0,297000.0,2317.0
2026-06-29 12:30:00+09:00,297000.0,297500.0,295500.0,296000.0,1408.0
2026-06-29 12:35:00+09:00,295500.0,297500.0,295500.0,297000.0,3242.0
2026-06-29 12:40:00+09:00,297500.0,297500.0,296500.0,296500.0,1323.0
2026-06-29 12:45:00+09:00,297000.0,298500.0,296500.0,297500.0,1475.0
2026-06-29 12:50:00+09:00,297500.0,300500.0,297500.0,300000.0,6286.0
2026-06-29 12:55:00+09:00,299500.0,299500.0,298000.0,299500.0,2156.0
2026-06-29 13:00:00+09:00,299000.0,302000.0,299000.0,300500.0,2501.0
2026-06-29 13:05:00+09:00,300250.0,302500.0,300000.0,302500.0,2972.0
2026-06-29 13:10:00+09:00,302000.0,302500.0,301000.0,301500.0,2639.0
2026-06-29 13:15:00+09:00,301500.0,301500.0,300500.0,301000.0,1330.0
2026-06-29 13:20:00+09:00,300500.0,301000.0,298500.0,300000.0,2214.0
2026-06-29 13:25:00+09:00,300000.0,301000.0,299000.0,299000.0,1736.0
2026-06-29 13:30:00+09:00,299000.0,300000.0,298500.0,299000.0,2003.0
2026-06-29 13:35:00+09:00,298500.0,299500.0,298000.0,298000.0,3212.0
2026-06-29 13:40:00+09:00,298500.0,298500.0,296500.0,297500.0,2399.0
2026-06-29 13:45:00+09:00,297500.0,299000.0,297000.0,298500.0,2198.0
2026-06-29 13:50:00+09:00,299000.0,299500.0,298500.0,299000.0,1270.0
2026-06-29 13:55:00+09:00,299000.0,299500.0,296500.0,297000.0,3407.0
2026-06-29 14:00:00+09:00,297500.0,298500.0,296000.0,298500.0,1595.0
2026-06-29 14:05:00+09:00,298000.0,300000.0,297000.0,299500.0,2283.0
2026-06-29 14:10:00+09:00,299500.0,301000.0,298500.0,300500.0,2459.0
2026-06-29 14:15:00+09:00,300500.0,301500.0,300500.0,300500.0,1314.0
2026-06-29 14:20:00+09:00,300500.0,302000.0,300000.0,300500.0,2097.0
2026-06-29 14:25:00+09:00,300000.0,300500.0,299000.0,300000.0,2116.0
2026-06-29 14:30:00+09:00,299500.0,303000.0,299000.0,302500.0,3510.0
2026-06-29 14:35:00+09:00,302500.0,304500.0,302000.0,302500.0,5452.0
2026-06-29 14:40:00+09:00,302500.0,306500.0,302500.0,306000.0,6118.0
2026-06-29 14:45:00+09:00,306000.0,307500.0,305500.0,306500.0,6029.0
2026-06-29 14:50:00+09:00,306500.0,307500.0,305000.0,305500.0,6200.0
2026-06-29 14:55:00+09:00,305500.0,307500.0,305500.0,307500.0,7141.0
2026-06-30 09:00:00+09:00,301000.0,303500.0,290000.0,291000.0,23304.0
2026-06-30 09:05:00+09:00,290500.0,294500.0,290500.0,292500.0,10608.0
2026-06-30 09:10:00+09:00,292500.0,294500.0,290000.0,292500.0,7766.0
2026-06-30 09:15:00+09:00,292000.0,296000.0,291000.0,291500.0,8687.0
2026-06-30 09:20:00+09:00,291500.0,294000.0,291500.0,293000.0,3889.0
2026-06-30 09:25:00+09:00,292500.0,293000.0,290500.0,292000.0,4993.0
2026-06-30 09:30:00+09:00,292500.0,292500.0,289000.0,291000.0,6869.0
2026-06-30 09:35:00+09:00,291500.0,291500.0,288500.0,289000.0,3214.0
2026-06-30 09:40:00+09:00,289000.0,289500.0,286500.0,287500.0,4128.0
2026-06-30 09:45:00+09:00,287500.0,288750.0,285000.0,288000.0,7909.0
2026-06-30 09:50:00+09:00,288500.0,289000.0,287000.0,288500.0,4093.0
2026-06-30 09:55:00+09:00,288500.0,289500.0,287500.0,289000.0,3363.0
2026-06-30 10:00:00+09:00,289000.0,289500.0,286500.0,288000.0,4034.0
2026-06-30 10:05:00+09:00,288000.0,288500.0,286500.0,287000.0,3791.0
2026-06-30 10:10:00+09:00,287000.0,287000.0,285500.0,286500.0,3133.0
2026-06-30 10:15:00+09:00,286000.0,287500.0,286000.0,287000.0,3381.0
2026-06-30 10:20:00+09:00,287000.0,287500.0,286000.0,286000.0,2323.0
2026-06-30 10:25:00+09:00,286000.0,288500.0,286000.0,288500.0,2923.0
2026-06-30 10:30:00+09:00,288500.0,289500.0,288000.0,289000.0,2035.0
2026-06-30 10:35:00+09:00,289000.0,289000.0,286500.0,287500.0,2388.0
2026-06-30 10:40:00+09:00,287000.0,287500.0,286000.0,287000.0,2041.0
2026-06-30 10:45:00+09:00,287000.0,287000.0,286000.0,287000.0,2158.0
2026-06-30 10:50:00+09:00,286500.0,287000.0,286500.0,287000.0,668.0
2026-06-30 10:55:00+09:00,287000.0,288500.0,286500.0,287500.0,2279.0
2026-06-30 11:00:00+09:00,287500.0,287500.0,286500.0,287000.0,2070.0
2026-06-30 11:05:00+09:00,287000.0,287000.0,286000.0,286500.0,896.0
2026-06-30 11:10:00+09:00,286500.0,286500.0,285500.0,285500.0,2062.0
2026-06-30 11:15:00+09:00,286000.0,286000.0,285000.0,285500.0,3698.0
2026-06-30 11:20:00+09:00,285500.0,287500.0,285500.0,287000.0,3339.0
2026-06-30 11:25:00+09:00,287000.0,288500.0,287000.0,287500.0,1776.0
2026-06-30 11:30:00+09:00,288000.0,288500.0,287500.0,288000.0,903.0
2026-06-30 11:35:00+09:00,288000.0,288500.0,286500.0,286500.0,2259.0
2026-06-30 11:40:00+09:00,286500.0,287500.0,286500.0,287000.0,1597.0
2026-06-30 11:45:00+09:00,286500.0,287500.0,286500.0,287500.0,1692.0
2026-06-30 11:50:00+09:00,287000.0,287500.0,286500.0,286500.0,1000.0
2026-06-30 11:55:00+09:00,287000.0,287000.0,286000.0,286500.0,1410.0
2026-06-30 12:00:00+09:00,286500.0,287500.0,286000.0,286500.0,2577.0
2026-06-30 12:05:00+09:00,286500.0,287000.0,286000.0,286500.0,1297.0
2026-06-30 12:10:00+09:00,286500.0,287000.0,285500.0,286000.0,1085.0
2026-06-30 12:15:00+09:00,285500.0,287500.0,285500.0,287000.0,2123.0
2026-06-30 12:20:00+09:00,287250.0,287500.0,287000.0,287000.0,795.0
2026-06-30 12:25:00+09:00,287000.0,288500.0,287000.0,287500.0,2764.0
2026-06-30 12:30:00+09:00,288000.0,288000.0,287500.0,287500.0,592.0
2026-06-30 12:35:00+09:00,287500.0,288500.0,287500.0,288000.0,2490.0
2026-06-30 12:40:00+09:00,288000.0,288500.0,287500.0,288500.0,1172.0
2026-06-30 12:45:00+09:00,288500.0,288500.0,287000.0,287000.0,1533.0
2026-06-30 12:50:00+09:00,287500.0,288000.0,286500.0,287000.0,1586.0
2026-06-30 12:55:00+09:00,287000.0,287000.0,286500.0,287000.0,1155.0
2026-06-30 13:00:00+09:00,286750.0,287000.0,286500.0,286500.0,822.0
2026-06-30 13:05:00+09:00,286500.0,287000.0,286000.0,286500.0,1816.0
2026-06-30 13:10:00+09:00,286000.0,286500.0,284000.0,284000.0,6884.0
2026-06-30 13:15:00+09:00,284000.0,285500.0,284000.0,284500.0,5418.0
2026-06-30 13:20:00+09:00,285000.0,285500.0,284500.0,285500.0,1520.0
2026-06-30 13:25:00+09:00,285000.0,286000.0,285000.0,286000.0,1772.0
2026-06-30 13:30:00+09:00,286000.0,287000.0,285500.0,287000.0,1943.0
2026-06-30 13:35:00+09:00,287000.0,288000.0,287000.0,288000.0,1769.0
2026-06-30 13:40:00+09:00,288000.0,288000.0,287500.0,287500.0,872.0
2026-06-30 13:45:00+09:00,287500.0,288000.0,287000.0,287500.0,2691.0
2026-06-30 13:50:00+09:00,287500.0,288000.0,286500.0,288000.0,4346.0
2026-06-30 13:55:00+09:00,288000.0,288500.0,287000.0,287000.0,2945.0
2026-06-30 14:00:00+09:00,287000.0,287500.0,285500.0,285500.0,2326.0
2026-06-30 14:05:00+09:00,285500.0,287000.0,285000.0,286500.0,2532.0
2026-06-30 14:10:00+09:00,286500.0,287000.0,285500.0,286500.0,1492.0
2026-06-30 14:15:00+09:00,286000.0,287500.0,285500.0,285500.0,1986.0
2026-06-30 14:20:00+09:00,285500.0,286500.0,285000.0,285000.0,3038.0
2026-06-30 14:25:00+09:00,285000.0,285500.0,284500.0,285000.0,5586.0
2026-06-30 14:30:00+09:00,285000.0,285500.0,283000.0,283250.0,8734.0
2026-06-30 14:35:00+09:00,283500.0,283500.0,282500.0,283000.0,3929.0
2026-06-30 14:40:00+09:00,283000.0,284000.0,282500.0,283000.0,4653.0
2026-06-30 14:45:00+09:00,283000.0,283000.0,282000.0,282500.0,6999.0
2026-06-30 14:50:00+09:00,282500.0,283000.0,281000.0,281000.0,6504.0
2026-06-30 14:55:00+09:00,281500.0,282000.0,280500.0,280500.0,5960.0
2026-07-01 09:00:00+09:00,283500.0,286000.0,279500.0,280500.0,18878.0
2026-07-01 09:05:00+09:00,280500.0,283000.0,278500.0,280000.0,7940.0
2026-07-01 09:10:00+09:00,280000.0,280500.0,277000.0,279500.0,7628.0
2026-07-01 09:15:00+09:00,279000.0,280000.0,278000.0,279500.0,3614.0
2026-07-01 09:20:00+09:00,279500.0,282500.0,279500.0,280000.0,7266.0
2026-07-01 09:25:00+09:00,280000.0,281000.0,279500.0,280000.0,2399.0
2026-07-01 09:30:00+09:00,280500.0,282000.0,279500.0,280000.0,3176.0
2026-07-01 09:35:00+09:00,280000.0,281500.0,280000.0,281000.0,2711.0
2026-07-01 09:40:00+09:00,281000.0,282500.0,280500.0,282500.0,3056.0
2026-07-01 09:45:00+09:00,282500.0,283000.0,280500.0,282500.0,3846.0
2026-07-01 09:50:00+09:00,282500.0,283500.0,281500.0,283000.0,3885.0
2026-07-01 09:55:00+09:00,282500.0,284000.0,281500.0,281500.0,2414.0
2026-07-01 10:00:00+09:00,281000.0,282000.0,280000.0,280500.0,3134.0
2026-07-01 10:05:00+09:00,281000.0,281000.0,278000.0,278500.0,3580.0
2026-07-01 10:10:00+09:00,278500.0,280000.0,277000.0,279500.0,6428.0
2026-07-01 10:15:00+09:00,279000.0,279500.0,276500.0,278000.0,3946.0
2026-07-01 10:20:00+09:00,278000.0,281000.0,278000.0,279500.0,4235.0
2026-07-01 10:25:00+09:00,279500.0,281500.0,279000.0,280000.0,2666.0
2026-07-01 10:30:00+09:00,280000.0,281500.0,279000.0,279500.0,2673.0
2026-07-01 10:35:00+09:00,279500.0,280500.0,278500.0,279500.0,3182.0
2026-07-01 10:40:00+09:00,279500.0,280000.0,277500.0,278000.0,1717.0
2026-07-01 10:45:00+09:00,278000.0,278500.0,276500.0,277000.0,2815.0
2026-07-01 10:50:00+09:00,277000.0,277500.0,276500.0,276500.0,1931.0
2026-07-01 10:55:00+09:00,277000.0,279500.0,276500.0,278500.0,3480.0
2026-07-01 11:00:00+09:00,278750.0,279000.0,277000.0,277000.0,1119.0
2026-07-01 11:05:00+09:00,277000.0,277500.0,276000.0,276250.0,2233.0
2026-07-01 11:10:00+09:00,276000.0,276500.0,274500.0,275000.0,6313.0
2026-07-01 11:15:00+09:00,275500.0,276000.0,274500.0,275250.0,1164.0
2026-07-01 11:20:00+09:00,275500.0,278000.0,275500.0,277000.0,2904.0
2026-07-01 11:25:00+09:00,277000.0,277500.0,276000.0,277000.0,1851.0
2026-07-01 11:30:00+09:00,277000.0,278000.0,276500.0,276500.0,1025.0
2026-07-01 11:35:00+09:00,277000.0,278500.0,276500.0,278000.0,2246.0
2026-07-01 11:40:00+09:00,278000.0,281500.0,278000.0,281000.0,3292.0
2026-07-01 11:45:00+09:00,281000.0,282500.0,280500.0,281250.0,1844.0
2026-07-01 11:50:00+09:00,281000.0,282000.0,280000.0,280000.0,2451.0
2026-07-01 11:55:00+09:00,280500.0,280500.0,279500.0,279500.0,1496.0
2026-07-01 12:00:00+09:00,279500.0,281000.0,279000.0,279000.0,1634.0
2026-07-01 12:05:00+09:00,279000.0,281000.0,279000.0,279500.0,2363.0
2026-07-01 12:10:00+09:00,279500.0,280500.0,279000.0,280000.0,2821.0
2026-07-01 12:15:00+09:00,279500.0,280000.0,279000.0,279500.0,1816.0
2026-07-01 12:20:00+09:00,279500.0,280500.0,279500.0,279500.0,784.0
2026-07-01 12:25:00+09:00,279500.0,279500.0,279000.0,279000.0,630.0
2026-07-01 12:30:00+09:00,279000.0,280500.0,279000.0,279500.0,1637.0
2026-07-01 12:35:00+09:00,279000.0,281500.0,279000.0,281000.0,2214.0
2026-07-01 12:40:00+09:00,281000.0,281000.0,279500.0,280000.0,1424.0
2026-07-01 12:45:00+09:00,280000.0,281000.0,279500.0,281000.0,2397.0
2026-07-01 12:50:00+09:00,281000.0,281500.0,280500.0,281000.0,796.0
2026-07-01 12:55:00+09:00,281000.0,282000.0,280500.0,282000.0,3149.0
2026-07-01 13:00:00+09:00,282000.0,282500.0,280000.0,280000.0,1957.0
2026-07-01 13:05:00+09:00,280000.0,282000.0,280000.0,280500.0,1676.0
2026-07-01 13:10:00+09:00,280500.0,281000.0,280500.0,280500.0,946.0
2026-07-01 13:15:00+09:00,280500.0,281000.0,279000.0,281000.0,3875.0
2026-07-01 13:20:00+09:00,280500.0,281000.0,280000.0,280000.0,508.0
2026-07-01 13:25:00+09:00,280000.0,281500.0,280000.0,280500.0,1846.0
2026-07-01 13:30:00+09:00,280500.0,281500.0,280000.0,280500.0,1971.0
2026-07-01 13:35:00+09:00,280500.0,280500.0,279000.0,280000.0,1148.0
2026-07-01 13:40:00+09:00,280000.0,280500.0,279500.0,280000.0,921.0
2026-07-01 13:45:00+09:00,280000.0,281500.0,280000.0,281000.0,1182.0
2026-07-01 13:50:00+09:00,281000.0,281500.0,280500.0,280500.0,1069.0
2026-07-01 13:55:00+09:00,280500.0,281000.0,279500.0,279500.0,2190.0
2026-07-01 14:00:00+09:00,279500.0,281000.0,279000.0,280500.0,1940.0
2026-07-01 14:05:00+09:00,280500.0,282000.0,280500.0,281500.0,1009.0
2026-07-01 14:10:00+09:00,282000.0,282000.0,280500.0,281500.0,1990.0
2026-07-01 14:15:00+09:00,281500.0,283000.0,281000.0,282000.0,2636.0
2026-07-01 14:20:00+09:00,282000.0,284000.0,281500.0,283000.0,3504.0
2026-07-01 14:25:00+09:00,283000.0,283500.0,282000.0,282000.0,966.0
2026-07-01 14:30:00+09:00,282000.0,282500.0,280500.0,280500.0,2801.0
2026-07-01 14:35:00+09:00,280500.0,281000.0,279500.0,279500.0,4577.0
2026-07-01 14:40:00+09:00,279500.0,282000.0,278000.0,278500.0,6253.0
2026-07-01 14:45:00+09:00,278500.0,278500.0,277000.0,277000.0,6416.0
2026-07-01 14:50:00+09:00,277000.0,279500.0,277000.0,279000.0,6247.0
2026-07-01 14:55:00+09:00,279000.0,280000.0,278500.0,278500.0,5401.0
2026-07-02 09:00:00+09:00,277000.0,278500.0,268500.0,268500.0,12734.0
2026-07-02 09:05:00+09:00,268500.0,273000.0,267500.0,272500.0,4896.0
2026-07-02 09:10:00+09:00,272500.0,273500.0,269000.0,269000.0,4738.0
2026-07-02 09:15:00+09:00,269000.0,272500.0,268500.0,272000.0,3251.0
2026-07-02 09:20:00+09:00,272000.0,273000.0,271000.0,271500.0,3225.0
2026-07-02 09:25:00+09:00,271000.0,272500.0,270500.0,271750.0,2174.0
2026-07-02 09:30:00+09:00,271750.0,274500.0,271500.0,274000.0,4225.0
2026-07-02 09:35:00+09:00,273750.0,277000.0,273750.0,275500.0,2657.0
2026-07-02 09:40:00+09:00,275000.0,276500.0,273250.0,274500.0,2861.0
2026-07-02 09:45:00+09:00,274000.0,276500.0,273000.0,276000.0,3076.0
2026-07-02 09:50:00+09:00,276000.0,277500.0,275000.0,276000.0,2310.0
2026-07-02 09:55:00+09:00,276000.0,277000.0,275500.0,276000.0,1232.0
2026-07-02 10:00:00+09:00,275500.0,278000.0,274750.0,278000.0,3731.0
2026-07-02 10:05:00+09:00,278000.0,279500.0,277000.0,278000.0,1824.0
2026-07-02 10:10:00+09:00,278000.0,279500.0,277000.0,278500.0,1252.0
2026-07-02 10:15:00+09:00,279000.0,282500.0,278500.0,282000.0,3244.0
2026-07-02 10:20:00+09:00,281500.0,283500.0,281500.0,283000.0,3233.0
2026-07-02 10:25:00+09:00,283000.0,287000.0,283000.0,286500.0,5811.0
2026-07-02 10:30:00+09:00,286500.0,288500.0,286000.0,287000.0,5580.0
2026-07-02 10:35:00+09:00,287000.0,289000.0,286500.0,287000.0,3143.0
2026-07-02 10:40:00+09:00,286500.0,288500.0,285500.0,287500.0,2768.0
2026-07-02 10:45:00+09:00,287500.0,289000.0,286500.0,288000.0,2982.0
2026-07-02 10:50:00+09:00,288500.0,289000.0,287000.0,287500.0,1587.0
2026-07-02 10:55:00+09:00,287500.0,287500.0,286500.0,287000.0,1399.0
2026-07-02 11:00:00+09:00,286500.0,287000.0,285500.0,286000.0,1068.0
2026-07-02 11:05:00+09:00,286500.0,286500.0,283500.0,284000.0,961.0
2026-07-02 11:10:00+09:00,284500.0,286000.0,284000.0,285500.0,994.0
2026-07-02 11:15:00+09:00,285000.0,285500.0,283500.0,283500.0,1175.0
2026-07-02 11:20:00+09:00,283500.0,284000.0,282250.0,283000.0,1247.0
2026-07-02 11:25:00+09:00,283000.0,285000.0,282500.0,283500.0,913.0
2026-07-02 11:30:00+09:00,283500.0,284500.0,282500.0,283500.0,1306.0
2026-07-02 11:35:00+09:00,283500.0,286000.0,283000.0,286000.0,2049.0
2026-07-02 11:40:00+09:00,286000.0,286000.0,284000.0,284000.0,836.0
2026-07-02 11:45:00+09:00,284000.0,285000.0,284000.0,284500.0,239.0
2026-07-02 11:50:00+09:00,285000.0,285000.0,283000.0,283500.0,763.0
2026-07-02 11:55:00+09:00,283500.0,285000.0,283500.0,285000.0,875.0
2026-07-02 12:00:00+09:00,285000.0,286000.0,285000.0,285000.0,851.0
2026-07-02 12:05:00+09:00,285000.0,286000.0,284500.0,285000.0,1742.0
2026-07-02 12:10:00+09:00,284500.0,285500.0,284500.0,284500.0,413.0
2026-07-02 12:15:00+09:00,284500.0,285000.0,284000.0,284000.0,96.0
2026-07-02 12:20:00+09:00,284000.0,284500.0,282000.0,282500.0,825.0
2026-07-02 12:25:00+09:00,282500.0,282500.0,281000.0,282000.0,1422.0
2026-07-02 12:30:00+09:00,282000.0,283500.0,281500.0,282500.0,380.0
2026-07-02 12:35:00+09:00,282500.0,283000.0,282000.0,282500.0,704.0
2026-07-02 12:40:00+09:00,282000.0,283500.0,281500.0,283000.0,1794.0
2026-07-02 12:45:00+09:00,283000.0,284000.0,282000.0,283000.0,643.0
2026-07-02 12:50:00+09:00,283500.0,284500.0,282000.0,283000.0,1202.0
2026-07-02 12:55:00+09:00,283000.0,284000.0,282500.0,283500.0,366.0
2026-07-02 13:00:00+09:00,283000.0,284000.0,282000.0,283000.0,943.0
2026-07-02 13:05:00+09:00,283500.0,283500.0,283000.0,283000.0,604.0
2026-07-02 13:10:00+09:00,283500.0,283500.0,282000.0,282000.0,700.0
2026-07-02 13:15:00+09:00,282500.0,282500.0,280500.0,281000.0,1059.0
2026-07-02 13:20:00+09:00,281000.0,283000.0,280500.0,282000.0,2332.0
2026-07-02 13:25:00+09:00,282000.0,283500.0,281500.0,283000.0,1185.0
2026-07-02 13:30:00+09:00,283000.0,283000.0,281500.0,282000.0,504.0
2026-07-02 13:35:00+09:00,282000.0,282000.0,281000.0,281500.0,520.0
2026-07-02 13:40:00+09:00,281500.0,281500.0,280500.0,280500.0,532.0
2026-07-02 13:45:00+09:00,281000.0,281500.0,280000.0,280500.0,1222.0
2026-07-02 13:50:00+09:00,280500.0,283500.0,280500.0,283500.0,1408.0
2026-07-02 13:55:00+09:00,283000.0,285500.0,282500.0,285000.0,1272.0
2026-07-02 14:00:00+09:00,285500.0,286500.0,283500.0,286000.0,2366.0
2026-07-02 14:05:00+09:00,285500.0,286000.0,285500.0,286000.0,669.0
2026-07-02 14:10:00+09:00,286000.0,286000.0,285000.0,285000.0,1904.0
2026-07-02 14:15:00+09:00,285000.0,286500.0,284500.0,285500.0,1744.0
2026-07-02 14:20:00+09:00,285500.0,286500.0,285000.0,286000.0,2169.0
2026-07-02 14:25:00+09:00,286000.0,286500.0,285000.0,285000.0,1635.0
2026-07-02 14:30:00+09:00,285500.0,285500.0,283500.0,284000.0,2500.0
2026-07-02 14:35:00+09:00,284500.0,284500.0,283000.0,283500.0,1646.0
2026-07-02 14:40:00+09:00,283000.0,283500.0,282000.0,282500.0,2333.0
2026-07-02 14:45:00+09:00,282500.0,283000.0,280500.0,281000.0,2874.0
2026-07-02 14:50:00+09:00,281500.0,283500.0,280500.0,281000.0,3559.0
2026-07-02 14:55:00+09:00,281000.0,282000.0,280500.0,281000.0,2710.0
2026-07-03 09:00:00+09:00,281500.0,282000.0,273500.0,274000.0,12286.0
2026-07-03 09:05:00+09:00,273500.0,276000.0,272000.0,275000.0,4733.0
2026-07-03 09:10:00+09:00,275000.0,275000.0,272000.0,274000.0,5107.0
2026-07-03 09:15:00+09:00,274000.0,274500.0,272000.0,273500.0,4974.0
2026-07-03 09:20:00+09:00,273000.0,273500.0,270000.0,271000.0,4747.0
2026-07-03 09:25:00+09:00,271000.0,272000.0,269500.0,270000.0,5014.0
2026-07-03 09:30:00+09:00,270000.0,271000.0,268500.0,269000.0,5218.0
2026-07-03 09:35:00+09:00,269000.0,272500.0,268500.0,272000.0,4814.0
2026-07-03 09:40:00+09:00,272000.0,272500.0,270000.0,270000.0,3676.0
2026-07-03 09:45:00+09:00,270500.0,271500.0,270500.0,271000.0,3594.0
2026-07-03 09:50:00+09:00,271000.0,272000.0,269500.0,271000.0,3206.0
2026-07-03 09:55:00+09:00,271500.0,271500.0,270000.0,270500.0,2618.0
2026-07-03 10:00:00+09:00,271000.0,276500.0,270500.0,276000.0,6661.0
2026-07-03 10:05:00+09:00,276000.0,277500.0,275000.0,277500.0,5280.0
2026-07-03 10:10:00+09:00,277000.0,280500.0,276000.0,279500.0,3943.0
2026-07-03 10:15:00+09:00,279500.0,281500.0,279000.0,280000.0,3997.0
2026-07-03 10:20:00+09:00,280000.0,282500.0,279500.0,282000.0,3440.0
2026-07-03 10:25:00+09:00,282000.0,282000.0,280000.0,281000.0,3200.0
2026-07-03 10:30:00+09:00,280500.0,281000.0,279000.0,279500.0,2672.0
2026-07-03 10:35:00+09:00,279500.0,280500.0,279000.0,280000.0,1055.0
2026-07-03 10:40:00+09:00,280000.0,281000.0,279500.0,280500.0,1864.0
2026-07-03 10:45:00+09:00,280500.0,280500.0,278000.0,279000.0,2170.0
2026-07-03 10:50:00+09:00,279000.0,279000.0,277500.0,279000.0,1577.0
2026-07-03 10:55:00+09:00,278500.0,279000.0,277000.0,278000.0,795.0
2026-07-03 11:00:00+09:00,278000.0,278500.0,277000.0,278000.0,1084.0
2026-07-03 11:05:00+09:00,278000.0,280000.0,277500.0,280000.0,464.0
2026-07-03 11:10:00+09:00,280000.0,280000.0,277000.0,278500.0,1383.0
2026-07-03 11:15:00+09:00,278500.0,279500.0,277500.0,277500.0,1735.0
2026-07-03 11:20:00+09:00,278000.0,280000.0,277500.0,280000.0,1315.0
2026-07-03 11:25:00+09:00,280000.0,280000.0,279000.0,280000.0,810.0
2026-07-03 11:30:00+09:00,280000.0,280500.0,278500.0,279500.0,1219.0
2026-07-03 11:35:00+09:00,279000.0,279500.0,278500.0,278500.0,473.0
2026-07-03 11:40:00+09:00,278500.0,278500.0,277500.0,278000.0,771.0
2026-07-03 11:45:00+09:00,277500.0,278000.0,277500.0,277500.0,416.0
2026-07-03 11:50:00+09:00,278000.0,278000.0,277500.0,277500.0,387.0
2026-07-03 11:55:00+09:00,277500.0,278500.0,277500.0,278000.0,488.0
2026-07-03 12:00:00+09:00,278500.0,278500.0,277000.0,277500.0,1447.0
2026-07-03 12:05:00+09:00,277500.0,277500.0,276500.0,277000.0,834.0
2026-07-03 12:10:00+09:00,276500.0,278500.0,276500.0,278000.0,943.0
2026-07-03 12:15:00+09:00,278500.0,278500.0,278000.0,278000.0,575.0
2026-07-03 12:20:00+09:00,278000.0,278500.0,278000.0,278000.0,238.0
2026-07-03 12:25:00+09:00,278500.0,280000.0,278000.0,280000.0,1329.0
2026-07-03 12:30:00+09:00,279500.0,280000.0,278500.0,280000.0,1400.0
2026-07-03 12:35:00+09:00,280000.0,280000.0,277000.0,278000.0,902.0
2026-07-03 12:40:00+09:00,278000.0,278000.0,276500.0,277000.0,423.0
2026-07-03 12:45:00+09:00,276500.0,277500.0,276500.0,277500.0,463.0
2026-07-03 12:50:00+09:00,277000.0,277500.0,276500.0,277000.0,505.0
2026-07-03 12:55:00+09:00,276500.0,280500.0,276500.0,280500.0,2647.0
2026-07-03 13:00:00+09:00,280500.0,280500.0,279000.0,279000.0,1288.0
2026-07-03 13:05:00+09:00,279000.0,279500.0,278500.0,278500.0,466.0
2026-07-03 13:10:00+09:00,278500.0,279000.0,278000.0,278500.0,785.0
2026-07-03 13:15:00+09:00,278500.0,279000.0,277500.0,278000.0,536.0
2026-07-03 13:20:00+09:00,278000.0,278500.0,277500.0,277500.0,592.0
2026-07-03 13:25:00+09:00,277500.0,278000.0,277000.0,277500.0,853.0
2026-07-03 13:30:00+09:00,277500.0,277500.0,276500.0,276500.0,1139.0
2026-07-03 13:35:00+09:00,277000.0,277000.0,276000.0,277000.0,1750.0
2026-07-03 13:40:00+09:00,276500.0,278000.0,276500.0,277500.0,541.0
2026-07-03 13:45:00+09:00,277000.0,278000.0,276500.0,276500.0,1130.0
2026-07-03 13:50:00+09:00,276500.0,279000.0,276000.0,278000.0,1472.0
2026-07-03 13:55:00+09:00,278500.0,280000.0,278000.0,279500.0,1144.0
2026-07-03 14:00:00+09:00,280000.0,281500.0,279000.0,279500.0,1733.0
2026-07-03 14:05:00+09:00,279500.0,281500.0,279500.0,280500.0,1938.0
2026-07-03 14:10:00+09:00,280000.0,281000.0,279500.0,280500.0,1467.0
2026-07-03 14:15:00+09:00,280500.0,281000.0,279500.0,280500.0,2160.0
2026-07-03 14:20:00+09:00,280500.0,281000.0,279000.0,280000.0,1220.0
2026-07-03 14:25:00+09:00,280000.0,281500.0,280000.0,281500.0,1699.0
2026-07-03 14:30:00+09:00,281500.0,282500.0,281000.0,281500.0,1742.0
2026-07-03 14:35:00+09:00,282000.0,282000.0,281000.0,281000.0,1558.0
2026-07-03 14:40:00+09:00,281000.0,282000.0,280500.0,281500.0,1473.0
2026-07-03 14:45:00+09:00,281500.0,282000.0,278500.0,278500.0,2349.0
2026-07-03 14:50:00+09:00,278500.0,281500.0,278500.0,281000.0,3267.0
2026-07-03 14:55:00+09:00,281000.0,282000.0,280000.0,281500.0,1429.0
2026-07-06 09:00:00+09:00,284500.0,285500.0,277500.0,280500.0,0.0
2026-07-06 09:05:00+09:00,280500.0,283000.0,278000.0,282500.0,3888.0
2026-07-06 09:10:00+09:00,282500.0,283500.0,280500.0,282500.0,2915.0
2026-07-06 09:15:00+09:00,282500.0,283000.0,281500.0,282500.0,2192.0
2026-07-06 09:20:00+09:00,282500.0,284000.0,281000.0,281000.0,2553.0
2026-07-06 09:25:00+09:00,281500.0,281500.0,278500.0,279500.0,3400.0
2026-07-06 09:30:00+09:00,279000.0,280500.0,279000.0,280000.0,1050.0
2026-07-06 09:35:00+09:00,280000.0,280500.0,279000.0,280000.0,1004.0
2026-07-06 09:40:00+09:00,280000.0,281500.0,280000.0,281000.0,845.0
2026-07-06 09:45:00+09:00,281000.0,283000.0,281000.0,283000.0,787.0
2026-07-06 09:50:00+09:00,282500.0,282500.0,279500.0,281000.0,1781.0
2026-07-06 09:55:00+09:00,280500.0,281000.0,279500.0,280000.0,959.0
2026-07-06 10:00:00+09:00,280500.0,280500.0,279000.0,279500.0,1509.0
2026-07-06 10:05:00+09:00,279500.0,281000.0,279000.0,279500.0,1904.0
2026-07-06 10:10:00+09:00,279500.0,281000.0,278250.0,280500.0,2072.0
2026-07-06 10:15:00+09:00,280500.0,281000.0,280000.0,280500.0,840.0
2026-07-06 10:20:00+09:00,280500.0,280750.0,278500.0,278750.0,2350.0
2026-07-06 10:25:00+09:00,278500.0,278500.0,277000.0,277500.0,2086.0
2026-07-06 10:30:00+09:00,277500.0,279500.0,277500.0,278500.0,2125.0
2026-07-06 10:35:00+09:00,278750.0,279000.0,277500.0,278500.0,654.0
2026-07-06 10:40:00+09:00,278750.0,280000.0,277750.0,278000.0,1297.0
2026-07-06 10:45:00+09:00,277500.0,278500.0,277500.0,277500.0,884.0
2026-07-06 10:50:00+09:00,278000.0,278500.0,275500.0,276000.0,3754.0
2026-07-06 10:55:00+09:00,275500.0,276500.0,275000.0,275500.0,1201.0
2026-07-06 11:00:00+09:00,275500.0,279000.0,275500.0,278000.0,2574.0
2026-07-06 11:05:00+09:00,278000.0,278000.0,276000.0,276500.0,1527.0
2026-07-06 11:10:00+09:00,276500.0,277000.0,275750.0,276000.0,509.0
2026-07-06 11:15:00+09:00,276000.0,277000.0,274500.0,274500.0,1765.0
2026-07-06 11:20:00+09:00,274500.0,276000.0,274500.0,275000.0,1417.0
2026-07-06 11:25:00+09:00,275000.0,276000.0,274250.0,274500.0,1616.0
2026-07-06 11:30:00+09:00,274000.0,275500.0,273000.0,273250.0,1454.0
2026-07-06 11:35:00+09:00,273250.0,274500.0,273000.0,273000.0,1778.0
2026-07-06 11:40:00+09:00,273500.0,273500.0,272000.0,272000.0,1446.0
2026-07-06 11:45:00+09:00,272000.0,273000.0,271500.0,272000.0,1698.0
2026-07-06 11:50:00+09:00,272000.0,273000.0,271500.0,272500.0,1236.0
2026-07-06 11:55:00+09:00,272500.0,274000.0,272000.0,273000.0,3019.0
2026-07-06 12:00:00+09:00,273250.0,275500.0,273000.0,275500.0,1075.0
2026-07-06 12:05:00+09:00,275500.0,276500.0,274500.0,276500.0,1209.0
2026-07-06 12:10:00+09:00,276500.0,278500.0,276500.0,277000.0,1382.0
2026-07-06 12:15:00+09:00,277000.0,277500.0,275500.0,276000.0,1270.0
2026-07-06 12:20:00+09:00,276000.0,277000.0,275500.0,277000.0,1025.0
2026-07-06 12:25:00+09:00,276500.0,276750.0,276500.0,276500.0,181.0
2026-07-06 12:30:00+09:00,276500.0,276750.0,275250.0,276000.0,1376.0
2026-07-06 12:35:00+09:00,276000.0,277000.0,275250.0,276000.0,828.0
2026-07-06 12:40:00+09:00,275500.0,276500.0,274500.0,274500.0,1082.0
2026-07-06 12:45:00+09:00,274500.0,275500.0,274500.0,274500.0,929.0
2026-07-06 12:50:00+09:00,274500.0,274750.0,274000.0,274000.0,189.0
2026-07-06 12:55:00+09:00,274000.0,275500.0,273500.0,274750.0,2064.0
2026-07-06 13:00:00+09:00,275000.0,275000.0,272500.0,272750.0,783.0
2026-07-06 13:05:00+09:00,272750.0,274000.0,272250.0,273000.0,1555.0
2026-07-06 13:10:00+09:00,273250.0,274500.0,273000.0,274000.0,681.0
2026-07-06 13:15:00+09:00,273500.0,275000.0,273500.0,274750.0,882.0
2026-07-06 13:20:00+09:00,274500.0,275500.0,274000.0,275250.0,773.0
2026-07-06 13:25:00+09:00,275000.0,276000.0,274500.0,274500.0,1176.0
2026-07-06 13:30:00+09:00,275000.0,276500.0,274500.0,274500.0,2139.0
2026-07-06 13:35:00+09:00,274500.0,275500.0,273500.0,274000.0,2849.0
2026-07-06 13:40:00+09:00,275000.0,277500.0,274000.0,275500.0,3097.0
2026-07-06 13:45:00+09:00,276000.0,277500.0,275500.0,277000.0,1781.0
2026-07-06 13:50:00+09:00,276500.0,277500.0,276000.0,276500.0,1669.0
2026-07-06 13:55:00+09:00,276750.0,278000.0,276000.0,277000.0,2500.0
2026-07-06 14:00:00+09:00,277000.0,277250.0,275500.0,276000.0,1780.0
2026-07-06 14:05:00+09:00,276000.0,276500.0,274750.0,275500.0,1749.0
2026-07-06 14:10:00+09:00,275500.0,277500.0,275000.0,275500.0,1975.0
2026-07-06 14:15:00+09:00,275500.0,276500.0,275000.0,275500.0,1495.0
2026-07-06 14:20:00+09:00,275500.0,277000.0,275000.0,275500.0,1644.0
2026-07-06 14:25:00+09:00,275000.0,276500.0,274500.0,275750.0,1986.0
2026-07-06 14:30:00+09:00,275500.0,276000.0,274500.0,275000.0,1364.0
2026-07-06 14:35:00+09:00,274500.0,276000.0,274000.0,275000.0,2328.0
2026-07-06 14:40:00+09:00,275000.0,276500.0,274750.0,276000.0,1412.0
2026-07-06 14:45:00+09:00,275500.0,276000.0,273500.0,274000.0,3270.0
2026-07-06 14:50:00+09:00,273500.0,277500.0,273500.0,276500.0,3915.0
2026-07-06 14:55:00+09:00,276500.0,277000.0,275250.0,275500.0,2973.0
2026-07-07 09:00:00+09:00,274000.0,275500.0,268000.0,272000.0,9848.0
2026-07-07 09:05:00+09:00,271500.0,273000.0,269500.0,270500.0,3890.0
2026-07-07 09:10:00+09:00,271000.0,271500.0,268000.0,270000.0,6978.0
2026-07-07 09:15:00+09:00,270000.0,270500.0,267500.0,268500.0,4519.0
2026-07-07 09:20:00+09:00,268500.0,270500.0,267500.0,270500.0,3750.0
2026-07-07 09:25:00+09:00,270500.0,271000.0,268000.0,268000.0,2580.0
2026-07-07 09:30:00+09:00,268000.0,268500.0,267000.0,267500.0,3780.0
2026-07-07 09:35:00+09:00,267500.0,269000.0,267500.0,268500.0,2626.0
2026-07-07 09:40:00+09:00,268000.0,269000.0,267500.0,268000.0,1692.0
2026-07-07 09:45:00+09:00,268000.0,270000.0,267000.0,269000.0,2827.0
2026-07-07 09:50:00+09:00,269500.0,270000.0,268500.0,269500.0,2044.0
2026-07-07 09:55:00+09:00,269000.0,271000.0,269000.0,269500.0,2210.0
2026-07-07 10:00:00+09:00,270000.0,271000.0,269500.0,270000.0,1862.0
2026-07-07 10:05:00+09:00,270000.0,271000.0,269500.0,270500.0,1956.0
2026-07-07 10:10:00+09:00,270500.0,271000.0,268000.0,268500.0,1985.0
2026-07-07 10:15:00+09:00,269000.0,269000.0,267500.0,267750.0,1145.0
2026-07-07 10:20:00+09:00,268000.0,269000.0,267500.0,268500.0,2225.0
2026-07-07 10:25:00+09:00,268500.0,269000.0,266000.0,267000.0,4649.0
2026-07-07 10:30:00+09:00,267000.0,267000.0,265000.0,265500.0,4466.0
2026-07-07 10:35:00+09:00,265500.0,267000.0,264500.0,265500.0,5685.0
2026-07-07 10:40:00+09:00,265000.0,267000.0,265000.0,266500.0,1338.0
2026-07-07 10:45:00+09:00,266500.0,269500.0,265500.0,268500.0,2486.0
2026-07-07 10:50:00+09:00,268500.0,269500.0,268000.0,269000.0,1403.0
2026-07-07 10:55:00+09:00,269500.0,269500.0,266500.0,266500.0,2151.0
2026-07-07 11:00:00+09:00,267000.0,268000.0,266500.0,266500.0,1430.0
2026-07-07 11:05:00+09:00,266500.0,267500.0,266000.0,267000.0,1229.0
2026-07-07 11:10:00+09:00,267000.0,267500.0,266500.0,267000.0,847.0
2026-07-07 11:15:00+09:00,267000.0,267500.0,266500.0,267000.0,715.0
2026-07-07 11:20:00+09:00,266500.0,267000.0,265500.0,266000.0,1617.0
2026-07-07 11:25:00+09:00,266000.0,266500.0,265500.0,265500.0,747.0
2026-07-07 11:30:00+09:00,266000.0,266000.0,264500.0,264500.0,2551.0
2026-07-07 11:35:00+09:00,264500.0,265500.0,264500.0,265000.0,1830.0
2026-07-07 11:40:00+09:00,265000.0,265000.0,264000.0,264500.0,1027.0
2026-07-07 11:45:00+09:00,264500.0,265000.0,263500.0,264000.0,2763.0
2026-07-07 11:50:00+09:00,264250.0,264500.0,263500.0,264000.0,2191.0
2026-07-07 11:55:00+09:00,264500.0,265000.0,264000.0,264500.0,1240.0
2026-07-07 12:00:00+09:00,264500.0,265000.0,263500.0,265000.0,1575.0
2026-07-07 12:05:00+09:00,265000.0,265500.0,264000.0,264500.0,3096.0
2026-07-07 12:10:00+09:00,265000.0,265500.0,264500.0,264500.0,700.0
2026-07-07 12:15:00+09:00,265000.0,265500.0,263500.0,263500.0,1479.0
2026-07-07 12:20:00+09:00,264000.0,264500.0,262500.0,263000.0,2421.0
2026-07-07 12:25:00+09:00,263000.0,263000.0,260500.0,260500.0,4091.0
2026-07-07 12:30:00+09:00,260500.0,262500.0,260500.0,262000.0,5019.0
2026-07-07 12:35:00+09:00,261500.0,264500.0,261000.0,264000.0,2381.0
2026-07-07 12:40:00+09:00,264000.0,264000.0,262500.0,263000.0,1510.0
2026-07-07 12:45:00+09:00,263000.0,263000.0,262000.0,262500.0,657.0
2026-07-07 12:50:00+09:00,262000.0,262500.0,261750.0,262500.0,1040.0
2026-07-07 12:55:00+09:00,262000.0,262500.0,261000.0,262500.0,1647.0
2026-07-07 13:00:00+09:00,262500.0,263000.0,261000.0,263000.0,1498.0
2026-07-07 13:05:00+09:00,263000.0,263500.0,261500.0,262000.0,2453.0
2026-07-07 13:10:00+09:00,262000.0,263000.0,261500.0,262000.0,1501.0
2026-07-07 13:15:00+09:00,262250.0,263000.0,262000.0,262000.0,1099.0
2026-07-07 13:20:00+09:00,262500.0,263000.0,261500.0,262000.0,1021.0
2026-07-07 13:25:00+09:00,262000.0,262500.0,261500.0,262000.0,1802.0
2026-07-07 13:30:00+09:00,261500.0,262500.0,261500.0,262000.0,2941.0
2026-07-07 13:35:00+09:00,261500.0,262000.0,261000.0,261500.0,1730.0
2026-07-07 13:40:00+09:00,261500.0,262000.0,261000.0,261500.0,2820.0
2026-07-07 13:45:00+09:00,261500.0,262000.0,261000.0,261500.0,972.0
2026-07-07 13:50:00+09:00,261000.0,261500.0,261000.0,261000.0,224.0
2026-07-07 14:20:00+09:00,262000.0,263500.0,261000.0,261500.0,8586.0
2026-07-07 14:25:00+09:00,261500.0,263500.0,259500.0,262500.0,7690.0
2026-07-07 14:30:00+09:00,263500.0,264000.0,262000.0,262000.0,6978.0
2026-07-07 14:35:00+09:00,262000.0,265000.0,262000.0,264000.0,3521.0
2026-07-07 14:40:00+09:00,264000.0,266000.0,263500.0,265000.0,11730.0
2026-07-07 14:45:00+09:00,265000.0,266000.0,263000.0,263500.0,8586.0
2026-07-07 14:50:00+09:00,263500.0,264500.0,262500.0,264500.0,4176.0
2026-07-07 14:55:00+09:00,264000.0,265000.0,264000.0,265000.0,4273.0
2026-07-08 09:00:00+09:00,264500.0,265000.0,258000.0,260000.0,15019.0
2026-07-08 09:05:00+09:00,259500.0,261000.0,257500.0,258000.0,4816.0
2026-07-08 09:10:00+09:00,258000.0,260000.0,257000.0,259500.0,4170.0
2026-07-08 09:15:00+09:00,259500.0,260000.0,259000.0,260000.0,3296.0
2026-07-08 09:20:00+09:00,259500.0,261000.0,259000.0,260000.0,3163.0
2026-07-08 09:25:00+09:00,260500.0,261500.0,259000.0,261500.0,1056.0
2026-07-08 09:30:00+09:00,261000.0,261500.0,259500.0,260000.0,2255.0
2026-07-08 09:35:00+09:00,260000.0,265000.0,259500.0,265000.0,3305.0
2026-07-08 09:40:00+09:00,265000.0,266500.0,264000.0,265000.0,3553.0
2026-07-08 09:45:00+09:00,265000.0,266500.0,264500.0,266500.0,2890.0
2026-07-08 09:50:00+09:00,266500.0,267500.0,265500.0,266000.0,2207.0
2026-07-08 09:55:00+09:00,265500.0,266500.0,265000.0,266000.0,2411.0
2026-07-08 10:00:00+09:00,266000.0,267000.0,265500.0,266000.0,3702.0
2026-07-08 10:05:00+09:00,266000.0,266000.0,263500.0,264000.0,2314.0
2026-07-08 10:10:00+09:00,264000.0,266000.0,264000.0,265500.0,2978.0
2026-07-08 10:15:00+09:00,266000.0,266000.0,262000.0,263000.0,2073.0
2026-07-08 10:20:00+09:00,262500.0,263500.0,261500.0,262000.0,3154.0
2026-07-08 10:25:00+09:00,262500.0,263000.0,262000.0,262000.0,2062.0
2026-07-08 10:30:00+09:00,262000.0,263000.0,261000.0,261500.0,2109.0
2026-07-08 10:35:00+09:00,262000.0,262000.0,260500.0,260500.0,1356.0
2026-07-08 10:40:00+09:00,261000.0,261500.0,260500.0,261500.0,1106.0
2026-07-08 10:45:00+09:00,261000.0,261500.0,260500.0,261000.0,2502.0
2026-07-08 10:50:00+09:00,261000.0,261500.0,259000.0,259000.0,5506.0
2026-07-08 10:55:00+09:00,259000.0,259500.0,258500.0,259500.0,1636.0
2026-07-08 11:00:00+09:00,259500.0,259500.0,258000.0,258500.0,1830.0
2026-07-08 11:05:00+09:00,258500.0,258500.0,257500.0,258000.0,1682.0
2026-07-08 11:10:00+09:00,257750.0,258500.0,257000.0,257500.0,2995.0
2026-07-08 11:15:00+09:00,257500.0,259000.0,257000.0,258500.0,2774.0
2026-07-08 11:20:00+09:00,258000.0,259500.0,257500.0,259000.0,2133.0
2026-07-08 11:25:00+09:00,259000.0,260000.0,258500.0,260000.0,1275.0
2026-07-08 11:30:00+09:00,260000.0,260000.0,258000.0,258000.0,1058.0
2026-07-08 11:35:00+09:00,258000.0,258500.0,257500.0,258000.0,1197.0
2026-07-08 11:40:00+09:00,257500.0,259000.0,257500.0,258500.0,1805.0
2026-07-08 11:45:00+09:00,259000.0,260000.0,258500.0,258500.0,1749.0
2026-07-08 11:50:00+09:00,258500.0,258500.0,257500.0,258000.0,578.0
2026-07-08 11:55:00+09:00,257500.0,258000.0,257500.0,258000.0,583.0
2026-07-08 12:00:00+09:00,257500.0,259000.0,257500.0,259000.0,2790.0
2026-07-08 12:05:00+09:00,259000.0,260000.0,258500.0,260000.0,962.0
2026-07-08 12:10:00+09:00,259500.0,260500.0,259500.0,260000.0,3048.0
2026-07-08 12:15:00+09:00,259500.0,260000.0,259500.0,259500.0,470.0
2026-07-08 12:20:00+09:00,259500.0,261500.0,259000.0,260000.0,4334.0
2026-07-08 12:25:00+09:00,260500.0,260500.0,259500.0,260500.0,860.0
2026-07-08 12:30:00+09:00,260000.0,260500.0,259000.0,259000.0,1135.0
2026-07-08 12:35:00+09:00,259000.0,259500.0,258500.0,258500.0,774.0
2026-07-08 12:40:00+09:00,258500.0,259000.0,258500.0,258500.0,524.0
2026-07-08 12:45:00+09:00,259000.0,259000.0,258500.0,258500.0,877.0
2026-07-08 12:50:00+09:00,258500.0,259000.0,257500.0,257500.0,1343.0
2026-07-08 12:55:00+09:00,257500.0,258000.0,257000.0,257500.0,1724.0
2026-07-08 13:00:00+09:00,257000.0,257500.0,256500.0,256500.0,2819.0
2026-07-08 13:05:00+09:00,256500.0,257000.0,256000.0,256000.0,1652.0
2026-07-08 13:10:00+09:00,256000.0,256500.0,255000.0,255500.0,3473.0
2026-07-08 13:15:00+09:00,255000.0,255500.0,255000.0,255000.0,1741.0
2026-07-08 13:20:00+09:00,255000.0,256000.0,254500.0,255500.0,5201.0
2026-07-08 13:25:00+09:00,255500.0,255500.0,254000.0,254000.0,2269.0
2026-07-08 13:30:00+09:00,254500.0,254500.0,253500.0,254000.0,1930.0
2026-07-08 13:35:00+09:00,254000.0,254000.0,252500.0,253500.0,3411.0
2026-07-08 13:40:00+09:00,253000.0,253500.0,252000.0,253000.0,2490.0
2026-07-08 13:45:00+09:00,252500.0,253500.0,252000.0,252500.0,3470.0
2026-07-08 13:50:00+09:00,252500.0,253000.0,251500.0,252000.0,2776.0
2026-07-08 13:55:00+09:00,252000.0,254500.0,251500.0,254000.0,3917.0
2026-07-08 14:00:00+09:00,254000.0,255000.0,253000.0,253500.0,2752.0
2026-07-08 14:05:00+09:00,253000.0,256500.0,253000.0,256000.0,3242.0
2026-07-08 14:10:00+09:00,256000.0,257000.0,255500.0,256000.0,3635.0
2026-07-08 14:15:00+09:00,255500.0,257000.0,255000.0,255000.0,2707.0
2026-07-08 14:20:00+09:00,255500.0,256000.0,254000.0,254500.0,4646.0
2026-07-08 14:25:00+09:00,255000.0,255500.0,254500.0,255000.0,2424.0
2026-07-08 14:30:00+09:00,255000.0,255500.0,253500.0,255000.0,7839.0
2026-07-08 14:35:00+09:00,255000.0,256500.0,254000.0,256000.0,3234.0
2026-07-08 14:40:00+09:00,255000.0,257500.0,255000.0,256000.0,3298.0
2026-07-08 14:45:00+09:00,256000.0,257000.0,254500.0,255000.0,4441.0
2026-07-08 14:50:00+09:00,255500.0,256000.0,254000.0,256000.0,5156.0
2026-07-08 14:55:00+09:00,255500.0,257000.0,255500.0,256500.0,4721.0
2026-07-09 09:00:00+09:00,257000.0,258500.0,251500.0,252000.0,9072.0
2026-07-09 09:05:00+09:00,252500.0,253500.0,251500.0,251500.0,3137.0
2026-07-09 09:10:00+09:00,252000.0,254000.0,251500.0,253500.0,2493.0
2026-07-09 09:15:00+09:00,253500.0,255000.0,252000.0,254000.0,3695.0
2026-07-09 09:20:00+09:00,254500.0,255500.0,254250.0,255000.0,2248.0
2026-07-09 09:25:00+09:00,254750.0,256000.0,254500.0,255500.0,3017.0
2026-07-09 09:30:00+09:00,255500.0,260000.0,255000.0,259500.0,4045.0
2026-07-09 09:35:00+09:00,259500.0,261500.0,258000.0,260500.0,5288.0
2026-07-09 09:40:00+09:00,260500.0,264000.0,259500.0,262500.0,4277.0
2026-07-09 09:45:00+09:00,262000.0,264000.0,262000.0,263500.0,2504.0
2026-07-09 09:50:00+09:00,264000.0,264500.0,260000.0,260000.0,5145.0
2026-07-09 09:55:00+09:00,260000.0,262000.0,259500.0,261000.0,2976.0
2026-07-09 10:00:00+09:00,261500.0,263000.0,260500.0,261000.0,1918.0
2026-07-09 10:05:00+09:00,261000.0,264500.0,261000.0,264500.0,2258.0
2026-07-09 10:10:00+09:00,264000.0,266000.0,264000.0,266000.0,2710.0
2026-07-09 10:15:00+09:00,266000.0,266000.0,265000.0,265500.0,3455.0
2026-07-09 10:20:00+09:00,265500.0,266000.0,263500.0,264000.0,1156.0
2026-07-09 10:25:00+09:00,264000.0,264500.0,262000.0,263000.0,1742.0
2026-07-09 10:30:00+09:00,263000.0,263000.0,261000.0,261000.0,2252.0
2026-07-09 10:35:00+09:00,260750.0,261500.0,259000.0,260000.0,2258.0
2026-07-09 10:40:00+09:00,259500.0,261000.0,259000.0,260500.0,1336.0
2026-07-09 10:45:00+09:00,260500.0,261000.0,258000.0,259000.0,1703.0
2026-07-09 10:50:00+09:00,259000.0,259000.0,255500.0,256000.0,1781.0
2026-07-09 10:55:00+09:00,256000.0,256000.0,254500.0,255500.0,2034.0
2026-07-09 11:00:00+09:00,256000.0,256000.0,254000.0,254500.0,1972.0
2026-07-09 11:05:00+09:00,254500.0,257500.0,253500.0,256000.0,2267.0
2026-07-09 11:10:00+09:00,256000.0,258000.0,255500.0,256500.0,2029.0
2026-07-09 11:15:00+09:00,256000.0,257500.0,255000.0,257000.0,1030.0
2026-07-09 11:20:00+09:00,257000.0,259000.0,257000.0,258000.0,1777.0
2026-07-09 11:25:00+09:00,258500.0,259000.0,256500.0,256500.0,904.0
2026-07-09 11:30:00+09:00,256500.0,257000.0,254500.0,254500.0,507.0
2026-07-09 11:35:00+09:00,255000.0,255000.0,253000.0,253500.0,2154.0
2026-07-09 11:40:00+09:00,253750.0,253750.0,252000.0,252000.0,761.0
2026-07-09 11:45:00+09:00,252000.0,253500.0,251500.0,251500.0,2183.0
2026-07-09 11:50:00+09:00,251500.0,252000.0,250000.0,250250.0,2760.0
2026-07-09 11:55:00+09:00,250000.0,251000.0,250000.0,250000.0,1550.0
2026-07-09 12:00:00+09:00,250500.0,251500.0,249500.0,250500.0,3695.0
2026-07-09 12:05:00+09:00,251000.0,251500.0,250000.0,251000.0,1845.0
2026-07-09 12:10:00+09:00,250500.0,251000.0,248500.0,250000.0,1776.0
2026-07-09 12:15:00+09:00,250000.0,250500.0,248500.0,249000.0,2479.0
2026-07-09 12:20:00+09:00,249000.0,252500.0,249000.0,252500.0,3467.0
2026-07-09 12:25:00+09:00,253000.0,255000.0,253000.0,254500.0,2256.0
2026-07-09 12:30:00+09:00,255000.0,257000.0,254500.0,255500.0,2164.0
2026-07-09 12:35:00+09:00,255500.0,256500.0,255000.0,255500.0,2128.0
2026-07-09 12:40:00+09:00,255500.0,256500.0,254500.0,256500.0,1281.0
2026-07-09 12:45:00+09:00,256500.0,256500.0,255000.0,256000.0,1387.0
2026-07-09 12:50:00+09:00,255500.0,256000.0,254500.0,255500.0,996.0
2026-07-09 12:55:00+09:00,256000.0,256000.0,255000.0,255500.0,1470.0
2026-07-09 13:00:00+09:00,255500.0,256500.0,255000.0,255500.0,1738.0
2026-07-09 13:05:00+09:00,255500.0,256500.0,253750.0,254500.0,1833.0
2026-07-09 13:10:00+09:00,254500.0,255000.0,254000.0,254500.0,740.0
2026-07-09 13:15:00+09:00,254500.0,255000.0,253000.0,253500.0,1636.0
2026-07-09 13:20:00+09:00,253500.0,253500.0,251500.0,252000.0,1050.0
2026-07-09 13:25:00+09:00,252000.0,253500.0,251000.0,252500.0,2151.0
2026-07-09 13:30:00+09:00,252500.0,254500.0,252500.0,254500.0,1351.0
2026-07-09 13:35:00+09:00,254000.0,254500.0,253000.0,253000.0,1291.0
2026-07-09 13:40:00+09:00,253000.0,254000.0,252500.0,253000.0,1999.0
2026-07-09 13:45:00+09:00,253000.0,253000.0,252000.0,252500.0,524.0
2026-07-09 13:50:00+09:00,252500.0,254000.0,252000.0,253500.0,1295.0
2026-07-09 13:55:00+09:00,253500.0,254000.0,253000.0,253000.0,967.0
2026-07-09 14:00:00+09:00,254000.0,254000.0,252500.0,253000.0,427.0
2026-07-09 14:05:00+09:00,253000.0,253000.0,251500.0,252000.0,2899.0
2026-07-09 14:10:00+09:00,252000.0,255500.0,252000.0,254500.0,2004.0
2026-07-09 14:15:00+09:00,254500.0,254500.0,252000.0,252500.0,1054.0
2026-07-09 14:20:00+09:00,252250.0,253500.0,251500.0,252500.0,1558.0
2026-07-09 14:25:00+09:00,252000.0,254000.0,252000.0,253000.0,2132.0
2026-07-09 14:30:00+09:00,253500.0,254000.0,252000.0,253500.0,2658.0
2026-07-09 14:35:00+09:00,254000.0,255500.0,253500.0,254500.0,4074.0
2026-07-09 14:40:00+09:00,255000.0,255000.0,253500.0,255000.0,3380.0
2026-07-09 14:45:00+09:00,255000.0,255500.0,254500.0,255000.0,1604.0
2026-07-09 14:50:00+09:00,255000.0,256500.0,255000.0,255500.0,2404.0
2026-07-09 14:55:00+09:00,255500.0,256500.0,255500.0,256000.0,3146.0
2026-07-10 09:00:00+09:00,259500.0,271000.0,259000.0,270500.0,12441.0
2026-07-10 09:05:00+09:00,270000.0,274500.0,269500.0,273500.0,13020.0
2026-07-10 09:10:00+09:00,273500.0,275500.0,272000.0,272000.0,10774.0
2026-07-10 09:15:00+09:00,272500.0,272500.0,269500.0,271000.0,3517.0
2026-07-10 09:20:00+09:00,271000.0,272500.0,269000.0,272500.0,3112.0
2026-07-10 09:25:00+09:00,272000.0,274000.0,272000.0,273000.0,4217.0
2026-07-10 09:30:00+09:00,273500.0,273500.0,271000.0,271000.0,1779.0
2026-07-10 09:35:00+09:00,271000.0,273000.0,271000.0,271750.0,1863.0
2026-07-10 09:40:00+09:00,271500.0,272000.0,270500.0,270500.0,1475.0
2026-07-10 09:45:00+09:00,270500.0,273000.0,270500.0,272500.0,2824.0
2026-07-10 09:50:00+09:00,272000.0,273000.0,270500.0,270500.0,2309.0
2026-07-10 09:55:00+09:00,270500.0,271000.0,268000.0,268500.0,3168.0
2026-07-10 10:00:00+09:00,268500.0,269000.0,267500.0,268500.0,1487.0
2026-07-10 10:05:00+09:00,269000.0,270000.0,268500.0,269000.0,1180.0
2026-07-10 10:10:00+09:00,269000.0,269000.0,267000.0,268000.0,2279.0
2026-07-10 10:15:00+09:00,268000.0,270000.0,267500.0,270000.0,2480.0
2026-07-10 10:20:00+09:00,269500.0,270500.0,267500.0,268000.0,2533.0
2026-07-10 10:25:00+09:00,268500.0,270500.0,268000.0,269500.0,1795.0
2026-07-10 10:30:00+09:00,269500.0,271000.0,269000.0,269500.0,2660.0
2026-07-10 10:35:00+09:00,269500.0,270500.0,268500.0,270000.0,1482.0
2026-07-10 10:40:00+09:00,270000.0,271500.0,269500.0,271000.0,2299.0
2026-07-10 10:45:00+09:00,270500.0,273000.0,270500.0,272500.0,1859.0
2026-07-10 10:50:00+09:00,273000.0,273000.0,271000.0,271000.0,2581.0
2026-07-10 10:55:00+09:00,271500.0,274000.0,270000.0,270500.0,7145.0
2026-07-10 11:00:00+09:00,270000.0,270500.0,268500.0,269000.0,2573.0
2026-07-10 11:05:00+09:00,269000.0,269000.0,267500.0,268000.0,1763.0
2026-07-10 11:10:00+09:00,268000.0,268500.0,266000.0,267000.0,1438.0
2026-07-10 11:15:00+09:00,267000.0,267500.0,266500.0,267000.0,493.0
2026-07-10 11:20:00+09:00,267500.0,267500.0,265000.0,266000.0,1160.0
2026-07-10 11:25:00+09:00,266000.0,267000.0,265500.0,266500.0,1118.0
2026-07-10 11:30:00+09:00,266000.0,267500.0,266000.0,267000.0,432.0
2026-07-10 11:35:00+09:00,267000.0,268000.0,266500.0,268000.0,879.0
2026-07-10 11:40:00+09:00,267500.0,268500.0,266500.0,267000.0,965.0
2026-07-10 11:45:00+09:00,267500.0,268500.0,266500.0,266500.0,821.0
2026-07-10 11:50:00+09:00,267000.0,268000.0,266000.0,266500.0,692.0
2026-07-10 11:55:00+09:00,266500.0,267500.0,266000.0,267000.0,979.0
2026-07-10 12:00:00+09:00,266500.0,267000.0,266000.0,267000.0,399.0
2026-07-10 12:05:00+09:00,267000.0,268000.0,266000.0,266000.0,1307.0
2026-07-10 12:10:00+09:00,266500.0,266500.0,265500.0,266000.0,1060.0
2026-07-10 12:15:00+09:00,265500.0,267000.0,265500.0,267000.0,1057.0
2026-07-10 12:20:00+09:00,267000.0,267000.0,266000.0,266500.0,1831.0
2026-07-10 12:25:00+09:00,266000.0,267000.0,266000.0,266000.0,1345.0
2026-07-10 12:30:00+09:00,266500.0,266500.0,266000.0,266500.0,392.0
2026-07-10 12:35:00+09:00,266000.0,267000.0,266000.0,266500.0,1699.0
2026-07-10 12:40:00+09:00,266500.0,266500.0,265500.0,265750.0,1660.0
2026-07-10 12:45:00+09:00,265750.0,265750.0,264000.0,265000.0,2090.0
2026-07-10 12:50:00+09:00,264750.0,265500.0,264500.0,265500.0,505.0
2026-07-10 12:55:00+09:00,265500.0,266000.0,265000.0,266000.0,812.0
2026-07-10 13:00:00+09:00,266000.0,267500.0,266000.0,267500.0,1416.0
2026-07-10 13:05:00+09:00,267500.0,268000.0,266000.0,266500.0,994.0
2026-07-10 13:10:00+09:00,266500.0,267000.0,266000.0,266500.0,206.0
2026-07-10 13:15:00+09:00,266500.0,266500.0,265500.0,265500.0,900.0
2026-07-10 13:20:00+09:00,265500.0,266500.0,265500.0,266000.0,979.0
2026-07-10 13:25:00+09:00,265500.0,265500.0,265000.0,265000.0,644.0
2026-07-10 13:30:00+09:00,265000.0,265500.0,264000.0,264000.0,1837.0
2026-07-10 13:35:00+09:00,264500.0,265000.0,264000.0,264000.0,995.0
2026-07-10 13:40:00+09:00,264500.0,265500.0,264000.0,265000.0,3181.0
2026-07-10 13:45:00+09:00,264500.0,264500.0,263000.0,263500.0,3317.0
2026-07-10 13:50:00+09:00,263500.0,264500.0,263000.0,263500.0,2291.0
2026-07-10 13:55:00+09:00,263000.0,265500.0,263000.0,264500.0,9491.0
2026-07-10 14:00:00+09:00,264500.0,264500.0,263000.0,263500.0,5697.0
2026-07-10 14:05:00+09:00,263500.0,264500.0,263500.0,264000.0,2779.0
2026-07-10 14:10:00+09:00,264000.0,265500.0,264000.0,265000.0,2685.0
2026-07-10 14:15:00+09:00,265000.0,265000.0,264000.0,264000.0,1369.0
2026-07-10 14:20:00+09:00,264500.0,265000.0,264000.0,265000.0,1472.0
2026-07-10 14:25:00+09:00,264500.0,265000.0,264000.0,264000.0,1092.0
2026-07-10 14:30:00+09:00,264500.0,265500.0,263500.0,265000.0,4565.0
2026-07-10 14:35:00+09:00,264500.0,265000.0,264000.0,264500.0,1140.0
2026-07-10 14:40:00+09:00,264000.0,265500.0,264000.0,265500.0,3363.0
2026-07-10 14:45:00+09:00,265000.0,269000.0,265000.0,268500.0,4488.0
2026-07-10 14:50:00+09:00,268000.0,269000.0,267500.0,268500.0,4843.0
2026-07-10 14:55:00+09:00,268500.0,269000.0,267500.0,268000.0,2858.0
2026-07-13 09:00:00+09:00,268000.0,272000.0,263500.0,270000.0,0.0
2026-07-13 09:05:00+09:00,270500.0,273000.0,270000.0,271500.0,3443.0
2026-07-13 09:10:00+09:00,272000.0,277500.0,272000.0,276500.0,6883.0
2026-07-13 09:15:00+09:00,276500.0,277500.0,274000.0,275000.0,4569.0
2026-07-13 09:20:00+09:00,275000.0,279000.0,274750.0,277000.0,3773.0
2026-07-13 09:25:00+09:00,277500.0,278500.0,276500.0,277000.0,2216.0
2026-07-13 09:30:00+09:00,277500.0,277500.0,274500.0,274500.0,3074.0
2026-07-13 09:35:00+09:00,274500.0,277500.0,274500.0,275000.0,3529.0
2026-07-13 09:40:00+09:00,275500.0,277500.0,275000.0,277000.0,2674.0
2026-07-13 09:45:00+09:00,277000.0,278500.0,277000.0,278000.0,1846.0
2026-07-13 09:50:00+09:00,277500.0,278500.0,276000.0,277000.0,2569.0
2026-07-13 09:55:00+09:00,277500.0,277500.0,276000.0,276500.0,2949.0
2026-07-13 10:00:00+09:00,276500.0,277000.0,275500.0,275500.0,2687.0
2026-07-13 10:05:00+09:00,275500.0,278000.0,275500.0,277500.0,4877.0
2026-07-13 10:10:00+09:00,277000.0,279500.0,277000.0,279000.0,3369.0
2026-07-13 10:15:00+09:00,278500.0,279500.0,276500.0,276500.0,2284.0
2026-07-13 10:20:00+09:00,276500.0,277500.0,273500.0,275000.0,6473.0
2026-07-13 10:25:00+09:00,274500.0,276000.0,274000.0,275000.0,2310.0
2026-07-13 10:30:00+09:00,274500.0,276000.0,274000.0,275500.0,3602.0
2026-07-13 10:35:00+09:00,275500.0,278500.0,275500.0,276000.0,3338.0
2026-07-13 10:40:00+09:00,276000.0,276500.0,273500.0,274000.0,4576.0
2026-07-13 10:45:00+09:00,274000.0,274000.0,271000.0,271500.0,2815.0
2026-07-13 10:50:00+09:00,271500.0,272000.0,269000.0,269000.0,4261.0
2026-07-13 10:55:00+09:00,269000.0,269500.0,267000.0,268000.0,4217.0
2026-07-13 11:00:00+09:00,268000.0,268500.0,266500.0,267500.0,2780.0
2026-07-13 11:05:00+09:00,267500.0,268750.0,267000.0,268500.0,940.0
2026-07-13 11:10:00+09:00,269000.0,269500.0,267500.0,269500.0,1895.0
2026-07-13 11:15:00+09:00,269000.0,269500.0,268500.0,269000.0,2309.0
2026-07-13 11:20:00+09:00,269000.0,271500.0,268500.0,271000.0,5919.0
2026-07-13 11:25:00+09:00,271500.0,272000.0,270500.0,271500.0,968.0
2026-07-13 11:30:00+09:00,271000.0,271000.0,269000.0,270000.0,711.0
2026-07-13 11:35:00+09:00,269500.0,270500.0,268500.0,269000.0,791.0
2026-07-13 11:40:00+09:00,269000.0,269500.0,268500.0,269000.0,792.0
2026-07-13 11:45:00+09:00,269000.0,269000.0,267000.0,269000.0,1466.0
2026-07-13 11:50:00+09:00,269000.0,269500.0,268000.0,268500.0,1036.0
2026-07-13 11:55:00+09:00,268500.0,268500.0,268000.0,268500.0,399.0
2026-07-13 12:00:00+09:00,268500.0,269000.0,266500.0,267000.0,3574.0
2026-07-13 12:05:00+09:00,267000.0,267000.0,266000.0,266000.0,956.0
2026-07-13 12:10:00+09:00,266500.0,266500.0,265500.0,265500.0,603.0
2026-07-13 12:15:00+09:00,266000.0,266500.0,265500.0,266500.0,1211.0
2026-07-13 12:20:00+09:00,266500.0,267500.0,266000.0,266000.0,1572.0
2026-07-13 12:25:00+09:00,266000.0,268000.0,266000.0,267500.0,1163.0
2026-07-13 12:30:00+09:00,267500.0,268000.0,266000.0,266000.0,1010.0
2026-07-13 12:35:00+09:00,266000.0,268000.0,266000.0,267000.0,1540.0
2026-07-13 12:40:00+09:00,266500.0,269000.0,266500.0,267500.0,1967.0
2026-07-13 12:45:00+09:00,267000.0,268500.0,266500.0,267500.0,614.0
2026-07-13 12:50:00+09:00,267500.0,268000.0,266000.0,266500.0,1000.0
2026-07-13 12:55:00+09:00,266500.0,267500.0,266000.0,267000.0,665.0
2026-07-13 13:00:00+09:00,266500.0,267000.0,265000.0,265500.0,2020.0
2026-07-13 13:05:00+09:00,265500.0,265500.0,264500.0,265000.0,1647.0
2026-07-13 13:10:00+09:00,265000.0,266000.0,264500.0,265000.0,1467.0
2026-07-13 13:15:00+09:00,265000.0,265500.0,264500.0,265500.0,925.0
2026-07-13 13:20:00+09:00,265500.0,265500.0,264000.0,264500.0,2629.0
2026-07-13 13:25:00+09:00,264500.0,264500.0,263000.0,263000.0,2528.0
2026-07-13 13:55:00+09:00,265500.0,265500.0,263000.0,263500.0,4716.0
2026-07-13 14:00:00+09:00,263000.0,264000.0,261000.0,262500.0,4362.0
2026-07-13 14:05:00+09:00,262500.0,265500.0,262500.0,265000.0,2927.0
2026-07-13 14:10:00+09:00,265000.0,266000.0,263500.0,265500.0,2841.0
2026-07-13 14:15:00+09:00,265500.0,266000.0,263500.0,264000.0,4432.0
2026-07-13 14:20:00+09:00,264000.0,264500.0,262000.0,262000.0,2049.0
2026-07-13 14:25:00+09:00,262500.0,262500.0,261000.0,261500.0,2221.0
2026-07-13 14:30:00+09:00,262000.0,263500.0,261000.0,263500.0,4900.0
2026-07-13 14:35:00+09:00,263500.0,265000.0,263000.0,264000.0,4024.0
2026-07-13 14:40:00+09:00,263500.0,264500.0,263000.0,264500.0,2893.0
2026-07-13 14:45:00+09:00,264500.0,264500.0,261250.0,261500.0,2714.0
2026-07-13 14:50:00+09:00,261500.0,264500.0,261000.0,261500.0,4272.0
2026-07-13 14:55:00+09:00,261000.0,263000.0,260500.0,262500.0,5654.0
2026-07-14 09:00:00+09:00,263000.0,264500.0,256500.0,258500.0,9940.0
2026-07-14 09:05:00+09:00,258500.0,259500.0,255500.0,256000.0,7426.0
2026-07-14 09:10:00+09:00,256500.0,261500.0,256000.0,260000.0,7125.0
2026-07-14 09:15:00+09:00,260000.0,261500.0,258500.0,258500.0,5633.0
2026-07-14 09:20:00+09:00,258500.0,259000.0,257000.0,257000.0,2745.0
2026-07-14 09:25:00+09:00,257500.0,257500.0,255000.0,257000.0,4414.0
2026-07-14 09:30:00+09:00,257000.0,260000.0,257000.0,258500.0,4183.0
2026-07-14 09:35:00+09:00,258500.0,261000.0,258000.0,259000.0,3592.0
2026-07-14 09:40:00+09:00,259000.0,259500.0,257500.0,258000.0,3821.0
2026-07-14 09:45:00+09:00,257500.0,260500.0,257500.0,259500.0,3125.0
2026-07-14 09:50:00+09:00,260000.0,262000.0,260000.0,262000.0,2947.0
2026-07-14 09:55:00+09:00,262000.0,263000.0,261500.0,262000.0,2329.0
2026-07-14 10:00:00+09:00,262000.0,264500.0,260500.0,264500.0,3451.0
2026-07-14 10:05:00+09:00,264000.0,264500.0,260500.0,261500.0,2867.0
2026-07-14 10:10:00+09:00,262000.0,262500.0,260500.0,261000.0,1987.0
2026-07-14 10:15:00+09:00,260500.0,262500.0,260500.0,262500.0,3920.0
2026-07-14 10:20:00+09:00,262000.0,262500.0,260000.0,261000.0,4319.0
2026-07-14 10:25:00+09:00,261000.0,263000.0,260500.0,261000.0,3093.0
2026-07-14 10:30:00+09:00,261000.0,261000.0,259000.0,259000.0,4046.0
2026-07-14 10:35:00+09:00,259500.0,259500.0,258000.0,259000.0,1939.0
2026-07-14 10:40:00+09:00,259000.0,260000.0,258500.0,260000.0,2770.0
2026-07-14 10:45:00+09:00,259500.0,259500.0,257500.0,258500.0,2668.0
2026-07-14 10:50:00+09:00,259000.0,259000.0,257000.0,257500.0,2578.0
2026-07-14 10:55:00+09:00,257500.0,258000.0,255000.0,256000.0,2479.0
2026-07-14 11:00:00+09:00,255500.0,257500.0,255000.0,257000.0,2455.0
2026-07-14 11:05:00+09:00,256500.0,259500.0,256500.0,258500.0,3177.0
2026-07-14 11:10:00+09:00,258500.0,259000.0,256000.0,258500.0,2661.0
2026-07-14 11:15:00+09:00,257500.0,258000.0,256500.0,257000.0,2055.0
2026-07-14 11:20:00+09:00,257000.0,257500.0,255500.0,257000.0,2711.0
2026-07-14 11:25:00+09:00,256500.0,257000.0,255500.0,257000.0,2014.0
2026-07-14 11:30:00+09:00,256500.0,257500.0,255500.0,255500.0,2857.0
2026-07-14 11:35:00+09:00,256000.0,260000.0,255000.0,259500.0,4928.0
2026-07-14 11:40:00+09:00,260000.0,262500.0,260000.0,261000.0,2920.0
2026-07-14 11:45:00+09:00,261000.0,262500.0,260000.0,261500.0,3180.0
2026-07-14 11:50:00+09:00,261500.0,262000.0,258500.0,259500.0,3171.0
2026-07-14 11:55:00+09:00,259000.0,260000.0,258500.0,259000.0,1379.0
2026-07-14 12:00:00+09:00,259000.0,259000.0,256500.0,256500.0,2228.0
2026-07-14 12:05:00+09:00,256500.0,257000.0,255500.0,256000.0,1106.0
2026-07-14 12:10:00+09:00,256000.0,256000.0,253000.0,253000.0,4306.0
2026-07-14 12:15:00+09:00,253500.0,253500.0,252500.0,252500.0,2331.0
2026-07-14 12:20:00+09:00,253000.0,253500.0,252000.0,252000.0,2186.0
2026-07-14 12:25:00+09:00,252500.0,255500.0,252000.0,255000.0,1783.0
2026-07-14 12:30:00+09:00,256000.0,259000.0,256000.0,258000.0,3619.0
2026-07-14 12:35:00+09:00,258000.0,258000.0,256500.0,258000.0,1706.0
2026-07-14 12:40:00+09:00,257500.0,259500.0,256500.0,259000.0,2716.0
2026-07-14 12:45:00+09:00,259000.0,261000.0,258500.0,260500.0,2678.0
2026-07-14 12:50:00+09:00,260500.0,260500.0,259500.0,260000.0,1447.0
2026-07-14 12:55:00+09:00,259000.0,260000.0,258500.0,259500.0,1817.0
2026-07-14 13:00:00+09:00,259500.0,260500.0,258500.0,259500.0,1759.0
2026-07-14 13:05:00+09:00,259500.0,260000.0,257500.0,257500.0,1361.0
2026-07-14 13:10:00+09:00,258000.0,258000.0,256500.0,257500.0,1356.0
2026-07-14 13:15:00+09:00,257000.0,257500.0,256000.0,257000.0,954.0
2026-07-14 13:20:00+09:00,257000.0,258500.0,256500.0,258000.0,1898.0
2026-07-14 13:25:00+09:00,257500.0,259000.0,257000.0,258500.0,1393.0
2026-07-14 13:30:00+09:00,258500.0,258500.0,257500.0,258500.0,1027.0
2026-07-14 13:35:00+09:00,258500.0,260000.0,257500.0,259500.0,2832.0
2026-07-14 13:40:00+09:00,259500.0,259500.0,257000.0,258000.0,3789.0
2026-07-14 13:45:00+09:00,257500.0,258500.0,257000.0,258500.0,1646.0
2026-07-14 13:50:00+09:00,258500.0,259500.0,257500.0,259500.0,1744.0
2026-07-14 13:55:00+09:00,259000.0,260000.0,258500.0,259500.0,2010.0
2026-07-14 14:00:00+09:00,259000.0,259500.0,258000.0,258500.0,1608.0
2026-07-14 14:05:00+09:00,258500.0,259000.0,257500.0,258500.0,2038.0
2026-07-14 14:10:00+09:00,259000.0,259000.0,258000.0,259000.0,1646.0
2026-07-14 14:15:00+09:00,259500.0,260000.0,258500.0,259000.0,1658.0
2026-07-14 14:20:00+09:00,258500.0,260000.0,258500.0,259500.0,1322.0
2026-07-14 14:25:00+09:00,259000.0,261000.0,259000.0,259500.0,3088.0
2026-07-14 14:30:00+09:00,260000.0,260500.0,259000.0,260500.0,3397.0
2026-07-14 14:35:00+09:00,260000.0,260500.0,259000.0,260000.0,1902.0
2026-07-14 14:40:00+09:00,260000.0,261000.0,258500.0,259500.0,4220.0
2026-07-14 14:45:00+09:00,260000.0,260500.0,259000.0,259500.0,2621.0
2026-07-14 14:50:00+09:00,259500.0,259500.0,257000.0,257000.0,3595.0
2026-07-14 14:55:00+09:00,257000.0,258000.0,256500.0,257000.0,2800.0
2026-07-15 09:00:00+09:00,262000.0,267500.0,262000.0,267000.0,5122.0
2026-07-15 09:05:00+09:00,267500.0,267500.0,265000.0,265500.0,2686.0
2026-07-15 09:10:00+09:00,265000.0,270000.0,265000.0,269000.0,6482.0
2026-07-15 09:15:00+09:00,268750.0,269000.0,265500.0,266500.0,4538.0
2026-07-15 09:20:00+09:00,266500.0,269000.0,265500.0,265500.0,4659.0
2026-07-15 09:25:00+09:00,266000.0,266500.0,265500.0,266000.0,1176.0
2026-07-15 09:30:00+09:00,265750.0,267500.0,265500.0,267500.0,2062.0
2026-07-15 09:35:00+09:00,267500.0,268000.0,265000.0,266000.0,3010.0
2026-07-15 09:40:00+09:00,266000.0,267250.0,265500.0,267000.0,2231.0
2026-07-15 09:45:00+09:00,267000.0,267000.0,265500.0,267000.0,1220.0
2026-07-15 09:50:00+09:00,266750.0,267000.0,265500.0,265750.0,1648.0
2026-07-15 09:55:00+09:00,265750.0,267000.0,265500.0,266250.0,1320.0
2026-07-15 10:00:00+09:00,266500.0,266500.0,263000.0,264500.0,3001.0
2026-07-15 10:05:00+09:00,264500.0,265000.0,263000.0,263500.0,1387.0
2026-07-15 10:10:00+09:00,264000.0,265000.0,263000.0,264500.0,1574.0
2026-07-15 10:15:00+09:00,264500.0,265500.0,264000.0,265000.0,1418.0
2026-07-15 10:20:00+09:00,265500.0,265500.0,264500.0,265000.0,1157.0
2026-07-15 10:25:00+09:00,265500.0,266000.0,265000.0,265750.0,602.0
2026-07-15 10:30:00+09:00,266000.0,266250.0,264500.0,265500.0,1887.0
2026-07-15 10:35:00+09:00,265500.0,266750.0,265000.0,266500.0,835.0
2026-07-15 10:40:00+09:00,266500.0,266500.0,263500.0,264000.0,1720.0
2026-07-15 10:45:00+09:00,264000.0,266500.0,264000.0,266000.0,1864.0
2026-07-15 10:50:00+09:00,266500.0,267500.0,265000.0,267500.0,1599.0
2026-07-15 10:55:00+09:00,267500.0,268500.0,267000.0,267500.0,1347.0
2026-07-15 11:00:00+09:00,268000.0,269500.0,267500.0,268500.0,2459.0
2026-07-15 11:05:00+09:00,268500.0,269000.0,267000.0,268000.0,1594.0
2026-07-15 11:10:00+09:00,268000.0,268000.0,266500.0,267500.0,1431.0
2026-07-15 11:15:00+09:00,267000.0,268000.0,266500.0,268000.0,868.0
2026-07-15 11:20:00+09:00,267750.0,267750.0,266000.0,266500.0,1341.0
2026-07-15 11:25:00+09:00,266500.0,266500.0,266000.0,266500.0,364.0
2026-07-15 11:30:00+09:00,266500.0,267500.0,266000.0,267500.0,1245.0
2026-07-15 11:35:00+09:00,267500.0,268000.0,267000.0,267000.0,1283.0
2026-07-15 11:40:00+09:00,267500.0,268000.0,267000.0,268000.0,315.0
2026-07-15 11:45:00+09:00,268000.0,268000.0,267000.0,267000.0,1058.0
2026-07-15 11:50:00+09:00,267000.0,267500.0,265500.0,266500.0,1127.0
2026-07-15 11:55:00+09:00,266500.0,266500.0,265000.0,265500.0,514.0
2026-07-15 12:00:00+09:00,265500.0,266000.0,265000.0,265500.0,1286.0
2026-07-15 12:05:00+09:00,265500.0,266000.0,265000.0,265000.0,480.0
2026-07-15 12:10:00+09:00,265000.0,265250.0,265000.0,265000.0,205.0
2026-07-15 12:15:00+09:00,265250.0,265500.0,265000.0,265500.0,278.0
2026-07-15 12:20:00+09:00,265000.0,266000.0,265000.0,265500.0,682.0
2026-07-15 12:25:00+09:00,265500.0,266500.0,265500.0,266000.0,529.0
2026-07-15 12:30:00+09:00,266500.0,267000.0,265000.0,265000.0,1671.0
2026-07-15 12:35:00+09:00,265500.0,266000.0,265000.0,265500.0,1027.0
2026-07-15 12:40:00+09:00,265500.0,266000.0,265000.0,265000.0,480.0
2026-07-15 12:45:00+09:00,265000.0,266000.0,264500.0,265500.0,1340.0
2026-07-15 12:50:00+09:00,265000.0,265500.0,264500.0,264500.0,608.0
2026-07-15 12:55:00+09:00,264500.0,265000.0,264000.0,264000.0,786.0
2026-07-15 13:00:00+09:00,264000.0,266500.0,264000.0,266500.0,1929.0
2026-07-15 13:05:00+09:00,266500.0,266500.0,265000.0,265500.0,1066.0
2026-07-15 13:10:00+09:00,265000.0,265500.0,264000.0,264000.0,1112.0
2026-07-15 13:15:00+09:00,264500.0,264500.0,263000.0,264000.0,2918.0
2026-07-15 13:20:00+09:00,264000.0,264500.0,263000.0,264500.0,1954.0
2026-07-15 13:25:00+09:00,264500.0,264500.0,264000.0,264000.0,450.0
2026-07-15 13:30:00+09:00,264000.0,265000.0,263000.0,263500.0,4136.0
2026-07-15 13:35:00+09:00,263000.0,263500.0,262500.0,263500.0,2106.0
2026-07-15 13:40:00+09:00,263500.0,263500.0,262500.0,262500.0,3244.0
2026-07-15 13:45:00+09:00,262500.0,264000.0,262500.0,264000.0,1158.0
2026-07-15 13:50:00+09:00,263500.0,264000.0,263500.0,264000.0,1545.0
2026-07-15 13:55:00+09:00,263500.0,264000.0,263500.0,263500.0,733.0
2026-07-15 14:00:00+09:00,263500.0,264500.0,262500.0,263000.0,2994.0
2026-07-15 14:05:00+09:00,263000.0,263500.0,261500.0,263000.0,2692.0
2026-07-15 14:10:00+09:00,263000.0,263500.0,262500.0,262500.0,1086.0
2026-07-15 14:15:00+09:00,263000.0,264500.0,262500.0,263500.0,2645.0
2026-07-15 14:20:00+09:00,263500.0,263500.0,262500.0,262500.0,882.0
2026-07-15 14:25:00+09:00,262500.0,263000.0,262000.0,262000.0,2382.0
2026-07-15 14:30:00+09:00,262000.0,262000.0,260500.0,261500.0,3626.0
2026-07-15 14:35:00+09:00,261500.0,263000.0,261000.0,263000.0,4205.0
2026-07-15 14:40:00+09:00,262500.0,264000.0,262500.0,264000.0,1777.0
2026-07-15 14:45:00+09:00,264000.0,266000.0,263500.0,266000.0,2808.0
2026-07-15 14:50:00+09:00,266000.0,267000.0,265500.0,267000.0,2645.0
2026-07-15 14:55:00+09:00,266500.0,268000.0,266500.0,267500.0,2998.0
2026-07-16 09:00:00+09:00,265000.0,271000.0,263000.0,270500.0,7705.0
2026-07-16 09:05:00+09:00,270500.0,270500.0,263000.0,264000.0,6791.0
2026-07-16 09:10:00+09:00,264000.0,267000.0,263500.0,267000.0,3155.0
2026-07-16 09:15:00+09:00,267000.0,267500.0,264500.0,264500.0,4365.0
2026-07-16 09:20:00+09:00,264500.0,266000.0,263500.0,265000.0,2725.0
2026-07-16 09:25:00+09:00,264500.0,266000.0,263500.0,265000.0,2489.0
2026-07-16 09:30:00+09:00,265000.0,268000.0,265000.0,267500.0,1642.0
2026-07-16 09:35:00+09:00,267500.0,268500.0,266500.0,267000.0,2582.0
2026-07-16 09:40:00+09:00,266500.0,266500.0,265500.0,266000.0,692.0
2026-07-16 09:45:00+09:00,266000.0,266000.0,264000.0,265000.0,1115.0
2026-07-16 09:50:00+09:00,265000.0,267500.0,265000.0,266000.0,2136.0
2026-07-16 09:55:00+09:00,265500.0,266000.0,264000.0,264500.0,910.0
2026-07-16 10:00:00+09:00,264000.0,265000.0,264000.0,264000.0,1344.0
2026-07-16 10:05:00+09:00,264000.0,264000.0,261500.0,262000.0,2542.0
2026-07-16 10:10:00+09:00,262000.0,262500.0,260000.0,261000.0,1882.0
2026-07-16 10:15:00+09:00,261000.0,261000.0,260000.0,260500.0,1432.0
2026-07-16 10:20:00+09:00,260500.0,261500.0,259500.0,260000.0,1831.0
2026-07-16 10:25:00+09:00,260000.0,262500.0,260000.0,262500.0,1997.0
2026-07-16 10:30:00+09:00,262500.0,264000.0,261500.0,262000.0,1246.0
2026-07-16 10:35:00+09:00,262000.0,264000.0,261500.0,263000.0,2092.0
2026-07-16 10:40:00+09:00,262500.0,263500.0,261000.0,261500.0,1335.0
2026-07-16 10:45:00+09:00,262000.0,263000.0,261000.0,261500.0,1492.0
2026-07-16 10:50:00+09:00,262000.0,263000.0,261000.0,262000.0,973.0
2026-07-16 10:55:00+09:00,261000.0,262000.0,259500.0,259500.0,1687.0
2026-07-16 11:00:00+09:00,259500.0,260500.0,258500.0,259000.0,2140.0
2026-07-16 11:05:00+09:00,259000.0,259000.0,256500.0,256500.0,2217.0
2026-07-16 11:10:00+09:00,256500.0,257000.0,255500.0,255500.0,3581.0
2026-07-16 11:15:00+09:00,256000.0,256500.0,255500.0,256500.0,1740.0
2026-07-16 11:20:00+09:00,256500.0,258500.0,256500.0,258000.0,1301.0
2026-07-16 11:25:00+09:00,258500.0,260000.0,258000.0,259000.0,1694.0
2026-07-16 11:30:00+09:00,259500.0,259500.0,258000.0,258500.0,538.0
2026-07-16 11:35:00+09:00,258500.0,259000.0,258000.0,258000.0,478.0
2026-07-16 11:40:00+09:00,258500.0,259500.0,258000.0,259000.0,676.0
2026-07-16 11:45:00+09:00,259000.0,261500.0,258500.0,261000.0,1059.0
2026-07-16 11:50:00+09:00,261000.0,261500.0,260000.0,261000.0,845.0
2026-07-16 11:55:00+09:00,261000.0,261500.0,260500.0,261000.0,602.0
2026-07-16 12:00:00+09:00,261500.0,261500.0,259500.0,260500.0,3585.0
2026-07-16 12:05:00+09:00,260500.0,262000.0,260500.0,262000.0,858.0
2026-07-16 12:10:00+09:00,262000.0,262500.0,261000.0,261500.0,743.0
2026-07-16 12:15:00+09:00,261500.0,261500.0,259500.0,260000.0,864.0
2026-07-16 12:20:00+09:00,260000.0,260500.0,259500.0,260500.0,1221.0
2026-07-16 12:25:00+09:00,260500.0,261000.0,259000.0,259500.0,612.0
2026-07-16 12:30:00+09:00,259500.0,261500.0,259000.0,261500.0,1023.0
2026-07-16 12:35:00+09:00,261500.0,261500.0,260000.0,260500.0,704.0
2026-07-16 12:40:00+09:00,260500.0,261500.0,260500.0,261000.0,619.0
2026-07-16 12:45:00+09:00,260500.0,261000.0,259500.0,260000.0,1413.0
2026-07-16 12:50:00+09:00,260000.0,261500.0,260000.0,261000.0,582.0
2026-07-16 12:55:00+09:00,260500.0,261500.0,260500.0,261500.0,705.0
2026-07-16 13:00:00+09:00,261500.0,262000.0,261000.0,261500.0,1086.0
2026-07-16 13:05:00+09:00,261500.0,263000.0,261000.0,262500.0,1487.0
2026-07-16 13:10:00+09:00,262500.0,264000.0,262500.0,263000.0,1534.0
2026-07-16 13:15:00+09:00,263000.0,263500.0,261500.0,262000.0,3315.0
2026-07-16 13:20:00+09:00,262000.0,262000.0,260500.0,261000.0,799.0
2026-07-16 13:25:00+09:00,261000.0,261500.0,260500.0,261000.0,1782.0
2026-07-16 13:30:00+09:00,261500.0,261500.0,260500.0,260500.0,1252.0
2026-07-16 13:35:00+09:00,260500.0,260500.0,259500.0,260500.0,870.0
2026-07-16 13:40:00+09:00,260500.0,262000.0,260000.0,261000.0,1485.0
2026-07-16 13:45:00+09:00,261500.0,261500.0,260000.0,260500.0,1112.0
2026-07-16 13:50:00+09:00,261000.0,261500.0,260500.0,261500.0,1404.0
2026-07-16 13:55:00+09:00,261000.0,262000.0,261000.0,262000.0,1587.0
2026-07-16 14:00:00+09:00,261500.0,262500.0,261500.0,262500.0,1735.0
2026-07-16 14:05:00+09:00,262500.0,263500.0,262000.0,263000.0,1558.0
2026-07-16 14:10:00+09:00,263000.0,265000.0,262500.0,265000.0,2147.0
2026-07-16 14:15:00+09:00,265000.0,267000.0,265000.0,266000.0,2689.0
2026-07-16 14:20:00+09:00,266000.0,267000.0,265500.0,266000.0,2031.0
2026-07-16 14:25:00+09:00,266000.0,266500.0,265500.0,265500.0,1379.0
2026-07-16 14:30:00+09:00,265500.0,266000.0,264000.0,264500.0,1554.0
2026-07-16 14:35:00+09:00,264500.0,264500.0,260500.0,261000.0,3105.0
2026-07-16 14:40:00+09:00,261000.0,261500.0,260000.0,260500.0,2499.0
2026-07-16 14:45:00+09:00,261000.0,261000.0,259000.0,260000.0,4250.0
2026-07-16 14:50:00+09:00,260500.0,260500.0,259000.0,260000.0,4222.0
2026-07-16 14:55:00+09:00,259500.0,260500.0,258500.0,259500.0,3567.0
2026-07-20 09:00:00+09:00,259500.0,259500.0,250000.0,250000.0,0.0
2026-07-20 09:05:00+09:00,250500.0,256000.0,250500.0,254500.0,4889.0
2026-07-20 09:10:00+09:00,254000.0,256500.0,253000.0,255000.0,5661.0
2026-07-20 09:15:00+09:00,255500.0,258500.0,255000.0,256500.0,3674.0
2026-07-20 09:20:00+09:00,256500.0,257000.0,254500.0,255500.0,2134.0
2026-07-20 09:25:00+09:00,255500.0,256500.0,254500.0,256000.0,2761.0
2026-07-20 09:30:00+09:00,255500.0,258000.0,255000.0,256500.0,3192.0
2026-07-20 09:35:00+09:00,256000.0,257500.0,255500.0,256500.0,3008.0
2026-07-20 09:40:00+09:00,256500.0,257500.0,256000.0,256000.0,1926.0
2026-07-20 09:45:00+09:00,256500.0,256500.0,253500.0,256000.0,2611.0
2026-07-20 09:50:00+09:00,256500.0,256500.0,255500.0,256500.0,1287.0
2026-07-20 09:55:00+09:00,256000.0,256500.0,255000.0,255000.0,2623.0
2026-07-20 10:00:00+09:00,255500.0,257000.0,255500.0,256500.0,1661.0
2026-07-20 10:05:00+09:00,257000.0,259000.0,256500.0,258000.0,3376.0
2026-07-20 10:10:00+09:00,258500.0,259500.0,255500.0,255500.0,2471.0
2026-07-20 10:15:00+09:00,256000.0,257500.0,255500.0,257000.0,1041.0
2026-07-20 10:20:00+09:00,257000.0,258500.0,256000.0,258000.0,2276.0
2026-07-20 10:25:00+09:00,258500.0,259000.0,256500.0,256500.0,1877.0
2026-07-20 10:30:00+09:00,257000.0,257000.0,256000.0,256500.0,1657.0
2026-07-20 10:35:00+09:00,256500.0,256500.0,255500.0,256500.0,2382.0
2026-07-20 10:40:00+09:00,256500.0,256500.0,255000.0,255500.0,5070.0
2026-07-20 10:45:00+09:00,255500.0,262500.0,255000.0,262500.0,5188.0
2026-07-20 10:50:00+09:00,256500.0,256500.0,254500.0,255500.0,8913.0
2026-07-20 10:55:00+09:00,255000.0,255500.0,254000.0,255500.0,3000.0
2026-07-20 11:00:00+09:00,255500.0,257500.0,254500.0,257000.0,1797.0
2026-07-20 11:05:00+09:00,257000.0,260000.0,256000.0,259500.0,2031.0
2026-07-20 11:10:00+09:00,259500.0,259500.0,256500.0,256500.0,2073.0
2026-07-20 11:15:00+09:00,256500.0,257500.0,255500.0,256000.0,1697.0
2026-07-20 11:20:00+09:00,256000.0,256000.0,255500.0,256000.0,1732.0
2026-07-20 11:25:00+09:00,256000.0,256000.0,255000.0,256000.0,3828.0
2026-07-20 11:30:00+09:00,256000.0,260000.0,256000.0,259000.0,1698.0
2026-07-20 11:35:00+09:00,259000.0,259000.0,258000.0,258500.0,698.0
2026-07-20 11:40:00+09:00,258500.0,259500.0,258500.0,259000.0,1986.0
2026-07-20 11:45:00+09:00,259000.0,260000.0,258500.0,259000.0,935.0
2026-07-20 11:50:00+09:00,259500.0,259500.0,258500.0,259500.0,1611.0
2026-07-20 11:55:00+09:00,259500.0,260000.0,258500.0,259500.0,1712.0
2026-07-20 12:00:00+09:00,259500.0,260000.0,257500.0,258500.0,1196.0
2026-07-20 12:05:00+09:00,258500.0,258500.0,257000.0,257500.0,1690.0
2026-07-20 12:10:00+09:00,257500.0,258500.0,257000.0,257000.0,927.0
2026-07-20 12:15:00+09:00,257000.0,258000.0,257000.0,257000.0,787.0
2026-07-20 12:20:00+09:00,257000.0,257500.0,256500.0,257500.0,1009.0
2026-07-20 12:25:00+09:00,257500.0,257500.0,256000.0,256500.0,1111.0
2026-07-20 12:30:00+09:00,256500.0,257000.0,255500.0,256000.0,1239.0
2026-07-20 12:35:00+09:00,256000.0,257000.0,255500.0,256500.0,680.0
2026-07-20 12:40:00+09:00,256500.0,257000.0,256000.0,257000.0,1305.0
2026-07-20 12:45:00+09:00,257000.0,257000.0,255500.0,256500.0,1267.0
2026-07-20 12:50:00+09:00,256500.0,258000.0,256500.0,258000.0,1565.0
2026-07-20 12:55:00+09:00,257500.0,258500.0,255500.0,256000.0,2372.0
2026-07-20 13:00:00+09:00,256000.0,257000.0,256000.0,256500.0,614.0
2026-07-20 13:05:00+09:00,256500.0,256500.0,254500.0,254500.0,7675.0
2026-07-20 13:10:00+09:00,254500.0,255000.0,254500.0,254750.0,2995.0
2026-07-20 13:15:00+09:00,254750.0,255000.0,254000.0,254500.0,3103.0
2026-07-20 13:20:00+09:00,254500.0,255000.0,254000.0,255000.0,965.0
2026-07-20 13:25:00+09:00,255000.0,256500.0,255000.0,256500.0,3039.0
2026-07-20 13:30:00+09:00,256000.0,258000.0,256000.0,257500.0,2019.0
2026-07-20 13:35:00+09:00,257000.0,258000.0,257000.0,258000.0,1482.0
2026-07-20 13:40:00+09:00,258000.0,258500.0,257000.0,257500.0,1039.0
2026-07-20 13:45:00+09:00,257500.0,258000.0,257000.0,257500.0,1034.0
2026-07-20 13:50:00+09:00,257500.0,258000.0,256500.0,257500.0,2069.0
2026-07-20 13:55:00+09:00,257500.0,257500.0,256000.0,256000.0,1718.0
2026-07-20 14:00:00+09:00,256500.0,256500.0,255500.0,255500.0,1068.0
2026-07-20 14:05:00+09:00,255500.0,256000.0,255000.0,255000.0,6735.0
2026-07-20 14:10:00+09:00,255000.0,256000.0,254000.0,255500.0,7413.0
2026-07-20 14:15:00+09:00,256000.0,256000.0,255000.0,255500.0,1320.0
2026-07-20 14:20:00+09:00,255500.0,255500.0,254000.0,254000.0,2755.0
2026-07-20 14:25:00+09:00,254000.0,255500.0,254000.0,254500.0,2758.0
2026-07-20 14:30:00+09:00,255000.0,255500.0,254000.0,254000.0,5382.0
2026-07-20 14:35:00+09:00,254000.0,254500.0,252500.0,252500.0,9896.0
2026-07-20 14:40:00+09:00,252500.0,253500.0,252000.0,252500.0,4539.0
2026-07-20 14:45:00+09:00,252500.0,253000.0,250500.0,251000.0,11639.0
2026-07-20 14:50:00+09:00,251000.0,252500.0,251000.0,251500.0,3563.0
2026-07-20 14:55:00+09:00,251500.0,254000.0,251500.0,253000.0,4275.0
2026-07-21 09:00:00+09:00,251000.0,255500.0,249000.0,250000.0,12964.0
2026-07-21 09:05:00+09:00,250000.0,250000.0,245000.0,246000.0,7104.0
2026-07-21 09:10:00+09:00,245500.0,247000.0,245000.0,246000.0,2713.0
2026-07-21 09:15:00+09:00,246000.0,246000.0,244000.0,245000.0,5385.0
2026-07-21 09:20:00+09:00,245000.0,246500.0,244000.0,246000.0,3465.0
2026-07-21 09:25:00+09:00,246000.0,246000.0,244000.0,245000.0,3569.0
2026-07-21 09:30:00+09:00,245000.0,246500.0,244500.0,244500.0,3328.0
2026-07-21 09:35:00+09:00,245000.0,245500.0,244500.0,244500.0,2552.0
2026-07-21 09:40:00+09:00,245000.0,245250.0,244000.0,245000.0,2345.0
2026-07-21 09:45:00+09:00,244500.0,245500.0,243000.0,245000.0,6647.0
2026-07-21 09:50:00+09:00,245500.0,246500.0,245000.0,246000.0,2837.0
2026-07-21 09:55:00+09:00,246000.0,246000.0,244000.0,244000.0,3815.0
2026-07-21 10:00:00+09:00,244500.0,247000.0,244000.0,247000.0,4017.0
2026-07-21 10:05:00+09:00,247000.0,248500.0,245500.0,248000.0,3051.0
2026-07-21 10:10:00+09:00,248500.0,249000.0,247500.0,248000.0,1723.0
2026-07-21 10:15:00+09:00,248500.0,248500.0,247000.0,247500.0,2006.0
2026-07-21 10:20:00+09:00,247500.0,249000.0,247000.0,249000.0,1710.0
2026-07-21 10:25:00+09:00,248500.0,249500.0,248000.0,249500.0,2516.0
2026-07-21 10:30:00+09:00,249500.0,251000.0,248500.0,250000.0,3215.0
2026-07-21 10:35:00+09:00,250500.0,251500.0,248000.0,248500.0,2448.0
2026-07-21 10:40:00+09:00,248500.0,249000.0,248000.0,248500.0,1463.0
2026-07-21 10:45:00+09:00,248500.0,250000.0,248000.0,249500.0,1380.0
2026-07-21 10:50:00+09:00,249500.0,249500.0,248000.0,249500.0,2606.0
2026-07-21 10:55:00+09:00,249000.0,249500.0,248000.0,249000.0,1799.0
2026-07-21 11:00:00+09:00,249000.0,251500.0,248500.0,251500.0,3765.0
2026-07-21 11:05:00+09:00,251000.0,251500.0,249000.0,249500.0,2351.0
2026-07-21 11:10:00+09:00,249500.0,249500.0,248000.0,249500.0,2020.0
2026-07-21 11:15:00+09:00,249500.0,249500.0,248500.0,249500.0,888.0
2026-07-21 11:20:00+09:00,249500.0,250000.0,249000.0,249500.0,1711.0
2026-07-21 11:25:00+09:00,249500.0,249500.0,248000.0,249000.0,2761.0
2026-07-21 11:30:00+09:00,249000.0,250500.0,248500.0,250500.0,1214.0
2026-07-21 11:35:00+09:00,250500.0,251500.0,250000.0,251000.0,1973.0
2026-07-21 11:40:00+09:00,251000.0,251000.0,250000.0,250000.0,1220.0
2026-07-21 11:45:00+09:00,250000.0,251500.0,250000.0,251000.0,1458.0
2026-07-21 11:50:00+09:00,251000.0,252000.0,250000.0,250000.0,1735.0
2026-07-21 11:55:00+09:00,250500.0,251500.0,250000.0,251500.0,808.0
2026-07-21 12:00:00+09:00,251500.0,251500.0,251000.0,251000.0,252.0
2026-07-21 12:05:00+09:00,251000.0,252000.0,250500.0,251500.0,2105.0
2026-07-21 12:10:00+09:00,252000.0,253500.0,251500.0,253000.0,2960.0
2026-07-21 12:15:00+09:00,253000.0,254000.0,253000.0,253500.0,2999.0
2026-07-21 12:20:00+09:00,254000.0,254000.0,252000.0,252500.0,2148.0
2026-07-21 12:25:00+09:00,252000.0,253000.0,252000.0,252500.0,2490.0
2026-07-21 12:30:00+09:00,252500.0,253500.0,252000.0,252500.0,3086.0
2026-07-21 12:35:00+09:00,252500.0,253000.0,252000.0,252000.0,1449.0
2026-07-21 12:40:00+09:00,252000.0,252500.0,251500.0,251500.0,2359.0
2026-07-21 12:45:00+09:00,252000.0,253500.0,251500.0,251500.0,4698.0
2026-07-21 12:50:00+09:00,252000.0,253000.0,251500.0,253000.0,1363.0
2026-07-21 12:55:00+09:00,253000.0,253000.0,252500.0,253000.0,2438.0
2026-07-21 13:00:00+09:00,253000.0,253000.0,252000.0,252000.0,1834.0
2026-07-21 13:05:00+09:00,252500.0,252500.0,251000.0,251500.0,3273.0
2026-07-21 13:10:00+09:00,251500.0,252000.0,251000.0,252000.0,1172.0
2026-07-21 13:15:00+09:00,252000.0,252000.0,251000.0,251500.0,2248.0
2026-07-21 13:20:00+09:00,252000.0,252500.0,251500.0,251500.0,2100.0
2026-07-21 13:25:00+09:00,251500.0,252500.0,251500.0,252500.0,1025.0
2026-07-21 13:30:00+09:00,252250.0,253500.0,252000.0,253000.0,3298.0
2026-07-21 13:35:00+09:00,253000.0,253500.0,252500.0,253500.0,2275.0
2026-07-21 13:40:00+09:00,253000.0,253500.0,252500.0,253000.0,3892.0
2026-07-21 13:45:00+09:00,253000.0,253500.0,252500.0,253000.0,1741.0
2026-07-21 13:50:00+09:00,253000.0,253500.0,251500.0,252000.0,3790.0
2026-07-21 13:55:00+09:00,252000.0,252500.0,251500.0,252000.0,2023.0
2026-07-21 14:00:00+09:00,252000.0,252000.0,251500.0,252000.0,1203.0
2026-07-21 14:05:00+09:00,252000.0,252500.0,251500.0,251500.0,1423.0
2026-07-21 14:10:00+09:00,251500.0,252500.0,250000.0,250500.0,3966.0
2026-07-21 14:15:00+09:00,250000.0,250500.0,248500.0,249000.0,5236.0
2026-07-21 14:20:00+09:00,249000.0,249500.0,248000.0,248500.0,5569.0
2026-07-21 14:25:00+09:00,248500.0,250000.0,248000.0,248500.0,6473.0
2026-07-21 14:30:00+09:00,248500.0,249000.0,247000.0,247000.0,6922.0
2026-07-21 14:35:00+09:00,247000.0,249000.0,247000.0,249000.0,5807.0
2026-07-21 14:40:00+09:00,249000.0,250000.0,248500.0,249500.0,4175.0
2026-07-21 14:45:00+09:00,249500.0,251000.0,249000.0,250500.0,4694.0
2026-07-21 14:50:00+09:00,251000.0,252000.0,250500.0,251500.0,4582.0
2026-07-21 14:55:00+09:00,251000.0,251500.0,250000.0,251000.0,4523.0
2026-07-22 09:00:00+09:00,257500.0,263500.0,257000.0,261000.0,8343.0
2026-07-22 09:05:00+09:00,261000.0,262000.0,260500.0,262000.0,2896.0
2026-07-22 09:10:00+09:00,262250.0,266000.0,262000.0,263500.0,6216.0
2026-07-22 09:15:00+09:00,263000.0,263500.0,262500.0,263000.0,4066.0
2026-07-22 09:20:00+09:00,263000.0,264000.0,262000.0,262000.0,1350.0
2026-07-22 09:25:00+09:00,262500.0,263500.0,262000.0,263000.0,1957.0
2026-07-22 09:30:00+09:00,263000.0,264000.0,261000.0,261500.0,2160.0
2026-07-22 09:35:00+09:00,261500.0,261500.0,259000.0,260500.0,3142.0
2026-07-22 09:40:00+09:00,260000.0,261500.0,259500.0,260000.0,1317.0
2026-07-22 09:45:00+09:00,260000.0,260500.0,259000.0,259500.0,1451.0
2026-07-22 09:50:00+09:00,259500.0,260500.0,259000.0,259000.0,1216.0
2026-07-22 09:55:00+09:00,259000.0,260500.0,258000.0,259500.0,2882.0
2026-07-22 10:00:00+09:00,259500.0,260500.0,259000.0,260500.0,3017.0
2026-07-22 10:05:00+09:00,260500.0,261000.0,259000.0,259000.0,1817.0
2026-07-22 10:10:00+09:00,259500.0,259500.0,259000.0,259500.0,684.0
2026-07-22 10:15:00+09:00,259500.0,260500.0,259000.0,259500.0,1193.0
2026-07-22 10:20:00+09:00,259500.0,261000.0,259000.0,260000.0,2363.0
2026-07-22 10:25:00+09:00,260500.0,261500.0,259000.0,259500.0,1809.0
2026-07-22 10:30:00+09:00,260000.0,260500.0,259500.0,260000.0,829.0
2026-07-22 10:35:00+09:00,260000.0,261000.0,259500.0,260500.0,658.0
2026-07-22 10:40:00+09:00,260500.0,261000.0,259000.0,261000.0,2512.0
2026-07-22 10:45:00+09:00,261000.0,263000.0,260500.0,262500.0,1053.0
2026-07-22 10:50:00+09:00,262000.0,263000.0,261500.0,262000.0,1346.0
2026-07-22 10:55:00+09:00,262000.0,263000.0,262000.0,263000.0,1505.0
2026-07-22 11:00:00+09:00,263000.0,263000.0,262000.0,262500.0,573.0
2026-07-22 11:05:00+09:00,262500.0,262500.0,261000.0,261500.0,1145.0
2026-07-22 11:10:00+09:00,261000.0,262500.0,261000.0,261000.0,1236.0
2026-07-22 11:15:00+09:00,261500.0,261500.0,261000.0,261500.0,105.0
2026-07-22 11:20:00+09:00,261500.0,261500.0,261000.0,261500.0,145.0
2026-07-22 11:25:00+09:00,261500.0,262500.0,261000.0,261000.0,1159.0
2026-07-22 11:30:00+09:00,261500.0,262000.0,259500.0,260500.0,1872.0
2026-07-22 11:35:00+09:00,260500.0,260500.0,259500.0,259500.0,344.0
2026-07-22 11:40:00+09:00,259500.0,260500.0,259500.0,260500.0,299.0
2026-07-22 11:45:00+09:00,260500.0,260500.0,259500.0,260000.0,444.0
2026-07-22 11:50:00+09:00,260000.0,260500.0,260000.0,260000.0,296.0
2026-07-22 11:55:00+09:00,260250.0,260500.0,259500.0,260000.0,350.0
2026-07-22 12:00:00+09:00,260000.0,260000.0,259500.0,260000.0,638.0
2026-07-22 12:05:00+09:00,260000.0,260500.0,259500.0,259500.0,307.0
2026-07-22 12:10:00+09:00,259500.0,259500.0,259000.0,259500.0,258.0
2026-07-22 12:15:00+09:00,259500.0,260500.0,259000.0,260500.0,1669.0
2026-07-22 12:20:00+09:00,260500.0,261000.0,259500.0,260000.0,841.0
2026-07-22 12:25:00+09:00,260000.0,261500.0,260000.0,261000.0,1141.0
2026-07-22 12:30:00+09:00,261500.0,261500.0,258500.0,258500.0,773.0
2026-07-22 12:35:00+09:00,259000.0,259000.0,258500.0,258500.0,650.0
2026-07-22 12:40:00+09:00,258500.0,260000.0,258500.0,259500.0,432.0
2026-07-22 12:45:00+09:00,259500.0,261000.0,259500.0,260500.0,703.0
2026-07-22 12:50:00+09:00,260000.0,260500.0,259000.0,259500.0,888.0
2026-07-22 12:55:00+09:00,259500.0,260000.0,258500.0,259000.0,1103.0
2026-07-22 13:00:00+09:00,259000.0,260500.0,259000.0,260500.0,1776.0
2026-07-22 13:05:00+09:00,260000.0,261000.0,260000.0,261000.0,794.0
2026-07-22 13:10:00+09:00,260500.0,261250.0,260000.0,260000.0,766.0
2026-07-22 13:15:00+09:00,260500.0,260500.0,260000.0,260000.0,409.0
2026-07-22 13:20:00+09:00,260500.0,261000.0,260000.0,260500.0,413.0
2026-07-22 13:25:00+09:00,260000.0,260000.0,259000.0,260000.0,1560.0
2026-07-22 13:30:00+09:00,259500.0,260000.0,259000.0,259000.0,425.0
2026-07-22 13:35:00+09:00,259000.0,259500.0,258500.0,258500.0,684.0
2026-07-22 13:40:00+09:00,258500.0,259500.0,258000.0,258000.0,1207.0
2026-07-22 13:45:00+09:00,258000.0,259000.0,257500.0,258000.0,1471.0
2026-07-22 13:50:00+09:00,258000.0,258500.0,257000.0,257500.0,1195.0
2026-07-22 13:55:00+09:00,257500.0,258500.0,257000.0,258500.0,820.0
2026-07-22 14:00:00+09:00,258750.0,259000.0,256500.0,257000.0,1967.0
2026-07-22 14:05:00+09:00,257000.0,257500.0,256500.0,256500.0,714.0
2026-07-22 14:10:00+09:00,256500.0,257000.0,254500.0,256000.0,2885.0
2026-07-22 14:15:00+09:00,255500.0,256000.0,255000.0,255000.0,860.0
2026-07-22 14:20:00+09:00,255000.0,255500.0,254500.0,254500.0,995.0
2026-07-22 14:25:00+09:00,254750.0,255500.0,254500.0,255000.0,1121.0
2026-07-22 14:30:00+09:00,255500.0,256500.0,255000.0,256000.0,2238.0
2026-07-22 14:35:00+09:00,256500.0,256500.0,255000.0,255000.0,590.0
2026-07-22 14:40:00+09:00,255000.0,255500.0,254000.0,254000.0,1448.0
2026-07-22 14:45:00+09:00,254000.0,255500.0,253500.0,255000.0,3685.0
2026-07-22 14:50:00+09:00,255000.0,257000.0,255000.0,256000.0,3629.0
2026-07-22 14:55:00+09:00,255500.0,257500.0,255500.0,256500.0,2430.0
2026-07-23 09:00:00+09:00,255000.0,257500.0,254000.0,257000.0,3406.0
2026-07-23 09:05:00+09:00,256500.0,258500.0,256000.0,258000.0,3390.0
2026-07-23 09:10:00+09:00,258500.0,258500.0,256500.0,257000.0,1759.0
2026-07-23 09:15:00+09:00,257000.0,258500.0,257000.0,258500.0,729.0
2026-07-23 09:20:00+09:00,259000.0,259500.0,258500.0,259500.0,1686.0
2026-07-23 09:25:00+09:00,259500.0,260500.0,258000.0,260000.0,2122.0
2026-07-23 09:30:00+09:00,260000.0,260500.0,258000.0,259500.0,2433.0
2026-07-23 09:35:00+09:00,259500.0,261500.0,259000.0,260500.0,2917.0
2026-07-23 09:40:00+09:00,260500.0,261500.0,260000.0,260500.0,1657.0
2026-07-23 09:45:00+09:00,260500.0,262500.0,260000.0,260500.0,2655.0
2026-07-23 09:50:00+09:00,260000.0,260500.0,258500.0,259500.0,1808.0
2026-07-23 09:55:00+09:00,259500.0,261000.0,259500.0,260500.0,521.0
2026-07-23 10:00:00+09:00,260500.0,261500.0,259000.0,261000.0,1287.0
2026-07-23 10:05:00+09:00,261000.0,261000.0,260000.0,261000.0,740.0
2026-07-23 10:10:00+09:00,261000.0,261500.0,261000.0,261500.0,813.0
2026-07-23 10:15:00+09:00,261500.0,261500.0,260000.0,261000.0,744.0
2026-07-23 10:20:00+09:00,261000.0,262000.0,260500.0,261500.0,826.0
2026-07-23 10:25:00+09:00,261500.0,262500.0,261000.0,262000.0,1045.0
2026-07-23 10:30:00+09:00,262500.0,262500.0,261000.0,262000.0,1482.0
2026-07-23 10:35:00+09:00,262500.0,263000.0,261500.0,262000.0,1321.0
2026-07-23 10:40:00+09:00,262000.0,262000.0,260500.0,261000.0,721.0
2026-07-23 10:45:00+09:00,261500.0,261500.0,261000.0,261000.0,404.0
2026-07-23 10:50:00+09:00,261250.0,263000.0,261000.0,263000.0,1191.0
2026-07-23 10:55:00+09:00,263000.0,264000.0,261000.0,261500.0,3431.0
2026-07-23 11:00:00+09:00,261500.0,263000.0,261000.0,262500.0,1469.0
2026-07-23 11:05:00+09:00,262500.0,263000.0,262000.0,262500.0,314.0
2026-07-23 11:10:00+09:00,262500.0,262500.0,261000.0,261500.0,673.0
2026-07-23 11:15:00+09:00,261500.0,262500.0,261500.0,262000.0,782.0
2026-07-23 11:20:00+09:00,262000.0,262500.0,260500.0,261500.0,1474.0
2026-07-23 11:25:00+09:00,261500.0,261500.0,260000.0,260500.0,1747.0
2026-07-23 11:30:00+09:00,260500.0,262000.0,260500.0,261500.0,619.0
2026-07-23 11:35:00+09:00,261500.0,262000.0,260500.0,260500.0,340.0
2026-07-23 11:40:00+09:00,261000.0,261000.0,260000.0,261000.0,1156.0
2026-07-23 11:45:00+09:00,261000.0,262000.0,260500.0,261500.0,1086.0
2026-07-23 11:50:00+09:00,262000.0,262500.0,261500.0,261500.0,1193.0
2026-07-23 11:55:00+09:00,262500.0,262500.0,261500.0,261500.0,268.0
2026-07-23 12:00:00+09:00,261500.0,262000.0,260500.0,260500.0,1913.0
2026-07-23 12:05:00+09:00,260500.0,261000.0,260500.0,260500.0,505.0
2026-07-23 12:10:00+09:00,260500.0,261000.0,259500.0,260500.0,1783.0
2026-07-23 12:15:00+09:00,260500.0,261000.0,260000.0,260500.0,232.0
2026-07-23 12:20:00+09:00,260500.0,261500.0,260000.0,260500.0,877.0
2026-07-23 12:25:00+09:00,260500.0,261500.0,260500.0,261000.0,586.0
2026-07-23 12:30:00+09:00,261000.0,262500.0,261000.0,261500.0,4616.0
2026-07-23 12:35:00+09:00,261000.0,262500.0,261000.0,262000.0,1273.0
2026-07-23 12:40:00+09:00,262000.0,263000.0,261500.0,262500.0,924.0
2026-07-23 12:45:00+09:00,263000.0,263500.0,262500.0,263000.0,702.0
2026-07-23 12:50:00+09:00,263000.0,264000.0,262500.0,263500.0,2016.0
2026-07-23 12:55:00+09:00,263500.0,263500.0,262500.0,263500.0,1781.0
2026-07-23 13:00:00+09:00,263000.0,264000.0,262500.0,263500.0,2520.0
2026-07-23 13:05:00+09:00,263500.0,264500.0,262000.0,264500.0,4222.0
2026-07-23 13:10:00+09:00,264500.0,264500.0,262500.0,263000.0,1715.0
2026-07-23 13:15:00+09:00,263000.0,264000.0,263000.0,263500.0,2413.0
2026-07-23 13:20:00+09:00,263500.0,264000.0,263000.0,263500.0,1571.0
2026-07-23 13:25:00+09:00,263500.0,265000.0,263000.0,264000.0,3419.0
2026-07-23 13:30:00+09:00,264000.0,264500.0,263500.0,264000.0,2008.0
2026-07-23 13:35:00+09:00,264500.0,265000.0,264000.0,265000.0,2320.0
2026-07-23 13:40:00+09:00,265000.0,265000.0,264500.0,265000.0,1164.0
2026-07-23 13:45:00+09:00,265000.0,266500.0,264500.0,266500.0,2737.0
2026-07-23 13:50:00+09:00,266500.0,266500.0,264500.0,265000.0,2236.0
2026-07-23 13:55:00+09:00,265000.0,265500.0,264000.0,265250.0,1711.0
2026-07-23 14:00:00+09:00,265500.0,265500.0,263500.0,264500.0,2513.0
2026-07-23 14:05:00+09:00,263500.0,265500.0,263500.0,265500.0,3393.0
2026-07-23 14:10:00+09:00,265000.0,265500.0,264000.0,265000.0,1961.0
2026-07-23 14:15:00+09:00,265000.0,265500.0,264500.0,265500.0,1878.0
2026-07-23 14:20:00+09:00,265500.0,267500.0,265500.0,267500.0,4512.0
2026-07-23 14:25:00+09:00,267500.0,269500.0,267000.0,269500.0,5403.0
2026-07-23 14:30:00+09:00,269000.0,269500.0,268500.0,269500.0,2503.0
2026-07-23 14:35:00+09:00,269000.0,269500.0,268000.0,268500.0,1854.0
2026-07-23 14:40:00+09:00,268500.0,271000.0,268000.0,271000.0,6540.0
2026-07-23 14:45:00+09:00,271500.0,272500.0,270000.0,270500.0,6721.0
2026-07-23 14:50:00+09:00,270500.0,271500.0,269500.0,270500.0,4469.0
2026-07-23 14:55:00+09:00,270500.0,271500.0,270000.0,271000.0,4041.0
2026-07-24 09:00:00+09:00,264000.0,266500.0,263500.0,263500.0,2789.0
2026-07-24 09:05:00+09:00,263500.0,265500.0,263500.0,264500.0,2343.0
2026-07-24 09:10:00+09:00,264250.0,265000.0,263000.0,264000.0,2181.0
2026-07-24 09:15:00+09:00,264000.0,265000.0,263500.0,263500.0,1317.0
2026-07-24 09:20:00+09:00,263500.0,265000.0,263000.0,264500.0,1736.0
2026-07-24 09:25:00+09:00,264500.0,264500.0,263000.0,263000.0,871.0
2026-07-24 09:30:00+09:00,263000.0,263500.0,262000.0,262500.0,1406.0
2026-07-24 09:35:00+09:00,262000.0,264000.0,262000.0,263500.0,2068.0
2026-07-24 09:40:00+09:00,263500.0,265500.0,263500.0,264500.0,1976.0
2026-07-24 09:45:00+09:00,264500.0,265500.0,264000.0,264000.0,1309.0
2026-07-24 09:50:00+09:00,264500.0,265500.0,264000.0,265000.0,1907.0
2026-07-24 09:55:00+09:00,265000.0,265000.0,264500.0,264500.0,488.0
2026-07-24 10:00:00+09:00,264000.0,266000.0,264000.0,266000.0,1646.0
2026-07-24 10:05:00+09:00,266000.0,267000.0,265000.0,265500.0,1176.0
2026-07-24 10:10:00+09:00,266000.0,266500.0,264500.0,264500.0,2712.0
2026-07-24 10:15:00+09:00,264500.0,266000.0,264000.0,265500.0,3184.0
2026-07-24 10:20:00+09:00,265000.0,266000.0,264000.0,264500.0,1225.0
2026-07-24 10:25:00+09:00,264500.0,266500.0,264000.0,265000.0,3067.0
2026-07-24 10:30:00+09:00,265000.0,266000.0,264000.0,265500.0,1262.0
2026-07-24 10:35:00+09:00,265500.0,266000.0,264000.0,264000.0,719.0
2026-07-24 10:40:00+09:00,264000.0,265000.0,263000.0,263500.0,2948.0
2026-07-24 10:45:00+09:00,263500.0,264000.0,263000.0,263500.0,565.0
2026-07-24 10:50:00+09:00,263000.0,264500.0,262500.0,263000.0,1241.0
2026-07-24 10:55:00+09:00,263000.0,263500.0,263000.0,263500.0,318.0
2026-07-24 11:00:00+09:00,263500.0,263500.0,262500.0,262500.0,487.0
2026-07-24 11:05:00+09:00,263000.0,263500.0,262000.0,263000.0,1936.0
2026-07-24 11:10:00+09:00,263000.0,264000.0,262500.0,263000.0,1164.0
2026-07-24 11:15:00+09:00,263000.0,263000.0,261000.0,261000.0,2077.0
2026-07-24 11:20:00+09:00,261500.0,261500.0,260500.0,261000.0,746.0
2026-07-24 11:25:00+09:00,261000.0,262000.0,260500.0,260500.0,1224.0
2026-07-24 11:30:00+09:00,261000.0,261000.0,260000.0,260500.0,776.0
2026-07-24 11:35:00+09:00,260000.0,260500.0,260000.0,260000.0,489.0
2026-07-24 11:40:00+09:00,260000.0,260500.0,259000.0,259500.0,1958.0
2026-07-24 11:45:00+09:00,259000.0,259500.0,258000.0,258500.0,1097.0
2026-07-24 11:50:00+09:00,258500.0,259000.0,257000.0,257500.0,1299.0
2026-07-24 11:55:00+09:00,257500.0,259000.0,257500.0,257500.0,1371.0
2026-07-24 12:00:00+09:00,257500.0,259000.0,257000.0,257500.0,1939.0
2026-07-24 12:05:00+09:00,258000.0,259000.0,257000.0,258000.0,1539.0
2026-07-24 12:10:00+09:00,258000.0,258500.0,257000.0,258000.0,1310.0
2026-07-24 12:15:00+09:00,257500.0,259500.0,257500.0,258500.0,1284.0
2026-07-24 12:20:00+09:00,258000.0,259500.0,257500.0,259000.0,1684.0
2026-07-24 12:25:00+09:00,258500.0,259500.0,258000.0,259000.0,1050.0
2026-07-24 12:30:00+09:00,259000.0,260000.0,258000.0,260000.0,1634.0
2026-07-24 12:35:00+09:00,260000.0,261000.0,258500.0,260500.0,1876.0
2026-07-24 12:40:00+09:00,260500.0,261000.0,259500.0,260500.0,1104.0
2026-07-24 12:45:00+09:00,260000.0,261000.0,259500.0,260500.0,1056.0
2026-07-24 12:50:00+09:00,260500.0,261000.0,260000.0,261000.0,910.0
2026-07-24 12:55:00+09:00,260500.0,261000.0,259000.0,259500.0,1197.0
2026-07-24 13:00:00+09:00,259000.0,260000.0,258500.0,259000.0,1580.0
2026-07-24 13:05:00+09:00,258500.0,261000.0,258500.0,260500.0,1362.0
2026-07-24 13:10:00+09:00,261000.0,261000.0,259500.0,259500.0,630.0
2026-07-24 13:15:00+09:00,259500.0,261500.0,259500.0,261500.0,822.0
2026-07-24 13:20:00+09:00,261000.0,263000.0,260500.0,262500.0,1138.0
2026-07-24 13:25:00+09:00,263000.0,264000.0,262500.0,263500.0,1124.0
2026-07-24 13:30:00+09:00,263500.0,263500.0,262500.0,263000.0,1358.0
2026-07-24 13:35:00+09:00,263000.0,263500.0,261500.0,262500.0,864.0
2026-07-24 13:40:00+09:00,262500.0,262500.0,260750.0,261500.0,916.0
2026-07-24 13:45:00+09:00,261500.0,261500.0,260000.0,260500.0,1016.0
2026-07-24 13:50:00+09:00,260250.0,263000.0,260250.0,262500.0,1495.0
2026-07-24 13:55:00+09:00,262000.0,263500.0,261000.0,262500.0,893.0
2026-07-24 14:00:00+09:00,262500.0,263000.0,261000.0,261000.0,1123.0
2026-07-24 14:05:00+09:00,261000.0,263000.0,261000.0,262000.0,1132.0
2026-07-24 14:10:00+09:00,262500.0,263500.0,262000.0,263000.0,1227.0
2026-07-24 14:15:00+09:00,263500.0,264000.0,261000.0,261500.0,2795.0
2026-07-24 14:20:00+09:00,262000.0,264000.0,261500.0,262500.0,1268.0
2026-07-24 14:25:00+09:00,262500.0,263000.0,261500.0,261500.0,2571.0
2026-07-24 14:30:00+09:00,262000.0,262500.0,260500.0,261500.0,2669.0
2026-07-24 14:35:00+09:00,261000.0,261500.0,260000.0,261500.0,5299.0
2026-07-24 14:40:00+09:00,261000.0,261500.0,260000.0,260000.0,2203.0
2026-07-24 14:45:00+09:00,260500.0,260500.0,258500.0,259000.0,4363.0
2026-07-24 14:50:00+09:00,259000.0,259500.0,258000.0,258500.0,4417.0
2026-07-24 14:55:00+09:00,258500.0,259000.0,258000.0,258000.0,3693.0
2026-07-27 09:00:00+09:00,262500.0,262500.0,257500.0,261000.0,0.0
2026-07-27 09:05:00+09:00,261000.0,262000.0,257500.0,259000.0,2043.0
2026-07-27 09:10:00+09:00,259000.0,262000.0,258500.0,262000.0,2824.0
2026-07-27 09:15:00+09:00,262000.0,263000.0,260500.0,261500.0,4191.0
2026-07-27 09:20:00+09:00,261500.0,265000.0,261500.0,264000.0,1534.0
2026-07-27 09:25:00+09:00,264000.0,264500.0,263000.0,264000.0,1396.0
2026-07-27 09:30:00+09:00,264500.0,265000.0,264000.0,265000.0,2305.0
2026-07-27 09:35:00+09:00,264500.0,265000.0,263000.0,264000.0,3173.0
2026-07-27 09:40:00+09:00,264000.0,264500.0,263000.0,264000.0,1689.0
2026-07-27 09:45:00+09:00,264000.0,265000.0,264000.0,265000.0,1816.0
2026-07-27 09:50:00+09:00,265000.0,266000.0,264500.0,265000.0,3213.0
2026-07-27 09:55:00+09:00,264500.0,265000.0,262000.0,262000.0,1555.0
2026-07-27 10:00:00+09:00,261500.0,263500.0,261500.0,262000.0,1862.0
2026-07-27 10:05:00+09:00,262500.0,264000.0,260500.0,261000.0,4578.0
2026-07-27 10:10:00+09:00,261000.0,261000.0,258000.0,259500.0,2366.0
2026-07-27 10:15:00+09:00,259500.0,260000.0,258000.0,258500.0,2406.0
2026-07-27 10:20:00+09:00,258500.0,259000.0,258000.0,258000.0,753.0
2026-07-27 10:25:00+09:00,258000.0,258500.0,256500.0,257500.0,2639.0
2026-07-27 10:30:00+09:00,257500.0,261000.0,257500.0,260500.0,3082.0
2026-07-27 10:35:00+09:00,260500.0,261500.0,259000.0,261500.0,2527.0
2026-07-27 10:40:00+09:00,261500.0,261500.0,259000.0,259500.0,1143.0
2026-07-27 10:45:00+09:00,259500.0,260500.0,258500.0,260000.0,2692.0
2026-07-27 10:50:00+09:00,260000.0,260000.0,258500.0,258500.0,974.0
2026-07-27 10:55:00+09:00,259000.0,261000.0,258500.0,260500.0,2143.0
2026-07-27 11:00:00+09:00,260000.0,260500.0,258000.0,258000.0,1999.0
2026-07-27 11:05:00+09:00,258000.0,259000.0,257500.0,259000.0,962.0
2026-07-27 11:10:00+09:00,259000.0,260000.0,258500.0,259000.0,1206.0
2026-07-27 11:15:00+09:00,259500.0,260000.0,259000.0,259500.0,699.0
2026-07-27 11:20:00+09:00,259500.0,260000.0,258500.0,259000.0,1386.0
2026-07-27 11:25:00+09:00,259500.0,260500.0,259000.0,260000.0,859.0
2026-07-27 11:30:00+09:00,260000.0,260000.0,258000.0,258500.0,1211.0
2026-07-27 11:35:00+09:00,258500.0,259500.0,258500.0,259500.0,320.0
2026-07-27 11:40:00+09:00,259500.0,260000.0,258500.0,259000.0,1071.0
2026-07-27 11:45:00+09:00,259000.0,259000.0,257500.0,257500.0,902.0
2026-07-27 11:50:00+09:00,258000.0,258000.0,257500.0,258000.0,327.0
2026-07-27 11:55:00+09:00,257500.0,258000.0,257500.0,258000.0,586.0
2026-07-27 12:00:00+09:00,257500.0,259000.0,257500.0,258000.0,1599.0
2026-07-27 12:05:00+09:00,258000.0,258500.0,257500.0,258000.0,1157.0
2026-07-27 12:10:00+09:00,258000.0,259000.0,257500.0,259000.0,2158.0
2026-07-27 12:15:00+09:00,259000.0,259500.0,258500.0,258500.0,891.0
2026-07-27 12:20:00+09:00,259000.0,260000.0,258500.0,259000.0,1409.0
2026-07-27 12:25:00+09:00,259000.0,259500.0,258000.0,258500.0,1219.0
2026-07-27 12:30:00+09:00,258000.0,258500.0,257500.0,258500.0,2309.0
2026-07-27 12:35:00+09:00,258500.0,258500.0,258000.0,258000.0,167.0
2026-07-27 12:40:00+09:00,258500.0,260000.0,258000.0,259500.0,2231.0
2026-07-27 12:45:00+09:00,259500.0,259500.0,257000.0,258000.0,3339.0
2026-07-27 12:50:00+09:00,257500.0,258000.0,257500.0,258000.0,128.0
2026-07-27 12:55:00+09:00,257500.0,258500.0,257500.0,258500.0,877.0
2026-07-27 13:00:00+09:00,258000.0,259000.0,258000.0,259000.0,1143.0
2026-07-27 13:05:00+09:00,258750.0,259500.0,258500.0,259000.0,1115.0
2026-07-27 13:10:00+09:00,259000.0,260000.0,258500.0,259500.0,682.0
2026-07-27 13:15:00+09:00,259500.0,260500.0,259500.0,260500.0,810.0
2026-07-27 13:20:00+09:00,260500.0,262000.0,260000.0,260000.0,2741.0
2026-07-27 13:25:00+09:00,260250.0,260250.0,259250.0,260000.0,1423.0
2026-07-27 13:30:00+09:00,260000.0,260500.0,259500.0,260500.0,612.0
2026-07-27 13:35:00+09:00,260500.0,261000.0,260000.0,260000.0,827.0
2026-07-27 13:40:00+09:00,260000.0,261000.0,260000.0,261000.0,495.0
2026-07-27 13:45:00+09:00,261000.0,261000.0,260000.0,260000.0,801.0
2026-07-27 13:50:00+09:00,260500.0,260500.0,260000.0,260000.0,945.0
2026-07-27 13:55:00+09:00,260500.0,260500.0,259500.0,260000.0,598.0
2026-07-27 14:00:00+09:00,259500.0,261000.0,259500.0,260500.0,1943.0
2026-07-27 14:05:00+09:00,260500.0,261500.0,260000.0,261500.0,2679.0
2026-07-27 14:10:00+09:00,261500.0,261500.0,259500.0,260500.0,1745.0
2026-07-27 14:15:00+09:00,260000.0,261000.0,260000.0,261000.0,372.0
2026-07-27 14:20:00+09:00,261000.0,261000.0,260500.0,260500.0,268.0
2026-07-27 14:25:00+09:00,261000.0,261000.0,260000.0,260000.0,2205.0
2026-07-27 14:30:00+09:00,260500.0,261000.0,259500.0,260500.0,1737.0
2026-07-27 14:35:00+09:00,260500.0,261000.0,260000.0,261000.0,664.0
2026-07-27 14:40:00+09:00,261000.0,261000.0,260500.0,261000.0,797.0
2026-07-27 14:45:00+09:00,261000.0,262000.0,260500.0,261000.0,1538.0
2026-07-27 14:50:00+09:00,261000.0,261500.0,260000.0,261000.0,998.0
2026-07-27 14:55:00+09:00,260500.0,261000.0,260000.0,260000.0,1086.0
2026-07-28 09:00:00+09:00,253000.0,254500.0,248500.0,251500.0,8203.0
2026-07-28 09:05:00+09:00,251500.0,252000.0,250000.0,250500.0,2304.0
2026-07-28 09:10:00+09:00,250000.0,251500.0,248500.0,251000.0,4995.0
2026-07-28 09:15:00+09:00,251000.0,251500.0,248500.0,249500.0,2763.0
2026-07-28 09:20:00+09:00,250000.0,251000.0,249500.0,250000.0,1884.0
2026-07-28 09:25:00+09:00,250000.0,250000.0,249000.0,249500.0,989.0
2026-07-28 09:30:00+09:00,249000.0,250000.0,248000.0,248500.0,3986.0
2026-07-28 09:35:00+09:00,249000.0,249000.0,247000.0,247500.0,2059.0
2026-07-28 09:40:00+09:00,247500.0,248000.0,246000.0,247500.0,5345.0
2026-07-28 09:45:00+09:00,247500.0,247500.0,246500.0,247000.0,1257.0
2026-07-28 09:50:00+09:00,247000.0,247000.0,246000.0,246000.0,671.0
2026-07-28 09:55:00+09:00,246000.0,246500.0,246000.0,246000.0,1771.0
2026-07-28 10:00:00+09:00,246500.0,249000.0,246000.0,247000.0,2009.0
2026-07-28 10:05:00+09:00,247500.0,247500.0,246000.0,246500.0,1266.0
2026-07-28 10:10:00+09:00,246500.0,246500.0,246000.0,246500.0,684.0
2026-07-28 10:40:00+09:00,247500.0,248500.0,247500.0,247500.0,2058.0
2026-07-28 10:45:00+09:00,248000.0,248000.0,246500.0,247000.0,2906.0
2026-07-28 10:50:00+09:00,247000.0,247000.0,246000.0,246000.0,1842.0
2026-07-28 10:55:00+09:00,246500.0,246500.0,246000.0,246500.0,594.0
2026-07-28 11:00:00+09:00,246500.0,246500.0,245000.0,245000.0,2175.0
2026-07-28 11:05:00+09:00,245500.0,245500.0,244500.0,245000.0,2970.0
2026-07-28 11:10:00+09:00,245000.0,245500.0,244500.0,245000.0,2786.0
2026-07-28 11:15:00+09:00,245000.0,245500.0,244500.0,245500.0,1687.0
2026-07-28 11:20:00+09:00,245500.0,246500.0,245000.0,246000.0,910.0
2026-07-28 11:25:00+09:00,246500.0,246500.0,244000.0,244500.0,1851.0
2026-07-28 11:30:00+09:00,244000.0,244500.0,243000.0,244000.0,3095.0
2026-07-28 11:35:00+09:00,244000.0,245000.0,243500.0,244000.0,981.0
2026-07-28 11:40:00+09:00,244000.0,244500.0,244000.0,244000.0,676.0
2026-07-28 11:45:00+09:00,243500.0,244000.0,243000.0,243500.0,514.0
2026-07-28 11:50:00+09:00,243000.0,244500.0,243000.0,244000.0,1145.0
2026-07-28 11:55:00+09:00,244000.0,244500.0,243500.0,244000.0,1792.0
2026-07-28 12:00:00+09:00,244500.0,244500.0,243500.0,244000.0,867.0
2026-07-28 12:05:00+09:00,243500.0,244000.0,243000.0,243500.0,608.0
2026-07-28 12:10:00+09:00,243000.0,243500.0,242500.0,243000.0,1690.0
2026-07-28 12:15:00+09:00,242500.0,244500.0,242500.0,243500.0,1871.0
2026-07-28 12:20:00+09:00,243500.0,245500.0,243500.0,245000.0,1269.0
2026-07-28 12:25:00+09:00,245000.0,245500.0,243500.0,244000.0,1346.0
2026-07-28 12:30:00+09:00,243500.0,244000.0,243000.0,244000.0,1652.0
2026-07-28 12:35:00+09:00,244000.0,245500.0,243500.0,245000.0,1068.0
2026-07-28 12:40:00+09:00,245500.0,246000.0,244000.0,245000.0,1133.0
2026-07-28 12:45:00+09:00,245500.0,245500.0,244000.0,244500.0,997.0
2026-07-28 12:50:00+09:00,244500.0,245500.0,244000.0,244500.0,1827.0
2026-07-28 12:55:00+09:00,244500.0,244500.0,243500.0,244000.0,1494.0
2026-07-28 13:00:00+09:00,244000.0,244500.0,243500.0,243500.0,1099.0
2026-07-28 13:05:00+09:00,244000.0,244000.0,243000.0,243500.0,1469.0
2026-07-28 13:10:00+09:00,243000.0,244500.0,243000.0,244000.0,1943.0
2026-07-28 13:15:00+09:00,244000.0,245000.0,243500.0,244000.0,1819.0
2026-07-28 13:20:00+09:00,244000.0,244500.0,242000.0,242500.0,4051.0
2026-07-28 13:25:00+09:00,242000.0,242500.0,242000.0,242000.0,495.0
2026-07-28 13:30:00+09:00,242500.0,242500.0,242000.0,242500.0,475.0
2026-07-28 13:35:00+09:00,242500.0,242500.0,241500.0,242500.0,2904.0
2026-07-28 13:40:00+09:00,242500.0,242500.0,242000.0,242500.0,741.0
2026-07-28 13:45:00+09:00,242250.0,243000.0,242000.0,243000.0,2745.0
2026-07-28 13:50:00+09:00,243000.0,243500.0,242500.0,243000.0,1089.0
2026-07-28 13:55:00+09:00,242500.0,243500.0,242000.0,242500.0,2055.0
2026-07-28 14:00:00+09:00,242500.0,243500.0,242000.0,242500.0,1547.0
2026-07-28 14:05:00+09:00,242500.0,242500.0,241500.0,242000.0,1900.0
2026-07-28 14:10:00+09:00,242000.0,242500.0,241500.0,241500.0,1647.0
2026-07-28 14:15:00+09:00,242000.0,242000.0,241500.0,242000.0,1610.0
2026-07-28 14:20:00+09:00,242000.0,242000.0,240500.0,241000.0,4529.0
2026-07-28 14:25:00+09:00,241000.0,241000.0,240000.0,240500.0,2541.0
2026-07-28 14:30:00+09:00,240500.0,240500.0,239000.0,239000.0,5497.0
2026-07-28 14:35:00+09:00,239500.0,239500.0,237500.0,237500.0,5661.0
2026-07-28 14:40:00+09:00,237500.0,238500.0,237000.0,237000.0,6161.0
2026-07-28 14:45:00+09:00,237500.0,239500.0,237000.0,239000.0,6032.0
2026-07-28 14:50:00+09:00,239000.0,240000.0,238500.0,239000.0,5900.0
2026-07-28 14:55:00+09:00,239500.0,239500.0,238500.0,238500.0,6418.0
2026-07-29 09:00:00+09:00,244500.0,245000.0,239000.0,241500.0,8508.0
2026-07-29 09:05:00+09:00,242000.0,247000.0,242000.0,244500.0,2662.0
2026-07-29 09:10:00+09:00,244500.0,246000.0,243000.0,243000.0,3554.0
2026-07-29 09:15:00+09:00,244000.0,245000.0,242500.0,243500.0,4426.0
2026-07-29 09:20:00+09:00,243500.0,244000.0,241500.0,242000.0,2085.0
2026-07-29 09:25:00+09:00,242000.0,243000.0,241500.0,243000.0,2440.0
2026-07-29 09:30:00+09:00,243000.0,245000.0,241000.0,243000.0,5647.0
2026-07-29 09:35:00+09:00,243000.0,244500.0,242500.0,243500.0,3082.0
2026-07-29 09:40:00+09:00,243500.0,245000.0,243000.0,244000.0,3012.0
2026-07-29 09:45:00+09:00,244500.0,246500.0,244000.0,245000.0,3060.0
2026-07-29 09:50:00+09:00,245000.0,246500.0,244500.0,246000.0,2255.0
2026-07-29 09:55:00+09:00,246000.0,246500.0,244500.0,245500.0,2055.0
2026-07-29 10:00:00+09:00,245000.0,249500.0,245000.0,248500.0,3805.0
2026-07-29 10:05:00+09:00,248500.0,251000.0,248000.0,250000.0,4211.0
2026-07-29 10:10:00+09:00,250000.0,250000.0,247000.0,247500.0,3386.0
2026-07-29 10:15:00+09:00,247500.0,247500.0,244000.0,245500.0,3936.0
2026-07-29 10:20:00+09:00,246000.0,249500.0,245500.0,249500.0,3862.0
2026-07-29 10:25:00+09:00,249500.0,249500.0,248000.0,248500.0,1252.0
2026-07-29 10:30:00+09:00,248000.0,249000.0,246500.0,247500.0,3659.0
2026-07-29 10:35:00+09:00,247500.0,248000.0,246000.0,246500.0,2002.0
2026-07-29 10:40:00+09:00,246000.0,246500.0,242000.0,243000.0,3282.0
2026-07-29 10:45:00+09:00,243000.0,243000.0,240500.0,241000.0,3123.0
2026-07-29 10:50:00+09:00,241000.0,241000.0,238500.0,239500.0,2774.0
2026-07-29 10:55:00+09:00,239000.0,240500.0,238000.0,238500.0,3526.0
2026-07-29 11:00:00+09:00,238000.0,239000.0,236500.0,237000.0,6159.0
2026-07-29 11:05:00+09:00,236000.0,239500.0,235000.0,237000.0,3152.0
2026-07-29 11:10:00+09:00,236500.0,239000.0,235500.0,237500.0,5020.0
2026-07-29 11:15:00+09:00,237000.0,237500.0,235000.0,236000.0,2741.0
2026-07-29 11:20:00+09:00,235500.0,238000.0,235000.0,237000.0,4881.0
2026-07-29 11:25:00+09:00,237000.0,240500.0,236500.0,240000.0,2929.0
2026-07-29 11:30:00+09:00,240000.0,240500.0,237000.0,237500.0,1588.0
2026-07-29 11:35:00+09:00,237500.0,237500.0,235000.0,236000.0,2568.0
2026-07-29 11:40:00+09:00,236000.0,237000.0,235000.0,235500.0,1578.0
2026-07-29 11:45:00+09:00,235500.0,236000.0,234000.0,234500.0,3442.0
2026-07-29 11:50:00+09:00,234500.0,234500.0,232500.0,233000.0,2224.0
2026-07-29 11:55:00+09:00,233000.0,234000.0,232500.0,234000.0,1509.0
2026-07-29 12:00:00+09:00,234000.0,234000.0,231000.0,232000.0,3633.0
2026-07-29 12:05:00+09:00,232000.0,238000.0,232000.0,237500.0,4167.0
2026-07-29 12:10:00+09:00,237500.0,237500.0,233000.0,233500.0,2576.0
2026-07-29 12:15:00+09:00,233000.0,233500.0,231500.0,232500.0,1291.0
2026-07-29 12:20:00+09:00,232500.0,235500.0,232000.0,234000.0,2053.0
2026-07-29 12:25:00+09:00,234000.0,234000.0,233000.0,233500.0,1052.0
2026-07-29 12:30:00+09:00,233500.0,234000.0,233000.0,233500.0,795.0
2026-07-29 13:00:00+09:00,233500.0,233500.0,231500.0,232500.0,6461.0
2026-07-29 13:05:00+09:00,232500.0,233000.0,230500.0,231500.0,6883.0
2026-07-29 13:10:00+09:00,231500.0,232500.0,231000.0,231000.0,3305.0
2026-07-29 13:15:00+09:00,231500.0,231500.0,227000.0,227500.0,6422.0
2026-07-29 13:20:00+09:00,228000.0,229000.0,227000.0,228500.0,4259.0
2026-07-29 13:25:00+09:00,228500.0,228500.0,225000.0,225500.0,3813.0
2026-07-29 13:30:00+09:00,225500.0,226500.0,224500.0,225500.0,4431.0
2026-07-29 13:35:00+09:00,225500.0,227500.0,225000.0,226500.0,3647.0
2026-07-29 13:40:00+09:00,226500.0,227000.0,224000.0,224500.0,3678.0
2026-07-29 13:45:00+09:00,224500.0,226000.0,224000.0,226000.0,1787.0
2026-07-29 13:50:00+09:00,225500.0,228000.0,225500.0,227500.0,2300.0
2026-07-29 13:55:00+09:00,228000.0,230000.0,227500.0,230000.0,2117.0
2026-07-29 14:00:00+09:00,229500.0,231250.0,229000.0,230000.0,4381.0
2026-07-29 14:05:00+09:00,229500.0,229500.0,228000.0,229500.0,2688.0
2026-07-29 14:10:00+09:00,229500.0,231000.0,229000.0,230000.0,3558.0
2026-07-29 14:15:00+09:00,229750.0,230000.0,227500.0,228000.0,5010.0
2026-07-29 14:20:00+09:00,227500.0,230000.0,227500.0,230000.0,3550.0
2026-07-29 14:25:00+09:00,229500.0,231000.0,229500.0,230500.0,3175.0
2026-07-29 14:30:00+09:00,231000.0,231000.0,229000.0,230500.0,3771.0
2026-07-29 14:35:00+09:00,230500.0,232500.0,230000.0,232000.0,4383.0
2026-07-29 14:40:00+09:00,232000.0,232500.0,230000.0,230500.0,4384.0
2026-07-29 14:45:00+09:00,230500.0,230500.0,228000.0,229500.0,5456.0
2026-07-29 14:50:00+09:00,229000.0,230000.0,227000.0,229000.0,5635.0
2026-07-29 14:55:00+09:00,228500.0,229500.0,227000.0,228500.0,4580.0
2026-07-30 09:00:00+09:00,229000.0,234000.0,229000.0,233500.0,11439.0
2026-07-30 09:05:00+09:00,234000.0,242500.0,233500.0,241500.0,9051.0
2026-07-30 09:10:00+09:00,241000.0,244000.0,241000.0,242000.0,7704.0
2026-07-30 09:15:00+09:00,242000.0,245000.0,242000.0,243500.0,12394.0
2026-07-30 09:20:00+09:00,243500.0,244000.0,241500.0,243000.0,5092.0
2026-07-30 09:25:00+09:00,243000.0,245000.0,242500.0,243000.0,3594.0
2026-07-30 09:30:00+09:00,243000.0,244000.0,241000.0,241000.0,3907.0
2026-07-30 09:35:00+09:00,241000.0,243000.0,240500.0,242000.0,3252.0
2026-07-30 09:40:00+09:00,242500.0,243000.0,240000.0,241500.0,3366.0
2026-07-30 09:45:00+09:00,241500.0,244000.0,241000.0,243500.0,7704.0
2026-07-30 09:50:00+09:00,243250.0,244500.0,242500.0,243000.0,5567.0
2026-07-30 09:55:00+09:00,242750.0,243000.0,240000.0,243000.0,7241.0
2026-07-30 10:00:00+09:00,243000.0,243500.0,240000.0,243000.0,2565.0
2026-07-30 10:05:00+09:00,243000.0,244500.0,241500.0,244500.0,3379.0
2026-07-30 10:10:00+09:00,244500.0,245000.0,242500.0,244500.0,4165.0
2026-07-30 10:15:00+09:00,244000.0,246000.0,244000.0,245500.0,3828.0
2026-07-30 10:20:00+09:00,245250.0,246000.0,243500.0,244500.0,3097.0
2026-07-30 10:25:00+09:00,244500.0,246500.0,244500.0,246500.0,1296.0
2026-07-30 10:30:00+09:00,246500.0,247500.0,246250.0,247500.0,1297.0
2026-07-30 10:35:00+09:00,247500.0,248500.0,246500.0,247000.0,6480.0
2026-07-30 10:40:00+09:00,247000.0,248500.0,246500.0,248000.0,1473.0
2026-07-30 10:45:00+09:00,248500.0,250500.0,248500.0,250000.0,2606.0
2026-07-30 10:50:00+09:00,250500.0,251500.0,250500.0,251500.0,2582.0
2026-07-30 10:55:00+09:00,252000.0,253500.0,251000.0,251500.0,3734.0
2026-07-30 11:00:00+09:00,251500.0,252500.0,251000.0,252000.0,2911.0
2026-07-30 11:05:00+09:00,251500.0,252500.0,250000.0,250000.0,1925.0
2026-07-30 11:10:00+09:00,250000.0,252000.0,248500.0,249500.0,2427.0
2026-07-30 11:15:00+09:00,249500.0,249500.0,247500.0,248000.0,1997.0
2026-07-30 11:20:00+09:00,247500.0,249000.0,246500.0,247500.0,2760.0
2026-07-30 11:25:00+09:00,247500.0,247500.0,245000.0,245500.0,2128.0
2026-07-30 11:30:00+09:00,245000.0,246000.0,244500.0,245500.0,1405.0
2026-07-30 11:35:00+09:00,245500.0,245500.0,244000.0,244500.0,1163.0
2026-07-30 11:40:00+09:00,244500.0,246500.0,243000.0,246000.0,3801.0
2026-07-30 11:45:00+09:00,246000.0,246000.0,244500.0,244500.0,2398.0
2026-07-30 11:50:00+09:00,244500.0,246000.0,244000.0,246000.0,960.0
2026-07-30 11:55:00+09:00,245500.0,246000.0,242500.0,243000.0,4083.0
2026-07-30 12:00:00+09:00,243000.0,244000.0,242000.0,244000.0,1577.0
2026-07-30 12:05:00+09:00,243500.0,244000.0,241500.0,242500.0,1514.0
2026-07-30 12:10:00+09:00,242000.0,242500.0,241500.0,241500.0,1186.0
2026-07-30 12:15:00+09:00,241500.0,242000.0,240500.0,241500.0,2284.0
2026-07-30 12:20:00+09:00,241500.0,242500.0,241000.0,242000.0,1299.0
2026-07-30 12:25:00+09:00,242000.0,243000.0,241500.0,242500.0,1946.0
2026-07-30 12:30:00+09:00,242500.0,244500.0,242000.0,244500.0,1003.0
2026-07-30 12:35:00+09:00,244500.0,244500.0,242000.0,242000.0,2375.0
2026-07-30 12:40:00+09:00,242000.0,245000.0,242000.0,244000.0,2507.0
2026-07-30 12:45:00+09:00,243500.0,245000.0,243500.0,245000.0,2073.0
2026-07-30 12:50:00+09:00,245000.0,245000.0,243000.0,243500.0,2421.0
2026-07-30 12:55:00+09:00,243000.0,244750.0,243000.0,244000.0,1904.0
2026-07-30 13:00:00+09:00,244000.0,244500.0,242500.0,244000.0,1181.0
2026-07-30 13:05:00+09:00,244000.0,244500.0,242500.0,243000.0,1660.0
2026-07-30 13:10:00+09:00,242500.0,243000.0,242000.0,242000.0,729.0
2026-07-30 13:15:00+09:00,242000.0,243000.0,241500.0,241500.0,939.0
2026-07-30 13:20:00+09:00,241500.0,243500.0,241500.0,243000.0,2146.0
2026-07-30 13:25:00+09:00,243000.0,246000.0,242500.0,245000.0,3487.0
2026-07-30 13:30:00+09:00,245000.0,246500.0,245000.0,245500.0,1930.0
2026-07-30 13:35:00+09:00,245000.0,246500.0,243500.0,244000.0,2627.0
2026-07-30 13:40:00+09:00,244000.0,244500.0,242000.0,243000.0,2527.0
2026-07-30 13:45:00+09:00,243000.0,244500.0,243000.0,244000.0,1505.0
2026-07-30 13:50:00+09:00,244000.0,244000.0,242500.0,243500.0,2039.0
2026-07-30 13:55:00+09:00,243000.0,243500.0,242500.0,242500.0,1551.0
2026-07-30 14:00:00+09:00,242500.0,243500.0,241500.0,243500.0,3061.0
2026-07-30 14:05:00+09:00,243000.0,243500.0,242000.0,242500.0,1712.0
2026-07-30 14:10:00+09:00,242500.0,244500.0,242000.0,244500.0,1929.0
2026-07-30 14:15:00+09:00,244000.0,245000.0,243500.0,245000.0,2694.0
2026-07-30 14:20:00+09:00,245000.0,245000.0,244000.0,244500.0,1373.0
2026-07-30 14:25:00+09:00,244000.0,245000.0,243000.0,243000.0,4180.0
2026-07-30 14:30:00+09:00,243000.0,243500.0,242000.0,242500.0,3775.0
2026-07-30 14:35:00+09:00,242500.0,244000.0,242500.0,243500.0,1437.0
2026-07-30 14:40:00+09:00,243500.0,246500.0,243000.0,245500.0,3023.0
2026-07-30 14:45:00+09:00,245500.0,246500.0,244500.0,245500.0,4386.0
2026-07-30 14:50:00+09:00,245500.0,245500.0,243500.0,243500.0,5871.0
2026-07-30 14:55:00+09:00,244000.0,245500.0,242500.0,245000.0,5946.0
2026-07-31 09:00:00+09:00,252500.0,252500.0,242500.0,246000.0,10757.0
2026-07-31 09:05:00+09:00,245500.0,246000.0,241000.0,244000.0,12019.0
2026-07-31 09:10:00+09:00,244000.0,251500.0,243000.0,246000.0,9858.0
2026-07-31 09:15:00+09:00,246000.0,248000.0,245500.0,247000.0,4156.0
2026-07-31 09:20:00+09:00,247000.0,248000.0,246000.0,246000.0,2354.0
2026-07-31 09:25:00+09:00,246000.0,249500.0,245000.0,248500.0,6827.0
2026-07-31 09:30:00+09:00,248500.0,250500.0,248000.0,249500.0,4280.0
2026-07-31 09:35:00+09:00,250000.0,250000.0,248000.0,249000.0,3590.0
2026-07-31 09:40:00+09:00,249000.0,254000.0,248500.0,252500.0,6493.0
2026-07-31 09:45:00+09:00,253000.0,253500.0,251500.0,252000.0,3128.0
2026-07-31 09:50:00+09:00,252000.0,252500.0,250000.0,251000.0,5493.0
2026-07-31 09:55:00+09:00,251000.0,252000.0,250500.0,252000.0,3086.0
2026-07-31 10:00:00+09:00,252500.0,253000.0,252000.0,253000.0,1620.0
2026-07-31 10:05:00+09:00,253000.0,254500.0,252500.0,254000.0,3425.0
2026-07-31 10:10:00+09:00,254500.0,255000.0,253500.0,254500.0,3785.0
2026-07-31 10:15:00+09:00,254500.0,254500.0,253000.0,253500.0,1483.0
2026-07-31 10:20:00+09:00,253500.0,255000.0,253000.0,254500.0,1926.0
2026-07-31 10:25:00+09:00,254500.0,254500.0,253000.0,253500.0,2991.0
2026-07-31 10:30:00+09:00,253500.0,254500.0,253000.0,254000.0,3741.0
2026-07-31 10:35:00+09:00,254000.0,254000.0,251500.0,252000.0,4052.0
2026-07-31 10:40:00+09:00,252000.0,252000.0,250500.0,250500.0,3195.0
2026-07-31 10:45:00+09:00,250500.0,252500.0,250000.0,252500.0,3565.0
2026-07-31 10:50:00+09:00,252500.0,253000.0,251000.0,251000.0,2830.0
2026-07-31 10:55:00+09:00,251500.0,252000.0,251000.0,252000.0,1402.0
2026-07-31 11:00:00+09:00,252500.0,253000.0,252000.0,252000.0,1921.0
2026-07-31 11:05:00+09:00,251500.0,253000.0,251000.0,253000.0,1414.0
2026-07-31 11:10:00+09:00,253500.0,253500.0,251500.0,252000.0,2037.0
2026-07-31 11:15:00+09:00,252000.0,252000.0,250500.0,251000.0,3342.0
2026-07-31 11:20:00+09:00,250500.0,252000.0,250500.0,251000.0,2428.0
2026-07-31 11:25:00+09:00,251500.0,252000.0,251000.0,251500.0,1140.0
2026-07-31 11:30:00+09:00,252000.0,252000.0,251000.0,251000.0,866.0
2026-07-31 11:35:00+09:00,251000.0,251500.0,250000.0,251000.0,4713.0
2026-07-31 11:40:00+09:00,251000.0,252000.0,251000.0,251500.0,1912.0
2026-07-31 11:45:00+09:00,251500.0,252000.0,251500.0,251500.0,488.0
2026-07-31 11:50:00+09:00,251500.0,252000.0,251000.0,251000.0,2403.0
2026-07-31 11:55:00+09:00,251500.0,251500.0,251000.0,251500.0,468.0
2026-07-31 12:00:00+09:00,251500.0,251500.0,251000.0,251500.0,777.0
2026-07-31 12:05:00+09:00,251500.0,251500.0,251000.0,251500.0,614.0
2026-07-31 12:10:00+09:00,251000.0,251500.0,250000.0,250500.0,13004.0
2026-07-31 12:15:00+09:00,250000.0,251000.0,250000.0,250500.0,4959.0
2026-07-31 12:20:00+09:00,251000.0,251000.0,250500.0,250500.0,1968.0
2026-07-31 12:25:00+09:00,250500.0,251000.0,249500.0,250000.0,4445.0
2026-07-31 12:30:00+09:00,249500.0,250500.0,249000.0,249500.0,1895.0
2026-07-31 12:35:00+09:00,249500.0,250500.0,249000.0,250500.0,1678.0
2026-07-31 12:40:00+09:00,250000.0,250500.0,249500.0,250500.0,1017.0
2026-07-31 12:45:00+09:00,250500.0,250500.0,249500.0,249500.0,1622.0
2026-07-31 12:50:00+09:00,249500.0,253500.0,249500.0,252000.0,5262.0
2026-07-31 12:55:00+09:00,252000.0,253000.0,251500.0,251500.0,1785.0
2026-07-31 13:00:00+09:00,252000.0,252000.0,251000.0,251000.0,2630.0
2026-07-31 13:05:00+09:00,251000.0,251250.0,250500.0,250500.0,4454.0
2026-07-31 13:10:00+09:00,250500.0,250750.0,249000.0,250000.0,3370.0
2026-07-31 13:15:00+09:00,250000.0,252500.0,250000.0,252000.0,3612.0
2026-07-31 13:20:00+09:00,252500.0,254000.0,252000.0,254000.0,2729.0
2026-07-31 13:25:00+09:00,253500.0,256000.0,253500.0,256000.0,6172.0
2026-07-31 13:30:00+09:00,256000.0,256000.0,254000.0,255500.0,7678.0
2026-07-31 13:35:00+09:00,255500.0,256000.0,255000.0,255500.0,4499.0
2026-07-31 13:40:00+09:00,255500.0,256000.0,254000.0,255500.0,2186.0
2026-07-31 13:45:00+09:00,255000.0,256000.0,255000.0,255000.0,2132.0
2026-07-31 13:50:00+09:00,255500.0,255500.0,255000.0,255500.0,1511.0
2026-07-31 13:55:00+09:00,255500.0,256500.0,255000.0,256000.0,1563.0
2026-07-31 14:00:00+09:00,256000.0,256500.0,255000.0,255000.0,2213.0
2026-07-31 14:05:00+09:00,255000.0,255500.0,253500.0,255000.0,5174.0
2026-07-31 14:10:00+09:00,255000.0,256000.0,254500.0,256000.0,2481.0
2026-07-31 14:15:00+09:00,256000.0,257000.0,255500.0,255500.0,2198.0
2026-07-31 14:20:00+09:00,256000.0,256500.0,255000.0,256000.0,3748.0
2026-07-31 14:25:00+09:00,256000.0,258000.0,256000.0,258000.0,4326.0
2026-07-31 14:30:00+09:00,258000.0,259000.0,255500.0,255500.0,2469.0
2026-07-31 14:35:00+09:00,255500.0,256500.0,255000.0,256000.0,4035.0
2026-07-31 14:40:00+09:00,256000.0,258500.0,256000.0,258000.0,2415.0
2026-07-31 14:45:00+09:00,258000.0,259500.0,258000.0,259000.0,4820.0
2026-07-31 14:50:00+09:00,259500.0,259500.0,256750.0,257000.0,6594.0
2026-07-31 14:55:00+09:00,256500.0,258500.0,256500.0,258000.0,3255.0
2026-08-03 09:00:00+09:00,253000.0,255500.0,242500.0,243000.0,0.0
2026-08-03 09:05:00+09:00,243500.0,245000.0,243000.0,243500.0,9214.0
2026-08-03 09:10:00+09:00,243250.0,243500.0,240500.0,242500.0,9202.0
2026-08-03 09:15:00+09:00,242500.0,244000.0,239500.0,239500.0,13165.0
2026-08-03 09:20:00+09:00,239500.0,242500.0,239000.0,241500.0,3735.0
2026-08-03 09:25:00+09:00,241000.0,242500.0,239500.0,240500.0,5459.0
2026-08-03 09:30:00+09:00,240000.0,240500.0,238000.0,239000.0,6023.0
2026-08-03 09:35:00+09:00,239000.0,240500.0,238000.0,239000.0,5903.0
2026-08-03 09:40:00+09:00,239500.0,241000.0,239000.0,240000.0,5475.0
2026-08-03 09:45:00+09:00,240500.0,240500.0,238500.0,239000.0,7834.0
2026-08-03 09:50:00+09:00,239000.0,241000.0,238500.0,241000.0,4239.0
2026-08-03 09:55:00+09:00,240500.0,241000.0,240000.0,241000.0,4108.0
2026-08-03 10:00:00+09:00,241000.0,243000.0,240500.0,242500.0,5537.0
2026-08-03 10:05:00+09:00,242500.0,244000.0,242500.0,243500.0,4799.0
2026-08-03 10:10:00+09:00,243000.0,244000.0,242000.0,242500.0,3154.0
2026-08-03 10:15:00+09:00,242000.0,243000.0,242000.0,242500.0,2376.0
2026-08-03 10:20:00+09:00,242000.0,244000.0,242000.0,244000.0,3688.0
2026-08-03 10:25:00+09:00,243500.0,245000.0,243500.0,245000.0,2498.0
2026-08-03 10:30:00+09:00,245000.0,245500.0,244000.0,244500.0,2679.0
2026-08-03 10:35:00+09:00,244500.0,245000.0,243000.0,243500.0,3548.0
2026-08-03 10:40:00+09:00,244500.0,245500.0,244000.0,244500.0,1542.0
2026-08-03 10:45:00+09:00,244500.0,245000.0,243500.0,244500.0,2224.0
2026-08-03 10:50:00+09:00,244500.0,246000.0,244000.0,245000.0,1582.0
2026-08-03 10:55:00+09:00,245500.0,246500.0,245000.0,246500.0,2500.0
2026-08-03 11:00:00+09:00,246500.0,248000.0,245500.0,247500.0,2671.0
2026-08-03 11:05:00+09:00,247500.0,248500.0,247000.0,247500.0,2067.0
2026-08-03 11:10:00+09:00,247500.0,249000.0,247000.0,248500.0,1643.0
2026-08-03 11:15:00+09:00,248500.0,249000.0,248000.0,248500.0,1875.0
2026-08-03 11:20:00+09:00,248500.0,249500.0,247500.0,248000.0,1027.0
2026-08-03 11:25:00+09:00,247750.0,248000.0,246000.0,246000.0,2756.0
2026-08-03 11:30:00+09:00,246000.0,247000.0,246000.0,246500.0,1421.0
2026-08-03 11:35:00+09:00,246500.0,247500.0,246000.0,247000.0,924.0
2026-08-03 11:40:00+09:00,247000.0,248000.0,246000.0,246500.0,1235.0
2026-08-03 11:45:00+09:00,246500.0,247000.0,245500.0,246500.0,1070.0
2026-08-03 11:50:00+09:00,246000.0,247500.0,246000.0,246500.0,1784.0
2026-08-03 11:55:00+09:00,246500.0,247000.0,245500.0,246000.0,866.0
2026-08-03 12:00:00+09:00,246000.0,247500.0,245500.0,247000.0,1257.0
2026-08-03 12:05:00+09:00,247500.0,248000.0,246500.0,247500.0,1244.0
2026-08-03 12:10:00+09:00,247500.0,248000.0,246500.0,247500.0,2504.0
2026-08-03 12:15:00+09:00,247500.0,248000.0,246500.0,247500.0,937.0
2026-08-03 12:20:00+09:00,247500.0,248000.0,246500.0,246500.0,881.0
2026-08-03 12:25:00+09:00,247000.0,248000.0,246000.0,247000.0,1901.0
2026-08-03 12:30:00+09:00,247500.0,247500.0,246000.0,247500.0,1001.0
2026-08-03 12:35:00+09:00,247500.0,248000.0,246000.0,248000.0,1954.0
2026-08-03 12:40:00+09:00,247500.0,248000.0,247000.0,247250.0,837.0
2026-08-03 12:45:00+09:00,247250.0,248000.0,247000.0,247000.0,916.0
2026-08-03 12:50:00+09:00,247000.0,248000.0,247000.0,247500.0,1200.0
2026-08-03 12:55:00+09:00,248000.0,248000.0,246000.0,246000.0,2462.0
2026-08-03 13:00:00+09:00,246250.0,247500.0,245500.0,246000.0,1732.0
2026-08-03 13:05:00+09:00,246000.0,249000.0,246000.0,247500.0,3857.0
2026-08-03 13:10:00+09:00,247500.0,248000.0,247000.0,247500.0,1091.0
2026-08-03 13:15:00+09:00,247500.0,247500.0,246500.0,247000.0,1314.0
2026-08-03 13:20:00+09:00,247000.0,247500.0,246500.0,247000.0,727.0
2026-08-03 13:25:00+09:00,246500.0,247000.0,246500.0,247000.0,644.0
2026-08-03 13:30:00+09:00,246500.0,247000.0,245500.0,246000.0,1091.0
2026-08-03 13:35:00+09:00,245500.0,246000.0,245000.0,245000.0,849.0
2026-08-03 13:40:00+09:00,245000.0,246000.0,244500.0,245500.0,2008.0
2026-08-03 13:45:00+09:00,245500.0,246500.0,244500.0,246000.0,1604.0
2026-08-03 13:50:00+09:00,245500.0,246000.0,244500.0,245500.0,1781.0
2026-08-03 13:55:00+09:00,245500.0,245500.0,244000.0,244500.0,2203.0
2026-08-03 14:00:00+09:00,245000.0,246000.0,244500.0,245000.0,1270.0
2026-08-03 14:05:00+09:00,245000.0,245500.0,244000.0,244500.0,2132.0
2026-08-03 14:10:00+09:00,245000.0,246000.0,244500.0,244500.0,1965.0
2026-08-03 14:15:00+09:00,245000.0,245000.0,243500.0,244000.0,2538.0
2026-08-03 14:20:00+09:00,243500.0,245500.0,243500.0,244000.0,2444.0
2026-08-03 14:25:00+09:00,244000.0,245000.0,243500.0,244500.0,1190.0
2026-08-03 14:30:00+09:00,244000.0,245500.0,244000.0,244000.0,3634.0
2026-08-03 14:35:00+09:00,244000.0,245500.0,244000.0,244500.0,2152.0
2026-08-03 14:40:00+09:00,244500.0,245000.0,243500.0,244000.0,3352.0
2026-08-03 14:45:00+09:00,244000.0,244500.0,242500.0,243000.0,6499.0
2026-08-03 14:50:00+09:00,242500.0,243000.0,242000.0,243000.0,6819.0
2026-08-03 14:55:00+09:00,242500.0,244000.0,242000.0,243500.0,7023.0
2026-08-04 09:00:00+09:00,249500.0,255000.0,248500.0,248500.0,12349.0
2026-08-04 09:05:00+09:00,248500.0,250000.0,247500.0,249500.0,3629.0
2026-08-04 09:10:00+09:00,249500.0,251000.0,248000.0,248000.0,4605.0
2026-08-04 09:15:00+09:00,248000.0,249000.0,246500.0,249000.0,5671.0
2026-08-04 09:20:00+09:00,248500.0,254000.0,248500.0,253500.0,4829.0
2026-08-04 09:25:00+09:00,253500.0,255000.0,251500.0,252000.0,5769.0
2026-08-04 09:30:00+09:00,252500.0,252500.0,249000.0,250000.0,4694.0
2026-08-04 09:35:00+09:00,250000.0,250000.0,247500.0,248500.0,4518.0
2026-08-04 09:40:00+09:00,249000.0,249500.0,247000.0,247500.0,1700.0
2026-08-04 09:45:00+09:00,248000.0,248500.0,246500.0,248000.0,3782.0
2026-08-04 09:50:00+09:00,247500.0,247500.0,245500.0,246000.0,3088.0
2026-08-04 09:55:00+09:00,246000.0,247000.0,244500.0,245000.0,5612.0
2026-08-04 10:00:00+09:00,245000.0,246500.0,245000.0,246000.0,2550.0
2026-08-04 10:05:00+09:00,246000.0,246000.0,245000.0,245500.0,1624.0
2026-08-04 10:10:00+09:00,246000.0,247000.0,245500.0,247000.0,1646.0
2026-08-04 10:15:00+09:00,247000.0,247000.0,245000.0,246500.0,2978.0
2026-08-04 10:20:00+09:00,246000.0,247000.0,245500.0,246000.0,2078.0
2026-08-04 10:25:00+09:00,246500.0,247500.0,246000.0,247000.0,1944.0
2026-08-04 10:30:00+09:00,247000.0,248000.0,246500.0,248000.0,2162.0
2026-08-04 10:35:00+09:00,248000.0,248000.0,247000.0,247000.0,1734.0
2026-08-04 10:40:00+09:00,247000.0,249500.0,247000.0,249500.0,1852.0
2026-08-04 10:45:00+09:00,249250.0,251500.0,249000.0,251500.0,3422.0
2026-08-04 10:50:00+09:00,251000.0,253000.0,251000.0,252000.0,3460.0
2026-08-04 10:55:00+09:00,252000.0,252500.0,250500.0,251250.0,1876.0
2026-08-04 11:00:00+09:00,251000.0,251500.0,249000.0,249500.0,3530.0
2026-08-04 11:05:00+09:00,249500.0,250000.0,248500.0,249000.0,2505.0
2026-08-04 11:10:00+09:00,248500.0,250500.0,248500.0,250000.0,1910.0
2026-08-04 11:15:00+09:00,250000.0,251500.0,249500.0,251000.0,2577.0
2026-08-04 11:20:00+09:00,251000.0,252000.0,250500.0,251000.0,588.0
2026-08-04 11:25:00+09:00,251000.0,251500.0,250500.0,251000.0,1282.0
2026-08-04 11:30:00+09:00,251000.0,251500.0,250500.0,251000.0,977.0
2026-08-04 11:35:00+09:00,251000.0,251000.0,250500.0,250500.0,666.0
2026-08-04 11:40:00+09:00,250500.0,251000.0,250500.0,250500.0,549.0
2026-08-04 11:45:00+09:00,250500.0,251000.0,250000.0,250000.0,1262.0
2026-08-04 11:50:00+09:00,250000.0,251000.0,250000.0,250000.0,512.0
2026-08-04 11:55:00+09:00,250000.0,251000.0,250000.0,250000.0,857.0
2026-08-04 12:00:00+09:00,250000.0,251000.0,249500.0,249500.0,1780.0
2026-08-04 12:05:00+09:00,249500.0,250500.0,249000.0,249500.0,3230.0
2026-08-04 12:10:00+09:00,250000.0,250500.0,249000.0,249000.0,1287.0
2026-08-04 12:15:00+09:00,249500.0,250000.0,249000.0,250000.0,437.0
2026-08-04 12:20:00+09:00,249500.0,250500.0,249500.0,249500.0,557.0
2026-08-04 12:25:00+09:00,250000.0,250000.0,249500.0,249500.0,432.0
2026-08-04 12:30:00+09:00,249500.0,250500.0,249500.0,250000.0,482.0
2026-08-04 12:35:00+09:00,250000.0,250500.0,249500.0,249500.0,1013.0
2026-08-04 12:40:00+09:00,249500.0,250000.0,249000.0,249000.0,757.0
2026-08-04 12:45:00+09:00,249000.0,249500.0,249000.0,249000.0,857.0
2026-08-04 12:50:00+09:00,249000.0,250500.0,249000.0,249000.0,1543.0
2026-08-04 12:55:00+09:00,249500.0,250500.0,249500.0,249500.0,899.0
2026-08-04 13:00:00+09:00,249500.0,250500.0,249500.0,249500.0,704.0
2026-08-04 13:05:00+09:00,249500.0,251000.0,249500.0,250000.0,1275.0
2026-08-04 13:10:00+09:00,250500.0,250500.0,249000.0,249500.0,1086.0
2026-08-04 13:15:00+09:00,249000.0,251500.0,249000.0,251500.0,2452.0
2026-08-04 13:20:00+09:00,251500.0,251500.0,250000.0,250500.0,2290.0
2026-08-04 13:25:00+09:00,250500.0,251500.0,250500.0,251000.0,1089.0
2026-08-04 13:30:00+09:00,251500.0,252500.0,251000.0,251500.0,1802.0
2026-08-04 13:35:00+09:00,251500.0,252000.0,251000.0,251000.0,1428.0
2026-08-04 13:40:00+09:00,251500.0,252000.0,251000.0,251500.0,1210.0
2026-08-04 13:45:00+09:00,251500.0,253000.0,251500.0,253000.0,3972.0
2026-08-04 13:50:00+09:00,253000.0,253500.0,252500.0,253000.0,1100.0
2026-08-04 13:55:00+09:00,253500.0,254500.0,252500.0,253000.0,4286.0
2026-08-04 14:00:00+09:00,253000.0,254000.0,252000.0,252500.0,4060.0
2026-08-04 14:05:00+09:00,252500.0,254000.0,252000.0,253500.0,1342.0
2026-08-04 14:10:00+09:00,253500.0,253500.0,251500.0,252500.0,2845.0
2026-08-04 14:15:00+09:00,252000.0,253500.0,252000.0,253500.0,1465.0
2026-08-04 14:20:00+09:00,253500.0,254500.0,253500.0,254500.0,4757.0
2026-08-04 14:25:00+09:00,254500.0,254500.0,253500.0,254250.0,2409.0
2026-08-04 14:30:00+09:00,254250.0,255500.0,254000.0,254500.0,3849.0
2026-08-04 14:35:00+09:00,254000.0,257500.0,254000.0,255500.0,4093.0
2026-08-04 14:40:00+09:00,255500.0,257000.0,254500.0,256500.0,4365.0
2026-08-04 14:45:00+09:00,256500.0,257500.0,256000.0,257000.0,2890.0
2026-08-04 14:50:00+09:00,257000.0,257500.0,256000.0,256500.0,3711.0
2026-08-04 14:55:00+09:00,256000.0,257000.0,256000.0,256000.0,2123.0
2026-08-05 09:00:00+09:00,261500.0,266500.0,261000.0,265500.0,7431.0
2026-08-05 09:05:00+09:00,265500.0,266500.0,263000.0,264500.0,4963.0
2026-08-05 09:10:00+09:00,265000.0,265000.0,263000.0,264500.0,3208.0
2026-08-05 09:15:00+09:00,264000.0,264500.0,262500.0,264000.0,1884.0
2026-08-05 09:20:00+09:00,264000.0,264500.0,262500.0,263000.0,3046.0
2026-08-05 09:25:00+09:00,263000.0,264000.0,262500.0,262500.0,3418.0
2026-08-05 09:30:00+09:00,263000.0,264500.0,261500.0,262000.0,5668.0
2026-08-05 09:35:00+09:00,262000.0,262500.0,261000.0,261000.0,1644.0
2026-08-05 09:40:00+09:00,261000.0,262000.0,260000.0,260250.0,1584.0
2026-08-05 09:45:00+09:00,260250.0,260500.0,259500.0,259500.0,2591.0
2026-08-05 09:50:00+09:00,259500.0,260500.0,259000.0,259500.0,1869.0
2026-08-05 09:55:00+09:00,260000.0,261000.0,259500.0,260500.0,1354.0
2026-08-05 10:00:00+09:00,260500.0,261000.0,259500.0,260000.0,966.0
2026-08-05 10:05:00+09:00,259500.0,260500.0,259500.0,260500.0,420.0
2026-08-05 10:10:00+09:00,260000.0,261000.0,260000.0,260500.0,922.0
2026-08-05 10:15:00+09:00,260500.0,261500.0,260500.0,261000.0,1679.0
2026-08-05 10:20:00+09:00,260500.0,261000.0,260000.0,261000.0,1305.0
2026-08-05 10:25:00+09:00,261000.0,261000.0,260000.0,260000.0,894.0
2026-08-05 10:30:00+09:00,260000.0,262500.0,260000.0,261000.0,2076.0
2026-08-05 10:35:00+09:00,261000.0,261500.0,260000.0,261500.0,1039.0
2026-08-05 10:40:00+09:00,261000.0,262000.0,260500.0,260500.0,556.0
2026-08-05 10:45:00+09:00,261000.0,261500.0,260500.0,261250.0,376.0
2026-08-05 10:50:00+09:00,261250.0,262500.0,260500.0,261500.0,1859.0
2026-08-05 10:55:00+09:00,261500.0,262500.0,261500.0,262000.0,415.0
2026-08-05 11:00:00+09:00,262250.0,262500.0,262000.0,262000.0,468.0
2026-08-05 11:05:00+09:00,262500.0,262500.0,262000.0,262250.0,283.0
2026-08-05 11:10:00+09:00,262000.0,262250.0,261000.0,261500.0,1977.0
2026-08-05 11:15:00+09:00,261000.0,261500.0,260500.0,260750.0,449.0
2026-08-05 11:20:00+09:00,260500.0,262500.0,260500.0,262000.0,1501.0
2026-08-05 11:25:00+09:00,261500.0,262000.0,259500.0,259500.0,1668.0
2026-08-05 11:30:00+09:00,259500.0,260000.0,258000.0,259000.0,2352.0
2026-08-05 11:35:00+09:00,258500.0,260000.0,258500.0,259000.0,1263.0
2026-08-05 11:40:00+09:00,259000.0,259500.0,258500.0,258500.0,389.0
2026-08-05 11:45:00+09:00,258500.0,259000.0,258000.0,258500.0,2607.0
2026-08-05 11:50:00+09:00,258500.0,259000.0,258000.0,258500.0,940.0
2026-08-05 11:55:00+09:00,259000.0,259500.0,258500.0,259000.0,537.0
2026-08-05 12:00:00+09:00,259000.0,259500.0,259000.0,259000.0,194.0
2026-08-05 12:05:00+09:00,259000.0,259500.0,259000.0,259000.0,291.0
2026-08-05 12:10:00+09:00,259500.0,259500.0,258000.0,258000.0,2044.0
2026-08-05 12:15:00+09:00,258500.0,258500.0,256500.0,257000.0,3873.0
2026-08-05 12:20:00+09:00,257500.0,257500.0,256500.0,256500.0,2056.0
2026-08-05 12:25:00+09:00,256500.0,257000.0,255500.0,256000.0,2374.0
2026-08-05 12:30:00+09:00,256000.0,256500.0,255500.0,256000.0,2636.0
2026-08-05 12:35:00+09:00,256000.0,256500.0,256000.0,256000.0,170.0
2026-08-05 12:40:00+09:00,256000.0,257000.0,256000.0,256500.0,825.0
2026-08-05 12:45:00+09:00,256750.0,257000.0,256000.0,256500.0,1525.0
2026-08-05 12:50:00+09:00,256500.0,257000.0,256000.0,256500.0,682.0
2026-08-05 12:55:00+09:00,256500.0,257000.0,256500.0,256500.0,535.0
2026-08-05 13:00:00+09:00,256500.0,257000.0,256000.0,256500.0,1201.0
2026-08-05 13:05:00+09:00,256500.0,256500.0,256000.0,256500.0,771.0
2026-08-05 13:10:00+09:00,256500.0,256500.0,255500.0,255500.0,3236.0
2026-08-05 13:15:00+09:00,255500.0,256500.0,255500.0,255500.0,2104.0
2026-08-05 13:20:00+09:00,256000.0,256000.0,254500.0,255500.0,7093.0
2026-08-05 13:25:00+09:00,255500.0,256000.0,255500.0,255750.0,950.0
2026-08-05 13:30:00+09:00,255500.0,257000.0,255500.0,256500.0,904.0
2026-08-05 13:35:00+09:00,256500.0,257000.0,256500.0,256500.0,212.0
2026-08-05 13:40:00+09:00,256500.0,257000.0,256000.0,256500.0,2475.0
2026-08-05 13:45:00+09:00,256500.0,257000.0,255500.0,255500.0,1180.0
2026-08-05 13:50:00+09:00,255500.0,256000.0,255000.0,255500.0,2243.0
2026-08-05 13:55:00+09:00,255500.0,256500.0,255000.0,256000.0,1503.0
2026-08-05 14:00:00+09:00,256000.0,257000.0,255500.0,256500.0,983.0
2026-08-05 14:05:00+09:00,256500.0,257000.0,256000.0,256500.0,2707.0
2026-08-05 14:10:00+09:00,256000.0,257000.0,256000.0,256500.0,1223.0
2026-08-05 14:15:00+09:00,257000.0,257000.0,256500.0,256500.0,1492.0
2026-08-05 14:20:00+09:00,256500.0,257000.0,255000.0,255500.0,6743.0
2026-08-05 14:25:00+09:00,256000.0,256000.0,255000.0,255500.0,2543.0
2026-08-05 14:30:00+09:00,255500.0,256000.0,255000.0,255500.0,2804.0
2026-08-05 14:35:00+09:00,255500.0,256000.0,255000.0,255500.0,3903.0
2026-08-05 14:40:00+09:00,255500.0,256000.0,255000.0,256000.0,3009.0
2026-08-05 14:45:00+09:00,255500.0,257000.0,255000.0,256500.0,4678.0
2026-08-05 14:50:00+09:00,256500.0,257500.0,256500.0,256500.0,4386.0
2026-08-05 14:55:00+09:00,256500.0,257000.0,256500.0,256500.0,2812.0
2026-08-06 09:00:00+09:00,255000.0,261000.0,252000.0,260500.0,7423.0
2026-08-06 09:05:00+09:00,260500.0,261500.0,258500.0,258500.0,2829.0
2026-08-06 09:10:00+09:00,258500.0,259500.0,256500.0,258500.0,2759.0
2026-08-06 09:15:00+09:00,259000.0,262500.0,258500.0,262000.0,3725.0
2026-08-06 09:20:00+09:00,262500.0,262500.0,259500.0,259500.0,2104.0
2026-08-06 09:25:00+09:00,260000.0,260500.0,257000.0,258000.0,1551.0
2026-08-06 09:30:00+09:00,257500.0,260000.0,257000.0,259000.0,3559.0
2026-08-06 09:35:00+09:00,259000.0,260000.0,258000.0,259500.0,1884.0
2026-08-06 09:40:00+09:00,259500.0,261000.0,258500.0,259000.0,1905.0
2026-08-06 09:45:00+09:00,259000.0,260500.0,258500.0,259000.0,1764.0
2026-08-06 09:50:00+09:00,258500.0,260000.0,258000.0,258500.0,1472.0
2026-08-06 09:55:00+09:00,258500.0,259000.0,258000.0,258500.0,1239.0
2026-08-06 10:00:00+09:00,258500.0,259000.0,257000.0,257500.0,2328.0
2026-08-06 10:05:00+09:00,257500.0,259000.0,257000.0,258000.0,2099.0
2026-08-06 10:10:00+09:00,258000.0,259000.0,257000.0,258000.0,1609.0
2026-08-06 10:15:00+09:00,258000.0,258000.0,256000.0,257500.0,1659.0
2026-08-06 10:20:00+09:00,256500.0,257500.0,255500.0,255500.0,2289.0
2026-08-06 10:25:00+09:00,256000.0,256500.0,255000.0,256000.0,3020.0
2026-08-06 10:30:00+09:00,256000.0,257000.0,255500.0,256000.0,1301.0
2026-08-06 10:35:00+09:00,256000.0,256000.0,255000.0,255000.0,2337.0
2026-08-06 10:40:00+09:00,255500.0,256500.0,255000.0,255500.0,1231.0
2026-08-06 10:45:00+09:00,255000.0,257500.0,255000.0,256500.0,2000.0
2026-08-06 10:50:00+09:00,256000.0,256500.0,255000.0,256500.0,1463.0
2026-08-06 10:55:00+09:00,256000.0,257000.0,255000.0,255500.0,996.0
2026-08-06 11:00:00+09:00,255500.0,257000.0,255500.0,256500.0,1317.0
2026-08-06 11:05:00+09:00,256500.0,257000.0,256000.0,256500.0,711.0
2026-08-06 11:10:00+09:00,257000.0,258000.0,256500.0,257500.0,1476.0
2026-08-06 11:15:00+09:00,257000.0,258000.0,257000.0,257500.0,1124.0
2026-08-06 11:20:00+09:00,257000.0,259000.0,257000.0,257500.0,968.0
2026-08-06 11:25:00+09:00,257500.0,258000.0,257000.0,257000.0,558.0
2026-08-06 11:30:00+09:00,257500.0,258500.0,257000.0,258000.0,970.0
2026-08-06 11:35:00+09:00,258000.0,259000.0,258000.0,258000.0,1007.0
2026-08-06 11:40:00+09:00,258000.0,259500.0,258000.0,259500.0,1353.0
2026-08-06 11:45:00+09:00,259500.0,259500.0,258500.0,259000.0,710.0
2026-08-06 11:50:00+09:00,259500.0,260500.0,259000.0,260000.0,1551.0
2026-08-06 11:55:00+09:00,259500.0,260000.0,259000.0,259500.0,868.0
2026-08-06 12:00:00+09:00,259500.0,260500.0,259000.0,260000.0,1114.0
2026-08-06 12:05:00+09:00,260000.0,260500.0,258500.0,259000.0,1123.0
2026-08-06 12:10:00+09:00,259000.0,259500.0,259000.0,259500.0,300.0
2026-08-06 12:15:00+09:00,259000.0,260000.0,258500.0,258500.0,2005.0
2026-08-06 12:20:00+09:00,258500.0,259500.0,258500.0,259500.0,658.0
2026-08-06 12:25:00+09:00,259000.0,259500.0,258000.0,258500.0,674.0
2026-08-06 12:30:00+09:00,258500.0,258500.0,256500.0,257000.0,1087.0
2026-08-06 12:35:00+09:00,257000.0,258500.0,257000.0,258000.0,1050.0
2026-08-06 12:40:00+09:00,257500.0,258000.0,257500.0,257500.0,337.0
2026-08-06 12:45:00+09:00,258000.0,258000.0,257000.0,257500.0,310.0
2026-08-06 12:50:00+09:00,257000.0,257500.0,256500.0,257000.0,940.0
2026-08-06 12:55:00+09:00,256500.0,258000.0,256500.0,257500.0,757.0
2026-08-06 13:00:00+09:00,257000.0,257500.0,256000.0,256500.0,738.0
2026-08-06 13:05:00+09:00,256000.0,257500.0,256000.0,256500.0,921.0
2026-08-06 13:10:00+09:00,256500.0,257500.0,256000.0,256500.0,1032.0
2026-08-06 13:15:00+09:00,256500.0,257500.0,256000.0,256500.0,1739.0
2026-08-06 13:20:00+09:00,256500.0,257500.0,256500.0,257500.0,1454.0
2026-08-06 13:25:00+09:00,257000.0,258000.0,257000.0,257500.0,736.0
2026-08-06 13:30:00+09:00,257500.0,258500.0,257000.0,257500.0,2591.0
2026-08-06 13:35:00+09:00,257000.0,258000.0,257000.0,257500.0,672.0
2026-08-06 13:40:00+09:00,258000.0,258500.0,257500.0,258000.0,950.0
2026-08-06 13:45:00+09:00,258000.0,258500.0,257500.0,258500.0,411.0
2026-08-06 13:50:00+09:00,258000.0,259500.0,258000.0,259500.0,2191.0
2026-08-06 13:55:00+09:00,259000.0,260000.0,259000.0,260000.0,3291.0
2026-08-06 14:00:00+09:00,259500.0,260000.0,259000.0,259000.0,4523.0
2026-08-06 14:05:00+09:00,259000.0,260000.0,259000.0,259500.0,1006.0
2026-08-06 14:10:00+09:00,260000.0,260000.0,258500.0,259000.0,858.0
2026-08-06 14:15:00+09:00,259000.0,259500.0,258500.0,259500.0,513.0
2026-08-06 14:20:00+09:00,259000.0,260500.0,259000.0,260000.0,1951.0
2026-08-06 14:25:00+09:00,260000.0,260000.0,259500.0,259500.0,619.0
2026-08-06 14:30:00+09:00,260000.0,260000.0,259000.0,259000.0,1183.0
2026-08-06 14:35:00+09:00,259500.0,259500.0,259000.0,259000.0,622.0
2026-08-06 14:40:00+09:00,259000.0,260000.0,258500.0,259500.0,2083.0
2026-08-06 14:45:00+09:00,259500.0,260500.0,258500.0,259500.0,2752.0
2026-08-06 14:50:00+09:00,259500.0,260000.0,258500.0,259000.0,2831.0
2026-08-06 14:55:00+09:00,259500.0,262000.0,259000.0,261500.0,8688.0
2026-08-07 09:00:00+09:00,264500.0,272500.0,264500.0,265500.0,12909.0
2026-08-07 09:05:00+09:00,266000.0,269000.0,265000.0,268000.0,3826.0
2026-08-07 09:10:00+09:00,268000.0,271000.0,268000.0,270500.0,4986.0
2026-08-07 09:15:00+09:00,271000.0,271000.0,268500.0,269000.0,4950.0
2026-08-07 09:20:00+09:00,268500.0,269000.0,266000.0,266500.0,4227.0
2026-08-07 09:25:00+09:00,266500.0,268500.0,266000.0,266500.0,1832.0
2026-08-07 09:30:00+09:00,266500.0,269500.0,266000.0,269000.0,2488.0
2026-08-07 09:35:00+09:00,269000.0,269500.0,267500.0,269500.0,2533.0
2026-08-07 09:40:00+09:00,269000.0,269500.0,267500.0,269000.0,2440.0
2026-08-07 09:45:00+09:00,269500.0,270500.0,268000.0,268500.0,2940.0
2026-08-07 09:50:00+09:00,268000.0,269500.0,267500.0,267500.0,2171.0
2026-08-07 09:55:00+09:00,267500.0,268500.0,266500.0,268500.0,1698.0
2026-08-07 10:00:00+09:00,268000.0,270500.0,268000.0,269500.0,2564.0
2026-08-07 10:05:00+09:00,270000.0,270000.0,267500.0,268500.0,2002.0
2026-08-07 10:10:00+09:00,268500.0,269000.0,267500.0,268000.0,2331.0
2026-08-07 10:15:00+09:00,268000.0,268500.0,265500.0,266000.0,2750.0
2026-08-07 10:20:00+09:00,266000.0,266500.0,264000.0,265000.0,2968.0
2026-08-07 10:25:00+09:00,265000.0,266500.0,264000.0,265500.0,2858.0
2026-08-07 10:30:00+09:00,266000.0,266500.0,264500.0,264500.0,1967.0
2026-08-07 10:35:00+09:00,264500.0,264500.0,261500.0,261500.0,2272.0
2026-08-07 10:40:00+09:00,262000.0,263000.0,260500.0,262500.0,1918.0
2026-08-07 10:45:00+09:00,262500.0,264000.0,262000.0,263000.0,1064.0
2026-08-07 10:50:00+09:00,263500.0,264500.0,262000.0,263500.0,1842.0
2026-08-07 10:55:00+09:00,264000.0,265000.0,263000.0,264500.0,1150.0
2026-08-07 11:00:00+09:00,264000.0,265000.0,263000.0,265000.0,1554.0
2026-08-07 11:05:00+09:00,265000.0,265000.0,263500.0,263500.0,1795.0
2026-08-07 11:10:00+09:00,264000.0,265500.0,263500.0,264500.0,1361.0
2026-08-07 11:15:00+09:00,264000.0,266000.0,264000.0,265500.0,578.0
2026-08-07 11:20:00+09:00,265500.0,265500.0,263500.0,265000.0,846.0
2026-08-07 11:25:00+09:00,265000.0,265000.0,263500.0,264000.0,590.0
2026-08-07 11:30:00+09:00,264000.0,264000.0,263000.0,263000.0,801.0
2026-08-07 11:35:00+09:00,263000.0,264500.0,263000.0,264000.0,458.0
2026-08-07 11:40:00+09:00,264000.0,264000.0,263000.0,263500.0,710.0
2026-08-07 11:45:00+09:00,263500.0,265000.0,263000.0,265000.0,763.0
2026-08-07 11:50:00+09:00,265500.0,265500.0,264500.0,265000.0,568.0
2026-08-07 11:55:00+09:00,264500.0,265000.0,264500.0,265000.0,372.0
2026-08-07 12:00:00+09:00,265000.0,266000.0,264500.0,265500.0,1399.0
2026-08-07 12:05:00+09:00,265500.0,266000.0,265000.0,265500.0,512.0
2026-08-07 12:10:00+09:00,266000.0,266000.0,264500.0,264500.0,547.0
2026-08-07 12:15:00+09:00,264500.0,265000.0,263500.0,264000.0,1335.0
2026-08-07 12:20:00+09:00,264000.0,264500.0,263500.0,264500.0,1011.0
2026-08-07 12:25:00+09:00,264500.0,264500.0,264000.0,264500.0,177.0
2026-08-07 12:30:00+09:00,264500.0,265000.0,264000.0,264500.0,744.0
2026-08-07 12:35:00+09:00,265000.0,265500.0,264500.0,265000.0,387.0
2026-08-07 12:40:00+09:00,265000.0,265500.0,264000.0,264000.0,931.0
2026-08-07 12:45:00+09:00,264000.0,265000.0,263500.0,265000.0,581.0
2026-08-07 12:50:00+09:00,265000.0,265500.0,263500.0,264000.0,791.0
2026-08-07 12:55:00+09:00,263500.0,264500.0,263000.0,264500.0,807.0
2026-08-07 13:00:00+09:00,264500.0,265000.0,264000.0,265000.0,625.0
2026-08-07 13:05:00+09:00,264500.0,266000.0,264500.0,266000.0,954.0
2026-08-07 13:10:00+09:00,265500.0,267000.0,265500.0,266000.0,1314.0
2026-08-07 13:15:00+09:00,266000.0,267000.0,265000.0,266000.0,1583.0
2026-08-07 13:20:00+09:00,266000.0,269000.0,266000.0,268500.0,2594.0
2026-08-07 13:25:00+09:00,268000.0,269000.0,267500.0,268000.0,1588.0
2026-08-07 13:30:00+09:00,268500.0,269000.0,267500.0,268000.0,1145.0
2026-08-07 13:35:00+09:00,268000.0,269000.0,267500.0,268000.0,1639.0
2026-08-07 13:40:00+09:00,267500.0,268500.0,267500.0,268000.0,817.0
2026-08-07 13:45:00+09:00,268000.0,268500.0,267000.0,268000.0,1653.0
2026-08-07 13:50:00+09:00,268000.0,268500.0,267000.0,268500.0,2189.0
2026-08-07 13:55:00+09:00,268500.0,269000.0,267500.0,268000.0,953.0
2026-08-07 14:00:00+09:00,267500.0,269500.0,267500.0,269500.0,1389.0
2026-08-07 14:05:00+09:00,269500.0,271000.0,269000.0,271000.0,5515.0
2026-08-07 14:10:00+09:00,270500.0,271000.0,269000.0,269000.0,1824.0
2026-08-07 14:15:00+09:00,269000.0,270000.0,269000.0,269500.0,1192.0
2026-08-07 14:20:00+09:00,269000.0,271000.0,269000.0,270000.0,2115.0
2026-08-07 14:25:00+09:00,270500.0,272500.0,270500.0,272000.0,5468.0
2026-08-07 14:30:00+09:00,272000.0,273500.0,272000.0,272500.0,4384.0
2026-08-07 14:35:00+09:00,272500.0,273000.0,272000.0,273000.0,2399.0
2026-08-07 14:40:00+09:00,273000.0,273000.0,272000.0,273000.0,4225.0
2026-08-07 14:45:00+09:00,273000.0,275000.0,272500.0,274000.0,6591.0
2026-08-07 14:50:00+09:00,274500.0,275000.0,273000.0,274500.0,6059.0
2026-08-07 14:55:00+09:00,274500.0,275000.0,274000.0,274000.0,6978.0
2026-08-10 09:00:00+09:00,272000.0,272500.0,268000.0,269000.0,0.0
2026-08-10 09:05:00+09:00,269000.0,270500.0,267500.0,268500.0,5087.0
2026-08-10 09:10:00+09:00,269000.0,270500.0,268000.0,269000.0,2587.0
2026-08-10 09:15:00+09:00,269000.0,269500.0,266000.0,266000.0,3004.0
2026-08-10 09:20:00+09:00,266000.0,268500.0,265750.0,268500.0,1018.0
2026-08-10 09:25:00+09:00,268500.0,270000.0,268500.0,269500.0,1595.0
2026-08-10 09:30:00+09:00,270000.0,271500.0,270000.0,271500.0,1436.0
2026-08-10 09:35:00+09:00,271500.0,272500.0,271000.0,271500.0,2046.0
2026-08-10 09:40:00+09:00,271500.0,273000.0,271000.0,272500.0,1670.0
2026-08-10 09:45:00+09:00,273000.0,274000.0,272500.0,273500.0,1377.0
2026-08-10 09:50:00+09:00,273500.0,275500.0,273000.0,275000.0,1448.0
2026-08-10 09:55:00+09:00,275000.0,275500.0,274000.0,275000.0,1281.0
2026-08-10 10:00:00+09:00,275000.0,275500.0,275000.0,275500.0,1203.0
2026-08-10 10:05:00+09:00,275000.0,278000.0,275000.0,277000.0,3556.0
2026-08-10 10:10:00+09:00,277000.0,278500.0,277000.0,278000.0,2283.0
2026-08-10 10:15:00+09:00,278500.0,278500.0,277000.0,277000.0,1307.0
2026-08-10 10:20:00+09:00,277500.0,278000.0,276500.0,277000.0,1806.0
2026-08-10 10:25:00+09:00,276500.0,277500.0,276500.0,277000.0,810.0
2026-08-10 10:30:00+09:00,276500.0,277000.0,273500.0,274000.0,2341.0
2026-08-10 10:35:00+09:00,274000.0,275500.0,273500.0,275000.0,1494.0
2026-08-10 10:40:00+09:00,275500.0,276000.0,274500.0,275500.0,761.0
2026-08-10 10:45:00+09:00,275500.0,276000.0,275000.0,275000.0,456.0
2026-08-10 10:50:00+09:00,275000.0,276500.0,275000.0,275000.0,1116.0
2026-08-10 10:55:00+09:00,275500.0,276000.0,274000.0,274500.0,1024.0
2026-08-10 11:00:00+09:00,274500.0,274500.0,272500.0,273500.0,2362.0
2026-08-10 11:05:00+09:00,273500.0,274500.0,273500.0,274000.0,682.0
2026-08-10 11:10:00+09:00,274000.0,275500.0,274000.0,274500.0,944.0
2026-08-10 11:15:00+09:00,274000.0,275000.0,273500.0,274000.0,887.0
2026-08-10 11:20:00+09:00,273500.0,275000.0,273500.0,275000.0,1361.0
2026-08-10 11:25:00+09:00,274000.0,275000.0,273500.0,274000.0,700.0
2026-08-10 11:30:00+09:00,274500.0,275000.0,273500.0,274000.0,669.0
2026-08-10 11:35:00+09:00,273500.0,275000.0,273500.0,274750.0,416.0
2026-08-10 11:40:00+09:00,274750.0,275500.0,274500.0,275000.0,593.0
2026-08-10 11:45:00+09:00,275000.0,275500.0,275000.0,275500.0,654.0
2026-08-10 11:50:00+09:00,275000.0,276000.0,275000.0,276000.0,592.0
2026-08-10 11:55:00+09:00,275500.0,276000.0,274000.0,274000.0,944.0
2026-08-10 12:00:00+09:00,274000.0,275000.0,274000.0,274500.0,148.0
2026-08-10 12:05:00+09:00,274500.0,274500.0,273500.0,274000.0,681.0
2026-08-10 12:10:00+09:00,274000.0,275000.0,273500.0,274500.0,560.0
2026-08-10 12:15:00+09:00,274500.0,275000.0,274000.0,274500.0,415.0
2026-08-10 12:20:00+09:00,274500.0,275000.0,274500.0,274500.0,123.0
2026-08-10 12:25:00+09:00,274500.0,275000.0,274500.0,274500.0,149.0
2026-08-10 12:30:00+09:00,274500.0,275000.0,274000.0,274000.0,573.0
2026-08-10 12:35:00+09:00,274000.0,275000.0,274000.0,274500.0,460.0
2026-08-10 12:40:00+09:00,275000.0,275000.0,274000.0,275000.0,758.0
2026-08-10 12:45:00+09:00,274750.0,275000.0,273250.0,273250.0,636.0
2026-08-10 12:50:00+09:00,273000.0,274500.0,273000.0,274000.0,751.0
2026-08-10 12:55:00+09:00,274000.0,274000.0,273500.0,274000.0,408.0
2026-08-10 13:00:00+09:00,273500.0,274500.0,273500.0,274000.0,447.0
2026-08-10 13:05:00+09:00,273500.0,274000.0,273500.0,273500.0,168.0
2026-08-10 13:10:00+09:00,274000.0,274500.0,273500.0,274500.0,759.0
2026-08-10 13:15:00+09:00,274500.0,275500.0,274000.0,275500.0,496.0
2026-08-10 13:20:00+09:00,275000.0,276000.0,274500.0,275500.0,1244.0
2026-08-10 13:25:00+09:00,275500.0,276000.0,275000.0,275500.0,1403.0
2026-08-10 13:30:00+09:00,275750.0,276000.0,275000.0,275000.0,630.0
2026-08-10 13:35:00+09:00,275000.0,276500.0,274500.0,276500.0,1430.0
2026-08-10 13:40:00+09:00,276000.0,276500.0,275000.0,276500.0,1465.0
2026-08-10 13:45:00+09:00,276500.0,277500.0,276000.0,277000.0,1843.0
2026-08-10 13:50:00+09:00,277000.0,277500.0,276000.0,276250.0,1002.0
2026-08-10 13:55:00+09:00,276000.0,276500.0,275000.0,276000.0,722.0
2026-08-10 14:00:00+09:00,275500.0,276500.0,275500.0,276500.0,766.0
2026-08-10 14:05:00+09:00,276000.0,277500.0,276000.0,277500.0,1561.0
2026-08-10 14:10:00+09:00,278000.0,278750.0,277500.0,278500.0,2920.0
2026-08-10 14:15:00+09:00,278500.0,279500.0,277500.0,278000.0,2358.0
2026-08-10 14:20:00+09:00,278000.0,278500.0,277500.0,278000.0,774.0
2026-08-10 14:25:00+09:00,277500.0,278500.0,277500.0,278250.0,476.0
2026-08-10 14:30:00+09:00,278000.0,278500.0,277500.0,277500.0,898.0
2026-08-10 14:35:00+09:00,277500.0,278500.0,277500.0,277500.0,905.0
2026-08-10 14:40:00+09:00,278000.0,278500.0,277000.0,278000.0,1401.0
2026-08-10 14:45:00+09:00,278250.0,280500.0,276500.0,279000.0,7185.0
2026-08-10 14:50:00+09:00,279000.0,280000.0,278500.0,279500.0,1485.0
2026-08-10 14:55:00+09:00,279500.0,280000.0,279000.0,279500.0,1422.0
2026-08-11 09:00:00+09:00,276000.0,279500.0,275000.0,279500.0,4403.0
2026-08-11 09:05:00+09:00,280000.0,280000.0,277500.0,278250.0,1692.0
2026-08-11 09:10:00+09:00,278500.0,280000.0,278000.0,278500.0,1815.0
2026-08-11 09:15:00+09:00,278500.0,281000.0,278500.0,279500.0,2041.0
2026-08-11 09:20:00+09:00,279500.0,279500.0,276500.0,278000.0,1542.0
2026-08-11 09:25:00+09:00,278000.0,279500.0,277500.0,278500.0,741.0
2026-08-11 09:30:00+09:00,279000.0,279000.0,278500.0,279000.0,751.0
2026-08-11 09:35:00+09:00,279000.0,280000.0,278000.0,279500.0,828.0
2026-08-11 09:40:00+09:00,279500.0,280000.0,279000.0,280000.0,712.0
2026-08-11 09:45:00+09:00,279500.0,280000.0,279000.0,279000.0,388.0
2026-08-11 09:50:00+09:00,279000.0,279500.0,278500.0,279000.0,423.0
2026-08-11 09:55:00+09:00,278500.0,279000.0,277000.0,278000.0,817.0
2026-08-11 10:00:00+09:00,278000.0,278000.0,275500.0,275500.0,2672.0
2026-08-11 10:05:00+09:00,275750.0,276500.0,274500.0,276000.0,1448.0
2026-08-11 10:10:00+09:00,276500.0,278000.0,276000.0,277500.0,1389.0
2026-08-11 10:15:00+09:00,278000.0,278000.0,277000.0,277000.0,482.0
2026-08-11 10:20:00+09:00,277000.0,277500.0,275500.0,276500.0,1458.0
2026-08-11 10:25:00+09:00,276500.0,276500.0,275000.0,276500.0,1867.0
2026-08-11 10:30:00+09:00,275500.0,276000.0,275000.0,275500.0,212.0
2026-08-11 10:35:00+09:00,275000.0,277000.0,275000.0,276500.0,957.0
2026-08-11 10:40:00+09:00,276000.0,277000.0,276000.0,276500.0,426.0
2026-08-11 10:45:00+09:00,277000.0,277500.0,276500.0,277500.0,710.0
2026-08-11 10:50:00+09:00,277500.0,277500.0,277000.0,277500.0,263.0
2026-08-11 10:55:00+09:00,277000.0,277500.0,276000.0,276500.0,597.0
2026-08-11 11:00:00+09:00,276500.0,277000.0,276000.0,276500.0,930.0
2026-08-11 11:05:00+09:00,276500.0,276500.0,275500.0,275500.0,760.0
2026-08-11 11:10:00+09:00,276000.0,277500.0,275500.0,277000.0,564.0
2026-08-11 11:15:00+09:00,277000.0,277500.0,276000.0,276500.0,617.0
2026-08-11 11:20:00+09:00,276500.0,277000.0,276000.0,276500.0,516.0
2026-08-11 11:25:00+09:00,276000.0,277000.0,276000.0,277000.0,310.0
2026-08-11 11:30:00+09:00,277000.0,277500.0,276500.0,277500.0,242.0
2026-08-11 11:35:00+09:00,277000.0,277500.0,277000.0,277000.0,306.0
2026-08-11 11:40:00+09:00,277000.0,277500.0,277000.0,277500.0,431.0
2026-08-11 11:45:00+09:00,277500.0,277500.0,277000.0,277500.0,510.0
2026-08-11 11:50:00+09:00,277500.0,278000.0,276000.0,276500.0,915.0
2026-08-11 11:55:00+09:00,276500.0,277000.0,276000.0,277000.0,404.0
2026-08-11 12:00:00+09:00,276500.0,277500.0,276000.0,277000.0,543.0
2026-08-11 12:05:00+09:00,277000.0,277000.0,275500.0,276500.0,743.0
2026-08-11 12:10:00+09:00,276500.0,276500.0,275500.0,276500.0,303.0
2026-08-11 12:15:00+09:00,276000.0,276500.0,275500.0,276500.0,561.0
2026-08-11 12:20:00+09:00,276500.0,277500.0,276500.0,277500.0,995.0
2026-08-11 12:25:00+09:00,277000.0,278000.0,276500.0,277000.0,947.0
2026-08-11 12:30:00+09:00,277000.0,277000.0,276000.0,276500.0,2150.0
2026-08-11 12:35:00+09:00,276500.0,276500.0,275500.0,276000.0,368.0
2026-08-11 12:40:00+09:00,276500.0,276500.0,274500.0,275000.0,1107.0
2026-08-11 12:45:00+09:00,274500.0,275000.0,274500.0,275000.0,230.0
2026-08-11 12:50:00+09:00,274500.0,276000.0,274500.0,275500.0,1461.0
2026-08-11 12:55:00+09:00,275000.0,275500.0,274500.0,275500.0,567.0
2026-08-11 13:00:00+09:00,276000.0,276000.0,275000.0,275500.0,655.0
2026-08-11 13:05:00+09:00,275500.0,275500.0,275000.0,275500.0,385.0
2026-08-11 13:10:00+09:00,275500.0,275500.0,275000.0,275500.0,415.0
2026-08-11 13:15:00+09:00,275000.0,275500.0,274500.0,275000.0,835.0
2026-08-11 13:20:00+09:00,274500.0,275500.0,274500.0,275000.0,487.0
2026-08-11 13:25:00+09:00,275000.0,275500.0,275000.0,275500.0,341.0
2026-08-11 13:30:00+09:00,275500.0,276000.0,275000.0,276000.0,967.0
2026-08-11 13:35:00+09:00,276000.0,276000.0,275500.0,276000.0,278.0
2026-08-11 13:40:00+09:00,276000.0,276500.0,275500.0,275500.0,1199.0
2026-08-11 13:45:00+09:00,275500.0,276000.0,275500.0,276000.0,285.0
2026-08-11 13:50:00+09:00,276000.0,276500.0,275000.0,275500.0,1061.0
2026-08-11 13:55:00+09:00,275000.0,275500.0,274500.0,275000.0,1099.0
2026-08-11 14:00:00+09:00,274500.0,275000.0,274500.0,275000.0,590.0
2026-08-11 14:05:00+09:00,275000.0,276500.0,275000.0,275500.0,1508.0
2026-08-11 14:10:00+09:00,275500.0,276500.0,275500.0,276000.0,499.0
2026-08-11 14:15:00+09:00,276000.0,276500.0,275500.0,276000.0,325.0
2026-08-11 14:20:00+09:00,276000.0,276500.0,274500.0,275000.0,3615.0
2026-08-11 14:25:00+09:00,275000.0,275000.0,274000.0,274500.0,1240.0
2026-08-11 14:30:00+09:00,274500.0,275500.0,274000.0,275500.0,1185.0
2026-08-11 14:35:00+09:00,275500.0,276000.0,275000.0,275500.0,863.0
2026-08-11 14:40:00+09:00,275500.0,276000.0,275000.0,275500.0,1739.0
2026-08-11 14:45:00+09:00,275500.0,275500.0,273500.0,274500.0,2396.0
2026-08-11 14:50:00+09:00,274000.0,274500.0,273500.0,274000.0,1790.0
2026-08-11 14:55:00+09:00,274000.0,274500.0,274000.0,274500.0,915.0
2026-08-12 09:00:00+09:00,275500.0,279500.0,274000.0,275500.0,5580.0
2026-08-12 09:05:00+09:00,276000.0,276000.0,273000.0,274500.0,2515.0
2026-08-12 09:10:00+09:00,274500.0,276000.0,272000.0,275500.0,4314.0
2026-08-12 09:15:00+09:00,275500.0,275500.0,273000.0,275500.0,1557.0
2026-08-12 09:20:00+09:00,275500.0,277000.0,275000.0,276500.0,2717.0
2026-08-12 09:25:00+09:00,276000.0,276500.0,275000.0,275500.0,1216.0
2026-08-12 09:30:00+09:00,275500.0,276500.0,275500.0,276500.0,648.0
2026-08-12 09:35:00+09:00,276000.0,276500.0,275500.0,276500.0,630.0
2026-08-12 09:40:00+09:00,276000.0,277000.0,275500.0,276500.0,1219.0
2026-08-12 09:45:00+09:00,276500.0,279500.0,276000.0,278500.0,2669.0
2026-08-12 09:50:00+09:00,279000.0,281000.0,278500.0,279500.0,3815.0
2026-08-12 09:55:00+09:00,279000.0,281000.0,279000.0,280500.0,1496.0
2026-08-12 10:00:00+09:00,280500.0,281000.0,279500.0,280000.0,1486.0
2026-08-12 10:05:00+09:00,280500.0,280500.0,279000.0,279500.0,667.0
2026-08-12 10:10:00+09:00,279000.0,279500.0,278500.0,279500.0,397.0
2026-08-12 10:15:00+09:00,279500.0,279500.0,278000.0,278500.0,1028.0
2026-08-12 10:20:00+09:00,278500.0,280000.0,278000.0,279000.0,1672.0
2026-08-12 10:25:00+09:00,279000.0,279000.0,277500.0,277500.0,2262.0
2026-08-12 10:30:00+09:00,278000.0,278500.0,277500.0,278500.0,538.0
2026-08-12 10:35:00+09:00,278000.0,279500.0,277500.0,277500.0,1797.0
2026-08-12 10:40:00+09:00,277500.0,278000.0,277500.0,278000.0,392.0
2026-08-12 10:45:00+09:00,277500.0,279250.0,277500.0,279000.0,781.0
2026-08-12 10:50:00+09:00,279000.0,279000.0,277000.0,277500.0,1354.0
2026-08-12 10:55:00+09:00,278000.0,278000.0,277000.0,277000.0,317.0
2026-08-12 11:00:00+09:00,277000.0,278000.0,276500.0,277000.0,1650.0
2026-08-12 11:05:00+09:00,276500.0,277000.0,275500.0,276000.0,791.0
2026-08-12 11:10:00+09:00,276000.0,276500.0,275000.0,275000.0,639.0
2026-08-12 11:15:00+09:00,275000.0,277000.0,275000.0,276500.0,1190.0
2026-08-12 11:20:00+09:00,276500.0,277000.0,275000.0,276000.0,766.0
2026-08-12 11:25:00+09:00,276000.0,276500.0,275250.0,276000.0,1157.0
2026-08-12 11:30:00+09:00,276000.0,276500.0,275500.0,276500.0,786.0
2026-08-12 11:35:00+09:00,276500.0,277000.0,275500.0,276500.0,1469.0
2026-08-12 11:40:00+09:00,276000.0,276500.0,275000.0,276000.0,636.0
2026-08-12 11:45:00+09:00,275500.0,276000.0,275500.0,275500.0,420.0
2026-08-12 11:50:00+09:00,275500.0,276000.0,275500.0,276000.0,371.0
2026-08-12 11:55:00+09:00,276000.0,276500.0,275500.0,275500.0,1465.0
2026-08-12 12:00:00+09:00,275500.0,276500.0,274500.0,275500.0,2192.0
2026-08-12 12:05:00+09:00,275500.0,276000.0,274500.0,276000.0,1735.0
2026-08-12 12:10:00+09:00,276000.0,276000.0,274500.0,275000.0,849.0
2026-08-12 12:15:00+09:00,274500.0,276000.0,274500.0,276000.0,1236.0
2026-08-12 12:20:00+09:00,276000.0,276000.0,275000.0,276000.0,665.0
2026-08-12 12:25:00+09:00,276000.0,276500.0,275500.0,275500.0,2196.0
2026-08-12 12:30:00+09:00,276000.0,276000.0,275500.0,275500.0,303.0
2026-08-12 12:35:00+09:00,275500.0,276000.0,274500.0,276000.0,1678.0
2026-08-12 12:40:00+09:00,275500.0,276500.0,275000.0,276000.0,2165.0
2026-08-12 12:45:00+09:00,275500.0,276500.0,275500.0,276000.0,566.0
2026-08-12 12:50:00+09:00,276000.0,277000.0,275500.0,277000.0,762.0
2026-08-12 12:55:00+09:00,277000.0,277000.0,276500.0,276500.0,539.0
2026-08-12 13:00:00+09:00,276500.0,277000.0,276500.0,277000.0,342.0
2026-08-12 13:05:00+09:00,276500.0,277000.0,276000.0,277000.0,1181.0
2026-08-12 13:10:00+09:00,276500.0,277000.0,276000.0,276500.0,454.0
2026-08-12 13:15:00+09:00,276500.0,277000.0,275500.0,275500.0,772.0
2026-08-12 13:20:00+09:00,275500.0,276000.0,275500.0,276000.0,406.0
2026-08-12 13:25:00+09:00,275500.0,276000.0,275500.0,275500.0,1087.0
2026-08-12 13:30:00+09:00,275500.0,276000.0,275000.0,276000.0,903.0
2026-08-12 13:35:00+09:00,275500.0,276000.0,275000.0,276000.0,1380.0
2026-08-12 13:40:00+09:00,275500.0,276500.0,275500.0,276500.0,1290.0
2026-08-12 13:45:00+09:00,276000.0,277000.0,275500.0,276500.0,965.0
2026-08-12 13:50:00+09:00,276000.0,276500.0,275500.0,276000.0,867.0
2026-08-12 13:55:00+09:00,275500.0,276000.0,275000.0,275500.0,984.0
2026-08-12 14:00:00+09:00,275500.0,276000.0,275000.0,275500.0,1022.0
2026-08-12 14:05:00+09:00,275000.0,276000.0,275000.0,275000.0,1378.0
2026-08-12 14:10:00+09:00,275000.0,276000.0,274500.0,275000.0,1200.0
2026-08-12 14:15:00+09:00,275500.0,276000.0,274500.0,275000.0,966.0
2026-08-12 14:20:00+09:00,275000.0,276000.0,274500.0,275000.0,1332.0
2026-08-12 14:25:00+09:00,274500.0,275500.0,274000.0,275000.0,1238.0
2026-08-12 14:30:00+09:00,274500.0,276000.0,274500.0,275500.0,1418.0
2026-08-12 14:35:00+09:00,275500.0,276000.0,275000.0,275000.0,1111.0
2026-08-12 14:40:00+09:00,276000.0,277000.0,275000.0,275500.0,2188.0
2026-08-12 14:45:00+09:00,275500.0,277500.0,275500.0,277000.0,2995.0
2026-08-12 14:50:00+09:00,276500.0,277000.0,276000.0,276500.0,3180.0
2026-08-12 14:55:00+09:00,276500.0,277000.0,276000.0,277000.0,2144.0
2026-08-13 09:00:00+09:00,277000.0,280000.0,276000.0,276500.0,5276.0
2026-08-13 09:05:00+09:00,276500.0,280000.0,275500.0,279500.0,4943.0
2026-08-13 09:10:00+09:00,279500.0,280000.0,277000.0,277000.0,2340.0
2026-08-13 09:15:00+09:00,276500.0,277000.0,274000.0,274500.0,3378.0
2026-08-13 09:20:00+09:00,274500.0,277500.0,274000.0,277500.0,2394.0
2026-08-13 09:25:00+09:00,277500.0,278500.0,276500.0,276500.0,2316.0
2026-08-13 09:30:00+09:00,276500.0,276500.0,275000.0,276500.0,1433.0
2026-08-13 09:35:00+09:00,276500.0,278000.0,276000.0,278000.0,2690.0
2026-08-13 09:40:00+09:00,278000.0,279500.0,278000.0,279500.0,3181.0
2026-08-13 09:45:00+09:00,279500.0,280000.0,278500.0,279500.0,1718.0
2026-08-13 09:50:00+09:00,279000.0,280000.0,279000.0,279000.0,1439.0
2026-08-13 09:55:00+09:00,279000.0,279000.0,278000.0,278500.0,1763.0
2026-08-13 10:00:00+09:00,278500.0,279500.0,278500.0,279500.0,1074.0
2026-08-13 10:05:00+09:00,279000.0,279500.0,277000.0,277500.0,2397.0
2026-08-13 10:10:00+09:00,278000.0,278500.0,277000.0,277500.0,1208.0
2026-08-13 10:15:00+09:00,277000.0,278000.0,277000.0,277500.0,669.0
2026-08-13 10:20:00+09:00,277500.0,278000.0,277000.0,277500.0,1017.0
2026-08-13 10:25:00+09:00,277500.0,278000.0,277000.0,277500.0,836.0
2026-08-13 10:30:00+09:00,277000.0,278500.0,277000.0,278500.0,1138.0
2026-08-13 10:35:00+09:00,278000.0,279000.0,278000.0,279000.0,770.0
2026-08-13 10:40:00+09:00,278500.0,279000.0,278000.0,278500.0,384.0
2026-08-13 10:45:00+09:00,278500.0,279000.0,277000.0,277000.0,1807.0
2026-08-13 10:50:00+09:00,277250.0,278000.0,277000.0,277500.0,463.0
2026-08-13 10:55:00+09:00,278000.0,278000.0,277500.0,277500.0,246.0
2026-08-13 11:00:00+09:00,277500.0,278500.0,277000.0,277000.0,1180.0
2026-08-13 11:05:00+09:00,277250.0,277250.0,276500.0,276500.0,541.0
2026-08-13 11:10:00+09:00,277000.0,277500.0,276500.0,277500.0,876.0
2026-08-13 11:15:00+09:00,277000.0,277000.0,276500.0,277000.0,1342.0
2026-08-13 11:20:00+09:00,276500.0,277000.0,276500.0,276500.0,360.0
2026-08-13 11:25:00+09:00,277000.0,277000.0,276000.0,276500.0,1386.0
2026-08-13 11:30:00+09:00,277000.0,277000.0,275500.0,275750.0,3194.0
2026-08-13 11:35:00+09:00,276000.0,276500.0,275500.0,276000.0,1277.0
2026-08-13 11:40:00+09:00,276000.0,276500.0,275500.0,276000.0,836.0
2026-08-13 11:45:00+09:00,275500.0,277000.0,275500.0,276500.0,2100.0
2026-08-13 11:50:00+09:00,277000.0,277000.0,276500.0,277000.0,309.0
2026-08-13 11:55:00+09:00,276500.0,277500.0,276500.0,277000.0,927.0
2026-08-13 12:00:00+09:00,277000.0,278000.0,276500.0,276500.0,921.0
2026-08-13 12:05:00+09:00,277000.0,277500.0,276500.0,277000.0,984.0
2026-08-13 12:10:00+09:00,277500.0,277500.0,276000.0,276000.0,1151.0
2026-08-13 12:15:00+09:00,276500.0,276500.0,276000.0,276500.0,664.0
2026-08-13 12:20:00+09:00,276000.0,276500.0,276000.0,276500.0,424.0
2026-08-13 12:25:00+09:00,276500.0,276500.0,276000.0,276500.0,248.0
2026-08-13 12:30:00+09:00,276500.0,277000.0,276000.0,276000.0,1492.0
2026-08-13 12:35:00+09:00,276000.0,276500.0,276000.0,276000.0,404.0
2026-08-13 12:40:00+09:00,276500.0,277000.0,276000.0,277000.0,948.0
2026-08-13 12:45:00+09:00,277000.0,277500.0,276500.0,277000.0,896.0
2026-08-13 12:50:00+09:00,277000.0,277500.0,277000.0,277000.0,342.0
2026-08-13 12:55:00+09:00,277000.0,277500.0,276500.0,276500.0,1640.0
2026-08-13 13:00:00+09:00,277000.0,277500.0,276500.0,276500.0,1503.0
2026-08-13 13:05:00+09:00,276500.0,277500.0,276500.0,276500.0,693.0
2026-08-13 13:10:00+09:00,277000.0,277000.0,276000.0,276000.0,1029.0
2026-08-13 13:15:00+09:00,276000.0,276500.0,275500.0,275500.0,960.0
2026-08-13 13:20:00+09:00,275500.0,276000.0,275000.0,275000.0,2051.0
2026-08-13 13:25:00+09:00,275000.0,275500.0,274500.0,275000.0,2295.0
2026-08-13 13:30:00+09:00,275000.0,275500.0,275000.0,275000.0,492.0
2026-08-13 13:35:00+09:00,275000.0,276000.0,275000.0,276000.0,4085.0
2026-08-13 13:40:00+09:00,275500.0,276000.0,275000.0,275000.0,738.0
2026-08-13 13:45:00+09:00,275000.0,276000.0,275000.0,275500.0,2091.0
2026-08-13 13:50:00+09:00,275500.0,276000.0,275000.0,275500.0,784.0
2026-08-13 13:55:00+09:00,275500.0,276000.0,275000.0,275000.0,680.0
2026-08-13 14:00:00+09:00,275000.0,276500.0,275000.0,276500.0,1079.0
2026-08-13 14:05:00+09:00,276250.0,277000.0,276000.0,276500.0,938.0
2026-08-13 14:10:00+09:00,276750.0,277000.0,276000.0,276000.0,991.0
2026-08-13 14:15:00+09:00,276500.0,277000.0,276000.0,276000.0,661.0
2026-08-13 14:20:00+09:00,276500.0,277500.0,276000.0,277000.0,1401.0
2026-08-13 14:25:00+09:00,277000.0,277500.0,276500.0,277000.0,1519.0
2026-08-13 14:30:00+09:00,277000.0,277500.0,276500.0,276500.0,717.0
2026-08-13 14:35:00+09:00,276500.0,277000.0,275500.0,276000.0,1601.0
2026-08-13 14:40:00+09:00,275500.0,276500.0,275500.0,276000.0,2397.0
2026-08-13 14:45:00+09:00,276000.0,276500.0,275500.0,276000.0,1493.0
2026-08-13 14:50:00+09:00,276000.0,277000.0,276000.0,276000.0,2158.0
2026-08-13 14:55:00+09:00,276000.0,277000.0,276000.0,276000.0,1256.0
2026-08-14 09:00:00+09:00,280500.0,282500.0,276000.0,278500.0,8212.0
2026-08-14 09:05:00+09:00,279000.0,281500.0,278000.0,280000.0,3870.0
2026-08-14 09:10:00+09:00,280000.0,280000.0,277500.0,278000.0,2781.0
2026-08-14 09:15:00+09:00,277500.0,279500.0,277500.0,279000.0,2263.0
2026-08-14 09:20:00+09:00,279000.0,280500.0,278500.0,279000.0,3158.0
2026-08-14 09:25:00+09:00,279000.0,282500.0,278500.0,280500.0,3566.0
2026-08-14 09:30:00+09:00,281000.0,282000.0,281000.0,281500.0,1749.0
2026-08-14 09:35:00+09:00,281000.0,281500.0,278500.0,279000.0,1013.0
2026-08-14 09:40:00+09:00,279000.0,279500.0,278500.0,278500.0,788.0
2026-08-14 09:45:00+09:00,278500.0,279500.0,278500.0,278500.0,982.0
2026-08-14 09:50:00+09:00,278500.0,279000.0,277500.0,277500.0,1521.0
2026-08-14 09:55:00+09:00,277500.0,278000.0,276500.0,277000.0,980.0
2026-08-14 10:00:00+09:00,277000.0,277500.0,275500.0,275500.0,2513.0
2026-08-14 10:05:00+09:00,276000.0,277000.0,275500.0,276000.0,1422.0
2026-08-14 10:10:00+09:00,276000.0,276500.0,275000.0,275000.0,1537.0
2026-08-14 10:15:00+09:00,275250.0,275500.0,275000.0,275000.0,325.0
2026-08-14 10:20:00+09:00,275000.0,276500.0,275000.0,275500.0,1780.0
2026-08-14 10:25:00+09:00,275500.0,276000.0,274000.0,275000.0,2473.0
2026-08-14 10:30:00+09:00,275000.0,275000.0,274500.0,275000.0,615.0
2026-08-14 10:35:00+09:00,275000.0,276000.0,274500.0,276000.0,1097.0
2026-08-14 10:40:00+09:00,275500.0,276000.0,275000.0,275000.0,311.0
2026-08-14 10:45:00+09:00,275000.0,276000.0,275000.0,275500.0,611.0
2026-08-14 10:50:00+09:00,276000.0,276500.0,275500.0,275500.0,1210.0
2026-08-14 10:55:00+09:00,276000.0,276000.0,275500.0,276000.0,692.0
2026-08-14 11:00:00+09:00,276500.0,277500.0,276000.0,276000.0,1399.0
2026-08-14 11:05:00+09:00,276500.0,276500.0,275000.0,275000.0,1864.0
2026-08-14 11:10:00+09:00,275500.0,277000.0,275000.0,276000.0,1612.0
2026-08-14 11:15:00+09:00,276000.0,276500.0,275500.0,276000.0,648.0
2026-08-14 11:20:00+09:00,275500.0,276000.0,275500.0,275500.0,245.0
2026-08-14 11:25:00+09:00,275500.0,276000.0,275000.0,275000.0,435.0
2026-08-14 11:30:00+09:00,275000.0,275500.0,275000.0,275500.0,301.0
2026-08-14 11:35:00+09:00,275000.0,275500.0,274500.0,274500.0,583.0
2026-08-14 11:40:00+09:00,274500.0,275500.0,274500.0,275500.0,896.0
2026-08-14 11:45:00+09:00,275000.0,276000.0,275000.0,275000.0,665.0
2026-08-14 11:50:00+09:00,275000.0,275500.0,274500.0,274500.0,663.0
2026-08-14 11:55:00+09:00,274500.0,275000.0,274000.0,274000.0,263.0
2026-08-14 12:00:00+09:00,274000.0,275500.0,274000.0,275500.0,2459.0
2026-08-14 12:05:00+09:00,275000.0,275000.0,274500.0,274500.0,578.0
2026-08-14 12:10:00+09:00,274500.0,275500.0,274500.0,275000.0,1777.0
2026-08-14 12:15:00+09:00,275500.0,275500.0,275000.0,275500.0,216.0
2026-08-14 12:20:00+09:00,275000.0,275500.0,275000.0,275000.0,368.0
2026-08-14 12:25:00+09:00,275000.0,277000.0,275000.0,275500.0,2369.0
2026-08-14 12:30:00+09:00,276000.0,277000.0,275500.0,276000.0,692.0
2026-08-14 12:35:00+09:00,276000.0,276500.0,276000.0,276000.0,324.0
2026-08-14 12:40:00+09:00,276000.0,277000.0,275000.0,275500.0,2625.0
2026-08-14 12:45:00+09:00,275500.0,275500.0,274500.0,274500.0,1477.0
2026-08-14 12:50:00+09:00,274500.0,275500.0,274500.0,275000.0,629.0
2026-08-14 12:55:00+09:00,275000.0,276000.0,274500.0,275500.0,1498.0
2026-08-14 13:00:00+09:00,275000.0,276500.0,275000.0,276500.0,1265.0
2026-08-14 13:05:00+09:00,276500.0,277500.0,276000.0,276500.0,2543.0
2026-08-14 13:10:00+09:00,276500.0,277500.0,276000.0,276500.0,1774.0
2026-08-14 13:15:00+09:00,276500.0,278000.0,276500.0,277500.0,1995.0
2026-08-14 13:20:00+09:00,277000.0,277500.0,276000.0,276500.0,1750.0
2026-08-14 13:25:00+09:00,277000.0,277000.0,276000.0,276000.0,1291.0
2026-08-14 13:30:00+09:00,276500.0,277000.0,275500.0,276500.0,1336.0
2026-08-14 13:35:00+09:00,276500.0,276500.0,275500.0,276000.0,1360.0
2026-08-14 13:40:00+09:00,276000.0,276500.0,275500.0,276500.0,1425.0
2026-08-14 13:45:00+09:00,276500.0,276500.0,275000.0,275500.0,1439.0
2026-08-14 13:50:00+09:00,275500.0,276500.0,275000.0,276000.0,1361.0
2026-08-14 13:55:00+09:00,275500.0,277000.0,275500.0,276500.0,3715.0
2026-08-14 14:00:00+09:00,276000.0,277500.0,276000.0,277000.0,1158.0
2026-08-14 14:05:00+09:00,277000.0,277500.0,276500.0,276500.0,877.0
2026-08-14 14:10:00+09:00,276500.0,278000.0,276500.0,277500.0,1652.0
2026-08-14 14:15:00+09:00,277250.0,278000.0,277000.0,277000.0,1037.0
2026-08-14 14:20:00+09:00,277500.0,278500.0,277000.0,277500.0,1153.0
2026-08-14 14:25:00+09:00,277500.0,279500.0,277500.0,279000.0,1950.0
2026-08-14 14:30:00+09:00,278750.0,280500.0,278500.0,279500.0,2272.0
2026-08-14 14:35:00+09:00,279500.0,280000.0,278500.0,279500.0,1225.0
2026-08-14 14:40:00+09:00,279000.0,279500.0,278500.0,279000.0,1377.0
2026-08-14 14:45:00+09:00,279500.0,281000.0,279000.0,280500.0,3845.0
2026-08-14 14:50:00+09:00,281000.0,282000.0,280500.0,282000.0,3495.0
2026-08-14 14:55:00+09:00,281500.0,282500.0,281000.0,281000.0,1841.0
2026-08-18 09:00:00+09:00,281000.0,281000.0,276000.0,277500.0,0.0
2026-08-18 09:05:00+09:00,277500.0,280000.0,277000.0,280000.0,2488.0
2026-08-18 09:10:00+09:00,280000.0,280500.0,276500.0,276500.0,2916.0
2026-08-18 09:15:00+09:00,276500.0,279000.0,276500.0,279000.0,1841.0
2026-08-18 09:20:00+09:00,278500.0,280000.0,277000.0,277000.0,2603.0
2026-08-18 09:25:00+09:00,277500.0,279000.0,276500.0,279000.0,3210.0
2026-08-18 09:30:00+09:00,279000.0,279500.0,276500.0,277500.0,1583.0
2026-08-18 09:35:00+09:00,277500.0,278500.0,276500.0,277000.0,768.0
2026-08-18 09:40:00+09:00,277000.0,279500.0,276500.0,279000.0,2405.0
2026-08-18 09:45:00+09:00,278500.0,280000.0,277500.0,279000.0,1908.0
2026-08-18 09:50:00+09:00,279000.0,280000.0,278500.0,278500.0,880.0
2026-08-18 09:55:00+09:00,279000.0,279500.0,278000.0,279000.0,1383.0
2026-08-18 10:00:00+09:00,279500.0,281000.0,279000.0,281000.0,3648.0
2026-08-18 10:05:00+09:00,280500.0,281000.0,280000.0,281000.0,1509.0
2026-08-18 10:10:00+09:00,281000.0,281000.0,280000.0,280750.0,996.0
2026-08-18 10:15:00+09:00,280500.0,281000.0,280000.0,280500.0,623.0
2026-08-18 10:20:00+09:00,280500.0,280500.0,279000.0,279000.0,1043.0
2026-08-18 10:25:00+09:00,279500.0,279500.0,278500.0,278500.0,628.0
2026-08-18 10:30:00+09:00,278500.0,280000.0,278000.0,279000.0,1720.0
2026-08-18 10:35:00+09:00,279000.0,279500.0,278000.0,278250.0,1508.0
2026-08-18 10:40:00+09:00,278250.0,278500.0,277000.0,277500.0,1113.0
2026-08-18 10:45:00+09:00,277500.0,277500.0,276500.0,277500.0,1367.0
2026-08-18 10:50:00+09:00,277500.0,277500.0,276000.0,276500.0,1033.0
2026-08-18 10:55:00+09:00,276500.0,277500.0,276000.0,277000.0,1836.0
2026-08-18 11:00:00+09:00,277000.0,278500.0,276500.0,277000.0,1451.0
2026-08-18 11:05:00+09:00,277000.0,278000.0,276500.0,277500.0,500.0
2026-08-18 11:10:00+09:00,277500.0,278000.0,276500.0,276500.0,779.0
2026-08-18 11:15:00+09:00,277000.0,277000.0,276500.0,276500.0,575.0
2026-08-18 11:20:00+09:00,276500.0,277000.0,275500.0,276000.0,1397.0
2026-08-18 11:25:00+09:00,275500.0,276500.0,275000.0,275500.0,2748.0
2026-08-18 11:30:00+09:00,275500.0,275500.0,273500.0,274500.0,2805.0
2026-08-18 11:35:00+09:00,274500.0,275000.0,273500.0,274500.0,2935.0
2026-08-18 11:40:00+09:00,275000.0,275000.0,273000.0,274000.0,1988.0
2026-08-18 11:45:00+09:00,274000.0,274500.0,273000.0,274000.0,2366.0
2026-08-18 11:50:00+09:00,274000.0,274500.0,273000.0,273500.0,1058.0
2026-08-18 11:55:00+09:00,273000.0,275000.0,273000.0,274500.0,1842.0
2026-08-18 12:00:00+09:00,274500.0,275000.0,274000.0,275000.0,629.0
2026-08-18 12:05:00+09:00,274500.0,275000.0,273500.0,274500.0,226.0
2026-08-18 12:10:00+09:00,274000.0,274500.0,273500.0,274000.0,179.0
2026-08-18 12:15:00+09:00,273750.0,274000.0,273000.0,273500.0,798.0
2026-08-18 12:20:00+09:00,273500.0,274000.0,272500.0,273000.0,1185.0
2026-08-18 12:25:00+09:00,273000.0,274000.0,272500.0,274000.0,1421.0
2026-08-18 12:30:00+09:00,273500.0,274000.0,272000.0,272000.0,1196.0
2026-08-18 12:35:00+09:00,272500.0,274000.0,272000.0,273500.0,1466.0
2026-08-18 12:40:00+09:00,274000.0,274000.0,273000.0,273500.0,447.0
2026-08-18 12:45:00+09:00,273500.0,273500.0,272500.0,273000.0,487.0
2026-08-18 12:50:00+09:00,272500.0,273000.0,272000.0,273000.0,1928.0
2026-08-18 12:55:00+09:00,273000.0,273000.0,272000.0,272500.0,470.0
2026-08-18 13:00:00+09:00,273000.0,273000.0,272000.0,273000.0,2111.0
2026-08-18 13:05:00+09:00,273000.0,274000.0,272500.0,273500.0,833.0
2026-08-18 13:10:00+09:00,273000.0,273500.0,273000.0,273000.0,402.0
2026-08-18 13:15:00+09:00,273500.0,273500.0,273000.0,273500.0,257.0
2026-08-18 13:20:00+09:00,273000.0,274000.0,273000.0,274000.0,1810.0
2026-08-18 13:25:00+09:00,274000.0,274000.0,273000.0,274000.0,574.0
2026-08-18 13:30:00+09:00,274000.0,274000.0,273000.0,273500.0,278.0
2026-08-18 13:35:00+09:00,273000.0,273500.0,273000.0,273000.0,804.0
2026-08-18 13:40:00+09:00,273000.0,273500.0,272500.0,273000.0,414.0
2026-08-18 13:45:00+09:00,272500.0,273000.0,272500.0,273000.0,352.0
2026-08-18 13:50:00+09:00,273000.0,273500.0,272000.0,273000.0,3479.0
2026-08-18 13:55:00+09:00,273500.0,273500.0,273000.0,273000.0,419.0
2026-08-18 14:00:00+09:00,273000.0,273500.0,272000.0,273000.0,1551.0
2026-08-18 14:05:00+09:00,272500.0,273000.0,272000.0,273000.0,819.0
2026-08-18 14:10:00+09:00,272500.0,273000.0,272000.0,272500.0,998.0
2026-08-18 14:15:00+09:00,272000.0,272500.0,271000.0,272000.0,3387.0
2026-08-18 14:20:00+09:00,271500.0,272000.0,271000.0,271500.0,670.0
2026-08-18 14:25:00+09:00,271500.0,271500.0,270500.0,271000.0,1324.0
2026-08-18 14:30:00+09:00,270500.0,271500.0,270000.0,270500.0,3607.0
2026-08-18 14:35:00+09:00,270500.0,270500.0,269500.0,269500.0,2541.0
2026-08-18 14:40:00+09:00,269500.0,270500.0,269000.0,269500.0,2574.0
2026-08-18 14:45:00+09:00,269500.0,270500.0,269000.0,269500.0,2212.0
2026-08-18 14:50:00+09:00,269000.0,270000.0,268500.0,269500.0,3881.0
2026-08-18 14:55:00+09:00,269500.0,270500.0,269000.0,269000.0,3740.0
2026-08-19 09:00:00+09:00,261000.0,261500.0,257000.0,259500.0,8040.0
2026-08-19 09:05:00+09:00,259500.0,259500.0,256500.0,257000.0,4567.0
2026-08-19 09:10:00+09:00,257000.0,257500.0,255000.0,256500.0,6415.0
2026-08-19 09:15:00+09:00,256500.0,257000.0,256000.0,256500.0,3487.0
2026-08-19 09:20:00+09:00,256500.0,258000.0,256000.0,257500.0,3446.0
2026-08-19 09:25:00+09:00,257500.0,258000.0,256500.0,257000.0,4199.0
2026-08-19 09:30:00+09:00,257500.0,261000.0,257500.0,260500.0,2916.0
2026-08-19 09:35:00+09:00,260500.0,261000.0,259000.0,260000.0,1702.0
2026-08-19 09:40:00+09:00,260500.0,262000.0,260000.0,262000.0,1783.0
2026-08-19 09:45:00+09:00,261500.0,263500.0,261500.0,263000.0,1787.0
2026-08-19 09:50:00+09:00,262500.0,264500.0,262000.0,264500.0,1435.0
2026-08-19 09:55:00+09:00,264000.0,265000.0,263250.0,263500.0,2338.0
2026-08-19 10:00:00+09:00,263500.0,266000.0,263000.0,266000.0,1406.0
2026-08-19 10:05:00+09:00,266000.0,267000.0,265500.0,267000.0,837.0
2026-08-19 10:10:00+09:00,267000.0,267500.0,266500.0,267000.0,1039.0
2026-08-19 10:15:00+09:00,267000.0,267500.0,266000.0,267500.0,1532.0
2026-08-19 10:20:00+09:00,267000.0,268500.0,266000.0,267500.0,1548.0
2026-08-19 10:25:00+09:00,267000.0,268000.0,266500.0,267000.0,2630.0
2026-08-19 10:30:00+09:00,266500.0,268000.0,265500.0,265500.0,1337.0
2026-08-19 10:35:00+09:00,265500.0,266500.0,265000.0,266500.0,696.0
2026-08-19 10:40:00+09:00,266000.0,267000.0,265500.0,266500.0,808.0
2026-08-19 10:45:00+09:00,267000.0,267000.0,264500.0,264500.0,1402.0
2026-08-19 10:50:00+09:00,264750.0,265500.0,264000.0,264500.0,826.0
2026-08-19 10:55:00+09:00,264750.0,265500.0,263500.0,264500.0,1644.0
2026-08-19 11:00:00+09:00,265000.0,265000.0,263000.0,263500.0,1081.0
2026-08-19 11:05:00+09:00,263000.0,263500.0,262500.0,262750.0,607.0
2026-08-19 11:10:00+09:00,262750.0,263500.0,262000.0,263000.0,950.0
2026-08-19 11:15:00+09:00,262500.0,264500.0,262500.0,263500.0,1040.0
2026-08-19 11:20:00+09:00,263500.0,265500.0,263000.0,264500.0,1268.0
2026-08-19 11:25:00+09:00,264500.0,265500.0,263500.0,263500.0,623.0
2026-08-19 11:30:00+09:00,263500.0,265000.0,263500.0,265000.0,441.0
2026-08-19 11:35:00+09:00,265000.0,265000.0,264000.0,264750.0,550.0
2026-08-19 11:40:00+09:00,264750.0,265500.0,263500.0,263500.0,1229.0
2026-08-19 11:45:00+09:00,263500.0,265000.0,263000.0,264500.0,789.0
2026-08-19 11:50:00+09:00,264750.0,264750.0,263000.0,263500.0,836.0
2026-08-19 11:55:00+09:00,263500.0,264500.0,263500.0,263500.0,298.0
2026-08-19 12:00:00+09:00,263500.0,265000.0,263500.0,265000.0,356.0
2026-08-19 12:05:00+09:00,265000.0,265500.0,263500.0,264000.0,868.0
2026-08-19 12:10:00+09:00,264500.0,264500.0,263500.0,264000.0,418.0
2026-08-19 12:15:00+09:00,264000.0,265500.0,264000.0,265500.0,389.0
2026-08-19 12:20:00+09:00,265500.0,265500.0,264000.0,265500.0,723.0
2026-08-19 12:25:00+09:00,265500.0,265500.0,265000.0,265500.0,206.0
2026-08-19 12:30:00+09:00,265500.0,266500.0,265000.0,265500.0,1929.0
2026-08-19 12:35:00+09:00,266000.0,267000.0,266000.0,267000.0,1284.0
2026-08-19 12:40:00+09:00,267000.0,267500.0,266500.0,267000.0,474.0
2026-08-19 12:45:00+09:00,267000.0,267000.0,266000.0,266500.0,412.0
2026-08-19 12:50:00+09:00,266500.0,266500.0,265500.0,266000.0,532.0
2026-08-19 12:55:00+09:00,266000.0,266000.0,265000.0,265000.0,623.0
2026-08-19 13:00:00+09:00,265500.0,265500.0,265000.0,265000.0,325.0
2026-08-19 13:05:00+09:00,265000.0,265500.0,264500.0,265000.0,298.0
2026-08-19 13:10:00+09:00,265000.0,265000.0,264000.0,264000.0,643.0
2026-08-19 13:15:00+09:00,264500.0,265500.0,264000.0,265000.0,715.0
2026-08-19 13:20:00+09:00,265500.0,266500.0,265000.0,266000.0,909.0
2026-08-19 13:25:00+09:00,266000.0,266500.0,265500.0,266000.0,593.0
2026-08-19 13:30:00+09:00,266000.0,266000.0,265000.0,265500.0,620.0
2026-08-19 13:35:00+09:00,265500.0,266500.0,265000.0,265500.0,1391.0
2026-08-19 13:40:00+09:00,265500.0,265500.0,264500.0,265500.0,802.0
2026-08-19 13:45:00+09:00,265000.0,265500.0,264500.0,265000.0,246.0
2026-08-19 13:50:00+09:00,265000.0,265000.0,264000.0,264500.0,381.0
2026-08-19 13:55:00+09:00,264000.0,265500.0,264000.0,265000.0,790.0
2026-08-19 14:00:00+09:00,265500.0,266000.0,265000.0,266000.0,649.0
2026-08-19 14:05:00+09:00,266500.0,267000.0,265500.0,267000.0,595.0
2026-08-19 14:10:00+09:00,267000.0,267000.0,265500.0,266000.0,719.0
2026-08-19 14:15:00+09:00,265500.0,266500.0,265500.0,266000.0,863.0
2026-08-19 14:20:00+09:00,266000.0,266500.0,265500.0,266000.0,1143.0
2026-08-19 14:25:00+09:00,266500.0,267500.0,266000.0,267000.0,803.0
2026-08-19 14:30:00+09:00,267500.0,267500.0,267000.0,267500.0,515.0
2026-08-19 14:35:00+09:00,267500.0,267500.0,266500.0,267000.0,1143.0
2026-08-19 14:40:00+09:00,267000.0,267000.0,266000.0,266000.0,604.0
2026-08-19 14:45:00+09:00,266500.0,267000.0,265500.0,266500.0,1806.0
2026-08-19 14:50:00+09:00,266500.0,266500.0,265000.0,265500.0,1989.0
2026-08-19 14:55:00+09:00,265500.0,266000.0,264500.0,265500.0,1366.0
2026-08-20 09:00:00+09:00,266500.0,272000.0,265000.0,268500.0,13197.0
2026-08-20 09:05:00+09:00,269000.0,271500.0,268500.0,270500.0,4145.0
2026-08-20 09:10:00+09:00,270500.0,273000.0,269500.0,270000.0,3236.0
2026-08-20 09:15:00+09:00,270500.0,272500.0,269500.0,271000.0,3558.0
2026-08-20 09:20:00+09:00,271500.0,274500.0,270500.0,274000.0,8051.0
2026-08-20 09:25:00+09:00,274000.0,275000.0,272500.0,273500.0,5044.0
2026-08-20 09:30:00+09:00,273500.0,275500.0,273000.0,274500.0,2900.0
2026-08-20 09:35:00+09:00,274500.0,274500.0,273000.0,273500.0,1886.0
2026-08-20 09:40:00+09:00,273500.0,274000.0,272500.0,273000.0,1530.0
2026-08-20 09:45:00+09:00,273000.0,274000.0,272500.0,272500.0,1291.0
2026-08-20 09:50:00+09:00,273000.0,274000.0,273000.0,273500.0,947.0
2026-08-20 09:55:00+09:00,273500.0,273500.0,272500.0,273000.0,1507.0
2026-08-20 10:00:00+09:00,272500.0,273500.0,272500.0,273500.0,1732.0
2026-08-20 10:05:00+09:00,273000.0,273500.0,272500.0,272500.0,1383.0
2026-08-20 10:10:00+09:00,272500.0,274500.0,272500.0,274500.0,1498.0
2026-08-20 10:15:00+09:00,274000.0,275000.0,274000.0,274500.0,669.0
2026-08-20 10:20:00+09:00,274500.0,275000.0,274000.0,274500.0,714.0
2026-08-20 10:25:00+09:00,274500.0,274500.0,274000.0,274000.0,277.0
2026-08-20 10:30:00+09:00,274000.0,274500.0,273500.0,273500.0,678.0
2026-08-20 10:35:00+09:00,274000.0,274000.0,273000.0,273000.0,1084.0
2026-08-20 10:40:00+09:00,273500.0,274500.0,273000.0,274000.0,1728.0
2026-08-20 10:45:00+09:00,274000.0,275000.0,273500.0,275000.0,798.0
2026-08-20 10:50:00+09:00,274500.0,275000.0,274500.0,275000.0,1586.0
2026-08-20 10:55:00+09:00,274500.0,275000.0,274500.0,275000.0,510.0
2026-08-20 11:00:00+09:00,274500.0,275000.0,273500.0,274000.0,1579.0
2026-08-20 11:05:00+09:00,274000.0,274000.0,272000.0,272500.0,1300.0
2026-08-20 11:10:00+09:00,272500.0,273500.0,272000.0,273500.0,1641.0
2026-08-20 11:15:00+09:00,273500.0,273500.0,272500.0,273000.0,617.0
2026-08-20 11:20:00+09:00,272500.0,272500.0,271500.0,272000.0,905.0
2026-08-20 11:25:00+09:00,272000.0,272000.0,270000.0,270500.0,1593.0
2026-08-20 11:30:00+09:00,270000.0,271000.0,270000.0,270500.0,1804.0
2026-08-20 11:35:00+09:00,270500.0,271500.0,270000.0,271000.0,1863.0
2026-08-20 11:40:00+09:00,271000.0,271250.0,270500.0,270500.0,562.0
2026-08-20 11:45:00+09:00,271000.0,271000.0,270000.0,270000.0,826.0
2026-08-20 11:50:00+09:00,270500.0,270500.0,270000.0,270500.0,547.0
2026-08-20 11:55:00+09:00,270500.0,271000.0,270000.0,271000.0,1541.0
2026-08-20 12:00:00+09:00,271000.0,271000.0,270500.0,270500.0,350.0
2026-08-20 12:05:00+09:00,271000.0,271000.0,270500.0,270500.0,386.0
2026-08-20 12:10:00+09:00,270500.0,271000.0,269000.0,269250.0,2060.0
2026-08-20 12:15:00+09:00,269500.0,269500.0,268000.0,268250.0,947.0
2026-08-20 12:20:00+09:00,268250.0,269250.0,268000.0,268500.0,1645.0
2026-08-20 12:25:00+09:00,268500.0,268500.0,267500.0,268000.0,1244.0
2026-08-20 12:30:00+09:00,268000.0,268000.0,267000.0,267500.0,859.0
2026-08-20 12:35:00+09:00,267000.0,267500.0,266000.0,266500.0,1077.0
2026-08-20 12:40:00+09:00,266500.0,267000.0,266000.0,266500.0,2372.0
2026-08-20 12:45:00+09:00,267000.0,267500.0,266500.0,266500.0,907.0
2026-08-20 12:50:00+09:00,267000.0,267500.0,266500.0,267000.0,1175.0
2026-08-20 12:55:00+09:00,267000.0,267500.0,266500.0,267000.0,667.0
2026-08-20 13:00:00+09:00,267000.0,267000.0,266500.0,267000.0,706.0
2026-08-20 13:05:00+09:00,266500.0,267000.0,266500.0,266500.0,378.0
2026-08-20 13:10:00+09:00,267000.0,267000.0,266500.0,266500.0,497.0
2026-08-20 13:15:00+09:00,267000.0,267000.0,266500.0,267000.0,1374.0
2026-08-20 13:20:00+09:00,267000.0,267000.0,265500.0,267000.0,4063.0
2026-08-20 13:25:00+09:00,267000.0,267500.0,266500.0,267000.0,1488.0
2026-08-20 13:30:00+09:00,267000.0,267000.0,266000.0,266250.0,513.0
2026-08-20 13:35:00+09:00,266250.0,267000.0,266250.0,267000.0,1172.0
2026-08-20 13:40:00+09:00,267000.0,267000.0,266500.0,266500.0,469.0
2026-08-20 13:45:00+09:00,266500.0,267000.0,266500.0,267000.0,781.0
2026-08-20 13:50:00+09:00,267000.0,267000.0,266000.0,266500.0,2282.0
2026-08-20 13:55:00+09:00,267000.0,267000.0,265500.0,266000.0,1791.0
2026-08-20 14:00:00+09:00,266500.0,266500.0,264000.0,265500.0,3847.0
2026-08-20 14:05:00+09:00,265500.0,265500.0,264500.0,265500.0,2097.0
2026-08-20 14:10:00+09:00,265000.0,265500.0,264500.0,265500.0,2420.0
2026-08-20 14:15:00+09:00,265500.0,266500.0,265000.0,266500.0,2073.0
2026-08-20 14:20:00+09:00,266000.0,267000.0,266000.0,266250.0,1835.0
2026-08-20 14:25:00+09:00,266500.0,266500.0,265000.0,265000.0,2018.0
2026-08-20 14:30:00+09:00,265500.0,266000.0,264500.0,265000.0,1516.0
2026-08-20 14:35:00+09:00,265000.0,265000.0,264500.0,264500.0,770.0
2026-08-20 14:40:00+09:00,265000.0,265500.0,264500.0,265000.0,2355.0
2026-08-20 14:45:00+09:00,265000.0,266500.0,264500.0,266500.0,2028.0
2026-08-20 14:50:00+09:00,266500.0,267000.0,265000.0,265000.0,2286.0
2026-08-20 14:55:00+09:00,265500.0,265500.0,264000.0,264000.0,3055.0
2026-08-21 09:00:00+09:00,261000.0,262000.0,254500.0,256000.0,7488.0
2026-08-21 09:05:00+09:00,256000.0,256000.0,253500.0,255000.0,4715.0
2026-08-21 09:10:00+09:00,255000.0,256000.0,254000.0,256000.0,2590.0
2026-08-21 09:15:00+09:00,256000.0,257000.0,254000.0,255500.0,2438.0
2026-08-21 09:20:00+09:00,256000.0,256500.0,255000.0,255500.0,1979.0
2026-08-21 09:25:00+09:00,255000.0,255500.0,254500.0,254500.0,678.0
2026-08-21 09:30:00+09:00,255000.0,255500.0,254000.0,255500.0,2530.0
2026-08-21 09:35:00+09:00,255500.0,255500.0,254000.0,254500.0,988.0
2026-08-21 09:40:00+09:00,255000.0,256000.0,255000.0,255500.0,1524.0
2026-08-21 09:45:00+09:00,255500.0,257000.0,255500.0,256500.0,1519.0
2026-08-21 09:50:00+09:00,256500.0,257000.0,255000.0,255000.0,1719.0
2026-08-21 09:55:00+09:00,255000.0,255000.0,254500.0,255000.0,666.0
2026-08-21 10:00:00+09:00,255000.0,255000.0,253500.0,253500.0,2495.0
2026-08-21 10:05:00+09:00,253500.0,253750.0,252000.0,252500.0,3711.0
2026-08-21 10:10:00+09:00,252500.0,254500.0,252000.0,254500.0,1704.0
2026-08-21 10:15:00+09:00,254000.0,255000.0,254000.0,255000.0,1114.0
2026-08-21 10:20:00+09:00,255500.0,255500.0,253500.0,254000.0,1079.0
2026-08-21 10:25:00+09:00,254000.0,254500.0,253000.0,253500.0,1800.0
2026-08-21 10:30:00+09:00,253500.0,254000.0,253000.0,253500.0,970.0
2026-08-21 10:35:00+09:00,253000.0,253500.0,252500.0,253000.0,2391.0
2026-08-21 10:40:00+09:00,253000.0,255000.0,253000.0,254500.0,1223.0
2026-08-21 10:45:00+09:00,254500.0,255000.0,253500.0,254000.0,1011.0
2026-08-21 10:50:00+09:00,254000.0,255000.0,253000.0,253000.0,939.0
2026-08-21 10:55:00+09:00,253000.0,253500.0,253000.0,253000.0,142.0
2026-08-21 11:00:00+09:00,253500.0,254000.0,253000.0,253000.0,1684.0
2026-08-21 11:05:00+09:00,253000.0,254000.0,253000.0,254000.0,613.0
2026-08-21 11:10:00+09:00,254000.0,254000.0,253000.0,253500.0,985.0
2026-08-21 11:15:00+09:00,253000.0,254000.0,253000.0,254000.0,1015.0
2026-08-21 11:20:00+09:00,254000.0,254500.0,253500.0,253500.0,1176.0
2026-08-21 11:25:00+09:00,253500.0,254000.0,253000.0,253500.0,750.0
2026-08-21 11:30:00+09:00,253500.0,254000.0,253500.0,253500.0,214.0
2026-08-21 11:35:00+09:00,253500.0,254000.0,253500.0,254000.0,155.0
2026-08-21 11:40:00+09:00,253500.0,254000.0,253500.0,253500.0,721.0
2026-08-21 11:45:00+09:00,253500.0,254500.0,253500.0,254500.0,1532.0
2026-08-21 11:50:00+09:00,254500.0,255500.0,254000.0,254500.0,879.0
2026-08-21 11:55:00+09:00,254000.0,255000.0,254000.0,254000.0,743.0
2026-08-21 12:00:00+09:00,254500.0,255000.0,254000.0,254000.0,241.0
2026-08-21 12:05:00+09:00,254500.0,254500.0,254000.0,254250.0,205.0
2026-08-21 12:10:00+09:00,254250.0,254500.0,254000.0,254000.0,413.0
2026-08-21 12:15:00+09:00,254000.0,254500.0,254000.0,254000.0,219.0
2026-08-21 12:20:00+09:00,254000.0,254500.0,254000.0,254000.0,120.0
2026-08-21 12:25:00+09:00,254000.0,254500.0,254000.0,254500.0,280.0
2026-08-21 12:30:00+09:00,254000.0,255500.0,254000.0,254500.0,1381.0
2026-08-21 12:35:00+09:00,254750.0,254750.0,254500.0,254500.0,107.0
2026-08-21 12:40:00+09:00,255000.0,255000.0,254500.0,254500.0,103.0
2026-08-21 12:45:00+09:00,254500.0,255000.0,254500.0,254500.0,138.0
2026-08-21 12:50:00+09:00,254750.0,255000.0,254500.0,254500.0,114.0
2026-08-21 12:55:00+09:00,254500.0,256000.0,254500.0,255000.0,2543.0
2026-08-21 13:00:00+09:00,255500.0,255500.0,254500.0,255000.0,1958.0
2026-08-21 13:05:00+09:00,255000.0,255500.0,254500.0,254500.0,384.0
2026-08-21 13:10:00+09:00,254500.0,255500.0,254500.0,255000.0,1392.0
2026-08-21 13:15:00+09:00,254500.0,255000.0,254500.0,254500.0,105.0
2026-08-21 13:20:00+09:00,254500.0,255000.0,254500.0,254500.0,166.0
2026-08-21 13:25:00+09:00,254500.0,256000.0,254500.0,255500.0,1863.0
2026-08-21 13:30:00+09:00,256000.0,256500.0,255500.0,256000.0,353.0
2026-08-21 13:35:00+09:00,256000.0,256500.0,256000.0,256000.0,604.0
2026-08-21 13:40:00+09:00,256000.0,256500.0,255500.0,256500.0,1459.0
2026-08-21 13:45:00+09:00,256250.0,256500.0,256000.0,256000.0,480.0
2026-08-21 13:50:00+09:00,256000.0,256500.0,256000.0,256500.0,199.0
2026-08-21 13:55:00+09:00,256500.0,256500.0,255000.0,255000.0,2551.0
2026-08-21 14:00:00+09:00,255000.0,255000.0,254500.0,255000.0,1187.0
2026-08-21 14:05:00+09:00,254500.0,255000.0,254000.0,254500.0,2076.0
2026-08-21 14:10:00+09:00,254000.0,255500.0,254000.0,254000.0,2018.0
2026-08-21 14:15:00+09:00,254500.0,255500.0,254000.0,254500.0,1028.0
2026-08-21 14:20:00+09:00,254500.0,255000.0,253500.0,254000.0,1734.0
2026-08-21 14:25:00+09:00,254000.0,254500.0,253500.0,254000.0,1594.0
2026-08-21 14:30:00+09:00,254000.0,254500.0,253500.0,254000.0,1017.0
2026-08-21 14:35:00+09:00,254000.0,254500.0,253500.0,254500.0,1771.0
2026-08-21 14:40:00+09:00,254500.0,254500.0,253000.0,253000.0,2945.0
2026-08-21 14:45:00+09:00,253000.0,253500.0,252000.0,252000.0,5175.0
2026-08-21 14:50:00+09:00,252000.0,253000.0,251500.0,252500.0,7091.0
2026-08-21 14:55:00+09:00,252500.0,253500.0,252500.0,253000.0,6655.0
2026-08-24 09:00:00+09:00,252500.0,259500.0,252500.0,259000.0,0.0
2026-08-24 09:05:00+09:00,259000.0,262000.0,258500.0,262000.0,8556.0
2026-08-24 09:10:00+09:00,262500.0,265000.0,262000.0,264500.0,6881.0
2026-08-24 09:15:00+09:00,265000.0,266500.0,263500.0,266000.0,5745.0
2026-08-24 09:20:00+09:00,266000.0,267000.0,264000.0,265000.0,5312.0
2026-08-24 09:25:00+09:00,265500.0,267000.0,264500.0,266500.0,4971.0
2026-08-24 09:30:00+09:00,266500.0,268500.0,266000.0,267500.0,4092.0
2026-08-24 09:35:00+09:00,267000.0,267500.0,265500.0,266500.0,2148.0
2026-08-24 09:40:00+09:00,266000.0,269000.0,265500.0,268000.0,6027.0
2026-08-24 09:45:00+09:00,268000.0,269000.0,266500.0,266500.0,3415.0
2026-08-24 09:50:00+09:00,266500.0,269000.0,266500.0,267500.0,3272.0
2026-08-24 09:55:00+09:00,267500.0,268500.0,266500.0,267500.0,2002.0
2026-08-24 10:00:00+09:00,267000.0,268000.0,266500.0,267500.0,2379.0
2026-08-24 10:05:00+09:00,267500.0,269000.0,267000.0,268500.0,1944.0
2026-08-24 10:10:00+09:00,268500.0,269000.0,267000.0,267500.0,1635.0
2026-08-24 10:15:00+09:00,267500.0,268500.0,267000.0,267500.0,2303.0
2026-08-24 10:20:00+09:00,267500.0,268500.0,267000.0,267500.0,1292.0
2026-08-24 10:25:00+09:00,267500.0,269500.0,267000.0,269500.0,4251.0
2026-08-24 10:30:00+09:00,269500.0,271000.0,268500.0,271000.0,4447.0
2026-08-24 10:35:00+09:00,271000.0,271000.0,269500.0,270000.0,1386.0
2026-08-24 10:40:00+09:00,270000.0,271000.0,270000.0,270500.0,2189.0
2026-08-24 10:45:00+09:00,271000.0,271500.0,270500.0,271000.0,2865.0
2026-08-24 10:50:00+09:00,270500.0,272000.0,270000.0,270500.0,2070.0
2026-08-24 10:55:00+09:00,270500.0,270500.0,269000.0,269500.0,2042.0
2026-08-24 11:00:00+09:00,269000.0,270000.0,268500.0,269500.0,1623.0
2026-08-24 11:05:00+09:00,269500.0,270000.0,269000.0,270000.0,1370.0
2026-08-24 11:10:00+09:00,270000.0,270500.0,268000.0,270000.0,2257.0
2026-08-24 11:15:00+09:00,269500.0,270500.0,269500.0,269500.0,1389.0
2026-08-24 11:20:00+09:00,269500.0,270500.0,269500.0,270500.0,2415.0
2026-08-24 11:25:00+09:00,270500.0,271000.0,270000.0,270500.0,1458.0
2026-08-24 11:30:00+09:00,270500.0,271000.0,270000.0,271000.0,1022.0
2026-08-24 11:35:00+09:00,270500.0,271000.0,269500.0,270000.0,1276.0
2026-08-24 11:40:00+09:00,270500.0,271000.0,270000.0,270500.0,1348.0
2026-08-24 11:45:00+09:00,270500.0,270500.0,269000.0,269500.0,1627.0
2026-08-24 11:50:00+09:00,269500.0,269500.0,268000.0,269000.0,1351.0
2026-08-24 11:55:00+09:00,268500.0,270000.0,268500.0,269500.0,1386.0
2026-08-24 12:00:00+09:00,269500.0,270000.0,268500.0,269500.0,1034.0
2026-08-24 12:05:00+09:00,269500.0,270000.0,268500.0,269000.0,1260.0
2026-08-24 12:10:00+09:00,269000.0,270000.0,268500.0,269500.0,977.0
2026-08-24 12:15:00+09:00,269500.0,270500.0,269000.0,269500.0,4025.0
2026-08-24 12:20:00+09:00,270000.0,270000.0,269500.0,270000.0,907.0
2026-08-24 12:25:00+09:00,270000.0,270000.0,268500.0,269500.0,3299.0
2026-08-24 12:30:00+09:00,269500.0,270000.0,268500.0,269500.0,2449.0
2026-08-24 12:35:00+09:00,269500.0,270000.0,268500.0,269000.0,1145.0
2026-08-24 12:40:00+09:00,269500.0,270000.0,268000.0,269000.0,2061.0
2026-08-24 12:45:00+09:00,268500.0,268500.0,267000.0,267500.0,1177.0
2026-08-24 12:50:00+09:00,267500.0,268000.0,266500.0,267000.0,1071.0
2026-08-24 12:55:00+09:00,267500.0,268000.0,267000.0,268000.0,1607.0
2026-08-24 13:00:00+09:00,267500.0,268000.0,266500.0,267500.0,1154.0
2026-08-24 13:05:00+09:00,267500.0,267500.0,266500.0,267000.0,922.0
2026-08-24 13:10:00+09:00,267000.0,268000.0,266750.0,268000.0,912.0
2026-08-24 13:15:00+09:00,268000.0,268500.0,267000.0,267500.0,1563.0
2026-08-24 13:20:00+09:00,267500.0,269000.0,267500.0,268500.0,1818.0
2026-08-24 13:25:00+09:00,268500.0,269000.0,268000.0,268000.0,1367.0
2026-08-24 13:30:00+09:00,268500.0,269000.0,268000.0,268500.0,846.0
2026-08-24 13:35:00+09:00,268500.0,268500.0,268000.0,268500.0,953.0
2026-08-24 13:40:00+09:00,268500.0,268500.0,268000.0,268000.0,895.0
2026-08-24 13:45:00+09:00,268500.0,269500.0,268000.0,269500.0,1385.0
2026-08-24 13:50:00+09:00,268500.0,270500.0,268500.0,270000.0,2225.0
2026-08-24 13:55:00+09:00,270000.0,270500.0,269500.0,270000.0,1458.0
2026-08-24 14:00:00+09:00,270500.0,270500.0,268500.0,269000.0,3204.0
2026-08-24 14:05:00+09:00,268500.0,270000.0,268500.0,269000.0,1402.0
2026-08-24 14:10:00+09:00,269500.0,270500.0,269000.0,270000.0,3055.0
2026-08-24 14:15:00+09:00,270000.0,271000.0,269500.0,270000.0,2249.0
2026-08-24 14:20:00+09:00,270500.0,270500.0,269500.0,270000.0,1373.0
2026-08-24 14:25:00+09:00,270500.0,270500.0,269000.0,269000.0,1833.0
2026-08-24 14:30:00+09:00,269500.0,269500.0,268500.0,269000.0,1556.0
2026-08-24 14:35:00+09:00,269000.0,269500.0,269000.0,269500.0,1206.0
2026-08-24 14:40:00+09:00,269500.0,269500.0,268500.0,268500.0,1556.0
2026-08-24 14:45:00+09:00,268500.0,269500.0,268500.0,269000.0,2282.0
2026-08-24 14:50:00+09:00,269000.0,270500.0,269000.0,270500.0,4157.0
2026-08-24 14:55:00+09:00,270500.0,272000.0,270000.0,271500.0,6810.0
2026-08-25 09:00:00+09:00,272500.0,272500.0,264000.0,264000.0,7182.0
2026-08-25 09:05:00+09:00,264000.0,264000.0,261000.0,261500.0,5079.0
2026-08-25 09:10:00+09:00,261000.0,262500.0,260000.0,260500.0,3399.0
2026-08-25 09:15:00+09:00,261000.0,261000.0,259000.0,260000.0,2010.0
2026-08-25 09:20:00+09:00,260500.0,263000.0,260000.0,262000.0,1830.0
2026-08-25 09:25:00+09:00,262500.0,263000.0,261500.0,262500.0,1905.0
2026-08-25 09:30:00+09:00,263000.0,265000.0,263000.0,264500.0,1838.0
2026-08-25 09:35:00+09:00,264500.0,265000.0,263500.0,263500.0,1235.0
2026-08-25 09:40:00+09:00,263500.0,266000.0,263500.0,265000.0,3302.0
2026-08-25 09:45:00+09:00,265000.0,267000.0,264500.0,264750.0,2551.0
2026-08-25 09:50:00+09:00,264500.0,266000.0,264000.0,265500.0,2276.0
2026-08-25 09:55:00+09:00,265000.0,267000.0,264500.0,266500.0,888.0
2026-08-25 10:00:00+09:00,266500.0,267000.0,265500.0,267000.0,1906.0
2026-08-25 10:05:00+09:00,266500.0,267000.0,265000.0,265500.0,1516.0
2026-08-25 10:10:00+09:00,266000.0,266000.0,263500.0,264000.0,1386.0
2026-08-25 10:15:00+09:00,264000.0,264000.0,262500.0,262500.0,1114.0
2026-08-25 10:20:00+09:00,262500.0,263000.0,261000.0,262000.0,963.0
2026-08-25 10:25:00+09:00,261500.0,263000.0,261500.0,263000.0,564.0
2026-08-25 10:30:00+09:00,263000.0,264500.0,262500.0,263000.0,1053.0
2026-08-25 10:35:00+09:00,262500.0,263000.0,262000.0,262500.0,484.0
2026-08-25 10:40:00+09:00,262000.0,262500.0,261500.0,261500.0,485.0
2026-08-25 10:45:00+09:00,261500.0,263000.0,261500.0,261500.0,859.0
2026-08-25 10:50:00+09:00,262000.0,262500.0,261500.0,262500.0,591.0
2026-08-25 10:55:00+09:00,262000.0,262000.0,261000.0,261500.0,1160.0
2026-08-25 11:00:00+09:00,261500.0,262000.0,261000.0,261500.0,220.0
2026-08-25 11:05:00+09:00,261500.0,261500.0,261000.0,261500.0,257.0
2026-08-25 11:10:00+09:00,261500.0,261500.0,261000.0,261500.0,404.0
2026-08-25 11:15:00+09:00,261500.0,262000.0,261000.0,261500.0,924.0
2026-08-25 11:20:00+09:00,261750.0,262000.0,261000.0,262000.0,660.0
2026-08-25 11:25:00+09:00,262000.0,262500.0,261000.0,262000.0,4301.0
2026-08-25 11:30:00+09:00,262000.0,263000.0,262000.0,263000.0,463.0
2026-08-25 11:35:00+09:00,263000.0,263000.0,261000.0,261500.0,1144.0
2026-08-25 11:40:00+09:00,261500.0,262000.0,260500.0,260500.0,1418.0
2026-08-25 11:45:00+09:00,260500.0,261000.0,260000.0,260500.0,1110.0
2026-08-25 11:50:00+09:00,260000.0,260500.0,260000.0,260500.0,687.0
2026-08-25 11:55:00+09:00,260500.0,261000.0,260000.0,260000.0,409.0
2026-08-25 12:00:00+09:00,260500.0,261000.0,260000.0,260500.0,353.0
2026-08-25 12:05:00+09:00,260500.0,261500.0,260500.0,261000.0,499.0
2026-08-25 12:10:00+09:00,261500.0,261500.0,261000.0,261500.0,172.0
2026-08-25 12:15:00+09:00,261500.0,262500.0,261000.0,262500.0,722.0
2026-08-25 12:20:00+09:00,262500.0,263000.0,261500.0,261500.0,926.0
2026-08-25 12:25:00+09:00,261500.0,263500.0,261500.0,263500.0,926.0
2026-08-25 12:30:00+09:00,263000.0,263500.0,262500.0,263500.0,657.0
2026-08-25 12:35:00+09:00,263500.0,263500.0,262000.0,262000.0,827.0
2026-08-25 12:40:00+09:00,262500.0,262500.0,261500.0,262500.0,771.0
2026-08-25 12:45:00+09:00,262000.0,262500.0,262000.0,262500.0,242.0
2026-08-25 12:50:00+09:00,262500.0,262500.0,262000.0,262500.0,515.0
2026-08-25 12:55:00+09:00,262000.0,263000.0,262000.0,263000.0,421.0
2026-08-25 13:00:00+09:00,262500.0,263500.0,262000.0,263500.0,789.0
2026-08-25 13:05:00+09:00,263500.0,264000.0,263000.0,263500.0,948.0
2026-08-25 13:10:00+09:00,263500.0,264000.0,263000.0,264000.0,387.0
2026-08-25 13:15:00+09:00,264000.0,264000.0,263000.0,264000.0,893.0
2026-08-25 13:20:00+09:00,264000.0,264000.0,263500.0,263500.0,564.0
2026-08-25 13:25:00+09:00,264000.0,264500.0,263500.0,264000.0,577.0
2026-08-25 13:30:00+09:00,263500.0,264500.0,263000.0,264000.0,789.0
2026-08-25 13:35:00+09:00,264000.0,264500.0,263500.0,264500.0,532.0
2026-08-25 13:40:00+09:00,264000.0,265000.0,264000.0,264500.0,810.0
2026-08-25 13:45:00+09:00,264000.0,264500.0,263500.0,264000.0,1422.0
2026-08-25 13:50:00+09:00,263750.0,264000.0,263500.0,264000.0,248.0
2026-08-25 13:55:00+09:00,263500.0,264500.0,263500.0,264000.0,1327.0
2026-08-25 14:00:00+09:00,264000.0,264000.0,263500.0,264000.0,1459.0
2026-08-25 14:05:00+09:00,264000.0,264000.0,263500.0,263500.0,504.0
2026-08-25 14:10:00+09:00,264000.0,264500.0,263500.0,264000.0,579.0
2026-08-25 14:15:00+09:00,263500.0,264500.0,263500.0,263500.0,579.0
2026-08-25 14:20:00+09:00,263500.0,264000.0,263500.0,264000.0,327.0
2026-08-25 14:25:00+09:00,263500.0,264500.0,263500.0,263500.0,1028.0
2026-08-25 14:30:00+09:00,264000.0,264500.0,263000.0,264000.0,2422.0
2026-08-25 14:35:00+09:00,264500.0,264500.0,263500.0,264000.0,341.0
2026-08-25 14:40:00+09:00,263500.0,264000.0,263000.0,263000.0,936.0
2026-08-25 14:45:00+09:00,263000.0,264000.0,262500.0,262500.0,1420.0
2026-08-25 14:50:00+09:00,262500.0,263500.0,262000.0,262500.0,4050.0
2026-08-25 14:55:00+09:00,262500.0,263500.0,262000.0,262000.0,2035.0
2026-08-26 09:00:00+09:00,265500.0,265500.0,259000.0,259500.0,12684.0
2026-08-26 09:05:00+09:00,260000.0,261500.0,258500.0,260000.0,6493.0
2026-08-26 09:10:00+09:00,260000.0,260500.0,258000.0,258000.0,4404.0
2026-08-26 09:15:00+09:00,258500.0,260500.0,258000.0,260000.0,3069.0
2026-08-26 09:20:00+09:00,260000.0,262500.0,259500.0,262500.0,2683.0
2026-08-26 09:25:00+09:00,262500.0,263000.0,260500.0,261500.0,3241.0
2026-08-26 09:30:00+09:00,261500.0,262500.0,260500.0,261000.0,1709.0
2026-08-26 09:35:00+09:00,261000.0,261500.0,260000.0,260000.0,1414.0
2026-08-26 09:40:00+09:00,260500.0,260500.0,259000.0,259500.0,3129.0
2026-08-26 09:45:00+09:00,260000.0,261000.0,259750.0,260500.0,966.0
2026-08-26 09:50:00+09:00,261000.0,261000.0,259500.0,259500.0,2065.0
2026-08-26 09:55:00+09:00,259500.0,260500.0,259000.0,259500.0,1865.0
2026-08-26 10:00:00+09:00,259500.0,260500.0,259000.0,260000.0,1567.0
2026-08-26 10:05:00+09:00,259500.0,260000.0,259500.0,260000.0,237.0
2026-08-26 10:10:00+09:00,260000.0,260000.0,259500.0,259500.0,220.0
2026-08-26 10:15:00+09:00,259500.0,260000.0,259000.0,259500.0,1126.0
2026-08-26 10:20:00+09:00,259500.0,260000.0,258500.0,259000.0,1370.0
2026-08-26 10:25:00+09:00,258500.0,259000.0,258000.0,258500.0,1465.0
2026-08-26 10:30:00+09:00,258500.0,260000.0,258000.0,259500.0,2282.0
2026-08-26 10:35:00+09:00,259500.0,259500.0,259000.0,259000.0,276.0
2026-08-26 10:40:00+09:00,259500.0,260000.0,259000.0,259000.0,547.0
2026-08-26 10:45:00+09:00,259500.0,259500.0,259000.0,259500.0,813.0
2026-08-26 10:50:00+09:00,259500.0,260500.0,259000.0,260000.0,699.0
2026-08-26 10:55:00+09:00,260000.0,260750.0,260000.0,260500.0,614.0
2026-08-26 11:00:00+09:00,261000.0,261000.0,260000.0,260000.0,120.0
2026-08-26 11:05:00+09:00,260500.0,260500.0,260000.0,260500.0,129.0
2026-08-26 11:10:00+09:00,260500.0,261000.0,260000.0,261000.0,416.0
2026-08-26 11:15:00+09:00,260500.0,262500.0,260500.0,262000.0,1235.0
2026-08-26 11:20:00+09:00,261500.0,262000.0,261500.0,261500.0,305.0
2026-08-26 11:25:00+09:00,261500.0,262500.0,261500.0,262000.0,711.0
2026-08-26 11:30:00+09:00,262250.0,262250.0,261500.0,261500.0,337.0
2026-08-26 11:35:00+09:00,261500.0,262000.0,261000.0,261000.0,1756.0
2026-08-26 11:40:00+09:00,261000.0,262000.0,261000.0,261500.0,722.0
2026-08-26 11:45:00+09:00,261500.0,262500.0,261500.0,262000.0,777.0
2026-08-26 11:50:00+09:00,261500.0,262000.0,260000.0,261000.0,3193.0
2026-08-26 11:55:00+09:00,260500.0,261000.0,260000.0,260000.0,310.0
2026-08-26 12:00:00+09:00,260000.0,261500.0,260000.0,261500.0,1184.0
2026-08-26 12:05:00+09:00,260500.0,261500.0,260500.0,261000.0,299.0
2026-08-26 12:10:00+09:00,261000.0,262000.0,261000.0,262000.0,496.0
2026-08-26 12:15:00+09:00,261750.0,262000.0,261500.0,261500.0,731.0
2026-08-26 12:20:00+09:00,261750.0,261750.0,261500.0,261500.0,502.0
2026-08-26 12:25:00+09:00,261500.0,262000.0,261500.0,262000.0,589.0
2026-08-26 12:30:00+09:00,261750.0,262000.0,261500.0,261500.0,450.0
2026-08-26 12:35:00+09:00,261500.0,263250.0,261500.0,262500.0,2845.0
2026-08-26 12:40:00+09:00,263000.0,263000.0,262000.0,262000.0,866.0
2026-08-26 12:45:00+09:00,262500.0,263000.0,262000.0,263000.0,867.0
2026-08-26 12:50:00+09:00,262750.0,263250.0,262500.0,262500.0,370.0
2026-08-26 12:55:00+09:00,262500.0,263000.0,262500.0,262500.0,346.0
2026-08-26 13:00:00+09:00,262500.0,263250.0,262500.0,263250.0,801.0
2026-08-26 13:05:00+09:00,263000.0,263250.0,263000.0,263000.0,297.0
2026-08-26 13:10:00+09:00,263000.0,263250.0,262500.0,262500.0,604.0
2026-08-26 13:15:00+09:00,262500.0,263000.0,262500.0,262500.0,223.0
2026-08-26 13:20:00+09:00,262500.0,263000.0,262500.0,262500.0,480.0
2026-08-26 13:25:00+09:00,262500.0,263000.0,262500.0,263000.0,1430.0
2026-08-26 13:30:00+09:00,263000.0,263500.0,263000.0,263000.0,999.0
2026-08-26 13:35:00+09:00,263000.0,263500.0,262500.0,262750.0,1036.0
2026-08-26 13:40:00+09:00,262750.0,264000.0,262750.0,263500.0,1034.0
2026-08-26 13:45:00+09:00,263500.0,263750.0,263000.0,263000.0,368.0
2026-08-26 13:50:00+09:00,263000.0,264500.0,263000.0,264000.0,1482.0
2026-08-26 13:55:00+09:00,264000.0,265000.0,263500.0,264000.0,1220.0
2026-08-26 14:00:00+09:00,264500.0,265000.0,264000.0,264500.0,1077.0
2026-08-26 14:05:00+09:00,264250.0,264500.0,263500.0,263500.0,1718.0
2026-08-26 14:10:00+09:00,263500.0,264000.0,262500.0,262500.0,1945.0
2026-08-26 14:15:00+09:00,262500.0,263500.0,262500.0,263000.0,1759.0
2026-08-26 14:20:00+09:00,263000.0,263500.0,262500.0,262500.0,550.0
2026-08-26 14:25:00+09:00,262750.0,263000.0,262000.0,262500.0,1148.0
2026-08-26 14:30:00+09:00,263000.0,263000.0,262250.0,262500.0,1427.0
2026-08-26 14:35:00+09:00,262500.0,263500.0,262000.0,263000.0,1295.0
2026-08-26 14:40:00+09:00,263000.0,263500.0,262500.0,262500.0,835.0
2026-08-26 14:45:00+09:00,262750.0,263000.0,262500.0,262500.0,395.0
2026-08-26 14:50:00+09:00,262500.0,263000.0,262000.0,262000.0,1114.0
2026-08-26 14:55:00+09:00,262000.0,263500.0,262000.0,262500.0,1763.0
2026-08-27 09:00:00+09:00,268000.0,269000.0,265000.0,267500.0,5461.0
2026-08-27 09:05:00+09:00,267000.0,272500.0,267000.0,272000.0,9356.0
2026-08-27 09:10:00+09:00,272000.0,273500.0,270500.0,273000.0,8141.0
2026-08-27 09:15:00+09:00,273000.0,273500.0,271000.0,273000.0,5959.0
2026-08-27 09:20:00+09:00,273250.0,274000.0,271500.0,272500.0,2991.0
2026-08-27 09:25:00+09:00,272250.0,273500.0,271000.0,272500.0,4535.0
2026-08-27 09:30:00+09:00,272500.0,274000.0,272000.0,273000.0,3908.0
2026-08-27 09:35:00+09:00,272750.0,274000.0,272750.0,273500.0,4053.0
2026-08-27 09:40:00+09:00,273750.0,275000.0,273500.0,274000.0,2504.0
2026-08-27 09:45:00+09:00,274250.0,274500.0,273000.0,273500.0,1625.0
2026-08-27 09:50:00+09:00,273750.0,274000.0,271000.0,271500.0,2359.0
2026-08-27 09:55:00+09:00,271500.0,273500.0,271500.0,272500.0,3387.0
2026-08-27 10:00:00+09:00,272500.0,273500.0,271000.0,273000.0,3134.0
2026-08-27 10:05:00+09:00,273000.0,274500.0,272500.0,272500.0,2091.0
2026-08-27 10:10:00+09:00,272750.0,274000.0,271750.0,273500.0,1505.0
2026-08-27 10:15:00+09:00,273000.0,274000.0,272500.0,273000.0,1697.0
2026-08-27 10:20:00+09:00,273000.0,274000.0,272500.0,274000.0,1402.0
2026-08-27 10:25:00+09:00,274000.0,274000.0,273000.0,273500.0,1813.0
2026-08-27 10:30:00+09:00,273500.0,274500.0,273000.0,274000.0,1406.0
2026-08-27 10:35:00+09:00,273500.0,274500.0,273500.0,274500.0,874.0
2026-08-27 10:40:00+09:00,274250.0,274500.0,273500.0,273500.0,1489.0
2026-08-27 10:45:00+09:00,273750.0,274500.0,273500.0,274000.0,2001.0
2026-08-27 10:50:00+09:00,274000.0,276000.0,274000.0,275500.0,3287.0
2026-08-27 10:55:00+09:00,275750.0,276500.0,274250.0,274500.0,2324.0
2026-08-27 11:00:00+09:00,274500.0,275000.0,273500.0,274500.0,1143.0
2026-08-27 11:05:00+09:00,275000.0,275000.0,273000.0,273250.0,1180.0
2026-08-27 11:10:00+09:00,273500.0,274500.0,273000.0,274000.0,895.0
2026-08-27 11:15:00+09:00,274250.0,274500.0,274000.0,274500.0,494.0
2026-08-27 11:20:00+09:00,274250.0,275000.0,274000.0,275000.0,1773.0
2026-08-27 11:25:00+09:00,274500.0,275500.0,274000.0,274500.0,1819.0
2026-08-27 11:30:00+09:00,274500.0,275500.0,274250.0,275000.0,1093.0
2026-08-27 11:35:00+09:00,275250.0,275500.0,274500.0,274500.0,447.0
2026-08-27 11:40:00+09:00,274750.0,275000.0,273750.0,274250.0,1633.0
2026-08-27 11:45:00+09:00,274000.0,275000.0,274000.0,274250.0,618.0
2026-08-27 11:50:00+09:00,274000.0,275500.0,274000.0,274500.0,1765.0
2026-08-27 11:55:00+09:00,274000.0,275000.0,274000.0,274500.0,611.0
2026-08-27 12:00:00+09:00,274000.0,274500.0,274000.0,274500.0,389.0
2026-08-27 12:05:00+09:00,274000.0,274500.0,274000.0,274500.0,459.0
2026-08-27 12:10:00+09:00,274250.0,274500.0,274000.0,274000.0,810.0
2026-08-27 12:15:00+09:00,274250.0,274500.0,273750.0,273750.0,423.0
2026-08-27 12:20:00+09:00,273750.0,274000.0,273500.0,274000.0,476.0
2026-08-27 12:25:00+09:00,273750.0,274000.0,273500.0,274000.0,595.0
2026-08-27 12:30:00+09:00,273500.0,274500.0,273500.0,273500.0,742.0
2026-08-27 12:35:00+09:00,274000.0,274500.0,273500.0,274000.0,611.0
2026-08-27 12:40:00+09:00,274000.0,274500.0,273000.0,273500.0,456.0
2026-08-27 12:45:00+09:00,273500.0,274000.0,273000.0,274000.0,539.0
2026-08-27 12:50:00+09:00,274000.0,274000.0,273000.0,273500.0,778.0
2026-08-27 12:55:00+09:00,273500.0,274000.0,273500.0,274000.0,649.0
2026-08-27 13:00:00+09:00,273750.0,274500.0,273000.0,274000.0,672.0
2026-08-27 13:05:00+09:00,273500.0,274000.0,273000.0,273500.0,900.0
2026-08-27 13:10:00+09:00,273500.0,274000.0,273000.0,273500.0,1253.0
2026-08-27 13:15:00+09:00,273500.0,273500.0,273000.0,273500.0,443.0
2026-08-27 13:20:00+09:00,273500.0,273500.0,272500.0,272500.0,543.0
2026-08-27 13:25:00+09:00,273000.0,273500.0,272500.0,273500.0,858.0
2026-08-27 13:30:00+09:00,273500.0,274000.0,273000.0,274000.0,919.0
2026-08-27 13:35:00+09:00,274000.0,274000.0,273500.0,273500.0,577.0
2026-08-27 13:40:00+09:00,273500.0,273500.0,272500.0,273000.0,1067.0
2026-08-27 13:45:00+09:00,273000.0,273500.0,272500.0,273000.0,894.0
2026-08-27 13:50:00+09:00,273000.0,273500.0,272500.0,273000.0,1388.0
2026-08-27 13:55:00+09:00,273500.0,273500.0,272500.0,272500.0,781.0
2026-08-27 14:00:00+09:00,273000.0,273500.0,272000.0,272500.0,2112.0
2026-08-27 14:05:00+09:00,272500.0,273500.0,272500.0,272500.0,1476.0
2026-08-27 14:10:00+09:00,272500.0,274000.0,272000.0,274000.0,3264.0
2026-08-27 14:15:00+09:00,273500.0,274000.0,272000.0,273000.0,1934.0
2026-08-27 14:20:00+09:00,272500.0,273500.0,272500.0,273500.0,2795.0
2026-08-27 14:25:00+09:00,273500.0,274000.0,273000.0,273000.0,1972.0
2026-08-27 14:30:00+09:00,273500.0,274500.0,272500.0,274500.0,2787.0
2026-08-27 14:35:00+09:00,274500.0,275500.0,274000.0,275500.0,6247.0
2026-08-27 14:40:00+09:00,275500.0,276000.0,274500.0,275000.0,3097.0
2026-08-27 14:45:00+09:00,275000.0,276000.0,275000.0,275500.0,2789.0
2026-08-27 14:50:00+09:00,275500.0,276000.0,274500.0,275000.0,3665.0
2026-08-27 14:55:00+09:00,275000.0,275500.0,274000.0,275000.0,3265.0
2026-08-28 09:00:00+09:00,272500.0,274000.0,271000.0,273000.0,4175.0
2026-08-28 09:05:00+09:00,273500.0,274000.0,272000.0,273500.0,2277.0
2026-08-28 09:10:00+09:00,273500.0,276000.0,272500.0,276000.0,3008.0
2026-08-28 09:15:00+09:00,276000.0,276000.0,273500.0,274500.0,2761.0
2026-08-28 09:20:00+09:00,274000.0,275500.0,274000.0,274500.0,912.0
2026-08-28 09:25:00+09:00,275000.0,275000.0,273000.0,274500.0,1283.0
2026-08-28 09:30:00+09:00,274000.0,274500.0,272500.0,273000.0,831.0
2026-08-28 09:35:00+09:00,273500.0,273500.0,271500.0,272000.0,1220.0
2026-08-28 09:40:00+09:00,272000.0,273000.0,271000.0,272000.0,2019.0
2026-08-28 09:45:00+09:00,272000.0,273000.0,272000.0,272750.0,1112.0
2026-08-28 09:50:00+09:00,272500.0,273000.0,271500.0,272000.0,936.0
2026-08-28 09:55:00+09:00,272000.0,272000.0,271500.0,272000.0,244.0
2026-08-28 10:00:00+09:00,272000.0,272750.0,271500.0,272500.0,2038.0
2026-08-28 10:05:00+09:00,272500.0,273000.0,272000.0,272500.0,590.0
2026-08-28 10:10:00+09:00,272500.0,273000.0,272500.0,272500.0,562.0
2026-08-28 10:15:00+09:00,273000.0,273500.0,272000.0,272500.0,1389.0
2026-08-28 10:20:00+09:00,273000.0,273000.0,272000.0,272500.0,1232.0
2026-08-28 10:25:00+09:00,272500.0,273000.0,272000.0,272500.0,1948.0
2026-08-28 10:30:00+09:00,272500.0,272500.0,271000.0,272500.0,2256.0
2026-08-28 10:35:00+09:00,272500.0,273500.0,271500.0,272500.0,1402.0
2026-08-28 10:40:00+09:00,272500.0,272500.0,271500.0,272500.0,295.0
2026-08-28 10:45:00+09:00,272500.0,273500.0,272000.0,273000.0,1150.0
2026-08-28 10:50:00+09:00,273000.0,274000.0,273000.0,274000.0,394.0
2026-08-28 10:55:00+09:00,274000.0,274000.0,273500.0,274000.0,398.0
2026-08-28 11:00:00+09:00,274000.0,275000.0,274000.0,274500.0,1221.0
2026-08-28 11:05:00+09:00,274000.0,274500.0,273500.0,274000.0,593.0
2026-08-28 11:10:00+09:00,274000.0,274000.0,273500.0,274000.0,182.0
2026-08-28 11:15:00+09:00,273500.0,275000.0,273500.0,275000.0,1425.0
2026-08-28 11:20:00+09:00,275000.0,275000.0,274000.0,274000.0,690.0
2026-08-28 11:25:00+09:00,274500.0,274500.0,273500.0,274500.0,399.0
2026-08-28 11:30:00+09:00,274500.0,274500.0,274000.0,274500.0,265.0
2026-08-28 11:35:00+09:00,274000.0,275000.0,274000.0,274500.0,579.0
2026-08-28 11:40:00+09:00,275000.0,275500.0,274500.0,275000.0,515.0
2026-08-28 11:45:00+09:00,274500.0,275000.0,274500.0,275000.0,200.0
2026-08-28 11:50:00+09:00,275000.0,275500.0,274500.0,275500.0,458.0
2026-08-28 11:55:00+09:00,275000.0,277000.0,275000.0,276500.0,1377.0
2026-08-28 12:00:00+09:00,276500.0,276500.0,276000.0,276000.0,130.0
2026-08-28 12:05:00+09:00,276250.0,276500.0,276000.0,276000.0,441.0
2026-08-28 12:10:00+09:00,276000.0,276500.0,276000.0,276000.0,435.0
2026-08-28 12:15:00+09:00,276500.0,277000.0,276000.0,276500.0,1567.0
2026-08-28 12:20:00+09:00,276500.0,276500.0,276000.0,276500.0,156.0
2026-08-28 12:25:00+09:00,276500.0,277000.0,276000.0,276500.0,572.0
2026-08-28 12:30:00+09:00,277000.0,277000.0,276500.0,277000.0,195.0
2026-08-28 12:35:00+09:00,276500.0,277500.0,276500.0,276500.0,1225.0
2026-08-28 12:40:00+09:00,276500.0,277000.0,276000.0,276500.0,936.0
2026-08-28 12:45:00+09:00,276500.0,276500.0,276000.0,276500.0,634.0
2026-08-28 12:50:00+09:00,276500.0,278000.0,276000.0,278000.0,3134.0
2026-08-28 12:55:00+09:00,278000.0,278000.0,277000.0,278000.0,1536.0
2026-08-28 13:00:00+09:00,277500.0,277500.0,276500.0,277000.0,666.0
2026-08-28 13:05:00+09:00,277000.0,277500.0,276000.0,277500.0,2435.0
2026-08-28 13:10:00+09:00,277500.0,278500.0,277500.0,278500.0,1580.0
2026-08-28 13:15:00+09:00,278500.0,278500.0,277500.0,278000.0,651.0
2026-08-28 13:20:00+09:00,278000.0,279000.0,278000.0,279000.0,911.0
2026-08-28 13:25:00+09:00,279000.0,279500.0,278500.0,279500.0,1513.0
2026-08-28 13:30:00+09:00,279500.0,279500.0,279000.0,279000.0,992.0
2026-08-28 13:35:00+09:00,279000.0,280000.0,279000.0,280000.0,1859.0
2026-08-28 13:40:00+09:00,280000.0,280500.0,279500.0,280500.0,4402.0
2026-08-28 13:45:00+09:00,280000.0,281500.0,280000.0,281500.0,4932.0
2026-08-28 13:50:00+09:00,281000.0,281500.0,280500.0,281000.0,2429.0
2026-08-28 13:55:00+09:00,281000.0,281000.0,280000.0,280000.0,1659.0
2026-08-28 14:00:00+09:00,280000.0,280500.0,279000.0,279500.0,1980.0
2026-08-28 14:05:00+09:00,279500.0,280000.0,279000.0,279500.0,1117.0
2026-08-28 14:10:00+09:00,279000.0,279500.0,278500.0,279000.0,2214.0
2026-08-28 14:15:00+09:00,278500.0,279500.0,278500.0,279500.0,1395.0
2026-08-28 14:20:00+09:00,279000.0,280000.0,279000.0,279500.0,1681.0
2026-08-28 14:25:00+09:00,280000.0,280000.0,278500.0,279000.0,2466.0
2026-08-28 14:30:00+09:00,278500.0,279000.0,277500.0,278500.0,2950.0
2026-08-28 14:35:00+09:00,279000.0,279000.0,278000.0,278500.0,996.0
2026-08-28 14:40:00+09:00,278500.0,278500.0,276000.0,277000.0,3194.0
2026-08-28 14:45:00+09:00,277000.0,277000.0,275500.0,276000.0,1411.0
2026-08-28 14:50:00+09:00,276500.0,276500.0,275500.0,276500.0,1374.0
2026-08-28 14:55:00+09:00,276500.0,276500.0,275000.0,275500.0,2398.0
2026-08-31 09:00:00+09:00,274000.0,274500.0,270000.0,271000.0,0.0
2026-08-31 09:05:00+09:00,271000.0,274000.0,270000.0,274000.0,4995.0
2026-08-31 09:10:00+09:00,273500.0,277000.0,273500.0,277000.0,3768.0
2026-08-31 09:15:00+09:00,276500.0,279000.0,276500.0,278500.0,3347.0
2026-08-31 09:20:00+09:00,278500.0,281500.0,278000.0,278000.0,3522.0
2026-08-31 09:25:00+09:00,278000.0,279000.0,276000.0,276000.0,2068.0
2026-08-31 09:30:00+09:00,276500.0,278500.0,275500.0,278000.0,1479.0
2026-08-31 09:35:00+09:00,278000.0,278500.0,276500.0,277000.0,2773.0
2026-08-31 09:40:00+09:00,277000.0,277500.0,276000.0,276500.0,2166.0
2026-08-31 09:45:00+09:00,276000.0,276500.0,275500.0,275500.0,852.0
2026-08-31 09:50:00+09:00,276000.0,277500.0,275500.0,277000.0,2193.0
2026-08-31 09:55:00+09:00,277500.0,278500.0,276000.0,276500.0,2746.0
2026-08-31 10:00:00+09:00,276500.0,276500.0,274500.0,276000.0,2738.0
2026-08-31 10:05:00+09:00,275500.0,277000.0,275000.0,276000.0,1497.0
2026-08-31 10:10:00+09:00,276500.0,277500.0,275500.0,277500.0,2202.0
2026-08-31 10:15:00+09:00,277000.0,277500.0,276000.0,277500.0,1765.0
2026-08-31 10:20:00+09:00,277000.0,277500.0,276500.0,277000.0,817.0
2026-08-31 10:25:00+09:00,277000.0,277500.0,275500.0,277500.0,1277.0
2026-08-31 10:30:00+09:00,277500.0,278500.0,276000.0,276500.0,4156.0
2026-08-31 10:35:00+09:00,276500.0,277000.0,275500.0,276500.0,1352.0
2026-08-31 10:40:00+09:00,276000.0,276500.0,276000.0,276250.0,411.0
2026-08-31 10:45:00+09:00,276250.0,276250.0,275000.0,275500.0,1215.0
2026-08-31 10:50:00+09:00,276000.0,276500.0,275500.0,276500.0,528.0
2026-08-31 10:55:00+09:00,276000.0,276500.0,275000.0,275500.0,816.0
2026-08-31 11:00:00+09:00,276000.0,276500.0,275000.0,276500.0,910.0
2026-08-31 11:05:00+09:00,276500.0,277000.0,276500.0,277000.0,495.0
2026-08-31 11:10:00+09:00,277000.0,278500.0,276500.0,278500.0,5344.0
2026-08-31 11:15:00+09:00,278500.0,280000.0,278000.0,278500.0,1500.0
2026-08-31 11:20:00+09:00,278500.0,279000.0,277500.0,278000.0,518.0
2026-08-31 11:25:00+09:00,278500.0,278500.0,277000.0,277000.0,1079.0
2026-08-31 11:30:00+09:00,277500.0,278000.0,276500.0,276500.0,725.0
2026-08-31 11:35:00+09:00,277000.0,278500.0,276500.0,278000.0,780.0
2026-08-31 11:40:00+09:00,278000.0,278500.0,277000.0,278500.0,486.0
2026-08-31 11:45:00+09:00,278500.0,278500.0,277500.0,278000.0,723.0
2026-08-31 11:50:00+09:00,278000.0,278500.0,277500.0,278500.0,509.0
2026-08-31 11:55:00+09:00,278500.0,279000.0,277500.0,279000.0,771.0
2026-08-31 12:00:00+09:00,279000.0,279000.0,278000.0,278500.0,885.0
2026-08-31 12:05:00+09:00,278000.0,279500.0,278000.0,279500.0,1223.0
2026-08-31 12:10:00+09:00,279000.0,280000.0,278500.0,279000.0,1822.0
2026-08-31 12:15:00+09:00,279000.0,279500.0,278500.0,279000.0,511.0
2026-08-31 12:20:00+09:00,279500.0,280000.0,278500.0,279000.0,641.0
2026-08-31 12:25:00+09:00,279500.0,279500.0,278500.0,279000.0,2077.0
2026-08-31 12:30:00+09:00,279000.0,279500.0,278000.0,278500.0,2127.0
2026-08-31 12:35:00+09:00,278500.0,279000.0,278000.0,278500.0,429.0
2026-08-31 12:40:00+09:00,278500.0,278500.0,278000.0,278000.0,361.0
2026-08-31 12:45:00+09:00,278000.0,278500.0,277500.0,278000.0,867.0
2026-08-31 12:50:00+09:00,278000.0,278500.0,277500.0,277500.0,604.0
2026-08-31 12:55:00+09:00,278000.0,278000.0,277500.0,278000.0,799.0
2026-08-31 13:00:00+09:00,277500.0,278500.0,277500.0,278500.0,665.0
2026-08-31 13:05:00+09:00,278500.0,278500.0,277500.0,278000.0,568.0
2026-08-31 13:10:00+09:00,277500.0,278000.0,277000.0,278000.0,830.0
2026-08-31 13:15:00+09:00,278000.0,278000.0,277000.0,278000.0,715.0
2026-08-31 13:20:00+09:00,278000.0,278500.0,277500.0,277500.0,833.0
2026-08-31 13:25:00+09:00,278000.0,279000.0,278000.0,278500.0,794.0
2026-08-31 13:30:00+09:00,278500.0,279000.0,278000.0,279000.0,1602.0
2026-08-31 13:35:00+09:00,278500.0,280000.0,278500.0,280000.0,2085.0
2026-08-31 13:40:00+09:00,280000.0,280250.0,279000.0,280000.0,1908.0
2026-08-31 13:45:00+09:00,280000.0,281500.0,279500.0,281000.0,3698.0
2026-08-31 13:50:00+09:00,281250.0,282500.0,281000.0,282250.0,2485.0
2026-08-31 13:55:00+09:00,282000.0,283000.0,281500.0,282500.0,2930.0
2026-08-31 14:00:00+09:00,282500.0,282500.0,281000.0,281500.0,1783.0
2026-08-31 14:05:00+09:00,281500.0,282000.0,280000.0,281000.0,2036.0
2026-08-31 14:10:00+09:00,280500.0,281000.0,279500.0,280000.0,2019.0
2026-08-31 14:15:00+09:00,280000.0,280500.0,279000.0,280000.0,1319.0
2026-08-31 14:20:00+09:00,280500.0,281000.0,279500.0,281000.0,1986.0
2026-08-31 14:25:00+09:00,281000.0,281500.0,280500.0,281000.0,1744.0
2026-08-31 14:30:00+09:00,280500.0,281000.0,280000.0,280000.0,2063.0
2026-08-31 14:35:00+09:00,280500.0,281500.0,280000.0,281000.0,1938.0
2026-08-31 14:40:00+09:00,280500.0,281000.0,280000.0,281000.0,1341.0
2026-08-31 14:45:00+09:00,280500.0,282000.0,280500.0,281500.0,1840.0
2026-08-31 14:50:00+09:00,281750.0,282500.0,281500.0,282000.0,2552.0
2026-08-31 14:55:00+09:00,282000.0,282500.0,280500.0,281500.0,2372.0
2026-09-01 09:00:00+09:00,281500.0,283500.0,280000.0,281500.0,9464.0
2026-09-01 09:05:00+09:00,281500.0,285500.0,281500.0,285000.0,4150.0
2026-09-01 09:10:00+09:00,285500.0,288000.0,282000.0,287500.0,10207.0
2026-09-01 09:15:00+09:00,287500.0,293500.0,287000.0,293000.0,15536.0
2026-09-01 09:20:00+09:00,293000.0,297000.0,292500.0,296500.0,12885.0
2026-09-01 09:25:00+09:00,296000.0,296500.0,291000.0,291500.0,10714.0
2026-09-01 09:30:00+09:00,291500.0,292500.0,290500.0,291500.0,2827.0
2026-09-01 09:35:00+09:00,291500.0,293000.0,291500.0,291500.0,2558.0
2026-09-01 09:40:00+09:00,292000.0,292500.0,291000.0,291500.0,2284.0
2026-09-01 09:45:00+09:00,291500.0,294500.0,291000.0,293500.0,3918.0
2026-09-01 09:50:00+09:00,293500.0,294000.0,292500.0,294000.0,4104.0
2026-09-01 09:55:00+09:00,293500.0,295500.0,293500.0,295000.0,3638.0
2026-09-01 10:00:00+09:00,295000.0,298000.0,293500.0,297500.0,7619.0
2026-09-01 10:05:00+09:00,297500.0,300000.0,296500.0,297000.0,10025.0
2026-09-01 10:10:00+09:00,297500.0,299500.0,295500.0,296500.0,6042.0
2026-09-01 10:15:00+09:00,297500.0,297500.0,295500.0,296500.0,3413.0
2026-09-01 10:20:00+09:00,297000.0,297000.0,292500.0,292500.0,3611.0
2026-09-01 10:25:00+09:00,293000.0,293500.0,291500.0,293000.0,4481.0
2026-09-01 10:30:00+09:00,293000.0,293500.0,292500.0,293500.0,1160.0
2026-09-01 10:35:00+09:00,294000.0,294000.0,291000.0,292500.0,3445.0
2026-09-01 10:40:00+09:00,292500.0,293500.0,291500.0,293000.0,2109.0
2026-09-01 10:45:00+09:00,293000.0,294500.0,292000.0,293000.0,2124.0
2026-09-01 10:50:00+09:00,293000.0,293000.0,292000.0,292500.0,1294.0
2026-09-01 10:55:00+09:00,292000.0,294000.0,291500.0,293500.0,2165.0
2026-09-01 11:00:00+09:00,293500.0,294000.0,292000.0,292250.0,2249.0
2026-09-01 11:05:00+09:00,292000.0,293000.0,291000.0,291000.0,2089.0
2026-09-01 11:10:00+09:00,291500.0,292000.0,291000.0,291500.0,1308.0
2026-09-01 11:15:00+09:00,291500.0,292000.0,291000.0,291500.0,976.0
2026-09-01 11:20:00+09:00,292000.0,292250.0,290500.0,291000.0,2296.0
2026-09-01 11:25:00+09:00,290500.0,290500.0,287500.0,288000.0,4249.0
2026-09-01 11:30:00+09:00,288000.0,289500.0,287500.0,288500.0,1998.0
2026-09-01 11:35:00+09:00,288500.0,288500.0,287000.0,287500.0,1540.0
2026-09-01 11:40:00+09:00,287000.0,288000.0,286500.0,288000.0,1996.0
2026-09-01 11:45:00+09:00,288000.0,289000.0,287500.0,288500.0,1023.0
2026-09-01 11:50:00+09:00,289000.0,289000.0,288500.0,289000.0,850.0
2026-09-01 11:55:00+09:00,289000.0,290000.0,288500.0,290000.0,850.0
2026-09-01 12:00:00+09:00,290000.0,290000.0,288500.0,288500.0,1365.0
2026-09-01 12:05:00+09:00,289000.0,289500.0,288500.0,289000.0,595.0
2026-09-01 12:10:00+09:00,288500.0,289500.0,288500.0,289000.0,926.0
2026-09-01 12:15:00+09:00,288500.0,289000.0,287500.0,288000.0,1406.0
2026-09-01 12:20:00+09:00,288500.0,288500.0,287000.0,288000.0,1125.0
2026-09-01 12:25:00+09:00,287500.0,288000.0,287000.0,288000.0,742.0
2026-09-01 12:30:00+09:00,288000.0,288500.0,287500.0,288500.0,651.0
2026-09-01 12:35:00+09:00,288500.0,288500.0,287500.0,288500.0,2671.0
2026-09-01 12:40:00+09:00,288500.0,288500.0,287500.0,288500.0,1004.0
2026-09-01 12:45:00+09:00,288500.0,289000.0,288000.0,289000.0,756.0
2026-09-01 12:50:00+09:00,289000.0,289500.0,288000.0,289000.0,966.0
2026-09-01 12:55:00+09:00,288500.0,289500.0,288000.0,288500.0,1123.0
2026-09-01 13:00:00+09:00,288500.0,288500.0,287500.0,288500.0,1276.0
2026-09-01 13:05:00+09:00,288500.0,289000.0,287500.0,288000.0,724.0
2026-09-01 13:10:00+09:00,288000.0,288500.0,287500.0,288000.0,1364.0
2026-09-01 13:15:00+09:00,288000.0,289000.0,287500.0,288000.0,895.0
2026-09-01 13:20:00+09:00,288000.0,289500.0,288000.0,289500.0,966.0
2026-09-01 13:25:00+09:00,289500.0,289500.0,288000.0,288500.0,997.0
2026-09-01 13:30:00+09:00,288000.0,289500.0,288000.0,288500.0,934.0
2026-09-01 13:35:00+09:00,288500.0,289500.0,288000.0,288500.0,797.0
2026-09-01 13:40:00+09:00,288500.0,289000.0,287500.0,288000.0,1819.0
2026-09-01 13:45:00+09:00,288000.0,289000.0,287500.0,288000.0,1467.0
2026-09-01 13:50:00+09:00,288000.0,288500.0,287000.0,287500.0,1473.0
2026-09-01 13:55:00+09:00,287500.0,287500.0,286500.0,287000.0,2185.0
2026-09-01 14:00:00+09:00,287000.0,287000.0,285500.0,286000.0,1914.0
2026-09-01 14:05:00+09:00,286000.0,286500.0,285000.0,285500.0,2827.0
2026-09-01 14:10:00+09:00,285500.0,285500.0,283500.0,284000.0,2694.0
2026-09-01 14:15:00+09:00,284500.0,285000.0,284000.0,285000.0,648.0
2026-09-01 14:20:00+09:00,285000.0,285000.0,284000.0,284000.0,883.0
2026-09-01 14:25:00+09:00,284500.0,285500.0,284000.0,284500.0,964.0
2026-09-01 14:30:00+09:00,285000.0,286000.0,284500.0,285000.0,1174.0
2026-09-01 14:35:00+09:00,285000.0,286000.0,285000.0,286000.0,656.0
2026-09-01 14:40:00+09:00,286000.0,286500.0,285500.0,286500.0,992.0
2026-09-01 14:45:00+09:00,287000.0,287000.0,285500.0,286500.0,2329.0
2026-09-01 14:50:00+09:00,286000.0,286500.0,284500.0,285500.0,2649.0
2026-09-01 14:55:00+09:00,285000.0,286000.0,284500.0,285000.0,2612.0
2026-09-02 09:00:00+09:00,278000.0,290500.0,276500.0,290000.0,32247.0
2026-09-02 09:05:00+09:00,289500.0,291000.0,281000.0,282500.0,8552.0
2026-09-02 09:10:00+09:00,282500.0,282500.0,277500.0,278000.0,9922.0
2026-09-02 09:15:00+09:00,278000.0,281500.0,278000.0,279000.0,4565.0
2026-09-02 09:20:00+09:00,279500.0,282000.0,278500.0,280000.0,2208.0
2026-09-02 09:25:00+09:00,279500.0,280500.0,278500.0,278500.0,2230.0
2026-09-02 09:30:00+09:00,278000.0,278500.0,276000.0,276000.0,3436.0
2026-09-02 09:35:00+09:00,276000.0,277500.0,275500.0,277000.0,2526.0
2026-09-02 09:40:00+09:00,277000.0,277000.0,275500.0,276000.0,2271.0
2026-09-02 09:45:00+09:00,276000.0,276500.0,275500.0,276000.0,1235.0
2026-09-02 09:50:00+09:00,276000.0,277500.0,274500.0,276500.0,4615.0
2026-09-02 09:55:00+09:00,276500.0,276500.0,275000.0,276500.0,989.0
2026-09-02 10:00:00+09:00,276500.0,277000.0,275500.0,276000.0,1871.0
2026-09-02 10:05:00+09:00,276000.0,278000.0,276000.0,278000.0,2056.0
2026-09-02 10:10:00+09:00,278000.0,279000.0,277000.0,277500.0,3038.0
2026-09-02 10:15:00+09:00,277500.0,279500.0,276500.0,277000.0,2194.0
2026-09-02 10:20:00+09:00,277000.0,277000.0,276500.0,277000.0,816.0
2026-09-02 10:25:00+09:00,277000.0,277000.0,274500.0,275500.0,2545.0
2026-09-02 10:30:00+09:00,275500.0,275500.0,274000.0,274000.0,1567.0
2026-09-02 10:35:00+09:00,274000.0,274500.0,272500.0,273500.0,3374.0
2026-09-02 10:40:00+09:00,273500.0,274500.0,273500.0,274000.0,927.0
2026-09-02 10:45:00+09:00,274000.0,274000.0,273000.0,273500.0,1051.0
2026-09-02 10:50:00+09:00,273000.0,273500.0,272000.0,272500.0,1448.0
2026-09-02 10:55:00+09:00,272500.0,273000.0,272000.0,272000.0,1760.0
2026-09-02 11:00:00+09:00,272500.0,274000.0,272000.0,272500.0,1814.0
2026-09-02 11:05:00+09:00,273000.0,273000.0,272000.0,272500.0,835.0
2026-09-02 11:10:00+09:00,272500.0,273000.0,272000.0,273000.0,1212.0
2026-09-02 11:15:00+09:00,273000.0,273000.0,272000.0,272500.0,863.0
2026-09-02 11:20:00+09:00,272500.0,273000.0,272000.0,273000.0,931.0
2026-09-02 11:25:00+09:00,273000.0,273000.0,272000.0,272500.0,956.0
2026-09-02 11:30:00+09:00,272500.0,272500.0,271000.0,271500.0,1981.0
2026-09-02 11:35:00+09:00,271500.0,272000.0,271000.0,271500.0,1364.0
2026-09-02 11:40:00+09:00,271500.0,272000.0,271000.0,271500.0,1132.0
2026-09-02 11:45:00+09:00,271500.0,272000.0,271000.0,272000.0,1331.0
2026-09-02 11:50:00+09:00,272000.0,272000.0,270500.0,271000.0,1784.0
2026-09-02 11:55:00+09:00,271000.0,271500.0,270500.0,271500.0,1568.0
2026-09-02 12:00:00+09:00,271500.0,271500.0,270500.0,271000.0,756.0
2026-09-02 12:05:00+09:00,271000.0,271500.0,270500.0,271500.0,971.0
2026-09-02 12:10:00+09:00,271500.0,272000.0,271000.0,272000.0,820.0
2026-09-02 12:15:00+09:00,272000.0,272000.0,271000.0,271500.0,821.0
2026-09-02 12:20:00+09:00,271500.0,272000.0,271000.0,271500.0,810.0
2026-09-02 12:25:00+09:00,271500.0,272000.0,270500.0,271000.0,1216.0
2026-09-02 12:30:00+09:00,271000.0,271000.0,270000.0,270500.0,1445.0
2026-09-02 12:35:00+09:00,270500.0,270500.0,270000.0,270500.0,929.0
2026-09-02 12:40:00+09:00,270500.0,271000.0,270000.0,270500.0,1177.0
2026-09-02 12:45:00+09:00,270500.0,271000.0,270500.0,271000.0,704.0
2026-09-02 12:50:00+09:00,271000.0,271000.0,270500.0,271000.0,844.0
2026-09-02 12:55:00+09:00,271000.0,271000.0,270500.0,271000.0,603.0
2026-09-02 13:00:00+09:00,271000.0,271000.0,269500.0,270500.0,3066.0
2026-09-02 13:05:00+09:00,270500.0,271000.0,270000.0,271000.0,1659.0
2026-09-02 13:10:00+09:00,271000.0,271000.0,270000.0,270500.0,1195.0
2026-09-02 13:15:00+09:00,270500.0,271000.0,270000.0,271000.0,1312.0
2026-09-02 13:20:00+09:00,271000.0,271000.0,270000.0,270500.0,1765.0
2026-09-02 13:25:00+09:00,270500.0,271000.0,270500.0,271000.0,595.0
2026-09-02 13:30:00+09:00,271000.0,271500.0,270500.0,271000.0,915.0
2026-09-02 13:35:00+09:00,271000.0,271500.0,270000.0,270500.0,1317.0
2026-09-02 13:40:00+09:00,270500.0,271500.0,270000.0,271500.0,1059.0
2026-09-02 13:45:00+09:00,271500.0,271500.0,271000.0,271500.0,636.0
2026-09-02 13:50:00+09:00,271500.0,271500.0,271000.0,271000.0,894.0
2026-09-02 13:55:00+09:00,271000.0,272000.0,270000.0,270500.0,1217.0
2026-09-02 14:00:00+09:00,270500.0,271000.0,269000.0,270000.0,2087.0
2026-09-02 14:05:00+09:00,270000.0,270000.0,269000.0,269000.0,1920.0
2026-09-02 14:10:00+09:00,269500.0,272000.0,269500.0,272000.0,2443.0
2026-09-02 14:15:00+09:00,272000.0,273000.0,271500.0,272500.0,1944.0
2026-09-02 14:20:00+09:00,272000.0,272500.0,271500.0,272000.0,1553.0
2026-09-02 14:25:00+09:00,272000.0,273000.0,271500.0,272500.0,1119.0
2026-09-02 14:30:00+09:00,272500.0,272500.0,271000.0,271500.0,2508.0
2026-09-02 14:35:00+09:00,271500.0,271500.0,270000.0,270500.0,1895.0
2026-09-02 14:40:00+09:00,270500.0,272000.0,270000.0,271500.0,3099.0
2026-09-02 14:45:00+09:00,271500.0,271500.0,269500.0,270000.0,2588.0
2026-09-02 14:50:00+09:00,270000.0,270500.0,268500.0,269000.0,3209.0
2026-09-02 14:55:00+09:00,269000.0,269500.0,268000.0,269000.0,4446.0
2026-09-03 09:00:00+09:00,272000.0,273000.0,267500.0,268000.0,6880.0
2026-09-03 09:05:00+09:00,267500.0,268500.0,267000.0,267000.0,3248.0
2026-09-03 09:10:00+09:00,267500.0,271000.0,266500.0,269000.0,3985.0
2026-09-03 09:15:00+09:00,269000.0,269500.0,267000.0,267000.0,1125.0
2026-09-03 09:20:00+09:00,267500.0,269500.0,266000.0,269000.0,1939.0
2026-09-03 09:25:00+09:00,269000.0,270500.0,268500.0,270500.0,1280.0
2026-09-03 09:30:00+09:00,270000.0,272000.0,270000.0,271500.0,2074.0
2026-09-03 09:35:00+09:00,271500.0,276500.0,271000.0,275000.0,4521.0
2026-09-03 09:40:00+09:00,275500.0,281000.0,275000.0,280000.0,11131.0
2026-09-03 09:45:00+09:00,280000.0,281500.0,279500.0,280000.0,3275.0
2026-09-03 09:50:00+09:00,280000.0,288500.0,279500.0,287500.0,13253.0
2026-09-03 09:55:00+09:00,287500.0,289500.0,286500.0,288000.0,8025.0
2026-09-03 10:00:00+09:00,288000.0,291500.0,288000.0,291000.0,6164.0
2026-09-03 10:05:00+09:00,291000.0,292500.0,289500.0,290500.0,9273.0
2026-09-03 10:10:00+09:00,291000.0,292500.0,290000.0,292000.0,4043.0
2026-09-03 10:15:00+09:00,292500.0,295500.0,292000.0,294000.0,9922.0
2026-09-03 10:20:00+09:00,294000.0,294500.0,290500.0,291500.0,4987.0
2026-09-03 10:25:00+09:00,291500.0,292000.0,289000.0,289500.0,3389.0
2026-09-03 10:30:00+09:00,289500.0,291000.0,288000.0,290000.0,3555.0
2026-09-03 10:35:00+09:00,290000.0,290000.0,287500.0,288000.0,3024.0
2026-09-03 10:40:00+09:00,288500.0,290000.0,288000.0,288500.0,2618.0
2026-09-03 10:45:00+09:00,289000.0,289500.0,286000.0,286500.0,2869.0
2026-09-03 10:50:00+09:00,287000.0,287000.0,285000.0,285500.0,2059.0
2026-09-03 10:55:00+09:00,285000.0,285500.0,284000.0,284000.0,2896.0
2026-09-03 11:00:00+09:00,284500.0,285500.0,284000.0,285000.0,1231.0
2026-09-03 11:05:00+09:00,285500.0,285500.0,283500.0,285000.0,1562.0
2026-09-03 11:10:00+09:00,285000.0,287000.0,284500.0,287000.0,1669.0
2026-09-03 11:15:00+09:00,287000.0,287000.0,286500.0,287000.0,843.0
2026-09-03 11:20:00+09:00,287000.0,288500.0,286000.0,288000.0,2526.0
2026-09-03 11:25:00+09:00,288000.0,289000.0,287000.0,288500.0,1622.0
2026-09-03 11:30:00+09:00,288500.0,289000.0,287500.0,288000.0,1142.0
2026-09-03 11:35:00+09:00,287500.0,288000.0,287000.0,287500.0,1538.0
2026-09-03 11:40:00+09:00,287500.0,288000.0,287000.0,287500.0,1078.0
2026-09-03 11:45:00+09:00,287000.0,288000.0,287000.0,287500.0,1132.0
2026-09-03 11:50:00+09:00,287500.0,288000.0,286500.0,287500.0,1572.0
2026-09-03 11:55:00+09:00,287500.0,287500.0,286500.0,287500.0,1236.0
2026-09-03 12:00:00+09:00,287500.0,287500.0,287000.0,287500.0,907.0
2026-09-03 12:05:00+09:00,287500.0,287500.0,287000.0,287500.0,1016.0
2026-09-03 12:10:00+09:00,287500.0,288000.0,286500.0,287000.0,1870.0
2026-09-03 12:15:00+09:00,286500.0,287000.0,286000.0,287000.0,1257.0
2026-09-03 12:20:00+09:00,287000.0,287000.0,286000.0,286500.0,1326.0
2026-09-03 12:25:00+09:00,286000.0,287000.0,285000.0,285000.0,2598.0
2026-09-03 12:30:00+09:00,285500.0,286500.0,285000.0,286000.0,1265.0
2026-09-03 12:35:00+09:00,286000.0,286000.0,284500.0,285000.0,1461.0
2026-09-03 12:40:00+09:00,285000.0,287000.0,284500.0,286000.0,2283.0
2026-09-03 12:45:00+09:00,286000.0,286500.0,284500.0,286500.0,2206.0
2026-09-03 12:50:00+09:00,286000.0,287500.0,285500.0,286500.0,2591.0
2026-09-03 12:55:00+09:00,286500.0,287000.0,286000.0,287000.0,1525.0
2026-09-03 13:00:00+09:00,287000.0,287000.0,286000.0,286500.0,1864.0
2026-09-03 13:05:00+09:00,286500.0,287500.0,286500.0,287500.0,1727.0
2026-09-03 13:10:00+09:00,287500.0,287500.0,287000.0,287500.0,1994.0
2026-09-03 13:15:00+09:00,287500.0,288500.0,287000.0,288500.0,1865.0
2026-09-03 13:20:00+09:00,288500.0,289000.0,287500.0,288000.0,2240.0
2026-09-03 13:25:00+09:00,288500.0,288500.0,287500.0,288000.0,1881.0
2026-09-03 13:30:00+09:00,288000.0,289500.0,287500.0,289000.0,2778.0
2026-09-03 13:35:00+09:00,289000.0,289000.0,287500.0,288000.0,1894.0
2026-09-03 13:40:00+09:00,288500.0,289500.0,287500.0,288500.0,2888.0
2026-09-03 13:45:00+09:00,288500.0,289000.0,287500.0,288000.0,3067.0
2026-09-03 13:50:00+09:00,288500.0,288500.0,287500.0,288500.0,2304.0
2026-09-03 13:55:00+09:00,288250.0,289000.0,287500.0,289000.0,2082.0
2026-09-03 14:00:00+09:00,289000.0,289500.0,287000.0,287250.0,2537.0
2026-09-03 14:05:00+09:00,287500.0,287500.0,286000.0,286500.0,3248.0
2026-09-03 14:10:00+09:00,286500.0,286500.0,284500.0,285000.0,4960.0
2026-09-03 14:15:00+09:00,285000.0,287500.0,283000.0,283500.0,9603.0
2026-09-03 14:20:00+09:00,283500.0,284500.0,281500.0,284000.0,8974.0
2026-09-03 14:25:00+09:00,284500.0,285000.0,282000.0,284500.0,8106.0
2026-09-03 14:30:00+09:00,284500.0,285500.0,284000.0,285000.0,4961.0
2026-09-03 14:35:00+09:00,285000.0,286500.0,283500.0,285000.0,3828.0
2026-09-03 14:40:00+09:00,285000.0,287000.0,285000.0,286500.0,4446.0
2026-09-03 14:45:00+09:00,286500.0,288500.0,285500.0,288500.0,6464.0
2026-09-03 14:50:00+09:00,288500.0,289500.0,288000.0,288500.0,8554.0
2026-09-03 14:55:00+09:00,288000.0,289500.0,288000.0,289000.0,6959.0
2026-09-04 09:00:00+09:00,284500.0,287000.0,284000.0,284500.0,9526.0
2026-09-04 09:05:00+09:00,284500.0,285500.0,283500.0,284000.0,4398.0
2026-09-04 09:10:00+09:00,284500.0,288500.0,284500.0,287000.0,3625.0
2026-09-04 09:15:00+09:00,287000.0,287500.0,283500.0,284000.0,3101.0
2026-09-04 09:20:00+09:00,284500.0,286500.0,284500.0,285500.0,1782.0
2026-09-04 09:25:00+09:00,285500.0,285500.0,284500.0,284500.0,3370.0
2026-09-04 09:30:00+09:00,284500.0,285000.0,281500.0,282000.0,3639.0
2026-09-04 09:35:00+09:00,282000.0,282500.0,281000.0,281000.0,3596.0
2026-09-04 09:40:00+09:00,281000.0,281500.0,280000.0,281000.0,3582.0
2026-09-04 09:45:00+09:00,281000.0,281500.0,280500.0,280500.0,1362.0
2026-09-04 09:50:00+09:00,280500.0,280500.0,279500.0,280250.0,3793.0
2026-09-04 09:55:00+09:00,280500.0,281500.0,280000.0,280500.0,1332.0
2026-09-04 10:00:00+09:00,280500.0,280500.0,279500.0,280000.0,3291.0
2026-09-04 10:05:00+09:00,280000.0,283000.0,280000.0,282500.0,1680.0
2026-09-04 10:10:00+09:00,282500.0,283500.0,282000.0,283000.0,2041.0
2026-09-04 10:15:00+09:00,283000.0,283500.0,282000.0,282000.0,1274.0
2026-09-04 10:20:00+09:00,282000.0,283500.0,280000.0,280500.0,3211.0
2026-09-04 10:25:00+09:00,280500.0,281000.0,280500.0,281000.0,856.0
2026-09-04 10:30:00+09:00,280500.0,282000.0,280500.0,281500.0,1235.0
2026-09-04 10:35:00+09:00,281500.0,282000.0,280500.0,281500.0,949.0
2026-09-04 10:40:00+09:00,281500.0,282500.0,281000.0,281500.0,1069.0
2026-09-04 10:45:00+09:00,282000.0,282000.0,281000.0,282000.0,831.0
2026-09-04 10:50:00+09:00,282000.0,282000.0,280500.0,281000.0,1730.0
2026-09-04 10:55:00+09:00,281000.0,281000.0,280500.0,280500.0,1279.0
2026-09-04 11:00:00+09:00,281000.0,281000.0,280000.0,280500.0,1158.0
2026-09-04 11:05:00+09:00,280000.0,281000.0,280000.0,280500.0,1061.0
2026-09-04 11:10:00+09:00,280500.0,281000.0,279500.0,280000.0,2404.0
2026-09-04 11:15:00+09:00,280000.0,281000.0,280000.0,280500.0,763.0
2026-09-04 11:20:00+09:00,280500.0,280500.0,279500.0,280500.0,1288.0
2026-09-04 11:25:00+09:00,280000.0,280500.0,279000.0,279500.0,1917.0
2026-09-04 11:30:00+09:00,279500.0,280000.0,279000.0,279000.0,1113.0
2026-09-04 11:35:00+09:00,279500.0,279500.0,278500.0,279000.0,1667.0
2026-09-04 11:40:00+09:00,279500.0,279500.0,278500.0,278500.0,999.0
2026-09-04 11:45:00+09:00,279000.0,280000.0,279000.0,280000.0,1395.0
2026-09-04 11:50:00+09:00,280000.0,280500.0,279500.0,280000.0,754.0
2026-09-04 11:55:00+09:00,280000.0,280500.0,279500.0,279500.0,830.0
2026-09-04 12:00:00+09:00,280000.0,280500.0,279500.0,279500.0,742.0
2026-09-04 12:05:00+09:00,280000.0,280000.0,278000.0,278500.0,2670.0
2026-09-04 12:10:00+09:00,278500.0,279000.0,278000.0,278500.0,1188.0
2026-09-04 12:15:00+09:00,279000.0,279000.0,278500.0,279000.0,697.0
2026-09-04 12:20:00+09:00,279000.0,279000.0,277500.0,278500.0,2922.0
2026-09-04 12:25:00+09:00,278500.0,278500.0,278000.0,278500.0,711.0
2026-09-04 12:30:00+09:00,278500.0,278500.0,278000.0,278500.0,1349.0
2026-09-04 12:35:00+09:00,278500.0,279000.0,278000.0,279000.0,1125.0
2026-09-04 12:40:00+09:00,279000.0,279000.0,278500.0,279000.0,788.0
2026-09-04 12:45:00+09:00,279000.0,279000.0,278500.0,278500.0,2817.0
2026-09-04 12:50:00+09:00,278500.0,279000.0,277000.0,278500.0,4771.0
2026-09-04 12:55:00+09:00,278000.0,278500.0,277500.0,278000.0,3658.0
2026-09-04 13:00:00+09:00,278000.0,278500.0,277500.0,278500.0,2142.0
2026-09-04 13:05:00+09:00,278500.0,280500.0,278000.0,280000.0,2911.0
2026-09-04 13:10:00+09:00,280000.0,280500.0,279500.0,280000.0,1161.0
2026-09-04 13:15:00+09:00,280000.0,281000.0,279500.0,280000.0,1172.0
2026-09-04 13:20:00+09:00,280000.0,280500.0,279500.0,280000.0,912.0
2026-09-04 13:25:00+09:00,280500.0,280500.0,279500.0,280500.0,1117.0
2026-09-04 13:30:00+09:00,280250.0,280500.0,280000.0,280500.0,1441.0
2026-09-04 13:35:00+09:00,280500.0,281000.0,280000.0,281000.0,998.0
2026-09-04 13:40:00+09:00,281000.0,281000.0,280000.0,281000.0,987.0
2026-09-04 13:45:00+09:00,280500.0,281750.0,280500.0,281000.0,1772.0
2026-09-04 13:50:00+09:00,281000.0,281500.0,280500.0,281500.0,1184.0
2026-09-04 13:55:00+09:00,281250.0,281500.0,280000.0,280000.0,2159.0
2026-09-04 14:00:00+09:00,280000.0,281000.0,280000.0,280750.0,1280.0
2026-09-04 14:05:00+09:00,280750.0,281000.0,279500.0,280000.0,1638.0
2026-09-04 14:10:00+09:00,280000.0,281000.0,279500.0,280500.0,1687.0
2026-09-04 14:15:00+09:00,280500.0,282000.0,280000.0,282000.0,3131.0
2026-09-04 14:20:00+09:00,281500.0,282000.0,281000.0,281500.0,2736.0
2026-09-04 14:25:00+09:00,281500.0,282500.0,281000.0,281500.0,2762.0
2026-09-04 14:30:00+09:00,282000.0,282500.0,280500.0,281000.0,3541.0
2026-09-04 14:35:00+09:00,281000.0,281500.0,280500.0,281000.0,1206.0
2026-09-04 14:40:00+09:00,281000.0,282000.0,280500.0,281000.0,2992.0
2026-09-04 14:45:00+09:00,281500.0,282500.0,280500.0,281500.0,3990.0
2026-09-04 14:50:00+09:00,281000.0,281500.0,280000.0,280500.0,2590.0
2026-09-04 14:55:00+09:00,280000.0,280500.0,280000.0,280000.0,2292.0
2026-09-07 09:00:00+09:00,285000.0,285000.0,279000.0,280500.0,0.0
2026-09-07 09:05:00+09:00,281000.0,283000.0,280000.0,280500.0,3886.0
2026-09-07 09:10:00+09:00,280500.0,281500.0,279000.0,279500.0,3416.0
2026-09-07 09:15:00+09:00,280000.0,281000.0,279500.0,280500.0,1737.0
2026-09-07 09:20:00+09:00,280250.0,280500.0,278500.0,280500.0,4210.0
2026-09-07 09:25:00+09:00,280000.0,281500.0,279000.0,281000.0,1938.0
2026-09-07 09:30:00+09:00,281000.0,281500.0,279500.0,281000.0,1249.0
2026-09-07 09:35:00+09:00,281500.0,282000.0,280500.0,281500.0,1383.0
2026-09-07 09:40:00+09:00,281000.0,281500.0,279500.0,280500.0,1099.0
2026-09-07 09:45:00+09:00,280000.0,280500.0,279000.0,280000.0,1617.0
2026-09-07 09:50:00+09:00,280000.0,280500.0,279000.0,279500.0,871.0
2026-09-07 09:55:00+09:00,279000.0,280000.0,278500.0,280000.0,1917.0
2026-09-07 10:00:00+09:00,279500.0,280000.0,278500.0,279500.0,1308.0
2026-09-07 10:05:00+09:00,279000.0,279500.0,279000.0,279000.0,263.0
2026-09-07 10:10:00+09:00,279000.0,279500.0,277500.0,278000.0,3693.0
2026-09-07 10:15:00+09:00,278000.0,278000.0,277000.0,277750.0,1590.0
2026-09-07 10:20:00+09:00,277500.0,279000.0,277500.0,279000.0,2531.0
2026-09-07 10:25:00+09:00,279000.0,279500.0,278500.0,279500.0,451.0
2026-09-07 10:30:00+09:00,279000.0,279500.0,279000.0,279500.0,671.0
2026-09-07 10:35:00+09:00,279500.0,280000.0,279000.0,279500.0,1613.0
2026-09-07 10:40:00+09:00,279000.0,279500.0,279000.0,279500.0,264.0
2026-09-07 10:45:00+09:00,279000.0,279500.0,279000.0,279500.0,239.0
2026-09-07 10:50:00+09:00,279000.0,279500.0,277500.0,277500.0,2186.0
2026-09-07 10:55:00+09:00,278000.0,278500.0,278000.0,278000.0,958.0
2026-09-07 11:00:00+09:00,278000.0,278500.0,278000.0,278500.0,690.0
2026-09-07 11:05:00+09:00,278000.0,278500.0,278000.0,278000.0,241.0
2026-09-07 11:10:00+09:00,278000.0,278500.0,278000.0,278500.0,319.0
2026-09-07 11:15:00+09:00,278000.0,279500.0,278000.0,279000.0,3604.0
2026-09-07 11:20:00+09:00,278500.0,279000.0,278500.0,279000.0,545.0
2026-09-07 11:25:00+09:00,279000.0,279000.0,278500.0,279000.0,485.0
2026-09-07 11:30:00+09:00,279000.0,279000.0,278500.0,278500.0,261.0
2026-09-07 11:35:00+09:00,278500.0,279000.0,278500.0,279000.0,469.0
2026-09-07 11:40:00+09:00,279000.0,279000.0,278500.0,278500.0,315.0
2026-09-07 11:45:00+09:00,278500.0,279000.0,278000.0,279000.0,1306.0
2026-09-07 11:50:00+09:00,278500.0,279000.0,278500.0,278500.0,262.0
2026-09-07 11:55:00+09:00,278500.0,279000.0,278000.0,278500.0,460.0
2026-09-07 12:00:00+09:00,278000.0,279000.0,278000.0,279000.0,1271.0
2026-09-07 12:05:00+09:00,279000.0,279000.0,278000.0,278500.0,220.0
2026-09-07 12:10:00+09:00,278500.0,278500.0,278000.0,278500.0,782.0
2026-09-07 12:15:00+09:00,278500.0,279000.0,278000.0,278000.0,1300.0
2026-09-07 12:20:00+09:00,278000.0,279000.0,278000.0,279000.0,1085.0
2026-09-07 12:25:00+09:00,279000.0,279000.0,278500.0,279000.0,287.0
2026-09-07 12:30:00+09:00,278500.0,279000.0,278500.0,279000.0,1159.0
2026-09-07 12:35:00+09:00,279000.0,279500.0,278500.0,279000.0,2359.0
2026-09-07 12:40:00+09:00,279000.0,279000.0,278000.0,278500.0,830.0
2026-09-07 12:45:00+09:00,278000.0,278500.0,278000.0,278000.0,591.0
2026-09-07 12:50:00+09:00,278000.0,278500.0,278000.0,278000.0,195.0
2026-09-07 12:55:00+09:00,278000.0,278500.0,277500.0,278500.0,1973.0
2026-09-07 13:00:00+09:00,278500.0,279000.0,278500.0,279000.0,1280.0
2026-09-07 13:05:00+09:00,278500.0,279000.0,278000.0,278500.0,931.0
2026-09-07 13:10:00+09:00,278500.0,279000.0,278000.0,279000.0,1009.0
2026-09-07 13:15:00+09:00,279000.0,280000.0,278500.0,279500.0,2189.0
2026-09-07 13:20:00+09:00,279500.0,279500.0,278000.0,279000.0,2243.0
2026-09-07 13:25:00+09:00,279000.0,281000.0,279000.0,281000.0,2231.0
2026-09-07 13:30:00+09:00,280750.0,281250.0,279500.0,280000.0,2025.0
2026-09-07 13:35:00+09:00,280000.0,281000.0,280000.0,281000.0,1436.0
2026-09-07 13:40:00+09:00,281000.0,281000.0,280000.0,280500.0,589.0
2026-09-07 13:45:00+09:00,280250.0,280500.0,280000.0,280500.0,850.0
2026-09-07 13:50:00+09:00,280500.0,281000.0,280000.0,280000.0,1670.0
2026-09-07 13:55:00+09:00,280000.0,280500.0,280000.0,280000.0,623.0
2026-09-07 14:00:00+09:00,280000.0,281000.0,280000.0,280500.0,910.0
2026-09-07 14:05:00+09:00,280500.0,281000.0,280500.0,281000.0,246.0
2026-09-07 14:10:00+09:00,280500.0,281000.0,280500.0,281000.0,929.0
2026-09-07 14:15:00+09:00,280500.0,281000.0,279500.0,280500.0,3323.0
2026-09-07 14:20:00+09:00,280500.0,280500.0,280000.0,280000.0,1241.0
2026-09-07 14:25:00+09:00,280500.0,281000.0,280000.0,281000.0,1377.0
2026-09-07 14:30:00+09:00,281000.0,281250.0,280500.0,280500.0,871.0
2026-09-07 14:35:00+09:00,280500.0,281000.0,280000.0,280500.0,1483.0
2026-09-07 14:40:00+09:00,280500.0,280500.0,280000.0,280000.0,901.0
2026-09-07 14:45:00+09:00,280500.0,281500.0,280000.0,281000.0,2041.0
2026-09-07 14:50:00+09:00,281000.0,281500.0,280500.0,281000.0,3022.0
2026-09-07 14:55:00+09:00,281000.0,281000.0,280000.0,280500.0,3696.0
2026-09-08 09:00:00+09:00,284000.0,285500.0,282000.0,283500.0,5126.0
2026-09-08 09:05:00+09:00,283500.0,284500.0,281000.0,281000.0,2195.0
2026-09-08 09:10:00+09:00,281500.0,281500.0,278500.0,278500.0,3068.0
2026-09-08 09:15:00+09:00,279000.0,279500.0,277000.0,278000.0,3754.0
2026-09-08 09:20:00+09:00,278500.0,278500.0,276500.0,276500.0,2258.0
2026-09-08 09:25:00+09:00,276500.0,278000.0,276000.0,276500.0,3021.0
2026-09-08 09:30:00+09:00,276000.0,277000.0,276000.0,277000.0,777.0
2026-09-08 09:35:00+09:00,276500.0,277500.0,276000.0,277000.0,1911.0
2026-09-08 09:40:00+09:00,277000.0,278000.0,276500.0,277500.0,1214.0
2026-09-08 09:45:00+09:00,277500.0,278000.0,277000.0,278000.0,1253.0
2026-09-08 09:50:00+09:00,278000.0,278500.0,276500.0,278000.0,1364.0
2026-09-08 09:55:00+09:00,278000.0,278000.0,276500.0,276500.0,1399.0
2026-09-08 10:00:00+09:00,276750.0,277500.0,275500.0,277000.0,3710.0
2026-09-08 10:05:00+09:00,277000.0,277500.0,276000.0,276500.0,1041.0
2026-09-08 10:10:00+09:00,276000.0,277500.0,276000.0,277500.0,649.0
2026-09-08 10:15:00+09:00,277000.0,278500.0,277000.0,278500.0,1247.0
2026-09-08 10:20:00+09:00,278000.0,279500.0,278000.0,278500.0,1922.0
2026-09-08 10:25:00+09:00,278000.0,279000.0,278000.0,278500.0,788.0
2026-09-08 10:30:00+09:00,278000.0,279000.0,277000.0,278000.0,1791.0
2026-09-08 10:35:00+09:00,278500.0,278500.0,276500.0,278500.0,2090.0
2026-09-08 10:40:00+09:00,278000.0,278500.0,276500.0,277000.0,978.0
2026-09-08 10:45:00+09:00,277500.0,278000.0,277000.0,277500.0,712.0
2026-09-08 10:50:00+09:00,278000.0,278500.0,277500.0,278000.0,792.0
2026-09-08 10:55:00+09:00,278000.0,279000.0,278000.0,278500.0,445.0
2026-09-08 11:00:00+09:00,278500.0,280000.0,278500.0,278500.0,1912.0
2026-09-08 11:05:00+09:00,278500.0,279000.0,278000.0,279000.0,430.0
2026-09-08 11:10:00+09:00,279000.0,279000.0,278500.0,278500.0,273.0
2026-09-08 11:15:00+09:00,278500.0,279500.0,278500.0,279000.0,495.0
2026-09-08 11:20:00+09:00,279000.0,279500.0,279000.0,279500.0,392.0
2026-09-08 11:25:00+09:00,279250.0,279500.0,279000.0,279000.0,815.0
2026-09-08 11:30:00+09:00,278500.0,279000.0,278000.0,278500.0,711.0
2026-09-08 11:35:00+09:00,279000.0,279500.0,278500.0,279000.0,824.0
2026-09-08 11:40:00+09:00,279000.0,279500.0,278500.0,279000.0,653.0
2026-09-08 11:45:00+09:00,279000.0,279500.0,278500.0,278500.0,452.0
2026-09-08 11:50:00+09:00,278500.0,279000.0,278000.0,278000.0,500.0
2026-09-08 11:55:00+09:00,278000.0,279000.0,278000.0,278500.0,507.0
2026-09-08 12:00:00+09:00,278500.0,279500.0,278500.0,278500.0,659.0
2026-09-08 12:05:00+09:00,278500.0,279000.0,278500.0,278500.0,287.0
2026-09-08 12:10:00+09:00,279000.0,279500.0,278500.0,278500.0,341.0
2026-09-08 12:15:00+09:00,279000.0,279000.0,278500.0,278500.0,709.0
2026-09-08 12:20:00+09:00,279000.0,279000.0,277500.0,277500.0,602.0
2026-09-08 12:25:00+09:00,278000.0,278500.0,277500.0,278000.0,1084.0
2026-09-08 12:30:00+09:00,278000.0,278000.0,277000.0,277000.0,785.0
2026-09-08 12:35:00+09:00,277500.0,277500.0,276500.0,277000.0,1157.0
2026-09-08 12:40:00+09:00,277500.0,277500.0,276500.0,277000.0,532.0
2026-09-08 12:45:00+09:00,276500.0,277000.0,276500.0,276500.0,350.0
2026-09-08 12:50:00+09:00,276500.0,277000.0,276500.0,277000.0,396.0
2026-09-08 12:55:00+09:00,277000.0,277500.0,276500.0,277500.0,735.0
2026-09-08 13:00:00+09:00,277000.0,277500.0,277000.0,277000.0,506.0
2026-09-08 13:05:00+09:00,277000.0,278000.0,276500.0,276500.0,2398.0
2026-09-08 13:10:00+09:00,277000.0,277000.0,276500.0,277000.0,1121.0
2026-09-08 13:15:00+09:00,276500.0,277500.0,276500.0,277500.0,1120.0
2026-09-08 13:20:00+09:00,277000.0,277500.0,276000.0,276000.0,2908.0
2026-09-08 13:25:00+09:00,276000.0,276500.0,276000.0,276500.0,1505.0
2026-09-08 13:30:00+09:00,276000.0,276500.0,275500.0,275500.0,2364.0
2026-09-08 13:35:00+09:00,276000.0,276500.0,275500.0,276000.0,2562.0
2026-09-08 13:40:00+09:00,276000.0,276500.0,275500.0,276000.0,1920.0
2026-09-08 13:45:00+09:00,275500.0,276000.0,275000.0,275000.0,2356.0
2026-09-08 13:50:00+09:00,275000.0,276000.0,275000.0,275500.0,2794.0
2026-09-08 13:55:00+09:00,275500.0,276000.0,275000.0,275000.0,887.0
2026-09-08 14:00:00+09:00,275500.0,276000.0,275000.0,275500.0,1046.0
2026-09-08 14:05:00+09:00,275500.0,276000.0,275000.0,275500.0,1556.0
2026-09-08 14:10:00+09:00,275500.0,276000.0,275000.0,275500.0,1788.0
2026-09-08 14:15:00+09:00,275500.0,276000.0,275000.0,275000.0,1103.0
2026-09-08 14:20:00+09:00,275000.0,275500.0,274500.0,274500.0,2380.0
2026-09-08 14:25:00+09:00,274500.0,275000.0,274000.0,274500.0,2144.0
2026-09-08 14:30:00+09:00,274500.0,275000.0,274000.0,274000.0,1948.0
2026-09-08 14:35:00+09:00,274000.0,274500.0,273000.0,274000.0,4087.0
2026-09-08 14:40:00+09:00,273500.0,274000.0,273500.0,273500.0,1107.0
2026-09-08 14:45:00+09:00,274000.0,274000.0,273000.0,273500.0,3652.0
2026-09-08 14:50:00+09:00,273000.0,273500.0,272000.0,272000.0,6070.0
2026-09-08 14:55:00+09:00,272000.0,273000.0,271500.0,272000.0,5181.0
2026-09-09 09:00:00+09:00,267500.0,272500.0,266000.0,272000.0,15870.0
2026-09-09 09:05:00+09:00,271500.0,272000.0,269500.0,269500.0,4600.0
2026-09-09 09:10:00+09:00,269500.0,270000.0,268500.0,269500.0,3948.0
2026-09-09 09:15:00+09:00,269500.0,270500.0,268000.0,268500.0,4469.0
2026-09-09 09:20:00+09:00,268500.0,268500.0,266500.0,267000.0,4587.0
2026-09-09 09:25:00+09:00,267000.0,268000.0,266000.0,267000.0,3370.0
2026-09-09 09:30:00+09:00,267000.0,268000.0,267000.0,268000.0,1831.0
2026-09-09 09:35:00+09:00,268000.0,268500.0,267000.0,268000.0,2161.0
2026-09-09 09:40:00+09:00,267750.0,268500.0,267500.0,268500.0,1484.0
2026-09-09 09:45:00+09:00,268500.0,269500.0,268000.0,269000.0,2655.0
2026-09-09 09:50:00+09:00,269500.0,269500.0,268000.0,268500.0,2396.0
2026-09-09 09:55:00+09:00,268500.0,269500.0,268000.0,269000.0,2173.0
2026-09-09 10:00:00+09:00,269250.0,270000.0,269000.0,269500.0,3055.0
2026-09-09 10:05:00+09:00,269750.0,270000.0,269000.0,269000.0,1633.0
2026-09-09 10:10:00+09:00,269500.0,269500.0,269000.0,269500.0,649.0
2026-09-09 10:15:00+09:00,269250.0,270000.0,268500.0,270000.0,3836.0
2026-09-09 10:20:00+09:00,270000.0,270500.0,268500.0,270250.0,2831.0
2026-09-09 10:25:00+09:00,270250.0,270500.0,270000.0,270500.0,265.0
2026-09-09 10:30:00+09:00,270000.0,270500.0,270000.0,270500.0,921.0
2026-09-09 10:35:00+09:00,270500.0,271750.0,270000.0,271000.0,2199.0
2026-09-09 10:40:00+09:00,271000.0,271500.0,271000.0,271500.0,472.0
2026-09-09 10:45:00+09:00,271500.0,272750.0,271500.0,272500.0,2400.0
2026-09-09 10:50:00+09:00,272500.0,272750.0,271000.0,271250.0,1990.0
2026-09-09 10:55:00+09:00,271500.0,272500.0,271000.0,272500.0,1548.0
2026-09-09 11:00:00+09:00,272500.0,273500.0,272000.0,272500.0,4369.0
2026-09-09 11:05:00+09:00,273000.0,273000.0,272500.0,272500.0,345.0
2026-09-09 11:10:00+09:00,273000.0,273000.0,272500.0,272500.0,520.0
2026-09-09 11:15:00+09:00,272500.0,273000.0,272000.0,272000.0,838.0
2026-09-09 11:20:00+09:00,272000.0,272500.0,271500.0,272000.0,1279.0
2026-09-09 11:25:00+09:00,272000.0,272000.0,271500.0,271750.0,840.0
2026-09-09 11:30:00+09:00,271750.0,272000.0,271000.0,271000.0,1281.0
2026-09-09 11:35:00+09:00,271500.0,272000.0,271000.0,271500.0,2094.0
2026-09-09 11:40:00+09:00,271750.0,272500.0,270500.0,272000.0,2189.0
2026-09-09 11:45:00+09:00,272000.0,272000.0,271000.0,271000.0,568.0
2026-09-09 11:50:00+09:00,271250.0,271500.0,271000.0,271000.0,838.0
2026-09-09 11:55:00+09:00,271250.0,271500.0,270500.0,271000.0,1869.0
2026-09-09 12:00:00+09:00,271000.0,271500.0,271000.0,271500.0,942.0
2026-09-09 12:05:00+09:00,271250.0,271500.0,270500.0,270750.0,658.0
2026-09-09 12:10:00+09:00,270750.0,272000.0,270500.0,271500.0,3026.0
2026-09-09 12:15:00+09:00,271500.0,273500.0,271500.0,273500.0,1880.0
2026-09-09 12:20:00+09:00,273250.0,274000.0,273000.0,273000.0,1464.0
2026-09-09 12:25:00+09:00,273250.0,273500.0,272500.0,272500.0,2447.0
2026-09-09 12:30:00+09:00,272500.0,273500.0,272500.0,273500.0,2267.0
2026-09-09 12:35:00+09:00,273000.0,274000.0,273000.0,273000.0,1877.0
2026-09-09 12:40:00+09:00,273000.0,275500.0,273000.0,274500.0,6735.0
2026-09-09 12:45:00+09:00,275000.0,277500.0,274500.0,276500.0,3507.0
2026-09-09 12:50:00+09:00,276500.0,277500.0,275500.0,276500.0,2740.0
2026-09-09 12:55:00+09:00,276500.0,278000.0,276000.0,277500.0,2972.0
2026-09-09 13:00:00+09:00,277000.0,279000.0,277000.0,279000.0,3984.0
2026-09-09 13:05:00+09:00,278500.0,279000.0,277500.0,278500.0,2495.0
2026-09-09 13:10:00+09:00,278500.0,280000.0,278500.0,278500.0,4343.0
2026-09-09 13:15:00+09:00,278500.0,280000.0,278000.0,279500.0,6448.0
2026-09-09 13:20:00+09:00,279500.0,281500.0,279500.0,280000.0,5630.0
2026-09-09 13:25:00+09:00,279500.0,280000.0,278500.0,279000.0,3913.0
2026-09-09 13:30:00+09:00,279000.0,280000.0,278500.0,279750.0,4075.0
2026-09-09 13:35:00+09:00,280000.0,281000.0,279000.0,279500.0,5601.0
2026-09-09 13:40:00+09:00,279500.0,280000.0,278000.0,279000.0,3801.0
2026-09-09 13:45:00+09:00,278500.0,280500.0,278500.0,278500.0,4082.0
2026-09-09 13:50:00+09:00,278500.0,279500.0,278500.0,279000.0,2597.0
2026-09-09 13:55:00+09:00,279000.0,280500.0,279000.0,280000.0,5271.0
2026-09-09 14:00:00+09:00,280000.0,281000.0,278500.0,280500.0,4767.0
2026-09-09 14:05:00+09:00,280500.0,283000.0,280500.0,282000.0,8075.0
2026-09-09 14:10:00+09:00,282000.0,284500.0,282000.0,284500.0,8730.0
2026-09-09 14:15:00+09:00,284500.0,285500.0,283500.0,285000.0,11031.0
2026-09-09 14:20:00+09:00,285000.0,285500.0,282500.0,284250.0,8661.0
2026-09-09 14:25:00+09:00,284250.0,285000.0,283000.0,284000.0,5677.0
2026-09-09 14:30:00+09:00,284000.0,284500.0,282000.0,282500.0,6593.0
2026-09-09 14:35:00+09:00,282500.0,284000.0,282000.0,283500.0,4596.0
2026-09-09 14:40:00+09:00,283500.0,284500.0,282500.0,283500.0,6439.0
2026-09-09 14:45:00+09:00,283500.0,286500.0,283250.0,285500.0,9881.0
2026-09-09 14:50:00+09:00,286000.0,286000.0,283500.0,285500.0,8834.0
2026-09-09 14:55:00+09:00,285000.0,286000.0,284500.0,285000.0,8561.0
2026-09-10 09:00:00+09:00,281500.0,290500.0,280500.0,290000.0,18362.0
2026-09-10 09:05:00+09:00,290000.0,294000.0,289000.0,293500.0,12887.0
2026-09-10 09:10:00+09:00,293500.0,294500.0,292000.0,294000.0,11129.0
2026-09-10 09:15:00+09:00,293500.0,295000.0,292500.0,294500.0,10478.0
2026-09-10 09:20:00+09:00,294500.0,298000.0,294000.0,296500.0,14941.0
2026-09-10 09:25:00+09:00,296500.0,297500.0,294500.0,296000.0,9547.0
2026-09-10 09:30:00+09:00,295500.0,296000.0,292000.0,293500.0,9846.0
2026-09-10 09:35:00+09:00,293500.0,293500.0,290000.0,291000.0,5957.0
2026-09-10 09:40:00+09:00,291500.0,292000.0,290000.0,291000.0,5505.0
2026-09-10 09:45:00+09:00,291000.0,291500.0,290000.0,290500.0,3396.0
2026-09-10 09:50:00+09:00,290500.0,291000.0,289500.0,290000.0,3110.0
2026-09-10 09:55:00+09:00,289500.0,290500.0,288500.0,289000.0,3377.0
2026-09-10 10:00:00+09:00,289000.0,289000.0,284000.0,286000.0,5176.0
2026-09-10 10:05:00+09:00,286000.0,286500.0,283500.0,284000.0,9181.0
2026-09-10 10:10:00+09:00,283500.0,284000.0,282500.0,284000.0,4570.0
2026-09-10 10:15:00+09:00,284000.0,284500.0,282000.0,283500.0,3943.0
2026-09-10 10:20:00+09:00,283500.0,284000.0,282000.0,283500.0,2925.0
2026-09-10 10:25:00+09:00,284000.0,284000.0,282500.0,283500.0,2616.0
2026-09-10 10:30:00+09:00,283500.0,284500.0,283500.0,284000.0,1611.0
2026-09-10 10:35:00+09:00,283500.0,284500.0,282500.0,283000.0,2238.0
2026-09-10 10:40:00+09:00,283000.0,284000.0,282500.0,284000.0,2192.0
2026-09-10 10:45:00+09:00,284000.0,286000.0,283500.0,285500.0,4411.0
2026-09-10 10:50:00+09:00,285500.0,286500.0,284500.0,285500.0,5861.0
2026-09-10 10:55:00+09:00,285500.0,286500.0,285500.0,286500.0,2267.0
2026-09-10 11:00:00+09:00,286500.0,287000.0,284000.0,284500.0,4916.0
2026-09-10 11:05:00+09:00,284500.0,285500.0,283000.0,284000.0,3450.0
2026-09-10 11:10:00+09:00,284000.0,285500.0,284000.0,284000.0,1935.0
2026-09-10 11:15:00+09:00,284500.0,285000.0,283500.0,284500.0,2034.0
2026-09-10 11:20:00+09:00,284500.0,285000.0,284000.0,285000.0,1883.0
2026-09-10 11:25:00+09:00,285000.0,285500.0,284500.0,285000.0,1147.0
2026-09-10 11:30:00+09:00,284500.0,285000.0,284500.0,285000.0,935.0
2026-09-10 11:35:00+09:00,285000.0,285500.0,284500.0,285000.0,2609.0
2026-09-10 11:40:00+09:00,285000.0,285000.0,282000.0,283000.0,4204.0
2026-09-10 11:45:00+09:00,283000.0,283000.0,276500.0,277000.0,10241.0
2026-09-10 11:50:00+09:00,276500.0,279500.0,276500.0,279500.0,4041.0
2026-09-10 11:55:00+09:00,279500.0,280500.0,279000.0,280000.0,1346.0
2026-09-10 12:00:00+09:00,279500.0,281500.0,279500.0,280000.0,2075.0
2026-09-10 12:05:00+09:00,280500.0,281000.0,279500.0,281000.0,1538.0
2026-09-10 12:10:00+09:00,280500.0,281500.0,280000.0,281000.0,1492.0
2026-09-10 12:15:00+09:00,280500.0,281000.0,280000.0,280500.0,2827.0
2026-09-10 12:20:00+09:00,281000.0,281000.0,279500.0,281000.0,1590.0
2026-09-10 12:25:00+09:00,281000.0,282000.0,280500.0,282000.0,1195.0
2026-09-10 12:30:00+09:00,282000.0,283000.0,282000.0,282500.0,1343.0
2026-09-10 12:35:00+09:00,283000.0,284000.0,282000.0,283000.0,5404.0
2026-09-10 12:40:00+09:00,283000.0,284000.0,282500.0,283500.0,2967.0
2026-09-10 12:45:00+09:00,283500.0,284500.0,283500.0,284000.0,2445.0
2026-09-10 12:50:00+09:00,284000.0,284000.0,282500.0,283500.0,4297.0
2026-09-10 12:55:00+09:00,283500.0,283500.0,282000.0,282500.0,2917.0
2026-09-10 13:00:00+09:00,282500.0,283000.0,282500.0,282750.0,1349.0
2026-09-10 13:05:00+09:00,282500.0,283500.0,281500.0,282000.0,4274.0
2026-09-10 13:10:00+09:00,282000.0,283000.0,280500.0,283000.0,1594.0
2026-09-10 13:15:00+09:00,283000.0,283500.0,281500.0,282000.0,3349.0
2026-09-10 13:20:00+09:00,282500.0,282500.0,281000.0,281500.0,3556.0
2026-09-10 13:25:00+09:00,281500.0,282500.0,281000.0,282000.0,1915.0
2026-09-10 13:30:00+09:00,282000.0,282500.0,281000.0,281000.0,4521.0
2026-09-10 13:35:00+09:00,281500.0,281500.0,280000.0,280500.0,4818.0
2026-09-10 13:40:00+09:00,280500.0,281000.0,279500.0,280000.0,4941.0
2026-09-10 13:45:00+09:00,280000.0,280500.0,280000.0,280000.0,3295.0
2026-09-10 13:50:00+09:00,280000.0,280500.0,279500.0,280000.0,3182.0
2026-09-10 13:55:00+09:00,280500.0,280500.0,280000.0,280500.0,1581.0
2026-09-10 14:00:00+09:00,281000.0,281500.0,280000.0,281000.0,3632.0
2026-09-10 14:05:00+09:00,281000.0,282000.0,280000.0,281500.0,4914.0
2026-09-10 14:10:00+09:00,282000.0,282000.0,281000.0,281500.0,1281.0
2026-09-10 14:15:00+09:00,281000.0,282000.0,281000.0,281500.0,1558.0
2026-09-10 14:20:00+09:00,282000.0,283000.0,281500.0,282500.0,2058.0
2026-09-10 14:25:00+09:00,282500.0,283500.0,281500.0,283500.0,6267.0
2026-09-10 14:30:00+09:00,283500.0,284000.0,282500.0,284000.0,1834.0
2026-09-10 14:35:00+09:00,284000.0,284500.0,282500.0,283000.0,2669.0
2026-09-10 14:40:00+09:00,283000.0,284500.0,282500.0,284000.0,1975.0
2026-09-10 14:45:00+09:00,284000.0,284000.0,283000.0,283500.0,2388.0
2026-09-10 14:50:00+09:00,283000.0,283500.0,281500.0,282500.0,2219.0
2026-09-10 14:55:00+09:00,282250.0,283000.0,281000.0,282500.0,2330.0
2026-09-11 09:00:00+09:00,273000.0,274500.0,270500.0,274000.0,8500.0
2026-09-11 09:05:00+09:00,273500.0,276000.0,273000.0,275500.0,3960.0
2026-09-11 09:10:00+09:00,276000.0,276500.0,274000.0,274500.0,3523.0
2026-09-11 09:15:00+09:00,274500.0,275500.0,274000.0,275500.0,1492.0
2026-09-11 09:20:00+09:00,275500.0,276500.0,275000.0,275500.0,1408.0
2026-09-11 09:25:00+09:00,275500.0,275500.0,274000.0,274250.0,2219.0
2026-09-11 09:30:00+09:00,274250.0,274500.0,271500.0,272500.0,2796.0
2026-09-11 09:35:00+09:00,272500.0,273500.0,272000.0,272000.0,1704.0
2026-09-11 09:40:00+09:00,272500.0,273000.0,270000.0,270500.0,5522.0
2026-09-11 09:45:00+09:00,270500.0,271000.0,270000.0,271000.0,2744.0
2026-09-11 09:50:00+09:00,271000.0,272500.0,271000.0,271500.0,1452.0
2026-09-11 09:55:00+09:00,271500.0,273000.0,271500.0,272000.0,1227.0
2026-09-11 10:00:00+09:00,272000.0,274000.0,272000.0,273500.0,1654.0
2026-09-11 10:05:00+09:00,273500.0,274000.0,273000.0,273500.0,878.0
2026-09-11 10:10:00+09:00,273500.0,274000.0,273000.0,274000.0,1081.0
2026-09-11 10:15:00+09:00,273500.0,274000.0,272000.0,272500.0,1484.0
2026-09-11 10:20:00+09:00,272500.0,273500.0,272500.0,273500.0,935.0
2026-09-11 10:25:00+09:00,272500.0,273500.0,272000.0,272500.0,670.0
2026-09-11 10:30:00+09:00,272500.0,272500.0,271500.0,271500.0,860.0
2026-09-11 10:35:00+09:00,271500.0,272000.0,271500.0,271500.0,669.0
2026-09-11 10:40:00+09:00,272000.0,272000.0,271000.0,271500.0,2129.0
2026-09-11 10:45:00+09:00,271500.0,272000.0,271000.0,271000.0,1072.0
2026-09-11 10:50:00+09:00,271500.0,271500.0,270000.0,270000.0,4840.0
2026-09-11 10:55:00+09:00,270000.0,270750.0,270000.0,270000.0,1836.0
2026-09-11 11:00:00+09:00,270000.0,270500.0,269500.0,269500.0,4914.0
2026-09-11 11:05:00+09:00,270000.0,270500.0,269500.0,270000.0,1243.0
2026-09-11 11:10:00+09:00,270000.0,271000.0,270000.0,270500.0,760.0
2026-09-11 11:15:00+09:00,270500.0,271000.0,270000.0,270500.0,1375.0
2026-09-11 11:20:00+09:00,270500.0,271000.0,269500.0,270000.0,4871.0
2026-09-11 11:25:00+09:00,270000.0,270000.0,269000.0,269000.0,2310.0
2026-09-11 11:30:00+09:00,269500.0,270000.0,268000.0,268000.0,3688.0
2026-09-11 11:35:00+09:00,268500.0,269000.0,268000.0,269000.0,1708.0
2026-09-11 11:40:00+09:00,269000.0,269000.0,268000.0,268000.0,1483.0
2026-09-11 11:45:00+09:00,268500.0,269000.0,268000.0,268500.0,809.0
2026-09-11 11:50:00+09:00,269000.0,269000.0,268000.0,269000.0,1662.0
2026-09-11 11:55:00+09:00,268500.0,269000.0,268500.0,268500.0,1024.0
2026-09-11 12:00:00+09:00,268500.0,269000.0,268000.0,268000.0,2135.0
2026-09-11 12:05:00+09:00,268000.0,268500.0,268000.0,268000.0,677.0
2026-09-11 12:10:00+09:00,268000.0,268500.0,268000.0,268000.0,892.0
2026-09-11 12:15:00+09:00,268250.0,269000.0,268000.0,269000.0,1609.0
2026-09-11 12:20:00+09:00,269000.0,269000.0,268500.0,268500.0,865.0
2026-09-11 12:25:00+09:00,269000.0,269000.0,268000.0,268500.0,1434.0
2026-09-11 12:30:00+09:00,268000.0,268500.0,268000.0,268000.0,831.0
2026-09-11 12:35:00+09:00,268000.0,269000.0,268000.0,269000.0,952.0
2026-09-11 12:40:00+09:00,268500.0,269500.0,268500.0,269000.0,1063.0
2026-09-11 12:45:00+09:00,269500.0,269500.0,268000.0,268500.0,1683.0
2026-09-11 12:50:00+09:00,268000.0,268500.0,268000.0,268000.0,864.0
2026-09-11 12:55:00+09:00,268500.0,269000.0,268000.0,268500.0,1444.0
2026-09-11 13:00:00+09:00,268500.0,268500.0,267500.0,267500.0,1624.0
2026-09-11 13:05:00+09:00,267500.0,268000.0,267500.0,267500.0,737.0
2026-09-11 13:10:00+09:00,268000.0,268000.0,267500.0,267500.0,1430.0
2026-09-11 13:15:00+09:00,267500.0,268000.0,267500.0,267500.0,1415.0
2026-09-11 13:20:00+09:00,268000.0,268500.0,267500.0,268000.0,1409.0
2026-09-11 13:25:00+09:00,268000.0,270500.0,268000.0,269500.0,2202.0
2026-09-11 13:30:00+09:00,269500.0,271000.0,269500.0,270500.0,2180.0
2026-09-11 13:35:00+09:00,270500.0,272000.0,270500.0,271500.0,1944.0
2026-09-11 13:40:00+09:00,271500.0,272000.0,270500.0,270500.0,2193.0
2026-09-11 13:45:00+09:00,271000.0,271500.0,270500.0,271000.0,1492.0
2026-09-11 13:50:00+09:00,271000.0,272000.0,270500.0,271000.0,1458.0
2026-09-11 13:55:00+09:00,271000.0,271500.0,270000.0,270000.0,1815.0
2026-09-11 14:00:00+09:00,270000.0,271000.0,270000.0,270500.0,1751.0
2026-09-11 14:05:00+09:00,270500.0,272000.0,270000.0,271000.0,2027.0
2026-09-11 14:10:00+09:00,271000.0,272000.0,270500.0,271500.0,1604.0
2026-09-11 14:15:00+09:00,271500.0,272000.0,270000.0,270500.0,1821.0
2026-09-11 14:20:00+09:00,270000.0,272000.0,269500.0,270000.0,1925.0
2026-09-11 14:25:00+09:00,270000.0,271000.0,269500.0,270500.0,1648.0
2026-09-11 14:30:00+09:00,270500.0,272000.0,269500.0,271000.0,1785.0
2026-09-11 14:35:00+09:00,270500.0,272000.0,270500.0,271500.0,1606.0
2026-09-11 14:40:00+09:00,271000.0,272500.0,271000.0,272000.0,1837.0
2026-09-11 14:45:00+09:00,271500.0,273500.0,271500.0,273000.0,5393.0
2026-09-11 14:50:00+09:00,273000.0,274000.0,272500.0,274000.0,6989.0
2026-09-11 14:55:00+09:00,274000.0,275000.0,273500.0,274000.0,6379.0
2026-09-14 09:00:00+09:00,268500.0,270000.0,267000.0,267500.0,0.0
2026-09-14 09:05:00+09:00,267500.0,270000.0,267000.0,269500.0,3212.0
2026-09-14 09:10:00+09:00,270000.0,270000.0,267500.0,267500.0,2980.0
2026-09-14 09:15:00+09:00,267500.0,268000.0,266000.0,266500.0,2795.0
2026-09-14 09:20:00+09:00,266500.0,267000.0,266000.0,266500.0,1110.0
2026-09-14 09:25:00+09:00,266500.0,267000.0,265000.0,265500.0,2396.0
2026-09-14 09:30:00+09:00,265250.0,266000.0,265000.0,265000.0,1433.0
2026-09-14 09:35:00+09:00,265000.0,265000.0,264000.0,264500.0,1499.0
2026-09-14 09:40:00+09:00,265000.0,266000.0,264500.0,266000.0,675.0
2026-09-14 09:45:00+09:00,266000.0,266500.0,265500.0,266500.0,381.0
2026-09-14 09:50:00+09:00,266500.0,267000.0,265500.0,266500.0,1061.0
2026-09-14 09:55:00+09:00,266000.0,266500.0,265500.0,266000.0,406.0
2026-09-14 10:00:00+09:00,265500.0,266000.0,265000.0,266000.0,2542.0
2026-09-14 10:05:00+09:00,265500.0,265500.0,264500.0,265500.0,945.0
2026-09-14 10:10:00+09:00,265500.0,265500.0,264000.0,264500.0,1167.0
2026-09-14 10:15:00+09:00,264500.0,264500.0,264000.0,264000.0,1067.0
2026-09-14 10:20:00+09:00,264000.0,265000.0,263500.0,265000.0,1881.0
2026-09-14 10:25:00+09:00,265000.0,265000.0,264000.0,265000.0,792.0
2026-09-14 10:30:00+09:00,264500.0,265000.0,264000.0,264000.0,397.0
2026-09-14 10:35:00+09:00,264000.0,266000.0,264000.0,266000.0,1489.0
2026-09-14 10:40:00+09:00,266000.0,266000.0,265000.0,265500.0,242.0
2026-09-14 10:45:00+09:00,265500.0,266000.0,265000.0,265500.0,621.0
2026-09-14 10:50:00+09:00,265500.0,266500.0,265000.0,265500.0,815.0
2026-09-14 10:55:00+09:00,266000.0,266500.0,265500.0,265500.0,1717.0
2026-09-14 11:00:00+09:00,266000.0,266500.0,265500.0,266000.0,334.0
2026-09-14 11:05:00+09:00,266500.0,268000.0,266000.0,268000.0,876.0
2026-09-14 11:10:00+09:00,268000.0,268000.0,267500.0,268000.0,430.0
2026-09-14 11:15:00+09:00,268000.0,268000.0,267500.0,267500.0,242.0
2026-09-14 11:20:00+09:00,268000.0,268500.0,267500.0,268000.0,592.0
2026-09-14 11:25:00+09:00,268000.0,268000.0,266500.0,267000.0,471.0
2026-09-14 11:30:00+09:00,267000.0,268000.0,266500.0,267500.0,554.0
2026-09-14 11:35:00+09:00,267000.0,268000.0,267000.0,268000.0,653.0
2026-09-14 11:40:00+09:00,268000.0,268500.0,267500.0,268000.0,316.0
2026-09-14 11:45:00+09:00,268000.0,268500.0,267500.0,268500.0,371.0
2026-09-14 11:50:00+09:00,268500.0,268500.0,268000.0,268500.0,444.0
2026-09-14 11:55:00+09:00,268000.0,268500.0,268000.0,268000.0,110.0
2026-09-14 12:00:00+09:00,268500.0,268500.0,268000.0,268500.0,189.0
2026-09-14 12:05:00+09:00,268500.0,268500.0,268000.0,268500.0,762.0
2026-09-14 12:10:00+09:00,268500.0,268500.0,268000.0,268000.0,90.0
2026-09-14 12:15:00+09:00,268500.0,268500.0,268000.0,268500.0,237.0
2026-09-14 12:20:00+09:00,268500.0,268500.0,268000.0,268500.0,978.0
2026-09-14 12:25:00+09:00,269000.0,269000.0,268500.0,269000.0,138.0
2026-09-14 12:30:00+09:00,269000.0,269000.0,268000.0,268000.0,524.0
2026-09-14 12:35:00+09:00,268500.0,269000.0,268000.0,268250.0,332.0
2026-09-14 12:40:00+09:00,268250.0,268500.0,267500.0,268000.0,1029.0
2026-09-14 12:45:00+09:00,268000.0,268500.0,267500.0,268500.0,325.0
2026-09-14 12:50:00+09:00,268500.0,268500.0,268000.0,268000.0,102.0
2026-09-14 12:55:00+09:00,268500.0,268500.0,267500.0,267500.0,296.0
2026-09-14 13:00:00+09:00,268000.0,268000.0,267500.0,268000.0,122.0
2026-09-14 13:05:00+09:00,267500.0,269000.0,267500.0,268500.0,1016.0
2026-09-14 13:10:00+09:00,268500.0,268500.0,267500.0,268000.0,267.0
2026-09-14 13:15:00+09:00,268000.0,268000.0,267000.0,267500.0,446.0
2026-09-14 13:20:00+09:00,267500.0,267500.0,267000.0,267500.0,346.0
2026-09-14 13:25:00+09:00,267500.0,267500.0,267000.0,267000.0,354.0
2026-09-14 13:30:00+09:00,267000.0,267500.0,266500.0,266500.0,154.0
2026-09-14 13:35:00+09:00,266500.0,271000.0,266500.0,271000.0,5768.0
2026-09-14 13:40:00+09:00,271000.0,272000.0,269500.0,270500.0,4985.0
2026-09-14 13:45:00+09:00,270500.0,271500.0,270000.0,270500.0,4702.0
2026-09-14 13:50:00+09:00,270500.0,271500.0,270000.0,271000.0,3430.0
2026-09-14 13:55:00+09:00,271000.0,271500.0,270500.0,271000.0,4713.0
2026-09-14 14:00:00+09:00,271000.0,271000.0,269000.0,269000.0,4518.0
2026-09-14 14:05:00+09:00,270000.0,271000.0,269000.0,270000.0,3936.0
2026-09-14 14:10:00+09:00,270000.0,271000.0,269500.0,270000.0,5112.0
2026-09-14 14:15:00+09:00,270000.0,270500.0,268000.0,269500.0,3680.0
2026-09-14 14:20:00+09:00,269500.0,269500.0,268000.0,269000.0,6071.0
2026-09-14 14:25:00+09:00,268500.0,269500.0,268000.0,269000.0,4115.0
2026-09-14 14:30:00+09:00,269500.0,270000.0,267000.0,267000.0,2024.0
2026-09-14 14:35:00+09:00,267500.0,269000.0,267500.0,268000.0,2557.0
2026-09-14 14:40:00+09:00,268000.0,268000.0,266500.0,267000.0,2262.0
2026-09-14 14:45:00+09:00,266500.0,269500.0,266500.0,268500.0,3979.0
2026-09-14 14:50:00+09:00,268500.0,269500.0,268000.0,269500.0,6192.0
2026-09-14 14:55:00+09:00,269000.0,270000.0,268500.0,269000.0,4978.0
2026-09-15 09:00:00+09:00,267500.0,270000.0,267000.0,269500.0,6617.0
2026-09-15 09:05:00+09:00,269500.0,269500.0,266500.0,267000.0,2296.0
2026-09-15 09:10:00+09:00,266500.0,268000.0,265000.0,267500.0,3406.0
2026-09-15 09:15:00+09:00,267000.0,267500.0,265500.0,266500.0,1501.0
2026-09-15 09:20:00+09:00,266500.0,267500.0,266000.0,267500.0,1360.0
2026-09-15 09:25:00+09:00,267500.0,267500.0,266500.0,267000.0,1524.0
2026-09-15 09:30:00+09:00,267000.0,268000.0,266250.0,267250.0,1567.0
2026-09-15 09:35:00+09:00,267250.0,268000.0,267250.0,267750.0,1178.0
2026-09-15 09:40:00+09:00,267750.0,269500.0,267500.0,268500.0,1521.0
2026-09-15 09:45:00+09:00,268750.0,270500.0,268500.0,270000.0,2715.0
2026-09-15 09:50:00+09:00,269750.0,270500.0,269000.0,269000.0,852.0
2026-09-15 09:55:00+09:00,269000.0,270000.0,269000.0,269500.0,1111.0
2026-09-15 10:00:00+09:00,269500.0,271750.0,269500.0,271500.0,2234.0
2026-09-15 10:05:00+09:00,271500.0,272500.0,271000.0,271750.0,1901.0
2026-09-15 10:10:00+09:00,271500.0,271750.0,271000.0,271000.0,1275.0
2026-09-15 10:15:00+09:00,271250.0,272000.0,270500.0,270500.0,1719.0
2026-09-15 10:20:00+09:00,270750.0,270750.0,269000.0,269250.0,957.0
2026-09-15 10:25:00+09:00,269250.0,271000.0,269250.0,270250.0,1799.0
2026-09-15 10:30:00+09:00,270250.0,270500.0,269750.0,270250.0,1326.0
2026-09-15 10:35:00+09:00,270250.0,270500.0,269500.0,269500.0,985.0
2026-09-15 10:40:00+09:00,269750.0,269750.0,269000.0,269000.0,334.0
2026-09-15 10:45:00+09:00,269000.0,269500.0,268500.0,269000.0,1290.0
2026-09-15 10:50:00+09:00,269000.0,269000.0,268500.0,269000.0,1709.0
2026-09-15 10:55:00+09:00,269000.0,270000.0,269000.0,269500.0,980.0
2026-09-15 11:00:00+09:00,269500.0,271000.0,269250.0,270500.0,1138.0
2026-09-15 11:05:00+09:00,270750.0,272000.0,270500.0,271500.0,1436.0
2026-09-15 11:10:00+09:00,272000.0,272000.0,271000.0,271500.0,469.0
2026-09-15 11:15:00+09:00,271500.0,272000.0,271000.0,271500.0,553.0
2026-09-15 11:20:00+09:00,272000.0,272500.0,271500.0,272500.0,1569.0
2026-09-15 11:25:00+09:00,272250.0,273000.0,271500.0,272500.0,1986.0
2026-09-15 11:30:00+09:00,272500.0,273000.0,271500.0,272000.0,450.0
2026-09-15 11:35:00+09:00,272000.0,272000.0,271500.0,272000.0,844.0
2026-09-15 11:40:00+09:00,272000.0,272500.0,272000.0,272500.0,825.0
2026-09-15 11:45:00+09:00,272500.0,272500.0,271500.0,272000.0,312.0
2026-09-15 11:50:00+09:00,272000.0,272000.0,271000.0,271500.0,385.0
2026-09-15 11:55:00+09:00,271500.0,271500.0,271000.0,271250.0,463.0
2026-09-15 12:00:00+09:00,271500.0,271500.0,270500.0,271000.0,412.0
2026-09-15 12:05:00+09:00,271000.0,271000.0,270500.0,271000.0,190.0
2026-09-15 12:10:00+09:00,270500.0,271000.0,270000.0,271000.0,1524.0
2026-09-15 12:15:00+09:00,271000.0,271500.0,270500.0,271000.0,565.0
2026-09-15 12:20:00+09:00,270750.0,271000.0,270500.0,270750.0,340.0
2026-09-15 12:25:00+09:00,270750.0,271000.0,270000.0,270500.0,732.0
2026-09-15 12:30:00+09:00,270500.0,272000.0,270500.0,272000.0,492.0
2026-09-15 12:35:00+09:00,271500.0,272000.0,271500.0,271500.0,105.0
2026-09-15 12:40:00+09:00,272000.0,272000.0,271500.0,272000.0,169.0
2026-09-15 12:45:00+09:00,271500.0,272000.0,271000.0,271500.0,572.0
2026-09-15 12:50:00+09:00,271500.0,272500.0,271500.0,272000.0,920.0
2026-09-15 12:55:00+09:00,272000.0,272000.0,271500.0,272000.0,781.0
2026-09-15 13:00:00+09:00,272000.0,273000.0,272000.0,273000.0,1539.0
2026-09-15 13:05:00+09:00,273000.0,273500.0,273000.0,273000.0,1612.0
2026-09-15 13:10:00+09:00,273500.0,274000.0,272500.0,273000.0,1507.0
2026-09-15 13:15:00+09:00,273000.0,274000.0,272500.0,273500.0,2704.0
2026-09-15 13:20:00+09:00,273500.0,273500.0,272000.0,272500.0,2631.0
2026-09-15 13:25:00+09:00,272500.0,272500.0,270500.0,272000.0,2942.0
2026-09-15 13:30:00+09:00,272000.0,272500.0,271000.0,272500.0,2272.0
2026-09-15 13:35:00+09:00,272000.0,272500.0,271000.0,271500.0,2228.0
2026-09-15 13:40:00+09:00,271500.0,274000.0,271500.0,273500.0,2119.0
2026-09-15 13:45:00+09:00,273500.0,274500.0,273500.0,274000.0,2375.0
2026-09-15 13:50:00+09:00,274500.0,274500.0,272500.0,273500.0,2717.0
2026-09-15 13:55:00+09:00,273000.0,273500.0,271500.0,272500.0,2121.0
2026-09-15 14:00:00+09:00,272000.0,273500.0,272000.0,273000.0,2327.0
2026-09-15 14:05:00+09:00,273000.0,273500.0,272000.0,272500.0,3185.0
2026-09-15 14:10:00+09:00,272500.0,273000.0,271500.0,272000.0,3164.0
2026-09-15 14:15:00+09:00,272000.0,272500.0,270500.0,272000.0,2943.0
2026-09-15 14:20:00+09:00,271500.0,272500.0,271500.0,272000.0,2548.0
2026-09-15 14:25:00+09:00,272000.0,272750.0,271500.0,272500.0,2846.0
2026-09-15 14:30:00+09:00,272500.0,272500.0,271500.0,272000.0,770.0
2026-09-15 14:35:00+09:00,272000.0,272500.0,271500.0,272500.0,1430.0
2026-09-15 14:40:00+09:00,272250.0,274000.0,272000.0,274000.0,4348.0
2026-09-15 14:45:00+09:00,274000.0,275500.0,273500.0,275500.0,9184.0
2026-09-15 14:50:00+09:00,275500.0,275500.0,274000.0,275000.0,6622.0
2026-09-15 14:55:00+09:00,274500.0,275000.0,272500.0,274000.0,9049.0
2026-09-16 09:00:00+09:00,268000.0,272500.0,267500.0,272500.0,6557.0
2026-09-16 09:05:00+09:00,272500.0,274000.0,272000.0,272000.0,5147.0
2026-09-16 09:10:00+09:00,272500.0,274000.0,271500.0,273500.0,3409.0
2026-09-16 09:15:00+09:00,273500.0,276000.0,272500.0,274500.0,5630.0
2026-09-16 09:20:00+09:00,274500.0,279000.0,274500.0,275500.0,9026.0
2026-09-16 09:25:00+09:00,275000.0,275500.0,274000.0,274500.0,2824.0
2026-09-16 09:30:00+09:00,274250.0,275000.0,273500.0,274500.0,3224.0
2026-09-16 09:35:00+09:00,274250.0,276500.0,274250.0,276500.0,2908.0
2026-09-16 09:40:00+09:00,276500.0,279500.0,276500.0,279500.0,3984.0
2026-09-16 09:45:00+09:00,279500.0,280000.0,278000.0,279500.0,6229.0
2026-09-16 09:50:00+09:00,279500.0,280000.0,278000.0,278500.0,4634.0
2026-09-16 09:55:00+09:00,278500.0,278500.0,277250.0,277500.0,2271.0
2026-09-16 10:00:00+09:00,277750.0,278000.0,276000.0,276000.0,2092.0
2026-09-16 10:05:00+09:00,276000.0,276500.0,275000.0,275500.0,954.0
2026-09-16 10:10:00+09:00,275250.0,275500.0,272500.0,273000.0,3104.0
2026-09-16 10:15:00+09:00,273250.0,274500.0,273000.0,273500.0,1901.0
2026-09-16 10:20:00+09:00,273750.0,274000.0,273500.0,274000.0,1088.0
2026-09-16 10:25:00+09:00,274250.0,274500.0,273500.0,273500.0,1914.0
2026-09-16 10:30:00+09:00,274000.0,274500.0,273500.0,274500.0,1000.0
2026-09-16 10:35:00+09:00,274500.0,275000.0,273500.0,273500.0,1158.0
2026-09-16 10:40:00+09:00,273500.0,274000.0,272500.0,273000.0,1655.0
2026-09-16 10:45:00+09:00,273000.0,273000.0,271500.0,272000.0,1437.0
2026-09-16 10:50:00+09:00,272500.0,272500.0,270500.0,271500.0,2432.0
2026-09-16 10:55:00+09:00,271500.0,272000.0,271000.0,271500.0,650.0
2026-09-16 11:00:00+09:00,272000.0,272500.0,271000.0,271500.0,1671.0
2026-09-16 11:05:00+09:00,271000.0,271500.0,271000.0,271500.0,472.0
2026-09-16 11:10:00+09:00,271500.0,272000.0,271000.0,271500.0,964.0
2026-09-16 11:15:00+09:00,271000.0,272500.0,271000.0,272500.0,1501.0
2026-09-16 11:20:00+09:00,272000.0,272500.0,271500.0,272000.0,856.0
2026-09-16 11:25:00+09:00,272000.0,272500.0,271500.0,272000.0,1004.0
2026-09-16 11:30:00+09:00,272000.0,272500.0,271500.0,272500.0,1457.0
2026-09-16 11:35:00+09:00,272500.0,272500.0,271500.0,272000.0,746.0
2026-09-16 11:40:00+09:00,271500.0,272000.0,271500.0,272000.0,457.0
2026-09-16 11:45:00+09:00,271500.0,272000.0,271500.0,272000.0,798.0
2026-09-16 11:50:00+09:00,271500.0,272500.0,271500.0,272000.0,875.0
2026-09-16 11:55:00+09:00,272000.0,273000.0,272000.0,272500.0,766.0
2026-09-16 12:00:00+09:00,272500.0,273500.0,272500.0,273000.0,913.0
2026-09-16 12:05:00+09:00,273000.0,273500.0,272500.0,273500.0,579.0
2026-09-16 12:10:00+09:00,273500.0,273500.0,271500.0,273000.0,2839.0
2026-09-16 12:15:00+09:00,273000.0,273000.0,272500.0,272500.0,538.0
2026-09-16 12:20:00+09:00,273000.0,273000.0,272500.0,273000.0,579.0
2026-09-16 12:25:00+09:00,273000.0,273000.0,272000.0,272000.0,1167.0
2026-09-16 12:30:00+09:00,272000.0,272500.0,271500.0,272000.0,1239.0
2026-09-16 12:35:00+09:00,272000.0,272000.0,271500.0,272000.0,1275.0
2026-09-16 12:40:00+09:00,271500.0,272500.0,271500.0,272500.0,1276.0
2026-09-16 12:45:00+09:00,272000.0,273500.0,271500.0,273500.0,1991.0
2026-09-16 12:50:00+09:00,273500.0,274500.0,273000.0,274000.0,837.0
2026-09-16 12:55:00+09:00,274000.0,274500.0,273500.0,274000.0,1030.0
2026-09-16 13:00:00+09:00,274000.0,274500.0,274000.0,274250.0,1097.0
2026-09-16 13:05:00+09:00,274500.0,274500.0,274000.0,274500.0,716.0
2026-09-16 13:10:00+09:00,274500.0,274500.0,273000.0,274000.0,2470.0
2026-09-16 13:15:00+09:00,273500.0,274000.0,273000.0,273500.0,1888.0
2026-09-16 13:20:00+09:00,273500.0,273500.0,272000.0,272250.0,1863.0
2026-09-16 13:25:00+09:00,272250.0,272500.0,272000.0,272000.0,608.0
2026-09-16 13:30:00+09:00,272000.0,272500.0,271000.0,271000.0,2335.0
2026-09-16 13:35:00+09:00,271500.0,271500.0,270500.0,270500.0,1402.0
2026-09-16 13:40:00+09:00,270500.0,271500.0,270000.0,271500.0,3656.0
2026-09-16 13:45:00+09:00,271000.0,272000.0,271000.0,272000.0,682.0
2026-09-16 13:50:00+09:00,272000.0,272500.0,271500.0,272000.0,843.0
2026-09-16 13:55:00+09:00,271500.0,272000.0,271500.0,271500.0,744.0
2026-09-16 14:00:00+09:00,272000.0,272000.0,271500.0,272000.0,1603.0
2026-09-16 14:05:00+09:00,272000.0,272500.0,271500.0,272000.0,1769.0
2026-09-16 14:10:00+09:00,272500.0,273000.0,272000.0,273000.0,854.0
2026-09-16 14:15:00+09:00,273000.0,273000.0,272500.0,272500.0,874.0
2026-09-16 14:20:00+09:00,273000.0,273000.0,272000.0,272000.0,2082.0
2026-09-16 14:25:00+09:00,272500.0,272500.0,271500.0,271500.0,2850.0
2026-09-16 14:30:00+09:00,272000.0,273000.0,271500.0,272000.0,2800.0
2026-09-16 14:35:00+09:00,272000.0,272500.0,272000.0,272500.0,1100.0
2026-09-16 14:40:00+09:00,272500.0,273000.0,272000.0,272500.0,1527.0
2026-09-16 14:45:00+09:00,273000.0,273000.0,271000.0,271500.0,3406.0
2026-09-16 14:50:00+09:00,271000.0,271500.0,270500.0,271000.0,1469.0
2026-09-16 14:55:00+09:00,270500.0,271000.0,270000.0,270500.0,2541.0
2026-09-17 09:00:00+09:00,272500.0,272500.0,269000.0,270500.0,5628.0
2026-09-17 09:05:00+09:00,270000.0,272000.0,269500.0,270000.0,2606.0
2026-09-17 09:10:00+09:00,269500.0,270500.0,268000.0,268000.0,2465.0
2026-09-17 09:15:00+09:00,268000.0,269000.0,267500.0,268500.0,1706.0
2026-09-17 09:20:00+09:00,268500.0,268500.0,268000.0,268500.0,1349.0
2026-09-17 09:25:00+09:00,268500.0,268500.0,266500.0,266500.0,3630.0
2026-09-17 09:30:00+09:00,267000.0,270000.0,267000.0,269000.0,2363.0
2026-09-17 09:35:00+09:00,269000.0,270000.0,268500.0,269000.0,2310.0
2026-09-17 09:40:00+09:00,269000.0,269000.0,268500.0,269000.0,1040.0
2026-09-17 09:45:00+09:00,268500.0,269000.0,267500.0,268500.0,1064.0
2026-09-17 09:50:00+09:00,268000.0,268500.0,267500.0,267500.0,1230.0
2026-09-17 09:55:00+09:00,267500.0,268500.0,267000.0,268000.0,1338.0
2026-09-17 10:00:00+09:00,268000.0,269500.0,268000.0,268500.0,1163.0
2026-09-17 10:05:00+09:00,269000.0,269500.0,268000.0,269000.0,1318.0
2026-09-17 10:10:00+09:00,269500.0,269500.0,268000.0,269000.0,1436.0
2026-09-17 10:15:00+09:00,269000.0,269500.0,268000.0,268000.0,792.0
2026-09-17 10:20:00+09:00,268000.0,268500.0,267500.0,268500.0,2799.0
2026-09-17 10:25:00+09:00,268500.0,269000.0,267500.0,268500.0,1151.0
2026-09-17 10:30:00+09:00,268500.0,269000.0,268000.0,269000.0,940.0
2026-09-17 10:35:00+09:00,268500.0,269000.0,267500.0,268500.0,2034.0
2026-09-17 10:40:00+09:00,268500.0,269000.0,268000.0,269000.0,990.0
2026-09-17 10:45:00+09:00,269000.0,269500.0,268000.0,268500.0,1548.0
2026-09-17 10:50:00+09:00,268000.0,268500.0,267500.0,268000.0,1032.0
2026-09-17 10:55:00+09:00,267500.0,268000.0,267500.0,267500.0,946.0
2026-09-17 11:00:00+09:00,267500.0,268000.0,267500.0,267500.0,1638.0
2026-09-17 11:05:00+09:00,267500.0,268000.0,267000.0,267000.0,1041.0
2026-09-17 11:10:00+09:00,267500.0,268000.0,267000.0,267500.0,1173.0
2026-09-17 11:15:00+09:00,267500.0,268000.0,267000.0,267000.0,1190.0
2026-09-17 11:20:00+09:00,267500.0,268000.0,267000.0,267500.0,1946.0
2026-09-17 11:25:00+09:00,267000.0,268000.0,266500.0,267000.0,1723.0
2026-09-17 11:30:00+09:00,267000.0,268000.0,266500.0,267000.0,1066.0
2026-09-17 11:35:00+09:00,267000.0,268000.0,267000.0,267500.0,960.0
2026-09-17 11:40:00+09:00,267000.0,268000.0,267000.0,267500.0,816.0
2026-09-17 11:45:00+09:00,267500.0,268500.0,267000.0,267500.0,954.0
2026-09-17 11:50:00+09:00,267500.0,268500.0,267500.0,268000.0,916.0
2026-09-17 11:55:00+09:00,267500.0,268500.0,267500.0,267500.0,902.0
2026-09-17 12:00:00+09:00,268000.0,268000.0,267000.0,267000.0,915.0
2026-09-17 12:05:00+09:00,267500.0,267500.0,267000.0,267500.0,352.0
2026-09-17 12:10:00+09:00,267250.0,267500.0,266500.0,267000.0,1474.0
2026-09-17 12:15:00+09:00,266500.0,267000.0,266500.0,267000.0,567.0
2026-09-17 12:20:00+09:00,266500.0,267000.0,266000.0,266000.0,2344.0
2026-09-17 12:25:00+09:00,266500.0,267000.0,266000.0,267000.0,892.0
2026-09-17 12:30:00+09:00,266500.0,267000.0,266500.0,266500.0,313.0
2026-09-17 12:35:00+09:00,266500.0,267000.0,266000.0,266000.0,1128.0
2026-09-17 12:40:00+09:00,266000.0,266500.0,266000.0,266250.0,862.0
2026-09-17 12:45:00+09:00,266000.0,266500.0,266000.0,266500.0,638.0
2026-09-17 12:50:00+09:00,266500.0,267000.0,266000.0,267000.0,643.0
2026-09-17 12:55:00+09:00,266500.0,268500.0,266500.0,267500.0,1286.0
2026-09-17 13:00:00+09:00,267500.0,268000.0,267000.0,267500.0,752.0
2026-09-17 13:05:00+09:00,267500.0,268000.0,267000.0,268000.0,1285.0
2026-09-17 13:10:00+09:00,267500.0,268000.0,267500.0,267500.0,447.0
2026-09-17 13:15:00+09:00,267500.0,268000.0,267000.0,267000.0,645.0
2026-09-17 13:20:00+09:00,267000.0,267500.0,267000.0,267000.0,471.0
2026-09-17 13:25:00+09:00,267000.0,269000.0,266500.0,268500.0,3983.0
2026-09-17 13:30:00+09:00,269000.0,269000.0,268000.0,268500.0,1495.0
2026-09-17 13:35:00+09:00,268000.0,269500.0,268000.0,269000.0,1974.0
2026-09-17 13:40:00+09:00,269500.0,269500.0,268500.0,269500.0,2493.0
2026-09-17 13:45:00+09:00,269000.0,269500.0,268500.0,269000.0,1803.0
2026-09-17 13:50:00+09:00,268500.0,269000.0,268000.0,268500.0,1616.0
2026-09-17 13:55:00+09:00,268500.0,269000.0,268000.0,269000.0,1121.0
2026-09-17 14:00:00+09:00,269000.0,269000.0,268500.0,269000.0,931.0
2026-09-17 14:05:00+09:00,268500.0,269000.0,268500.0,269000.0,1233.0
2026-09-17 14:10:00+09:00,269000.0,269000.0,268500.0,269000.0,1059.0
2026-09-17 14:15:00+09:00,269000.0,269500.0,268000.0,268250.0,2333.0
2026-09-17 14:20:00+09:00,268500.0,268500.0,267500.0,268000.0,1425.0
2026-09-17 14:25:00+09:00,268500.0,268500.0,267500.0,267500.0,1423.0
2026-09-17 14:30:00+09:00,268000.0,268500.0,267500.0,267500.0,1075.0
2026-09-17 14:35:00+09:00,267500.0,268500.0,267500.0,268000.0,1125.0
2026-09-17 14:40:00+09:00,267500.0,268000.0,267000.0,267500.0,1905.0
2026-09-17 14:45:00+09:00,267500.0,268000.0,267000.0,267500.0,1794.0
2026-09-17 14:50:00+09:00,267500.0,268000.0,267500.0,268000.0,1468.0
2026-09-17 14:55:00+09:00,267500.0,268000.0,267000.0,267000.0,2176.0
2026-09-18 09:00:00+09:00,271000.0,273500.0,270500.0,270500.0,5132.0
2026-09-18 09:05:00+09:00,270500.0,271000.0,269000.0,271000.0,1813.0
2026-09-18 09:10:00+09:00,271000.0,271000.0,270000.0,270500.0,878.0
2026-09-18 09:15:00+09:00,270500.0,270750.0,269000.0,269000.0,2633.0
2026-09-18 09:20:00+09:00,269250.0,270000.0,269000.0,269750.0,1073.0
2026-09-18 09:25:00+09:00,269750.0,270000.0,268500.0,268750.0,1168.0
2026-09-18 09:30:00+09:00,268750.0,269250.0,268250.0,269000.0,1457.0
2026-09-18 09:35:00+09:00,269000.0,269000.0,268000.0,268250.0,672.0
2026-09-18 09:40:00+09:00,268250.0,269250.0,268000.0,268750.0,856.0
2026-09-18 09:45:00+09:00,269000.0,269250.0,268250.0,268500.0,988.0
2026-09-18 09:50:00+09:00,268250.0,268500.0,268000.0,268500.0,749.0
2026-09-18 09:55:00+09:00,268500.0,268750.0,268000.0,268500.0,366.0
2026-09-18 10:00:00+09:00,268500.0,269000.0,267500.0,267500.0,1944.0
2026-09-18 10:05:00+09:00,268000.0,268000.0,266500.0,266750.0,914.0
2026-09-18 10:10:00+09:00,266750.0,267000.0,266000.0,266000.0,1231.0
2026-09-18 10:15:00+09:00,266000.0,266500.0,265500.0,266500.0,1173.0
2026-09-18 10:20:00+09:00,266250.0,267000.0,266000.0,266750.0,639.0
2026-09-18 10:25:00+09:00,266750.0,267000.0,266000.0,266000.0,1111.0
2026-09-18 10:30:00+09:00,266500.0,266500.0,265500.0,266250.0,1312.0
2026-09-18 10:35:00+09:00,266250.0,267000.0,266000.0,266750.0,1088.0
2026-09-18 10:40:00+09:00,267000.0,267000.0,266500.0,266750.0,111.0
2026-09-18 10:45:00+09:00,266750.0,267000.0,266000.0,266250.0,535.0
2026-09-18 10:50:00+09:00,266250.0,266500.0,266000.0,266000.0,807.0
2026-09-18 10:55:00+09:00,266000.0,266000.0,265500.0,266000.0,818.0
2026-09-18 11:00:00+09:00,265500.0,266000.0,265500.0,266000.0,530.0
2026-09-18 11:05:00+09:00,266000.0,266000.0,265500.0,265750.0,391.0
2026-09-18 11:10:00+09:00,265750.0,266500.0,265500.0,266500.0,1097.0
2026-09-18 11:15:00+09:00,266500.0,266500.0,266000.0,266500.0,86.0
2026-09-18 11:20:00+09:00,266250.0,266500.0,266000.0,266500.0,121.0
2026-09-18 11:25:00+09:00,266500.0,266500.0,266000.0,266000.0,488.0
2026-09-18 11:30:00+09:00,266500.0,267500.0,266000.0,267500.0,1430.0
2026-09-18 11:35:00+09:00,267250.0,267500.0,267000.0,267500.0,271.0
2026-09-18 11:40:00+09:00,267500.0,267750.0,267000.0,267250.0,305.0
2026-09-18 11:45:00+09:00,267500.0,267500.0,267000.0,267500.0,182.0
2026-09-18 11:50:00+09:00,267250.0,267500.0,267000.0,267250.0,158.0
2026-09-18 11:55:00+09:00,267500.0,267500.0,266000.0,266750.0,1503.0
2026-09-18 12:00:00+09:00,267000.0,267000.0,266500.0,266500.0,513.0
2026-09-18 12:05:00+09:00,266750.0,267000.0,266000.0,266500.0,1140.0
2026-09-18 12:10:00+09:00,266500.0,267000.0,266000.0,267000.0,1100.0
2026-09-18 12:15:00+09:00,266750.0,267000.0,266500.0,266500.0,219.0
2026-09-18 12:20:00+09:00,266750.0,267000.0,266000.0,266750.0,1955.0
2026-09-18 12:25:00+09:00,267000.0,267500.0,266500.0,267000.0,595.0
2026-09-18 12:30:00+09:00,267000.0,267000.0,266000.0,266500.0,546.0
2026-09-18 12:35:00+09:00,266250.0,267000.0,266000.0,267000.0,659.0
2026-09-18 12:40:00+09:00,267000.0,267000.0,266000.0,267000.0,653.0
2026-09-18 12:45:00+09:00,266750.0,267000.0,266500.0,267000.0,1727.0
2026-09-18 12:50:00+09:00,266500.0,268000.0,266500.0,267500.0,553.0
2026-09-18 12:55:00+09:00,267500.0,268000.0,267500.0,268000.0,244.0
2026-09-18 13:00:00+09:00,268000.0,268000.0,267500.0,268000.0,499.0
2026-09-18 13:05:00+09:00,267500.0,267750.0,266500.0,267500.0,2603.0
2026-09-18 13:10:00+09:00,267500.0,267500.0,266000.0,266500.0,1552.0
2026-09-18 13:15:00+09:00,266750.0,267000.0,266500.0,266500.0,398.0
2026-09-18 13:20:00+09:00,266750.0,267000.0,266500.0,267000.0,786.0
2026-09-18 13:25:00+09:00,266750.0,267000.0,266500.0,266500.0,665.0
2026-09-18 13:30:00+09:00,266500.0,267000.0,266500.0,267000.0,530.0
2026-09-18 13:35:00+09:00,266500.0,268000.0,266500.0,267500.0,3150.0
2026-09-18 13:40:00+09:00,267500.0,268000.0,267000.0,267500.0,622.0
2026-09-18 13:45:00+09:00,267500.0,268000.0,267000.0,267500.0,609.0
2026-09-18 13:50:00+09:00,267000.0,267500.0,266500.0,267000.0,1217.0
2026-09-18 13:55:00+09:00,266750.0,267500.0,266500.0,267250.0,1265.0
2026-09-18 14:00:00+09:00,267500.0,268000.0,267000.0,267750.0,1434.0
2026-09-18 14:05:00+09:00,268000.0,268000.0,267500.0,268000.0,378.0
2026-09-18 14:10:00+09:00,268000.0,268000.0,267000.0,267500.0,1819.0
2026-09-18 14:15:00+09:00,267250.0,268500.0,267000.0,268000.0,2488.0
2026-09-18 14:20:00+09:00,268500.0,268500.0,267000.0,268000.0,2059.0
2026-09-18 14:25:00+09:00,268000.0,268000.0,267000.0,267500.0,1931.0
2026-09-18 14:30:00+09:00,268000.0,268500.0,267500.0,268000.0,2250.0
2026-09-18 14:35:00+09:00,268500.0,268500.0,268000.0,268000.0,684.0
2026-09-18 14:40:00+09:00,268000.0,268500.0,268000.0,268000.0,914.0
2026-09-18 14:45:00+09:00,268000.0,268500.0,267500.0,267500.0,2438.0
2026-09-18 14:50:00+09:00,267500.0,268500.0,267500.0,268000.0,3989.0
2026-09-18 14:55:00+09:00,268250.0,269000.0,268000.0,268000.0,2356.0
2026-09-21 09:00:00+09:00,265500.0,266500.0,261000.0,262000.0,0.0
2026-09-21 09:05:00+09:00,262000.0,263000.0,260500.0,261000.0,6414.0
2026-09-21 09:10:00+09:00,261500.0,261500.0,259500.0,260000.0,6309.0
2026-09-21 09:15:00+09:00,260500.0,261000.0,259500.0,260500.0,3134.0
2026-09-21 09:20:00+09:00,260000.0,261500.0,259500.0,260000.0,1802.0
2026-09-21 09:25:00+09:00,260000.0,261000.0,259500.0,261000.0,2669.0
2026-09-21 09:30:00+09:00,261000.0,261000.0,260000.0,260500.0,1726.0
2026-09-21 09:35:00+09:00,260500.0,261500.0,260000.0,261000.0,1422.0
2026-09-21 09:40:00+09:00,261000.0,262000.0,260500.0,261000.0,2008.0
2026-09-21 09:45:00+09:00,260500.0,262000.0,260500.0,262000.0,1236.0
2026-09-21 09:50:00+09:00,261500.0,262000.0,261500.0,262000.0,900.0
2026-09-21 09:55:00+09:00,262000.0,262000.0,261500.0,262000.0,989.0
2026-09-21 10:00:00+09:00,262000.0,262500.0,261500.0,262000.0,1923.0
2026-09-21 10:05:00+09:00,261500.0,262500.0,261500.0,261500.0,2209.0
2026-09-21 10:10:00+09:00,262000.0,262500.0,261500.0,262000.0,3412.0
2026-09-21 10:15:00+09:00,262000.0,262500.0,261000.0,261000.0,1504.0
2026-09-21 10:20:00+09:00,261000.0,261500.0,261000.0,261500.0,1018.0
2026-09-21 10:25:00+09:00,261500.0,262000.0,261000.0,261500.0,1252.0
2026-09-21 10:30:00+09:00,261500.0,262500.0,261500.0,262500.0,915.0
2026-09-21 10:35:00+09:00,262000.0,263000.0,262000.0,263000.0,3557.0
2026-09-21 10:40:00+09:00,263000.0,263000.0,262000.0,262500.0,695.0
2026-09-21 10:45:00+09:00,262500.0,263000.0,262000.0,262500.0,816.0
2026-09-21 10:50:00+09:00,263000.0,263000.0,262000.0,262000.0,740.0
2026-09-21 10:55:00+09:00,262500.0,262500.0,262000.0,262500.0,570.0
2026-09-21 11:00:00+09:00,262500.0,262500.0,262000.0,262000.0,640.0
2026-09-21 11:05:00+09:00,262500.0,262500.0,262000.0,262500.0,429.0
2026-09-21 11:10:00+09:00,262500.0,262500.0,262000.0,262500.0,2288.0
2026-09-21 11:15:00+09:00,262500.0,262500.0,262000.0,262500.0,692.0
2026-09-21 11:20:00+09:00,262500.0,262500.0,262000.0,262000.0,664.0
2026-09-21 11:25:00+09:00,262500.0,262500.0,262000.0,262500.0,734.0
2026-09-21 11:30:00+09:00,262500.0,262500.0,261000.0,261000.0,1854.0
2026-09-21 11:35:00+09:00,261000.0,261500.0,261000.0,261500.0,581.0
2026-09-21 11:40:00+09:00,261000.0,262000.0,261000.0,261000.0,1670.0
2026-09-21 11:45:00+09:00,261500.0,261500.0,261000.0,261000.0,2098.0
2026-09-21 11:50:00+09:00,261000.0,261500.0,261000.0,261250.0,414.0
2026-09-21 11:55:00+09:00,261500.0,262000.0,261000.0,262000.0,1230.0
2026-09-21 12:00:00+09:00,262000.0,262000.0,261000.0,261500.0,833.0
2026-09-21 12:05:00+09:00,261500.0,262000.0,261500.0,262000.0,395.0
2026-09-21 12:10:00+09:00,262000.0,262000.0,261000.0,261000.0,1297.0
2026-09-21 12:15:00+09:00,261000.0,261500.0,261000.0,261500.0,1856.0
2026-09-21 12:20:00+09:00,261500.0,262000.0,261500.0,262000.0,1181.0
2026-09-21 12:25:00+09:00,262000.0,262000.0,261000.0,261500.0,754.0
2026-09-21 12:30:00+09:00,261500.0,261500.0,261000.0,261500.0,526.0
2026-09-21 12:35:00+09:00,261000.0,261500.0,261000.0,261000.0,490.0
2026-09-21 12:40:00+09:00,261500.0,261500.0,261000.0,261000.0,338.0
2026-09-21 12:45:00+09:00,261500.0,261500.0,261000.0,261500.0,790.0
2026-09-21 12:50:00+09:00,261250.0,261500.0,261000.0,261500.0,843.0
2026-09-21 12:55:00+09:00,261500.0,261500.0,261000.0,261500.0,1068.0
2026-09-21 13:00:00+09:00,261500.0,261500.0,261000.0,261500.0,635.0
2026-09-21 13:05:00+09:00,261000.0,261500.0,261000.0,261500.0,677.0
2026-09-21 13:10:00+09:00,261500.0,261500.0,261000.0,261000.0,435.0
2026-09-21 13:15:00+09:00,261500.0,261500.0,260500.0,261000.0,2397.0
2026-09-21 13:20:00+09:00,261000.0,261500.0,260500.0,261500.0,2329.0
2026-09-21 13:25:00+09:00,261500.0,262000.0,261000.0,262000.0,1116.0
2026-09-21 13:30:00+09:00,261500.0,262000.0,261500.0,262000.0,1194.0
2026-09-21 13:35:00+09:00,261500.0,262000.0,261500.0,261500.0,822.0
2026-09-21 13:40:00+09:00,262000.0,262000.0,261000.0,261500.0,1451.0
2026-09-21 13:45:00+09:00,261000.0,261500.0,261000.0,261000.0,803.0
2026-09-21 13:50:00+09:00,261000.0,261500.0,260000.0,260000.0,3835.0
2026-09-21 13:55:00+09:00,260500.0,260500.0,260000.0,260500.0,946.0
2026-09-21 14:00:00+09:00,260250.0,260500.0,259000.0,259500.0,6261.0
2026-09-21 14:05:00+09:00,260000.0,260000.0,259500.0,259500.0,786.0
2026-09-21 14:10:00+09:00,260000.0,260000.0,259000.0,259000.0,2362.0
2026-09-21 14:15:00+09:00,259500.0,259500.0,259000.0,259500.0,976.0
2026-09-21 14:20:00+09:00,259000.0,260000.0,259000.0,259500.0,5711.0
2026-09-21 14:25:00+09:00,260000.0,260000.0,259500.0,260000.0,1431.0
2026-09-21 14:30:00+09:00,259500.0,260000.0,259500.0,260000.0,788.0
2026-09-21 14:35:00+09:00,259500.0,260000.0,259500.0,259500.0,2308.0
2026-09-21 14:40:00+09:00,260000.0,260000.0,258000.0,258000.0,4494.0
2026-09-21 14:45:00+09:00,258000.0,259000.0,258000.0,258500.0,6735.0
2026-09-21 14:50:00+09:00,258500.0,259000.0,258000.0,258000.0,3850.0
2026-09-21 14:55:00+09:00,258000.0,258500.0,257500.0,257500.0,4935.0
2026-09-22 09:00:00+09:00,261000.0,261500.0,259500.0,260000.0,7855.0
2026-09-22 09:05:00+09:00,259500.0,260000.0,259000.0,259750.0,3163.0
2026-09-22 09:10:00+09:00,260000.0,260000.0,257500.0,259000.0,6143.0
2026-09-22 09:15:00+09:00,258500.0,259000.0,258000.0,258000.0,2717.0
2026-09-22 09:20:00+09:00,258500.0,258500.0,257500.0,257500.0,1997.0
2026-09-22 09:25:00+09:00,257000.0,257500.0,256500.0,256500.0,2418.0
2026-09-22 09:30:00+09:00,256500.0,258500.0,256500.0,258000.0,6254.0
2026-09-22 09:35:00+09:00,258000.0,258000.0,257000.0,257500.0,1027.0
2026-09-22 09:40:00+09:00,257500.0,258000.0,257000.0,257000.0,1683.0
2026-09-22 09:45:00+09:00,257000.0,258000.0,256500.0,257500.0,5816.0
2026-09-22 09:50:00+09:00,258000.0,258500.0,257500.0,258000.0,1397.0
2026-09-22 09:55:00+09:00,258000.0,259500.0,257500.0,259000.0,2302.0
2026-09-22 10:00:00+09:00,259000.0,259500.0,258000.0,258000.0,1465.0
2026-09-22 10:05:00+09:00,258500.0,258500.0,257500.0,257500.0,1098.0
2026-09-22 10:10:00+09:00,258000.0,258000.0,257500.0,257500.0,1457.0
2026-09-22 10:15:00+09:00,257500.0,258000.0,256500.0,257000.0,1709.0
2026-09-22 10:20:00+09:00,256500.0,257000.0,256500.0,256500.0,1198.0
2026-09-22 10:25:00+09:00,256500.0,257000.0,256000.0,256000.0,1528.0
2026-09-22 10:30:00+09:00,256000.0,256500.0,256000.0,256000.0,782.0
2026-09-22 10:35:00+09:00,256000.0,256500.0,256000.0,256000.0,1286.0
2026-09-22 10:40:00+09:00,256000.0,257000.0,256000.0,257000.0,3683.0
2026-09-22 10:45:00+09:00,256500.0,258000.0,256500.0,257500.0,3166.0
2026-09-22 10:50:00+09:00,257500.0,257500.0,257000.0,257000.0,529.0
2026-09-22 10:55:00+09:00,257000.0,257500.0,257000.0,257000.0,914.0
2026-09-22 11:00:00+09:00,257000.0,257500.0,257000.0,257000.0,951.0
2026-09-22 11:05:00+09:00,257500.0,257500.0,257000.0,257000.0,1855.0
2026-09-22 11:10:00+09:00,257500.0,257500.0,257000.0,257000.0,1020.0
2026-09-22 11:15:00+09:00,257000.0,257500.0,257000.0,257000.0,716.0
2026-09-22 11:20:00+09:00,257000.0,257500.0,257000.0,257000.0,741.0
2026-09-22 11:25:00+09:00,257250.0,257500.0,257000.0,257000.0,1119.0
2026-09-22 11:30:00+09:00,257000.0,257500.0,256500.0,256500.0,1001.0
2026-09-22 11:35:00+09:00,257000.0,257000.0,256500.0,256500.0,559.0
2026-09-22 11:40:00+09:00,256500.0,257000.0,256500.0,256500.0,703.0
2026-09-22 11:45:00+09:00,256500.0,257000.0,256500.0,256500.0,748.0
2026-09-22 11:50:00+09:00,256500.0,257000.0,256500.0,256500.0,740.0
2026-09-22 11:55:00+09:00,257000.0,257000.0,256000.0,256000.0,1907.0
2026-09-22 12:00:00+09:00,256000.0,256500.0,256000.0,256000.0,880.0
2026-09-22 12:05:00+09:00,256000.0,256500.0,256000.0,256000.0,595.0
2026-09-22 12:10:00+09:00,256000.0,256500.0,256000.0,256000.0,797.0
2026-09-22 12:15:00+09:00,256000.0,256500.0,256000.0,256000.0,744.0
2026-09-22 12:20:00+09:00,256000.0,256500.0,256000.0,256000.0,776.0
2026-09-22 12:25:00+09:00,256000.0,256500.0,256000.0,256000.0,844.0
2026-09-22 12:30:00+09:00,256000.0,256500.0,256000.0,256000.0,794.0
2026-09-22 12:35:00+09:00,256000.0,256500.0,255500.0,255500.0,1076.0
2026-09-22 12:40:00+09:00,256000.0,256000.0,255500.0,256000.0,1301.0
2026-09-22 12:45:00+09:00,255500.0,256000.0,255500.0,255500.0,610.0
2026-09-22 12:50:00+09:00,255500.0,256000.0,255500.0,256000.0,1193.0
2026-09-22 12:55:00+09:00,255500.0,256000.0,255500.0,255500.0,822.0
2026-09-22 13:00:00+09:00,256000.0,256000.0,254500.0,255000.0,10907.0
2026-09-22 13:05:00+09:00,254500.0,255000.0,254500.0,255000.0,1315.0
2026-09-22 13:10:00+09:00,254500.0,256000.0,254500.0,255000.0,8009.0
2026-09-22 13:15:00+09:00,255500.0,255500.0,254500.0,254500.0,909.0
2026-09-22 13:20:00+09:00,255000.0,255000.0,254500.0,254500.0,730.0
2026-09-22 13:25:00+09:00,254500.0,255000.0,254500.0,254500.0,819.0
2026-09-22 13:30:00+09:00,254500.0,255000.0,254500.0,254500.0,1078.0
2026-09-22 13:35:00+09:00,254500.0,255000.0,254500.0,254500.0,1065.0
2026-09-22 13:40:00+09:00,254500.0,255000.0,254500.0,254500.0,762.0
2026-09-22 13:45:00+09:00,254500.0,255000.0,254000.0,254500.0,4990.0
2026-09-22 13:50:00+09:00,255000.0,255000.0,254500.0,254500.0,424.0
2026-09-22 13:55:00+09:00,254500.0,255000.0,254000.0,254000.0,2798.0
2026-09-22 14:00:00+09:00,254000.0,255500.0,254000.0,254500.0,4600.0
2026-09-22 14:05:00+09:00,254500.0,255000.0,254500.0,254500.0,688.0
2026-09-22 14:10:00+09:00,255000.0,255000.0,254500.0,254500.0,480.0
2026-09-22 14:15:00+09:00,254500.0,256000.0,254500.0,255000.0,3932.0
2026-09-22 14:20:00+09:00,255500.0,255500.0,254500.0,254500.0,2084.0
2026-09-22 14:25:00+09:00,254500.0,255000.0,254000.0,254000.0,2628.0
2026-09-22 14:30:00+09:00,254000.0,254500.0,254000.0,254500.0,1165.0
2026-09-22 14:35:00+09:00,254000.0,254500.0,254000.0,254000.0,1343.0
2026-09-22 14:40:00+09:00,254000.0,256000.0,254000.0,254500.0,4917.0
2026-09-22 14:45:00+09:00,254500.0,255000.0,254000.0,254000.0,3091.0
2026-09-22 14:50:00+09:00,254500.0,255000.0,254000.0,254000.0,5037.0
2026-09-22 14:55:00+09:00,254000.0,255000.0,254000.0,254500.0,5067.0
2026-09-23 09:00:00+09:00,256500.0,257000.0,254000.0,257000.0,4282.0
2026-09-23 09:05:00+09:00,257000.0,259500.0,257000.0,258500.0,4632.0
2026-09-23 09:10:00+09:00,258500.0,260000.0,257500.0,258000.0,2807.0
2026-09-23 09:15:00+09:00,258000.0,259500.0,257500.0,259000.0,2140.0
2026-09-23 09:20:00+09:00,259000.0,260000.0,259000.0,259500.0,4200.0
2026-09-23 09:25:00+09:00,259500.0,260500.0,258500.0,258500.0,4027.0
2026-09-23 09:30:00+09:00,258500.0,260000.0,258500.0,259000.0,1670.0
2026-09-23 09:35:00+09:00,259500.0,260000.0,259000.0,259000.0,1942.0
2026-09-23 09:40:00+09:00,259000.0,259500.0,258500.0,258500.0,1263.0
2026-09-23 09:45:00+09:00,258500.0,259000.0,257500.0,258000.0,1941.0
2026-09-23 09:50:00+09:00,257500.0,258000.0,257500.0,257500.0,1159.0
2026-09-23 09:55:00+09:00,257500.0,257500.0,256500.0,256500.0,1027.0
2026-09-23 10:00:00+09:00,256500.0,258000.0,256500.0,258000.0,3050.0
2026-09-23 10:05:00+09:00,257500.0,258000.0,256500.0,256500.0,1504.0
2026-09-23 10:10:00+09:00,256500.0,257000.0,256500.0,257000.0,249.0
2026-09-23 10:15:00+09:00,256500.0,256500.0,255500.0,256000.0,1502.0
2026-09-23 10:20:00+09:00,255500.0,256500.0,255500.0,256000.0,1160.0
2026-09-23 10:25:00+09:00,255500.0,256000.0,255000.0,255000.0,1318.0
2026-09-23 10:30:00+09:00,255000.0,255500.0,254000.0,254000.0,2183.0
2026-09-23 10:35:00+09:00,254000.0,254500.0,254000.0,254500.0,1103.0
2026-09-23 10:40:00+09:00,254000.0,254500.0,253500.0,253500.0,1474.0
2026-09-23 10:45:00+09:00,253500.0,254000.0,253500.0,254000.0,905.0
2026-09-23 10:50:00+09:00,253500.0,254500.0,253000.0,254500.0,2378.0
2026-09-23 10:55:00+09:00,254000.0,254500.0,254000.0,254500.0,771.0
2026-09-23 11:00:00+09:00,254000.0,254500.0,254000.0,254000.0,534.0
2026-09-23 11:05:00+09:00,254000.0,254500.0,253500.0,253500.0,1608.0
2026-09-23 11:10:00+09:00,254000.0,254000.0,253500.0,253500.0,614.0
2026-09-23 11:15:00+09:00,253500.0,254000.0,253000.0,253500.0,1546.0
2026-09-23 11:20:00+09:00,253500.0,254000.0,253500.0,253500.0,737.0
2026-09-23 11:25:00+09:00,254000.0,254000.0,253500.0,253500.0,1052.0
2026-09-23 11:30:00+09:00,254000.0,254000.0,253000.0,253000.0,1649.0
2026-09-23 11:35:00+09:00,253500.0,253500.0,253000.0,253500.0,1090.0
2026-09-23 11:40:00+09:00,253500.0,254000.0,253000.0,253500.0,630.0
2026-09-23 11:45:00+09:00,253500.0,254000.0,253500.0,253500.0,495.0
2026-09-23 11:50:00+09:00,253500.0,254000.0,253500.0,254000.0,587.0
2026-09-23 11:55:00+09:00,253500.0,254000.0,253500.0,254000.0,615.0
2026-09-23 12:00:00+09:00,254000.0,254000.0,252500.0,253000.0,2793.0
2026-09-23 12:05:00+09:00,252500.0,253000.0,252500.0,252500.0,543.0
2026-09-23 12:10:00+09:00,252500.0,253000.0,252500.0,252500.0,603.0
2026-09-23 12:15:00+09:00,252500.0,253000.0,252500.0,252500.0,552.0
2026-09-23 12:20:00+09:00,252500.0,253000.0,252500.0,253000.0,617.0
2026-09-23 12:25:00+09:00,253000.0,253000.0,252500.0,253000.0,1134.0
2026-09-23 12:30:00+09:00,253000.0,253500.0,252500.0,253000.0,1048.0
2026-09-23 12:35:00+09:00,253500.0,253500.0,253000.0,253500.0,791.0
2026-09-23 12:40:00+09:00,253000.0,254000.0,253000.0,253500.0,1722.0
2026-09-23 12:45:00+09:00,253500.0,254000.0,253000.0,253000.0,879.0
2026-09-23 12:50:00+09:00,253000.0,254000.0,253000.0,253500.0,940.0
2026-09-23 12:55:00+09:00,253000.0,253500.0,253000.0,253000.0,788.0
2026-09-23 13:00:00+09:00,253500.0,253500.0,253000.0,253000.0,658.0
2026-09-23 13:05:00+09:00,253500.0,253500.0,253000.0,253500.0,673.0
2026-09-23 13:10:00+09:00,253000.0,253500.0,253000.0,253500.0,717.0
2026-09-23 13:15:00+09:00,253000.0,253500.0,253000.0,253500.0,1056.0
2026-09-23 13:20:00+09:00,253500.0,253500.0,253000.0,253500.0,914.0
2026-09-23 13:25:00+09:00,253000.0,253500.0,253000.0,253500.0,861.0
2026-09-23 13:30:00+09:00,253000.0,253500.0,253000.0,253000.0,763.0
2026-09-23 13:35:00+09:00,253000.0,253500.0,253000.0,253500.0,1342.0
2026-09-23 13:40:00+09:00,253000.0,253500.0,253000.0,253500.0,1058.0
2026-09-23 13:45:00+09:00,253500.0,254000.0,253000.0,254000.0,2528.0
2026-09-23 13:50:00+09:00,254000.0,254000.0,253500.0,253500.0,1163.0
