,Open,High,Low,Close,Volume
2026-06-29 09:00:00+09:00,85100.0,85800.0,83600.0,85700.0,22369.0
2026-06-29 09:10:00+09:00,85700.0,86500.0,85200.0,85300.0,65726.0
2026-06-29 09:20:00+09:00,85300.0,85400.0,84400.0,84700.0,39221.0
2026-06-29 09:30:00+09:00,84600.0,85100.0,83600.0,84000.0,46090.0
2026-06-29 09:40:00+09:00,83900.0,85300.0,83900.0,84700.0,23721.0
2026-06-29 09:50:00+09:00,84800.0,85400.0,84700.0,85100.0,17033.0
2026-06-29 10:00:00+09:00,85200.0,85300.0,84400.0,84900.0,19701.0
2026-06-29 10:10:00+09:00,84900.0,85200.0,84300.0,84600.0,15500.0
2026-06-29 10:20:00+09:00,84600.0,85300.0,84400.0,85200.0,12854.0
2026-06-29 10:30:00+09:00,85200.0,85600.0,85100.0,85500.0,14064.0
2026-06-29 10:40:00+09:00,85500.0,85700.0,84600.0,85200.0,17021.0
2026-06-29 10:50:00+09:00,85200.0,85200.0,84700.0,84700.0,7467.0
2026-06-29 11:00:00+09:00,84800.0,85300.0,84200.0,84300.0,14532.0
2026-06-29 11:10:00+09:00,84400.0,84400.0,83700.0,84200.0,19233.0
2026-06-29 11:20:00+09:00,84300.0,84800.0,84000.0,84600.0,10514.0
2026-06-29 11:30:00+09:00,84500.0,84500.0,82100.0,83200.0,64473.0
2026-06-29 11:40:00+09:00,83100.0,84100.0,83100.0,83500.0,40940.0
2026-06-29 11:50:00+09:00,83500.0,83900.0,83100.0,83500.0,34898.0
2026-06-29 12:00:00+09:00,83400.0,84200.0,83300.0,83600.0,37311.0
2026-06-29 12:10:00+09:00,83400.0,83800.0,83200.0,83400.0,36091.0
2026-06-29 12:20:00+09:00,83300.0,84200.0,83100.0,83900.0,38845.0
2026-06-29 12:30:00+09:00,83900.0,84200.0,83300.0,83700.0,38595.0
2026-06-29 12:40:00+09:00,83700.0,83900.0,83200.0,83900.0,38236.0
2026-06-29 12:50:00+09:00,83900.0,84200.0,83500.0,83700.0,35301.0
2026-06-29 13:00:00+09:00,83700.0,84200.0,83600.0,84100.0,35950.0
2026-06-29 13:10:00+09:00,84100.0,84400.0,83700.0,84100.0,36011.0
2026-06-29 13:20:00+09:00,84100.0,84300.0,83700.0,83700.0,38913.0
2026-06-29 13:30:00+09:00,83800.0,84100.0,83300.0,83500.0,34240.0
2026-06-29 13:40:00+09:00,83500.0,83900.0,83200.0,83700.0,38518.0
2026-06-29 13:50:00+09:00,83700.0,84200.0,83400.0,83700.0,39534.0
2026-06-29 14:00:00+09:00,83800.0,84300.0,83400.0,84100.0,40016.0
2026-06-29 14:10:00+09:00,84000.0,84400.0,83800.0,84200.0,33694.0
2026-06-29 14:20:00+09:00,84200.0,84700.0,84000.0,84200.0,39782.0
2026-06-29 14:30:00+09:00,84100.0,84600.0,84000.0,84500.0,37352.0
2026-06-29 14:40:00+09:00,84300.0,85500.0,84100.0,85200.0,62155.0
2026-06-29 14:50:00+09:00,85300.0,86000.0,85100.0,85800.0,71491.0
2026-06-30 09:00:00+09:00,86800.0,87700.0,84500.0,86200.0,58248.0
2026-06-30 09:10:00+09:00,86200.0,87500.0,85500.0,85900.0,48931.0
2026-06-30 09:20:00+09:00,85900.0,85900.0,84800.0,85200.0,29542.0
2026-06-30 09:30:00+09:00,85200.0,85400.0,84500.0,85100.0,27786.0
2026-06-30 09:40:00+09:00,85000.0,85300.0,84100.0,84800.0,19280.0
2026-06-30 09:50:00+09:00,84700.0,85000.0,84200.0,84600.0,16943.0
2026-06-30 10:00:00+09:00,84600.0,84800.0,81600.0,82300.0,58982.0
2026-06-30 10:10:00+09:00,82300.0,82900.0,81900.0,82800.0,31048.0
2026-06-30 10:20:00+09:00,82800.0,84300.0,82700.0,84000.0,37351.0
2026-06-30 10:30:00+09:00,84100.0,84500.0,83500.0,83600.0,31838.0
2026-06-30 10:40:00+09:00,83500.0,83900.0,83000.0,83300.0,29020.0
2026-06-30 10:50:00+09:00,83300.0,84500.0,83100.0,84300.0,34540.0
2026-06-30 11:00:00+09:00,84300.0,84500.0,83200.0,83500.0,29098.0
2026-06-30 11:10:00+09:00,83500.0,83600.0,82600.0,83000.0,27421.0
2026-06-30 11:20:00+09:00,82900.0,83600.0,82800.0,83300.0,30991.0
2026-06-30 11:30:00+09:00,83400.0,83800.0,83200.0,83500.0,30820.0
2026-06-30 11:40:00+09:00,83400.0,83700.0,83100.0,83300.0,24074.0
2026-06-30 11:50:00+09:00,83400.0,83500.0,83100.0,83300.0,27116.0
2026-06-30 12:00:00+09:00,83300.0,83500.0,83100.0,83400.0,25154.0
2026-06-30 12:10:00+09:00,83400.0,83800.0,83200.0,83500.0,24540.0
2026-06-30 12:20:00+09:00,83400.0,83600.0,83100.0,83300.0,27428.0
2026-06-30 12:30:00+09:00,83300.0,84000.0,83300.0,83800.0,25309.0
2026-06-30 12:40:00+09:00,83800.0,84300.0,83800.0,83900.0,22421.0
2026-06-30 12:50:00+09:00,84000.0,84300.0,83600.0,84100.0,23124.0
2026-06-30 13:00:00+09:00,84000.0,84100.0,83400.0,83700.0,39318.0
2026-06-30 13:10:00+09:00,83800.0,83900.0,83300.0,83600.0,30938.0
2026-06-30 13:20:00+09:00,83400.0,83800.0,83300.0,83600.0,30151.0
2026-06-30 13:30:00+09:00,83600.0,84400.0,83500.0,84100.0,36810.0
2026-06-30 13:40:00+09:00,84000.0,84100.0,83600.0,83800.0,38936.0
2026-06-30 13:50:00+09:00,83900.0,84100.0,83500.0,83900.0,33117.0
2026-06-30 14:00:00+09:00,83900.0,84500.0,83700.0,84200.0,37658.0
2026-06-30 14:10:00+09:00,84200.0,84500.0,83900.0,84200.0,35603.0
2026-06-30 14:20:00+09:00,84100.0,84700.0,84000.0,84400.0,41651.0
2026-06-30 14:30:00+09:00,84300.0,84500.0,83200.0,83200.0,75849.0
2026-06-30 14:40:00+09:00,83300.0,84000.0,83200.0,83700.0,72354.0
2026-06-30 14:50:00+09:00,83900.0,83900.0,83400.0,83600.0,65707.0
2026-07-01 09:00:00+09:00,86000.0,86100.0,83700.0,84500.0,56049.0
2026-07-01 09:10:00+09:00,84400.0,86300.0,84100.0,85900.0,32980.0
2026-07-01 09:20:00+09:00,85800.0,87700.0,85400.0,87300.0,55979.0
2026-07-01 09:30:00+09:00,87400.0,89100.0,87200.0,87500.0,71310.0
2026-07-01 09:40:00+09:00,87500.0,88600.0,87500.0,88500.0,39541.0
2026-07-01 09:50:00+09:00,88400.0,88700.0,86600.0,86700.0,46771.0
2026-07-01 10:00:00+09:00,86700.0,87200.0,84600.0,84800.0,121589.0
2026-07-01 10:10:00+09:00,84700.0,85000.0,83700.0,83900.0,93081.0
2026-07-01 10:20:00+09:00,83900.0,84900.0,83700.0,84600.0,82714.0
2026-07-01 10:30:00+09:00,84500.0,85000.0,83900.0,84100.0,77601.0
2026-07-01 10:40:00+09:00,84100.0,84300.0,83100.0,83300.0,88472.0
2026-07-01 10:50:00+09:00,83300.0,83500.0,82600.0,83000.0,78579.0
2026-07-01 11:00:00+09:00,83000.0,83200.0,81200.0,81500.0,87960.0
2026-07-01 11:10:00+09:00,81500.0,82000.0,80800.0,81600.0,92547.0
2026-07-01 11:20:00+09:00,81500.0,82600.0,81400.0,81700.0,74960.0
2026-07-01 11:30:00+09:00,81800.0,82300.0,81500.0,81700.0,64794.0
2026-07-01 11:40:00+09:00,81800.0,82500.0,81600.0,81700.0,72905.0
2026-07-01 11:50:00+09:00,81800.0,82000.0,81000.0,81400.0,67128.0
2026-07-01 12:00:00+09:00,81500.0,82500.0,81200.0,82200.0,72803.0
2026-07-01 12:10:00+09:00,82100.0,82400.0,81800.0,82000.0,70336.0
2026-07-01 12:20:00+09:00,82200.0,82300.0,81400.0,81800.0,62570.0
2026-07-01 12:30:00+09:00,81700.0,82300.0,81500.0,82000.0,67730.0
2026-07-01 12:40:00+09:00,82200.0,82300.0,81700.0,82200.0,65889.0
2026-07-01 12:50:00+09:00,82200.0,82600.0,81900.0,82200.0,68671.0
2026-07-01 13:00:00+09:00,82200.0,82300.0,81500.0,82100.0,67990.0
2026-07-01 13:10:00+09:00,81900.0,82300.0,81500.0,81600.0,64021.0
2026-07-01 13:20:00+09:00,81600.0,82100.0,81600.0,81900.0,66252.0
2026-07-01 13:30:00+09:00,81900.0,82100.0,81600.0,81900.0,66717.0
2026-07-01 13:40:00+09:00,81900.0,82300.0,81700.0,82200.0,63348.0
2026-07-01 13:50:00+09:00,82200.0,82500.0,81700.0,81900.0,68923.0
2026-07-01 14:00:00+09:00,81900.0,82600.0,81500.0,82400.0,67752.0
2026-07-01 14:10:00+09:00,82400.0,82500.0,81900.0,82300.0,67822.0
2026-07-01 14:20:00+09:00,82100.0,82400.0,81700.0,82100.0,70463.0
2026-07-01 14:30:00+09:00,82100.0,82300.0,81800.0,81900.0,64013.0
2026-07-01 14:40:00+09:00,81850.0,82400.0,81700.0,81800.0,69464.0
2026-07-01 14:50:00+09:00,81900.0,82500.0,81800.0,82200.0,72826.0
2026-07-02 09:00:00+09:00,81800.0,81800.0,77900.0,78600.0,103616.0
2026-07-02 09:10:00+09:00,78600.0,79000.0,77500.0,77900.0,47995.0
2026-07-02 09:20:00+09:00,77900.0,79000.0,77800.0,78500.0,21122.0
2026-07-02 09:30:00+09:00,78400.0,78600.0,77300.0,77600.0,41535.0
2026-07-02 09:40:00+09:00,77500.0,77800.0,76600.0,77600.0,44427.0
2026-07-02 09:50:00+09:00,77600.0,79000.0,77400.0,77900.0,31546.0
2026-07-02 10:00:00+09:00,77900.0,78000.0,75600.0,76700.0,93023.0
2026-07-02 10:10:00+09:00,76900.0,77300.0,76300.0,76900.0,68600.0
2026-07-02 10:20:00+09:00,76900.0,77500.0,76500.0,77100.0,70945.0
2026-07-02 10:30:00+09:00,77000.0,77500.0,76500.0,76900.0,68559.0
2026-07-02 10:40:00+09:00,76900.0,77300.0,76500.0,76800.0,71617.0
2026-07-02 10:50:00+09:00,76900.0,77600.0,76700.0,77300.0,65811.0
2026-07-02 11:00:00+09:00,77300.0,77300.0,76600.0,76800.0,67390.0
2026-07-02 11:10:00+09:00,76800.0,77200.0,76200.0,76200.0,72470.0
2026-07-02 11:20:00+09:00,76300.0,76400.0,75800.0,75900.0,66974.0
2026-07-02 11:30:00+09:00,75900.0,76200.0,75700.0,75900.0,64835.0
2026-07-02 11:40:00+09:00,75900.0,76300.0,75800.0,75900.0,63779.0
2026-07-02 11:50:00+09:00,75900.0,76100.0,75600.0,75900.0,61210.0
2026-07-02 12:00:00+09:00,75900.0,76000.0,75200.0,75500.0,61858.0
2026-07-02 12:10:00+09:00,75400.0,75700.0,75200.0,75400.0,57724.0
2026-07-02 12:20:00+09:00,75300.0,75500.0,75000.0,75200.0,70691.0
2026-07-02 12:30:00+09:00,75300.0,75700.0,75300.0,75500.0,57116.0
2026-07-02 12:40:00+09:00,75500.0,76100.0,75100.0,75900.0,51224.0
2026-07-02 12:50:00+09:00,75900.0,76000.0,74700.0,75400.0,93047.0
2026-07-02 13:00:00+09:00,75400.0,75500.0,75000.0,75100.0,56555.0
2026-07-02 13:10:00+09:00,75100.0,75400.0,75000.0,75000.0,61679.0
2026-07-02 13:20:00+09:00,75100.0,75700.0,74800.0,75500.0,63099.0
2026-07-02 13:30:00+09:00,75500.0,75700.0,75000.0,75200.0,57135.0
2026-07-02 13:40:00+09:00,75200.0,75300.0,74700.0,75200.0,62648.0
2026-07-02 13:50:00+09:00,75200.0,75800.0,74800.0,75600.0,64746.0
2026-07-02 14:00:00+09:00,75700.0,76000.0,75200.0,75700.0,63822.0
2026-07-02 14:10:00+09:00,75800.0,75800.0,75300.0,75500.0,60846.0
2026-07-02 14:20:00+09:00,75500.0,75800.0,75200.0,75300.0,64256.0
2026-07-02 14:30:00+09:00,75200.0,75600.0,75100.0,75500.0,68421.0
2026-07-02 14:40:00+09:00,75400.0,75500.0,74800.0,75100.0,68989.0
2026-07-02 14:50:00+09:00,75000.0,75600.0,74800.0,74800.0,84370.0
2026-07-03 09:00:00+09:00,74800.0,77300.0,74700.0,76300.0,114375.0
2026-07-03 09:10:00+09:00,76300.0,77300.0,75000.0,75400.0,64748.0
2026-07-03 09:20:00+09:00,75400.0,76100.0,74700.0,75300.0,43753.0
2026-07-03 09:30:00+09:00,75200.0,75900.0,74200.0,75500.0,48087.0
2026-07-03 09:40:00+09:00,75500.0,75700.0,74200.0,74300.0,36728.0
2026-07-03 09:50:00+09:00,74200.0,74700.0,73200.0,73400.0,29690.0
2026-07-03 10:00:00+09:00,73400.0,75200.0,73300.0,75100.0,42780.0
2026-07-03 10:10:00+09:00,75100.0,75600.0,74500.0,75500.0,22623.0
2026-07-03 10:20:00+09:00,75500.0,75900.0,75400.0,75500.0,24249.0
2026-07-03 10:30:00+09:00,75500.0,76400.0,75100.0,76200.0,24647.0
2026-07-03 10:40:00+09:00,76100.0,76300.0,75600.0,75800.0,16337.0
2026-07-03 10:50:00+09:00,76000.0,76200.0,75400.0,76100.0,20335.0
2026-07-03 11:00:00+09:00,76000.0,77000.0,75800.0,76800.0,23513.0
2026-07-03 11:10:00+09:00,76700.0,76800.0,75600.0,75900.0,20867.0
2026-07-03 11:20:00+09:00,76000.0,76600.0,75900.0,76100.0,11210.0
2026-07-03 11:30:00+09:00,76200.0,76300.0,75800.0,76000.0,13229.0
2026-07-03 11:40:00+09:00,76100.0,76300.0,75900.0,76100.0,12020.0
2026-07-03 11:50:00+09:00,76200.0,76800.0,76000.0,76700.0,13284.0
2026-07-03 12:00:00+09:00,76800.0,76800.0,75600.0,75800.0,23944.0
2026-07-03 12:10:00+09:00,75800.0,76100.0,75600.0,76000.0,8525.0
2026-07-03 12:20:00+09:00,76000.0,76400.0,75800.0,76400.0,8904.0
2026-07-03 12:30:00+09:00,76400.0,76400.0,75600.0,75600.0,14582.0
2026-07-03 12:40:00+09:00,75700.0,75700.0,75100.0,75700.0,19953.0
2026-07-03 12:50:00+09:00,75700.0,76100.0,75500.0,76100.0,12313.0
2026-07-03 13:00:00+09:00,76100.0,76300.0,75800.0,76100.0,15523.0
2026-07-03 13:10:00+09:00,76100.0,76500.0,75900.0,76300.0,14103.0
2026-07-03 13:20:00+09:00,76300.0,76700.0,76300.0,76600.0,17714.0
2026-07-03 13:30:00+09:00,76500.0,76900.0,76300.0,76700.0,25615.0
2026-07-03 13:40:00+09:00,76700.0,77100.0,76600.0,77000.0,20224.0
2026-07-03 13:50:00+09:00,76900.0,77500.0,76800.0,77500.0,26893.0
2026-07-03 14:00:00+09:00,77400.0,77700.0,77200.0,77300.0,19517.0
2026-07-03 14:10:00+09:00,77400.0,77600.0,77100.0,77600.0,22212.0
2026-07-03 14:20:00+09:00,77600.0,77700.0,77200.0,77700.0,23544.0
2026-07-03 14:30:00+09:00,77700.0,78200.0,77400.0,78000.0,27403.0
2026-07-03 14:40:00+09:00,78100.0,78300.0,76800.0,77000.0,38231.0
2026-07-03 14:50:00+09:00,77000.0,77700.0,76900.0,77600.0,29056.0
2026-07-06 09:00:00+09:00,77400.0,77900.0,75300.0,77700.0,15908.0
2026-07-06 09:10:00+09:00,77700.0,77700.0,75400.0,75400.0,40333.0
2026-07-06 09:20:00+09:00,75500.0,75900.0,75000.0,75100.0,35069.0
2026-07-06 09:30:00+09:00,75100.0,75900.0,75000.0,75600.0,34399.0
2026-07-06 09:40:00+09:00,75600.0,75900.0,75100.0,75100.0,19191.0
2026-07-06 09:50:00+09:00,75100.0,75400.0,74700.0,75000.0,21586.0
2026-07-06 10:00:00+09:00,75100.0,75400.0,74700.0,75100.0,21411.0
2026-07-06 10:10:00+09:00,75100.0,75200.0,74600.0,74900.0,16572.0
2026-07-06 10:20:00+09:00,75000.0,75000.0,74200.0,74300.0,15155.0
2026-07-06 10:30:00+09:00,74300.0,74900.0,74200.0,74300.0,9444.0
2026-07-06 10:40:00+09:00,74400.0,74700.0,73800.0,73900.0,19838.0
2026-07-06 10:50:00+09:00,73800.0,74000.0,73400.0,73700.0,22701.0
2026-07-06 11:00:00+09:00,73900.0,74300.0,73500.0,73600.0,14294.0
2026-07-06 11:10:00+09:00,73600.0,73600.0,73200.0,73400.0,18919.0
2026-07-06 11:20:00+09:00,73400.0,73600.0,72900.0,73000.0,14776.0
2026-07-06 11:30:00+09:00,72900.0,73400.0,72900.0,73200.0,12043.0
2026-07-06 11:40:00+09:00,73200.0,73200.0,72800.0,72900.0,14826.0
2026-07-06 11:50:00+09:00,72800.0,73300.0,72800.0,73200.0,12087.0
2026-07-06 12:00:00+09:00,73200.0,73400.0,73100.0,73300.0,7523.0
2026-07-06 12:10:00+09:00,73300.0,73800.0,73300.0,73600.0,7130.0
2026-07-06 12:20:00+09:00,73600.0,73800.0,73300.0,73600.0,7458.0
2026-07-06 12:30:00+09:00,73700.0,74100.0,73500.0,73700.0,11399.0
2026-07-06 12:40:00+09:00,73800.0,73800.0,73500.0,73500.0,4777.0
2026-07-06 12:50:00+09:00,73500.0,73800.0,73400.0,73700.0,8045.0
2026-07-06 13:00:00+09:00,73700.0,73700.0,73200.0,73500.0,6090.0
2026-07-06 13:10:00+09:00,73500.0,74100.0,73400.0,74000.0,9493.0
2026-07-06 13:20:00+09:00,74000.0,74000.0,73700.0,74000.0,6760.0
2026-07-06 13:30:00+09:00,74000.0,74600.0,73900.0,74400.0,9251.0
2026-07-06 13:40:00+09:00,74300.0,74700.0,74200.0,74300.0,9867.0
2026-07-06 13:50:00+09:00,74400.0,74700.0,73900.0,74500.0,13040.0
2026-07-06 14:00:00+09:00,74600.0,74700.0,74000.0,74400.0,10845.0
2026-07-06 14:10:00+09:00,74400.0,74700.0,74100.0,74500.0,12357.0
2026-07-06 14:20:00+09:00,74500.0,74600.0,74000.0,74100.0,10660.0
2026-07-06 14:30:00+09:00,74100.0,74100.0,73600.0,74000.0,11612.0
2026-07-06 14:40:00+09:00,74000.0,74400.0,73500.0,73600.0,18164.0
2026-07-06 14:50:00+09:00,73600.0,74500.0,73600.0,74300.0,25588.0
2026-07-07 09:00:00+09:00,74400.0,75400.0,73700.0,74200.0,50285.0
2026-07-07 09:10:00+09:00,74200.0,74500.0,73000.0,73500.0,33836.0
2026-07-07 09:20:00+09:00,73500.0,74500.0,73500.0,74300.0,25048.0
2026-07-07 09:30:00+09:00,74400.0,74600.0,73100.0,73200.0,18094.0
2026-07-07 09:40:00+09:00,73200.0,73600.0,72000.0,72200.0,36643.0
2026-07-07 09:50:00+09:00,72100.0,73200.0,71800.0,72700.0,24113.0
2026-07-07 10:00:00+09:00,72700.0,72800.0,72300.0,72700.0,15939.0
2026-07-07 10:10:00+09:00,72700.0,72800.0,71900.0,72100.0,13157.0
2026-07-07 10:20:00+09:00,72100.0,72200.0,71200.0,71500.0,18740.0
2026-07-07 10:30:00+09:00,71400.0,72000.0,71200.0,72000.0,14640.0
2026-07-07 10:40:00+09:00,72000.0,73000.0,71900.0,72900.0,12165.0
2026-07-07 10:50:00+09:00,72900.0,73000.0,72100.0,72200.0,8818.0
2026-07-07 11:00:00+09:00,72200.0,72300.0,71700.0,72000.0,10851.0
2026-07-07 11:10:00+09:00,72000.0,72200.0,71800.0,71900.0,7531.0
2026-07-07 11:20:00+09:00,71900.0,72000.0,71600.0,71800.0,7310.0
2026-07-07 11:30:00+09:00,71800.0,71900.0,71500.0,71500.0,10635.0
2026-07-07 11:40:00+09:00,71700.0,71900.0,71400.0,71700.0,7519.0
2026-07-07 11:50:00+09:00,71600.0,71800.0,71400.0,71600.0,7733.0
2026-07-07 12:00:00+09:00,71600.0,71900.0,71500.0,71700.0,12050.0
2026-07-07 12:10:00+09:00,71700.0,71800.0,71200.0,71400.0,9822.0
2026-07-07 12:20:00+09:00,71400.0,71500.0,71000.0,71100.0,11987.0
2026-07-07 12:30:00+09:00,71100.0,71400.0,71000.0,71200.0,7239.0
2026-07-07 12:40:00+09:00,71200.0,71200.0,70900.0,70900.0,11825.0
2026-07-07 12:50:00+09:00,71000.0,71200.0,70700.0,71000.0,12179.0
2026-07-07 13:00:00+09:00,71000.0,71300.0,70700.0,70800.0,15504.0
2026-07-07 13:10:00+09:00,70900.0,71200.0,70400.0,70600.0,16826.0
2026-07-07 13:20:00+09:00,70700.0,70800.0,70400.0,70700.0,17198.0
2026-07-07 13:30:00+09:00,70800.0,71100.0,70500.0,70700.0,14797.0
2026-07-07 13:40:00+09:00,70700.0,70800.0,70300.0,70400.0,16941.0
2026-07-07 13:50:00+09:00,70400.0,70800.0,70300.0,70500.0,13194.0
2026-07-07 14:00:00+09:00,70500.0,70600.0,69900.0,70000.0,31170.0
2026-07-07 14:10:00+09:00,70000.0,70600.0,70000.0,70400.0,18382.0
2026-07-07 14:20:00+09:00,70400.0,71200.0,70000.0,70700.0,37136.0
2026-07-07 14:30:00+09:00,70700.0,71000.0,70500.0,70800.0,28504.0
2026-07-07 14:40:00+09:00,70700.0,71200.0,70700.0,70800.0,32293.0
2026-07-07 14:50:00+09:00,71000.0,71500.0,70800.0,71300.0,29885.0
2026-07-08 09:00:00+09:00,69600.0,71200.0,69600.0,70200.0,50952.0
2026-07-08 09:10:00+09:00,70200.0,71300.0,69700.0,70600.0,33668.0
2026-07-08 09:20:00+09:00,70600.0,72300.0,70100.0,71700.0,30666.0
2026-07-08 09:30:00+09:00,71700.0,72100.0,70800.0,71900.0,26014.0
2026-07-08 09:40:00+09:00,71900.0,72800.0,71700.0,72150.0,26532.0
2026-07-08 09:50:00+09:00,72150.0,73000.0,71900.0,73000.0,22669.0
2026-07-08 10:00:00+09:00,73000.0,73100.0,72200.0,72400.0,25595.0
2026-07-08 10:10:00+09:00,72500.0,73100.0,72100.0,72400.0,16054.0
2026-07-08 10:20:00+09:00,72400.0,72800.0,71900.0,72700.0,18428.0
2026-07-08 10:30:00+09:00,72600.0,73000.0,71000.0,72000.0,27080.0
2026-07-08 10:40:00+09:00,71900.0,72250.0,71500.0,71700.0,16386.0
2026-07-08 10:50:00+09:00,71800.0,72000.0,71000.0,71200.0,16256.0
2026-07-08 11:00:00+09:00,71200.0,71300.0,70300.0,70600.0,19365.0
2026-07-08 11:10:00+09:00,70600.0,71200.0,70400.0,70800.0,15963.0
2026-07-08 11:20:00+09:00,70900.0,71600.0,70700.0,71200.0,17443.0
2026-07-08 11:30:00+09:00,71200.0,71500.0,70900.0,71000.0,12663.0
2026-07-08 11:40:00+09:00,71100.0,71500.0,70800.0,71200.0,15093.0
2026-07-08 11:50:00+09:00,71200.0,71400.0,70800.0,71200.0,10404.0
2026-07-08 12:00:00+09:00,71100.0,71800.0,71000.0,71700.0,13973.0
2026-07-08 12:10:00+09:00,71700.0,72000.0,71500.0,71700.0,14450.0
2026-07-08 12:20:00+09:00,71600.0,72000.0,71600.0,71800.0,9014.0
2026-07-08 12:30:00+09:00,71800.0,72000.0,71500.0,71600.0,11080.0
2026-07-08 12:40:00+09:00,71600.0,71700.0,71200.0,71300.0,11263.0
2026-07-08 12:50:00+09:00,71400.0,71400.0,71000.0,71100.0,11067.0
2026-07-08 13:00:00+09:00,71100.0,71200.0,70600.0,70800.0,15741.0
2026-07-08 13:10:00+09:00,70800.0,71000.0,70100.0,70100.0,30613.0
2026-07-08 13:20:00+09:00,70100.0,70600.0,70000.0,70100.0,24166.0
2026-07-08 13:30:00+09:00,70200.0,70200.0,69000.0,69400.0,35711.0
2026-07-08 13:40:00+09:00,69400.0,70000.0,69200.0,69400.0,22431.0
2026-07-08 13:50:00+09:00,69500.0,70300.0,69100.0,70200.0,31289.0
2026-07-08 14:00:00+09:00,70200.0,70600.0,69600.0,70100.0,25312.0
2026-07-08 14:10:00+09:00,70100.0,70400.0,69500.0,69700.0,21510.0
2026-07-08 14:20:00+09:00,69600.0,69900.0,69300.0,69500.0,21959.0
2026-07-08 14:30:00+09:00,69500.0,70000.0,68900.0,69000.0,38410.0
2026-07-08 14:40:00+09:00,69100.0,69500.0,68800.0,69000.0,33806.0
2026-07-08 14:50:00+09:00,69000.0,69800.0,68800.0,69200.0,48632.0
2026-07-09 09:00:00+09:00,69300.0,70600.0,68500.0,69000.0,63737.0
2026-07-09 09:10:00+09:00,69000.0,69200.0,68200.0,69000.0,48479.0
2026-07-09 09:20:00+09:00,68900.0,70400.0,68900.0,70000.0,42358.0
2026-07-09 09:30:00+09:00,69900.0,71300.0,69300.0,71200.0,51821.0
2026-07-09 09:40:00+09:00,71100.0,72500.0,70900.0,71800.0,45101.0
2026-07-09 09:50:00+09:00,71900.0,72500.0,71200.0,71800.0,36838.0
2026-07-09 10:00:00+09:00,71700.0,72200.0,71200.0,72100.0,26089.0
2026-07-09 10:10:00+09:00,72000.0,72900.0,71800.0,72600.0,25487.0
2026-07-09 10:20:00+09:00,72700.0,72900.0,71700.0,72050.0,26697.0
2026-07-09 10:30:00+09:00,72050.0,72100.0,71200.0,71600.0,26240.0
2026-07-09 10:40:00+09:00,71700.0,72100.0,71300.0,71600.0,15400.0
2026-07-09 10:50:00+09:00,71700.0,72000.0,70500.0,70600.0,25616.0
2026-07-09 11:00:00+09:00,70700.0,71300.0,70000.0,71000.0,26505.0
2026-07-09 11:10:00+09:00,70900.0,71700.0,70700.0,71600.0,18897.0
2026-07-09 11:20:00+09:00,71600.0,71900.0,71300.0,71400.0,15204.0
2026-07-09 11:30:00+09:00,71500.0,71800.0,70500.0,70700.0,12711.0
2026-07-09 11:40:00+09:00,70700.0,70700.0,69900.0,70000.0,17692.0
2026-07-09 11:50:00+09:00,70000.0,70100.0,69200.0,69600.0,19827.0
2026-07-09 12:00:00+09:00,69500.0,69900.0,68900.0,69500.0,24525.0
2026-07-09 12:10:00+09:00,69500.0,69500.0,68700.0,69100.0,22313.0
2026-07-09 12:20:00+09:00,69200.0,70400.0,69200.0,70400.0,14481.0
2026-07-09 12:30:00+09:00,70400.0,70900.0,70200.0,70500.0,16098.0
2026-07-09 12:40:00+09:00,70500.0,71000.0,70200.0,70700.0,12001.0
2026-07-09 12:50:00+09:00,70600.0,71000.0,70500.0,70700.0,10117.0
2026-07-09 13:00:00+09:00,70700.0,70900.0,70400.0,70500.0,13152.0
2026-07-09 13:10:00+09:00,70600.0,71000.0,70400.0,70400.0,12184.0
2026-07-09 13:20:00+09:00,70500.0,70600.0,69800.0,70000.0,14557.0
2026-07-09 13:30:00+09:00,70200.0,70700.0,70100.0,70400.0,13524.0
2026-07-09 13:40:00+09:00,70500.0,70600.0,69900.0,70100.0,13378.0
2026-07-09 13:50:00+09:00,70100.0,70700.0,70000.0,70400.0,12575.0
2026-07-09 14:00:00+09:00,70400.0,70700.0,70100.0,70300.0,16495.0
2026-07-09 14:10:00+09:00,70400.0,71200.0,70200.0,70400.0,19044.0
2026-07-09 14:20:00+09:00,70400.0,70550.0,70000.0,70200.0,14762.0
2026-07-09 14:30:00+09:00,70150.0,70600.0,69600.0,70450.0,18915.0
2026-07-09 14:40:00+09:00,70500.0,70700.0,70100.0,70700.0,18451.0
2026-07-09 14:50:00+09:00,70700.0,71200.0,70600.0,71100.0,25862.0
2026-07-10 09:00:00+09:00,72000.0,73600.0,71500.0,72000.0,54349.0
2026-07-10 09:10:00+09:00,72000.0,73400.0,71600.0,73300.0,41654.0
2026-07-10 09:20:00+09:00,73300.0,73600.0,72400.0,73300.0,34398.0
2026-07-10 09:30:00+09:00,73200.0,73700.0,72500.0,73600.0,23501.0
2026-07-10 09:40:00+09:00,73600.0,75200.0,73500.0,74600.0,35741.0
2026-07-10 09:50:00+09:00,74650.0,75500.0,74600.0,75200.0,20821.0
2026-07-10 10:00:00+09:00,75300.0,75700.0,75000.0,75300.0,22427.0
2026-07-10 10:10:00+09:00,75300.0,76500.0,75200.0,76300.0,44809.0
2026-07-10 10:20:00+09:00,76300.0,76700.0,75600.0,76400.0,32166.0
2026-07-10 10:30:00+09:00,76400.0,76400.0,75700.0,76300.0,28809.0
2026-07-10 10:40:00+09:00,76400.0,76700.0,76300.0,76500.0,22033.0
2026-07-10 10:50:00+09:00,76500.0,76600.0,75600.0,75700.0,23698.0
2026-07-10 11:00:00+09:00,75800.0,75800.0,75100.0,75500.0,29468.0
2026-07-10 11:10:00+09:00,75500.0,75700.0,74800.0,75500.0,23069.0
2026-07-10 11:20:00+09:00,75600.0,75900.0,75200.0,75500.0,16177.0
2026-07-10 11:30:00+09:00,75600.0,76200.0,75400.0,76100.0,17020.0
2026-07-10 11:40:00+09:00,76200.0,76500.0,76000.0,76100.0,18358.0
2026-07-10 11:50:00+09:00,76200.0,76300.0,75900.0,76000.0,16956.0
2026-07-10 12:00:00+09:00,76000.0,76300.0,75800.0,76000.0,12673.0
2026-07-10 12:10:00+09:00,76100.0,76200.0,75900.0,76000.0,12072.0
2026-07-10 12:20:00+09:00,76000.0,76100.0,75600.0,75600.0,11579.0
2026-07-10 12:30:00+09:00,75650.0,76100.0,75600.0,76100.0,14076.0
2026-07-10 12:40:00+09:00,76100.0,76500.0,75900.0,76100.0,16971.0
2026-07-10 12:50:00+09:00,76200.0,76300.0,75800.0,75800.0,10756.0
2026-07-10 13:00:00+09:00,75800.0,76300.0,75600.0,76100.0,19439.0
2026-07-10 13:10:00+09:00,76000.0,76400.0,75700.0,76100.0,16266.0
2026-07-10 13:20:00+09:00,76150.0,76900.0,76100.0,76700.0,23195.0
2026-07-10 13:30:00+09:00,76700.0,76700.0,76100.0,76500.0,21185.0
2026-07-10 13:40:00+09:00,76400.0,76700.0,76400.0,76500.0,19651.0
2026-07-10 13:50:00+09:00,76450.0,76700.0,76100.0,76300.0,19895.0
2026-07-10 14:00:00+09:00,76200.0,76200.0,74600.0,74800.0,47865.0
2026-07-10 14:10:00+09:00,74900.0,75400.0,74800.0,75200.0,29209.0
2026-07-10 14:20:00+09:00,75200.0,75600.0,75000.0,75200.0,28374.0
2026-07-10 14:30:00+09:00,75300.0,75800.0,75100.0,75400.0,31599.0
2026-07-10 14:40:00+09:00,75400.0,76100.0,75200.0,75900.0,34560.0
2026-07-10 14:50:00+09:00,75800.0,76200.0,75600.0,75900.0,39266.0
2026-07-13 09:00:00+09:00,75800.0,79400.0,74200.0,78600.0,37396.0
2026-07-13 09:10:00+09:00,78600.0,79600.0,78600.0,78600.0,45129.0
2026-07-13 09:20:00+09:00,78800.0,80500.0,78600.0,79600.0,63186.0
2026-07-13 09:30:00+09:00,79700.0,79700.0,78100.0,78400.0,30054.0
2026-07-13 09:40:00+09:00,78400.0,79200.0,78000.0,78600.0,26530.0
2026-07-13 09:50:00+09:00,78700.0,79200.0,77000.0,77300.0,32548.0
2026-07-13 10:00:00+09:00,77200.0,78100.0,76800.0,77400.0,44784.0
2026-07-13 10:10:00+09:00,77400.0,78300.0,77000.0,77100.0,23801.0
2026-07-13 10:20:00+09:00,77100.0,77400.0,76100.0,76400.0,25083.0
2026-07-13 10:30:00+09:00,76400.0,77200.0,75800.0,77000.0,28344.0
2026-07-13 10:40:00+09:00,77000.0,77200.0,75600.0,75700.0,18291.0
2026-07-13 10:50:00+09:00,75600.0,75700.0,75000.0,75200.0,24282.0
2026-07-13 11:00:00+09:00,75300.0,75600.0,75000.0,75400.0,16465.0
2026-07-13 11:10:00+09:00,75400.0,76500.0,75300.0,76300.0,11990.0
2026-07-13 11:20:00+09:00,76300.0,76700.0,76000.0,76400.0,12195.0
2026-07-13 11:30:00+09:00,76300.0,76400.0,75700.0,75800.0,10726.0
2026-07-13 11:40:00+09:00,75700.0,76200.0,75400.0,75800.0,9806.0
2026-07-13 11:50:00+09:00,75800.0,76000.0,75200.0,75300.0,8203.0
2026-07-13 12:00:00+09:00,75300.0,75300.0,74500.0,74600.0,14477.0
2026-07-13 12:10:00+09:00,74600.0,74800.0,74300.0,74800.0,9338.0
2026-07-13 12:20:00+09:00,74700.0,75100.0,74300.0,74600.0,9521.0
2026-07-13 12:30:00+09:00,74600.0,74700.0,74000.0,74300.0,15479.0
2026-07-13 12:40:00+09:00,74300.0,74500.0,73800.0,74100.0,17233.0
2026-07-13 12:50:00+09:00,74200.0,74600.0,73900.0,74100.0,9634.0
2026-07-13 13:00:00+09:00,74000.0,74200.0,73200.0,73400.0,19403.0
2026-07-13 13:10:00+09:00,73400.0,73600.0,73200.0,73500.0,13313.0
2026-07-13 13:20:00+09:00,73400.0,73700.0,73200.0,73500.0,11677.0
2026-07-13 13:30:00+09:00,73400.0,73800.0,73400.0,73700.0,8095.0
2026-07-13 13:40:00+09:00,73700.0,74000.0,73500.0,74000.0,10684.0
2026-07-13 13:50:00+09:00,73900.0,74200.0,73500.0,73600.0,13851.0
2026-07-13 14:00:00+09:00,73600.0,74000.0,73200.0,73700.0,13803.0
2026-07-13 14:10:00+09:00,73800.0,74000.0,73200.0,73300.0,12918.0
2026-07-13 14:20:00+09:00,73300.0,73300.0,72500.0,72700.0,18986.0
2026-07-13 14:30:00+09:00,72800.0,73900.0,72500.0,73800.0,12686.0
2026-07-13 14:40:00+09:00,73900.0,73900.0,72500.0,72800.0,21493.0
2026-07-13 14:50:00+09:00,72700.0,73400.0,72600.0,73300.0,21081.0
2026-07-14 09:00:00+09:00,73700.0,75600.0,72300.0,72500.0,65469.0
2026-07-14 09:10:00+09:00,72600.0,74300.0,72500.0,73200.0,40077.0
2026-07-14 09:20:00+09:00,73100.0,73600.0,72000.0,72400.0,39902.0
2026-07-14 09:30:00+09:00,72400.0,73500.0,72400.0,72600.0,27522.0
2026-07-14 09:40:00+09:00,72600.0,73100.0,71800.0,73000.0,27418.0
2026-07-14 09:50:00+09:00,73000.0,74600.0,72900.0,73900.0,23676.0
2026-07-14 10:00:00+09:00,73900.0,75000.0,73700.0,74500.0,17330.0
2026-07-14 10:10:00+09:00,74400.0,74500.0,73100.0,73500.0,18966.0
2026-07-14 10:20:00+09:00,73500.0,74100.0,72200.0,73300.0,15576.0
2026-07-14 10:30:00+09:00,73400.0,73500.0,72200.0,72600.0,13956.0
2026-07-14 10:40:00+09:00,72600.0,72900.0,72100.0,72400.0,12610.0
2026-07-14 10:50:00+09:00,72500.0,72700.0,71200.0,71500.0,15081.0
2026-07-14 11:00:00+09:00,71500.0,72300.0,71000.0,71800.0,18478.0
2026-07-14 11:10:00+09:00,71800.0,71900.0,71100.0,71100.0,12149.0
2026-07-14 11:20:00+09:00,71100.0,71400.0,70500.0,71200.0,16946.0
2026-07-14 11:30:00+09:00,70900.0,71500.0,70400.0,71500.0,17253.0
2026-07-14 11:40:00+09:00,71500.0,71900.0,71000.0,71800.0,15681.0
2026-07-14 11:50:00+09:00,71700.0,71900.0,70900.0,71400.0,7735.0
2026-07-14 12:00:00+09:00,71400.0,71700.0,70400.0,70600.0,9239.0
2026-07-14 12:10:00+09:00,70700.0,70700.0,69600.0,69900.0,19250.0
2026-07-14 12:20:00+09:00,69900.0,70500.0,69500.0,70400.0,11989.0
2026-07-14 12:30:00+09:00,70500.0,71000.0,70300.0,71000.0,13918.0
2026-07-14 12:40:00+09:00,71000.0,71500.0,70000.0,71200.0,16419.0
2026-07-14 12:50:00+09:00,71200.0,72000.0,71100.0,71800.0,14223.0
2026-07-14 13:00:00+09:00,71800.0,72000.0,71100.0,71200.0,12988.0
2026-07-14 13:10:00+09:00,71200.0,71200.0,70800.0,71000.0,9514.0
2026-07-14 13:20:00+09:00,71000.0,71900.0,70800.0,71700.0,10524.0
2026-07-14 13:30:00+09:00,71700.0,72600.0,71300.0,72500.0,17832.0
2026-07-14 13:40:00+09:00,72500.0,73000.0,72000.0,72600.0,15489.0
2026-07-14 13:50:00+09:00,72600.0,73000.0,72300.0,72700.0,15886.0
2026-07-14 14:00:00+09:00,72700.0,73300.0,72400.0,73200.0,14603.0
2026-07-14 14:10:00+09:00,73200.0,73200.0,72600.0,73100.0,16538.0
2026-07-14 14:20:00+09:00,73200.0,73800.0,73100.0,73600.0,17596.0
2026-07-14 14:30:00+09:00,73700.0,74200.0,73400.0,73600.0,24642.0
2026-07-14 14:40:00+09:00,73700.0,73700.0,72800.0,72900.0,19422.0
2026-07-14 14:50:00+09:00,72900.0,73000.0,72400.0,72700.0,19237.0
2026-07-15 09:00:00+09:00,75800.0,76400.0,74600.0,75600.0,70590.0
2026-07-15 09:10:00+09:00,75600.0,77100.0,75400.0,76300.0,31064.0
2026-07-15 09:20:00+09:00,76400.0,77200.0,75900.0,76400.0,25114.0
2026-07-15 09:30:00+09:00,76400.0,77000.0,75900.0,76400.0,26443.0
2026-07-15 09:40:00+09:00,76400.0,77100.0,76100.0,77100.0,24246.0
2026-07-15 09:50:00+09:00,77000.0,77500.0,76900.0,77300.0,24521.0
2026-07-15 10:00:00+09:00,77400.0,77400.0,76500.0,76800.0,32359.0
2026-07-15 10:10:00+09:00,76800.0,78100.0,76600.0,78000.0,29930.0
2026-07-15 10:20:00+09:00,78100.0,78100.0,77500.0,77700.0,22135.0
2026-07-15 10:30:00+09:00,77600.0,77700.0,76800.0,77000.0,16926.0
2026-07-15 10:40:00+09:00,77000.0,77200.0,76000.0,76500.0,19077.0
2026-07-15 10:50:00+09:00,76500.0,76900.0,76200.0,76900.0,11798.0
2026-07-15 11:00:00+09:00,76900.0,77100.0,76700.0,77000.0,11533.0
2026-07-15 11:10:00+09:00,77000.0,77400.0,76900.0,77200.0,12534.0
2026-07-15 11:20:00+09:00,77200.0,77300.0,76600.0,76900.0,9856.0
2026-07-15 11:30:00+09:00,76900.0,77400.0,76900.0,77200.0,10110.0
2026-07-15 11:40:00+09:00,77300.0,77400.0,77100.0,77400.0,7144.0
2026-07-15 11:50:00+09:00,77400.0,77400.0,77000.0,77000.0,9234.0
2026-07-15 12:00:00+09:00,77100.0,77200.0,76900.0,77200.0,8065.0
2026-07-15 12:10:00+09:00,77200.0,77300.0,76900.0,77300.0,8630.0
2026-07-15 12:20:00+09:00,77300.0,77500.0,77100.0,77400.0,7442.0
2026-07-15 12:30:00+09:00,77400.0,77500.0,77100.0,77300.0,9103.0
2026-07-15 12:40:00+09:00,77200.0,77500.0,77200.0,77400.0,8945.0
2026-07-15 12:50:00+09:00,77400.0,77800.0,77400.0,77600.0,13022.0
2026-07-15 13:00:00+09:00,77600.0,78200.0,77500.0,77800.0,24588.0
2026-07-15 13:10:00+09:00,77900.0,78100.0,77400.0,77500.0,13889.0
2026-07-15 13:20:00+09:00,77400.0,77900.0,77200.0,77300.0,15698.0
2026-07-15 13:30:00+09:00,77300.0,77500.0,77100.0,77200.0,9057.0
2026-07-15 13:40:00+09:00,77200.0,77300.0,77100.0,77200.0,11182.0
2026-07-15 13:50:00+09:00,77200.0,77500.0,77100.0,77300.0,11801.0
2026-07-15 14:00:00+09:00,77400.0,77400.0,76500.0,76900.0,16661.0
2026-07-15 14:10:00+09:00,76900.0,76900.0,76400.0,76800.0,15263.0
2026-07-15 14:20:00+09:00,76900.0,76900.0,76200.0,76400.0,12479.0
2026-07-15 14:30:00+09:00,76400.0,77000.0,76100.0,76900.0,17862.0
2026-07-15 14:40:00+09:00,76900.0,77700.0,76600.0,77500.0,16625.0
2026-07-15 14:50:00+09:00,77500.0,78100.0,77200.0,78000.0,18392.0
2026-07-16 09:00:00+09:00,76300.0,76500.0,74100.0,75200.0,39838.0
2026-07-16 09:10:00+09:00,75200.0,75400.0,73300.0,73500.0,21338.0
2026-07-16 09:20:00+09:00,73600.0,74900.0,73400.0,74300.0,13779.0
2026-07-16 09:30:00+09:00,74300.0,74400.0,73700.0,73800.0,12426.0
2026-07-16 09:40:00+09:00,73700.0,73900.0,73400.0,73600.0,9473.0
2026-07-16 09:50:00+09:00,73500.0,74300.0,73300.0,73500.0,12185.0
2026-07-16 10:00:00+09:00,73500.0,74000.0,73400.0,73500.0,8297.0
2026-07-16 10:10:00+09:00,73600.0,73700.0,73000.0,73100.0,9971.0
2026-07-16 10:20:00+09:00,73200.0,74000.0,72700.0,72900.0,16829.0
2026-07-16 10:30:00+09:00,72800.0,74200.0,72800.0,73900.0,8316.0
2026-07-16 10:40:00+09:00,73900.0,74200.0,73200.0,73700.0,6815.0
2026-07-16 10:50:00+09:00,73800.0,73900.0,73200.0,73200.0,8437.0
2026-07-16 11:00:00+09:00,73200.0,73200.0,72500.0,72500.0,10928.0
2026-07-16 11:10:00+09:00,72600.0,73400.0,72200.0,73100.0,15027.0
2026-07-16 11:20:00+09:00,73100.0,73800.0,73000.0,73600.0,9546.0
2026-07-16 11:30:00+09:00,73500.0,74000.0,73200.0,73500.0,7815.0
2026-07-16 11:40:00+09:00,73600.0,73900.0,73300.0,73700.0,6331.0
2026-07-16 11:50:00+09:00,73600.0,74000.0,73500.0,73800.0,4240.0
2026-07-16 12:00:00+09:00,73800.0,74000.0,73200.0,73800.0,5807.0
2026-07-16 12:10:00+09:00,73900.0,73900.0,73100.0,73200.0,2788.0
2026-07-16 12:20:00+09:00,73100.0,73500.0,72900.0,73000.0,5303.0
2026-07-16 12:30:00+09:00,73100.0,73900.0,72900.0,73100.0,3855.0
2026-07-16 12:40:00+09:00,73100.0,73400.0,72900.0,72900.0,4903.0
2026-07-16 12:50:00+09:00,72900.0,73500.0,72900.0,73300.0,5654.0
2026-07-16 13:00:00+09:00,73200.0,73300.0,72600.0,72800.0,9764.0
2026-07-16 13:10:00+09:00,72800.0,73400.0,72800.0,72800.0,4046.0
2026-07-16 13:20:00+09:00,72800.0,73000.0,72700.0,72700.0,4738.0
2026-07-16 13:30:00+09:00,72800.0,73000.0,72600.0,72900.0,7489.0
2026-07-16 13:40:00+09:00,72800.0,73000.0,72600.0,72800.0,5303.0
2026-07-16 13:50:00+09:00,72800.0,73000.0,72600.0,72800.0,3493.0
2026-07-16 14:00:00+09:00,72700.0,73000.0,72700.0,72700.0,4543.0
2026-07-16 14:10:00+09:00,72800.0,73900.0,72700.0,73800.0,10351.0
2026-07-16 14:20:00+09:00,73800.0,74500.0,73800.0,74200.0,9758.0
2026-07-16 14:30:00+09:00,74200.0,77900.0,72800.0,72900.0,7191.0
2026-07-16 14:40:00+09:00,72900.0,73300.0,72600.0,72600.0,11239.0
2026-07-16 14:50:00+09:00,72600.0,72900.0,72400.0,72500.0,16333.0
2026-07-20 09:00:00+09:00,70000.0,72700.0,69800.0,72300.0,13113.0
2026-07-20 09:10:00+09:00,72300.0,72500.0,71300.0,72000.0,30919.0
2026-07-20 09:20:00+09:00,71800.0,72400.0,71300.0,71600.0,13362.0
2026-07-20 09:30:00+09:00,71600.0,72100.0,70800.0,71400.0,12232.0
2026-07-20 09:40:00+09:00,71400.0,71600.0,70500.0,70900.0,12917.0
2026-07-20 09:50:00+09:00,71000.0,71000.0,69600.0,69900.0,15206.0
2026-07-20 10:00:00+09:00,69900.0,70700.0,69600.0,70600.0,16751.0
2026-07-20 10:10:00+09:00,70500.0,71000.0,69800.0,69900.0,15441.0
2026-07-20 10:20:00+09:00,69900.0,70500.0,69800.0,70000.0,8452.0
2026-07-20 10:30:00+09:00,70000.0,70300.0,69500.0,69900.0,11100.0
2026-07-20 10:40:00+09:00,69900.0,69900.0,69300.0,69300.0,8176.0
2026-07-20 10:50:00+09:00,69300.0,69300.0,68700.0,69100.0,11889.0
2026-07-20 11:00:00+09:00,69000.0,69800.0,69000.0,69600.0,5539.0
2026-07-20 11:10:00+09:00,69600.0,69600.0,68700.0,68800.0,6644.0
2026-07-20 11:20:00+09:00,68800.0,68900.0,68500.0,68700.0,4565.0
2026-07-20 11:30:00+09:00,68700.0,69300.0,68600.0,68900.0,3365.0
2026-07-20 11:40:00+09:00,68900.0,69400.0,68700.0,69300.0,3053.0
2026-07-20 11:50:00+09:00,69300.0,69400.0,69100.0,69300.0,3199.0
2026-07-20 12:00:00+09:00,69300.0,69500.0,68900.0,69400.0,6650.0
2026-07-20 12:10:00+09:00,69300.0,70000.0,69100.0,69500.0,6435.0
2026-07-20 12:20:00+09:00,69400.0,70100.0,69400.0,69500.0,6664.0
2026-07-20 12:30:00+09:00,69500.0,70100.0,69400.0,69400.0,7302.0
2026-07-20 12:40:00+09:00,69500.0,70100.0,69400.0,69600.0,9004.0
2026-07-20 12:50:00+09:00,69600.0,70500.0,69600.0,69700.0,9419.0
2026-07-20 13:00:00+09:00,69800.0,70300.0,69400.0,69500.0,11513.0
2026-07-20 13:10:00+09:00,69500.0,69900.0,69100.0,69300.0,10375.0
2026-07-20 13:20:00+09:00,69300.0,70000.0,69200.0,69600.0,9571.0
2026-07-20 13:30:00+09:00,69600.0,70500.0,69600.0,70500.0,12970.0
2026-07-20 13:40:00+09:00,70400.0,70700.0,70000.0,70600.0,8347.0
2026-07-20 13:50:00+09:00,70600.0,71000.0,70000.0,70400.0,16641.0
2026-07-20 14:00:00+09:00,70300.0,70600.0,69900.0,70000.0,13153.0
2026-07-20 14:10:00+09:00,70000.0,70300.0,69600.0,70000.0,14140.0
2026-07-20 14:20:00+09:00,70000.0,70200.0,69600.0,69800.0,13438.0
2026-07-20 14:30:00+09:00,69800.0,70100.0,69400.0,69400.0,17580.0
2026-07-20 14:40:00+09:00,69400.0,69800.0,68900.0,69300.0,20530.0
2026-07-20 14:50:00+09:00,69300.0,70100.0,69200.0,69400.0,21971.0
2026-07-21 09:00:00+09:00,69100.0,70200.0,67700.0,67900.0,47215.0
2026-07-21 09:10:00+09:00,67900.0,68600.0,67600.0,68500.0,16651.0
2026-07-21 09:20:00+09:00,68500.0,68800.0,67900.0,68000.0,12729.0
2026-07-21 09:30:00+09:00,68000.0,68700.0,67800.0,68600.0,9285.0
2026-07-21 09:40:00+09:00,68500.0,69000.0,68100.0,68700.0,9793.0
2026-07-21 09:50:00+09:00,68700.0,68700.0,67600.0,67600.0,9641.0
2026-07-21 10:00:00+09:00,67700.0,69100.0,67400.0,68800.0,15842.0
2026-07-21 10:10:00+09:00,68800.0,68900.0,68200.0,68700.0,10048.0
2026-07-21 10:20:00+09:00,68700.0,68900.0,68300.0,68700.0,5980.0
2026-07-21 10:30:00+09:00,68600.0,69500.0,68600.0,69000.0,5467.0
2026-07-21 10:40:00+09:00,68900.0,69000.0,68200.0,68800.0,10038.0
2026-07-21 10:50:00+09:00,68800.0,68800.0,68000.0,68200.0,10493.0
2026-07-21 11:00:00+09:00,68200.0,68700.0,68100.0,68200.0,10212.0
2026-07-21 11:10:00+09:00,68200.0,68300.0,67900.0,68000.0,5982.0
2026-07-21 11:20:00+09:00,68000.0,68300.0,67800.0,68300.0,6061.0
2026-07-21 11:30:00+09:00,68300.0,68800.0,68200.0,68800.0,4265.0
2026-07-21 11:40:00+09:00,68800.0,69200.0,68800.0,69200.0,5533.0
2026-07-21 11:50:00+09:00,69200.0,69400.0,68900.0,69200.0,5803.0
2026-07-21 12:00:00+09:00,69200.0,69700.0,69100.0,69500.0,14285.0
2026-07-21 12:10:00+09:00,69500.0,70000.0,69400.0,69800.0,10349.0
2026-07-21 12:20:00+09:00,69800.0,69800.0,69400.0,69400.0,11776.0
2026-07-21 12:30:00+09:00,69400.0,69800.0,69400.0,69700.0,6206.0
2026-07-21 12:40:00+09:00,69700.0,70100.0,69700.0,70000.0,7857.0
2026-07-21 12:50:00+09:00,70000.0,70400.0,70000.0,70300.0,7448.0
2026-07-21 13:00:00+09:00,70400.0,70500.0,70200.0,70300.0,8151.0
2026-07-21 13:10:00+09:00,70400.0,70500.0,70100.0,70300.0,6584.0
2026-07-21 13:20:00+09:00,70400.0,70600.0,70200.0,70400.0,7232.0
2026-07-21 13:30:00+09:00,70500.0,70900.0,70200.0,70600.0,12956.0
2026-07-21 13:40:00+09:00,70600.0,70800.0,70300.0,70800.0,11849.0
2026-07-21 13:50:00+09:00,70800.0,70800.0,70000.0,70200.0,13159.0
2026-07-21 14:00:00+09:00,70300.0,70400.0,69800.0,70100.0,13506.0
2026-07-21 14:10:00+09:00,70100.0,70100.0,69000.0,69200.0,15002.0
2026-07-21 14:20:00+09:00,69200.0,70000.0,69100.0,70000.0,8830.0
2026-07-21 14:30:00+09:00,70000.0,70000.0,69400.0,70000.0,12985.0
2026-07-21 14:40:00+09:00,70000.0,70900.0,69900.0,70700.0,24071.0
2026-07-21 14:50:00+09:00,70700.0,70800.0,70300.0,70400.0,30635.0
2026-07-22 09:00:00+09:00,73100.0,75500.0,71800.0,74600.0,67062.0
2026-07-22 09:10:00+09:00,74700.0,74900.0,73900.0,74300.0,27597.0
2026-07-22 09:20:00+09:00,74300.0,74600.0,73500.0,73800.0,27744.0
2026-07-22 09:30:00+09:00,73900.0,74100.0,73200.0,73500.0,19871.0
2026-07-22 09:40:00+09:00,73500.0,73600.0,72500.0,72900.0,13965.0
2026-07-22 09:50:00+09:00,72800.0,73200.0,72500.0,73100.0,13205.0
2026-07-22 10:00:00+09:00,73200.0,73500.0,72400.0,73400.0,20731.0
2026-07-22 10:10:00+09:00,73400.0,73700.0,73000.0,73700.0,8338.0
2026-07-22 10:20:00+09:00,73700.0,73800.0,73200.0,73300.0,10216.0
2026-07-22 10:30:00+09:00,73300.0,73900.0,73200.0,73700.0,10244.0
2026-07-22 10:40:00+09:00,73700.0,74000.0,73200.0,74000.0,9947.0
2026-07-22 10:50:00+09:00,74000.0,74100.0,73600.0,73700.0,6841.0
2026-07-22 11:00:00+09:00,73600.0,73800.0,73300.0,73500.0,9582.0
2026-07-22 11:10:00+09:00,73300.0,73600.0,73200.0,73400.0,6406.0
2026-07-22 11:20:00+09:00,73400.0,74500.0,73400.0,74400.0,26656.0
2026-07-22 11:30:00+09:00,74400.0,74400.0,73600.0,73900.0,10651.0
2026-07-22 11:40:00+09:00,73900.0,73900.0,73500.0,73700.0,8156.0
2026-07-22 11:50:00+09:00,73700.0,73800.0,73100.0,73200.0,8012.0
2026-07-22 12:00:00+09:00,73200.0,73500.0,73000.0,73200.0,8543.0
2026-07-22 12:10:00+09:00,73200.0,73500.0,72800.0,73400.0,13672.0
2026-07-22 12:20:00+09:00,73400.0,73900.0,73300.0,73900.0,7927.0
2026-07-22 12:30:00+09:00,73800.0,73900.0,73400.0,73600.0,9158.0
2026-07-22 12:40:00+09:00,73600.0,74200.0,73600.0,74200.0,5816.0
2026-07-22 12:50:00+09:00,74100.0,74200.0,73700.0,73900.0,8711.0
2026-07-22 13:00:00+09:00,73900.0,74200.0,73800.0,73900.0,14890.0
2026-07-22 13:10:00+09:00,73800.0,74500.0,73700.0,74300.0,16157.0
2026-07-22 13:20:00+09:00,74300.0,74700.0,74200.0,74700.0,18395.0
2026-07-22 13:30:00+09:00,74700.0,74800.0,74300.0,74400.0,17367.0
2026-07-22 13:40:00+09:00,74400.0,74700.0,74000.0,74100.0,13310.0
2026-07-22 13:50:00+09:00,74000.0,74100.0,73600.0,74000.0,11338.0
2026-07-22 14:00:00+09:00,74100.0,74200.0,73200.0,73400.0,13267.0
2026-07-22 14:10:00+09:00,73400.0,73600.0,73100.0,73200.0,13368.0
2026-07-22 14:20:00+09:00,73300.0,73300.0,72800.0,72900.0,12600.0
2026-07-22 14:30:00+09:00,72900.0,73200.0,72500.0,72800.0,14653.0
2026-07-22 14:40:00+09:00,72700.0,72800.0,72000.0,72200.0,16032.0
2026-07-22 14:50:00+09:00,72200.0,72800.0,72200.0,72400.0,11802.0
2026-07-23 09:00:00+09:00,72200.0,73700.0,72100.0,73600.0,44362.0
2026-07-23 09:10:00+09:00,73600.0,73800.0,73000.0,73700.0,21284.0
2026-07-23 09:20:00+09:00,73700.0,74000.0,73100.0,73800.0,20913.0
2026-07-23 09:30:00+09:00,73800.0,73800.0,72900.0,73200.0,18577.0
2026-07-23 09:40:00+09:00,73300.0,74100.0,73000.0,73700.0,18583.0
2026-07-23 09:50:00+09:00,73700.0,73900.0,73100.0,73400.0,17386.0
2026-07-23 10:00:00+09:00,73500.0,73600.0,72200.0,73100.0,30862.0
2026-07-23 10:10:00+09:00,73200.0,73200.0,72600.0,72600.0,16799.0
2026-07-23 10:20:00+09:00,72600.0,72800.0,71700.0,72600.0,22722.0
2026-07-23 10:30:00+09:00,72700.0,73100.0,72200.0,72800.0,15843.0
2026-07-23 10:40:00+09:00,72900.0,73100.0,72200.0,72400.0,14415.0
2026-07-23 10:50:00+09:00,72300.0,72900.0,72200.0,72200.0,12806.0
2026-07-23 11:00:00+09:00,72200.0,72700.0,72000.0,72200.0,15834.0
2026-07-23 11:10:00+09:00,72200.0,72400.0,71600.0,71700.0,15716.0
2026-07-23 11:20:00+09:00,71700.0,71800.0,70800.0,71100.0,19506.0
2026-07-23 11:30:00+09:00,71100.0,71500.0,71000.0,71000.0,10653.0
2026-07-23 11:40:00+09:00,71000.0,71900.0,70800.0,71600.0,15160.0
2026-07-23 11:50:00+09:00,71700.0,72100.0,71500.0,71900.0,9963.0
2026-07-23 12:00:00+09:00,71900.0,72000.0,71400.0,71800.0,9917.0
2026-07-23 12:10:00+09:00,71700.0,71800.0,71200.0,71500.0,8299.0
2026-07-23 12:20:00+09:00,71500.0,72000.0,71300.0,72000.0,9071.0
2026-07-23 12:30:00+09:00,72000.0,72150.0,71700.0,72100.0,7199.0
2026-07-23 12:40:00+09:00,72100.0,72400.0,71900.0,72300.0,7233.0
2026-07-23 12:50:00+09:00,72300.0,72600.0,72000.0,72300.0,11298.0
2026-07-23 13:00:00+09:00,72400.0,72400.0,72000.0,72100.0,8591.0
2026-07-23 13:10:00+09:00,72100.0,72500.0,72000.0,72200.0,10217.0
2026-07-23 13:20:00+09:00,72200.0,72900.0,72200.0,72800.0,10021.0
2026-07-23 13:30:00+09:00,72800.0,72900.0,72600.0,72700.0,11992.0
2026-07-23 13:40:00+09:00,72600.0,72800.0,72400.0,72600.0,10153.0
2026-07-23 13:50:00+09:00,72500.0,72700.0,72100.0,72300.0,11417.0
2026-07-23 14:00:00+09:00,72500.0,72600.0,72100.0,72400.0,10134.0
2026-07-23 14:10:00+09:00,72400.0,72500.0,72100.0,72400.0,10741.0
2026-07-23 14:20:00+09:00,72400.0,73000.0,72400.0,72800.0,15662.0
2026-07-23 14:30:00+09:00,72900.0,73700.0,72800.0,73300.0,24851.0
2026-07-23 14:40:00+09:00,73300.0,73700.0,73000.0,73200.0,19413.0
2026-07-23 14:50:00+09:00,73100.0,73600.0,73000.0,73400.0,17421.0
2026-07-24 09:00:00+09:00,72400.0,72600.0,70900.0,71000.0,32189.0
2026-07-24 09:10:00+09:00,71000.0,71300.0,70400.0,71000.0,19187.0
2026-07-24 09:20:00+09:00,71000.0,71100.0,70400.0,70500.0,12302.0
2026-07-24 09:30:00+09:00,70500.0,70500.0,70000.0,70200.0,13378.0
2026-07-24 09:40:00+09:00,70200.0,70500.0,70100.0,70200.0,9340.0
2026-07-24 09:50:00+09:00,70200.0,70700.0,70200.0,70400.0,8436.0
2026-07-24 10:00:00+09:00,70400.0,71100.0,70400.0,70800.0,8944.0
2026-07-24 10:10:00+09:00,70900.0,71100.0,70600.0,70800.0,8774.0
2026-07-24 10:20:00+09:00,70800.0,71100.0,70500.0,70900.0,5415.0
2026-07-24 10:30:00+09:00,70900.0,71100.0,70600.0,70800.0,8686.0
2026-07-24 10:40:00+09:00,70800.0,71000.0,70500.0,70600.0,6277.0
2026-07-24 10:50:00+09:00,70500.0,70600.0,70100.0,70200.0,9218.0
2026-07-24 11:00:00+09:00,70200.0,70500.0,70000.0,70100.0,14975.0
2026-07-24 11:10:00+09:00,70000.0,70200.0,69700.0,69700.0,12370.0
2026-07-24 11:20:00+09:00,69700.0,69900.0,69400.0,69500.0,10894.0
2026-07-24 11:30:00+09:00,69500.0,69900.0,69200.0,69300.0,7484.0
2026-07-24 11:40:00+09:00,69200.0,69300.0,69000.0,69100.0,6707.0
2026-07-24 11:50:00+09:00,69000.0,69300.0,68900.0,69000.0,8282.0
2026-07-24 12:00:00+09:00,69000.0,69400.0,68900.0,69000.0,8488.0
2026-07-24 12:10:00+09:00,69000.0,69300.0,68800.0,69000.0,4234.0
2026-07-24 12:20:00+09:00,68900.0,69300.0,68900.0,69000.0,5486.0
2026-07-24 12:30:00+09:00,69100.0,69200.0,68500.0,68800.0,10596.0
2026-07-24 12:40:00+09:00,68800.0,68900.0,68600.0,68700.0,4213.0
2026-07-24 12:50:00+09:00,68700.0,68700.0,68200.0,68300.0,10833.0
2026-07-24 13:00:00+09:00,68300.0,68800.0,68200.0,68600.0,11070.0
2026-07-24 13:10:00+09:00,68500.0,68600.0,68200.0,68300.0,7715.0
2026-07-24 13:20:00+09:00,68300.0,69000.0,68200.0,69000.0,7006.0
2026-07-24 13:30:00+09:00,68900.0,69600.0,68700.0,68900.0,9411.0
2026-07-24 13:40:00+09:00,69000.0,69100.0,68600.0,68700.0,7984.0
2026-07-24 13:50:00+09:00,68700.0,69500.0,68600.0,69300.0,7960.0
2026-07-24 14:00:00+09:00,69500.0,69800.0,69000.0,69600.0,9194.0
2026-07-24 14:10:00+09:00,69700.0,70000.0,69300.0,69400.0,12213.0
2026-07-24 14:20:00+09:00,69600.0,70100.0,69400.0,69600.0,8877.0
2026-07-24 14:30:00+09:00,69800.0,70000.0,69500.0,69700.0,9719.0
2026-07-24 14:40:00+09:00,69700.0,69900.0,69000.0,69100.0,27122.0
2026-07-24 14:50:00+09:00,69300.0,69300.0,68700.0,69000.0,18220.0
2026-07-27 09:00:00+09:00,70500.0,70900.0,68700.0,68800.0,12591.0
2026-07-27 09:10:00+09:00,68800.0,70000.0,68300.0,69500.0,17248.0
2026-07-27 09:20:00+09:00,69500.0,71200.0,69300.0,70700.0,20362.0
2026-07-27 09:30:00+09:00,70600.0,71000.0,69600.0,70000.0,12805.0
2026-07-27 09:40:00+09:00,70000.0,70700.0,69500.0,70500.0,9684.0
2026-07-27 09:50:00+09:00,70600.0,71000.0,70300.0,70300.0,13727.0
2026-07-27 10:00:00+09:00,70300.0,70500.0,70000.0,70400.0,10780.0
2026-07-27 10:10:00+09:00,70400.0,70400.0,69000.0,69100.0,12942.0
2026-07-27 10:20:00+09:00,69100.0,69400.0,68800.0,69100.0,9533.0
2026-07-27 10:30:00+09:00,69100.0,70300.0,69100.0,70200.0,12231.0
2026-07-27 10:40:00+09:00,70200.0,70300.0,69400.0,69600.0,14486.0
2026-07-27 10:50:00+09:00,69600.0,70400.0,69200.0,70000.0,9673.0
2026-07-27 11:00:00+09:00,70200.0,70200.0,69300.0,69500.0,8309.0
2026-07-27 11:10:00+09:00,69500.0,69800.0,69300.0,69600.0,7165.0
2026-07-27 11:20:00+09:00,69600.0,70000.0,69300.0,69600.0,6331.0
2026-07-27 11:30:00+09:00,69700.0,69800.0,69200.0,69800.0,6165.0
2026-07-27 11:40:00+09:00,69800.0,69800.0,69200.0,69400.0,4660.0
2026-07-27 11:50:00+09:00,69400.0,69600.0,69200.0,69300.0,3188.0
2026-07-27 12:00:00+09:00,69300.0,69600.0,69100.0,69200.0,5588.0
2026-07-27 12:10:00+09:00,69200.0,70000.0,69100.0,69900.0,4485.0
2026-07-27 12:20:00+09:00,69900.0,70100.0,69500.0,69600.0,4630.0
2026-07-27 12:30:00+09:00,69600.0,69700.0,69400.0,69400.0,3980.0
2026-07-27 12:40:00+09:00,69400.0,69900.0,69300.0,69400.0,3775.0
2026-07-27 12:50:00+09:00,69400.0,69600.0,69200.0,69300.0,3130.0
2026-07-27 13:00:00+09:00,69300.0,69700.0,69300.0,69500.0,4043.0
2026-07-27 13:10:00+09:00,69600.0,69900.0,69400.0,69900.0,2946.0
2026-07-27 13:20:00+09:00,69800.0,70100.0,69400.0,69500.0,6927.0
2026-07-27 13:30:00+09:00,69500.0,69800.0,69400.0,69500.0,3560.0
2026-07-27 13:40:00+09:00,69400.0,69900.0,69400.0,69800.0,3340.0
2026-07-27 13:50:00+09:00,69800.0,70000.0,69500.0,69700.0,3693.0
2026-07-27 14:00:00+09:00,69600.0,69800.0,69400.0,69700.0,4826.0
2026-07-27 14:10:00+09:00,69800.0,69900.0,69500.0,69800.0,5904.0
2026-07-27 14:20:00+09:00,69700.0,70000.0,69500.0,69800.0,8014.0
2026-07-27 14:30:00+09:00,69800.0,69800.0,69500.0,69800.0,6639.0
2026-07-27 14:40:00+09:00,69700.0,69800.0,69400.0,69500.0,5873.0
2026-07-27 14:50:00+09:00,69500.0,69700.0,69300.0,69300.0,6252.0
2026-07-28 09:00:00+09:00,67100.0,67100.0,64500.0,64700.0,37082.0
2026-07-28 09:10:00+09:00,64700.0,64900.0,63900.0,64100.0,22276.0
2026-07-28 09:20:00+09:00,64100.0,64600.0,63800.0,64500.0,13571.0
2026-07-28 09:30:00+09:00,64400.0,64500.0,63900.0,64100.0,10328.0
2026-07-28 09:40:00+09:00,64100.0,64300.0,63900.0,64100.0,7370.0
2026-07-28 09:50:00+09:00,64100.0,64400.0,63800.0,63900.0,9279.0
2026-07-28 10:00:00+09:00,64000.0,64300.0,63800.0,63900.0,8013.0
2026-07-28 10:10:00+09:00,63900.0,64100.0,63700.0,63800.0,5261.0
2026-07-28 10:20:00+09:00,63800.0,63900.0,63600.0,63700.0,7613.0
2026-07-28 10:30:00+09:00,63700.0,63900.0,63500.0,63600.0,9145.0
2026-07-28 10:40:00+09:00,63600.0,64300.0,63300.0,64000.0,15310.0
2026-07-28 10:50:00+09:00,63900.0,64000.0,63000.0,63100.0,9726.0
2026-07-28 11:00:00+09:00,63100.0,63300.0,62300.0,62600.0,17902.0
2026-07-28 11:10:00+09:00,62600.0,62900.0,62400.0,62800.0,6676.0
2026-07-28 11:20:00+09:00,62900.0,63000.0,62700.0,62700.0,5702.0
2026-07-28 11:30:00+09:00,62700.0,62900.0,62500.0,62800.0,5796.0
2026-07-28 11:40:00+09:00,62800.0,62800.0,62300.0,62600.0,7855.0
2026-07-28 11:50:00+09:00,62600.0,62600.0,62200.0,62200.0,6360.0
2026-07-28 12:00:00+09:00,62300.0,62300.0,62000.0,62100.0,1418.0
2026-07-28 12:30:00+09:00,62100.0,62700.0,61900.0,62500.0,28413.0
2026-07-28 12:40:00+09:00,62400.0,62700.0,62200.0,62400.0,10593.0
2026-07-28 12:50:00+09:00,62400.0,62600.0,62300.0,62400.0,10206.0
2026-07-28 13:00:00+09:00,62400.0,62500.0,62100.0,62100.0,6287.0
2026-07-28 13:10:00+09:00,62100.0,62500.0,62100.0,62400.0,7431.0
2026-07-28 13:20:00+09:00,62300.0,62400.0,61900.0,61900.0,9338.0
2026-07-28 13:30:00+09:00,61900.0,62100.0,61800.0,62000.0,11005.0
2026-07-28 13:40:00+09:00,62100.0,62200.0,61900.0,62000.0,10362.0
2026-07-28 13:50:00+09:00,62100.0,62200.0,61900.0,62000.0,7603.0
2026-07-28 14:00:00+09:00,62000.0,62300.0,61900.0,62200.0,11842.0
2026-07-28 14:10:00+09:00,62100.0,62300.0,61900.0,61900.0,8749.0
2026-07-28 14:20:00+09:00,61900.0,62000.0,61500.0,61500.0,11698.0
2026-07-28 14:30:00+09:00,61500.0,61600.0,60800.0,61000.0,21364.0
2026-07-28 14:40:00+09:00,60900.0,61500.0,60700.0,60900.0,43675.0
2026-07-28 14:50:00+09:00,61100.0,61500.0,60800.0,61000.0,30219.0
2026-07-29 09:00:00+09:00,62000.0,64500.0,62000.0,62500.0,28222.0
2026-07-29 09:10:00+09:00,62500.0,63200.0,62000.0,62100.0,36583.0
2026-07-29 09:20:00+09:00,62100.0,62600.0,60900.0,61100.0,27972.0
2026-07-29 09:30:00+09:00,61100.0,62000.0,60700.0,61500.0,26138.0
2026-07-29 09:40:00+09:00,61600.0,61900.0,61000.0,61300.0,18282.0
2026-07-29 09:50:00+09:00,61200.0,61500.0,60800.0,60900.0,12898.0
2026-07-29 10:00:00+09:00,60800.0,61500.0,60800.0,61000.0,14589.0
2026-07-29 10:10:00+09:00,61000.0,61000.0,59200.0,59400.0,48791.0
2026-07-29 10:20:00+09:00,59700.0,60500.0,59400.0,60300.0,24440.0
2026-07-29 10:30:00+09:00,60300.0,60300.0,59500.0,59700.0,14196.0
2026-07-29 10:40:00+09:00,59700.0,59700.0,57900.0,58300.0,58706.0
2026-07-29 10:50:00+09:00,58300.0,58700.0,57700.0,57800.0,26384.0
2026-07-29 11:00:00+09:00,58000.0,58500.0,57500.0,57900.0,23305.0
2026-07-29 11:10:00+09:00,57800.0,58300.0,57000.0,57200.0,16361.0
2026-07-29 11:20:00+09:00,57200.0,58100.0,57100.0,58000.0,20797.0
2026-07-29 11:30:00+09:00,57900.0,58000.0,57100.0,57300.0,14161.0
2026-07-29 11:40:00+09:00,57300.0,57600.0,56900.0,57000.0,14311.0
2026-07-29 11:50:00+09:00,56900.0,57000.0,56600.0,56700.0,13350.0
2026-07-29 12:00:00+09:00,56600.0,57500.0,56000.0,57300.0,26038.0
2026-07-29 12:10:00+09:00,57400.0,57400.0,56300.0,56500.0,11518.0
2026-07-29 12:40:00+09:00,57300.0,57300.0,56500.0,56700.0,9258.0
2026-07-29 12:50:00+09:00,56500.0,57200.0,56000.0,56300.0,14942.0
2026-07-29 13:00:00+09:00,56300.0,56700.0,55500.0,55900.0,30414.0
2026-07-29 13:10:00+09:00,55800.0,56100.0,54700.0,55000.0,30456.0
2026-07-29 13:20:00+09:00,55000.0,55500.0,54400.0,54400.0,28815.0
2026-07-29 13:30:00+09:00,54400.0,55000.0,54000.0,54600.0,39402.0
2026-07-29 13:40:00+09:00,54600.0,54700.0,54000.0,54500.0,20241.0
2026-07-29 13:50:00+09:00,54500.0,56300.0,54500.0,56000.0,27849.0
2026-07-29 14:00:00+09:00,56100.0,56800.0,55700.0,56600.0,16853.0
2026-07-29 14:10:00+09:00,56600.0,57300.0,55900.0,56400.0,17981.0
2026-07-29 14:20:00+09:00,56500.0,57600.0,56400.0,57200.0,16890.0
2026-07-29 14:30:00+09:00,57300.0,57900.0,56900.0,57700.0,17963.0
2026-07-29 14:40:00+09:00,57600.0,57800.0,56700.0,56800.0,54961.0
2026-07-29 14:50:00+09:00,56900.0,57400.0,56700.0,57100.0,52269.0
2026-07-30 09:00:00+09:00,54700.0,58000.0,54700.0,57700.0,105864.0
2026-07-30 09:10:00+09:00,57800.0,58400.0,56700.0,57300.0,48856.0
2026-07-30 09:20:00+09:00,57200.0,57800.0,56100.0,57400.0,25100.0
2026-07-30 09:30:00+09:00,57100.0,57600.0,55800.0,56200.0,21688.0
2026-07-30 09:40:00+09:00,56200.0,56500.0,55400.0,56100.0,27352.0
2026-07-30 09:50:00+09:00,56000.0,56300.0,55200.0,56300.0,15340.0
2026-07-30 10:00:00+09:00,56300.0,57900.0,55900.0,57300.0,23029.0
2026-07-30 10:10:00+09:00,57500.0,57500.0,56100.0,56700.0,18098.0
2026-07-30 10:20:00+09:00,56700.0,57700.0,56600.0,57400.0,9381.0
2026-07-30 10:30:00+09:00,57500.0,58600.0,57400.0,58400.0,31794.0
2026-07-30 10:40:00+09:00,58400.0,58800.0,58000.0,58700.0,20430.0
2026-07-30 10:50:00+09:00,58700.0,58700.0,57400.0,57400.0,19684.0
2026-07-30 11:00:00+09:00,57400.0,58200.0,57400.0,57700.0,18654.0
2026-07-30 11:10:00+09:00,57700.0,57800.0,56500.0,56500.0,20504.0
2026-07-30 11:20:00+09:00,56500.0,57300.0,56400.0,56700.0,14872.0
2026-07-30 11:30:00+09:00,56700.0,56800.0,56000.0,56000.0,11135.0
2026-07-30 11:40:00+09:00,56200.0,56700.0,55800.0,56300.0,12678.0
2026-07-30 11:50:00+09:00,56300.0,56700.0,55500.0,55700.0,11686.0
2026-07-30 12:00:00+09:00,55700.0,56000.0,55400.0,55500.0,8821.0
2026-07-30 12:10:00+09:00,55500.0,55600.0,55100.0,55200.0,10627.0
2026-07-30 12:20:00+09:00,55200.0,55800.0,55100.0,55400.0,8890.0
2026-07-30 12:30:00+09:00,55400.0,55900.0,55100.0,55500.0,14029.0
2026-07-30 12:40:00+09:00,55400.0,56100.0,55100.0,56000.0,12059.0
2026-07-30 12:50:00+09:00,55900.0,56000.0,55300.0,55400.0,17311.0
2026-07-30 13:00:00+09:00,55500.0,55700.0,55200.0,55200.0,6429.0
2026-07-30 13:10:00+09:00,55300.0,55500.0,55000.0,55200.0,8208.0
2026-07-30 13:20:00+09:00,55200.0,55900.0,55000.0,55900.0,8429.0
2026-07-30 13:30:00+09:00,55900.0,56100.0,55500.0,55600.0,7393.0
2026-07-30 13:40:00+09:00,55600.0,55600.0,55100.0,55200.0,7612.0
2026-07-30 13:50:00+09:00,55300.0,55500.0,55100.0,55100.0,8157.0
2026-07-30 14:00:00+09:00,55300.0,55500.0,55100.0,55300.0,9235.0
2026-07-30 14:10:00+09:00,55300.0,55800.0,55000.0,55800.0,13443.0
2026-07-30 14:20:00+09:00,55700.0,55900.0,55500.0,55500.0,8009.0
2026-07-30 14:30:00+09:00,55500.0,55800.0,55200.0,55400.0,9371.0
2026-07-30 14:40:00+09:00,55400.0,56300.0,55300.0,55400.0,16175.0
2026-07-30 14:50:00+09:00,55500.0,55800.0,55100.0,55400.0,13399.0
2026-07-31 09:00:00+09:00,60000.0,61600.0,59900.0,60400.0,95932.0
2026-07-31 09:10:00+09:00,60400.0,61800.0,60100.0,61000.0,62759.0
2026-07-31 09:20:00+09:00,61200.0,62300.0,61000.0,62300.0,38114.0
2026-07-31 09:30:00+09:00,62200.0,63700.0,62200.0,63400.0,74670.0
2026-07-31 09:40:00+09:00,63400.0,63500.0,61700.0,62500.0,27958.0
2026-07-31 09:50:00+09:00,62500.0,63400.0,62300.0,63200.0,29610.0
2026-07-31 10:00:00+09:00,63200.0,63800.0,62900.0,63200.0,42004.0
2026-07-31 10:10:00+09:00,63200.0,63400.0,62600.0,63000.0,23718.0
2026-07-31 10:20:00+09:00,63000.0,63200.0,60900.0,61300.0,33177.0
2026-07-31 10:30:00+09:00,61400.0,61600.0,60850.0,61100.0,17855.0
2026-07-31 10:40:00+09:00,61000.0,61300.0,60500.0,61200.0,22826.0
2026-07-31 10:50:00+09:00,61200.0,61600.0,61000.0,61200.0,14239.0
2026-07-31 11:00:00+09:00,61200.0,61700.0,60900.0,61300.0,10640.0
2026-07-31 11:10:00+09:00,61400.0,61600.0,60400.0,60600.0,19196.0
2026-07-31 11:20:00+09:00,60500.0,61400.0,60500.0,61300.0,8534.0
2026-07-31 11:30:00+09:00,61300.0,61400.0,60800.0,61200.0,9491.0
2026-07-31 11:40:00+09:00,61200.0,61500.0,61000.0,61300.0,8582.0
2026-07-31 11:50:00+09:00,61300.0,61500.0,61100.0,61200.0,6115.0
2026-07-31 12:00:00+09:00,61300.0,61300.0,61000.0,61200.0,6968.0
2026-07-31 12:10:00+09:00,61200.0,61700.0,60900.0,61300.0,9245.0
2026-07-31 12:20:00+09:00,61400.0,61700.0,61100.0,61200.0,7119.0
2026-07-31 12:30:00+09:00,61200.0,61600.0,61200.0,61600.0,4758.0
2026-07-31 12:40:00+09:00,61500.0,61600.0,61200.0,61200.0,3989.0
2026-07-31 12:50:00+09:00,61300.0,61800.0,61200.0,61700.0,9569.0
2026-07-31 13:00:00+09:00,61700.0,61800.0,61400.0,61800.0,7709.0
2026-07-31 13:10:00+09:00,61800.0,62000.0,61500.0,61900.0,8306.0
2026-07-31 13:20:00+09:00,61900.0,62500.0,61600.0,62400.0,16112.0
2026-07-31 13:30:00+09:00,62400.0,62400.0,61800.0,62200.0,11067.0
2026-07-31 13:40:00+09:00,62100.0,62800.0,62100.0,62700.0,13488.0
2026-07-31 13:50:00+09:00,62600.0,63100.0,62500.0,62900.0,17638.0
2026-07-31 14:00:00+09:00,62900.0,63800.0,62900.0,63800.0,31716.0
2026-07-31 14:10:00+09:00,63800.0,64100.0,63000.0,63800.0,39783.0
2026-07-31 14:20:00+09:00,63800.0,64500.0,63800.0,64500.0,31800.0
2026-07-31 14:30:00+09:00,64400.0,65000.0,63800.0,64300.0,67915.0
2026-07-31 14:40:00+09:00,64200.0,64600.0,63950.0,64300.0,29174.0
2026-07-31 14:50:00+09:00,64300.0,64700.0,63800.0,64700.0,27112.0
2026-08-03 09:00:00+09:00,61700.0,63200.0,60900.0,61800.0,21098.0
2026-08-03 09:10:00+09:00,61800.0,62100.0,60900.0,61500.0,22341.0
2026-08-03 09:20:00+09:00,61500.0,62200.0,60900.0,61400.0,25673.0
2026-08-03 09:30:00+09:00,61300.0,62500.0,60900.0,62200.0,23984.0
2026-08-03 09:40:00+09:00,62200.0,62900.0,62000.0,62700.0,19365.0
2026-08-03 09:50:00+09:00,62700.0,63000.0,62100.0,62900.0,19955.0
2026-08-03 10:00:00+09:00,62900.0,63000.0,62300.0,62400.0,21986.0
2026-08-03 10:10:00+09:00,62400.0,62500.0,61900.0,61900.0,15948.0
2026-08-03 10:20:00+09:00,61900.0,62600.0,61900.0,62500.0,10494.0
2026-08-03 10:30:00+09:00,62400.0,62900.0,62200.0,62700.0,19237.0
2026-08-03 10:40:00+09:00,62700.0,62800.0,62300.0,62600.0,11823.0
2026-08-03 10:50:00+09:00,62600.0,63100.0,62500.0,62900.0,13092.0
2026-08-03 11:00:00+09:00,62900.0,63200.0,62500.0,62600.0,13295.0
2026-08-03 11:10:00+09:00,62700.0,63400.0,62600.0,62900.0,12830.0
2026-08-03 11:20:00+09:00,62900.0,63000.0,62000.0,62000.0,15247.0
2026-08-03 11:30:00+09:00,62000.0,62600.0,61900.0,62300.0,12069.0
2026-08-03 11:40:00+09:00,62400.0,62800.0,62200.0,62600.0,15566.0
2026-08-03 11:50:00+09:00,62700.0,62800.0,62500.0,62600.0,15558.0
2026-08-03 12:00:00+09:00,62700.0,62700.0,62300.0,62300.0,13351.0
2026-08-03 12:10:00+09:00,62400.0,62600.0,62200.0,62300.0,11177.0
2026-08-03 12:20:00+09:00,62300.0,62300.0,61700.0,62100.0,14133.0
2026-08-03 12:30:00+09:00,62200.0,62500.0,62100.0,62500.0,14757.0
2026-08-03 12:40:00+09:00,62400.0,62700.0,62200.0,62300.0,10893.0
2026-08-03 12:50:00+09:00,62300.0,62700.0,62100.0,62200.0,13252.0
2026-08-03 13:00:00+09:00,62100.0,62500.0,61700.0,61800.0,16551.0
2026-08-03 13:10:00+09:00,61800.0,61800.0,61600.0,61600.0,14155.0
2026-08-03 13:20:00+09:00,61600.0,62000.0,61600.0,61700.0,14413.0
2026-08-03 13:30:00+09:00,61700.0,61800.0,61500.0,61500.0,14493.0
2026-08-03 13:40:00+09:00,61600.0,61600.0,61300.0,61500.0,13334.0
2026-08-03 13:50:00+09:00,61500.0,61600.0,61100.0,61100.0,15003.0
2026-08-03 14:00:00+09:00,61200.0,61900.0,61200.0,61300.0,17267.0
2026-08-03 14:10:00+09:00,61200.0,61700.0,61100.0,61300.0,15969.0
2026-08-03 14:20:00+09:00,61300.0,61700.0,61200.0,61500.0,18444.0
2026-08-03 14:30:00+09:00,61500.0,61700.0,61300.0,61400.0,14412.0
2026-08-03 14:40:00+09:00,61500.0,61600.0,61200.0,61200.0,19208.0
2026-08-03 14:50:00+09:00,61200.0,61400.0,61100.0,61200.0,18511.0
2026-08-04 09:00:00+09:00,62400.0,63900.0,62300.0,63500.0,41629.0
2026-08-04 09:10:00+09:00,63500.0,63600.0,62000.0,62500.0,19949.0
2026-08-04 09:20:00+09:00,62400.0,63500.0,62400.0,62600.0,19942.0
2026-08-04 09:30:00+09:00,62600.0,62600.0,61700.0,62200.0,25575.0
2026-08-04 09:40:00+09:00,62100.0,62600.0,61800.0,62300.0,19270.0
2026-08-04 09:50:00+09:00,62300.0,62500.0,61400.0,61500.0,14223.0
2026-08-04 10:00:00+09:00,61500.0,62100.0,61100.0,61900.0,19233.0
2026-08-04 10:10:00+09:00,62000.0,62800.0,61800.0,61900.0,17445.0
2026-08-04 10:20:00+09:00,61800.0,62800.0,61800.0,62700.0,12733.0
2026-08-04 10:30:00+09:00,62700.0,63100.0,62400.0,62500.0,16583.0
2026-08-04 10:40:00+09:00,62500.0,63500.0,62500.0,63400.0,12675.0
2026-08-04 10:50:00+09:00,63400.0,64000.0,63400.0,63800.0,26645.0
2026-08-04 11:00:00+09:00,63700.0,63800.0,63100.0,63200.0,12323.0
2026-08-04 11:10:00+09:00,63200.0,63500.0,63100.0,63400.0,10684.0
2026-08-04 11:20:00+09:00,63400.0,63600.0,63100.0,63300.0,8794.0
2026-08-04 11:30:00+09:00,63300.0,63800.0,63100.0,63700.0,10126.0
2026-08-04 11:40:00+09:00,63700.0,63800.0,63400.0,63400.0,6136.0
2026-08-04 11:50:00+09:00,63400.0,63600.0,63100.0,63300.0,7101.0
2026-08-04 12:00:00+09:00,63400.0,63500.0,63000.0,63200.0,6477.0
2026-08-04 12:10:00+09:00,63200.0,63300.0,62600.0,62800.0,7628.0
2026-08-04 12:20:00+09:00,62700.0,63300.0,62700.0,63100.0,9750.0
2026-08-04 12:30:00+09:00,63000.0,63400.0,63000.0,63100.0,5380.0
2026-08-04 12:40:00+09:00,63100.0,63300.0,62700.0,63000.0,8382.0
2026-08-04 12:50:00+09:00,62900.0,63200.0,62800.0,62900.0,7045.0
2026-08-04 13:00:00+09:00,62900.0,63300.0,62900.0,63000.0,8558.0
2026-08-04 13:10:00+09:00,63000.0,63300.0,62700.0,63300.0,11831.0
2026-08-04 13:20:00+09:00,63300.0,63300.0,62500.0,62600.0,12250.0
2026-08-04 13:30:00+09:00,62700.0,62900.0,62300.0,62400.0,14473.0
2026-08-04 13:40:00+09:00,62400.0,62600.0,62200.0,62600.0,11163.0
2026-08-04 13:50:00+09:00,62600.0,62800.0,62200.0,62600.0,10737.0
2026-08-04 14:00:00+09:00,62600.0,62700.0,62100.0,62600.0,10434.0
2026-08-04 14:10:00+09:00,62500.0,62600.0,61900.0,62500.0,15964.0
2026-08-04 14:20:00+09:00,62500.0,62900.0,62500.0,62900.0,8852.0
2026-08-04 14:30:00+09:00,62900.0,63500.0,62900.0,63300.0,18174.0
2026-08-04 14:40:00+09:00,63300.0,63400.0,63000.0,63400.0,10848.0
2026-08-04 14:50:00+09:00,63300.0,63700.0,63100.0,63700.0,17815.0
2026-08-05 09:00:00+09:00,67700.0,68000.0,64600.0,64600.0,94727.0
2026-08-05 09:10:00+09:00,64600.0,66100.0,64100.0,66000.0,38497.0
2026-08-05 09:20:00+09:00,66000.0,66900.0,65500.0,66800.0,29594.0
2026-08-05 09:30:00+09:00,66800.0,67000.0,66200.0,66500.0,26265.0
2026-08-05 09:40:00+09:00,66500.0,66600.0,66000.0,66100.0,16614.0
2026-08-05 09:50:00+09:00,66100.0,66500.0,65900.0,66300.0,13965.0
2026-08-05 10:00:00+09:00,66400.0,66700.0,65600.0,66100.0,25915.0
2026-08-05 10:10:00+09:00,66200.0,66700.0,65600.0,65600.0,11839.0
2026-08-05 10:20:00+09:00,65700.0,66000.0,65300.0,65600.0,12939.0
2026-08-05 10:30:00+09:00,65500.0,66100.0,65400.0,65900.0,12049.0
2026-08-05 10:40:00+09:00,65850.0,66700.0,65800.0,66500.0,7273.0
2026-08-05 10:50:00+09:00,66600.0,66800.0,66400.0,66600.0,10152.0
2026-08-05 11:00:00+09:00,66600.0,66900.0,66500.0,66500.0,10618.0
2026-08-05 11:10:00+09:00,66500.0,66700.0,66300.0,66500.0,8084.0
2026-08-05 11:20:00+09:00,66500.0,66700.0,66300.0,66400.0,6955.0
2026-08-05 11:30:00+09:00,66400.0,66600.0,66300.0,66500.0,6115.0
2026-08-05 11:40:00+09:00,66300.0,66600.0,66300.0,66400.0,8990.0
2026-08-05 11:50:00+09:00,66400.0,66800.0,66400.0,66500.0,8766.0
2026-08-05 12:00:00+09:00,66500.0,66900.0,66500.0,66700.0,8517.0
2026-08-05 12:10:00+09:00,66800.0,66900.0,66700.0,66800.0,6683.0
2026-08-05 12:20:00+09:00,66700.0,66900.0,66400.0,66500.0,7004.0
2026-08-05 12:30:00+09:00,66500.0,66800.0,66300.0,66400.0,5054.0
2026-08-05 12:40:00+09:00,66400.0,66700.0,66300.0,66500.0,6646.0
2026-08-05 12:50:00+09:00,66500.0,66800.0,66400.0,66600.0,6982.0
2026-08-05 13:00:00+09:00,66500.0,66800.0,66500.0,66700.0,5374.0
2026-08-05 13:10:00+09:00,66800.0,66800.0,66300.0,66400.0,8171.0
2026-08-05 13:20:00+09:00,66400.0,66400.0,66000.0,66100.0,11558.0
2026-08-05 13:30:00+09:00,66100.0,66300.0,66100.0,66200.0,8466.0
2026-08-05 13:40:00+09:00,66200.0,66400.0,66100.0,66200.0,10000.0
2026-08-05 13:50:00+09:00,66100.0,66400.0,65900.0,66200.0,13942.0
2026-08-05 14:00:00+09:00,66200.0,66400.0,66000.0,66100.0,9308.0
2026-08-05 14:10:00+09:00,66100.0,66400.0,66100.0,66300.0,10640.0
2026-08-05 14:20:00+09:00,66300.0,66400.0,66100.0,66300.0,10750.0
2026-08-05 14:30:00+09:00,66200.0,66400.0,66100.0,66100.0,10872.0
2026-08-05 14:40:00+09:00,66100.0,66700.0,66100.0,66600.0,14474.0
2026-08-05 14:50:00+09:00,66700.0,66900.0,66600.0,66800.0,22891.0
2026-08-06 09:00:00+09:00,65500.0,66800.0,65000.0,66000.0,17383.0
2026-08-06 09:10:00+09:00,66000.0,66600.0,65300.0,66500.0,19019.0
2026-08-06 09:20:00+09:00,66500.0,66600.0,65600.0,65800.0,14687.0
2026-08-06 09:30:00+09:00,65800.0,66200.0,65500.0,65600.0,16104.0
2026-08-06 09:40:00+09:00,65600.0,66600.0,65600.0,66000.0,18073.0
2026-08-06 09:50:00+09:00,66000.0,66100.0,65600.0,65800.0,15217.0
2026-08-06 10:00:00+09:00,65800.0,66300.0,65500.0,66200.0,14247.0
2026-08-06 10:10:00+09:00,66200.0,66600.0,65700.0,65700.0,9830.0
2026-08-06 10:20:00+09:00,65700.0,65700.0,65100.0,65500.0,19553.0
2026-08-06 10:30:00+09:00,65500.0,65600.0,65000.0,65400.0,16112.0
2026-08-06 10:40:00+09:00,65500.0,65800.0,65200.0,65600.0,7122.0
2026-08-06 10:50:00+09:00,65400.0,65800.0,65200.0,65800.0,5043.0
2026-08-06 11:00:00+09:00,65700.0,65800.0,65400.0,65600.0,4088.0
2026-08-06 11:10:00+09:00,65600.0,65900.0,65500.0,65800.0,6145.0
2026-08-06 11:20:00+09:00,65800.0,66500.0,65700.0,66500.0,12492.0
2026-08-06 11:30:00+09:00,66500.0,67500.0,66200.0,67100.0,20857.0
2026-08-06 11:40:00+09:00,67100.0,68000.0,66800.0,67700.0,21581.0
2026-08-06 11:50:00+09:00,67700.0,68000.0,67700.0,67800.0,15669.0
2026-08-06 12:00:00+09:00,67800.0,68200.0,67600.0,67700.0,12130.0
2026-08-06 12:10:00+09:00,67700.0,68000.0,67300.0,67600.0,6904.0
2026-08-06 12:20:00+09:00,67600.0,67700.0,67100.0,67300.0,6450.0
2026-08-06 12:30:00+09:00,67300.0,67400.0,66800.0,67400.0,9059.0
2026-08-06 12:40:00+09:00,67200.0,67400.0,67100.0,67400.0,4618.0
2026-08-06 12:50:00+09:00,67400.0,67600.0,67300.0,67400.0,6443.0
2026-08-06 13:00:00+09:00,67500.0,67500.0,67100.0,67400.0,8450.0
2026-08-06 13:10:00+09:00,67400.0,67500.0,67200.0,67400.0,5180.0
2026-08-06 13:20:00+09:00,67500.0,68000.0,67400.0,67800.0,10341.0
2026-08-06 13:30:00+09:00,67800.0,68200.0,67400.0,67700.0,12380.0
2026-08-06 13:40:00+09:00,67700.0,68000.0,67400.0,67800.0,10349.0
2026-08-06 13:50:00+09:00,67700.0,68500.0,67700.0,68200.0,19704.0
2026-08-06 14:00:00+09:00,68300.0,69000.0,68000.0,68500.0,27485.0
2026-08-06 14:10:00+09:00,68500.0,69100.0,68400.0,68900.0,26143.0
2026-08-06 14:20:00+09:00,68800.0,69000.0,68500.0,68600.0,20978.0
2026-08-06 14:30:00+09:00,68600.0,68700.0,68000.0,68000.0,16828.0
2026-08-06 14:40:00+09:00,68100.0,68100.0,67300.0,67600.0,16293.0
2026-08-06 14:50:00+09:00,67600.0,67600.0,67100.0,67500.0,12444.0
2026-08-07 09:00:00+09:00,67100.0,68700.0,67000.0,68100.0,21516.0
2026-08-07 09:10:00+09:00,68100.0,68300.0,67000.0,67000.0,15473.0
2026-08-07 09:20:00+09:00,67100.0,67200.0,66500.0,66900.0,10540.0
2026-08-07 09:30:00+09:00,66800.0,67200.0,66100.0,66200.0,18732.0
2026-08-07 09:40:00+09:00,66200.0,66300.0,65300.0,65400.0,13096.0
2026-08-07 09:50:00+09:00,65400.0,66500.0,65300.0,66300.0,8787.0
2026-08-07 10:00:00+09:00,66300.0,66700.0,65800.0,66000.0,11502.0
2026-08-07 10:10:00+09:00,65900.0,66300.0,65100.0,65200.0,15441.0
2026-08-07 10:20:00+09:00,65100.0,65700.0,64200.0,65200.0,22692.0
2026-08-07 10:30:00+09:00,65200.0,65500.0,64200.0,64200.0,15170.0
2026-08-07 10:40:00+09:00,64300.0,64800.0,64000.0,64600.0,12968.0
2026-08-07 10:50:00+09:00,64600.0,65100.0,64200.0,64500.0,9567.0
2026-08-07 11:00:00+09:00,64600.0,64900.0,64300.0,64500.0,10032.0
2026-08-07 11:10:00+09:00,64300.0,65100.0,64300.0,65000.0,7929.0
2026-08-07 11:20:00+09:00,65000.0,65100.0,64600.0,64700.0,7120.0
2026-08-07 11:30:00+09:00,64800.0,64800.0,64400.0,64600.0,6745.0
2026-08-07 11:40:00+09:00,64600.0,64900.0,64400.0,64900.0,4761.0
2026-08-07 11:50:00+09:00,65000.0,65100.0,64500.0,64500.0,9466.0
2026-08-07 12:00:00+09:00,64500.0,65000.0,64500.0,64900.0,10032.0
2026-08-07 12:10:00+09:00,65000.0,65000.0,64400.0,64800.0,8078.0
2026-08-07 12:20:00+09:00,64600.0,64800.0,64400.0,64600.0,4809.0
2026-08-07 12:30:00+09:00,64600.0,64900.0,64500.0,64800.0,6015.0
2026-08-07 12:40:00+09:00,64800.0,64800.0,64500.0,64700.0,5389.0
2026-08-07 12:50:00+09:00,64800.0,64900.0,64500.0,64700.0,5821.0
2026-08-07 13:00:00+09:00,64700.0,65200.0,64500.0,65100.0,6351.0
2026-08-07 13:10:00+09:00,65100.0,65200.0,65000.0,65100.0,7845.0
2026-08-07 13:20:00+09:00,65200.0,65500.0,65100.0,65300.0,7393.0
2026-08-07 13:30:00+09:00,65300.0,65500.0,65200.0,65400.0,5016.0
2026-08-07 13:40:00+09:00,65300.0,65500.0,65100.0,65300.0,5433.0
2026-08-07 13:50:00+09:00,65200.0,65400.0,64900.0,65300.0,7292.0
2026-08-07 14:00:00+09:00,65300.0,65700.0,65200.0,65600.0,9356.0
2026-08-07 14:10:00+09:00,65600.0,65700.0,65400.0,65700.0,6359.0
2026-08-07 14:20:00+09:00,65600.0,65700.0,65300.0,65400.0,7339.0
2026-08-07 14:30:00+09:00,65300.0,65500.0,65100.0,65300.0,7111.0
2026-08-07 14:40:00+09:00,65300.0,65700.0,65000.0,65700.0,21185.0
2026-08-07 14:50:00+09:00,65600.0,65600.0,65300.0,65400.0,20554.0
2026-08-10 09:00:00+09:00,67000.0,67900.0,66300.0,67600.0,8382.0
2026-08-10 09:10:00+09:00,67500.0,68900.0,67200.0,68000.0,50519.0
2026-08-10 09:20:00+09:00,67900.0,68100.0,67400.0,67900.0,24119.0
2026-08-10 09:30:00+09:00,67900.0,68400.0,67800.0,68100.0,21510.0
2026-08-10 09:40:00+09:00,68100.0,68400.0,67600.0,68400.0,18112.0
2026-08-10 09:50:00+09:00,68300.0,68600.0,67900.0,68200.0,20267.0
2026-08-10 10:00:00+09:00,68300.0,68400.0,68000.0,68300.0,11720.0
2026-08-10 10:10:00+09:00,68400.0,69500.0,68300.0,69400.0,32470.0
2026-08-10 10:20:00+09:00,69500.0,69900.0,69100.0,69600.0,25275.0
2026-08-10 10:30:00+09:00,69600.0,69700.0,68400.0,69200.0,23403.0
2026-08-10 10:40:00+09:00,69100.0,69300.0,68600.0,69100.0,13883.0
2026-08-10 10:50:00+09:00,69100.0,69800.0,68700.0,68800.0,16970.0
2026-08-10 11:00:00+09:00,68900.0,69200.0,68600.0,68800.0,9849.0
2026-08-10 11:10:00+09:00,68800.0,69100.0,68400.0,68700.0,7093.0
2026-08-10 11:20:00+09:00,68700.0,69000.0,68600.0,68900.0,6007.0
2026-08-10 11:30:00+09:00,68800.0,69400.0,68600.0,69200.0,9125.0
2026-08-10 11:40:00+09:00,69400.0,69400.0,69200.0,69400.0,4370.0
2026-08-10 11:50:00+09:00,69400.0,69500.0,69200.0,69300.0,7475.0
2026-08-10 12:00:00+09:00,69300.0,69500.0,69200.0,69500.0,5361.0
2026-08-10 12:10:00+09:00,69500.0,69500.0,69000.0,69200.0,6402.0
2026-08-10 12:20:00+09:00,69300.0,69450.0,69000.0,69200.0,2262.0
2026-08-10 12:30:00+09:00,69100.0,69500.0,69000.0,69400.0,6345.0
2026-08-10 12:40:00+09:00,69300.0,69600.0,69300.0,69500.0,3742.0
2026-08-10 12:50:00+09:00,69600.0,69700.0,69500.0,69600.0,4283.0
2026-08-10 13:00:00+09:00,69600.0,70100.0,69600.0,70100.0,21447.0
2026-08-10 13:10:00+09:00,70000.0,70300.0,69800.0,70100.0,12557.0
2026-08-10 13:20:00+09:00,70000.0,70200.0,69800.0,69900.0,5431.0
2026-08-10 13:30:00+09:00,69800.0,70000.0,69500.0,69500.0,9605.0
2026-08-10 13:40:00+09:00,69600.0,69800.0,69300.0,69500.0,9031.0
2026-08-10 13:50:00+09:00,69300.0,69800.0,69000.0,69200.0,12049.0
2026-08-10 14:00:00+09:00,68900.0,70000.0,68900.0,70000.0,13518.0
2026-08-10 14:10:00+09:00,70000.0,70000.0,69700.0,69800.0,5258.0
2026-08-10 14:20:00+09:00,69900.0,70200.0,69700.0,70200.0,12733.0
2026-08-10 14:30:00+09:00,70100.0,70600.0,69900.0,70600.0,25649.0
2026-08-10 14:40:00+09:00,70600.0,70700.0,70200.0,70500.0,25017.0
2026-08-10 14:50:00+09:00,70500.0,70800.0,70200.0,70700.0,21257.0
2026-08-11 09:00:00+09:00,70800.0,71100.0,68700.0,69500.0,40963.0
2026-08-11 09:10:00+09:00,69500.0,71100.0,69300.0,70400.0,23514.0
2026-08-11 09:20:00+09:00,70400.0,70700.0,69700.0,70100.0,15572.0
2026-08-11 09:30:00+09:00,70100.0,71300.0,70100.0,70800.0,16643.0
2026-08-11 09:40:00+09:00,70900.0,71700.0,70800.0,71600.0,21664.0
2026-08-11 09:50:00+09:00,71600.0,72200.0,71500.0,71500.0,24533.0
2026-08-11 10:00:00+09:00,71500.0,71600.0,70700.0,70900.0,15827.0
2026-08-11 10:10:00+09:00,70900.0,71800.0,70800.0,70900.0,18847.0
2026-08-11 10:20:00+09:00,70900.0,71200.0,70100.0,70500.0,23043.0
2026-08-11 10:30:00+09:00,70400.0,71100.0,70300.0,71000.0,15849.0
2026-08-11 10:40:00+09:00,71000.0,71000.0,70300.0,70500.0,14018.0
2026-08-11 10:50:00+09:00,70500.0,70600.0,69900.0,69900.0,27449.0
2026-08-11 11:00:00+09:00,69900.0,70200.0,69600.0,69700.0,16231.0
2026-08-11 11:10:00+09:00,69800.0,70300.0,69700.0,70200.0,9357.0
2026-08-11 11:20:00+09:00,70100.0,70600.0,70000.0,70600.0,10385.0
2026-08-11 11:30:00+09:00,70600.0,70700.0,70100.0,70100.0,8978.0
2026-08-11 11:40:00+09:00,70200.0,70600.0,70200.0,70400.0,5535.0
2026-08-11 11:50:00+09:00,70300.0,70500.0,70000.0,70200.0,14720.0
2026-08-11 12:00:00+09:00,70100.0,70300.0,69700.0,70100.0,6977.0
2026-08-11 12:10:00+09:00,70100.0,70400.0,69900.0,70000.0,5889.0
2026-08-11 12:20:00+09:00,70000.0,70500.0,70000.0,70200.0,5926.0
2026-08-11 12:30:00+09:00,70200.0,70200.0,69800.0,70000.0,9157.0
2026-08-11 12:40:00+09:00,70000.0,70200.0,69700.0,69900.0,9311.0
2026-08-11 12:50:00+09:00,69900.0,70200.0,69800.0,70100.0,6413.0
2026-08-11 13:00:00+09:00,70100.0,70500.0,70000.0,70300.0,6335.0
2026-08-11 13:10:00+09:00,70300.0,70500.0,70100.0,70200.0,7399.0
2026-08-11 13:20:00+09:00,70100.0,70600.0,70000.0,70500.0,8430.0
2026-08-11 13:30:00+09:00,70500.0,70700.0,70300.0,70600.0,7962.0
2026-08-11 13:40:00+09:00,70600.0,70700.0,70300.0,70350.0,7427.0
2026-08-11 13:50:00+09:00,70400.0,70600.0,70300.0,70400.0,6656.0
2026-08-11 14:00:00+09:00,70500.0,70900.0,70400.0,70700.0,10853.0
2026-08-11 14:10:00+09:00,70700.0,70900.0,70600.0,70800.0,9094.0
2026-08-11 14:20:00+09:00,70800.0,70900.0,70400.0,70400.0,11196.0
2026-08-11 14:30:00+09:00,70400.0,71000.0,70400.0,70800.0,11688.0
2026-08-11 14:40:00+09:00,70900.0,71100.0,70800.0,70900.0,15710.0
2026-08-11 14:50:00+09:00,70800.0,71100.0,70700.0,71000.0,17204.0
2026-08-12 09:00:00+09:00,71600.0,71700.0,70100.0,70800.0,28676.0
2026-08-12 09:10:00+09:00,70800.0,71000.0,70500.0,70600.0,14545.0
2026-08-12 09:20:00+09:00,70700.0,70700.0,70500.0,70600.0,12834.0
2026-08-12 09:30:00+09:00,70600.0,71000.0,70200.0,70800.0,13109.0
2026-08-12 09:40:00+09:00,70800.0,71100.0,70700.0,71000.0,7352.0
2026-08-12 09:50:00+09:00,70900.0,71100.0,70700.0,71000.0,8710.0
2026-08-12 10:00:00+09:00,70900.0,71100.0,70600.0,70700.0,8397.0
2026-08-12 10:10:00+09:00,70800.0,70900.0,70600.0,70700.0,7438.0
2026-08-12 10:20:00+09:00,70800.0,71000.0,70600.0,70900.0,11097.0
2026-08-12 10:30:00+09:00,70800.0,71100.0,70800.0,71100.0,7064.0
2026-08-12 10:40:00+09:00,71100.0,71200.0,70800.0,70900.0,10459.0
2026-08-12 10:50:00+09:00,70800.0,71100.0,70800.0,71100.0,8032.0
2026-08-12 11:00:00+09:00,71000.0,71100.0,70800.0,71000.0,7265.0
2026-08-12 11:10:00+09:00,71000.0,71100.0,70900.0,71100.0,4616.0
2026-08-12 11:20:00+09:00,71100.0,71300.0,71000.0,71100.0,6106.0
2026-08-12 11:30:00+09:00,71100.0,71200.0,70900.0,71100.0,9216.0
2026-08-12 11:40:00+09:00,71050.0,71300.0,71000.0,71300.0,6680.0
2026-08-12 11:50:00+09:00,71300.0,71600.0,71100.0,71500.0,12472.0
2026-08-12 12:00:00+09:00,71400.0,71700.0,71400.0,71400.0,13045.0
2026-08-12 12:10:00+09:00,71300.0,71600.0,71300.0,71500.0,8199.0
2026-08-12 12:20:00+09:00,71500.0,71700.0,71200.0,71400.0,8657.0
2026-08-12 12:30:00+09:00,71400.0,71400.0,71100.0,71200.0,6668.0
2026-08-12 12:40:00+09:00,71200.0,71300.0,70900.0,71200.0,10413.0
2026-08-12 12:50:00+09:00,71200.0,71500.0,71200.0,71500.0,9272.0
2026-08-12 13:00:00+09:00,71400.0,71700.0,71300.0,71600.0,11278.0
2026-08-12 13:10:00+09:00,71700.0,71700.0,71400.0,71500.0,9755.0
2026-08-12 13:20:00+09:00,71400.0,71700.0,71300.0,71600.0,16844.0
2026-08-12 13:30:00+09:00,71600.0,71600.0,71100.0,71200.0,14794.0
2026-08-12 13:40:00+09:00,71100.0,71300.0,70800.0,71300.0,12078.0
2026-08-12 13:50:00+09:00,71300.0,71400.0,71100.0,71200.0,7522.0
2026-08-12 14:00:00+09:00,71300.0,71300.0,71000.0,71000.0,6655.0
2026-08-12 14:10:00+09:00,71100.0,71100.0,70800.0,70800.0,10490.0
2026-08-12 14:20:00+09:00,70900.0,71000.0,70500.0,70900.0,12265.0
2026-08-12 14:30:00+09:00,71000.0,71300.0,70900.0,71300.0,8353.0
2026-08-12 14:40:00+09:00,71200.0,71400.0,71000.0,71300.0,8343.0
2026-08-12 14:50:00+09:00,71200.0,71500.0,71200.0,71300.0,13209.0
2026-08-13 09:00:00+09:00,72300.0,72500.0,70700.0,71700.0,52955.0
2026-08-13 09:10:00+09:00,71700.0,71700.0,71000.0,71200.0,36249.0
2026-08-13 09:20:00+09:00,71200.0,71700.0,71200.0,71500.0,24615.0
2026-08-13 09:30:00+09:00,71400.0,71600.0,71200.0,71600.0,18107.0
2026-08-13 09:40:00+09:00,71500.0,72000.0,71500.0,71800.0,12098.0
2026-08-13 09:50:00+09:00,71800.0,72100.0,71500.0,72000.0,10680.0
2026-08-13 10:00:00+09:00,72100.0,72200.0,71600.0,71900.0,13177.0
2026-08-13 10:10:00+09:00,71900.0,72300.0,71700.0,71900.0,20399.0
2026-08-13 10:20:00+09:00,71900.0,71900.0,71200.0,71300.0,13837.0
2026-08-13 10:30:00+09:00,71300.0,71400.0,71200.0,71400.0,7554.0
2026-08-13 10:40:00+09:00,71400.0,71800.0,71300.0,71600.0,7788.0
2026-08-13 10:50:00+09:00,71600.0,71600.0,71400.0,71600.0,5526.0
2026-08-13 11:00:00+09:00,71600.0,71600.0,71400.0,71400.0,7598.0
2026-08-13 11:10:00+09:00,71500.0,71600.0,71400.0,71500.0,4581.0
2026-08-13 11:20:00+09:00,71600.0,71700.0,71300.0,71400.0,6870.0
2026-08-13 11:30:00+09:00,71400.0,71400.0,71000.0,71100.0,12257.0
2026-08-13 11:40:00+09:00,71200.0,71600.0,71100.0,71500.0,6441.0
2026-08-13 11:50:00+09:00,71500.0,71500.0,71100.0,71400.0,7883.0
2026-08-13 12:00:00+09:00,71400.0,71600.0,71300.0,71600.0,4941.0
2026-08-13 12:10:00+09:00,71600.0,71600.0,71300.0,71400.0,2637.0
2026-08-13 12:20:00+09:00,71500.0,71500.0,71300.0,71500.0,3286.0
2026-08-13 12:30:00+09:00,71500.0,71500.0,71400.0,71400.0,2569.0
2026-08-13 12:40:00+09:00,71500.0,71500.0,71400.0,71400.0,2571.0
2026-08-13 12:50:00+09:00,71500.0,71500.0,71300.0,71400.0,8745.0
2026-08-13 13:00:00+09:00,71400.0,71400.0,71200.0,71300.0,5007.0
2026-08-13 13:10:00+09:00,71300.0,71400.0,71200.0,71300.0,8982.0
2026-08-13 13:20:00+09:00,71200.0,71300.0,71100.0,71100.0,4347.0
2026-08-13 13:30:00+09:00,71200.0,71400.0,71000.0,71100.0,12528.0
2026-08-13 13:40:00+09:00,71200.0,71200.0,70900.0,71100.0,14074.0
2026-08-13 13:50:00+09:00,71100.0,71300.0,71000.0,71100.0,5188.0
2026-08-13 14:00:00+09:00,71100.0,71500.0,71000.0,71300.0,7866.0
2026-08-13 14:10:00+09:00,71400.0,71400.0,71100.0,71200.0,3801.0
2026-08-13 14:20:00+09:00,71200.0,71300.0,71000.0,71100.0,5951.0
2026-08-13 14:30:00+09:00,71100.0,71100.0,70900.0,71000.0,7410.0
2026-08-13 14:40:00+09:00,71100.0,71300.0,70900.0,71100.0,15434.0
2026-08-13 14:50:00+09:00,71200.0,71300.0,71100.0,71100.0,9920.0
2026-08-14 09:00:00+09:00,72200.0,72300.0,70900.0,71100.0,41295.0
2026-08-14 09:10:00+09:00,71300.0,71700.0,70700.0,70900.0,20936.0
2026-08-14 09:20:00+09:00,70800.0,71200.0,70700.0,71000.0,14908.0
2026-08-14 09:30:00+09:00,70950.0,71100.0,70700.0,70900.0,7353.0
2026-08-14 09:40:00+09:00,70900.0,71000.0,70000.0,70000.0,22416.0
2026-08-14 09:50:00+09:00,70000.0,70000.0,69300.0,69600.0,23785.0
2026-08-14 10:00:00+09:00,69600.0,69600.0,68800.0,69300.0,30934.0
2026-08-14 10:10:00+09:00,69300.0,71000.0,68900.0,70400.0,64591.0
2026-08-14 10:20:00+09:00,70300.0,71100.0,70300.0,70600.0,20225.0
2026-08-14 10:30:00+09:00,70500.0,71300.0,70300.0,70800.0,15418.0
2026-08-14 10:40:00+09:00,70900.0,71100.0,70800.0,70900.0,10298.0
2026-08-14 10:50:00+09:00,70900.0,71000.0,70500.0,70900.0,6219.0
2026-08-14 11:00:00+09:00,70800.0,71100.0,70700.0,70700.0,10549.0
2026-08-14 11:10:00+09:00,70700.0,70900.0,70500.0,70600.0,7140.0
2026-08-14 11:20:00+09:00,70500.0,70600.0,70300.0,70400.0,7708.0
2026-08-14 11:30:00+09:00,70500.0,70600.0,70300.0,70400.0,6999.0
2026-08-14 11:40:00+09:00,70400.0,70400.0,70200.0,70200.0,4804.0
2026-08-14 11:50:00+09:00,70100.0,70300.0,70000.0,70300.0,7792.0
2026-08-14 12:00:00+09:00,70200.0,70500.0,70100.0,70400.0,4325.0
2026-08-14 12:10:00+09:00,70400.0,70600.0,70200.0,70600.0,3640.0
2026-08-14 12:20:00+09:00,70500.0,70800.0,70500.0,70700.0,4212.0
2026-08-14 12:30:00+09:00,70700.0,70800.0,70400.0,70600.0,4641.0
2026-08-14 12:40:00+09:00,70500.0,70700.0,70400.0,70600.0,8140.0
2026-08-14 12:50:00+09:00,70500.0,70700.0,70400.0,70400.0,11714.0
2026-08-14 13:00:00+09:00,70500.0,70800.0,70400.0,70700.0,11987.0
2026-08-14 13:10:00+09:00,70700.0,71100.0,70500.0,70700.0,25607.0
2026-08-14 13:20:00+09:00,70800.0,70900.0,70500.0,70600.0,18936.0
2026-08-14 13:30:00+09:00,70700.0,70800.0,70400.0,70500.0,9879.0
2026-08-14 13:40:00+09:00,70400.0,70800.0,70400.0,70500.0,18601.0
2026-08-14 13:50:00+09:00,70500.0,70700.0,70400.0,70500.0,13490.0
2026-08-14 14:00:00+09:00,70500.0,70700.0,70200.0,70200.0,10620.0
2026-08-14 14:10:00+09:00,70200.0,70600.0,70200.0,70400.0,39632.0
2026-08-14 14:20:00+09:00,70400.0,70900.0,70200.0,70700.0,22438.0
2026-08-14 14:30:00+09:00,70700.0,70900.0,70500.0,70700.0,10751.0
2026-08-14 14:40:00+09:00,70700.0,70800.0,70200.0,70300.0,28464.0
2026-08-14 14:50:00+09:00,70300.0,70500.0,70200.0,70300.0,47625.0
2026-08-18 09:00:00+09:00,71200.0,71200.0,67700.0,67800.0,43628.0
2026-08-18 09:10:00+09:00,67900.0,70000.0,67700.0,69300.0,46231.0
2026-08-18 09:20:00+09:00,69400.0,70800.0,68900.0,70700.0,34862.0
2026-08-18 09:30:00+09:00,70700.0,70800.0,69800.0,70400.0,34166.0
2026-08-18 09:40:00+09:00,70400.0,70600.0,69400.0,69500.0,34227.0
2026-08-18 09:50:00+09:00,69500.0,69800.0,69300.0,69500.0,19614.0
2026-08-18 10:00:00+09:00,69500.0,70300.0,69500.0,70100.0,16184.0
2026-08-18 10:10:00+09:00,70000.0,70600.0,70000.0,70600.0,21096.0
2026-08-18 10:20:00+09:00,70600.0,70800.0,70200.0,70200.0,14804.0
2026-08-18 10:30:00+09:00,70300.0,70400.0,69900.0,70200.0,13514.0
2026-08-18 10:40:00+09:00,70200.0,70300.0,69300.0,69400.0,18891.0
2026-08-18 10:50:00+09:00,69300.0,69600.0,69100.0,69600.0,17545.0
2026-08-18 11:00:00+09:00,69600.0,70200.0,69600.0,69900.0,12698.0
2026-08-18 11:10:00+09:00,69900.0,70000.0,68900.0,69100.0,23191.0
2026-08-18 11:20:00+09:00,69200.0,69300.0,68600.0,68700.0,11770.0
2026-08-18 11:30:00+09:00,68600.0,69100.0,68300.0,68900.0,19615.0
2026-08-18 11:40:00+09:00,68900.0,69000.0,68400.0,68900.0,11385.0
2026-08-18 11:50:00+09:00,68900.0,69000.0,68500.0,69000.0,7481.0
2026-08-18 12:00:00+09:00,69000.0,69100.0,68600.0,68600.0,8232.0
2026-08-18 12:10:00+09:00,68700.0,68900.0,68500.0,68700.0,11770.0
2026-08-18 12:20:00+09:00,68600.0,68900.0,68300.0,68700.0,12078.0
2026-08-18 12:30:00+09:00,68750.0,68750.0,68300.0,68700.0,11566.0
2026-08-18 12:40:00+09:00,68600.0,68700.0,68400.0,68500.0,9905.0
2026-08-18 12:50:00+09:00,68500.0,69100.0,68400.0,68700.0,13889.0
2026-08-18 13:00:00+09:00,68700.0,69000.0,68400.0,68700.0,9755.0
2026-08-18 13:10:00+09:00,68700.0,68900.0,68500.0,68700.0,8750.0
2026-08-18 13:20:00+09:00,68700.0,68900.0,68400.0,68800.0,12176.0
2026-08-18 13:30:00+09:00,68900.0,69100.0,68700.0,68700.0,8548.0
2026-08-18 13:40:00+09:00,68700.0,68800.0,68500.0,68500.0,7370.0
2026-08-18 13:50:00+09:00,68500.0,69100.0,68500.0,68900.0,14079.0
2026-08-18 14:00:00+09:00,68900.0,69000.0,68600.0,68600.0,11563.0
2026-08-18 14:10:00+09:00,68800.0,68800.0,68300.0,68400.0,16690.0
2026-08-18 14:20:00+09:00,68300.0,68400.0,68100.0,68300.0,16183.0
2026-08-18 14:30:00+09:00,68100.0,68200.0,67700.0,67700.0,37360.0
2026-08-18 14:40:00+09:00,67700.0,67900.0,67600.0,67700.0,21023.0
2026-08-18 14:50:00+09:00,67700.0,67900.0,67500.0,67500.0,22639.0
2026-08-19 09:00:00+09:00,65400.0,65500.0,64200.0,64700.0,44449.0
2026-08-19 09:10:00+09:00,64700.0,64900.0,63500.0,64200.0,33692.0
2026-08-19 09:20:00+09:00,64000.0,64700.0,63800.0,64400.0,22505.0
2026-08-19 09:30:00+09:00,64400.0,67000.0,64400.0,66500.0,28444.0
2026-08-19 09:40:00+09:00,66500.0,66600.0,65900.0,66300.0,15651.0
2026-08-19 09:50:00+09:00,66200.0,66600.0,66000.0,66100.0,15491.0
2026-08-19 10:00:00+09:00,66100.0,68100.0,65900.0,68000.0,32117.0
2026-08-19 10:10:00+09:00,68000.0,68900.0,67600.0,68900.0,46378.0
2026-08-19 10:20:00+09:00,68900.0,69200.0,68300.0,69000.0,35038.0
2026-08-19 10:30:00+09:00,69000.0,69100.0,68100.0,68300.0,16895.0
2026-08-19 10:40:00+09:00,68400.0,68800.0,68300.0,68600.0,13177.0
2026-08-19 10:50:00+09:00,68600.0,68900.0,68300.0,68900.0,12269.0
2026-08-19 11:00:00+09:00,68900.0,68900.0,68000.0,68200.0,14584.0
2026-08-19 11:10:00+09:00,68100.0,68500.0,68000.0,68250.0,9759.0
2026-08-19 11:20:00+09:00,68250.0,68500.0,68100.0,68300.0,9558.0
2026-08-19 11:30:00+09:00,68300.0,68700.0,68200.0,68500.0,10819.0
2026-08-19 11:40:00+09:00,68500.0,68500.0,68100.0,68300.0,8861.0
2026-08-19 11:50:00+09:00,68400.0,68600.0,68300.0,68500.0,5506.0
2026-08-19 12:00:00+09:00,68500.0,68900.0,68400.0,68800.0,12433.0
2026-08-19 12:10:00+09:00,68700.0,69400.0,68600.0,69200.0,19017.0
2026-08-19 12:20:00+09:00,69200.0,69200.0,68700.0,69000.0,10079.0
2026-08-19 12:30:00+09:00,69000.0,69000.0,68800.0,69000.0,8384.0
2026-08-19 12:40:00+09:00,69000.0,69000.0,68500.0,68600.0,9367.0
2026-08-19 12:50:00+09:00,68600.0,69000.0,68500.0,68500.0,10794.0
2026-08-19 13:00:00+09:00,68600.0,68700.0,68300.0,68500.0,11309.0
2026-08-19 13:10:00+09:00,68500.0,68700.0,68200.0,68600.0,10385.0
2026-08-19 13:20:00+09:00,68600.0,69100.0,68600.0,68800.0,11870.0
2026-08-19 13:30:00+09:00,68800.0,69000.0,68500.0,68800.0,9749.0
2026-08-19 13:40:00+09:00,68900.0,68900.0,68400.0,68500.0,10486.0
2026-08-19 13:50:00+09:00,68500.0,68600.0,68400.0,68600.0,6827.0
2026-08-19 14:00:00+09:00,68600.0,68800.0,68500.0,68700.0,13332.0
2026-08-19 14:10:00+09:00,68700.0,68900.0,68300.0,68400.0,21794.0
2026-08-19 14:20:00+09:00,68400.0,69300.0,68300.0,69300.0,14668.0
2026-08-19 14:30:00+09:00,69300.0,69400.0,68500.0,68700.0,22901.0
2026-08-19 14:40:00+09:00,68700.0,68700.0,68000.0,68300.0,20313.0
2026-08-19 14:50:00+09:00,68400.0,68500.0,67800.0,67900.0,27183.0
2026-08-20 09:00:00+09:00,69200.0,69200.0,68000.0,68300.0,25110.0
2026-08-20 09:10:00+09:00,68300.0,68700.0,67800.0,67900.0,23285.0
2026-08-20 09:20:00+09:00,67900.0,68500.0,67700.0,67900.0,20978.0
2026-08-20 09:30:00+09:00,67900.0,68700.0,67800.0,68600.0,11025.0
2026-08-20 09:40:00+09:00,68700.0,68700.0,67900.0,67900.0,16045.0
2026-08-20 09:50:00+09:00,68000.0,68500.0,67900.0,68300.0,8561.0
2026-08-20 10:00:00+09:00,68400.0,68800.0,68200.0,68300.0,13383.0
2026-08-20 10:10:00+09:00,68300.0,68400.0,68000.0,68400.0,9261.0
2026-08-20 10:20:00+09:00,68300.0,68600.0,68200.0,68400.0,6552.0
2026-08-20 10:30:00+09:00,68400.0,69100.0,68300.0,68900.0,12164.0
2026-08-20 10:40:00+09:00,68900.0,69500.0,68900.0,69400.0,9044.0
2026-08-20 10:50:00+09:00,69400.0,69500.0,68900.0,69100.0,6796.0
2026-08-20 11:00:00+09:00,69000.0,69500.0,69000.0,69200.0,5653.0
2026-08-20 11:10:00+09:00,69200.0,69600.0,69100.0,69500.0,5412.0
2026-08-20 11:20:00+09:00,69500.0,69500.0,68900.0,69200.0,5068.0
2026-08-20 11:30:00+09:00,69200.0,69200.0,69000.0,69100.0,5990.0
2026-08-20 11:40:00+09:00,69000.0,69100.0,68600.0,68900.0,6107.0
2026-08-20 11:50:00+09:00,68900.0,69000.0,68500.0,68800.0,4127.0
2026-08-20 12:00:00+09:00,68800.0,69000.0,68800.0,69000.0,2415.0
2026-08-20 12:10:00+09:00,69000.0,69000.0,68800.0,68900.0,3454.0
2026-08-20 12:20:00+09:00,69000.0,69000.0,68900.0,68900.0,2290.0
2026-08-20 12:30:00+09:00,68900.0,69100.0,68900.0,69000.0,3816.0
2026-08-20 12:40:00+09:00,69000.0,69200.0,68900.0,69200.0,2352.0
2026-08-20 12:50:00+09:00,69100.0,69200.0,69000.0,69100.0,3689.0
2026-08-20 13:00:00+09:00,69100.0,69200.0,68900.0,69100.0,3687.0
2026-08-20 13:10:00+09:00,69100.0,69400.0,69100.0,69400.0,5866.0
2026-08-20 13:20:00+09:00,69400.0,69400.0,69100.0,69100.0,2599.0
2026-08-20 13:30:00+09:00,69100.0,69200.0,68800.0,68900.0,3712.0
2026-08-20 13:40:00+09:00,68900.0,69100.0,68800.0,69000.0,2503.0
2026-08-20 13:50:00+09:00,69000.0,69000.0,68700.0,68700.0,4805.0
2026-08-20 14:00:00+09:00,68800.0,68800.0,68500.0,68600.0,3968.0
2026-08-20 14:10:00+09:00,68600.0,69100.0,68300.0,69000.0,6230.0
2026-08-20 14:20:00+09:00,69000.0,69100.0,68800.0,68900.0,3390.0
2026-08-20 14:30:00+09:00,68900.0,69300.0,68900.0,69200.0,11495.0
2026-08-20 14:40:00+09:00,69200.0,69400.0,68900.0,69100.0,6963.0
2026-08-20 14:50:00+09:00,69100.0,69200.0,68800.0,69000.0,5565.0
2026-08-21 09:00:00+09:00,67500.0,67500.0,66100.0,66500.0,31556.0
2026-08-21 09:10:00+09:00,66500.0,67000.0,66400.0,66600.0,17171.0
2026-08-21 09:20:00+09:00,66600.0,66900.0,66200.0,66300.0,14158.0
2026-08-21 09:30:00+09:00,66300.0,66800.0,66100.0,66700.0,12640.0
2026-08-21 09:40:00+09:00,66700.0,66900.0,66300.0,66600.0,12998.0
2026-08-21 09:50:00+09:00,66500.0,66600.0,65500.0,65800.0,21434.0
2026-08-21 10:00:00+09:00,65800.0,65850.0,65200.0,65300.0,12894.0
2026-08-21 10:10:00+09:00,65300.0,65900.0,65000.0,65800.0,13327.0
2026-08-21 10:20:00+09:00,65800.0,65900.0,65100.0,65400.0,9242.0
2026-08-21 10:30:00+09:00,65300.0,65400.0,65000.0,65200.0,7121.0
2026-08-21 10:40:00+09:00,65200.0,65400.0,65100.0,65300.0,5735.0
2026-08-21 10:50:00+09:00,65300.0,65400.0,65200.0,65300.0,6425.0
2026-08-21 11:00:00+09:00,65300.0,65400.0,65200.0,65400.0,5723.0
2026-08-21 11:10:00+09:00,65350.0,65600.0,65300.0,65500.0,3764.0
2026-08-21 11:20:00+09:00,65400.0,65800.0,65400.0,65600.0,3630.0
2026-08-21 11:30:00+09:00,65600.0,65700.0,65400.0,65500.0,4833.0
2026-08-21 11:40:00+09:00,65500.0,65600.0,65300.0,65500.0,3690.0
2026-08-21 11:50:00+09:00,65500.0,65700.0,65400.0,65600.0,3039.0
2026-08-21 12:00:00+09:00,65600.0,65600.0,65100.0,65200.0,6873.0
2026-08-21 12:10:00+09:00,65300.0,65400.0,65100.0,65300.0,5161.0
2026-08-21 12:20:00+09:00,65300.0,65400.0,65200.0,65300.0,2100.0
2026-08-21 12:30:00+09:00,65300.0,65300.0,65100.0,65200.0,4534.0
2026-08-21 12:40:00+09:00,65200.0,65500.0,65200.0,65300.0,3435.0
2026-08-21 12:50:00+09:00,65300.0,65400.0,65100.0,65200.0,5041.0
2026-08-21 13:00:00+09:00,65200.0,65300.0,65000.0,65000.0,7090.0
2026-08-21 13:10:00+09:00,65100.0,65200.0,65000.0,65100.0,4770.0
2026-08-21 13:20:00+09:00,65100.0,65200.0,65000.0,65200.0,8022.0
2026-08-21 13:30:00+09:00,65200.0,65200.0,65000.0,65100.0,8048.0
2026-08-21 13:40:00+09:00,65100.0,65600.0,65000.0,65400.0,6332.0
2026-08-21 13:50:00+09:00,65400.0,65500.0,65200.0,65200.0,6672.0
2026-08-21 14:00:00+09:00,65300.0,65300.0,65100.0,65200.0,9903.0
2026-08-21 14:10:00+09:00,65300.0,65300.0,65100.0,65300.0,4142.0
2026-08-21 14:20:00+09:00,65300.0,65400.0,65200.0,65300.0,5603.0
2026-08-21 14:30:00+09:00,65300.0,65500.0,65300.0,65400.0,5072.0
2026-08-21 14:40:00+09:00,65400.0,65500.0,65200.0,65200.0,8120.0
2026-08-21 14:50:00+09:00,65200.0,65200.0,65000.0,65000.0,12985.0
2026-08-24 09:00:00+09:00,65500.0,66700.0,65100.0,65900.0,13751.0
2026-08-24 09:10:00+09:00,66000.0,66400.0,65400.0,65700.0,15573.0
2026-08-24 09:20:00+09:00,65600.0,65700.0,65000.0,65500.0,14312.0
2026-08-24 09:30:00+09:00,65500.0,65500.0,64700.0,65200.0,14369.0
2026-08-24 09:40:00+09:00,65200.0,65800.0,65100.0,65650.0,10300.0
2026-08-24 09:50:00+09:00,65700.0,66200.0,65400.0,66100.0,12816.0
2026-08-24 10:00:00+09:00,66100.0,66500.0,65900.0,65900.0,16082.0
2026-08-24 10:10:00+09:00,66100.0,66400.0,65800.0,66100.0,8413.0
2026-08-24 10:20:00+09:00,66000.0,66100.0,65700.0,65800.0,6737.0
2026-08-24 10:30:00+09:00,65800.0,65900.0,65300.0,65400.0,17472.0
2026-08-24 10:40:00+09:00,65400.0,65500.0,65200.0,65400.0,3411.0
2026-08-24 10:50:00+09:00,65400.0,65800.0,65200.0,65300.0,7689.0
2026-08-24 11:00:00+09:00,65300.0,65800.0,65100.0,65100.0,9554.0
2026-08-24 11:10:00+09:00,65200.0,65700.0,65100.0,65400.0,5295.0
2026-08-24 11:20:00+09:00,65400.0,66000.0,65400.0,65800.0,5616.0
2026-08-24 11:30:00+09:00,65800.0,66100.0,65800.0,66000.0,6218.0
2026-08-24 11:40:00+09:00,66000.0,66100.0,65500.0,65500.0,2857.0
2026-08-24 11:50:00+09:00,65500.0,65700.0,65300.0,65600.0,7911.0
2026-08-24 12:00:00+09:00,65600.0,65700.0,65100.0,65200.0,3454.0
2026-08-24 12:10:00+09:00,65200.0,65200.0,64900.0,65000.0,4135.0
2026-08-24 12:20:00+09:00,64900.0,65000.0,64700.0,64800.0,7427.0
2026-08-24 12:30:00+09:00,64900.0,65000.0,64800.0,64900.0,3758.0
2026-08-24 12:40:00+09:00,64900.0,65000.0,64700.0,64900.0,5786.0
2026-08-24 12:50:00+09:00,64800.0,64900.0,64600.0,64700.0,3175.0
2026-08-24 13:00:00+09:00,64700.0,64900.0,64600.0,64800.0,6723.0
2026-08-24 13:10:00+09:00,64800.0,65100.0,64500.0,64900.0,5654.0
2026-08-24 13:20:00+09:00,64900.0,65200.0,64800.0,64900.0,4131.0
2026-08-24 13:30:00+09:00,64900.0,65200.0,64800.0,65100.0,3813.0
2026-08-24 13:40:00+09:00,65000.0,65100.0,64800.0,64800.0,3276.0
2026-08-24 13:50:00+09:00,64900.0,65000.0,64700.0,64900.0,6503.0
2026-08-24 14:00:00+09:00,65000.0,65000.0,64700.0,64800.0,8097.0
2026-08-24 14:10:00+09:00,64900.0,65300.0,64800.0,65000.0,6161.0
2026-08-24 14:20:00+09:00,65100.0,65200.0,65000.0,65000.0,8649.0
2026-08-24 14:30:00+09:00,65000.0,65100.0,64700.0,64900.0,6547.0
2026-08-24 14:40:00+09:00,64800.0,64900.0,64500.0,64700.0,12322.0
2026-08-24 14:50:00+09:00,64700.0,64900.0,64600.0,64700.0,9915.0
2026-08-25 09:00:00+09:00,63400.0,64000.0,62000.0,62100.0,34051.0
2026-08-25 09:10:00+09:00,62000.0,62200.0,61100.0,61600.0,14186.0
2026-08-25 09:20:00+09:00,61600.0,62400.0,61600.0,62200.0,14532.0
2026-08-25 09:30:00+09:00,62200.0,63800.0,62000.0,63200.0,15231.0
2026-08-25 09:40:00+09:00,63100.0,63700.0,62900.0,63200.0,11764.0
2026-08-25 09:50:00+09:00,63100.0,63700.0,63100.0,63300.0,11792.0
2026-08-25 10:00:00+09:00,63300.0,63500.0,63000.0,63200.0,10295.0
2026-08-25 10:10:00+09:00,63300.0,63400.0,62700.0,62900.0,9721.0
2026-08-25 10:20:00+09:00,62900.0,63000.0,62400.0,62900.0,8203.0
2026-08-25 10:30:00+09:00,62800.0,63400.0,62800.0,63300.0,11704.0
2026-08-25 10:40:00+09:00,63300.0,63900.0,63100.0,63600.0,14566.0
2026-08-25 10:50:00+09:00,63600.0,64100.0,63500.0,63700.0,10997.0
2026-08-25 11:00:00+09:00,63700.0,64000.0,63600.0,63800.0,7634.0
2026-08-25 11:10:00+09:00,63800.0,64200.0,63700.0,64200.0,6046.0
2026-08-25 11:20:00+09:00,64100.0,64300.0,63700.0,64000.0,7252.0
2026-08-25 11:30:00+09:00,64000.0,64300.0,63800.0,64100.0,4735.0
2026-08-25 11:40:00+09:00,63900.0,64300.0,63800.0,63800.0,5521.0
2026-08-25 11:50:00+09:00,63800.0,64100.0,63700.0,64100.0,4607.0
2026-08-25 12:00:00+09:00,64100.0,64400.0,63800.0,64300.0,6602.0
2026-08-25 12:10:00+09:00,64400.0,64700.0,64200.0,64700.0,6773.0
2026-08-25 12:20:00+09:00,64600.0,65200.0,64300.0,65200.0,10778.0
2026-08-25 12:30:00+09:00,65200.0,65700.0,64900.0,65300.0,10509.0
2026-08-25 12:40:00+09:00,65300.0,65500.0,65000.0,65100.0,7391.0
2026-08-25 12:50:00+09:00,65200.0,65300.0,64800.0,65300.0,10764.0
2026-08-25 13:00:00+09:00,65300.0,66200.0,65200.0,66200.0,14639.0
2026-08-25 13:10:00+09:00,66200.0,66500.0,66000.0,66300.0,16102.0
2026-08-25 13:20:00+09:00,66300.0,66500.0,66000.0,66100.0,7602.0
2026-08-25 13:30:00+09:00,66200.0,66500.0,65800.0,66200.0,8267.0
2026-08-25 13:40:00+09:00,66300.0,66300.0,66000.0,66300.0,6111.0
2026-08-25 13:50:00+09:00,66300.0,66300.0,65900.0,66100.0,6493.0
2026-08-25 14:00:00+09:00,66200.0,66300.0,66000.0,66100.0,6330.0
2026-08-25 14:10:00+09:00,66200.0,66500.0,66100.0,66400.0,9977.0
2026-08-25 14:20:00+09:00,66400.0,66600.0,66300.0,66550.0,10366.0
2026-08-25 14:30:00+09:00,66550.0,66700.0,66400.0,66600.0,7446.0
2026-08-25 14:40:00+09:00,66600.0,66700.0,66200.0,66400.0,10312.0
2026-08-25 14:50:00+09:00,66400.0,66900.0,66200.0,66500.0,11726.0
2026-08-26 09:00:00+09:00,67400.0,67700.0,66100.0,66300.0,26967.0
2026-08-26 09:10:00+09:00,66400.0,66700.0,65800.0,66500.0,17071.0
2026-08-26 09:20:00+09:00,66600.0,67900.0,66300.0,66400.0,17237.0
2026-08-26 09:30:00+09:00,66500.0,66500.0,65900.0,65900.0,10653.0
2026-08-26 09:40:00+09:00,65900.0,66300.0,65600.0,65900.0,10579.0
2026-08-26 09:50:00+09:00,65900.0,65900.0,65300.0,65300.0,12726.0
2026-08-26 10:00:00+09:00,65300.0,65800.0,65200.0,65500.0,6758.0
2026-08-26 10:10:00+09:00,65400.0,65600.0,65300.0,65500.0,9784.0
2026-08-26 10:20:00+09:00,65400.0,65500.0,65000.0,65100.0,14331.0
2026-08-26 10:30:00+09:00,65100.0,65600.0,65000.0,65500.0,10502.0
2026-08-26 10:40:00+09:00,65500.0,65600.0,65100.0,65400.0,9022.0
2026-08-26 10:50:00+09:00,65300.0,65600.0,65200.0,65400.0,8591.0
2026-08-26 11:00:00+09:00,65500.0,65500.0,65000.0,65100.0,13008.0
2026-08-26 11:10:00+09:00,65300.0,65700.0,65200.0,65600.0,6928.0
2026-08-26 11:20:00+09:00,65400.0,65800.0,65400.0,65700.0,6093.0
2026-08-26 11:30:00+09:00,65700.0,65900.0,65600.0,65800.0,7062.0
2026-08-26 11:40:00+09:00,65700.0,66100.0,65700.0,65900.0,7024.0
2026-08-26 11:50:00+09:00,65900.0,66000.0,65700.0,65800.0,8393.0
2026-08-26 12:00:00+09:00,65700.0,65900.0,65600.0,65700.0,7946.0
2026-08-26 12:10:00+09:00,65700.0,66100.0,65600.0,66100.0,7371.0
2026-08-26 12:20:00+09:00,66100.0,66100.0,65800.0,65800.0,5793.0
2026-08-26 12:30:00+09:00,65900.0,66000.0,65700.0,65800.0,6556.0
2026-08-26 12:40:00+09:00,65900.0,66100.0,65700.0,66100.0,6274.0
2026-08-26 12:50:00+09:00,66100.0,66200.0,65900.0,66100.0,6734.0
2026-08-26 13:00:00+09:00,66100.0,66200.0,65900.0,66000.0,6201.0
2026-08-26 13:10:00+09:00,66100.0,66300.0,66000.0,66200.0,7154.0
2026-08-26 13:20:00+09:00,66300.0,66300.0,65900.0,66000.0,6475.0
2026-08-26 13:30:00+09:00,66100.0,66400.0,65900.0,66100.0,7796.0
2026-08-26 13:40:00+09:00,66100.0,66300.0,66000.0,66100.0,4670.0
2026-08-26 13:50:00+09:00,66200.0,66200.0,65900.0,66000.0,5512.0
2026-08-26 14:00:00+09:00,66000.0,66300.0,65900.0,66000.0,7987.0
2026-08-26 14:10:00+09:00,66000.0,66100.0,65700.0,65700.0,7129.0
2026-08-26 14:20:00+09:00,65700.0,66000.0,65600.0,65900.0,7875.0
2026-08-26 14:30:00+09:00,65900.0,66300.0,65900.0,66200.0,5795.0
2026-08-26 14:40:00+09:00,66200.0,66400.0,66000.0,66100.0,7512.0
2026-08-26 14:50:00+09:00,66100.0,66400.0,66100.0,66300.0,8868.0
2026-08-27 09:00:00+09:00,67700.0,68400.0,66800.0,66900.0,30153.0
2026-08-27 09:10:00+09:00,66900.0,67200.0,66600.0,66900.0,16176.0
2026-08-27 09:20:00+09:00,66900.0,67000.0,66400.0,66600.0,15589.0
2026-08-27 09:30:00+09:00,66600.0,67100.0,66400.0,66600.0,16234.0
2026-08-27 09:40:00+09:00,66600.0,66700.0,66300.0,66400.0,10230.0
2026-08-27 09:50:00+09:00,66500.0,66500.0,65650.0,65800.0,19317.0
2026-08-27 10:00:00+09:00,65800.0,66300.0,65700.0,66000.0,14749.0
2026-08-27 10:10:00+09:00,66000.0,66100.0,65800.0,66000.0,8663.0
2026-08-27 10:20:00+09:00,65900.0,66300.0,65900.0,66200.0,5772.0
2026-08-27 10:30:00+09:00,66100.0,66300.0,65900.0,66100.0,9233.0
2026-08-27 10:40:00+09:00,66200.0,66200.0,66000.0,66100.0,7334.0
2026-08-27 10:50:00+09:00,66200.0,66500.0,66100.0,66500.0,7647.0
2026-08-27 11:00:00+09:00,66500.0,66700.0,66400.0,66700.0,7897.0
2026-08-27 11:10:00+09:00,66700.0,66800.0,66500.0,66500.0,4945.0
2026-08-27 11:20:00+09:00,66600.0,66600.0,66100.0,66100.0,6790.0
2026-08-27 11:30:00+09:00,66100.0,66500.0,66000.0,66300.0,5881.0
2026-08-27 11:40:00+09:00,66300.0,66500.0,66200.0,66500.0,5331.0
2026-08-27 11:50:00+09:00,66500.0,66700.0,66500.0,66600.0,5402.0
2026-08-27 12:00:00+09:00,66500.0,66800.0,66500.0,66700.0,6427.0
2026-08-27 12:10:00+09:00,66800.0,66800.0,66500.0,66800.0,7138.0
2026-08-27 12:20:00+09:00,66800.0,66900.0,66500.0,66700.0,7516.0
2026-08-27 12:30:00+09:00,66700.0,66800.0,66500.0,66600.0,3843.0
2026-08-27 12:40:00+09:00,66600.0,66800.0,66500.0,66600.0,6816.0
2026-08-27 12:50:00+09:00,66600.0,66600.0,66300.0,66400.0,6860.0
2026-08-27 13:00:00+09:00,66500.0,66700.0,66400.0,66400.0,6456.0
2026-08-27 13:10:00+09:00,66500.0,66600.0,66300.0,66500.0,5909.0
2026-08-27 13:20:00+09:00,66600.0,66600.0,66400.0,66400.0,2964.0
2026-08-27 13:30:00+09:00,66500.0,66500.0,66300.0,66300.0,3403.0
2026-08-27 13:40:00+09:00,66400.0,66500.0,66300.0,66500.0,8055.0
2026-08-27 13:50:00+09:00,66500.0,66700.0,66300.0,66600.0,6734.0
2026-08-27 14:00:00+09:00,66700.0,66700.0,66500.0,66600.0,6574.0
2026-08-27 14:10:00+09:00,66600.0,66600.0,66300.0,66300.0,4645.0
2026-08-27 14:20:00+09:00,66300.0,66500.0,66300.0,66300.0,8005.0
2026-08-27 14:30:00+09:00,66300.0,66600.0,66300.0,66500.0,7131.0
2026-08-27 14:40:00+09:00,66400.0,66500.0,66400.0,66400.0,3148.0
2026-08-27 14:50:00+09:00,66500.0,66700.0,66400.0,66400.0,11980.0
2026-08-28 09:00:00+09:00,66500.0,67400.0,66300.0,66900.0,15819.0
2026-08-28 09:10:00+09:00,66900.0,67300.0,66500.0,67100.0,14583.0
2026-08-28 09:20:00+09:00,67100.0,67200.0,66600.0,66700.0,7574.0
2026-08-28 09:30:00+09:00,66800.0,67400.0,66700.0,66800.0,11601.0
2026-08-28 09:40:00+09:00,67000.0,67500.0,66800.0,67200.0,10138.0
2026-08-28 09:50:00+09:00,67200.0,67400.0,67100.0,67100.0,4732.0
2026-08-28 10:00:00+09:00,67200.0,67400.0,66900.0,67100.0,9755.0
2026-08-28 10:10:00+09:00,67100.0,67100.0,66700.0,66900.0,4697.0
2026-08-28 10:20:00+09:00,66900.0,67100.0,66700.0,66800.0,5865.0
2026-08-28 10:30:00+09:00,66800.0,67000.0,66600.0,66800.0,5214.0
2026-08-28 10:40:00+09:00,66800.0,66800.0,66400.0,66500.0,6891.0
2026-08-28 10:50:00+09:00,66600.0,67000.0,66600.0,66800.0,3388.0
2026-08-28 11:00:00+09:00,66800.0,69000.0,66800.0,68100.0,76808.0
2026-08-28 11:10:00+09:00,68100.0,68400.0,67800.0,68400.0,14368.0
2026-08-28 11:20:00+09:00,68400.0,68600.0,67700.0,67900.0,14826.0
2026-08-28 11:30:00+09:00,68000.0,68100.0,67700.0,67900.0,10739.0
2026-08-28 11:40:00+09:00,67900.0,68100.0,67600.0,67900.0,11757.0
2026-08-28 11:50:00+09:00,67950.0,68100.0,67750.0,68000.0,10326.0
2026-08-28 12:00:00+09:00,68200.0,68200.0,67700.0,67900.0,12601.0
2026-08-28 12:10:00+09:00,67900.0,68100.0,67700.0,67800.0,11011.0
2026-08-28 12:20:00+09:00,67700.0,67900.0,67500.0,67600.0,24243.0
2026-08-28 12:30:00+09:00,67600.0,67700.0,67400.0,67600.0,10887.0
2026-08-28 12:40:00+09:00,67600.0,67700.0,67100.0,67300.0,16028.0
2026-08-28 12:50:00+09:00,67200.0,67700.0,67200.0,67700.0,10445.0
2026-08-28 13:00:00+09:00,67700.0,67700.0,67200.0,67400.0,12000.0
2026-08-28 13:10:00+09:00,67300.0,67700.0,67300.0,67500.0,10258.0
2026-08-28 13:20:00+09:00,67500.0,67600.0,67300.0,67400.0,10926.0
2026-08-28 13:30:00+09:00,67500.0,67600.0,67300.0,67400.0,9837.0
2026-08-28 13:40:00+09:00,67400.0,67700.0,67400.0,67500.0,9753.0
2026-08-28 13:50:00+09:00,67500.0,67700.0,67200.0,67400.0,12057.0
2026-08-28 14:00:00+09:00,67400.0,67400.0,67000.0,67100.0,12926.0
2026-08-28 14:10:00+09:00,67100.0,67200.0,66800.0,66800.0,12420.0
2026-08-28 14:20:00+09:00,66800.0,67000.0,66700.0,66900.0,12436.0
2026-08-28 14:30:00+09:00,67000.0,67050.0,66700.0,66800.0,11248.0
2026-08-28 14:40:00+09:00,66800.0,66900.0,66500.0,66700.0,14625.0
2026-08-28 14:50:00+09:00,66700.0,67000.0,66600.0,66800.0,15925.0
2026-08-31 09:00:00+09:00,65200.0,65200.0,63700.0,64000.0,5468.0
2026-08-31 09:10:00+09:00,64000.0,64900.0,64000.0,64500.0,12530.0
2026-08-31 09:20:00+09:00,64500.0,65000.0,64500.0,64900.0,8310.0
2026-08-31 09:30:00+09:00,64800.0,65500.0,64700.0,65200.0,7961.0
2026-08-31 09:40:00+09:00,65200.0,65200.0,64600.0,64800.0,6389.0
2026-08-31 09:50:00+09:00,64800.0,65200.0,64300.0,64500.0,8677.0
2026-08-31 10:00:00+09:00,64500.0,64500.0,64100.0,64100.0,11079.0
2026-08-31 10:10:00+09:00,64200.0,64600.0,64000.0,64300.0,11391.0
2026-08-31 10:20:00+09:00,64300.0,64500.0,64000.0,64400.0,11867.0
2026-08-31 10:30:00+09:00,64400.0,64800.0,64300.0,64700.0,8635.0
2026-08-31 10:40:00+09:00,64700.0,64700.0,64400.0,64700.0,4720.0
2026-08-31 10:50:00+09:00,64700.0,64800.0,64500.0,64800.0,5266.0
2026-08-31 11:00:00+09:00,64800.0,65100.0,64600.0,64900.0,6634.0
2026-08-31 11:10:00+09:00,65100.0,65100.0,64400.0,64500.0,6099.0
2026-08-31 11:20:00+09:00,64500.0,64700.0,64300.0,64700.0,5184.0
2026-08-31 11:30:00+09:00,64700.0,66400.0,64600.0,65800.0,27501.0
2026-08-31 11:40:00+09:00,65800.0,66100.0,65600.0,65900.0,13317.0
2026-08-31 11:50:00+09:00,65900.0,66250.0,65700.0,66200.0,12323.0
2026-08-31 12:00:00+09:00,66200.0,66350.0,65800.0,66300.0,14314.0
2026-08-31 12:10:00+09:00,66300.0,66500.0,66000.0,66050.0,11798.0
2026-08-31 12:20:00+09:00,66100.0,66500.0,66000.0,66200.0,13124.0
2026-08-31 12:30:00+09:00,66150.0,66500.0,66100.0,66400.0,11507.0
2026-08-31 12:40:00+09:00,66350.0,66600.0,66100.0,66300.0,13364.0
2026-08-31 12:50:00+09:00,66350.0,66550.0,66000.0,66350.0,13352.0
2026-08-31 13:00:00+09:00,66400.0,67050.0,66400.0,66850.0,19623.0
2026-08-31 13:10:00+09:00,66850.0,67000.0,66300.0,66950.0,14523.0
2026-08-31 13:20:00+09:00,66950.0,67000.0,66300.0,66500.0,15710.0
2026-08-31 13:30:00+09:00,66400.0,66950.0,66300.0,66950.0,13206.0
2026-08-31 13:40:00+09:00,66950.0,67000.0,66600.0,66900.0,11770.0
2026-08-31 13:50:00+09:00,66850.0,67300.0,66800.0,67050.0,13982.0
2026-08-31 14:00:00+09:00,67050.0,67400.0,66900.0,67150.0,14656.0
2026-08-31 14:10:00+09:00,67200.0,67400.0,67000.0,67300.0,15161.0
2026-08-31 14:20:00+09:00,67300.0,67400.0,67000.0,67300.0,13171.0
2026-08-31 14:30:00+09:00,67300.0,67300.0,66600.0,66900.0,17603.0
2026-08-31 14:40:00+09:00,66900.0,67000.0,66700.0,66900.0,13550.0
2026-08-31 14:50:00+09:00,66850.0,67100.0,66600.0,66900.0,14894.0
2026-09-01 09:00:00+09:00,66100.0,66600.0,65400.0,66200.0,23055.0
2026-09-01 09:10:00+09:00,66200.0,66200.0,65200.0,65400.0,20094.0
2026-09-01 09:20:00+09:00,65400.0,65900.0,65200.0,65600.0,16688.0
2026-09-01 09:30:00+09:00,65600.0,65700.0,65300.0,65400.0,16847.0
2026-09-01 09:40:00+09:00,65400.0,65900.0,65350.0,65900.0,7709.0
2026-09-01 09:50:00+09:00,65800.0,66000.0,65500.0,65900.0,6883.0
2026-09-01 10:00:00+09:00,66000.0,66400.0,65900.0,66000.0,11980.0
2026-09-01 10:10:00+09:00,66000.0,66200.0,65500.0,65900.0,5898.0
2026-09-01 10:20:00+09:00,65800.0,66000.0,65400.0,65700.0,9384.0
2026-09-01 10:30:00+09:00,65700.0,65700.0,65400.0,65600.0,3963.0
2026-09-01 10:40:00+09:00,65600.0,65600.0,65400.0,65500.0,5058.0
2026-09-01 10:50:00+09:00,65600.0,65600.0,65200.0,65200.0,7460.0
2026-09-01 11:00:00+09:00,65300.0,65300.0,65200.0,65200.0,3901.0
2026-09-01 11:10:00+09:00,65300.0,65400.0,65200.0,65300.0,4514.0
2026-09-01 11:20:00+09:00,65300.0,65400.0,65000.0,65100.0,6662.0
2026-09-01 11:30:00+09:00,65100.0,65300.0,65000.0,65100.0,5418.0
2026-09-01 11:40:00+09:00,65100.0,65100.0,64900.0,65100.0,6290.0
2026-09-01 11:50:00+09:00,65000.0,65600.0,65000.0,65400.0,13197.0
2026-09-01 12:00:00+09:00,65400.0,65500.0,65200.0,65500.0,5048.0
2026-09-01 12:10:00+09:00,65500.0,65500.0,65300.0,65300.0,3121.0
2026-09-01 12:20:00+09:00,65400.0,65500.0,65200.0,65300.0,3519.0
2026-09-01 12:30:00+09:00,65300.0,65600.0,65300.0,65400.0,4352.0
2026-09-01 12:40:00+09:00,65300.0,65600.0,65300.0,65600.0,5442.0
2026-09-01 12:50:00+09:00,65600.0,65800.0,65500.0,65800.0,4681.0
2026-09-01 13:00:00+09:00,65700.0,66000.0,65700.0,65800.0,7671.0
2026-09-01 13:10:00+09:00,65700.0,65900.0,65600.0,65800.0,3380.0
2026-09-01 13:20:00+09:00,65900.0,66100.0,65600.0,65800.0,6683.0
2026-09-01 13:30:00+09:00,65700.0,65800.0,65600.0,65700.0,4911.0
2026-09-01 13:40:00+09:00,65700.0,65700.0,65400.0,65600.0,6557.0
2026-09-01 13:50:00+09:00,65600.0,65700.0,65200.0,65300.0,9031.0
2026-09-01 14:00:00+09:00,65400.0,65400.0,65200.0,65200.0,6525.0
2026-09-01 14:10:00+09:00,65300.0,65400.0,65100.0,65200.0,9385.0
2026-09-01 14:20:00+09:00,65250.0,65400.0,65200.0,65300.0,5447.0
2026-09-01 14:30:00+09:00,65400.0,66000.0,65400.0,65900.0,12334.0
2026-09-01 14:40:00+09:00,65900.0,66000.0,65600.0,65900.0,9156.0
2026-09-01 14:50:00+09:00,65900.0,66000.0,65600.0,65800.0,13758.0
2026-09-02 09:00:00+09:00,63700.0,64300.0,62800.0,63500.0,23564.0
2026-09-02 09:10:00+09:00,63500.0,64200.0,63300.0,63800.0,11164.0
2026-09-02 09:20:00+09:00,63800.0,64600.0,63700.0,64300.0,13004.0
2026-09-02 09:30:00+09:00,64300.0,65200.0,64200.0,64900.0,12824.0
2026-09-02 09:40:00+09:00,64900.0,65100.0,64500.0,64900.0,7837.0
2026-09-02 09:50:00+09:00,64850.0,65100.0,64500.0,64600.0,10294.0
2026-09-02 10:00:00+09:00,64600.0,64900.0,64500.0,64800.0,9036.0
2026-09-02 10:10:00+09:00,64800.0,65600.0,64600.0,65200.0,14578.0
2026-09-02 10:20:00+09:00,65200.0,65300.0,64800.0,64900.0,8847.0
2026-09-02 10:30:00+09:00,64900.0,65000.0,64400.0,64600.0,8851.0
2026-09-02 10:40:00+09:00,64600.0,65000.0,64500.0,64800.0,7640.0
2026-09-02 10:50:00+09:00,64900.0,65300.0,64500.0,64900.0,9850.0
2026-09-02 11:00:00+09:00,65000.0,65000.0,64600.0,64700.0,6781.0
2026-09-02 11:10:00+09:00,64700.0,65200.0,64600.0,65200.0,7437.0
2026-09-02 11:20:00+09:00,65200.0,65300.0,64900.0,65000.0,8741.0
2026-09-02 11:30:00+09:00,65000.0,65100.0,64600.0,64700.0,8349.0
2026-09-02 11:40:00+09:00,64700.0,65200.0,64600.0,64900.0,7376.0
2026-09-02 11:50:00+09:00,65000.0,65000.0,64600.0,64700.0,6738.0
2026-09-02 12:00:00+09:00,64700.0,64900.0,64500.0,64700.0,6677.0
2026-09-02 12:10:00+09:00,64800.0,64900.0,64500.0,64600.0,5614.0
2026-09-02 12:20:00+09:00,64700.0,64700.0,64500.0,64500.0,5574.0
2026-09-02 12:30:00+09:00,64600.0,64700.0,64300.0,64500.0,7833.0
2026-09-02 12:40:00+09:00,64500.0,64700.0,64300.0,64600.0,7092.0
2026-09-02 12:50:00+09:00,64600.0,64800.0,64400.0,64500.0,6937.0
2026-09-02 13:00:00+09:00,64600.0,64800.0,64400.0,64500.0,7685.0
2026-09-02 13:10:00+09:00,64500.0,65000.0,64400.0,64900.0,8033.0
2026-09-02 13:20:00+09:00,64900.0,64900.0,64500.0,64700.0,9465.0
2026-09-02 13:30:00+09:00,64700.0,65100.0,64600.0,64800.0,8841.0
2026-09-02 13:40:00+09:00,64800.0,65000.0,64600.0,64700.0,7784.0
2026-09-02 13:50:00+09:00,64700.0,64900.0,64600.0,64900.0,6699.0
2026-09-02 14:00:00+09:00,64900.0,65000.0,64700.0,64800.0,8696.0
2026-09-02 14:10:00+09:00,64800.0,65100.0,64700.0,64900.0,7547.0
2026-09-02 14:20:00+09:00,64900.0,65200.0,64800.0,65100.0,9183.0
2026-09-02 14:30:00+09:00,65100.0,65300.0,64600.0,64700.0,9660.0
2026-09-02 14:40:00+09:00,64800.0,65100.0,64700.0,64900.0,11297.0
2026-09-02 14:50:00+09:00,64800.0,65200.0,64600.0,64700.0,11692.0
2026-09-03 09:00:00+09:00,65000.0,66300.0,64900.0,65000.0,18236.0
2026-09-03 09:10:00+09:00,65000.0,66300.0,64900.0,65500.0,19923.0
2026-09-03 09:20:00+09:00,65500.0,65600.0,64400.0,64400.0,22221.0
2026-09-03 09:30:00+09:00,64500.0,64800.0,64200.0,64500.0,10853.0
2026-09-03 09:40:00+09:00,64500.0,64500.0,63800.0,64000.0,10612.0
2026-09-03 09:50:00+09:00,63900.0,64100.0,63800.0,63900.0,8609.0
2026-09-03 10:00:00+09:00,63900.0,64400.0,63800.0,64200.0,7704.0
2026-09-03 10:10:00+09:00,64200.0,64600.0,64000.0,64600.0,8383.0
2026-09-03 10:20:00+09:00,64600.0,64600.0,64000.0,64200.0,6514.0
2026-09-03 10:30:00+09:00,64200.0,64700.0,64200.0,64300.0,7337.0
2026-09-03 10:40:00+09:00,64400.0,64400.0,64200.0,64300.0,7112.0
2026-09-03 10:50:00+09:00,64300.0,64600.0,64100.0,64100.0,9498.0
2026-09-03 11:00:00+09:00,64200.0,64400.0,64100.0,64400.0,9538.0
2026-09-03 11:10:00+09:00,64400.0,64600.0,64100.0,64600.0,9503.0
2026-09-03 11:20:00+09:00,64500.0,64600.0,64300.0,64400.0,8222.0
2026-09-03 11:30:00+09:00,64400.0,64700.0,64300.0,64600.0,6387.0
2026-09-03 11:40:00+09:00,64600.0,64600.0,64200.0,64400.0,8012.0
2026-09-03 11:50:00+09:00,64400.0,64600.0,64300.0,64500.0,7180.0
2026-09-03 12:00:00+09:00,64400.0,64800.0,64400.0,64600.0,7527.0
2026-09-03 12:10:00+09:00,64700.0,65000.0,64600.0,65000.0,7904.0
2026-09-03 12:20:00+09:00,65000.0,65300.0,64900.0,65100.0,11053.0
2026-09-03 12:30:00+09:00,65200.0,65500.0,65000.0,65000.0,12771.0
2026-09-03 12:40:00+09:00,65100.0,65300.0,64900.0,65200.0,8585.0
2026-09-03 12:50:00+09:00,65200.0,65300.0,65000.0,65200.0,4877.0
2026-09-03 13:00:00+09:00,65200.0,65300.0,65100.0,65300.0,5782.0
2026-09-03 13:10:00+09:00,65300.0,65400.0,65200.0,65300.0,4711.0
2026-09-03 13:20:00+09:00,65300.0,65300.0,65100.0,65100.0,5163.0
2026-09-03 13:30:00+09:00,65100.0,65400.0,65100.0,65200.0,6418.0
2026-09-03 13:40:00+09:00,65300.0,65400.0,65000.0,65200.0,5060.0
2026-09-03 13:50:00+09:00,65200.0,65300.0,65000.0,65100.0,5062.0
2026-09-03 14:00:00+09:00,65200.0,65300.0,64700.0,64700.0,6506.0
2026-09-03 14:10:00+09:00,64800.0,64800.0,64000.0,64200.0,13208.0
2026-09-03 14:20:00+09:00,64100.0,64100.0,63600.0,63900.0,17753.0
2026-09-03 14:30:00+09:00,64000.0,64500.0,63900.0,64400.0,9479.0
2026-09-03 14:40:00+09:00,64400.0,64500.0,63900.0,64500.0,12761.0
2026-09-03 14:50:00+09:00,64500.0,64800.0,64300.0,64600.0,12438.0
2026-09-04 09:00:00+09:00,64900.0,65900.0,64400.0,65700.0,22553.0
2026-09-04 09:10:00+09:00,65800.0,66400.0,65600.0,65800.0,20284.0
2026-09-04 09:20:00+09:00,65800.0,66300.0,65800.0,66200.0,12107.0
2026-09-04 09:30:00+09:00,66300.0,66800.0,66200.0,66400.0,21406.0
2026-09-04 09:40:00+09:00,66400.0,66500.0,66200.0,66400.0,9600.0
2026-09-04 09:50:00+09:00,66300.0,66600.0,65500.0,65600.0,13229.0
2026-09-04 10:00:00+09:00,65700.0,65900.0,65200.0,65300.0,12494.0
2026-09-04 10:10:00+09:00,65300.0,65600.0,65100.0,65400.0,9037.0
2026-09-04 10:20:00+09:00,65400.0,65800.0,65400.0,65600.0,7547.0
2026-09-04 10:30:00+09:00,65600.0,66100.0,64500.0,65600.0,14476.0
2026-09-04 10:40:00+09:00,65600.0,65800.0,65400.0,65500.0,5313.0
2026-09-04 10:50:00+09:00,65500.0,65600.0,65300.0,65600.0,5396.0
2026-09-04 11:00:00+09:00,65500.0,66100.0,65500.0,66100.0,6274.0
2026-09-04 11:10:00+09:00,66100.0,66300.0,66000.0,66000.0,5956.0
2026-09-04 11:20:00+09:00,66100.0,66100.0,65800.0,66000.0,6715.0
2026-09-04 11:30:00+09:00,66000.0,66000.0,65600.0,65600.0,6155.0
2026-09-04 11:40:00+09:00,65700.0,65900.0,65700.0,65900.0,4367.0
2026-09-04 11:50:00+09:00,65800.0,66100.0,65800.0,66000.0,5570.0
2026-09-04 12:00:00+09:00,66000.0,66300.0,65900.0,66200.0,13292.0
2026-09-04 12:10:00+09:00,66200.0,66300.0,66100.0,66300.0,3653.0
2026-09-04 12:20:00+09:00,66300.0,66300.0,66000.0,66300.0,7215.0
2026-09-04 12:30:00+09:00,66300.0,66500.0,66200.0,66500.0,5861.0
2026-09-04 12:40:00+09:00,66500.0,66600.0,66400.0,66600.0,7211.0
2026-09-04 12:50:00+09:00,66600.0,66600.0,66400.0,66400.0,7275.0
2026-09-04 13:00:00+09:00,66400.0,66500.0,66200.0,66500.0,5983.0
2026-09-04 13:10:00+09:00,66500.0,66500.0,66300.0,66400.0,8191.0
2026-09-04 13:20:00+09:00,66400.0,66700.0,66300.0,66700.0,7380.0
2026-09-04 13:30:00+09:00,66700.0,66800.0,66600.0,66600.0,10136.0
2026-09-04 13:40:00+09:00,66700.0,66800.0,66400.0,66500.0,12039.0
2026-09-04 13:50:00+09:00,66500.0,66700.0,66400.0,66700.0,7861.0
2026-09-04 14:00:00+09:00,66700.0,66700.0,66400.0,66600.0,7760.0
2026-09-04 14:10:00+09:00,66700.0,66800.0,66600.0,66800.0,7600.0
2026-09-04 14:20:00+09:00,66800.0,66800.0,66500.0,66500.0,10986.0
2026-09-04 14:30:00+09:00,66600.0,66600.0,66300.0,66400.0,10426.0
2026-09-04 14:40:00+09:00,66400.0,66500.0,66200.0,66300.0,10309.0
2026-09-04 14:50:00+09:00,66400.0,66600.0,66200.0,66500.0,7325.0
2026-09-07 09:00:00+09:00,68600.0,69100.0,68000.0,68400.0,12231.0
2026-09-07 09:10:00+09:00,68500.0,69100.0,68200.0,68800.0,27850.0
2026-09-07 09:20:00+09:00,68800.0,68800.0,68000.0,68200.0,23111.0
2026-09-07 09:30:00+09:00,68300.0,68700.0,68300.0,68500.0,12939.0
2026-09-07 09:40:00+09:00,68600.0,68600.0,68300.0,68500.0,12987.0
2026-09-07 09:50:00+09:00,68600.0,68600.0,68300.0,68400.0,9087.0
2026-09-07 10:00:00+09:00,68400.0,68400.0,68000.0,68200.0,13692.0
2026-09-07 10:10:00+09:00,68100.0,68200.0,67800.0,67900.0,13015.0
2026-09-07 10:20:00+09:00,67900.0,68300.0,67900.0,68200.0,8132.0
2026-09-07 10:30:00+09:00,68200.0,68400.0,68000.0,68300.0,7902.0
2026-09-07 10:40:00+09:00,68300.0,68400.0,68200.0,68300.0,9146.0
2026-09-07 10:50:00+09:00,68300.0,68500.0,68300.0,68400.0,9518.0
2026-09-07 11:00:00+09:00,68400.0,68500.0,68300.0,68500.0,7058.0
2026-09-07 11:10:00+09:00,68500.0,68600.0,68300.0,68300.0,9186.0
2026-09-07 11:20:00+09:00,68300.0,68500.0,68200.0,68500.0,5044.0
2026-09-07 11:30:00+09:00,68400.0,68500.0,68300.0,68400.0,6179.0
2026-09-07 11:40:00+09:00,68300.0,68600.0,68200.0,68600.0,9693.0
2026-09-07 11:50:00+09:00,68600.0,68600.0,68300.0,68500.0,6987.0
2026-09-07 12:00:00+09:00,68500.0,68600.0,68100.0,68200.0,8573.0
2026-09-07 12:10:00+09:00,68300.0,68500.0,68200.0,68300.0,6172.0
2026-09-07 12:20:00+09:00,68300.0,68600.0,68300.0,68500.0,8657.0
2026-09-07 12:30:00+09:00,68400.0,68500.0,68200.0,68200.0,7699.0
2026-09-07 12:40:00+09:00,68200.0,68300.0,68100.0,68100.0,6788.0
2026-09-07 12:50:00+09:00,68200.0,68300.0,67900.0,67900.0,10702.0
2026-09-07 13:00:00+09:00,68000.0,68100.0,67800.0,68000.0,6050.0
2026-09-07 13:10:00+09:00,68000.0,68200.0,67900.0,68200.0,6155.0
2026-09-07 13:20:00+09:00,68100.0,68300.0,68100.0,68200.0,6913.0
2026-09-07 13:30:00+09:00,68200.0,68300.0,68000.0,68200.0,10114.0
2026-09-07 13:40:00+09:00,68100.0,68200.0,67700.0,67900.0,11604.0
2026-09-07 13:50:00+09:00,67900.0,68100.0,67800.0,67900.0,11803.0
2026-09-07 14:00:00+09:00,67900.0,68200.0,67800.0,68100.0,14082.0
2026-09-07 14:10:00+09:00,68000.0,68300.0,68000.0,68300.0,12235.0
2026-09-07 14:20:00+09:00,68250.0,68500.0,68200.0,68500.0,17534.0
2026-09-07 14:30:00+09:00,68400.0,68700.0,68400.0,68600.0,17436.0
2026-09-07 14:40:00+09:00,68600.0,68700.0,68400.0,68600.0,21633.0
2026-09-07 14:50:00+09:00,68600.0,68700.0,68300.0,68500.0,25774.0
2026-09-08 09:00:00+09:00,68900.0,71000.0,68500.0,69900.0,76468.0
2026-09-08 09:10:00+09:00,70000.0,70100.0,69500.0,69600.0,21655.0
2026-09-08 09:20:00+09:00,69700.0,70500.0,69600.0,70100.0,20214.0
2026-09-08 09:30:00+09:00,70100.0,70300.0,69700.0,69800.0,24424.0
2026-09-08 09:40:00+09:00,69800.0,70700.0,69800.0,70600.0,25354.0
2026-09-08 09:50:00+09:00,70600.0,70800.0,70500.0,70700.0,26090.0
2026-09-08 10:00:00+09:00,70700.0,71300.0,70600.0,70700.0,46847.0
2026-09-08 10:10:00+09:00,70800.0,70900.0,70500.0,70700.0,15293.0
2026-09-08 10:20:00+09:00,70600.0,70700.0,70100.0,70300.0,18373.0
2026-09-08 10:30:00+09:00,70300.0,70800.0,70000.0,70650.0,15957.0
2026-09-08 10:40:00+09:00,70700.0,70800.0,70300.0,70600.0,11366.0
2026-09-08 10:50:00+09:00,70500.0,71100.0,70500.0,71100.0,17550.0
2026-09-08 11:00:00+09:00,71100.0,71300.0,71000.0,71100.0,12545.0
2026-09-08 11:10:00+09:00,71200.0,71400.0,71000.0,71200.0,19321.0
2026-09-08 11:20:00+09:00,71200.0,71200.0,71000.0,71100.0,7405.0
2026-09-08 11:30:00+09:00,71100.0,71200.0,71000.0,71100.0,9385.0
2026-09-08 11:40:00+09:00,71200.0,71900.0,71100.0,71600.0,32000.0
2026-09-08 11:50:00+09:00,71650.0,71700.0,71100.0,71200.0,17174.0
2026-09-08 12:00:00+09:00,71200.0,71900.0,71100.0,71800.0,13636.0
2026-09-08 12:10:00+09:00,71800.0,71900.0,71400.0,71600.0,8423.0
2026-09-08 12:20:00+09:00,71500.0,71800.0,71500.0,71700.0,9324.0
2026-09-08 12:30:00+09:00,71600.0,71800.0,71500.0,71800.0,12297.0
2026-09-08 12:40:00+09:00,71800.0,71900.0,71600.0,71800.0,9752.0
2026-09-08 12:50:00+09:00,71700.0,71900.0,71400.0,71900.0,13454.0
2026-09-08 13:00:00+09:00,71800.0,71900.0,71600.0,71900.0,10079.0
2026-09-08 13:10:00+09:00,71900.0,72000.0,71600.0,71800.0,17259.0
2026-09-08 13:20:00+09:00,71700.0,71900.0,71700.0,71800.0,9426.0
2026-09-08 13:30:00+09:00,71800.0,71800.0,71100.0,71400.0,17787.0
2026-09-08 13:40:00+09:00,71300.0,71500.0,71100.0,71500.0,10743.0
2026-09-08 13:50:00+09:00,71500.0,71500.0,71000.0,71100.0,14673.0
2026-09-08 14:00:00+09:00,71100.0,71200.0,70600.0,70600.0,17331.0
2026-09-08 14:10:00+09:00,70600.0,71000.0,70400.0,70900.0,15343.0
2026-09-08 14:20:00+09:00,70900.0,71000.0,70600.0,70700.0,15057.0
2026-09-08 14:30:00+09:00,70600.0,70900.0,70300.0,70900.0,18239.0
2026-09-08 14:40:00+09:00,70800.0,71200.0,70500.0,70800.0,28285.0
2026-09-08 14:50:00+09:00,70700.0,70900.0,69700.0,69700.0,23667.0
2026-09-09 09:00:00+09:00,69200.0,72000.0,69200.0,71200.0,56507.0
2026-09-09 09:10:00+09:00,71200.0,71700.0,71000.0,71500.0,24592.0
2026-09-09 09:20:00+09:00,71400.0,71500.0,70500.0,70600.0,15772.0
2026-09-09 09:30:00+09:00,70700.0,71000.0,70100.0,71000.0,16815.0
2026-09-09 09:40:00+09:00,71000.0,71400.0,70900.0,71200.0,8803.0
2026-09-09 09:50:00+09:00,71100.0,71400.0,71000.0,71100.0,7287.0
2026-09-09 10:00:00+09:00,71100.0,71100.0,70800.0,71000.0,10121.0
2026-09-09 10:10:00+09:00,70900.0,71400.0,70900.0,71400.0,11233.0
2026-09-09 10:20:00+09:00,71400.0,71700.0,70800.0,70800.0,18759.0
2026-09-09 10:30:00+09:00,70800.0,71100.0,70700.0,70900.0,9625.0
2026-09-09 10:40:00+09:00,70900.0,71000.0,70600.0,70900.0,8367.0
2026-09-09 10:50:00+09:00,70900.0,70900.0,70300.0,70500.0,9969.0
2026-09-09 11:00:00+09:00,70500.0,71000.0,70500.0,70800.0,6981.0
2026-09-09 11:10:00+09:00,70800.0,71000.0,70700.0,70900.0,4494.0
2026-09-09 11:20:00+09:00,70900.0,71100.0,70800.0,71000.0,6001.0
2026-09-09 11:30:00+09:00,70900.0,71000.0,70500.0,70500.0,5819.0
2026-09-09 11:40:00+09:00,70600.0,70700.0,70300.0,70350.0,7465.0
2026-09-09 11:50:00+09:00,70300.0,70500.0,70200.0,70400.0,5035.0
2026-09-09 12:00:00+09:00,70300.0,70400.0,69900.0,69900.0,11257.0
2026-09-09 12:10:00+09:00,69950.0,70300.0,69900.0,70200.0,6496.0
2026-09-09 12:20:00+09:00,70200.0,70300.0,70000.0,70200.0,4056.0
2026-09-09 12:30:00+09:00,70200.0,70400.0,70100.0,70300.0,6700.0
2026-09-09 12:40:00+09:00,70300.0,70400.0,69900.0,69900.0,6012.0
2026-09-09 12:50:00+09:00,69900.0,70100.0,69800.0,70000.0,8154.0
2026-09-09 13:00:00+09:00,69900.0,70200.0,69900.0,70200.0,4714.0
2026-09-09 13:10:00+09:00,70000.0,70300.0,69900.0,69900.0,7536.0
2026-09-09 13:20:00+09:00,69900.0,70300.0,69800.0,70200.0,5213.0
2026-09-09 13:30:00+09:00,70100.0,70300.0,70000.0,70300.0,4577.0
2026-09-09 13:40:00+09:00,70200.0,70300.0,70100.0,70200.0,5140.0
2026-09-09 13:50:00+09:00,70200.0,70400.0,70100.0,70300.0,5206.0
2026-09-09 14:00:00+09:00,70200.0,70300.0,69800.0,69900.0,7592.0
2026-09-09 14:10:00+09:00,69900.0,70200.0,69600.0,69700.0,11283.0
2026-09-09 14:20:00+09:00,69700.0,69900.0,69500.0,69600.0,13984.0
2026-09-09 14:30:00+09:00,69500.0,69800.0,69300.0,69600.0,19666.0
2026-09-09 14:40:00+09:00,69700.0,70100.0,69600.0,70000.0,15142.0
2026-09-09 14:50:00+09:00,69900.0,70000.0,69600.0,69800.0,16136.0
2026-09-10 09:00:00+09:00,69000.0,69400.0,68300.0,68700.0,46401.0
2026-09-10 09:10:00+09:00,68700.0,70400.0,68600.0,69800.0,39350.0
2026-09-10 09:20:00+09:00,69700.0,69800.0,69100.0,69300.0,15023.0
2026-09-10 09:30:00+09:00,69300.0,69400.0,68800.0,68900.0,19309.0
2026-09-10 09:40:00+09:00,69000.0,69000.0,68600.0,68700.0,14718.0
2026-09-10 09:50:00+09:00,68600.0,68800.0,68400.0,68600.0,20074.0
2026-09-10 10:00:00+09:00,68500.0,69900.0,68500.0,69100.0,36859.0
2026-09-10 10:10:00+09:00,69100.0,69750.0,69000.0,69500.0,20837.0
2026-09-10 10:20:00+09:00,69500.0,69500.0,69000.0,69200.0,12158.0
2026-09-10 10:30:00+09:00,69200.0,69800.0,69100.0,69450.0,15580.0
2026-09-10 10:40:00+09:00,69400.0,70000.0,69400.0,70000.0,13895.0
2026-09-10 10:50:00+09:00,70000.0,71200.0,69900.0,70900.0,28988.0
2026-09-10 11:00:00+09:00,70800.0,72000.0,70400.0,71400.0,62895.0
2026-09-10 11:10:00+09:00,71400.0,72000.0,71100.0,71900.0,43004.0
2026-09-10 11:20:00+09:00,71900.0,71900.0,70800.0,71100.0,35076.0
2026-09-10 11:30:00+09:00,71100.0,71400.0,70300.0,71200.0,41152.0
2026-09-10 11:40:00+09:00,71300.0,71700.0,71000.0,71500.0,53346.0
2026-09-10 11:50:00+09:00,71400.0,71900.0,71300.0,71900.0,72794.0
2026-09-10 12:00:00+09:00,71800.0,72800.0,71800.0,72700.0,104657.0
2026-09-10 12:10:00+09:00,72800.0,73100.0,72600.0,73100.0,96105.0
2026-09-10 12:20:00+09:00,73100.0,73200.0,72200.0,72400.0,102516.0
2026-09-10 12:30:00+09:00,72400.0,73400.0,72300.0,72400.0,102693.0
2026-09-10 12:40:00+09:00,72400.0,72800.0,72200.0,72500.0,83513.0
2026-09-10 12:50:00+09:00,72400.0,72500.0,71600.0,71900.0,87158.0
2026-09-10 13:00:00+09:00,72000.0,72200.0,71100.0,71100.0,87226.0
2026-09-10 13:10:00+09:00,71100.0,71400.0,70700.0,70900.0,78300.0
2026-09-10 13:20:00+09:00,70900.0,71400.0,70800.0,71200.0,77893.0
2026-09-10 13:30:00+09:00,71200.0,71300.0,70700.0,70700.0,80909.0
2026-09-10 13:40:00+09:00,70800.0,71000.0,70500.0,70700.0,83031.0
2026-09-10 13:50:00+09:00,70700.0,70800.0,70400.0,70600.0,77945.0
2026-09-10 14:00:00+09:00,70600.0,71000.0,70400.0,70900.0,91248.0
2026-09-10 14:10:00+09:00,71000.0,71000.0,70600.0,70800.0,84806.0
2026-09-10 14:20:00+09:00,70700.0,71000.0,70500.0,70900.0,77959.0
2026-09-10 14:30:00+09:00,70900.0,71500.0,70900.0,71100.0,90416.0
2026-09-10 14:40:00+09:00,71200.0,71400.0,70800.0,70900.0,93884.0
2026-09-10 14:50:00+09:00,70900.0,70900.0,70100.0,70400.0,98463.0
2026-09-11 09:00:00+09:00,67100.0,67400.0,66400.0,66900.0,41777.0
2026-09-11 09:10:00+09:00,67000.0,67000.0,66300.0,66500.0,28058.0
2026-09-11 09:20:00+09:00,66400.0,66800.0,66300.0,66600.0,23510.0
2026-09-11 09:30:00+09:00,66600.0,66800.0,66400.0,66400.0,15949.0
2026-09-11 09:40:00+09:00,66400.0,66600.0,66200.0,66200.0,31373.0
2026-09-11 09:50:00+09:00,66300.0,66900.0,66200.0,66900.0,11679.0
2026-09-11 10:00:00+09:00,66800.0,67000.0,66400.0,66500.0,21803.0
2026-09-11 10:10:00+09:00,66500.0,66800.0,66500.0,66500.0,7775.0
2026-09-11 10:20:00+09:00,66500.0,66900.0,66400.0,66800.0,8604.0
2026-09-11 10:30:00+09:00,66800.0,67400.0,66600.0,67100.0,17286.0
2026-09-11 10:40:00+09:00,67150.0,67200.0,66800.0,67000.0,9279.0
2026-09-11 10:50:00+09:00,67100.0,67200.0,66800.0,67100.0,11233.0
2026-09-11 11:00:00+09:00,67100.0,67300.0,67100.0,67300.0,4626.0
2026-09-11 11:10:00+09:00,67300.0,67700.0,67300.0,67600.0,17833.0
2026-09-11 11:20:00+09:00,67700.0,67700.0,67000.0,67000.0,12234.0
2026-09-11 11:30:00+09:00,67100.0,67700.0,67100.0,67700.0,11371.0
2026-09-11 11:40:00+09:00,67700.0,67700.0,67200.0,67400.0,10352.0
2026-09-11 11:50:00+09:00,67300.0,67400.0,67300.0,67400.0,4579.0
2026-09-11 12:00:00+09:00,67350.0,67600.0,67000.0,67200.0,18045.0
2026-09-11 12:10:00+09:00,67200.0,67200.0,66900.0,67100.0,9540.0
2026-09-11 12:20:00+09:00,67000.0,67100.0,66800.0,67000.0,11821.0
2026-09-11 12:30:00+09:00,67000.0,67100.0,66800.0,67100.0,6334.0
2026-09-11 12:40:00+09:00,67000.0,67300.0,66900.0,67100.0,8996.0
2026-09-11 12:50:00+09:00,67000.0,67100.0,66800.0,66900.0,5172.0
2026-09-11 13:00:00+09:00,66800.0,66900.0,66700.0,66800.0,6102.0
2026-09-11 13:10:00+09:00,66800.0,67000.0,66600.0,66800.0,10167.0
2026-09-11 13:20:00+09:00,66800.0,67100.0,66700.0,67100.0,8808.0
2026-09-11 13:30:00+09:00,67100.0,67200.0,66900.0,67000.0,6648.0
2026-09-11 13:40:00+09:00,67100.0,67300.0,67000.0,67200.0,6131.0
2026-09-11 13:50:00+09:00,67100.0,67200.0,66800.0,66800.0,7792.0
2026-09-11 14:00:00+09:00,66800.0,67300.0,66700.0,67300.0,14796.0
2026-09-11 14:10:00+09:00,67200.0,67300.0,67000.0,67100.0,6753.0
2026-09-11 14:20:00+09:00,67000.0,67100.0,66900.0,66900.0,4546.0
2026-09-11 14:30:00+09:00,67000.0,67000.0,66800.0,66800.0,5656.0
2026-09-11 14:40:00+09:00,66800.0,66900.0,66600.0,66600.0,23915.0
2026-09-11 14:50:00+09:00,66700.0,67200.0,66500.0,66700.0,26109.0
2026-09-14 09:00:00+09:00,65600.0,66900.0,64100.0,66500.0,23918.0
2026-09-14 09:10:00+09:00,66400.0,66900.0,65400.0,65800.0,26539.0
2026-09-14 09:20:00+09:00,65900.0,66200.0,65500.0,65700.0,15216.0
2026-09-14 09:30:00+09:00,65700.0,66000.0,65400.0,65600.0,14978.0
2026-09-14 09:40:00+09:00,65700.0,66200.0,65400.0,66000.0,14382.0
2026-09-14 09:50:00+09:00,66100.0,66200.0,65800.0,66100.0,10064.0
2026-09-14 10:00:00+09:00,66100.0,66600.0,65800.0,66400.0,17631.0
2026-09-14 10:10:00+09:00,66400.0,66500.0,66000.0,66200.0,10959.0
2026-09-14 10:20:00+09:00,66200.0,66300.0,66000.0,66200.0,10476.0
2026-09-14 10:30:00+09:00,66200.0,66500.0,66100.0,66400.0,8836.0
2026-09-14 10:40:00+09:00,66400.0,66800.0,66400.0,66600.0,10421.0
2026-09-14 10:50:00+09:00,66700.0,67000.0,66600.0,67000.0,9304.0
2026-09-14 11:00:00+09:00,67000.0,67000.0,66300.0,66400.0,7354.0
2026-09-14 11:10:00+09:00,66400.0,66500.0,66200.0,66300.0,4972.0
2026-09-14 11:20:00+09:00,66200.0,66300.0,66100.0,66200.0,3678.0
2026-09-14 11:30:00+09:00,66100.0,66400.0,66100.0,66200.0,7659.0
2026-09-14 11:40:00+09:00,66200.0,66200.0,66100.0,66200.0,7844.0
2026-09-14 11:50:00+09:00,66200.0,66200.0,66100.0,66200.0,3589.0
2026-09-14 12:00:00+09:00,66200.0,66200.0,66100.0,66100.0,2083.0
2026-09-14 12:10:00+09:00,66200.0,66200.0,65800.0,65900.0,11602.0
2026-09-14 12:20:00+09:00,65900.0,66000.0,65800.0,66000.0,6405.0
2026-09-14 12:30:00+09:00,66000.0,66000.0,65700.0,65800.0,3777.0
2026-09-14 12:40:00+09:00,65700.0,65800.0,65700.0,65800.0,2229.0
2026-09-14 12:50:00+09:00,65800.0,66000.0,65600.0,65800.0,11002.0
2026-09-14 13:00:00+09:00,65700.0,66000.0,65700.0,65900.0,6492.0
2026-09-14 13:10:00+09:00,65900.0,66100.0,65700.0,66000.0,8812.0
2026-09-14 13:20:00+09:00,65900.0,66000.0,65900.0,65900.0,3188.0
2026-09-14 13:30:00+09:00,66000.0,66000.0,65700.0,65700.0,5413.0
2026-09-14 13:40:00+09:00,65800.0,65800.0,65600.0,65700.0,3013.0
2026-09-14 13:50:00+09:00,65600.0,65700.0,65500.0,65600.0,8059.0
2026-09-14 14:00:00+09:00,65600.0,65900.0,65600.0,65600.0,12384.0
2026-09-14 14:10:00+09:00,65700.0,65700.0,65400.0,65500.0,4744.0
2026-09-14 14:20:00+09:00,65400.0,65500.0,65200.0,65500.0,13629.0
2026-09-14 14:30:00+09:00,65500.0,65700.0,65300.0,65500.0,11343.0
2026-09-14 14:40:00+09:00,65600.0,65700.0,65400.0,65500.0,11165.0
2026-09-14 14:50:00+09:00,65500.0,65500.0,65200.0,65250.0,23942.0
2026-09-15 09:00:00+09:00,64400.0,65300.0,64000.0,64300.0,20770.0
2026-09-15 09:10:00+09:00,64300.0,65100.0,63900.0,64800.0,13041.0
2026-09-15 09:20:00+09:00,64900.0,65900.0,64700.0,65400.0,21102.0
2026-09-15 09:30:00+09:00,65500.0,65800.0,65100.0,65600.0,15795.0
2026-09-15 09:40:00+09:00,65600.0,65800.0,65400.0,65600.0,7376.0
2026-09-15 09:50:00+09:00,65600.0,65700.0,65500.0,65700.0,7926.0
2026-09-15 10:00:00+09:00,65700.0,65900.0,65600.0,65800.0,6088.0
2026-09-15 10:10:00+09:00,65800.0,66400.0,65700.0,66200.0,11945.0
2026-09-15 10:20:00+09:00,66200.0,66400.0,66000.0,66200.0,9007.0
2026-09-15 10:30:00+09:00,66200.0,66300.0,66000.0,66000.0,4553.0
2026-09-15 10:40:00+09:00,66100.0,66100.0,65700.0,66000.0,5529.0
2026-09-15 10:50:00+09:00,66000.0,66200.0,65800.0,66000.0,4725.0
2026-09-15 11:00:00+09:00,65900.0,66300.0,65900.0,66300.0,4809.0
2026-09-15 11:10:00+09:00,66200.0,66300.0,66000.0,66200.0,2517.0
2026-09-15 11:20:00+09:00,66100.0,66200.0,66100.0,66100.0,1488.0
2026-09-15 11:30:00+09:00,66200.0,66400.0,66100.0,66400.0,4078.0
2026-09-15 11:40:00+09:00,66400.0,66500.0,66200.0,66400.0,3823.0
2026-09-15 11:50:00+09:00,66400.0,66400.0,66200.0,66200.0,2919.0
2026-09-15 12:00:00+09:00,66200.0,66400.0,66200.0,66300.0,2873.0
2026-09-15 12:10:00+09:00,66300.0,66400.0,66000.0,66200.0,2399.0
2026-09-15 12:20:00+09:00,66200.0,66200.0,65900.0,66000.0,4712.0
2026-09-15 12:30:00+09:00,65900.0,66100.0,65800.0,66000.0,2913.0
2026-09-15 12:40:00+09:00,65900.0,66100.0,65900.0,66100.0,1750.0
2026-09-15 12:50:00+09:00,66100.0,66200.0,65800.0,65900.0,2034.0
2026-09-15 13:00:00+09:00,65800.0,66100.0,65600.0,65700.0,5042.0
2026-09-15 13:10:00+09:00,65800.0,66000.0,65500.0,65700.0,4676.0
2026-09-15 13:20:00+09:00,65700.0,65700.0,65300.0,65400.0,5719.0
2026-09-15 13:30:00+09:00,65400.0,65600.0,65300.0,65300.0,4591.0
2026-09-15 13:40:00+09:00,65300.0,65600.0,65100.0,65600.0,6482.0
2026-09-15 13:50:00+09:00,65500.0,65500.0,65100.0,65200.0,4814.0
2026-09-15 14:00:00+09:00,65200.0,65300.0,64800.0,64900.0,6558.0
2026-09-15 14:10:00+09:00,64900.0,64900.0,64500.0,64700.0,5921.0
2026-09-15 14:20:00+09:00,64600.0,65000.0,64500.0,64900.0,4608.0
2026-09-15 14:30:00+09:00,65000.0,65000.0,64700.0,64900.0,4521.0
2026-09-15 14:40:00+09:00,64800.0,65300.0,64700.0,64800.0,38853.0
2026-09-15 14:50:00+09:00,64800.0,65000.0,64600.0,64700.0,12273.0
2026-09-16 09:00:00+09:00,64300.0,64300.0,63200.0,63200.0,35919.0
2026-09-16 09:10:00+09:00,63300.0,63600.0,63100.0,63400.0,13155.0
2026-09-16 09:20:00+09:00,63400.0,63600.0,63300.0,63600.0,11672.0
2026-09-16 09:30:00+09:00,63500.0,64000.0,63500.0,63900.0,11179.0
2026-09-16 09:40:00+09:00,63900.0,64000.0,63400.0,63500.0,9107.0
2026-09-16 09:50:00+09:00,63500.0,63700.0,63300.0,63600.0,5751.0
2026-09-16 10:00:00+09:00,63700.0,63900.0,63400.0,63400.0,7578.0
2026-09-16 10:10:00+09:00,63400.0,63600.0,63300.0,63300.0,6354.0
2026-09-16 10:20:00+09:00,63400.0,63800.0,63300.0,63700.0,10053.0
2026-09-16 10:30:00+09:00,63700.0,63900.0,63500.0,63500.0,3910.0
2026-09-16 10:40:00+09:00,63600.0,63900.0,63500.0,63800.0,5537.0
2026-09-16 10:50:00+09:00,63800.0,63900.0,63500.0,63500.0,4195.0
2026-09-16 11:00:00+09:00,63500.0,64400.0,63500.0,64100.0,7116.0
2026-09-16 11:10:00+09:00,64150.0,64600.0,64000.0,64400.0,7818.0
2026-09-16 11:20:00+09:00,64400.0,64600.0,64200.0,64500.0,6638.0
2026-09-16 11:30:00+09:00,64400.0,64700.0,64400.0,64400.0,5877.0
2026-09-16 11:40:00+09:00,64500.0,64700.0,64200.0,64600.0,6277.0
2026-09-16 11:50:00+09:00,64550.0,64700.0,64400.0,64600.0,9156.0
2026-09-16 12:00:00+09:00,64600.0,64900.0,64600.0,64700.0,7631.0
2026-09-16 12:10:00+09:00,64700.0,65000.0,64500.0,64900.0,5632.0
2026-09-16 12:20:00+09:00,64800.0,64900.0,64700.0,64800.0,5885.0
2026-09-16 12:30:00+09:00,64700.0,64800.0,64500.0,64600.0,6092.0
2026-09-16 12:40:00+09:00,64600.0,64800.0,64500.0,64700.0,3919.0
2026-09-16 12:50:00+09:00,64700.0,65100.0,64600.0,65100.0,8471.0
2026-09-16 13:00:00+09:00,65100.0,65500.0,65000.0,65300.0,8113.0
2026-09-16 13:10:00+09:00,65400.0,65500.0,65100.0,65200.0,7179.0
2026-09-16 13:20:00+09:00,65200.0,65400.0,65000.0,65000.0,6980.0
2026-09-16 13:30:00+09:00,65000.0,65100.0,64900.0,65000.0,4732.0
2026-09-16 13:40:00+09:00,65100.0,65100.0,64800.0,64900.0,5967.0
2026-09-16 13:50:00+09:00,64900.0,65000.0,64600.0,64600.0,5815.0
2026-09-16 14:00:00+09:00,64600.0,65000.0,64500.0,64800.0,5078.0
2026-09-16 14:10:00+09:00,64800.0,65200.0,64800.0,65100.0,4523.0
2026-09-16 14:20:00+09:00,65200.0,65300.0,65000.0,65100.0,5867.0
2026-09-16 14:30:00+09:00,65200.0,65300.0,65000.0,65000.0,13231.0
2026-09-16 14:40:00+09:00,65000.0,65500.0,65000.0,65400.0,14900.0
2026-09-16 14:50:00+09:00,65500.0,65800.0,65400.0,65700.0,20167.0
2026-09-17 09:00:00+09:00,66400.0,67100.0,66300.0,66900.0,22809.0
2026-09-17 09:10:00+09:00,66800.0,67100.0,66200.0,66400.0,17615.0
2026-09-17 09:20:00+09:00,66400.0,66900.0,66300.0,66500.0,8259.0
2026-09-17 09:30:00+09:00,66400.0,66600.0,66100.0,66400.0,6260.0
2026-09-17 09:40:00+09:00,66300.0,66400.0,65700.0,66100.0,9732.0
2026-09-17 09:50:00+09:00,66100.0,66400.0,66100.0,66400.0,3991.0
2026-09-17 10:00:00+09:00,66400.0,67000.0,66200.0,66700.0,8180.0
2026-09-17 10:10:00+09:00,66700.0,67000.0,66500.0,66900.0,7251.0
2026-09-17 10:20:00+09:00,66900.0,67400.0,66700.0,66900.0,14696.0
2026-09-17 10:30:00+09:00,66800.0,67200.0,66700.0,67100.0,4443.0
2026-09-17 10:40:00+09:00,67100.0,67100.0,66900.0,66900.0,3991.0
2026-09-17 10:50:00+09:00,66900.0,67000.0,66800.0,66800.0,3619.0
2026-09-17 11:00:00+09:00,66850.0,67000.0,66600.0,66900.0,7368.0
2026-09-17 11:10:00+09:00,66900.0,67100.0,66800.0,66900.0,3225.0
2026-09-17 11:20:00+09:00,66900.0,67000.0,66800.0,66800.0,1946.0
2026-09-17 11:30:00+09:00,66900.0,67100.0,66800.0,67000.0,3330.0
2026-09-17 11:40:00+09:00,67000.0,67100.0,66900.0,66900.0,2317.0
2026-09-17 11:50:00+09:00,66900.0,67100.0,66900.0,67000.0,2804.0
2026-09-17 12:00:00+09:00,67000.0,67200.0,66800.0,67100.0,5577.0
2026-09-17 12:10:00+09:00,67100.0,67200.0,66900.0,67000.0,3224.0
2026-09-17 12:20:00+09:00,67100.0,67400.0,66900.0,67300.0,6068.0
2026-09-17 12:30:00+09:00,67300.0,67300.0,67000.0,67100.0,2859.0
2026-09-17 12:40:00+09:00,67000.0,67300.0,67000.0,67200.0,2963.0
2026-09-17 12:50:00+09:00,67200.0,67500.0,67200.0,67300.0,5582.0
2026-09-17 13:00:00+09:00,67300.0,67400.0,67100.0,67200.0,3847.0
2026-09-17 13:10:00+09:00,67100.0,67400.0,67100.0,67300.0,2581.0
2026-09-17 13:20:00+09:00,67300.0,67700.0,67300.0,67400.0,9802.0
2026-09-17 13:30:00+09:00,67400.0,67500.0,67100.0,67300.0,7357.0
2026-09-17 13:40:00+09:00,67300.0,67600.0,67200.0,67500.0,5627.0
2026-09-17 13:50:00+09:00,67400.0,67500.0,67200.0,67300.0,4774.0
2026-09-17 14:00:00+09:00,67200.0,67300.0,67100.0,67100.0,2799.0
2026-09-17 14:10:00+09:00,67100.0,67300.0,67000.0,67000.0,7062.0
2026-09-17 14:20:00+09:00,67100.0,67100.0,66900.0,66900.0,6555.0
2026-09-17 14:30:00+09:00,66900.0,67000.0,66800.0,66900.0,6480.0
2026-09-17 14:40:00+09:00,66900.0,67100.0,66800.0,67000.0,6815.0
2026-09-17 14:50:00+09:00,66900.0,67000.0,66600.0,66700.0,10490.0
2026-09-18 09:00:00+09:00,68800.0,69400.0,68100.0,68200.0,30721.0
2026-09-18 09:10:00+09:00,68200.0,68600.0,67900.0,68400.0,11739.0
2026-09-18 09:20:00+09:00,68400.0,68700.0,68300.0,68600.0,10217.0
2026-09-18 09:30:00+09:00,68700.0,68700.0,68400.0,68500.0,7873.0
2026-09-18 09:40:00+09:00,68500.0,68600.0,68100.0,68400.0,13240.0
2026-09-18 09:50:00+09:00,68300.0,68500.0,68200.0,68300.0,9966.0
2026-09-18 10:00:00+09:00,68300.0,68500.0,68000.0,68400.0,8541.0
2026-09-18 10:10:00+09:00,68400.0,68700.0,68300.0,68500.0,11153.0
2026-09-18 10:20:00+09:00,68600.0,68900.0,68500.0,68800.0,11533.0
2026-09-18 10:30:00+09:00,68800.0,69200.0,68700.0,69100.0,16369.0
2026-09-18 10:40:00+09:00,69100.0,69200.0,69000.0,69100.0,9081.0
2026-09-18 10:50:00+09:00,69100.0,69100.0,68700.0,69000.0,8263.0
2026-09-18 11:00:00+09:00,69000.0,69000.0,68700.0,69000.0,7374.0
2026-09-18 11:10:00+09:00,69000.0,69200.0,68900.0,69200.0,10030.0
2026-09-18 11:20:00+09:00,69200.0,69300.0,69100.0,69200.0,12055.0
2026-09-18 11:30:00+09:00,69200.0,69500.0,69100.0,69300.0,14291.0
2026-09-18 11:40:00+09:00,69400.0,69700.0,69300.0,69700.0,15358.0
2026-09-18 11:50:00+09:00,69700.0,69800.0,69600.0,69800.0,9930.0
2026-09-18 12:00:00+09:00,69800.0,69800.0,69400.0,69600.0,11063.0
2026-09-18 12:10:00+09:00,69600.0,69700.0,69300.0,69300.0,10257.0
2026-09-18 12:20:00+09:00,69300.0,69400.0,69100.0,69100.0,7667.0
2026-09-18 12:30:00+09:00,69200.0,69300.0,68900.0,69200.0,9241.0
2026-09-18 12:40:00+09:00,69100.0,69400.0,69100.0,69400.0,8620.0
2026-09-18 12:50:00+09:00,69400.0,69400.0,69100.0,69200.0,9445.0
2026-09-18 13:00:00+09:00,69200.0,69300.0,69000.0,69100.0,9744.0
2026-09-18 13:10:00+09:00,69100.0,69200.0,68900.0,68900.0,8401.0
2026-09-18 13:20:00+09:00,69000.0,69100.0,68900.0,68900.0,10486.0
2026-09-18 13:30:00+09:00,69000.0,69200.0,68900.0,69000.0,8709.0
2026-09-18 13:40:00+09:00,69000.0,69200.0,68900.0,69000.0,9067.0
2026-09-18 13:50:00+09:00,69000.0,69200.0,68800.0,68800.0,11127.0
2026-09-18 14:00:00+09:00,68800.0,69100.0,68800.0,69000.0,7457.0
2026-09-18 14:10:00+09:00,69000.0,69100.0,68800.0,69100.0,10340.0
2026-09-18 14:20:00+09:00,69000.0,69100.0,68800.0,68900.0,11484.0
2026-09-18 14:30:00+09:00,68900.0,69200.0,68900.0,69100.0,11453.0
2026-09-18 14:40:00+09:00,69100.0,69500.0,69000.0,69400.0,15278.0
2026-09-18 14:50:00+09:00,69400.0,69500.0,69000.0,69100.0,20741.0
2026-09-21 09:00:00+09:00,70100.0,70200.0,68900.0,69200.0,11719.0
2026-09-21 09:10:00+09:00,69200.0,69300.0,68500.0,69000.0,22435.0
2026-09-21 09:20:00+09:00,69000.0,69700.0,68900.0,69500.0,10462.0
2026-09-21 09:30:00+09:00,69500.0,69800.0,69400.0,69700.0,8400.0
2026-09-21 09:40:00+09:00,69600.0,70000.0,69400.0,69800.0,10846.0
2026-09-21 09:50:00+09:00,69900.0,70100.0,69600.0,69700.0,12544.0
2026-09-21 10:00:00+09:00,69700.0,70500.0,69600.0,70300.0,39344.0
2026-09-21 10:10:00+09:00,70200.0,70300.0,70000.0,70100.0,6716.0
2026-09-21 10:20:00+09:00,70100.0,70500.0,70000.0,70400.0,11748.0
2026-09-21 10:30:00+09:00,70400.0,70500.0,70100.0,70200.0,6915.0
2026-09-21 10:40:00+09:00,70200.0,70400.0,70200.0,70200.0,5222.0
2026-09-21 10:50:00+09:00,70200.0,70500.0,69900.0,70000.0,10036.0
2026-09-21 11:00:00+09:00,70000.0,70100.0,69700.0,69900.0,11151.0
2026-09-21 11:10:00+09:00,69900.0,70000.0,69700.0,69900.0,8450.0
2026-09-21 11:20:00+09:00,69900.0,70100.0,69700.0,69800.0,6396.0
2026-09-21 11:30:00+09:00,69800.0,69900.0,69600.0,69700.0,4797.0
2026-09-21 11:40:00+09:00,69700.0,69800.0,69500.0,69600.0,5273.0
2026-09-21 11:50:00+09:00,69700.0,69900.0,69600.0,69700.0,5670.0
2026-09-21 12:00:00+09:00,69700.0,69800.0,69600.0,69700.0,4485.0
2026-09-21 12:10:00+09:00,69600.0,69900.0,69500.0,69800.0,5715.0
2026-09-21 12:20:00+09:00,69800.0,70000.0,69700.0,69800.0,7354.0
2026-09-21 12:30:00+09:00,69800.0,69900.0,69700.0,69900.0,4424.0
2026-09-21 12:40:00+09:00,69900.0,70000.0,69700.0,69800.0,5330.0
2026-09-21 12:50:00+09:00,69900.0,70000.0,69700.0,69800.0,5652.0
2026-09-21 13:00:00+09:00,69900.0,69900.0,69600.0,69600.0,5066.0
2026-09-21 13:10:00+09:00,69700.0,69700.0,69500.0,69500.0,8906.0
2026-09-21 13:20:00+09:00,69500.0,69800.0,69400.0,69700.0,6836.0
2026-09-21 13:30:00+09:00,69700.0,69700.0,69400.0,69500.0,6330.0
2026-09-21 13:40:00+09:00,69500.0,69600.0,69300.0,69400.0,7164.0
2026-09-21 13:50:00+09:00,69400.0,69600.0,69300.0,69400.0,7825.0
2026-09-21 14:00:00+09:00,69300.0,69600.0,69300.0,69500.0,7828.0
2026-09-21 14:10:00+09:00,69500.0,69500.0,69300.0,69300.0,7531.0
2026-09-21 14:20:00+09:00,69400.0,69500.0,69100.0,69200.0,11155.0
2026-09-21 14:30:00+09:00,69200.0,69500.0,69100.0,69300.0,8356.0
2026-09-21 14:40:00+09:00,69300.0,69800.0,69200.0,69600.0,11283.0
2026-09-21 14:50:00+09:00,69600.0,69800.0,69400.0,69600.0,15996.0
2026-09-22 09:00:00+09:00,71300.0,71600.0,70400.0,71400.0,96636.0
2026-09-22 09:10:00+09:00,71300.0,72900.0,71100.0,71100.0,43792.0
2026-09-22 09:20:00+09:00,71100.0,71500.0,71000.0,71300.0,17792.0
2026-09-22 09:30:00+09:00,71400.0,72500.0,71400.0,72500.0,35075.0
2026-09-22 09:40:00+09:00,72400.0,72900.0,72300.0,72400.0,40663.0
2026-09-22 09:50:00+09:00,72400.0,72400.0,71700.0,71800.0,21153.0
2026-09-22 10:00:00+09:00,71800.0,72400.0,71800.0,71800.0,16123.0
2026-09-22 10:10:00+09:00,71800.0,71900.0,71300.0,71400.0,18516.0
2026-09-22 10:20:00+09:00,71300.0,71700.0,71200.0,71400.0,16893.0
2026-09-22 10:30:00+09:00,71500.0,72400.0,71300.0,72400.0,21410.0
2026-09-22 10:40:00+09:00,72400.0,72700.0,72100.0,72100.0,19800.0
2026-09-22 10:50:00+09:00,72200.0,73300.0,72000.0,73200.0,44669.0
2026-09-22 11:00:00+09:00,73300.0,74400.0,73000.0,73800.0,89910.0
2026-09-22 11:10:00+09:00,73800.0,73900.0,73200.0,73400.0,33942.0
2026-09-22 11:20:00+09:00,73400.0,73500.0,72900.0,73100.0,20154.0
2026-09-22 11:30:00+09:00,73100.0,73400.0,72800.0,73300.0,11579.0
2026-09-22 11:40:00+09:00,73200.0,73700.0,73100.0,73200.0,15473.0
2026-09-22 11:50:00+09:00,73200.0,74200.0,73000.0,73800.0,19368.0
2026-09-22 12:00:00+09:00,73700.0,73800.0,73300.0,73700.0,9588.0
2026-09-22 12:10:00+09:00,73600.0,73800.0,73400.0,73700.0,10079.0
2026-09-22 12:20:00+09:00,73700.0,73800.0,73100.0,73400.0,11403.0
2026-09-22 12:30:00+09:00,73400.0,74000.0,73300.0,73800.0,11919.0
2026-09-22 12:40:00+09:00,73900.0,74200.0,73700.0,73800.0,24723.0
2026-09-22 12:50:00+09:00,73800.0,74000.0,73500.0,73600.0,12432.0
2026-09-22 13:00:00+09:00,73650.0,73800.0,73300.0,73300.0,20275.0
2026-09-22 13:10:00+09:00,73300.0,74000.0,73100.0,74000.0,21005.0
2026-09-22 13:20:00+09:00,74000.0,74600.0,73800.0,74600.0,51309.0
2026-09-22 13:30:00+09:00,74600.0,75700.0,74100.0,75700.0,153392.0
2026-09-22 13:40:00+09:00,75500.0,76800.0,75000.0,76600.0,161493.0
2026-09-22 13:50:00+09:00,76600.0,76700.0,74500.0,75700.0,94346.0
2026-09-22 14:00:00+09:00,75700.0,76900.0,74700.0,76600.0,125053.0
2026-09-22 14:10:00+09:00,76700.0,76900.0,74500.0,74900.0,101376.0
2026-09-22 14:20:00+09:00,74900.0,76000.0,74500.0,75700.0,75268.0
2026-09-22 14:30:00+09:00,75700.0,76000.0,75300.0,75900.0,53205.0
2026-09-22 14:40:00+09:00,76000.0,76200.0,75500.0,76000.0,53877.0
2026-09-22 14:50:00+09:00,76000.0,76200.0,75700.0,75900.0,46667.0
2026-09-23 09:00:00+09:00,76700.0,77500.0,73300.0,73700.0,175073.0
2026-09-23 09:10:00+09:00,73700.0,74200.0,73200.0,74200.0,84418.0
2026-09-23 09:20:00+09:00,74200.0,74800.0,73700.0,74100.0,56985.0
2026-09-23 09:30:00+09:00,74100.0,74300.0,73300.0,73800.0,54439.0
2026-09-23 09:40:00+09:00,73700.0,74500.0,73600.0,73600.0,37745.0
2026-09-23 09:50:00+09:00,73600.0,73700.0,72500.0,72800.0,64203.0
2026-09-23 10:00:00+09:00,72800.0,73000.0,72400.0,72800.0,43302.0
2026-09-23 10:10:00+09:00,72800.0,73000.0,72800.0,72900.0,3300.0
