,Open,High,Low,Close,Volume
2026-06-29 09:00:00+09:00,100000.0,101600.0,98600.0,100900.0,0.0
2026-06-29 09:05:00+09:00,100500.0,104100.0,100100.0,104100.0,16388.0
2026-06-29 09:10:00+09:00,104100.0,104200.0,102700.0,103900.0,12876.0
2026-06-29 09:15:00+09:00,103700.0,107000.0,103400.0,106200.0,27584.0
2026-06-29 09:20:00+09:00,106300.0,106800.0,104900.0,106200.0,13764.0
2026-06-29 09:25:00+09:00,106100.0,106500.0,105700.0,106200.0,7862.0
2026-06-29 09:30:00+09:00,106100.0,108600.0,106100.0,108000.0,20119.0
2026-06-29 09:35:00+09:00,108200.0,109800.0,107000.0,109400.0,19534.0
2026-06-29 09:40:00+09:00,109300.0,111900.0,109100.0,111500.0,16308.0
2026-06-29 09:45:00+09:00,111500.0,111800.0,109500.0,111000.0,10171.0
2026-06-29 09:50:00+09:00,110900.0,111700.0,110700.0,110900.0,11615.0
2026-06-29 09:55:00+09:00,110900.0,111400.0,109300.0,109900.0,9518.0
2026-06-29 10:00:00+09:00,109900.0,110000.0,108800.0,109300.0,11410.0
2026-06-29 10:05:00+09:00,109400.0,110000.0,109200.0,109900.0,6950.0
2026-06-29 10:10:00+09:00,109900.0,110800.0,109600.0,109900.0,7035.0
2026-06-29 10:15:00+09:00,110200.0,110500.0,109600.0,110500.0,3110.0
2026-06-29 10:20:00+09:00,110400.0,111300.0,110200.0,111300.0,4831.0
2026-06-29 10:25:00+09:00,111100.0,111800.0,111100.0,111600.0,7307.0
2026-06-29 10:30:00+09:00,111300.0,112700.0,111100.0,112600.0,9998.0
2026-06-29 10:35:00+09:00,112600.0,112900.0,111800.0,112300.0,6092.0
2026-06-29 10:40:00+09:00,112300.0,112400.0,111100.0,111500.0,6097.0
2026-06-29 10:45:00+09:00,111400.0,112000.0,111100.0,111900.0,7919.0
2026-06-29 10:50:00+09:00,111900.0,112900.0,111500.0,112800.0,8401.0
2026-06-29 10:55:00+09:00,112800.0,113900.0,112600.0,113100.0,15198.0
2026-06-29 11:00:00+09:00,113400.0,113850.0,112800.0,113700.0,12419.0
2026-06-29 11:05:00+09:00,113600.0,114800.0,113600.0,114300.0,15414.0
2026-06-29 11:10:00+09:00,114300.0,114400.0,113000.0,113200.0,11650.0
2026-06-29 11:15:00+09:00,113200.0,114000.0,112700.0,113400.0,10346.0
2026-06-29 11:20:00+09:00,113400.0,113700.0,112500.0,113600.0,3021.0
2026-06-29 11:25:00+09:00,113700.0,113900.0,113200.0,113500.0,3499.0
2026-06-29 11:30:00+09:00,113400.0,113500.0,112200.0,112400.0,3539.0
2026-06-29 11:35:00+09:00,112400.0,113300.0,112200.0,113300.0,2478.0
2026-06-29 11:40:00+09:00,113000.0,113600.0,112900.0,113500.0,2475.0
2026-06-29 11:45:00+09:00,113500.0,113900.0,113400.0,113500.0,4107.0
2026-06-29 11:50:00+09:00,113500.0,113700.0,113000.0,113300.0,3724.0
2026-06-29 11:55:00+09:00,113300.0,113600.0,113100.0,113500.0,1930.0
2026-06-29 12:00:00+09:00,113500.0,113800.0,113400.0,113700.0,2914.0
2026-06-29 12:05:00+09:00,113700.0,113800.0,113000.0,113100.0,2508.0
2026-06-29 12:10:00+09:00,113300.0,113400.0,112600.0,112700.0,2742.0
2026-06-29 12:15:00+09:00,112700.0,113700.0,112700.0,113200.0,2937.0
2026-06-29 12:20:00+09:00,113400.0,114200.0,113300.0,113700.0,3237.0
2026-06-29 12:25:00+09:00,113700.0,115200.0,113400.0,115100.0,14194.0
2026-06-29 12:30:00+09:00,115100.0,115200.0,114300.0,114700.0,8859.0
2026-06-29 12:35:00+09:00,114800.0,115200.0,114500.0,115000.0,8565.0
2026-06-29 12:40:00+09:00,115000.0,115100.0,114500.0,114600.0,5242.0
2026-06-29 12:45:00+09:00,114700.0,115000.0,114500.0,115000.0,3362.0
2026-06-29 12:50:00+09:00,115000.0,116100.0,115000.0,115700.0,8217.0
2026-06-29 12:55:00+09:00,115500.0,115900.0,115200.0,115800.0,3792.0
2026-06-29 13:00:00+09:00,115800.0,117000.0,115700.0,116600.0,6519.0
2026-06-29 13:05:00+09:00,116600.0,117200.0,116200.0,116800.0,7490.0
2026-06-29 13:10:00+09:00,116800.0,117500.0,116400.0,117300.0,7056.0
2026-06-29 13:15:00+09:00,117200.0,117500.0,116900.0,117000.0,5471.0
2026-06-29 13:20:00+09:00,117000.0,117000.0,115700.0,116400.0,5305.0
2026-06-29 13:25:00+09:00,116400.0,116400.0,115500.0,116100.0,6741.0
2026-06-29 13:30:00+09:00,116000.0,116500.0,115100.0,115600.0,3723.0
2026-06-29 13:35:00+09:00,115500.0,115600.0,115200.0,115500.0,4228.0
2026-06-29 13:40:00+09:00,115500.0,115500.0,114500.0,115200.0,5852.0
2026-06-29 13:45:00+09:00,115100.0,116000.0,114900.0,116000.0,3229.0
2026-06-29 13:50:00+09:00,116000.0,116300.0,115600.0,115900.0,3418.0
2026-06-29 13:55:00+09:00,116000.0,116000.0,115000.0,115400.0,3210.0
2026-06-29 14:00:00+09:00,115400.0,115700.0,114700.0,115500.0,3510.0
2026-06-29 14:05:00+09:00,115400.0,115900.0,115200.0,115900.0,3578.0
2026-06-29 14:10:00+09:00,115800.0,115900.0,114900.0,115200.0,3358.0
2026-06-29 14:15:00+09:00,115200.0,115400.0,114900.0,115400.0,3631.0
2026-06-29 14:20:00+09:00,115300.0,115400.0,115100.0,115200.0,3533.0
2026-06-29 14:25:00+09:00,115300.0,115300.0,114700.0,115100.0,4792.0
2026-06-29 14:30:00+09:00,115100.0,115700.0,114200.0,115500.0,5688.0
2026-06-29 14:35:00+09:00,115500.0,115800.0,115300.0,115600.0,3160.0
2026-06-29 14:40:00+09:00,115600.0,116300.0,115400.0,116300.0,5539.0
2026-06-29 14:45:00+09:00,116250.0,116600.0,116100.0,116200.0,7159.0
2026-06-29 14:50:00+09:00,116200.0,116600.0,115400.0,115800.0,9020.0
2026-06-29 14:55:00+09:00,115800.0,116600.0,115700.0,116400.0,8552.0
2026-06-30 09:00:00+09:00,117400.0,117400.0,110500.0,111000.0,32129.0
2026-06-30 09:05:00+09:00,111100.0,112700.0,110700.0,111700.0,19787.0
2026-06-30 09:10:00+09:00,111800.0,113600.0,110800.0,112400.0,17202.0
2026-06-30 09:15:00+09:00,112400.0,114100.0,112400.0,113100.0,8744.0
2026-06-30 09:20:00+09:00,112800.0,114300.0,112700.0,113700.0,6066.0
2026-06-30 09:25:00+09:00,113500.0,114300.0,113000.0,114100.0,7032.0
2026-06-30 09:30:00+09:00,114100.0,114200.0,112900.0,113400.0,5991.0
2026-06-30 09:35:00+09:00,113400.0,113400.0,112000.0,112900.0,5081.0
2026-06-30 09:40:00+09:00,112900.0,113400.0,111600.0,111800.0,5243.0
2026-06-30 09:45:00+09:00,112000.0,112900.0,111500.0,112600.0,3986.0
2026-06-30 09:50:00+09:00,112600.0,113500.0,112200.0,112500.0,4622.0
2026-06-30 09:55:00+09:00,112600.0,113800.0,112600.0,113600.0,3446.0
2026-06-30 10:00:00+09:00,113600.0,113900.0,112400.0,113100.0,2902.0
2026-06-30 10:05:00+09:00,113000.0,113500.0,112700.0,112800.0,2803.0
2026-06-30 10:10:00+09:00,112900.0,113400.0,112400.0,112800.0,2530.0
2026-06-30 10:15:00+09:00,112800.0,113300.0,112500.0,112900.0,1818.0
2026-06-30 10:20:00+09:00,113100.0,113300.0,112200.0,112200.0,3086.0
2026-06-30 10:25:00+09:00,112200.0,113300.0,112100.0,113200.0,2345.0
2026-06-30 10:30:00+09:00,113200.0,113800.0,113100.0,113600.0,2283.0
2026-06-30 10:35:00+09:00,113600.0,113600.0,112300.0,112300.0,1861.0
2026-06-30 10:40:00+09:00,112400.0,112800.0,112100.0,112400.0,1507.0
2026-06-30 10:45:00+09:00,112400.0,112800.0,112000.0,112000.0,3677.0
2026-06-30 10:50:00+09:00,112000.0,112400.0,111900.0,112200.0,1016.0
2026-06-30 10:55:00+09:00,112300.0,112700.0,111800.0,112000.0,2680.0
2026-06-30 11:00:00+09:00,111900.0,112100.0,111100.0,111200.0,2945.0
2026-06-30 11:05:00+09:00,111100.0,111300.0,110800.0,111300.0,4276.0
2026-06-30 11:10:00+09:00,111200.0,111200.0,110100.0,110100.0,3544.0
2026-06-30 11:15:00+09:00,110100.0,111000.0,110000.0,110400.0,5167.0
2026-06-30 11:20:00+09:00,110400.0,111100.0,110400.0,111000.0,2682.0
2026-06-30 11:25:00+09:00,111000.0,111600.0,110800.0,111500.0,1956.0
2026-06-30 11:30:00+09:00,111500.0,111600.0,111100.0,111500.0,2331.0
2026-06-30 11:35:00+09:00,111500.0,111700.0,111300.0,111500.0,688.0
2026-06-30 11:40:00+09:00,111600.0,111700.0,111100.0,111100.0,1111.0
2026-06-30 11:45:00+09:00,111100.0,111600.0,111100.0,111300.0,1187.0
2026-06-30 11:50:00+09:00,111300.0,111300.0,111000.0,111100.0,1466.0
2026-06-30 11:55:00+09:00,111100.0,111200.0,110600.0,110700.0,2675.0
2026-06-30 12:00:00+09:00,110700.0,111500.0,110700.0,111100.0,2252.0
2026-06-30 12:05:00+09:00,111100.0,111500.0,111000.0,111300.0,791.0
2026-06-30 12:10:00+09:00,111300.0,111500.0,111100.0,111400.0,1657.0
2026-06-30 12:15:00+09:00,111400.0,111900.0,111400.0,111700.0,1662.0
2026-06-30 12:20:00+09:00,111700.0,111900.0,111500.0,111600.0,1090.0
2026-06-30 12:25:00+09:00,111500.0,112000.0,111500.0,111800.0,1719.0
2026-06-30 12:30:00+09:00,111700.0,111900.0,111700.0,111900.0,846.0
2026-06-30 12:35:00+09:00,111800.0,112000.0,111700.0,112000.0,1337.0
2026-06-30 12:40:00+09:00,111900.0,112100.0,111800.0,111900.0,673.0
2026-06-30 12:45:00+09:00,112000.0,112000.0,111600.0,111700.0,1414.0
2026-06-30 12:50:00+09:00,111800.0,112000.0,111600.0,111600.0,933.0
2026-06-30 12:55:00+09:00,111600.0,111800.0,111500.0,111700.0,1054.0
2026-06-30 13:00:00+09:00,111700.0,111800.0,111500.0,111500.0,2735.0
2026-06-30 13:05:00+09:00,111600.0,112000.0,111500.0,111700.0,1089.0
2026-06-30 13:10:00+09:00,111700.0,111700.0,111400.0,111500.0,1348.0
2026-06-30 13:15:00+09:00,111500.0,111700.0,111300.0,111400.0,1558.0
2026-06-30 13:20:00+09:00,111400.0,111900.0,111400.0,111800.0,1127.0
2026-06-30 13:25:00+09:00,111800.0,112300.0,111600.0,111900.0,2595.0
2026-06-30 13:30:00+09:00,111900.0,113000.0,111900.0,112900.0,2180.0
2026-06-30 13:35:00+09:00,112800.0,113200.0,112500.0,112900.0,2348.0
2026-06-30 13:40:00+09:00,112800.0,113400.0,112800.0,113200.0,2620.0
2026-06-30 13:45:00+09:00,113200.0,113200.0,112800.0,112900.0,2038.0
2026-06-30 13:50:00+09:00,113000.0,113400.0,113000.0,113400.0,2377.0
2026-06-30 13:55:00+09:00,113350.0,114000.0,113300.0,113900.0,2282.0
2026-06-30 14:00:00+09:00,113800.0,114000.0,113100.0,113400.0,2952.0
2026-06-30 14:05:00+09:00,113300.0,113700.0,113200.0,113500.0,2034.0
2026-06-30 14:10:00+09:00,113500.0,113600.0,113100.0,113500.0,2157.0
2026-06-30 14:15:00+09:00,113500.0,113800.0,113200.0,113300.0,1532.0
2026-06-30 14:20:00+09:00,113400.0,113600.0,113300.0,113400.0,2383.0
2026-06-30 14:25:00+09:00,113400.0,113900.0,113100.0,113700.0,2767.0
2026-06-30 14:30:00+09:00,113600.0,113600.0,113000.0,113200.0,3055.0
2026-06-30 14:35:00+09:00,113100.0,113200.0,112800.0,113100.0,2047.0
2026-06-30 14:40:00+09:00,113100.0,113600.0,112900.0,113000.0,2675.0
2026-06-30 14:45:00+09:00,113000.0,113000.0,112500.0,112900.0,4262.0
2026-06-30 14:50:00+09:00,113000.0,113100.0,112400.0,112800.0,4047.0
2026-06-30 14:55:00+09:00,112800.0,112900.0,112500.0,112700.0,3239.0
2026-07-01 09:00:00+09:00,114600.0,114800.0,110000.0,111700.0,19040.0
2026-07-01 09:05:00+09:00,111500.0,113200.0,109500.0,110800.0,14165.0
2026-07-01 09:10:00+09:00,110800.0,112500.0,110700.0,112500.0,7031.0
2026-07-01 09:15:00+09:00,112500.0,112600.0,111700.0,112000.0,6341.0
2026-07-01 09:20:00+09:00,112200.0,112800.0,111500.0,111600.0,6930.0
2026-07-01 09:25:00+09:00,111500.0,112800.0,111300.0,112300.0,6150.0
2026-07-01 09:30:00+09:00,112400.0,112800.0,111500.0,111500.0,3249.0
2026-07-01 09:35:00+09:00,111600.0,111800.0,111100.0,111500.0,3786.0
2026-07-01 09:40:00+09:00,111500.0,112200.0,111400.0,111900.0,4696.0
2026-07-01 09:45:00+09:00,111900.0,112300.0,111600.0,112100.0,4593.0
2026-07-01 09:50:00+09:00,112100.0,112700.0,112000.0,112000.0,3850.0
2026-07-01 09:55:00+09:00,112000.0,112700.0,111200.0,111200.0,3902.0
2026-07-01 10:00:00+09:00,111300.0,111900.0,110800.0,111300.0,4514.0
2026-07-01 10:05:00+09:00,111200.0,111700.0,110500.0,110500.0,3614.0
2026-07-01 10:10:00+09:00,110400.0,110500.0,109300.0,110100.0,6069.0
2026-07-01 10:15:00+09:00,110100.0,110300.0,109400.0,109900.0,4625.0
2026-07-01 10:20:00+09:00,109900.0,110900.0,109800.0,110300.0,3351.0
2026-07-01 10:25:00+09:00,110400.0,111100.0,110200.0,110600.0,3197.0
2026-07-01 10:30:00+09:00,110600.0,111100.0,110100.0,110200.0,2301.0
2026-07-01 10:35:00+09:00,110100.0,110400.0,110000.0,110100.0,2355.0
2026-07-01 10:40:00+09:00,110200.0,110400.0,109600.0,110300.0,2767.0
2026-07-01 10:45:00+09:00,110300.0,110900.0,109700.0,110100.0,2691.0
2026-07-01 10:50:00+09:00,110100.0,110400.0,109700.0,109800.0,3103.0
2026-07-01 10:55:00+09:00,109800.0,110200.0,109450.0,109700.0,3125.0
2026-07-01 11:00:00+09:00,109600.0,109900.0,108700.0,108900.0,3964.0
2026-07-01 11:05:00+09:00,108900.0,109100.0,107600.0,107900.0,5075.0
2026-07-01 11:10:00+09:00,107900.0,108000.0,107300.0,107700.0,4579.0
2026-07-01 11:15:00+09:00,107650.0,107900.0,107400.0,107600.0,2914.0
2026-07-01 11:20:00+09:00,107700.0,108650.0,107700.0,108200.0,4449.0
2026-07-01 11:25:00+09:00,108200.0,108200.0,107200.0,107800.0,8927.0
2026-07-01 11:30:00+09:00,107700.0,108000.0,107200.0,107600.0,5519.0
2026-07-01 11:35:00+09:00,107600.0,108300.0,107500.0,108100.0,4674.0
2026-07-01 11:40:00+09:00,108100.0,109400.0,108100.0,109200.0,11036.0
2026-07-01 11:45:00+09:00,109300.0,109700.0,109100.0,109600.0,4746.0
2026-07-01 11:50:00+09:00,109600.0,109600.0,109000.0,109100.0,2133.0
2026-07-01 11:55:00+09:00,109000.0,109200.0,108800.0,109200.0,4982.0
2026-07-01 12:00:00+09:00,109100.0,109200.0,108500.0,108600.0,2405.0
2026-07-01 12:05:00+09:00,108600.0,109400.0,108600.0,109100.0,7117.0
2026-07-01 12:10:00+09:00,109000.0,109400.0,108700.0,108900.0,3821.0
2026-07-01 12:15:00+09:00,108900.0,109200.0,108500.0,108900.0,4393.0
2026-07-01 12:20:00+09:00,108900.0,109200.0,108800.0,108800.0,2295.0
2026-07-01 12:25:00+09:00,108900.0,109800.0,108800.0,109600.0,5425.0
2026-07-01 12:30:00+09:00,109600.0,109700.0,109400.0,109700.0,2378.0
2026-07-01 12:35:00+09:00,109700.0,110400.0,109600.0,110300.0,10320.0
2026-07-01 12:40:00+09:00,110300.0,110300.0,109900.0,110000.0,2577.0
2026-07-01 12:45:00+09:00,110000.0,110100.0,109800.0,110100.0,4857.0
2026-07-01 12:50:00+09:00,110000.0,110500.0,110000.0,110200.0,4851.0
2026-07-01 12:55:00+09:00,110100.0,110700.0,110000.0,110600.0,5259.0
2026-07-01 13:00:00+09:00,110500.0,110500.0,109700.0,109900.0,5108.0
2026-07-01 13:05:00+09:00,109900.0,110300.0,109800.0,109800.0,2672.0
2026-07-01 13:10:00+09:00,109900.0,109900.0,109500.0,109500.0,2948.0
2026-07-01 13:15:00+09:00,109500.0,109500.0,109100.0,109300.0,3577.0
2026-07-01 13:20:00+09:00,109400.0,109800.0,109300.0,109700.0,18767.0
2026-07-01 13:25:00+09:00,109700.0,109900.0,109500.0,109500.0,3929.0
2026-07-01 13:30:00+09:00,109600.0,109600.0,109300.0,109400.0,2999.0
2026-07-01 13:35:00+09:00,109400.0,109500.0,109000.0,109200.0,7795.0
2026-07-01 13:40:00+09:00,109200.0,109600.0,109000.0,109300.0,14392.0
2026-07-01 13:45:00+09:00,109300.0,109400.0,109100.0,109400.0,2086.0
2026-07-01 13:50:00+09:00,109300.0,109400.0,109000.0,109100.0,4227.0
2026-07-01 13:55:00+09:00,109100.0,109100.0,108300.0,108300.0,3220.0
2026-07-01 14:00:00+09:00,108300.0,109100.0,108200.0,108700.0,19585.0
2026-07-01 14:05:00+09:00,108700.0,109500.0,108600.0,109300.0,5785.0
2026-07-01 14:10:00+09:00,109300.0,109300.0,108500.0,108700.0,5436.0
2026-07-01 14:15:00+09:00,108700.0,109200.0,108200.0,109000.0,8195.0
2026-07-01 14:20:00+09:00,108900.0,109700.0,108600.0,109300.0,8774.0
2026-07-01 14:25:00+09:00,109300.0,109400.0,108700.0,108800.0,4703.0
2026-07-01 14:30:00+09:00,108800.0,109200.0,108500.0,108600.0,5119.0
2026-07-01 14:35:00+09:00,108600.0,108800.0,108200.0,108500.0,7008.0
2026-07-01 14:40:00+09:00,108400.0,109100.0,108200.0,108300.0,7072.0
2026-07-01 14:45:00+09:00,108300.0,108500.0,108100.0,108100.0,10768.0
2026-07-01 14:50:00+09:00,108100.0,108800.0,108100.0,108800.0,11760.0
2026-07-01 14:55:00+09:00,108700.0,108800.0,108300.0,108600.0,12024.0
2026-07-02 09:00:00+09:00,112800.0,112900.0,105500.0,106800.0,28654.0
2026-07-02 09:05:00+09:00,106600.0,107800.0,105400.0,107400.0,12418.0
2026-07-02 09:10:00+09:00,107400.0,108200.0,105000.0,105300.0,8842.0
2026-07-02 09:15:00+09:00,105200.0,106800.0,105000.0,106300.0,5065.0
2026-07-02 09:20:00+09:00,106100.0,106400.0,105200.0,105400.0,4747.0
2026-07-02 09:25:00+09:00,105400.0,106500.0,105200.0,106300.0,4833.0
2026-07-02 09:30:00+09:00,106400.0,107200.0,105700.0,107100.0,4461.0
2026-07-02 09:35:00+09:00,107100.0,108800.0,106900.0,107200.0,4866.0
2026-07-02 09:40:00+09:00,107100.0,108000.0,106600.0,106900.0,3637.0
2026-07-02 09:45:00+09:00,106800.0,107000.0,106000.0,107000.0,3194.0
2026-07-02 09:50:00+09:00,107000.0,107400.0,106200.0,107200.0,3460.0
2026-07-02 09:55:00+09:00,107200.0,107500.0,106300.0,106400.0,2264.0
2026-07-02 10:00:00+09:00,106300.0,107000.0,106000.0,106600.0,3711.0
2026-07-02 10:05:00+09:00,106800.0,107800.0,106600.0,107300.0,2826.0
2026-07-02 10:10:00+09:00,107300.0,107700.0,106900.0,107100.0,2190.0
2026-07-02 10:15:00+09:00,107200.0,108000.0,106900.0,107800.0,3603.0
2026-07-02 10:20:00+09:00,107800.0,108500.0,107600.0,108200.0,2828.0
2026-07-02 10:25:00+09:00,108200.0,108900.0,108100.0,108800.0,3970.0
2026-07-02 10:30:00+09:00,108700.0,109300.0,108500.0,109200.0,5399.0
2026-07-02 10:35:00+09:00,109100.0,110000.0,108700.0,109000.0,12103.0
2026-07-02 10:40:00+09:00,108900.0,109600.0,108500.0,109100.0,3475.0
2026-07-02 10:45:00+09:00,109100.0,110000.0,108800.0,109600.0,4636.0
2026-07-02 10:50:00+09:00,109600.0,109900.0,109100.0,109500.0,3373.0
2026-07-02 10:55:00+09:00,109500.0,109800.0,109100.0,109400.0,2600.0
2026-07-02 11:00:00+09:00,109400.0,109900.0,109100.0,109800.0,2993.0
2026-07-02 11:05:00+09:00,109800.0,109900.0,108700.0,109200.0,2958.0
2026-07-02 11:10:00+09:00,109100.0,109500.0,108900.0,109300.0,1947.0
2026-07-02 11:15:00+09:00,109400.0,109500.0,108200.0,108200.0,2279.0
2026-07-02 11:20:00+09:00,108200.0,108500.0,107100.0,107400.0,4869.0
2026-07-02 11:25:00+09:00,107100.0,107900.0,107100.0,107400.0,1993.0
2026-07-02 11:30:00+09:00,107300.0,107800.0,107300.0,107700.0,1670.0
2026-07-02 11:35:00+09:00,107700.0,108400.0,107400.0,108100.0,1450.0
2026-07-02 11:40:00+09:00,108000.0,108300.0,107800.0,108200.0,2666.0
2026-07-02 11:45:00+09:00,108300.0,108400.0,108000.0,108100.0,1638.0
2026-07-02 11:50:00+09:00,108000.0,108100.0,107700.0,107700.0,1017.0
2026-07-02 11:55:00+09:00,107700.0,108400.0,107700.0,108200.0,1525.0
2026-07-02 12:00:00+09:00,108200.0,108600.0,107700.0,107800.0,1324.0
2026-07-02 12:05:00+09:00,107800.0,108000.0,107500.0,107600.0,2255.0
2026-07-02 12:10:00+09:00,107500.0,107800.0,107200.0,107300.0,2010.0
2026-07-02 12:15:00+09:00,107200.0,107500.0,106900.0,107100.0,1766.0
2026-07-02 12:20:00+09:00,107000.0,107200.0,106700.0,106700.0,1591.0
2026-07-02 12:25:00+09:00,106700.0,107000.0,106500.0,106700.0,1546.0
2026-07-02 12:30:00+09:00,106700.0,107100.0,106600.0,107000.0,1865.0
2026-07-02 12:35:00+09:00,107000.0,107200.0,106800.0,106900.0,1680.0
2026-07-02 12:40:00+09:00,106900.0,107000.0,106700.0,106900.0,1629.0
2026-07-02 12:45:00+09:00,106800.0,107100.0,106600.0,107000.0,2059.0
2026-07-02 12:50:00+09:00,107100.0,107200.0,106200.0,106500.0,2398.0
2026-07-02 12:55:00+09:00,106400.0,106700.0,106100.0,106500.0,1711.0
2026-07-02 13:00:00+09:00,106500.0,106800.0,106300.0,106300.0,1665.0
2026-07-02 13:05:00+09:00,106300.0,106500.0,106200.0,106400.0,1175.0
2026-07-02 13:10:00+09:00,106500.0,106500.0,106000.0,106100.0,2405.0
2026-07-02 13:15:00+09:00,106000.0,106000.0,105700.0,105800.0,3175.0
2026-07-02 13:20:00+09:00,105800.0,105900.0,105500.0,105600.0,3856.0
2026-07-02 13:25:00+09:00,105600.0,106600.0,105600.0,106500.0,2997.0
2026-07-02 13:30:00+09:00,106500.0,106500.0,105700.0,105900.0,1550.0
2026-07-02 13:35:00+09:00,105900.0,105900.0,105500.0,105700.0,3656.0
2026-07-02 13:40:00+09:00,105600.0,105800.0,105300.0,105350.0,2828.0
2026-07-02 13:45:00+09:00,105400.0,105700.0,105100.0,105400.0,4171.0
2026-07-02 13:50:00+09:00,105400.0,106100.0,105300.0,106100.0,1719.0
2026-07-02 13:55:00+09:00,106150.0,107300.0,106000.0,107000.0,2466.0
2026-07-02 14:00:00+09:00,106900.0,107700.0,106300.0,107300.0,4001.0
2026-07-02 14:05:00+09:00,107500.0,107900.0,107300.0,107700.0,2350.0
2026-07-02 14:10:00+09:00,107700.0,108300.0,107500.0,108000.0,2817.0
2026-07-02 14:15:00+09:00,107900.0,108000.0,107600.0,107700.0,2046.0
2026-07-02 14:20:00+09:00,107700.0,108100.0,107600.0,107900.0,2587.0
2026-07-02 14:25:00+09:00,107800.0,108500.0,107800.0,107900.0,3402.0
2026-07-02 14:30:00+09:00,107900.0,107900.0,107200.0,107600.0,3739.0
2026-07-02 14:35:00+09:00,107900.0,107900.0,107200.0,107500.0,3158.0
2026-07-02 14:40:00+09:00,107500.0,107500.0,107000.0,107100.0,3027.0
2026-07-02 14:45:00+09:00,107100.0,107100.0,105800.0,106100.0,4421.0
2026-07-02 14:50:00+09:00,106200.0,106900.0,106000.0,106500.0,4036.0
2026-07-02 14:55:00+09:00,106500.0,107000.0,106400.0,106600.0,4495.0
2026-07-03 09:00:00+09:00,106600.0,106600.0,99700.0,99700.0,23755.0
2026-07-03 09:05:00+09:00,99700.0,101100.0,99300.0,99800.0,11040.0
2026-07-03 09:10:00+09:00,99700.0,100400.0,99000.0,100000.0,12838.0
2026-07-03 09:15:00+09:00,100000.0,100100.0,98300.0,99000.0,10691.0
2026-07-03 09:20:00+09:00,99000.0,99300.0,98100.0,98300.0,6974.0
2026-07-03 09:25:00+09:00,98300.0,99000.0,98200.0,98300.0,6305.0
2026-07-03 09:30:00+09:00,98400.0,99100.0,98100.0,98200.0,10241.0
2026-07-03 09:35:00+09:00,98200.0,99700.0,98200.0,99000.0,7568.0
2026-07-03 09:40:00+09:00,99100.0,99200.0,98400.0,98500.0,5119.0
2026-07-03 09:45:00+09:00,98400.0,99100.0,98000.0,99100.0,8770.0
2026-07-03 09:50:00+09:00,98900.0,99200.0,98700.0,99100.0,3161.0
2026-07-03 09:55:00+09:00,99100.0,99200.0,98500.0,98500.0,4540.0
2026-07-03 10:00:00+09:00,98500.0,100800.0,98500.0,100600.0,7582.0
2026-07-03 10:05:00+09:00,100700.0,102000.0,100600.0,101800.0,5003.0
2026-07-03 10:10:00+09:00,101700.0,102900.0,101200.0,102200.0,4211.0
2026-07-03 10:15:00+09:00,102800.0,102900.0,102200.0,102500.0,3471.0
2026-07-03 10:20:00+09:00,102500.0,103600.0,102500.0,103600.0,3591.0
2026-07-03 10:25:00+09:00,103600.0,103600.0,102300.0,102400.0,4531.0
2026-07-03 10:30:00+09:00,102400.0,102400.0,101500.0,102400.0,3163.0
2026-07-03 10:35:00+09:00,102400.0,102900.0,101900.0,102100.0,2943.0
2026-07-03 10:40:00+09:00,102200.0,102400.0,101800.0,101900.0,2588.0
2026-07-03 10:45:00+09:00,101900.0,102100.0,101400.0,101500.0,2551.0
2026-07-03 10:50:00+09:00,101500.0,101800.0,101000.0,101600.0,2386.0
2026-07-03 10:55:00+09:00,101500.0,101800.0,101200.0,101200.0,1480.0
2026-07-03 11:00:00+09:00,101100.0,101400.0,100900.0,101300.0,1837.0
2026-07-03 11:05:00+09:00,101200.0,102800.0,101200.0,102200.0,4756.0
2026-07-03 11:10:00+09:00,102500.0,102600.0,101300.0,101800.0,3298.0
2026-07-03 11:15:00+09:00,101800.0,102400.0,101500.0,101600.0,2025.0
2026-07-03 11:20:00+09:00,101600.0,102500.0,101600.0,102500.0,1086.0
2026-07-03 11:25:00+09:00,102500.0,102900.0,102200.0,102300.0,1589.0
2026-07-03 11:30:00+09:00,102300.0,102500.0,102100.0,102300.0,1293.0
2026-07-03 11:35:00+09:00,102200.0,102400.0,101800.0,102100.0,1671.0
2026-07-03 11:40:00+09:00,102100.0,102200.0,101600.0,101700.0,868.0
2026-07-03 11:45:00+09:00,101800.0,102500.0,101800.0,102500.0,1066.0
2026-07-03 11:50:00+09:00,102400.0,102500.0,102000.0,102200.0,956.0
2026-07-03 11:55:00+09:00,102200.0,102800.0,102200.0,102400.0,1228.0
2026-07-03 12:00:00+09:00,102400.0,102400.0,102000.0,102200.0,978.0
2026-07-03 12:05:00+09:00,102300.0,102300.0,101700.0,101800.0,1092.0
2026-07-03 12:10:00+09:00,101800.0,102100.0,101700.0,102000.0,1918.0
2026-07-03 12:15:00+09:00,102000.0,102200.0,101900.0,102000.0,652.0
2026-07-03 12:20:00+09:00,102100.0,102400.0,102000.0,102200.0,459.0
2026-07-03 12:25:00+09:00,102200.0,102900.0,102200.0,102900.0,1752.0
2026-07-03 12:30:00+09:00,102800.0,103100.0,102700.0,102900.0,2503.0
2026-07-03 12:35:00+09:00,102800.0,102900.0,102200.0,102200.0,776.0
2026-07-03 12:40:00+09:00,102300.0,102400.0,101900.0,101900.0,902.0
2026-07-03 12:45:00+09:00,101900.0,102400.0,101800.0,102400.0,783.0
2026-07-03 12:50:00+09:00,102400.0,102600.0,102100.0,102300.0,599.0
2026-07-03 12:55:00+09:00,102300.0,103500.0,102300.0,103400.0,2321.0
2026-07-03 13:00:00+09:00,103500.0,103600.0,103000.0,103300.0,1663.0
2026-07-03 13:05:00+09:00,103300.0,103400.0,102900.0,103100.0,1291.0
2026-07-03 13:10:00+09:00,103100.0,103200.0,102700.0,103100.0,1216.0
2026-07-03 13:15:00+09:00,103100.0,103900.0,103100.0,103500.0,2696.0
2026-07-03 13:20:00+09:00,103500.0,103600.0,103300.0,103300.0,1188.0
2026-07-03 13:25:00+09:00,103400.0,103700.0,103200.0,103400.0,1255.0
2026-07-03 13:30:00+09:00,103300.0,103400.0,103000.0,103200.0,1155.0
2026-07-03 13:35:00+09:00,103100.0,103500.0,102800.0,103400.0,1466.0
2026-07-03 13:40:00+09:00,103300.0,103900.0,103100.0,103700.0,1267.0
2026-07-03 13:45:00+09:00,103700.0,104400.0,103400.0,103500.0,5145.0
2026-07-03 13:50:00+09:00,103500.0,104500.0,103200.0,103800.0,4422.0
2026-07-03 13:55:00+09:00,103700.0,104500.0,103600.0,104300.0,2139.0
2026-07-03 14:00:00+09:00,104300.0,104800.0,104200.0,104800.0,2789.0
2026-07-03 14:05:00+09:00,104700.0,104900.0,104300.0,104600.0,1228.0
2026-07-03 14:10:00+09:00,104500.0,104900.0,104100.0,104200.0,2002.0
2026-07-03 14:15:00+09:00,104200.0,104300.0,104000.0,104200.0,2186.0
2026-07-03 14:20:00+09:00,104100.0,104500.0,103900.0,104500.0,1579.0
2026-07-03 14:25:00+09:00,104500.0,104700.0,104200.0,104600.0,1731.0
2026-07-03 14:30:00+09:00,104600.0,105100.0,104300.0,104700.0,2217.0
2026-07-03 14:35:00+09:00,104600.0,104800.0,104500.0,104600.0,1767.0
2026-07-03 14:40:00+09:00,104600.0,105000.0,104300.0,104400.0,2759.0
2026-07-03 14:45:00+09:00,104400.0,104400.0,103300.0,103600.0,3005.0
2026-07-03 14:50:00+09:00,103600.0,105200.0,103600.0,105200.0,5107.0
2026-07-03 14:55:00+09:00,105200.0,105300.0,104900.0,105100.0,3594.0
2026-07-06 09:00:00+09:00,106100.0,106900.0,103500.0,105800.0,0.0
2026-07-06 09:05:00+09:00,105800.0,106900.0,105000.0,106100.0,7015.0
2026-07-06 09:10:00+09:00,106100.0,106400.0,104400.0,105100.0,4189.0
2026-07-06 09:15:00+09:00,105200.0,106100.0,104200.0,104700.0,4599.0
2026-07-06 09:20:00+09:00,104700.0,105900.0,104400.0,104400.0,4521.0
2026-07-06 09:25:00+09:00,104700.0,104900.0,103800.0,104000.0,3265.0
2026-07-06 09:30:00+09:00,104000.0,104400.0,103600.0,104300.0,2003.0
2026-07-06 09:35:00+09:00,104000.0,104200.0,103500.0,104200.0,2376.0
2026-07-06 09:40:00+09:00,104200.0,105200.0,103900.0,104800.0,1641.0
2026-07-06 09:45:00+09:00,104800.0,104900.0,104200.0,104700.0,3946.0
2026-07-06 09:50:00+09:00,104600.0,104600.0,103800.0,104500.0,2366.0
2026-07-06 09:55:00+09:00,104500.0,104500.0,103900.0,104000.0,1141.0
2026-07-06 10:00:00+09:00,104200.0,104300.0,103800.0,104100.0,2182.0
2026-07-06 10:05:00+09:00,104100.0,104400.0,103800.0,104400.0,3056.0
2026-07-06 10:10:00+09:00,104300.0,104700.0,103700.0,104300.0,1915.0
2026-07-06 10:15:00+09:00,104400.0,104600.0,103700.0,104300.0,1360.0
2026-07-06 10:20:00+09:00,104400.0,104400.0,103300.0,103400.0,3180.0
2026-07-06 10:25:00+09:00,103400.0,103400.0,102900.0,103000.0,2768.0
2026-07-06 10:30:00+09:00,103000.0,103500.0,103000.0,103300.0,1204.0
2026-07-06 10:35:00+09:00,103300.0,103500.0,103000.0,103400.0,2255.0
2026-07-06 10:40:00+09:00,103300.0,103700.0,103000.0,103100.0,2297.0
2026-07-06 10:45:00+09:00,103000.0,103100.0,102400.0,102400.0,2678.0
2026-07-06 10:50:00+09:00,102400.0,102600.0,101500.0,101600.0,4306.0
2026-07-06 10:55:00+09:00,101600.0,102300.0,101300.0,102100.0,3864.0
2026-07-06 11:00:00+09:00,102100.0,102800.0,102000.0,102800.0,2630.0
2026-07-06 11:05:00+09:00,102700.0,102700.0,101600.0,101900.0,1929.0
2026-07-06 11:10:00+09:00,101800.0,102000.0,101100.0,101400.0,2285.0
2026-07-06 11:15:00+09:00,101100.0,101700.0,100900.0,101100.0,3614.0
2026-07-06 11:20:00+09:00,101100.0,101700.0,101100.0,101200.0,2598.0
2026-07-06 11:25:00+09:00,101200.0,101200.0,100500.0,100800.0,2889.0
2026-07-06 11:30:00+09:00,100700.0,100800.0,100200.0,100300.0,2273.0
2026-07-06 11:35:00+09:00,100400.0,100800.0,100300.0,100400.0,1502.0
2026-07-06 11:40:00+09:00,100500.0,100500.0,99700.0,99900.0,3834.0
2026-07-06 11:45:00+09:00,99900.0,100300.0,99800.0,99900.0,2154.0
2026-07-06 11:50:00+09:00,99900.0,100900.0,99800.0,100600.0,1743.0
2026-07-06 11:55:00+09:00,100500.0,100900.0,100100.0,100700.0,1418.0
2026-07-06 12:00:00+09:00,100600.0,101400.0,100600.0,101300.0,1603.0
2026-07-06 12:05:00+09:00,101300.0,101900.0,101100.0,101800.0,1470.0
2026-07-06 12:10:00+09:00,101800.0,102700.0,101800.0,102300.0,1727.0
2026-07-06 12:15:00+09:00,102200.0,102500.0,101800.0,102200.0,1297.0
2026-07-06 12:20:00+09:00,102100.0,102400.0,101900.0,102100.0,787.0
2026-07-06 12:25:00+09:00,102000.0,102300.0,101800.0,102300.0,1190.0
2026-07-06 12:30:00+09:00,102200.0,102300.0,101600.0,102000.0,865.0
2026-07-06 12:35:00+09:00,102000.0,102200.0,101800.0,102000.0,690.0
2026-07-06 12:40:00+09:00,101900.0,102100.0,101300.0,101400.0,1396.0
2026-07-06 12:45:00+09:00,101400.0,101800.0,101400.0,101600.0,498.0
2026-07-06 12:50:00+09:00,101600.0,101800.0,101300.0,101300.0,870.0
2026-07-06 12:55:00+09:00,101300.0,102000.0,101300.0,101600.0,1453.0
2026-07-06 13:00:00+09:00,101600.0,101700.0,101000.0,101000.0,1599.0
2026-07-06 13:05:00+09:00,101100.0,101500.0,100300.0,101200.0,1769.0
2026-07-06 13:10:00+09:00,101200.0,101600.0,101200.0,101500.0,1106.0
2026-07-06 13:15:00+09:00,101600.0,101900.0,101400.0,101900.0,1226.0
2026-07-06 13:20:00+09:00,101800.0,102000.0,101500.0,102000.0,1373.0
2026-07-06 13:25:00+09:00,101900.0,102000.0,101700.0,101900.0,1150.0
2026-07-06 13:30:00+09:00,101900.0,102500.0,101900.0,102200.0,2169.0
2026-07-06 13:35:00+09:00,102100.0,102800.0,102100.0,102300.0,2583.0
2026-07-06 13:40:00+09:00,102400.0,103200.0,102400.0,102900.0,1094.0
2026-07-06 13:45:00+09:00,102800.0,103200.0,102700.0,103000.0,1500.0
2026-07-06 13:50:00+09:00,102800.0,103200.0,102700.0,103000.0,1205.0
2026-07-06 13:55:00+09:00,103100.0,103300.0,103000.0,103000.0,1750.0
2026-07-06 14:00:00+09:00,103300.0,103700.0,102700.0,103300.0,2614.0
2026-07-06 14:05:00+09:00,103200.0,103700.0,102900.0,103500.0,1848.0
2026-07-06 14:10:00+09:00,103400.0,103800.0,102900.0,103100.0,2390.0
2026-07-06 14:15:00+09:00,103100.0,103400.0,102900.0,103100.0,2219.0
2026-07-06 14:20:00+09:00,103200.0,103700.0,102900.0,103100.0,3026.0
2026-07-06 14:25:00+09:00,103100.0,103400.0,102600.0,102600.0,1878.0
2026-07-06 14:30:00+09:00,102600.0,103400.0,102300.0,102400.0,2511.0
2026-07-06 14:35:00+09:00,102500.0,102800.0,102000.0,102200.0,2301.0
2026-07-06 14:40:00+09:00,102300.0,103000.0,102200.0,102700.0,1534.0
2026-07-06 14:45:00+09:00,102700.0,103000.0,101700.0,102100.0,3628.0
2026-07-06 14:50:00+09:00,102100.0,103500.0,102100.0,103100.0,3324.0
2026-07-06 14:55:00+09:00,103200.0,103800.0,102700.0,103000.0,3389.0
2026-07-07 09:00:00+09:00,105800.0,106900.0,100900.0,103900.0,29474.0
2026-07-07 09:05:00+09:00,104100.0,104200.0,101200.0,101400.0,15908.0
2026-07-07 09:10:00+09:00,101500.0,102200.0,99700.0,101200.0,15726.0
2026-07-07 09:15:00+09:00,101200.0,101600.0,100400.0,100900.0,7330.0
2026-07-07 09:20:00+09:00,100800.0,103900.0,100400.0,103900.0,9084.0
2026-07-07 09:25:00+09:00,103500.0,103800.0,101750.0,101800.0,8633.0
2026-07-07 09:30:00+09:00,101800.0,102200.0,101300.0,101300.0,3096.0
2026-07-07 09:35:00+09:00,101400.0,101900.0,101000.0,101100.0,3501.0
2026-07-07 09:40:00+09:00,101100.0,101200.0,100350.0,100400.0,5480.0
2026-07-07 09:45:00+09:00,100400.0,101200.0,100100.0,100800.0,5579.0
2026-07-07 09:50:00+09:00,100700.0,101400.0,100500.0,101200.0,2808.0
2026-07-07 09:55:00+09:00,101200.0,101600.0,101000.0,101100.0,2853.0
2026-07-07 10:00:00+09:00,101100.0,101700.0,101000.0,101100.0,1787.0
2026-07-07 10:05:00+09:00,101100.0,101500.0,101000.0,101100.0,1697.0
2026-07-07 10:10:00+09:00,101000.0,101300.0,100400.0,100500.0,3452.0
2026-07-07 10:15:00+09:00,100400.0,100500.0,99900.0,100000.0,7551.0
2026-07-07 10:20:00+09:00,100000.0,100450.0,100000.0,100200.0,2401.0
2026-07-07 10:25:00+09:00,100100.0,100300.0,99200.0,99300.0,5689.0
2026-07-07 10:30:00+09:00,99500.0,99600.0,99200.0,99400.0,4732.0
2026-07-07 10:35:00+09:00,99400.0,99900.0,99300.0,99700.0,2575.0
2026-07-07 10:40:00+09:00,99700.0,100300.0,99600.0,100200.0,1471.0
2026-07-07 10:45:00+09:00,100200.0,101300.0,100100.0,101300.0,2459.0
2026-07-07 10:50:00+09:00,101300.0,101600.0,101100.0,101300.0,1957.0
2026-07-07 10:55:00+09:00,101200.0,101200.0,99700.0,99700.0,3334.0
2026-07-07 11:00:00+09:00,99700.0,100200.0,99700.0,99900.0,1879.0
2026-07-07 11:05:00+09:00,99900.0,100000.0,99600.0,99800.0,2676.0
2026-07-07 11:10:00+09:00,99700.0,99800.0,99300.0,99300.0,2253.0
2026-07-07 11:15:00+09:00,99300.0,99500.0,98900.0,99000.0,6745.0
2026-07-07 11:20:00+09:00,99000.0,99200.0,98900.0,99100.0,2340.0
2026-07-07 11:25:00+09:00,99100.0,99200.0,98800.0,98900.0,2929.0
2026-07-07 11:30:00+09:00,98950.0,99000.0,98600.0,98600.0,2069.0
2026-07-07 11:35:00+09:00,98600.0,99200.0,98600.0,98800.0,2879.0
2026-07-07 11:40:00+09:00,98900.0,99000.0,98800.0,98800.0,1687.0
2026-07-07 11:45:00+09:00,98800.0,99000.0,98500.0,98700.0,3260.0
2026-07-07 11:50:00+09:00,98700.0,98900.0,98700.0,98800.0,2279.0
2026-07-07 11:55:00+09:00,98800.0,99200.0,98500.0,98700.0,2197.0
2026-07-07 12:00:00+09:00,98600.0,99100.0,98600.0,99000.0,2637.0
2026-07-07 12:05:00+09:00,99100.0,99500.0,99000.0,99100.0,1729.0
2026-07-07 12:10:00+09:00,99000.0,99200.0,99000.0,99100.0,1718.0
2026-07-07 12:15:00+09:00,99100.0,99100.0,98700.0,98800.0,1760.0
2026-07-07 12:20:00+09:00,98800.0,99000.0,98500.0,98600.0,2801.0
2026-07-07 12:25:00+09:00,98600.0,98600.0,98400.0,98400.0,2026.0
2026-07-07 12:30:00+09:00,98400.0,98900.0,98200.0,98600.0,6666.0
2026-07-07 12:35:00+09:00,98600.0,99100.0,98500.0,98700.0,1728.0
2026-07-07 12:40:00+09:00,98700.0,98700.0,98300.0,98500.0,2339.0
2026-07-07 12:45:00+09:00,98500.0,98500.0,98200.0,98300.0,2134.0
2026-07-07 12:50:00+09:00,98300.0,98400.0,98100.0,98200.0,2413.0
2026-07-07 12:55:00+09:00,98200.0,98900.0,98100.0,98600.0,3667.0
2026-07-07 13:00:00+09:00,98600.0,99000.0,98200.0,98600.0,2654.0
2026-07-07 13:05:00+09:00,98600.0,99100.0,98200.0,98200.0,2384.0
2026-07-07 13:10:00+09:00,98200.0,98400.0,97800.0,98000.0,4601.0
2026-07-07 13:15:00+09:00,98000.0,98200.0,97000.0,97300.0,8647.0
2026-07-07 13:20:00+09:00,97300.0,97800.0,97100.0,97500.0,3736.0
2026-07-07 13:25:00+09:00,97400.0,98000.0,97400.0,97600.0,4041.0
2026-07-07 13:30:00+09:00,97700.0,98100.0,97600.0,97800.0,1994.0
2026-07-07 13:35:00+09:00,97700.0,97900.0,97500.0,97800.0,2262.0
2026-07-07 13:40:00+09:00,97700.0,98200.0,97600.0,97700.0,3056.0
2026-07-07 13:45:00+09:00,97800.0,97800.0,97000.0,97200.0,3120.0
2026-07-07 13:50:00+09:00,97300.0,97300.0,97000.0,97200.0,1114.0
2026-07-07 14:20:00+09:00,97200.0,97900.0,96400.0,97000.0,15383.0
2026-07-07 14:25:00+09:00,97000.0,98100.0,96500.0,98100.0,5803.0
2026-07-07 14:30:00+09:00,98000.0,98200.0,97200.0,97500.0,6317.0
2026-07-07 14:35:00+09:00,97600.0,99000.0,97200.0,98900.0,5425.0
2026-07-07 14:40:00+09:00,98900.0,99600.0,98600.0,99400.0,5903.0
2026-07-07 14:45:00+09:00,99000.0,99400.0,98300.0,98500.0,5512.0
2026-07-07 14:50:00+09:00,98400.0,99000.0,98300.0,98900.0,5538.0
2026-07-07 14:55:00+09:00,99000.0,99400.0,98700.0,99100.0,5505.0
2026-07-08 09:00:00+09:00,96600.0,97800.0,94300.0,95700.0,15855.0
2026-07-08 09:05:00+09:00,95700.0,95900.0,94400.0,94500.0,6299.0
2026-07-08 09:10:00+09:00,94500.0,94900.0,93900.0,94500.0,11053.0
2026-07-08 09:15:00+09:00,94500.0,95100.0,94300.0,94700.0,4661.0
2026-07-08 09:20:00+09:00,94700.0,95300.0,94200.0,95300.0,4402.0
2026-07-08 09:25:00+09:00,95300.0,95850.0,95100.0,95300.0,2902.0
2026-07-08 09:30:00+09:00,95300.0,95300.0,94000.0,94200.0,5420.0
2026-07-08 09:35:00+09:00,94000.0,95500.0,93900.0,95500.0,5255.0
2026-07-08 09:40:00+09:00,95600.0,96000.0,95000.0,96000.0,4431.0
2026-07-08 09:45:00+09:00,96000.0,96350.0,95800.0,96200.0,3774.0
2026-07-08 09:50:00+09:00,96200.0,96300.0,95900.0,96000.0,1992.0
2026-07-08 09:55:00+09:00,96000.0,96700.0,95900.0,96600.0,3297.0
2026-07-08 10:00:00+09:00,96600.0,96900.0,95700.0,95700.0,3525.0
2026-07-08 10:05:00+09:00,95800.0,96000.0,95200.0,95800.0,2892.0
2026-07-08 10:10:00+09:00,95800.0,96300.0,95700.0,96000.0,3456.0
2026-07-08 10:15:00+09:00,96000.0,96000.0,95000.0,95100.0,2597.0
2026-07-08 10:20:00+09:00,95300.0,95400.0,94800.0,95100.0,2597.0
2026-07-08 10:25:00+09:00,95100.0,95600.0,94800.0,95200.0,3309.0
2026-07-08 10:30:00+09:00,95100.0,95400.0,94600.0,94800.0,3270.0
2026-07-08 10:35:00+09:00,94800.0,95100.0,94300.0,94400.0,3872.0
2026-07-08 10:40:00+09:00,94400.0,94900.0,94300.0,94700.0,1990.0
2026-07-08 10:45:00+09:00,94700.0,95400.0,94500.0,95100.0,2834.0
2026-07-08 10:50:00+09:00,95100.0,95400.0,94300.0,94300.0,2278.0
2026-07-08 10:55:00+09:00,94400.0,94800.0,93900.0,94300.0,5245.0
2026-07-08 11:00:00+09:00,94400.0,94400.0,93600.0,93600.0,2455.0
2026-07-08 11:05:00+09:00,93600.0,93800.0,93250.0,93500.0,4068.0
2026-07-08 11:10:00+09:00,93500.0,93800.0,93200.0,93300.0,2570.0
2026-07-08 11:15:00+09:00,93300.0,94000.0,93100.0,93800.0,3599.0
2026-07-08 11:20:00+09:00,93900.0,94000.0,93500.0,94000.0,1864.0
2026-07-08 11:25:00+09:00,93900.0,94700.0,93700.0,94400.0,3147.0
2026-07-08 11:30:00+09:00,94400.0,94400.0,93600.0,93700.0,1849.0
2026-07-08 11:35:00+09:00,93700.0,93900.0,93600.0,93700.0,1851.0
2026-07-08 11:40:00+09:00,93800.0,94100.0,93600.0,94000.0,2357.0
2026-07-08 11:45:00+09:00,93900.0,94300.0,93700.0,93900.0,2769.0
2026-07-08 11:50:00+09:00,93900.0,93900.0,93500.0,93700.0,2819.0
2026-07-08 11:55:00+09:00,93700.0,94000.0,93500.0,93800.0,2342.0
2026-07-08 12:00:00+09:00,93800.0,94200.0,93700.0,93900.0,2679.0
2026-07-08 12:05:00+09:00,94000.0,94400.0,93900.0,94300.0,1582.0
2026-07-08 12:10:00+09:00,94300.0,94700.0,94200.0,94600.0,1652.0
2026-07-08 12:15:00+09:00,94600.0,94600.0,94200.0,94200.0,1165.0
2026-07-08 12:20:00+09:00,94200.0,94600.0,94200.0,94500.0,1868.0
2026-07-08 12:25:00+09:00,94400.0,94800.0,94200.0,94400.0,2205.0
2026-07-08 12:30:00+09:00,94500.0,94500.0,94000.0,94100.0,1586.0
2026-07-08 12:35:00+09:00,94000.0,94200.0,93800.0,94100.0,2883.0
2026-07-08 12:40:00+09:00,94100.0,94100.0,93800.0,93900.0,1540.0
2026-07-08 12:45:00+09:00,94000.0,94000.0,93700.0,93900.0,1510.0
2026-07-08 12:50:00+09:00,93900.0,94000.0,93500.0,93600.0,1516.0
2026-07-08 12:55:00+09:00,93500.0,93700.0,93400.0,93400.0,1587.0
2026-07-08 13:00:00+09:00,93500.0,93500.0,92700.0,92800.0,5748.0
2026-07-08 13:05:00+09:00,92800.0,93000.0,92300.0,92800.0,4610.0
2026-07-08 13:10:00+09:00,92800.0,93000.0,92100.0,92300.0,4690.0
2026-07-08 13:15:00+09:00,92300.0,92700.0,91900.0,92100.0,5190.0
2026-07-08 13:20:00+09:00,92200.0,92600.0,91200.0,92300.0,6642.0
2026-07-08 13:25:00+09:00,92300.0,92300.0,91600.0,91800.0,2931.0
2026-07-08 13:30:00+09:00,91800.0,92200.0,91500.0,91600.0,3582.0
2026-07-08 13:35:00+09:00,91600.0,91700.0,90800.0,91400.0,6418.0
2026-07-08 13:40:00+09:00,91300.0,91600.0,91100.0,91300.0,2698.0
2026-07-08 13:45:00+09:00,91400.0,91700.0,91000.0,91300.0,3624.0
2026-07-08 13:50:00+09:00,91300.0,91400.0,90800.0,91000.0,2789.0
2026-07-08 13:55:00+09:00,90900.0,92000.0,90700.0,91900.0,5486.0
2026-07-08 14:00:00+09:00,91800.0,92300.0,91500.0,91800.0,2320.0
2026-07-08 14:05:00+09:00,91700.0,92600.0,91400.0,92500.0,2938.0
2026-07-08 14:10:00+09:00,92400.0,92600.0,92100.0,92200.0,3634.0
2026-07-08 14:15:00+09:00,92200.0,92600.0,92000.0,92000.0,2964.0
2026-07-08 14:20:00+09:00,92100.0,92400.0,91600.0,91700.0,2579.0
2026-07-08 14:25:00+09:00,91700.0,92100.0,91500.0,91500.0,3244.0
2026-07-08 14:30:00+09:00,91500.0,91800.0,91100.0,91400.0,3986.0
2026-07-08 14:35:00+09:00,91400.0,92100.0,91300.0,91400.0,5410.0
2026-07-08 14:40:00+09:00,91300.0,92300.0,91300.0,91700.0,5833.0
2026-07-08 14:45:00+09:00,91600.0,92200.0,91200.0,91500.0,6467.0
2026-07-08 14:50:00+09:00,91400.0,92300.0,91300.0,92300.0,13081.0
2026-07-08 14:55:00+09:00,91900.0,92400.0,91700.0,92100.0,12508.0
2026-07-09 09:00:00+09:00,91800.0,94400.0,91200.0,91300.0,12226.0
2026-07-09 09:05:00+09:00,91400.0,91800.0,90000.0,90000.0,8759.0
2026-07-09 09:10:00+09:00,90000.0,90600.0,89600.0,90600.0,10990.0
2026-07-09 09:15:00+09:00,90600.0,92400.0,90500.0,92400.0,9031.0
2026-07-09 09:20:00+09:00,92300.0,92800.0,91900.0,92800.0,6708.0
2026-07-09 09:25:00+09:00,92800.0,93500.0,92000.0,92400.0,6453.0
2026-07-09 09:30:00+09:00,92400.0,92900.0,91600.0,92600.0,7465.0
2026-07-09 09:35:00+09:00,92800.0,93200.0,92100.0,92900.0,5651.0
2026-07-09 09:40:00+09:00,92900.0,93900.0,92500.0,93800.0,5551.0
2026-07-09 09:45:00+09:00,93800.0,94900.0,93600.0,94500.0,5993.0
2026-07-09 09:50:00+09:00,94500.0,94800.0,93200.0,93300.0,6996.0
2026-07-09 09:55:00+09:00,93300.0,94200.0,93000.0,93300.0,5147.0
2026-07-09 10:00:00+09:00,93400.0,94100.0,93000.0,93500.0,4572.0
2026-07-09 10:05:00+09:00,93500.0,93800.0,92800.0,93700.0,3360.0
2026-07-09 10:10:00+09:00,93700.0,94100.0,93500.0,93600.0,4126.0
2026-07-09 10:15:00+09:00,93600.0,94700.0,93200.0,94600.0,3937.0
2026-07-09 10:20:00+09:00,94600.0,94600.0,94000.0,94100.0,3692.0
2026-07-09 10:25:00+09:00,94100.0,94300.0,93500.0,93800.0,4380.0
2026-07-09 10:30:00+09:00,93700.0,93700.0,92900.0,92900.0,3271.0
2026-07-09 10:35:00+09:00,93000.0,93500.0,92700.0,93200.0,2872.0
2026-07-09 10:40:00+09:00,93200.0,93200.0,92500.0,93000.0,3506.0
2026-07-09 10:45:00+09:00,93000.0,93350.0,92100.0,92400.0,4562.0
2026-07-09 10:50:00+09:00,92400.0,92500.0,91200.0,91200.0,4181.0
2026-07-09 10:55:00+09:00,91300.0,91600.0,90800.0,90900.0,6181.0
2026-07-09 11:00:00+09:00,91100.0,91100.0,90400.0,90400.0,3799.0
2026-07-09 11:05:00+09:00,90400.0,92300.0,90400.0,91600.0,7896.0
2026-07-09 11:10:00+09:00,91600.0,92100.0,91600.0,91800.0,4056.0
2026-07-09 11:15:00+09:00,91800.0,92700.0,91700.0,92600.0,4248.0
2026-07-09 11:20:00+09:00,92600.0,93100.0,92300.0,92400.0,5664.0
2026-07-09 11:25:00+09:00,92400.0,92700.0,91900.0,92100.0,3324.0
2026-07-09 11:30:00+09:00,92100.0,92500.0,91300.0,91500.0,3780.0
2026-07-09 11:35:00+09:00,91500.0,91700.0,90800.0,91300.0,4303.0
2026-07-09 11:40:00+09:00,91400.0,91500.0,90200.0,90300.0,5252.0
2026-07-09 11:45:00+09:00,90300.0,90700.0,90000.0,90000.0,3008.0
2026-07-09 11:50:00+09:00,90100.0,90400.0,89700.0,89900.0,5503.0
2026-07-09 11:55:00+09:00,89900.0,90200.0,89600.0,89900.0,4429.0
2026-07-09 12:00:00+09:00,89900.0,90200.0,89300.0,89300.0,4823.0
2026-07-09 12:05:00+09:00,89400.0,90000.0,89200.0,89500.0,5006.0
2026-07-09 12:10:00+09:00,89700.0,89800.0,89000.0,89400.0,4182.0
2026-07-09 12:15:00+09:00,89400.0,89700.0,89000.0,89100.0,4210.0
2026-07-09 12:20:00+09:00,89300.0,90100.0,89100.0,90100.0,4388.0
2026-07-09 12:25:00+09:00,89800.0,90900.0,89800.0,90700.0,3583.0
2026-07-09 12:30:00+09:00,90700.0,91600.0,90600.0,91000.0,3076.0
2026-07-09 12:35:00+09:00,91000.0,91500.0,90900.0,91000.0,3056.0
2026-07-09 12:40:00+09:00,91100.0,91400.0,90800.0,91200.0,2644.0
2026-07-09 12:45:00+09:00,91200.0,91600.0,91000.0,91300.0,2684.0
2026-07-09 12:50:00+09:00,91400.0,91900.0,91000.0,91600.0,3407.0
2026-07-09 12:55:00+09:00,91600.0,92000.0,91300.0,91400.0,2366.0
2026-07-09 13:00:00+09:00,91350.0,91900.0,91200.0,91400.0,3401.0
2026-07-09 13:05:00+09:00,91400.0,91800.0,90900.0,91500.0,2636.0
2026-07-09 13:10:00+09:00,91400.0,91600.0,91000.0,91400.0,4601.0
2026-07-09 13:15:00+09:00,91100.0,91400.0,90800.0,90900.0,2247.0
2026-07-09 13:20:00+09:00,90900.0,91100.0,90500.0,90700.0,2337.0
2026-07-09 13:25:00+09:00,90700.0,90900.0,90100.0,90600.0,3660.0
2026-07-09 13:30:00+09:00,90600.0,91700.0,90500.0,91200.0,5066.0
2026-07-09 13:35:00+09:00,91300.0,91600.0,91100.0,91100.0,2700.0
2026-07-09 13:40:00+09:00,91200.0,91300.0,90600.0,90800.0,2515.0
2026-07-09 13:45:00+09:00,90800.0,91000.0,90400.0,90500.0,2903.0
2026-07-09 13:50:00+09:00,90500.0,91200.0,90500.0,90900.0,2440.0
2026-07-09 13:55:00+09:00,90900.0,91000.0,90500.0,90700.0,2393.0
2026-07-09 14:00:00+09:00,90700.0,91200.0,90400.0,90500.0,3165.0
2026-07-09 14:05:00+09:00,90500.0,90800.0,90200.0,90400.0,2676.0
2026-07-09 14:10:00+09:00,90400.0,91900.0,90300.0,91300.0,3514.0
2026-07-09 14:15:00+09:00,91300.0,91400.0,90400.0,90600.0,3004.0
2026-07-09 14:20:00+09:00,90600.0,90800.0,90000.0,90500.0,2494.0
2026-07-09 14:25:00+09:00,90400.0,90700.0,90200.0,90500.0,2376.0
2026-07-09 14:30:00+09:00,90600.0,90600.0,90000.0,90500.0,2673.0
2026-07-09 14:35:00+09:00,90600.0,91100.0,90000.0,90800.0,3257.0
2026-07-09 14:40:00+09:00,90700.0,91000.0,90500.0,90900.0,2505.0
2026-07-09 14:45:00+09:00,90900.0,91200.0,90700.0,91200.0,3486.0
2026-07-09 14:50:00+09:00,91200.0,91900.0,91000.0,91600.0,5536.0
2026-07-09 14:55:00+09:00,91500.0,92300.0,91500.0,91800.0,8042.0
2026-07-10 09:00:00+09:00,94000.0,97200.0,93300.0,96900.0,17327.0
2026-07-10 09:05:00+09:00,96900.0,99700.0,96600.0,99100.0,14241.0
2026-07-10 09:10:00+09:00,99100.0,100600.0,98900.0,99800.0,14074.0
2026-07-10 09:15:00+09:00,99800.0,100100.0,98600.0,99900.0,12115.0
2026-07-10 09:20:00+09:00,100100.0,100300.0,98900.0,100200.0,8767.0
2026-07-10 09:25:00+09:00,100300.0,104100.0,100100.0,102700.0,26450.0
2026-07-10 09:30:00+09:00,102700.0,103500.0,101200.0,101800.0,16539.0
2026-07-10 09:35:00+09:00,101700.0,103900.0,101500.0,103000.0,11198.0
2026-07-10 09:40:00+09:00,102900.0,103200.0,102400.0,102800.0,6396.0
2026-07-10 09:45:00+09:00,102800.0,103600.0,102600.0,102700.0,6202.0
2026-07-10 09:50:00+09:00,102700.0,103300.0,102500.0,102900.0,7659.0
2026-07-10 09:55:00+09:00,102500.0,102600.0,101100.0,101100.0,7760.0
2026-07-10 10:00:00+09:00,101100.0,101300.0,99700.0,100000.0,10128.0
2026-07-10 10:05:00+09:00,100300.0,100900.0,100000.0,100000.0,5493.0
2026-07-10 10:10:00+09:00,100000.0,100600.0,99300.0,99900.0,6098.0
2026-07-10 10:15:00+09:00,100000.0,101400.0,99900.0,100500.0,5692.0
2026-07-10 10:20:00+09:00,100500.0,100800.0,100100.0,100200.0,2941.0
2026-07-10 10:25:00+09:00,100200.0,100700.0,100000.0,100700.0,3371.0
2026-07-10 10:30:00+09:00,100600.0,101500.0,100400.0,101400.0,5448.0
2026-07-10 10:35:00+09:00,101400.0,102400.0,101300.0,102300.0,5189.0
2026-07-10 10:40:00+09:00,102300.0,102600.0,102100.0,102200.0,3124.0
2026-07-10 10:45:00+09:00,102200.0,102750.0,101900.0,102600.0,3787.0
2026-07-10 10:50:00+09:00,102600.0,102600.0,101600.0,101900.0,4278.0
2026-07-10 10:55:00+09:00,101800.0,102400.0,101600.0,101700.0,3421.0
2026-07-10 11:00:00+09:00,101700.0,102100.0,101300.0,101700.0,4113.0
2026-07-10 11:05:00+09:00,101600.0,101800.0,101300.0,101600.0,2990.0
2026-07-10 11:10:00+09:00,101600.0,101800.0,100700.0,101000.0,4577.0
2026-07-10 11:15:00+09:00,101000.0,101400.0,100700.0,101100.0,2610.0
2026-07-10 11:20:00+09:00,101000.0,101300.0,100500.0,101200.0,3112.0
2026-07-10 11:25:00+09:00,101100.0,101600.0,100900.0,101400.0,2787.0
2026-07-10 11:30:00+09:00,101200.0,101600.0,101200.0,101400.0,1520.0
2026-07-10 11:35:00+09:00,101400.0,101600.0,101100.0,101300.0,2318.0
2026-07-10 11:40:00+09:00,101300.0,101700.0,101100.0,101300.0,1687.0
2026-07-10 11:45:00+09:00,101200.0,101600.0,101100.0,101300.0,1668.0
2026-07-10 11:50:00+09:00,101400.0,101500.0,101100.0,101100.0,2692.0
2026-07-10 11:55:00+09:00,101100.0,101400.0,101000.0,101400.0,1400.0
2026-07-10 12:00:00+09:00,101300.0,101500.0,101000.0,101400.0,1032.0
2026-07-10 12:05:00+09:00,101400.0,101500.0,101100.0,101200.0,1253.0
2026-07-10 12:10:00+09:00,101200.0,101400.0,100700.0,100900.0,1955.0
2026-07-10 12:15:00+09:00,100800.0,101200.0,100700.0,101000.0,1475.0
2026-07-10 12:20:00+09:00,100900.0,101100.0,100700.0,100800.0,1428.0
2026-07-10 12:25:00+09:00,100700.0,101000.0,100600.0,100600.0,1572.0
2026-07-10 12:30:00+09:00,100600.0,100900.0,100500.0,100600.0,1580.0
2026-07-10 12:35:00+09:00,100600.0,100800.0,100300.0,100700.0,1938.0
2026-07-10 12:40:00+09:00,100600.0,101000.0,100500.0,100500.0,2120.0
2026-07-10 12:45:00+09:00,100500.0,100600.0,100100.0,100200.0,2139.0
2026-07-10 12:50:00+09:00,100200.0,100600.0,100100.0,100200.0,1314.0
2026-07-10 12:55:00+09:00,100200.0,100400.0,100100.0,100300.0,1278.0
2026-07-10 13:00:00+09:00,100400.0,101100.0,100400.0,101100.0,2004.0
2026-07-10 13:05:00+09:00,101000.0,101300.0,100400.0,100500.0,2610.0
2026-07-10 13:10:00+09:00,100800.0,101100.0,100600.0,101000.0,1636.0
2026-07-10 13:15:00+09:00,100900.0,101100.0,100600.0,100900.0,3335.0
2026-07-10 13:20:00+09:00,100900.0,101000.0,100400.0,100700.0,1658.0
2026-07-10 13:25:00+09:00,100700.0,100800.0,100300.0,100400.0,1338.0
2026-07-10 13:30:00+09:00,100600.0,100600.0,100200.0,100300.0,1462.0
2026-07-10 13:35:00+09:00,100300.0,100500.0,100100.0,100200.0,1712.0
2026-07-10 13:40:00+09:00,100300.0,100700.0,100200.0,100300.0,1355.0
2026-07-10 13:45:00+09:00,100300.0,100400.0,100200.0,100200.0,1428.0
2026-07-10 13:50:00+09:00,100200.0,100300.0,99700.0,99800.0,4480.0
2026-07-10 13:55:00+09:00,99800.0,100300.0,99700.0,100200.0,3056.0
2026-07-10 14:00:00+09:00,100200.0,100500.0,100000.0,100100.0,1972.0
2026-07-10 14:05:00+09:00,100100.0,100400.0,99800.0,100000.0,1882.0
2026-07-10 14:10:00+09:00,99800.0,100400.0,99800.0,100200.0,2383.0
2026-07-10 14:15:00+09:00,100200.0,100400.0,100000.0,100300.0,1644.0
2026-07-10 14:20:00+09:00,100300.0,100700.0,100300.0,100500.0,2368.0
2026-07-10 14:25:00+09:00,100500.0,100600.0,100100.0,100100.0,1952.0
2026-07-10 14:30:00+09:00,100100.0,100600.0,99900.0,100500.0,2718.0
2026-07-10 14:35:00+09:00,100500.0,100600.0,100100.0,100400.0,1947.0
2026-07-10 14:40:00+09:00,100400.0,100500.0,100100.0,100100.0,2085.0
2026-07-10 14:45:00+09:00,100100.0,102900.0,100000.0,102500.0,8839.0
2026-07-10 14:50:00+09:00,102000.0,102500.0,101800.0,102400.0,6584.0
2026-07-10 14:55:00+09:00,102400.0,102700.0,101900.0,101900.0,5534.0
2026-07-13 09:00:00+09:00,103100.0,104500.0,100500.0,103600.0,0.0
2026-07-13 09:05:00+09:00,103400.0,105900.0,103000.0,105900.0,8120.0
2026-07-13 09:10:00+09:00,105900.0,108100.0,105900.0,107700.0,17322.0
2026-07-13 09:15:00+09:00,107700.0,108700.0,107000.0,107100.0,12222.0
2026-07-13 09:20:00+09:00,107100.0,107900.0,106800.0,107300.0,6893.0
2026-07-13 09:25:00+09:00,107200.0,107600.0,106900.0,107000.0,4643.0
2026-07-13 09:30:00+09:00,107100.0,109200.0,105500.0,106100.0,17426.0
2026-07-13 09:35:00+09:00,106100.0,109300.0,106100.0,108500.0,8912.0
2026-07-13 09:40:00+09:00,108500.0,109500.0,108000.0,109100.0,8938.0
2026-07-13 09:45:00+09:00,109100.0,110500.0,109100.0,109500.0,24123.0
2026-07-13 09:50:00+09:00,109400.0,110000.0,108800.0,109000.0,9666.0
2026-07-13 09:55:00+09:00,108900.0,109200.0,107700.0,107700.0,10995.0
2026-07-13 10:00:00+09:00,107700.0,108700.0,107300.0,107300.0,7214.0
2026-07-13 10:05:00+09:00,107300.0,107800.0,107100.0,107400.0,6121.0
2026-07-13 10:10:00+09:00,107400.0,108100.0,107100.0,107300.0,5156.0
2026-07-13 10:15:00+09:00,107200.0,107900.0,106500.0,106600.0,5291.0
2026-07-13 10:20:00+09:00,106500.0,106600.0,105100.0,105500.0,6412.0
2026-07-13 10:25:00+09:00,105300.0,105700.0,105100.0,105600.0,3758.0
2026-07-13 10:30:00+09:00,105400.0,106200.0,105200.0,105600.0,4203.0
2026-07-13 10:35:00+09:00,105600.0,107500.0,105400.0,106400.0,5849.0
2026-07-13 10:40:00+09:00,106600.0,106900.0,105400.0,105600.0,2845.0
2026-07-13 10:45:00+09:00,105600.0,105600.0,104300.0,104600.0,3503.0
2026-07-13 10:50:00+09:00,104500.0,104500.0,103800.0,104100.0,2529.0
2026-07-13 10:55:00+09:00,104100.0,104200.0,103300.0,103400.0,6457.0
2026-07-13 11:00:00+09:00,103500.0,103700.0,102800.0,102900.0,3171.0
2026-07-13 11:05:00+09:00,103100.0,103600.0,103000.0,103500.0,3075.0
2026-07-13 11:10:00+09:00,103500.0,104600.0,103400.0,103800.0,3068.0
2026-07-13 11:15:00+09:00,103900.0,104400.0,103800.0,104100.0,2050.0
2026-07-13 11:20:00+09:00,104100.0,104800.0,103800.0,104700.0,2772.0
2026-07-13 11:25:00+09:00,104800.0,105200.0,104600.0,105000.0,4078.0
2026-07-13 11:30:00+09:00,105200.0,105200.0,103800.0,103800.0,1636.0
2026-07-13 11:35:00+09:00,104000.0,104200.0,103700.0,103900.0,1692.0
2026-07-13 11:40:00+09:00,103900.0,104100.0,103600.0,103700.0,1000.0
2026-07-13 11:45:00+09:00,103700.0,103700.0,102900.0,103200.0,2586.0
2026-07-13 11:50:00+09:00,103200.0,103400.0,102700.0,102800.0,1863.0
2026-07-13 11:55:00+09:00,102900.0,103100.0,102700.0,102700.0,2369.0
2026-07-13 12:00:00+09:00,102800.0,102800.0,102000.0,102000.0,2055.0
2026-07-13 12:05:00+09:00,102000.0,102100.0,101600.0,101700.0,1968.0
2026-07-13 12:10:00+09:00,101700.0,102000.0,101100.0,101800.0,6565.0
2026-07-13 12:15:00+09:00,101800.0,102200.0,101700.0,102200.0,1043.0
2026-07-13 12:20:00+09:00,102400.0,102900.0,102000.0,102000.0,1582.0
2026-07-13 12:25:00+09:00,102000.0,102700.0,102000.0,102600.0,1631.0
2026-07-13 12:30:00+09:00,102500.0,102500.0,102000.0,102000.0,1436.0
2026-07-13 12:35:00+09:00,102000.0,102400.0,101500.0,102400.0,2788.0
2026-07-13 12:40:00+09:00,102500.0,102900.0,102100.0,102100.0,2877.0
2026-07-13 12:45:00+09:00,102100.0,102300.0,101600.0,102300.0,3801.0
2026-07-13 12:50:00+09:00,102300.0,102400.0,101500.0,101800.0,3459.0
2026-07-13 12:55:00+09:00,101700.0,101900.0,101600.0,101800.0,1302.0
2026-07-13 13:00:00+09:00,101900.0,101900.0,101100.0,101100.0,4746.0
2026-07-13 13:05:00+09:00,101200.0,101300.0,101000.0,101000.0,1691.0
2026-07-13 13:10:00+09:00,101100.0,101100.0,100300.0,100400.0,4895.0
2026-07-13 13:15:00+09:00,100500.0,100800.0,100400.0,100800.0,2269.0
2026-07-13 13:20:00+09:00,100700.0,101000.0,100500.0,100600.0,2786.0
2026-07-13 13:25:00+09:00,100500.0,100500.0,100000.0,100100.0,5422.0
2026-07-13 13:55:00+09:00,100200.0,101200.0,100000.0,100800.0,9605.0
2026-07-13 14:00:00+09:00,100800.0,101600.0,100300.0,101000.0,7504.0
2026-07-13 14:05:00+09:00,101000.0,102900.0,100900.0,102600.0,5483.0
2026-07-13 14:10:00+09:00,102500.0,103000.0,102000.0,102800.0,4274.0
2026-07-13 14:15:00+09:00,102800.0,102900.0,101800.0,102200.0,6316.0
2026-07-13 14:20:00+09:00,102200.0,102400.0,100900.0,101000.0,6013.0
2026-07-13 14:25:00+09:00,101000.0,101200.0,100800.0,101100.0,3704.0
2026-07-13 14:30:00+09:00,101100.0,102100.0,100600.0,102100.0,4932.0
2026-07-13 14:35:00+09:00,102200.0,103500.0,102100.0,102600.0,7183.0
2026-07-13 14:40:00+09:00,102500.0,103400.0,102400.0,103000.0,4579.0
2026-07-13 14:45:00+09:00,103100.0,103100.0,101900.0,102100.0,4872.0
2026-07-13 14:50:00+09:00,102200.0,102900.0,101600.0,101700.0,6228.0
2026-07-13 14:55:00+09:00,101700.0,102400.0,101300.0,102400.0,7065.0
2026-07-14 09:00:00+09:00,103800.0,103800.0,96500.0,97600.0,31378.0
2026-07-14 09:05:00+09:00,97600.0,97700.0,94200.0,94500.0,24424.0
2026-07-14 09:10:00+09:00,94500.0,95900.0,93900.0,94500.0,28505.0
2026-07-14 09:15:00+09:00,94600.0,94700.0,92600.0,92700.0,21208.0
2026-07-14 09:20:00+09:00,92800.0,93000.0,91900.0,92500.0,19785.0
2026-07-14 09:25:00+09:00,92300.0,92600.0,91000.0,92000.0,19925.0
2026-07-14 09:30:00+09:00,92100.0,94000.0,92000.0,93300.0,11979.0
2026-07-14 09:35:00+09:00,93300.0,94400.0,93000.0,93500.0,7035.0
2026-07-14 09:40:00+09:00,93500.0,93900.0,92600.0,92600.0,5704.0
2026-07-14 09:45:00+09:00,92600.0,93800.0,92300.0,93600.0,5398.0
2026-07-14 09:50:00+09:00,93600.0,94700.0,93500.0,94600.0,4786.0
2026-07-14 09:55:00+09:00,94700.0,95300.0,94600.0,94700.0,4843.0
2026-07-14 10:00:00+09:00,94800.0,95100.0,94600.0,94700.0,3911.0
2026-07-14 10:05:00+09:00,94600.0,94700.0,93100.0,93600.0,6282.0
2026-07-14 10:10:00+09:00,93600.0,93600.0,93100.0,93300.0,2787.0
2026-07-14 10:15:00+09:00,93300.0,93700.0,93000.0,93500.0,4112.0
2026-07-14 10:20:00+09:00,93500.0,93600.0,93000.0,93500.0,3283.0
2026-07-14 10:25:00+09:00,93300.0,94300.0,93100.0,93200.0,4659.0
2026-07-14 10:30:00+09:00,93100.0,93400.0,92200.0,92300.0,8816.0
2026-07-14 10:35:00+09:00,92300.0,92500.0,91700.0,91800.0,5532.0
2026-07-14 10:40:00+09:00,91900.0,92300.0,91600.0,92200.0,3830.0
2026-07-14 10:45:00+09:00,92200.0,92300.0,91500.0,91700.0,4034.0
2026-07-14 10:50:00+09:00,91600.0,91700.0,91100.0,91200.0,7587.0
2026-07-14 10:55:00+09:00,91100.0,91200.0,90400.0,90500.0,9486.0
2026-07-14 11:00:00+09:00,90600.0,91000.0,90500.0,90800.0,6055.0
2026-07-14 11:05:00+09:00,90800.0,91700.0,90700.0,91400.0,4340.0
2026-07-14 11:10:00+09:00,91500.0,91500.0,90500.0,90700.0,4386.0
2026-07-14 11:15:00+09:00,90700.0,91000.0,90500.0,90700.0,3395.0
2026-07-14 11:20:00+09:00,90700.0,91000.0,90300.0,90300.0,4151.0
2026-07-14 11:25:00+09:00,90300.0,90600.0,90100.0,90600.0,6532.0
2026-07-14 11:30:00+09:00,90300.0,90800.0,89900.0,89900.0,7866.0
2026-07-14 11:35:00+09:00,89900.0,91400.0,89800.0,91300.0,6796.0
2026-07-14 11:40:00+09:00,91300.0,92200.0,91200.0,91900.0,5857.0
2026-07-14 11:45:00+09:00,91900.0,92000.0,91400.0,91900.0,2652.0
2026-07-14 11:50:00+09:00,91900.0,92000.0,90800.0,91200.0,3943.0
2026-07-14 11:55:00+09:00,91000.0,91300.0,90800.0,90900.0,2307.0
2026-07-14 12:00:00+09:00,91000.0,91000.0,90100.0,90400.0,3705.0
2026-07-14 12:05:00+09:00,90400.0,90400.0,90000.0,90100.0,2568.0
2026-07-14 12:10:00+09:00,90100.0,90100.0,89600.0,89600.0,4453.0
2026-07-14 12:15:00+09:00,89600.0,89700.0,89100.0,89100.0,5893.0
2026-07-14 12:20:00+09:00,89100.0,89200.0,88700.0,88900.0,5764.0
2026-07-14 12:25:00+09:00,88900.0,90200.0,88900.0,90100.0,3757.0
2026-07-14 12:30:00+09:00,90100.0,91100.0,89900.0,90500.0,7046.0
2026-07-14 12:35:00+09:00,90500.0,90600.0,90200.0,90500.0,3001.0
2026-07-14 12:40:00+09:00,90500.0,91500.0,90200.0,90900.0,4492.0
2026-07-14 12:45:00+09:00,90900.0,91500.0,90600.0,91000.0,3947.0
2026-07-14 12:50:00+09:00,91000.0,91300.0,90700.0,90900.0,2885.0
2026-07-14 12:55:00+09:00,91000.0,91100.0,90300.0,90700.0,4664.0
2026-07-14 13:00:00+09:00,90700.0,91200.0,90400.0,90500.0,2849.0
2026-07-14 13:05:00+09:00,90600.0,90700.0,90000.0,90000.0,3433.0
2026-07-14 13:10:00+09:00,90000.0,90100.0,89500.0,89700.0,5400.0
2026-07-14 13:15:00+09:00,89700.0,89900.0,89300.0,89400.0,3382.0
2026-07-14 13:20:00+09:00,89300.0,90100.0,89100.0,89700.0,4705.0
2026-07-14 13:25:00+09:00,89800.0,90500.0,89700.0,90300.0,3494.0
2026-07-14 13:30:00+09:00,90300.0,90300.0,89800.0,90000.0,4595.0
2026-07-14 13:35:00+09:00,90400.0,90700.0,90000.0,90600.0,3970.0
2026-07-14 13:40:00+09:00,90600.0,90700.0,90100.0,90300.0,4894.0
2026-07-14 13:45:00+09:00,90300.0,90700.0,90100.0,90500.0,3311.0
2026-07-14 13:50:00+09:00,90500.0,90800.0,90400.0,90800.0,3787.0
2026-07-14 13:55:00+09:00,90700.0,91100.0,90500.0,90800.0,4514.0
2026-07-14 14:00:00+09:00,90800.0,91000.0,90400.0,90800.0,4437.0
2026-07-14 14:05:00+09:00,90700.0,91200.0,90600.0,91200.0,3457.0
2026-07-14 14:10:00+09:00,91200.0,91400.0,90900.0,91200.0,4027.0
2026-07-14 14:15:00+09:00,91300.0,91600.0,91000.0,91500.0,5111.0
2026-07-14 14:20:00+09:00,91500.0,91800.0,91300.0,91400.0,4586.0
2026-07-14 14:25:00+09:00,91400.0,92100.0,91300.0,91800.0,5747.0
2026-07-14 14:30:00+09:00,92000.0,92300.0,91800.0,92000.0,5381.0
2026-07-14 14:35:00+09:00,92100.0,92200.0,91500.0,91700.0,6208.0
2026-07-14 14:40:00+09:00,91600.0,91600.0,91000.0,91400.0,5563.0
2026-07-14 14:45:00+09:00,91500.0,91600.0,91100.0,91200.0,3985.0
2026-07-14 14:50:00+09:00,91200.0,91300.0,90600.0,90700.0,6865.0
2026-07-14 14:55:00+09:00,90800.0,91100.0,90600.0,90800.0,5247.0
2026-07-15 09:00:00+09:00,93600.0,95500.0,93000.0,95500.0,10554.0
2026-07-15 09:05:00+09:00,95400.0,95400.0,93300.0,95200.0,5203.0
2026-07-15 09:10:00+09:00,95200.0,96950.0,95000.0,96600.0,17757.0
2026-07-15 09:15:00+09:00,96600.0,96700.0,95300.0,95300.0,6544.0
2026-07-15 09:20:00+09:00,95300.0,96300.0,95200.0,95300.0,6242.0
2026-07-15 09:25:00+09:00,95300.0,95800.0,94900.0,95000.0,6561.0
2026-07-15 09:30:00+09:00,94900.0,95400.0,94600.0,95200.0,4191.0
2026-07-15 09:35:00+09:00,95200.0,95300.0,94200.0,94500.0,4217.0
2026-07-15 09:40:00+09:00,94500.0,94750.0,93800.0,93850.0,4294.0
2026-07-15 09:45:00+09:00,93850.0,94300.0,93500.0,94300.0,3086.0
2026-07-15 09:50:00+09:00,94200.0,94200.0,93600.0,93600.0,3967.0
2026-07-15 09:55:00+09:00,93600.0,94000.0,93600.0,93700.0,2773.0
2026-07-15 10:00:00+09:00,93800.0,93800.0,92500.0,93000.0,9613.0
2026-07-15 10:05:00+09:00,93000.0,93100.0,92400.0,92400.0,4579.0
2026-07-15 10:10:00+09:00,92400.0,92900.0,92200.0,92700.0,3690.0
2026-07-15 10:15:00+09:00,92800.0,93100.0,92600.0,93000.0,4142.0
2026-07-15 10:20:00+09:00,93000.0,93200.0,92800.0,92800.0,3287.0
2026-07-15 10:25:00+09:00,92900.0,93600.0,92700.0,93500.0,3655.0
2026-07-15 10:30:00+09:00,93500.0,93700.0,93300.0,93300.0,3405.0
2026-07-15 10:35:00+09:00,93400.0,93400.0,93000.0,93200.0,2299.0
2026-07-15 10:40:00+09:00,93300.0,93300.0,92200.0,92300.0,4209.0
2026-07-15 10:45:00+09:00,92300.0,92900.0,92200.0,92900.0,3459.0
2026-07-15 10:50:00+09:00,92800.0,93300.0,92800.0,93300.0,3410.0
2026-07-15 10:55:00+09:00,93200.0,94500.0,93200.0,94500.0,4698.0
2026-07-15 11:00:00+09:00,94450.0,94900.0,94300.0,94800.0,4637.0
2026-07-15 11:05:00+09:00,94700.0,94800.0,94300.0,94400.0,2751.0
2026-07-15 11:10:00+09:00,94400.0,94600.0,94100.0,94150.0,3924.0
2026-07-15 11:15:00+09:00,94200.0,94200.0,93800.0,93900.0,2212.0
2026-07-15 11:20:00+09:00,93900.0,93900.0,93400.0,93400.0,2344.0
2026-07-15 11:25:00+09:00,93400.0,93700.0,93400.0,93600.0,2609.0
2026-07-15 11:30:00+09:00,93700.0,93900.0,93600.0,93800.0,1688.0
2026-07-15 11:35:00+09:00,93850.0,94000.0,93700.0,93800.0,2458.0
2026-07-15 11:40:00+09:00,93900.0,94000.0,93700.0,93800.0,2439.0
2026-07-15 11:45:00+09:00,93900.0,94000.0,93700.0,93700.0,1966.0
2026-07-15 11:50:00+09:00,93700.0,93700.0,93300.0,93600.0,2344.0
2026-07-15 11:55:00+09:00,93600.0,93600.0,93200.0,93200.0,1737.0
2026-07-15 12:00:00+09:00,93200.0,93600.0,93200.0,93450.0,2144.0
2026-07-15 12:05:00+09:00,93500.0,93500.0,93300.0,93400.0,1456.0
2026-07-15 12:10:00+09:00,93450.0,93500.0,93200.0,93200.0,1600.0
2026-07-15 12:15:00+09:00,93200.0,93400.0,93200.0,93400.0,1424.0
2026-07-15 12:20:00+09:00,93300.0,93700.0,93300.0,93700.0,1746.0
2026-07-15 12:25:00+09:00,93600.0,93900.0,93600.0,93600.0,2561.0
2026-07-15 12:30:00+09:00,93700.0,93900.0,93600.0,93700.0,1650.0
2026-07-15 12:35:00+09:00,93700.0,93850.0,93600.0,93700.0,1508.0
2026-07-15 12:40:00+09:00,93700.0,93900.0,93500.0,93600.0,1949.0
2026-07-15 12:45:00+09:00,93600.0,93600.0,93400.0,93500.0,2258.0
2026-07-15 12:50:00+09:00,93500.0,93700.0,93500.0,93600.0,1435.0
2026-07-15 12:55:00+09:00,93600.0,93700.0,93500.0,93600.0,2061.0
2026-07-15 13:00:00+09:00,93650.0,93900.0,93600.0,93800.0,1775.0
2026-07-15 13:05:00+09:00,93700.0,94100.0,93600.0,93700.0,3407.0
2026-07-15 13:10:00+09:00,93700.0,93900.0,93700.0,93700.0,1499.0
2026-07-15 13:15:00+09:00,93600.0,93600.0,93500.0,93550.0,1313.0
2026-07-15 13:20:00+09:00,93550.0,93600.0,93400.0,93400.0,2152.0
2026-07-15 13:25:00+09:00,93400.0,93700.0,93300.0,93450.0,2241.0
2026-07-15 13:30:00+09:00,93400.0,93600.0,93300.0,93400.0,2631.0
2026-07-15 13:35:00+09:00,93400.0,93700.0,93300.0,93500.0,2012.0
2026-07-15 13:40:00+09:00,93600.0,94000.0,93200.0,93700.0,4701.0
2026-07-15 13:45:00+09:00,93700.0,94200.0,93600.0,94000.0,3054.0
2026-07-15 13:50:00+09:00,94000.0,94300.0,94000.0,94000.0,1581.0
2026-07-15 13:55:00+09:00,94050.0,94400.0,93900.0,94300.0,2486.0
2026-07-15 14:00:00+09:00,94300.0,94700.0,94000.0,94200.0,3423.0
2026-07-15 14:05:00+09:00,94200.0,94700.0,93800.0,94600.0,4557.0
2026-07-15 14:10:00+09:00,94600.0,94700.0,93900.0,93900.0,2398.0
2026-07-15 14:15:00+09:00,94000.0,94900.0,93950.0,94750.0,3155.0
2026-07-15 14:20:00+09:00,94750.0,94750.0,94100.0,94200.0,2102.0
2026-07-15 14:25:00+09:00,94200.0,94200.0,93700.0,93700.0,2335.0
2026-07-15 14:30:00+09:00,93700.0,93800.0,93300.0,93500.0,3434.0
2026-07-15 14:35:00+09:00,93550.0,94250.0,93500.0,94200.0,2749.0
2026-07-15 14:40:00+09:00,94200.0,94400.0,94000.0,94400.0,2954.0
2026-07-15 14:45:00+09:00,94400.0,95750.0,94350.0,95300.0,6215.0
2026-07-15 14:50:00+09:00,95400.0,95700.0,94600.0,95600.0,5486.0
2026-07-15 14:55:00+09:00,95600.0,96000.0,95600.0,95950.0,4779.0
2026-07-16 09:00:00+09:00,94200.0,96700.0,93300.0,96000.0,12249.0
2026-07-16 09:05:00+09:00,96000.0,96100.0,93300.0,94300.0,10883.0
2026-07-16 09:10:00+09:00,94300.0,96500.0,94100.0,96400.0,5972.0
2026-07-16 09:15:00+09:00,96400.0,96750.0,93900.0,93900.0,8192.0
2026-07-16 09:20:00+09:00,93900.0,95000.0,93600.0,94400.0,2880.0
2026-07-16 09:25:00+09:00,94500.0,94900.0,94000.0,94400.0,2709.0
2026-07-16 09:30:00+09:00,94500.0,95000.0,94000.0,94900.0,3018.0
2026-07-16 09:35:00+09:00,94900.0,95400.0,94600.0,94700.0,2928.0
2026-07-16 09:40:00+09:00,94600.0,94600.0,94100.0,94200.0,1407.0
2026-07-16 09:45:00+09:00,94200.0,94400.0,93800.0,94100.0,2229.0
2026-07-16 09:50:00+09:00,94100.0,95100.0,93700.0,94500.0,3108.0
2026-07-16 09:55:00+09:00,94400.0,94400.0,93800.0,93900.0,1842.0
2026-07-16 10:00:00+09:00,93900.0,94500.0,93900.0,94100.0,3070.0
2026-07-16 10:05:00+09:00,94100.0,94200.0,93300.0,93500.0,2943.0
2026-07-16 10:10:00+09:00,93500.0,93800.0,92800.0,93100.0,4104.0
2026-07-16 10:15:00+09:00,93100.0,93300.0,93000.0,93000.0,2630.0
2026-07-16 10:20:00+09:00,93100.0,93300.0,92400.0,92500.0,4526.0
2026-07-16 10:25:00+09:00,92500.0,93400.0,92200.0,93000.0,4731.0
2026-07-16 10:30:00+09:00,93000.0,93700.0,92600.0,92700.0,3079.0
2026-07-16 10:35:00+09:00,92800.0,93800.0,92800.0,93300.0,3158.0
2026-07-16 10:40:00+09:00,93400.0,93700.0,92500.0,92600.0,2953.0
2026-07-16 10:45:00+09:00,92600.0,93200.0,92400.0,92900.0,6887.0
2026-07-16 10:50:00+09:00,92900.0,93000.0,92600.0,92600.0,2226.0
2026-07-16 10:55:00+09:00,92600.0,92700.0,91500.0,91500.0,5002.0
2026-07-16 11:00:00+09:00,91500.0,91900.0,91100.0,91200.0,3509.0
2026-07-16 11:05:00+09:00,91200.0,91500.0,91000.0,91200.0,2857.0
2026-07-16 11:10:00+09:00,91200.0,91300.0,90900.0,91300.0,3705.0
2026-07-16 11:15:00+09:00,91200.0,91300.0,90800.0,91100.0,2692.0
2026-07-16 11:20:00+09:00,91200.0,91800.0,91100.0,91800.0,3166.0
2026-07-16 11:25:00+09:00,91700.0,92300.0,91700.0,92200.0,1717.0
2026-07-16 11:30:00+09:00,92100.0,92300.0,91900.0,92000.0,1283.0
2026-07-16 11:35:00+09:00,92000.0,92500.0,92000.0,92200.0,1658.0
2026-07-16 11:40:00+09:00,92300.0,92600.0,92200.0,92200.0,876.0
2026-07-16 11:45:00+09:00,92200.0,93400.0,92200.0,93300.0,1810.0
2026-07-16 11:50:00+09:00,93200.0,93200.0,92700.0,92900.0,1551.0
2026-07-16 11:55:00+09:00,93000.0,93300.0,92800.0,93100.0,1748.0
2026-07-16 12:00:00+09:00,93100.0,93100.0,92300.0,92400.0,1367.0
2026-07-16 12:05:00+09:00,92400.0,93400.0,92400.0,93200.0,1510.0
2026-07-16 12:10:00+09:00,93200.0,93300.0,92800.0,92900.0,1424.0
2026-07-16 12:15:00+09:00,92900.0,93000.0,92500.0,92500.0,1544.0
2026-07-16 12:20:00+09:00,92600.0,92800.0,92300.0,92400.0,1433.0
2026-07-16 12:25:00+09:00,92400.0,92800.0,92100.0,92200.0,1448.0
2026-07-16 12:30:00+09:00,92200.0,92800.0,92200.0,92700.0,1661.0
2026-07-16 12:35:00+09:00,92800.0,92900.0,92400.0,92500.0,1496.0
2026-07-16 12:40:00+09:00,92500.0,92800.0,92400.0,92500.0,1063.0
2026-07-16 12:45:00+09:00,92600.0,92800.0,91800.0,91800.0,2245.0
2026-07-16 12:50:00+09:00,91800.0,92500.0,91800.0,92400.0,1865.0
2026-07-16 12:55:00+09:00,92400.0,92700.0,92200.0,92500.0,1619.0
2026-07-16 13:00:00+09:00,92600.0,92600.0,92000.0,92100.0,2211.0
2026-07-16 13:05:00+09:00,92200.0,92400.0,92000.0,92100.0,3031.0
2026-07-16 13:10:00+09:00,92100.0,93000.0,92100.0,92600.0,2019.0
2026-07-16 13:15:00+09:00,92700.0,92900.0,92100.0,92200.0,2374.0
2026-07-16 13:20:00+09:00,92200.0,92400.0,92000.0,92200.0,2064.0
2026-07-16 13:25:00+09:00,92200.0,92500.0,92000.0,92200.0,2280.0
2026-07-16 13:30:00+09:00,92300.0,92500.0,92000.0,92100.0,1968.0
2026-07-16 13:35:00+09:00,92100.0,92500.0,92100.0,92400.0,2002.0
2026-07-16 13:40:00+09:00,92200.0,92500.0,92200.0,92300.0,1800.0
2026-07-16 13:45:00+09:00,92300.0,92400.0,92000.0,92200.0,1933.0
2026-07-16 13:50:00+09:00,92200.0,92400.0,92000.0,92200.0,2136.0
2026-07-16 13:55:00+09:00,92200.0,92300.0,92000.0,92100.0,1745.0
2026-07-16 14:00:00+09:00,92100.0,92500.0,92100.0,92300.0,2740.0
2026-07-16 14:05:00+09:00,92300.0,92500.0,92000.0,92000.0,2266.0
2026-07-16 14:10:00+09:00,92100.0,93500.0,92000.0,93300.0,4376.0
2026-07-16 14:15:00+09:00,93400.0,93800.0,93300.0,93700.0,3258.0
2026-07-16 14:20:00+09:00,93700.0,94000.0,93400.0,93400.0,2841.0
2026-07-16 14:25:00+09:00,93400.0,94100.0,93400.0,93500.0,2962.0
2026-07-16 14:30:00+09:00,93400.0,93700.0,93100.0,93300.0,1582.0
2026-07-16 14:35:00+09:00,95100.0,95100.0,92000.0,92100.0,3881.0
2026-07-16 14:40:00+09:00,92000.0,92400.0,91800.0,92000.0,3367.0
2026-07-16 14:45:00+09:00,92000.0,92100.0,91700.0,91900.0,3867.0
2026-07-16 14:50:00+09:00,91900.0,91900.0,91600.0,91600.0,4605.0
2026-07-16 14:55:00+09:00,91800.0,92200.0,91600.0,91800.0,5340.0
2026-07-20 09:00:00+09:00,89900.0,89900.0,86300.0,86400.0,0.0
2026-07-20 09:05:00+09:00,86500.0,88100.0,86300.0,87500.0,9248.0
2026-07-20 09:10:00+09:00,87500.0,88100.0,86400.0,87000.0,11669.0
2026-07-20 09:15:00+09:00,87200.0,87300.0,86100.0,86200.0,9482.0
2026-07-20 09:20:00+09:00,86300.0,86600.0,85800.0,86000.0,14246.0
2026-07-20 09:25:00+09:00,85900.0,86600.0,85800.0,86200.0,17208.0
2026-07-20 09:30:00+09:00,86300.0,86400.0,85500.0,85800.0,14381.0
2026-07-20 09:35:00+09:00,85800.0,86900.0,85700.0,86500.0,15101.0
2026-07-20 09:40:00+09:00,86400.0,86700.0,86100.0,86200.0,15435.0
2026-07-20 09:45:00+09:00,86100.0,87000.0,85600.0,86700.0,7089.0
2026-07-20 09:50:00+09:00,86700.0,86800.0,86100.0,86200.0,2097.0
2026-07-20 09:55:00+09:00,86100.0,86400.0,85700.0,85700.0,3073.0
2026-07-20 10:00:00+09:00,85700.0,86500.0,85700.0,86400.0,2147.0
2026-07-20 10:05:00+09:00,86400.0,87000.0,86400.0,86800.0,4668.0
2026-07-20 10:10:00+09:00,86800.0,87000.0,86000.0,86000.0,2334.0
2026-07-20 10:15:00+09:00,86000.0,86500.0,86000.0,86400.0,1438.0
2026-07-20 10:20:00+09:00,86300.0,86700.0,86200.0,86600.0,3096.0
2026-07-20 10:25:00+09:00,86600.0,86700.0,85700.0,85800.0,2311.0
2026-07-20 10:30:00+09:00,85800.0,85900.0,85500.0,85600.0,2100.0
2026-07-20 10:35:00+09:00,85600.0,86100.0,85500.0,85900.0,2985.0
2026-07-20 10:40:00+09:00,85900.0,86000.0,85500.0,85700.0,1653.0
2026-07-20 10:45:00+09:00,85700.0,85700.0,85100.0,85200.0,4635.0
2026-07-20 10:50:00+09:00,85100.0,85200.0,83700.0,84800.0,9830.0
2026-07-20 10:55:00+09:00,84600.0,85100.0,84600.0,85000.0,3389.0
2026-07-20 11:00:00+09:00,85000.0,86400.0,84800.0,86100.0,5102.0
2026-07-20 11:05:00+09:00,86100.0,86200.0,85800.0,86100.0,1833.0
2026-07-20 11:10:00+09:00,86100.0,86300.0,85100.0,85200.0,1621.0
2026-07-20 11:15:00+09:00,85200.0,85300.0,84700.0,84800.0,2536.0
2026-07-20 11:20:00+09:00,84800.0,84800.0,84400.0,84500.0,3226.0
2026-07-20 11:25:00+09:00,84500.0,84800.0,84000.0,84000.0,4878.0
2026-07-20 11:30:00+09:00,84100.0,85400.0,84000.0,85200.0,6059.0
2026-07-20 11:35:00+09:00,85200.0,85200.0,84600.0,84700.0,1822.0
2026-07-20 11:40:00+09:00,84700.0,85400.0,84600.0,85300.0,1890.0
2026-07-20 11:45:00+09:00,85200.0,85700.0,85200.0,85600.0,1220.0
2026-07-20 11:50:00+09:00,85600.0,85600.0,85200.0,85400.0,1006.0
2026-07-20 11:55:00+09:00,85300.0,85400.0,85000.0,85300.0,3252.0
2026-07-20 12:00:00+09:00,85400.0,85500.0,84900.0,84950.0,968.0
2026-07-20 12:05:00+09:00,84900.0,84950.0,84600.0,84600.0,743.0
2026-07-20 12:10:00+09:00,84700.0,85100.0,84700.0,84900.0,1023.0
2026-07-20 12:15:00+09:00,84800.0,85100.0,84500.0,84500.0,613.0
2026-07-20 12:20:00+09:00,84500.0,84700.0,84400.0,84700.0,1393.0
2026-07-20 12:25:00+09:00,84700.0,84700.0,84300.0,84300.0,1949.0
2026-07-20 12:30:00+09:00,84300.0,84600.0,84300.0,84300.0,937.0
2026-07-20 12:35:00+09:00,84500.0,84600.0,84300.0,84600.0,904.0
2026-07-20 12:40:00+09:00,84600.0,84600.0,84200.0,84500.0,1538.0
2026-07-20 12:45:00+09:00,84500.0,84500.0,84200.0,84300.0,1079.0
2026-07-20 12:50:00+09:00,84300.0,85000.0,84300.0,84900.0,1763.0
2026-07-20 12:55:00+09:00,84900.0,85200.0,84200.0,84300.0,2627.0
2026-07-20 13:00:00+09:00,84300.0,84800.0,84300.0,84600.0,769.0
2026-07-20 13:05:00+09:00,84600.0,84700.0,84300.0,84300.0,905.0
2026-07-20 13:10:00+09:00,84400.0,84500.0,84200.0,84300.0,1437.0
2026-07-20 13:15:00+09:00,84200.0,84300.0,84000.0,84200.0,2503.0
2026-07-20 13:20:00+09:00,84200.0,84500.0,84100.0,84300.0,1754.0
2026-07-20 13:25:00+09:00,84300.0,84700.0,84100.0,84700.0,1843.0
2026-07-20 13:30:00+09:00,84700.0,85300.0,84600.0,85100.0,3933.0
2026-07-20 13:35:00+09:00,85100.0,85200.0,84800.0,85100.0,1025.0
2026-07-20 13:40:00+09:00,85100.0,85400.0,85100.0,85300.0,1064.0
2026-07-20 13:45:00+09:00,85300.0,85500.0,85200.0,85500.0,1029.0
2026-07-20 13:50:00+09:00,85500.0,85500.0,84700.0,84800.0,4342.0
2026-07-20 13:55:00+09:00,84800.0,84900.0,84400.0,84400.0,1605.0
2026-07-20 14:00:00+09:00,84400.0,84600.0,84200.0,84200.0,2038.0
2026-07-20 14:05:00+09:00,84300.0,84300.0,83800.0,83900.0,6046.0
2026-07-20 14:10:00+09:00,83900.0,84000.0,83500.0,83900.0,5442.0
2026-07-20 14:15:00+09:00,83900.0,84100.0,83800.0,84000.0,2591.0
2026-07-20 14:20:00+09:00,84000.0,84000.0,83500.0,83500.0,3657.0
2026-07-20 14:25:00+09:00,83700.0,84000.0,83600.0,83700.0,3477.0
2026-07-20 14:30:00+09:00,83800.0,83900.0,83500.0,83500.0,3395.0
2026-07-20 14:35:00+09:00,83600.0,83800.0,83500.0,83600.0,3173.0
2026-07-20 14:40:00+09:00,83500.0,83700.0,83400.0,83700.0,5895.0
2026-07-20 14:45:00+09:00,83700.0,83800.0,83300.0,83300.0,7924.0
2026-07-20 14:50:00+09:00,83400.0,83600.0,83300.0,83400.0,2845.0
2026-07-20 14:55:00+09:00,83500.0,84300.0,83300.0,83600.0,4358.0
2026-07-21 09:00:00+09:00,83300.0,85800.0,83100.0,83300.0,14313.0
2026-07-21 09:05:00+09:00,83300.0,83600.0,81700.0,81800.0,7618.0
2026-07-21 09:10:00+09:00,81800.0,82500.0,81600.0,82200.0,5381.0
2026-07-21 09:15:00+09:00,82200.0,83200.0,81600.0,83100.0,3708.0
2026-07-21 09:20:00+09:00,83000.0,83100.0,82200.0,82500.0,4256.0
2026-07-21 09:25:00+09:00,82500.0,82800.0,82000.0,82400.0,2471.0
2026-07-21 09:30:00+09:00,82300.0,82700.0,81800.0,82100.0,2615.0
2026-07-21 09:35:00+09:00,82100.0,82500.0,82000.0,82400.0,2631.0
2026-07-21 09:40:00+09:00,82500.0,82800.0,82100.0,82500.0,2470.0
2026-07-21 09:45:00+09:00,82500.0,83100.0,82100.0,82700.0,2933.0
2026-07-21 09:50:00+09:00,82700.0,82800.0,82100.0,82300.0,2921.0
2026-07-21 09:55:00+09:00,82300.0,82500.0,81700.0,81900.0,2779.0
2026-07-21 10:00:00+09:00,81800.0,82700.0,81600.0,82700.0,3284.0
2026-07-21 10:05:00+09:00,82600.0,83400.0,82300.0,83300.0,3343.0
2026-07-21 10:10:00+09:00,83300.0,83600.0,83200.0,83200.0,2602.0
2026-07-21 10:15:00+09:00,83200.0,83400.0,82600.0,82800.0,2906.0
2026-07-21 10:20:00+09:00,82900.0,83000.0,82600.0,82800.0,2368.0
2026-07-21 10:25:00+09:00,82900.0,83100.0,82600.0,82900.0,2247.0
2026-07-21 10:30:00+09:00,83000.0,83400.0,82900.0,83100.0,2415.0
2026-07-21 10:35:00+09:00,83100.0,83200.0,82200.0,82300.0,4497.0
2026-07-21 10:40:00+09:00,82200.0,82400.0,82050.0,82100.0,3358.0
2026-07-21 10:45:00+09:00,82100.0,82500.0,81900.0,82300.0,2536.0
2026-07-21 10:50:00+09:00,82300.0,82400.0,81700.0,82000.0,2882.0
2026-07-21 10:55:00+09:00,82000.0,82000.0,81200.0,81400.0,3639.0
2026-07-21 11:00:00+09:00,81400.0,82100.0,81200.0,81900.0,5574.0
2026-07-21 11:05:00+09:00,81900.0,82300.0,81500.0,81600.0,3697.0
2026-07-21 11:10:00+09:00,81600.0,81700.0,81200.0,81600.0,1921.0
2026-07-21 11:15:00+09:00,81600.0,81600.0,81200.0,81200.0,1463.0
2026-07-21 11:20:00+09:00,81200.0,81600.0,81200.0,81400.0,1735.0
2026-07-21 11:25:00+09:00,81500.0,81600.0,81000.0,81100.0,2562.0
2026-07-21 11:30:00+09:00,81000.0,81600.0,81000.0,81600.0,1988.0
2026-07-21 11:35:00+09:00,81500.0,82000.0,81500.0,81900.0,1907.0
2026-07-21 11:40:00+09:00,81900.0,81900.0,81700.0,81800.0,1782.0
2026-07-21 11:45:00+09:00,81800.0,82200.0,81700.0,82000.0,3241.0
2026-07-21 11:50:00+09:00,82000.0,82400.0,81800.0,81900.0,1843.0
2026-07-21 11:55:00+09:00,81900.0,82300.0,81900.0,82300.0,696.0
2026-07-21 12:00:00+09:00,82200.0,82800.0,82200.0,82700.0,2807.0
2026-07-21 12:05:00+09:00,82600.0,83000.0,82600.0,83000.0,1549.0
2026-07-21 12:10:00+09:00,82900.0,83600.0,82900.0,83500.0,3802.0
2026-07-21 12:15:00+09:00,83500.0,83800.0,83300.0,83600.0,2195.0
2026-07-21 12:20:00+09:00,83600.0,83600.0,83000.0,83100.0,1925.0
2026-07-21 12:25:00+09:00,83000.0,83200.0,82800.0,83000.0,2125.0
2026-07-21 12:30:00+09:00,83000.0,83100.0,82700.0,82800.0,1256.0
2026-07-21 12:35:00+09:00,82800.0,82900.0,82700.0,82900.0,2461.0
2026-07-21 12:40:00+09:00,82850.0,83200.0,82800.0,82900.0,2312.0
2026-07-21 12:45:00+09:00,82900.0,83700.0,82800.0,83500.0,3662.0
2026-07-21 12:50:00+09:00,83400.0,83700.0,83300.0,83700.0,1313.0
2026-07-21 12:55:00+09:00,83600.0,83800.0,83500.0,83700.0,1687.0
2026-07-21 13:00:00+09:00,83700.0,83700.0,83450.0,83500.0,1017.0
2026-07-21 13:05:00+09:00,83500.0,83500.0,83300.0,83400.0,597.0
2026-07-21 13:10:00+09:00,83400.0,83500.0,83200.0,83300.0,1901.0
2026-07-21 13:15:00+09:00,83300.0,83700.0,83300.0,83600.0,2031.0
2026-07-21 13:20:00+09:00,83700.0,83700.0,83400.0,83500.0,1341.0
2026-07-21 13:25:00+09:00,83400.0,83700.0,83400.0,83500.0,1585.0
2026-07-21 13:30:00+09:00,83500.0,83600.0,83400.0,83500.0,1022.0
2026-07-21 13:35:00+09:00,83500.0,83600.0,83300.0,83300.0,1081.0
2026-07-21 13:40:00+09:00,83400.0,83600.0,83100.0,83200.0,3401.0
2026-07-21 13:45:00+09:00,83300.0,83500.0,83100.0,83400.0,2008.0
2026-07-21 13:50:00+09:00,83300.0,83400.0,82800.0,83200.0,3563.0
2026-07-21 13:55:00+09:00,83100.0,83200.0,82900.0,83000.0,2592.0
2026-07-21 14:00:00+09:00,83000.0,83000.0,82900.0,82900.0,1383.0
2026-07-21 14:05:00+09:00,82800.0,83000.0,82700.0,82900.0,1707.0
2026-07-21 14:10:00+09:00,82900.0,82900.0,82500.0,82500.0,3308.0
2026-07-21 14:15:00+09:00,82500.0,82500.0,82100.0,82150.0,2972.0
2026-07-21 14:20:00+09:00,82100.0,82600.0,82100.0,82400.0,3720.0
2026-07-21 14:25:00+09:00,82400.0,82900.0,82400.0,82700.0,2917.0
2026-07-21 14:30:00+09:00,82700.0,82800.0,82300.0,82500.0,1277.0
2026-07-21 14:35:00+09:00,82500.0,82900.0,82500.0,82700.0,2532.0
2026-07-21 14:40:00+09:00,82700.0,83100.0,82700.0,83100.0,2886.0
2026-07-21 14:45:00+09:00,83100.0,83500.0,83000.0,83300.0,3736.0
2026-07-21 14:50:00+09:00,83400.0,83500.0,83100.0,83100.0,2709.0
2026-07-21 14:55:00+09:00,83100.0,83200.0,83000.0,83100.0,1874.0
2026-07-22 09:00:00+09:00,85400.0,86400.0,84600.0,85100.0,11216.0
2026-07-22 09:05:00+09:00,85200.0,85500.0,84600.0,85500.0,6736.0
2026-07-22 09:10:00+09:00,85500.0,86400.0,85100.0,85300.0,7671.0
2026-07-22 09:15:00+09:00,85300.0,85900.0,85000.0,85100.0,6870.0
2026-07-22 09:20:00+09:00,85000.0,85600.0,84800.0,84800.0,3688.0
2026-07-22 09:25:00+09:00,84800.0,85700.0,84800.0,85600.0,4685.0
2026-07-22 09:30:00+09:00,85600.0,86000.0,85000.0,85200.0,5272.0
2026-07-22 09:35:00+09:00,85200.0,85400.0,84600.0,85000.0,4598.0
2026-07-22 09:40:00+09:00,85000.0,85300.0,84800.0,85100.0,1804.0
2026-07-22 09:45:00+09:00,85000.0,85000.0,84300.0,84800.0,2756.0
2026-07-22 09:50:00+09:00,84800.0,85100.0,84300.0,84600.0,3213.0
2026-07-22 09:55:00+09:00,84600.0,85700.0,84400.0,85400.0,4153.0
2026-07-22 10:00:00+09:00,85700.0,85800.0,85200.0,85800.0,3680.0
2026-07-22 10:05:00+09:00,85800.0,86300.0,85800.0,86000.0,5264.0
2026-07-22 10:10:00+09:00,86000.0,86000.0,85700.0,85800.0,1989.0
2026-07-22 10:15:00+09:00,85800.0,86200.0,85800.0,85900.0,2635.0
2026-07-22 10:20:00+09:00,85900.0,86000.0,85700.0,85700.0,2103.0
2026-07-22 10:25:00+09:00,85800.0,85900.0,85400.0,85500.0,2370.0
2026-07-22 10:30:00+09:00,85500.0,85800.0,85300.0,85300.0,2035.0
2026-07-22 10:35:00+09:00,85200.0,85700.0,85200.0,85500.0,1475.0
2026-07-22 10:40:00+09:00,85500.0,85800.0,85300.0,85700.0,2286.0
2026-07-22 10:45:00+09:00,85700.0,86500.0,85600.0,86200.0,5454.0
2026-07-22 10:50:00+09:00,86300.0,86500.0,86100.0,86400.0,1954.0
2026-07-22 10:55:00+09:00,86500.0,86800.0,86400.0,86400.0,3242.0
2026-07-22 11:00:00+09:00,86400.0,87000.0,86100.0,86500.0,8020.0
2026-07-22 11:05:00+09:00,86600.0,87000.0,86100.0,86400.0,3935.0
2026-07-22 11:10:00+09:00,86200.0,86500.0,85800.0,86000.0,3114.0
2026-07-22 11:15:00+09:00,86000.0,86200.0,85800.0,85900.0,2758.0
2026-07-22 11:20:00+09:00,86000.0,86200.0,85800.0,86000.0,2292.0
2026-07-22 11:25:00+09:00,85900.0,86100.0,85700.0,85900.0,2181.0
2026-07-22 11:30:00+09:00,86000.0,86000.0,85400.0,85400.0,3630.0
2026-07-22 11:35:00+09:00,85400.0,85600.0,85100.0,85200.0,3619.0
2026-07-22 11:40:00+09:00,85100.0,85400.0,85100.0,85100.0,2729.0
2026-07-22 11:45:00+09:00,85200.0,85400.0,84900.0,85100.0,4090.0
2026-07-22 11:50:00+09:00,85200.0,85700.0,85100.0,85300.0,3062.0
2026-07-22 11:55:00+09:00,85400.0,85600.0,84800.0,85200.0,3884.0
2026-07-22 12:00:00+09:00,85000.0,85100.0,84600.0,85000.0,3224.0
2026-07-22 12:05:00+09:00,84700.0,85000.0,84600.0,84600.0,3209.0
2026-07-22 12:10:00+09:00,84600.0,84600.0,84300.0,84300.0,3242.0
2026-07-22 12:15:00+09:00,84500.0,85000.0,84300.0,84900.0,3848.0
2026-07-22 12:20:00+09:00,84900.0,85100.0,84600.0,85000.0,3005.0
2026-07-22 12:25:00+09:00,84900.0,85500.0,84900.0,85500.0,3356.0
2026-07-22 12:30:00+09:00,85500.0,85500.0,84700.0,84700.0,4351.0
2026-07-22 12:35:00+09:00,84700.0,85000.0,84700.0,84700.0,4530.0
2026-07-22 12:40:00+09:00,84700.0,85100.0,84600.0,85100.0,3863.0
2026-07-22 12:45:00+09:00,85100.0,85400.0,84900.0,85200.0,4101.0
2026-07-22 12:50:00+09:00,85200.0,85400.0,84800.0,84800.0,3264.0
2026-07-22 12:55:00+09:00,84900.0,85300.0,84900.0,85200.0,5832.0
2026-07-22 13:00:00+09:00,85200.0,85500.0,85000.0,85200.0,3371.0
2026-07-22 13:05:00+09:00,85300.0,85700.0,85200.0,85500.0,3599.0
2026-07-22 13:10:00+09:00,85500.0,85600.0,85200.0,85300.0,3319.0
2026-07-22 13:15:00+09:00,85300.0,85600.0,85100.0,85300.0,4279.0
2026-07-22 13:20:00+09:00,85300.0,85500.0,85200.0,85300.0,3881.0
2026-07-22 13:25:00+09:00,85300.0,85700.0,85200.0,85700.0,4691.0
2026-07-22 13:30:00+09:00,85500.0,85600.0,85300.0,85400.0,3313.0
2026-07-22 13:35:00+09:00,85400.0,85500.0,85000.0,85100.0,4003.0
2026-07-22 13:40:00+09:00,85100.0,85300.0,85000.0,85000.0,3354.0
2026-07-22 13:45:00+09:00,85000.0,85100.0,84600.0,84700.0,3599.0
2026-07-22 13:50:00+09:00,84700.0,84900.0,84500.0,84500.0,3567.0
2026-07-22 13:55:00+09:00,84500.0,84800.0,84250.0,84700.0,3964.0
2026-07-22 14:00:00+09:00,84700.0,84800.0,84200.0,84300.0,4114.0
2026-07-22 14:05:00+09:00,84200.0,84400.0,84000.0,84200.0,4387.0
2026-07-22 14:10:00+09:00,84100.0,84200.0,83800.0,83900.0,4799.0
2026-07-22 14:15:00+09:00,83900.0,84300.0,83800.0,84000.0,5788.0
2026-07-22 14:20:00+09:00,84000.0,84000.0,83600.0,83800.0,6116.0
2026-07-22 14:25:00+09:00,83800.0,84100.0,83600.0,83900.0,4285.0
2026-07-22 14:30:00+09:00,83700.0,84100.0,83700.0,84000.0,5527.0
2026-07-22 14:35:00+09:00,84000.0,84100.0,83600.0,83800.0,4031.0
2026-07-22 14:40:00+09:00,83700.0,83800.0,83200.0,83200.0,4536.0
2026-07-22 14:45:00+09:00,83300.0,83500.0,83100.0,83400.0,5994.0
2026-07-22 14:50:00+09:00,83400.0,83900.0,83300.0,83400.0,4699.0
2026-07-22 14:55:00+09:00,83400.0,83900.0,83400.0,83900.0,4054.0
2026-07-23 09:00:00+09:00,80700.0,83200.0,80500.0,82000.0,26258.0
2026-07-23 09:05:00+09:00,82000.0,83400.0,81900.0,83300.0,11278.0
2026-07-23 09:10:00+09:00,83300.0,83700.0,83000.0,83200.0,6701.0
2026-07-23 09:15:00+09:00,83200.0,84700.0,83200.0,84700.0,5147.0
2026-07-23 09:20:00+09:00,84700.0,85200.0,84500.0,85100.0,6848.0
2026-07-23 09:25:00+09:00,85000.0,85900.0,84800.0,85800.0,6971.0
2026-07-23 09:30:00+09:00,85800.0,86100.0,85400.0,86000.0,7751.0
2026-07-23 09:35:00+09:00,86000.0,87800.0,86000.0,87800.0,11343.0
2026-07-23 09:40:00+09:00,87800.0,87900.0,86800.0,87100.0,7950.0
2026-07-23 09:45:00+09:00,87200.0,87400.0,86700.0,86800.0,3707.0
2026-07-23 09:50:00+09:00,86750.0,86750.0,85900.0,86200.0,3535.0
2026-07-23 09:55:00+09:00,86200.0,86500.0,85900.0,86000.0,2547.0
2026-07-23 10:00:00+09:00,85900.0,86000.0,85500.0,85600.0,2921.0
2026-07-23 10:05:00+09:00,85500.0,86000.0,85200.0,85800.0,2406.0
2026-07-23 10:10:00+09:00,85800.0,86000.0,85600.0,85700.0,1966.0
2026-07-23 10:15:00+09:00,85750.0,85800.0,85200.0,85550.0,2693.0
2026-07-23 10:20:00+09:00,85500.0,85500.0,85100.0,85300.0,2594.0
2026-07-23 10:25:00+09:00,85400.0,85500.0,85000.0,85300.0,1586.0
2026-07-23 10:30:00+09:00,85300.0,85700.0,85000.0,85600.0,2270.0
2026-07-23 10:35:00+09:00,85600.0,85900.0,85500.0,85500.0,1597.0
2026-07-23 10:40:00+09:00,85500.0,85500.0,84900.0,85000.0,1921.0
2026-07-23 10:45:00+09:00,84900.0,85000.0,84200.0,84250.0,3475.0
2026-07-23 10:50:00+09:00,84200.0,85300.0,84200.0,85200.0,4603.0
2026-07-23 10:55:00+09:00,85200.0,85500.0,84700.0,84700.0,2044.0
2026-07-23 11:00:00+09:00,84700.0,85200.0,84500.0,85100.0,2706.0
2026-07-23 11:05:00+09:00,85100.0,85300.0,84800.0,84800.0,1687.0
2026-07-23 11:10:00+09:00,84800.0,84800.0,84200.0,84300.0,2522.0
2026-07-23 11:15:00+09:00,84300.0,84700.0,84200.0,84500.0,2586.0
2026-07-23 11:20:00+09:00,84600.0,84600.0,84100.0,84200.0,2039.0
2026-07-23 11:25:00+09:00,84200.0,84200.0,83600.0,84000.0,8600.0
2026-07-23 11:30:00+09:00,83900.0,84700.0,83900.0,84600.0,2016.0
2026-07-23 11:35:00+09:00,84600.0,84700.0,84000.0,84100.0,1108.0
2026-07-23 11:40:00+09:00,84050.0,84500.0,83900.0,84400.0,1902.0
2026-07-23 11:45:00+09:00,84400.0,84900.0,84300.0,84800.0,1924.0
2026-07-23 11:50:00+09:00,84800.0,85100.0,84500.0,85100.0,1630.0
2026-07-23 11:55:00+09:00,85100.0,85200.0,84900.0,85200.0,1069.0
2026-07-23 12:00:00+09:00,85200.0,85200.0,84800.0,84900.0,1103.0
2026-07-23 12:05:00+09:00,84900.0,85200.0,84900.0,85100.0,785.0
2026-07-23 12:10:00+09:00,85100.0,85300.0,84900.0,85300.0,691.0
2026-07-23 12:15:00+09:00,85300.0,85400.0,85100.0,85400.0,389.0
2026-07-23 12:20:00+09:00,85400.0,85500.0,85300.0,85300.0,726.0
2026-07-23 12:25:00+09:00,85300.0,85700.0,85300.0,85600.0,838.0
2026-07-23 12:30:00+09:00,85600.0,85800.0,85400.0,85600.0,1468.0
2026-07-23 12:35:00+09:00,85500.0,85700.0,85400.0,85600.0,821.0
2026-07-23 12:40:00+09:00,85600.0,86100.0,85600.0,86100.0,3664.0
2026-07-23 12:45:00+09:00,86100.0,86100.0,85900.0,86100.0,907.0
2026-07-23 12:50:00+09:00,86100.0,86300.0,86100.0,86200.0,1496.0
2026-07-23 12:55:00+09:00,86200.0,86200.0,86000.0,86000.0,722.0
2026-07-23 13:00:00+09:00,86100.0,86400.0,85900.0,86300.0,1659.0
2026-07-23 13:05:00+09:00,86300.0,86500.0,86100.0,86400.0,2226.0
2026-07-23 13:10:00+09:00,86400.0,86500.0,86200.0,86500.0,1056.0
2026-07-23 13:15:00+09:00,86400.0,86600.0,86400.0,86400.0,1254.0
2026-07-23 13:20:00+09:00,86500.0,86500.0,86400.0,86500.0,588.0
2026-07-23 13:25:00+09:00,86500.0,86800.0,86400.0,86600.0,2165.0
2026-07-23 13:30:00+09:00,86600.0,86800.0,86300.0,86700.0,1720.0
2026-07-23 13:35:00+09:00,86700.0,86900.0,86400.0,86600.0,1878.0
2026-07-23 13:40:00+09:00,86600.0,86700.0,86300.0,86400.0,1794.0
2026-07-23 13:45:00+09:00,86400.0,86700.0,86300.0,86700.0,1841.0
2026-07-23 13:50:00+09:00,86600.0,86700.0,86300.0,86500.0,3343.0
2026-07-23 13:55:00+09:00,86500.0,86600.0,86100.0,86500.0,3199.0
2026-07-23 14:00:00+09:00,86500.0,86500.0,86200.0,86300.0,2161.0
2026-07-23 14:05:00+09:00,86200.0,86400.0,86000.0,86100.0,1850.0
2026-07-23 14:10:00+09:00,86100.0,86900.0,85900.0,86800.0,6096.0
2026-07-23 14:15:00+09:00,86800.0,86900.0,86500.0,86800.0,3242.0
2026-07-23 14:20:00+09:00,86900.0,87300.0,86800.0,87100.0,4187.0
2026-07-23 14:25:00+09:00,87200.0,87600.0,87200.0,87500.0,5146.0
2026-07-23 14:30:00+09:00,87500.0,88200.0,87500.0,88200.0,6284.0
2026-07-23 14:35:00+09:00,88200.0,88300.0,87700.0,87900.0,3243.0
2026-07-23 14:40:00+09:00,87900.0,88700.0,87900.0,88700.0,4631.0
2026-07-23 14:45:00+09:00,88900.0,89300.0,88400.0,88600.0,8447.0
2026-07-23 14:50:00+09:00,88600.0,88900.0,88400.0,88700.0,3909.0
2026-07-23 14:55:00+09:00,88700.0,89500.0,88600.0,89500.0,7539.0
2026-07-24 09:00:00+09:00,86200.0,86400.0,84600.0,84600.0,12664.0
2026-07-24 09:05:00+09:00,84600.0,84800.0,84300.0,84500.0,6559.0
2026-07-24 09:10:00+09:00,84500.0,84700.0,83800.0,84400.0,6052.0
2026-07-24 09:15:00+09:00,84400.0,84900.0,84000.0,84300.0,2831.0
2026-07-24 09:20:00+09:00,84300.0,84900.0,83900.0,84800.0,3869.0
2026-07-24 09:25:00+09:00,84700.0,84900.0,84300.0,84400.0,2382.0
2026-07-24 09:30:00+09:00,84400.0,84400.0,83800.0,83800.0,4259.0
2026-07-24 09:35:00+09:00,83700.0,84100.0,83700.0,84100.0,2402.0
2026-07-24 09:40:00+09:00,84100.0,84400.0,84000.0,84400.0,4147.0
2026-07-24 09:45:00+09:00,84400.0,84900.0,84100.0,84300.0,2037.0
2026-07-24 09:50:00+09:00,84300.0,84600.0,84100.0,84300.0,2477.0
2026-07-24 09:55:00+09:00,84200.0,84600.0,84000.0,84600.0,2503.0
2026-07-24 10:00:00+09:00,84600.0,84900.0,84300.0,84700.0,3018.0
2026-07-24 10:05:00+09:00,84900.0,84900.0,84300.0,84300.0,3616.0
2026-07-24 10:10:00+09:00,84500.0,84500.0,83900.0,84000.0,3451.0
2026-07-24 10:15:00+09:00,84000.0,84200.0,83800.0,83900.0,3939.0
2026-07-24 10:20:00+09:00,83900.0,83900.0,83500.0,83600.0,5272.0
2026-07-24 10:25:00+09:00,83500.0,84200.0,83500.0,83900.0,3278.0
2026-07-24 10:30:00+09:00,83800.0,84200.0,83500.0,84000.0,3264.0
2026-07-24 10:35:00+09:00,84100.0,84200.0,83600.0,83700.0,1630.0
2026-07-24 10:40:00+09:00,83700.0,84100.0,83400.0,83900.0,4376.0
2026-07-24 10:45:00+09:00,83900.0,83900.0,83300.0,83400.0,4027.0
2026-07-24 10:50:00+09:00,83300.0,83400.0,83200.0,83300.0,2745.0
2026-07-24 10:55:00+09:00,83200.0,83300.0,83100.0,83300.0,1740.0
2026-07-24 11:00:00+09:00,83300.0,83300.0,82800.0,82800.0,8502.0
2026-07-24 11:05:00+09:00,82800.0,83100.0,82600.0,82900.0,3910.0
2026-07-24 11:10:00+09:00,83000.0,83400.0,82900.0,83000.0,1683.0
2026-07-24 11:15:00+09:00,83000.0,83000.0,82500.0,82500.0,2484.0
2026-07-24 11:20:00+09:00,82600.0,82600.0,82100.0,82300.0,3353.0
2026-07-24 11:25:00+09:00,82300.0,82400.0,81900.0,82000.0,2611.0
2026-07-24 11:30:00+09:00,82000.0,82100.0,81800.0,81800.0,2170.0
2026-07-24 11:35:00+09:00,81900.0,81900.0,81500.0,81600.0,2421.0
2026-07-24 11:40:00+09:00,81600.0,81700.0,81200.0,81400.0,2969.0
2026-07-24 11:45:00+09:00,81400.0,81400.0,81100.0,81200.0,4068.0
2026-07-24 11:50:00+09:00,81200.0,81300.0,80800.0,80900.0,3919.0
2026-07-24 11:55:00+09:00,80900.0,81400.0,80900.0,80900.0,3791.0
2026-07-24 12:00:00+09:00,81000.0,81400.0,80800.0,81300.0,2291.0
2026-07-24 12:05:00+09:00,81400.0,81600.0,81000.0,81200.0,2213.0
2026-07-24 12:10:00+09:00,81200.0,81400.0,80900.0,81300.0,2239.0
2026-07-24 12:15:00+09:00,81200.0,81700.0,81100.0,81300.0,3173.0
2026-07-24 12:20:00+09:00,81200.0,81800.0,81100.0,81800.0,2055.0
2026-07-24 12:25:00+09:00,81700.0,82300.0,81600.0,82100.0,2183.0
2026-07-24 12:30:00+09:00,82100.0,82200.0,81700.0,81900.0,2269.0
2026-07-24 12:35:00+09:00,81900.0,82200.0,81600.0,82000.0,1810.0
2026-07-24 12:40:00+09:00,82000.0,82100.0,81700.0,81900.0,1345.0
2026-07-24 12:45:00+09:00,81800.0,82100.0,81700.0,82000.0,1411.0
2026-07-24 12:50:00+09:00,81900.0,82000.0,81600.0,81800.0,1650.0
2026-07-24 12:55:00+09:00,81700.0,82200.0,81600.0,81800.0,2295.0
2026-07-24 13:00:00+09:00,81800.0,81900.0,81400.0,81600.0,3870.0
2026-07-24 13:05:00+09:00,81700.0,82500.0,81300.0,82500.0,2399.0
2026-07-24 13:10:00+09:00,82500.0,82500.0,82000.0,82100.0,1098.0
2026-07-24 13:15:00+09:00,82100.0,82700.0,82100.0,82700.0,1465.0
2026-07-24 13:20:00+09:00,82600.0,83300.0,82500.0,83200.0,1969.0
2026-07-24 13:25:00+09:00,83100.0,83600.0,83000.0,83400.0,1475.0
2026-07-24 13:30:00+09:00,83400.0,83500.0,83000.0,83200.0,1259.0
2026-07-24 13:35:00+09:00,83200.0,83500.0,83000.0,83300.0,1210.0
2026-07-24 13:40:00+09:00,83200.0,83300.0,82800.0,83000.0,1653.0
2026-07-24 13:45:00+09:00,83100.0,83200.0,82500.0,82800.0,1066.0
2026-07-24 13:50:00+09:00,82700.0,83500.0,82700.0,83200.0,2306.0
2026-07-24 13:55:00+09:00,83200.0,83500.0,82900.0,83200.0,2434.0
2026-07-24 14:00:00+09:00,83200.0,83300.0,82700.0,83100.0,1306.0
2026-07-24 14:05:00+09:00,83100.0,83700.0,83100.0,83400.0,1847.0
2026-07-24 14:10:00+09:00,83400.0,83600.0,83300.0,83600.0,1497.0
2026-07-24 14:15:00+09:00,83500.0,83700.0,82800.0,83200.0,1620.0
2026-07-24 14:20:00+09:00,83200.0,83700.0,83200.0,83500.0,1475.0
2026-07-24 14:25:00+09:00,83400.0,83900.0,83300.0,83700.0,2296.0
2026-07-24 14:30:00+09:00,83700.0,83900.0,83400.0,83700.0,2195.0
2026-07-24 14:35:00+09:00,83600.0,83700.0,83400.0,83600.0,1917.0
2026-07-24 14:40:00+09:00,83600.0,83700.0,83200.0,83200.0,2390.0
2026-07-24 14:45:00+09:00,83100.0,83200.0,82800.0,82800.0,2315.0
2026-07-24 14:50:00+09:00,82700.0,82900.0,82400.0,82400.0,1905.0
2026-07-24 14:55:00+09:00,82400.0,82600.0,82300.0,82400.0,3068.0
2026-07-27 09:00:00+09:00,83600.0,83700.0,81700.0,82400.0,0.0
2026-07-27 09:05:00+09:00,82500.0,83300.0,81400.0,82000.0,6289.0
2026-07-27 09:10:00+09:00,82000.0,82500.0,81700.0,82500.0,3087.0
2026-07-27 09:15:00+09:00,82400.0,82900.0,82200.0,82300.0,3541.0
2026-07-27 09:20:00+09:00,82300.0,83600.0,82200.0,83500.0,3430.0
2026-07-27 09:25:00+09:00,83500.0,83600.0,83100.0,83300.0,2343.0
2026-07-27 09:30:00+09:00,83300.0,83600.0,83100.0,83200.0,2324.0
2026-07-27 09:35:00+09:00,83200.0,83700.0,83200.0,83600.0,1803.0
2026-07-27 09:40:00+09:00,83600.0,83700.0,83200.0,83200.0,2166.0
2026-07-27 09:45:00+09:00,83300.0,84000.0,83300.0,83900.0,3607.0
2026-07-27 09:50:00+09:00,83800.0,84000.0,83600.0,83600.0,1932.0
2026-07-27 09:55:00+09:00,83600.0,83600.0,83100.0,83200.0,2730.0
2026-07-27 10:00:00+09:00,83300.0,83500.0,82800.0,82900.0,2347.0
2026-07-27 10:05:00+09:00,82800.0,83300.0,82800.0,83000.0,1546.0
2026-07-27 10:10:00+09:00,83000.0,83100.0,81900.0,82100.0,3908.0
2026-07-27 10:15:00+09:00,82100.0,82500.0,81600.0,81700.0,2882.0
2026-07-27 10:20:00+09:00,81700.0,81900.0,81100.0,81300.0,2793.0
2026-07-27 10:25:00+09:00,81300.0,81400.0,80900.0,81100.0,2876.0
2026-07-27 10:30:00+09:00,81300.0,82600.0,81200.0,81800.0,4712.0
2026-07-27 10:35:00+09:00,81800.0,82500.0,81600.0,82300.0,3328.0
2026-07-27 10:40:00+09:00,82400.0,82600.0,81500.0,81700.0,1907.0
2026-07-27 10:45:00+09:00,81700.0,82000.0,81300.0,81700.0,3860.0
2026-07-27 10:50:00+09:00,81700.0,82000.0,81200.0,81200.0,2909.0
2026-07-27 10:55:00+09:00,81200.0,82400.0,81100.0,82100.0,2908.0
2026-07-27 11:00:00+09:00,82100.0,82300.0,81200.0,81300.0,2116.0
2026-07-27 11:05:00+09:00,81200.0,81700.0,81200.0,81700.0,835.0
2026-07-27 11:10:00+09:00,81600.0,82000.0,81400.0,81800.0,1001.0
2026-07-27 11:15:00+09:00,81700.0,82100.0,81500.0,81900.0,2697.0
2026-07-27 11:20:00+09:00,81900.0,82100.0,81600.0,82000.0,1383.0
2026-07-27 11:25:00+09:00,82000.0,82400.0,82000.0,82100.0,1278.0
2026-07-27 11:30:00+09:00,82100.0,82100.0,81500.0,81600.0,1690.0
2026-07-27 11:35:00+09:00,81600.0,82000.0,81500.0,82000.0,1074.0
2026-07-27 11:40:00+09:00,82000.0,82200.0,81700.0,81800.0,791.0
2026-07-27 11:45:00+09:00,81900.0,81900.0,81200.0,81300.0,1628.0
2026-07-27 11:50:00+09:00,81400.0,81400.0,81000.0,81300.0,3328.0
2026-07-27 11:55:00+09:00,81300.0,81400.0,81200.0,81300.0,786.0
2026-07-27 12:00:00+09:00,81300.0,81500.0,81100.0,81100.0,1668.0
2026-07-27 12:05:00+09:00,81200.0,81500.0,80900.0,80900.0,1245.0
2026-07-27 12:10:00+09:00,80900.0,81700.0,80900.0,81700.0,1514.0
2026-07-27 12:15:00+09:00,81700.0,81800.0,81600.0,81600.0,1070.0
2026-07-27 12:20:00+09:00,81700.0,81900.0,81600.0,81600.0,1905.0
2026-07-27 12:25:00+09:00,81600.0,81800.0,81300.0,81300.0,1261.0
2026-07-27 12:30:00+09:00,81400.0,81500.0,81000.0,81300.0,1745.0
2026-07-27 12:35:00+09:00,81300.0,81400.0,81000.0,81100.0,1318.0
2026-07-27 12:40:00+09:00,81100.0,81600.0,81000.0,81400.0,2504.0
2026-07-27 12:45:00+09:00,81300.0,81400.0,81000.0,81100.0,1948.0
2026-07-27 12:50:00+09:00,81100.0,81200.0,80900.0,81100.0,848.0
2026-07-27 12:55:00+09:00,81000.0,81500.0,80900.0,81200.0,2987.0
2026-07-27 13:00:00+09:00,81100.0,81400.0,81000.0,81200.0,2241.0
2026-07-27 13:05:00+09:00,81100.0,81400.0,81000.0,81200.0,2173.0
2026-07-27 13:10:00+09:00,81100.0,81400.0,81000.0,81300.0,704.0
2026-07-27 13:15:00+09:00,81300.0,81800.0,81200.0,81700.0,2786.0
2026-07-27 13:20:00+09:00,81700.0,82000.0,81400.0,81500.0,1912.0
2026-07-27 13:25:00+09:00,81500.0,81700.0,81200.0,81400.0,2294.0
2026-07-27 13:30:00+09:00,81400.0,81700.0,81200.0,81700.0,739.0
2026-07-27 13:35:00+09:00,81600.0,81800.0,81500.0,81500.0,1231.0
2026-07-27 13:40:00+09:00,81600.0,82000.0,81500.0,82000.0,1184.0
2026-07-27 13:45:00+09:00,81900.0,82100.0,81700.0,81800.0,673.0
2026-07-27 13:50:00+09:00,81700.0,81900.0,81600.0,81900.0,1144.0
2026-07-27 13:55:00+09:00,81800.0,81900.0,81400.0,81600.0,1367.0
2026-07-27 14:00:00+09:00,81400.0,81600.0,81300.0,81500.0,1330.0
2026-07-27 14:05:00+09:00,81500.0,81900.0,81400.0,81900.0,1354.0
2026-07-27 14:10:00+09:00,81900.0,82000.0,81500.0,81800.0,1624.0
2026-07-27 14:15:00+09:00,82000.0,82000.0,81700.0,82000.0,1707.0
2026-07-27 14:20:00+09:00,81900.0,82100.0,81700.0,81700.0,1311.0
2026-07-27 14:25:00+09:00,81700.0,81800.0,81600.0,81800.0,1005.0
2026-07-27 14:30:00+09:00,81800.0,81900.0,81600.0,81700.0,1756.0
2026-07-27 14:35:00+09:00,81700.0,81900.0,81500.0,81900.0,1645.0
2026-07-27 14:40:00+09:00,81900.0,82000.0,81500.0,81700.0,1994.0
2026-07-27 14:45:00+09:00,81600.0,81800.0,81400.0,81700.0,1931.0
2026-07-27 14:50:00+09:00,81800.0,81900.0,81600.0,81700.0,1531.0
2026-07-27 14:55:00+09:00,81700.0,81800.0,81400.0,81500.0,1703.0
2026-07-28 09:00:00+09:00,75700.0,77000.0,74500.0,76500.0,15943.0
2026-07-28 09:05:00+09:00,76600.0,76800.0,74600.0,74900.0,6593.0
2026-07-28 09:10:00+09:00,74900.0,75100.0,74100.0,74500.0,6630.0
2026-07-28 09:15:00+09:00,74600.0,74900.0,74400.0,74600.0,4016.0
2026-07-28 09:20:00+09:00,74600.0,75100.0,74100.0,74300.0,5437.0
2026-07-28 09:25:00+09:00,74400.0,74800.0,74100.0,74300.0,6530.0
2026-07-28 09:30:00+09:00,74400.0,74500.0,73600.0,73900.0,6506.0
2026-07-28 09:35:00+09:00,73900.0,74000.0,73600.0,73600.0,3829.0
2026-07-28 09:40:00+09:00,73600.0,74000.0,73500.0,73700.0,4493.0
2026-07-28 09:45:00+09:00,73700.0,73900.0,73300.0,73600.0,4480.0
2026-07-28 09:50:00+09:00,73500.0,73500.0,73200.0,73400.0,5422.0
2026-07-28 09:55:00+09:00,73500.0,73600.0,73300.0,73300.0,4681.0
2026-07-28 10:00:00+09:00,73400.0,74400.0,73400.0,74000.0,2901.0
2026-07-28 10:05:00+09:00,74000.0,74000.0,73500.0,73550.0,1399.0
2026-07-28 10:10:00+09:00,73550.0,73600.0,73300.0,73500.0,1415.0
2026-07-28 10:40:00+09:00,73400.0,73900.0,73400.0,73900.0,7414.0
2026-07-28 10:45:00+09:00,73800.0,73900.0,73100.0,73300.0,5554.0
2026-07-28 10:50:00+09:00,73300.0,73400.0,72500.0,72500.0,11438.0
2026-07-28 10:55:00+09:00,72500.0,73400.0,72400.0,73100.0,8599.0
2026-07-28 11:00:00+09:00,73100.0,73400.0,72700.0,72800.0,4966.0
2026-07-28 11:05:00+09:00,72700.0,73500.0,72700.0,73300.0,3813.0
2026-07-28 11:10:00+09:00,73200.0,73900.0,73100.0,73500.0,4593.0
2026-07-28 11:15:00+09:00,73600.0,73800.0,73200.0,73800.0,3835.0
2026-07-28 11:20:00+09:00,73700.0,74200.0,73700.0,74000.0,5342.0
2026-07-28 11:25:00+09:00,74000.0,74100.0,73200.0,73300.0,3878.0
2026-07-28 11:30:00+09:00,73300.0,73400.0,72800.0,72900.0,3097.0
2026-07-28 11:35:00+09:00,73000.0,73700.0,72800.0,73500.0,3491.0
2026-07-28 11:40:00+09:00,73400.0,73400.0,72900.0,73000.0,6068.0
2026-07-28 11:45:00+09:00,73050.0,73050.0,72500.0,72800.0,2782.0
2026-07-28 11:50:00+09:00,72700.0,72900.0,72300.0,72500.0,2748.0
2026-07-28 11:55:00+09:00,72500.0,72600.0,72200.0,72200.0,1485.0
2026-07-28 12:00:00+09:00,72300.0,72300.0,71700.0,71800.0,3650.0
2026-07-28 12:05:00+09:00,71800.0,72000.0,71300.0,71400.0,6121.0
2026-07-28 12:10:00+09:00,71400.0,71700.0,71200.0,71600.0,3663.0
2026-07-28 12:15:00+09:00,71600.0,72000.0,71500.0,71900.0,3110.0
2026-07-28 12:20:00+09:00,71800.0,72200.0,71700.0,72000.0,1692.0
2026-07-28 12:25:00+09:00,72100.0,72200.0,71400.0,71500.0,2629.0
2026-07-28 12:30:00+09:00,71500.0,71800.0,71100.0,71600.0,3599.0
2026-07-28 12:35:00+09:00,71700.0,72400.0,71600.0,72000.0,2341.0
2026-07-28 12:40:00+09:00,72000.0,72400.0,71700.0,72300.0,2658.0
2026-07-28 12:45:00+09:00,72400.0,72600.0,71800.0,72100.0,2226.0
2026-07-28 12:50:00+09:00,72100.0,72500.0,71900.0,72300.0,2039.0
2026-07-28 12:55:00+09:00,72200.0,72400.0,71800.0,72100.0,2294.0
2026-07-28 13:00:00+09:00,72200.0,72200.0,71800.0,71800.0,1391.0
2026-07-28 13:05:00+09:00,71900.0,71900.0,71000.0,71000.0,4387.0
2026-07-28 13:10:00+09:00,71500.0,72000.0,71200.0,71900.0,2854.0
2026-07-28 13:15:00+09:00,71900.0,72400.0,71800.0,72300.0,2459.0
2026-07-28 13:20:00+09:00,72400.0,72400.0,71600.0,71600.0,1727.0
2026-07-28 13:25:00+09:00,71700.0,72000.0,71500.0,71600.0,2447.0
2026-07-28 13:30:00+09:00,71500.0,71700.0,71300.0,71600.0,2407.0
2026-07-28 13:35:00+09:00,71500.0,71700.0,71400.0,71700.0,1967.0
2026-07-28 13:40:00+09:00,71600.0,71800.0,71400.0,71600.0,1976.0
2026-07-28 13:45:00+09:00,71600.0,72300.0,71500.0,71900.0,3300.0
2026-07-28 13:50:00+09:00,71900.0,72000.0,71600.0,71700.0,2258.0
2026-07-28 13:55:00+09:00,71700.0,71800.0,71400.0,71500.0,2149.0
2026-07-28 14:00:00+09:00,71500.0,72000.0,71500.0,71600.0,2593.0
2026-07-28 14:05:00+09:00,71700.0,71700.0,71400.0,71600.0,2312.0
2026-07-28 14:10:00+09:00,71600.0,71700.0,71300.0,71300.0,2759.0
2026-07-28 14:15:00+09:00,71300.0,71400.0,70700.0,71000.0,7380.0
2026-07-28 14:20:00+09:00,71000.0,71300.0,70800.0,71000.0,2485.0
2026-07-28 14:25:00+09:00,71100.0,71100.0,70500.0,70800.0,5145.0
2026-07-28 14:30:00+09:00,70800.0,70900.0,70100.0,70600.0,5328.0
2026-07-28 14:35:00+09:00,70500.0,70700.0,70000.0,70500.0,6667.0
2026-07-28 14:40:00+09:00,70600.0,70800.0,70000.0,70600.0,8837.0
2026-07-28 14:45:00+09:00,70600.0,71200.0,70300.0,70900.0,6451.0
2026-07-28 14:50:00+09:00,71000.0,71300.0,70700.0,70800.0,7296.0
2026-07-28 14:55:00+09:00,70800.0,71000.0,70200.0,70500.0,5580.0
2026-07-29 09:00:00+09:00,71800.0,72800.0,70300.0,72000.0,14847.0
2026-07-29 09:05:00+09:00,72100.0,73300.0,71800.0,72400.0,12452.0
2026-07-29 09:10:00+09:00,72400.0,73000.0,71900.0,72500.0,9057.0
2026-07-29 09:15:00+09:00,72300.0,72900.0,72100.0,72400.0,6952.0
2026-07-29 09:20:00+09:00,72500.0,72800.0,72000.0,72300.0,6632.0
2026-07-29 09:25:00+09:00,72300.0,72600.0,71800.0,72000.0,9082.0
2026-07-29 09:30:00+09:00,72200.0,72400.0,70900.0,71500.0,9657.0
2026-07-29 09:35:00+09:00,71500.0,72000.0,71200.0,71500.0,6505.0
2026-07-29 09:40:00+09:00,71500.0,71900.0,70900.0,71600.0,5659.0
2026-07-29 09:45:00+09:00,71700.0,72200.0,70900.0,70900.0,4846.0
2026-07-29 09:50:00+09:00,71000.0,71800.0,70900.0,71700.0,4732.0
2026-07-29 09:55:00+09:00,71700.0,71700.0,70800.0,70900.0,3745.0
2026-07-29 10:00:00+09:00,70900.0,71800.0,70800.0,71500.0,6702.0
2026-07-29 10:05:00+09:00,71500.0,71800.0,71100.0,71200.0,4566.0
2026-07-29 10:10:00+09:00,71100.0,71200.0,70300.0,70300.0,6301.0
2026-07-29 10:15:00+09:00,70500.0,70500.0,69800.0,70100.0,6150.0
2026-07-29 10:20:00+09:00,70300.0,71500.0,70300.0,71300.0,7918.0
2026-07-29 10:25:00+09:00,71400.0,71400.0,71000.0,71000.0,3025.0
2026-07-29 10:30:00+09:00,71000.0,71000.0,70100.0,70400.0,5117.0
2026-07-29 10:35:00+09:00,70400.0,70600.0,70000.0,70100.0,3229.0
2026-07-29 10:40:00+09:00,70000.0,70200.0,69100.0,69300.0,6857.0
2026-07-29 10:45:00+09:00,69200.0,69400.0,68500.0,68600.0,9458.0
2026-07-29 10:50:00+09:00,68600.0,68600.0,67900.0,68100.0,7536.0
2026-07-29 10:55:00+09:00,68100.0,68400.0,68000.0,68000.0,3079.0
2026-07-29 11:00:00+09:00,67800.0,68400.0,67300.0,67400.0,8260.0
2026-07-29 11:05:00+09:00,67400.0,68400.0,67100.0,67600.0,6129.0
2026-07-29 11:10:00+09:00,67600.0,68400.0,67300.0,67700.0,4882.0
2026-07-29 11:15:00+09:00,67700.0,67800.0,66700.0,66900.0,7976.0
2026-07-29 11:20:00+09:00,67000.0,67900.0,66900.0,67600.0,5501.0
2026-07-29 11:25:00+09:00,67700.0,68400.0,67400.0,68000.0,3518.0
2026-07-29 11:30:00+09:00,68000.0,68200.0,66900.0,67100.0,3504.0
2026-07-29 11:35:00+09:00,67200.0,67200.0,66300.0,66500.0,2823.0
2026-07-29 11:40:00+09:00,66600.0,66800.0,66300.0,66500.0,2543.0
2026-07-29 11:45:00+09:00,66500.0,66500.0,66100.0,66100.0,2472.0
2026-07-29 11:50:00+09:00,66100.0,66200.0,65700.0,65700.0,4738.0
2026-07-29 11:55:00+09:00,65800.0,66100.0,65600.0,65800.0,3041.0
2026-07-29 12:00:00+09:00,65800.0,65900.0,65100.0,65500.0,4619.0
2026-07-29 12:05:00+09:00,65500.0,67000.0,65200.0,66500.0,6053.0
2026-07-29 12:10:00+09:00,66600.0,66700.0,65100.0,65200.0,4707.0
2026-07-29 12:15:00+09:00,65300.0,65300.0,64800.0,65100.0,3880.0
2026-07-29 12:20:00+09:00,65000.0,65600.0,64900.0,65100.0,3400.0
2026-07-29 12:25:00+09:00,65200.0,65200.0,64800.0,65000.0,1939.0
2026-07-29 12:30:00+09:00,65000.0,65200.0,64900.0,65000.0,1493.0
2026-07-29 13:00:00+09:00,65000.0,65000.0,64400.0,65000.0,10566.0
2026-07-29 13:05:00+09:00,65000.0,65200.0,64300.0,64800.0,6270.0
2026-07-29 13:10:00+09:00,64700.0,65000.0,64300.0,64700.0,5871.0
2026-07-29 13:15:00+09:00,64700.0,64700.0,63200.0,63700.0,8731.0
2026-07-29 13:20:00+09:00,63500.0,64200.0,63200.0,63900.0,8984.0
2026-07-29 13:25:00+09:00,63900.0,63900.0,63000.0,63100.0,5812.0
2026-07-29 13:30:00+09:00,63100.0,63700.0,63100.0,63700.0,5626.0
2026-07-29 13:35:00+09:00,63700.0,64100.0,63500.0,63700.0,4679.0
2026-07-29 13:40:00+09:00,63800.0,63900.0,63400.0,63600.0,4602.0
2026-07-29 13:45:00+09:00,63600.0,64000.0,63300.0,63700.0,4030.0
2026-07-29 13:50:00+09:00,63700.0,64700.0,63700.0,64700.0,4800.0
2026-07-29 13:55:00+09:00,64500.0,65300.0,64400.0,65200.0,3467.0
2026-07-29 14:00:00+09:00,65100.0,65900.0,64900.0,65700.0,3451.0
2026-07-29 14:05:00+09:00,65700.0,65900.0,65100.0,65400.0,2678.0
2026-07-29 14:10:00+09:00,65400.0,66400.0,65400.0,66100.0,4493.0
2026-07-29 14:15:00+09:00,66200.0,66200.0,65000.0,65100.0,3370.0
2026-07-29 14:20:00+09:00,65100.0,65900.0,65100.0,65700.0,2982.0
2026-07-29 14:25:00+09:00,65800.0,66500.0,65600.0,66100.0,3855.0
2026-07-29 14:30:00+09:00,66100.0,66200.0,65600.0,66100.0,3039.0
2026-07-29 14:35:00+09:00,66100.0,66800.0,66100.0,66600.0,2993.0
2026-07-29 14:40:00+09:00,66600.0,66900.0,65800.0,65800.0,4176.0
2026-07-29 14:45:00+09:00,65900.0,66300.0,65400.0,65700.0,4246.0
2026-07-29 14:50:00+09:00,65700.0,65900.0,64800.0,65200.0,6416.0
2026-07-29 14:55:00+09:00,65200.0,65700.0,64800.0,65100.0,6410.0
2026-07-30 09:00:00+09:00,63400.0,66700.0,63400.0,65300.0,25378.0
2026-07-30 09:05:00+09:00,65400.0,67000.0,64900.0,67000.0,9535.0
2026-07-30 09:10:00+09:00,67000.0,68600.0,66500.0,68200.0,16236.0
2026-07-30 09:15:00+09:00,68200.0,69300.0,68100.0,68400.0,11076.0
2026-07-30 09:20:00+09:00,68300.0,68900.0,67600.0,68000.0,12034.0
2026-07-30 09:25:00+09:00,68100.0,69250.0,68000.0,69100.0,7703.0
2026-07-30 09:30:00+09:00,69100.0,69300.0,67700.0,67700.0,5695.0
2026-07-30 09:35:00+09:00,67700.0,68300.0,67200.0,67800.0,7605.0
2026-07-30 09:40:00+09:00,67800.0,67900.0,66600.0,67000.0,7182.0
2026-07-30 09:45:00+09:00,67000.0,67700.0,66600.0,67500.0,8633.0
2026-07-30 09:50:00+09:00,67500.0,68000.0,66800.0,67200.0,7164.0
2026-07-30 09:55:00+09:00,67200.0,67200.0,66100.0,67000.0,7409.0
2026-07-30 10:00:00+09:00,67000.0,67400.0,66100.0,67400.0,7981.0
2026-07-30 10:05:00+09:00,67300.0,68200.0,67000.0,67700.0,4827.0
2026-07-30 10:10:00+09:00,67700.0,67900.0,67000.0,67500.0,5862.0
2026-07-30 10:15:00+09:00,67500.0,68300.0,67400.0,68000.0,6534.0
2026-07-30 10:20:00+09:00,68100.0,68200.0,67500.0,67800.0,3669.0
2026-07-30 10:25:00+09:00,67800.0,68400.0,67800.0,68100.0,3893.0
2026-07-30 10:30:00+09:00,68200.0,69400.0,68200.0,69000.0,4635.0
2026-07-30 10:35:00+09:00,69000.0,69500.0,68600.0,68900.0,4348.0
2026-07-30 10:40:00+09:00,68900.0,69500.0,68900.0,69300.0,3670.0
2026-07-30 10:45:00+09:00,69300.0,69700.0,69200.0,69700.0,3308.0
2026-07-30 10:50:00+09:00,70000.0,70000.0,69300.0,69600.0,3818.0
2026-07-30 10:55:00+09:00,69600.0,70100.0,69500.0,69500.0,6187.0
2026-07-30 11:00:00+09:00,69600.0,70100.0,69600.0,69800.0,2855.0
2026-07-30 11:05:00+09:00,69900.0,70400.0,69500.0,70100.0,5061.0
2026-07-30 11:10:00+09:00,70100.0,70200.0,69400.0,69400.0,3936.0
2026-07-30 11:15:00+09:00,69400.0,69600.0,69000.0,69100.0,3745.0
2026-07-30 11:20:00+09:00,69200.0,69500.0,69000.0,69200.0,2167.0
2026-07-30 11:25:00+09:00,69200.0,69300.0,68700.0,68800.0,4445.0
2026-07-30 11:30:00+09:00,68800.0,68900.0,68100.0,68100.0,2912.0
2026-07-30 11:35:00+09:00,68200.0,68200.0,67500.0,67600.0,8565.0
2026-07-30 11:40:00+09:00,67500.0,68100.0,67200.0,67900.0,3521.0
2026-07-30 11:45:00+09:00,67900.0,68200.0,67500.0,67800.0,3267.0
2026-07-30 11:50:00+09:00,67700.0,68000.0,67300.0,67700.0,4708.0
2026-07-30 11:55:00+09:00,67700.0,67800.0,66600.0,66800.0,3979.0
2026-07-30 12:00:00+09:00,66800.0,67300.0,66600.0,66800.0,2697.0
2026-07-30 12:05:00+09:00,66800.0,67000.0,66500.0,66500.0,2506.0
2026-07-30 12:10:00+09:00,66500.0,66600.0,66100.0,66200.0,3103.0
2026-07-30 12:15:00+09:00,66200.0,66400.0,66000.0,66200.0,2638.0
2026-07-30 12:20:00+09:00,66200.0,66500.0,66000.0,66300.0,1886.0
2026-07-30 12:25:00+09:00,66300.0,67000.0,66300.0,66700.0,2778.0
2026-07-30 12:30:00+09:00,66500.0,67600.0,66500.0,67200.0,1906.0
2026-07-30 12:35:00+09:00,67300.0,67400.0,66800.0,66900.0,1816.0
2026-07-30 12:40:00+09:00,66800.0,67600.0,66800.0,67500.0,1593.0
2026-07-30 12:45:00+09:00,67500.0,68000.0,67400.0,67900.0,2785.0
2026-07-30 12:50:00+09:00,67800.0,67900.0,67300.0,67400.0,2389.0
2026-07-30 12:55:00+09:00,67400.0,67700.0,66900.0,67300.0,2899.0
2026-07-30 13:00:00+09:00,67400.0,67500.0,67000.0,67200.0,1950.0
2026-07-30 13:05:00+09:00,67200.0,67500.0,66700.0,66700.0,2595.0
2026-07-30 13:10:00+09:00,66700.0,66800.0,66500.0,66800.0,1586.0
2026-07-30 13:15:00+09:00,66700.0,66700.0,66300.0,66400.0,3302.0
2026-07-30 13:20:00+09:00,66500.0,67100.0,66300.0,66900.0,2319.0
2026-07-30 13:25:00+09:00,66900.0,68000.0,66900.0,68000.0,3328.0
2026-07-30 13:30:00+09:00,68000.0,68400.0,67700.0,67700.0,4187.0
2026-07-30 13:35:00+09:00,67900.0,68300.0,67200.0,67200.0,3252.0
2026-07-30 13:40:00+09:00,67400.0,67600.0,66800.0,66900.0,3347.0
2026-07-30 13:45:00+09:00,66900.0,67700.0,66900.0,67200.0,2768.0
2026-07-30 13:50:00+09:00,67300.0,67400.0,66800.0,66900.0,3194.0
2026-07-30 13:55:00+09:00,66900.0,67100.0,66300.0,66500.0,4423.0
2026-07-30 14:00:00+09:00,66500.0,66700.0,66200.0,66300.0,3752.0
2026-07-30 14:05:00+09:00,66400.0,66600.0,66100.0,66300.0,3394.0
2026-07-30 14:10:00+09:00,66300.0,67000.0,65800.0,66700.0,4473.0
2026-07-30 14:15:00+09:00,66800.0,67000.0,66400.0,67000.0,2572.0
2026-07-30 14:20:00+09:00,67000.0,67200.0,66500.0,67000.0,3511.0
2026-07-30 14:25:00+09:00,67000.0,67200.0,66500.0,66500.0,3353.0
2026-07-30 14:30:00+09:00,66500.0,66900.0,66300.0,66300.0,4253.0
2026-07-30 14:35:00+09:00,66200.0,66600.0,66100.0,66300.0,3053.0
2026-07-30 14:40:00+09:00,66300.0,67300.0,66200.0,67000.0,3354.0
2026-07-30 14:45:00+09:00,67100.0,67400.0,66800.0,66900.0,3824.0
2026-07-30 14:50:00+09:00,66900.0,67100.0,66500.0,66500.0,3697.0
2026-07-30 14:55:00+09:00,66500.0,67000.0,66200.0,67000.0,3672.0
2026-07-31 09:00:00+09:00,70900.0,71500.0,69000.0,69500.0,20142.0
2026-07-31 09:05:00+09:00,69500.0,70200.0,68600.0,69100.0,21463.0
2026-07-31 09:10:00+09:00,69100.0,71200.0,69000.0,70900.0,18732.0
2026-07-31 09:15:00+09:00,70800.0,71700.0,70700.0,71200.0,8236.0
2026-07-31 09:20:00+09:00,71400.0,71700.0,70800.0,70900.0,6363.0
2026-07-31 09:25:00+09:00,70800.0,71600.0,70300.0,71600.0,6802.0
2026-07-31 09:30:00+09:00,71600.0,72100.0,71300.0,71800.0,6472.0
2026-07-31 09:35:00+09:00,71800.0,71900.0,71300.0,71500.0,3177.0
2026-07-31 09:40:00+09:00,71500.0,72600.0,71500.0,72300.0,6213.0
2026-07-31 09:45:00+09:00,72300.0,72500.0,71800.0,72000.0,3913.0
2026-07-31 09:50:00+09:00,71900.0,72500.0,71900.0,72000.0,2989.0
2026-07-31 09:55:00+09:00,72000.0,72700.0,71900.0,72600.0,2826.0
2026-07-31 10:00:00+09:00,72600.0,72600.0,72000.0,72100.0,2824.0
2026-07-31 10:05:00+09:00,72200.0,72700.0,72200.0,72600.0,4057.0
2026-07-31 10:10:00+09:00,72700.0,72900.0,72300.0,72700.0,5594.0
2026-07-31 10:15:00+09:00,72800.0,73000.0,72600.0,72800.0,1459.0
2026-07-31 10:20:00+09:00,72800.0,72900.0,72400.0,72500.0,2433.0
2026-07-31 10:25:00+09:00,72500.0,72500.0,71500.0,71700.0,5223.0
2026-07-31 10:30:00+09:00,71600.0,72200.0,71500.0,71900.0,3203.0
2026-07-31 10:35:00+09:00,72000.0,72400.0,71400.0,71900.0,4244.0
2026-07-31 10:40:00+09:00,71900.0,71900.0,71100.0,71300.0,3812.0
2026-07-31 10:45:00+09:00,71300.0,71700.0,70800.0,71400.0,3464.0
2026-07-31 10:50:00+09:00,71400.0,71600.0,71000.0,71300.0,2627.0
2026-07-31 10:55:00+09:00,71300.0,71700.0,71200.0,71600.0,2208.0
2026-07-31 11:00:00+09:00,71600.0,72200.0,71100.0,71100.0,2704.0
2026-07-31 11:05:00+09:00,71100.0,71500.0,71000.0,71500.0,3082.0
2026-07-31 11:10:00+09:00,71500.0,71600.0,70600.0,70650.0,3699.0
2026-07-31 11:15:00+09:00,70700.0,70800.0,70500.0,70600.0,2070.0
2026-07-31 11:20:00+09:00,70600.0,71300.0,70600.0,71000.0,2826.0
2026-07-31 11:25:00+09:00,71000.0,71300.0,70900.0,71300.0,1018.0
2026-07-31 11:30:00+09:00,71300.0,71500.0,71100.0,71400.0,1526.0
2026-07-31 11:35:00+09:00,71400.0,71400.0,71100.0,71400.0,848.0
2026-07-31 11:40:00+09:00,71400.0,71600.0,71300.0,71400.0,1156.0
2026-07-31 11:45:00+09:00,71400.0,71600.0,71400.0,71500.0,1175.0
2026-07-31 11:50:00+09:00,71400.0,71500.0,71200.0,71200.0,806.0
2026-07-31 11:55:00+09:00,71200.0,71500.0,71200.0,71500.0,1033.0
2026-07-31 12:00:00+09:00,71400.0,71500.0,71100.0,71300.0,1034.0
2026-07-31 12:05:00+09:00,71300.0,71500.0,71200.0,71500.0,1310.0
2026-07-31 12:10:00+09:00,71500.0,71500.0,70900.0,71000.0,2119.0
2026-07-31 12:15:00+09:00,71000.0,71200.0,71000.0,71100.0,812.0
2026-07-31 12:20:00+09:00,71200.0,71500.0,71100.0,71200.0,1265.0
2026-07-31 12:25:00+09:00,71100.0,71300.0,71000.0,71100.0,1042.0
2026-07-31 12:30:00+09:00,71100.0,71200.0,71000.0,71000.0,1251.0
2026-07-31 12:35:00+09:00,71000.0,71200.0,70900.0,71200.0,1249.0
2026-07-31 12:40:00+09:00,71200.0,71300.0,71000.0,71200.0,1015.0
2026-07-31 12:45:00+09:00,71200.0,71300.0,70800.0,70900.0,1184.0
2026-07-31 12:50:00+09:00,70900.0,71200.0,70900.0,71200.0,916.0
2026-07-31 12:55:00+09:00,71200.0,71300.0,70900.0,71000.0,1402.0
2026-07-31 13:00:00+09:00,71100.0,71100.0,70800.0,70900.0,1439.0
2026-07-31 13:05:00+09:00,70900.0,71400.0,70800.0,71200.0,2331.0
2026-07-31 13:10:00+09:00,71200.0,71300.0,70900.0,71100.0,1112.0
2026-07-31 13:15:00+09:00,71100.0,71300.0,70900.0,71300.0,1544.0
2026-07-31 13:20:00+09:00,71300.0,71300.0,71100.0,71300.0,1873.0
2026-07-31 13:25:00+09:00,71400.0,71500.0,71200.0,71500.0,2183.0
2026-07-31 13:30:00+09:00,71400.0,71500.0,70900.0,71000.0,1601.0
2026-07-31 13:35:00+09:00,71000.0,71300.0,70900.0,71200.0,2580.0
2026-07-31 13:40:00+09:00,71200.0,71500.0,71100.0,71400.0,3161.0
2026-07-31 13:45:00+09:00,71400.0,71500.0,71300.0,71300.0,825.0
2026-07-31 13:50:00+09:00,71400.0,71400.0,71200.0,71300.0,1570.0
2026-07-31 13:55:00+09:00,71300.0,71800.0,71300.0,71500.0,5767.0
2026-07-31 14:00:00+09:00,71400.0,71700.0,71400.0,71600.0,1248.0
2026-07-31 14:05:00+09:00,71500.0,71700.0,71400.0,71600.0,3334.0
2026-07-31 14:10:00+09:00,71600.0,71700.0,71500.0,71600.0,2703.0
2026-07-31 14:15:00+09:00,71700.0,71900.0,71600.0,71900.0,3625.0
2026-07-31 14:20:00+09:00,71900.0,72000.0,71700.0,72000.0,5604.0
2026-07-31 14:25:00+09:00,71900.0,72300.0,71900.0,72200.0,4484.0
2026-07-31 14:30:00+09:00,72200.0,72600.0,71500.0,71500.0,6521.0
2026-07-31 14:35:00+09:00,71600.0,72100.0,71400.0,72000.0,4798.0
2026-07-31 14:40:00+09:00,72000.0,72700.0,72000.0,72500.0,4745.0
2026-07-31 14:45:00+09:00,72500.0,73000.0,72400.0,72800.0,5472.0
2026-07-31 14:50:00+09:00,72900.0,72900.0,72400.0,72700.0,4932.0
2026-07-31 14:55:00+09:00,72600.0,73400.0,72600.0,73100.0,7344.0
2026-08-03 09:00:00+09:00,71800.0,71800.0,70200.0,71400.0,0.0
2026-08-03 09:05:00+09:00,71300.0,71500.0,70300.0,70700.0,7159.0
2026-08-03 09:10:00+09:00,70600.0,70800.0,70000.0,70300.0,5695.0
2026-08-03 09:15:00+09:00,70300.0,70900.0,70100.0,70200.0,6490.0
2026-08-03 09:20:00+09:00,70300.0,71000.0,70200.0,70500.0,6177.0
2026-08-03 09:25:00+09:00,70500.0,71000.0,70300.0,70500.0,4124.0
2026-08-03 09:30:00+09:00,70500.0,70500.0,69800.0,70050.0,6322.0
2026-08-03 09:35:00+09:00,70100.0,71100.0,70000.0,70600.0,2731.0
2026-08-03 09:40:00+09:00,70600.0,71500.0,70500.0,71300.0,3553.0
2026-08-03 09:45:00+09:00,71300.0,71600.0,71200.0,71500.0,2171.0
2026-08-03 09:50:00+09:00,71500.0,71600.0,71000.0,71500.0,2522.0
2026-08-03 09:55:00+09:00,71600.0,72000.0,71500.0,71900.0,4970.0
2026-08-03 10:00:00+09:00,71900.0,72300.0,71700.0,72100.0,3356.0
2026-08-03 10:05:00+09:00,72200.0,72400.0,71900.0,72200.0,3826.0
2026-08-03 10:10:00+09:00,72300.0,72600.0,71900.0,71900.0,3560.0
2026-08-03 10:15:00+09:00,71900.0,72100.0,71700.0,71900.0,2508.0
2026-08-03 10:20:00+09:00,71900.0,72800.0,71900.0,72700.0,2385.0
2026-08-03 10:25:00+09:00,72700.0,73000.0,72700.0,73000.0,1838.0
2026-08-03 10:30:00+09:00,73000.0,73400.0,72900.0,73200.0,2944.0
2026-08-03 10:35:00+09:00,73200.0,73300.0,72800.0,73200.0,1751.0
2026-08-03 10:40:00+09:00,73200.0,73400.0,73200.0,73300.0,1312.0
2026-08-03 10:45:00+09:00,73300.0,73300.0,72800.0,73100.0,2095.0
2026-08-03 10:50:00+09:00,73100.0,73900.0,73000.0,73500.0,2346.0
2026-08-03 10:55:00+09:00,73400.0,74000.0,73400.0,73900.0,2128.0
2026-08-03 11:00:00+09:00,73800.0,74400.0,73500.0,74200.0,3087.0
2026-08-03 11:05:00+09:00,74300.0,74500.0,74100.0,74100.0,3188.0
2026-08-03 11:10:00+09:00,74300.0,74800.0,74100.0,74800.0,1529.0
2026-08-03 11:15:00+09:00,74700.0,74800.0,74400.0,74700.0,2779.0
2026-08-03 11:20:00+09:00,74700.0,74800.0,74100.0,74200.0,3324.0
2026-08-03 11:25:00+09:00,74200.0,74400.0,74000.0,74000.0,2058.0
2026-08-03 11:30:00+09:00,74100.0,74200.0,73700.0,74000.0,2760.0
2026-08-03 11:35:00+09:00,74200.0,74300.0,73600.0,74100.0,1824.0
2026-08-03 11:40:00+09:00,74100.0,74300.0,73600.0,73700.0,1067.0
2026-08-03 11:45:00+09:00,73700.0,73900.0,73300.0,73700.0,1945.0
2026-08-03 11:50:00+09:00,73800.0,74000.0,73600.0,73700.0,1389.0
2026-08-03 11:55:00+09:00,73700.0,73700.0,73400.0,73500.0,1176.0
2026-08-03 12:00:00+09:00,73500.0,73600.0,73300.0,73500.0,1613.0
2026-08-03 12:05:00+09:00,73500.0,73700.0,73400.0,73500.0,888.0
2026-08-03 12:10:00+09:00,73600.0,73600.0,73400.0,73500.0,1229.0
2026-08-03 12:15:00+09:00,73600.0,73600.0,73300.0,73600.0,1338.0
2026-08-03 12:20:00+09:00,73600.0,73600.0,73100.0,73200.0,2349.0
2026-08-03 12:25:00+09:00,73200.0,73700.0,73100.0,73450.0,1987.0
2026-08-03 12:30:00+09:00,73500.0,73900.0,73300.0,73800.0,1795.0
2026-08-03 12:35:00+09:00,73800.0,74000.0,73500.0,74000.0,1019.0
2026-08-03 12:40:00+09:00,73900.0,74200.0,73900.0,74000.0,1698.0
2026-08-03 12:45:00+09:00,74000.0,74100.0,73700.0,73900.0,1094.0
2026-08-03 12:50:00+09:00,73900.0,74300.0,73800.0,74100.0,1568.0
2026-08-03 12:55:00+09:00,74100.0,74100.0,73400.0,73600.0,1632.0
2026-08-03 13:00:00+09:00,73600.0,73600.0,73200.0,73300.0,1698.0
2026-08-03 13:05:00+09:00,73300.0,73600.0,73200.0,73300.0,1862.0
2026-08-03 13:10:00+09:00,73300.0,73400.0,73100.0,73200.0,1367.0
2026-08-03 13:15:00+09:00,73300.0,73500.0,73200.0,73200.0,1117.0
2026-08-03 13:20:00+09:00,73300.0,73400.0,73100.0,73300.0,1834.0
2026-08-03 13:25:00+09:00,73200.0,73300.0,73000.0,73000.0,1533.0
2026-08-03 13:30:00+09:00,73000.0,73100.0,72700.0,72700.0,2381.0
2026-08-03 13:35:00+09:00,72700.0,73000.0,72700.0,72700.0,2403.0
2026-08-03 13:40:00+09:00,72700.0,72900.0,72600.0,72800.0,1623.0
2026-08-03 13:45:00+09:00,72800.0,72900.0,72600.0,72700.0,1554.0
2026-08-03 13:50:00+09:00,72700.0,72800.0,72300.0,72400.0,2134.0
2026-08-03 13:55:00+09:00,72400.0,72400.0,72200.0,72200.0,1919.0
2026-08-03 14:00:00+09:00,72200.0,72900.0,72200.0,72800.0,2295.0
2026-08-03 14:05:00+09:00,72700.0,72800.0,72400.0,72700.0,2089.0
2026-08-03 14:10:00+09:00,72800.0,73300.0,72700.0,72900.0,2568.0
2026-08-03 14:15:00+09:00,72800.0,73000.0,72600.0,72800.0,3297.0
2026-08-03 14:20:00+09:00,72800.0,73000.0,72600.0,72700.0,1692.0
2026-08-03 14:25:00+09:00,72800.0,72900.0,72700.0,72700.0,1411.0
2026-08-03 14:30:00+09:00,72700.0,73000.0,72600.0,72600.0,1988.0
2026-08-03 14:35:00+09:00,72600.0,72800.0,72500.0,72600.0,1552.0
2026-08-03 14:40:00+09:00,72600.0,72700.0,72300.0,72400.0,3192.0
2026-08-03 14:45:00+09:00,72300.0,72500.0,71900.0,71900.0,3126.0
2026-08-03 14:50:00+09:00,71900.0,72200.0,71800.0,72100.0,3527.0
2026-08-03 14:55:00+09:00,72000.0,72200.0,71900.0,72100.0,3349.0
2026-08-04 09:00:00+09:00,74900.0,77700.0,74900.0,76500.0,14918.0
2026-08-04 09:05:00+09:00,76500.0,77000.0,75700.0,76900.0,7083.0
2026-08-04 09:10:00+09:00,77000.0,77300.0,76700.0,76700.0,7346.0
2026-08-04 09:15:00+09:00,76700.0,77200.0,76100.0,77000.0,6641.0
2026-08-04 09:20:00+09:00,77000.0,79000.0,76900.0,79000.0,13568.0
2026-08-04 09:25:00+09:00,79000.0,79000.0,77300.0,77800.0,7643.0
2026-08-04 09:30:00+09:00,77700.0,77800.0,76800.0,77200.0,5969.0
2026-08-04 09:35:00+09:00,77300.0,77400.0,76600.0,77400.0,2823.0
2026-08-04 09:40:00+09:00,77300.0,77300.0,76400.0,76900.0,3311.0
2026-08-04 09:45:00+09:00,77000.0,77200.0,76500.0,76600.0,2115.0
2026-08-04 09:50:00+09:00,76500.0,76500.0,75700.0,75700.0,5843.0
2026-08-04 09:55:00+09:00,75700.0,75900.0,74800.0,75000.0,4338.0
2026-08-04 10:00:00+09:00,74900.0,75300.0,74500.0,74800.0,2976.0
2026-08-04 10:05:00+09:00,74900.0,75500.0,74800.0,75200.0,2101.0
2026-08-04 10:10:00+09:00,75300.0,75400.0,75000.0,75300.0,2493.0
2026-08-04 10:15:00+09:00,75200.0,75700.0,74900.0,75200.0,2700.0
2026-08-04 10:20:00+09:00,75000.0,75800.0,75000.0,75400.0,1754.0
2026-08-04 10:25:00+09:00,75400.0,76000.0,75200.0,75900.0,1686.0
2026-08-04 10:30:00+09:00,75900.0,76200.0,75600.0,76100.0,1999.0
2026-08-04 10:35:00+09:00,76200.0,76200.0,75400.0,75500.0,2492.0
2026-08-04 10:40:00+09:00,75400.0,76600.0,75400.0,76400.0,1414.0
2026-08-04 10:45:00+09:00,76400.0,76900.0,76100.0,76600.0,2401.0
2026-08-04 10:50:00+09:00,76600.0,77400.0,76600.0,77000.0,2075.0
2026-08-04 10:55:00+09:00,77100.0,77200.0,76500.0,76500.0,2146.0
2026-08-04 11:00:00+09:00,76600.0,76700.0,75400.0,75600.0,3659.0
2026-08-04 11:05:00+09:00,75500.0,75600.0,75100.0,75400.0,1965.0
2026-08-04 11:10:00+09:00,75400.0,76700.0,75100.0,75200.0,2226.0
2026-08-04 11:15:00+09:00,75200.0,75600.0,75200.0,75600.0,1290.0
2026-08-04 11:20:00+09:00,75500.0,75900.0,75500.0,75800.0,2000.0
2026-08-04 11:25:00+09:00,75800.0,76200.0,75700.0,75700.0,1311.0
2026-08-04 11:30:00+09:00,75600.0,76200.0,75600.0,76200.0,857.0
2026-08-04 11:35:00+09:00,76000.0,76200.0,75800.0,75900.0,1234.0
2026-08-04 11:40:00+09:00,75900.0,76100.0,75600.0,75600.0,2386.0
2026-08-04 11:45:00+09:00,75700.0,75900.0,75400.0,75400.0,1495.0
2026-08-04 11:50:00+09:00,75400.0,75600.0,75300.0,75500.0,1727.0
2026-08-04 11:55:00+09:00,75400.0,75600.0,75300.0,75300.0,1549.0
2026-08-04 12:00:00+09:00,75300.0,75700.0,75100.0,75100.0,1690.0
2026-08-04 12:05:00+09:00,75100.0,75400.0,75000.0,75100.0,1107.0
2026-08-04 12:10:00+09:00,75100.0,75200.0,74700.0,74800.0,2713.0
2026-08-04 12:15:00+09:00,74800.0,74900.0,74600.0,74700.0,1375.0
2026-08-04 12:20:00+09:00,74700.0,75200.0,74700.0,75100.0,1190.0
2026-08-04 12:25:00+09:00,75100.0,75300.0,74900.0,75100.0,792.0
2026-08-04 12:30:00+09:00,75000.0,75500.0,75000.0,75300.0,677.0
2026-08-04 12:35:00+09:00,75400.0,75400.0,75000.0,75300.0,880.0
2026-08-04 12:40:00+09:00,75200.0,75250.0,74800.0,74800.0,2499.0
2026-08-04 12:45:00+09:00,75000.0,75200.0,74800.0,75100.0,871.0
2026-08-04 12:50:00+09:00,75100.0,75300.0,75000.0,75100.0,894.0
2026-08-04 12:55:00+09:00,75100.0,75500.0,75100.0,75300.0,1311.0
2026-08-04 13:00:00+09:00,75300.0,75500.0,75300.0,75500.0,849.0
2026-08-04 13:05:00+09:00,75500.0,75800.0,75300.0,75700.0,1934.0
2026-08-04 13:10:00+09:00,75700.0,75700.0,75200.0,75500.0,992.0
2026-08-04 13:15:00+09:00,75500.0,76250.0,75500.0,76200.0,2525.0
2026-08-04 13:20:00+09:00,76200.0,76200.0,75600.0,75900.0,1796.0
2026-08-04 13:25:00+09:00,75900.0,76200.0,75800.0,75950.0,2335.0
2026-08-04 13:30:00+09:00,76000.0,76100.0,75800.0,75900.0,1670.0
2026-08-04 13:35:00+09:00,75800.0,75800.0,75400.0,75400.0,2381.0
2026-08-04 13:40:00+09:00,75500.0,75600.0,75100.0,75500.0,2973.0
2026-08-04 13:45:00+09:00,75500.0,75800.0,75500.0,75700.0,1672.0
2026-08-04 13:50:00+09:00,75700.0,76000.0,75500.0,75800.0,2490.0
2026-08-04 13:55:00+09:00,75800.0,75800.0,75300.0,75700.0,2384.0
2026-08-04 14:00:00+09:00,75700.0,75900.0,75000.0,75100.0,2002.0
2026-08-04 14:05:00+09:00,75200.0,75650.0,74900.0,75650.0,2385.0
2026-08-04 14:10:00+09:00,75650.0,75650.0,74800.0,75000.0,2216.0
2026-08-04 14:15:00+09:00,75000.0,75700.0,75000.0,75600.0,1275.0
2026-08-04 14:20:00+09:00,75700.0,76100.0,75600.0,76000.0,4425.0
2026-08-04 14:25:00+09:00,76000.0,76400.0,75800.0,76400.0,2189.0
2026-08-04 14:30:00+09:00,76300.0,76400.0,76100.0,76300.0,1383.0
2026-08-04 14:35:00+09:00,76300.0,77000.0,76200.0,76500.0,2894.0
2026-08-04 14:40:00+09:00,76400.0,77300.0,76300.0,77200.0,4592.0
2026-08-04 14:45:00+09:00,77200.0,77400.0,77000.0,77100.0,3434.0
2026-08-04 14:50:00+09:00,77200.0,77300.0,77000.0,77200.0,3347.0
2026-08-04 14:55:00+09:00,77300.0,77400.0,77000.0,77100.0,2632.0
2026-08-05 09:00:00+09:00,81700.0,82100.0,79400.0,80700.0,27793.0
2026-08-05 09:05:00+09:00,80700.0,81000.0,80000.0,80100.0,6728.0
2026-08-05 09:10:00+09:00,80100.0,80600.0,79600.0,80000.0,6417.0
2026-08-05 09:15:00+09:00,79800.0,80500.0,79700.0,80500.0,2515.0
2026-08-05 09:20:00+09:00,80500.0,81000.0,80100.0,80600.0,3024.0
2026-08-05 09:25:00+09:00,80600.0,81000.0,80500.0,80800.0,1551.0
2026-08-05 09:30:00+09:00,80900.0,81000.0,80500.0,80800.0,1919.0
2026-08-05 09:35:00+09:00,80800.0,80900.0,80500.0,80500.0,1022.0
2026-08-05 09:40:00+09:00,80500.0,80800.0,80500.0,80800.0,1930.0
2026-08-05 09:45:00+09:00,80700.0,80900.0,80500.0,80700.0,1591.0
2026-08-05 09:50:00+09:00,80700.0,81100.0,80300.0,81100.0,2172.0
2026-08-05 09:55:00+09:00,81000.0,81400.0,80900.0,81300.0,2450.0
2026-08-05 10:00:00+09:00,81400.0,81400.0,80600.0,80700.0,2890.0
2026-08-05 10:05:00+09:00,80900.0,81500.0,80750.0,81300.0,1976.0
2026-08-05 10:10:00+09:00,81200.0,81800.0,81200.0,81500.0,2073.0
2026-08-05 10:15:00+09:00,81600.0,81700.0,81100.0,81100.0,1267.0
2026-08-05 10:20:00+09:00,81200.0,81400.0,81000.0,81200.0,1126.0
2026-08-05 10:25:00+09:00,81100.0,81150.0,80600.0,80900.0,1944.0
2026-08-05 10:30:00+09:00,80900.0,81200.0,80600.0,80900.0,1688.0
2026-08-05 10:35:00+09:00,80900.0,81300.0,80800.0,81300.0,1083.0
2026-08-05 10:40:00+09:00,81300.0,81300.0,81000.0,81100.0,949.0
2026-08-05 10:45:00+09:00,81100.0,81200.0,80800.0,81000.0,3153.0
2026-08-05 10:50:00+09:00,81100.0,81100.0,80800.0,80900.0,866.0
2026-08-05 10:55:00+09:00,80800.0,81100.0,80800.0,80900.0,1105.0
2026-08-05 11:00:00+09:00,81000.0,81100.0,80800.0,81000.0,2188.0
2026-08-05 11:05:00+09:00,81000.0,81100.0,80800.0,80800.0,1057.0
2026-08-05 11:10:00+09:00,80800.0,80900.0,80700.0,80800.0,879.0
2026-08-05 11:15:00+09:00,80900.0,80900.0,80500.0,80700.0,874.0
2026-08-05 11:20:00+09:00,80700.0,81000.0,80600.0,81000.0,721.0
2026-08-05 11:25:00+09:00,80900.0,81000.0,80300.0,80300.0,1919.0
2026-08-05 11:30:00+09:00,80400.0,80400.0,80000.0,80100.0,1606.0
2026-08-05 11:35:00+09:00,80200.0,80400.0,80000.0,80000.0,1918.0
2026-08-05 11:40:00+09:00,80100.0,80100.0,79900.0,80000.0,1586.0
2026-08-05 11:45:00+09:00,79900.0,80200.0,79900.0,80200.0,1404.0
2026-08-05 11:50:00+09:00,80200.0,80500.0,80000.0,80400.0,1370.0
2026-08-05 11:55:00+09:00,80500.0,80500.0,80100.0,80300.0,787.0
2026-08-05 12:00:00+09:00,80300.0,80500.0,80200.0,80500.0,1105.0
2026-08-05 12:05:00+09:00,80400.0,80500.0,80100.0,80200.0,1889.0
2026-08-05 12:10:00+09:00,80300.0,80300.0,79900.0,80100.0,1944.0
2026-08-05 12:15:00+09:00,80000.0,80200.0,80000.0,80100.0,946.0
2026-08-05 12:20:00+09:00,80100.0,80100.0,79800.0,79900.0,1605.0
2026-08-05 12:25:00+09:00,79800.0,79900.0,79400.0,79400.0,3843.0
2026-08-05 12:30:00+09:00,79400.0,79400.0,79100.0,79300.0,2972.0
2026-08-05 12:35:00+09:00,79300.0,79400.0,79200.0,79400.0,1017.0
2026-08-05 12:40:00+09:00,79400.0,79600.0,79300.0,79600.0,2126.0
2026-08-05 12:45:00+09:00,79500.0,79700.0,79400.0,79500.0,2672.0
2026-08-05 12:50:00+09:00,79500.0,79900.0,79400.0,79900.0,1647.0
2026-08-05 12:55:00+09:00,79800.0,79900.0,79600.0,79700.0,1029.0
2026-08-05 13:00:00+09:00,79700.0,79800.0,79600.0,79600.0,1093.0
2026-08-05 13:05:00+09:00,79600.0,79800.0,79600.0,79700.0,713.0
2026-08-05 13:10:00+09:00,79700.0,79800.0,79500.0,79500.0,1179.0
2026-08-05 13:15:00+09:00,79500.0,79600.0,79100.0,79100.0,1570.0
2026-08-05 13:20:00+09:00,79200.0,79200.0,79100.0,79100.0,1078.0
2026-08-05 13:25:00+09:00,79100.0,79300.0,79000.0,79100.0,2267.0
2026-08-05 13:30:00+09:00,79200.0,79600.0,79100.0,79600.0,2099.0
2026-08-05 13:35:00+09:00,79500.0,79700.0,79500.0,79500.0,1599.0
2026-08-05 13:40:00+09:00,79500.0,79600.0,79300.0,79600.0,2320.0
2026-08-05 13:45:00+09:00,79500.0,79700.0,79100.0,79600.0,4599.0
2026-08-05 13:50:00+09:00,79600.0,79600.0,79200.0,79500.0,6948.0
2026-08-05 13:55:00+09:00,79400.0,79700.0,79400.0,79500.0,2040.0
2026-08-05 14:00:00+09:00,79600.0,79900.0,79500.0,79900.0,1671.0
2026-08-05 14:05:00+09:00,79900.0,80100.0,79800.0,80000.0,3211.0
2026-08-05 14:10:00+09:00,79900.0,80300.0,79900.0,80150.0,1549.0
2026-08-05 14:15:00+09:00,80200.0,80200.0,80000.0,80200.0,2545.0
2026-08-05 14:20:00+09:00,80300.0,80300.0,80100.0,80100.0,1207.0
2026-08-05 14:25:00+09:00,80200.0,80200.0,79800.0,79900.0,3651.0
2026-08-05 14:30:00+09:00,79900.0,80000.0,79800.0,79950.0,1854.0
2026-08-05 14:35:00+09:00,79900.0,80100.0,79700.0,79800.0,2145.0
2026-08-05 14:40:00+09:00,79800.0,79900.0,79700.0,79800.0,2381.0
2026-08-05 14:45:00+09:00,79800.0,80300.0,79800.0,80200.0,2730.0
2026-08-05 14:50:00+09:00,80200.0,80400.0,80100.0,80200.0,2944.0
2026-08-05 14:55:00+09:00,80100.0,80600.0,80100.0,80600.0,2665.0
2026-08-06 09:00:00+09:00,80800.0,83000.0,79300.0,82800.0,20615.0
2026-08-06 09:05:00+09:00,82800.0,83200.0,80600.0,80800.0,13519.0
2026-08-06 09:10:00+09:00,80800.0,81100.0,79700.0,80300.0,7243.0
2026-08-06 09:15:00+09:00,80300.0,80900.0,80100.0,80900.0,3605.0
2026-08-06 09:20:00+09:00,80900.0,81300.0,80100.0,80200.0,3848.0
2026-08-06 09:25:00+09:00,80400.0,80400.0,79100.0,79400.0,4325.0
2026-08-06 09:30:00+09:00,79500.0,79900.0,79000.0,79600.0,4017.0
2026-08-06 09:35:00+09:00,79600.0,80100.0,79400.0,80000.0,1964.0
2026-08-06 09:40:00+09:00,80000.0,80500.0,79900.0,80200.0,2431.0
2026-08-06 09:45:00+09:00,80000.0,80300.0,79800.0,79900.0,1559.0
2026-08-06 09:50:00+09:00,79900.0,79900.0,79000.0,79200.0,3580.0
2026-08-06 09:55:00+09:00,79200.0,79800.0,79100.0,79600.0,1453.0
2026-08-06 10:00:00+09:00,79600.0,79600.0,78700.0,78800.0,4408.0
2026-08-06 10:05:00+09:00,78700.0,79100.0,78000.0,78900.0,8042.0
2026-08-06 10:10:00+09:00,78900.0,79200.0,78500.0,79000.0,2937.0
2026-08-06 10:15:00+09:00,79000.0,79000.0,78100.0,78300.0,2969.0
2026-08-06 10:20:00+09:00,78300.0,78300.0,77500.0,77700.0,5195.0
2026-08-06 10:25:00+09:00,77700.0,77800.0,77000.0,77400.0,4017.0
2026-08-06 10:30:00+09:00,77400.0,78100.0,77200.0,77500.0,2908.0
2026-08-06 10:35:00+09:00,77400.0,77600.0,77000.0,77400.0,2098.0
2026-08-06 10:40:00+09:00,77500.0,78100.0,77300.0,77500.0,2057.0
2026-08-06 10:45:00+09:00,77400.0,78200.0,77200.0,77900.0,1527.0
2026-08-06 10:50:00+09:00,77900.0,78000.0,77400.0,77700.0,929.0
2026-08-06 10:55:00+09:00,77700.0,77800.0,77500.0,77700.0,1385.0
2026-08-06 11:00:00+09:00,77600.0,77900.0,77400.0,77600.0,1504.0
2026-08-06 11:05:00+09:00,77700.0,77900.0,77500.0,77800.0,1692.0
2026-08-06 11:10:00+09:00,77800.0,78100.0,77600.0,77900.0,2666.0
2026-08-06 11:15:00+09:00,77900.0,78200.0,77800.0,78100.0,1364.0
2026-08-06 11:20:00+09:00,78200.0,78500.0,78000.0,78500.0,1353.0
2026-08-06 11:25:00+09:00,78400.0,78500.0,78000.0,78100.0,1446.0
2026-08-06 11:30:00+09:00,78200.0,79000.0,78100.0,78900.0,1593.0
2026-08-06 11:35:00+09:00,78900.0,79300.0,78800.0,79100.0,2038.0
2026-08-06 11:40:00+09:00,79100.0,79500.0,79000.0,79400.0,1948.0
2026-08-06 11:45:00+09:00,79400.0,79700.0,79100.0,79400.0,4522.0
2026-08-06 11:50:00+09:00,79500.0,80100.0,79400.0,80000.0,3655.0
2026-08-06 11:55:00+09:00,80100.0,80100.0,79500.0,79500.0,3077.0
2026-08-06 12:00:00+09:00,79600.0,80000.0,79400.0,80000.0,1012.0
2026-08-06 12:05:00+09:00,80000.0,80100.0,79500.0,79600.0,2626.0
2026-08-06 12:10:00+09:00,79600.0,79700.0,79300.0,79500.0,1882.0
2026-08-06 12:15:00+09:00,79500.0,79600.0,79100.0,79100.0,2736.0
2026-08-06 12:20:00+09:00,79200.0,79500.0,79100.0,79300.0,1240.0
2026-08-06 12:25:00+09:00,79300.0,79700.0,78800.0,79000.0,2549.0
2026-08-06 12:30:00+09:00,78900.0,79000.0,78300.0,78700.0,3744.0
2026-08-06 12:35:00+09:00,78700.0,79100.0,78600.0,79000.0,1195.0
2026-08-06 12:40:00+09:00,79100.0,79100.0,78900.0,78900.0,762.0
2026-08-06 12:45:00+09:00,79100.0,79100.0,78800.0,78900.0,658.0
2026-08-06 12:50:00+09:00,78900.0,79000.0,78700.0,78800.0,779.0
2026-08-06 12:55:00+09:00,78800.0,79000.0,78800.0,79000.0,670.0
2026-08-06 13:00:00+09:00,78900.0,79000.0,78400.0,78500.0,1293.0
2026-08-06 13:05:00+09:00,78500.0,78700.0,78400.0,78600.0,959.0
2026-08-06 13:10:00+09:00,78600.0,78800.0,78500.0,78700.0,947.0
2026-08-06 13:15:00+09:00,78700.0,79000.0,78600.0,78800.0,1187.0
2026-08-06 13:20:00+09:00,78800.0,79200.0,78700.0,79200.0,980.0
2026-08-06 13:25:00+09:00,79200.0,79600.0,79200.0,79300.0,1182.0
2026-08-06 13:30:00+09:00,79300.0,79900.0,79300.0,79600.0,1883.0
2026-08-06 13:35:00+09:00,79600.0,79900.0,79400.0,79600.0,1369.0
2026-08-06 13:40:00+09:00,79600.0,79700.0,79300.0,79400.0,1226.0
2026-08-06 13:45:00+09:00,79500.0,79600.0,79200.0,79300.0,799.0
2026-08-06 13:50:00+09:00,79300.0,79800.0,79200.0,79700.0,1673.0
2026-08-06 13:55:00+09:00,79700.0,80100.0,79700.0,80000.0,1892.0
2026-08-06 14:00:00+09:00,80000.0,80300.0,79700.0,80300.0,2402.0
2026-08-06 14:05:00+09:00,80200.0,80500.0,80100.0,80100.0,2390.0
2026-08-06 14:10:00+09:00,80100.0,80200.0,79800.0,79950.0,1352.0
2026-08-06 14:15:00+09:00,79950.0,80100.0,79700.0,79900.0,2138.0
2026-08-06 14:20:00+09:00,79900.0,80200.0,79900.0,80100.0,1089.0
2026-08-06 14:25:00+09:00,80100.0,80400.0,80000.0,80100.0,2082.0
2026-08-06 14:30:00+09:00,80200.0,80200.0,79700.0,79800.0,1942.0
2026-08-06 14:35:00+09:00,79800.0,80000.0,79700.0,79900.0,1656.0
2026-08-06 14:40:00+09:00,79900.0,80100.0,79800.0,80000.0,1328.0
2026-08-06 14:45:00+09:00,80000.0,80300.0,79600.0,79700.0,2071.0
2026-08-06 14:50:00+09:00,79600.0,80000.0,79200.0,79900.0,4103.0
2026-08-06 14:55:00+09:00,79900.0,80500.0,79900.0,80400.0,1916.0
2026-08-07 09:00:00+09:00,85500.0,92300.0,84000.0,88600.0,99150.0
2026-08-07 09:05:00+09:00,88600.0,92300.0,87800.0,92000.0,70402.0
2026-08-07 09:10:00+09:00,92200.0,97300.0,91500.0,97000.0,67595.0
2026-08-07 09:15:00+09:00,97000.0,97600.0,92200.0,92300.0,93459.0
2026-08-07 09:20:00+09:00,92300.0,92500.0,89300.0,89300.0,51987.0
2026-08-07 09:25:00+09:00,89400.0,91500.0,89200.0,89400.0,39738.0
2026-08-07 09:30:00+09:00,89500.0,91500.0,88500.0,91300.0,31643.0
2026-08-07 09:35:00+09:00,91200.0,92800.0,90500.0,92300.0,41084.0
2026-08-07 09:40:00+09:00,92400.0,93300.0,90400.0,92600.0,46717.0
2026-08-07 09:45:00+09:00,92600.0,93300.0,91600.0,91600.0,34356.0
2026-08-07 09:50:00+09:00,91600.0,91900.0,89300.0,89400.0,37552.0
2026-08-07 09:55:00+09:00,89200.0,90000.0,88300.0,89800.0,25951.0
2026-08-07 10:00:00+09:00,89900.0,90500.0,89300.0,90000.0,16989.0
2026-08-07 10:05:00+09:00,90000.0,90000.0,88700.0,88900.0,10133.0
2026-08-07 10:10:00+09:00,88900.0,88900.0,87200.0,87400.0,21282.0
2026-08-07 10:15:00+09:00,87500.0,88100.0,87000.0,87100.0,17584.0
2026-08-07 10:20:00+09:00,87100.0,87300.0,86300.0,86400.0,15542.0
2026-08-07 10:25:00+09:00,86400.0,88000.0,86400.0,87700.0,24985.0
2026-08-07 10:30:00+09:00,87700.0,88000.0,86400.0,86500.0,14966.0
2026-08-07 10:35:00+09:00,86500.0,86500.0,84800.0,85100.0,21568.0
2026-08-07 10:40:00+09:00,85100.0,85600.0,85000.0,85300.0,10501.0
2026-08-07 10:45:00+09:00,85300.0,86100.0,85000.0,86000.0,15273.0
2026-08-07 10:50:00+09:00,86000.0,86100.0,85100.0,85800.0,9142.0
2026-08-07 10:55:00+09:00,85800.0,86200.0,85200.0,85500.0,14248.0
2026-08-07 11:00:00+09:00,85300.0,86100.0,84800.0,86100.0,11658.0
2026-08-07 11:05:00+09:00,86100.0,86300.0,85000.0,85200.0,9663.0
2026-08-07 11:10:00+09:00,85200.0,86000.0,85000.0,85800.0,6531.0
2026-08-07 11:15:00+09:00,85500.0,86200.0,85200.0,86000.0,6334.0
2026-08-07 11:20:00+09:00,86000.0,86200.0,85300.0,86000.0,6738.0
2026-08-07 11:25:00+09:00,86100.0,86600.0,85800.0,86300.0,6319.0
2026-08-07 11:30:00+09:00,86300.0,86300.0,85600.0,85700.0,4841.0
2026-08-07 11:35:00+09:00,85700.0,86000.0,85600.0,85800.0,3539.0
2026-08-07 11:40:00+09:00,85800.0,86000.0,85300.0,85400.0,5963.0
2026-08-07 11:45:00+09:00,85400.0,86400.0,85300.0,86200.0,4529.0
2026-08-07 11:50:00+09:00,86300.0,86400.0,85800.0,85900.0,4224.0
2026-08-07 11:55:00+09:00,85900.0,86500.0,85200.0,85200.0,5955.0
2026-08-07 12:00:00+09:00,85200.0,85800.0,85200.0,85500.0,3209.0
2026-08-07 12:05:00+09:00,85500.0,85800.0,85400.0,85500.0,3291.0
2026-08-07 12:10:00+09:00,85400.0,85600.0,84400.0,84500.0,13965.0
2026-08-07 12:15:00+09:00,84500.0,84700.0,84100.0,84300.0,6031.0
2026-08-07 12:20:00+09:00,84200.0,84300.0,83700.0,83800.0,5887.0
2026-08-07 12:25:00+09:00,83800.0,84000.0,83700.0,83900.0,3998.0
2026-08-07 12:30:00+09:00,84000.0,84400.0,83800.0,84000.0,4596.0
2026-08-07 12:35:00+09:00,83900.0,84700.0,83800.0,84400.0,6363.0
2026-08-07 12:40:00+09:00,84400.0,84500.0,83800.0,83900.0,7954.0
2026-08-07 12:45:00+09:00,83900.0,84000.0,83500.0,84000.0,5700.0
2026-08-07 12:50:00+09:00,83900.0,84100.0,83300.0,83500.0,5281.0
2026-08-07 12:55:00+09:00,83400.0,83500.0,83300.0,83400.0,4189.0
2026-08-07 13:00:00+09:00,83400.0,83800.0,83000.0,83700.0,7204.0
2026-08-07 13:05:00+09:00,83700.0,84000.0,83200.0,83500.0,5642.0
2026-08-07 13:10:00+09:00,83600.0,83900.0,83500.0,83800.0,4125.0
2026-08-07 13:15:00+09:00,83800.0,84200.0,83600.0,84000.0,3847.0
2026-08-07 13:20:00+09:00,84100.0,84900.0,84000.0,84700.0,6382.0
2026-08-07 13:25:00+09:00,84700.0,85000.0,84300.0,84700.0,6092.0
2026-08-07 13:30:00+09:00,84700.0,85000.0,84400.0,84900.0,6319.0
2026-08-07 13:35:00+09:00,85000.0,85000.0,84600.0,84700.0,5129.0
2026-08-07 13:40:00+09:00,84700.0,86500.0,84700.0,86200.0,11377.0
2026-08-07 13:45:00+09:00,86100.0,86100.0,85700.0,85800.0,7969.0
2026-08-07 13:50:00+09:00,85700.0,85900.0,85300.0,85800.0,6189.0
2026-08-07 13:55:00+09:00,85900.0,86400.0,85800.0,86200.0,9657.0
2026-08-07 14:00:00+09:00,86150.0,87500.0,86150.0,87500.0,8547.0
2026-08-07 14:05:00+09:00,87500.0,88400.0,87400.0,88000.0,14057.0
2026-08-07 14:10:00+09:00,88000.0,88200.0,87400.0,87900.0,9789.0
2026-08-07 14:15:00+09:00,87900.0,88650.0,87900.0,88000.0,12726.0
2026-08-07 14:20:00+09:00,88000.0,89000.0,88000.0,88500.0,11584.0
2026-08-07 14:25:00+09:00,88500.0,89500.0,88500.0,89400.0,13880.0
2026-08-07 14:30:00+09:00,89400.0,89900.0,89000.0,89100.0,19615.0
2026-08-07 14:35:00+09:00,89100.0,89400.0,88800.0,89000.0,13343.0
2026-08-07 14:40:00+09:00,89000.0,89900.0,88900.0,89800.0,15964.0
2026-08-07 14:45:00+09:00,89850.0,90300.0,89100.0,90300.0,16943.0
2026-08-07 14:50:00+09:00,90300.0,90700.0,89800.0,90600.0,21934.0
2026-08-07 14:55:00+09:00,90600.0,90800.0,90300.0,90600.0,15743.0
2026-08-10 09:00:00+09:00,90000.0,90300.0,86600.0,87400.0,0.0
2026-08-10 09:05:00+09:00,87600.0,88600.0,86800.0,87100.0,19809.0
2026-08-10 09:10:00+09:00,87100.0,89500.0,87100.0,89500.0,9939.0
2026-08-10 09:15:00+09:00,89500.0,89800.0,87600.0,87900.0,9745.0
2026-08-10 09:20:00+09:00,87800.0,88600.0,87800.0,88400.0,4079.0
2026-08-10 09:25:00+09:00,88400.0,89300.0,88400.0,88700.0,5477.0
2026-08-10 09:30:00+09:00,88700.0,90300.0,88700.0,89900.0,10341.0
2026-08-10 09:35:00+09:00,89900.0,90300.0,89600.0,90200.0,4955.0
2026-08-10 09:40:00+09:00,90100.0,91100.0,89700.0,91000.0,8916.0
2026-08-10 09:45:00+09:00,91000.0,91400.0,90600.0,91400.0,5010.0
2026-08-10 09:50:00+09:00,91400.0,92000.0,91100.0,91900.0,10101.0
2026-08-10 09:55:00+09:00,92000.0,92400.0,91600.0,91900.0,9691.0
2026-08-10 10:00:00+09:00,91900.0,92700.0,91800.0,92600.0,12911.0
2026-08-10 10:05:00+09:00,92600.0,94800.0,92600.0,94800.0,20271.0
2026-08-10 10:10:00+09:00,94700.0,95300.0,94400.0,95000.0,20465.0
2026-08-10 10:15:00+09:00,95100.0,95600.0,94000.0,94800.0,13621.0
2026-08-10 10:20:00+09:00,94800.0,95800.0,94800.0,95600.0,10103.0
2026-08-10 10:25:00+09:00,95700.0,95800.0,95200.0,95300.0,7921.0
2026-08-10 10:30:00+09:00,95300.0,95400.0,93600.0,93800.0,20864.0
2026-08-10 10:35:00+09:00,93800.0,96600.0,93700.0,96100.0,19397.0
2026-08-10 10:40:00+09:00,96100.0,96400.0,95400.0,95700.0,8766.0
2026-08-10 10:45:00+09:00,95700.0,96500.0,95500.0,96300.0,9211.0
2026-08-10 10:50:00+09:00,96300.0,96800.0,95700.0,95900.0,9625.0
2026-08-10 10:55:00+09:00,95900.0,95900.0,94300.0,94500.0,8931.0
2026-08-10 11:00:00+09:00,94600.0,95300.0,94200.0,94800.0,6964.0
2026-08-10 11:05:00+09:00,94800.0,95400.0,94300.0,95200.0,8060.0
2026-08-10 11:10:00+09:00,95200.0,96300.0,95200.0,95900.0,8349.0
2026-08-10 11:15:00+09:00,96000.0,96100.0,95400.0,95700.0,8365.0
2026-08-10 11:20:00+09:00,95800.0,95800.0,95300.0,95600.0,5745.0
2026-08-10 11:25:00+09:00,95500.0,95700.0,95100.0,95200.0,5203.0
2026-08-10 11:30:00+09:00,95200.0,95600.0,95000.0,95200.0,5483.0
2026-08-10 11:35:00+09:00,95300.0,96500.0,95200.0,96500.0,7701.0
2026-08-10 11:40:00+09:00,96500.0,96500.0,96100.0,96300.0,5258.0
2026-08-10 11:45:00+09:00,96200.0,96400.0,96000.0,96300.0,5178.0
2026-08-10 11:50:00+09:00,96300.0,96300.0,95900.0,96100.0,4705.0
2026-08-10 11:55:00+09:00,96100.0,96200.0,95700.0,95800.0,4697.0
2026-08-10 12:00:00+09:00,95900.0,96200.0,95600.0,95700.0,5384.0
2026-08-10 12:05:00+09:00,95800.0,96000.0,95500.0,95800.0,4577.0
2026-08-10 12:10:00+09:00,95900.0,96200.0,95600.0,96000.0,3785.0
2026-08-10 12:15:00+09:00,96000.0,96100.0,95600.0,95900.0,4980.0
2026-08-10 12:20:00+09:00,95800.0,96000.0,95600.0,95800.0,4982.0
2026-08-10 12:25:00+09:00,95800.0,96000.0,95600.0,95900.0,3869.0
2026-08-10 12:30:00+09:00,96000.0,96200.0,95700.0,95800.0,3683.0
2026-08-10 12:35:00+09:00,95900.0,96200.0,95900.0,96200.0,4452.0
2026-08-10 12:40:00+09:00,96100.0,96300.0,95800.0,96000.0,4598.0
2026-08-10 12:45:00+09:00,96050.0,96200.0,95500.0,95600.0,4746.0
2026-08-10 12:50:00+09:00,95600.0,95900.0,95600.0,95700.0,4210.0
2026-08-10 12:55:00+09:00,95700.0,95900.0,95500.0,95600.0,4012.0
2026-08-10 13:00:00+09:00,95700.0,96000.0,95600.0,95600.0,4112.0
2026-08-10 13:05:00+09:00,95600.0,96000.0,95500.0,95800.0,4628.0
2026-08-10 13:10:00+09:00,95900.0,95900.0,95500.0,95600.0,4930.0
2026-08-10 13:15:00+09:00,95600.0,96700.0,95400.0,96400.0,15960.0
2026-08-10 13:20:00+09:00,96300.0,96600.0,96100.0,96500.0,10219.0
2026-08-10 13:25:00+09:00,96500.0,96900.0,96300.0,96600.0,20164.0
2026-08-10 13:30:00+09:00,96600.0,96600.0,96000.0,96400.0,5382.0
2026-08-10 13:35:00+09:00,96400.0,98400.0,96000.0,98400.0,25360.0
2026-08-10 13:40:00+09:00,98400.0,99300.0,98300.0,99300.0,18590.0
2026-08-10 13:45:00+09:00,99300.0,102000.0,99200.0,101300.0,47322.0
2026-08-10 13:50:00+09:00,101400.0,102000.0,99500.0,100200.0,29029.0
2026-08-10 13:55:00+09:00,100200.0,100400.0,99500.0,100100.0,16867.0
2026-08-10 14:00:00+09:00,100100.0,100500.0,99800.0,100200.0,13475.0
2026-08-10 14:05:00+09:00,100200.0,101100.0,100000.0,101100.0,11219.0
2026-08-10 14:10:00+09:00,101200.0,101600.0,100900.0,101500.0,11365.0
2026-08-10 14:15:00+09:00,101500.0,102100.0,101200.0,101700.0,16175.0
2026-08-10 14:20:00+09:00,101700.0,103000.0,101700.0,102300.0,29854.0
2026-08-10 14:25:00+09:00,102300.0,102300.0,101100.0,101600.0,15507.0
2026-08-10 14:30:00+09:00,101700.0,101800.0,100500.0,100600.0,11705.0
2026-08-10 14:35:00+09:00,100600.0,101300.0,100300.0,100400.0,12217.0
2026-08-10 14:40:00+09:00,100400.0,100700.0,100100.0,100400.0,10354.0
2026-08-10 14:45:00+09:00,100400.0,101200.0,100400.0,101100.0,9037.0
2026-08-10 14:50:00+09:00,101100.0,101900.0,100500.0,101600.0,22149.0
2026-08-10 14:55:00+09:00,101700.0,102300.0,101600.0,101900.0,12416.0
2026-08-11 09:00:00+09:00,100400.0,103000.0,99200.0,101700.0,23762.0
2026-08-11 09:05:00+09:00,101700.0,101700.0,99100.0,100300.0,14111.0
2026-08-11 09:10:00+09:00,100300.0,101500.0,100100.0,101100.0,10897.0
2026-08-11 09:15:00+09:00,101000.0,101300.0,100300.0,101300.0,11714.0
2026-08-11 09:20:00+09:00,101200.0,101200.0,98400.0,100300.0,14035.0
2026-08-11 09:25:00+09:00,100200.0,101100.0,100000.0,100700.0,7600.0
2026-08-11 09:30:00+09:00,100700.0,103000.0,100500.0,102800.0,10793.0
2026-08-11 09:35:00+09:00,102800.0,103200.0,102100.0,102700.0,16606.0
2026-08-11 09:40:00+09:00,102700.0,103600.0,102700.0,103000.0,10750.0
2026-08-11 09:45:00+09:00,103000.0,104400.0,102400.0,103600.0,10155.0
2026-08-11 09:50:00+09:00,103700.0,104400.0,103400.0,103500.0,13596.0
2026-08-11 09:55:00+09:00,103500.0,103600.0,102700.0,103000.0,16472.0
2026-08-11 10:00:00+09:00,103100.0,103100.0,101800.0,102000.0,10922.0
2026-08-11 10:05:00+09:00,102100.0,103400.0,102000.0,103100.0,17775.0
2026-08-11 10:10:00+09:00,103200.0,104000.0,103100.0,103900.0,7675.0
2026-08-11 10:15:00+09:00,103800.0,104000.0,102800.0,103300.0,7815.0
2026-08-11 10:20:00+09:00,103300.0,103400.0,101600.0,101600.0,13277.0
2026-08-11 10:25:00+09:00,101800.0,102500.0,101500.0,102000.0,9614.0
2026-08-11 10:30:00+09:00,102000.0,102100.0,101500.0,101600.0,8358.0
2026-08-11 10:35:00+09:00,101700.0,101700.0,100900.0,101300.0,18695.0
2026-08-11 10:40:00+09:00,101200.0,101300.0,100800.0,101100.0,5373.0
2026-08-11 10:45:00+09:00,101100.0,101100.0,100000.0,100700.0,7711.0
2026-08-11 10:50:00+09:00,100700.0,100700.0,99300.0,99700.0,15006.0
2026-08-11 10:55:00+09:00,99600.0,99750.0,99200.0,99200.0,4534.0
2026-08-11 11:00:00+09:00,99300.0,99600.0,99100.0,99200.0,4892.0
2026-08-11 11:05:00+09:00,99400.0,99600.0,98900.0,99100.0,4695.0
2026-08-11 11:10:00+09:00,98900.0,99300.0,98800.0,99200.0,10620.0
2026-08-11 11:15:00+09:00,99100.0,99300.0,98800.0,99000.0,6472.0
2026-08-11 11:20:00+09:00,99100.0,99400.0,98900.0,99200.0,3943.0
2026-08-11 11:25:00+09:00,99100.0,99900.0,99100.0,99800.0,4562.0
2026-08-11 11:30:00+09:00,99800.0,100400.0,99700.0,100200.0,3844.0
2026-08-11 11:35:00+09:00,100200.0,100400.0,100000.0,100100.0,1824.0
2026-08-11 11:40:00+09:00,100100.0,100300.0,100100.0,100100.0,1718.0
2026-08-11 11:45:00+09:00,100200.0,100200.0,99750.0,99900.0,2996.0
2026-08-11 11:50:00+09:00,99800.0,99900.0,99600.0,99800.0,3017.0
2026-08-11 11:55:00+09:00,99700.0,99700.0,99500.0,99600.0,1505.0
2026-08-11 12:00:00+09:00,99600.0,99800.0,99500.0,99700.0,1632.0
2026-08-11 12:05:00+09:00,99600.0,100000.0,99400.0,99700.0,3108.0
2026-08-11 12:10:00+09:00,99700.0,100800.0,99600.0,100000.0,4458.0
2026-08-11 12:15:00+09:00,99900.0,100100.0,99900.0,99900.0,1652.0
2026-08-11 12:20:00+09:00,100000.0,100400.0,99900.0,100200.0,1711.0
2026-08-11 12:25:00+09:00,100300.0,100300.0,99900.0,100000.0,2218.0
2026-08-11 12:30:00+09:00,100000.0,100000.0,99500.0,99600.0,2165.0
2026-08-11 12:35:00+09:00,99600.0,99800.0,99300.0,99800.0,2373.0
2026-08-11 12:40:00+09:00,99700.0,99900.0,99200.0,99300.0,2193.0
2026-08-11 12:45:00+09:00,99300.0,99300.0,99100.0,99200.0,3278.0
2026-08-11 12:50:00+09:00,99300.0,99600.0,99200.0,99400.0,2841.0
2026-08-11 12:55:00+09:00,99300.0,99600.0,99200.0,99500.0,2061.0
2026-08-11 13:00:00+09:00,99600.0,99600.0,99200.0,99300.0,2034.0
2026-08-11 13:05:00+09:00,99400.0,99500.0,99300.0,99400.0,1948.0
2026-08-11 13:10:00+09:00,99400.0,99500.0,98900.0,98900.0,5195.0
2026-08-11 13:15:00+09:00,98900.0,99200.0,98900.0,99100.0,2499.0
2026-08-11 13:20:00+09:00,99100.0,99200.0,98900.0,98900.0,2819.0
2026-08-11 13:25:00+09:00,98900.0,99500.0,98900.0,99300.0,3633.0
2026-08-11 13:30:00+09:00,99200.0,99400.0,98900.0,99000.0,3193.0
2026-08-11 13:35:00+09:00,99000.0,99200.0,98900.0,99000.0,2889.0
2026-08-11 13:40:00+09:00,99100.0,99100.0,98900.0,99000.0,2517.0
2026-08-11 13:45:00+09:00,99000.0,99100.0,98800.0,98800.0,2694.0
2026-08-11 13:50:00+09:00,98800.0,98900.0,98800.0,98900.0,2436.0
2026-08-11 13:55:00+09:00,98900.0,98900.0,98500.0,98700.0,7671.0
2026-08-11 14:00:00+09:00,98500.0,99500.0,98500.0,99400.0,6194.0
2026-08-11 14:05:00+09:00,99300.0,99600.0,99300.0,99400.0,2338.0
2026-08-11 14:10:00+09:00,99500.0,99500.0,99200.0,99300.0,2123.0
2026-08-11 14:15:00+09:00,99300.0,99500.0,99200.0,99500.0,1855.0
2026-08-11 14:20:00+09:00,99500.0,99500.0,99000.0,99100.0,2677.0
2026-08-11 14:25:00+09:00,99100.0,99200.0,99000.0,99200.0,1929.0
2026-08-11 14:30:00+09:00,99200.0,99600.0,99100.0,99500.0,2948.0
2026-08-11 14:35:00+09:00,99600.0,99600.0,99200.0,99500.0,2022.0
2026-08-11 14:40:00+09:00,99600.0,99600.0,99100.0,99200.0,3353.0
2026-08-11 14:45:00+09:00,99200.0,99300.0,98800.0,98900.0,5212.0
2026-08-11 14:50:00+09:00,98900.0,98900.0,98600.0,98600.0,4508.0
2026-08-11 14:55:00+09:00,98700.0,98800.0,98500.0,98700.0,3959.0
2026-08-12 09:00:00+09:00,99300.0,100700.0,98100.0,99500.0,18210.0
2026-08-12 09:05:00+09:00,99900.0,100100.0,97100.0,97500.0,12251.0
2026-08-12 09:10:00+09:00,97500.0,100000.0,96600.0,99700.0,13811.0
2026-08-12 09:15:00+09:00,99600.0,100000.0,98900.0,99900.0,7141.0
2026-08-12 09:20:00+09:00,99900.0,101000.0,99400.0,100500.0,9395.0
2026-08-12 09:25:00+09:00,100600.0,100700.0,98800.0,99000.0,10156.0
2026-08-12 09:30:00+09:00,99000.0,99500.0,98800.0,99400.0,5625.0
2026-08-12 09:35:00+09:00,99400.0,99500.0,98800.0,99200.0,5672.0
2026-08-12 09:40:00+09:00,99200.0,100700.0,99000.0,100500.0,10805.0
2026-08-12 09:45:00+09:00,100500.0,102800.0,100000.0,102700.0,14924.0
2026-08-12 09:50:00+09:00,102700.0,103400.0,102100.0,102200.0,18256.0
2026-08-12 09:55:00+09:00,102200.0,105800.0,102100.0,105600.0,30112.0
2026-08-12 10:00:00+09:00,105500.0,105500.0,102400.0,103300.0,14301.0
2026-08-12 10:05:00+09:00,103150.0,103200.0,101200.0,101200.0,9417.0
2026-08-12 10:10:00+09:00,101300.0,101700.0,101100.0,101200.0,4756.0
2026-08-12 10:15:00+09:00,101300.0,101600.0,100900.0,101200.0,5855.0
2026-08-12 10:20:00+09:00,101200.0,101300.0,100800.0,101000.0,3135.0
2026-08-12 10:25:00+09:00,100900.0,101700.0,100900.0,101200.0,3293.0
2026-08-12 10:30:00+09:00,101100.0,101200.0,100800.0,101100.0,4514.0
2026-08-12 10:35:00+09:00,101100.0,101100.0,100600.0,100700.0,4791.0
2026-08-12 10:40:00+09:00,100800.0,100900.0,100100.0,100100.0,3407.0
2026-08-12 10:45:00+09:00,100200.0,100200.0,99500.0,99800.0,7763.0
2026-08-12 10:50:00+09:00,99800.0,99900.0,99200.0,99200.0,4608.0
2026-08-12 10:55:00+09:00,99200.0,99400.0,99000.0,99400.0,3886.0
2026-08-12 11:00:00+09:00,99400.0,99800.0,99100.0,99300.0,4869.0
2026-08-12 11:05:00+09:00,99300.0,99400.0,99100.0,99100.0,2747.0
2026-08-12 11:10:00+09:00,99200.0,99700.0,99100.0,99400.0,2756.0
2026-08-12 11:15:00+09:00,99400.0,100000.0,99200.0,99900.0,5444.0
2026-08-12 11:20:00+09:00,99900.0,99900.0,99500.0,99600.0,3018.0
2026-08-12 11:25:00+09:00,99600.0,99900.0,99500.0,99900.0,2169.0
2026-08-12 11:30:00+09:00,99800.0,100000.0,99600.0,99600.0,3635.0
2026-08-12 11:35:00+09:00,99700.0,99700.0,99200.0,99400.0,5666.0
2026-08-12 11:40:00+09:00,99400.0,99500.0,99200.0,99300.0,2410.0
2026-08-12 11:45:00+09:00,99400.0,99500.0,99300.0,99500.0,1602.0
2026-08-12 11:50:00+09:00,99500.0,99800.0,99400.0,99500.0,2328.0
2026-08-12 11:55:00+09:00,99400.0,99900.0,99300.0,99800.0,3053.0
2026-08-12 12:00:00+09:00,99800.0,100100.0,99600.0,99700.0,5176.0
2026-08-12 12:05:00+09:00,99700.0,99800.0,99500.0,99700.0,2622.0
2026-08-12 12:10:00+09:00,99600.0,99700.0,99200.0,99300.0,3757.0
2026-08-12 12:15:00+09:00,99300.0,99600.0,99200.0,99500.0,2208.0
2026-08-12 12:20:00+09:00,99500.0,99800.0,99400.0,99700.0,1693.0
2026-08-12 12:25:00+09:00,99700.0,100000.0,99600.0,99800.0,5367.0
2026-08-12 12:30:00+09:00,99700.0,99800.0,99600.0,99800.0,977.0
2026-08-12 12:35:00+09:00,99800.0,100200.0,99700.0,100000.0,2574.0
2026-08-12 12:40:00+09:00,100000.0,100100.0,99600.0,99600.0,2541.0
2026-08-12 12:45:00+09:00,99800.0,99900.0,99500.0,99700.0,2581.0
2026-08-12 12:50:00+09:00,99700.0,100000.0,99700.0,99800.0,1526.0
2026-08-12 12:55:00+09:00,99800.0,100000.0,99700.0,100000.0,1033.0
2026-08-12 13:00:00+09:00,99900.0,100200.0,99900.0,100100.0,1557.0
2026-08-12 13:05:00+09:00,100000.0,100100.0,99800.0,99900.0,2538.0
2026-08-12 13:10:00+09:00,99900.0,99900.0,99500.0,99600.0,2788.0
2026-08-12 13:15:00+09:00,99700.0,99800.0,99600.0,99700.0,1134.0
2026-08-12 13:20:00+09:00,99700.0,99800.0,99600.0,99600.0,1232.0
2026-08-12 13:25:00+09:00,99600.0,99900.0,99500.0,99800.0,1366.0
2026-08-12 13:30:00+09:00,99800.0,100600.0,99600.0,100500.0,2531.0
2026-08-12 13:35:00+09:00,100600.0,101100.0,100200.0,101000.0,5594.0
2026-08-12 13:40:00+09:00,101000.0,101100.0,100500.0,101100.0,7100.0
2026-08-12 13:45:00+09:00,101100.0,101800.0,101000.0,101700.0,6894.0
2026-08-12 13:50:00+09:00,101650.0,101800.0,101300.0,101300.0,4265.0
2026-08-12 13:55:00+09:00,101400.0,101600.0,100900.0,101000.0,4830.0
2026-08-12 14:00:00+09:00,101100.0,101200.0,99900.0,100000.0,2625.0
2026-08-12 14:05:00+09:00,100000.0,100300.0,99800.0,100100.0,1813.0
2026-08-12 14:10:00+09:00,100100.0,100300.0,99800.0,99800.0,2077.0
2026-08-12 14:15:00+09:00,99800.0,99900.0,99800.0,99800.0,995.0
2026-08-12 14:20:00+09:00,99900.0,100300.0,99800.0,100100.0,3946.0
2026-08-12 14:25:00+09:00,100200.0,100300.0,99900.0,99900.0,1722.0
2026-08-12 14:30:00+09:00,99900.0,100400.0,99900.0,100300.0,1892.0
2026-08-12 14:35:00+09:00,100300.0,100800.0,100200.0,100700.0,2222.0
2026-08-12 14:40:00+09:00,100800.0,100900.0,100400.0,100400.0,2230.0
2026-08-12 14:45:00+09:00,100400.0,100700.0,100400.0,100600.0,3315.0
2026-08-12 14:50:00+09:00,100700.0,101100.0,100500.0,100600.0,3677.0
2026-08-12 14:55:00+09:00,100600.0,100800.0,100500.0,100600.0,1925.0
2026-08-13 09:00:00+09:00,99600.0,101200.0,98900.0,100700.0,36482.0
2026-08-13 09:05:00+09:00,100700.0,100700.0,99000.0,99900.0,7134.0
2026-08-13 09:10:00+09:00,100000.0,100200.0,98800.0,98900.0,9892.0
2026-08-13 09:15:00+09:00,98900.0,99300.0,98400.0,98700.0,12064.0
2026-08-13 09:20:00+09:00,98700.0,102800.0,98100.0,102600.0,26530.0
2026-08-13 09:25:00+09:00,102600.0,104400.0,101600.0,101600.0,29025.0
2026-08-13 09:30:00+09:00,101600.0,102400.0,101200.0,102400.0,6689.0
2026-08-13 09:35:00+09:00,102400.0,103800.0,102300.0,103700.0,10308.0
2026-08-13 09:40:00+09:00,103700.0,104600.0,103200.0,104600.0,10682.0
2026-08-13 09:45:00+09:00,104500.0,104700.0,103200.0,103300.0,11139.0
2026-08-13 09:50:00+09:00,103300.0,103400.0,102800.0,102800.0,6895.0
2026-08-13 09:55:00+09:00,102900.0,103000.0,102500.0,103000.0,4046.0
2026-08-13 10:00:00+09:00,103000.0,103800.0,102900.0,103500.0,6168.0
2026-08-13 10:05:00+09:00,103300.0,103700.0,103100.0,103200.0,3049.0
2026-08-13 10:10:00+09:00,103200.0,103300.0,102600.0,102700.0,3256.0
2026-08-13 10:15:00+09:00,102700.0,104600.0,102700.0,104400.0,7150.0
2026-08-13 10:20:00+09:00,104300.0,105500.0,104200.0,105500.0,13933.0
2026-08-13 10:25:00+09:00,105400.0,105500.0,105000.0,105500.0,6728.0
2026-08-13 10:30:00+09:00,105400.0,106300.0,105400.0,106200.0,14371.0
2026-08-13 10:35:00+09:00,106300.0,107200.0,106000.0,106500.0,12049.0
2026-08-13 10:40:00+09:00,106500.0,106500.0,105400.0,105500.0,6631.0
2026-08-13 10:45:00+09:00,105500.0,105600.0,105000.0,105300.0,4672.0
2026-08-13 10:50:00+09:00,105300.0,105400.0,104300.0,104300.0,5278.0
2026-08-13 10:55:00+09:00,104300.0,104500.0,103800.0,104500.0,9482.0
2026-08-13 11:00:00+09:00,104450.0,104650.0,103900.0,104100.0,3572.0
2026-08-13 11:05:00+09:00,104000.0,104100.0,103600.0,103700.0,6121.0
2026-08-13 11:10:00+09:00,103700.0,104400.0,103700.0,103800.0,6186.0
2026-08-13 11:15:00+09:00,103900.0,104100.0,103600.0,103700.0,2168.0
2026-08-13 11:20:00+09:00,103700.0,103800.0,103500.0,103800.0,1980.0
2026-08-13 11:25:00+09:00,103700.0,103800.0,103400.0,103500.0,1974.0
2026-08-13 11:30:00+09:00,103500.0,103600.0,103100.0,103600.0,2987.0
2026-08-13 11:35:00+09:00,103600.0,103800.0,103250.0,103800.0,2390.0
2026-08-13 11:40:00+09:00,103800.0,104000.0,103700.0,103900.0,2326.0
2026-08-13 11:45:00+09:00,103800.0,104000.0,103700.0,103800.0,2387.0
2026-08-13 11:50:00+09:00,103800.0,104000.0,103700.0,103900.0,1819.0
2026-08-13 11:55:00+09:00,103900.0,104400.0,103900.0,104400.0,2752.0
2026-08-13 12:00:00+09:00,104300.0,104500.0,104300.0,104400.0,2648.0
2026-08-13 12:05:00+09:00,104400.0,104400.0,104200.0,104200.0,1871.0
2026-08-13 12:10:00+09:00,104200.0,104300.0,103900.0,104100.0,2160.0
2026-08-13 12:15:00+09:00,104100.0,104100.0,103800.0,104000.0,1595.0
2026-08-13 12:20:00+09:00,103900.0,103900.0,103600.0,103650.0,1247.0
2026-08-13 12:25:00+09:00,103600.0,104300.0,103600.0,104100.0,2248.0
2026-08-13 12:30:00+09:00,104000.0,104200.0,103600.0,103700.0,2844.0
2026-08-13 12:35:00+09:00,103700.0,104000.0,103600.0,103900.0,1573.0
2026-08-13 12:40:00+09:00,103900.0,104300.0,103700.0,104100.0,1615.0
2026-08-13 12:45:00+09:00,104000.0,104100.0,103700.0,103800.0,2123.0
2026-08-13 12:50:00+09:00,103700.0,103900.0,103300.0,103400.0,2012.0
2026-08-13 12:55:00+09:00,103300.0,103400.0,103200.0,103400.0,2361.0
2026-08-13 13:00:00+09:00,103400.0,103600.0,103300.0,103300.0,1528.0
2026-08-13 13:05:00+09:00,103400.0,103500.0,103000.0,103000.0,3258.0
2026-08-13 13:10:00+09:00,103100.0,103100.0,102500.0,102800.0,5193.0
2026-08-13 13:15:00+09:00,102800.0,103300.0,102800.0,103000.0,1914.0
2026-08-13 13:20:00+09:00,103000.0,103200.0,102600.0,103200.0,3242.0
2026-08-13 13:25:00+09:00,103200.0,103300.0,102800.0,103300.0,2271.0
2026-08-13 13:30:00+09:00,103300.0,103600.0,102900.0,103200.0,2487.0
2026-08-13 13:35:00+09:00,103200.0,103500.0,103200.0,103300.0,2090.0
2026-08-13 13:40:00+09:00,103100.0,103300.0,102800.0,103100.0,2364.0
2026-08-13 13:45:00+09:00,103000.0,103100.0,102700.0,102900.0,3025.0
2026-08-13 13:50:00+09:00,102900.0,103000.0,102700.0,102700.0,2261.0
2026-08-13 13:55:00+09:00,102700.0,102800.0,102600.0,102800.0,2061.0
2026-08-13 14:00:00+09:00,102700.0,103950.0,102400.0,103800.0,6934.0
2026-08-13 14:05:00+09:00,103800.0,104300.0,103600.0,104200.0,4520.0
2026-08-13 14:10:00+09:00,104300.0,104300.0,103500.0,103900.0,4955.0
2026-08-13 14:15:00+09:00,104000.0,104000.0,103500.0,103800.0,6030.0
2026-08-13 14:20:00+09:00,103800.0,104200.0,103500.0,103900.0,7440.0
2026-08-13 14:25:00+09:00,103900.0,104500.0,103900.0,104200.0,6642.0
2026-08-13 14:30:00+09:00,104200.0,104400.0,103400.0,103800.0,7648.0
2026-08-13 14:35:00+09:00,103700.0,103800.0,103100.0,103300.0,6218.0
2026-08-13 14:40:00+09:00,103300.0,103500.0,102600.0,103100.0,7859.0
2026-08-13 14:45:00+09:00,103100.0,103400.0,102800.0,103400.0,5763.0
2026-08-13 14:50:00+09:00,103400.0,103500.0,102800.0,103000.0,5619.0
2026-08-13 14:55:00+09:00,103000.0,103200.0,102800.0,102900.0,5418.0
2026-08-14 09:00:00+09:00,103000.0,106400.0,103000.0,105100.0,22202.0
2026-08-14 09:05:00+09:00,105100.0,107000.0,104100.0,105000.0,14965.0
2026-08-14 09:10:00+09:00,105000.0,105500.0,104200.0,105300.0,6023.0
2026-08-14 09:15:00+09:00,105400.0,105900.0,104700.0,105800.0,6707.0
2026-08-14 09:20:00+09:00,105800.0,105900.0,104500.0,104500.0,5486.0
2026-08-14 09:25:00+09:00,104500.0,106500.0,104500.0,106100.0,7367.0
2026-08-14 09:30:00+09:00,106200.0,107300.0,106200.0,107100.0,14990.0
2026-08-14 09:35:00+09:00,107100.0,107100.0,105700.0,106200.0,7309.0
2026-08-14 09:40:00+09:00,106200.0,106300.0,105700.0,105800.0,5989.0
2026-08-14 09:45:00+09:00,105800.0,105900.0,105000.0,105000.0,8920.0
2026-08-14 09:50:00+09:00,105000.0,105300.0,104000.0,104400.0,8710.0
2026-08-14 09:55:00+09:00,104400.0,104600.0,104000.0,104300.0,6422.0
2026-08-14 10:00:00+09:00,104300.0,104400.0,103100.0,103100.0,9710.0
2026-08-14 10:05:00+09:00,103100.0,104400.0,103000.0,104200.0,6744.0
2026-08-14 10:10:00+09:00,104200.0,104200.0,103300.0,103400.0,4673.0
2026-08-14 10:15:00+09:00,103400.0,103900.0,103100.0,103700.0,6109.0
2026-08-14 10:20:00+09:00,103800.0,104100.0,103200.0,103900.0,5131.0
2026-08-14 10:25:00+09:00,104000.0,104200.0,103600.0,104000.0,4096.0
2026-08-14 10:30:00+09:00,104000.0,104100.0,103200.0,103300.0,4236.0
2026-08-14 10:35:00+09:00,103400.0,104100.0,103400.0,104000.0,4978.0
2026-08-14 10:40:00+09:00,104100.0,105500.0,104000.0,104500.0,6175.0
2026-08-14 10:45:00+09:00,104600.0,105500.0,104500.0,104800.0,7862.0
2026-08-14 10:50:00+09:00,104800.0,105200.0,104300.0,104300.0,5273.0
2026-08-14 10:55:00+09:00,104300.0,105100.0,104200.0,104900.0,5358.0
2026-08-14 11:00:00+09:00,104900.0,105300.0,104300.0,104300.0,5451.0
2026-08-14 11:05:00+09:00,104300.0,104900.0,104300.0,104400.0,2892.0
2026-08-14 11:10:00+09:00,104400.0,105000.0,104400.0,104800.0,1940.0
2026-08-14 11:15:00+09:00,104700.0,104700.0,104200.0,104400.0,2365.0
2026-08-14 11:20:00+09:00,104500.0,104800.0,104300.0,104800.0,2115.0
2026-08-14 11:25:00+09:00,104800.0,104900.0,104300.0,104500.0,2029.0
2026-08-14 11:30:00+09:00,104500.0,104800.0,104400.0,104600.0,2541.0
2026-08-14 11:35:00+09:00,104600.0,104800.0,104400.0,104400.0,2624.0
2026-08-14 11:40:00+09:00,104700.0,104700.0,104200.0,104300.0,1189.0
2026-08-14 11:45:00+09:00,104200.0,104400.0,103600.0,103700.0,4060.0
2026-08-14 11:50:00+09:00,103700.0,103800.0,103500.0,103500.0,1794.0
2026-08-14 11:55:00+09:00,103600.0,104800.0,103500.0,104600.0,4934.0
2026-08-14 12:00:00+09:00,104600.0,105900.0,104600.0,105400.0,7693.0
2026-08-14 12:05:00+09:00,105400.0,106000.0,105300.0,105800.0,3179.0
2026-08-14 12:10:00+09:00,105700.0,106100.0,105600.0,105800.0,3221.0
2026-08-14 12:15:00+09:00,105900.0,106900.0,105700.0,106800.0,5956.0
2026-08-14 12:20:00+09:00,106900.0,107300.0,106800.0,106800.0,6892.0
2026-08-14 12:25:00+09:00,106900.0,107200.0,106800.0,107000.0,3565.0
2026-08-14 12:30:00+09:00,107000.0,107600.0,106800.0,107300.0,8116.0
2026-08-14 12:35:00+09:00,107300.0,107500.0,107000.0,107400.0,3882.0
2026-08-14 12:40:00+09:00,107400.0,107600.0,106800.0,107000.0,4315.0
2026-08-14 12:45:00+09:00,107000.0,107100.0,106900.0,107000.0,2282.0
2026-08-14 12:50:00+09:00,107000.0,107400.0,107000.0,107100.0,2468.0
2026-08-14 12:55:00+09:00,107100.0,107500.0,106900.0,107000.0,3200.0
2026-08-14 13:00:00+09:00,107100.0,107500.0,107000.0,107500.0,2887.0
2026-08-14 13:05:00+09:00,107500.0,108600.0,107400.0,107700.0,13644.0
2026-08-14 13:10:00+09:00,107700.0,108500.0,107500.0,108400.0,4420.0
2026-08-14 13:15:00+09:00,108500.0,108800.0,108100.0,108100.0,7889.0
2026-08-14 13:20:00+09:00,108200.0,108200.0,107500.0,108000.0,3802.0
2026-08-14 13:25:00+09:00,107950.0,108000.0,107600.0,107800.0,3414.0
2026-08-14 13:30:00+09:00,107800.0,108600.0,107700.0,107800.0,7165.0
2026-08-14 13:35:00+09:00,107800.0,108000.0,107500.0,107700.0,3583.0
2026-08-14 13:40:00+09:00,107700.0,107900.0,107400.0,107500.0,3766.0
2026-08-14 13:45:00+09:00,107500.0,108300.0,107100.0,108000.0,6558.0
2026-08-14 13:50:00+09:00,108000.0,108700.0,107900.0,108500.0,7758.0
2026-08-14 13:55:00+09:00,108500.0,109000.0,108300.0,109000.0,7752.0
2026-08-14 14:00:00+09:00,108900.0,109300.0,108700.0,108900.0,11924.0
2026-08-14 14:05:00+09:00,108900.0,109200.0,108200.0,108300.0,10064.0
2026-08-14 14:10:00+09:00,108300.0,108900.0,107900.0,108800.0,7151.0
2026-08-14 14:15:00+09:00,108800.0,109600.0,108300.0,109300.0,15945.0
2026-08-14 14:20:00+09:00,109300.0,110500.0,109100.0,110100.0,23903.0
2026-08-14 14:25:00+09:00,110100.0,110300.0,109800.0,110100.0,8330.0
2026-08-14 14:30:00+09:00,110300.0,110300.0,110000.0,110100.0,4537.0
2026-08-14 14:35:00+09:00,110100.0,110100.0,109900.0,109950.0,4392.0
2026-08-14 14:40:00+09:00,109900.0,110000.0,109600.0,109700.0,4344.0
2026-08-14 14:45:00+09:00,109800.0,110700.0,109700.0,110700.0,9503.0
2026-08-14 14:50:00+09:00,110700.0,110800.0,110500.0,110600.0,8696.0
2026-08-14 14:55:00+09:00,110600.0,111100.0,110500.0,111100.0,10803.0
2026-08-18 09:00:00+09:00,108700.0,108700.0,104000.0,104000.0,0.0
2026-08-18 09:05:00+09:00,104200.0,107800.0,103600.0,107400.0,22421.0
2026-08-18 09:10:00+09:00,107400.0,107600.0,106100.0,106300.0,12752.0
2026-08-18 09:15:00+09:00,106300.0,108000.0,106200.0,107800.0,10672.0
2026-08-18 09:20:00+09:00,107700.0,108500.0,107300.0,108000.0,13868.0
2026-08-18 09:25:00+09:00,108000.0,109500.0,107500.0,109200.0,10861.0
2026-08-18 09:30:00+09:00,109200.0,110100.0,107800.0,108200.0,16536.0
2026-08-18 09:35:00+09:00,108200.0,108300.0,107700.0,107900.0,6351.0
2026-08-18 09:40:00+09:00,107900.0,110900.0,107900.0,110200.0,9099.0
2026-08-18 09:45:00+09:00,110200.0,110300.0,109100.0,109200.0,5536.0
2026-08-18 09:50:00+09:00,109200.0,110600.0,109200.0,110300.0,6196.0
2026-08-18 09:55:00+09:00,110200.0,110700.0,109900.0,110700.0,6448.0
2026-08-18 10:00:00+09:00,110500.0,112300.0,110500.0,112200.0,13640.0
2026-08-18 10:05:00+09:00,112200.0,113600.0,111700.0,112800.0,17644.0
2026-08-18 10:10:00+09:00,112800.0,112900.0,111800.0,112000.0,5397.0
2026-08-18 10:15:00+09:00,112000.0,112400.0,111500.0,111900.0,8406.0
2026-08-18 10:20:00+09:00,111900.0,112200.0,111100.0,111200.0,8569.0
2026-08-18 10:25:00+09:00,111300.0,111400.0,111000.0,111000.0,3163.0
2026-08-18 10:30:00+09:00,110900.0,111700.0,110900.0,111100.0,11662.0
2026-08-18 10:35:00+09:00,111100.0,111200.0,110900.0,110900.0,3643.0
2026-08-18 10:40:00+09:00,110900.0,111000.0,109600.0,109600.0,6483.0
2026-08-18 10:45:00+09:00,109700.0,109800.0,109100.0,109100.0,5233.0
2026-08-18 10:50:00+09:00,109100.0,109200.0,108800.0,108800.0,4886.0
2026-08-18 10:55:00+09:00,108800.0,109800.0,108800.0,109700.0,6048.0
2026-08-18 11:00:00+09:00,109900.0,110500.0,109700.0,110200.0,3866.0
2026-08-18 11:05:00+09:00,110100.0,110200.0,109700.0,109700.0,3296.0
2026-08-18 11:10:00+09:00,109700.0,109800.0,108800.0,108800.0,3115.0
2026-08-18 11:15:00+09:00,109000.0,109200.0,108500.0,108500.0,2440.0
2026-08-18 11:20:00+09:00,108500.0,108700.0,107800.0,107800.0,6674.0
2026-08-18 11:25:00+09:00,107900.0,108000.0,107100.0,107200.0,8024.0
2026-08-18 11:30:00+09:00,107200.0,107300.0,106700.0,107200.0,7490.0
2026-08-18 11:35:00+09:00,107200.0,108200.0,107000.0,107800.0,3373.0
2026-08-18 11:40:00+09:00,107900.0,108100.0,107300.0,107300.0,2951.0
2026-08-18 11:45:00+09:00,107300.0,107700.0,106700.0,107700.0,3543.0
2026-08-18 11:50:00+09:00,107600.0,107800.0,107200.0,107300.0,3083.0
2026-08-18 11:55:00+09:00,107200.0,107700.0,107100.0,107500.0,2185.0
2026-08-18 12:00:00+09:00,107500.0,108300.0,107400.0,108000.0,3148.0
2026-08-18 12:05:00+09:00,108100.0,108100.0,107400.0,107600.0,1964.0
2026-08-18 12:10:00+09:00,107600.0,107600.0,107100.0,107400.0,1945.0
2026-08-18 12:15:00+09:00,107500.0,107500.0,106800.0,107000.0,3241.0
2026-08-18 12:20:00+09:00,106900.0,107200.0,106700.0,106700.0,2813.0
2026-08-18 12:25:00+09:00,106700.0,108000.0,106600.0,107800.0,3149.0
2026-08-18 12:30:00+09:00,107800.0,107800.0,106700.0,106900.0,2852.0
2026-08-18 12:35:00+09:00,107000.0,107700.0,106800.0,107300.0,2165.0
2026-08-18 12:40:00+09:00,107400.0,107500.0,107100.0,107200.0,2100.0
2026-08-18 12:45:00+09:00,107200.0,107300.0,107000.0,107200.0,1431.0
2026-08-18 12:50:00+09:00,107100.0,107300.0,107000.0,107100.0,1656.0
2026-08-18 12:55:00+09:00,107200.0,107900.0,106900.0,107600.0,2903.0
2026-08-18 13:00:00+09:00,107600.0,108000.0,107500.0,107900.0,2261.0
2026-08-18 13:05:00+09:00,107900.0,108500.0,107900.0,108400.0,2576.0
2026-08-18 13:10:00+09:00,108400.0,108400.0,108100.0,108200.0,2026.0
2026-08-18 13:15:00+09:00,108100.0,108600.0,108100.0,108600.0,1971.0
2026-08-18 13:20:00+09:00,108700.0,108800.0,108300.0,108500.0,2521.0
2026-08-18 13:25:00+09:00,108500.0,108600.0,108200.0,108400.0,2204.0
2026-08-18 13:30:00+09:00,108400.0,108600.0,108200.0,108400.0,3754.0
2026-08-18 13:35:00+09:00,108400.0,108700.0,108300.0,108600.0,2424.0
2026-08-18 13:40:00+09:00,108600.0,108700.0,108300.0,108300.0,2895.0
2026-08-18 13:45:00+09:00,108400.0,108500.0,108200.0,108200.0,1600.0
2026-08-18 13:50:00+09:00,108200.0,108600.0,108200.0,108500.0,2263.0
2026-08-18 13:55:00+09:00,108500.0,109300.0,108500.0,109100.0,3259.0
2026-08-18 14:00:00+09:00,108800.0,108900.0,108100.0,108200.0,3304.0
2026-08-18 14:05:00+09:00,108200.0,108500.0,108200.0,108300.0,2865.0
2026-08-18 14:10:00+09:00,108300.0,108300.0,107800.0,108000.0,3508.0
2026-08-18 14:15:00+09:00,108000.0,108000.0,107300.0,107400.0,4003.0
2026-08-18 14:20:00+09:00,107300.0,107400.0,107000.0,107000.0,3591.0
2026-08-18 14:25:00+09:00,107000.0,107400.0,106700.0,107000.0,5826.0
2026-08-18 14:30:00+09:00,107000.0,107300.0,106500.0,106500.0,4453.0
2026-08-18 14:35:00+09:00,106500.0,107100.0,106300.0,106300.0,4962.0
2026-08-18 14:40:00+09:00,106300.0,107000.0,106200.0,106700.0,4588.0
2026-08-18 14:45:00+09:00,106700.0,106900.0,106200.0,106400.0,5967.0
2026-08-18 14:50:00+09:00,106300.0,106600.0,106000.0,106200.0,6045.0
2026-08-18 14:55:00+09:00,106200.0,106400.0,105900.0,105900.0,6276.0
2026-08-19 09:00:00+09:00,101000.0,108700.0,101000.0,101300.0,25736.0
2026-08-19 09:05:00+09:00,105300.0,106200.0,104900.0,104900.0,5154.0
2026-08-19 09:10:00+09:00,104900.0,106500.0,103100.0,103600.0,14434.0
2026-08-19 09:15:00+09:00,103500.0,104800.0,103200.0,104000.0,5432.0
2026-08-19 09:20:00+09:00,103900.0,105300.0,103900.0,104500.0,7064.0
2026-08-19 09:25:00+09:00,104500.0,105700.0,104200.0,105700.0,4510.0
2026-08-19 09:30:00+09:00,105700.0,106900.0,105000.0,106000.0,9594.0
2026-08-19 09:35:00+09:00,106000.0,106100.0,105000.0,105100.0,4099.0
2026-08-19 09:40:00+09:00,105300.0,105600.0,104700.0,105400.0,4060.0
2026-08-19 09:45:00+09:00,105400.0,106200.0,103500.0,105200.0,6820.0
2026-08-19 09:50:00+09:00,105200.0,105800.0,104300.0,105500.0,2558.0
2026-08-19 09:55:00+09:00,105200.0,106500.0,105200.0,106100.0,3989.0
2026-08-19 10:00:00+09:00,106000.0,107000.0,105600.0,107000.0,5404.0
2026-08-19 10:05:00+09:00,107000.0,107200.0,106800.0,107200.0,4958.0
2026-08-19 10:10:00+09:00,107300.0,107300.0,106100.0,106600.0,2844.0
2026-08-19 10:15:00+09:00,106700.0,106900.0,105800.0,106400.0,3897.0
2026-08-19 10:20:00+09:00,106500.0,107200.0,106200.0,107000.0,3075.0
2026-08-19 10:25:00+09:00,106900.0,107600.0,106700.0,107200.0,4311.0
2026-08-19 10:30:00+09:00,107300.0,107500.0,105600.0,105600.0,5063.0
2026-08-19 10:35:00+09:00,105700.0,106700.0,105600.0,106400.0,2366.0
2026-08-19 10:40:00+09:00,106500.0,106700.0,106200.0,106600.0,2016.0
2026-08-19 10:45:00+09:00,106700.0,106700.0,105900.0,106000.0,2992.0
2026-08-19 10:50:00+09:00,106000.0,106200.0,105400.0,105600.0,3069.0
2026-08-19 10:55:00+09:00,105600.0,106000.0,105400.0,105800.0,1951.0
2026-08-19 11:00:00+09:00,105700.0,105800.0,105000.0,105200.0,2063.0
2026-08-19 11:05:00+09:00,105100.0,105200.0,104300.0,104400.0,2780.0
2026-08-19 11:10:00+09:00,104400.0,105000.0,104200.0,104600.0,2372.0
2026-08-19 11:15:00+09:00,104600.0,105400.0,104500.0,105000.0,2089.0
2026-08-19 11:20:00+09:00,104900.0,105700.0,104800.0,105500.0,1849.0
2026-08-19 11:25:00+09:00,105500.0,105500.0,105000.0,105000.0,2448.0
2026-08-19 11:30:00+09:00,105100.0,105700.0,105100.0,105600.0,1660.0
2026-08-19 11:35:00+09:00,105600.0,105900.0,105300.0,105500.0,1912.0
2026-08-19 11:40:00+09:00,105500.0,105600.0,104700.0,104900.0,1690.0
2026-08-19 11:45:00+09:00,104900.0,105400.0,104800.0,105300.0,1472.0
2026-08-19 11:50:00+09:00,105300.0,105400.0,104700.0,105000.0,1750.0
2026-08-19 11:55:00+09:00,104900.0,105400.0,104900.0,105400.0,1431.0
2026-08-19 12:00:00+09:00,105200.0,105800.0,105100.0,105700.0,1586.0
2026-08-19 12:05:00+09:00,105600.0,105800.0,105300.0,105600.0,1418.0
2026-08-19 12:10:00+09:00,105600.0,105700.0,105200.0,105600.0,1707.0
2026-08-19 12:15:00+09:00,105600.0,105900.0,105500.0,105700.0,1493.0
2026-08-19 12:20:00+09:00,105800.0,105800.0,105000.0,105600.0,2091.0
2026-08-19 12:25:00+09:00,105700.0,105800.0,105300.0,105700.0,1310.0
2026-08-19 12:30:00+09:00,105700.0,106000.0,105600.0,105900.0,2084.0
2026-08-19 12:35:00+09:00,105800.0,105900.0,105500.0,105800.0,1838.0
2026-08-19 12:40:00+09:00,105700.0,106100.0,105600.0,105800.0,1925.0
2026-08-19 12:45:00+09:00,105800.0,105900.0,105300.0,105400.0,1290.0
2026-08-19 12:50:00+09:00,105500.0,105700.0,105200.0,105300.0,1544.0
2026-08-19 12:55:00+09:00,105300.0,106100.0,105200.0,106000.0,3428.0
2026-08-19 13:00:00+09:00,106100.0,107000.0,105800.0,106900.0,7428.0
2026-08-19 13:05:00+09:00,106900.0,107200.0,106800.0,106900.0,4735.0
2026-08-19 13:10:00+09:00,106900.0,107000.0,106500.0,106900.0,4547.0
2026-08-19 13:15:00+09:00,106900.0,107500.0,106700.0,107400.0,9844.0
2026-08-19 13:20:00+09:00,107500.0,108000.0,107400.0,107700.0,6202.0
2026-08-19 13:25:00+09:00,107800.0,108300.0,107000.0,107300.0,4120.0
2026-08-19 13:30:00+09:00,107400.0,107600.0,106600.0,107000.0,2805.0
2026-08-19 13:35:00+09:00,107000.0,107500.0,106900.0,107000.0,1958.0
2026-08-19 13:40:00+09:00,107100.0,107200.0,106800.0,107000.0,1751.0
2026-08-19 13:45:00+09:00,107000.0,107100.0,106400.0,106400.0,2145.0
2026-08-19 13:50:00+09:00,106500.0,106800.0,106300.0,106400.0,2350.0
2026-08-19 13:55:00+09:00,106400.0,106500.0,106000.0,106300.0,2262.0
2026-08-19 14:00:00+09:00,106400.0,107000.0,106200.0,107000.0,2455.0
2026-08-19 14:05:00+09:00,106900.0,107200.0,106800.0,107200.0,1646.0
2026-08-19 14:10:00+09:00,107200.0,107300.0,106800.0,107000.0,1759.0
2026-08-19 14:15:00+09:00,107000.0,107000.0,106200.0,106500.0,2065.0
2026-08-19 14:20:00+09:00,106500.0,106700.0,106400.0,106500.0,2208.0
2026-08-19 14:25:00+09:00,106600.0,107100.0,106500.0,107000.0,4756.0
2026-08-19 14:30:00+09:00,107100.0,107200.0,106700.0,106800.0,2014.0
2026-08-19 14:35:00+09:00,106800.0,107000.0,106400.0,106600.0,1749.0
2026-08-19 14:40:00+09:00,106700.0,106700.0,106000.0,106200.0,2383.0
2026-08-19 14:45:00+09:00,106300.0,106300.0,105800.0,105900.0,2756.0
2026-08-19 14:50:00+09:00,105900.0,106100.0,105700.0,105800.0,2321.0
2026-08-19 14:55:00+09:00,105800.0,105800.0,105400.0,105700.0,3613.0
2026-08-20 09:00:00+09:00,108000.0,114300.0,108000.0,113800.0,42692.0
2026-08-20 09:05:00+09:00,113900.0,114600.0,111800.0,112900.0,23623.0
2026-08-20 09:10:00+09:00,112900.0,112900.0,111300.0,111300.0,15662.0
2026-08-20 09:15:00+09:00,111300.0,112400.0,110200.0,110400.0,13086.0
2026-08-20 09:20:00+09:00,110300.0,110700.0,108600.0,109800.0,8943.0
2026-08-20 09:25:00+09:00,109700.0,111700.0,109400.0,110200.0,12499.0
2026-08-20 09:30:00+09:00,110100.0,111600.0,110100.0,111400.0,12004.0
2026-08-20 09:35:00+09:00,111300.0,111500.0,110300.0,111100.0,6735.0
2026-08-20 09:40:00+09:00,111100.0,111800.0,110900.0,111700.0,7522.0
2026-08-20 09:45:00+09:00,111600.0,111700.0,110700.0,110700.0,3271.0
2026-08-20 09:50:00+09:00,110700.0,111300.0,110600.0,110900.0,4970.0
2026-08-20 09:55:00+09:00,110900.0,111000.0,110200.0,110200.0,4848.0
2026-08-20 10:00:00+09:00,110300.0,111300.0,110100.0,110800.0,5010.0
2026-08-20 10:05:00+09:00,110900.0,110900.0,110100.0,110600.0,3019.0
2026-08-20 10:10:00+09:00,110500.0,111100.0,110100.0,111000.0,9500.0
2026-08-20 10:15:00+09:00,111000.0,111100.0,110600.0,110700.0,2390.0
2026-08-20 10:20:00+09:00,110700.0,111100.0,110500.0,110600.0,3100.0
2026-08-20 10:25:00+09:00,110700.0,110700.0,110300.0,110400.0,2460.0
2026-08-20 10:30:00+09:00,110400.0,110900.0,110400.0,110800.0,2353.0
2026-08-20 10:35:00+09:00,110800.0,110900.0,110300.0,110600.0,2756.0
2026-08-20 10:40:00+09:00,110500.0,111400.0,110100.0,111000.0,4625.0
2026-08-20 10:45:00+09:00,110800.0,111000.0,110400.0,110500.0,2517.0
2026-08-20 10:50:00+09:00,110500.0,111300.0,109700.0,111200.0,8885.0
2026-08-20 10:55:00+09:00,111150.0,111400.0,110700.0,111100.0,3730.0
2026-08-20 11:00:00+09:00,111100.0,111400.0,110800.0,111000.0,3409.0
2026-08-20 11:05:00+09:00,111000.0,111000.0,110600.0,110600.0,2543.0
2026-08-20 11:10:00+09:00,110700.0,111300.0,110600.0,111100.0,2313.0
2026-08-20 11:15:00+09:00,111000.0,111100.0,110700.0,110800.0,2196.0
2026-08-20 11:20:00+09:00,110800.0,110800.0,110100.0,110400.0,4730.0
2026-08-20 11:25:00+09:00,110400.0,110400.0,109900.0,110000.0,2570.0
2026-08-20 11:30:00+09:00,110000.0,110000.0,109400.0,109700.0,4043.0
2026-08-20 11:35:00+09:00,109700.0,109900.0,109500.0,109600.0,1956.0
2026-08-20 11:40:00+09:00,109700.0,109800.0,109300.0,109800.0,3371.0
2026-08-20 11:45:00+09:00,109700.0,109800.0,109300.0,109300.0,1740.0
2026-08-20 11:50:00+09:00,109400.0,109400.0,108900.0,109100.0,2736.0
2026-08-20 11:55:00+09:00,109100.0,109500.0,109000.0,109300.0,2088.0
2026-08-20 12:00:00+09:00,109300.0,109300.0,109000.0,109300.0,2064.0
2026-08-20 12:05:00+09:00,109200.0,109500.0,109100.0,109200.0,1513.0
2026-08-20 12:10:00+09:00,109300.0,109400.0,109000.0,109200.0,2315.0
2026-08-20 12:15:00+09:00,109200.0,109200.0,108800.0,109100.0,1977.0
2026-08-20 12:20:00+09:00,109200.0,109400.0,108900.0,109100.0,3895.0
2026-08-20 12:25:00+09:00,109000.0,109200.0,108900.0,109000.0,2376.0
2026-08-20 12:30:00+09:00,109000.0,109100.0,108700.0,108900.0,2026.0
2026-08-20 12:35:00+09:00,109000.0,109000.0,108600.0,108800.0,1532.0
2026-08-20 12:40:00+09:00,108800.0,109500.0,108700.0,109100.0,1561.0
2026-08-20 12:45:00+09:00,109100.0,109400.0,108900.0,109000.0,1337.0
2026-08-20 12:50:00+09:00,109100.0,109100.0,108500.0,108600.0,3129.0
2026-08-20 12:55:00+09:00,108600.0,108700.0,108400.0,108500.0,3221.0
2026-08-20 13:00:00+09:00,108600.0,108700.0,108200.0,108300.0,2696.0
2026-08-20 13:05:00+09:00,108300.0,108300.0,107500.0,107700.0,8397.0
2026-08-20 13:10:00+09:00,107800.0,108200.0,107600.0,107900.0,2229.0
2026-08-20 13:15:00+09:00,107900.0,108800.0,107800.0,108600.0,4152.0
2026-08-20 13:20:00+09:00,108700.0,109300.0,108500.0,109000.0,4309.0
2026-08-20 13:25:00+09:00,109000.0,109200.0,108500.0,108700.0,3974.0
2026-08-20 13:30:00+09:00,108700.0,108700.0,108400.0,108400.0,2412.0
2026-08-20 13:35:00+09:00,108400.0,108800.0,108300.0,108600.0,2326.0
2026-08-20 13:40:00+09:00,108700.0,109200.0,108500.0,109000.0,2522.0
2026-08-20 13:45:00+09:00,109000.0,109100.0,108800.0,108900.0,1845.0
2026-08-20 13:50:00+09:00,108900.0,109000.0,108600.0,108800.0,2326.0
2026-08-20 13:55:00+09:00,108900.0,108900.0,108600.0,108900.0,1824.0
2026-08-20 14:00:00+09:00,108800.0,108900.0,108000.0,108000.0,2409.0
2026-08-20 14:05:00+09:00,108200.0,108400.0,108100.0,108150.0,1323.0
2026-08-20 14:10:00+09:00,108100.0,108200.0,107900.0,107900.0,1202.0
2026-08-20 14:15:00+09:00,107900.0,108600.0,107800.0,108500.0,2647.0
2026-08-20 14:20:00+09:00,108600.0,108700.0,108500.0,108600.0,1989.0
2026-08-20 14:25:00+09:00,108600.0,108900.0,108400.0,108400.0,1190.0
2026-08-20 14:30:00+09:00,108500.0,108700.0,108100.0,108200.0,1398.0
2026-08-20 14:35:00+09:00,108200.0,108300.0,108000.0,108100.0,1221.0
2026-08-20 14:40:00+09:00,108100.0,108500.0,108000.0,108400.0,2098.0
2026-08-20 14:45:00+09:00,108400.0,108700.0,108100.0,108700.0,1871.0
2026-08-20 14:50:00+09:00,108700.0,108700.0,108200.0,108300.0,3073.0
2026-08-20 14:55:00+09:00,108200.0,108400.0,108000.0,108100.0,3915.0
2026-08-21 09:00:00+09:00,104700.0,105500.0,102900.0,103000.0,10509.0
2026-08-21 09:05:00+09:00,103100.0,103400.0,102200.0,102300.0,8009.0
2026-08-21 09:10:00+09:00,102300.0,102800.0,101800.0,102200.0,12692.0
2026-08-21 09:15:00+09:00,102200.0,103400.0,101800.0,103200.0,14776.0
2026-08-21 09:20:00+09:00,103300.0,104500.0,103100.0,103900.0,7893.0
2026-08-21 09:25:00+09:00,104100.0,104400.0,103200.0,103500.0,6950.0
2026-08-21 09:30:00+09:00,103500.0,104500.0,103100.0,104200.0,7420.0
2026-08-21 09:35:00+09:00,104300.0,104950.0,104100.0,104800.0,7952.0
2026-08-21 09:40:00+09:00,104800.0,105200.0,104100.0,104600.0,7485.0
2026-08-21 09:45:00+09:00,104600.0,104800.0,103700.0,103900.0,6969.0
2026-08-21 09:50:00+09:00,103800.0,104200.0,103000.0,103000.0,5027.0
2026-08-21 09:55:00+09:00,103100.0,103600.0,102600.0,103200.0,8142.0
2026-08-21 10:00:00+09:00,103200.0,103300.0,102200.0,102300.0,6222.0
2026-08-21 10:05:00+09:00,102300.0,102500.0,102000.0,102100.0,6350.0
2026-08-21 10:10:00+09:00,102100.0,102700.0,101500.0,102600.0,9650.0
2026-08-21 10:15:00+09:00,102500.0,102950.0,102200.0,102400.0,4795.0
2026-08-21 10:20:00+09:00,102400.0,102500.0,101800.0,102000.0,4576.0
2026-08-21 10:25:00+09:00,102000.0,102100.0,101700.0,101800.0,3413.0
2026-08-21 10:30:00+09:00,101700.0,103500.0,101700.0,103200.0,6629.0
2026-08-21 10:35:00+09:00,103200.0,103500.0,103000.0,103300.0,3876.0
2026-08-21 10:40:00+09:00,103400.0,103800.0,103300.0,103500.0,4013.0
2026-08-21 10:45:00+09:00,103500.0,103950.0,103300.0,103400.0,3982.0
2026-08-21 10:50:00+09:00,103500.0,103800.0,103300.0,103700.0,3167.0
2026-08-21 10:55:00+09:00,103500.0,104100.0,103400.0,103600.0,3459.0
2026-08-21 11:00:00+09:00,103700.0,104800.0,103200.0,104700.0,4766.0
2026-08-21 11:05:00+09:00,104700.0,105000.0,104700.0,104800.0,3802.0
2026-08-21 11:10:00+09:00,104800.0,105100.0,104500.0,104900.0,3706.0
2026-08-21 11:15:00+09:00,104900.0,105000.0,104700.0,104900.0,4260.0
2026-08-21 11:20:00+09:00,104900.0,105700.0,104700.0,104700.0,8406.0
2026-08-21 11:25:00+09:00,104800.0,105000.0,104500.0,104700.0,2310.0
2026-08-21 11:30:00+09:00,104700.0,104800.0,104550.0,104700.0,3065.0
2026-08-21 11:35:00+09:00,104700.0,104900.0,104500.0,104700.0,2812.0
2026-08-21 11:40:00+09:00,104750.0,104900.0,104600.0,104700.0,2601.0
2026-08-21 11:45:00+09:00,104600.0,105000.0,104500.0,105000.0,2644.0
2026-08-21 11:50:00+09:00,104900.0,105400.0,104900.0,105000.0,3336.0
2026-08-21 11:55:00+09:00,104900.0,105200.0,104900.0,105000.0,3000.0
2026-08-21 12:00:00+09:00,105100.0,105200.0,104600.0,105100.0,2510.0
2026-08-21 12:05:00+09:00,105100.0,105200.0,104900.0,105000.0,3171.0
2026-08-21 12:10:00+09:00,105000.0,105200.0,104600.0,104600.0,2702.0
2026-08-21 12:15:00+09:00,104700.0,105200.0,104700.0,105100.0,1868.0
2026-08-21 12:20:00+09:00,105100.0,105200.0,104700.0,104900.0,2742.0
2026-08-21 12:25:00+09:00,104900.0,105100.0,104600.0,104600.0,2830.0
2026-08-21 12:30:00+09:00,104700.0,105200.0,104600.0,105000.0,2292.0
2026-08-21 12:35:00+09:00,105000.0,105100.0,104450.0,104900.0,2963.0
2026-08-21 12:40:00+09:00,105000.0,105300.0,104900.0,105100.0,3190.0
2026-08-21 12:45:00+09:00,105100.0,105300.0,105000.0,105100.0,2245.0
2026-08-21 12:50:00+09:00,105100.0,105400.0,104800.0,104900.0,2890.0
2026-08-21 12:55:00+09:00,104950.0,105100.0,104700.0,104900.0,2492.0
2026-08-21 13:00:00+09:00,105000.0,105200.0,104500.0,105100.0,2372.0
2026-08-21 13:05:00+09:00,105100.0,105200.0,104700.0,104900.0,3480.0
2026-08-21 13:10:00+09:00,104900.0,105200.0,104800.0,105100.0,2489.0
2026-08-21 13:15:00+09:00,105100.0,105200.0,104900.0,104900.0,2545.0
2026-08-21 13:20:00+09:00,104900.0,105400.0,104850.0,105300.0,3541.0
2026-08-21 13:25:00+09:00,105300.0,106100.0,105100.0,106000.0,3203.0
2026-08-21 13:30:00+09:00,106000.0,106700.0,105800.0,106500.0,5166.0
2026-08-21 13:35:00+09:00,106500.0,106700.0,105950.0,106200.0,3030.0
2026-08-21 13:40:00+09:00,106300.0,106400.0,106100.0,106200.0,3197.0
2026-08-21 13:45:00+09:00,106200.0,106400.0,106100.0,106200.0,2621.0
2026-08-21 13:50:00+09:00,106300.0,106600.0,106100.0,106500.0,3186.0
2026-08-21 13:55:00+09:00,106500.0,106500.0,106100.0,106300.0,4447.0
2026-08-21 14:00:00+09:00,106300.0,106600.0,105700.0,106300.0,4168.0
2026-08-21 14:05:00+09:00,106600.0,106700.0,106200.0,106300.0,4160.0
2026-08-21 14:10:00+09:00,106300.0,106900.0,106300.0,106600.0,4984.0
2026-08-21 14:15:00+09:00,106600.0,107200.0,106500.0,107100.0,5407.0
2026-08-21 14:20:00+09:00,107200.0,107300.0,106800.0,107100.0,5799.0
2026-08-21 14:25:00+09:00,107000.0,107300.0,106800.0,106800.0,5328.0
2026-08-21 14:30:00+09:00,106800.0,107100.0,106500.0,106700.0,4381.0
2026-08-21 14:35:00+09:00,106700.0,106900.0,106300.0,106500.0,6478.0
2026-08-21 14:40:00+09:00,106500.0,106700.0,105800.0,105900.0,4539.0
2026-08-21 14:45:00+09:00,105900.0,106200.0,104700.0,104800.0,5469.0
2026-08-21 14:50:00+09:00,104800.0,105300.0,104500.0,105200.0,5510.0
2026-08-21 14:55:00+09:00,105200.0,105300.0,104800.0,104900.0,4077.0
2026-08-24 09:00:00+09:00,110300.0,116700.0,110200.0,115700.0,0.0
2026-08-24 09:05:00+09:00,115800.0,119500.0,115600.0,119500.0,82901.0
2026-08-24 09:10:00+09:00,119300.0,124500.0,119100.0,123800.0,63613.0
2026-08-24 09:15:00+09:00,123900.0,124600.0,121700.0,122900.0,74054.0
2026-08-24 09:20:00+09:00,122900.0,123200.0,119900.0,122200.0,43048.0
2026-08-24 09:25:00+09:00,122200.0,122500.0,120200.0,120400.0,27863.0
2026-08-24 09:30:00+09:00,120400.0,122000.0,120300.0,121300.0,22594.0
2026-08-24 09:35:00+09:00,121300.0,121500.0,119100.0,119300.0,31499.0
2026-08-24 09:40:00+09:00,119300.0,121900.0,119100.0,121100.0,26956.0
2026-08-24 09:45:00+09:00,121200.0,121200.0,119600.0,119700.0,14079.0
2026-08-24 09:50:00+09:00,119600.0,120900.0,119600.0,120700.0,15041.0
2026-08-24 09:55:00+09:00,120600.0,122000.0,120500.0,122000.0,14463.0
2026-08-24 10:00:00+09:00,121900.0,121900.0,121100.0,121800.0,13459.0
2026-08-24 10:05:00+09:00,121800.0,123000.0,121600.0,122800.0,22629.0
2026-08-24 10:10:00+09:00,122800.0,122900.0,121400.0,121600.0,17772.0
2026-08-24 10:15:00+09:00,121600.0,122600.0,121600.0,122200.0,11423.0
2026-08-24 10:20:00+09:00,122300.0,123000.0,121900.0,122500.0,16261.0
2026-08-24 10:25:00+09:00,122500.0,122900.0,122200.0,122600.0,9495.0
2026-08-24 10:30:00+09:00,122600.0,122800.0,122100.0,122500.0,10115.0
2026-08-24 10:35:00+09:00,122500.0,122600.0,121600.0,121800.0,9774.0
2026-08-24 10:40:00+09:00,121900.0,122200.0,121700.0,122100.0,7698.0
2026-08-24 10:45:00+09:00,122100.0,122500.0,121700.0,121800.0,9816.0
2026-08-24 10:50:00+09:00,121800.0,122300.0,121400.0,121400.0,8977.0
2026-08-24 10:55:00+09:00,121600.0,121700.0,120200.0,120300.0,13424.0
2026-08-24 11:00:00+09:00,120400.0,120600.0,119200.0,120400.0,16948.0
2026-08-24 11:05:00+09:00,120400.0,120400.0,119300.0,120000.0,6295.0
2026-08-24 11:10:00+09:00,120000.0,120200.0,119700.0,120200.0,6060.0
2026-08-24 11:15:00+09:00,120200.0,120700.0,120100.0,120200.0,4921.0
2026-08-24 11:20:00+09:00,120200.0,121000.0,120000.0,120600.0,6389.0
2026-08-24 11:25:00+09:00,120500.0,121300.0,120500.0,120900.0,5208.0
2026-08-24 11:30:00+09:00,121000.0,121400.0,120800.0,121300.0,4539.0
2026-08-24 11:35:00+09:00,121300.0,121500.0,121200.0,121500.0,5303.0
2026-08-24 11:40:00+09:00,121500.0,121800.0,121300.0,121300.0,6190.0
2026-08-24 11:45:00+09:00,121400.0,121600.0,120500.0,120700.0,6257.0
2026-08-24 11:50:00+09:00,120800.0,121000.0,120400.0,120800.0,6763.0
2026-08-24 11:55:00+09:00,120700.0,121000.0,120700.0,120900.0,3652.0
2026-08-24 12:00:00+09:00,120900.0,121200.0,120800.0,121100.0,4235.0
2026-08-24 12:05:00+09:00,121100.0,121300.0,120700.0,120800.0,4621.0
2026-08-24 12:10:00+09:00,120700.0,121200.0,120500.0,120500.0,4005.0
2026-08-24 12:15:00+09:00,120500.0,121000.0,120500.0,120900.0,4787.0
2026-08-24 12:20:00+09:00,120700.0,120900.0,120400.0,120600.0,3896.0
2026-08-24 12:25:00+09:00,120700.0,120900.0,119900.0,120000.0,6550.0
2026-08-24 12:30:00+09:00,120000.0,120100.0,119600.0,119900.0,5073.0
2026-08-24 12:35:00+09:00,119900.0,120300.0,119800.0,119800.0,4030.0
2026-08-24 12:40:00+09:00,119900.0,120200.0,119800.0,119900.0,3864.0
2026-08-24 12:45:00+09:00,120000.0,120000.0,119300.0,119800.0,6555.0
2026-08-24 12:50:00+09:00,119800.0,120800.0,119700.0,120700.0,6928.0
2026-08-24 12:55:00+09:00,120600.0,120900.0,120300.0,120500.0,6755.0
2026-08-24 13:00:00+09:00,120500.0,120600.0,119600.0,119600.0,8072.0
2026-08-24 13:05:00+09:00,119700.0,119900.0,119500.0,119900.0,6890.0
2026-08-24 13:10:00+09:00,119800.0,120500.0,119800.0,120400.0,6956.0
2026-08-24 13:15:00+09:00,120300.0,120600.0,120200.0,120400.0,6648.0
2026-08-24 13:20:00+09:00,120400.0,120700.0,120200.0,120200.0,8378.0
2026-08-24 13:25:00+09:00,120300.0,120800.0,120100.0,120600.0,8348.0
2026-08-24 13:30:00+09:00,120600.0,120900.0,120400.0,120900.0,5940.0
2026-08-24 13:35:00+09:00,120900.0,120900.0,120500.0,120500.0,7423.0
2026-08-24 13:40:00+09:00,120500.0,120800.0,120500.0,120800.0,5162.0
2026-08-24 13:45:00+09:00,120700.0,121000.0,120700.0,121000.0,6657.0
2026-08-24 13:50:00+09:00,121000.0,122000.0,121000.0,122000.0,18585.0
2026-08-24 13:55:00+09:00,122000.0,122400.0,121900.0,122300.0,12783.0
2026-08-24 14:00:00+09:00,122400.0,122400.0,121800.0,121900.0,10451.0
2026-08-24 14:05:00+09:00,121900.0,122200.0,121700.0,122100.0,7292.0
2026-08-24 14:10:00+09:00,122000.0,122400.0,122000.0,122400.0,7435.0
2026-08-24 14:15:00+09:00,122300.0,122600.0,122300.0,122300.0,8646.0
2026-08-24 14:20:00+09:00,122300.0,122800.0,122300.0,122800.0,7701.0
2026-08-24 14:25:00+09:00,122700.0,122900.0,121400.0,121500.0,12091.0
2026-08-24 14:30:00+09:00,121600.0,121900.0,121000.0,121500.0,9552.0
2026-08-24 14:35:00+09:00,121500.0,121900.0,121200.0,121700.0,10139.0
2026-08-24 14:40:00+09:00,121600.0,122600.0,121400.0,121600.0,13872.0
2026-08-24 14:45:00+09:00,121700.0,122000.0,121400.0,121600.0,6465.0
2026-08-24 14:50:00+09:00,121700.0,122600.0,121600.0,122400.0,12871.0
2026-08-24 14:55:00+09:00,122500.0,122900.0,122400.0,122800.0,11155.0
2026-08-25 09:00:00+09:00,120000.0,122400.0,118100.0,118300.0,27196.0
2026-08-25 09:05:00+09:00,118200.0,119200.0,117000.0,118300.0,25354.0
2026-08-25 09:10:00+09:00,118300.0,120500.0,117800.0,120300.0,15082.0
2026-08-25 09:15:00+09:00,120400.0,120500.0,119300.0,119600.0,15432.0
2026-08-25 09:20:00+09:00,119600.0,120500.0,119500.0,119800.0,21486.0
2026-08-25 09:25:00+09:00,119900.0,121200.0,119800.0,120900.0,14017.0
2026-08-25 09:30:00+09:00,120900.0,122700.0,120800.0,122000.0,35682.0
2026-08-25 09:35:00+09:00,122300.0,123500.0,121950.0,122500.0,35481.0
2026-08-25 09:40:00+09:00,122400.0,125200.0,122300.0,124600.0,43174.0
2026-08-25 09:45:00+09:00,124600.0,125050.0,122400.0,122700.0,32748.0
2026-08-25 09:50:00+09:00,122700.0,123200.0,121800.0,122650.0,18866.0
2026-08-25 09:55:00+09:00,122650.0,123300.0,122300.0,122400.0,17231.0
2026-08-25 10:00:00+09:00,122400.0,123600.0,122200.0,123000.0,19200.0
2026-08-25 10:05:00+09:00,122900.0,123400.0,121500.0,121800.0,16225.0
2026-08-25 10:10:00+09:00,121700.0,123300.0,121300.0,122700.0,12621.0
2026-08-25 10:15:00+09:00,122700.0,122700.0,120900.0,121200.0,14054.0
2026-08-25 10:20:00+09:00,121200.0,121900.0,119900.0,120000.0,19494.0
2026-08-25 10:25:00+09:00,120000.0,121500.0,120000.0,121000.0,7707.0
2026-08-25 10:30:00+09:00,121000.0,121500.0,120400.0,120700.0,9625.0
2026-08-25 10:35:00+09:00,120800.0,120800.0,119400.0,119500.0,8333.0
2026-08-25 10:40:00+09:00,119500.0,119700.0,119000.0,119600.0,7507.0
2026-08-25 10:45:00+09:00,119600.0,119800.0,119100.0,119200.0,7626.0
2026-08-25 10:50:00+09:00,119200.0,119300.0,118700.0,119000.0,6097.0
2026-08-25 10:55:00+09:00,119000.0,119100.0,118100.0,118900.0,11976.0
2026-08-25 11:00:00+09:00,119000.0,119600.0,118600.0,119000.0,7949.0
2026-08-25 11:05:00+09:00,119000.0,119200.0,118600.0,119000.0,5179.0
2026-08-25 11:10:00+09:00,119000.0,119300.0,118700.0,119200.0,4578.0
2026-08-25 11:15:00+09:00,119300.0,119700.0,119000.0,119700.0,5322.0
2026-08-25 11:20:00+09:00,119700.0,119800.0,119300.0,119800.0,3648.0
2026-08-25 11:25:00+09:00,119800.0,120100.0,119500.0,120100.0,4019.0
2026-08-25 11:30:00+09:00,120200.0,120200.0,119900.0,120000.0,3734.0
2026-08-25 11:35:00+09:00,120000.0,120100.0,119400.0,119600.0,3798.0
2026-08-25 11:40:00+09:00,119700.0,120000.0,119000.0,119100.0,4119.0
2026-08-25 11:45:00+09:00,119200.0,119600.0,118600.0,118800.0,4878.0
2026-08-25 11:50:00+09:00,118900.0,119500.0,118600.0,119000.0,3357.0
2026-08-25 11:55:00+09:00,119000.0,119100.0,118500.0,118900.0,4656.0
2026-08-25 12:00:00+09:00,118900.0,119000.0,118200.0,118500.0,3718.0
2026-08-25 12:05:00+09:00,118400.0,118900.0,118100.0,118700.0,5075.0
2026-08-25 12:10:00+09:00,118800.0,119700.0,118500.0,119100.0,4846.0
2026-08-25 12:15:00+09:00,119100.0,119700.0,118800.0,119500.0,4169.0
2026-08-25 12:20:00+09:00,119500.0,119700.0,118900.0,119000.0,3315.0
2026-08-25 12:25:00+09:00,119000.0,119700.0,118900.0,119500.0,4503.0
2026-08-25 12:30:00+09:00,119500.0,119900.0,119200.0,119400.0,5995.0
2026-08-25 12:35:00+09:00,119400.0,119700.0,119000.0,119300.0,3330.0
2026-08-25 12:40:00+09:00,119200.0,119300.0,118700.0,118900.0,5473.0
2026-08-25 12:45:00+09:00,118900.0,119000.0,118500.0,118900.0,4386.0
2026-08-25 12:50:00+09:00,118800.0,118900.0,118500.0,118800.0,2726.0
2026-08-25 12:55:00+09:00,118800.0,119100.0,118400.0,118600.0,3517.0
2026-08-25 13:00:00+09:00,118700.0,119400.0,118200.0,118600.0,5167.0
2026-08-25 13:05:00+09:00,118600.0,118800.0,118300.0,118600.0,6028.0
2026-08-25 13:10:00+09:00,118700.0,118700.0,118200.0,118400.0,4311.0
2026-08-25 13:15:00+09:00,118400.0,118600.0,117900.0,117900.0,6691.0
2026-08-25 13:20:00+09:00,117900.0,118300.0,117800.0,118200.0,6288.0
2026-08-25 13:25:00+09:00,118200.0,118900.0,118000.0,118600.0,5489.0
2026-08-25 13:30:00+09:00,118700.0,119300.0,118500.0,119100.0,10334.0
2026-08-25 13:35:00+09:00,119200.0,119300.0,118900.0,119300.0,4060.0
2026-08-25 13:40:00+09:00,119300.0,119300.0,119000.0,119300.0,3791.0
2026-08-25 13:45:00+09:00,119200.0,119500.0,119100.0,119400.0,4100.0
2026-08-25 13:50:00+09:00,119500.0,120500.0,119400.0,120500.0,6029.0
2026-08-25 13:55:00+09:00,120500.0,121300.0,120300.0,120800.0,8125.0
2026-08-25 14:00:00+09:00,120800.0,120800.0,119900.0,119900.0,5108.0
2026-08-25 14:05:00+09:00,120000.0,120300.0,119900.0,120100.0,3822.0
2026-08-25 14:10:00+09:00,120100.0,120500.0,119700.0,120000.0,5161.0
2026-08-25 14:15:00+09:00,120000.0,120200.0,119900.0,120000.0,5702.0
2026-08-25 14:20:00+09:00,119900.0,120100.0,119600.0,119900.0,5417.0
2026-08-25 14:25:00+09:00,120000.0,120000.0,119700.0,119900.0,4885.0
2026-08-25 14:30:00+09:00,119900.0,120300.0,119500.0,120100.0,6621.0
2026-08-25 14:35:00+09:00,120100.0,120800.0,120100.0,120800.0,4957.0
2026-08-25 14:40:00+09:00,120800.0,120900.0,119900.0,120100.0,6737.0
2026-08-25 14:45:00+09:00,120000.0,120400.0,119600.0,119900.0,6406.0
2026-08-25 14:50:00+09:00,119800.0,120300.0,119600.0,120000.0,6806.0
2026-08-25 14:55:00+09:00,120100.0,120400.0,120000.0,120200.0,6502.0
2026-08-26 09:00:00+09:00,119000.0,119100.0,117100.0,117300.0,23203.0
2026-08-26 09:05:00+09:00,117200.0,117500.0,116000.0,116000.0,21107.0
2026-08-26 09:10:00+09:00,115900.0,117300.0,115300.0,115600.0,14755.0
2026-08-26 09:15:00+09:00,115500.0,116200.0,115000.0,115600.0,16625.0
2026-08-26 09:20:00+09:00,115600.0,117800.0,115600.0,117100.0,10191.0
2026-08-26 09:25:00+09:00,117100.0,117100.0,116000.0,116000.0,7483.0
2026-08-26 09:30:00+09:00,116000.0,116600.0,115600.0,115900.0,5333.0
2026-08-26 09:35:00+09:00,115900.0,116000.0,115300.0,115500.0,5549.0
2026-08-26 09:40:00+09:00,115400.0,116100.0,115000.0,115900.0,6435.0
2026-08-26 09:45:00+09:00,116000.0,116800.0,115900.0,116100.0,3881.0
2026-08-26 09:50:00+09:00,116000.0,116200.0,115600.0,115600.0,2580.0
2026-08-26 09:55:00+09:00,115600.0,116200.0,115500.0,115600.0,4231.0
2026-08-26 10:00:00+09:00,115600.0,116500.0,115500.0,116400.0,2498.0
2026-08-26 10:05:00+09:00,116350.0,116600.0,115900.0,116200.0,2974.0
2026-08-26 10:10:00+09:00,116200.0,117000.0,116200.0,116700.0,3010.0
2026-08-26 10:15:00+09:00,116700.0,116800.0,116500.0,116700.0,1789.0
2026-08-26 10:20:00+09:00,116600.0,116900.0,116200.0,116300.0,1977.0
2026-08-26 10:25:00+09:00,116300.0,116300.0,115600.0,116000.0,2334.0
2026-08-26 10:30:00+09:00,115900.0,116100.0,115550.0,115700.0,2683.0
2026-08-26 10:35:00+09:00,115700.0,115900.0,115500.0,115600.0,1633.0
2026-08-26 10:40:00+09:00,115600.0,115600.0,115400.0,115600.0,2820.0
2026-08-26 10:45:00+09:00,115500.0,115600.0,115200.0,115300.0,3112.0
2026-08-26 10:50:00+09:00,115300.0,115800.0,115200.0,115800.0,3105.0
2026-08-26 10:55:00+09:00,115800.0,116000.0,115600.0,116000.0,1892.0
2026-08-26 11:00:00+09:00,116000.0,116200.0,115800.0,116200.0,1536.0
2026-08-26 11:05:00+09:00,116200.0,117400.0,116100.0,116900.0,3901.0
2026-08-26 11:10:00+09:00,116900.0,117300.0,116800.0,117100.0,4167.0
2026-08-26 11:15:00+09:00,117100.0,117500.0,117100.0,117400.0,2451.0
2026-08-26 11:20:00+09:00,117300.0,117400.0,117000.0,117100.0,2440.0
2026-08-26 11:25:00+09:00,117050.0,117700.0,116800.0,117300.0,5912.0
2026-08-26 11:30:00+09:00,117300.0,117700.0,117200.0,117600.0,1114.0
2026-08-26 11:35:00+09:00,117600.0,117700.0,117100.0,117200.0,1870.0
2026-08-26 11:40:00+09:00,117200.0,117400.0,117100.0,117200.0,1138.0
2026-08-26 11:45:00+09:00,117200.0,117400.0,117000.0,117000.0,2650.0
2026-08-26 11:50:00+09:00,117000.0,117200.0,116600.0,116600.0,1757.0
2026-08-26 11:55:00+09:00,116700.0,116700.0,116500.0,116600.0,1488.0
2026-08-26 12:00:00+09:00,116600.0,117200.0,116400.0,117200.0,1501.0
2026-08-26 12:05:00+09:00,117100.0,117500.0,116700.0,117500.0,1990.0
2026-08-26 12:10:00+09:00,117400.0,118000.0,117400.0,118000.0,1808.0
2026-08-26 12:15:00+09:00,118000.0,118300.0,117700.0,117700.0,2286.0
2026-08-26 12:20:00+09:00,117600.0,117700.0,117200.0,117300.0,1211.0
2026-08-26 12:25:00+09:00,117200.0,117300.0,117100.0,117200.0,1756.0
2026-08-26 12:30:00+09:00,117300.0,117600.0,117200.0,117500.0,730.0
2026-08-26 12:35:00+09:00,117600.0,117900.0,117600.0,117900.0,1396.0
2026-08-26 12:40:00+09:00,117800.0,118000.0,117300.0,117300.0,2166.0
2026-08-26 12:45:00+09:00,117300.0,117600.0,117100.0,117500.0,1818.0
2026-08-26 12:50:00+09:00,117400.0,117700.0,117400.0,117600.0,1336.0
2026-08-26 12:55:00+09:00,117600.0,117700.0,117100.0,117100.0,1802.0
2026-08-26 13:00:00+09:00,117100.0,117600.0,117100.0,117500.0,1335.0
2026-08-26 13:05:00+09:00,117600.0,117600.0,117000.0,117000.0,1551.0
2026-08-26 13:10:00+09:00,117100.0,117300.0,117000.0,117200.0,1251.0
2026-08-26 13:15:00+09:00,117200.0,117200.0,117100.0,117100.0,607.0
2026-08-26 13:20:00+09:00,117100.0,117600.0,117100.0,117600.0,2648.0
2026-08-26 13:25:00+09:00,117600.0,117800.0,117500.0,117800.0,1968.0
2026-08-26 13:30:00+09:00,117700.0,118200.0,117700.0,118200.0,2764.0
2026-08-26 13:35:00+09:00,118200.0,118400.0,117900.0,118200.0,4158.0
2026-08-26 13:40:00+09:00,118300.0,119000.0,118200.0,118900.0,7376.0
2026-08-26 13:45:00+09:00,119000.0,119500.0,118900.0,119300.0,6161.0
2026-08-26 13:50:00+09:00,119300.0,119800.0,119100.0,119400.0,4975.0
2026-08-26 13:55:00+09:00,119500.0,119500.0,119000.0,119200.0,2767.0
2026-08-26 14:00:00+09:00,119200.0,119200.0,118900.0,119000.0,2848.0
2026-08-26 14:05:00+09:00,118900.0,119000.0,118300.0,118800.0,5901.0
2026-08-26 14:10:00+09:00,118800.0,118800.0,118000.0,118000.0,2482.0
2026-08-26 14:15:00+09:00,118100.0,120000.0,118000.0,119850.0,8649.0
2026-08-26 14:20:00+09:00,119900.0,119900.0,118900.0,119200.0,6726.0
2026-08-26 14:25:00+09:00,119200.0,119400.0,119000.0,119400.0,5346.0
2026-08-26 14:30:00+09:00,119400.0,120300.0,119300.0,120300.0,9603.0
2026-08-26 14:35:00+09:00,120300.0,120900.0,120100.0,120900.0,12375.0
2026-08-26 14:40:00+09:00,120900.0,121100.0,120400.0,120800.0,10021.0
2026-08-26 14:45:00+09:00,120900.0,122000.0,120800.0,121800.0,13043.0
2026-08-26 14:50:00+09:00,121900.0,122800.0,121700.0,122400.0,21145.0
2026-08-26 14:55:00+09:00,122300.0,123500.0,122200.0,122300.0,25081.0
2026-08-27 09:00:00+09:00,122800.0,125600.0,122000.0,124700.0,30178.0
2026-08-27 09:05:00+09:00,124800.0,129000.0,124600.0,128900.0,45903.0
2026-08-27 09:10:00+09:00,129000.0,129900.0,127700.0,129400.0,41874.0
2026-08-27 09:15:00+09:00,129500.0,129900.0,127600.0,129500.0,30412.0
2026-08-27 09:20:00+09:00,129500.0,129500.0,126600.0,126800.0,27117.0
2026-08-27 09:25:00+09:00,126800.0,127700.0,126000.0,126300.0,15951.0
2026-08-27 09:30:00+09:00,126300.0,127000.0,125600.0,126000.0,11146.0
2026-08-27 09:35:00+09:00,126000.0,127200.0,125900.0,127200.0,8879.0
2026-08-27 09:40:00+09:00,127200.0,127900.0,126900.0,127700.0,6175.0
2026-08-27 09:45:00+09:00,127800.0,128100.0,127100.0,127200.0,8088.0
2026-08-27 09:50:00+09:00,127200.0,127300.0,125200.0,125900.0,10934.0
2026-08-27 09:55:00+09:00,125700.0,126900.0,125400.0,126600.0,8411.0
2026-08-27 10:00:00+09:00,126700.0,127800.0,126100.0,127500.0,6621.0
2026-08-27 10:05:00+09:00,127600.0,127900.0,126800.0,127000.0,7467.0
2026-08-27 10:10:00+09:00,127000.0,127700.0,126600.0,127300.0,6136.0
2026-08-27 10:15:00+09:00,127200.0,128000.0,127000.0,128000.0,6354.0
2026-08-27 10:20:00+09:00,127800.0,128700.0,127800.0,128600.0,9518.0
2026-08-27 10:25:00+09:00,128600.0,128900.0,128100.0,128800.0,10260.0
2026-08-27 10:30:00+09:00,128900.0,129200.0,128500.0,129100.0,8601.0
2026-08-27 10:35:00+09:00,129100.0,129700.0,128800.0,129700.0,11916.0
2026-08-27 10:40:00+09:00,129600.0,130400.0,129600.0,130000.0,25844.0
2026-08-27 10:45:00+09:00,130000.0,131000.0,129600.0,130700.0,22680.0
2026-08-27 10:50:00+09:00,130700.0,132100.0,130700.0,132000.0,27793.0
2026-08-27 10:55:00+09:00,132000.0,132300.0,130500.0,130900.0,20156.0
2026-08-27 11:00:00+09:00,131000.0,131200.0,130500.0,130900.0,10892.0
2026-08-27 11:05:00+09:00,130900.0,130900.0,129800.0,130400.0,9055.0
2026-08-27 11:10:00+09:00,130400.0,130900.0,129900.0,130800.0,7758.0
2026-08-27 11:15:00+09:00,130800.0,131400.0,130400.0,131100.0,7948.0
2026-08-27 11:20:00+09:00,131100.0,131500.0,131000.0,131500.0,6349.0
2026-08-27 11:25:00+09:00,131400.0,131500.0,131200.0,131500.0,5614.0
2026-08-27 11:30:00+09:00,131500.0,131800.0,131300.0,131600.0,5327.0
2026-08-27 11:35:00+09:00,131600.0,131700.0,131200.0,131300.0,4322.0
2026-08-27 11:40:00+09:00,131300.0,131500.0,130400.0,130600.0,8214.0
2026-08-27 11:45:00+09:00,130600.0,131200.0,130500.0,130900.0,4437.0
2026-08-27 11:50:00+09:00,130900.0,131400.0,130800.0,130800.0,4602.0
2026-08-27 11:55:00+09:00,130900.0,131600.0,130800.0,131400.0,4692.0
2026-08-27 12:00:00+09:00,131400.0,131500.0,131100.0,131200.0,4029.0
2026-08-27 12:05:00+09:00,131200.0,131300.0,130700.0,131000.0,4973.0
2026-08-27 12:10:00+09:00,131000.0,131100.0,130600.0,130800.0,5050.0
2026-08-27 12:15:00+09:00,130800.0,130900.0,130400.0,130400.0,6868.0
2026-08-27 12:20:00+09:00,130400.0,131600.0,130100.0,131100.0,12740.0
2026-08-27 12:25:00+09:00,131100.0,131200.0,130500.0,130900.0,8025.0
2026-08-27 12:30:00+09:00,131000.0,131300.0,130800.0,130800.0,6841.0
2026-08-27 12:35:00+09:00,130900.0,130900.0,130200.0,130400.0,5657.0
2026-08-27 12:40:00+09:00,130400.0,130800.0,130300.0,130600.0,3897.0
2026-08-27 12:45:00+09:00,130600.0,130700.0,130200.0,130300.0,4606.0
2026-08-27 12:50:00+09:00,130300.0,131000.0,130100.0,130800.0,5392.0
2026-08-27 12:55:00+09:00,130800.0,131100.0,130700.0,131000.0,4516.0
2026-08-27 13:00:00+09:00,131100.0,131300.0,130900.0,131100.0,4215.0
2026-08-27 13:05:00+09:00,131100.0,131200.0,130800.0,130900.0,4557.0
2026-08-27 13:10:00+09:00,130800.0,131000.0,130800.0,130900.0,5476.0
2026-08-27 13:15:00+09:00,131000.0,131200.0,130900.0,131200.0,4460.0
2026-08-27 13:20:00+09:00,131200.0,131300.0,130700.0,130700.0,6650.0
2026-08-27 13:25:00+09:00,130700.0,131200.0,130600.0,131100.0,4769.0
2026-08-27 13:30:00+09:00,131100.0,131200.0,130900.0,131100.0,4452.0
2026-08-27 13:35:00+09:00,131100.0,131200.0,130800.0,130900.0,5317.0
2026-08-27 13:40:00+09:00,130900.0,131200.0,130600.0,130650.0,5500.0
2026-08-27 13:45:00+09:00,130650.0,130900.0,130300.0,130400.0,5585.0
2026-08-27 13:50:00+09:00,130400.0,130600.0,130200.0,130400.0,5722.0
2026-08-27 13:55:00+09:00,130500.0,130700.0,130300.0,130400.0,5104.0
2026-08-27 14:00:00+09:00,130400.0,130500.0,130200.0,130400.0,5869.0
2026-08-27 14:05:00+09:00,130400.0,130800.0,130200.0,130500.0,5528.0
2026-08-27 14:10:00+09:00,130600.0,130700.0,130300.0,130500.0,5432.0
2026-08-27 14:15:00+09:00,130400.0,130550.0,129500.0,129500.0,7540.0
2026-08-27 14:20:00+09:00,129600.0,129900.0,129200.0,129500.0,7825.0
2026-08-27 14:25:00+09:00,129500.0,129900.0,129300.0,129600.0,6768.0
2026-08-27 14:30:00+09:00,129600.0,130000.0,129400.0,129900.0,9555.0
2026-08-27 14:35:00+09:00,130000.0,130600.0,129800.0,130600.0,6296.0
2026-08-27 14:40:00+09:00,130600.0,131000.0,130400.0,130700.0,6241.0
2026-08-27 14:45:00+09:00,130800.0,130800.0,130400.0,130600.0,7187.0
2026-08-27 14:50:00+09:00,130700.0,130850.0,130600.0,130800.0,5578.0
2026-08-27 14:55:00+09:00,130800.0,130900.0,130400.0,130600.0,6607.0
2026-08-28 09:00:00+09:00,128600.0,131300.0,127100.0,130900.0,19774.0
2026-08-28 09:05:00+09:00,131000.0,132000.0,130300.0,131300.0,13259.0
2026-08-28 09:10:00+09:00,131300.0,132300.0,130600.0,132300.0,9770.0
2026-08-28 09:15:00+09:00,132300.0,132300.0,130100.0,130300.0,7806.0
2026-08-28 09:20:00+09:00,130300.0,131400.0,130000.0,131200.0,7597.0
2026-08-28 09:25:00+09:00,131200.0,131700.0,129600.0,130000.0,6705.0
2026-08-28 09:30:00+09:00,130100.0,131200.0,130000.0,130900.0,5728.0
2026-08-28 09:35:00+09:00,130800.0,130800.0,129800.0,129800.0,4045.0
2026-08-28 09:40:00+09:00,129750.0,130700.0,129600.0,130200.0,4920.0
2026-08-28 09:45:00+09:00,130200.0,131900.0,130200.0,131800.0,5413.0
2026-08-28 09:50:00+09:00,131700.0,131900.0,131000.0,131400.0,6372.0
2026-08-28 09:55:00+09:00,131500.0,131800.0,131200.0,131500.0,4711.0
2026-08-28 10:00:00+09:00,131500.0,131800.0,131300.0,131700.0,5328.0
2026-08-28 10:05:00+09:00,131700.0,131900.0,131000.0,131400.0,4984.0
2026-08-28 10:10:00+09:00,131200.0,131800.0,131200.0,131700.0,3774.0
2026-08-28 10:15:00+09:00,131700.0,132300.0,131600.0,132100.0,6192.0
2026-08-28 10:20:00+09:00,132200.0,132750.0,132000.0,132400.0,11645.0
2026-08-28 10:25:00+09:00,132400.0,132500.0,131500.0,131700.0,5496.0
2026-08-28 10:30:00+09:00,131700.0,131800.0,130700.0,131400.0,7198.0
2026-08-28 10:35:00+09:00,131500.0,131700.0,131300.0,131500.0,2664.0
2026-08-28 10:40:00+09:00,131500.0,132000.0,131400.0,131900.0,2449.0
2026-08-28 10:45:00+09:00,131900.0,132000.0,131600.0,131800.0,2775.0
2026-08-28 10:50:00+09:00,131800.0,132400.0,131800.0,132400.0,2838.0
2026-08-28 10:55:00+09:00,132350.0,132600.0,132100.0,132400.0,3428.0
2026-08-28 11:00:00+09:00,132400.0,132500.0,131900.0,132100.0,3540.0
2026-08-28 11:05:00+09:00,132100.0,132200.0,131600.0,131800.0,3863.0
2026-08-28 11:10:00+09:00,131800.0,132500.0,131800.0,132400.0,2141.0
2026-08-28 11:15:00+09:00,132400.0,132900.0,132200.0,132900.0,6271.0
2026-08-28 11:20:00+09:00,132900.0,133000.0,132700.0,132900.0,5029.0
2026-08-28 11:25:00+09:00,132900.0,133100.0,132900.0,133100.0,3799.0
2026-08-28 11:30:00+09:00,133200.0,133600.0,133100.0,133400.0,6111.0
2026-08-28 11:35:00+09:00,133400.0,133500.0,133200.0,133300.0,6693.0
2026-08-28 11:40:00+09:00,133300.0,133500.0,133100.0,133500.0,5969.0
2026-08-28 11:45:00+09:00,133500.0,133700.0,133400.0,133700.0,3304.0
2026-08-28 11:50:00+09:00,133700.0,134100.0,133600.0,134000.0,12592.0
2026-08-28 11:55:00+09:00,133900.0,134500.0,133800.0,134400.0,5096.0
2026-08-28 12:00:00+09:00,134400.0,134500.0,134100.0,134500.0,3320.0
2026-08-28 12:05:00+09:00,134500.0,135200.0,134500.0,135100.0,7830.0
2026-08-28 12:10:00+09:00,135100.0,135600.0,134400.0,134700.0,10640.0
2026-08-28 12:15:00+09:00,134700.0,135500.0,134700.0,134900.0,5472.0
2026-08-28 12:20:00+09:00,134900.0,135300.0,134500.0,135200.0,4457.0
2026-08-28 12:25:00+09:00,135300.0,135400.0,135100.0,135400.0,2527.0
2026-08-28 12:30:00+09:00,135400.0,135500.0,135200.0,135400.0,4272.0
2026-08-28 12:35:00+09:00,135500.0,135800.0,135400.0,135800.0,5197.0
2026-08-28 12:40:00+09:00,135800.0,135800.0,135200.0,135300.0,4516.0
2026-08-28 12:45:00+09:00,135300.0,135400.0,134500.0,134900.0,6767.0
2026-08-28 12:50:00+09:00,135000.0,135600.0,135000.0,135200.0,3583.0
2026-08-28 12:55:00+09:00,135200.0,135400.0,134800.0,134800.0,4000.0
2026-08-28 13:00:00+09:00,134800.0,135300.0,134700.0,135200.0,3983.0
2026-08-28 13:05:00+09:00,135200.0,135700.0,135200.0,135600.0,3026.0
2026-08-28 13:10:00+09:00,135600.0,136800.0,135500.0,136750.0,16437.0
2026-08-28 13:15:00+09:00,136750.0,137300.0,136700.0,136800.0,8499.0
2026-08-28 13:20:00+09:00,136900.0,137000.0,136600.0,136800.0,4718.0
2026-08-28 13:25:00+09:00,136900.0,137500.0,136600.0,136600.0,7543.0
2026-08-28 13:30:00+09:00,137300.0,137500.0,136500.0,137300.0,5955.0
2026-08-28 13:35:00+09:00,137300.0,137500.0,137000.0,137100.0,5360.0
2026-08-28 13:40:00+09:00,137100.0,137500.0,136900.0,137300.0,7332.0
2026-08-28 13:45:00+09:00,137300.0,137500.0,136750.0,136800.0,7188.0
2026-08-28 13:50:00+09:00,136900.0,137400.0,136600.0,137200.0,5611.0
2026-08-28 13:55:00+09:00,137200.0,137500.0,136900.0,137000.0,4742.0
2026-08-28 14:00:00+09:00,137100.0,137200.0,135800.0,136300.0,7273.0
2026-08-28 14:05:00+09:00,136300.0,136400.0,135500.0,135500.0,5744.0
2026-08-28 14:10:00+09:00,135600.0,135750.0,135100.0,135500.0,9866.0
2026-08-28 14:15:00+09:00,135500.0,135700.0,135200.0,135400.0,4759.0
2026-08-28 14:20:00+09:00,135500.0,135900.0,135250.0,135400.0,5766.0
2026-08-28 14:25:00+09:00,135400.0,135600.0,134600.0,134900.0,8137.0
2026-08-28 14:30:00+09:00,134800.0,135600.0,134700.0,135500.0,5715.0
2026-08-28 14:35:00+09:00,135400.0,135600.0,134900.0,135100.0,4864.0
2026-08-28 14:40:00+09:00,135100.0,135100.0,134200.0,134500.0,6880.0
2026-08-28 14:45:00+09:00,134450.0,134500.0,134000.0,134400.0,6560.0
2026-08-28 14:50:00+09:00,134400.0,135000.0,134400.0,135000.0,6774.0
2026-08-28 14:55:00+09:00,135000.0,135000.0,133500.0,133900.0,8174.0
2026-08-31 09:00:00+09:00,137500.0,140900.0,135600.0,137100.0,0.0
2026-08-31 09:05:00+09:00,137100.0,141300.0,136500.0,140600.0,46633.0
2026-08-31 09:10:00+09:00,140500.0,143100.0,140100.0,142600.0,52524.0
2026-08-31 09:15:00+09:00,142600.0,143800.0,141500.0,142200.0,46509.0
2026-08-31 09:20:00+09:00,142300.0,146200.0,141800.0,144600.0,62008.0
2026-08-31 09:25:00+09:00,144600.0,144800.0,142300.0,144200.0,32701.0
2026-08-31 09:30:00+09:00,144200.0,145900.0,143600.0,145400.0,24535.0
2026-08-31 09:35:00+09:00,145300.0,146500.0,144700.0,145000.0,33963.0
2026-08-31 09:40:00+09:00,145000.0,145200.0,143500.0,144300.0,33527.0
2026-08-31 09:45:00+09:00,144400.0,145100.0,143100.0,143500.0,21985.0
2026-08-31 09:50:00+09:00,143500.0,145500.0,142800.0,145500.0,21801.0
2026-08-31 09:55:00+09:00,145500.0,145600.0,142900.0,143000.0,19843.0
2026-08-31 10:00:00+09:00,143000.0,143600.0,142500.0,143400.0,16635.0
2026-08-31 10:05:00+09:00,143600.0,143800.0,143200.0,143500.0,10067.0
2026-08-31 10:10:00+09:00,143500.0,143900.0,143200.0,143400.0,10465.0
2026-08-31 10:15:00+09:00,143200.0,143300.0,142500.0,143100.0,9925.0
2026-08-31 10:20:00+09:00,143200.0,143300.0,141100.0,141500.0,23254.0
2026-08-31 10:25:00+09:00,141500.0,142500.0,141100.0,142500.0,10872.0
2026-08-31 10:30:00+09:00,142500.0,143500.0,142400.0,142600.0,9082.0
2026-08-31 10:35:00+09:00,142600.0,143000.0,141900.0,142500.0,12751.0
2026-08-31 10:40:00+09:00,142600.0,142900.0,142000.0,142000.0,8325.0
2026-08-31 10:45:00+09:00,142050.0,142400.0,141700.0,142400.0,8865.0
2026-08-31 10:50:00+09:00,142300.0,143300.0,142100.0,143300.0,11568.0
2026-08-31 10:55:00+09:00,143300.0,143500.0,142100.0,142300.0,9213.0
2026-08-31 11:00:00+09:00,142200.0,142800.0,142000.0,142600.0,6997.0
2026-08-31 11:05:00+09:00,142700.0,143200.0,142700.0,143000.0,8614.0
2026-08-31 11:10:00+09:00,142800.0,143300.0,142700.0,143300.0,5247.0
2026-08-31 11:15:00+09:00,143300.0,143400.0,142800.0,143000.0,7666.0
2026-08-31 11:20:00+09:00,143000.0,143100.0,142000.0,142300.0,12010.0
2026-08-31 11:25:00+09:00,142300.0,142800.0,142000.0,142700.0,5543.0
2026-08-31 11:30:00+09:00,142700.0,143100.0,142700.0,143100.0,3524.0
2026-08-31 11:35:00+09:00,143100.0,143300.0,143000.0,143200.0,3981.0
2026-08-31 11:40:00+09:00,143200.0,143300.0,142800.0,142900.0,4543.0
2026-08-31 11:45:00+09:00,143000.0,143200.0,142900.0,143200.0,4258.0
2026-08-31 11:50:00+09:00,143200.0,143200.0,142900.0,143200.0,4812.0
2026-08-31 11:55:00+09:00,143200.0,143500.0,143100.0,143500.0,3838.0
2026-08-31 12:00:00+09:00,143400.0,143700.0,143400.0,143600.0,4808.0
2026-08-31 12:05:00+09:00,143700.0,144000.0,143500.0,144000.0,4595.0
2026-08-31 12:10:00+09:00,144000.0,144200.0,144000.0,144000.0,7785.0
2026-08-31 12:15:00+09:00,144000.0,144100.0,143600.0,143800.0,4087.0
2026-08-31 12:20:00+09:00,143900.0,144100.0,143700.0,144000.0,4179.0
2026-08-31 12:25:00+09:00,144000.0,144200.0,143900.0,144100.0,4523.0
2026-08-31 12:30:00+09:00,144200.0,144500.0,144100.0,144500.0,3373.0
2026-08-31 12:35:00+09:00,144500.0,144600.0,144200.0,144400.0,6062.0
2026-08-31 12:40:00+09:00,144400.0,144500.0,144300.0,144400.0,2751.0
2026-08-31 12:45:00+09:00,144500.0,144600.0,143600.0,143700.0,9722.0
2026-08-31 12:50:00+09:00,143700.0,143800.0,143000.0,143500.0,16682.0
2026-08-31 12:55:00+09:00,143600.0,143900.0,143200.0,143900.0,5099.0
2026-08-31 13:00:00+09:00,143800.0,144000.0,143600.0,143900.0,3558.0
2026-08-31 13:05:00+09:00,143900.0,144100.0,143700.0,144100.0,3105.0
2026-08-31 13:10:00+09:00,144100.0,144100.0,143600.0,144100.0,5327.0
2026-08-31 13:15:00+09:00,144050.0,144700.0,144000.0,144700.0,5458.0
2026-08-31 13:20:00+09:00,144600.0,144700.0,144500.0,144500.0,3832.0
2026-08-31 13:25:00+09:00,144600.0,144900.0,144500.0,144900.0,6915.0
2026-08-31 13:30:00+09:00,144900.0,145300.0,144800.0,145200.0,13025.0
2026-08-31 13:35:00+09:00,145200.0,146300.0,145200.0,146200.0,17227.0
2026-08-31 13:40:00+09:00,146300.0,147000.0,146100.0,146900.0,16682.0
2026-08-31 13:45:00+09:00,146900.0,147600.0,146500.0,147100.0,16865.0
2026-08-31 13:50:00+09:00,147200.0,147600.0,147000.0,147200.0,13090.0
2026-08-31 13:55:00+09:00,147200.0,147400.0,147000.0,147050.0,9286.0
2026-08-31 14:00:00+09:00,147000.0,147200.0,146200.0,146900.0,14660.0
2026-08-31 14:05:00+09:00,146900.0,147000.0,145100.0,145700.0,12290.0
2026-08-31 14:10:00+09:00,145700.0,145900.0,144900.0,145100.0,12989.0
2026-08-31 14:15:00+09:00,145050.0,145200.0,144000.0,144200.0,14854.0
2026-08-31 14:20:00+09:00,144200.0,144300.0,143000.0,144200.0,22691.0
2026-08-31 14:25:00+09:00,144200.0,145200.0,144100.0,144600.0,9572.0
2026-08-31 14:30:00+09:00,144700.0,145300.0,144400.0,145150.0,8098.0
2026-08-31 14:35:00+09:00,145200.0,145900.0,144900.0,145100.0,13172.0
2026-08-31 14:40:00+09:00,145400.0,145800.0,144700.0,145600.0,9531.0
2026-08-31 14:45:00+09:00,145600.0,146300.0,145400.0,146200.0,8712.0
2026-08-31 14:50:00+09:00,146200.0,146800.0,146100.0,146300.0,10808.0
2026-08-31 14:55:00+09:00,146300.0,146400.0,145400.0,145500.0,10491.0
2026-09-01 09:00:00+09:00,142100.0,142700.0,136400.0,137600.0,89865.0
2026-09-01 09:05:00+09:00,137500.0,140500.0,137400.0,140000.0,32205.0
2026-09-01 09:10:00+09:00,140000.0,143300.0,138900.0,143000.0,38654.0
2026-09-01 09:15:00+09:00,143000.0,145500.0,142000.0,145400.0,39720.0
2026-09-01 09:20:00+09:00,145500.0,146500.0,144500.0,144600.0,38151.0
2026-09-01 09:25:00+09:00,144600.0,145300.0,143900.0,144200.0,22003.0
2026-09-01 09:30:00+09:00,144100.0,145600.0,144100.0,145600.0,13603.0
2026-09-01 09:35:00+09:00,145600.0,147300.0,145500.0,147200.0,29124.0
2026-09-01 09:40:00+09:00,147200.0,147300.0,145100.0,145400.0,24492.0
2026-09-01 09:45:00+09:00,145700.0,145900.0,144000.0,145200.0,13798.0
2026-09-01 09:50:00+09:00,145400.0,145500.0,144000.0,144600.0,13654.0
2026-09-01 09:55:00+09:00,144600.0,146000.0,144400.0,144700.0,10896.0
2026-09-01 10:00:00+09:00,144700.0,145900.0,144400.0,145300.0,10807.0
2026-09-01 10:05:00+09:00,145300.0,145400.0,142600.0,142600.0,14775.0
2026-09-01 10:10:00+09:00,143000.0,143100.0,141400.0,141900.0,15567.0
2026-09-01 10:15:00+09:00,141900.0,142000.0,140800.0,141200.0,11600.0
2026-09-01 10:20:00+09:00,141200.0,141400.0,139700.0,140000.0,15147.0
2026-09-01 10:25:00+09:00,140100.0,140600.0,139600.0,140200.0,11586.0
2026-09-01 10:30:00+09:00,140200.0,141100.0,139800.0,140900.0,10700.0
2026-09-01 10:35:00+09:00,140900.0,141000.0,139700.0,140300.0,8999.0
2026-09-01 10:40:00+09:00,140200.0,140700.0,139900.0,140700.0,6158.0
2026-09-01 10:45:00+09:00,140700.0,141000.0,140300.0,140600.0,6382.0
2026-09-01 10:50:00+09:00,140600.0,141200.0,140500.0,141000.0,4228.0
2026-09-01 10:55:00+09:00,141000.0,141000.0,140300.0,140400.0,6061.0
2026-09-01 11:00:00+09:00,140300.0,140600.0,140000.0,140000.0,6503.0
2026-09-01 11:05:00+09:00,140100.0,140100.0,139500.0,139600.0,7196.0
2026-09-01 11:10:00+09:00,139500.0,139700.0,139000.0,139200.0,7813.0
2026-09-01 11:15:00+09:00,139200.0,139600.0,139000.0,139100.0,6029.0
2026-09-01 11:20:00+09:00,139100.0,139400.0,137800.0,137900.0,15784.0
2026-09-01 11:25:00+09:00,137900.0,138000.0,136500.0,136900.0,16744.0
2026-09-01 11:30:00+09:00,136900.0,138000.0,136800.0,137400.0,9627.0
2026-09-01 11:35:00+09:00,137300.0,137400.0,136600.0,136700.0,7567.0
2026-09-01 11:40:00+09:00,136600.0,136700.0,136400.0,136700.0,7637.0
2026-09-01 11:45:00+09:00,136700.0,137500.0,136400.0,137400.0,7422.0
2026-09-01 11:50:00+09:00,137400.0,137800.0,137100.0,137300.0,7092.0
2026-09-01 11:55:00+09:00,137300.0,137400.0,137100.0,137300.0,3890.0
2026-09-01 12:00:00+09:00,137300.0,137400.0,136700.0,137000.0,9794.0
2026-09-01 12:05:00+09:00,137000.0,137100.0,136800.0,137000.0,4698.0
2026-09-01 12:10:00+09:00,137000.0,137100.0,136700.0,136700.0,6602.0
2026-09-01 12:15:00+09:00,136800.0,136800.0,136600.0,136700.0,4269.0
2026-09-01 12:20:00+09:00,136700.0,137000.0,136500.0,136900.0,3958.0
2026-09-01 12:25:00+09:00,136900.0,137000.0,136600.0,136900.0,3282.0
2026-09-01 12:30:00+09:00,136800.0,136900.0,136600.0,136900.0,3826.0
2026-09-01 12:35:00+09:00,136800.0,137500.0,136700.0,137200.0,4586.0
2026-09-01 12:40:00+09:00,137300.0,137300.0,136800.0,136900.0,4406.0
2026-09-01 12:45:00+09:00,136850.0,137100.0,136800.0,137100.0,3987.0
2026-09-01 12:50:00+09:00,137100.0,137700.0,137000.0,137400.0,6985.0
2026-09-01 12:55:00+09:00,137400.0,137400.0,136800.0,136900.0,4790.0
2026-09-01 13:00:00+09:00,136900.0,137100.0,136100.0,136100.0,13375.0
2026-09-01 13:05:00+09:00,136100.0,136700.0,136100.0,136100.0,8993.0
2026-09-01 13:10:00+09:00,136100.0,136400.0,135500.0,135800.0,16138.0
2026-09-01 13:15:00+09:00,135800.0,136200.0,135600.0,135800.0,6463.0
2026-09-01 13:20:00+09:00,135900.0,136000.0,135500.0,135800.0,8494.0
2026-09-01 13:25:00+09:00,136000.0,136000.0,135200.0,135300.0,9875.0
2026-09-01 13:30:00+09:00,135300.0,135600.0,135000.0,135000.0,10299.0
2026-09-01 13:35:00+09:00,135000.0,135800.0,135000.0,135200.0,11436.0
2026-09-01 13:40:00+09:00,135200.0,135600.0,135000.0,135100.0,8130.0
2026-09-01 13:45:00+09:00,135100.0,135600.0,135000.0,135600.0,6658.0
2026-09-01 13:50:00+09:00,135500.0,136000.0,135200.0,135900.0,7372.0
2026-09-01 13:55:00+09:00,135900.0,136000.0,135200.0,135200.0,6374.0
2026-09-01 14:00:00+09:00,135300.0,135400.0,134900.0,134900.0,11510.0
2026-09-01 14:05:00+09:00,135000.0,135000.0,134000.0,134200.0,17778.0
2026-09-01 14:10:00+09:00,134200.0,134500.0,133100.0,133600.0,21314.0
2026-09-01 14:15:00+09:00,133600.0,134100.0,133200.0,133300.0,11121.0
2026-09-01 14:20:00+09:00,133300.0,133300.0,132500.0,132900.0,26194.0
2026-09-01 14:25:00+09:00,132900.0,133300.0,132800.0,132900.0,11446.0
2026-09-01 14:30:00+09:00,132900.0,134400.0,132800.0,134300.0,18358.0
2026-09-01 14:35:00+09:00,134300.0,134500.0,134000.0,134400.0,11694.0
2026-09-01 14:40:00+09:00,134400.0,135400.0,134300.0,134800.0,14977.0
2026-09-01 14:45:00+09:00,134800.0,135700.0,134700.0,135400.0,17870.0
2026-09-01 14:50:00+09:00,135300.0,135400.0,134300.0,134300.0,15406.0
2026-09-01 14:55:00+09:00,134300.0,135500.0,134300.0,135000.0,14479.0
2026-09-02 09:00:00+09:00,128100.0,130200.0,126800.0,129000.0,30537.0
2026-09-02 09:05:00+09:00,128900.0,129800.0,127800.0,129500.0,12548.0
2026-09-02 09:10:00+09:00,129500.0,131200.0,129400.0,130500.0,19966.0
2026-09-02 09:15:00+09:00,130500.0,131700.0,129600.0,129700.0,20103.0
2026-09-02 09:20:00+09:00,129700.0,130800.0,129300.0,130200.0,7879.0
2026-09-02 09:25:00+09:00,130200.0,130200.0,128500.0,128800.0,10710.0
2026-09-02 09:30:00+09:00,128900.0,129200.0,127300.0,127300.0,9642.0
2026-09-02 09:35:00+09:00,127400.0,128000.0,127000.0,127600.0,10378.0
2026-09-02 09:40:00+09:00,127500.0,128200.0,126300.0,127300.0,10633.0
2026-09-02 09:45:00+09:00,127300.0,127400.0,126700.0,126700.0,4828.0
2026-09-02 09:50:00+09:00,126700.0,127300.0,126300.0,126650.0,9627.0
2026-09-02 09:55:00+09:00,126600.0,127200.0,126200.0,127100.0,11382.0
2026-09-02 10:00:00+09:00,127100.0,127800.0,126500.0,127100.0,8118.0
2026-09-02 10:05:00+09:00,127100.0,130300.0,127100.0,128100.0,8567.0
2026-09-02 10:10:00+09:00,128100.0,128200.0,127100.0,127300.0,5710.0
2026-09-02 10:15:00+09:00,127300.0,127700.0,126500.0,126500.0,3633.0
2026-09-02 10:20:00+09:00,126600.0,126800.0,125700.0,125900.0,9823.0
2026-09-02 10:25:00+09:00,125900.0,126300.0,125600.0,125700.0,12628.0
2026-09-02 10:30:00+09:00,125700.0,125700.0,124700.0,124800.0,17578.0
2026-09-02 10:35:00+09:00,124900.0,125300.0,124200.0,124500.0,14519.0
2026-09-02 10:40:00+09:00,124500.0,125500.0,124400.0,124800.0,8753.0
2026-09-02 10:45:00+09:00,124800.0,124800.0,124200.0,124500.0,8802.0
2026-09-02 10:50:00+09:00,124500.0,124600.0,123400.0,123500.0,14928.0
2026-09-02 10:55:00+09:00,123400.0,123600.0,122600.0,123000.0,24134.0
2026-09-02 11:00:00+09:00,123100.0,123200.0,122600.0,123000.0,8610.0
2026-09-02 11:05:00+09:00,122950.0,123000.0,122700.0,122900.0,5673.0
2026-09-02 11:10:00+09:00,123000.0,123800.0,122800.0,123600.0,8418.0
2026-09-02 11:15:00+09:00,123600.0,124400.0,123500.0,124400.0,7204.0
2026-09-02 11:20:00+09:00,124400.0,124600.0,123800.0,124200.0,7868.0
2026-09-02 11:25:00+09:00,124200.0,124400.0,123500.0,123600.0,4419.0
2026-09-02 11:30:00+09:00,123500.0,123500.0,123000.0,123200.0,5776.0
2026-09-02 11:35:00+09:00,123200.0,123400.0,123000.0,123000.0,3643.0
2026-09-02 11:40:00+09:00,123000.0,123700.0,123000.0,123500.0,5185.0
2026-09-02 11:45:00+09:00,123500.0,124100.0,123400.0,123700.0,4123.0
2026-09-02 11:50:00+09:00,123600.0,123900.0,123400.0,123400.0,4833.0
2026-09-02 11:55:00+09:00,123500.0,123600.0,123100.0,123100.0,5130.0
2026-09-02 12:00:00+09:00,123100.0,123200.0,122900.0,123000.0,4959.0
2026-09-02 12:05:00+09:00,123100.0,123300.0,122800.0,123200.0,5204.0
2026-09-02 12:10:00+09:00,123200.0,123500.0,123100.0,123400.0,3864.0
2026-09-02 12:15:00+09:00,123400.0,123500.0,122800.0,122900.0,4438.0
2026-09-02 12:20:00+09:00,122900.0,123000.0,122700.0,122800.0,4438.0
2026-09-02 12:25:00+09:00,122800.0,123300.0,122800.0,123100.0,3478.0
2026-09-02 12:30:00+09:00,123100.0,123200.0,122700.0,122700.0,5165.0
2026-09-02 12:35:00+09:00,122800.0,122900.0,122700.0,122700.0,3448.0
2026-09-02 12:40:00+09:00,122700.0,122900.0,122300.0,122600.0,7551.0
2026-09-02 12:45:00+09:00,122700.0,122900.0,122500.0,122700.0,3189.0
2026-09-02 12:50:00+09:00,122600.0,122800.0,122500.0,122800.0,3104.0
2026-09-02 12:55:00+09:00,122700.0,123000.0,122600.0,123000.0,3859.0
2026-09-02 13:00:00+09:00,123000.0,123000.0,121900.0,122600.0,15358.0
2026-09-02 13:05:00+09:00,122700.0,123300.0,122500.0,123200.0,5397.0
2026-09-02 13:10:00+09:00,123200.0,123800.0,123200.0,123700.0,4366.0
2026-09-02 13:15:00+09:00,123700.0,124000.0,123500.0,123900.0,3942.0
2026-09-02 13:20:00+09:00,124050.0,124400.0,123600.0,124000.0,5028.0
2026-09-02 13:25:00+09:00,123900.0,124400.0,123900.0,124000.0,4920.0
2026-09-02 13:30:00+09:00,124000.0,124000.0,123500.0,123800.0,3326.0
2026-09-02 13:35:00+09:00,123900.0,123900.0,123200.0,123200.0,3172.0
2026-09-02 13:40:00+09:00,123300.0,123300.0,123000.0,123200.0,3221.0
2026-09-02 13:45:00+09:00,123200.0,123900.0,123100.0,123800.0,4390.0
2026-09-02 13:50:00+09:00,123800.0,123800.0,123000.0,123500.0,4588.0
2026-09-02 13:55:00+09:00,123500.0,123800.0,123400.0,123500.0,4254.0
2026-09-02 14:00:00+09:00,123500.0,123600.0,123100.0,123200.0,3602.0
2026-09-02 14:05:00+09:00,123200.0,125100.0,123100.0,124700.0,6803.0
2026-09-02 14:10:00+09:00,124700.0,126400.0,124600.0,126000.0,11731.0
2026-09-02 14:15:00+09:00,126000.0,127000.0,126000.0,126400.0,11767.0
2026-09-02 14:20:00+09:00,126400.0,127000.0,126200.0,126900.0,6962.0
2026-09-02 14:25:00+09:00,126900.0,127400.0,126800.0,127100.0,9762.0
2026-09-02 14:30:00+09:00,127000.0,127400.0,126300.0,126300.0,8924.0
2026-09-02 14:35:00+09:00,126600.0,126600.0,125100.0,125300.0,6864.0
2026-09-02 14:40:00+09:00,125400.0,126700.0,125400.0,126200.0,8958.0
2026-09-02 14:45:00+09:00,126100.0,126500.0,125800.0,126100.0,8145.0
2026-09-02 14:50:00+09:00,126100.0,126400.0,125500.0,125700.0,9489.0
2026-09-02 14:55:00+09:00,125700.0,125900.0,125100.0,125300.0,6392.0
2026-09-03 09:00:00+09:00,129800.0,130800.0,125000.0,125100.0,41321.0
2026-09-03 09:05:00+09:00,125100.0,126600.0,123800.0,123900.0,21094.0
2026-09-03 09:10:00+09:00,123900.0,125900.0,123800.0,124500.0,10718.0
2026-09-03 09:15:00+09:00,124550.0,124600.0,123300.0,123400.0,11189.0
2026-09-03 09:20:00+09:00,123400.0,125500.0,122500.0,125400.0,15053.0
2026-09-03 09:25:00+09:00,125500.0,125700.0,124200.0,124300.0,10185.0
2026-09-03 09:30:00+09:00,124400.0,124600.0,122800.0,122900.0,10922.0
2026-09-03 09:35:00+09:00,123000.0,124700.0,122800.0,124700.0,12262.0
2026-09-03 09:40:00+09:00,124700.0,124800.0,122800.0,123400.0,10676.0
2026-09-03 09:45:00+09:00,123300.0,124600.0,123300.0,124400.0,8716.0
2026-09-03 09:50:00+09:00,124400.0,126100.0,124400.0,126000.0,10132.0
2026-09-03 09:55:00+09:00,126100.0,126400.0,125200.0,126300.0,13690.0
2026-09-03 10:00:00+09:00,126200.0,128300.0,126200.0,128300.0,16440.0
2026-09-03 10:05:00+09:00,128300.0,128400.0,126800.0,126900.0,16235.0
2026-09-03 10:10:00+09:00,126900.0,128700.0,126600.0,128500.0,10460.0
2026-09-03 10:15:00+09:00,128600.0,128900.0,128100.0,128400.0,12068.0
2026-09-03 10:20:00+09:00,128300.0,128400.0,126900.0,127100.0,9142.0
2026-09-03 10:25:00+09:00,127100.0,127100.0,126300.0,126500.0,5288.0
2026-09-03 10:30:00+09:00,126600.0,127000.0,126100.0,126900.0,4868.0
2026-09-03 10:35:00+09:00,127000.0,127200.0,126400.0,126800.0,5658.0
2026-09-03 10:40:00+09:00,126800.0,127000.0,125900.0,125900.0,4262.0
2026-09-03 10:45:00+09:00,125900.0,126500.0,125800.0,126000.0,5765.0
2026-09-03 10:50:00+09:00,125950.0,126000.0,125300.0,125300.0,4312.0
2026-09-03 10:55:00+09:00,125400.0,125600.0,124400.0,124700.0,7772.0
2026-09-03 11:00:00+09:00,124700.0,125400.0,124500.0,125200.0,3228.0
2026-09-03 11:05:00+09:00,125200.0,125600.0,124800.0,125500.0,5707.0
2026-09-03 11:10:00+09:00,125500.0,125600.0,125000.0,125100.0,2266.0
2026-09-03 11:15:00+09:00,125000.0,125800.0,124800.0,125800.0,2895.0
2026-09-03 11:20:00+09:00,125900.0,126000.0,125300.0,125500.0,3456.0
2026-09-03 11:25:00+09:00,125500.0,126100.0,125300.0,125800.0,1934.0
2026-09-03 11:30:00+09:00,125900.0,126300.0,125800.0,125800.0,2286.0
2026-09-03 11:35:00+09:00,125900.0,125900.0,125500.0,125600.0,2197.0
2026-09-03 11:40:00+09:00,125600.0,125800.0,125200.0,125200.0,2781.0
2026-09-03 11:45:00+09:00,125300.0,125800.0,125100.0,125800.0,2721.0
2026-09-03 11:50:00+09:00,125800.0,126000.0,125500.0,125900.0,2687.0
2026-09-03 11:55:00+09:00,125900.0,126000.0,125700.0,125700.0,2257.0
2026-09-03 12:00:00+09:00,125700.0,126000.0,125600.0,125800.0,2048.0
2026-09-03 12:05:00+09:00,125800.0,126000.0,125600.0,125900.0,1954.0
2026-09-03 12:10:00+09:00,125800.0,126000.0,125600.0,125800.0,2125.0
2026-09-03 12:15:00+09:00,125800.0,125900.0,125700.0,125800.0,1978.0
2026-09-03 12:20:00+09:00,125800.0,126000.0,125700.0,125900.0,2736.0
2026-09-03 12:25:00+09:00,125900.0,126200.0,125700.0,126000.0,2831.0
2026-09-03 12:30:00+09:00,125900.0,126200.0,125800.0,125900.0,2816.0
2026-09-03 12:35:00+09:00,125700.0,126100.0,125000.0,125600.0,4050.0
2026-09-03 12:40:00+09:00,125700.0,125900.0,125300.0,125500.0,2611.0
2026-09-03 12:45:00+09:00,125500.0,125800.0,125100.0,125600.0,2564.0
2026-09-03 12:50:00+09:00,125700.0,125700.0,125300.0,125600.0,4504.0
2026-09-03 12:55:00+09:00,125600.0,125900.0,125600.0,125800.0,1750.0
2026-09-03 13:00:00+09:00,125700.0,126300.0,125700.0,126100.0,2859.0
2026-09-03 13:05:00+09:00,126100.0,126500.0,126000.0,126400.0,2956.0
2026-09-03 13:10:00+09:00,126300.0,126400.0,126000.0,126300.0,3321.0
2026-09-03 13:15:00+09:00,126300.0,126400.0,125900.0,126200.0,5063.0
2026-09-03 13:20:00+09:00,126200.0,126200.0,125600.0,125800.0,3538.0
2026-09-03 13:25:00+09:00,125700.0,126400.0,125700.0,126100.0,2699.0
2026-09-03 13:30:00+09:00,126200.0,126600.0,125600.0,125600.0,4989.0
2026-09-03 13:35:00+09:00,125600.0,125800.0,124600.0,125100.0,10139.0
2026-09-03 13:40:00+09:00,125100.0,125200.0,123000.0,123000.0,15977.0
2026-09-03 13:45:00+09:00,123000.0,123400.0,122300.0,122800.0,16023.0
2026-09-03 13:50:00+09:00,122700.0,122800.0,121200.0,121500.0,29007.0
2026-09-03 13:55:00+09:00,121500.0,122600.0,121400.0,122300.0,16807.0
2026-09-03 14:00:00+09:00,122400.0,122900.0,122100.0,122200.0,10933.0
2026-09-03 14:05:00+09:00,122200.0,122400.0,120900.0,121300.0,18171.0
2026-09-03 14:10:00+09:00,121300.0,121600.0,120300.0,120800.0,19489.0
2026-09-03 14:15:00+09:00,120800.0,120900.0,119200.0,119700.0,29099.0
2026-09-03 14:20:00+09:00,119600.0,120200.0,119100.0,120100.0,30316.0
2026-09-03 14:25:00+09:00,120100.0,120600.0,119300.0,120400.0,16862.0
2026-09-03 14:30:00+09:00,120300.0,121200.0,120000.0,121100.0,16194.0
2026-09-03 14:35:00+09:00,121200.0,121400.0,120100.0,120800.0,12947.0
2026-09-03 14:40:00+09:00,120700.0,121000.0,120400.0,120700.0,10917.0
2026-09-03 14:45:00+09:00,120600.0,121500.0,120200.0,121500.0,13004.0
2026-09-03 14:50:00+09:00,121500.0,122000.0,121000.0,121300.0,14289.0
2026-09-03 14:55:00+09:00,121300.0,121700.0,120800.0,121700.0,13362.0
2026-09-04 09:00:00+09:00,123000.0,123800.0,118300.0,119550.0,41819.0
2026-09-04 09:05:00+09:00,119550.0,121300.0,118500.0,120900.0,31544.0
2026-09-04 09:10:00+09:00,120900.0,123800.0,120700.0,122600.0,27685.0
2026-09-04 09:15:00+09:00,122500.0,123100.0,120300.0,120700.0,29317.0
2026-09-04 09:20:00+09:00,120700.0,121700.0,120400.0,121000.0,22359.0
2026-09-04 09:25:00+09:00,121000.0,121300.0,120600.0,121100.0,20803.0
2026-09-04 09:30:00+09:00,121100.0,122100.0,120600.0,121100.0,19393.0
2026-09-04 09:35:00+09:00,121100.0,121300.0,120500.0,120600.0,14072.0
2026-09-04 09:40:00+09:00,120600.0,120900.0,120300.0,120900.0,12435.0
2026-09-04 09:45:00+09:00,120900.0,121900.0,120700.0,121300.0,12522.0
2026-09-04 09:50:00+09:00,121300.0,121600.0,120600.0,121200.0,13528.0
2026-09-04 09:55:00+09:00,121200.0,121300.0,120300.0,120300.0,11087.0
2026-09-04 10:00:00+09:00,120400.0,120800.0,120100.0,120400.0,8443.0
2026-09-04 10:05:00+09:00,120400.0,120400.0,119900.0,119950.0,7339.0
2026-09-04 10:10:00+09:00,119950.0,120000.0,119300.0,119900.0,8549.0
2026-09-04 10:15:00+09:00,119800.0,120000.0,119700.0,119800.0,6595.0
2026-09-04 10:20:00+09:00,119700.0,119900.0,119200.0,119400.0,8469.0
2026-09-04 10:25:00+09:00,119400.0,119500.0,119000.0,119100.0,8954.0
2026-09-04 10:30:00+09:00,119000.0,119400.0,119000.0,119200.0,6158.0
2026-09-04 10:35:00+09:00,119100.0,119600.0,119000.0,119500.0,6165.0
2026-09-04 10:40:00+09:00,119600.0,120200.0,119500.0,120200.0,6168.0
2026-09-04 10:45:00+09:00,120200.0,120600.0,119900.0,119900.0,4660.0
2026-09-04 10:50:00+09:00,119900.0,120400.0,119700.0,119700.0,4727.0
2026-09-04 10:55:00+09:00,119700.0,120100.0,119600.0,120000.0,6206.0
2026-09-04 11:00:00+09:00,120100.0,120200.0,119800.0,120000.0,4804.0
2026-09-04 11:05:00+09:00,120000.0,120400.0,119900.0,120100.0,4045.0
2026-09-04 11:10:00+09:00,120000.0,120400.0,119900.0,120300.0,4554.0
2026-09-04 11:15:00+09:00,120200.0,120700.0,120200.0,120500.0,5740.0
2026-09-04 11:20:00+09:00,120500.0,120600.0,120100.0,120300.0,6282.0
2026-09-04 11:25:00+09:00,120300.0,120800.0,120200.0,120400.0,4797.0
2026-09-04 11:30:00+09:00,120400.0,120600.0,120200.0,120300.0,3166.0
2026-09-04 11:35:00+09:00,120400.0,120700.0,120200.0,120600.0,3832.0
2026-09-04 11:40:00+09:00,120600.0,120900.0,120200.0,120800.0,4758.0
2026-09-04 11:45:00+09:00,120900.0,121400.0,120800.0,121200.0,4999.0
2026-09-04 11:50:00+09:00,121200.0,121400.0,121000.0,121300.0,3478.0
2026-09-04 11:55:00+09:00,121300.0,121400.0,120800.0,120900.0,3635.0
2026-09-04 12:00:00+09:00,120900.0,121300.0,120800.0,121000.0,4141.0
2026-09-04 12:05:00+09:00,121000.0,121300.0,120800.0,120900.0,4089.0
2026-09-04 12:10:00+09:00,120900.0,121100.0,120800.0,120900.0,4004.0
2026-09-04 12:15:00+09:00,121000.0,121200.0,120900.0,121000.0,3199.0
2026-09-04 12:20:00+09:00,121000.0,121100.0,120400.0,120400.0,5750.0
2026-09-04 12:25:00+09:00,120400.0,120900.0,120300.0,120700.0,4682.0
2026-09-04 12:30:00+09:00,120700.0,120700.0,120300.0,120300.0,3869.0
2026-09-04 12:35:00+09:00,120400.0,120700.0,120200.0,120500.0,3412.0
2026-09-04 12:40:00+09:00,120500.0,120800.0,120300.0,120400.0,4252.0
2026-09-04 12:45:00+09:00,120400.0,120400.0,119900.0,119900.0,5784.0
2026-09-04 12:50:00+09:00,120000.0,120100.0,119600.0,119900.0,6369.0
2026-09-04 12:55:00+09:00,120000.0,120100.0,119700.0,119700.0,3613.0
2026-09-04 13:00:00+09:00,119800.0,120000.0,119700.0,119800.0,4446.0
2026-09-04 13:05:00+09:00,119900.0,120300.0,119800.0,120100.0,5278.0
2026-09-04 13:10:00+09:00,120100.0,120400.0,120000.0,120300.0,5029.0
2026-09-04 13:15:00+09:00,120200.0,120500.0,120200.0,120300.0,4110.0
2026-09-04 13:20:00+09:00,120300.0,120700.0,120000.0,120500.0,6802.0
2026-09-04 13:25:00+09:00,120600.0,121500.0,120600.0,121500.0,8115.0
2026-09-04 13:30:00+09:00,121500.0,121600.0,120900.0,121000.0,8055.0
2026-09-04 13:35:00+09:00,121000.0,121300.0,120900.0,121000.0,5566.0
2026-09-04 13:40:00+09:00,121000.0,121800.0,120900.0,121700.0,6892.0
2026-09-04 13:45:00+09:00,121700.0,121900.0,121400.0,121700.0,7496.0
2026-09-04 13:50:00+09:00,121600.0,121900.0,121400.0,121700.0,10102.0
2026-09-04 13:55:00+09:00,121600.0,121800.0,121000.0,121100.0,7988.0
2026-09-04 14:00:00+09:00,121000.0,121100.0,120300.0,120400.0,7639.0
2026-09-04 14:05:00+09:00,120500.0,120700.0,120200.0,120200.0,4416.0
2026-09-04 14:10:00+09:00,120200.0,121000.0,120200.0,121000.0,6907.0
2026-09-04 14:15:00+09:00,121000.0,121500.0,120900.0,121100.0,6099.0
2026-09-04 14:20:00+09:00,121200.0,121600.0,121000.0,121300.0,5772.0
2026-09-04 14:25:00+09:00,121200.0,121700.0,121200.0,121600.0,5740.0
2026-09-04 14:30:00+09:00,121500.0,121700.0,121400.0,121500.0,4863.0
2026-09-04 14:35:00+09:00,121500.0,121700.0,121300.0,121500.0,5268.0
2026-09-04 14:40:00+09:00,121400.0,121700.0,121200.0,121200.0,8777.0
2026-09-04 14:45:00+09:00,121200.0,121900.0,121100.0,121500.0,14690.0
2026-09-04 14:50:00+09:00,121400.0,121600.0,121000.0,121400.0,7146.0
2026-09-04 14:55:00+09:00,121400.0,121600.0,121100.0,121600.0,8855.0
2026-09-07 09:00:00+09:00,121800.0,121800.0,117900.0,119600.0,0.0
2026-09-07 09:05:00+09:00,119600.0,120900.0,119400.0,120500.0,13120.0
2026-09-07 09:10:00+09:00,120500.0,121800.0,120100.0,121200.0,12654.0
2026-09-07 09:15:00+09:00,121200.0,121600.0,120700.0,121100.0,8603.0
2026-09-07 09:20:00+09:00,121100.0,121900.0,120500.0,121650.0,12558.0
2026-09-07 09:25:00+09:00,121650.0,121900.0,121100.0,121600.0,7949.0
2026-09-07 09:30:00+09:00,121700.0,123500.0,121600.0,123400.0,12225.0
2026-09-07 09:35:00+09:00,123500.0,124400.0,123300.0,123700.0,16732.0
2026-09-07 09:40:00+09:00,123700.0,123800.0,121900.0,121900.0,10715.0
2026-09-07 09:45:00+09:00,122000.0,122600.0,121900.0,122600.0,4890.0
2026-09-07 09:50:00+09:00,122600.0,122600.0,121600.0,122000.0,4916.0
2026-09-07 09:55:00+09:00,122000.0,122200.0,121100.0,121900.0,8984.0
2026-09-07 10:00:00+09:00,122000.0,122100.0,121200.0,121300.0,7244.0
2026-09-07 10:05:00+09:00,121300.0,122100.0,121200.0,121600.0,7127.0
2026-09-07 10:10:00+09:00,121600.0,121700.0,121300.0,121500.0,3690.0
2026-09-07 10:15:00+09:00,121600.0,121800.0,121300.0,121800.0,2001.0
2026-09-07 10:20:00+09:00,121700.0,122500.0,121500.0,122500.0,3583.0
2026-09-07 10:25:00+09:00,122500.0,122700.0,122200.0,122200.0,3553.0
2026-09-07 10:30:00+09:00,122200.0,122300.0,122000.0,122100.0,2445.0
2026-09-07 10:35:00+09:00,122100.0,122700.0,122100.0,122400.0,3741.0
2026-09-07 10:40:00+09:00,122500.0,122500.0,121800.0,122000.0,4363.0
2026-09-07 10:45:00+09:00,122100.0,122600.0,121900.0,122500.0,2352.0
2026-09-07 10:50:00+09:00,122500.0,122700.0,122200.0,122300.0,2612.0
2026-09-07 10:55:00+09:00,122400.0,122500.0,122000.0,122200.0,5251.0
2026-09-07 11:00:00+09:00,122100.0,122800.0,122100.0,122600.0,3572.0
2026-09-07 11:05:00+09:00,122700.0,122800.0,122500.0,122500.0,3496.0
2026-09-07 11:10:00+09:00,122500.0,122700.0,122000.0,122200.0,3061.0
2026-09-07 11:15:00+09:00,122200.0,123400.0,122100.0,123200.0,6205.0
2026-09-07 11:20:00+09:00,123200.0,124000.0,123200.0,123700.0,7422.0
2026-09-07 11:25:00+09:00,123750.0,123900.0,123200.0,123400.0,4270.0
2026-09-07 11:30:00+09:00,123500.0,124000.0,123400.0,123700.0,3053.0
2026-09-07 11:35:00+09:00,123700.0,123900.0,123500.0,123600.0,2826.0
2026-09-07 11:40:00+09:00,123700.0,123700.0,123400.0,123500.0,2266.0
2026-09-07 11:45:00+09:00,123500.0,123800.0,123400.0,123700.0,2631.0
2026-09-07 11:50:00+09:00,123800.0,124000.0,123500.0,123500.0,3343.0
2026-09-07 11:55:00+09:00,123600.0,123700.0,123300.0,123400.0,3093.0
2026-09-07 12:00:00+09:00,123500.0,123800.0,123400.0,123700.0,3205.0
2026-09-07 12:05:00+09:00,123600.0,123700.0,123300.0,123300.0,2930.0
2026-09-07 12:10:00+09:00,123300.0,123400.0,123100.0,123100.0,2572.0
2026-09-07 12:15:00+09:00,123200.0,123300.0,122900.0,123000.0,2692.0
2026-09-07 12:20:00+09:00,123000.0,124400.0,123000.0,124300.0,8995.0
2026-09-07 12:25:00+09:00,124400.0,124400.0,123900.0,123900.0,3407.0
2026-09-07 12:30:00+09:00,124000.0,124600.0,123700.0,124400.0,5224.0
2026-09-07 12:35:00+09:00,124400.0,124500.0,124200.0,124300.0,4188.0
2026-09-07 12:40:00+09:00,124300.0,124400.0,123600.0,123600.0,5033.0
2026-09-07 12:45:00+09:00,123600.0,123800.0,123300.0,123600.0,3729.0
2026-09-07 12:50:00+09:00,123700.0,123800.0,123200.0,123400.0,2151.0
2026-09-07 12:55:00+09:00,123500.0,123700.0,123300.0,123700.0,2814.0
2026-09-07 13:00:00+09:00,123700.0,124000.0,123600.0,123800.0,3105.0
2026-09-07 13:05:00+09:00,123700.0,124300.0,123600.0,124300.0,3762.0
2026-09-07 13:10:00+09:00,124200.0,124500.0,124100.0,124100.0,5684.0
2026-09-07 13:15:00+09:00,124200.0,124500.0,123900.0,124100.0,5058.0
2026-09-07 13:20:00+09:00,124200.0,124200.0,122800.0,122800.0,8289.0
2026-09-07 13:25:00+09:00,122800.0,123500.0,122700.0,123400.0,5606.0
2026-09-07 13:30:00+09:00,123500.0,123500.0,122000.0,122200.0,11694.0
2026-09-07 13:35:00+09:00,122200.0,122500.0,122100.0,122200.0,7346.0
2026-09-07 13:40:00+09:00,122400.0,122900.0,122200.0,122500.0,8445.0
2026-09-07 13:45:00+09:00,122500.0,122700.0,122100.0,122200.0,7153.0
2026-09-07 13:50:00+09:00,122200.0,122600.0,122100.0,122300.0,7443.0
2026-09-07 13:55:00+09:00,122300.0,122600.0,122100.0,122300.0,6473.0
2026-09-07 14:00:00+09:00,122500.0,122700.0,122200.0,122400.0,4914.0
2026-09-07 14:05:00+09:00,122500.0,123100.0,122200.0,122900.0,6130.0
2026-09-07 14:10:00+09:00,122900.0,123200.0,122500.0,122700.0,4543.0
2026-09-07 14:15:00+09:00,122700.0,122700.0,122400.0,122700.0,4799.0
2026-09-07 14:20:00+09:00,122600.0,122700.0,122200.0,122600.0,4527.0
2026-09-07 14:25:00+09:00,122600.0,122700.0,122200.0,122500.0,4673.0
2026-09-07 14:30:00+09:00,122500.0,122800.0,122300.0,122600.0,4901.0
2026-09-07 14:35:00+09:00,122500.0,122600.0,121300.0,121600.0,15913.0
2026-09-07 14:40:00+09:00,121500.0,121900.0,121400.0,121700.0,11570.0
2026-09-07 14:45:00+09:00,121700.0,121700.0,121100.0,121300.0,11479.0
2026-09-07 14:50:00+09:00,121400.0,121400.0,120100.0,120400.0,21299.0
2026-09-07 14:55:00+09:00,120300.0,120400.0,119700.0,120000.0,20980.0
2026-09-08 09:00:00+09:00,116300.0,116800.0,114400.0,115000.0,38164.0
2026-09-08 09:05:00+09:00,115000.0,115200.0,113600.0,113800.0,35740.0
2026-09-08 09:10:00+09:00,113700.0,115000.0,113200.0,113400.0,32727.0
2026-09-08 09:15:00+09:00,113400.0,113500.0,111700.0,112600.0,34431.0
2026-09-08 09:20:00+09:00,112500.0,112600.0,111500.0,111700.0,22050.0
2026-09-08 09:25:00+09:00,111700.0,113000.0,111600.0,112600.0,17531.0
2026-09-08 09:30:00+09:00,112500.0,112600.0,111700.0,111900.0,17174.0
2026-09-08 09:35:00+09:00,111900.0,112400.0,111500.0,111900.0,19245.0
2026-09-08 09:40:00+09:00,111900.0,112400.0,111700.0,111800.0,12458.0
2026-09-08 09:45:00+09:00,111800.0,112800.0,111600.0,112700.0,18636.0
2026-09-08 09:50:00+09:00,112700.0,113100.0,112000.0,112150.0,11336.0
2026-09-08 09:55:00+09:00,112150.0,112200.0,111500.0,111900.0,13673.0
2026-09-08 10:00:00+09:00,111800.0,112800.0,111500.0,112500.0,17308.0
2026-09-08 10:05:00+09:00,112600.0,112700.0,112000.0,112400.0,10847.0
2026-09-08 10:10:00+09:00,112300.0,113500.0,112300.0,113400.0,14159.0
2026-09-08 10:15:00+09:00,113400.0,113900.0,113300.0,113900.0,13870.0
2026-09-08 10:20:00+09:00,113900.0,114300.0,113500.0,113700.0,16110.0
2026-09-08 10:25:00+09:00,113700.0,114000.0,113300.0,113400.0,10016.0
2026-09-08 10:30:00+09:00,113400.0,114100.0,113000.0,113800.0,9688.0
2026-09-08 10:35:00+09:00,113800.0,113900.0,113400.0,113500.0,5832.0
2026-09-08 10:40:00+09:00,113500.0,113700.0,113100.0,113200.0,6162.0
2026-09-08 10:45:00+09:00,113150.0,113400.0,113000.0,113000.0,6161.0
2026-09-08 10:50:00+09:00,113000.0,113500.0,112900.0,113100.0,6722.0
2026-09-08 10:55:00+09:00,113300.0,113700.0,113200.0,113400.0,5610.0
2026-09-08 11:00:00+09:00,113500.0,113700.0,113300.0,113400.0,6198.0
2026-09-08 11:05:00+09:00,113400.0,113700.0,113200.0,113400.0,5417.0
2026-09-08 11:10:00+09:00,113400.0,113800.0,113200.0,113800.0,6261.0
2026-09-08 11:15:00+09:00,113800.0,113800.0,113300.0,113600.0,4529.0
2026-09-08 11:20:00+09:00,113500.0,114300.0,113300.0,114100.0,7829.0
2026-09-08 11:25:00+09:00,114100.0,115100.0,113700.0,114700.0,9210.0
2026-09-08 11:30:00+09:00,114700.0,115200.0,114600.0,115100.0,8549.0
2026-09-08 11:35:00+09:00,115100.0,115400.0,114900.0,115400.0,8535.0
2026-09-08 11:40:00+09:00,115400.0,115500.0,115000.0,115400.0,4838.0
2026-09-08 11:45:00+09:00,115500.0,115500.0,115100.0,115300.0,3800.0
2026-09-08 11:50:00+09:00,115200.0,115300.0,114600.0,114800.0,5279.0
2026-09-08 11:55:00+09:00,114800.0,115100.0,114600.0,114900.0,4012.0
2026-09-08 12:00:00+09:00,115000.0,115300.0,114900.0,115100.0,4510.0
2026-09-08 12:05:00+09:00,115100.0,115200.0,114900.0,115000.0,3841.0
2026-09-08 12:10:00+09:00,115000.0,115200.0,114700.0,115100.0,4590.0
2026-09-08 12:15:00+09:00,115100.0,115400.0,114900.0,115200.0,10680.0
2026-09-08 12:20:00+09:00,115100.0,115500.0,115000.0,115300.0,7089.0
2026-09-08 12:25:00+09:00,115200.0,115300.0,115000.0,115000.0,3075.0
2026-09-08 12:30:00+09:00,115000.0,115100.0,114700.0,114700.0,4256.0
2026-09-08 12:35:00+09:00,114800.0,115400.0,114600.0,115300.0,6327.0
2026-09-08 12:40:00+09:00,115400.0,116000.0,115100.0,115500.0,8976.0
2026-09-08 12:45:00+09:00,115500.0,115900.0,115500.0,115800.0,6212.0
2026-09-08 12:50:00+09:00,115800.0,115900.0,115400.0,115700.0,4700.0
2026-09-08 12:55:00+09:00,115800.0,115900.0,115400.0,115900.0,8108.0
2026-09-08 13:00:00+09:00,115800.0,116000.0,115700.0,115800.0,7389.0
2026-09-08 13:05:00+09:00,115900.0,115900.0,115500.0,115700.0,5959.0
2026-09-08 13:10:00+09:00,115700.0,115900.0,115500.0,115700.0,4442.0
2026-09-08 13:15:00+09:00,115700.0,115800.0,115550.0,115600.0,5198.0
2026-09-08 13:20:00+09:00,115600.0,115700.0,115400.0,115700.0,4596.0
2026-09-08 13:25:00+09:00,115700.0,116100.0,115600.0,115800.0,7575.0
2026-09-08 13:30:00+09:00,115800.0,115900.0,115200.0,115400.0,5786.0
2026-09-08 13:35:00+09:00,115400.0,115800.0,115200.0,115500.0,7135.0
2026-09-08 13:40:00+09:00,115500.0,115600.0,115200.0,115200.0,5014.0
2026-09-08 13:45:00+09:00,115200.0,115300.0,114900.0,114900.0,5573.0
2026-09-08 13:50:00+09:00,115000.0,115200.0,114700.0,114800.0,6295.0
2026-09-08 13:55:00+09:00,114700.0,114900.0,114400.0,114400.0,7100.0
2026-09-08 14:00:00+09:00,114400.0,114800.0,114200.0,114500.0,6086.0
2026-09-08 14:05:00+09:00,114700.0,115000.0,114600.0,114900.0,4263.0
2026-09-08 14:10:00+09:00,114900.0,115400.0,114800.0,115200.0,5555.0
2026-09-08 14:15:00+09:00,115100.0,115300.0,114800.0,115100.0,4594.0
2026-09-08 14:20:00+09:00,115100.0,115600.0,115000.0,115400.0,5132.0
2026-09-08 14:25:00+09:00,115400.0,115700.0,115200.0,115300.0,5061.0
2026-09-08 14:30:00+09:00,115300.0,115600.0,115200.0,115400.0,4912.0
2026-09-08 14:35:00+09:00,115400.0,115800.0,115100.0,115700.0,7472.0
2026-09-08 14:40:00+09:00,115800.0,115800.0,115500.0,115600.0,4989.0
2026-09-08 14:45:00+09:00,115600.0,115700.0,115000.0,115000.0,5312.0
2026-09-08 14:50:00+09:00,115000.0,115100.0,114400.0,114500.0,7455.0
2026-09-08 14:55:00+09:00,114500.0,114800.0,114500.0,114500.0,6010.0
2026-09-09 09:00:00+09:00,113700.0,117600.0,113500.0,117200.0,33053.0
2026-09-09 09:05:00+09:00,117300.0,117500.0,115500.0,115600.0,20138.0
2026-09-09 09:10:00+09:00,115700.0,116100.0,115000.0,115300.0,9246.0
2026-09-09 09:15:00+09:00,115400.0,115800.0,114800.0,114900.0,7389.0
2026-09-09 09:20:00+09:00,114900.0,114900.0,114100.0,114400.0,5654.0
2026-09-09 09:25:00+09:00,114400.0,114400.0,113200.0,113200.0,9475.0
2026-09-09 09:30:00+09:00,113200.0,113550.0,112700.0,113100.0,12784.0
2026-09-09 09:35:00+09:00,113100.0,113100.0,112600.0,112800.0,9372.0
2026-09-09 09:40:00+09:00,112800.0,113400.0,112800.0,113000.0,11903.0
2026-09-09 09:45:00+09:00,113000.0,113200.0,112900.0,113200.0,4663.0
2026-09-09 09:50:00+09:00,113200.0,113500.0,112800.0,112900.0,8212.0
2026-09-09 09:55:00+09:00,112800.0,113900.0,112800.0,113900.0,5923.0
2026-09-09 10:00:00+09:00,113900.0,114000.0,113500.0,113700.0,6123.0
2026-09-09 10:05:00+09:00,113700.0,113800.0,113200.0,113300.0,4491.0
2026-09-09 10:10:00+09:00,113300.0,113600.0,113200.0,113500.0,4039.0
2026-09-09 10:15:00+09:00,113500.0,113600.0,113500.0,113600.0,2667.0
2026-09-09 10:20:00+09:00,113600.0,114400.0,113500.0,114400.0,7218.0
2026-09-09 10:25:00+09:00,114300.0,114400.0,113800.0,113900.0,3181.0
2026-09-09 10:30:00+09:00,113900.0,114200.0,113800.0,114000.0,2756.0
2026-09-09 10:35:00+09:00,114000.0,114300.0,113900.0,114300.0,3766.0
2026-09-09 10:40:00+09:00,114250.0,114500.0,114250.0,114400.0,3046.0
2026-09-09 10:45:00+09:00,114500.0,115500.0,114400.0,115500.0,7610.0
2026-09-09 10:50:00+09:00,115500.0,115500.0,114800.0,115100.0,6025.0
2026-09-09 10:55:00+09:00,115100.0,115900.0,115100.0,115700.0,7326.0
2026-09-09 11:00:00+09:00,115800.0,116200.0,115700.0,116100.0,10082.0
2026-09-09 11:05:00+09:00,116100.0,116700.0,116100.0,116700.0,7913.0
2026-09-09 11:10:00+09:00,116700.0,116700.0,115800.0,115900.0,5438.0
2026-09-09 11:15:00+09:00,115800.0,116000.0,115500.0,115700.0,4629.0
2026-09-09 11:20:00+09:00,115700.0,116200.0,115600.0,115700.0,4057.0
2026-09-09 11:25:00+09:00,115700.0,115900.0,115200.0,115800.0,4710.0
2026-09-09 11:30:00+09:00,115800.0,115800.0,115500.0,115600.0,2813.0
2026-09-09 11:35:00+09:00,115700.0,115700.0,115500.0,115700.0,1343.0
2026-09-09 11:40:00+09:00,115700.0,115700.0,115500.0,115500.0,2323.0
2026-09-09 11:45:00+09:00,115500.0,115700.0,115100.0,115400.0,3085.0
2026-09-09 11:50:00+09:00,115300.0,115700.0,115300.0,115600.0,3119.0
2026-09-09 11:55:00+09:00,115700.0,115900.0,115400.0,115900.0,2449.0
2026-09-09 12:00:00+09:00,116000.0,116000.0,115800.0,116000.0,2063.0
2026-09-09 12:05:00+09:00,115900.0,116000.0,115700.0,116000.0,6360.0
2026-09-09 12:10:00+09:00,116000.0,116100.0,115800.0,116000.0,3522.0
2026-09-09 12:15:00+09:00,116000.0,116600.0,116000.0,116500.0,4496.0
2026-09-09 12:20:00+09:00,116500.0,116600.0,116300.0,116400.0,2386.0
2026-09-09 12:25:00+09:00,116400.0,116700.0,116300.0,116600.0,4577.0
2026-09-09 12:30:00+09:00,116600.0,117100.0,116500.0,117100.0,5408.0
2026-09-09 12:35:00+09:00,117100.0,117500.0,117000.0,117100.0,10040.0
2026-09-09 12:40:00+09:00,117100.0,117500.0,117000.0,117400.0,7634.0
2026-09-09 12:45:00+09:00,117300.0,119700.0,117300.0,119500.0,35692.0
2026-09-09 12:50:00+09:00,119400.0,121500.0,119400.0,120600.0,57511.0
2026-09-09 12:55:00+09:00,120600.0,120900.0,119600.0,119600.0,23518.0
2026-09-09 13:00:00+09:00,119600.0,122700.0,119500.0,122100.0,38966.0
2026-09-09 13:05:00+09:00,122100.0,122800.0,121600.0,122600.0,23310.0
2026-09-09 13:10:00+09:00,122600.0,124000.0,122500.0,123600.0,44470.0
2026-09-09 13:15:00+09:00,123600.0,124800.0,123300.0,124700.0,42467.0
2026-09-09 13:20:00+09:00,124700.0,125700.0,123900.0,124000.0,32968.0
2026-09-09 13:25:00+09:00,124000.0,124500.0,123200.0,123500.0,22444.0
2026-09-09 13:30:00+09:00,123600.0,124700.0,123500.0,124700.0,21815.0
2026-09-09 13:35:00+09:00,124800.0,126400.0,124700.0,125600.0,37591.0
2026-09-09 13:40:00+09:00,125500.0,126300.0,125300.0,125800.0,16388.0
2026-09-09 13:45:00+09:00,125600.0,126600.0,125600.0,126100.0,24230.0
2026-09-09 13:50:00+09:00,126200.0,127000.0,125800.0,126900.0,18906.0
2026-09-09 13:55:00+09:00,126800.0,127700.0,126700.0,127500.0,24613.0
2026-09-09 14:00:00+09:00,127500.0,127900.0,126200.0,127900.0,27553.0
2026-09-09 14:05:00+09:00,127900.0,128300.0,127400.0,127800.0,27584.0
2026-09-09 14:10:00+09:00,127800.0,129000.0,127600.0,128800.0,24452.0
2026-09-09 14:15:00+09:00,128900.0,129000.0,128000.0,128200.0,26075.0
2026-09-09 14:20:00+09:00,128300.0,129500.0,127100.0,128900.0,34440.0
2026-09-09 14:25:00+09:00,129000.0,129200.0,128000.0,128200.0,17002.0
2026-09-09 14:30:00+09:00,128200.0,128200.0,126900.0,127000.0,35204.0
2026-09-09 14:35:00+09:00,127000.0,127900.0,126900.0,127400.0,21003.0
2026-09-09 14:40:00+09:00,127500.0,127600.0,126700.0,127000.0,20622.0
2026-09-09 14:45:00+09:00,127000.0,128100.0,126800.0,128100.0,18842.0
2026-09-09 14:50:00+09:00,128100.0,128200.0,127200.0,127900.0,25141.0
2026-09-09 14:55:00+09:00,128000.0,128200.0,127100.0,127700.0,18853.0
2026-09-10 09:00:00+09:00,122100.0,125200.0,122000.0,124800.0,41567.0
2026-09-10 09:05:00+09:00,124800.0,125400.0,124000.0,124300.0,16592.0
2026-09-10 09:10:00+09:00,124300.0,124300.0,122400.0,123700.0,14920.0
2026-09-10 09:15:00+09:00,123800.0,125000.0,123600.0,124850.0,11302.0
2026-09-10 09:20:00+09:00,124800.0,125800.0,124600.0,124900.0,12956.0
2026-09-10 09:25:00+09:00,124900.0,125100.0,124100.0,124200.0,15891.0
2026-09-10 09:30:00+09:00,124200.0,124400.0,123600.0,124100.0,8852.0
2026-09-10 09:35:00+09:00,124000.0,124000.0,122600.0,122800.0,9539.0
2026-09-10 09:40:00+09:00,122800.0,123200.0,122100.0,122900.0,10361.0
2026-09-10 09:45:00+09:00,122900.0,123100.0,122600.0,122700.0,4715.0
2026-09-10 09:50:00+09:00,122700.0,122700.0,121500.0,121500.0,13168.0
2026-09-10 09:55:00+09:00,121500.0,121600.0,120800.0,120800.0,10388.0
2026-09-10 10:00:00+09:00,120800.0,121400.0,120200.0,120300.0,11934.0
2026-09-10 10:05:00+09:00,120400.0,120700.0,119400.0,119400.0,22561.0
2026-09-10 10:10:00+09:00,119400.0,119700.0,118600.0,118700.0,18874.0
2026-09-10 10:15:00+09:00,118600.0,119500.0,118100.0,119300.0,14368.0
2026-09-10 10:20:00+09:00,119400.0,119500.0,118600.0,119100.0,10790.0
2026-09-10 10:25:00+09:00,119000.0,119200.0,118500.0,119000.0,9801.0
2026-09-10 10:30:00+09:00,118900.0,119600.0,118800.0,119600.0,8779.0
2026-09-10 10:35:00+09:00,119600.0,119900.0,119100.0,119800.0,10625.0
2026-09-10 10:40:00+09:00,119800.0,120500.0,119800.0,120400.0,8173.0
2026-09-10 10:45:00+09:00,120400.0,120400.0,119800.0,120000.0,4519.0
2026-09-10 10:50:00+09:00,120000.0,120000.0,119200.0,119400.0,6235.0
2026-09-10 10:55:00+09:00,119600.0,119600.0,119200.0,119500.0,5027.0
2026-09-10 11:00:00+09:00,119500.0,119500.0,119200.0,119400.0,5102.0
2026-09-10 11:05:00+09:00,119400.0,119600.0,118700.0,118900.0,9542.0
2026-09-10 11:10:00+09:00,119000.0,119300.0,118900.0,119000.0,3930.0
2026-09-10 11:15:00+09:00,119000.0,119100.0,118800.0,119000.0,5707.0
2026-09-10 11:20:00+09:00,119050.0,119900.0,119000.0,119500.0,6058.0
2026-09-10 11:25:00+09:00,119500.0,119600.0,119100.0,119400.0,4500.0
2026-09-10 11:30:00+09:00,119400.0,119800.0,119200.0,119700.0,4046.0
2026-09-10 11:35:00+09:00,119700.0,120200.0,119700.0,120200.0,5117.0
2026-09-10 11:40:00+09:00,120150.0,120400.0,120000.0,120200.0,5998.0
2026-09-10 11:45:00+09:00,120300.0,120400.0,119600.0,119800.0,6077.0
2026-09-10 11:50:00+09:00,119800.0,120500.0,119800.0,120100.0,3733.0
2026-09-10 11:55:00+09:00,120000.0,120400.0,119500.0,120000.0,6100.0
2026-09-10 12:00:00+09:00,120000.0,120400.0,119800.0,120300.0,4680.0
2026-09-10 12:05:00+09:00,120300.0,120500.0,120200.0,120500.0,4023.0
2026-09-10 12:10:00+09:00,120400.0,120800.0,120300.0,120600.0,5771.0
2026-09-10 12:15:00+09:00,120600.0,120900.0,120200.0,120900.0,4974.0
2026-09-10 12:20:00+09:00,120800.0,121500.0,120700.0,121300.0,7531.0
2026-09-10 12:25:00+09:00,121400.0,121600.0,121200.0,121400.0,4341.0
2026-09-10 12:30:00+09:00,121400.0,121800.0,121300.0,121800.0,5938.0
2026-09-10 12:35:00+09:00,121800.0,121900.0,121300.0,121400.0,4131.0
2026-09-10 12:40:00+09:00,121300.0,121600.0,120900.0,121300.0,6605.0
2026-09-10 12:45:00+09:00,121300.0,121600.0,121300.0,121500.0,4419.0
2026-09-10 12:50:00+09:00,121600.0,121600.0,121100.0,121400.0,3555.0
2026-09-10 12:55:00+09:00,121300.0,121600.0,121300.0,121500.0,3033.0
2026-09-10 13:00:00+09:00,121500.0,122100.0,121400.0,121900.0,6297.0
2026-09-10 13:05:00+09:00,121900.0,122100.0,121300.0,121300.0,4694.0
2026-09-10 13:10:00+09:00,121400.0,121400.0,121000.0,121000.0,3059.0
2026-09-10 13:15:00+09:00,121000.0,121200.0,120700.0,121200.0,4556.0
2026-09-10 13:20:00+09:00,121200.0,121500.0,121100.0,121200.0,3385.0
2026-09-10 13:25:00+09:00,121400.0,121900.0,121300.0,121800.0,5164.0
2026-09-10 13:30:00+09:00,121800.0,121900.0,120900.0,120900.0,4616.0
2026-09-10 13:35:00+09:00,121100.0,121400.0,120800.0,121100.0,3884.0
2026-09-10 13:40:00+09:00,121000.0,121300.0,120800.0,121100.0,5617.0
2026-09-10 13:45:00+09:00,121200.0,121300.0,120800.0,121000.0,3853.0
2026-09-10 13:50:00+09:00,121100.0,121500.0,121000.0,121500.0,5999.0
2026-09-10 13:55:00+09:00,121400.0,121500.0,121100.0,121400.0,4277.0
2026-09-10 14:00:00+09:00,121400.0,121500.0,121000.0,121000.0,4718.0
2026-09-10 14:05:00+09:00,121100.0,121500.0,121000.0,121400.0,4993.0
2026-09-10 14:10:00+09:00,121300.0,121500.0,121200.0,121300.0,4384.0
2026-09-10 14:15:00+09:00,121300.0,121800.0,121200.0,121700.0,5174.0
2026-09-10 14:20:00+09:00,121800.0,122000.0,121700.0,122000.0,6400.0
2026-09-10 14:25:00+09:00,122000.0,122900.0,121900.0,122750.0,10470.0
2026-09-10 14:30:00+09:00,122800.0,123300.0,122700.0,123300.0,10584.0
2026-09-10 14:35:00+09:00,123300.0,123400.0,122700.0,122800.0,10230.0
2026-09-10 14:40:00+09:00,122750.0,123300.0,122600.0,123200.0,7583.0
2026-09-10 14:45:00+09:00,123100.0,123300.0,122800.0,123100.0,8638.0
2026-09-10 14:50:00+09:00,123100.0,123200.0,122000.0,122400.0,11838.0
2026-09-10 14:55:00+09:00,122400.0,122500.0,122000.0,122500.0,9115.0
2026-09-11 09:00:00+09:00,118800.0,119800.0,117500.0,119200.0,13755.0
2026-09-11 09:05:00+09:00,119200.0,121400.0,119000.0,121300.0,10008.0
2026-09-11 09:10:00+09:00,121300.0,123000.0,120700.0,122100.0,13788.0
2026-09-11 09:15:00+09:00,122100.0,124500.0,121900.0,124200.0,14751.0
2026-09-11 09:20:00+09:00,124100.0,124200.0,123100.0,123500.0,16128.0
2026-09-11 09:25:00+09:00,123700.0,123900.0,122200.0,122500.0,13887.0
2026-09-11 09:30:00+09:00,122500.0,122800.0,121600.0,122800.0,9712.0
2026-09-11 09:35:00+09:00,122700.0,122800.0,121600.0,121700.0,6346.0
2026-09-11 09:40:00+09:00,121800.0,122300.0,121000.0,121700.0,6452.0
2026-09-11 09:45:00+09:00,121400.0,121600.0,121100.0,121300.0,4327.0
2026-09-11 09:50:00+09:00,121300.0,121700.0,121100.0,121200.0,4115.0
2026-09-11 09:55:00+09:00,121200.0,121300.0,120200.0,120500.0,6367.0
2026-09-11 10:00:00+09:00,120500.0,121400.0,120200.0,121200.0,4784.0
2026-09-11 10:05:00+09:00,121100.0,121100.0,120000.0,120100.0,9217.0
2026-09-11 10:10:00+09:00,120100.0,120900.0,120000.0,120700.0,4799.0
2026-09-11 10:15:00+09:00,120800.0,120800.0,120200.0,120400.0,3670.0
2026-09-11 10:20:00+09:00,120300.0,122700.0,120100.0,120300.0,6836.0
2026-09-11 10:25:00+09:00,120300.0,121000.0,120200.0,120600.0,4436.0
2026-09-11 10:30:00+09:00,120600.0,120800.0,120100.0,120200.0,3574.0
2026-09-11 10:35:00+09:00,120200.0,120550.0,120100.0,120300.0,3915.0
2026-09-11 10:40:00+09:00,120300.0,120450.0,119600.0,119700.0,7160.0
2026-09-11 10:45:00+09:00,119800.0,121000.0,119500.0,120600.0,6826.0
2026-09-11 10:50:00+09:00,120600.0,120700.0,119700.0,119900.0,5325.0
2026-09-11 10:55:00+09:00,120000.0,120300.0,119700.0,120300.0,4307.0
2026-09-11 11:00:00+09:00,120300.0,120700.0,120100.0,120600.0,4033.0
2026-09-11 11:05:00+09:00,120700.0,120900.0,120300.0,120800.0,4778.0
2026-09-11 11:10:00+09:00,120800.0,120900.0,120600.0,120800.0,4602.0
2026-09-11 11:15:00+09:00,120800.0,120800.0,120500.0,120800.0,3866.0
2026-09-11 11:20:00+09:00,120800.0,120900.0,119500.0,119600.0,9639.0
2026-09-11 11:25:00+09:00,119600.0,119700.0,119000.0,119300.0,10007.0
2026-09-11 11:30:00+09:00,119200.0,120200.0,119000.0,119100.0,8957.0
2026-09-11 11:35:00+09:00,119000.0,119900.0,119000.0,119600.0,9498.0
2026-09-11 11:40:00+09:00,119600.0,120100.0,119400.0,119700.0,9212.0
2026-09-11 11:45:00+09:00,119700.0,120000.0,119300.0,119900.0,8835.0
2026-09-11 11:50:00+09:00,120000.0,120000.0,119200.0,119300.0,9856.0
2026-09-11 11:55:00+09:00,119300.0,119400.0,118700.0,118800.0,11153.0
2026-09-11 12:00:00+09:00,118800.0,119100.0,118500.0,118700.0,10513.0
2026-09-11 12:05:00+09:00,118700.0,119000.0,118500.0,118800.0,8654.0
2026-09-11 12:10:00+09:00,118800.0,119000.0,118500.0,118600.0,9726.0
2026-09-11 12:15:00+09:00,118600.0,119100.0,118400.0,119000.0,8100.0
2026-09-11 12:20:00+09:00,118900.0,119200.0,118700.0,119100.0,7959.0
2026-09-11 12:25:00+09:00,119000.0,119100.0,118700.0,118800.0,7784.0
2026-09-11 12:30:00+09:00,118800.0,119000.0,118600.0,118900.0,7824.0
2026-09-11 12:35:00+09:00,118800.0,119300.0,118600.0,119100.0,8161.0
2026-09-11 12:40:00+09:00,119100.0,119600.0,119000.0,119500.0,8312.0
2026-09-11 12:45:00+09:00,119400.0,119700.0,119300.0,119400.0,7735.0
2026-09-11 12:50:00+09:00,119300.0,119500.0,119000.0,119400.0,7513.0
2026-09-11 12:55:00+09:00,119400.0,119800.0,119000.0,119200.0,8382.0
2026-09-11 13:00:00+09:00,119100.0,119400.0,119000.0,119300.0,8301.0
2026-09-11 13:05:00+09:00,119200.0,119600.0,119100.0,119300.0,7991.0
2026-09-11 13:10:00+09:00,119300.0,119600.0,119000.0,119500.0,9024.0
2026-09-11 13:15:00+09:00,119450.0,119600.0,119100.0,119300.0,8300.0
2026-09-11 13:20:00+09:00,119200.0,119600.0,119100.0,119500.0,9266.0
2026-09-11 13:25:00+09:00,119400.0,119900.0,119300.0,119800.0,8765.0
2026-09-11 13:30:00+09:00,119800.0,120300.0,119600.0,120100.0,8823.0
2026-09-11 13:35:00+09:00,120000.0,120300.0,119800.0,120200.0,8764.0
2026-09-11 13:40:00+09:00,120100.0,120400.0,119800.0,120100.0,8243.0
2026-09-11 13:45:00+09:00,120100.0,120200.0,119800.0,120000.0,8004.0
2026-09-11 13:50:00+09:00,119900.0,120200.0,119700.0,119900.0,8071.0
2026-09-11 13:55:00+09:00,119800.0,120000.0,119600.0,119700.0,8475.0
2026-09-11 14:00:00+09:00,119600.0,120700.0,119600.0,120300.0,10240.0
2026-09-11 14:05:00+09:00,120300.0,120600.0,120100.0,120450.0,9851.0
2026-09-11 14:10:00+09:00,120400.0,120600.0,120100.0,120400.0,8106.0
2026-09-11 14:15:00+09:00,120400.0,120600.0,119700.0,120100.0,7571.0
2026-09-11 14:20:00+09:00,120000.0,120500.0,119900.0,120000.0,8186.0
2026-09-11 14:25:00+09:00,119900.0,120300.0,119800.0,120100.0,7625.0
2026-09-11 14:30:00+09:00,120100.0,121200.0,120000.0,121200.0,12799.0
2026-09-11 14:35:00+09:00,121200.0,121600.0,120800.0,121300.0,13717.0
2026-09-11 14:40:00+09:00,121300.0,121600.0,120400.0,120600.0,15449.0
2026-09-11 14:45:00+09:00,120600.0,121000.0,120200.0,120700.0,15769.0
2026-09-11 14:50:00+09:00,120700.0,121300.0,120300.0,121200.0,14949.0
2026-09-11 14:55:00+09:00,121200.0,121400.0,120500.0,121000.0,16356.0
2026-09-14 09:00:00+09:00,119000.0,120800.0,117700.0,118400.0,0.0
2026-09-14 09:05:00+09:00,118400.0,119300.0,118000.0,118600.0,9292.0
2026-09-14 09:10:00+09:00,118600.0,118600.0,116300.0,116500.0,15075.0
2026-09-14 09:15:00+09:00,116500.0,117100.0,116300.0,116300.0,9091.0
2026-09-14 09:20:00+09:00,116300.0,117000.0,116000.0,116700.0,6710.0
2026-09-14 09:25:00+09:00,116700.0,117000.0,115300.0,115400.0,10835.0
2026-09-14 09:30:00+09:00,115400.0,115700.0,115100.0,115200.0,8671.0
2026-09-14 09:35:00+09:00,115100.0,115300.0,114500.0,115300.0,12793.0
2026-09-14 09:40:00+09:00,115200.0,116000.0,115000.0,116000.0,3429.0
2026-09-14 09:45:00+09:00,115900.0,116600.0,115700.0,116500.0,6657.0
2026-09-14 09:50:00+09:00,116500.0,116600.0,115500.0,116000.0,4291.0
2026-09-14 09:55:00+09:00,116100.0,116300.0,115400.0,115400.0,4265.0
2026-09-14 10:00:00+09:00,115400.0,115800.0,114600.0,115300.0,6755.0
2026-09-14 10:05:00+09:00,115300.0,115400.0,114700.0,114700.0,5222.0
2026-09-14 10:10:00+09:00,114700.0,114800.0,114500.0,114600.0,8351.0
2026-09-14 10:15:00+09:00,114700.0,114700.0,113700.0,113800.0,13562.0
2026-09-14 10:20:00+09:00,113700.0,113800.0,113100.0,113400.0,9093.0
2026-09-14 10:25:00+09:00,113300.0,114600.0,113300.0,114500.0,7909.0
2026-09-14 10:30:00+09:00,114600.0,115000.0,114200.0,114400.0,3677.0
2026-09-14 10:35:00+09:00,114400.0,115300.0,114300.0,114900.0,4078.0
2026-09-14 10:40:00+09:00,114900.0,115150.0,114700.0,115000.0,3419.0
2026-09-14 10:45:00+09:00,115100.0,115200.0,114400.0,114500.0,7530.0
2026-09-14 10:50:00+09:00,114500.0,115000.0,114300.0,114900.0,3896.0
2026-09-14 10:55:00+09:00,114900.0,115500.0,114800.0,115100.0,3734.0
2026-09-14 11:00:00+09:00,115100.0,115500.0,114900.0,115300.0,3707.0
2026-09-14 11:05:00+09:00,115200.0,116000.0,115000.0,115800.0,3506.0
2026-09-14 11:10:00+09:00,115900.0,116100.0,115700.0,116000.0,3530.0
2026-09-14 11:15:00+09:00,116000.0,116000.0,115700.0,115900.0,2624.0
2026-09-14 11:20:00+09:00,115900.0,116000.0,115500.0,115700.0,2909.0
2026-09-14 11:25:00+09:00,115700.0,115700.0,114900.0,115200.0,3462.0
2026-09-14 11:30:00+09:00,115100.0,115600.0,114900.0,115400.0,2769.0
2026-09-14 11:35:00+09:00,115400.0,115800.0,115300.0,115800.0,7992.0
2026-09-14 11:40:00+09:00,115800.0,115900.0,115700.0,115800.0,2192.0
2026-09-14 11:45:00+09:00,115700.0,116600.0,115500.0,116400.0,3421.0
2026-09-14 11:50:00+09:00,116300.0,116500.0,116000.0,116500.0,3012.0
2026-09-14 11:55:00+09:00,116500.0,116600.0,116200.0,116400.0,2029.0
2026-09-14 12:00:00+09:00,116400.0,116800.0,116200.0,116800.0,2638.0
2026-09-14 12:05:00+09:00,116800.0,116800.0,116200.0,116600.0,2389.0
2026-09-14 12:10:00+09:00,116600.0,116600.0,116100.0,116200.0,1872.0
2026-09-14 12:15:00+09:00,116200.0,116600.0,116200.0,116400.0,3238.0
2026-09-14 12:20:00+09:00,116400.0,116600.0,116000.0,116300.0,2221.0
2026-09-14 12:25:00+09:00,116400.0,116600.0,116000.0,116300.0,2568.0
2026-09-14 12:30:00+09:00,116300.0,116400.0,116000.0,116000.0,2163.0
2026-09-14 12:35:00+09:00,116100.0,116200.0,115700.0,115800.0,2669.0
2026-09-14 12:40:00+09:00,115800.0,116300.0,115500.0,116000.0,3552.0
2026-09-14 12:45:00+09:00,116100.0,116300.0,115700.0,116200.0,2494.0
2026-09-14 12:50:00+09:00,116200.0,116300.0,115900.0,115900.0,2701.0
2026-09-14 12:55:00+09:00,115900.0,116000.0,115600.0,115700.0,1873.0
2026-09-14 13:00:00+09:00,115600.0,115800.0,115500.0,115800.0,2521.0
2026-09-14 13:05:00+09:00,115800.0,116000.0,115600.0,115800.0,2996.0
2026-09-14 13:10:00+09:00,115800.0,115900.0,115400.0,115400.0,4106.0
2026-09-14 13:15:00+09:00,115400.0,115500.0,115100.0,115300.0,4966.0
2026-09-14 13:20:00+09:00,115200.0,115400.0,115000.0,115000.0,2970.0
2026-09-14 13:25:00+09:00,115100.0,115200.0,114500.0,114600.0,4558.0
2026-09-14 13:30:00+09:00,114700.0,114800.0,114500.0,114700.0,3353.0
2026-09-14 13:35:00+09:00,114700.0,114800.0,114500.0,114600.0,4741.0
2026-09-14 13:40:00+09:00,114600.0,114700.0,114500.0,114700.0,2776.0
2026-09-14 13:45:00+09:00,114600.0,115000.0,114600.0,114900.0,4170.0
2026-09-14 13:50:00+09:00,114900.0,115100.0,114600.0,114600.0,3981.0
2026-09-14 13:55:00+09:00,114700.0,115000.0,114500.0,114800.0,3222.0
2026-09-14 14:00:00+09:00,114800.0,115000.0,114500.0,114700.0,3156.0
2026-09-14 14:05:00+09:00,114800.0,114900.0,114400.0,114500.0,4011.0
2026-09-14 14:10:00+09:00,114600.0,114600.0,114300.0,114500.0,3816.0
2026-09-14 14:15:00+09:00,114500.0,114700.0,114300.0,114500.0,3919.0
2026-09-14 14:20:00+09:00,114400.0,114700.0,114000.0,114100.0,5346.0
2026-09-14 14:25:00+09:00,114000.0,114800.0,114000.0,114600.0,7738.0
2026-09-14 14:30:00+09:00,114600.0,114600.0,114000.0,114100.0,5889.0
2026-09-14 14:35:00+09:00,114200.0,114400.0,113800.0,114000.0,9240.0
2026-09-14 14:40:00+09:00,114000.0,114000.0,113700.0,113800.0,5273.0
2026-09-14 14:45:00+09:00,113900.0,114200.0,113800.0,113800.0,6851.0
2026-09-14 14:50:00+09:00,113750.0,114900.0,113700.0,114400.0,9244.0
2026-09-14 14:55:00+09:00,114500.0,114500.0,114000.0,114300.0,7294.0
2026-09-15 09:00:00+09:00,115200.0,116400.0,114300.0,115700.0,14383.0
2026-09-15 09:05:00+09:00,115900.0,116100.0,113600.0,113800.0,17294.0
2026-09-15 09:10:00+09:00,113900.0,114400.0,112600.0,114100.0,10259.0
2026-09-15 09:15:00+09:00,114100.0,114500.0,113100.0,113300.0,5450.0
2026-09-15 09:20:00+09:00,113300.0,114000.0,112800.0,113300.0,8526.0
2026-09-15 09:25:00+09:00,113200.0,113900.0,113000.0,113400.0,6927.0
2026-09-15 09:30:00+09:00,113400.0,113500.0,113000.0,113400.0,4454.0
2026-09-15 09:35:00+09:00,113300.0,113900.0,113200.0,113800.0,5253.0
2026-09-15 09:40:00+09:00,113800.0,114600.0,113700.0,113900.0,9279.0
2026-09-15 09:45:00+09:00,113900.0,114700.0,113800.0,114400.0,7315.0
2026-09-15 09:50:00+09:00,114400.0,114600.0,113500.0,113600.0,3899.0
2026-09-15 09:55:00+09:00,113600.0,113700.0,113200.0,113600.0,4282.0
2026-09-15 10:00:00+09:00,113700.0,115200.0,113400.0,115200.0,7746.0
2026-09-15 10:05:00+09:00,115100.0,115400.0,114700.0,115300.0,7649.0
2026-09-15 10:10:00+09:00,115400.0,115600.0,114900.0,115300.0,5729.0
2026-09-15 10:15:00+09:00,115300.0,116300.0,115300.0,115700.0,5646.0
2026-09-15 10:20:00+09:00,115700.0,115900.0,114800.0,115000.0,3921.0
2026-09-15 10:25:00+09:00,115000.0,116100.0,115000.0,115600.0,4492.0
2026-09-15 10:30:00+09:00,115500.0,115900.0,115300.0,115800.0,2934.0
2026-09-15 10:35:00+09:00,115800.0,115800.0,115100.0,115100.0,3322.0
2026-09-15 10:40:00+09:00,115200.0,115200.0,114100.0,114700.0,5440.0
2026-09-15 10:45:00+09:00,114700.0,114700.0,113900.0,114300.0,3342.0
2026-09-15 10:50:00+09:00,114300.0,114800.0,114100.0,114600.0,2079.0
2026-09-15 10:55:00+09:00,114700.0,115300.0,114600.0,115200.0,2998.0
2026-09-15 11:00:00+09:00,115200.0,116000.0,115100.0,116000.0,4843.0
2026-09-15 11:05:00+09:00,115900.0,116000.0,115300.0,115700.0,6480.0
2026-09-15 11:10:00+09:00,115500.0,116300.0,115400.0,115800.0,6764.0
2026-09-15 11:15:00+09:00,115850.0,115900.0,115400.0,115600.0,3383.0
2026-09-15 11:20:00+09:00,115600.0,116000.0,115600.0,116000.0,4039.0
2026-09-15 11:25:00+09:00,116000.0,116000.0,115600.0,116000.0,3530.0
2026-09-15 11:30:00+09:00,116000.0,116100.0,115100.0,115500.0,4558.0
2026-09-15 11:35:00+09:00,115500.0,115700.0,115300.0,115400.0,2150.0
2026-09-15 11:40:00+09:00,115400.0,115500.0,115200.0,115300.0,2877.0
2026-09-15 11:45:00+09:00,115300.0,115300.0,115000.0,115000.0,1357.0
2026-09-15 11:50:00+09:00,115100.0,115100.0,114800.0,115000.0,3598.0
2026-09-15 11:55:00+09:00,114900.0,115100.0,114900.0,115000.0,2458.0
2026-09-15 12:00:00+09:00,114900.0,115000.0,114700.0,114700.0,2761.0
2026-09-15 12:05:00+09:00,114800.0,115000.0,114600.0,114900.0,2567.0
2026-09-15 12:10:00+09:00,115000.0,115300.0,114800.0,115100.0,2977.0
2026-09-15 12:15:00+09:00,115100.0,115100.0,114900.0,115000.0,1744.0
2026-09-15 12:20:00+09:00,114900.0,115000.0,114800.0,114900.0,1510.0
2026-09-15 12:25:00+09:00,114900.0,115100.0,114800.0,115100.0,3884.0
2026-09-15 12:30:00+09:00,115100.0,115800.0,115000.0,115600.0,2017.0
2026-09-15 12:35:00+09:00,115700.0,115700.0,115300.0,115400.0,888.0
2026-09-15 12:40:00+09:00,115400.0,115700.0,115300.0,115400.0,3315.0
2026-09-15 12:45:00+09:00,115400.0,115500.0,115100.0,115100.0,1185.0
2026-09-15 12:50:00+09:00,115100.0,115200.0,114900.0,114900.0,1467.0
2026-09-15 12:55:00+09:00,114800.0,115200.0,114700.0,115100.0,6992.0
2026-09-15 13:00:00+09:00,115100.0,115600.0,115000.0,115500.0,4945.0
2026-09-15 13:05:00+09:00,115500.0,116100.0,115500.0,116000.0,6297.0
2026-09-15 13:10:00+09:00,116100.0,116300.0,115300.0,115800.0,6145.0
2026-09-15 13:15:00+09:00,115800.0,115800.0,115000.0,115200.0,2599.0
2026-09-15 13:20:00+09:00,115200.0,115200.0,114600.0,114700.0,5529.0
2026-09-15 13:25:00+09:00,114700.0,115000.0,114400.0,114900.0,6184.0
2026-09-15 13:30:00+09:00,114900.0,115400.0,114900.0,115300.0,6686.0
2026-09-15 13:35:00+09:00,115200.0,115300.0,114500.0,114700.0,4694.0
2026-09-15 13:40:00+09:00,114700.0,115000.0,114200.0,114900.0,6042.0
2026-09-15 13:45:00+09:00,114900.0,115500.0,114700.0,115400.0,4338.0
2026-09-15 13:50:00+09:00,115400.0,115400.0,114600.0,114800.0,4347.0
2026-09-15 13:55:00+09:00,114800.0,114900.0,114200.0,114200.0,3247.0
2026-09-15 14:00:00+09:00,114200.0,114500.0,114000.0,114200.0,7440.0
2026-09-15 14:05:00+09:00,114200.0,114200.0,113600.0,114000.0,8496.0
2026-09-15 14:10:00+09:00,114100.0,114100.0,113500.0,113800.0,4826.0
2026-09-15 14:15:00+09:00,113800.0,113800.0,113000.0,113700.0,14889.0
2026-09-15 14:20:00+09:00,113700.0,114000.0,113500.0,113700.0,10406.0
2026-09-15 14:25:00+09:00,113700.0,114400.0,113600.0,114100.0,4012.0
2026-09-15 14:30:00+09:00,114000.0,114700.0,113900.0,114700.0,6832.0
2026-09-15 14:35:00+09:00,114700.0,114900.0,114400.0,114600.0,5377.0
2026-09-15 14:40:00+09:00,114600.0,115500.0,114600.0,115400.0,5082.0
2026-09-15 14:45:00+09:00,115400.0,115600.0,115100.0,115500.0,6907.0
2026-09-15 14:50:00+09:00,115400.0,115400.0,114800.0,115400.0,5159.0
2026-09-15 14:55:00+09:00,115400.0,115400.0,114900.0,115000.0,6098.0
2026-09-16 09:00:00+09:00,113700.0,116200.0,112900.0,116100.0,15297.0
2026-09-16 09:05:00+09:00,116000.0,117300.0,115200.0,115200.0,14471.0
2026-09-16 09:10:00+09:00,115300.0,115700.0,114700.0,115300.0,4633.0
2026-09-16 09:15:00+09:00,115400.0,116300.0,115200.0,115800.0,4120.0
2026-09-16 09:20:00+09:00,115800.0,116200.0,114800.0,114800.0,5683.0
2026-09-16 09:25:00+09:00,114900.0,115700.0,114700.0,115400.0,2343.0
2026-09-16 09:30:00+09:00,115400.0,115500.0,114800.0,115300.0,2225.0
2026-09-16 09:35:00+09:00,115300.0,115700.0,115100.0,115500.0,1978.0
2026-09-16 09:40:00+09:00,115500.0,116800.0,115500.0,116700.0,5555.0
2026-09-16 09:45:00+09:00,116800.0,117300.0,115700.0,115900.0,6848.0
2026-09-16 09:50:00+09:00,115800.0,116100.0,115600.0,115700.0,2382.0
2026-09-16 09:55:00+09:00,115600.0,115900.0,115500.0,115500.0,1873.0
2026-09-16 10:00:00+09:00,115500.0,115850.0,115150.0,115150.0,1458.0
2026-09-16 10:05:00+09:00,115100.0,115200.0,114300.0,114500.0,4439.0
2026-09-16 10:10:00+09:00,114500.0,114500.0,113900.0,114050.0,4171.0
2026-09-16 10:15:00+09:00,114100.0,114100.0,113100.0,113100.0,5568.0
2026-09-16 10:20:00+09:00,113200.0,113300.0,112500.0,113100.0,11759.0
2026-09-16 10:25:00+09:00,113050.0,113700.0,112750.0,113200.0,4385.0
2026-09-16 10:30:00+09:00,113200.0,113800.0,113000.0,113700.0,7823.0
2026-09-16 10:35:00+09:00,113700.0,113700.0,112100.0,112150.0,6577.0
2026-09-16 10:40:00+09:00,112100.0,112400.0,112000.0,112200.0,4303.0
2026-09-16 10:45:00+09:00,112200.0,112200.0,111500.0,111600.0,8176.0
2026-09-16 10:50:00+09:00,111700.0,111800.0,110900.0,111500.0,11400.0
2026-09-16 10:55:00+09:00,111400.0,111500.0,111200.0,111300.0,3935.0
2026-09-16 11:00:00+09:00,111350.0,111350.0,111000.0,111100.0,4938.0
2026-09-16 11:05:00+09:00,111000.0,111300.0,110600.0,110800.0,9163.0
2026-09-16 11:10:00+09:00,110800.0,111300.0,110600.0,111000.0,6563.0
2026-09-16 11:15:00+09:00,110950.0,111900.0,110950.0,111800.0,3237.0
2026-09-16 11:20:00+09:00,111850.0,111900.0,111300.0,111400.0,3102.0
2026-09-16 11:25:00+09:00,111400.0,111500.0,110900.0,111100.0,5982.0
2026-09-16 11:30:00+09:00,111100.0,111400.0,110100.0,110700.0,20189.0
2026-09-16 11:35:00+09:00,110700.0,111000.0,110700.0,110800.0,2518.0
2026-09-16 11:40:00+09:00,110900.0,111000.0,110350.0,110400.0,2607.0
2026-09-16 11:45:00+09:00,110400.0,110900.0,110350.0,110600.0,3911.0
2026-09-16 11:50:00+09:00,110600.0,110800.0,110500.0,110800.0,2407.0
2026-09-16 11:55:00+09:00,110700.0,110900.0,110650.0,110750.0,2070.0
2026-09-16 12:00:00+09:00,110750.0,111300.0,110700.0,111100.0,3092.0
2026-09-16 12:05:00+09:00,111100.0,111500.0,111000.0,111200.0,3058.0
2026-09-16 12:10:00+09:00,111200.0,111300.0,111000.0,111200.0,2478.0
2026-09-16 12:15:00+09:00,111300.0,111400.0,111100.0,111300.0,1774.0
2026-09-16 12:20:00+09:00,111300.0,111400.0,111200.0,111400.0,2634.0
2026-09-16 12:25:00+09:00,111400.0,111700.0,111400.0,111500.0,2482.0
2026-09-16 12:30:00+09:00,111500.0,111600.0,111400.0,111400.0,2697.0
2026-09-16 12:35:00+09:00,111500.0,111500.0,111400.0,111400.0,2330.0
2026-09-16 12:40:00+09:00,111300.0,111900.0,111300.0,111900.0,2345.0
2026-09-16 12:45:00+09:00,111900.0,112150.0,111800.0,112000.0,3280.0
2026-09-16 12:50:00+09:00,112000.0,112100.0,111800.0,111800.0,1646.0
2026-09-16 12:55:00+09:00,111800.0,112200.0,111800.0,112000.0,3274.0
2026-09-16 13:00:00+09:00,111950.0,112100.0,111800.0,111800.0,1542.0
2026-09-16 13:05:00+09:00,111800.0,112200.0,111800.0,112150.0,2768.0
2026-09-16 13:10:00+09:00,112150.0,112200.0,111600.0,111600.0,3402.0
2026-09-16 13:15:00+09:00,111650.0,111900.0,111400.0,111700.0,3348.0
2026-09-16 13:20:00+09:00,111700.0,111900.0,111400.0,111550.0,2201.0
2026-09-16 13:25:00+09:00,111500.0,111800.0,111400.0,111700.0,2440.0
2026-09-16 13:30:00+09:00,111700.0,111900.0,111300.0,111350.0,2322.0
2026-09-16 13:35:00+09:00,111300.0,111600.0,111100.0,111300.0,4133.0
2026-09-16 13:40:00+09:00,111300.0,111500.0,111200.0,111500.0,2109.0
2026-09-16 13:45:00+09:00,111300.0,111300.0,111200.0,111300.0,2295.0
2026-09-16 13:50:00+09:00,111300.0,111300.0,111100.0,111200.0,2962.0
2026-09-16 13:55:00+09:00,111100.0,111200.0,110700.0,110800.0,7838.0
2026-09-16 14:00:00+09:00,110800.0,110900.0,110700.0,110800.0,2969.0
2026-09-16 14:05:00+09:00,110800.0,111400.0,110700.0,111100.0,4521.0
2026-09-16 14:10:00+09:00,111100.0,111200.0,110800.0,110900.0,4149.0
2026-09-16 14:15:00+09:00,110900.0,111200.0,110800.0,110900.0,3449.0
2026-09-16 14:20:00+09:00,110800.0,111100.0,110800.0,111000.0,3967.0
2026-09-16 14:25:00+09:00,110900.0,111300.0,110800.0,111100.0,4629.0
2026-09-16 14:30:00+09:00,111000.0,111400.0,110900.0,111300.0,3779.0
2026-09-16 14:35:00+09:00,111400.0,111400.0,111000.0,111000.0,4246.0
2026-09-16 14:40:00+09:00,111000.0,111300.0,111000.0,111200.0,5057.0
2026-09-16 14:45:00+09:00,111200.0,111300.0,110900.0,110900.0,4487.0
2026-09-16 14:50:00+09:00,111000.0,111000.0,110700.0,110800.0,7969.0
2026-09-16 14:55:00+09:00,110800.0,110800.0,110500.0,110600.0,6446.0
2026-09-17 09:00:00+09:00,112300.0,112700.0,111000.0,112100.0,9964.0
2026-09-17 09:05:00+09:00,112000.0,112900.0,111100.0,111300.0,7176.0
2026-09-17 09:10:00+09:00,111400.0,111600.0,109400.0,109500.0,15182.0
2026-09-17 09:15:00+09:00,109500.0,110700.0,109200.0,109700.0,8968.0
2026-09-17 09:20:00+09:00,109600.0,109800.0,108700.0,109200.0,12330.0
2026-09-17 09:25:00+09:00,109200.0,109200.0,108100.0,108200.0,12338.0
2026-09-17 09:30:00+09:00,108300.0,109600.0,108200.0,108800.0,7824.0
2026-09-17 09:35:00+09:00,108800.0,109300.0,108700.0,108900.0,3499.0
2026-09-17 09:40:00+09:00,108900.0,109600.0,108800.0,109600.0,5274.0
2026-09-17 09:45:00+09:00,109600.0,109600.0,108700.0,108800.0,4231.0
2026-09-17 09:50:00+09:00,108700.0,108800.0,108000.0,108000.0,11528.0
2026-09-17 09:55:00+09:00,108000.0,108100.0,107700.0,107850.0,10382.0
2026-09-17 10:00:00+09:00,107800.0,108600.0,107800.0,108300.0,5840.0
2026-09-17 10:05:00+09:00,108400.0,109300.0,108400.0,109100.0,5421.0
2026-09-17 10:10:00+09:00,109100.0,109200.0,108400.0,108500.0,4463.0
2026-09-17 10:15:00+09:00,108500.0,108800.0,108400.0,108400.0,2344.0
2026-09-17 10:20:00+09:00,108400.0,108500.0,108100.0,108100.0,4102.0
2026-09-17 10:25:00+09:00,108100.0,108500.0,108050.0,108400.0,4298.0
2026-09-17 10:30:00+09:00,108300.0,108500.0,108100.0,108200.0,3053.0
2026-09-17 10:35:00+09:00,108200.0,108700.0,108100.0,108600.0,5405.0
2026-09-17 10:40:00+09:00,108500.0,108700.0,108400.0,108700.0,2792.0
2026-09-17 10:45:00+09:00,108700.0,108700.0,108300.0,108400.0,3370.0
2026-09-17 10:50:00+09:00,108400.0,108500.0,108000.0,108000.0,6163.0
2026-09-17 10:55:00+09:00,108000.0,108500.0,107900.0,108200.0,3597.0
2026-09-17 11:00:00+09:00,108300.0,108400.0,108000.0,108100.0,2442.0
2026-09-17 11:05:00+09:00,108100.0,108200.0,107900.0,107900.0,3512.0
2026-09-17 11:10:00+09:00,107950.0,108000.0,107800.0,107900.0,4000.0
2026-09-17 11:15:00+09:00,107900.0,107900.0,107000.0,107000.0,17016.0
2026-09-17 11:20:00+09:00,107100.0,107600.0,105150.0,107400.0,17557.0
2026-09-17 11:25:00+09:00,107400.0,107500.0,107100.0,107100.0,3141.0
2026-09-17 11:30:00+09:00,107100.0,107400.0,107100.0,107200.0,2744.0
2026-09-17 11:35:00+09:00,107200.0,107600.0,107200.0,107300.0,2658.0
2026-09-17 11:40:00+09:00,107300.0,107600.0,107200.0,107500.0,2183.0
2026-09-17 11:45:00+09:00,107500.0,107600.0,107300.0,107400.0,2542.0
2026-09-17 11:50:00+09:00,107400.0,107600.0,107400.0,107500.0,2394.0
2026-09-17 11:55:00+09:00,107400.0,107600.0,107400.0,107550.0,2096.0
2026-09-17 12:00:00+09:00,107500.0,107700.0,107500.0,107600.0,2815.0
2026-09-17 12:05:00+09:00,107600.0,108000.0,107600.0,108000.0,2421.0
2026-09-17 12:10:00+09:00,107900.0,108100.0,107800.0,107900.0,2435.0
2026-09-17 12:15:00+09:00,107900.0,108000.0,107500.0,107800.0,2663.0
2026-09-17 12:20:00+09:00,107800.0,107900.0,107400.0,107600.0,5535.0
2026-09-17 12:25:00+09:00,107600.0,108000.0,107600.0,107800.0,2363.0
2026-09-17 12:30:00+09:00,107900.0,107900.0,107300.0,107500.0,4896.0
2026-09-17 12:35:00+09:00,107500.0,107600.0,107000.0,107300.0,10561.0
2026-09-17 12:40:00+09:00,107200.0,107500.0,107100.0,107500.0,2986.0
2026-09-17 12:45:00+09:00,107500.0,107600.0,107400.0,107500.0,2081.0
2026-09-17 12:50:00+09:00,107600.0,108100.0,107400.0,107900.0,4067.0
2026-09-17 12:55:00+09:00,108100.0,108400.0,107700.0,108400.0,11288.0
2026-09-17 13:00:00+09:00,108300.0,109800.0,108300.0,109700.0,9070.0
2026-09-17 13:05:00+09:00,109700.0,109800.0,109300.0,109800.0,4692.0
2026-09-17 13:10:00+09:00,109600.0,110700.0,109600.0,110200.0,8780.0
2026-09-17 13:15:00+09:00,110200.0,110200.0,109400.0,109600.0,5625.0
2026-09-17 13:20:00+09:00,109600.0,110400.0,109600.0,110000.0,5855.0
2026-09-17 13:25:00+09:00,110100.0,111400.0,109900.0,110800.0,10298.0
2026-09-17 13:30:00+09:00,110800.0,111100.0,110200.0,111100.0,5314.0
2026-09-17 13:35:00+09:00,111100.0,112000.0,110900.0,112000.0,10570.0
2026-09-17 13:40:00+09:00,112000.0,112800.0,111600.0,112700.0,11918.0
2026-09-17 13:45:00+09:00,112800.0,113100.0,112600.0,112900.0,15964.0
2026-09-17 13:50:00+09:00,112900.0,113800.0,112800.0,113200.0,16778.0
2026-09-17 13:55:00+09:00,113200.0,113400.0,112700.0,113000.0,7551.0
2026-09-17 14:00:00+09:00,113100.0,113350.0,112700.0,112900.0,6314.0
2026-09-17 14:05:00+09:00,112800.0,113000.0,112700.0,112900.0,4016.0
2026-09-17 14:10:00+09:00,112900.0,113000.0,111400.0,112300.0,7991.0
2026-09-17 14:15:00+09:00,112300.0,112700.0,112000.0,112200.0,5533.0
2026-09-17 14:20:00+09:00,112300.0,112300.0,111600.0,112000.0,8239.0
2026-09-17 14:25:00+09:00,112100.0,112400.0,111700.0,111700.0,5012.0
2026-09-17 14:30:00+09:00,111700.0,112200.0,111700.0,111800.0,4478.0
2026-09-17 14:35:00+09:00,111800.0,111900.0,111500.0,111600.0,4621.0
2026-09-17 14:40:00+09:00,111500.0,111600.0,111000.0,111200.0,5069.0
2026-09-17 14:45:00+09:00,111200.0,112000.0,111100.0,111900.0,6303.0
2026-09-17 14:50:00+09:00,111800.0,111900.0,111500.0,111700.0,5107.0
2026-09-17 14:55:00+09:00,111700.0,111800.0,111000.0,111000.0,5655.0
2026-09-18 09:00:00+09:00,114800.0,115200.0,112000.0,112100.0,29862.0
2026-09-18 09:05:00+09:00,112100.0,112300.0,111000.0,111600.0,17087.0
2026-09-18 09:10:00+09:00,111800.0,111900.0,110900.0,111200.0,16467.0
2026-09-18 09:15:00+09:00,111150.0,111400.0,110600.0,111400.0,7261.0
2026-09-18 09:20:00+09:00,111400.0,111400.0,111000.0,111300.0,7084.0
2026-09-18 09:25:00+09:00,111300.0,112000.0,111000.0,111300.0,17392.0
2026-09-18 09:30:00+09:00,111300.0,112300.0,111200.0,111800.0,6355.0
2026-09-18 09:35:00+09:00,111800.0,112000.0,111400.0,111600.0,3737.0
2026-09-18 09:40:00+09:00,111500.0,111700.0,111300.0,111500.0,3250.0
2026-09-18 09:45:00+09:00,111500.0,111600.0,111200.0,111400.0,3584.0
2026-09-18 09:50:00+09:00,111500.0,111500.0,110900.0,111000.0,5916.0
2026-09-18 09:55:00+09:00,111100.0,111700.0,111000.0,111600.0,2767.0
2026-09-18 10:00:00+09:00,111600.0,111700.0,111200.0,111200.0,3772.0
2026-09-18 10:05:00+09:00,111200.0,111400.0,111000.0,111400.0,2074.0
2026-09-18 10:10:00+09:00,111400.0,111500.0,111300.0,111400.0,1687.0
2026-09-18 10:15:00+09:00,111400.0,111700.0,111200.0,111700.0,2825.0
2026-09-18 10:20:00+09:00,111600.0,111900.0,111300.0,111300.0,2536.0
2026-09-18 10:25:00+09:00,111400.0,111400.0,111300.0,111300.0,1365.0
2026-09-18 10:30:00+09:00,111400.0,111600.0,111100.0,111500.0,5407.0
2026-09-18 10:35:00+09:00,111600.0,112000.0,111500.0,111800.0,3270.0
2026-09-18 10:40:00+09:00,111900.0,112100.0,111700.0,111800.0,3129.0
2026-09-18 10:45:00+09:00,111800.0,111800.0,111400.0,111500.0,2651.0
2026-09-18 10:50:00+09:00,111500.0,111500.0,111100.0,111100.0,1977.0
2026-09-18 10:55:00+09:00,111100.0,111200.0,111000.0,111100.0,1987.0
2026-09-18 11:00:00+09:00,111100.0,111100.0,110800.0,111000.0,4145.0
2026-09-18 11:05:00+09:00,111000.0,111000.0,110800.0,110800.0,1589.0
2026-09-18 11:10:00+09:00,110900.0,110900.0,110500.0,110600.0,6934.0
2026-09-18 11:15:00+09:00,110600.0,110600.0,110400.0,110500.0,3549.0
2026-09-18 11:20:00+09:00,110400.0,110700.0,110400.0,110700.0,2178.0
2026-09-18 11:25:00+09:00,110700.0,110800.0,110600.0,110700.0,2047.0
2026-09-18 11:30:00+09:00,110700.0,110800.0,110600.0,110600.0,3155.0
2026-09-18 11:35:00+09:00,110600.0,110850.0,110600.0,110800.0,2833.0
2026-09-18 11:40:00+09:00,110800.0,111100.0,110700.0,111100.0,3020.0
2026-09-18 11:45:00+09:00,111000.0,111200.0,111000.0,111000.0,1338.0
2026-09-18 11:50:00+09:00,111100.0,111200.0,111000.0,111200.0,1860.0
2026-09-18 11:55:00+09:00,111100.0,111200.0,110600.0,110700.0,3281.0
2026-09-18 12:00:00+09:00,110700.0,110800.0,110500.0,110600.0,1969.0
2026-09-18 12:05:00+09:00,110600.0,110700.0,110500.0,110600.0,3282.0
2026-09-18 12:10:00+09:00,110500.0,110800.0,110400.0,110800.0,1981.0
2026-09-18 12:15:00+09:00,110800.0,110800.0,110400.0,110500.0,3380.0
2026-09-18 12:20:00+09:00,110500.0,110700.0,110400.0,110600.0,2354.0
2026-09-18 12:25:00+09:00,110600.0,110700.0,110500.0,110700.0,1111.0
2026-09-18 12:30:00+09:00,110600.0,110800.0,110500.0,110500.0,2331.0
2026-09-18 12:35:00+09:00,110500.0,110600.0,110300.0,110400.0,3079.0
2026-09-18 12:40:00+09:00,110400.0,110600.0,110200.0,110600.0,3081.0
2026-09-18 12:45:00+09:00,110500.0,110700.0,110400.0,110600.0,1963.0
2026-09-18 12:50:00+09:00,110700.0,111050.0,110600.0,110900.0,3029.0
2026-09-18 12:55:00+09:00,110900.0,111000.0,110700.0,110700.0,2284.0
2026-09-18 13:00:00+09:00,110700.0,110900.0,110700.0,110800.0,1440.0
2026-09-18 13:05:00+09:00,110700.0,110700.0,110500.0,110600.0,1224.0
2026-09-18 13:10:00+09:00,110600.0,110700.0,110500.0,110500.0,3065.0
2026-09-18 13:15:00+09:00,110500.0,110600.0,110500.0,110600.0,1517.0
2026-09-18 13:20:00+09:00,110500.0,110600.0,110500.0,110600.0,980.0
2026-09-18 13:25:00+09:00,110600.0,110700.0,110500.0,110700.0,1710.0
2026-09-18 13:30:00+09:00,110700.0,110900.0,110600.0,110700.0,4201.0
2026-09-18 13:35:00+09:00,110700.0,111000.0,110600.0,110900.0,1560.0
2026-09-18 13:40:00+09:00,110900.0,110900.0,110700.0,110750.0,1425.0
2026-09-18 13:45:00+09:00,110750.0,110800.0,110600.0,110700.0,2016.0
2026-09-18 13:50:00+09:00,110700.0,110700.0,110600.0,110600.0,1916.0
2026-09-18 13:55:00+09:00,110600.0,110800.0,110600.0,110700.0,1813.0
2026-09-18 14:00:00+09:00,110800.0,111000.0,110700.0,110900.0,2558.0
2026-09-18 14:05:00+09:00,111000.0,111100.0,110900.0,111000.0,1649.0
2026-09-18 14:10:00+09:00,111050.0,111500.0,111000.0,111400.0,3313.0
2026-09-18 14:15:00+09:00,111500.0,111800.0,111400.0,111600.0,3979.0
2026-09-18 14:20:00+09:00,111600.0,111600.0,111100.0,111200.0,2601.0
2026-09-18 14:25:00+09:00,111200.0,111600.0,111100.0,111200.0,3902.0
2026-09-18 14:30:00+09:00,111200.0,111500.0,111200.0,111200.0,1988.0
2026-09-18 14:35:00+09:00,111200.0,111700.0,111200.0,111600.0,3517.0
2026-09-18 14:40:00+09:00,111600.0,111700.0,111500.0,111600.0,1623.0
2026-09-18 14:45:00+09:00,111600.0,111600.0,110900.0,110900.0,6002.0
2026-09-18 14:50:00+09:00,110900.0,111000.0,110500.0,110600.0,7932.0
2026-09-18 14:55:00+09:00,110500.0,110600.0,110300.0,110400.0,8283.0
2026-09-21 09:00:00+09:00,110100.0,110100.0,106900.0,107200.0,0.0
2026-09-21 09:05:00+09:00,107200.0,107300.0,106000.0,106100.0,28016.0
2026-09-21 09:10:00+09:00,106100.0,106100.0,104600.0,105700.0,48601.0
2026-09-21 09:15:00+09:00,105600.0,105900.0,104900.0,105800.0,12976.0
2026-09-21 09:20:00+09:00,105900.0,106400.0,105400.0,105800.0,14942.0
2026-09-21 09:25:00+09:00,105900.0,106900.0,105400.0,106700.0,12570.0
2026-09-21 09:30:00+09:00,106700.0,107000.0,106500.0,106700.0,7878.0
2026-09-21 09:35:00+09:00,106600.0,107250.0,106500.0,107250.0,7804.0
2026-09-21 09:40:00+09:00,107300.0,107900.0,107300.0,107500.0,7472.0
2026-09-21 09:45:00+09:00,107500.0,107700.0,107300.0,107400.0,3067.0
2026-09-21 09:50:00+09:00,107400.0,107700.0,107100.0,107600.0,4105.0
2026-09-21 09:55:00+09:00,107600.0,108200.0,107600.0,107900.0,3853.0
2026-09-21 10:00:00+09:00,107900.0,108000.0,107300.0,107400.0,4467.0
2026-09-21 10:05:00+09:00,107400.0,108400.0,107400.0,108300.0,5087.0
2026-09-21 10:10:00+09:00,108300.0,108600.0,108300.0,108300.0,3897.0
2026-09-21 10:15:00+09:00,108400.0,108400.0,107400.0,107600.0,6225.0
2026-09-21 10:20:00+09:00,107600.0,108200.0,107500.0,107900.0,4010.0
2026-09-21 10:25:00+09:00,107900.0,108000.0,107600.0,107600.0,2855.0
2026-09-21 10:30:00+09:00,107600.0,108200.0,107600.0,108000.0,4050.0
2026-09-21 10:35:00+09:00,108100.0,108200.0,107700.0,107800.0,2330.0
2026-09-21 10:40:00+09:00,107800.0,108100.0,107700.0,107800.0,2333.0
2026-09-21 10:45:00+09:00,107800.0,108100.0,107700.0,107800.0,2875.0
2026-09-21 10:50:00+09:00,107700.0,107900.0,107600.0,107800.0,2741.0
2026-09-21 10:55:00+09:00,107800.0,107900.0,107600.0,107700.0,2192.0
2026-09-21 11:00:00+09:00,107600.0,107900.0,107500.0,107800.0,3401.0
2026-09-21 11:05:00+09:00,107800.0,107800.0,107600.0,107600.0,2326.0
2026-09-21 11:10:00+09:00,107600.0,107700.0,107500.0,107500.0,3244.0
2026-09-21 11:15:00+09:00,107500.0,107900.0,107400.0,107500.0,3703.0
2026-09-21 11:20:00+09:00,107500.0,107800.0,107400.0,107600.0,3174.0
2026-09-21 11:25:00+09:00,107600.0,107900.0,107500.0,107800.0,2911.0
2026-09-21 11:30:00+09:00,107700.0,107900.0,107600.0,107700.0,2423.0
2026-09-21 11:35:00+09:00,107700.0,108000.0,107600.0,107700.0,3207.0
2026-09-21 11:40:00+09:00,107600.0,107800.0,107500.0,107500.0,4000.0
2026-09-21 11:45:00+09:00,107600.0,107900.0,107500.0,107600.0,2539.0
2026-09-21 11:50:00+09:00,107700.0,107800.0,107500.0,107500.0,1976.0
2026-09-21 11:55:00+09:00,107500.0,107600.0,107400.0,107400.0,2634.0
2026-09-21 12:00:00+09:00,107500.0,107800.0,107400.0,107500.0,2340.0
2026-09-21 12:05:00+09:00,107500.0,107700.0,107400.0,107400.0,2104.0
2026-09-21 12:10:00+09:00,107400.0,107500.0,107100.0,107200.0,5733.0
2026-09-21 12:15:00+09:00,107200.0,107800.0,107100.0,107600.0,3847.0
2026-09-21 12:20:00+09:00,107600.0,107800.0,107300.0,107400.0,2088.0
2026-09-21 12:25:00+09:00,107400.0,107500.0,107200.0,107400.0,2556.0
2026-09-21 12:30:00+09:00,107300.0,107500.0,107100.0,107200.0,3344.0
2026-09-21 12:35:00+09:00,107200.0,107300.0,107000.0,107100.0,3267.0
2026-09-21 12:40:00+09:00,107000.0,107200.0,107000.0,107000.0,3091.0
2026-09-21 12:45:00+09:00,107000.0,107100.0,106900.0,107000.0,2442.0
2026-09-21 12:50:00+09:00,106900.0,107300.0,106900.0,107200.0,3052.0
2026-09-21 12:55:00+09:00,107200.0,107400.0,107200.0,107300.0,2774.0
2026-09-21 13:00:00+09:00,107300.0,107400.0,107000.0,107100.0,3429.0
2026-09-21 13:05:00+09:00,107000.0,107200.0,106900.0,107000.0,3685.0
2026-09-21 13:10:00+09:00,107000.0,107100.0,106800.0,106800.0,4041.0
2026-09-21 13:15:00+09:00,106800.0,107000.0,106700.0,106900.0,3832.0
2026-09-21 13:20:00+09:00,107000.0,107000.0,106700.0,106700.0,4049.0
2026-09-21 13:25:00+09:00,106700.0,107000.0,106600.0,106800.0,4590.0
2026-09-21 13:30:00+09:00,106900.0,106900.0,106700.0,106800.0,3308.0
2026-09-21 13:35:00+09:00,106800.0,107400.0,106700.0,107400.0,7249.0
2026-09-21 13:40:00+09:00,107300.0,107400.0,107100.0,107200.0,3992.0
2026-09-21 13:45:00+09:00,107200.0,107300.0,106700.0,106800.0,6387.0
2026-09-21 13:50:00+09:00,106700.0,106900.0,106500.0,106500.0,5705.0
2026-09-21 13:55:00+09:00,106500.0,106700.0,106500.0,106600.0,7421.0
2026-09-21 14:00:00+09:00,106600.0,106900.0,106400.0,106600.0,6565.0
2026-09-21 14:05:00+09:00,106600.0,106700.0,106400.0,106500.0,6341.0
2026-09-21 14:10:00+09:00,106500.0,107000.0,106500.0,106700.0,6727.0
2026-09-21 14:15:00+09:00,106700.0,106800.0,106400.0,106700.0,5396.0
2026-09-21 14:20:00+09:00,106700.0,107100.0,106700.0,106900.0,6515.0
2026-09-21 14:25:00+09:00,106800.0,107200.0,106700.0,106900.0,6269.0
2026-09-21 14:30:00+09:00,106900.0,106900.0,106600.0,106700.0,5906.0
2026-09-21 14:35:00+09:00,106700.0,106800.0,106600.0,106700.0,5612.0
2026-09-21 14:40:00+09:00,106700.0,106900.0,106500.0,106700.0,7493.0
2026-09-21 14:45:00+09:00,106700.0,106900.0,106500.0,106600.0,7105.0
2026-09-21 14:50:00+09:00,106600.0,106600.0,106500.0,106500.0,5935.0
2026-09-21 14:55:00+09:00,106500.0,106900.0,106400.0,106700.0,10527.0
2026-09-22 09:00:00+09:00,109100.0,110000.0,107500.0,107500.0,16977.0
2026-09-22 09:05:00+09:00,107500.0,108000.0,107200.0,107500.0,8132.0
2026-09-22 09:10:00+09:00,107500.0,107800.0,106400.0,106800.0,20391.0
2026-09-22 09:15:00+09:00,106800.0,107600.0,106800.0,107000.0,4622.0
2026-09-22 09:20:00+09:00,107100.0,107300.0,107100.0,107100.0,3200.0
2026-09-22 09:25:00+09:00,107100.0,107500.0,107100.0,107500.0,3707.0
2026-09-22 09:30:00+09:00,107550.0,107900.0,107400.0,107500.0,6450.0
2026-09-22 09:35:00+09:00,107500.0,107900.0,107100.0,107200.0,3916.0
2026-09-22 09:40:00+09:00,107200.0,107600.0,107200.0,107400.0,2532.0
2026-09-22 09:45:00+09:00,107600.0,108000.0,107500.0,107800.0,4118.0
2026-09-22 09:50:00+09:00,107850.0,108000.0,106800.0,107000.0,17140.0
2026-09-22 09:55:00+09:00,106900.0,107300.0,106800.0,106900.0,8440.0
2026-09-22 10:00:00+09:00,106900.0,107300.0,106900.0,107000.0,2755.0
2026-09-22 10:05:00+09:00,107000.0,107700.0,107000.0,107600.0,4442.0
2026-09-22 10:10:00+09:00,107600.0,107950.0,107300.0,107300.0,4805.0
2026-09-22 10:15:00+09:00,107400.0,107700.0,107200.0,107200.0,2435.0
2026-09-22 10:20:00+09:00,107200.0,107300.0,107000.0,107200.0,4653.0
2026-09-22 10:25:00+09:00,107100.0,107300.0,106800.0,106800.0,11933.0
2026-09-22 10:30:00+09:00,106800.0,107300.0,106800.0,106900.0,8048.0
2026-09-22 10:35:00+09:00,106900.0,107300.0,106800.0,107000.0,7444.0
2026-09-22 10:40:00+09:00,107000.0,107800.0,107000.0,107800.0,3928.0
2026-09-22 10:45:00+09:00,107700.0,108000.0,107500.0,107900.0,5587.0
2026-09-22 10:50:00+09:00,107800.0,108000.0,107800.0,107850.0,3831.0
2026-09-22 10:55:00+09:00,107850.0,108100.0,107500.0,107900.0,4511.0
2026-09-22 11:00:00+09:00,107800.0,108100.0,107500.0,107900.0,2420.0
2026-09-22 11:05:00+09:00,107900.0,108000.0,107700.0,107900.0,3368.0
2026-09-22 11:10:00+09:00,107900.0,108100.0,107700.0,107900.0,4522.0
2026-09-22 11:15:00+09:00,107800.0,108200.0,107800.0,107900.0,3623.0
2026-09-22 11:20:00+09:00,107900.0,108500.0,107900.0,108400.0,3827.0
2026-09-22 11:25:00+09:00,108500.0,108900.0,108400.0,108700.0,4902.0
2026-09-22 11:30:00+09:00,108600.0,109000.0,108600.0,108700.0,4322.0
2026-09-22 11:35:00+09:00,108700.0,108900.0,108500.0,108700.0,2469.0
2026-09-22 11:40:00+09:00,108700.0,109300.0,108600.0,108900.0,3789.0
2026-09-22 11:45:00+09:00,108800.0,109100.0,108700.0,109000.0,2399.0
2026-09-22 11:50:00+09:00,108900.0,109100.0,108800.0,109100.0,2968.0
2026-09-22 11:55:00+09:00,109100.0,109300.0,108900.0,108900.0,2710.0
2026-09-22 12:00:00+09:00,108900.0,109200.0,108700.0,108900.0,2111.0
2026-09-22 12:05:00+09:00,108800.0,109000.0,108700.0,108700.0,1781.0
2026-09-22 12:10:00+09:00,108700.0,109200.0,108700.0,109100.0,2799.0
2026-09-22 12:15:00+09:00,109100.0,109200.0,108700.0,109000.0,2277.0
2026-09-22 12:20:00+09:00,109000.0,109100.0,108700.0,108800.0,1099.0
2026-09-22 12:25:00+09:00,108800.0,109500.0,108600.0,109300.0,5153.0
2026-09-22 12:30:00+09:00,109200.0,109600.0,109100.0,109400.0,2948.0
2026-09-22 12:35:00+09:00,109400.0,109500.0,109200.0,109300.0,2123.0
2026-09-22 12:40:00+09:00,109400.0,109500.0,108900.0,109000.0,2922.0
2026-09-22 12:45:00+09:00,109000.0,109400.0,108900.0,109200.0,2306.0
2026-09-22 12:50:00+09:00,109200.0,109300.0,108700.0,108700.0,4127.0
2026-09-22 12:55:00+09:00,108700.0,109100.0,108700.0,108900.0,2822.0
2026-09-22 13:00:00+09:00,109000.0,109500.0,108800.0,109300.0,7971.0
2026-09-22 13:05:00+09:00,109350.0,109600.0,109200.0,109300.0,5251.0
2026-09-22 13:10:00+09:00,109300.0,109700.0,109200.0,109700.0,4704.0
2026-09-22 13:15:00+09:00,109700.0,109900.0,109200.0,109300.0,7539.0
2026-09-22 13:20:00+09:00,109300.0,109700.0,108900.0,109000.0,6617.0
2026-09-22 13:25:00+09:00,109000.0,109300.0,108900.0,109200.0,8679.0
2026-09-22 13:30:00+09:00,109300.0,109300.0,108850.0,109100.0,2472.0
2026-09-22 13:35:00+09:00,109100.0,109200.0,108300.0,108400.0,3922.0
2026-09-22 13:40:00+09:00,108300.0,109300.0,108100.0,109200.0,4435.0
2026-09-22 13:45:00+09:00,109100.0,109800.0,108900.0,109500.0,7009.0
2026-09-22 13:50:00+09:00,109500.0,109800.0,109300.0,109700.0,6224.0
2026-09-22 13:55:00+09:00,109700.0,110000.0,109300.0,109400.0,10850.0
2026-09-22 14:00:00+09:00,109500.0,110700.0,109400.0,110400.0,14699.0
2026-09-22 14:05:00+09:00,110400.0,111000.0,110050.0,110100.0,9583.0
2026-09-22 14:10:00+09:00,110100.0,110800.0,110100.0,110600.0,7997.0
2026-09-22 14:15:00+09:00,110600.0,111100.0,110500.0,111000.0,13421.0
2026-09-22 14:20:00+09:00,110900.0,111000.0,110300.0,110400.0,10649.0
2026-09-22 14:25:00+09:00,110400.0,110600.0,109900.0,110000.0,11227.0
2026-09-22 14:30:00+09:00,110000.0,110400.0,109800.0,110200.0,7714.0
2026-09-22 14:35:00+09:00,110200.0,110800.0,110100.0,110700.0,6677.0
2026-09-22 14:40:00+09:00,110600.0,110800.0,109500.0,109700.0,9909.0
2026-09-22 14:45:00+09:00,109600.0,110300.0,109100.0,109300.0,9751.0
2026-09-22 14:50:00+09:00,109300.0,110000.0,109000.0,109200.0,14634.0
2026-09-22 14:55:00+09:00,109100.0,109800.0,109000.0,109300.0,9065.0
