,Open,High,Low,Close,Volume
2026-06-29 09:00:00+09:00,10300.0,10700.0,10300.0,10660.0,0.0
2026-06-29 09:05:00+09:00,10650.0,10850.0,10620.0,10740.0,18219.0
2026-06-29 09:10:00+09:00,10740.0,10790.0,10660.0,10750.0,16287.0
2026-06-29 09:15:00+09:00,10750.0,10850.0,10710.0,10820.0,12367.0
2026-06-29 09:20:00+09:00,10820.0,10960.0,10790.0,10940.0,16016.0
2026-06-29 09:25:00+09:00,10940.0,10970.0,10820.0,10830.0,15652.0
2026-06-29 09:30:00+09:00,10830.0,11040.0,10790.0,11000.0,19701.0
2026-06-29 09:35:00+09:00,11010.0,11240.0,11010.0,11180.0,16114.0
2026-06-29 09:40:00+09:00,11180.0,11320.0,11160.0,11320.0,13728.0
2026-06-29 09:45:00+09:00,11340.0,11350.0,11250.0,11300.0,14478.0
2026-06-29 09:50:00+09:00,11320.0,11430.0,11310.0,11350.0,5172.0
2026-06-29 09:55:00+09:00,11310.0,11310.0,11220.0,11220.0,4180.0
2026-06-29 10:00:00+09:00,11220.0,11270.0,11150.0,11270.0,10272.0
2026-06-29 10:05:00+09:00,11280.0,11300.0,11170.0,11210.0,3082.0
2026-06-29 10:10:00+09:00,11230.0,11330.0,11210.0,11300.0,8022.0
2026-06-29 10:15:00+09:00,11290.0,11330.0,11280.0,11280.0,1668.0
2026-06-29 10:20:00+09:00,11280.0,11420.0,11250.0,11400.0,8725.0
2026-06-29 10:25:00+09:00,11400.0,11420.0,11340.0,11400.0,1771.0
2026-06-29 10:30:00+09:00,11380.0,11410.0,11360.0,11380.0,1745.0
2026-06-29 10:35:00+09:00,11370.0,11410.0,11330.0,11410.0,3377.0
2026-06-29 10:40:00+09:00,11410.0,11410.0,11220.0,11290.0,4418.0
2026-06-29 10:45:00+09:00,11250.0,11350.0,11250.0,11320.0,2784.0
2026-06-29 10:50:00+09:00,11320.0,11330.0,11270.0,11310.0,3381.0
2026-06-29 10:55:00+09:00,11310.0,11340.0,11300.0,11310.0,1775.0
2026-06-29 11:00:00+09:00,11320.0,11490.0,11310.0,11420.0,11031.0
2026-06-29 11:05:00+09:00,11420.0,11450.0,11390.0,11410.0,1578.0
2026-06-29 11:10:00+09:00,11410.0,11440.0,11370.0,11390.0,3133.0
2026-06-29 11:15:00+09:00,11390.0,11510.0,11370.0,11510.0,8482.0
2026-06-29 11:20:00+09:00,11520.0,11560.0,11500.0,11540.0,6479.0
2026-06-29 11:25:00+09:00,11540.0,11650.0,11530.0,11600.0,7299.0
2026-06-29 11:30:00+09:00,11600.0,11650.0,11560.0,11560.0,4069.0
2026-06-29 11:35:00+09:00,11560.0,11580.0,11540.0,11560.0,2509.0
2026-06-29 11:40:00+09:00,11560.0,11610.0,11530.0,11580.0,5202.0
2026-06-29 11:45:00+09:00,11570.0,11600.0,11550.0,11570.0,2440.0
2026-06-29 11:50:00+09:00,11570.0,11610.0,11550.0,11580.0,2107.0
2026-06-29 11:55:00+09:00,11560.0,11610.0,11550.0,11600.0,2478.0
2026-06-29 12:00:00+09:00,11600.0,11630.0,11600.0,11630.0,1747.0
2026-06-29 12:05:00+09:00,11630.0,11630.0,11540.0,11540.0,2956.0
2026-06-29 12:10:00+09:00,11580.0,11600.0,11540.0,11590.0,3206.0
2026-06-29 12:15:00+09:00,11590.0,11620.0,11580.0,11620.0,2815.0
2026-06-29 12:20:00+09:00,11630.0,11650.0,11610.0,11640.0,3876.0
2026-06-29 12:25:00+09:00,11620.0,11630.0,11590.0,11620.0,1766.0
2026-06-29 12:30:00+09:00,11620.0,11650.0,11610.0,11630.0,4407.0
2026-06-29 12:35:00+09:00,11620.0,11630.0,11590.0,11620.0,1312.0
2026-06-29 12:40:00+09:00,11600.0,11610.0,11560.0,11580.0,1474.0
2026-06-29 12:45:00+09:00,11580.0,11600.0,11560.0,11590.0,2589.0
2026-06-29 12:50:00+09:00,11590.0,11650.0,11590.0,11650.0,7963.0
2026-06-29 12:55:00+09:00,11630.0,11630.0,11590.0,11610.0,650.0
2026-06-29 13:00:00+09:00,11610.0,11660.0,11600.0,11650.0,1867.0
2026-06-29 13:05:00+09:00,11650.0,11680.0,11600.0,11680.0,4929.0
2026-06-29 13:10:00+09:00,11680.0,11680.0,11620.0,11660.0,1531.0
2026-06-29 13:15:00+09:00,11660.0,11660.0,11600.0,11600.0,1154.0
2026-06-29 13:20:00+09:00,11590.0,11600.0,11410.0,11560.0,5501.0
2026-06-29 13:25:00+09:00,11550.0,11640.0,11520.0,11560.0,3659.0
2026-06-29 13:30:00+09:00,11550.0,11560.0,11500.0,11500.0,893.0
2026-06-29 13:35:00+09:00,11510.0,11570.0,11470.0,11540.0,4279.0
2026-06-29 13:40:00+09:00,11520.0,11520.0,11430.0,11470.0,2267.0
2026-06-29 13:45:00+09:00,11470.0,11490.0,11430.0,11490.0,2796.0
2026-06-29 13:50:00+09:00,11490.0,11570.0,11490.0,11540.0,2579.0
2026-06-29 13:55:00+09:00,11540.0,11540.0,11440.0,11450.0,1821.0
2026-06-29 14:00:00+09:00,11450.0,11540.0,11420.0,11500.0,15543.0
2026-06-29 14:05:00+09:00,11470.0,11570.0,11470.0,11510.0,2230.0
2026-06-29 14:10:00+09:00,11510.0,11560.0,11510.0,11530.0,1821.0
2026-06-29 14:15:00+09:00,11540.0,11540.0,11510.0,11540.0,684.0
2026-06-29 14:20:00+09:00,11530.0,11530.0,11500.0,11520.0,1488.0
2026-06-29 14:25:00+09:00,11510.0,11530.0,11470.0,11490.0,2877.0
2026-06-29 14:30:00+09:00,11490.0,11550.0,11470.0,11520.0,2448.0
2026-06-29 14:35:00+09:00,11510.0,11550.0,11500.0,11550.0,1170.0
2026-06-29 14:40:00+09:00,11540.0,11570.0,11500.0,11520.0,4508.0
2026-06-29 14:45:00+09:00,11530.0,11630.0,11510.0,11630.0,6218.0
2026-06-29 14:50:00+09:00,11610.0,11660.0,11600.0,11640.0,6952.0
2026-06-29 14:55:00+09:00,11640.0,11660.0,11610.0,11650.0,4281.0
2026-06-30 09:00:00+09:00,11450.0,11560.0,11240.0,11270.0,12482.0
2026-06-30 09:05:00+09:00,11270.0,11540.0,11210.0,11500.0,13750.0
2026-06-30 09:10:00+09:00,11500.0,11520.0,11380.0,11380.0,4151.0
2026-06-30 09:15:00+09:00,11380.0,11420.0,11250.0,11260.0,10846.0
2026-06-30 09:20:00+09:00,11270.0,11270.0,11210.0,11240.0,7158.0
2026-06-30 09:25:00+09:00,11240.0,11250.0,11160.0,11170.0,5937.0
2026-06-30 09:30:00+09:00,11180.0,11200.0,11110.0,11130.0,4331.0
2026-06-30 09:35:00+09:00,11130.0,11200.0,11090.0,11170.0,4585.0
2026-06-30 09:40:00+09:00,11170.0,11180.0,11150.0,11160.0,1775.0
2026-06-30 09:45:00+09:00,11160.0,11190.0,11100.0,11170.0,3890.0
2026-06-30 09:50:00+09:00,11200.0,11260.0,11120.0,11140.0,3628.0
2026-06-30 09:55:00+09:00,11150.0,11200.0,11090.0,11150.0,3755.0
2026-06-30 10:00:00+09:00,11150.0,11210.0,11070.0,11080.0,3401.0
2026-06-30 10:05:00+09:00,11080.0,11080.0,11060.0,11060.0,1728.0
2026-06-30 10:10:00+09:00,11070.0,11100.0,11050.0,11060.0,2165.0
2026-06-30 10:15:00+09:00,11060.0,11060.0,11010.0,11040.0,10034.0
2026-06-30 10:20:00+09:00,11040.0,11050.0,11030.0,11050.0,1002.0
2026-06-30 10:25:00+09:00,11050.0,11190.0,11050.0,11170.0,3388.0
2026-06-30 10:30:00+09:00,11150.0,11180.0,11090.0,11090.0,1995.0
2026-06-30 10:35:00+09:00,11090.0,11110.0,11020.0,11030.0,4675.0
2026-06-30 10:40:00+09:00,11030.0,11040.0,10990.0,11000.0,4032.0
2026-06-30 10:45:00+09:00,11000.0,11000.0,10980.0,10990.0,4559.0
2026-06-30 10:50:00+09:00,10980.0,10980.0,10950.0,10960.0,2726.0
2026-06-30 10:55:00+09:00,10960.0,11030.0,10960.0,11010.0,2416.0
2026-06-30 11:00:00+09:00,11010.0,11010.0,10920.0,10950.0,3562.0
2026-06-30 11:05:00+09:00,10940.0,10940.0,10900.0,10930.0,3874.0
2026-06-30 11:10:00+09:00,10930.0,10930.0,10840.0,10840.0,4945.0
2026-06-30 11:15:00+09:00,10850.0,10850.0,10780.0,10790.0,4209.0
2026-06-30 11:20:00+09:00,10790.0,10840.0,10790.0,10810.0,1371.0
2026-06-30 11:25:00+09:00,10810.0,10810.0,10770.0,10770.0,3655.0
2026-06-30 11:30:00+09:00,10770.0,10840.0,10730.0,10840.0,6225.0
2026-06-30 11:35:00+09:00,10840.0,10850.0,10820.0,10820.0,1316.0
2026-06-30 11:40:00+09:00,10820.0,10840.0,10820.0,10830.0,773.0
2026-06-30 11:45:00+09:00,10830.0,10840.0,10790.0,10790.0,1851.0
2026-06-30 11:50:00+09:00,10800.0,10810.0,10780.0,10800.0,2911.0
2026-06-30 11:55:00+09:00,10800.0,10800.0,10760.0,10780.0,1955.0
2026-06-30 12:00:00+09:00,10760.0,10800.0,10760.0,10770.0,1573.0
2026-06-30 12:05:00+09:00,10770.0,10850.0,10750.0,10850.0,5220.0
2026-06-30 12:10:00+09:00,10840.0,10840.0,10780.0,10810.0,929.0
2026-06-30 12:15:00+09:00,10820.0,10850.0,10780.0,10800.0,1169.0
2026-06-30 12:20:00+09:00,10800.0,10840.0,10780.0,10830.0,2031.0
2026-06-30 12:25:00+09:00,10830.0,10850.0,10830.0,10850.0,1099.0
2026-06-30 12:30:00+09:00,10840.0,10860.0,10830.0,10830.0,522.0
2026-06-30 12:35:00+09:00,10830.0,10860.0,10800.0,10840.0,679.0
2026-06-30 12:40:00+09:00,10840.0,10910.0,10830.0,10880.0,1114.0
2026-06-30 12:45:00+09:00,10880.0,10890.0,10850.0,10860.0,1595.0
2026-06-30 12:50:00+09:00,10860.0,10880.0,10810.0,10830.0,5346.0
2026-06-30 12:55:00+09:00,10830.0,10860.0,10820.0,10860.0,823.0
2026-06-30 13:00:00+09:00,10860.0,10860.0,10815.0,10820.0,2742.0
2026-06-30 13:05:00+09:00,10820.0,10820.0,10800.0,10820.0,2237.0
2026-06-30 13:10:00+09:00,10820.0,10830.0,10790.0,10810.0,2532.0
2026-06-30 13:15:00+09:00,10810.0,10830.0,10770.0,10780.0,3422.0
2026-06-30 13:20:00+09:00,10780.0,10790.0,10760.0,10780.0,1724.0
2026-06-30 13:25:00+09:00,10780.0,10790.0,10750.0,10760.0,4389.0
2026-06-30 13:30:00+09:00,10750.0,10880.0,10750.0,10810.0,1963.0
2026-06-30 13:35:00+09:00,10830.0,10900.0,10820.0,10870.0,2166.0
2026-06-30 13:40:00+09:00,10870.0,10920.0,10830.0,10880.0,2653.0
2026-06-30 13:45:00+09:00,10880.0,10900.0,10820.0,10860.0,2821.0
2026-06-30 13:50:00+09:00,10860.0,10890.0,10850.0,10860.0,1463.0
2026-06-30 13:55:00+09:00,10860.0,10890.0,10840.0,10880.0,1427.0
2026-06-30 14:00:00+09:00,10880.0,10910.0,10860.0,10900.0,3327.0
2026-06-30 14:05:00+09:00,10870.0,10910.0,10850.0,10900.0,5706.0
2026-06-30 14:10:00+09:00,10910.0,11000.0,10880.0,10980.0,3989.0
2026-06-30 14:15:00+09:00,10960.0,10970.0,10870.0,10870.0,1927.0
2026-06-30 14:20:00+09:00,10870.0,10920.0,10860.0,10910.0,1850.0
2026-06-30 14:25:00+09:00,10910.0,11030.0,10870.0,10980.0,5204.0
2026-06-30 14:30:00+09:00,10980.0,10980.0,10890.0,10930.0,2301.0
2026-06-30 14:35:00+09:00,10930.0,10930.0,10880.0,10900.0,1710.0
2026-06-30 14:40:00+09:00,10900.0,11000.0,10890.0,10960.0,1875.0
2026-06-30 14:45:00+09:00,10960.0,10980.0,10940.0,10980.0,1173.0
2026-06-30 14:50:00+09:00,10970.0,10980.0,10920.0,10960.0,2223.0
2026-06-30 14:55:00+09:00,10960.0,11000.0,10920.0,10920.0,1407.0
2026-07-01 09:00:00+09:00,10900.0,11170.0,10760.0,10780.0,15803.0
2026-07-01 09:05:00+09:00,10780.0,10930.0,10750.0,10850.0,8081.0
2026-07-01 09:10:00+09:00,10850.0,11090.0,10850.0,11080.0,7056.0
2026-07-01 09:15:00+09:00,11070.0,11110.0,11000.0,11110.0,9640.0
2026-07-01 09:20:00+09:00,11110.0,11210.0,11070.0,11150.0,7191.0
2026-07-01 09:25:00+09:00,11160.0,11340.0,11160.0,11240.0,7863.0
2026-07-01 09:30:00+09:00,11250.0,11270.0,11170.0,11190.0,4464.0
2026-07-01 09:35:00+09:00,11190.0,11290.0,11150.0,11240.0,4298.0
2026-07-01 09:40:00+09:00,11240.0,11350.0,11200.0,11350.0,4770.0
2026-07-01 09:45:00+09:00,11360.0,11420.0,11310.0,11380.0,11938.0
2026-07-01 09:50:00+09:00,11380.0,11470.0,11330.0,11410.0,7083.0
2026-07-01 09:55:00+09:00,11410.0,11490.0,11310.0,11330.0,5205.0
2026-07-01 10:00:00+09:00,11330.0,11340.0,11150.0,11160.0,3460.0
2026-07-01 10:05:00+09:00,11160.0,11390.0,11160.0,11180.0,1799.0
2026-07-01 10:10:00+09:00,11180.0,11220.0,11140.0,11150.0,3649.0
2026-07-01 10:15:00+09:00,11150.0,11190.0,11120.0,11130.0,2322.0
2026-07-01 10:20:00+09:00,11140.0,11300.0,11120.0,11180.0,2702.0
2026-07-01 10:25:00+09:00,11180.0,11260.0,11170.0,11250.0,3168.0
2026-07-01 10:30:00+09:00,11240.0,11310.0,11170.0,11230.0,9875.0
2026-07-01 10:35:00+09:00,11230.0,11250.0,11190.0,11220.0,1681.0
2026-07-01 10:40:00+09:00,11220.0,11220.0,11150.0,11170.0,914.0
2026-07-01 10:45:00+09:00,11170.0,11220.0,11070.0,11080.0,3296.0
2026-07-01 10:50:00+09:00,11080.0,11180.0,11010.0,11060.0,3027.0
2026-07-01 10:55:00+09:00,11060.0,11200.0,11060.0,11120.0,1412.0
2026-07-01 11:00:00+09:00,11120.0,11120.0,10990.0,11010.0,2554.0
2026-07-01 11:05:00+09:00,11000.0,11000.0,10860.0,10960.0,4629.0
2026-07-01 11:10:00+09:00,10930.0,10980.0,10900.0,10970.0,1703.0
2026-07-01 11:15:00+09:00,10950.0,11000.0,10910.0,10990.0,4384.0
2026-07-01 11:20:00+09:00,10990.0,11060.0,10980.0,11020.0,3402.0
2026-07-01 11:25:00+09:00,11060.0,11060.0,11000.0,11030.0,1034.0
2026-07-01 11:30:00+09:00,10990.0,11060.0,10990.0,11020.0,1089.0
2026-07-01 11:35:00+09:00,11010.0,11020.0,10980.0,11000.0,658.0
2026-07-01 11:40:00+09:00,11000.0,11120.0,11000.0,11110.0,2957.0
2026-07-01 11:45:00+09:00,11110.0,11120.0,11110.0,11120.0,640.0
2026-07-01 11:50:00+09:00,11100.0,11110.0,11080.0,11100.0,824.0
2026-07-01 11:55:00+09:00,11100.0,11110.0,11070.0,11110.0,1530.0
2026-07-01 12:00:00+09:00,11080.0,11120.0,11020.0,11040.0,2658.0
2026-07-01 12:05:00+09:00,11040.0,11090.0,11010.0,11090.0,1278.0
2026-07-01 12:10:00+09:00,11090.0,11090.0,11060.0,11080.0,1518.0
2026-07-01 12:15:00+09:00,11070.0,11080.0,11040.0,11040.0,755.0
2026-07-01 12:20:00+09:00,11040.0,11060.0,11010.0,11020.0,541.0
2026-07-01 12:25:00+09:00,11020.0,11020.0,11020.0,11020.0,412.0
2026-07-01 12:30:00+09:00,11020.0,11040.0,11010.0,11040.0,1711.0
2026-07-01 12:35:00+09:00,11030.0,11100.0,11030.0,11090.0,961.0
2026-07-01 12:40:00+09:00,11070.0,11080.0,11030.0,11040.0,749.0
2026-07-01 12:45:00+09:00,11040.0,11050.0,11040.0,11050.0,110.0
2026-07-01 12:50:00+09:00,11050.0,11050.0,10980.0,11000.0,3591.0
2026-07-01 12:55:00+09:00,10980.0,11010.0,10980.0,11010.0,897.0
2026-07-01 13:00:00+09:00,10990.0,11000.0,10930.0,10970.0,1439.0
2026-07-01 13:05:00+09:00,10970.0,10990.0,10960.0,10990.0,383.0
2026-07-01 13:10:00+09:00,10980.0,10990.0,10960.0,10970.0,718.0
2026-07-01 13:15:00+09:00,10970.0,10980.0,10940.0,10980.0,674.0
2026-07-01 13:20:00+09:00,10980.0,11070.0,10950.0,10960.0,2136.0
2026-07-01 13:25:00+09:00,10960.0,10980.0,10940.0,10970.0,971.0
2026-07-01 13:30:00+09:00,10970.0,11040.0,10960.0,10980.0,1094.0
2026-07-01 13:35:00+09:00,10980.0,10980.0,10920.0,10920.0,1960.0
2026-07-01 13:40:00+09:00,10950.0,10950.0,10920.0,10920.0,1130.0
2026-07-01 13:45:00+09:00,10920.0,10950.0,10910.0,10930.0,730.0
2026-07-01 13:50:00+09:00,10950.0,10950.0,10900.0,10930.0,2952.0
2026-07-01 13:55:00+09:00,10930.0,10930.0,10860.0,10870.0,1998.0
2026-07-01 14:00:00+09:00,10880.0,10890.0,10830.0,10890.0,3000.0
2026-07-01 14:05:00+09:00,10910.0,10950.0,10860.0,10910.0,2760.0
2026-07-01 14:10:00+09:00,10890.0,10910.0,10860.0,10880.0,1392.0
2026-07-01 14:15:00+09:00,10880.0,10890.0,10830.0,10890.0,3204.0
2026-07-01 14:20:00+09:00,10890.0,10890.0,10830.0,10860.0,3309.0
2026-07-01 14:25:00+09:00,10860.0,10890.0,10830.0,10830.0,2042.0
2026-07-01 14:30:00+09:00,10840.0,10850.0,10820.0,10840.0,1294.0
2026-07-01 14:35:00+09:00,10840.0,10850.0,10750.0,10790.0,7385.0
2026-07-01 14:40:00+09:00,10790.0,10840.0,10780.0,10810.0,3467.0
2026-07-01 14:45:00+09:00,10810.0,10850.0,10780.0,10830.0,634.0
2026-07-01 14:50:00+09:00,10800.0,10850.0,10800.0,10850.0,859.0
2026-07-01 14:55:00+09:00,10850.0,10870.0,10830.0,10870.0,1002.0
2026-07-02 09:00:00+09:00,10760.0,10760.0,10420.0,10540.0,8735.0
2026-07-02 09:05:00+09:00,10540.0,10580.0,10420.0,10460.0,3289.0
2026-07-02 09:10:00+09:00,10470.0,10540.0,10400.0,10430.0,4833.0
2026-07-02 09:15:00+09:00,10430.0,10450.0,10380.0,10430.0,5985.0
2026-07-02 09:20:00+09:00,10440.0,10500.0,10390.0,10470.0,2486.0
2026-07-02 09:25:00+09:00,10490.0,10540.0,10450.0,10510.0,1919.0
2026-07-02 09:30:00+09:00,10510.0,10610.0,10480.0,10590.0,3060.0
2026-07-02 09:35:00+09:00,10590.0,10700.0,10590.0,10640.0,3265.0
2026-07-02 09:40:00+09:00,10630.0,10640.0,10550.0,10560.0,1824.0
2026-07-02 09:45:00+09:00,10560.0,10580.0,10490.0,10520.0,6729.0
2026-07-02 09:50:00+09:00,10520.0,10530.0,10470.0,10530.0,3514.0
2026-07-02 09:55:00+09:00,10530.0,10590.0,10500.0,10510.0,2770.0
2026-07-02 10:00:00+09:00,10510.0,10530.0,10500.0,10530.0,1698.0
2026-07-02 10:05:00+09:00,10530.0,10640.0,10530.0,10640.0,4757.0
2026-07-02 10:10:00+09:00,10640.0,10660.0,10600.0,10630.0,2391.0
2026-07-02 10:15:00+09:00,10630.0,10680.0,10590.0,10660.0,2389.0
2026-07-02 10:20:00+09:00,10680.0,10700.0,10610.0,10660.0,4697.0
2026-07-02 10:25:00+09:00,10660.0,10690.0,10570.0,10600.0,3440.0
2026-07-02 10:30:00+09:00,10600.0,10750.0,10580.0,10750.0,5796.0
2026-07-02 10:35:00+09:00,10730.0,10760.0,10700.0,10750.0,4862.0
2026-07-02 10:40:00+09:00,10720.0,10780.0,10660.0,10780.0,2563.0
2026-07-02 10:45:00+09:00,10780.0,10850.0,10730.0,10850.0,2058.0
2026-07-02 10:50:00+09:00,10850.0,10860.0,10760.0,10840.0,7443.0
2026-07-02 10:55:00+09:00,10840.0,10870.0,10800.0,10860.0,1577.0
2026-07-02 11:00:00+09:00,10810.0,10860.0,10760.0,10860.0,2332.0
2026-07-02 11:05:00+09:00,10860.0,10870.0,10780.0,10840.0,1370.0
2026-07-02 11:10:00+09:00,10840.0,10860.0,10780.0,10860.0,2121.0
2026-07-02 11:15:00+09:00,10830.0,10870.0,10750.0,10760.0,3762.0
2026-07-02 11:20:00+09:00,10760.0,10760.0,10620.0,10700.0,5664.0
2026-07-02 11:25:00+09:00,10700.0,10770.0,10690.0,10700.0,1578.0
2026-07-02 11:30:00+09:00,10700.0,10780.0,10680.0,10780.0,952.0
2026-07-02 11:35:00+09:00,10780.0,10780.0,10690.0,10770.0,1660.0
2026-07-02 11:40:00+09:00,10760.0,10810.0,10760.0,10810.0,787.0
2026-07-02 11:45:00+09:00,10810.0,10820.0,10750.0,10800.0,1231.0
2026-07-02 11:50:00+09:00,10800.0,10800.0,10710.0,10780.0,1575.0
2026-07-02 11:55:00+09:00,10710.0,10810.0,10710.0,10810.0,1416.0
2026-07-02 12:00:00+09:00,10810.0,10820.0,10680.0,10690.0,3709.0
2026-07-02 12:05:00+09:00,10690.0,10770.0,10680.0,10730.0,1981.0
2026-07-02 12:10:00+09:00,10730.0,10780.0,10710.0,10770.0,1028.0
2026-07-02 12:15:00+09:00,10770.0,10790.0,10710.0,10780.0,657.0
2026-07-02 12:20:00+09:00,10780.0,10800.0,10730.0,10790.0,591.0
2026-07-02 12:25:00+09:00,10780.0,10790.0,10720.0,10780.0,1753.0
2026-07-02 12:30:00+09:00,10780.0,10780.0,10700.0,10750.0,1550.0
2026-07-02 12:35:00+09:00,10750.0,10760.0,10700.0,10740.0,993.0
2026-07-02 12:40:00+09:00,10740.0,10740.0,10670.0,10700.0,3097.0
2026-07-02 12:45:00+09:00,10700.0,10770.0,10670.0,10740.0,1823.0
2026-07-02 12:50:00+09:00,10740.0,10750.0,10620.0,10720.0,6409.0
2026-07-02 12:55:00+09:00,10720.0,10730.0,10640.0,10710.0,1219.0
2026-07-02 13:00:00+09:00,10720.0,10720.0,10650.0,10690.0,2161.0
2026-07-02 13:05:00+09:00,10690.0,10720.0,10640.0,10710.0,1256.0
2026-07-02 13:10:00+09:00,10710.0,10710.0,10590.0,10630.0,8360.0
2026-07-02 13:15:00+09:00,10600.0,10670.0,10590.0,10600.0,927.0
2026-07-02 13:20:00+09:00,10620.0,10620.0,10550.0,10590.0,8053.0
2026-07-02 13:25:00+09:00,10590.0,10690.0,10570.0,10680.0,2216.0
2026-07-02 13:30:00+09:00,10620.0,10680.0,10580.0,10620.0,1324.0
2026-07-02 13:35:00+09:00,10620.0,10660.0,10590.0,10650.0,823.0
2026-07-02 13:40:00+09:00,10600.0,10670.0,10570.0,10650.0,1372.0
2026-07-02 13:45:00+09:00,10650.0,10650.0,10550.0,10580.0,1934.0
2026-07-02 13:50:00+09:00,10570.0,10700.0,10520.0,10660.0,2942.0
2026-07-02 13:55:00+09:00,10660.0,10690.0,10640.0,10670.0,705.0
2026-07-02 14:00:00+09:00,10680.0,10680.0,10600.0,10670.0,2730.0
2026-07-02 14:05:00+09:00,10670.0,10720.0,10660.0,10720.0,1395.0
2026-07-02 14:10:00+09:00,10720.0,10770.0,10690.0,10770.0,5255.0
2026-07-02 14:15:00+09:00,10770.0,10800.0,10740.0,10780.0,6405.0
2026-07-02 14:20:00+09:00,10790.0,10800.0,10750.0,10770.0,2867.0
2026-07-02 14:25:00+09:00,10760.0,10770.0,10730.0,10770.0,1255.0
2026-07-02 14:30:00+09:00,10770.0,10770.0,10690.0,10740.0,2340.0
2026-07-02 14:35:00+09:00,10740.0,10740.0,10620.0,10650.0,1554.0
2026-07-02 14:40:00+09:00,10630.0,10650.0,10610.0,10650.0,2408.0
2026-07-02 14:45:00+09:00,10650.0,10650.0,10550.0,10570.0,3645.0
2026-07-02 14:50:00+09:00,10570.0,10610.0,10550.0,10600.0,2890.0
2026-07-02 14:55:00+09:00,10600.0,10600.0,10560.0,10580.0,3646.0
2026-07-03 09:00:00+09:00,10740.0,10770.0,10500.0,10510.0,7032.0
2026-07-03 09:05:00+09:00,10500.0,10560.0,10330.0,10380.0,11928.0
2026-07-03 09:10:00+09:00,10360.0,10380.0,10300.0,10340.0,8977.0
2026-07-03 09:15:00+09:00,10340.0,10340.0,10230.0,10270.0,7298.0
2026-07-03 09:20:00+09:00,10270.0,10300.0,10230.0,10230.0,4722.0
2026-07-03 09:25:00+09:00,10230.0,10280.0,10210.0,10220.0,4279.0
2026-07-03 09:30:00+09:00,10220.0,10230.0,10150.0,10200.0,11933.0
2026-07-03 09:35:00+09:00,10190.0,10290.0,10180.0,10290.0,7529.0
2026-07-03 09:40:00+09:00,10280.0,10280.0,10150.0,10160.0,5351.0
2026-07-03 09:45:00+09:00,10160.0,10220.0,10150.0,10170.0,7274.0
2026-07-03 09:50:00+09:00,10160.0,10180.0,10140.0,10180.0,4652.0
2026-07-03 09:55:00+09:00,10190.0,10190.0,10140.0,10170.0,3163.0
2026-07-03 10:00:00+09:00,10150.0,10250.0,10150.0,10240.0,11026.0
2026-07-03 10:05:00+09:00,10240.0,10380.0,10240.0,10340.0,3509.0
2026-07-03 10:10:00+09:00,10370.0,10370.0,10320.0,10330.0,3650.0
2026-07-03 10:15:00+09:00,10330.0,10430.0,10320.0,10430.0,4363.0
2026-07-03 10:20:00+09:00,10430.0,10450.0,10350.0,10410.0,2968.0
2026-07-03 10:25:00+09:00,10410.0,10410.0,10260.0,10310.0,5986.0
2026-07-03 10:30:00+09:00,10310.0,10330.0,10260.0,10300.0,3373.0
2026-07-03 10:35:00+09:00,10300.0,10380.0,10290.0,10380.0,2014.0
2026-07-03 10:40:00+09:00,10350.0,10360.0,10280.0,10280.0,2037.0
2026-07-03 10:45:00+09:00,10280.0,10340.0,10260.0,10310.0,3232.0
2026-07-03 10:50:00+09:00,10300.0,10300.0,10270.0,10290.0,4618.0
2026-07-03 10:55:00+09:00,10310.0,10310.0,10260.0,10290.0,2679.0
2026-07-03 11:00:00+09:00,10270.0,10300.0,10240.0,10260.0,5627.0
2026-07-03 11:05:00+09:00,10250.0,10330.0,10250.0,10330.0,3780.0
2026-07-03 11:10:00+09:00,10330.0,10340.0,10260.0,10310.0,2022.0
2026-07-03 11:15:00+09:00,10270.0,10310.0,10250.0,10250.0,1122.0
2026-07-03 11:20:00+09:00,10290.0,10290.0,10250.0,10290.0,540.0
2026-07-03 11:25:00+09:00,10290.0,10290.0,10230.0,10250.0,12262.0
2026-07-03 11:30:00+09:00,10290.0,10290.0,10240.0,10250.0,1043.0
2026-07-03 11:35:00+09:00,10230.0,10230.0,10180.0,10190.0,5388.0
2026-07-03 11:40:00+09:00,10190.0,10200.0,10180.0,10190.0,628.0
2026-07-03 11:45:00+09:00,10190.0,10240.0,10190.0,10230.0,667.0
2026-07-03 11:50:00+09:00,10220.0,10240.0,10170.0,10230.0,2285.0
2026-07-03 11:55:00+09:00,10200.0,10250.0,10190.0,10200.0,3690.0
2026-07-03 12:00:00+09:00,10200.0,10210.0,10180.0,10200.0,2079.0
2026-07-03 12:05:00+09:00,10200.0,10200.0,10170.0,10180.0,6910.0
2026-07-03 12:10:00+09:00,10180.0,10220.0,10170.0,10220.0,1568.0
2026-07-03 12:15:00+09:00,10220.0,10220.0,10200.0,10220.0,717.0
2026-07-03 12:20:00+09:00,10220.0,10280.0,10210.0,10220.0,1223.0
2026-07-03 12:25:00+09:00,10220.0,10280.0,10220.0,10250.0,403.0
2026-07-03 12:30:00+09:00,10250.0,10290.0,10220.0,10250.0,1793.0
2026-07-03 12:35:00+09:00,10240.0,10290.0,10190.0,10210.0,1465.0
2026-07-03 12:40:00+09:00,10210.0,10210.0,10160.0,10180.0,3150.0
2026-07-03 12:45:00+09:00,10180.0,10240.0,10150.0,10230.0,3204.0
2026-07-03 12:50:00+09:00,10240.0,10270.0,10220.0,10240.0,1136.0
2026-07-03 12:55:00+09:00,10240.0,10300.0,10240.0,10290.0,2024.0
2026-07-03 13:00:00+09:00,10290.0,10330.0,10290.0,10310.0,2896.0
2026-07-03 13:05:00+09:00,10320.0,10320.0,10270.0,10300.0,4329.0
2026-07-03 13:10:00+09:00,10300.0,10310.0,10260.0,10310.0,3827.0
2026-07-03 13:15:00+09:00,10310.0,10330.0,10270.0,10310.0,2181.0
2026-07-03 13:20:00+09:00,10310.0,10330.0,10300.0,10320.0,826.0
2026-07-03 13:25:00+09:00,10320.0,10320.0,10290.0,10300.0,672.0
2026-07-03 13:30:00+09:00,10300.0,10310.0,10290.0,10290.0,636.0
2026-07-03 13:35:00+09:00,10300.0,10310.0,10270.0,10300.0,822.0
2026-07-03 13:40:00+09:00,10300.0,10300.0,10250.0,10300.0,2589.0
2026-07-03 13:45:00+09:00,10300.0,10330.0,10270.0,10330.0,1809.0
2026-07-03 13:50:00+09:00,10330.0,10410.0,10330.0,10360.0,4362.0
2026-07-03 13:55:00+09:00,10400.0,10430.0,10340.0,10410.0,2083.0
2026-07-03 14:00:00+09:00,10410.0,10440.0,10390.0,10430.0,1211.0
2026-07-03 14:05:00+09:00,10430.0,10430.0,10380.0,10400.0,1595.0
2026-07-03 14:10:00+09:00,10400.0,10450.0,10390.0,10420.0,998.0
2026-07-03 14:15:00+09:00,10400.0,10420.0,10370.0,10370.0,1193.0
2026-07-03 14:20:00+09:00,10380.0,10400.0,10360.0,10390.0,1337.0
2026-07-03 14:25:00+09:00,10400.0,10450.0,10380.0,10450.0,1563.0
2026-07-03 14:30:00+09:00,10450.0,10480.0,10420.0,10440.0,1185.0
2026-07-03 14:35:00+09:00,10440.0,10490.0,10440.0,10480.0,2490.0
2026-07-03 14:40:00+09:00,10480.0,10500.0,10430.0,10480.0,2931.0
2026-07-03 14:45:00+09:00,10480.0,10500.0,10380.0,10390.0,6392.0
2026-07-03 14:50:00+09:00,10380.0,10470.0,10380.0,10470.0,2411.0
2026-07-03 14:55:00+09:00,10470.0,10500.0,10440.0,10480.0,1702.0
2026-07-06 09:00:00+09:00,10550.0,10560.0,10400.0,10530.0,0.0
2026-07-06 09:05:00+09:00,10440.0,10600.0,10400.0,10470.0,2288.0
2026-07-06 09:10:00+09:00,10530.0,10590.0,10470.0,10520.0,4915.0
2026-07-06 09:15:00+09:00,10520.0,10570.0,10400.0,10430.0,3219.0
2026-07-06 09:20:00+09:00,10420.0,10550.0,10420.0,10550.0,5849.0
2026-07-06 09:25:00+09:00,10550.0,10560.0,10480.0,10490.0,3486.0
2026-07-06 09:30:00+09:00,10490.0,10550.0,10470.0,10490.0,4770.0
2026-07-06 09:35:00+09:00,10490.0,10540.0,10430.0,10500.0,3354.0
2026-07-06 09:40:00+09:00,10540.0,10650.0,10500.0,10650.0,7183.0
2026-07-06 09:45:00+09:00,10630.0,10630.0,10480.0,10500.0,6533.0
2026-07-06 09:50:00+09:00,10490.0,10540.0,10470.0,10520.0,2634.0
2026-07-06 09:55:00+09:00,10520.0,10530.0,10400.0,10420.0,5610.0
2026-07-06 10:00:00+09:00,10420.0,10480.0,10410.0,10460.0,5305.0
2026-07-06 10:05:00+09:00,10460.0,10460.0,10370.0,10450.0,2367.0
2026-07-06 10:10:00+09:00,10460.0,10460.0,10340.0,10390.0,3614.0
2026-07-06 10:15:00+09:00,10390.0,10460.0,10390.0,10440.0,2007.0
2026-07-06 10:20:00+09:00,10440.0,10440.0,10350.0,10370.0,4071.0
2026-07-06 10:25:00+09:00,10370.0,10370.0,10320.0,10350.0,6058.0
2026-07-06 10:30:00+09:00,10340.0,10460.0,10340.0,10410.0,2043.0
2026-07-06 10:35:00+09:00,10410.0,10460.0,10400.0,10430.0,835.0
2026-07-06 10:40:00+09:00,10430.0,10440.0,10350.0,10430.0,1460.0
2026-07-06 10:45:00+09:00,10430.0,10430.0,10340.0,10340.0,2332.0
2026-07-06 10:50:00+09:00,10340.0,10360.0,10290.0,10300.0,5732.0
2026-07-06 10:55:00+09:00,10290.0,10350.0,10290.0,10350.0,6926.0
2026-07-06 11:00:00+09:00,10350.0,10400.0,10310.0,10370.0,3013.0
2026-07-06 11:05:00+09:00,10370.0,10380.0,10310.0,10350.0,4045.0
2026-07-06 11:10:00+09:00,10350.0,10370.0,10310.0,10330.0,2408.0
2026-07-06 11:15:00+09:00,10330.0,10380.0,10320.0,10350.0,1141.0
2026-07-06 11:20:00+09:00,10350.0,10360.0,10320.0,10340.0,1311.0
2026-07-06 11:25:00+09:00,10340.0,10360.0,10280.0,10290.0,2622.0
2026-07-06 11:30:00+09:00,10290.0,10380.0,10260.0,10310.0,3560.0
2026-07-06 11:35:00+09:00,10330.0,10360.0,10290.0,10340.0,1728.0
2026-07-06 11:40:00+09:00,10370.0,10370.0,10290.0,10320.0,1755.0
2026-07-06 11:45:00+09:00,10310.0,10320.0,10260.0,10280.0,1429.0
2026-07-06 11:50:00+09:00,10280.0,10340.0,10250.0,10300.0,2436.0
2026-07-06 11:55:00+09:00,10330.0,10350.0,10310.0,10330.0,2018.0
2026-07-06 12:00:00+09:00,10320.0,10350.0,10320.0,10350.0,570.0
2026-07-06 12:05:00+09:00,10350.0,10410.0,10350.0,10400.0,2480.0
2026-07-06 12:10:00+09:00,10400.0,10470.0,10400.0,10460.0,1311.0
2026-07-06 12:15:00+09:00,10460.0,10480.0,10440.0,10450.0,709.0
2026-07-06 12:20:00+09:00,10450.0,10470.0,10440.0,10460.0,446.0
2026-07-06 12:25:00+09:00,10460.0,10520.0,10460.0,10500.0,1656.0
2026-07-06 12:30:00+09:00,10500.0,10550.0,10450.0,10510.0,2748.0
2026-07-06 12:35:00+09:00,10510.0,10520.0,10490.0,10520.0,969.0
2026-07-06 12:40:00+09:00,10510.0,10520.0,10460.0,10480.0,877.0
2026-07-06 12:45:00+09:00,10490.0,10490.0,10450.0,10450.0,771.0
2026-07-06 12:50:00+09:00,10450.0,10460.0,10410.0,10430.0,2019.0
2026-07-06 12:55:00+09:00,10430.0,10450.0,10420.0,10440.0,670.0
2026-07-06 13:00:00+09:00,10430.0,10430.0,10390.0,10410.0,927.0
2026-07-06 13:05:00+09:00,10420.0,10420.0,10390.0,10390.0,839.0
2026-07-06 13:10:00+09:00,10400.0,10420.0,10380.0,10390.0,799.0
2026-07-06 13:15:00+09:00,10390.0,10420.0,10390.0,10420.0,748.0
2026-07-06 13:20:00+09:00,10420.0,10450.0,10400.0,10420.0,786.0
2026-07-06 13:25:00+09:00,10420.0,10450.0,10420.0,10440.0,422.0
2026-07-06 13:30:00+09:00,10440.0,10470.0,10430.0,10470.0,909.0
2026-07-06 13:35:00+09:00,10470.0,10510.0,10460.0,10500.0,1535.0
2026-07-06 13:40:00+09:00,10500.0,10550.0,10500.0,10540.0,2052.0
2026-07-06 13:45:00+09:00,10540.0,10580.0,10520.0,10550.0,2712.0
2026-07-06 13:50:00+09:00,10560.0,10570.0,10510.0,10550.0,3329.0
2026-07-06 13:55:00+09:00,10550.0,10580.0,10520.0,10560.0,5795.0
2026-07-06 14:00:00+09:00,10560.0,10560.0,10510.0,10520.0,1796.0
2026-07-06 14:05:00+09:00,10520.0,10520.0,10510.0,10520.0,918.0
2026-07-06 14:10:00+09:00,10510.0,10540.0,10470.0,10470.0,2886.0
2026-07-06 14:15:00+09:00,10470.0,10490.0,10460.0,10490.0,839.0
2026-07-06 14:20:00+09:00,10490.0,10490.0,10450.0,10460.0,1293.0
2026-07-06 14:25:00+09:00,10460.0,10470.0,10430.0,10440.0,1513.0
2026-07-06 14:30:00+09:00,10440.0,10470.0,10440.0,10460.0,1385.0
2026-07-06 14:35:00+09:00,10460.0,10470.0,10420.0,10450.0,3290.0
2026-07-06 14:40:00+09:00,10450.0,10550.0,10440.0,10490.0,3454.0
2026-07-06 14:45:00+09:00,10490.0,10490.0,10440.0,10460.0,1224.0
2026-07-06 14:50:00+09:00,10460.0,10540.0,10440.0,10470.0,4295.0
2026-07-06 14:55:00+09:00,10480.0,10520.0,10450.0,10450.0,2723.0
2026-07-07 09:00:00+09:00,10490.0,10690.0,10320.0,10660.0,13993.0
2026-07-07 09:05:00+09:00,10650.0,10700.0,10550.0,10610.0,13767.0
2026-07-07 09:10:00+09:00,10570.0,10640.0,10520.0,10590.0,7860.0
2026-07-07 09:15:00+09:00,10620.0,10630.0,10510.0,10520.0,12938.0
2026-07-07 09:20:00+09:00,10530.0,10700.0,10520.0,10700.0,12840.0
2026-07-07 09:25:00+09:00,10700.0,10710.0,10610.0,10620.0,8337.0
2026-07-07 09:30:00+09:00,10620.0,10650.0,10520.0,10570.0,8502.0
2026-07-07 09:35:00+09:00,10570.0,10630.0,10500.0,10510.0,3028.0
2026-07-07 09:40:00+09:00,10510.0,10550.0,10430.0,10490.0,5549.0
2026-07-07 09:45:00+09:00,10490.0,10510.0,10410.0,10450.0,6944.0
2026-07-07 09:50:00+09:00,10450.0,10490.0,10410.0,10490.0,1404.0
2026-07-07 09:55:00+09:00,10510.0,10590.0,10440.0,10460.0,4597.0
2026-07-07 10:00:00+09:00,10460.0,10530.0,10410.0,10440.0,2937.0
2026-07-07 10:05:00+09:00,10450.0,10480.0,10440.0,10450.0,670.0
2026-07-07 10:10:00+09:00,10450.0,10480.0,10390.0,10390.0,2821.0
2026-07-07 10:15:00+09:00,10400.0,10410.0,10320.0,10380.0,3698.0
2026-07-07 10:20:00+09:00,10340.0,10380.0,10310.0,10320.0,4690.0
2026-07-07 10:25:00+09:00,10310.0,10340.0,10270.0,10310.0,5167.0
2026-07-07 10:30:00+09:00,10300.0,10320.0,10270.0,10310.0,2463.0
2026-07-07 10:35:00+09:00,10310.0,10350.0,10280.0,10310.0,2169.0
2026-07-07 10:40:00+09:00,10310.0,10440.0,10310.0,10390.0,938.0
2026-07-07 10:45:00+09:00,10390.0,10530.0,10390.0,10520.0,3035.0
2026-07-07 10:50:00+09:00,10530.0,10530.0,10450.0,10480.0,1766.0
2026-07-07 10:55:00+09:00,10470.0,10490.0,10370.0,10380.0,1371.0
2026-07-07 11:00:00+09:00,10380.0,10380.0,10330.0,10380.0,3207.0
2026-07-07 11:05:00+09:00,10380.0,10380.0,10330.0,10360.0,715.0
2026-07-07 11:10:00+09:00,10370.0,10370.0,10330.0,10370.0,327.0
2026-07-07 11:15:00+09:00,10370.0,10370.0,10290.0,10300.0,2317.0
2026-07-07 11:20:00+09:00,10300.0,10310.0,10290.0,10310.0,577.0
2026-07-07 11:25:00+09:00,10300.0,10310.0,10250.0,10310.0,2835.0
2026-07-07 11:30:00+09:00,10300.0,10300.0,10230.0,10250.0,1766.0
2026-07-07 11:35:00+09:00,10250.0,10270.0,10220.0,10270.0,2077.0
2026-07-07 11:40:00+09:00,10270.0,10270.0,10210.0,10250.0,376.0
2026-07-07 11:45:00+09:00,10240.0,10250.0,10180.0,10200.0,4539.0
2026-07-07 11:50:00+09:00,10200.0,10210.0,10180.0,10210.0,1157.0
2026-07-07 11:55:00+09:00,10200.0,10200.0,10170.0,10180.0,2013.0
2026-07-07 12:00:00+09:00,10180.0,10240.0,10180.0,10240.0,1383.0
2026-07-07 12:05:00+09:00,10240.0,10240.0,10200.0,10240.0,191.0
2026-07-07 12:10:00+09:00,10230.0,10230.0,10220.0,10230.0,85.0
2026-07-07 12:15:00+09:00,10230.0,10230.0,10190.0,10190.0,967.0
2026-07-07 12:20:00+09:00,10190.0,10200.0,10160.0,10170.0,5224.0
2026-07-07 12:25:00+09:00,10170.0,10180.0,10150.0,10170.0,2204.0
2026-07-07 12:30:00+09:00,10170.0,10170.0,10140.0,10160.0,694.0
2026-07-07 12:35:00+09:00,10140.0,10190.0,10140.0,10190.0,1174.0
2026-07-07 12:40:00+09:00,10170.0,10190.0,10140.0,10190.0,2743.0
2026-07-07 12:45:00+09:00,10160.0,10160.0,10110.0,10140.0,4076.0
2026-07-07 12:50:00+09:00,10140.0,10150.0,10110.0,10110.0,2150.0
2026-07-07 12:55:00+09:00,10110.0,10160.0,10080.0,10140.0,11133.0
2026-07-07 13:00:00+09:00,10140.0,10150.0,10110.0,10120.0,1755.0
2026-07-07 13:05:00+09:00,10120.0,10190.0,10110.0,10140.0,2329.0
2026-07-07 13:10:00+09:00,10140.0,10180.0,10120.0,10130.0,1367.0
2026-07-07 13:15:00+09:00,10140.0,10180.0,10110.0,10110.0,1929.0
2026-07-07 13:20:00+09:00,10120.0,10130.0,10050.0,10080.0,8342.0
2026-07-07 13:25:00+09:00,10130.0,10150.0,10100.0,10140.0,4244.0
2026-07-07 13:30:00+09:00,10140.0,10220.0,10130.0,10180.0,1594.0
2026-07-07 13:35:00+09:00,10180.0,10180.0,10160.0,10170.0,3229.0
2026-07-07 13:40:00+09:00,10160.0,10180.0,10090.0,10130.0,2941.0
2026-07-07 13:45:00+09:00,10140.0,10180.0,10090.0,10130.0,3571.0
2026-07-07 13:50:00+09:00,10130.0,10180.0,10090.0,10140.0,2751.0
2026-07-07 13:55:00+09:00,10140.0,10140.0,10090.0,10120.0,285.0
2026-07-07 14:00:00+09:00,10130.0,10140.0,10070.0,10100.0,3392.0
2026-07-07 14:05:00+09:00,10110.0,10110.0,10060.0,10080.0,3751.0
2026-07-07 14:10:00+09:00,10080.0,10100.0,10050.0,10060.0,8152.0
2026-07-07 14:15:00+09:00,10060.0,10150.0,10050.0,10080.0,2493.0
2026-07-07 14:20:00+09:00,10080.0,10210.0,10060.0,10140.0,7329.0
2026-07-07 14:25:00+09:00,10120.0,10170.0,10080.0,10170.0,3554.0
2026-07-07 14:30:00+09:00,10170.0,10240.0,10120.0,10130.0,3172.0
2026-07-07 14:35:00+09:00,10140.0,10250.0,10140.0,10230.0,4350.0
2026-07-07 14:40:00+09:00,10230.0,10290.0,10130.0,10280.0,5786.0
2026-07-07 14:45:00+09:00,10280.0,10330.0,10210.0,10210.0,3564.0
2026-07-07 14:50:00+09:00,10240.0,10300.0,10200.0,10280.0,2730.0
2026-07-07 14:55:00+09:00,10280.0,10330.0,10250.0,10320.0,4193.0
2026-07-08 09:00:00+09:00,10310.0,10310.0,10090.0,10270.0,9579.0
2026-07-08 09:05:00+09:00,10190.0,10250.0,10120.0,10160.0,4501.0
2026-07-08 09:10:00+09:00,10140.0,10180.0,10090.0,10100.0,11287.0
2026-07-08 09:15:00+09:00,10120.0,10200.0,10080.0,10120.0,5022.0
2026-07-08 09:20:00+09:00,10120.0,10180.0,10070.0,10130.0,3595.0
2026-07-08 09:25:00+09:00,10140.0,10180.0,10100.0,10150.0,2334.0
2026-07-08 09:30:00+09:00,10140.0,10150.0,10080.0,10090.0,4787.0
2026-07-08 09:35:00+09:00,10080.0,10230.0,10070.0,10200.0,3310.0
2026-07-08 09:40:00+09:00,10200.0,10290.0,10190.0,10290.0,2621.0
2026-07-08 09:45:00+09:00,10250.0,10290.0,10200.0,10240.0,3675.0
2026-07-08 09:50:00+09:00,10240.0,10260.0,10200.0,10200.0,742.0
2026-07-08 09:55:00+09:00,10210.0,10250.0,10160.0,10240.0,2132.0
2026-07-08 10:00:00+09:00,10240.0,10250.0,10170.0,10220.0,3560.0
2026-07-08 10:05:00+09:00,10220.0,10220.0,10140.0,10200.0,4563.0
2026-07-08 10:10:00+09:00,10200.0,10200.0,10120.0,10180.0,3867.0
2026-07-08 10:15:00+09:00,10180.0,10190.0,10140.0,10150.0,2336.0
2026-07-08 10:20:00+09:00,10150.0,10150.0,10090.0,10090.0,5054.0
2026-07-08 10:25:00+09:00,10090.0,10110.0,10090.0,10110.0,1486.0
2026-07-08 10:30:00+09:00,10110.0,10130.0,10080.0,10100.0,1779.0
2026-07-08 10:35:00+09:00,10100.0,10100.0,10070.0,10080.0,2347.0
2026-07-08 10:40:00+09:00,10080.0,10130.0,10070.0,10090.0,5430.0
2026-07-08 10:45:00+09:00,10090.0,10090.0,10060.0,10080.0,3625.0
2026-07-08 10:50:00+09:00,10070.0,10080.0,10030.0,10040.0,7379.0
2026-07-08 10:55:00+09:00,10040.0,10080.0,10040.0,10050.0,2285.0
2026-07-08 11:00:00+09:00,10060.0,10060.0,10010.0,10020.0,4658.0
2026-07-08 11:05:00+09:00,10020.0,10030.0,9980.0,10010.0,19308.0
2026-07-08 11:10:00+09:00,10010.0,10020.0,9980.0,10000.0,2577.0
2026-07-08 11:15:00+09:00,10000.0,10020.0,9980.0,10020.0,2838.0
2026-07-08 11:20:00+09:00,10020.0,10050.0,10010.0,10020.0,1621.0
2026-07-08 11:25:00+09:00,10010.0,10050.0,10000.0,10000.0,1848.0
2026-07-08 11:30:00+09:00,10010.0,10020.0,9960.0,9980.0,4329.0
2026-07-08 11:35:00+09:00,9970.0,9980.0,9960.0,9970.0,2812.0
2026-07-08 11:40:00+09:00,9970.0,9980.0,9960.0,9980.0,1912.0
2026-07-08 11:45:00+09:00,9970.0,10040.0,9970.0,10000.0,1383.0
2026-07-08 11:50:00+09:00,10000.0,10010.0,9960.0,9970.0,1359.0
2026-07-08 11:55:00+09:00,9960.0,9990.0,9960.0,9990.0,2187.0
2026-07-08 12:00:00+09:00,9980.0,9990.0,9970.0,9980.0,460.0
2026-07-08 12:05:00+09:00,9980.0,10000.0,9980.0,10000.0,839.0
2026-07-08 12:10:00+09:00,10000.0,10010.0,9990.0,10000.0,1590.0
2026-07-08 12:15:00+09:00,10010.0,10020.0,9990.0,10000.0,1992.0
2026-07-08 12:20:00+09:00,10020.0,10030.0,9990.0,10030.0,706.0
2026-07-08 12:25:00+09:00,10000.0,10040.0,9990.0,9990.0,6128.0
2026-07-08 12:30:00+09:00,10000.0,10030.0,9980.0,10010.0,1875.0
2026-07-08 12:35:00+09:00,10010.0,10010.0,9980.0,9990.0,1335.0
2026-07-08 12:40:00+09:00,10000.0,10000.0,9950.0,9960.0,4589.0
2026-07-08 12:45:00+09:00,9960.0,9980.0,9960.0,9970.0,1706.0
2026-07-08 12:50:00+09:00,9970.0,9980.0,9960.0,9970.0,2722.0
2026-07-08 12:55:00+09:00,9960.0,9970.0,9900.0,9910.0,27289.0
2026-07-08 13:00:00+09:00,9910.0,9910.0,9870.0,9890.0,11018.0
2026-07-08 13:05:00+09:00,9870.0,9890.0,9850.0,9860.0,5353.0
2026-07-08 13:10:00+09:00,9860.0,9860.0,9820.0,9820.0,7297.0
2026-07-08 13:15:00+09:00,9820.0,9890.0,9810.0,9890.0,4498.0
2026-07-08 13:20:00+09:00,9860.0,9870.0,9830.0,9840.0,5804.0
2026-07-08 13:25:00+09:00,9840.0,9860.0,9820.0,9840.0,1612.0
2026-07-08 13:30:00+09:00,9840.0,9850.0,9810.0,9820.0,4451.0
2026-07-08 13:35:00+09:00,9820.0,9840.0,9780.0,9800.0,8391.0
2026-07-08 13:40:00+09:00,9810.0,9840.0,9790.0,9820.0,5350.0
2026-07-08 13:45:00+09:00,9820.0,9860.0,9780.0,9810.0,2806.0
2026-07-08 13:50:00+09:00,9800.0,9890.0,9780.0,9780.0,3770.0
2026-07-08 13:55:00+09:00,9780.0,9900.0,9780.0,9860.0,6117.0
2026-07-08 14:00:00+09:00,9900.0,9920.0,9800.0,9810.0,3005.0
2026-07-08 14:05:00+09:00,9820.0,9900.0,9800.0,9820.0,8788.0
2026-07-08 14:10:00+09:00,9820.0,9890.0,9800.0,9800.0,2359.0
2026-07-08 14:15:00+09:00,9800.0,9850.0,9790.0,9790.0,2342.0
2026-07-08 14:20:00+09:00,9790.0,9810.0,9780.0,9810.0,2615.0
2026-07-08 14:25:00+09:00,9810.0,9810.0,9760.0,9810.0,6685.0
2026-07-08 14:30:00+09:00,9810.0,9810.0,9750.0,9770.0,3840.0
2026-07-08 14:35:00+09:00,9770.0,9840.0,9750.0,9790.0,6451.0
2026-07-08 14:40:00+09:00,9790.0,9840.0,9770.0,9780.0,3777.0
2026-07-08 14:45:00+09:00,9810.0,9840.0,9780.0,9780.0,953.0
2026-07-08 14:50:00+09:00,9810.0,9850.0,9780.0,9810.0,4253.0
2026-07-08 14:55:00+09:00,9840.0,9850.0,9790.0,9850.0,4613.0
2026-07-09 09:00:00+09:00,9980.0,10070.0,9880.0,9900.0,13753.0
2026-07-09 09:05:00+09:00,9890.0,10020.0,9880.0,9880.0,5958.0
2026-07-09 09:10:00+09:00,9890.0,9900.0,9780.0,9800.0,9687.0
2026-07-09 09:15:00+09:00,9810.0,9950.0,9760.0,9850.0,5895.0
2026-07-09 09:20:00+09:00,9840.0,9950.0,9840.0,9920.0,4212.0
2026-07-09 09:25:00+09:00,9930.0,9990.0,9930.0,9960.0,4413.0
2026-07-09 09:30:00+09:00,9960.0,10060.0,9940.0,10040.0,6511.0
2026-07-09 09:35:00+09:00,10050.0,10050.0,9990.0,10040.0,7423.0
2026-07-09 09:40:00+09:00,10040.0,10100.0,10010.0,10090.0,8139.0
2026-07-09 09:45:00+09:00,10080.0,10160.0,10070.0,10110.0,7182.0
2026-07-09 09:50:00+09:00,10100.0,10140.0,10030.0,10070.0,5279.0
2026-07-09 09:55:00+09:00,10070.0,10110.0,10030.0,10110.0,7127.0
2026-07-09 10:00:00+09:00,10110.0,10230.0,10090.0,10210.0,6756.0
2026-07-09 10:05:00+09:00,10190.0,10230.0,10160.0,10220.0,3801.0
2026-07-09 10:10:00+09:00,10220.0,10280.0,10200.0,10250.0,4110.0
2026-07-09 10:15:00+09:00,10250.0,10250.0,10190.0,10220.0,3820.0
2026-07-09 10:20:00+09:00,10230.0,10270.0,10230.0,10250.0,2565.0
2026-07-09 10:25:00+09:00,10250.0,10260.0,10210.0,10240.0,2476.0
2026-07-09 10:30:00+09:00,10230.0,10240.0,10170.0,10210.0,3686.0
2026-07-09 10:35:00+09:00,10210.0,10250.0,10130.0,10160.0,5029.0
2026-07-09 10:40:00+09:00,10160.0,10230.0,10160.0,10230.0,1786.0
2026-07-09 10:45:00+09:00,10190.0,10250.0,10140.0,10190.0,16797.0
2026-07-09 10:50:00+09:00,10200.0,10220.0,10090.0,10100.0,2122.0
2026-07-09 10:55:00+09:00,10160.0,10180.0,10070.0,10110.0,5395.0
2026-07-09 11:00:00+09:00,10110.0,10130.0,10030.0,10080.0,4466.0
2026-07-09 11:05:00+09:00,10060.0,10120.0,10050.0,10100.0,8738.0
2026-07-09 11:10:00+09:00,10100.0,10100.0,10070.0,10080.0,947.0
2026-07-09 11:15:00+09:00,10080.0,10150.0,10070.0,10110.0,3231.0
2026-07-09 11:20:00+09:00,10110.0,10220.0,10110.0,10170.0,3471.0
2026-07-09 11:25:00+09:00,10180.0,10200.0,10150.0,10150.0,2328.0
2026-07-09 11:30:00+09:00,10150.0,10190.0,10100.0,10100.0,1779.0
2026-07-09 11:35:00+09:00,10090.0,10090.0,10010.0,10080.0,1606.0
2026-07-09 11:40:00+09:00,10050.0,10050.0,10000.0,10040.0,1148.0
2026-07-09 11:45:00+09:00,10010.0,10040.0,9980.0,9990.0,2645.0
2026-07-09 11:50:00+09:00,9990.0,9990.0,9920.0,9930.0,5530.0
2026-07-09 11:55:00+09:00,9930.0,9970.0,9930.0,9950.0,591.0
2026-07-09 12:00:00+09:00,9930.0,9950.0,9890.0,9900.0,2315.0
2026-07-09 12:05:00+09:00,9900.0,9990.0,9890.0,9960.0,3352.0
2026-07-09 12:10:00+09:00,9940.0,9940.0,9860.0,9870.0,3148.0
2026-07-09 12:15:00+09:00,9880.0,9940.0,9850.0,9870.0,2578.0
2026-07-09 12:20:00+09:00,9870.0,9970.0,9870.0,9960.0,3304.0
2026-07-09 12:25:00+09:00,9960.0,10010.0,9960.0,9980.0,1646.0
2026-07-09 12:30:00+09:00,9990.0,10060.0,9990.0,10060.0,2627.0
2026-07-09 12:35:00+09:00,10030.0,10080.0,10030.0,10040.0,472.0
2026-07-09 12:40:00+09:00,10040.0,10040.0,10020.0,10030.0,202.0
2026-07-09 12:45:00+09:00,10030.0,10060.0,10010.0,10030.0,2570.0
2026-07-09 12:50:00+09:00,10020.0,10060.0,10020.0,10060.0,1001.0
2026-07-09 12:55:00+09:00,10040.0,10040.0,10030.0,10040.0,97.0
2026-07-09 13:00:00+09:00,10040.0,10040.0,10030.0,10030.0,210.0
2026-07-09 13:05:00+09:00,10030.0,10060.0,10010.0,10020.0,902.0
2026-07-09 13:10:00+09:00,10020.0,10020.0,10000.0,10000.0,223.0
2026-07-09 13:15:00+09:00,10000.0,10000.0,9980.0,9980.0,455.0
2026-07-09 13:20:00+09:00,9980.0,9980.0,9920.0,9950.0,1662.0
2026-07-09 13:25:00+09:00,9930.0,9940.0,9910.0,9930.0,408.0
2026-07-09 13:30:00+09:00,9930.0,10000.0,9930.0,9990.0,523.0
2026-07-09 13:35:00+09:00,9990.0,9990.0,9960.0,9980.0,784.0
2026-07-09 13:40:00+09:00,9970.0,9980.0,9960.0,9960.0,722.0
2026-07-09 13:45:00+09:00,9970.0,9970.0,9920.0,9930.0,1702.0
2026-07-09 13:50:00+09:00,9930.0,9940.0,9920.0,9930.0,1564.0
2026-07-09 13:55:00+09:00,9940.0,9950.0,9910.0,9940.0,445.0
2026-07-09 14:00:00+09:00,9930.0,9940.0,9910.0,9910.0,2463.0
2026-07-09 14:05:00+09:00,9900.0,9910.0,9890.0,9890.0,1175.0
2026-07-09 14:10:00+09:00,9890.0,9950.0,9890.0,9930.0,5711.0
2026-07-09 14:15:00+09:00,9920.0,9920.0,9840.0,9850.0,2352.0
2026-07-09 14:20:00+09:00,9850.0,9880.0,9840.0,9870.0,866.0
2026-07-09 14:25:00+09:00,9860.0,9860.0,9820.0,9820.0,2817.0
2026-07-09 14:30:00+09:00,9830.0,9840.0,9790.0,9830.0,2654.0
2026-07-09 14:35:00+09:00,9840.0,9870.0,9840.0,9860.0,1992.0
2026-07-09 14:40:00+09:00,9860.0,9870.0,9790.0,9830.0,2609.0
2026-07-09 14:45:00+09:00,9830.0,9860.0,9760.0,9860.0,4832.0
2026-07-09 14:50:00+09:00,9860.0,9920.0,9860.0,9910.0,1686.0
2026-07-09 14:55:00+09:00,9920.0,9970.0,9920.0,9970.0,3144.0
2026-07-10 09:00:00+09:00,9930.0,10150.0,9840.0,9990.0,16408.0
2026-07-10 09:05:00+09:00,9990.0,10160.0,9980.0,10160.0,9172.0
2026-07-10 09:10:00+09:00,10150.0,10220.0,10110.0,10180.0,14120.0
2026-07-10 09:15:00+09:00,10170.0,10220.0,10070.0,10140.0,6264.0
2026-07-10 09:20:00+09:00,10130.0,10140.0,10010.0,10080.0,6369.0
2026-07-10 09:25:00+09:00,10060.0,10210.0,10040.0,10170.0,6709.0
2026-07-10 09:30:00+09:00,10170.0,10200.0,10060.0,10060.0,3091.0
2026-07-10 09:35:00+09:00,10070.0,10180.0,10070.0,10140.0,3787.0
2026-07-10 09:40:00+09:00,10140.0,10250.0,10140.0,10250.0,8507.0
2026-07-10 09:45:00+09:00,10250.0,10310.0,10240.0,10260.0,13127.0
2026-07-10 09:50:00+09:00,10250.0,10280.0,10200.0,10210.0,7090.0
2026-07-10 09:55:00+09:00,10205.0,10260.0,10170.0,10180.0,1387.0
2026-07-10 10:00:00+09:00,10170.0,10250.0,10160.0,10210.0,3328.0
2026-07-10 10:05:00+09:00,10210.0,10220.0,10160.0,10160.0,2200.0
2026-07-10 10:10:00+09:00,10170.0,10240.0,10150.0,10190.0,16908.0
2026-07-10 10:15:00+09:00,10200.0,10280.0,10170.0,10250.0,7454.0
2026-07-10 10:20:00+09:00,10250.0,10250.0,10150.0,10160.0,2417.0
2026-07-10 10:25:00+09:00,10170.0,10230.0,10160.0,10200.0,1305.0
2026-07-10 10:30:00+09:00,10200.0,10220.0,10140.0,10160.0,2480.0
2026-07-10 10:35:00+09:00,10200.0,10210.0,10150.0,10160.0,2481.0
2026-07-10 10:40:00+09:00,10160.0,10240.0,10160.0,10240.0,3436.0
2026-07-10 10:45:00+09:00,10240.0,10300.0,10220.0,10300.0,1921.0
2026-07-10 10:50:00+09:00,10300.0,10300.0,10210.0,10240.0,1896.0
2026-07-10 10:55:00+09:00,10250.0,10270.0,10220.0,10220.0,648.0
2026-07-10 11:00:00+09:00,10230.0,10230.0,10180.0,10200.0,1974.0
2026-07-10 11:05:00+09:00,10200.0,10270.0,10200.0,10210.0,1409.0
2026-07-10 11:10:00+09:00,10210.0,10210.0,10140.0,10140.0,998.0
2026-07-10 11:15:00+09:00,10140.0,10220.0,10140.0,10200.0,1309.0
2026-07-10 11:20:00+09:00,10200.0,10270.0,10200.0,10220.0,2248.0
2026-07-10 11:25:00+09:00,10220.0,10260.0,10210.0,10230.0,2087.0
2026-07-10 11:30:00+09:00,10230.0,10290.0,10230.0,10280.0,5152.0
2026-07-10 11:35:00+09:00,10290.0,10310.0,10270.0,10310.0,3606.0
2026-07-10 11:40:00+09:00,10290.0,10330.0,10290.0,10330.0,2627.0
2026-07-10 11:45:00+09:00,10335.0,10360.0,10330.0,10340.0,1931.0
2026-07-10 11:50:00+09:00,10340.0,10370.0,10340.0,10340.0,1463.0
2026-07-10 11:55:00+09:00,10350.0,10350.0,10320.0,10350.0,1859.0
2026-07-10 12:00:00+09:00,10340.0,10360.0,10340.0,10350.0,2585.0
2026-07-10 12:05:00+09:00,10350.0,10390.0,10350.0,10360.0,2974.0
2026-07-10 12:10:00+09:00,10390.0,10420.0,10370.0,10420.0,1264.0
2026-07-10 12:15:00+09:00,10400.0,10420.0,10390.0,10420.0,1875.0
2026-07-10 12:20:00+09:00,10400.0,10400.0,10380.0,10380.0,1367.0
2026-07-10 12:25:00+09:00,10380.0,10380.0,10360.0,10380.0,939.0
2026-07-10 12:30:00+09:00,10380.0,10400.0,10350.0,10360.0,4871.0
2026-07-10 12:35:00+09:00,10390.0,10420.0,10370.0,10420.0,2341.0
2026-07-10 12:40:00+09:00,10410.0,10410.0,10380.0,10380.0,1565.0
2026-07-10 12:45:00+09:00,10370.0,10400.0,10340.0,10350.0,3638.0
2026-07-10 12:50:00+09:00,10370.0,10400.0,10320.0,10370.0,10134.0
2026-07-10 12:55:00+09:00,10370.0,10410.0,10200.0,10360.0,18125.0
2026-07-10 13:00:00+09:00,10360.0,10430.0,10330.0,10430.0,5274.0
2026-07-10 13:05:00+09:00,10430.0,10430.0,10400.0,10400.0,1234.0
2026-07-10 13:10:00+09:00,10410.0,10430.0,10390.0,10410.0,7576.0
2026-07-10 13:15:00+09:00,10400.0,10400.0,10340.0,10400.0,3240.0
2026-07-10 13:20:00+09:00,10400.0,10400.0,10360.0,10370.0,775.0
2026-07-10 13:25:00+09:00,10360.0,10370.0,10310.0,10340.0,1716.0
2026-07-10 13:30:00+09:00,10340.0,10340.0,10320.0,10340.0,508.0
2026-07-10 13:35:00+09:00,10340.0,10340.0,10300.0,10320.0,1632.0
2026-07-10 13:40:00+09:00,10320.0,10320.0,10240.0,10270.0,3051.0
2026-07-10 13:45:00+09:00,10290.0,10330.0,10250.0,10270.0,5694.0
2026-07-10 13:50:00+09:00,10270.0,10290.0,10260.0,10280.0,952.0
2026-07-10 13:55:00+09:00,10290.0,10310.0,10280.0,10290.0,1398.0
2026-07-10 14:00:00+09:00,10300.0,10320.0,10270.0,10280.0,1533.0
2026-07-10 14:05:00+09:00,10280.0,10300.0,10280.0,10280.0,527.0
2026-07-10 14:10:00+09:00,10280.0,10310.0,10280.0,10310.0,3072.0
2026-07-10 14:15:00+09:00,10300.0,10300.0,10280.0,10290.0,883.0
2026-07-10 14:20:00+09:00,10290.0,10300.0,10280.0,10300.0,553.0
2026-07-10 14:25:00+09:00,10300.0,10310.0,10270.0,10300.0,772.0
2026-07-10 14:30:00+09:00,10290.0,10310.0,10280.0,10310.0,770.0
2026-07-10 14:35:00+09:00,10310.0,10320.0,10250.0,10280.0,3405.0
2026-07-10 14:40:00+09:00,10280.0,10280.0,10250.0,10280.0,1981.0
2026-07-10 14:45:00+09:00,10280.0,10380.0,10270.0,10360.0,3421.0
2026-07-10 14:50:00+09:00,10360.0,10360.0,10330.0,10330.0,2304.0
2026-07-10 14:55:00+09:00,10330.0,10360.0,10330.0,10350.0,2277.0
2026-07-13 09:00:00+09:00,10250.0,10510.0,10180.0,10410.0,0.0
2026-07-13 09:05:00+09:00,10410.0,10500.0,10390.0,10420.0,4428.0
2026-07-13 09:10:00+09:00,10420.0,10470.0,10340.0,10350.0,9799.0
2026-07-13 09:15:00+09:00,10360.0,10440.0,10320.0,10330.0,7512.0
2026-07-13 09:20:00+09:00,10330.0,10330.0,10260.0,10290.0,3192.0
2026-07-13 09:25:00+09:00,10290.0,10330.0,10260.0,10300.0,4929.0
2026-07-13 09:30:00+09:00,10290.0,10320.0,10190.0,10200.0,5842.0
2026-07-13 09:35:00+09:00,10200.0,10290.0,10180.0,10200.0,2618.0
2026-07-13 09:40:00+09:00,10200.0,10300.0,10180.0,10270.0,4152.0
2026-07-13 09:45:00+09:00,10270.0,10310.0,10230.0,10240.0,6606.0
2026-07-13 09:50:00+09:00,10210.0,10280.0,10190.0,10210.0,2817.0
2026-07-13 09:55:00+09:00,10190.0,10270.0,10150.0,10190.0,8870.0
2026-07-13 10:00:00+09:00,10190.0,10210.0,10110.0,10110.0,3582.0
2026-07-13 10:05:00+09:00,10110.0,10140.0,10090.0,10140.0,6206.0
2026-07-13 10:10:00+09:00,10140.0,10230.0,10100.0,10210.0,5550.0
2026-07-13 10:15:00+09:00,10200.0,10220.0,10130.0,10130.0,1621.0
2026-07-13 10:20:00+09:00,10130.0,10130.0,10020.0,10030.0,9282.0
2026-07-13 10:25:00+09:00,10020.0,10080.0,10010.0,10040.0,3624.0
2026-07-13 10:30:00+09:00,10040.0,10040.0,10000.0,10010.0,2779.0
2026-07-13 10:35:00+09:00,10010.0,10120.0,10010.0,10110.0,2048.0
2026-07-13 10:40:00+09:00,10090.0,10100.0,10010.0,10020.0,5259.0
2026-07-13 10:45:00+09:00,10020.0,10020.0,9950.0,9970.0,4300.0
2026-07-13 10:50:00+09:00,9970.0,9970.0,9900.0,9910.0,3157.0
2026-07-13 10:55:00+09:00,9900.0,9910.0,9900.0,9910.0,6103.0
2026-07-13 11:00:00+09:00,9900.0,9910.0,9860.0,9860.0,4881.0
2026-07-13 11:05:00+09:00,9860.0,9870.0,9840.0,9850.0,5211.0
2026-07-13 11:10:00+09:00,9850.0,9900.0,9850.0,9900.0,6562.0
2026-07-13 11:15:00+09:00,9900.0,9920.0,9900.0,9920.0,1905.0
2026-07-13 11:20:00+09:00,9930.0,9950.0,9910.0,9940.0,2510.0
2026-07-13 11:25:00+09:00,9940.0,9970.0,9930.0,9970.0,2105.0
2026-07-13 11:30:00+09:00,9970.0,9970.0,9900.0,9930.0,1993.0
2026-07-13 11:35:00+09:00,9930.0,9940.0,9890.0,9920.0,2678.0
2026-07-13 11:40:00+09:00,9920.0,9940.0,9900.0,9940.0,1579.0
2026-07-13 11:45:00+09:00,9940.0,9940.0,9870.0,9900.0,1596.0
2026-07-13 11:50:00+09:00,9910.0,9930.0,9880.0,9890.0,2092.0
2026-07-13 11:55:00+09:00,9880.0,9910.0,9860.0,9870.0,2628.0
2026-07-13 12:00:00+09:00,9870.0,9880.0,9850.0,9850.0,3638.0
2026-07-13 12:05:00+09:00,9850.0,9850.0,9820.0,9830.0,3784.0
2026-07-13 12:10:00+09:00,9830.0,9850.0,9800.0,9830.0,3977.0
2026-07-13 12:15:00+09:00,9830.0,9840.0,9810.0,9840.0,470.0
2026-07-13 12:20:00+09:00,9840.0,9900.0,9820.0,9850.0,3491.0
2026-07-13 12:25:00+09:00,9840.0,9860.0,9810.0,9850.0,4280.0
2026-07-13 12:30:00+09:00,9850.0,9850.0,9770.0,9800.0,7086.0
2026-07-13 12:35:00+09:00,9780.0,9840.0,9760.0,9800.0,4365.0
2026-07-13 12:40:00+09:00,9800.0,9860.0,9800.0,9840.0,2741.0
2026-07-13 12:45:00+09:00,9830.0,9900.0,9830.0,9890.0,2245.0
2026-07-13 12:50:00+09:00,9890.0,9900.0,9860.0,9860.0,1508.0
2026-07-13 12:55:00+09:00,9860.0,9880.0,9830.0,9860.0,2191.0
2026-07-13 13:00:00+09:00,9860.0,9870.0,9800.0,9810.0,4671.0
2026-07-13 13:05:00+09:00,9810.0,9820.0,9780.0,9780.0,1819.0
2026-07-13 13:10:00+09:00,9780.0,9780.0,9740.0,9740.0,6694.0
2026-07-13 13:15:00+09:00,9740.0,9760.0,9720.0,9740.0,4559.0
2026-07-13 13:20:00+09:00,9740.0,9780.0,9730.0,9770.0,5125.0
2026-07-13 13:25:00+09:00,9770.0,9780.0,9680.0,9710.0,16023.0
2026-07-13 13:30:00+09:00,9710.0,9740.0,9710.0,9720.0,1186.0
2026-07-13 13:35:00+09:00,9730.0,9730.0,9720.0,9720.0,1591.0
2026-07-13 13:40:00+09:00,9720.0,9730.0,9710.0,9710.0,2116.0
2026-07-13 13:45:00+09:00,9720.0,9720.0,9700.0,9710.0,2632.0
2026-07-13 13:50:00+09:00,9710.0,9720.0,9700.0,9710.0,1811.0
2026-07-13 13:55:00+09:00,9700.0,9730.0,9690.0,9700.0,3561.0
2026-07-13 14:00:00+09:00,9700.0,9730.0,9690.0,9710.0,2280.0
2026-07-13 14:05:00+09:00,9710.0,9790.0,9700.0,9790.0,4625.0
2026-07-13 14:10:00+09:00,9780.0,9780.0,9740.0,9770.0,2898.0
2026-07-13 14:15:00+09:00,9770.0,9770.0,9710.0,9710.0,3788.0
2026-07-13 14:20:00+09:00,9710.0,9720.0,9670.0,9680.0,9468.0
2026-07-13 14:25:00+09:00,9680.0,9710.0,9660.0,9660.0,6772.0
2026-07-13 14:30:00+09:00,9650.0,9670.0,9630.0,9670.0,12776.0
2026-07-13 14:35:00+09:00,9670.0,9770.0,9670.0,9760.0,4826.0
2026-07-13 14:40:00+09:00,9760.0,9780.0,9740.0,9760.0,1953.0
2026-07-13 14:45:00+09:00,9760.0,9760.0,9700.0,9710.0,2452.0
2026-07-13 14:50:00+09:00,9720.0,9750.0,9670.0,9680.0,2545.0
2026-07-13 14:55:00+09:00,9680.0,9680.0,9660.0,9680.0,2154.0
2026-07-14 09:00:00+09:00,9800.0,9800.0,9490.0,9500.0,20830.0
2026-07-14 09:05:00+09:00,9490.0,9510.0,9440.0,9470.0,14163.0
2026-07-14 09:10:00+09:00,9470.0,9600.0,9450.0,9560.0,22348.0
2026-07-14 09:15:00+09:00,9530.0,9590.0,9500.0,9550.0,8472.0
2026-07-14 09:20:00+09:00,9550.0,9550.0,9450.0,9490.0,5209.0
2026-07-14 09:25:00+09:00,9480.0,9490.0,9410.0,9430.0,10881.0
2026-07-14 09:30:00+09:00,9430.0,9500.0,9430.0,9480.0,3028.0
2026-07-14 09:35:00+09:00,9480.0,9510.0,9450.0,9450.0,2258.0
2026-07-14 09:40:00+09:00,9460.0,9460.0,9390.0,9400.0,11343.0
2026-07-14 09:45:00+09:00,9400.0,9490.0,9380.0,9490.0,7594.0
2026-07-14 09:50:00+09:00,9480.0,9550.0,9470.0,9530.0,3223.0
2026-07-14 09:55:00+09:00,9530.0,9600.0,9530.0,9545.0,5400.0
2026-07-14 10:00:00+09:00,9560.0,9570.0,9510.0,9550.0,2094.0
2026-07-14 10:05:00+09:00,9540.0,9540.0,9440.0,9480.0,4158.0
2026-07-14 10:10:00+09:00,9480.0,9540.0,9420.0,9430.0,9094.0
2026-07-14 10:15:00+09:00,9430.0,9490.0,9420.0,9490.0,1807.0
2026-07-14 10:20:00+09:00,9490.0,9510.0,9430.0,9470.0,4208.0
2026-07-14 10:25:00+09:00,9470.0,9530.0,9450.0,9500.0,3810.0
2026-07-14 10:30:00+09:00,9500.0,9500.0,9420.0,9430.0,4522.0
2026-07-14 10:35:00+09:00,9420.0,9430.0,9370.0,9400.0,9022.0
2026-07-14 10:40:00+09:00,9400.0,9410.0,9380.0,9410.0,3123.0
2026-07-14 10:45:00+09:00,9390.0,9400.0,9370.0,9390.0,2959.0
2026-07-14 10:50:00+09:00,9390.0,9390.0,9350.0,9360.0,6481.0
2026-07-14 10:55:00+09:00,9360.0,9360.0,9310.0,9310.0,7239.0
2026-07-14 11:00:00+09:00,9310.0,9340.0,9300.0,9320.0,6108.0
2026-07-14 11:05:00+09:00,9330.0,9340.0,9290.0,9300.0,6313.0
2026-07-14 11:10:00+09:00,9310.0,9310.0,9230.0,9240.0,9426.0
2026-07-14 11:15:00+09:00,9240.0,9270.0,9200.0,9240.0,9102.0
2026-07-14 11:20:00+09:00,9240.0,9250.0,9190.0,9230.0,7567.0
2026-07-14 11:25:00+09:00,9210.0,9240.0,9200.0,9240.0,3042.0
2026-07-14 11:30:00+09:00,9230.0,9230.0,9180.0,9180.0,3597.0
2026-07-14 11:35:00+09:00,9190.0,9280.0,9170.0,9250.0,14742.0
2026-07-14 11:40:00+09:00,9280.0,9320.0,9240.0,9310.0,15069.0
2026-07-14 11:45:00+09:00,9310.0,9330.0,9270.0,9300.0,4896.0
2026-07-14 11:50:00+09:00,9300.0,9300.0,9190.0,9200.0,3583.0
2026-07-14 11:55:00+09:00,9200.0,9230.0,9180.0,9210.0,2583.0
2026-07-14 12:00:00+09:00,9210.0,9210.0,9160.0,9180.0,7817.0
2026-07-14 12:05:00+09:00,9180.0,9230.0,9150.0,9150.0,6436.0
2026-07-14 12:10:00+09:00,9150.0,9180.0,9080.0,9080.0,7518.0
2026-07-14 12:15:00+09:00,9080.0,9120.0,9030.0,9120.0,9182.0
2026-07-14 12:20:00+09:00,9100.0,9100.0,9020.0,9050.0,5630.0
2026-07-14 12:25:00+09:00,9050.0,9080.0,9020.0,9080.0,6360.0
2026-07-14 12:30:00+09:00,9070.0,9140.0,9070.0,9130.0,2361.0
2026-07-14 12:35:00+09:00,9130.0,9150.0,9120.0,9140.0,2409.0
2026-07-14 12:40:00+09:00,9130.0,9180.0,9100.0,9120.0,6971.0
2026-07-14 12:45:00+09:00,9130.0,9200.0,9130.0,9180.0,2782.0
2026-07-14 12:50:00+09:00,9180.0,9240.0,9170.0,9220.0,4849.0
2026-07-14 12:55:00+09:00,9210.0,9210.0,9160.0,9180.0,2086.0
2026-07-14 13:00:00+09:00,9180.0,9200.0,9180.0,9180.0,2320.0
2026-07-14 13:05:00+09:00,9180.0,9180.0,9080.0,9110.0,3273.0
2026-07-14 13:10:00+09:00,9110.0,9110.0,9060.0,9070.0,957.0
2026-07-14 13:15:00+09:00,9070.0,9090.0,9070.0,9070.0,789.0
2026-07-14 13:20:00+09:00,9080.0,9130.0,9070.0,9130.0,1471.0
2026-07-14 13:25:00+09:00,9120.0,9150.0,9110.0,9140.0,2566.0
2026-07-14 13:30:00+09:00,9140.0,9150.0,9110.0,9140.0,2234.0
2026-07-14 13:35:00+09:00,9150.0,9220.0,9150.0,9200.0,2514.0
2026-07-14 13:40:00+09:00,9190.0,9200.0,9180.0,9190.0,896.0
2026-07-14 13:45:00+09:00,9190.0,9230.0,9140.0,9180.0,10492.0
2026-07-14 13:50:00+09:00,9190.0,9240.0,9170.0,9190.0,7040.0
2026-07-14 13:55:00+09:00,9190.0,9200.0,9170.0,9190.0,1276.0
2026-07-14 14:00:00+09:00,9190.0,9210.0,9180.0,9190.0,3087.0
2026-07-14 14:05:00+09:00,9190.0,9200.0,9180.0,9200.0,3240.0
2026-07-14 14:10:00+09:00,9220.0,9220.0,9180.0,9190.0,3448.0
2026-07-14 14:15:00+09:00,9190.0,9230.0,9190.0,9200.0,1480.0
2026-07-14 14:20:00+09:00,9200.0,9210.0,9180.0,9200.0,5259.0
2026-07-14 14:25:00+09:00,9200.0,9230.0,9190.0,9220.0,2755.0
2026-07-14 14:30:00+09:00,9220.0,9240.0,9200.0,9200.0,5672.0
2026-07-14 14:35:00+09:00,9190.0,9200.0,9140.0,9200.0,18681.0
2026-07-14 14:40:00+09:00,9200.0,9200.0,9170.0,9190.0,3294.0
2026-07-14 14:45:00+09:00,9180.0,9210.0,9160.0,9190.0,2420.0
2026-07-14 14:50:00+09:00,9190.0,9210.0,9170.0,9200.0,3691.0
2026-07-14 14:55:00+09:00,9180.0,9200.0,9170.0,9180.0,1702.0
2026-07-15 09:00:00+09:00,9230.0,9620.0,9220.0,9620.0,12020.0
2026-07-15 09:05:00+09:00,9630.0,9670.0,9480.0,9500.0,10617.0
2026-07-15 09:10:00+09:00,9500.0,9600.0,9500.0,9530.0,7798.0
2026-07-15 09:15:00+09:00,9510.0,9560.0,9410.0,9450.0,2809.0
2026-07-15 09:20:00+09:00,9450.0,9490.0,9400.0,9440.0,7183.0
2026-07-15 09:25:00+09:00,9440.0,9480.0,9400.0,9410.0,1955.0
2026-07-15 09:30:00+09:00,9410.0,9550.0,9410.0,9550.0,4447.0
2026-07-15 09:35:00+09:00,9550.0,9560.0,9470.0,9490.0,3668.0
2026-07-15 09:40:00+09:00,9490.0,9540.0,9490.0,9530.0,2317.0
2026-07-15 09:45:00+09:00,9530.0,9590.0,9510.0,9580.0,2377.0
2026-07-15 09:50:00+09:00,9570.0,9570.0,9520.0,9560.0,1140.0
2026-07-15 09:55:00+09:00,9540.0,9580.0,9540.0,9560.0,1104.0
2026-07-15 10:00:00+09:00,9560.0,9560.0,9470.0,9490.0,2896.0
2026-07-15 10:05:00+09:00,9490.0,9490.0,9440.0,9450.0,1716.0
2026-07-15 10:10:00+09:00,9470.0,9490.0,9430.0,9480.0,3084.0
2026-07-15 10:15:00+09:00,9460.0,9520.0,9440.0,9490.0,1759.0
2026-07-15 10:20:00+09:00,9510.0,9520.0,9470.0,9480.0,1272.0
2026-07-15 10:25:00+09:00,9480.0,9500.0,9480.0,9500.0,451.0
2026-07-15 10:30:00+09:00,9480.0,9520.0,9480.0,9480.0,1457.0
2026-07-15 10:35:00+09:00,9480.0,9500.0,9470.0,9500.0,632.0
2026-07-15 10:40:00+09:00,9490.0,9500.0,9410.0,9420.0,2272.0
2026-07-15 10:45:00+09:00,9420.0,9460.0,9410.0,9440.0,833.0
2026-07-15 10:50:00+09:00,9430.0,9460.0,9400.0,9460.0,1149.0
2026-07-15 10:55:00+09:00,9460.0,9530.0,9460.0,9530.0,2140.0
2026-07-15 11:00:00+09:00,9530.0,9550.0,9510.0,9520.0,1540.0
2026-07-15 11:05:00+09:00,9520.0,9520.0,9490.0,9510.0,501.0
2026-07-15 11:10:00+09:00,9510.0,9510.0,9480.0,9480.0,738.0
2026-07-15 11:15:00+09:00,9480.0,9490.0,9460.0,9480.0,526.0
2026-07-15 11:20:00+09:00,9480.0,9480.0,9420.0,9420.0,480.0
2026-07-15 11:25:00+09:00,9420.0,9460.0,9420.0,9450.0,1558.0
2026-07-15 11:30:00+09:00,9450.0,9490.0,9410.0,9490.0,11814.0
2026-07-15 11:35:00+09:00,9490.0,9500.0,9470.0,9490.0,1271.0
2026-07-15 11:40:00+09:00,9490.0,9490.0,9470.0,9490.0,1321.0
2026-07-15 11:45:00+09:00,9470.0,9490.0,9470.0,9470.0,484.0
2026-07-15 11:50:00+09:00,9470.0,9480.0,9450.0,9450.0,573.0
2026-07-15 11:55:00+09:00,9440.0,9470.0,9440.0,9460.0,1086.0
2026-07-15 12:00:00+09:00,9460.0,9460.0,9430.0,9430.0,319.0
2026-07-15 12:05:00+09:00,9450.0,9480.0,9450.0,9460.0,975.0
2026-07-15 12:10:00+09:00,9480.0,9480.0,9440.0,9460.0,3860.0
2026-07-15 12:15:00+09:00,9440.0,9470.0,9440.0,9470.0,751.0
2026-07-15 12:20:00+09:00,9450.0,9470.0,9450.0,9470.0,404.0
2026-07-15 12:25:00+09:00,9470.0,9510.0,9470.0,9490.0,2229.0
2026-07-15 12:30:00+09:00,9500.0,9500.0,9470.0,9500.0,517.0
2026-07-15 12:35:00+09:00,9470.0,9490.0,9460.0,9490.0,423.0
2026-07-15 12:40:00+09:00,9480.0,9500.0,9460.0,9500.0,820.0
2026-07-15 12:45:00+09:00,9490.0,9500.0,9490.0,9490.0,880.0
2026-07-15 12:50:00+09:00,9490.0,9500.0,9490.0,9500.0,917.0
2026-07-15 12:55:00+09:00,9490.0,9500.0,9470.0,9490.0,1047.0
2026-07-15 13:00:00+09:00,9490.0,9490.0,9440.0,9440.0,2942.0
2026-07-15 13:05:00+09:00,9440.0,9460.0,9400.0,9420.0,3723.0
2026-07-15 13:10:00+09:00,9420.0,9420.0,9380.0,9380.0,2776.0
2026-07-15 13:15:00+09:00,9380.0,9410.0,9350.0,9360.0,1838.0
2026-07-15 13:20:00+09:00,9360.0,9390.0,9350.0,9360.0,3037.0
2026-07-15 13:25:00+09:00,9360.0,9390.0,9350.0,9360.0,5019.0
2026-07-15 13:30:00+09:00,9350.0,9400.0,9350.0,9350.0,4399.0
2026-07-15 13:35:00+09:00,9340.0,9360.0,9330.0,9360.0,2176.0
2026-07-15 13:40:00+09:00,9360.0,9400.0,9350.0,9390.0,4793.0
2026-07-15 13:45:00+09:00,9390.0,9440.0,9390.0,9430.0,3441.0
2026-07-15 13:50:00+09:00,9430.0,9430.0,9390.0,9420.0,2255.0
2026-07-15 13:55:00+09:00,9400.0,9440.0,9390.0,9400.0,6074.0
2026-07-15 14:00:00+09:00,9400.0,9430.0,9380.0,9400.0,2185.0
2026-07-15 14:05:00+09:00,9390.0,9410.0,9350.0,9370.0,8190.0
2026-07-15 14:10:00+09:00,9380.0,9390.0,9340.0,9380.0,3669.0
2026-07-15 14:15:00+09:00,9370.0,9390.0,9350.0,9360.0,2280.0
2026-07-15 14:20:00+09:00,9390.0,9400.0,9360.0,9400.0,2668.0
2026-07-15 14:25:00+09:00,9360.0,9400.0,9350.0,9360.0,3513.0
2026-07-15 14:30:00+09:00,9360.0,9370.0,9330.0,9330.0,6020.0
2026-07-15 14:35:00+09:00,9340.0,9370.0,9330.0,9360.0,2534.0
2026-07-15 14:40:00+09:00,9350.0,9390.0,9340.0,9390.0,3810.0
2026-07-15 14:45:00+09:00,9370.0,9430.0,9370.0,9430.0,3628.0
2026-07-15 14:50:00+09:00,9430.0,9480.0,9400.0,9470.0,3715.0
2026-07-15 14:55:00+09:00,9430.0,9510.0,9430.0,9510.0,3044.0
2026-07-16 09:00:00+09:00,9490.0,9530.0,9340.0,9520.0,14014.0
2026-07-16 09:05:00+09:00,9520.0,9520.0,9400.0,9430.0,3269.0
2026-07-16 09:10:00+09:00,9430.0,9570.0,9390.0,9550.0,3153.0
2026-07-16 09:15:00+09:00,9550.0,9550.0,9440.0,9450.0,4703.0
2026-07-16 09:20:00+09:00,9450.0,9520.0,9430.0,9480.0,5142.0
2026-07-16 09:25:00+09:00,9480.0,9510.0,9450.0,9470.0,2828.0
2026-07-16 09:30:00+09:00,9470.0,9510.0,9410.0,9480.0,3960.0
2026-07-16 09:35:00+09:00,9480.0,9510.0,9440.0,9470.0,2106.0
2026-07-16 09:40:00+09:00,9470.0,9490.0,9410.0,9470.0,1517.0
2026-07-16 09:45:00+09:00,9420.0,9460.0,9390.0,9400.0,3158.0
2026-07-16 09:50:00+09:00,9400.0,9440.0,9390.0,9420.0,2087.0
2026-07-16 09:55:00+09:00,9400.0,9420.0,9310.0,9320.0,7720.0
2026-07-16 10:00:00+09:00,9320.0,9350.0,9290.0,9300.0,4553.0
2026-07-16 10:05:00+09:00,9300.0,9300.0,9250.0,9260.0,3443.0
2026-07-16 10:10:00+09:00,9260.0,9260.0,9220.0,9230.0,1829.0
2026-07-16 10:15:00+09:00,9220.0,9230.0,9190.0,9190.0,2967.0
2026-07-16 10:20:00+09:00,9190.0,9320.0,9150.0,9150.0,10443.0
2026-07-16 10:25:00+09:00,9160.0,9190.0,9120.0,9190.0,7892.0
2026-07-16 10:30:00+09:00,9190.0,9230.0,9160.0,9190.0,1492.0
2026-07-16 10:35:00+09:00,9190.0,9230.0,9150.0,9190.0,2154.0
2026-07-16 10:40:00+09:00,9200.0,9220.0,9170.0,9200.0,1527.0
2026-07-16 10:45:00+09:00,9210.0,9210.0,9180.0,9190.0,714.0
2026-07-16 10:50:00+09:00,9200.0,9210.0,9170.0,9180.0,3912.0
2026-07-16 10:55:00+09:00,9180.0,9200.0,9150.0,9160.0,4084.0
2026-07-16 11:00:00+09:00,9150.0,9150.0,9050.0,9060.0,8629.0
2026-07-16 11:05:00+09:00,9060.0,9070.0,9050.0,9060.0,2939.0
2026-07-16 11:10:00+09:00,9060.0,9060.0,9050.0,9050.0,7682.0
2026-07-16 11:15:00+09:00,9050.0,9140.0,9030.0,9080.0,9463.0
2026-07-16 11:20:00+09:00,9080.0,9100.0,9060.0,9090.0,3180.0
2026-07-16 11:25:00+09:00,9090.0,9170.0,9090.0,9170.0,2112.0
2026-07-16 11:30:00+09:00,9170.0,9170.0,9120.0,9120.0,1191.0
2026-07-16 11:35:00+09:00,9120.0,9140.0,9110.0,9120.0,2485.0
2026-07-16 11:40:00+09:00,9120.0,9140.0,9100.0,9140.0,2579.0
2026-07-16 11:45:00+09:00,9140.0,9180.0,9120.0,9180.0,2016.0
2026-07-16 11:50:00+09:00,9180.0,9190.0,9160.0,9190.0,996.0
2026-07-16 11:55:00+09:00,9180.0,9200.0,9150.0,9170.0,2228.0
2026-07-16 12:00:00+09:00,9150.0,9150.0,9130.0,9150.0,629.0
2026-07-16 12:05:00+09:00,9140.0,9190.0,9130.0,9190.0,427.0
2026-07-16 12:10:00+09:00,9200.0,9200.0,9140.0,9180.0,1842.0
2026-07-16 12:15:00+09:00,9170.0,9170.0,9110.0,9110.0,3080.0
2026-07-16 12:20:00+09:00,9120.0,9130.0,9110.0,9130.0,1116.0
2026-07-16 12:25:00+09:00,9120.0,9120.0,9110.0,9120.0,1963.0
2026-07-16 12:30:00+09:00,9120.0,9180.0,9110.0,9180.0,700.0
2026-07-16 12:35:00+09:00,9140.0,9160.0,9130.0,9140.0,1611.0
2026-07-16 12:40:00+09:00,9140.0,9150.0,9120.0,9130.0,595.0
2026-07-16 12:45:00+09:00,9140.0,9140.0,9110.0,9120.0,3386.0
2026-07-16 12:50:00+09:00,9120.0,9130.0,9100.0,9130.0,1498.0
2026-07-16 12:55:00+09:00,9130.0,9150.0,9120.0,9120.0,1291.0
2026-07-16 13:00:00+09:00,9120.0,9120.0,9110.0,9110.0,1902.0
2026-07-16 13:05:00+09:00,9110.0,9120.0,9110.0,9110.0,424.0
2026-07-16 13:10:00+09:00,9110.0,9170.0,9110.0,9170.0,3843.0
2026-07-16 13:15:00+09:00,9130.0,9170.0,9120.0,9120.0,631.0
2026-07-16 13:20:00+09:00,9120.0,9150.0,9100.0,9130.0,2757.0
2026-07-16 13:25:00+09:00,9130.0,9130.0,9080.0,9080.0,2223.0
2026-07-16 13:30:00+09:00,9090.0,9110.0,9070.0,9100.0,2751.0
2026-07-16 13:35:00+09:00,9100.0,9110.0,9080.0,9090.0,1611.0
2026-07-16 13:40:00+09:00,9090.0,9110.0,9080.0,9110.0,1469.0
2026-07-16 13:45:00+09:00,9110.0,9110.0,9090.0,9100.0,1081.0
2026-07-16 13:50:00+09:00,9100.0,9130.0,9080.0,9090.0,2919.0
2026-07-16 13:55:00+09:00,9090.0,9130.0,9080.0,9100.0,644.0
2026-07-16 14:00:00+09:00,9090.0,9130.0,9090.0,9110.0,240.0
2026-07-16 14:05:00+09:00,9120.0,9130.0,9090.0,9120.0,589.0
2026-07-16 14:10:00+09:00,9100.0,9180.0,9100.0,9170.0,1245.0
2026-07-16 14:15:00+09:00,9190.0,9210.0,9170.0,9180.0,2469.0
2026-07-16 14:20:00+09:00,9180.0,9220.0,9180.0,9210.0,689.0
2026-07-16 14:25:00+09:00,9220.0,9240.0,9200.0,9210.0,1704.0
2026-07-16 14:30:00+09:00,9210.0,9230.0,9200.0,9210.0,1695.0
2026-07-16 14:35:00+09:00,9530.0,9530.0,9110.0,9120.0,4814.0
2026-07-16 14:40:00+09:00,9120.0,9120.0,9080.0,9090.0,5093.0
2026-07-16 14:45:00+09:00,9090.0,9090.0,9060.0,9070.0,4391.0
2026-07-16 14:50:00+09:00,9070.0,9070.0,9050.0,9060.0,6079.0
2026-07-16 14:55:00+09:00,9060.0,9070.0,9050.0,9070.0,5154.0
2026-07-20 09:00:00+09:00,8850.0,9020.0,8770.0,8810.0,0.0
2026-07-20 09:05:00+09:00,8820.0,8910.0,8780.0,8910.0,7292.0
2026-07-20 09:10:00+09:00,8910.0,8940.0,8890.0,8900.0,7186.0
2026-07-20 09:15:00+09:00,8910.0,8980.0,8900.0,8920.0,4591.0
2026-07-20 09:20:00+09:00,8940.0,8980.0,8940.0,8980.0,1406.0
2026-07-20 09:25:00+09:00,8980.0,8990.0,8940.0,8940.0,1117.0
2026-07-20 09:30:00+09:00,8960.0,8960.0,8920.0,8930.0,1198.0
2026-07-20 09:35:00+09:00,8930.0,9000.0,8920.0,8970.0,2160.0
2026-07-20 09:40:00+09:00,8980.0,9010.0,8970.0,8970.0,1747.0
2026-07-20 09:45:00+09:00,8970.0,8970.0,8900.0,8920.0,3454.0
2026-07-20 09:50:00+09:00,8920.0,8940.0,8860.0,8880.0,4555.0
2026-07-20 09:55:00+09:00,8870.0,8900.0,8840.0,8840.0,2001.0
2026-07-20 10:00:00+09:00,8850.0,8850.0,8800.0,8840.0,3788.0
2026-07-20 10:05:00+09:00,8840.0,8880.0,8830.0,8840.0,1240.0
2026-07-20 10:10:00+09:00,8840.0,8850.0,8790.0,8800.0,4773.0
2026-07-20 10:15:00+09:00,8800.0,8840.0,8790.0,8800.0,1738.0
2026-07-20 10:20:00+09:00,8800.0,8820.0,8790.0,8820.0,1410.0
2026-07-20 10:25:00+09:00,8820.0,8820.0,8770.0,8770.0,5793.0
2026-07-20 10:30:00+09:00,8770.0,8780.0,8740.0,8750.0,15763.0
2026-07-20 10:35:00+09:00,8740.0,8760.0,8730.0,8760.0,5051.0
2026-07-20 10:40:00+09:00,8760.0,8760.0,8710.0,8730.0,2558.0
2026-07-20 10:45:00+09:00,8730.0,8730.0,8710.0,8720.0,2545.0
2026-07-20 10:50:00+09:00,8720.0,8730.0,8690.0,8710.0,7946.0
2026-07-20 10:55:00+09:00,8710.0,8720.0,8670.0,8700.0,11705.0
2026-07-20 11:00:00+09:00,8700.0,8770.0,8700.0,8760.0,1233.0
2026-07-20 11:05:00+09:00,8750.0,8790.0,8750.0,8790.0,2149.0
2026-07-20 11:10:00+09:00,8790.0,8800.0,8760.0,8780.0,639.0
2026-07-20 11:15:00+09:00,8770.0,8780.0,8690.0,8700.0,2379.0
2026-07-20 11:20:00+09:00,8700.0,8700.0,8670.0,8680.0,3020.0
2026-07-20 11:25:00+09:00,8680.0,8690.0,8660.0,8670.0,5027.0
2026-07-20 11:30:00+09:00,8680.0,8740.0,8670.0,8740.0,2881.0
2026-07-20 11:35:00+09:00,8750.0,8750.0,8700.0,8710.0,1455.0
2026-07-20 11:40:00+09:00,8710.0,8740.0,8710.0,8740.0,2019.0
2026-07-20 11:45:00+09:00,8730.0,8760.0,8690.0,8760.0,2455.0
2026-07-20 11:50:00+09:00,8720.0,8760.0,8710.0,8740.0,5176.0
2026-07-20 11:55:00+09:00,8740.0,8750.0,8710.0,8740.0,2911.0
2026-07-20 12:00:00+09:00,8740.0,8760.0,8730.0,8750.0,507.0
2026-07-20 12:05:00+09:00,8730.0,8730.0,8710.0,8720.0,616.0
2026-07-20 12:10:00+09:00,8720.0,8750.0,8720.0,8750.0,1634.0
2026-07-20 12:15:00+09:00,8740.0,8750.0,8730.0,8730.0,505.0
2026-07-20 12:20:00+09:00,8720.0,8740.0,8710.0,8740.0,654.0
2026-07-20 12:25:00+09:00,8740.0,8740.0,8700.0,8730.0,4209.0
2026-07-20 12:30:00+09:00,8730.0,8740.0,8720.0,8720.0,413.0
2026-07-20 12:35:00+09:00,8720.0,8740.0,8720.0,8740.0,622.0
2026-07-20 12:40:00+09:00,8740.0,8750.0,8720.0,8750.0,756.0
2026-07-20 12:45:00+09:00,8740.0,8750.0,8730.0,8750.0,355.0
2026-07-20 12:50:00+09:00,8750.0,8790.0,8750.0,8790.0,1103.0
2026-07-20 12:55:00+09:00,8790.0,8800.0,8770.0,8780.0,674.0
2026-07-20 13:00:00+09:00,8780.0,8780.0,8730.0,8740.0,759.0
2026-07-20 13:05:00+09:00,8740.0,8740.0,8710.0,8720.0,2432.0
2026-07-20 13:10:00+09:00,8720.0,8720.0,8710.0,8720.0,149.0
2026-07-20 13:15:00+09:00,8710.0,8710.0,8690.0,8700.0,1983.0
2026-07-20 13:20:00+09:00,8700.0,8720.0,8690.0,8720.0,886.0
2026-07-20 13:25:00+09:00,8720.0,8720.0,8690.0,8720.0,1396.0
2026-07-20 13:30:00+09:00,8720.0,8760.0,8720.0,8750.0,1252.0
2026-07-20 13:35:00+09:00,8760.0,8790.0,8760.0,8780.0,484.0
2026-07-20 13:40:00+09:00,8780.0,8780.0,8760.0,8780.0,436.0
2026-07-20 13:45:00+09:00,8780.0,8810.0,8780.0,8810.0,1561.0
2026-07-20 13:50:00+09:00,8810.0,8820.0,8800.0,8810.0,821.0
2026-07-20 13:55:00+09:00,8800.0,8820.0,8800.0,8820.0,1116.0
2026-07-20 14:00:00+09:00,8820.0,8820.0,8760.0,8790.0,1425.0
2026-07-20 14:05:00+09:00,8760.0,8790.0,8760.0,8780.0,506.0
2026-07-20 14:10:00+09:00,8780.0,8780.0,8710.0,8750.0,3168.0
2026-07-20 14:15:00+09:00,8750.0,8770.0,8740.0,8770.0,678.0
2026-07-20 14:20:00+09:00,8770.0,8770.0,8750.0,8750.0,5894.0
2026-07-20 14:25:00+09:00,8750.0,8750.0,8730.0,8740.0,2254.0
2026-07-20 14:30:00+09:00,8740.0,8740.0,8700.0,8710.0,3288.0
2026-07-20 14:35:00+09:00,8710.0,8730.0,8680.0,8700.0,8747.0
2026-07-20 14:40:00+09:00,8700.0,8720.0,8690.0,8720.0,947.0
2026-07-20 14:45:00+09:00,8720.0,8720.0,8700.0,8720.0,3479.0
2026-07-20 14:50:00+09:00,8720.0,8720.0,8700.0,8700.0,1570.0
2026-07-20 14:55:00+09:00,8710.0,8740.0,8690.0,8720.0,2693.0
2026-07-21 09:00:00+09:00,8730.0,8750.0,8590.0,8640.0,13419.0
2026-07-21 09:05:00+09:00,8620.0,8640.0,8520.0,8530.0,5145.0
2026-07-21 09:10:00+09:00,8530.0,8550.0,8520.0,8540.0,2319.0
2026-07-21 09:15:00+09:00,8540.0,8540.0,8500.0,8540.0,4388.0
2026-07-21 09:20:00+09:00,8540.0,8540.0,8490.0,8500.0,6580.0
2026-07-21 09:25:00+09:00,8500.0,8560.0,8490.0,8550.0,1954.0
2026-07-21 09:30:00+09:00,8540.0,8560.0,8500.0,8510.0,6747.0
2026-07-21 09:35:00+09:00,8510.0,8520.0,8420.0,8480.0,14960.0
2026-07-21 09:40:00+09:00,8480.0,8510.0,8440.0,8510.0,5083.0
2026-07-21 09:45:00+09:00,8520.0,8540.0,8510.0,8520.0,2877.0
2026-07-21 09:50:00+09:00,8520.0,8520.0,8490.0,8510.0,3446.0
2026-07-21 09:55:00+09:00,8510.0,8520.0,8440.0,8440.0,5275.0
2026-07-21 10:00:00+09:00,8440.0,8490.0,8440.0,8490.0,1595.0
2026-07-21 10:05:00+09:00,8480.0,8650.0,8480.0,8630.0,5406.0
2026-07-21 10:10:00+09:00,8630.0,8650.0,8600.0,8600.0,4972.0
2026-07-21 10:15:00+09:00,8610.0,8620.0,8570.0,8580.0,3685.0
2026-07-21 10:20:00+09:00,8580.0,8580.0,8530.0,8570.0,4110.0
2026-07-21 10:25:00+09:00,8570.0,8570.0,8520.0,8530.0,3300.0
2026-07-21 10:30:00+09:00,8530.0,8610.0,8510.0,8610.0,2346.0
2026-07-21 10:35:00+09:00,8600.0,8610.0,8590.0,8590.0,1057.0
2026-07-21 10:40:00+09:00,8590.0,8590.0,8540.0,8540.0,1174.0
2026-07-21 10:45:00+09:00,8550.0,8550.0,8510.0,8550.0,1589.0
2026-07-21 10:50:00+09:00,8540.0,8540.0,8480.0,8490.0,2925.0
2026-07-21 10:55:00+09:00,8480.0,8500.0,8480.0,8490.0,2762.0
2026-07-21 11:00:00+09:00,8490.0,8530.0,8490.0,8510.0,1081.0
2026-07-21 11:05:00+09:00,8520.0,8550.0,8500.0,8520.0,2129.0
2026-07-21 11:10:00+09:00,8520.0,8520.0,8490.0,8500.0,819.0
2026-07-21 11:15:00+09:00,8500.0,8520.0,8500.0,8520.0,547.0
2026-07-21 11:20:00+09:00,8520.0,8520.0,8490.0,8520.0,1825.0
2026-07-21 11:25:00+09:00,8520.0,8530.0,8510.0,8530.0,304.0
2026-07-21 11:30:00+09:00,8520.0,8530.0,8520.0,8530.0,96.0
2026-07-21 11:35:00+09:00,8530.0,8550.0,8510.0,8530.0,633.0
2026-07-21 11:40:00+09:00,8530.0,8540.0,8520.0,8520.0,391.0
2026-07-21 11:45:00+09:00,8530.0,8550.0,8510.0,8550.0,443.0
2026-07-21 11:50:00+09:00,8540.0,8540.0,8510.0,8510.0,1531.0
2026-07-21 11:55:00+09:00,8520.0,8530.0,8520.0,8530.0,311.0
2026-07-21 12:00:00+09:00,8530.0,8660.0,8530.0,8610.0,3445.0
2026-07-21 12:05:00+09:00,8610.0,8690.0,8610.0,8670.0,5182.0
2026-07-21 12:10:00+09:00,8670.0,8730.0,8660.0,8690.0,4246.0
2026-07-21 12:15:00+09:00,8670.0,8710.0,8670.0,8670.0,1986.0
2026-07-21 12:20:00+09:00,8680.0,8700.0,8660.0,8670.0,2071.0
2026-07-21 12:25:00+09:00,8670.0,8720.0,8660.0,8670.0,1439.0
2026-07-21 12:30:00+09:00,8670.0,8690.0,8650.0,8670.0,1645.0
2026-07-21 12:35:00+09:00,8670.0,8690.0,8670.0,8680.0,1400.0
2026-07-21 12:40:00+09:00,8690.0,8740.0,8680.0,8700.0,7496.0
2026-07-21 12:45:00+09:00,8700.0,8770.0,8700.0,8730.0,5123.0
2026-07-21 12:50:00+09:00,8730.0,8780.0,8720.0,8730.0,5606.0
2026-07-21 12:55:00+09:00,8730.0,8760.0,8730.0,8750.0,1572.0
2026-07-21 13:00:00+09:00,8740.0,8780.0,8740.0,8770.0,1894.0
2026-07-21 13:05:00+09:00,8770.0,8770.0,8710.0,8710.0,2373.0
2026-07-21 13:10:00+09:00,8710.0,8730.0,8710.0,8730.0,723.0
2026-07-21 13:15:00+09:00,8740.0,8760.0,8730.0,8760.0,2730.0
2026-07-21 13:20:00+09:00,8740.0,8750.0,8710.0,8710.0,730.0
2026-07-21 13:25:00+09:00,8720.0,8730.0,8710.0,8710.0,1588.0
2026-07-21 13:30:00+09:00,8720.0,8720.0,8700.0,8710.0,1181.0
2026-07-21 13:35:00+09:00,8710.0,8710.0,8710.0,8710.0,1097.0
2026-07-21 13:40:00+09:00,8710.0,8730.0,8700.0,8700.0,3776.0
2026-07-21 13:45:00+09:00,8700.0,8740.0,8700.0,8730.0,381.0
2026-07-21 13:50:00+09:00,8740.0,8740.0,8700.0,8700.0,1064.0
2026-07-21 13:55:00+09:00,8700.0,8710.0,8680.0,8680.0,1664.0
2026-07-21 14:00:00+09:00,8680.0,8710.0,8660.0,8700.0,1587.0
2026-07-21 14:05:00+09:00,8690.0,8690.0,8680.0,8680.0,1376.0
2026-07-21 14:10:00+09:00,8680.0,8690.0,8670.0,8690.0,1433.0
2026-07-21 14:15:00+09:00,8680.0,8680.0,8560.0,8580.0,14100.0
2026-07-21 14:20:00+09:00,8580.0,8610.0,8550.0,8600.0,8643.0
2026-07-21 14:25:00+09:00,8600.0,8650.0,8580.0,8650.0,2786.0
2026-07-21 14:30:00+09:00,8650.0,8660.0,8650.0,8650.0,3413.0
2026-07-21 14:35:00+09:00,8660.0,8710.0,8650.0,8710.0,3246.0
2026-07-21 14:40:00+09:00,8710.0,8740.0,8710.0,8740.0,1905.0
2026-07-21 14:45:00+09:00,8750.0,8780.0,8730.0,8780.0,4275.0
2026-07-21 14:50:00+09:00,8770.0,8780.0,8730.0,8730.0,2234.0
2026-07-21 14:55:00+09:00,8740.0,8750.0,8720.0,8740.0,1986.0
2026-07-22 09:00:00+09:00,8920.0,9160.0,8920.0,8990.0,8787.0
2026-07-22 09:05:00+09:00,9010.0,9090.0,9010.0,9040.0,4188.0
2026-07-22 09:10:00+09:00,9030.0,9080.0,8990.0,8990.0,7026.0
2026-07-22 09:15:00+09:00,8990.0,9070.0,8980.0,9070.0,2261.0
2026-07-22 09:20:00+09:00,9070.0,9080.0,8970.0,8970.0,8784.0
2026-07-22 09:25:00+09:00,8970.0,8980.0,8940.0,8960.0,3512.0
2026-07-22 09:30:00+09:00,8960.0,8990.0,8930.0,8940.0,6348.0
2026-07-22 09:35:00+09:00,8930.0,8950.0,8880.0,8920.0,5828.0
2026-07-22 09:40:00+09:00,8910.0,8930.0,8890.0,8900.0,4847.0
2026-07-22 09:45:00+09:00,8900.0,8910.0,8820.0,8850.0,3444.0
2026-07-22 09:50:00+09:00,8850.0,8870.0,8820.0,8830.0,3853.0
2026-07-22 09:55:00+09:00,8810.0,8850.0,8790.0,8850.0,1822.0
2026-07-22 10:00:00+09:00,8850.0,8880.0,8830.0,8880.0,2073.0
2026-07-22 10:05:00+09:00,8890.0,8940.0,8890.0,8930.0,2202.0
2026-07-22 10:10:00+09:00,8930.0,8940.0,8830.0,8930.0,4212.0
2026-07-22 10:15:00+09:00,8930.0,8940.0,8900.0,8900.0,1578.0
2026-07-22 10:20:00+09:00,8910.0,8910.0,8860.0,8860.0,6712.0
2026-07-22 10:25:00+09:00,8870.0,8880.0,8860.0,8860.0,1090.0
2026-07-22 10:30:00+09:00,8860.0,8870.0,8850.0,8870.0,712.0
2026-07-22 10:35:00+09:00,8870.0,8880.0,8860.0,8870.0,1547.0
2026-07-22 10:40:00+09:00,8880.0,8880.0,8840.0,8850.0,3142.0
2026-07-22 10:45:00+09:00,8860.0,8900.0,8840.0,8900.0,3347.0
2026-07-22 10:50:00+09:00,8910.0,8920.0,8910.0,8910.0,1288.0
2026-07-22 10:55:00+09:00,8920.0,8920.0,8870.0,8880.0,2510.0
2026-07-22 11:00:00+09:00,8880.0,8890.0,8830.0,8850.0,3168.0
2026-07-22 11:05:00+09:00,8850.0,8940.0,8830.0,8860.0,1670.0
2026-07-22 11:10:00+09:00,8850.0,8850.0,8830.0,8850.0,1106.0
2026-07-22 11:15:00+09:00,8840.0,8850.0,8830.0,8850.0,1022.0
2026-07-22 11:20:00+09:00,8860.0,8860.0,8840.0,8850.0,1124.0
2026-07-22 11:25:00+09:00,8850.0,8890.0,8820.0,8840.0,3687.0
2026-07-22 11:30:00+09:00,8840.0,8840.0,8800.0,8800.0,2916.0
2026-07-22 11:35:00+09:00,8810.0,8820.0,8800.0,8810.0,2164.0
2026-07-22 11:40:00+09:00,8810.0,8820.0,8810.0,8810.0,4096.0
2026-07-22 11:45:00+09:00,8810.0,8820.0,8800.0,8810.0,3558.0
2026-07-22 11:50:00+09:00,8820.0,8820.0,8810.0,8810.0,158.0
2026-07-22 11:55:00+09:00,8800.0,8810.0,8780.0,8780.0,2456.0
2026-07-22 12:00:00+09:00,8790.0,8790.0,8740.0,8760.0,2847.0
2026-07-22 12:05:00+09:00,8760.0,8760.0,8760.0,8760.0,366.0
2026-07-22 12:10:00+09:00,8760.0,8770.0,8750.0,8760.0,293.0
2026-07-22 12:15:00+09:00,8750.0,8760.0,8750.0,8760.0,986.0
2026-07-22 12:20:00+09:00,8760.0,8780.0,8760.0,8780.0,277.0
2026-07-22 12:25:00+09:00,8780.0,8800.0,8770.0,8800.0,664.0
2026-07-22 12:30:00+09:00,8780.0,8810.0,8780.0,8780.0,777.0
2026-07-22 12:35:00+09:00,8780.0,8780.0,8780.0,8780.0,188.0
2026-07-22 12:40:00+09:00,8780.0,8790.0,8770.0,8790.0,1926.0
2026-07-22 12:45:00+09:00,8800.0,8840.0,8800.0,8840.0,828.0
2026-07-22 12:50:00+09:00,8840.0,8840.0,8820.0,8830.0,236.0
2026-07-22 12:55:00+09:00,8820.0,8820.0,8820.0,8820.0,351.0
2026-07-22 13:00:00+09:00,8810.0,8840.0,8800.0,8830.0,1458.0
2026-07-22 13:05:00+09:00,8840.0,8870.0,8840.0,8870.0,3192.0
2026-07-22 13:10:00+09:00,8870.0,8900.0,8870.0,8880.0,540.0
2026-07-22 13:15:00+09:00,8890.0,8890.0,8880.0,8880.0,182.0
2026-07-22 13:20:00+09:00,8880.0,8880.0,8870.0,8870.0,175.0
2026-07-22 13:25:00+09:00,8870.0,8910.0,8870.0,8890.0,1084.0
2026-07-22 13:30:00+09:00,8900.0,8900.0,8870.0,8900.0,751.0
2026-07-22 13:35:00+09:00,8890.0,8890.0,8850.0,8850.0,438.0
2026-07-22 13:40:00+09:00,8850.0,8860.0,8840.0,8840.0,979.0
2026-07-22 13:45:00+09:00,8840.0,8840.0,8820.0,8830.0,627.0
2026-07-22 13:50:00+09:00,8830.0,8830.0,8790.0,8800.0,1527.0
2026-07-22 13:55:00+09:00,8800.0,8800.0,8780.0,8790.0,2060.0
2026-07-22 14:00:00+09:00,8790.0,8800.0,8770.0,8770.0,696.0
2026-07-22 14:05:00+09:00,8780.0,8780.0,8760.0,8760.0,1347.0
2026-07-22 14:10:00+09:00,8780.0,8780.0,8750.0,8760.0,1464.0
2026-07-22 14:15:00+09:00,8760.0,8770.0,8740.0,8750.0,2247.0
2026-07-22 14:20:00+09:00,8740.0,8750.0,8710.0,8720.0,2561.0
2026-07-22 14:25:00+09:00,8710.0,8720.0,8700.0,8720.0,1134.0
2026-07-22 14:30:00+09:00,8720.0,8720.0,8700.0,8710.0,1825.0
2026-07-22 14:35:00+09:00,8700.0,8710.0,8680.0,8690.0,3215.0
2026-07-22 14:40:00+09:00,8690.0,8700.0,8680.0,8680.0,3515.0
2026-07-22 14:45:00+09:00,8680.0,8680.0,8670.0,8680.0,1185.0
2026-07-22 14:50:00+09:00,8680.0,8710.0,8670.0,8700.0,1144.0
2026-07-22 14:55:00+09:00,8690.0,8690.0,8680.0,8690.0,833.0
2026-07-23 09:00:00+09:00,8720.0,8720.0,8570.0,8690.0,4074.0
2026-07-23 09:05:00+09:00,8690.0,8720.0,8630.0,8710.0,5235.0
2026-07-23 09:10:00+09:00,8710.0,8710.0,8600.0,8600.0,6606.0
2026-07-23 09:15:00+09:00,8610.0,8670.0,8600.0,8640.0,8195.0
2026-07-23 09:20:00+09:00,8640.0,8710.0,8600.0,8680.0,3722.0
2026-07-23 09:25:00+09:00,8690.0,8760.0,8640.0,8750.0,7858.0
2026-07-23 09:30:00+09:00,8750.0,8810.0,8730.0,8740.0,6895.0
2026-07-23 09:35:00+09:00,8740.0,8850.0,8740.0,8830.0,5510.0
2026-07-23 09:40:00+09:00,8830.0,8850.0,8810.0,8820.0,4813.0
2026-07-23 09:45:00+09:00,8820.0,8910.0,8800.0,8910.0,8439.0
2026-07-23 09:50:00+09:00,8910.0,8910.0,8840.0,8880.0,5363.0
2026-07-23 09:55:00+09:00,8880.0,8920.0,8880.0,8910.0,4734.0
2026-07-23 10:00:00+09:00,8910.0,8920.0,8880.0,8910.0,2696.0
2026-07-23 10:05:00+09:00,8910.0,8960.0,8890.0,8960.0,6330.0
2026-07-23 10:10:00+09:00,8960.0,8960.0,8920.0,8930.0,4122.0
2026-07-23 10:15:00+09:00,8930.0,8950.0,8920.0,8930.0,1372.0
2026-07-23 10:20:00+09:00,8920.0,8920.0,8840.0,8880.0,4349.0
2026-07-23 10:25:00+09:00,8880.0,8940.0,8880.0,8900.0,2530.0
2026-07-23 10:30:00+09:00,8890.0,8950.0,8840.0,8890.0,5101.0
2026-07-23 10:35:00+09:00,8900.0,8920.0,8880.0,8890.0,2802.0
2026-07-23 10:40:00+09:00,8890.0,8900.0,8880.0,8880.0,1386.0
2026-07-23 10:45:00+09:00,8880.0,8890.0,8840.0,8840.0,1438.0
2026-07-23 10:50:00+09:00,8840.0,8870.0,8800.0,8860.0,7690.0
2026-07-23 10:55:00+09:00,8840.0,8890.0,8840.0,8860.0,1550.0
2026-07-23 11:00:00+09:00,8850.0,8880.0,8820.0,8870.0,2665.0
2026-07-23 11:05:00+09:00,8880.0,8900.0,8870.0,8880.0,2342.0
2026-07-23 11:10:00+09:00,8880.0,8880.0,8830.0,8830.0,3090.0
2026-07-23 11:15:00+09:00,8830.0,8880.0,8830.0,8880.0,1929.0
2026-07-23 11:20:00+09:00,8870.0,8880.0,8830.0,8840.0,1272.0
2026-07-23 11:25:00+09:00,8830.0,8830.0,8790.0,8790.0,1977.0
2026-07-23 11:30:00+09:00,8790.0,8830.0,8760.0,8830.0,1761.0
2026-07-23 11:35:00+09:00,8820.0,8830.0,8800.0,8800.0,1006.0
2026-07-23 11:40:00+09:00,8800.0,8800.0,8760.0,8770.0,2854.0
2026-07-23 11:45:00+09:00,8770.0,8820.0,8770.0,8820.0,1056.0
2026-07-23 11:50:00+09:00,8810.0,8840.0,8810.0,8840.0,1121.0
2026-07-23 11:55:00+09:00,8840.0,8880.0,8840.0,8870.0,1933.0
2026-07-23 12:00:00+09:00,8860.0,8880.0,8850.0,8880.0,2414.0
2026-07-23 12:05:00+09:00,8880.0,8910.0,8870.0,8880.0,2164.0
2026-07-23 12:10:00+09:00,8880.0,8880.0,8780.0,8800.0,6813.0
2026-07-23 12:15:00+09:00,8810.0,8820.0,8730.0,8810.0,9778.0
2026-07-23 12:20:00+09:00,8810.0,8840.0,8770.0,8840.0,4099.0
2026-07-23 12:25:00+09:00,8840.0,8900.0,8840.0,8890.0,1580.0
2026-07-23 12:30:00+09:00,8890.0,8890.0,8870.0,8870.0,759.0
2026-07-23 12:35:00+09:00,8880.0,8890.0,8880.0,8890.0,932.0
2026-07-23 12:40:00+09:00,8880.0,8900.0,8880.0,8890.0,1775.0
2026-07-23 12:45:00+09:00,8890.0,8910.0,8890.0,8910.0,1102.0
2026-07-23 12:50:00+09:00,8900.0,8910.0,8870.0,8900.0,2947.0
2026-07-23 12:55:00+09:00,8900.0,8910.0,8850.0,8890.0,8148.0
2026-07-23 13:00:00+09:00,8890.0,8890.0,8880.0,8880.0,1312.0
2026-07-23 13:05:00+09:00,8880.0,8880.0,8860.0,8870.0,1131.0
2026-07-23 13:10:00+09:00,8860.0,8920.0,8860.0,8900.0,2307.0
2026-07-23 13:15:00+09:00,8910.0,8920.0,8910.0,8910.0,1519.0
2026-07-23 13:20:00+09:00,8910.0,8920.0,8910.0,8920.0,1031.0
2026-07-23 13:25:00+09:00,8910.0,8940.0,8910.0,8940.0,6398.0
2026-07-23 13:30:00+09:00,8930.0,8940.0,8900.0,8930.0,2387.0
2026-07-23 13:35:00+09:00,8940.0,8940.0,8920.0,8930.0,1591.0
2026-07-23 13:40:00+09:00,8940.0,8940.0,8910.0,8920.0,2155.0
2026-07-23 13:45:00+09:00,8920.0,8940.0,8900.0,8910.0,1162.0
2026-07-23 13:50:00+09:00,8900.0,8940.0,8900.0,8940.0,1198.0
2026-07-23 13:55:00+09:00,8930.0,8940.0,8840.0,8860.0,6081.0
2026-07-23 14:00:00+09:00,8860.0,8890.0,8850.0,8860.0,4548.0
2026-07-23 14:05:00+09:00,8850.0,8860.0,8830.0,8840.0,1711.0
2026-07-23 14:10:00+09:00,8850.0,8850.0,8820.0,8820.0,1961.0
2026-07-23 14:15:00+09:00,8820.0,8840.0,8820.0,8830.0,2676.0
2026-07-23 14:20:00+09:00,8830.0,8940.0,8830.0,8900.0,4831.0
2026-07-23 14:25:00+09:00,8910.0,8940.0,8870.0,8940.0,5323.0
2026-07-23 14:30:00+09:00,8910.0,8980.0,8900.0,8970.0,10324.0
2026-07-23 14:35:00+09:00,8970.0,8980.0,8930.0,8930.0,2246.0
2026-07-23 14:40:00+09:00,8930.0,8970.0,8920.0,8970.0,4987.0
2026-07-23 14:45:00+09:00,8970.0,8970.0,8960.0,8970.0,2464.0
2026-07-23 14:50:00+09:00,8960.0,8990.0,8960.0,8960.0,2433.0
2026-07-23 14:55:00+09:00,8960.0,8980.0,8960.0,8980.0,1305.0
2026-07-24 09:00:00+09:00,8800.0,8960.0,8790.0,8920.0,11222.0
2026-07-24 09:05:00+09:00,8920.0,8990.0,8860.0,8990.0,6862.0
2026-07-24 09:10:00+09:00,8990.0,9000.0,8910.0,8910.0,6896.0
2026-07-24 09:15:00+09:00,8910.0,8980.0,8870.0,8950.0,5321.0
2026-07-24 09:20:00+09:00,8940.0,9040.0,8920.0,9040.0,5014.0
2026-07-24 09:25:00+09:00,9040.0,9060.0,8990.0,8990.0,8140.0
2026-07-24 09:30:00+09:00,8990.0,9030.0,8950.0,8950.0,6104.0
2026-07-24 09:35:00+09:00,8950.0,9010.0,8850.0,8990.0,10122.0
2026-07-24 09:40:00+09:00,8980.0,9040.0,8970.0,9030.0,6505.0
2026-07-24 09:45:00+09:00,9040.0,9100.0,9020.0,9090.0,5250.0
2026-07-24 09:50:00+09:00,9090.0,9120.0,9060.0,9100.0,2309.0
2026-07-24 09:55:00+09:00,9090.0,9110.0,9080.0,9110.0,2154.0
2026-07-24 10:00:00+09:00,9110.0,9160.0,9110.0,9150.0,1948.0
2026-07-24 10:05:00+09:00,9150.0,9180.0,9130.0,9130.0,2196.0
2026-07-24 10:10:00+09:00,9130.0,9130.0,9070.0,9070.0,2334.0
2026-07-24 10:15:00+09:00,9070.0,9090.0,9060.0,9070.0,2659.0
2026-07-24 10:20:00+09:00,9070.0,9130.0,9040.0,9050.0,3577.0
2026-07-24 10:25:00+09:00,9040.0,9110.0,9040.0,9070.0,1764.0
2026-07-24 10:30:00+09:00,9070.0,9120.0,9060.0,9120.0,2800.0
2026-07-24 10:35:00+09:00,9120.0,9150.0,8800.0,9030.0,23269.0
2026-07-24 10:40:00+09:00,9040.0,9040.0,8980.0,9040.0,3602.0
2026-07-24 10:45:00+09:00,9040.0,9040.0,9010.0,9020.0,2898.0
2026-07-24 10:50:00+09:00,9020.0,9020.0,8970.0,9010.0,2636.0
2026-07-24 10:55:00+09:00,9010.0,9010.0,8950.0,8970.0,2150.0
2026-07-24 11:00:00+09:00,8970.0,8980.0,8950.0,8980.0,1856.0
2026-07-24 11:05:00+09:00,8980.0,8980.0,8950.0,8960.0,494.0
2026-07-24 11:10:00+09:00,8960.0,8970.0,8950.0,8960.0,1241.0
2026-07-24 11:15:00+09:00,8950.0,8970.0,8930.0,8940.0,5020.0
2026-07-24 11:20:00+09:00,8910.0,8920.0,8900.0,8920.0,1292.0
2026-07-24 11:25:00+09:00,8930.0,8940.0,8880.0,8890.0,3304.0
2026-07-24 11:30:00+09:00,8890.0,8920.0,8890.0,8920.0,1643.0
2026-07-24 11:35:00+09:00,8910.0,8930.0,8890.0,8890.0,1784.0
2026-07-24 11:40:00+09:00,8890.0,8890.0,8860.0,8860.0,2632.0
2026-07-24 11:45:00+09:00,8860.0,8870.0,8860.0,8860.0,1048.0
2026-07-24 11:50:00+09:00,8860.0,8870.0,8820.0,8830.0,3920.0
2026-07-24 11:55:00+09:00,8830.0,8850.0,8830.0,8850.0,3953.0
2026-07-24 12:00:00+09:00,8860.0,8870.0,8810.0,8860.0,3376.0
2026-07-24 12:05:00+09:00,8860.0,8880.0,8840.0,8850.0,3441.0
2026-07-24 12:10:00+09:00,8860.0,8890.0,8840.0,8880.0,1347.0
2026-07-24 12:15:00+09:00,8890.0,8910.0,8890.0,8890.0,1030.0
2026-07-24 12:20:00+09:00,8890.0,8890.0,8870.0,8880.0,1010.0
2026-07-24 12:25:00+09:00,8870.0,8880.0,8860.0,8860.0,789.0
2026-07-24 12:30:00+09:00,8860.0,8870.0,8830.0,8830.0,2374.0
2026-07-24 12:35:00+09:00,8840.0,8840.0,8820.0,8840.0,1021.0
2026-07-24 12:40:00+09:00,8840.0,8840.0,8830.0,8840.0,479.0
2026-07-24 12:45:00+09:00,8830.0,8840.0,8830.0,8840.0,1521.0
2026-07-24 12:50:00+09:00,8840.0,8860.0,8820.0,8860.0,5792.0
2026-07-24 12:55:00+09:00,8850.0,8860.0,8820.0,8830.0,1282.0
2026-07-24 13:00:00+09:00,8820.0,8830.0,8820.0,8830.0,1653.0
2026-07-24 13:05:00+09:00,8830.0,8960.0,8830.0,8880.0,4077.0
2026-07-24 13:10:00+09:00,8870.0,8870.0,8850.0,8850.0,978.0
2026-07-24 13:15:00+09:00,8850.0,8880.0,8850.0,8880.0,1298.0
2026-07-24 13:20:00+09:00,8880.0,8910.0,8860.0,8910.0,721.0
2026-07-24 13:25:00+09:00,8910.0,8950.0,8880.0,8940.0,844.0
2026-07-24 13:30:00+09:00,8950.0,8960.0,8900.0,8960.0,1325.0
2026-07-24 13:35:00+09:00,8960.0,8960.0,8920.0,8920.0,1127.0
2026-07-24 13:40:00+09:00,8910.0,8910.0,8870.0,8870.0,768.0
2026-07-24 13:45:00+09:00,8870.0,8870.0,8850.0,8860.0,2299.0
2026-07-24 13:50:00+09:00,8860.0,8910.0,8860.0,8900.0,2198.0
2026-07-24 13:55:00+09:00,8900.0,8950.0,8900.0,8950.0,1170.0
2026-07-24 14:00:00+09:00,8950.0,8950.0,8880.0,8910.0,1761.0
2026-07-24 14:05:00+09:00,8890.0,8930.0,8890.0,8930.0,590.0
2026-07-24 14:10:00+09:00,8940.0,8970.0,8900.0,8960.0,4742.0
2026-07-24 14:15:00+09:00,8960.0,9040.0,8960.0,8970.0,9082.0
2026-07-24 14:20:00+09:00,8980.0,9030.0,8950.0,8970.0,2167.0
2026-07-24 14:25:00+09:00,8950.0,8960.0,8950.0,8960.0,1027.0
2026-07-24 14:30:00+09:00,8960.0,8970.0,8920.0,8950.0,1735.0
2026-07-24 14:35:00+09:00,8940.0,9000.0,8940.0,8970.0,1640.0
2026-07-24 14:40:00+09:00,8960.0,8960.0,8920.0,8920.0,1141.0
2026-07-24 14:45:00+09:00,8920.0,8920.0,8900.0,8900.0,1225.0
2026-07-24 14:50:00+09:00,8890.0,8900.0,8820.0,8840.0,6508.0
2026-07-24 14:55:00+09:00,8850.0,8850.0,8820.0,8850.0,3211.0
2026-07-27 09:00:00+09:00,9130.0,9130.0,8780.0,8980.0,0.0
2026-07-27 09:05:00+09:00,9010.0,9080.0,8840.0,9010.0,7369.0
2026-07-27 09:10:00+09:00,9010.0,9080.0,8950.0,9060.0,3789.0
2026-07-27 09:15:00+09:00,9060.0,9190.0,9050.0,9140.0,9454.0
2026-07-27 09:20:00+09:00,9130.0,9290.0,9130.0,9280.0,6354.0
2026-07-27 09:25:00+09:00,9270.0,9270.0,9180.0,9210.0,4931.0
2026-07-27 09:30:00+09:00,9220.0,9290.0,9210.0,9260.0,4035.0
2026-07-27 09:35:00+09:00,9260.0,9270.0,9220.0,9240.0,2420.0
2026-07-27 09:40:00+09:00,9250.0,9250.0,9220.0,9240.0,1844.0
2026-07-27 09:45:00+09:00,9240.0,9310.0,9240.0,9310.0,3824.0
2026-07-27 09:50:00+09:00,9310.0,9330.0,9150.0,9160.0,12730.0
2026-07-27 09:55:00+09:00,9150.0,9160.0,9120.0,9120.0,4569.0
2026-07-27 10:00:00+09:00,9120.0,9120.0,9050.0,9060.0,5194.0
2026-07-27 10:05:00+09:00,9060.0,9170.0,9060.0,9170.0,3075.0
2026-07-27 10:10:00+09:00,9170.0,9170.0,9030.0,9050.0,6672.0
2026-07-27 10:15:00+09:00,9050.0,9050.0,9000.0,9000.0,5043.0
2026-07-27 10:20:00+09:00,9000.0,9010.0,8960.0,8980.0,4468.0
2026-07-27 10:25:00+09:00,8980.0,8980.0,8860.0,8970.0,3377.0
2026-07-27 10:30:00+09:00,8970.0,9060.0,8930.0,9020.0,16631.0
2026-07-27 10:35:00+09:00,9020.0,9080.0,8990.0,9080.0,10416.0
2026-07-27 10:40:00+09:00,9090.0,9100.0,8990.0,8990.0,4840.0
2026-07-27 10:45:00+09:00,8990.0,9030.0,8970.0,9010.0,6273.0
2026-07-27 10:50:00+09:00,9000.0,9000.0,8980.0,8980.0,1918.0
2026-07-27 10:55:00+09:00,8970.0,9090.0,8970.0,9090.0,9877.0
2026-07-27 11:00:00+09:00,9090.0,9090.0,9040.0,9050.0,3058.0
2026-07-27 11:05:00+09:00,9050.0,9080.0,9040.0,9080.0,1289.0
2026-07-27 11:10:00+09:00,9080.0,9120.0,9070.0,9120.0,3208.0
2026-07-27 11:15:00+09:00,9110.0,9140.0,9080.0,9090.0,4801.0
2026-07-27 11:20:00+09:00,9090.0,9110.0,9070.0,9110.0,1742.0
2026-07-27 11:25:00+09:00,9120.0,9170.0,9120.0,9170.0,2274.0
2026-07-27 11:30:00+09:00,9170.0,9170.0,9080.0,9100.0,2493.0
2026-07-27 11:35:00+09:00,9100.0,9120.0,9090.0,9120.0,1918.0
2026-07-27 11:40:00+09:00,9110.0,9130.0,9100.0,9110.0,3231.0
2026-07-27 11:45:00+09:00,9120.0,9130.0,9070.0,9080.0,3546.0
2026-07-27 11:50:00+09:00,9080.0,9090.0,9040.0,9040.0,7094.0
2026-07-27 11:55:00+09:00,9050.0,9050.0,9020.0,9030.0,1745.0
2026-07-27 12:00:00+09:00,9020.0,9050.0,9000.0,9030.0,2248.0
2026-07-27 12:05:00+09:00,9030.0,9050.0,9030.0,9050.0,1275.0
2026-07-27 12:10:00+09:00,9030.0,9070.0,9010.0,9070.0,2316.0
2026-07-27 12:15:00+09:00,9070.0,9100.0,9070.0,9100.0,1068.0
2026-07-27 12:20:00+09:00,9090.0,9110.0,9090.0,9100.0,1683.0
2026-07-27 12:25:00+09:00,9100.0,9100.0,9010.0,9050.0,2254.0
2026-07-27 12:30:00+09:00,9030.0,9050.0,8970.0,9050.0,1230.0
2026-07-27 12:35:00+09:00,9050.0,9050.0,9020.0,9040.0,620.0
2026-07-27 12:40:00+09:00,9030.0,9070.0,9030.0,9050.0,1430.0
2026-07-27 12:45:00+09:00,9070.0,9070.0,9010.0,9010.0,2483.0
2026-07-27 12:50:00+09:00,9010.0,9030.0,9000.0,9010.0,1192.0
2026-07-27 12:55:00+09:00,9000.0,9040.0,8940.0,8980.0,11350.0
2026-07-27 13:00:00+09:00,8990.0,9020.0,8970.0,9020.0,1113.0
2026-07-27 13:05:00+09:00,9020.0,9030.0,8990.0,9000.0,2562.0
2026-07-27 13:10:00+09:00,9010.0,9050.0,9010.0,9040.0,1037.0
2026-07-27 13:15:00+09:00,9040.0,9080.0,9040.0,9080.0,874.0
2026-07-27 13:20:00+09:00,9080.0,9100.0,9050.0,9060.0,3335.0
2026-07-27 13:25:00+09:00,9060.0,9070.0,9000.0,9020.0,4726.0
2026-07-27 13:30:00+09:00,9020.0,9030.0,8990.0,9010.0,3416.0
2026-07-27 13:35:00+09:00,9010.0,9030.0,9010.0,9030.0,2605.0
2026-07-27 13:40:00+09:00,9030.0,9090.0,9020.0,9070.0,2967.0
2026-07-27 13:45:00+09:00,9060.0,9060.0,9050.0,9060.0,1183.0
2026-07-27 13:50:00+09:00,9060.0,9060.0,9040.0,9060.0,1464.0
2026-07-27 13:55:00+09:00,9060.0,9060.0,9020.0,9020.0,543.0
2026-07-27 14:00:00+09:00,8990.0,9020.0,8990.0,9000.0,1178.0
2026-07-27 14:05:00+09:00,9000.0,9040.0,9000.0,9040.0,2015.0
2026-07-27 14:10:00+09:00,9040.0,9050.0,9030.0,9030.0,187.0
2026-07-27 14:15:00+09:00,9040.0,9080.0,9030.0,9080.0,2168.0
2026-07-27 14:20:00+09:00,9080.0,9100.0,9070.0,9080.0,2357.0
2026-07-27 14:25:00+09:00,9050.0,9050.0,9020.0,9030.0,3123.0
2026-07-27 14:30:00+09:00,9040.0,9040.0,9030.0,9040.0,2618.0
2026-07-27 14:35:00+09:00,9040.0,9060.0,9020.0,9060.0,3413.0
2026-07-27 14:40:00+09:00,9060.0,9070.0,9040.0,9040.0,2052.0
2026-07-27 14:45:00+09:00,9030.0,9040.0,9010.0,9010.0,1154.0
2026-07-27 14:50:00+09:00,9010.0,9010.0,9000.0,9000.0,1143.0
2026-07-27 14:55:00+09:00,9000.0,9010.0,9000.0,9010.0,217.0
2026-07-28 09:00:00+09:00,8880.0,8960.0,8740.0,8850.0,16208.0
2026-07-28 09:05:00+09:00,8820.0,8920.0,8770.0,8860.0,3377.0
2026-07-28 09:10:00+09:00,8860.0,8860.0,8790.0,8830.0,3291.0
2026-07-28 09:15:00+09:00,8830.0,8840.0,8720.0,8760.0,9339.0
2026-07-28 09:20:00+09:00,8730.0,8810.0,8730.0,8780.0,5604.0
2026-07-28 09:25:00+09:00,8790.0,8830.0,8750.0,8800.0,5819.0
2026-07-28 09:30:00+09:00,8810.0,8810.0,8740.0,8750.0,6355.0
2026-07-28 09:35:00+09:00,8750.0,8770.0,8720.0,8740.0,6559.0
2026-07-28 09:40:00+09:00,8740.0,8850.0,8710.0,8720.0,7221.0
2026-07-28 09:45:00+09:00,8720.0,8740.0,8700.0,8710.0,6609.0
2026-07-28 09:50:00+09:00,8720.0,8720.0,8660.0,8710.0,4583.0
2026-07-28 09:55:00+09:00,8710.0,8710.0,8670.0,8670.0,1809.0
2026-07-28 10:00:00+09:00,8680.0,8710.0,8650.0,8710.0,1747.0
2026-07-28 10:05:00+09:00,8710.0,8710.0,8660.0,8680.0,480.0
2026-07-28 10:10:00+09:00,8670.0,8680.0,8640.0,8650.0,1882.0
2026-07-28 10:15:00+09:00,8640.0,8640.0,8630.0,8630.0,2556.0
2026-07-28 10:20:00+09:00,8630.0,8640.0,8610.0,8630.0,4030.0
2026-07-28 10:25:00+09:00,8630.0,8640.0,8620.0,8630.0,1572.0
2026-07-28 10:30:00+09:00,8630.0,8640.0,8630.0,8640.0,753.0
2026-07-28 10:35:00+09:00,8640.0,8640.0,8610.0,8610.0,3619.0
2026-07-28 10:40:00+09:00,8610.0,8660.0,8600.0,8660.0,3805.0
2026-07-28 10:45:00+09:00,8640.0,8640.0,8610.0,8640.0,2997.0
2026-07-28 10:50:00+09:00,8630.0,8670.0,8610.0,8630.0,3062.0
2026-07-28 10:55:00+09:00,8620.0,8640.0,8610.0,8630.0,2102.0
2026-07-28 11:00:00+09:00,8630.0,8630.0,8570.0,8570.0,4268.0
2026-07-28 11:05:00+09:00,8580.0,8590.0,8540.0,8590.0,4653.0
2026-07-28 11:10:00+09:00,8580.0,8620.0,8580.0,8610.0,3290.0
2026-07-28 11:15:00+09:00,8610.0,8610.0,8530.0,8600.0,2817.0
2026-07-28 11:20:00+09:00,8590.0,8660.0,8520.0,8660.0,5746.0
2026-07-28 11:25:00+09:00,8660.0,8660.0,8580.0,8590.0,1929.0
2026-07-28 11:30:00+09:00,8580.0,8580.0,8560.0,8560.0,1794.0
2026-07-28 11:35:00+09:00,8560.0,8580.0,8540.0,8580.0,1262.0
2026-07-28 11:40:00+09:00,8580.0,8590.0,8550.0,8590.0,1422.0
2026-07-28 11:45:00+09:00,8570.0,8570.0,8540.0,8560.0,4424.0
2026-07-28 11:50:00+09:00,8560.0,8560.0,8530.0,8560.0,2432.0
2026-07-28 11:55:00+09:00,8560.0,8560.0,8530.0,8530.0,1245.0
2026-07-28 12:00:00+09:00,8530.0,8530.0,8520.0,8530.0,765.0
2026-07-28 12:30:00+09:00,8530.0,8540.0,8490.0,8540.0,15121.0
2026-07-28 12:35:00+09:00,8530.0,8550.0,8490.0,8530.0,5433.0
2026-07-28 12:40:00+09:00,8530.0,8550.0,8510.0,8540.0,1751.0
2026-07-28 12:45:00+09:00,8550.0,8550.0,8520.0,8540.0,1078.0
2026-07-28 12:50:00+09:00,8550.0,8560.0,8530.0,8530.0,1593.0
2026-07-28 12:55:00+09:00,8530.0,8540.0,8500.0,8520.0,2711.0
2026-07-28 13:00:00+09:00,8520.0,8520.0,8490.0,8510.0,2133.0
2026-07-28 13:05:00+09:00,8510.0,8510.0,8490.0,8490.0,1650.0
2026-07-28 13:10:00+09:00,8500.0,8520.0,8490.0,8510.0,617.0
2026-07-28 13:15:00+09:00,8510.0,8540.0,8510.0,8540.0,1381.0
2026-07-28 13:20:00+09:00,8530.0,8530.0,8510.0,8520.0,1442.0
2026-07-28 13:25:00+09:00,8510.0,8520.0,8460.0,8460.0,5366.0
2026-07-28 13:30:00+09:00,8460.0,8490.0,8450.0,8490.0,8884.0
2026-07-28 13:35:00+09:00,8490.0,8490.0,8460.0,8470.0,1485.0
2026-07-28 13:40:00+09:00,8470.0,8470.0,8440.0,8450.0,4493.0
2026-07-28 13:45:00+09:00,8450.0,8450.0,8420.0,8430.0,2304.0
2026-07-28 13:50:00+09:00,8430.0,8430.0,8420.0,8430.0,1554.0
2026-07-28 13:55:00+09:00,8430.0,8440.0,8410.0,8410.0,3007.0
2026-07-28 14:00:00+09:00,8410.0,8460.0,8400.0,8450.0,6128.0
2026-07-28 14:05:00+09:00,8450.0,8450.0,8400.0,8410.0,2195.0
2026-07-28 14:10:00+09:00,8420.0,8430.0,8380.0,8380.0,3523.0
2026-07-28 14:15:00+09:00,8390.0,8390.0,8360.0,8360.0,4522.0
2026-07-28 14:20:00+09:00,8360.0,8360.0,8320.0,8330.0,7068.0
2026-07-28 14:25:00+09:00,8330.0,8330.0,8270.0,8290.0,10810.0
2026-07-28 14:30:00+09:00,8280.0,8300.0,8260.0,8270.0,3354.0
2026-07-28 14:35:00+09:00,8270.0,8270.0,8250.0,8260.0,4808.0
2026-07-28 14:40:00+09:00,8260.0,8270.0,8240.0,8250.0,5241.0
2026-07-28 14:45:00+09:00,8250.0,8290.0,8240.0,8280.0,6512.0
2026-07-28 14:50:00+09:00,8280.0,8290.0,8250.0,8260.0,6471.0
2026-07-28 14:55:00+09:00,8260.0,8260.0,8220.0,8250.0,7203.0
2026-07-29 09:00:00+09:00,8630.0,8710.0,8500.0,8500.0,5834.0
2026-07-29 09:05:00+09:00,8580.0,8620.0,8480.0,8520.0,3895.0
2026-07-29 09:10:00+09:00,8510.0,8530.0,8410.0,8420.0,12213.0
2026-07-29 09:15:00+09:00,8410.0,8430.0,8390.0,8400.0,9440.0
2026-07-29 09:20:00+09:00,8390.0,8420.0,8330.0,8350.0,8016.0
2026-07-29 09:25:00+09:00,8350.0,8370.0,8290.0,8300.0,8286.0
2026-07-29 09:30:00+09:00,8290.0,8360.0,8270.0,8320.0,8377.0
2026-07-29 09:35:00+09:00,8320.0,8450.0,8310.0,8400.0,14269.0
2026-07-29 09:40:00+09:00,8410.0,8440.0,8360.0,8380.0,3029.0
2026-07-29 09:45:00+09:00,8380.0,8420.0,8340.0,8340.0,5483.0
2026-07-29 09:50:00+09:00,8340.0,8380.0,8330.0,8360.0,3185.0
2026-07-29 09:55:00+09:00,8360.0,8370.0,8310.0,8310.0,4079.0
2026-07-29 10:00:00+09:00,8310.0,8390.0,8290.0,8370.0,7574.0
2026-07-29 10:05:00+09:00,8370.0,8400.0,8310.0,8330.0,2907.0
2026-07-29 10:10:00+09:00,8310.0,8310.0,8280.0,8280.0,4309.0
2026-07-29 10:15:00+09:00,8290.0,8300.0,8260.0,8300.0,4833.0
2026-07-29 10:20:00+09:00,8300.0,8360.0,8300.0,8360.0,3401.0
2026-07-29 10:25:00+09:00,8350.0,8760.0,8350.0,8370.0,11874.0
2026-07-29 10:30:00+09:00,8370.0,8370.0,8280.0,8290.0,1664.0
2026-07-29 10:35:00+09:00,8290.0,8290.0,8270.0,8280.0,2872.0
2026-07-29 10:40:00+09:00,8280.0,8280.0,8220.0,8230.0,10698.0
2026-07-29 10:45:00+09:00,8240.0,8240.0,8180.0,8190.0,9052.0
2026-07-29 10:50:00+09:00,8190.0,8200.0,8140.0,8160.0,10881.0
2026-07-29 10:55:00+09:00,8160.0,8160.0,8110.0,8110.0,8580.0
2026-07-29 11:00:00+09:00,8130.0,8140.0,8010.0,8080.0,10585.0
2026-07-29 11:05:00+09:00,8080.0,8120.0,8030.0,8070.0,14257.0
2026-07-29 11:10:00+09:00,8070.0,8120.0,8050.0,8100.0,9343.0
2026-07-29 11:15:00+09:00,8110.0,8110.0,8030.0,8040.0,5673.0
2026-07-29 11:20:00+09:00,8030.0,8090.0,8000.0,8060.0,12909.0
2026-07-29 11:25:00+09:00,8060.0,8100.0,8000.0,8100.0,11483.0
2026-07-29 11:30:00+09:00,8100.0,8100.0,8030.0,8040.0,4717.0
2026-07-29 11:35:00+09:00,8035.0,8040.0,7980.0,8000.0,10317.0
2026-07-29 11:40:00+09:00,8000.0,8020.0,7980.0,8000.0,5353.0
2026-07-29 11:45:00+09:00,7990.0,8000.0,7940.0,7960.0,6360.0
2026-07-29 11:50:00+09:00,7960.0,7960.0,7930.0,7950.0,6687.0
2026-07-29 11:55:00+09:00,7940.0,7950.0,7920.0,7950.0,5849.0
2026-07-29 12:00:00+09:00,7940.0,7950.0,7880.0,7910.0,10676.0
2026-07-29 12:05:00+09:00,7920.0,8000.0,7890.0,8000.0,9048.0
2026-07-29 12:10:00+09:00,7980.0,8000.0,7890.0,7900.0,6730.0
2026-07-29 12:15:00+09:00,7900.0,7900.0,7860.0,7890.0,5707.0
2026-07-29 12:45:00+09:00,7890.0,7890.0,7850.0,7850.0,7264.0
2026-07-29 12:50:00+09:00,7850.0,7870.0,7800.0,7810.0,8131.0
2026-07-29 12:55:00+09:00,7810.0,7810.0,7760.0,7770.0,16696.0
2026-07-29 13:00:00+09:00,7770.0,7820.0,7670.0,7810.0,19675.0
2026-07-29 13:05:00+09:00,7810.0,7870.0,7760.0,7790.0,8594.0
2026-07-29 13:10:00+09:00,7780.0,7830.0,7760.0,7810.0,7668.0
2026-07-29 13:15:00+09:00,7810.0,7810.0,7670.0,7730.0,12183.0
2026-07-29 13:20:00+09:00,7720.0,7720.0,7650.0,7710.0,14233.0
2026-07-29 13:25:00+09:00,7710.0,7710.0,7600.0,7650.0,10433.0
2026-07-29 13:30:00+09:00,7640.0,7660.0,7630.0,7650.0,10693.0
2026-07-29 13:35:00+09:00,7640.0,7730.0,7630.0,7710.0,8060.0
2026-07-29 13:40:00+09:00,7710.0,7710.0,7670.0,7680.0,10210.0
2026-07-29 13:45:00+09:00,7680.0,7720.0,7650.0,7720.0,13690.0
2026-07-29 13:50:00+09:00,7720.0,7850.0,7720.0,7840.0,9695.0
2026-07-29 13:55:00+09:00,7830.0,7920.0,7710.0,7870.0,9322.0
2026-07-29 14:00:00+09:00,7890.0,7920.0,7830.0,7920.0,8537.0
2026-07-29 14:05:00+09:00,7920.0,7940.0,7880.0,7930.0,7231.0
2026-07-29 14:10:00+09:00,7920.0,8010.0,7900.0,8010.0,5772.0
2026-07-29 14:15:00+09:00,8010.0,8010.0,7880.0,7890.0,4554.0
2026-07-29 14:20:00+09:00,7890.0,8000.0,7890.0,7930.0,4431.0
2026-07-29 14:25:00+09:00,7940.0,8030.0,7890.0,7890.0,2610.0
2026-07-29 14:30:00+09:00,7920.0,7990.0,7850.0,7930.0,2058.0
2026-07-29 14:35:00+09:00,7910.0,8010.0,7910.0,7990.0,4339.0
2026-07-29 14:40:00+09:00,7980.0,7990.0,7920.0,7940.0,3789.0
2026-07-29 14:45:00+09:00,7940.0,7980.0,7920.0,7980.0,4074.0
2026-07-29 14:50:00+09:00,7980.0,8010.0,7900.0,7960.0,5289.0
2026-07-29 14:55:00+09:00,7960.0,7970.0,7860.0,7910.0,4249.0
2026-07-30 09:00:00+09:00,8200.0,8200.0,7950.0,8050.0,11932.0
2026-07-30 09:05:00+09:00,8060.0,8300.0,8040.0,8300.0,13064.0
2026-07-30 09:10:00+09:00,8300.0,8380.0,8260.0,8300.0,11865.0
2026-07-30 09:15:00+09:00,8290.0,8410.0,8260.0,8360.0,9946.0
2026-07-30 09:20:00+09:00,8370.0,8390.0,8190.0,8310.0,6162.0
2026-07-30 09:25:00+09:00,8310.0,8390.0,8290.0,8380.0,10336.0
2026-07-30 09:30:00+09:00,8370.0,8410.0,8220.0,8240.0,5201.0
2026-07-30 09:35:00+09:00,8240.0,8250.0,8210.0,8250.0,4326.0
2026-07-30 09:40:00+09:00,8220.0,8300.0,8060.0,8170.0,9876.0
2026-07-30 09:45:00+09:00,8170.0,8280.0,8160.0,8240.0,9881.0
2026-07-30 09:50:00+09:00,8240.0,8260.0,8130.0,8160.0,6128.0
2026-07-30 09:55:00+09:00,8140.0,8200.0,8100.0,8150.0,2306.0
2026-07-30 10:00:00+09:00,8130.0,8200.0,8070.0,8170.0,3370.0
2026-07-30 10:05:00+09:00,8180.0,8330.0,8180.0,8290.0,6125.0
2026-07-30 10:10:00+09:00,8290.0,8300.0,8140.0,8160.0,5461.0
2026-07-30 10:15:00+09:00,8170.0,8290.0,8160.0,8220.0,3035.0
2026-07-30 10:20:00+09:00,8230.0,8300.0,8180.0,8280.0,2892.0
2026-07-30 10:25:00+09:00,8280.0,8300.0,8250.0,8300.0,1648.0
2026-07-30 10:30:00+09:00,8300.0,8400.0,8300.0,8380.0,4291.0
2026-07-30 10:35:00+09:00,8400.0,8400.0,8360.0,8370.0,1689.0
2026-07-30 10:40:00+09:00,8370.0,8400.0,8340.0,8390.0,2694.0
2026-07-30 10:45:00+09:00,8390.0,8400.0,8370.0,8400.0,2715.0
2026-07-30 10:50:00+09:00,8410.0,8420.0,8380.0,8400.0,2591.0
2026-07-30 10:55:00+09:00,8390.0,8410.0,8300.0,8300.0,4717.0
2026-07-30 11:00:00+09:00,8300.0,8390.0,8240.0,8270.0,2979.0
2026-07-30 11:05:00+09:00,8270.0,8350.0,8270.0,8300.0,4956.0
2026-07-30 11:10:00+09:00,8300.0,8330.0,8230.0,8240.0,4918.0
2026-07-30 11:15:00+09:00,8240.0,8260.0,8230.0,8240.0,1687.0
2026-07-30 11:20:00+09:00,8240.0,8310.0,8230.0,8250.0,2021.0
2026-07-30 11:25:00+09:00,8240.0,8240.0,8200.0,8210.0,1532.0
2026-07-30 11:30:00+09:00,8210.0,8210.0,8170.0,8190.0,3217.0
2026-07-30 11:35:00+09:00,8190.0,8190.0,8140.0,8150.0,2969.0
2026-07-30 11:40:00+09:00,8150.0,8190.0,8150.0,8190.0,1973.0
2026-07-30 11:45:00+09:00,8180.0,8190.0,8130.0,8170.0,3634.0
2026-07-30 11:50:00+09:00,8170.0,8190.0,8150.0,8160.0,2882.0
2026-07-30 11:55:00+09:00,8160.0,8170.0,8070.0,8090.0,9052.0
2026-07-30 12:00:00+09:00,8090.0,8130.0,8080.0,8100.0,1726.0
2026-07-30 12:05:00+09:00,8100.0,8130.0,8030.0,8070.0,2941.0
2026-07-30 12:10:00+09:00,8070.0,8100.0,8000.0,8040.0,6808.0
2026-07-30 12:15:00+09:00,8030.0,8040.0,8010.0,8030.0,1040.0
2026-07-30 12:20:00+09:00,8030.0,8040.0,8010.0,8040.0,1870.0
2026-07-30 12:25:00+09:00,8040.0,8060.0,8010.0,8050.0,4820.0
2026-07-30 12:30:00+09:00,8040.0,8080.0,8020.0,8060.0,1980.0
2026-07-30 12:35:00+09:00,8060.0,8080.0,8040.0,8050.0,3286.0
2026-07-30 12:40:00+09:00,8050.0,8110.0,8030.0,8110.0,1568.0
2026-07-30 12:45:00+09:00,8090.0,8150.0,8090.0,8150.0,494.0
2026-07-30 12:50:00+09:00,8140.0,8140.0,8100.0,8110.0,1350.0
2026-07-30 12:55:00+09:00,8120.0,8130.0,8040.0,8090.0,5804.0
2026-07-30 13:00:00+09:00,8090.0,8120.0,8090.0,8110.0,462.0
2026-07-30 13:05:00+09:00,8100.0,8110.0,8040.0,8040.0,2748.0
2026-07-30 13:10:00+09:00,8040.0,8080.0,8040.0,8050.0,1930.0
2026-07-30 13:15:00+09:00,8050.0,8060.0,8030.0,8050.0,1103.0
2026-07-30 13:20:00+09:00,8050.0,8090.0,8050.0,8060.0,973.0
2026-07-30 13:25:00+09:00,8060.0,8120.0,8060.0,8120.0,1455.0
2026-07-30 13:30:00+09:00,8130.0,8140.0,8110.0,8120.0,1237.0
2026-07-30 13:35:00+09:00,8120.0,8130.0,8080.0,8090.0,1093.0
2026-07-30 13:40:00+09:00,8090.0,8090.0,8040.0,8040.0,5953.0
2026-07-30 13:45:00+09:00,8050.0,8100.0,8050.0,8100.0,593.0
2026-07-30 13:50:00+09:00,8090.0,8100.0,8060.0,8100.0,5768.0
2026-07-30 13:55:00+09:00,8100.0,8110.0,8070.0,8080.0,1313.0
2026-07-30 14:00:00+09:00,8100.0,8110.0,8070.0,8080.0,4668.0
2026-07-30 14:05:00+09:00,8090.0,8100.0,8060.0,8080.0,1658.0
2026-07-30 14:10:00+09:00,8070.0,8110.0,8040.0,8110.0,2489.0
2026-07-30 14:15:00+09:00,8120.0,8140.0,8100.0,8130.0,1244.0
2026-07-30 14:20:00+09:00,8140.0,8180.0,8120.0,8140.0,1511.0
2026-07-30 14:25:00+09:00,8120.0,8120.0,8100.0,8100.0,286.0
2026-07-30 14:30:00+09:00,8090.0,8100.0,8050.0,8080.0,4287.0
2026-07-30 14:35:00+09:00,8080.0,8080.0,8030.0,8040.0,1703.0
2026-07-30 14:40:00+09:00,8040.0,8140.0,8030.0,8120.0,1094.0
2026-07-30 14:45:00+09:00,8120.0,8120.0,8060.0,8070.0,5626.0
2026-07-30 14:50:00+09:00,8060.0,8070.0,8010.0,8020.0,3371.0
2026-07-30 14:55:00+09:00,8010.0,8090.0,7990.0,8070.0,6117.0
2026-07-31 09:00:00+09:00,8240.0,8390.0,8220.0,8270.0,12099.0
2026-07-31 09:05:00+09:00,8270.0,8410.0,8240.0,8370.0,9335.0
2026-07-31 09:10:00+09:00,8340.0,8360.0,8250.0,8280.0,8121.0
2026-07-31 09:15:00+09:00,8250.0,8330.0,8220.0,8230.0,13497.0
2026-07-31 09:20:00+09:00,8230.0,8290.0,8230.0,8270.0,2868.0
2026-07-31 09:25:00+09:00,8270.0,8290.0,8240.0,8240.0,2850.0
2026-07-31 09:30:00+09:00,8230.0,8290.0,8180.0,8190.0,5013.0
2026-07-31 09:35:00+09:00,8190.0,8250.0,8160.0,8240.0,8719.0
2026-07-31 09:40:00+09:00,8240.0,8320.0,8230.0,8320.0,13031.0
2026-07-31 09:45:00+09:00,8290.0,8320.0,8270.0,8280.0,3156.0
2026-07-31 09:50:00+09:00,8280.0,8310.0,8260.0,8310.0,1633.0
2026-07-31 09:55:00+09:00,8300.0,8350.0,8290.0,8320.0,802.0
2026-07-31 10:00:00+09:00,8320.0,8320.0,8280.0,8280.0,698.0
2026-07-31 10:05:00+09:00,8280.0,8340.0,8280.0,8300.0,708.0
2026-07-31 10:10:00+09:00,8300.0,8430.0,8300.0,8430.0,10752.0
2026-07-31 10:15:00+09:00,8430.0,8440.0,8410.0,8430.0,2323.0
2026-07-31 10:20:00+09:00,8440.0,8440.0,8380.0,8420.0,5719.0
2026-07-31 10:25:00+09:00,8390.0,8390.0,8280.0,8290.0,2414.0
2026-07-31 10:30:00+09:00,8300.0,8350.0,8300.0,8350.0,361.0
2026-07-31 10:35:00+09:00,8370.0,8370.0,8280.0,8320.0,3219.0
2026-07-31 10:40:00+09:00,8310.0,8320.0,8290.0,8300.0,2058.0
2026-07-31 10:45:00+09:00,8310.0,8400.0,8290.0,8350.0,4436.0
2026-07-31 10:50:00+09:00,8350.0,8400.0,8350.0,8370.0,3768.0
2026-07-31 10:55:00+09:00,8360.0,8370.0,8320.0,8370.0,6083.0
2026-07-31 11:00:00+09:00,8370.0,8410.0,8370.0,8370.0,2958.0
2026-07-31 11:05:00+09:00,8360.0,8450.0,8360.0,8420.0,4704.0
2026-07-31 11:10:00+09:00,8410.0,8470.0,8380.0,8380.0,2928.0
2026-07-31 11:15:00+09:00,8380.0,8390.0,8350.0,8360.0,1244.0
2026-07-31 11:20:00+09:00,8360.0,8410.0,8350.0,8410.0,1652.0
2026-07-31 11:25:00+09:00,8380.0,8410.0,8380.0,8400.0,680.0
2026-07-31 11:30:00+09:00,8400.0,8420.0,8390.0,8410.0,1462.0
2026-07-31 11:35:00+09:00,8390.0,8450.0,8390.0,8410.0,2245.0
2026-07-31 11:40:00+09:00,8420.0,8470.0,8420.0,8440.0,4782.0
2026-07-31 11:45:00+09:00,8450.0,8460.0,8430.0,8460.0,867.0
2026-07-31 11:50:00+09:00,8440.0,8460.0,8430.0,8430.0,757.0
2026-07-31 11:55:00+09:00,8420.0,8420.0,8390.0,8400.0,1007.0
2026-07-31 12:00:00+09:00,8400.0,8410.0,8400.0,8400.0,0.0
2026-07-31 12:05:00+09:00,8410.0,8440.0,8410.0,8440.0,1375.0
2026-07-31 12:10:00+09:00,8420.0,8420.0,8390.0,8390.0,974.0
2026-07-31 12:15:00+09:00,8380.0,8420.0,8370.0,8410.0,4060.0
2026-07-31 12:20:00+09:00,8410.0,8430.0,8400.0,8400.0,2056.0
2026-07-31 12:25:00+09:00,8400.0,8410.0,8400.0,8410.0,364.0
2026-07-31 12:30:00+09:00,8400.0,8400.0,8360.0,8380.0,111.0
2026-07-31 12:35:00+09:00,8370.0,8380.0,8370.0,8370.0,282.0
2026-07-31 12:40:00+09:00,8380.0,8400.0,8370.0,8400.0,1530.0
2026-07-31 12:45:00+09:00,8390.0,8390.0,8360.0,8370.0,1359.0
2026-07-31 12:50:00+09:00,8360.0,8420.0,8360.0,8420.0,1547.0
2026-07-31 12:55:00+09:00,8410.0,8440.0,8400.0,8440.0,1588.0
2026-07-31 13:00:00+09:00,8400.0,8400.0,8380.0,8380.0,777.0
2026-07-31 13:05:00+09:00,8380.0,8410.0,8380.0,8400.0,648.0
2026-07-31 13:10:00+09:00,8400.0,8410.0,8370.0,8380.0,542.0
2026-07-31 13:15:00+09:00,8370.0,8440.0,8370.0,8430.0,2578.0
2026-07-31 13:20:00+09:00,8420.0,8450.0,8420.0,8450.0,1188.0
2026-07-31 13:25:00+09:00,8430.0,8460.0,8420.0,8460.0,4343.0
2026-07-31 13:30:00+09:00,8460.0,8470.0,8430.0,8430.0,1221.0
2026-07-31 13:35:00+09:00,8440.0,8460.0,8440.0,8440.0,1305.0
2026-07-31 13:40:00+09:00,8450.0,8460.0,8430.0,8460.0,1545.0
2026-07-31 13:45:00+09:00,8440.0,8450.0,8410.0,8450.0,6044.0
2026-07-31 13:50:00+09:00,8450.0,8450.0,8410.0,8410.0,6906.0
2026-07-31 13:55:00+09:00,8400.0,8460.0,8400.0,8450.0,2630.0
2026-07-31 14:00:00+09:00,8450.0,8480.0,8450.0,8470.0,2175.0
2026-07-31 14:05:00+09:00,8470.0,8500.0,8470.0,8480.0,4583.0
2026-07-31 14:10:00+09:00,8480.0,8490.0,8470.0,8490.0,2919.0
2026-07-31 14:15:00+09:00,8490.0,8500.0,8480.0,8500.0,4111.0
2026-07-31 14:20:00+09:00,8500.0,8530.0,8500.0,8530.0,6065.0
2026-07-31 14:25:00+09:00,8530.0,8580.0,8530.0,8580.0,3276.0
2026-07-31 14:30:00+09:00,8580.0,8600.0,8570.0,8570.0,14059.0
2026-07-31 14:35:00+09:00,8570.0,8580.0,8510.0,8560.0,5587.0
2026-07-31 14:40:00+09:00,8560.0,8600.0,8490.0,8590.0,7119.0
2026-07-31 14:45:00+09:00,8580.0,8590.0,8550.0,8590.0,2796.0
2026-07-31 14:50:00+09:00,8590.0,8590.0,8510.0,8540.0,4816.0
2026-07-31 14:55:00+09:00,8550.0,8630.0,8550.0,8630.0,6812.0
2026-08-03 09:00:00+09:00,8370.0,8520.0,8300.0,8430.0,0.0
2026-08-03 09:05:00+09:00,8430.0,8550.0,8380.0,8500.0,13473.0
2026-08-03 09:10:00+09:00,8500.0,8500.0,8320.0,8360.0,9773.0
2026-08-03 09:15:00+09:00,8330.0,8460.0,8320.0,8460.0,11682.0
2026-08-03 09:20:00+09:00,8430.0,8470.0,8400.0,8400.0,6741.0
2026-08-03 09:25:00+09:00,8400.0,8450.0,8360.0,8420.0,11898.0
2026-08-03 09:30:00+09:00,8430.0,8490.0,8430.0,8480.0,5446.0
2026-08-03 09:35:00+09:00,8490.0,8630.0,8480.0,8560.0,9700.0
2026-08-03 09:40:00+09:00,8560.0,8700.0,8530.0,8700.0,7159.0
2026-08-03 09:45:00+09:00,8700.0,8790.0,8620.0,8770.0,8239.0
2026-08-03 09:50:00+09:00,8760.0,8830.0,8750.0,8830.0,4705.0
2026-08-03 09:55:00+09:00,8830.0,8870.0,8770.0,8870.0,3875.0
2026-08-03 10:00:00+09:00,8870.0,8880.0,8850.0,8850.0,3116.0
2026-08-03 10:05:00+09:00,8870.0,8870.0,8840.0,8870.0,2960.0
2026-08-03 10:10:00+09:00,8860.0,8930.0,8860.0,8930.0,9172.0
2026-08-03 10:15:00+09:00,8930.0,8970.0,8930.0,8970.0,5088.0
2026-08-03 10:20:00+09:00,8970.0,9060.0,8960.0,9050.0,9239.0
2026-08-03 10:25:00+09:00,9050.0,9170.0,9050.0,9160.0,9049.0
2026-08-03 10:30:00+09:00,9160.0,9200.0,9140.0,9200.0,8999.0
2026-08-03 10:35:00+09:00,9260.0,9280.0,9160.0,9230.0,18613.0
2026-08-03 10:40:00+09:00,9220.0,9280.0,9220.0,9270.0,10898.0
2026-08-03 10:45:00+09:00,9270.0,9320.0,9220.0,9260.0,13047.0
2026-08-03 10:50:00+09:00,9260.0,9300.0,9230.0,9290.0,13511.0
2026-08-03 10:55:00+09:00,9290.0,9300.0,9230.0,9250.0,10328.0
2026-08-03 11:00:00+09:00,9250.0,9300.0,9200.0,9290.0,9422.0
2026-08-03 11:05:00+09:00,9270.0,9280.0,9170.0,9170.0,2755.0
2026-08-03 11:10:00+09:00,9190.0,9290.0,9180.0,9280.0,6072.0
2026-08-03 11:15:00+09:00,9280.0,9280.0,9220.0,9230.0,1000.0
2026-08-03 11:20:00+09:00,9220.0,9220.0,9130.0,9150.0,3891.0
2026-08-03 11:25:00+09:00,9150.0,9160.0,9120.0,9150.0,2824.0
2026-08-03 11:30:00+09:00,9130.0,9140.0,9120.0,9130.0,2323.0
2026-08-03 11:35:00+09:00,9130.0,9150.0,9110.0,9150.0,1548.0
2026-08-03 11:40:00+09:00,9140.0,9140.0,9090.0,9090.0,6921.0
2026-08-03 11:45:00+09:00,9090.0,9090.0,9000.0,9040.0,3446.0
2026-08-03 11:50:00+09:00,9040.0,9080.0,9030.0,9070.0,813.0
2026-08-03 11:55:00+09:00,9080.0,9120.0,9060.0,9090.0,1208.0
2026-08-03 12:00:00+09:00,9090.0,9100.0,9080.0,9100.0,1416.0
2026-08-03 12:05:00+09:00,9100.0,9120.0,9080.0,9110.0,1585.0
2026-08-03 12:10:00+09:00,9110.0,9110.0,9080.0,9080.0,1338.0
2026-08-03 12:15:00+09:00,9090.0,9090.0,9070.0,9070.0,1730.0
2026-08-03 12:20:00+09:00,9070.0,9070.0,9050.0,9050.0,1908.0
2026-08-03 12:25:00+09:00,9060.0,9120.0,9040.0,9070.0,1577.0
2026-08-03 12:30:00+09:00,9070.0,9160.0,9060.0,9160.0,1579.0
2026-08-03 12:35:00+09:00,9160.0,9160.0,9100.0,9160.0,1124.0
2026-08-03 12:40:00+09:00,9150.0,9190.0,9130.0,9190.0,3135.0
2026-08-03 12:45:00+09:00,9200.0,9200.0,9080.0,9110.0,2258.0
2026-08-03 12:50:00+09:00,9110.0,9200.0,9110.0,9180.0,1897.0
2026-08-03 12:55:00+09:00,9180.0,9180.0,9070.0,9080.0,3474.0
2026-08-03 13:00:00+09:00,9080.0,9080.0,9040.0,9050.0,1433.0
2026-08-03 13:05:00+09:00,9050.0,9100.0,9040.0,9060.0,2700.0
2026-08-03 13:10:00+09:00,9050.0,9050.0,9000.0,9030.0,4954.0
2026-08-03 13:15:00+09:00,9030.0,9090.0,9000.0,9000.0,7307.0
2026-08-03 13:20:00+09:00,9010.0,9050.0,9000.0,9000.0,1021.0
2026-08-03 13:25:00+09:00,9000.0,9040.0,8930.0,8990.0,3149.0
2026-08-03 13:30:00+09:00,9000.0,9040.0,8900.0,8910.0,6297.0
2026-08-03 13:35:00+09:00,8910.0,8950.0,8880.0,8900.0,3411.0
2026-08-03 13:40:00+09:00,8910.0,8930.0,8900.0,8930.0,1472.0
2026-08-03 13:45:00+09:00,8930.0,8990.0,8900.0,8980.0,1807.0
2026-08-03 13:50:00+09:00,8980.0,8980.0,8910.0,8930.0,1777.0
2026-08-03 13:55:00+09:00,8930.0,8930.0,8910.0,8910.0,1644.0
2026-08-03 14:00:00+09:00,8910.0,8970.0,8900.0,8960.0,1139.0
2026-08-03 14:05:00+09:00,8940.0,8940.0,8890.0,8920.0,2413.0
2026-08-03 14:10:00+09:00,8930.0,8980.0,8910.0,8950.0,1041.0
2026-08-03 14:15:00+09:00,8920.0,8920.0,8870.0,8890.0,2669.0
2026-08-03 14:20:00+09:00,8890.0,8920.0,8890.0,8890.0,1217.0
2026-08-03 14:25:00+09:00,8890.0,8920.0,8890.0,8910.0,1787.0
2026-08-03 14:30:00+09:00,8910.0,8930.0,8890.0,8920.0,969.0
2026-08-03 14:35:00+09:00,8890.0,8920.0,8890.0,8910.0,998.0
2026-08-03 14:40:00+09:00,8910.0,8940.0,8900.0,8920.0,977.0
2026-08-03 14:45:00+09:00,8920.0,8920.0,8880.0,8890.0,3178.0
2026-08-03 14:50:00+09:00,8890.0,8900.0,8860.0,8870.0,6522.0
2026-08-03 14:55:00+09:00,8860.0,8890.0,8850.0,8880.0,1602.0
2026-08-04 09:00:00+09:00,8850.0,9370.0,8850.0,9310.0,22490.0
2026-08-04 09:05:00+09:00,9310.0,9380.0,9220.0,9350.0,13501.0
2026-08-04 09:10:00+09:00,9360.0,9440.0,9310.0,9310.0,10355.0
2026-08-04 09:15:00+09:00,9310.0,9450.0,9260.0,9440.0,7511.0
2026-08-04 09:20:00+09:00,9440.0,9590.0,9430.0,9570.0,22619.0
2026-08-04 09:25:00+09:00,9570.0,9580.0,9410.0,9480.0,9166.0
2026-08-04 09:30:00+09:00,9460.0,9480.0,9400.0,9440.0,4539.0
2026-08-04 09:35:00+09:00,9470.0,9500.0,9390.0,9450.0,5473.0
2026-08-04 09:40:00+09:00,9450.0,9480.0,9380.0,9450.0,6904.0
2026-08-04 09:45:00+09:00,9460.0,9470.0,9360.0,9400.0,26112.0
2026-08-04 09:50:00+09:00,9400.0,9420.0,9330.0,9360.0,8455.0
2026-08-04 09:55:00+09:00,9340.0,9340.0,9270.0,9320.0,7332.0
2026-08-04 10:00:00+09:00,9320.0,9330.0,9260.0,9280.0,5975.0
2026-08-04 10:05:00+09:00,9290.0,9360.0,9280.0,9340.0,8789.0
2026-08-04 10:10:00+09:00,9350.0,9430.0,9310.0,9410.0,5595.0
2026-08-04 10:15:00+09:00,9410.0,9480.0,9380.0,9430.0,10247.0
2026-08-04 10:20:00+09:00,9430.0,9500.0,9420.0,9420.0,6339.0
2026-08-04 10:25:00+09:00,9430.0,9500.0,9420.0,9490.0,2817.0
2026-08-04 10:30:00+09:00,9490.0,9560.0,9440.0,9550.0,9411.0
2026-08-04 10:35:00+09:00,9550.0,9570.0,9470.0,9470.0,3504.0
2026-08-04 10:40:00+09:00,9460.0,9550.0,9460.0,9540.0,3206.0
2026-08-04 10:45:00+09:00,9540.0,9570.0,9510.0,9570.0,7216.0
2026-08-04 10:50:00+09:00,9560.0,9630.0,9560.0,9600.0,21977.0
2026-08-04 10:55:00+09:00,9600.0,9600.0,9300.0,9500.0,11075.0
2026-08-04 11:00:00+09:00,9510.0,9510.0,9430.0,9500.0,908.0
2026-08-04 11:05:00+09:00,9500.0,9510.0,9450.0,9490.0,2254.0
2026-08-04 11:10:00+09:00,9490.0,9490.0,9460.0,9460.0,689.0
2026-08-04 11:15:00+09:00,9480.0,9570.0,9460.0,9510.0,1598.0
2026-08-04 11:20:00+09:00,9510.0,9590.0,9500.0,9540.0,3510.0
2026-08-04 11:25:00+09:00,9550.0,9570.0,9480.0,9500.0,2008.0
2026-08-04 11:30:00+09:00,9500.0,9600.0,9490.0,9520.0,3461.0
2026-08-04 11:35:00+09:00,9560.0,9590.0,9540.0,9560.0,2072.0
2026-08-04 11:40:00+09:00,9560.0,9570.0,9520.0,9520.0,788.0
2026-08-04 11:45:00+09:00,9530.0,9530.0,9460.0,9470.0,638.0
2026-08-04 11:50:00+09:00,9460.0,9530.0,9420.0,9430.0,2959.0
2026-08-04 11:55:00+09:00,9430.0,9490.0,9430.0,9490.0,956.0
2026-08-04 12:00:00+09:00,9470.0,9520.0,9420.0,9420.0,1172.0
2026-08-04 12:05:00+09:00,9420.0,9450.0,9420.0,9420.0,397.0
2026-08-04 12:10:00+09:00,9440.0,9450.0,9370.0,9420.0,554.0
2026-08-04 12:15:00+09:00,9430.0,9450.0,9360.0,9440.0,2116.0
2026-08-04 12:20:00+09:00,9440.0,9490.0,9440.0,9490.0,1548.0
2026-08-04 12:25:00+09:00,9500.0,9520.0,9470.0,9510.0,1731.0
2026-08-04 12:30:00+09:00,9510.0,9540.0,9470.0,9500.0,2152.0
2026-08-04 12:35:00+09:00,9460.0,9500.0,9460.0,9500.0,1348.0
2026-08-04 12:40:00+09:00,9500.0,9500.0,9470.0,9490.0,996.0
2026-08-04 12:45:00+09:00,9490.0,9500.0,9400.0,9450.0,3392.0
2026-08-04 12:50:00+09:00,9440.0,9490.0,9440.0,9460.0,1281.0
2026-08-04 12:55:00+09:00,9460.0,9530.0,9460.0,9520.0,2939.0
2026-08-04 13:00:00+09:00,9500.0,9530.0,9500.0,9530.0,2113.0
2026-08-04 13:05:00+09:00,9520.0,9530.0,9460.0,9530.0,1470.0
2026-08-04 13:10:00+09:00,9500.0,9500.0,9430.0,9460.0,1359.0
2026-08-04 13:15:00+09:00,9460.0,9520.0,9460.0,9520.0,2456.0
2026-08-04 13:20:00+09:00,9520.0,9520.0,9480.0,9520.0,2134.0
2026-08-04 13:25:00+09:00,9510.0,9520.0,9440.0,9460.0,3344.0
2026-08-04 13:30:00+09:00,9460.0,9510.0,9420.0,9420.0,2518.0
2026-08-04 13:35:00+09:00,9410.0,9410.0,9370.0,9380.0,4472.0
2026-08-04 13:40:00+09:00,9380.0,9400.0,9370.0,9370.0,1381.0
2026-08-04 13:45:00+09:00,9370.0,9440.0,9350.0,9420.0,4420.0
2026-08-04 13:50:00+09:00,9420.0,9440.0,9400.0,9440.0,2964.0
2026-08-04 13:55:00+09:00,9440.0,9440.0,9400.0,9400.0,895.0
2026-08-04 14:00:00+09:00,9400.0,9410.0,9350.0,9350.0,2405.0
2026-08-04 14:05:00+09:00,9350.0,9440.0,9330.0,9440.0,4965.0
2026-08-04 14:10:00+09:00,9400.0,9430.0,9330.0,9370.0,4946.0
2026-08-04 14:15:00+09:00,9380.0,9460.0,9360.0,9410.0,1658.0
2026-08-04 14:20:00+09:00,9400.0,9480.0,9400.0,9460.0,1379.0
2026-08-04 14:25:00+09:00,9470.0,9490.0,9430.0,9480.0,1317.0
2026-08-04 14:30:00+09:00,9480.0,9520.0,9440.0,9480.0,3828.0
2026-08-04 14:35:00+09:00,9480.0,9510.0,9430.0,9430.0,4892.0
2026-08-04 14:40:00+09:00,9430.0,9460.0,9430.0,9460.0,2149.0
2026-08-04 14:45:00+09:00,9460.0,9520.0,9440.0,9510.0,2833.0
2026-08-04 14:50:00+09:00,9480.0,9510.0,9460.0,9500.0,5064.0
2026-08-04 14:55:00+09:00,9500.0,9500.0,9460.0,9500.0,3151.0
2026-08-05 09:00:00+09:00,9600.0,9750.0,9480.0,9520.0,22966.0
2026-08-05 09:05:00+09:00,9550.0,9570.0,9410.0,9430.0,9189.0
2026-08-05 09:10:00+09:00,9430.0,9530.0,9410.0,9490.0,8821.0
2026-08-05 09:15:00+09:00,9490.0,9570.0,9470.0,9540.0,2620.0
2026-08-05 09:20:00+09:00,9560.0,9560.0,9340.0,9350.0,30511.0
2026-08-05 09:25:00+09:00,9350.0,9440.0,9200.0,9210.0,36721.0
2026-08-05 09:30:00+09:00,9200.0,9250.0,9120.0,9250.0,24464.0
2026-08-05 09:35:00+09:00,9240.0,9320.0,9170.0,9190.0,26688.0
2026-08-05 09:40:00+09:00,9180.0,9280.0,9180.0,9260.0,18842.0
2026-08-05 09:45:00+09:00,9280.0,9310.0,9250.0,9260.0,4655.0
2026-08-05 09:50:00+09:00,9260.0,9290.0,9230.0,9260.0,14700.0
2026-08-05 09:55:00+09:00,9260.0,9330.0,9260.0,9310.0,14716.0
2026-08-05 10:00:00+09:00,9310.0,9310.0,9230.0,9260.0,9915.0
2026-08-05 10:05:00+09:00,9260.0,9260.0,9210.0,9240.0,4359.0
2026-08-05 10:10:00+09:00,9240.0,9270.0,9180.0,9190.0,6094.0
2026-08-05 10:15:00+09:00,9190.0,9190.0,9120.0,9120.0,15850.0
2026-08-05 10:20:00+09:00,9120.0,9140.0,9110.0,9110.0,8269.0
2026-08-05 10:25:00+09:00,9110.0,9130.0,9090.0,9120.0,7226.0
2026-08-05 10:30:00+09:00,9120.0,9140.0,9110.0,9110.0,4308.0
2026-08-05 10:35:00+09:00,9120.0,9160.0,9110.0,9120.0,3340.0
2026-08-05 10:40:00+09:00,9130.0,9140.0,9100.0,9120.0,4693.0
2026-08-05 10:45:00+09:00,9130.0,9170.0,9120.0,9140.0,3216.0
2026-08-05 10:50:00+09:00,9150.0,9190.0,9150.0,9190.0,2269.0
2026-08-05 10:55:00+09:00,9170.0,9230.0,9170.0,9190.0,3028.0
2026-08-05 11:00:00+09:00,9180.0,9230.0,9180.0,9230.0,4423.0
2026-08-05 11:05:00+09:00,9230.0,9270.0,9220.0,9230.0,1987.0
2026-08-05 11:10:00+09:00,9230.0,9260.0,9230.0,9230.0,725.0
2026-08-05 11:15:00+09:00,9230.0,9250.0,9210.0,9220.0,682.0
2026-08-05 11:20:00+09:00,9230.0,9270.0,9200.0,9250.0,1525.0
2026-08-05 11:25:00+09:00,9250.0,9250.0,9200.0,9230.0,2176.0
2026-08-05 11:30:00+09:00,9220.0,9220.0,9190.0,9190.0,3894.0
2026-08-05 11:35:00+09:00,9190.0,9230.0,9190.0,9210.0,529.0
2026-08-05 11:40:00+09:00,9210.0,9250.0,9210.0,9230.0,929.0
2026-08-05 11:45:00+09:00,9230.0,9240.0,9230.0,9230.0,280.0
2026-08-05 11:50:00+09:00,9240.0,9260.0,9240.0,9260.0,441.0
2026-08-05 11:55:00+09:00,9250.0,9260.0,9230.0,9230.0,3060.0
2026-08-05 12:00:00+09:00,9250.0,9260.0,9220.0,9240.0,981.0
2026-08-05 12:05:00+09:00,9240.0,9240.0,9220.0,9240.0,515.0
2026-08-05 12:10:00+09:00,9250.0,9260.0,9240.0,9240.0,3644.0
2026-08-05 12:15:00+09:00,9260.0,9270.0,9250.0,9250.0,647.0
2026-08-05 12:20:00+09:00,9250.0,9250.0,9220.0,9220.0,1500.0
2026-08-05 12:25:00+09:00,9220.0,9220.0,9200.0,9220.0,1185.0
2026-08-05 12:30:00+09:00,9210.0,9220.0,9200.0,9200.0,2023.0
2026-08-05 12:35:00+09:00,9220.0,9220.0,9180.0,9210.0,1430.0
2026-08-05 12:40:00+09:00,9210.0,9220.0,9180.0,9180.0,2031.0
2026-08-05 12:45:00+09:00,9200.0,9210.0,9170.0,9180.0,1184.0
2026-08-05 12:50:00+09:00,9180.0,9210.0,9180.0,9200.0,1092.0
2026-08-05 12:55:00+09:00,9190.0,9200.0,9120.0,9180.0,4901.0
2026-08-05 13:00:00+09:00,9180.0,9200.0,9170.0,9180.0,1622.0
2026-08-05 13:05:00+09:00,9180.0,9220.0,9180.0,9210.0,987.0
2026-08-05 13:10:00+09:00,9210.0,9210.0,9140.0,9150.0,2304.0
2026-08-05 13:15:00+09:00,9150.0,9160.0,9110.0,9130.0,6446.0
2026-08-05 13:20:00+09:00,9130.0,9130.0,9100.0,9110.0,3511.0
2026-08-05 13:25:00+09:00,9100.0,9130.0,9100.0,9120.0,2628.0
2026-08-05 13:30:00+09:00,9120.0,9150.0,9110.0,9140.0,1545.0
2026-08-05 13:35:00+09:00,9150.0,9150.0,9100.0,9110.0,3572.0
2026-08-05 13:40:00+09:00,9110.0,9130.0,9110.0,9120.0,3862.0
2026-08-05 13:45:00+09:00,9120.0,9120.0,9100.0,9110.0,5521.0
2026-08-05 13:50:00+09:00,9100.0,9120.0,9080.0,9100.0,8514.0
2026-08-05 13:55:00+09:00,9100.0,9140.0,9090.0,9100.0,2772.0
2026-08-05 14:00:00+09:00,9110.0,9130.0,9100.0,9110.0,689.0
2026-08-05 14:05:00+09:00,9120.0,9140.0,9100.0,9140.0,2682.0
2026-08-05 14:10:00+09:00,9120.0,9200.0,9110.0,9130.0,2798.0
2026-08-05 14:15:00+09:00,9120.0,9120.0,9100.0,9100.0,3741.0
2026-08-05 14:20:00+09:00,9110.0,9140.0,9100.0,9130.0,2562.0
2026-08-05 14:25:00+09:00,9130.0,9130.0,9100.0,9110.0,2564.0
2026-08-05 14:30:00+09:00,9110.0,9140.0,9100.0,9120.0,3373.0
2026-08-05 14:35:00+09:00,9130.0,9130.0,9110.0,9120.0,4783.0
2026-08-05 14:40:00+09:00,9110.0,9120.0,9100.0,9110.0,2062.0
2026-08-05 14:45:00+09:00,9110.0,9130.0,9100.0,9120.0,2534.0
2026-08-05 14:50:00+09:00,9120.0,9120.0,9090.0,9100.0,7210.0
2026-08-05 14:55:00+09:00,9095.0,9130.0,9090.0,9130.0,6587.0
2026-08-06 09:00:00+09:00,9110.0,9280.0,9070.0,9170.0,9373.0
2026-08-06 09:05:00+09:00,9170.0,9230.0,9100.0,9150.0,5603.0
2026-08-06 09:10:00+09:00,9150.0,9180.0,9070.0,9110.0,7140.0
2026-08-06 09:15:00+09:00,9100.0,9110.0,9070.0,9110.0,3081.0
2026-08-06 09:20:00+09:00,9110.0,9140.0,9040.0,9050.0,2594.0
2026-08-06 09:25:00+09:00,9050.0,9080.0,9010.0,9020.0,7719.0
2026-08-06 09:30:00+09:00,9020.0,9050.0,8960.0,9010.0,8024.0
2026-08-06 09:35:00+09:00,8990.0,9090.0,8960.0,9080.0,4181.0
2026-08-06 09:40:00+09:00,9080.0,9160.0,9060.0,9140.0,2935.0
2026-08-06 09:45:00+09:00,9140.0,9230.0,9140.0,9190.0,5737.0
2026-08-06 09:50:00+09:00,9180.0,9180.0,9130.0,9150.0,5907.0
2026-08-06 09:55:00+09:00,9150.0,9170.0,9130.0,9170.0,4429.0
2026-08-06 10:00:00+09:00,9170.0,9200.0,9130.0,9180.0,2427.0
2026-08-06 10:05:00+09:00,9170.0,9210.0,9140.0,9190.0,1485.0
2026-08-06 10:10:00+09:00,9190.0,9230.0,9140.0,9180.0,2713.0
2026-08-06 10:15:00+09:00,9180.0,9180.0,9150.0,9150.0,1658.0
2026-08-06 10:20:00+09:00,9140.0,9140.0,9050.0,9080.0,3581.0
2026-08-06 10:25:00+09:00,9080.0,9100.0,9030.0,9040.0,4606.0
2026-08-06 10:30:00+09:00,9050.0,9100.0,9030.0,9060.0,2650.0
2026-08-06 10:35:00+09:00,9050.0,9070.0,9050.0,9060.0,2224.0
2026-08-06 10:40:00+09:00,9050.0,9080.0,9040.0,9060.0,2270.0
2026-08-06 10:45:00+09:00,9060.0,9070.0,9040.0,9050.0,1331.0
2026-08-06 10:50:00+09:00,9050.0,9100.0,9050.0,9070.0,1292.0
2026-08-06 10:55:00+09:00,9070.0,9140.0,9050.0,9110.0,1549.0
2026-08-06 11:00:00+09:00,9100.0,9120.0,9090.0,9110.0,711.0
2026-08-06 11:05:00+09:00,9100.0,9120.0,9070.0,9120.0,580.0
2026-08-06 11:10:00+09:00,9110.0,9140.0,9090.0,9120.0,1277.0
2026-08-06 11:15:00+09:00,9120.0,9140.0,9110.0,9130.0,780.0
2026-08-06 11:20:00+09:00,9130.0,9190.0,9110.0,9180.0,2523.0
2026-08-06 11:25:00+09:00,9170.0,9200.0,9140.0,9200.0,1514.0
2026-08-06 11:30:00+09:00,9200.0,9230.0,9150.0,9230.0,4695.0
2026-08-06 11:35:00+09:00,9220.0,9260.0,9220.0,9240.0,4561.0
2026-08-06 11:40:00+09:00,9250.0,9290.0,9240.0,9290.0,7561.0
2026-08-06 11:45:00+09:00,9290.0,9380.0,9280.0,9320.0,8473.0
2026-08-06 11:50:00+09:00,9340.0,9350.0,9280.0,9320.0,5403.0
2026-08-06 11:55:00+09:00,9320.0,9320.0,9240.0,9260.0,2893.0
2026-08-06 12:00:00+09:00,9250.0,9360.0,9210.0,9340.0,6274.0
2026-08-06 12:05:00+09:00,9340.0,9340.0,9240.0,9280.0,4481.0
2026-08-06 12:10:00+09:00,9280.0,9310.0,9260.0,9270.0,643.0
2026-08-06 12:15:00+09:00,9270.0,9280.0,9230.0,9240.0,705.0
2026-08-06 12:20:00+09:00,9230.0,9290.0,9230.0,9250.0,1824.0
2026-08-06 12:25:00+09:00,9240.0,9250.0,9180.0,9200.0,1573.0
2026-08-06 12:30:00+09:00,9210.0,9230.0,9150.0,9200.0,1921.0
2026-08-06 12:35:00+09:00,9190.0,9220.0,9150.0,9200.0,1191.0
2026-08-06 12:40:00+09:00,9210.0,9230.0,9190.0,9210.0,859.0
2026-08-06 12:45:00+09:00,9210.0,9210.0,9180.0,9210.0,727.0
2026-08-06 12:50:00+09:00,9220.0,9220.0,9170.0,9200.0,934.0
2026-08-06 12:55:00+09:00,9200.0,9210.0,9180.0,9190.0,1737.0
2026-08-06 13:00:00+09:00,9200.0,9200.0,9160.0,9170.0,1313.0
2026-08-06 13:05:00+09:00,9160.0,9230.0,9150.0,9190.0,2054.0
2026-08-06 13:10:00+09:00,9190.0,9200.0,9160.0,9180.0,904.0
2026-08-06 13:15:00+09:00,9170.0,9180.0,9170.0,9170.0,219.0
2026-08-06 13:20:00+09:00,9180.0,9230.0,9180.0,9210.0,2821.0
2026-08-06 13:25:00+09:00,9220.0,9250.0,9200.0,9220.0,1539.0
2026-08-06 13:30:00+09:00,9220.0,9280.0,9220.0,9240.0,5315.0
2026-08-06 13:35:00+09:00,9230.0,9260.0,9180.0,9200.0,3040.0
2026-08-06 13:40:00+09:00,9210.0,9290.0,9210.0,9240.0,3796.0
2026-08-06 13:45:00+09:00,9240.0,9270.0,9230.0,9270.0,1175.0
2026-08-06 13:50:00+09:00,9240.0,9300.0,9200.0,9300.0,11894.0
2026-08-06 13:55:00+09:00,9300.0,9390.0,9300.0,9390.0,9995.0
2026-08-06 14:00:00+09:00,9390.0,9390.0,9350.0,9370.0,5510.0
2026-08-06 14:05:00+09:00,9360.0,9390.0,9340.0,9350.0,3667.0
2026-08-06 14:10:00+09:00,9350.0,9350.0,9300.0,9310.0,1531.0
2026-08-06 14:15:00+09:00,9320.0,9370.0,9320.0,9340.0,2362.0
2026-08-06 14:20:00+09:00,9340.0,9360.0,9320.0,9350.0,4286.0
2026-08-06 14:25:00+09:00,9360.0,9370.0,9320.0,9320.0,2511.0
2026-08-06 14:30:00+09:00,9320.0,9320.0,9260.0,9280.0,3744.0
2026-08-06 14:35:00+09:00,9290.0,9300.0,9270.0,9280.0,1298.0
2026-08-06 14:40:00+09:00,9280.0,9330.0,9280.0,9330.0,2790.0
2026-08-06 14:45:00+09:00,9320.0,9360.0,9320.0,9350.0,4523.0
2026-08-06 14:50:00+09:00,9350.0,9350.0,9240.0,9280.0,3161.0
2026-08-06 14:55:00+09:00,9280.0,9320.0,9280.0,9310.0,1648.0
2026-08-07 09:00:00+09:00,9200.0,9450.0,9200.0,9330.0,12682.0
2026-08-07 09:05:00+09:00,9390.0,9390.0,9320.0,9370.0,2964.0
2026-08-07 09:10:00+09:00,9360.0,9450.0,9300.0,9410.0,7614.0
2026-08-07 09:15:00+09:00,9390.0,9390.0,9290.0,9330.0,5986.0
2026-08-07 09:20:00+09:00,9330.0,9340.0,9260.0,9290.0,4673.0
2026-08-07 09:25:00+09:00,9290.0,9310.0,9260.0,9310.0,2785.0
2026-08-07 09:30:00+09:00,9310.0,9380.0,9290.0,9380.0,2303.0
2026-08-07 09:35:00+09:00,9350.0,9390.0,9320.0,9360.0,5239.0
2026-08-07 09:40:00+09:00,9360.0,9360.0,9270.0,9280.0,3651.0
2026-08-07 09:45:00+09:00,9270.0,9290.0,9230.0,9240.0,7126.0
2026-08-07 09:50:00+09:00,9240.0,9260.0,9220.0,9250.0,3727.0
2026-08-07 09:55:00+09:00,9250.0,9290.0,9220.0,9290.0,2785.0
2026-08-07 10:00:00+09:00,9290.0,9300.0,9250.0,9270.0,2959.0
2026-08-07 10:05:00+09:00,9270.0,9290.0,9200.0,9200.0,5186.0
2026-08-07 10:10:00+09:00,9220.0,9240.0,9160.0,9170.0,7587.0
2026-08-07 10:15:00+09:00,9170.0,9180.0,9120.0,9130.0,4668.0
2026-08-07 10:20:00+09:00,9120.0,9130.0,9070.0,9110.0,11401.0
2026-08-07 10:25:00+09:00,9110.0,9140.0,9090.0,9110.0,4952.0
2026-08-07 10:30:00+09:00,9110.0,9160.0,9100.0,9120.0,7781.0
2026-08-07 10:35:00+09:00,9120.0,9120.0,9070.0,9080.0,4659.0
2026-08-07 10:40:00+09:00,9080.0,9440.0,9030.0,9090.0,10092.0
2026-08-07 10:45:00+09:00,9090.0,9120.0,9070.0,9110.0,3627.0
2026-08-07 10:50:00+09:00,9120.0,9120.0,9040.0,9100.0,3141.0
2026-08-07 10:55:00+09:00,9090.0,9130.0,9050.0,9100.0,3935.0
2026-08-07 11:00:00+09:00,9100.0,9110.0,9070.0,9110.0,2114.0
2026-08-07 11:05:00+09:00,9120.0,9170.0,9060.0,9070.0,4718.0
2026-08-07 11:10:00+09:00,9080.0,9110.0,9060.0,9080.0,2659.0
2026-08-07 11:15:00+09:00,9080.0,9150.0,9070.0,9100.0,2075.0
2026-08-07 11:20:00+09:00,9110.0,9110.0,9050.0,9090.0,2162.0
2026-08-07 11:25:00+09:00,9090.0,9100.0,9070.0,9080.0,2070.0
2026-08-07 11:30:00+09:00,9080.0,9090.0,9070.0,9070.0,2328.0
2026-08-07 11:35:00+09:00,9080.0,9090.0,9070.0,9070.0,963.0
2026-08-07 11:40:00+09:00,9080.0,9090.0,9080.0,9080.0,1193.0
2026-08-07 11:45:00+09:00,9080.0,9100.0,9070.0,9100.0,1317.0
2026-08-07 11:50:00+09:00,9110.0,9110.0,9070.0,9080.0,1439.0
2026-08-07 11:55:00+09:00,9080.0,9090.0,9080.0,9080.0,1290.0
2026-08-07 12:00:00+09:00,9090.0,9130.0,9070.0,9110.0,1172.0
2026-08-07 12:05:00+09:00,9110.0,9120.0,9070.0,9080.0,3945.0
2026-08-07 12:10:00+09:00,9090.0,9120.0,9070.0,9090.0,2228.0
2026-08-07 12:15:00+09:00,9090.0,9090.0,9060.0,9070.0,2150.0
2026-08-07 12:20:00+09:00,9060.0,9070.0,9060.0,9070.0,2452.0
2026-08-07 12:25:00+09:00,9080.0,9090.0,9060.0,9070.0,2081.0
2026-08-07 12:30:00+09:00,9080.0,9110.0,9070.0,9100.0,1338.0
2026-08-07 12:35:00+09:00,9100.0,9120.0,9100.0,9110.0,1420.0
2026-08-07 12:40:00+09:00,9110.0,9120.0,9070.0,9080.0,2540.0
2026-08-07 12:45:00+09:00,9080.0,9080.0,9070.0,9080.0,1835.0
2026-08-07 12:50:00+09:00,9080.0,9090.0,9050.0,9060.0,1867.0
2026-08-07 12:55:00+09:00,9060.0,9060.0,9040.0,9040.0,1525.0
2026-08-07 13:00:00+09:00,9040.0,9070.0,9000.0,9070.0,5184.0
2026-08-07 13:05:00+09:00,9070.0,9080.0,9050.0,9080.0,768.0
2026-08-07 13:10:00+09:00,9070.0,9090.0,9070.0,9090.0,1389.0
2026-08-07 13:15:00+09:00,9070.0,9090.0,9050.0,9090.0,2295.0
2026-08-07 13:20:00+09:00,9080.0,9140.0,9080.0,9140.0,1208.0
2026-08-07 13:25:00+09:00,9110.0,9140.0,9100.0,9140.0,1100.0
2026-08-07 13:30:00+09:00,9140.0,9150.0,9130.0,9130.0,478.0
2026-08-07 13:35:00+09:00,9140.0,9150.0,9130.0,9140.0,691.0
2026-08-07 13:40:00+09:00,9140.0,9150.0,9130.0,9150.0,1412.0
2026-08-07 13:45:00+09:00,9150.0,9150.0,9120.0,9120.0,746.0
2026-08-07 13:50:00+09:00,9120.0,9130.0,9100.0,9110.0,540.0
2026-08-07 13:55:00+09:00,9110.0,9130.0,9100.0,9120.0,2539.0
2026-08-07 14:00:00+09:00,9120.0,9170.0,9120.0,9170.0,2558.0
2026-08-07 14:05:00+09:00,9170.0,9220.0,9160.0,9220.0,2727.0
2026-08-07 14:10:00+09:00,9220.0,9220.0,9190.0,9200.0,1382.0
2026-08-07 14:15:00+09:00,9200.0,9210.0,9190.0,9200.0,1297.0
2026-08-07 14:20:00+09:00,9200.0,9210.0,9200.0,9210.0,828.0
2026-08-07 14:25:00+09:00,9210.0,9230.0,9190.0,9210.0,1660.0
2026-08-07 14:30:00+09:00,9210.0,9220.0,9190.0,9190.0,1028.0
2026-08-07 14:35:00+09:00,9190.0,9220.0,9180.0,9220.0,1057.0
2026-08-07 14:40:00+09:00,9200.0,9210.0,9200.0,9210.0,1352.0
2026-08-07 14:45:00+09:00,9200.0,9210.0,9190.0,9190.0,1867.0
2026-08-07 14:50:00+09:00,9190.0,9220.0,9180.0,9220.0,2674.0
2026-08-07 14:55:00+09:00,9230.0,9240.0,9220.0,9220.0,1150.0
2026-08-10 09:00:00+09:00,9300.0,9600.0,9300.0,9530.0,0.0
2026-08-10 09:05:00+09:00,9500.0,9580.0,9370.0,9370.0,7075.0
2026-08-10 09:10:00+09:00,9380.0,9470.0,9380.0,9410.0,5040.0
2026-08-10 09:15:00+09:00,9470.0,9500.0,9430.0,9490.0,5249.0
2026-08-10 09:20:00+09:00,9470.0,9510.0,9460.0,9510.0,4233.0
2026-08-10 09:25:00+09:00,9510.0,9570.0,9490.0,9540.0,11822.0
2026-08-10 09:30:00+09:00,9540.0,9630.0,9530.0,9620.0,6175.0
2026-08-10 09:35:00+09:00,9620.0,9680.0,9600.0,9680.0,7007.0
2026-08-10 09:40:00+09:00,9680.0,9700.0,9650.0,9700.0,4662.0
2026-08-10 09:45:00+09:00,9700.0,9760.0,9700.0,9750.0,5525.0
2026-08-10 09:50:00+09:00,9760.0,9800.0,9740.0,9790.0,9710.0
2026-08-10 09:55:00+09:00,9800.0,9840.0,9780.0,9810.0,9226.0
2026-08-10 10:00:00+09:00,9800.0,9830.0,9770.0,9810.0,4021.0
2026-08-10 10:05:00+09:00,9810.0,9880.0,9810.0,9880.0,7112.0
2026-08-10 10:10:00+09:00,9880.0,9890.0,9850.0,9890.0,8085.0
2026-08-10 10:15:00+09:00,9890.0,9950.0,9870.0,9950.0,8202.0
2026-08-10 10:20:00+09:00,9920.0,9990.0,9920.0,9950.0,6831.0
2026-08-10 10:25:00+09:00,9950.0,9960.0,9900.0,9940.0,8821.0
2026-08-10 10:30:00+09:00,9920.0,9940.0,9830.0,9830.0,3920.0
2026-08-10 10:35:00+09:00,9820.0,9860.0,9800.0,9810.0,2949.0
2026-08-10 10:40:00+09:00,9800.0,9830.0,9760.0,9800.0,2638.0
2026-08-10 10:45:00+09:00,9800.0,9870.0,9800.0,9850.0,3610.0
2026-08-10 10:50:00+09:00,9860.0,9930.0,9840.0,9870.0,6783.0
2026-08-10 10:55:00+09:00,9850.0,9850.0,9750.0,9770.0,2501.0
2026-08-10 11:00:00+09:00,9770.0,9850.0,9760.0,9840.0,2652.0
2026-08-10 11:05:00+09:00,9810.0,9830.0,9770.0,9770.0,879.0
2026-08-10 11:10:00+09:00,9780.0,9840.0,9770.0,9790.0,1869.0
2026-08-10 11:15:00+09:00,9780.0,9840.0,9760.0,9840.0,4163.0
2026-08-10 11:20:00+09:00,9800.0,9820.0,9790.0,9800.0,654.0
2026-08-10 11:25:00+09:00,9780.0,9800.0,9780.0,9790.0,1467.0
2026-08-10 11:30:00+09:00,9780.0,9830.0,9750.0,9790.0,2854.0
2026-08-10 11:35:00+09:00,9790.0,9850.0,9790.0,9840.0,2714.0
2026-08-10 11:40:00+09:00,9840.0,9870.0,9810.0,9810.0,2069.0
2026-08-10 11:45:00+09:00,9820.0,9820.0,9800.0,9810.0,701.0
2026-08-10 11:50:00+09:00,9800.0,9840.0,9800.0,9810.0,844.0
2026-08-10 11:55:00+09:00,9820.0,9850.0,9800.0,9800.0,2004.0
2026-08-10 12:00:00+09:00,9790.0,9850.0,9790.0,9830.0,2701.0
2026-08-10 12:05:00+09:00,9830.0,9840.0,9790.0,9840.0,2939.0
2026-08-10 12:10:00+09:00,9840.0,9850.0,9800.0,9820.0,2230.0
2026-08-10 12:15:00+09:00,9820.0,9820.0,9760.0,9760.0,4043.0
2026-08-10 12:20:00+09:00,9790.0,9800.0,9760.0,9780.0,1402.0
2026-08-10 12:25:00+09:00,9790.0,9790.0,9760.0,9780.0,1252.0
2026-08-10 12:30:00+09:00,9780.0,9810.0,9740.0,9770.0,2865.0
2026-08-10 12:35:00+09:00,9770.0,9830.0,9770.0,9810.0,2376.0
2026-08-10 12:40:00+09:00,9800.0,9810.0,9780.0,9780.0,357.0
2026-08-10 12:45:00+09:00,9780.0,9790.0,9740.0,9740.0,921.0
2026-08-10 12:50:00+09:00,9750.0,9750.0,9700.0,9710.0,2253.0
2026-08-10 12:55:00+09:00,9710.0,9840.0,9710.0,9760.0,1791.0
2026-08-10 13:00:00+09:00,9760.0,9780.0,9750.0,9750.0,1237.0
2026-08-10 13:05:00+09:00,9760.0,9770.0,9720.0,9770.0,2090.0
2026-08-10 13:10:00+09:00,9760.0,9780.0,9730.0,9760.0,2574.0
2026-08-10 13:15:00+09:00,9760.0,9760.0,9740.0,9760.0,865.0
2026-08-10 13:20:00+09:00,9770.0,9770.0,9720.0,9720.0,1174.0
2026-08-10 13:25:00+09:00,9730.0,9750.0,9720.0,9740.0,1148.0
2026-08-10 13:30:00+09:00,9740.0,9740.0,9660.0,9680.0,2996.0
2026-08-10 13:35:00+09:00,9680.0,9690.0,9650.0,9650.0,1865.0
2026-08-10 13:40:00+09:00,9650.0,9680.0,9610.0,9620.0,3124.0
2026-08-10 13:45:00+09:00,9620.0,9670.0,9600.0,9670.0,2980.0
2026-08-10 13:50:00+09:00,9670.0,9730.0,9660.0,9670.0,4072.0
2026-08-10 13:55:00+09:00,9650.0,9660.0,9610.0,9630.0,5811.0
2026-08-10 14:00:00+09:00,9630.0,9750.0,9620.0,9750.0,2958.0
2026-08-10 14:05:00+09:00,9750.0,9760.0,9720.0,9760.0,3357.0
2026-08-10 14:10:00+09:00,9760.0,9770.0,9730.0,9750.0,1461.0
2026-08-10 14:15:00+09:00,9750.0,9760.0,9720.0,9750.0,1018.0
2026-08-10 14:20:00+09:00,9750.0,9780.0,9740.0,9740.0,1472.0
2026-08-10 14:25:00+09:00,9740.0,9780.0,9740.0,9750.0,1426.0
2026-08-10 14:30:00+09:00,9760.0,9780.0,9760.0,9780.0,969.0
2026-08-10 14:35:00+09:00,9780.0,9790.0,9730.0,9770.0,3593.0
2026-08-10 14:40:00+09:00,9760.0,9760.0,9720.0,9730.0,2362.0
2026-08-10 14:45:00+09:00,9730.0,9740.0,9670.0,9730.0,2849.0
2026-08-10 14:50:00+09:00,9730.0,9740.0,9700.0,9700.0,1020.0
2026-08-10 14:55:00+09:00,9710.0,9750.0,9710.0,9750.0,2020.0
2026-08-11 09:00:00+09:00,9760.0,9760.0,9600.0,9640.0,8038.0
2026-08-11 09:05:00+09:00,9640.0,9650.0,9560.0,9650.0,7555.0
2026-08-11 09:10:00+09:00,9610.0,9720.0,9590.0,9720.0,7760.0
2026-08-11 09:15:00+09:00,9670.0,9770.0,9670.0,9750.0,5067.0
2026-08-11 09:20:00+09:00,9740.0,9740.0,9630.0,9660.0,2491.0
2026-08-11 09:25:00+09:00,9660.0,9660.0,9620.0,9660.0,3442.0
2026-08-11 09:30:00+09:00,9660.0,9850.0,9660.0,9810.0,8831.0
2026-08-11 09:35:00+09:00,9800.0,9900.0,9800.0,9840.0,5911.0
2026-08-11 09:40:00+09:00,9830.0,9950.0,9820.0,9940.0,8389.0
2026-08-11 09:45:00+09:00,9930.0,9960.0,9900.0,9960.0,6645.0
2026-08-11 09:50:00+09:00,9950.0,10030.0,9940.0,9980.0,9816.0
2026-08-11 09:55:00+09:00,9960.0,10000.0,9640.0,9920.0,14285.0
2026-08-11 10:00:00+09:00,9910.0,9950.0,9870.0,9910.0,4040.0
2026-08-11 10:05:00+09:00,9910.0,9990.0,9900.0,9920.0,3770.0
2026-08-11 10:10:00+09:00,9920.0,9980.0,9920.0,9980.0,1672.0
2026-08-11 10:15:00+09:00,9970.0,9980.0,9780.0,9790.0,6431.0
2026-08-11 10:20:00+09:00,9780.0,9790.0,9660.0,9680.0,8176.0
2026-08-11 10:25:00+09:00,9680.0,9800.0,9660.0,9730.0,5242.0
2026-08-11 10:30:00+09:00,9740.0,9790.0,9710.0,9790.0,3212.0
2026-08-11 10:35:00+09:00,9790.0,9840.0,9760.0,9790.0,1613.0
2026-08-11 10:40:00+09:00,9810.0,9860.0,9760.0,9760.0,2100.0
2026-08-11 10:45:00+09:00,9760.0,9770.0,9700.0,9710.0,6080.0
2026-08-11 10:50:00+09:00,9710.0,9720.0,9650.0,9680.0,8976.0
2026-08-11 10:55:00+09:00,9680.0,9690.0,9620.0,9630.0,6481.0
2026-08-11 11:00:00+09:00,9630.0,9660.0,9620.0,9630.0,9434.0
2026-08-11 11:05:00+09:00,9620.0,9640.0,9600.0,9620.0,4607.0
2026-08-11 11:10:00+09:00,9620.0,9650.0,9610.0,9620.0,2665.0
2026-08-11 11:15:00+09:00,9620.0,9690.0,9620.0,9690.0,2092.0
2026-08-11 11:20:00+09:00,9680.0,9700.0,9660.0,9700.0,1505.0
2026-08-11 11:25:00+09:00,9700.0,9760.0,9680.0,9740.0,1377.0
2026-08-11 11:30:00+09:00,9740.0,9740.0,9690.0,9730.0,859.0
2026-08-11 11:35:00+09:00,9720.0,9720.0,9650.0,9660.0,2511.0
2026-08-11 11:40:00+09:00,9670.0,9690.0,9670.0,9690.0,589.0
2026-08-11 11:45:00+09:00,9680.0,9680.0,9620.0,9670.0,1934.0
2026-08-11 11:50:00+09:00,9650.0,9650.0,9600.0,9630.0,4162.0
2026-08-11 11:55:00+09:00,9610.0,9630.0,9610.0,9620.0,1647.0
2026-08-11 12:00:00+09:00,9620.0,9640.0,9600.0,9640.0,1934.0
2026-08-11 12:05:00+09:00,9640.0,9640.0,9600.0,9610.0,2957.0
2026-08-11 12:10:00+09:00,9610.0,9640.0,9610.0,9610.0,816.0
2026-08-11 12:15:00+09:00,9610.0,9640.0,9600.0,9620.0,1284.0
2026-08-11 12:20:00+09:00,9620.0,9670.0,9620.0,9670.0,1543.0
2026-08-11 12:25:00+09:00,9670.0,9680.0,9620.0,9650.0,1933.0
2026-08-11 12:30:00+09:00,9650.0,9650.0,9600.0,9610.0,6183.0
2026-08-11 12:35:00+09:00,9610.0,9660.0,9610.0,9620.0,3114.0
2026-08-11 12:40:00+09:00,9620.0,9630.0,9600.0,9610.0,5787.0
2026-08-11 12:45:00+09:00,9610.0,9610.0,9600.0,9610.0,3808.0
2026-08-11 12:50:00+09:00,9610.0,9620.0,9610.0,9610.0,579.0
2026-08-11 12:55:00+09:00,9610.0,9620.0,9590.0,9610.0,1970.0
2026-08-11 13:00:00+09:00,9620.0,9700.0,9610.0,9670.0,1950.0
2026-08-11 13:05:00+09:00,9670.0,9680.0,9630.0,9630.0,874.0
2026-08-11 13:10:00+09:00,9620.0,9670.0,9610.0,9640.0,1834.0
2026-08-11 13:15:00+09:00,9630.0,9660.0,9630.0,9640.0,542.0
2026-08-11 13:20:00+09:00,9630.0,9640.0,9600.0,9640.0,1965.0
2026-08-11 13:25:00+09:00,9640.0,9670.0,9640.0,9670.0,385.0
2026-08-11 13:30:00+09:00,9670.0,9670.0,9630.0,9630.0,1910.0
2026-08-11 13:35:00+09:00,9640.0,9690.0,9640.0,9650.0,1295.0
2026-08-11 13:40:00+09:00,9650.0,9650.0,9630.0,9640.0,2057.0
2026-08-11 13:45:00+09:00,9630.0,9640.0,9620.0,9630.0,1333.0
2026-08-11 13:50:00+09:00,9630.0,9670.0,9610.0,9630.0,1118.0
2026-08-11 13:55:00+09:00,9620.0,9650.0,9610.0,9640.0,386.0
2026-08-11 14:00:00+09:00,9650.0,9700.0,9640.0,9670.0,1172.0
2026-08-11 14:05:00+09:00,9680.0,9800.0,9680.0,9760.0,4969.0
2026-08-11 14:10:00+09:00,9740.0,9750.0,9670.0,9690.0,2810.0
2026-08-11 14:15:00+09:00,9690.0,9700.0,9690.0,9690.0,464.0
2026-08-11 14:20:00+09:00,9690.0,9690.0,9660.0,9680.0,1688.0
2026-08-11 14:25:00+09:00,9660.0,9670.0,9650.0,9650.0,1550.0
2026-08-11 14:30:00+09:00,9660.0,9690.0,9640.0,9690.0,1905.0
2026-08-11 14:35:00+09:00,9690.0,9720.0,9690.0,9710.0,837.0
2026-08-11 14:40:00+09:00,9710.0,9730.0,9700.0,9710.0,790.0
2026-08-11 14:45:00+09:00,9720.0,9730.0,9700.0,9700.0,4307.0
2026-08-11 14:50:00+09:00,9700.0,9700.0,9670.0,9690.0,874.0
2026-08-11 14:55:00+09:00,9690.0,9720.0,9680.0,9710.0,1848.0
2026-08-12 09:00:00+09:00,9640.0,9730.0,9590.0,9600.0,7534.0
2026-08-12 09:05:00+09:00,9590.0,9600.0,9550.0,9570.0,4582.0
2026-08-12 09:10:00+09:00,9560.0,9580.0,9510.0,9550.0,11940.0
2026-08-12 09:15:00+09:00,9540.0,9540.0,9460.0,9500.0,6979.0
2026-08-12 09:20:00+09:00,9500.0,9500.0,9450.0,9480.0,6097.0
2026-08-12 09:25:00+09:00,9460.0,9470.0,9410.0,9420.0,6859.0
2026-08-12 09:30:00+09:00,9430.0,9480.0,9420.0,9440.0,3288.0
2026-08-12 09:35:00+09:00,9450.0,9460.0,9440.0,9450.0,2424.0
2026-08-12 09:40:00+09:00,9450.0,9490.0,9450.0,9450.0,1617.0
2026-08-12 09:45:00+09:00,9450.0,9490.0,9430.0,9490.0,3898.0
2026-08-12 09:50:00+09:00,9480.0,9510.0,9470.0,9490.0,1710.0
2026-08-12 09:55:00+09:00,9490.0,9540.0,9490.0,9540.0,1171.0
2026-08-12 10:00:00+09:00,9540.0,9560.0,9520.0,9550.0,4747.0
2026-08-12 10:05:00+09:00,9550.0,9560.0,9500.0,9520.0,3809.0
2026-08-12 10:10:00+09:00,9520.0,9520.0,9500.0,9510.0,1500.0
2026-08-12 10:15:00+09:00,9500.0,9500.0,9490.0,9500.0,1545.0
2026-08-12 10:20:00+09:00,9500.0,9530.0,9490.0,9530.0,1862.0
2026-08-12 10:25:00+09:00,9530.0,9610.0,9530.0,9580.0,3791.0
2026-08-12 10:30:00+09:00,9580.0,9600.0,9520.0,9550.0,2526.0
2026-08-12 10:35:00+09:00,9560.0,9610.0,9560.0,9600.0,1301.0
2026-08-12 10:40:00+09:00,9590.0,9590.0,9550.0,9560.0,1828.0
2026-08-12 10:45:00+09:00,9560.0,9560.0,9520.0,9540.0,1684.0
2026-08-12 10:50:00+09:00,9540.0,9550.0,9530.0,9530.0,2729.0
2026-08-12 10:55:00+09:00,9530.0,9540.0,9530.0,9530.0,386.0
2026-08-12 11:00:00+09:00,9530.0,9530.0,9510.0,9510.0,1765.0
2026-08-12 11:05:00+09:00,9510.0,9520.0,9500.0,9520.0,2417.0
2026-08-12 11:10:00+09:00,9520.0,9550.0,9520.0,9540.0,523.0
2026-08-12 11:15:00+09:00,9550.0,9580.0,9540.0,9580.0,1288.0
2026-08-12 11:20:00+09:00,9580.0,9580.0,9550.0,9560.0,793.0
2026-08-12 11:25:00+09:00,9560.0,9560.0,9550.0,9560.0,917.0
2026-08-12 11:30:00+09:00,9560.0,9560.0,9520.0,9520.0,2724.0
2026-08-12 11:35:00+09:00,9530.0,9580.0,9530.0,9570.0,4507.0
2026-08-12 11:40:00+09:00,9560.0,9570.0,9540.0,9550.0,1317.0
2026-08-12 11:45:00+09:00,9550.0,9560.0,9540.0,9540.0,440.0
2026-08-12 11:50:00+09:00,9540.0,9550.0,9530.0,9530.0,602.0
2026-08-12 11:55:00+09:00,9530.0,9540.0,9520.0,9530.0,1828.0
2026-08-12 12:00:00+09:00,9520.0,9600.0,9520.0,9600.0,3132.0
2026-08-12 12:05:00+09:00,9600.0,9610.0,9570.0,9580.0,1215.0
2026-08-12 12:10:00+09:00,9580.0,9580.0,9530.0,9530.0,535.0
2026-08-12 12:15:00+09:00,9530.0,9550.0,9530.0,9540.0,608.0
2026-08-12 12:20:00+09:00,9540.0,9550.0,9540.0,9540.0,537.0
2026-08-12 12:25:00+09:00,9550.0,9590.0,9550.0,9590.0,1407.0
2026-08-12 12:30:00+09:00,9590.0,9600.0,9590.0,9600.0,1926.0
2026-08-12 12:35:00+09:00,9590.0,9600.0,9590.0,9600.0,720.0
2026-08-12 12:40:00+09:00,9600.0,9600.0,9570.0,9580.0,1192.0
2026-08-12 12:45:00+09:00,9580.0,9600.0,9580.0,9600.0,487.0
2026-08-12 12:50:00+09:00,9600.0,9620.0,9600.0,9610.0,1347.0
2026-08-12 12:55:00+09:00,9620.0,9690.0,9610.0,9690.0,3494.0
2026-08-12 13:00:00+09:00,9680.0,9720.0,9650.0,9690.0,3364.0
2026-08-12 13:05:00+09:00,9710.0,9710.0,9620.0,9640.0,1717.0
2026-08-12 13:10:00+09:00,9650.0,9700.0,9600.0,9640.0,430.0
2026-08-12 13:15:00+09:00,9640.0,9650.0,9630.0,9650.0,180.0
2026-08-12 13:20:00+09:00,9640.0,9650.0,9610.0,9610.0,1354.0
2026-08-12 13:25:00+09:00,9610.0,9630.0,9600.0,9600.0,907.0
2026-08-12 13:30:00+09:00,9600.0,9620.0,9590.0,9620.0,1356.0
2026-08-12 13:35:00+09:00,9600.0,9650.0,9600.0,9640.0,1447.0
2026-08-12 13:40:00+09:00,9630.0,9650.0,9630.0,9650.0,921.0
2026-08-12 13:45:00+09:00,9650.0,9660.0,9640.0,9640.0,687.0
2026-08-12 13:50:00+09:00,9640.0,9650.0,9640.0,9650.0,513.0
2026-08-12 13:55:00+09:00,9650.0,9670.0,9650.0,9670.0,1245.0
2026-08-12 14:00:00+09:00,9670.0,9680.0,9660.0,9670.0,563.0
2026-08-12 14:05:00+09:00,9670.0,9710.0,9640.0,9680.0,2328.0
2026-08-12 14:10:00+09:00,9660.0,9690.0,9640.0,9690.0,2298.0
2026-08-12 14:15:00+09:00,9690.0,9690.0,9650.0,9660.0,171.0
2026-08-12 14:20:00+09:00,9650.0,9660.0,9630.0,9630.0,1091.0
2026-08-12 14:25:00+09:00,9640.0,9660.0,9630.0,9660.0,3790.0
2026-08-12 14:30:00+09:00,9650.0,9660.0,9620.0,9630.0,1418.0
2026-08-12 14:35:00+09:00,9630.0,9640.0,9630.0,9630.0,1507.0
2026-08-12 14:40:00+09:00,9630.0,9710.0,9630.0,9680.0,4404.0
2026-08-12 14:45:00+09:00,9690.0,9700.0,9680.0,9700.0,1508.0
2026-08-12 14:50:00+09:00,9690.0,9700.0,9650.0,9660.0,2375.0
2026-08-12 14:55:00+09:00,9660.0,9670.0,9650.0,9660.0,562.0
2026-08-13 09:00:00+09:00,9560.0,9710.0,9500.0,9550.0,15475.0
2026-08-13 09:05:00+09:00,9550.0,9590.0,9530.0,9570.0,5889.0
2026-08-13 09:10:00+09:00,9560.0,9570.0,9450.0,9460.0,14465.0
2026-08-13 09:15:00+09:00,9470.0,9470.0,9370.0,9390.0,13260.0
2026-08-13 09:20:00+09:00,9390.0,9440.0,9350.0,9430.0,9845.0
2026-08-13 09:25:00+09:00,9430.0,9480.0,9420.0,9470.0,2864.0
2026-08-13 09:30:00+09:00,9470.0,9480.0,9420.0,9470.0,3360.0
2026-08-13 09:35:00+09:00,9480.0,9560.0,9470.0,9540.0,3845.0
2026-08-13 09:40:00+09:00,9540.0,9610.0,9500.0,9600.0,5450.0
2026-08-13 09:45:00+09:00,9610.0,9650.0,9580.0,9580.0,2636.0
2026-08-13 09:50:00+09:00,9580.0,9580.0,9550.0,9580.0,2638.0
2026-08-13 09:55:00+09:00,9580.0,9650.0,9580.0,9640.0,1972.0
2026-08-13 10:00:00+09:00,9630.0,9630.0,9600.0,9610.0,3820.0
2026-08-13 10:05:00+09:00,9600.0,9650.0,9600.0,9630.0,985.0
2026-08-13 10:10:00+09:00,9630.0,9630.0,9580.0,9590.0,2666.0
2026-08-13 10:15:00+09:00,9590.0,9600.0,9590.0,9590.0,646.0
2026-08-13 10:20:00+09:00,9580.0,9640.0,9580.0,9620.0,2035.0
2026-08-13 10:25:00+09:00,9610.0,9610.0,9560.0,9560.0,1531.0
2026-08-13 10:30:00+09:00,9560.0,9600.0,9550.0,9600.0,1923.0
2026-08-13 10:35:00+09:00,9600.0,9640.0,9590.0,9620.0,1929.0
2026-08-13 10:40:00+09:00,9620.0,9640.0,9620.0,9630.0,1230.0
2026-08-13 10:45:00+09:00,9620.0,9650.0,9620.0,9620.0,2023.0
2026-08-13 10:50:00+09:00,9620.0,9640.0,9610.0,9620.0,2457.0
2026-08-13 10:55:00+09:00,9600.0,9610.0,9570.0,9570.0,2037.0
2026-08-13 11:00:00+09:00,9570.0,9570.0,9520.0,9550.0,7114.0
2026-08-13 11:05:00+09:00,9560.0,9560.0,9540.0,9550.0,478.0
2026-08-13 11:10:00+09:00,9550.0,9560.0,9540.0,9560.0,1720.0
2026-08-13 11:15:00+09:00,9560.0,9570.0,9560.0,9570.0,1181.0
2026-08-13 11:20:00+09:00,9580.0,9580.0,9500.0,9530.0,5478.0
2026-08-13 11:25:00+09:00,9530.0,9530.0,9490.0,9510.0,3216.0
2026-08-13 11:30:00+09:00,9500.0,9500.0,9460.0,9470.0,966.0
2026-08-13 11:35:00+09:00,9470.0,9520.0,9460.0,9510.0,1511.0
2026-08-13 11:40:00+09:00,9520.0,9570.0,9520.0,9530.0,1578.0
2026-08-13 11:45:00+09:00,9520.0,9530.0,9500.0,9500.0,4225.0
2026-08-13 11:50:00+09:00,9500.0,9530.0,9500.0,9500.0,1827.0
2026-08-13 11:55:00+09:00,9500.0,9520.0,9500.0,9510.0,1169.0
2026-08-13 12:00:00+09:00,9510.0,9530.0,9510.0,9530.0,749.0
2026-08-13 12:05:00+09:00,9530.0,9540.0,9530.0,9540.0,985.0
2026-08-13 12:10:00+09:00,9550.0,9550.0,9520.0,9520.0,282.0
2026-08-13 12:15:00+09:00,9520.0,9570.0,9520.0,9530.0,697.0
2026-08-13 12:20:00+09:00,9540.0,9540.0,9500.0,9500.0,1230.0
2026-08-13 12:25:00+09:00,9510.0,9510.0,9500.0,9510.0,296.0
2026-08-13 12:30:00+09:00,9510.0,9510.0,9500.0,9510.0,551.0
2026-08-13 12:35:00+09:00,9510.0,9510.0,9500.0,9510.0,378.0
2026-08-13 12:40:00+09:00,9510.0,9510.0,9480.0,9500.0,297.0
2026-08-13 12:45:00+09:00,9500.0,9500.0,9490.0,9500.0,130.0
2026-08-13 12:50:00+09:00,9500.0,9500.0,9470.0,9480.0,1175.0
2026-08-13 12:55:00+09:00,9480.0,9480.0,9450.0,9450.0,1853.0
2026-08-13 13:00:00+09:00,9460.0,9480.0,9460.0,9480.0,1990.0
2026-08-13 13:05:00+09:00,9470.0,9470.0,9450.0,9460.0,648.0
2026-08-13 13:10:00+09:00,9460.0,9460.0,9430.0,9430.0,1855.0
2026-08-13 13:15:00+09:00,9440.0,9460.0,9440.0,9460.0,1182.0
2026-08-13 13:20:00+09:00,9460.0,9500.0,9450.0,9490.0,1307.0
2026-08-13 13:25:00+09:00,9470.0,9480.0,9460.0,9480.0,584.0
2026-08-13 13:30:00+09:00,9480.0,9510.0,9480.0,9510.0,1235.0
2026-08-13 13:35:00+09:00,9520.0,9520.0,9510.0,9520.0,960.0
2026-08-13 13:40:00+09:00,9510.0,9520.0,9500.0,9520.0,711.0
2026-08-13 13:45:00+09:00,9530.0,9570.0,9520.0,9550.0,372.0
2026-08-13 13:50:00+09:00,9550.0,9560.0,9540.0,9540.0,59.0
2026-08-13 13:55:00+09:00,9530.0,9530.0,9490.0,9500.0,3070.0
2026-08-13 14:00:00+09:00,9500.0,9530.0,9500.0,9530.0,2161.0
2026-08-13 14:05:00+09:00,9520.0,9540.0,9510.0,9520.0,2085.0
2026-08-13 14:10:00+09:00,9520.0,9530.0,9510.0,9510.0,697.0
2026-08-13 14:15:00+09:00,9520.0,9540.0,9510.0,9540.0,937.0
2026-08-13 14:20:00+09:00,9520.0,9540.0,9500.0,9520.0,3335.0
2026-08-13 14:25:00+09:00,9510.0,9540.0,9510.0,9530.0,977.0
2026-08-13 14:30:00+09:00,9530.0,9540.0,9490.0,9500.0,4078.0
2026-08-13 14:35:00+09:00,9500.0,9500.0,9480.0,9490.0,1471.0
2026-08-13 14:40:00+09:00,9480.0,9500.0,9450.0,9500.0,3448.0
2026-08-13 14:45:00+09:00,9500.0,9500.0,9490.0,9500.0,363.0
2026-08-13 14:50:00+09:00,9490.0,9500.0,9460.0,9490.0,2230.0
2026-08-13 14:55:00+09:00,9470.0,9470.0,9440.0,9440.0,2946.0
2026-08-14 09:00:00+09:00,9470.0,9650.0,9460.0,9640.0,12272.0
2026-08-14 09:05:00+09:00,9640.0,9810.0,9600.0,9730.0,13304.0
2026-08-14 09:10:00+09:00,9720.0,9770.0,9650.0,9770.0,7277.0
2026-08-14 09:15:00+09:00,9770.0,9810.0,9700.0,9740.0,7733.0
2026-08-14 09:20:00+09:00,9720.0,9770.0,9700.0,9710.0,7563.0
2026-08-14 09:25:00+09:00,9710.0,9770.0,9690.0,9720.0,4043.0
2026-08-14 09:30:00+09:00,9700.0,9740.0,9680.0,9720.0,3096.0
2026-08-14 09:35:00+09:00,9710.0,9710.0,9590.0,9600.0,2787.0
2026-08-14 09:40:00+09:00,9600.0,9630.0,9540.0,9550.0,3058.0
2026-08-14 09:45:00+09:00,9550.0,9550.0,9510.0,9510.0,2462.0
2026-08-14 09:50:00+09:00,9500.0,9510.0,9440.0,9440.0,3699.0
2026-08-14 09:55:00+09:00,9460.0,9460.0,9410.0,9440.0,4633.0
2026-08-14 10:00:00+09:00,9440.0,9450.0,9370.0,9370.0,8520.0
2026-08-14 10:05:00+09:00,9370.0,9410.0,9360.0,9400.0,1497.0
2026-08-14 10:10:00+09:00,9390.0,9390.0,9320.0,9320.0,4754.0
2026-08-14 10:15:00+09:00,9320.0,9370.0,9310.0,9350.0,3217.0
2026-08-14 10:20:00+09:00,9340.0,9390.0,9340.0,9370.0,4748.0
2026-08-14 10:25:00+09:00,9360.0,9500.0,9350.0,9440.0,2192.0
2026-08-14 10:30:00+09:00,9430.0,9430.0,9360.0,9380.0,3940.0
2026-08-14 10:35:00+09:00,9380.0,9420.0,9370.0,9400.0,708.0
2026-08-14 10:40:00+09:00,9400.0,9410.0,9370.0,9380.0,3434.0
2026-08-14 10:45:00+09:00,9380.0,9410.0,9380.0,9410.0,2267.0
2026-08-14 10:50:00+09:00,9410.0,9410.0,9380.0,9400.0,1180.0
2026-08-14 10:55:00+09:00,9400.0,9410.0,9390.0,9410.0,1367.0
2026-08-14 11:00:00+09:00,9410.0,9430.0,9380.0,9390.0,3497.0
2026-08-14 11:05:00+09:00,9390.0,9420.0,9360.0,9370.0,10909.0
2026-08-14 11:10:00+09:00,9360.0,9390.0,9360.0,9390.0,2234.0
2026-08-14 11:15:00+09:00,9390.0,9400.0,9360.0,9380.0,3861.0
2026-08-14 11:20:00+09:00,9380.0,9400.0,9360.0,9370.0,1991.0
2026-08-14 11:25:00+09:00,9380.0,9380.0,9340.0,9350.0,3908.0
2026-08-14 11:30:00+09:00,9350.0,9360.0,9340.0,9350.0,1778.0
2026-08-14 11:35:00+09:00,9340.0,9350.0,9330.0,9330.0,3901.0
2026-08-14 11:40:00+09:00,9330.0,9350.0,9320.0,9330.0,2808.0
2026-08-14 11:45:00+09:00,9330.0,9340.0,9320.0,9340.0,1587.0
2026-08-14 11:50:00+09:00,9330.0,9340.0,9310.0,9320.0,3668.0
2026-08-14 11:55:00+09:00,9310.0,9330.0,9300.0,9310.0,3348.0
2026-08-14 12:00:00+09:00,9320.0,9330.0,9300.0,9330.0,1526.0
2026-08-14 12:05:00+09:00,9330.0,9340.0,9320.0,9330.0,2465.0
2026-08-14 12:10:00+09:00,9320.0,9360.0,9320.0,9350.0,3737.0
2026-08-14 12:15:00+09:00,9350.0,9360.0,9350.0,9360.0,192.0
2026-08-14 12:20:00+09:00,9360.0,9360.0,9340.0,9340.0,885.0
2026-08-14 12:25:00+09:00,9350.0,9360.0,9340.0,9360.0,794.0
2026-08-14 12:30:00+09:00,9365.0,9370.0,9340.0,9340.0,1035.0
2026-08-14 12:35:00+09:00,9350.0,9350.0,9340.0,9340.0,1522.0
2026-08-14 12:40:00+09:00,9340.0,9350.0,9320.0,9350.0,2143.0
2026-08-14 12:45:00+09:00,9350.0,9350.0,9340.0,9340.0,698.0
2026-08-14 12:50:00+09:00,9340.0,9350.0,9330.0,9330.0,1252.0
2026-08-14 12:55:00+09:00,9330.0,9380.0,9330.0,9370.0,1673.0
2026-08-14 13:00:00+09:00,9370.0,9390.0,9340.0,9390.0,1578.0
2026-08-14 13:05:00+09:00,9390.0,9410.0,9390.0,9410.0,2939.0
2026-08-14 13:10:00+09:00,9410.0,9430.0,9400.0,9430.0,2022.0
2026-08-14 13:15:00+09:00,9430.0,9460.0,9420.0,9440.0,1060.0
2026-08-14 13:20:00+09:00,9450.0,9470.0,9420.0,9430.0,801.0
2026-08-14 13:25:00+09:00,9430.0,9450.0,9430.0,9440.0,969.0
2026-08-14 13:30:00+09:00,9440.0,9440.0,9410.0,9420.0,526.0
2026-08-14 13:35:00+09:00,9410.0,9420.0,9390.0,9420.0,1295.0
2026-08-14 13:40:00+09:00,9420.0,9450.0,9400.0,9440.0,1711.0
2026-08-14 13:45:00+09:00,9440.0,9440.0,9410.0,9440.0,2873.0
2026-08-14 13:50:00+09:00,9440.0,9450.0,9430.0,9440.0,251.0
2026-08-14 13:55:00+09:00,9440.0,9450.0,9430.0,9440.0,782.0
2026-08-14 14:00:00+09:00,9450.0,9450.0,9410.0,9420.0,1214.0
2026-08-14 14:05:00+09:00,9420.0,9430.0,9400.0,9420.0,798.0
2026-08-14 14:10:00+09:00,9410.0,9420.0,9410.0,9420.0,582.0
2026-08-14 14:15:00+09:00,9420.0,9430.0,9410.0,9430.0,853.0
2026-08-14 14:20:00+09:00,9440.0,9450.0,9430.0,9450.0,888.0
2026-08-14 14:25:00+09:00,9450.0,9480.0,9440.0,9460.0,4878.0
2026-08-14 14:30:00+09:00,9470.0,9480.0,9460.0,9480.0,947.0
2026-08-14 14:35:00+09:00,9480.0,9520.0,9480.0,9510.0,4099.0
2026-08-14 14:40:00+09:00,9500.0,9510.0,9480.0,9490.0,1146.0
2026-08-14 14:45:00+09:00,9490.0,9500.0,9470.0,9490.0,1435.0
2026-08-14 14:50:00+09:00,9500.0,9500.0,9470.0,9480.0,852.0
2026-08-14 14:55:00+09:00,9480.0,9500.0,9480.0,9480.0,1672.0
2026-08-18 09:00:00+09:00,9460.0,9480.0,9200.0,9290.0,0.0
2026-08-18 09:05:00+09:00,9290.0,9320.0,9220.0,9300.0,5646.0
2026-08-18 09:10:00+09:00,9320.0,9320.0,9230.0,9260.0,5199.0
2026-08-18 09:15:00+09:00,9260.0,9280.0,9210.0,9220.0,5660.0
2026-08-18 09:20:00+09:00,9220.0,9250.0,9110.0,9200.0,10894.0
2026-08-18 09:25:00+09:00,9200.0,9350.0,9080.0,9320.0,10757.0
2026-08-18 09:30:00+09:00,9310.0,9350.0,9200.0,9250.0,6231.0
2026-08-18 09:35:00+09:00,9250.0,9260.0,9230.0,9250.0,2442.0
2026-08-18 09:40:00+09:00,9250.0,9390.0,9240.0,9380.0,3535.0
2026-08-18 09:45:00+09:00,9390.0,9410.0,9320.0,9340.0,7117.0
2026-08-18 09:50:00+09:00,9350.0,9390.0,9330.0,9370.0,2358.0
2026-08-18 09:55:00+09:00,9370.0,9390.0,9300.0,9390.0,5880.0
2026-08-18 10:00:00+09:00,9390.0,9490.0,9360.0,9450.0,4924.0
2026-08-18 10:05:00+09:00,9430.0,9430.0,9360.0,9410.0,4573.0
2026-08-18 10:10:00+09:00,9410.0,9430.0,9400.0,9420.0,1776.0
2026-08-18 10:15:00+09:00,9420.0,9420.0,9380.0,9380.0,4100.0
2026-08-18 10:20:00+09:00,9390.0,9390.0,9300.0,9300.0,15495.0
2026-08-18 10:25:00+09:00,9290.0,9330.0,9240.0,9290.0,5679.0
2026-08-18 10:30:00+09:00,9290.0,9330.0,9260.0,9290.0,5571.0
2026-08-18 10:35:00+09:00,9290.0,9310.0,9270.0,9280.0,2089.0
2026-08-18 10:40:00+09:00,9280.0,9300.0,9230.0,9230.0,6791.0
2026-08-18 10:45:00+09:00,9230.0,9260.0,9210.0,9230.0,5737.0
2026-08-18 10:50:00+09:00,9230.0,9240.0,9200.0,9200.0,2858.0
2026-08-18 10:55:00+09:00,9210.0,9280.0,9200.0,9220.0,2549.0
2026-08-18 11:00:00+09:00,9220.0,9240.0,9210.0,9230.0,1750.0
2026-08-18 11:05:00+09:00,9240.0,9310.0,9220.0,9240.0,2737.0
2026-08-18 11:10:00+09:00,9240.0,9240.0,9190.0,9200.0,3472.0
2026-08-18 11:15:00+09:00,9210.0,9230.0,9190.0,9200.0,2788.0
2026-08-18 11:20:00+09:00,9190.0,9200.0,9180.0,9190.0,3977.0
2026-08-18 11:25:00+09:00,9190.0,9190.0,9130.0,9130.0,5545.0
2026-08-18 11:30:00+09:00,9130.0,9130.0,9100.0,9110.0,7490.0
2026-08-18 11:35:00+09:00,9110.0,9140.0,9100.0,9120.0,2001.0
2026-08-18 11:40:00+09:00,9120.0,9130.0,9100.0,9100.0,2072.0
2026-08-18 11:45:00+09:00,9100.0,9120.0,9100.0,9120.0,3815.0
2026-08-18 11:50:00+09:00,9110.0,9120.0,9100.0,9110.0,1961.0
2026-08-18 11:55:00+09:00,9120.0,9140.0,9100.0,9130.0,1384.0
2026-08-18 12:00:00+09:00,9140.0,9160.0,9130.0,9140.0,2072.0
2026-08-18 12:05:00+09:00,9150.0,9160.0,9130.0,9130.0,2060.0
2026-08-18 12:10:00+09:00,9140.0,9140.0,9110.0,9130.0,1202.0
2026-08-18 12:15:00+09:00,9120.0,9160.0,9100.0,9100.0,2892.0
2026-08-18 12:20:00+09:00,9110.0,9160.0,9070.0,9090.0,5870.0
2026-08-18 12:25:00+09:00,9090.0,9120.0,9080.0,9120.0,1029.0
2026-08-18 12:30:00+09:00,9110.0,9110.0,9080.0,9090.0,2165.0
2026-08-18 12:35:00+09:00,9100.0,9110.0,9070.0,9110.0,2962.0
2026-08-18 12:40:00+09:00,9090.0,9110.0,9070.0,9080.0,3212.0
2026-08-18 12:45:00+09:00,9090.0,9100.0,9060.0,9070.0,4730.0
2026-08-18 12:50:00+09:00,9070.0,9090.0,9050.0,9080.0,3608.0
2026-08-18 12:55:00+09:00,9080.0,9130.0,9070.0,9080.0,2725.0
2026-08-18 13:00:00+09:00,9070.0,9130.0,9040.0,9090.0,5371.0
2026-08-18 13:05:00+09:00,9080.0,9130.0,9040.0,9080.0,8372.0
2026-08-18 13:10:00+09:00,9080.0,9130.0,9050.0,9060.0,3410.0
2026-08-18 13:15:00+09:00,9060.0,9080.0,9040.0,9060.0,3331.0
2026-08-18 13:20:00+09:00,9060.0,9070.0,9040.0,9040.0,3890.0
2026-08-18 13:25:00+09:00,9060.0,9070.0,9040.0,9060.0,3172.0
2026-08-18 13:30:00+09:00,9060.0,9070.0,9050.0,9050.0,3703.0
2026-08-18 13:35:00+09:00,9050.0,9060.0,9040.0,9050.0,2720.0
2026-08-18 13:40:00+09:00,9060.0,9060.0,9030.0,9040.0,2827.0
2026-08-18 13:45:00+09:00,9050.0,9150.0,9030.0,9040.0,2600.0
2026-08-18 13:50:00+09:00,9050.0,9070.0,9040.0,9070.0,912.0
2026-08-18 13:55:00+09:00,9070.0,9090.0,9050.0,9080.0,1815.0
2026-08-18 14:00:00+09:00,9080.0,9080.0,9040.0,9050.0,2103.0
2026-08-18 14:05:00+09:00,9050.0,9080.0,9030.0,9050.0,3020.0
2026-08-18 14:10:00+09:00,9050.0,9050.0,9000.0,9000.0,8307.0
2026-08-18 14:15:00+09:00,9000.0,9030.0,9000.0,9010.0,4540.0
2026-08-18 14:20:00+09:00,9010.0,9030.0,8970.0,8980.0,7676.0
2026-08-18 14:25:00+09:00,8990.0,9020.0,8970.0,8970.0,6384.0
2026-08-18 14:30:00+09:00,8970.0,8980.0,8920.0,8920.0,10779.0
2026-08-18 14:35:00+09:00,8930.0,8950.0,8830.0,8840.0,8173.0
2026-08-18 14:40:00+09:00,8840.0,8880.0,8830.0,8880.0,5168.0
2026-08-18 14:45:00+09:00,8880.0,8920.0,8870.0,8920.0,8828.0
2026-08-18 14:50:00+09:00,8910.0,8910.0,8850.0,8860.0,10080.0
2026-08-18 14:55:00+09:00,8850.0,8900.0,8850.0,8900.0,9356.0
2026-08-19 09:00:00+09:00,8750.0,8760.0,8470.0,8490.0,16862.0
2026-08-19 09:05:00+09:00,8490.0,8580.0,8480.0,8550.0,5183.0
2026-08-19 09:10:00+09:00,8550.0,8550.0,8400.0,8410.0,15762.0
2026-08-19 09:15:00+09:00,8410.0,8430.0,8360.0,8430.0,10255.0
2026-08-19 09:20:00+09:00,8430.0,8490.0,8390.0,8430.0,9496.0
2026-08-19 09:25:00+09:00,8440.0,8470.0,8390.0,8450.0,6699.0
2026-08-19 09:30:00+09:00,8450.0,8550.0,8430.0,8500.0,4285.0
2026-08-19 09:35:00+09:00,8520.0,8580.0,8500.0,8530.0,4941.0
2026-08-19 09:40:00+09:00,8550.0,8570.0,8450.0,8450.0,7019.0
2026-08-19 09:45:00+09:00,8470.0,8560.0,8430.0,8470.0,5243.0
2026-08-19 09:50:00+09:00,8470.0,8500.0,8430.0,8490.0,3282.0
2026-08-19 09:55:00+09:00,8490.0,8560.0,8460.0,8480.0,4141.0
2026-08-19 10:00:00+09:00,8480.0,8530.0,8470.0,8530.0,3876.0
2026-08-19 10:05:00+09:00,8520.0,8640.0,8510.0,8620.0,8305.0
2026-08-19 10:10:00+09:00,8620.0,8630.0,8540.0,8540.0,6307.0
2026-08-19 10:15:00+09:00,8550.0,8600.0,8540.0,8560.0,1896.0
2026-08-19 10:20:00+09:00,8560.0,8580.0,8540.0,8540.0,3333.0
2026-08-19 10:25:00+09:00,8530.0,8550.0,8530.0,8550.0,1613.0
2026-08-19 10:30:00+09:00,8540.0,8580.0,8520.0,8520.0,2617.0
2026-08-19 10:35:00+09:00,8520.0,8600.0,8480.0,8590.0,5809.0
2026-08-19 10:40:00+09:00,8600.0,8630.0,8560.0,8620.0,5833.0
2026-08-19 10:45:00+09:00,8610.0,8640.0,8580.0,8580.0,6101.0
2026-08-19 10:50:00+09:00,8580.0,8630.0,8560.0,8580.0,2525.0
2026-08-19 10:55:00+09:00,8580.0,8640.0,8560.0,8580.0,2391.0
2026-08-19 11:00:00+09:00,8580.0,8630.0,8520.0,8550.0,5584.0
2026-08-19 11:05:00+09:00,8550.0,8570.0,8530.0,8540.0,719.0
2026-08-19 11:10:00+09:00,8540.0,8600.0,8520.0,8560.0,5862.0
2026-08-19 11:15:00+09:00,8560.0,8610.0,8550.0,8570.0,4812.0
2026-08-19 11:20:00+09:00,8570.0,8630.0,8550.0,8620.0,2586.0
2026-08-19 11:25:00+09:00,8620.0,8640.0,8600.0,8640.0,4032.0
2026-08-19 11:30:00+09:00,8640.0,8660.0,8630.0,8640.0,14976.0
2026-08-19 11:35:00+09:00,8650.0,8670.0,8620.0,8620.0,3878.0
2026-08-19 11:40:00+09:00,8620.0,8620.0,8550.0,8600.0,3494.0
2026-08-19 11:45:00+09:00,8600.0,8640.0,8570.0,8590.0,3345.0
2026-08-19 11:50:00+09:00,8610.0,8620.0,8590.0,8590.0,3014.0
2026-08-19 11:55:00+09:00,8590.0,8610.0,8590.0,8610.0,1592.0
2026-08-19 12:00:00+09:00,8610.0,8670.0,8590.0,8610.0,6395.0
2026-08-19 12:05:00+09:00,8610.0,8620.0,8600.0,8620.0,573.0
2026-08-19 12:10:00+09:00,8610.0,8610.0,8590.0,8600.0,2463.0
2026-08-19 12:15:00+09:00,8610.0,8650.0,8600.0,8630.0,1941.0
2026-08-19 12:20:00+09:00,8630.0,8630.0,8600.0,8620.0,1672.0
2026-08-19 12:25:00+09:00,8630.0,8660.0,8630.0,8630.0,2867.0
2026-08-19 12:30:00+09:00,8640.0,8640.0,8620.0,8630.0,1363.0
2026-08-19 12:35:00+09:00,8630.0,8670.0,8630.0,8650.0,2753.0
2026-08-19 12:40:00+09:00,8650.0,8650.0,8630.0,8630.0,1117.0
2026-08-19 12:45:00+09:00,8630.0,8640.0,8600.0,8610.0,4246.0
2026-08-19 12:50:00+09:00,8610.0,8620.0,8600.0,8610.0,2938.0
2026-08-19 12:55:00+09:00,8610.0,8630.0,8600.0,8620.0,1681.0
2026-08-19 13:00:00+09:00,8610.0,8620.0,8610.0,8620.0,1171.0
2026-08-19 13:05:00+09:00,8620.0,8620.0,8590.0,8590.0,3939.0
2026-08-19 13:10:00+09:00,8600.0,8620.0,8560.0,8600.0,6399.0
2026-08-19 13:15:00+09:00,8600.0,8610.0,8570.0,8610.0,1452.0
2026-08-19 13:20:00+09:00,8610.0,8630.0,8610.0,8620.0,2000.0
2026-08-19 13:25:00+09:00,8610.0,8620.0,8610.0,8620.0,439.0
2026-08-19 13:30:00+09:00,8620.0,8620.0,8570.0,8600.0,3487.0
2026-08-19 13:35:00+09:00,8600.0,8630.0,8590.0,8610.0,2319.0
2026-08-19 13:40:00+09:00,8610.0,8610.0,8610.0,8610.0,31.0
2026-08-19 13:45:00+09:00,8610.0,8610.0,8560.0,8580.0,3982.0
2026-08-19 13:50:00+09:00,8580.0,8580.0,8570.0,8570.0,1837.0
2026-08-19 13:55:00+09:00,8560.0,8590.0,8550.0,8590.0,5182.0
2026-08-19 14:00:00+09:00,8590.0,8660.0,8590.0,8660.0,3573.0
2026-08-19 14:05:00+09:00,8630.0,8660.0,8630.0,8640.0,3068.0
2026-08-19 14:10:00+09:00,8650.0,8660.0,8610.0,8610.0,3282.0
2026-08-19 14:15:00+09:00,8600.0,8600.0,8580.0,8590.0,2200.0
2026-08-19 14:20:00+09:00,8590.0,8590.0,8580.0,8580.0,1832.0
2026-08-19 14:25:00+09:00,8590.0,8610.0,8580.0,8600.0,8274.0
2026-08-19 14:30:00+09:00,8600.0,8600.0,8580.0,8600.0,1493.0
2026-08-19 14:35:00+09:00,8600.0,8600.0,8560.0,8570.0,4216.0
2026-08-19 14:40:00+09:00,8570.0,8570.0,8530.0,8530.0,3839.0
2026-08-19 14:45:00+09:00,8540.0,8540.0,8520.0,8520.0,2634.0
2026-08-19 14:50:00+09:00,8520.0,8530.0,8450.0,8450.0,11596.0
2026-08-19 14:55:00+09:00,8460.0,8470.0,8430.0,8440.0,10368.0
2026-08-20 09:00:00+09:00,8950.0,9130.0,8860.0,9130.0,22106.0
2026-08-20 09:05:00+09:00,9120.0,9140.0,8940.0,8990.0,16767.0
2026-08-20 09:10:00+09:00,8990.0,9030.0,8820.0,8820.0,14563.0
2026-08-20 09:15:00+09:00,8820.0,8890.0,8730.0,8740.0,8871.0
2026-08-20 09:20:00+09:00,8740.0,8760.0,8710.0,8740.0,8751.0
2026-08-20 09:25:00+09:00,8740.0,8750.0,8700.0,8710.0,11415.0
2026-08-20 09:30:00+09:00,8700.0,8790.0,8700.0,8760.0,7620.0
2026-08-20 09:35:00+09:00,8750.0,8820.0,8740.0,8760.0,8095.0
2026-08-20 09:40:00+09:00,8770.0,8810.0,8750.0,8750.0,4347.0
2026-08-20 09:45:00+09:00,8760.0,8780.0,8740.0,8760.0,8706.0
2026-08-20 09:50:00+09:00,8770.0,8800.0,8750.0,8800.0,3876.0
2026-08-20 09:55:00+09:00,8770.0,8800.0,8750.0,8750.0,3137.0
2026-08-20 10:00:00+09:00,8750.0,8760.0,8730.0,8730.0,5609.0
2026-08-20 10:05:00+09:00,8730.0,8740.0,8720.0,8730.0,4717.0
2026-08-20 10:10:00+09:00,8730.0,8730.0,8710.0,8720.0,3597.0
2026-08-20 10:15:00+09:00,8720.0,8740.0,8700.0,8740.0,3955.0
2026-08-20 10:20:00+09:00,8740.0,8790.0,8710.0,8790.0,3323.0
2026-08-20 10:25:00+09:00,8790.0,8800.0,8740.0,8780.0,4782.0
2026-08-20 10:30:00+09:00,8780.0,8850.0,8780.0,8830.0,8553.0
2026-08-20 10:35:00+09:00,8830.0,8840.0,8800.0,8800.0,2056.0
2026-08-20 10:40:00+09:00,8790.0,8820.0,8740.0,8790.0,4999.0
2026-08-20 10:45:00+09:00,8790.0,8830.0,8760.0,8770.0,4714.0
2026-08-20 10:50:00+09:00,8770.0,8780.0,8740.0,8760.0,3002.0
2026-08-20 10:55:00+09:00,8760.0,8770.0,8740.0,8770.0,1379.0
2026-08-20 11:00:00+09:00,8760.0,8770.0,8740.0,8750.0,2038.0
2026-08-20 11:05:00+09:00,8750.0,8770.0,8720.0,8720.0,4352.0
2026-08-20 11:10:00+09:00,8720.0,8730.0,8720.0,8730.0,745.0
2026-08-20 11:15:00+09:00,8730.0,8750.0,8720.0,8720.0,2630.0
2026-08-20 11:20:00+09:00,8730.0,8730.0,8720.0,8720.0,1947.0
2026-08-20 11:25:00+09:00,8720.0,8770.0,8720.0,8740.0,1734.0
2026-08-20 11:30:00+09:00,8740.0,8740.0,8720.0,8720.0,1993.0
2026-08-20 11:35:00+09:00,8720.0,8740.0,8710.0,8710.0,1907.0
2026-08-20 11:40:00+09:00,8710.0,8730.0,8700.0,8700.0,9742.0
2026-08-20 11:45:00+09:00,8700.0,8720.0,8690.0,8700.0,3397.0
2026-08-20 11:50:00+09:00,8700.0,8710.0,8690.0,8710.0,2932.0
2026-08-20 11:55:00+09:00,8710.0,8740.0,8700.0,8700.0,2014.0
2026-08-20 12:00:00+09:00,8700.0,8720.0,8620.0,8640.0,11918.0
2026-08-20 12:05:00+09:00,8650.0,8660.0,8630.0,8640.0,2755.0
2026-08-20 12:10:00+09:00,8640.0,8660.0,8630.0,8660.0,1716.0
2026-08-20 12:15:00+09:00,8660.0,8680.0,8630.0,8640.0,4583.0
2026-08-20 12:20:00+09:00,8640.0,8680.0,8640.0,8660.0,1652.0
2026-08-20 12:25:00+09:00,8670.0,8720.0,8660.0,8670.0,4554.0
2026-08-20 12:30:00+09:00,8670.0,8700.0,8660.0,8680.0,2159.0
2026-08-20 12:35:00+09:00,8700.0,8720.0,8690.0,8700.0,1082.0
2026-08-20 12:40:00+09:00,8700.0,8720.0,8660.0,8690.0,3947.0
2026-08-20 12:45:00+09:00,8690.0,8730.0,8680.0,8700.0,1913.0
2026-08-20 12:50:00+09:00,8700.0,8730.0,8690.0,8720.0,2581.0
2026-08-20 12:55:00+09:00,8710.0,8720.0,8690.0,8690.0,2124.0
2026-08-20 13:00:00+09:00,8690.0,8720.0,8680.0,8690.0,2057.0
2026-08-20 13:05:00+09:00,8690.0,8700.0,8680.0,8690.0,1412.0
2026-08-20 13:10:00+09:00,8690.0,8720.0,8680.0,8720.0,1829.0
2026-08-20 13:15:00+09:00,8720.0,8740.0,8680.0,8730.0,3142.0
2026-08-20 13:20:00+09:00,8730.0,8730.0,8710.0,8730.0,1256.0
2026-08-20 13:25:00+09:00,8730.0,8730.0,8720.0,8730.0,227.0
2026-08-20 13:30:00+09:00,8720.0,8730.0,8700.0,8700.0,2235.0
2026-08-20 13:35:00+09:00,8710.0,8710.0,8670.0,8680.0,5284.0
2026-08-20 13:40:00+09:00,8690.0,8690.0,8660.0,8670.0,1280.0
2026-08-20 13:45:00+09:00,8670.0,8670.0,8660.0,8660.0,261.0
2026-08-20 13:50:00+09:00,8670.0,8670.0,8650.0,8670.0,2775.0
2026-08-20 13:55:00+09:00,8670.0,8670.0,8660.0,8660.0,30.0
2026-08-20 14:00:00+09:00,8660.0,8670.0,8640.0,8640.0,1613.0
2026-08-20 14:05:00+09:00,8640.0,8650.0,8630.0,8630.0,1087.0
2026-08-20 14:10:00+09:00,8630.0,8640.0,8610.0,8610.0,6950.0
2026-08-20 14:15:00+09:00,8620.0,8660.0,8610.0,8620.0,4377.0
2026-08-20 14:20:00+09:00,8630.0,8650.0,8580.0,8610.0,15106.0
2026-08-20 14:25:00+09:00,8630.0,8650.0,8610.0,8610.0,2547.0
2026-08-20 14:30:00+09:00,8610.0,8640.0,8610.0,8630.0,2696.0
2026-08-20 14:35:00+09:00,8620.0,8620.0,8570.0,8590.0,4888.0
2026-08-20 14:40:00+09:00,8600.0,8600.0,8500.0,8600.0,21242.0
2026-08-20 14:45:00+09:00,8600.0,8620.0,8580.0,8580.0,6126.0
2026-08-20 14:50:00+09:00,8580.0,8630.0,8580.0,8610.0,3571.0
2026-08-20 14:55:00+09:00,8600.0,8630.0,8590.0,8590.0,4101.0
2026-08-21 09:00:00+09:00,8470.0,8550.0,8300.0,8320.0,13031.0
2026-08-21 09:05:00+09:00,8360.0,8360.0,8250.0,8260.0,8182.0
2026-08-21 09:10:00+09:00,8260.0,8270.0,8150.0,8220.0,18947.0
2026-08-21 09:15:00+09:00,8240.0,8240.0,8160.0,8210.0,8462.0
2026-08-21 09:20:00+09:00,8210.0,8210.0,8140.0,8190.0,14596.0
2026-08-21 09:25:00+09:00,8200.0,8240.0,8190.0,8240.0,5441.0
2026-08-21 09:30:00+09:00,8240.0,8260.0,8200.0,8250.0,2512.0
2026-08-21 09:35:00+09:00,8250.0,8260.0,8210.0,8250.0,2794.0
2026-08-21 09:40:00+09:00,8240.0,8310.0,8240.0,8270.0,4281.0
2026-08-21 09:45:00+09:00,8300.0,8400.0,8230.0,8260.0,7312.0
2026-08-21 09:50:00+09:00,8260.0,8260.0,8230.0,8230.0,2473.0
2026-08-21 09:55:00+09:00,8230.0,8230.0,8200.0,8230.0,3187.0
2026-08-21 10:00:00+09:00,8230.0,8230.0,8170.0,8180.0,10854.0
2026-08-21 10:05:00+09:00,8180.0,8210.0,8170.0,8210.0,4495.0
2026-08-21 10:10:00+09:00,8170.0,8670.0,8150.0,8670.0,10685.0
2026-08-21 10:15:00+09:00,8550.0,8550.0,8200.0,8220.0,5597.0
2026-08-21 10:20:00+09:00,8220.0,8230.0,8150.0,8170.0,13170.0
2026-08-21 10:25:00+09:00,8170.0,8200.0,8170.0,8200.0,2037.0
2026-08-21 10:30:00+09:00,8200.0,8200.0,8160.0,8180.0,4070.0
2026-08-21 10:35:00+09:00,8180.0,8180.0,8140.0,8170.0,5931.0
2026-08-21 10:40:00+09:00,8170.0,8170.0,8150.0,8160.0,5553.0
2026-08-21 10:45:00+09:00,8170.0,8180.0,8140.0,8170.0,4298.0
2026-08-21 10:50:00+09:00,8170.0,8170.0,8140.0,8160.0,4734.0
2026-08-21 10:55:00+09:00,8160.0,8160.0,8130.0,8140.0,5031.0
2026-08-21 11:00:00+09:00,8140.0,8150.0,8130.0,8140.0,4175.0
2026-08-21 11:05:00+09:00,8140.0,8140.0,8130.0,8140.0,3896.0
2026-08-21 11:10:00+09:00,8140.0,8150.0,8130.0,8150.0,1661.0
2026-08-21 11:15:00+09:00,8150.0,8160.0,8140.0,8160.0,2394.0
2026-08-21 11:20:00+09:00,8150.0,8150.0,8120.0,8130.0,3668.0
2026-08-21 11:25:00+09:00,8130.0,8150.0,8120.0,8150.0,2536.0
2026-08-21 11:30:00+09:00,8140.0,8160.0,8130.0,8160.0,1785.0
2026-08-21 11:35:00+09:00,8150.0,8160.0,8140.0,8150.0,2709.0
2026-08-21 11:40:00+09:00,8150.0,8170.0,8140.0,8170.0,2576.0
2026-08-21 11:45:00+09:00,8170.0,8170.0,8140.0,8160.0,3504.0
2026-08-21 11:50:00+09:00,8160.0,8170.0,8150.0,8170.0,2171.0
2026-08-21 11:55:00+09:00,8180.0,8180.0,8170.0,8170.0,542.0
2026-08-21 12:00:00+09:00,8170.0,8180.0,8160.0,8180.0,1113.0
2026-08-21 12:05:00+09:00,8180.0,8180.0,8160.0,8170.0,1493.0
2026-08-21 12:10:00+09:00,8160.0,8190.0,8160.0,8160.0,1614.0
2026-08-21 12:15:00+09:00,8170.0,8190.0,8170.0,8180.0,1412.0
2026-08-21 12:20:00+09:00,8170.0,8200.0,8170.0,8180.0,1395.0
2026-08-21 12:25:00+09:00,8190.0,8210.0,8180.0,8190.0,743.0
2026-08-21 12:30:00+09:00,8190.0,8200.0,8170.0,8200.0,1258.0
2026-08-21 12:35:00+09:00,8210.0,8240.0,8190.0,8220.0,1695.0
2026-08-21 12:40:00+09:00,8220.0,8250.0,8200.0,8250.0,1131.0
2026-08-21 12:45:00+09:00,8250.0,8260.0,8230.0,8260.0,1135.0
2026-08-21 12:50:00+09:00,8250.0,8380.0,8240.0,8260.0,4917.0
2026-08-21 12:55:00+09:00,8270.0,8270.0,8240.0,8250.0,1153.0
2026-08-21 13:00:00+09:00,8250.0,8260.0,8220.0,8250.0,1240.0
2026-08-21 13:05:00+09:00,8250.0,8260.0,8220.0,8230.0,2022.0
2026-08-21 13:10:00+09:00,8240.0,8270.0,8240.0,8250.0,988.0
2026-08-21 13:15:00+09:00,8240.0,8260.0,8220.0,8220.0,1150.0
2026-08-21 13:20:00+09:00,8220.0,8250.0,8210.0,8240.0,1643.0
2026-08-21 13:25:00+09:00,8240.0,8260.0,8230.0,8260.0,1711.0
2026-08-21 13:30:00+09:00,8260.0,8280.0,8240.0,8280.0,1022.0
2026-08-21 13:35:00+09:00,8280.0,8280.0,8250.0,8260.0,968.0
2026-08-21 13:40:00+09:00,8260.0,8290.0,8250.0,8280.0,2241.0
2026-08-21 13:45:00+09:00,8280.0,8350.0,8280.0,8310.0,3919.0
2026-08-21 13:50:00+09:00,8320.0,8340.0,8310.0,8310.0,1743.0
2026-08-21 13:55:00+09:00,8310.0,8320.0,8300.0,8320.0,1272.0
2026-08-21 14:00:00+09:00,8310.0,8310.0,8250.0,8250.0,1468.0
2026-08-21 14:05:00+09:00,8270.0,8270.0,8210.0,8250.0,7178.0
2026-08-21 14:10:00+09:00,8240.0,8270.0,8230.0,8250.0,1600.0
2026-08-21 14:15:00+09:00,8250.0,8280.0,8240.0,8280.0,2913.0
2026-08-21 14:20:00+09:00,8280.0,8280.0,8250.0,8260.0,746.0
2026-08-21 14:25:00+09:00,8260.0,8280.0,8250.0,8260.0,684.0
2026-08-21 14:30:00+09:00,8270.0,8270.0,8250.0,8260.0,1988.0
2026-08-21 14:35:00+09:00,8260.0,8270.0,8250.0,8270.0,366.0
2026-08-21 14:40:00+09:00,8270.0,8270.0,8260.0,8270.0,675.0
2026-08-21 14:45:00+09:00,8270.0,8280.0,8250.0,8250.0,6971.0
2026-08-21 14:50:00+09:00,8240.0,8240.0,8220.0,8240.0,2218.0
2026-08-21 14:55:00+09:00,8240.0,8240.0,8210.0,8230.0,4182.0
2026-08-24 09:00:00+09:00,8290.0,8400.0,8290.0,8330.0,0.0
2026-08-24 09:05:00+09:00,8320.0,8370.0,8300.0,8300.0,3643.0
2026-08-24 09:10:00+09:00,8310.0,8310.0,8280.0,8300.0,1890.0
2026-08-24 09:15:00+09:00,8290.0,8330.0,8250.0,8260.0,9341.0
2026-08-24 09:20:00+09:00,8260.0,8370.0,8250.0,8300.0,6899.0
2026-08-24 09:25:00+09:00,8290.0,8360.0,8280.0,8320.0,4123.0
2026-08-24 09:30:00+09:00,8300.0,8340.0,8280.0,8310.0,7128.0
2026-08-24 09:35:00+09:00,8310.0,8340.0,8280.0,8280.0,6744.0
2026-08-24 09:40:00+09:00,8280.0,8320.0,8280.0,8310.0,680.0
2026-08-24 09:45:00+09:00,8310.0,8320.0,8290.0,8320.0,3566.0
2026-08-24 09:50:00+09:00,8320.0,8330.0,8290.0,8320.0,1599.0
2026-08-24 09:55:00+09:00,8300.0,8320.0,8290.0,8290.0,2474.0
2026-08-24 10:00:00+09:00,8320.0,8320.0,8260.0,8270.0,4313.0
2026-08-24 10:05:00+09:00,8270.0,8320.0,8270.0,8270.0,655.0
2026-08-24 10:10:00+09:00,8280.0,8300.0,8260.0,8270.0,2891.0
2026-08-24 10:15:00+09:00,8280.0,8300.0,8270.0,8280.0,369.0
2026-08-24 10:20:00+09:00,8290.0,8300.0,8210.0,8240.0,5314.0
2026-08-24 10:25:00+09:00,8240.0,8240.0,8180.0,8200.0,5334.0
2026-08-24 10:30:00+09:00,8200.0,8310.0,8190.0,8210.0,6044.0
2026-08-24 10:35:00+09:00,8210.0,8300.0,8170.0,8180.0,3604.0
2026-08-24 10:40:00+09:00,8180.0,8210.0,8160.0,8180.0,2183.0
2026-08-24 10:45:00+09:00,8180.0,8200.0,8160.0,8200.0,2615.0
2026-08-24 10:50:00+09:00,8190.0,8280.0,8190.0,8250.0,2028.0
2026-08-24 10:55:00+09:00,8240.0,8250.0,8190.0,8200.0,2098.0
2026-08-24 11:00:00+09:00,8200.0,8250.0,8180.0,8200.0,2195.0
2026-08-24 11:05:00+09:00,8200.0,8260.0,8200.0,8260.0,1663.0
2026-08-24 11:10:00+09:00,8250.0,8280.0,8190.0,8200.0,4279.0
2026-08-24 11:15:00+09:00,8240.0,8240.0,8200.0,8240.0,1886.0
2026-08-24 11:20:00+09:00,8230.0,8310.0,8200.0,8300.0,9692.0
2026-08-24 11:25:00+09:00,8270.0,8370.0,8260.0,8310.0,21605.0
2026-08-24 11:30:00+09:00,8320.0,8400.0,8300.0,8370.0,5710.0
2026-08-24 11:35:00+09:00,8380.0,8390.0,8300.0,8370.0,4491.0
2026-08-24 11:40:00+09:00,8370.0,8380.0,8330.0,8340.0,3883.0
2026-08-24 11:45:00+09:00,8340.0,8400.0,8330.0,8370.0,4713.0
2026-08-24 11:50:00+09:00,8360.0,8380.0,8330.0,8330.0,1786.0
2026-08-24 11:55:00+09:00,8330.0,8380.0,8330.0,8370.0,1013.0
2026-08-24 12:00:00+09:00,8370.0,8370.0,8310.0,8330.0,1178.0
2026-08-24 12:05:00+09:00,8330.0,8330.0,8270.0,8300.0,1227.0
2026-08-24 12:10:00+09:00,8300.0,8310.0,8270.0,8310.0,706.0
2026-08-24 12:15:00+09:00,8280.0,8310.0,8260.0,8280.0,1694.0
2026-08-24 12:20:00+09:00,8280.0,8300.0,8260.0,8300.0,924.0
2026-08-24 12:25:00+09:00,8280.0,8300.0,8260.0,8290.0,531.0
2026-08-24 12:30:00+09:00,8290.0,8290.0,8260.0,8280.0,627.0
2026-08-24 12:35:00+09:00,8270.0,8290.0,8260.0,8290.0,974.0
2026-08-24 12:40:00+09:00,8290.0,8310.0,8290.0,8310.0,511.0
2026-08-24 12:45:00+09:00,8300.0,8300.0,8270.0,8290.0,971.0
2026-08-24 12:50:00+09:00,8270.0,8290.0,8260.0,8290.0,884.0
2026-08-24 12:55:00+09:00,8290.0,8290.0,8220.0,8250.0,1685.0
2026-08-24 13:00:00+09:00,8250.0,8250.0,8230.0,8240.0,310.0
2026-08-24 13:05:00+09:00,8240.0,8260.0,8220.0,8250.0,6419.0
2026-08-24 13:10:00+09:00,8250.0,8270.0,8240.0,8270.0,1210.0
2026-08-24 13:15:00+09:00,8270.0,8270.0,8240.0,8250.0,1288.0
2026-08-24 13:20:00+09:00,8270.0,8280.0,8240.0,8250.0,1274.0
2026-08-24 13:25:00+09:00,8250.0,8280.0,8240.0,8270.0,1434.0
2026-08-24 13:30:00+09:00,8270.0,8280.0,8240.0,8240.0,653.0
2026-08-24 13:35:00+09:00,8280.0,8290.0,8250.0,8280.0,949.0
2026-08-24 13:40:00+09:00,8270.0,8270.0,8260.0,8270.0,289.0
2026-08-24 13:45:00+09:00,8270.0,8270.0,8250.0,8260.0,1492.0
2026-08-24 13:50:00+09:00,8260.0,8260.0,8220.0,8220.0,4308.0
2026-08-24 13:55:00+09:00,8220.0,8220.0,8170.0,8190.0,12419.0
2026-08-24 14:00:00+09:00,8220.0,8220.0,8180.0,8190.0,1735.0
2026-08-24 14:05:00+09:00,8190.0,8200.0,8150.0,8190.0,3402.0
2026-08-24 14:10:00+09:00,8190.0,8190.0,8160.0,8180.0,1241.0
2026-08-24 14:15:00+09:00,8170.0,8170.0,8150.0,8150.0,3610.0
2026-08-24 14:20:00+09:00,8150.0,8170.0,8130.0,8140.0,3900.0
2026-08-24 14:25:00+09:00,8140.0,8150.0,8100.0,8100.0,4916.0
2026-08-24 14:30:00+09:00,8120.0,8120.0,8060.0,8060.0,4056.0
2026-08-24 14:35:00+09:00,8080.0,8100.0,8070.0,8100.0,2488.0
2026-08-24 14:40:00+09:00,8090.0,8110.0,8070.0,8080.0,3088.0
2026-08-24 14:45:00+09:00,8080.0,8110.0,8080.0,8100.0,2391.0
2026-08-24 14:50:00+09:00,8100.0,8150.0,8090.0,8150.0,3042.0
2026-08-24 14:55:00+09:00,8140.0,8160.0,8110.0,8130.0,3906.0
2026-08-25 09:00:00+09:00,8110.0,8120.0,7800.0,7830.0,25289.0
2026-08-25 09:05:00+09:00,7830.0,7830.0,7650.0,7660.0,31319.0
2026-08-25 09:10:00+09:00,7680.0,7760.0,7660.0,7760.0,13622.0
2026-08-25 09:15:00+09:00,7760.0,7760.0,7710.0,7760.0,9742.0
2026-08-25 09:20:00+09:00,7750.0,7790.0,7720.0,7770.0,7699.0
2026-08-25 09:25:00+09:00,7770.0,7830.0,7770.0,7800.0,5227.0
2026-08-25 09:30:00+09:00,7810.0,7820.0,7730.0,7740.0,11508.0
2026-08-25 09:35:00+09:00,7740.0,7770.0,7700.0,7720.0,10198.0
2026-08-25 09:40:00+09:00,7720.0,7750.0,7710.0,7740.0,4996.0
2026-08-25 09:45:00+09:00,7740.0,7760.0,7730.0,7730.0,8378.0
2026-08-25 09:50:00+09:00,7720.0,7760.0,7710.0,7760.0,4528.0
2026-08-25 09:55:00+09:00,7750.0,7770.0,7730.0,7750.0,3669.0
2026-08-25 10:00:00+09:00,7750.0,7760.0,7730.0,7750.0,2254.0
2026-08-25 10:05:00+09:00,7750.0,7760.0,7720.0,7720.0,3646.0
2026-08-25 10:10:00+09:00,7730.0,7740.0,7710.0,7730.0,10477.0
2026-08-25 10:15:00+09:00,7730.0,7730.0,7710.0,7720.0,6169.0
2026-08-25 10:20:00+09:00,7720.0,7740.0,7710.0,7730.0,4847.0
2026-08-25 10:25:00+09:00,7730.0,7740.0,7720.0,7740.0,4099.0
2026-08-25 10:30:00+09:00,7740.0,7790.0,7740.0,7790.0,4344.0
2026-08-25 10:35:00+09:00,7790.0,7820.0,7780.0,7800.0,3723.0
2026-08-25 10:40:00+09:00,7810.0,7820.0,7790.0,7810.0,1652.0
2026-08-25 10:45:00+09:00,7810.0,7930.0,7790.0,7930.0,9297.0
2026-08-25 10:50:00+09:00,7920.0,7930.0,7890.0,7900.0,2131.0
2026-08-25 10:55:00+09:00,7900.0,7900.0,7850.0,7850.0,2089.0
2026-08-25 11:00:00+09:00,7890.0,7920.0,7860.0,7920.0,4020.0
2026-08-25 11:05:00+09:00,7910.0,7910.0,7870.0,7900.0,3588.0
2026-08-25 11:10:00+09:00,7900.0,7940.0,7900.0,7910.0,3521.0
2026-08-25 11:15:00+09:00,7910.0,7970.0,7910.0,7970.0,3446.0
2026-08-25 11:20:00+09:00,7970.0,8000.0,7970.0,7990.0,2617.0
2026-08-25 11:25:00+09:00,7990.0,8030.0,7980.0,8030.0,3141.0
2026-08-25 11:30:00+09:00,8020.0,8070.0,8000.0,8060.0,4195.0
2026-08-25 11:35:00+09:00,8060.0,8060.0,7970.0,8040.0,5806.0
2026-08-25 11:40:00+09:00,8040.0,8050.0,8020.0,8030.0,1963.0
2026-08-25 11:45:00+09:00,8020.0,8030.0,7930.0,8000.0,5227.0
2026-08-25 11:50:00+09:00,7990.0,7990.0,7960.0,7990.0,2782.0
2026-08-25 11:55:00+09:00,8010.0,8020.0,8000.0,8010.0,1252.0
2026-08-25 12:00:00+09:00,8010.0,8020.0,8010.0,8020.0,901.0
2026-08-25 12:05:00+09:00,8010.0,8040.0,8000.0,8040.0,3072.0
2026-08-25 12:10:00+09:00,8030.0,8040.0,8010.0,8030.0,972.0
2026-08-25 12:15:00+09:00,8030.0,8100.0,8030.0,8100.0,4404.0
2026-08-25 12:20:00+09:00,8100.0,8100.0,8070.0,8080.0,2218.0
2026-08-25 12:25:00+09:00,8080.0,8100.0,8080.0,8100.0,3451.0
2026-08-25 12:30:00+09:00,8090.0,8150.0,8070.0,8110.0,5427.0
2026-08-25 12:35:00+09:00,8100.0,8110.0,8090.0,8110.0,1792.0
2026-08-25 12:40:00+09:00,8110.0,8110.0,8090.0,8090.0,1606.0
2026-08-25 12:45:00+09:00,8090.0,8090.0,8050.0,8070.0,1678.0
2026-08-25 12:50:00+09:00,8070.0,8090.0,8060.0,8080.0,2140.0
2026-08-25 12:55:00+09:00,8070.0,8080.0,8050.0,8080.0,2319.0
2026-08-25 13:00:00+09:00,8090.0,8130.0,8090.0,8130.0,1684.0
2026-08-25 13:05:00+09:00,8130.0,8190.0,8130.0,8160.0,4236.0
2026-08-25 13:10:00+09:00,8150.0,8150.0,8100.0,8130.0,1620.0
2026-08-25 13:15:00+09:00,8120.0,8180.0,8120.0,8150.0,3180.0
2026-08-25 13:20:00+09:00,8160.0,8170.0,8130.0,8155.0,1197.0
2026-08-25 13:25:00+09:00,8160.0,8190.0,8140.0,8170.0,2712.0
2026-08-25 13:30:00+09:00,8160.0,8190.0,8120.0,8190.0,2771.0
2026-08-25 13:35:00+09:00,8190.0,8210.0,8190.0,8210.0,3846.0
2026-08-25 13:40:00+09:00,8210.0,8240.0,8210.0,8210.0,2340.0
2026-08-25 13:45:00+09:00,8220.0,8240.0,8220.0,8240.0,2637.0
2026-08-25 13:50:00+09:00,8210.0,8240.0,8210.0,8240.0,2904.0
2026-08-25 13:55:00+09:00,8240.0,8250.0,8230.0,8250.0,5817.0
2026-08-25 14:00:00+09:00,8240.0,8250.0,8230.0,8240.0,512.0
2026-08-25 14:05:00+09:00,8230.0,8250.0,8210.0,8220.0,3203.0
2026-08-25 14:10:00+09:00,8220.0,8260.0,8210.0,8260.0,3672.0
2026-08-25 14:15:00+09:00,8260.0,8280.0,8240.0,8250.0,3091.0
2026-08-25 14:20:00+09:00,8250.0,8290.0,8240.0,8280.0,4365.0
2026-08-25 14:25:00+09:00,8280.0,8290.0,8240.0,8260.0,4718.0
2026-08-25 14:30:00+09:00,8260.0,8270.0,8250.0,8270.0,2472.0
2026-08-25 14:35:00+09:00,8270.0,8280.0,8260.0,8260.0,750.0
2026-08-25 14:40:00+09:00,8260.0,8280.0,8240.0,8240.0,5485.0
2026-08-25 14:45:00+09:00,8240.0,8250.0,8230.0,8240.0,3769.0
2026-08-25 14:50:00+09:00,8230.0,8270.0,8220.0,8240.0,3048.0
2026-08-25 14:55:00+09:00,8240.0,8280.0,8220.0,8240.0,3747.0
2026-08-26 09:00:00+09:00,8390.0,8480.0,8330.0,8360.0,9881.0
2026-08-26 09:05:00+09:00,8380.0,8380.0,8230.0,8250.0,10597.0
2026-08-26 09:10:00+09:00,8250.0,8270.0,8210.0,8230.0,6277.0
2026-08-26 09:15:00+09:00,8240.0,8290.0,8230.0,8280.0,4844.0
2026-08-26 09:20:00+09:00,8280.0,8410.0,8280.0,8350.0,5962.0
2026-08-26 09:25:00+09:00,8350.0,8400.0,8310.0,8340.0,7832.0
2026-08-26 09:30:00+09:00,8330.0,8370.0,8310.0,8350.0,3109.0
2026-08-26 09:35:00+09:00,8330.0,8340.0,8270.0,8280.0,5607.0
2026-08-26 09:40:00+09:00,8280.0,8295.0,8250.0,8260.0,4612.0
2026-08-26 09:45:00+09:00,8260.0,8310.0,8240.0,8310.0,3177.0
2026-08-26 09:50:00+09:00,8300.0,8340.0,8280.0,8290.0,3964.0
2026-08-26 09:55:00+09:00,8320.0,8330.0,8260.0,8270.0,4615.0
2026-08-26 10:00:00+09:00,8270.0,8320.0,8250.0,8290.0,2205.0
2026-08-26 10:05:00+09:00,8280.0,8300.0,8260.0,8290.0,2875.0
2026-08-26 10:10:00+09:00,8300.0,8310.0,8270.0,8270.0,2745.0
2026-08-26 10:15:00+09:00,8270.0,8310.0,8270.0,8290.0,2222.0
2026-08-26 10:20:00+09:00,8290.0,8350.0,8260.0,8270.0,4476.0
2026-08-26 10:25:00+09:00,8280.0,8290.0,8240.0,8240.0,3793.0
2026-08-26 10:30:00+09:00,8250.0,8280.0,8240.0,8240.0,2830.0
2026-08-26 10:35:00+09:00,8250.0,8310.0,8240.0,8310.0,3227.0
2026-08-26 10:40:00+09:00,8300.0,8310.0,8270.0,8300.0,2529.0
2026-08-26 10:45:00+09:00,8300.0,8350.0,8290.0,8300.0,2857.0
2026-08-26 10:50:00+09:00,8310.0,8360.0,8310.0,8320.0,2011.0
2026-08-26 10:55:00+09:00,8340.0,8350.0,8280.0,8300.0,2103.0
2026-08-26 11:00:00+09:00,8300.0,8320.0,8250.0,8280.0,2912.0
2026-08-26 11:05:00+09:00,8270.0,8280.0,8240.0,8260.0,2558.0
2026-08-26 11:10:00+09:00,8260.0,8280.0,8240.0,8250.0,3613.0
2026-08-26 11:15:00+09:00,8260.0,8270.0,8240.0,8250.0,2686.0
2026-08-26 11:20:00+09:00,8240.0,8440.0,8220.0,8230.0,9550.0
2026-08-26 11:25:00+09:00,8230.0,8270.0,8230.0,8260.0,2334.0
2026-08-26 11:30:00+09:00,8250.0,8270.0,8230.0,8230.0,2277.0
2026-08-26 11:35:00+09:00,8240.0,8250.0,8230.0,8230.0,2733.0
2026-08-26 11:40:00+09:00,8230.0,8240.0,8180.0,8180.0,10019.0
2026-08-26 11:45:00+09:00,8190.0,8240.0,8180.0,8200.0,1528.0
2026-08-26 11:50:00+09:00,8200.0,8210.0,8170.0,8190.0,3692.0
2026-08-26 11:55:00+09:00,8180.0,8190.0,8170.0,8180.0,1498.0
2026-08-26 12:00:00+09:00,8170.0,8200.0,8160.0,8180.0,3273.0
2026-08-26 12:05:00+09:00,8180.0,8200.0,8180.0,8190.0,3984.0
2026-08-26 12:10:00+09:00,8190.0,8220.0,8180.0,8220.0,2356.0
2026-08-26 12:15:00+09:00,8220.0,8220.0,8190.0,8220.0,1650.0
2026-08-26 12:20:00+09:00,8210.0,8240.0,8190.0,8240.0,2362.0
2026-08-26 12:25:00+09:00,8240.0,8250.0,8230.0,8250.0,772.0
2026-08-26 12:30:00+09:00,8240.0,8240.0,8220.0,8240.0,1418.0
2026-08-26 12:35:00+09:00,8250.0,8260.0,8230.0,8260.0,1962.0
2026-08-26 12:40:00+09:00,8260.0,8260.0,8230.0,8240.0,1587.0
2026-08-26 12:45:00+09:00,8240.0,8280.0,8230.0,8270.0,3053.0
2026-08-26 12:50:00+09:00,8280.0,8290.0,8260.0,8280.0,2575.0
2026-08-26 12:55:00+09:00,8280.0,8300.0,8270.0,8300.0,2880.0
2026-08-26 13:00:00+09:00,8300.0,8310.0,8290.0,8300.0,1720.0
2026-08-26 13:05:00+09:00,8290.0,8310.0,8270.0,8270.0,3253.0
2026-08-26 13:10:00+09:00,8280.0,8290.0,8260.0,8260.0,1283.0
2026-08-26 13:15:00+09:00,8260.0,8280.0,8250.0,8250.0,1819.0
2026-08-26 13:20:00+09:00,8250.0,8290.0,8250.0,8270.0,2408.0
2026-08-26 13:25:00+09:00,8260.0,8290.0,8250.0,8280.0,1993.0
2026-08-26 13:30:00+09:00,8270.0,8280.0,8230.0,8270.0,4996.0
2026-08-26 13:35:00+09:00,8270.0,8280.0,8250.0,8260.0,1088.0
2026-08-26 13:40:00+09:00,8250.0,8260.0,8230.0,8250.0,1640.0
2026-08-26 13:45:00+09:00,8250.0,8270.0,8230.0,8250.0,3003.0
2026-08-26 13:50:00+09:00,8250.0,8260.0,8240.0,8240.0,1837.0
2026-08-26 13:55:00+09:00,8240.0,8250.0,8220.0,8240.0,1949.0
2026-08-26 14:00:00+09:00,8240.0,8250.0,8220.0,8240.0,1980.0
2026-08-26 14:05:00+09:00,8240.0,8250.0,8220.0,8240.0,1877.0
2026-08-26 14:10:00+09:00,8240.0,8240.0,8210.0,8220.0,1806.0
2026-08-26 14:15:00+09:00,8220.0,8220.0,8210.0,8220.0,2051.0
2026-08-26 14:20:00+09:00,8220.0,8230.0,8200.0,8210.0,4238.0
2026-08-26 14:25:00+09:00,8210.0,8230.0,8200.0,8220.0,9135.0
2026-08-26 14:30:00+09:00,8230.0,8250.0,8210.0,8230.0,3585.0
2026-08-26 14:35:00+09:00,8230.0,8260.0,8220.0,8260.0,2753.0
2026-08-26 14:40:00+09:00,8260.0,8260.0,8230.0,8250.0,2312.0
2026-08-26 14:45:00+09:00,8240.0,8250.0,8230.0,8240.0,2599.0
2026-08-26 14:50:00+09:00,8240.0,8260.0,8240.0,8240.0,1640.0
2026-08-26 14:55:00+09:00,8240.0,8250.0,8230.0,8250.0,2405.0
2026-08-27 09:00:00+09:00,8190.0,8300.0,8110.0,8180.0,13853.0
2026-08-27 09:05:00+09:00,8180.0,8230.0,8150.0,8230.0,2227.0
2026-08-27 09:10:00+09:00,8240.0,8270.0,8200.0,8230.0,3537.0
2026-08-27 09:15:00+09:00,8230.0,8260.0,8210.0,8260.0,1755.0
2026-08-27 09:20:00+09:00,8250.0,8290.0,8240.0,8270.0,3439.0
2026-08-27 09:25:00+09:00,8280.0,8280.0,8200.0,8270.0,10270.0
2026-08-27 09:30:00+09:00,8270.0,8320.0,8240.0,8300.0,9879.0
2026-08-27 09:35:00+09:00,8300.0,8300.0,8170.0,8210.0,14214.0
2026-08-27 09:40:00+09:00,8210.0,8230.0,8130.0,8150.0,13130.0
2026-08-27 09:45:00+09:00,8160.0,8180.0,8140.0,8180.0,4544.0
2026-08-27 09:50:00+09:00,8180.0,8180.0,8110.0,8130.0,5686.0
2026-08-27 09:55:00+09:00,8130.0,8130.0,8090.0,8100.0,5679.0
2026-08-27 10:00:00+09:00,8090.0,8120.0,8070.0,8120.0,2841.0
2026-08-27 10:05:00+09:00,8090.0,8120.0,8080.0,8110.0,3267.0
2026-08-27 10:10:00+09:00,8100.0,8120.0,8080.0,8110.0,4768.0
2026-08-27 10:15:00+09:00,8110.0,8120.0,8090.0,8120.0,1600.0
2026-08-27 10:20:00+09:00,8100.0,8120.0,8090.0,8110.0,2132.0
2026-08-27 10:25:00+09:00,8090.0,8120.0,8090.0,8120.0,2588.0
2026-08-27 10:30:00+09:00,8110.0,8120.0,8100.0,8120.0,2337.0
2026-08-27 10:35:00+09:00,8110.0,8140.0,8110.0,8130.0,1057.0
2026-08-27 10:40:00+09:00,8130.0,8150.0,8110.0,8130.0,2285.0
2026-08-27 10:45:00+09:00,8130.0,8140.0,8110.0,8140.0,513.0
2026-08-27 10:50:00+09:00,8130.0,8160.0,8120.0,8140.0,1349.0
2026-08-27 10:55:00+09:00,8130.0,8160.0,8130.0,8140.0,581.0
2026-08-27 11:00:00+09:00,8140.0,8180.0,8140.0,8180.0,1370.0
2026-08-27 11:05:00+09:00,8160.0,8180.0,8130.0,8150.0,2227.0
2026-08-27 11:10:00+09:00,8140.0,8180.0,8140.0,8180.0,1545.0
2026-08-27 11:15:00+09:00,8180.0,8190.0,8160.0,8190.0,1091.0
2026-08-27 11:20:00+09:00,8190.0,8190.0,8160.0,8160.0,690.0
2026-08-27 11:25:00+09:00,8170.0,8180.0,8170.0,8170.0,939.0
2026-08-27 11:30:00+09:00,8170.0,8180.0,8160.0,8180.0,1007.0
2026-08-27 11:35:00+09:00,8160.0,8180.0,8160.0,8160.0,404.0
2026-08-27 11:40:00+09:00,8160.0,8200.0,8130.0,8140.0,5268.0
2026-08-27 11:45:00+09:00,8140.0,8160.0,8120.0,8150.0,667.0
2026-08-27 11:50:00+09:00,8150.0,8170.0,8150.0,8170.0,962.0
2026-08-27 11:55:00+09:00,8160.0,8180.0,8150.0,8180.0,1318.0
2026-08-27 12:00:00+09:00,8180.0,8190.0,8160.0,8170.0,3261.0
2026-08-27 12:05:00+09:00,8170.0,8190.0,8170.0,8190.0,1221.0
2026-08-27 12:10:00+09:00,8180.0,8180.0,8180.0,8180.0,162.0
2026-08-27 12:15:00+09:00,8180.0,8240.0,8180.0,8200.0,4999.0
2026-08-27 12:20:00+09:00,8190.0,8230.0,8180.0,8230.0,3420.0
2026-08-27 12:25:00+09:00,8220.0,8220.0,8180.0,8190.0,1106.0
2026-08-27 12:30:00+09:00,8180.0,8180.0,8170.0,8170.0,2368.0
2026-08-27 12:35:00+09:00,8170.0,8190.0,8160.0,8170.0,1769.0
2026-08-27 12:40:00+09:00,8160.0,8180.0,8160.0,8180.0,825.0
2026-08-27 12:45:00+09:00,8180.0,8180.0,8160.0,8170.0,2370.0
2026-08-27 12:50:00+09:00,8170.0,8170.0,8150.0,8160.0,2567.0
2026-08-27 12:55:00+09:00,8160.0,8190.0,8160.0,8190.0,1221.0
2026-08-27 13:00:00+09:00,8190.0,8200.0,8170.0,8170.0,747.0
2026-08-27 13:05:00+09:00,8180.0,8190.0,8160.0,8170.0,1392.0
2026-08-27 13:10:00+09:00,8190.0,8210.0,8190.0,8200.0,944.0
2026-08-27 13:15:00+09:00,8200.0,8250.0,8180.0,8200.0,6505.0
2026-08-27 13:20:00+09:00,8180.0,8190.0,8160.0,8160.0,1165.0
2026-08-27 13:25:00+09:00,8170.0,8190.0,8170.0,8190.0,1074.0
2026-08-27 13:30:00+09:00,8170.0,8180.0,8170.0,8170.0,830.0
2026-08-27 13:35:00+09:00,8170.0,8170.0,8160.0,8170.0,505.0
2026-08-27 13:40:00+09:00,8150.0,8150.0,8120.0,8150.0,5108.0
2026-08-27 13:45:00+09:00,8150.0,8170.0,8140.0,8160.0,1197.0
2026-08-27 13:50:00+09:00,8160.0,8170.0,8140.0,8150.0,2012.0
2026-08-27 13:55:00+09:00,8160.0,8190.0,8150.0,8180.0,2307.0
2026-08-27 14:00:00+09:00,8180.0,8190.0,8140.0,8170.0,1403.0
2026-08-27 14:05:00+09:00,8190.0,8190.0,8170.0,8190.0,1195.0
2026-08-27 14:10:00+09:00,8180.0,8180.0,8140.0,8160.0,2432.0
2026-08-27 14:15:00+09:00,8160.0,8160.0,8140.0,8150.0,577.0
2026-08-27 14:20:00+09:00,8140.0,8150.0,8120.0,8140.0,5194.0
2026-08-27 14:25:00+09:00,8140.0,8140.0,8120.0,8130.0,1503.0
2026-08-27 14:30:00+09:00,8120.0,8130.0,8120.0,8120.0,239.0
2026-08-27 14:35:00+09:00,8120.0,8140.0,8120.0,8140.0,2457.0
2026-08-27 14:40:00+09:00,8140.0,8160.0,8140.0,8150.0,1187.0
2026-08-27 14:45:00+09:00,8150.0,8160.0,8140.0,8150.0,1602.0
2026-08-27 14:50:00+09:00,8150.0,8160.0,8130.0,8130.0,1911.0
2026-08-27 14:55:00+09:00,8130.0,8130.0,8090.0,8090.0,11909.0
2026-08-28 09:00:00+09:00,8060.0,8180.0,8060.0,8140.0,4425.0
2026-08-28 09:05:00+09:00,8110.0,8240.0,8100.0,8200.0,3244.0
2026-08-28 09:10:00+09:00,8200.0,8240.0,8180.0,8200.0,2443.0
2026-08-28 09:15:00+09:00,8210.0,8210.0,8160.0,8180.0,1655.0
2026-08-28 09:20:00+09:00,8170.0,8170.0,8110.0,8140.0,3246.0
2026-08-28 09:25:00+09:00,8140.0,8140.0,8080.0,8090.0,4440.0
2026-08-28 09:30:00+09:00,8090.0,8100.0,8050.0,8070.0,4934.0
2026-08-28 09:35:00+09:00,8080.0,8090.0,8050.0,8050.0,3086.0
2026-08-28 09:40:00+09:00,8055.0,8060.0,8000.0,8010.0,11992.0
2026-08-28 09:45:00+09:00,8010.0,8040.0,8000.0,8040.0,5016.0
2026-08-28 09:50:00+09:00,8040.0,8040.0,8010.0,8020.0,4685.0
2026-08-28 09:55:00+09:00,8020.0,8060.0,8020.0,8060.0,1285.0
2026-08-28 10:00:00+09:00,8060.0,8070.0,8020.0,8050.0,1343.0
2026-08-28 10:05:00+09:00,8060.0,8060.0,8020.0,8030.0,1558.0
2026-08-28 10:10:00+09:00,8030.0,8030.0,7980.0,7980.0,7799.0
2026-08-28 10:15:00+09:00,7990.0,8020.0,7970.0,8000.0,1794.0
2026-08-28 10:20:00+09:00,8000.0,8040.0,8000.0,8030.0,1750.0
2026-08-28 10:25:00+09:00,8050.0,8050.0,8040.0,8040.0,1816.0
2026-08-28 10:30:00+09:00,8020.0,8040.0,8010.0,8030.0,2759.0
2026-08-28 10:35:00+09:00,8040.0,8070.0,8040.0,8070.0,1003.0
2026-08-28 10:40:00+09:00,8050.0,8050.0,8040.0,8040.0,416.0
2026-08-28 10:45:00+09:00,8040.0,8050.0,8030.0,8040.0,683.0
2026-08-28 10:50:00+09:00,8040.0,8040.0,8030.0,8030.0,838.0
2026-08-28 10:55:00+09:00,8040.0,8070.0,8030.0,8040.0,1576.0
2026-08-28 11:00:00+09:00,8050.0,8060.0,8040.0,8060.0,758.0
2026-08-28 11:05:00+09:00,8050.0,8070.0,8030.0,8050.0,2019.0
2026-08-28 11:10:00+09:00,8060.0,8070.0,8050.0,8070.0,490.0
2026-08-28 11:15:00+09:00,8070.0,8110.0,8070.0,8110.0,3283.0
2026-08-28 11:20:00+09:00,8100.0,8110.0,8090.0,8090.0,3056.0
2026-08-28 11:25:00+09:00,8090.0,8120.0,8080.0,8100.0,1073.0
2026-08-28 11:30:00+09:00,8100.0,8100.0,8080.0,8080.0,917.0
2026-08-28 11:35:00+09:00,8080.0,8120.0,8080.0,8090.0,2166.0
2026-08-28 11:40:00+09:00,8090.0,8100.0,8090.0,8100.0,2805.0
2026-08-28 11:45:00+09:00,8090.0,8120.0,8090.0,8120.0,844.0
2026-08-28 11:50:00+09:00,8120.0,8120.0,8080.0,8080.0,1679.0
2026-08-28 11:55:00+09:00,8090.0,8090.0,8080.0,8090.0,329.0
2026-08-28 12:00:00+09:00,8080.0,8110.0,8080.0,8110.0,1206.0
2026-08-28 12:05:00+09:00,8110.0,8120.0,8100.0,8120.0,1021.0
2026-08-28 12:10:00+09:00,8120.0,8130.0,8120.0,8130.0,976.0
2026-08-28 12:15:00+09:00,8130.0,8150.0,8120.0,8130.0,2037.0
2026-08-28 12:20:00+09:00,8120.0,8130.0,8110.0,8120.0,635.0
2026-08-28 12:25:00+09:00,8120.0,8130.0,8120.0,8130.0,2158.0
2026-08-28 12:30:00+09:00,8130.0,8130.0,8110.0,8110.0,1302.0
2026-08-28 12:35:00+09:00,8110.0,8120.0,8110.0,8120.0,161.0
2026-08-28 12:40:00+09:00,8120.0,8120.0,8110.0,8120.0,517.0
2026-08-28 12:45:00+09:00,8110.0,8110.0,8110.0,8110.0,781.0
2026-08-28 12:50:00+09:00,8110.0,8140.0,8110.0,8140.0,2514.0
2026-08-28 12:55:00+09:00,8130.0,8170.0,8100.0,8150.0,5441.0
2026-08-28 13:00:00+09:00,8150.0,8160.0,8120.0,8140.0,1803.0
2026-08-28 13:05:00+09:00,8140.0,8150.0,8140.0,8140.0,112.0
2026-08-28 13:10:00+09:00,8150.0,8170.0,8140.0,8160.0,1417.0
2026-08-28 13:15:00+09:00,8150.0,8160.0,8150.0,8160.0,1349.0
2026-08-28 13:20:00+09:00,8160.0,8170.0,8150.0,8160.0,1816.0
2026-08-28 13:25:00+09:00,8160.0,8170.0,8150.0,8170.0,926.0
2026-08-28 13:30:00+09:00,8160.0,8160.0,8150.0,8150.0,572.0
2026-08-28 13:35:00+09:00,8160.0,8160.0,8150.0,8160.0,608.0
2026-08-28 13:40:00+09:00,8160.0,8180.0,8160.0,8180.0,1983.0
2026-08-28 13:45:00+09:00,8170.0,8200.0,8170.0,8200.0,2486.0
2026-08-28 13:50:00+09:00,8200.0,8200.0,8170.0,8180.0,953.0
2026-08-28 13:55:00+09:00,8180.0,8190.0,8180.0,8190.0,1201.0
2026-08-28 14:00:00+09:00,8180.0,8190.0,8160.0,8170.0,1088.0
2026-08-28 14:05:00+09:00,8160.0,8160.0,8130.0,8130.0,2416.0
2026-08-28 14:10:00+09:00,8130.0,8130.0,8110.0,8110.0,1543.0
2026-08-28 14:15:00+09:00,8110.0,8120.0,8100.0,8110.0,346.0
2026-08-28 14:20:00+09:00,8110.0,8110.0,8100.0,8100.0,414.0
2026-08-28 14:25:00+09:00,8110.0,8130.0,8060.0,8100.0,7824.0
2026-08-28 14:30:00+09:00,8100.0,8110.0,8100.0,8110.0,1909.0
2026-08-28 14:35:00+09:00,8100.0,8110.0,8090.0,8090.0,3151.0
2026-08-28 14:40:00+09:00,8100.0,8100.0,8080.0,8080.0,3190.0
2026-08-28 14:45:00+09:00,8090.0,8090.0,8090.0,8090.0,508.0
2026-08-28 14:50:00+09:00,8090.0,8100.0,8090.0,8100.0,2336.0
2026-08-28 14:55:00+09:00,8100.0,8130.0,8100.0,8100.0,876.0
2026-08-31 09:00:00+09:00,8010.0,8030.0,7830.0,7850.0,0.0
2026-08-31 09:05:00+09:00,7850.0,7890.0,7810.0,7890.0,9887.0
2026-08-31 09:10:00+09:00,7860.0,7910.0,7830.0,7910.0,3984.0
2026-08-31 09:15:00+09:00,7910.0,7910.0,7870.0,7890.0,5753.0
2026-08-31 09:20:00+09:00,7900.0,7940.0,7900.0,7920.0,2387.0
2026-08-31 09:25:00+09:00,7920.0,7930.0,7900.0,7930.0,2779.0
2026-08-31 09:30:00+09:00,7930.0,8000.0,7910.0,7970.0,3593.0
2026-08-31 09:35:00+09:00,7960.0,7975.0,7920.0,7950.0,863.0
2026-08-31 09:40:00+09:00,7930.0,7940.0,7920.0,7940.0,802.0
2026-08-31 09:45:00+09:00,7930.0,7930.0,7910.0,7930.0,3484.0
2026-08-31 09:50:00+09:00,7920.0,7950.0,7900.0,7940.0,5699.0
2026-08-31 09:55:00+09:00,7940.0,7950.0,7910.0,7920.0,4231.0
2026-08-31 10:00:00+09:00,7920.0,7930.0,7890.0,7920.0,4798.0
2026-08-31 10:05:00+09:00,7910.0,7920.0,7870.0,7880.0,4589.0
2026-08-31 10:10:00+09:00,7880.0,7910.0,7870.0,7880.0,2965.0
2026-08-31 10:15:00+09:00,7880.0,7920.0,7880.0,7890.0,2821.0
2026-08-31 10:20:00+09:00,7900.0,7900.0,7860.0,7870.0,4003.0
2026-08-31 10:25:00+09:00,7870.0,7900.0,7870.0,7890.0,1030.0
2026-08-31 10:30:00+09:00,7890.0,7900.0,7880.0,7890.0,3183.0
2026-08-31 10:35:00+09:00,7890.0,7900.0,7880.0,7890.0,4308.0
2026-08-31 10:40:00+09:00,7900.0,7900.0,7860.0,7880.0,3417.0
2026-08-31 10:45:00+09:00,7870.0,7880.0,7860.0,7870.0,1363.0
2026-08-31 10:50:00+09:00,7870.0,7870.0,7860.0,7870.0,844.0
2026-08-31 10:55:00+09:00,7870.0,7870.0,7850.0,7850.0,5414.0
2026-08-31 11:00:00+09:00,7850.0,7870.0,7850.0,7850.0,1891.0
2026-08-31 11:05:00+09:00,7850.0,7890.0,7850.0,7890.0,1879.0
2026-08-31 11:10:00+09:00,7890.0,7910.0,7870.0,7890.0,2624.0
2026-08-31 11:15:00+09:00,7890.0,7910.0,7860.0,7910.0,3375.0
2026-08-31 11:20:00+09:00,7880.0,7880.0,7860.0,7860.0,2034.0
2026-08-31 11:25:00+09:00,7870.0,7880.0,7860.0,7870.0,1899.0
2026-08-31 11:30:00+09:00,7880.0,7880.0,7850.0,7860.0,1216.0
2026-08-31 11:35:00+09:00,7860.0,7870.0,7860.0,7860.0,1426.0
2026-08-31 11:40:00+09:00,7870.0,7920.0,7870.0,7890.0,3183.0
2026-08-31 11:45:00+09:00,7880.0,7910.0,7880.0,7880.0,1191.0
2026-08-31 11:50:00+09:00,7880.0,7900.0,7870.0,7890.0,1665.0
2026-08-31 11:55:00+09:00,7890.0,7950.0,7890.0,7940.0,623.0
2026-08-31 12:00:00+09:00,7940.0,7960.0,7930.0,7940.0,884.0
2026-08-31 12:05:00+09:00,7940.0,7960.0,7910.0,7940.0,1673.0
2026-08-31 12:10:00+09:00,7940.0,7970.0,7930.0,7960.0,2102.0
2026-08-31 12:15:00+09:00,7960.0,7960.0,7930.0,7960.0,1381.0
2026-08-31 12:20:00+09:00,7950.0,7960.0,7910.0,7950.0,2478.0
2026-08-31 12:25:00+09:00,7960.0,7960.0,7930.0,7940.0,1780.0
2026-08-31 12:30:00+09:00,7940.0,7960.0,7920.0,7940.0,2885.0
2026-08-31 12:35:00+09:00,7940.0,7970.0,7930.0,7960.0,2604.0
2026-08-31 12:40:00+09:00,7960.0,7980.0,7950.0,7960.0,2863.0
2026-08-31 12:45:00+09:00,7960.0,7980.0,7950.0,7970.0,2462.0
2026-08-31 12:50:00+09:00,7970.0,7980.0,7950.0,7960.0,1679.0
2026-08-31 12:55:00+09:00,7960.0,7980.0,7950.0,7980.0,2763.0
2026-08-31 13:00:00+09:00,7980.0,7980.0,7960.0,7970.0,6578.0
2026-08-31 13:05:00+09:00,7970.0,8000.0,7960.0,7990.0,3523.0
2026-08-31 13:10:00+09:00,7970.0,7970.0,7960.0,7970.0,1504.0
2026-08-31 13:15:00+09:00,7970.0,8000.0,7970.0,7980.0,1427.0
2026-08-31 13:20:00+09:00,7980.0,7980.0,7950.0,7970.0,1996.0
2026-08-31 13:25:00+09:00,7980.0,7990.0,7960.0,7990.0,2030.0
2026-08-31 13:30:00+09:00,7970.0,7980.0,7950.0,7980.0,1375.0
2026-08-31 13:35:00+09:00,7980.0,8020.0,7970.0,8020.0,854.0
2026-08-31 13:40:00+09:00,8010.0,8020.0,8000.0,8010.0,922.0
2026-08-31 13:45:00+09:00,8000.0,8010.0,7970.0,8000.0,1381.0
2026-08-31 13:50:00+09:00,8000.0,8030.0,7980.0,8020.0,1985.0
2026-08-31 13:55:00+09:00,8020.0,8030.0,8000.0,8000.0,2431.0
2026-08-31 14:00:00+09:00,8010.0,8040.0,8000.0,8040.0,1215.0
2026-08-31 14:05:00+09:00,8040.0,8050.0,8010.0,8030.0,2118.0
2026-08-31 14:10:00+09:00,8020.0,8050.0,8010.0,8040.0,1132.0
2026-08-31 14:15:00+09:00,8030.0,8050.0,7990.0,8040.0,5276.0
2026-08-31 14:20:00+09:00,8050.0,8060.0,8030.0,8050.0,1291.0
2026-08-31 14:25:00+09:00,8050.0,8070.0,8040.0,8070.0,1305.0
2026-08-31 14:30:00+09:00,8070.0,8070.0,8040.0,8050.0,1911.0
2026-08-31 14:35:00+09:00,8050.0,8070.0,8040.0,8070.0,866.0
2026-08-31 14:40:00+09:00,8070.0,8080.0,8050.0,8080.0,1408.0
2026-08-31 14:45:00+09:00,8080.0,8080.0,8040.0,8040.0,745.0
2026-08-31 14:50:00+09:00,8060.0,8080.0,8030.0,8080.0,1642.0
2026-08-31 14:55:00+09:00,8070.0,8080.0,8050.0,8080.0,930.0
2026-09-01 09:00:00+09:00,8190.0,8440.0,8190.0,8270.0,38867.0
2026-09-01 09:05:00+09:00,8290.0,8340.0,8240.0,8280.0,9986.0
2026-09-01 09:10:00+09:00,8300.0,8300.0,8250.0,8260.0,7879.0
2026-09-01 09:15:00+09:00,8260.0,8280.0,8230.0,8240.0,10498.0
2026-09-01 09:20:00+09:00,8240.0,8320.0,8240.0,8270.0,7070.0
2026-09-01 09:25:00+09:00,8270.0,8440.0,8250.0,8380.0,12793.0
2026-09-01 09:30:00+09:00,8380.0,8400.0,8320.0,8320.0,9843.0
2026-09-01 09:35:00+09:00,8320.0,8400.0,8290.0,8290.0,7299.0
2026-09-01 09:40:00+09:00,8290.0,8420.0,8280.0,8410.0,7623.0
2026-09-01 09:45:00+09:00,8410.0,8410.0,8350.0,8370.0,5973.0
2026-09-01 09:50:00+09:00,8370.0,8380.0,8300.0,8320.0,4500.0
2026-09-01 09:55:00+09:00,8320.0,8400.0,8310.0,8370.0,4646.0
2026-09-01 10:00:00+09:00,8370.0,8420.0,8360.0,8400.0,6428.0
2026-09-01 10:05:00+09:00,8400.0,8410.0,8350.0,8370.0,6335.0
2026-09-01 10:10:00+09:00,8390.0,8450.0,8370.0,8410.0,7558.0
2026-09-01 10:15:00+09:00,8410.0,8510.0,8410.0,8500.0,19356.0
2026-09-01 10:20:00+09:00,8500.0,8510.0,8440.0,8460.0,16896.0
2026-09-01 10:25:00+09:00,8460.0,8530.0,8440.0,8530.0,8130.0
2026-09-01 10:30:00+09:00,8530.0,8530.0,8450.0,8470.0,7518.0
2026-09-01 10:35:00+09:00,8480.0,8560.0,8480.0,8530.0,5812.0
2026-09-01 10:40:00+09:00,8530.0,8570.0,8490.0,8520.0,5487.0
2026-09-01 10:45:00+09:00,8520.0,8550.0,8470.0,8480.0,12133.0
2026-09-01 10:50:00+09:00,8470.0,8470.0,8360.0,8360.0,12311.0
2026-09-01 10:55:00+09:00,8360.0,8410.0,8350.0,8400.0,1204.0
2026-09-01 11:00:00+09:00,8400.0,8470.0,8400.0,8410.0,4091.0
2026-09-01 11:05:00+09:00,8410.0,8420.0,8400.0,8410.0,868.0
2026-09-01 11:10:00+09:00,8410.0,8430.0,8390.0,8430.0,3492.0
2026-09-01 11:15:00+09:00,8430.0,8450.0,8420.0,8430.0,3157.0
2026-09-01 11:20:00+09:00,8430.0,8430.0,8380.0,8380.0,8574.0
2026-09-01 11:25:00+09:00,8390.0,8390.0,8330.0,8330.0,4877.0
2026-09-01 11:30:00+09:00,8340.0,8340.0,8320.0,8320.0,1857.0
2026-09-01 11:35:00+09:00,8320.0,8320.0,8310.0,8310.0,3267.0
2026-09-01 11:40:00+09:00,8300.0,8320.0,8300.0,8310.0,1891.0
2026-09-01 11:45:00+09:00,8310.0,8310.0,8300.0,8310.0,434.0
2026-09-01 11:50:00+09:00,8310.0,8310.0,8300.0,8310.0,395.0
2026-09-01 11:55:00+09:00,8300.0,8330.0,8300.0,8330.0,2251.0
2026-09-01 12:00:00+09:00,8330.0,8340.0,8320.0,8340.0,1201.0
2026-09-01 12:05:00+09:00,8350.0,8390.0,8330.0,8340.0,4679.0
2026-09-01 12:10:00+09:00,8340.0,8350.0,8340.0,8350.0,1157.0
2026-09-01 12:15:00+09:00,8350.0,8350.0,8350.0,8350.0,284.0
2026-09-01 12:20:00+09:00,8350.0,8350.0,8330.0,8330.0,1469.0
2026-09-01 12:25:00+09:00,8330.0,8330.0,8320.0,8320.0,1109.0
2026-09-01 12:30:00+09:00,8320.0,8340.0,8320.0,8340.0,1051.0
2026-09-01 12:35:00+09:00,8340.0,8340.0,8320.0,8340.0,1124.0
2026-09-01 12:40:00+09:00,8330.0,8340.0,8330.0,8330.0,1372.0
2026-09-01 12:45:00+09:00,8330.0,8350.0,8330.0,8340.0,1913.0
2026-09-01 12:50:00+09:00,8330.0,8380.0,8330.0,8350.0,1783.0
2026-09-01 12:55:00+09:00,8350.0,8350.0,8340.0,8350.0,1552.0
2026-09-01 13:00:00+09:00,8350.0,8350.0,8320.0,8320.0,2468.0
2026-09-01 13:05:00+09:00,8320.0,8330.0,8310.0,8330.0,3747.0
2026-09-01 13:10:00+09:00,8330.0,8340.0,8320.0,8340.0,841.0
2026-09-01 13:15:00+09:00,8340.0,8360.0,8340.0,8350.0,842.0
2026-09-01 13:20:00+09:00,8360.0,8360.0,8340.0,8350.0,944.0
2026-09-01 13:25:00+09:00,8350.0,8350.0,8310.0,8310.0,2410.0
2026-09-01 13:30:00+09:00,8320.0,8320.0,8310.0,8320.0,1084.0
2026-09-01 13:35:00+09:00,8320.0,8340.0,8320.0,8320.0,1945.0
2026-09-01 13:40:00+09:00,8320.0,8340.0,8320.0,8320.0,2533.0
2026-09-01 13:45:00+09:00,8330.0,8330.0,8320.0,8330.0,966.0
2026-09-01 13:50:00+09:00,8330.0,8330.0,8320.0,8320.0,613.0
2026-09-01 13:55:00+09:00,8325.0,8330.0,8300.0,8300.0,4535.0
2026-09-01 14:00:00+09:00,8300.0,8310.0,8300.0,8310.0,255.0
2026-09-01 14:05:00+09:00,8310.0,8310.0,8300.0,8300.0,778.0
2026-09-01 14:10:00+09:00,8310.0,8320.0,8290.0,8320.0,6552.0
2026-09-01 14:15:00+09:00,8320.0,8320.0,8310.0,8310.0,681.0
2026-09-01 14:20:00+09:00,8310.0,8310.0,8290.0,8300.0,1982.0
2026-09-01 14:25:00+09:00,8310.0,8340.0,8310.0,8330.0,1403.0
2026-09-01 14:30:00+09:00,8330.0,8350.0,8320.0,8350.0,1222.0
2026-09-01 14:35:00+09:00,8350.0,8370.0,8340.0,8370.0,1682.0
2026-09-01 14:40:00+09:00,8370.0,8410.0,8370.0,8410.0,3679.0
2026-09-01 14:45:00+09:00,8410.0,8440.0,8410.0,8420.0,2310.0
2026-09-01 14:50:00+09:00,8430.0,8450.0,8420.0,8440.0,4018.0
2026-09-01 14:55:00+09:00,8440.0,8480.0,8440.0,8470.0,3979.0
2026-09-02 09:00:00+09:00,8260.0,8330.0,8120.0,8120.0,10575.0
2026-09-02 09:05:00+09:00,8130.0,8160.0,8100.0,8130.0,9290.0
2026-09-02 09:10:00+09:00,8130.0,8210.0,8100.0,8160.0,7631.0
2026-09-02 09:15:00+09:00,8160.0,8260.0,8160.0,8220.0,9197.0
2026-09-02 09:20:00+09:00,8230.0,8280.0,8210.0,8240.0,6277.0
2026-09-02 09:25:00+09:00,8240.0,8260.0,8190.0,8190.0,4808.0
2026-09-02 09:30:00+09:00,8190.0,8260.0,8170.0,8240.0,1716.0
2026-09-02 09:35:00+09:00,8230.0,8240.0,8200.0,8230.0,4789.0
2026-09-02 09:40:00+09:00,8240.0,8240.0,8210.0,8240.0,1847.0
2026-09-02 09:45:00+09:00,8240.0,8260.0,8230.0,8260.0,3434.0
2026-09-02 09:50:00+09:00,8250.0,8290.0,8200.0,8200.0,7314.0
2026-09-02 09:55:00+09:00,8200.0,8230.0,8180.0,8180.0,1696.0
2026-09-02 10:00:00+09:00,8180.0,8200.0,8160.0,8200.0,2177.0
2026-09-02 10:05:00+09:00,8190.0,8200.0,8180.0,8200.0,3526.0
2026-09-02 10:10:00+09:00,8200.0,8200.0,8180.0,8200.0,2493.0
2026-09-02 10:15:00+09:00,8200.0,8240.0,8190.0,8210.0,4838.0
2026-09-02 10:20:00+09:00,8210.0,8210.0,8190.0,8200.0,1826.0
2026-09-02 10:25:00+09:00,8190.0,8210.0,8180.0,8190.0,4952.0
2026-09-02 10:30:00+09:00,8200.0,8200.0,8170.0,8180.0,3969.0
2026-09-02 10:35:00+09:00,8200.0,8200.0,8170.0,8180.0,2793.0
2026-09-02 10:40:00+09:00,8180.0,8200.0,8160.0,8170.0,3021.0
2026-09-02 10:45:00+09:00,8170.0,8180.0,8150.0,8170.0,2404.0
2026-09-02 10:50:00+09:00,8160.0,8170.0,8140.0,8140.0,4665.0
2026-09-02 10:55:00+09:00,8140.0,8160.0,8130.0,8150.0,2862.0
2026-09-02 11:00:00+09:00,8150.0,8160.0,8130.0,8150.0,5167.0
2026-09-02 11:05:00+09:00,8150.0,8160.0,8130.0,8160.0,821.0
2026-09-02 11:10:00+09:00,8170.0,8180.0,8160.0,8180.0,2102.0
2026-09-02 11:15:00+09:00,8180.0,8190.0,8150.0,8180.0,1193.0
2026-09-02 11:20:00+09:00,8180.0,8220.0,8160.0,8220.0,2039.0
2026-09-02 11:25:00+09:00,8205.0,8205.0,8160.0,8160.0,3651.0
2026-09-02 11:30:00+09:00,8160.0,8170.0,8150.0,8150.0,1777.0
2026-09-02 11:35:00+09:00,8150.0,8150.0,8140.0,8140.0,1050.0
2026-09-02 11:40:00+09:00,8150.0,8170.0,8150.0,8170.0,3808.0
2026-09-02 11:45:00+09:00,8170.0,8170.0,8150.0,8160.0,1209.0
2026-09-02 11:50:00+09:00,8150.0,8160.0,8140.0,8150.0,2390.0
2026-09-02 11:55:00+09:00,8150.0,8150.0,8150.0,8150.0,305.0
2026-09-02 12:00:00+09:00,8150.0,8150.0,8150.0,8150.0,731.0
2026-09-02 12:05:00+09:00,8140.0,8150.0,8140.0,8150.0,436.0
2026-09-02 12:10:00+09:00,8150.0,8160.0,8140.0,8160.0,1787.0
2026-09-02 12:15:00+09:00,8160.0,8160.0,8150.0,8150.0,432.0
2026-09-02 12:20:00+09:00,8160.0,8160.0,8140.0,8150.0,754.0
2026-09-02 12:25:00+09:00,8150.0,8160.0,8150.0,8160.0,853.0
2026-09-02 12:30:00+09:00,8160.0,8160.0,8130.0,8140.0,3968.0
2026-09-02 12:35:00+09:00,8140.0,8160.0,8140.0,8160.0,948.0
2026-09-02 12:40:00+09:00,8160.0,8160.0,8140.0,8140.0,937.0
2026-09-02 12:45:00+09:00,8140.0,8150.0,8130.0,8140.0,2727.0
2026-09-02 12:50:00+09:00,8130.0,8140.0,8120.0,8130.0,1308.0
2026-09-02 12:55:00+09:00,8130.0,8140.0,8130.0,8130.0,1992.0
2026-09-02 13:00:00+09:00,8120.0,8130.0,8110.0,8130.0,2484.0
2026-09-02 13:05:00+09:00,8110.0,8110.0,8100.0,8110.0,4245.0
2026-09-02 13:10:00+09:00,8110.0,8120.0,8100.0,8120.0,2648.0
2026-09-02 13:15:00+09:00,8120.0,8140.0,8120.0,8140.0,387.0
2026-09-02 13:20:00+09:00,8140.0,8140.0,8100.0,8130.0,1946.0
2026-09-02 13:25:00+09:00,8140.0,8170.0,8130.0,8170.0,3730.0
2026-09-02 13:30:00+09:00,8160.0,8220.0,8160.0,8180.0,2572.0
2026-09-02 13:35:00+09:00,8180.0,8180.0,8130.0,8140.0,3071.0
2026-09-02 13:40:00+09:00,8140.0,8140.0,8110.0,8110.0,2027.0
2026-09-02 13:45:00+09:00,8120.0,8140.0,8110.0,8110.0,2262.0
2026-09-02 13:50:00+09:00,8120.0,8120.0,8100.0,8110.0,2346.0
2026-09-02 13:55:00+09:00,8110.0,8120.0,8090.0,8100.0,3091.0
2026-09-02 14:00:00+09:00,8090.0,8090.0,8060.0,8070.0,3864.0
2026-09-02 14:05:00+09:00,8080.0,8080.0,8070.0,8070.0,836.0
2026-09-02 14:10:00+09:00,8070.0,8110.0,8070.0,8100.0,1872.0
2026-09-02 14:15:00+09:00,8100.0,8100.0,8100.0,8100.0,294.0
2026-09-02 14:20:00+09:00,8100.0,8110.0,8090.0,8110.0,2886.0
2026-09-02 14:25:00+09:00,8120.0,8120.0,8110.0,8110.0,1958.0
2026-09-02 14:30:00+09:00,8110.0,8110.0,8100.0,8110.0,1460.0
2026-09-02 14:35:00+09:00,8110.0,8110.0,8080.0,8080.0,2032.0
2026-09-02 14:40:00+09:00,8090.0,8090.0,8070.0,8070.0,2448.0
2026-09-02 14:45:00+09:00,8080.0,8090.0,8070.0,8090.0,3112.0
2026-09-02 14:50:00+09:00,8090.0,8110.0,8070.0,8080.0,3076.0
2026-09-02 14:55:00+09:00,8080.0,8080.0,8040.0,8060.0,7351.0
2026-09-03 09:00:00+09:00,8110.0,8180.0,8040.0,8050.0,5917.0
2026-09-03 09:05:00+09:00,8030.0,8070.0,8030.0,8030.0,1729.0
2026-09-03 09:10:00+09:00,8030.0,8050.0,8000.0,8010.0,6887.0
2026-09-03 09:15:00+09:00,8000.0,8010.0,7980.0,7980.0,6502.0
2026-09-03 09:20:00+09:00,7980.0,8000.0,7960.0,8000.0,3425.0
2026-09-03 09:25:00+09:00,8010.0,8020.0,7990.0,8010.0,1275.0
2026-09-03 09:30:00+09:00,8010.0,8030.0,8000.0,8010.0,1729.0
2026-09-03 09:35:00+09:00,8020.0,8040.0,8010.0,8040.0,2561.0
2026-09-03 09:40:00+09:00,8040.0,8080.0,8040.0,8070.0,5052.0
2026-09-03 09:45:00+09:00,8060.0,8070.0,8050.0,8050.0,2767.0
2026-09-03 09:50:00+09:00,8060.0,8110.0,8050.0,8110.0,2276.0
2026-09-03 09:55:00+09:00,8110.0,8110.0,8070.0,8070.0,2194.0
2026-09-03 10:00:00+09:00,8070.0,8090.0,8060.0,8080.0,1444.0
2026-09-03 10:05:00+09:00,8090.0,8110.0,8080.0,8080.0,1056.0
2026-09-03 10:10:00+09:00,8080.0,8100.0,8060.0,8100.0,1280.0
2026-09-03 10:15:00+09:00,8100.0,8100.0,8050.0,8060.0,1142.0
2026-09-03 10:20:00+09:00,8060.0,8080.0,8060.0,8070.0,1086.0
2026-09-03 10:25:00+09:00,8070.0,8080.0,8040.0,8050.0,2852.0
2026-09-03 10:30:00+09:00,8050.0,8070.0,8030.0,8070.0,1289.0
2026-09-03 10:35:00+09:00,8070.0,8080.0,8050.0,8050.0,1248.0
2026-09-03 10:40:00+09:00,8060.0,8070.0,8050.0,8070.0,2146.0
2026-09-03 10:45:00+09:00,8070.0,8080.0,8060.0,8070.0,188.0
2026-09-03 10:50:00+09:00,8070.0,8070.0,8040.0,8050.0,764.0
2026-09-03 10:55:00+09:00,8050.0,8050.0,8020.0,8040.0,1660.0
2026-09-03 11:00:00+09:00,8040.0,8060.0,8030.0,8060.0,1058.0
2026-09-03 11:05:00+09:00,8060.0,8060.0,8050.0,8050.0,61.0
2026-09-03 11:10:00+09:00,8050.0,8070.0,8050.0,8070.0,650.0
2026-09-03 11:15:00+09:00,8070.0,8110.0,8060.0,8110.0,1844.0
2026-09-03 11:20:00+09:00,8090.0,8100.0,8080.0,8100.0,384.0
2026-09-03 11:25:00+09:00,8100.0,8100.0,8080.0,8090.0,606.0
2026-09-03 11:30:00+09:00,8090.0,8110.0,8090.0,8110.0,1277.0
2026-09-03 11:35:00+09:00,8110.0,8140.0,8090.0,8130.0,2671.0
2026-09-03 11:40:00+09:00,8130.0,8130.0,8110.0,8120.0,873.0
2026-09-03 11:45:00+09:00,8110.0,8110.0,8080.0,8090.0,55.0
2026-09-03 11:50:00+09:00,8090.0,8090.0,8060.0,8060.0,965.0
2026-09-03 11:55:00+09:00,8060.0,8090.0,8060.0,8090.0,998.0
2026-09-03 12:00:00+09:00,8080.0,8090.0,8070.0,8080.0,757.0
2026-09-03 12:05:00+09:00,8080.0,8100.0,8070.0,8100.0,1204.0
2026-09-03 12:10:00+09:00,8100.0,8110.0,8090.0,8110.0,485.0
2026-09-03 12:15:00+09:00,8110.0,8120.0,8100.0,8110.0,400.0
2026-09-03 12:20:00+09:00,8110.0,8120.0,8080.0,8120.0,1901.0
2026-09-03 12:25:00+09:00,8110.0,8110.0,8090.0,8110.0,447.0
2026-09-03 12:30:00+09:00,8090.0,8120.0,8080.0,8090.0,1736.0
2026-09-03 12:35:00+09:00,8090.0,8100.0,8070.0,8090.0,2362.0
2026-09-03 12:40:00+09:00,8090.0,8090.0,8080.0,8090.0,1028.0
2026-09-03 12:45:00+09:00,8080.0,8090.0,8070.0,8090.0,1425.0
2026-09-03 12:50:00+09:00,8070.0,8080.0,8060.0,8060.0,1138.0
2026-09-03 12:55:00+09:00,8060.0,8070.0,8060.0,8070.0,448.0
2026-09-03 13:00:00+09:00,8070.0,8070.0,8060.0,8070.0,54.0
2026-09-03 13:05:00+09:00,8060.0,8070.0,8060.0,8060.0,1057.0
2026-09-03 13:10:00+09:00,8060.0,8060.0,8050.0,8060.0,287.0
2026-09-03 13:15:00+09:00,8050.0,8110.0,8050.0,8080.0,2626.0
2026-09-03 13:20:00+09:00,8080.0,8080.0,8050.0,8050.0,585.0
2026-09-03 13:25:00+09:00,8060.0,8090.0,8030.0,8080.0,4674.0
2026-09-03 13:30:00+09:00,8080.0,8090.0,8060.0,8090.0,1377.0
2026-09-03 13:35:00+09:00,8090.0,8100.0,8040.0,8080.0,3277.0
2026-09-03 13:40:00+09:00,8080.0,8100.0,8080.0,8100.0,2280.0
2026-09-03 13:45:00+09:00,8100.0,8100.0,8060.0,8070.0,7459.0
2026-09-03 13:50:00+09:00,8070.0,8080.0,8060.0,8060.0,1701.0
2026-09-03 13:55:00+09:00,8060.0,8060.0,8010.0,8050.0,2477.0
2026-09-03 14:00:00+09:00,8040.0,8050.0,8030.0,8040.0,3800.0
2026-09-03 14:05:00+09:00,8040.0,8040.0,8020.0,8020.0,1134.0
2026-09-03 14:10:00+09:00,8020.0,8020.0,8000.0,8000.0,3413.0
2026-09-03 14:15:00+09:00,8000.0,8000.0,7940.0,7940.0,12198.0
2026-09-03 14:20:00+09:00,7940.0,7950.0,7890.0,7890.0,9945.0
2026-09-03 14:25:00+09:00,7895.0,7950.0,7870.0,7950.0,6580.0
2026-09-03 14:30:00+09:00,7890.0,7930.0,7880.0,7910.0,3488.0
2026-09-03 14:35:00+09:00,7910.0,7930.0,7890.0,7920.0,6414.0
2026-09-03 14:40:00+09:00,7910.0,7930.0,7880.0,7930.0,7849.0
2026-09-03 14:45:00+09:00,7910.0,7960.0,7880.0,7960.0,5945.0
2026-09-03 14:50:00+09:00,7950.0,7980.0,7920.0,7940.0,8476.0
2026-09-03 14:55:00+09:00,7940.0,7960.0,7930.0,7950.0,3613.0
2026-09-04 09:00:00+09:00,8040.0,8070.0,8010.0,8060.0,6650.0
2026-09-04 09:05:00+09:00,8070.0,8100.0,8050.0,8060.0,2066.0
2026-09-04 09:10:00+09:00,8070.0,8090.0,8050.0,8080.0,1919.0
2026-09-04 09:15:00+09:00,8080.0,8100.0,8070.0,8100.0,3062.0
2026-09-04 09:20:00+09:00,8100.0,8110.0,8090.0,8090.0,1318.0
2026-09-04 09:25:00+09:00,8090.0,8110.0,8090.0,8100.0,2825.0
2026-09-04 09:30:00+09:00,8110.0,8140.0,8090.0,8100.0,3149.0
2026-09-04 09:35:00+09:00,8100.0,8100.0,8050.0,8050.0,2443.0
2026-09-04 09:40:00+09:00,8050.0,8050.0,8010.0,8010.0,3742.0
2026-09-04 09:45:00+09:00,8010.0,8030.0,8000.0,8030.0,3466.0
2026-09-04 09:50:00+09:00,8060.0,8060.0,8030.0,8030.0,1772.0
2026-09-04 09:55:00+09:00,8030.0,8040.0,8010.0,8010.0,2243.0
2026-09-04 10:00:00+09:00,8010.0,8040.0,7990.0,8030.0,2171.0
2026-09-04 10:05:00+09:00,8030.0,8040.0,8020.0,8020.0,1519.0
2026-09-04 10:10:00+09:00,8020.0,8030.0,7970.0,7980.0,1948.0
2026-09-04 10:15:00+09:00,7970.0,8030.0,7970.0,8020.0,851.0
2026-09-04 10:20:00+09:00,8010.0,8010.0,7970.0,7970.0,470.0
2026-09-04 10:25:00+09:00,7980.0,7980.0,7960.0,7970.0,2175.0
2026-09-04 10:30:00+09:00,7960.0,8010.0,7960.0,8000.0,899.0
2026-09-04 10:35:00+09:00,8000.0,8010.0,7980.0,8000.0,956.0
2026-09-04 10:40:00+09:00,7990.0,8010.0,7990.0,8010.0,1001.0
2026-09-04 10:45:00+09:00,8000.0,8040.0,8000.0,8020.0,2648.0
2026-09-04 10:50:00+09:00,8020.0,8070.0,8020.0,8040.0,2336.0
2026-09-04 10:55:00+09:00,8050.0,8050.0,8030.0,8050.0,894.0
2026-09-04 11:00:00+09:00,8020.0,8080.0,8020.0,8080.0,791.0
2026-09-04 11:05:00+09:00,8070.0,8100.0,8070.0,8100.0,3692.0
2026-09-04 11:10:00+09:00,8100.0,8110.0,8070.0,8090.0,5077.0
2026-09-04 11:15:00+09:00,8090.0,8110.0,8090.0,8100.0,1489.0
2026-09-04 11:20:00+09:00,8100.0,8100.0,8080.0,8090.0,2341.0
2026-09-04 11:25:00+09:00,8090.0,8090.0,8080.0,8080.0,341.0
2026-09-04 11:30:00+09:00,8080.0,8090.0,8080.0,8090.0,406.0
2026-09-04 11:35:00+09:00,8070.0,8090.0,8070.0,8090.0,2083.0
2026-09-04 11:40:00+09:00,8090.0,8120.0,8090.0,8110.0,1471.0
2026-09-04 11:45:00+09:00,8110.0,8130.0,8100.0,8120.0,3701.0
2026-09-04 11:50:00+09:00,8120.0,8140.0,8120.0,8140.0,2859.0
2026-09-04 11:55:00+09:00,8120.0,8130.0,8120.0,8130.0,599.0
2026-09-04 12:00:00+09:00,8120.0,8140.0,8120.0,8140.0,1567.0
2026-09-04 12:05:00+09:00,8130.0,8130.0,8110.0,8110.0,1743.0
2026-09-04 12:10:00+09:00,8110.0,8110.0,8090.0,8100.0,1042.0
2026-09-04 12:15:00+09:00,8100.0,8110.0,8090.0,8100.0,848.0
2026-09-04 12:20:00+09:00,8100.0,8110.0,8090.0,8100.0,777.0
2026-09-04 12:25:00+09:00,8080.0,8090.0,8080.0,8090.0,71.0
2026-09-04 12:30:00+09:00,8090.0,8130.0,8090.0,8110.0,1661.0
2026-09-04 12:35:00+09:00,8110.0,8140.0,8110.0,8140.0,766.0
2026-09-04 12:40:00+09:00,8130.0,8140.0,8130.0,8130.0,955.0
2026-09-04 12:45:00+09:00,8130.0,8140.0,7960.0,8140.0,7870.0
2026-09-04 12:50:00+09:00,8130.0,8150.0,8130.0,8140.0,3722.0
2026-09-04 12:55:00+09:00,8140.0,8150.0,8140.0,8140.0,0.0
2026-09-04 13:00:00+09:00,8150.0,8150.0,8130.0,8130.0,1919.0
2026-09-04 13:05:00+09:00,8130.0,8140.0,8130.0,8140.0,577.0
2026-09-04 13:10:00+09:00,8140.0,8140.0,8100.0,8110.0,1529.0
2026-09-04 13:15:00+09:00,8100.0,8110.0,8090.0,8090.0,861.0
2026-09-04 13:20:00+09:00,8090.0,8100.0,8090.0,8100.0,333.0
2026-09-04 13:25:00+09:00,8100.0,8100.0,8100.0,8100.0,1577.0
2026-09-04 13:30:00+09:00,8110.0,8120.0,8100.0,8120.0,498.0
2026-09-04 13:35:00+09:00,8100.0,8110.0,8100.0,8110.0,614.0
2026-09-04 13:40:00+09:00,8120.0,8120.0,8100.0,8110.0,919.0
2026-09-04 13:45:00+09:00,8110.0,8110.0,8090.0,8100.0,376.0
2026-09-04 13:50:00+09:00,8100.0,8100.0,8090.0,8100.0,329.0
2026-09-04 13:55:00+09:00,8100.0,8110.0,8090.0,8100.0,1428.0
2026-09-04 14:00:00+09:00,8090.0,8110.0,8090.0,8110.0,1304.0
2026-09-04 14:05:00+09:00,8110.0,8110.0,8100.0,8100.0,780.0
2026-09-04 14:10:00+09:00,8100.0,8110.0,8100.0,8100.0,258.0
2026-09-04 14:15:00+09:00,8110.0,8110.0,8100.0,8100.0,256.0
2026-09-04 14:20:00+09:00,8100.0,8100.0,8080.0,8080.0,3539.0
2026-09-04 14:25:00+09:00,8080.0,8080.0,8070.0,8080.0,1248.0
2026-09-04 14:30:00+09:00,8080.0,8080.0,8070.0,8080.0,768.0
2026-09-04 14:35:00+09:00,8080.0,8080.0,8070.0,8080.0,1282.0
2026-09-04 14:40:00+09:00,8080.0,8080.0,8060.0,8060.0,744.0
2026-09-04 14:45:00+09:00,8060.0,8070.0,8040.0,8040.0,4363.0
2026-09-04 14:50:00+09:00,8050.0,8060.0,8030.0,8060.0,2277.0
2026-09-04 14:55:00+09:00,8060.0,8070.0,8050.0,8070.0,972.0
2026-09-07 09:00:00+09:00,8150.0,8150.0,8070.0,8070.0,0.0
2026-09-07 09:05:00+09:00,8080.0,8120.0,8080.0,8090.0,2121.0
2026-09-07 09:10:00+09:00,8110.0,8110.0,8080.0,8100.0,1622.0
2026-09-07 09:15:00+09:00,8110.0,8110.0,8060.0,8080.0,7193.0
2026-09-07 09:20:00+09:00,8090.0,8090.0,8010.0,8020.0,7832.0
2026-09-07 09:25:00+09:00,8020.0,8070.0,8020.0,8070.0,2375.0
2026-09-07 09:30:00+09:00,8070.0,8090.0,8050.0,8090.0,2688.0
2026-09-07 09:35:00+09:00,8080.0,8080.0,8060.0,8080.0,3772.0
2026-09-07 09:40:00+09:00,8070.0,8095.0,8070.0,8080.0,2596.0
2026-09-07 09:45:00+09:00,8080.0,8130.0,8080.0,8120.0,1496.0
2026-09-07 09:50:00+09:00,8120.0,8120.0,8070.0,8090.0,4353.0
2026-09-07 09:55:00+09:00,8090.0,8090.0,8050.0,8060.0,2561.0
2026-09-07 10:00:00+09:00,8060.0,8080.0,8040.0,8070.0,2738.0
2026-09-07 10:05:00+09:00,8070.0,8080.0,8050.0,8060.0,943.0
2026-09-07 10:10:00+09:00,8070.0,8070.0,8040.0,8050.0,768.0
2026-09-07 10:15:00+09:00,8040.0,8060.0,8020.0,8020.0,3125.0
2026-09-07 10:20:00+09:00,8030.0,8040.0,8030.0,8040.0,363.0
2026-09-07 10:25:00+09:00,8050.0,8060.0,8040.0,8050.0,303.0
2026-09-07 10:30:00+09:00,8040.0,8060.0,8030.0,8040.0,1715.0
2026-09-07 10:35:00+09:00,8060.0,8070.0,8060.0,8070.0,522.0
2026-09-07 10:40:00+09:00,8070.0,8070.0,8050.0,8050.0,365.0
2026-09-07 10:45:00+09:00,8060.0,8070.0,8050.0,8070.0,56.0
2026-09-07 10:50:00+09:00,8070.0,8100.0,8070.0,8090.0,2539.0
2026-09-07 10:55:00+09:00,8090.0,8090.0,8060.0,8080.0,1095.0
2026-09-07 11:00:00+09:00,8070.0,8080.0,8070.0,8080.0,851.0
2026-09-07 11:05:00+09:00,8080.0,8080.0,8050.0,8070.0,1604.0
2026-09-07 11:10:00+09:00,8070.0,8090.0,8070.0,8080.0,1528.0
2026-09-07 11:15:00+09:00,8070.0,8090.0,8070.0,8090.0,479.0
2026-09-07 11:20:00+09:00,8090.0,8100.0,8090.0,8100.0,705.0
2026-09-07 11:25:00+09:00,8090.0,8120.0,8090.0,8120.0,950.0
2026-09-07 11:30:00+09:00,8120.0,8130.0,8100.0,8110.0,479.0
2026-09-07 11:35:00+09:00,8130.0,8130.0,8110.0,8130.0,892.0
2026-09-07 11:40:00+09:00,8120.0,8130.0,8100.0,8120.0,493.0
2026-09-07 11:45:00+09:00,8120.0,8120.0,8110.0,8120.0,451.0
2026-09-07 11:50:00+09:00,8120.0,8120.0,8080.0,8090.0,771.0
2026-09-07 11:55:00+09:00,8080.0,8100.0,8070.0,8090.0,4208.0
2026-09-07 12:00:00+09:00,8090.0,8090.0,8060.0,8080.0,897.0
2026-09-07 12:05:00+09:00,8080.0,8080.0,8060.0,8080.0,77.0
2026-09-07 12:10:00+09:00,8080.0,8090.0,8060.0,8090.0,897.0
2026-09-07 12:15:00+09:00,8090.0,8090.0,8070.0,8090.0,73.0
2026-09-07 12:20:00+09:00,8070.0,8090.0,8070.0,8090.0,95.0
2026-09-07 12:25:00+09:00,8090.0,8090.0,8090.0,8090.0,76.0
2026-09-07 12:30:00+09:00,8080.0,8090.0,8070.0,8090.0,826.0
2026-09-07 12:35:00+09:00,8090.0,8100.0,8090.0,8090.0,318.0
2026-09-07 12:40:00+09:00,8100.0,8100.0,8080.0,8100.0,19.0
2026-09-07 12:45:00+09:00,8100.0,8100.0,8070.0,8090.0,1309.0
2026-09-07 12:50:00+09:00,8090.0,8090.0,8070.0,8090.0,1107.0
2026-09-07 12:55:00+09:00,8090.0,8100.0,8070.0,8080.0,762.0
2026-09-07 13:00:00+09:00,8080.0,8100.0,8070.0,8080.0,230.0
2026-09-07 13:05:00+09:00,8080.0,8080.0,8070.0,8080.0,247.0
2026-09-07 13:10:00+09:00,8080.0,8090.0,8050.0,8090.0,1883.0
2026-09-07 13:15:00+09:00,8090.0,8100.0,8080.0,8090.0,1093.0
2026-09-07 13:20:00+09:00,8090.0,8100.0,8070.0,8100.0,930.0
2026-09-07 13:25:00+09:00,8100.0,8100.0,8080.0,8090.0,542.0
2026-09-07 13:30:00+09:00,8090.0,8100.0,8080.0,8090.0,294.0
2026-09-07 13:35:00+09:00,8090.0,8100.0,8080.0,8100.0,1530.0
2026-09-07 13:40:00+09:00,8090.0,8100.0,8080.0,8080.0,745.0
2026-09-07 13:45:00+09:00,8090.0,8090.0,8050.0,8070.0,3420.0
2026-09-07 13:50:00+09:00,8070.0,8070.0,8060.0,8070.0,408.0
2026-09-07 13:55:00+09:00,8070.0,8080.0,8065.0,8080.0,1854.0
2026-09-07 14:00:00+09:00,8070.0,8080.0,8060.0,8080.0,543.0
2026-09-07 14:05:00+09:00,8070.0,8090.0,8060.0,8070.0,2334.0
2026-09-07 14:10:00+09:00,8070.0,8100.0,8070.0,8100.0,114.0
2026-09-07 14:15:00+09:00,8100.0,8100.0,8070.0,8090.0,63.0
2026-09-07 14:20:00+09:00,8090.0,8100.0,8080.0,8100.0,1716.0
2026-09-07 14:25:00+09:00,8100.0,8100.0,8080.0,8090.0,148.0
2026-09-07 14:30:00+09:00,8090.0,8100.0,8080.0,8100.0,834.0
2026-09-07 14:35:00+09:00,8100.0,8100.0,8090.0,8100.0,80.0
2026-09-07 14:40:00+09:00,8090.0,8110.0,8090.0,8110.0,5037.0
2026-09-07 14:45:00+09:00,8110.0,8110.0,8090.0,8090.0,740.0
2026-09-07 14:50:00+09:00,8090.0,8110.0,8080.0,8080.0,1511.0
2026-09-07 14:55:00+09:00,8110.0,8120.0,8090.0,8120.0,872.0
2026-09-08 09:00:00+09:00,8140.0,8200.0,8130.0,8160.0,8413.0
2026-09-08 09:05:00+09:00,8180.0,8200.0,8160.0,8190.0,3187.0
2026-09-08 09:10:00+09:00,8190.0,8200.0,8160.0,8170.0,1794.0
2026-09-08 09:15:00+09:00,8160.0,8170.0,8150.0,8160.0,4153.0
2026-09-08 09:20:00+09:00,8150.0,8150.0,8130.0,8140.0,925.0
2026-09-08 09:25:00+09:00,8130.0,8200.0,8120.0,8170.0,4565.0
2026-09-08 09:30:00+09:00,8170.0,8180.0,8140.0,8170.0,4325.0
2026-09-08 09:35:00+09:00,8170.0,8170.0,8120.0,8140.0,4476.0
2026-09-08 09:40:00+09:00,8130.0,8250.0,8130.0,8150.0,4435.0
2026-09-08 09:45:00+09:00,8150.0,8190.0,8140.0,8190.0,2558.0
2026-09-08 09:50:00+09:00,8190.0,8210.0,8170.0,8180.0,2244.0
2026-09-08 09:55:00+09:00,8180.0,8180.0,8150.0,8160.0,1061.0
2026-09-08 10:00:00+09:00,8150.0,8160.0,8120.0,8160.0,2943.0
2026-09-08 10:05:00+09:00,8160.0,8180.0,8150.0,8180.0,3741.0
2026-09-08 10:10:00+09:00,8180.0,8260.0,8170.0,8240.0,4068.0
2026-09-08 10:15:00+09:00,8240.0,8250.0,8200.0,8230.0,2478.0
2026-09-08 10:20:00+09:00,8230.0,8260.0,8220.0,8260.0,2580.0
2026-09-08 10:25:00+09:00,8260.0,8280.0,8250.0,8260.0,2101.0
2026-09-08 10:30:00+09:00,8260.0,8310.0,8230.0,8300.0,3674.0
2026-09-08 10:35:00+09:00,8290.0,8360.0,8210.0,8260.0,7411.0
2026-09-08 10:40:00+09:00,8280.0,8280.0,8220.0,8230.0,2510.0
2026-09-08 10:45:00+09:00,8230.0,8250.0,8220.0,8230.0,2697.0
2026-09-08 10:50:00+09:00,8230.0,8260.0,8230.0,8260.0,837.0
2026-09-08 10:55:00+09:00,8260.0,8280.0,8210.0,8280.0,3742.0
2026-09-08 11:00:00+09:00,8270.0,8300.0,8270.0,8300.0,1890.0
2026-09-08 11:05:00+09:00,8270.0,8310.0,8270.0,8310.0,1323.0
2026-09-08 11:10:00+09:00,8300.0,8320.0,8270.0,8290.0,1771.0
2026-09-08 11:15:00+09:00,8290.0,8300.0,8270.0,8300.0,1210.0
2026-09-08 11:20:00+09:00,8300.0,8310.0,8280.0,8310.0,1864.0
2026-09-08 11:25:00+09:00,8310.0,8320.0,8290.0,8320.0,1010.0
2026-09-08 11:30:00+09:00,8310.0,8320.0,8280.0,8300.0,1578.0
2026-09-08 11:35:00+09:00,8300.0,8300.0,8280.0,8280.0,1085.0
2026-09-08 11:40:00+09:00,8280.0,8320.0,8270.0,8310.0,1188.0
2026-09-08 11:45:00+09:00,8310.0,8330.0,8290.0,8320.0,2776.0
2026-09-08 11:50:00+09:00,8300.0,8320.0,8270.0,8270.0,2985.0
2026-09-08 11:55:00+09:00,8270.0,8280.0,8270.0,8270.0,1008.0
2026-09-08 12:00:00+09:00,8280.0,8310.0,8280.0,8300.0,1863.0
2026-09-08 12:05:00+09:00,8300.0,8310.0,8270.0,8310.0,1731.0
2026-09-08 12:10:00+09:00,8310.0,8320.0,8310.0,8310.0,2983.0
2026-09-08 12:15:00+09:00,8310.0,8310.0,8270.0,8280.0,507.0
2026-09-08 12:20:00+09:00,8280.0,8290.0,8280.0,8280.0,889.0
2026-09-08 12:25:00+09:00,8270.0,8290.0,8270.0,8290.0,1082.0
2026-09-08 12:30:00+09:00,8270.0,8290.0,8260.0,8260.0,677.0
2026-09-08 12:35:00+09:00,8260.0,8280.0,8250.0,8250.0,1480.0
2026-09-08 12:40:00+09:00,8270.0,8280.0,8260.0,8270.0,107.0
2026-09-08 12:45:00+09:00,8260.0,8270.0,8260.0,8270.0,59.0
2026-09-08 12:50:00+09:00,8270.0,8310.0,8260.0,8260.0,4186.0
2026-09-08 12:55:00+09:00,8260.0,8280.0,8260.0,8270.0,940.0
2026-09-08 13:00:00+09:00,8270.0,8280.0,8260.0,8270.0,397.0
2026-09-08 13:05:00+09:00,8280.0,8290.0,8260.0,8290.0,1126.0
2026-09-08 13:10:00+09:00,8280.0,8300.0,8270.0,8280.0,2521.0
2026-09-08 13:15:00+09:00,8280.0,8290.0,8260.0,8270.0,444.0
2026-09-08 13:20:00+09:00,8270.0,8310.0,8270.0,8300.0,2961.0
2026-09-08 13:25:00+09:00,8290.0,8310.0,8280.0,8310.0,3265.0
2026-09-08 13:30:00+09:00,8310.0,8310.0,8305.0,8305.0,1930.0
2026-09-08 13:35:00+09:00,8305.0,8340.0,8305.0,8340.0,7303.0
2026-09-08 13:40:00+09:00,8340.0,8350.0,8340.0,8350.0,1256.0
2026-09-08 13:45:00+09:00,8345.0,8350.0,8340.0,8340.0,1814.0
2026-09-08 13:50:00+09:00,8330.0,8340.0,8290.0,8300.0,2579.0
2026-09-08 13:55:00+09:00,8290.0,8300.0,8290.0,8300.0,181.0
2026-09-08 14:00:00+09:00,8290.0,8290.0,8260.0,8290.0,1125.0
2026-09-08 14:05:00+09:00,8280.0,8290.0,8260.0,8270.0,2328.0
2026-09-08 14:10:00+09:00,8270.0,8280.0,8270.0,8280.0,112.0
2026-09-08 14:15:00+09:00,8280.0,8290.0,8270.0,8290.0,2879.0
2026-09-08 14:20:00+09:00,8270.0,8280.0,8270.0,8280.0,400.0
2026-09-08 14:25:00+09:00,8280.0,8290.0,8250.0,8270.0,2238.0
2026-09-08 14:30:00+09:00,8270.0,8280.0,8250.0,8250.0,2109.0
2026-09-08 14:35:00+09:00,8250.0,8250.0,8230.0,8250.0,975.0
2026-09-08 14:40:00+09:00,8240.0,8260.0,8230.0,8260.0,1751.0
2026-09-08 14:45:00+09:00,8240.0,8250.0,8220.0,8220.0,551.0
2026-09-08 14:50:00+09:00,8250.0,8250.0,8210.0,8215.0,4009.0
2026-09-08 14:55:00+09:00,8215.0,8220.0,8200.0,8220.0,3047.0
2026-09-09 09:00:00+09:00,8090.0,8170.0,8090.0,8110.0,10569.0
2026-09-09 09:05:00+09:00,8120.0,8170.0,8120.0,8150.0,2516.0
2026-09-09 09:10:00+09:00,8150.0,8210.0,8150.0,8150.0,4512.0
2026-09-09 09:15:00+09:00,8150.0,8150.0,8100.0,8100.0,5064.0
2026-09-09 09:20:00+09:00,8110.0,8120.0,8100.0,8110.0,1106.0
2026-09-09 09:25:00+09:00,8110.0,8110.0,8070.0,8090.0,5357.0
2026-09-09 09:30:00+09:00,8090.0,8120.0,8080.0,8120.0,1381.0
2026-09-09 09:35:00+09:00,8110.0,8110.0,8090.0,8110.0,975.0
2026-09-09 09:40:00+09:00,8110.0,8160.0,8110.0,8160.0,2139.0
2026-09-09 09:45:00+09:00,8160.0,8180.0,8140.0,8140.0,1584.0
2026-09-09 09:50:00+09:00,8150.0,8170.0,8140.0,8160.0,1401.0
2026-09-09 09:55:00+09:00,8160.0,8170.0,8130.0,8130.0,2541.0
2026-09-09 10:00:00+09:00,8130.0,8140.0,8120.0,8130.0,1631.0
2026-09-09 10:05:00+09:00,8130.0,8140.0,8110.0,8110.0,2627.0
2026-09-09 10:10:00+09:00,8110.0,8160.0,8110.0,8150.0,2076.0
2026-09-09 10:15:00+09:00,8140.0,8140.0,8120.0,8120.0,501.0
2026-09-09 10:20:00+09:00,8140.0,8160.0,8120.0,8130.0,1052.0
2026-09-09 10:25:00+09:00,8140.0,8150.0,8130.0,8130.0,2214.0
2026-09-09 10:30:00+09:00,8130.0,8150.0,8130.0,8140.0,183.0
2026-09-09 10:35:00+09:00,8150.0,8180.0,8150.0,8180.0,1759.0
2026-09-09 10:40:00+09:00,8170.0,8170.0,8130.0,8140.0,3568.0
2026-09-09 10:45:00+09:00,8150.0,8170.0,8140.0,8170.0,2288.0
2026-09-09 10:50:00+09:00,8170.0,8170.0,8140.0,8150.0,1857.0
2026-09-09 10:55:00+09:00,8160.0,8170.0,8150.0,8160.0,286.0
2026-09-09 11:00:00+09:00,8160.0,8190.0,8160.0,8190.0,2879.0
2026-09-09 11:05:00+09:00,8190.0,8200.0,8180.0,8180.0,840.0
2026-09-09 11:10:00+09:00,8180.0,8200.0,8180.0,8180.0,2146.0
2026-09-09 11:15:00+09:00,8180.0,8190.0,8170.0,8170.0,1989.0
2026-09-09 11:20:00+09:00,8180.0,8190.0,8170.0,8190.0,2601.0
2026-09-09 11:25:00+09:00,8180.0,8190.0,8160.0,8160.0,1748.0
2026-09-09 11:30:00+09:00,8170.0,8180.0,8160.0,8170.0,1105.0
2026-09-09 11:35:00+09:00,8170.0,8170.0,8150.0,8160.0,1548.0
2026-09-09 11:40:00+09:00,8150.0,8160.0,8140.0,8150.0,801.0
2026-09-09 11:45:00+09:00,8150.0,8160.0,8140.0,8160.0,692.0
2026-09-09 11:50:00+09:00,8160.0,8160.0,8150.0,8150.0,436.0
2026-09-09 11:55:00+09:00,8140.0,8150.0,8140.0,8140.0,623.0
2026-09-09 12:00:00+09:00,8150.0,8170.0,8140.0,8170.0,725.0
2026-09-09 12:05:00+09:00,8170.0,8170.0,8160.0,8170.0,150.0
2026-09-09 12:10:00+09:00,8160.0,8170.0,8150.0,8160.0,223.0
2026-09-09 12:15:00+09:00,8160.0,8180.0,8160.0,8180.0,711.0
2026-09-09 12:20:00+09:00,8180.0,8190.0,8170.0,8190.0,167.0
2026-09-09 12:25:00+09:00,8190.0,8250.0,8190.0,8250.0,2380.0
2026-09-09 12:30:00+09:00,8220.0,8240.0,8200.0,8200.0,1355.0
2026-09-09 12:35:00+09:00,8200.0,8200.0,8190.0,8190.0,162.0
2026-09-09 12:40:00+09:00,8190.0,8190.0,8170.0,8170.0,1251.0
2026-09-09 12:45:00+09:00,8170.0,8180.0,8160.0,8170.0,1318.0
2026-09-09 12:50:00+09:00,8170.0,8170.0,8140.0,8150.0,1655.0
2026-09-09 12:55:00+09:00,8150.0,8160.0,8140.0,8160.0,706.0
2026-09-09 13:00:00+09:00,8160.0,8170.0,8160.0,8170.0,750.0
2026-09-09 13:05:00+09:00,8170.0,8170.0,8160.0,8170.0,173.0
2026-09-09 13:10:00+09:00,8160.0,8160.0,8120.0,8130.0,4341.0
2026-09-09 13:15:00+09:00,8130.0,8150.0,8120.0,8140.0,841.0
2026-09-09 13:20:00+09:00,8140.0,8160.0,8140.0,8150.0,360.0
2026-09-09 13:25:00+09:00,8160.0,8190.0,8160.0,8190.0,663.0
2026-09-09 13:30:00+09:00,8180.0,8180.0,8150.0,8150.0,1235.0
2026-09-09 13:35:00+09:00,8180.0,8180.0,8150.0,8150.0,608.0
2026-09-09 13:40:00+09:00,8160.0,8190.0,8160.0,8170.0,1699.0
2026-09-09 13:45:00+09:00,8190.0,8190.0,8160.0,8160.0,1655.0
2026-09-09 13:50:00+09:00,8180.0,8180.0,8140.0,8150.0,1936.0
2026-09-09 13:55:00+09:00,8150.0,8150.0,8140.0,8140.0,1882.0
2026-09-09 14:00:00+09:00,8140.0,8140.0,8140.0,8140.0,428.0
2026-09-09 14:05:00+09:00,8150.0,8150.0,8130.0,8140.0,2720.0
2026-09-09 14:10:00+09:00,8140.0,8150.0,8140.0,8150.0,1356.0
2026-09-09 14:15:00+09:00,8150.0,8150.0,8130.0,8140.0,4734.0
2026-09-09 14:20:00+09:00,8130.0,8130.0,8100.0,8130.0,3565.0
2026-09-09 14:25:00+09:00,8120.0,8140.0,8120.0,8130.0,4949.0
2026-09-09 14:30:00+09:00,8140.0,8150.0,8140.0,8140.0,821.0
2026-09-09 14:35:00+09:00,8140.0,8150.0,8130.0,8140.0,1378.0
2026-09-09 14:40:00+09:00,8140.0,8160.0,8130.0,8160.0,593.0
2026-09-09 14:45:00+09:00,8160.0,8180.0,8160.0,8180.0,865.0
2026-09-09 14:50:00+09:00,8170.0,8170.0,8150.0,8160.0,3104.0
2026-09-09 14:55:00+09:00,8160.0,8170.0,8140.0,8150.0,1867.0
2026-09-10 09:00:00+09:00,8070.0,8090.0,8010.0,8020.0,8727.0
2026-09-10 09:05:00+09:00,8020.0,8030.0,7970.0,7990.0,11931.0
2026-09-10 09:10:00+09:00,7980.0,8000.0,7950.0,7980.0,9311.0
2026-09-10 09:15:00+09:00,7980.0,8020.0,7950.0,7990.0,12388.0
2026-09-10 09:20:00+09:00,7990.0,8030.0,7980.0,7990.0,3469.0
2026-09-10 09:25:00+09:00,7990.0,8000.0,7970.0,7990.0,3569.0
2026-09-10 09:30:00+09:00,7980.0,8000.0,7960.0,7980.0,4776.0
2026-09-10 09:35:00+09:00,7980.0,7980.0,7950.0,7970.0,9323.0
2026-09-10 09:40:00+09:00,7970.0,7990.0,7960.0,7990.0,3532.0
2026-09-10 09:45:00+09:00,7980.0,8000.0,7950.0,7960.0,7667.0
2026-09-10 09:50:00+09:00,7950.0,7970.0,7930.0,7970.0,4009.0
2026-09-10 09:55:00+09:00,7960.0,7970.0,7960.0,7970.0,268.0
2026-09-10 10:00:00+09:00,7960.0,7970.0,7940.0,7950.0,2010.0
2026-09-10 10:05:00+09:00,7960.0,7960.0,7930.0,7940.0,5737.0
2026-09-10 10:10:00+09:00,7940.0,7940.0,7920.0,7930.0,6362.0
2026-09-10 10:15:00+09:00,7920.0,7920.0,7910.0,7920.0,2011.0
2026-09-10 10:20:00+09:00,7920.0,7930.0,7900.0,7910.0,4635.0
2026-09-10 10:25:00+09:00,7920.0,7940.0,7910.0,7930.0,1779.0
2026-09-10 10:30:00+09:00,7940.0,7940.0,7930.0,7930.0,837.0
2026-09-10 10:35:00+09:00,7940.0,7940.0,7940.0,7940.0,109.0
2026-09-10 10:40:00+09:00,7940.0,7960.0,7940.0,7960.0,992.0
2026-09-10 10:45:00+09:00,7950.0,7960.0,7910.0,7950.0,5088.0
2026-09-10 10:50:00+09:00,7950.0,7960.0,7940.0,7950.0,940.0
2026-09-10 10:55:00+09:00,7950.0,7980.0,7950.0,7960.0,657.0
2026-09-10 11:00:00+09:00,7960.0,7970.0,7960.0,7970.0,1576.0
2026-09-10 11:05:00+09:00,7970.0,7980.0,7950.0,7960.0,1647.0
2026-09-10 11:10:00+09:00,7960.0,7970.0,7950.0,7970.0,953.0
2026-09-10 11:15:00+09:00,7960.0,7970.0,7950.0,7970.0,1544.0
2026-09-10 11:20:00+09:00,7970.0,7990.0,7970.0,7990.0,902.0
2026-09-10 11:25:00+09:00,7990.0,8010.0,7980.0,8000.0,638.0
2026-09-10 11:30:00+09:00,8000.0,8020.0,8000.0,8020.0,845.0
2026-09-10 11:35:00+09:00,8020.0,8040.0,8010.0,8040.0,1889.0
2026-09-10 11:40:00+09:00,8030.0,8040.0,8020.0,8030.0,781.0
2026-09-10 11:45:00+09:00,8030.0,8030.0,8010.0,8020.0,1450.0
2026-09-10 11:50:00+09:00,8010.0,8020.0,7990.0,8010.0,833.0
2026-09-10 11:55:00+09:00,8010.0,8010.0,7990.0,8010.0,558.0
2026-09-10 12:00:00+09:00,8020.0,8020.0,8000.0,8010.0,253.0
2026-09-10 12:05:00+09:00,8020.0,8060.0,8020.0,8050.0,2746.0
2026-09-10 12:10:00+09:00,8040.0,8050.0,8030.0,8030.0,369.0
2026-09-10 12:15:00+09:00,8030.0,8060.0,8030.0,8060.0,582.0
2026-09-10 12:20:00+09:00,8060.0,8060.0,8030.0,8050.0,833.0
2026-09-10 12:25:00+09:00,8030.0,8040.0,8020.0,8030.0,375.0
2026-09-10 12:30:00+09:00,8030.0,8050.0,8010.0,8010.0,1586.0
2026-09-10 12:35:00+09:00,8000.0,8020.0,8000.0,8010.0,954.0
2026-09-10 12:40:00+09:00,8010.0,8030.0,8010.0,8030.0,874.0
2026-09-10 12:45:00+09:00,8010.0,8030.0,8000.0,8030.0,1744.0
2026-09-10 12:50:00+09:00,8020.0,8020.0,8010.0,8020.0,2423.0
2026-09-10 12:55:00+09:00,8020.0,8040.0,8020.0,8030.0,2009.0
2026-09-10 13:00:00+09:00,8040.0,8040.0,8020.0,8030.0,1100.0
2026-09-10 13:05:00+09:00,8030.0,8030.0,8010.0,8020.0,1156.0
2026-09-10 13:10:00+09:00,8020.0,8030.0,8020.0,8030.0,182.0
2026-09-10 13:15:00+09:00,8030.0,8030.0,8000.0,8010.0,1564.0
2026-09-10 13:20:00+09:00,8010.0,8020.0,8010.0,8010.0,2832.0
2026-09-10 13:25:00+09:00,8020.0,8030.0,8000.0,8010.0,934.0
2026-09-10 13:30:00+09:00,8010.0,8020.0,8000.0,8010.0,1920.0
2026-09-10 13:35:00+09:00,8010.0,8040.0,8000.0,8040.0,2201.0
2026-09-10 13:40:00+09:00,8040.0,8040.0,8030.0,8040.0,34.0
2026-09-10 13:45:00+09:00,8040.0,8040.0,8030.0,8040.0,89.0
2026-09-10 13:50:00+09:00,8040.0,8040.0,8030.0,8040.0,417.0
2026-09-10 13:55:00+09:00,8030.0,8040.0,8020.0,8030.0,1236.0
2026-09-10 14:00:00+09:00,8040.0,8050.0,8020.0,8050.0,965.0
2026-09-10 14:05:00+09:00,8050.0,8060.0,8020.0,8050.0,474.0
2026-09-10 14:10:00+09:00,8040.0,8050.0,8040.0,8040.0,142.0
2026-09-10 14:15:00+09:00,8050.0,8070.0,8030.0,8070.0,1369.0
2026-09-10 14:20:00+09:00,8050.0,8080.0,8050.0,8070.0,885.0
2026-09-10 14:25:00+09:00,8070.0,8080.0,8050.0,8070.0,961.0
2026-09-10 14:30:00+09:00,8060.0,8080.0,8060.0,8080.0,694.0
2026-09-10 14:35:00+09:00,8080.0,8100.0,8060.0,8080.0,1492.0
2026-09-10 14:40:00+09:00,8060.0,8080.0,8060.0,8070.0,356.0
2026-09-10 14:45:00+09:00,8070.0,8080.0,8050.0,8060.0,1262.0
2026-09-10 14:50:00+09:00,8060.0,8080.0,8040.0,8060.0,1255.0
2026-09-10 14:55:00+09:00,8060.0,8060.0,8040.0,8050.0,2570.0
2026-09-11 09:00:00+09:00,7950.0,8010.0,7920.0,8010.0,6996.0
2026-09-11 09:05:00+09:00,8000.0,8040.0,7960.0,7960.0,7106.0
2026-09-11 09:10:00+09:00,8000.0,8000.0,7930.0,7950.0,18371.0
2026-09-11 09:15:00+09:00,7970.0,7990.0,7950.0,7970.0,6766.0
2026-09-11 09:20:00+09:00,7970.0,7990.0,7970.0,7990.0,572.0
2026-09-11 09:25:00+09:00,7970.0,7980.0,7960.0,7970.0,6792.0
2026-09-11 09:30:00+09:00,7960.0,7970.0,7940.0,7950.0,9921.0
2026-09-11 09:35:00+09:00,7950.0,7960.0,7950.0,7950.0,1920.0
2026-09-11 09:40:00+09:00,7950.0,7950.0,7930.0,7940.0,4640.0
2026-09-11 09:45:00+09:00,7940.0,7940.0,7920.0,7940.0,4220.0
2026-09-11 09:50:00+09:00,7940.0,7950.0,7930.0,7940.0,2508.0
2026-09-11 09:55:00+09:00,7940.0,7950.0,7940.0,7950.0,4324.0
2026-09-11 10:00:00+09:00,7950.0,7960.0,7940.0,7950.0,1912.0
2026-09-11 10:05:00+09:00,7950.0,7960.0,7940.0,7940.0,3284.0
2026-09-11 10:10:00+09:00,7940.0,7950.0,7940.0,7950.0,2411.0
2026-09-11 10:15:00+09:00,7950.0,7950.0,7940.0,7940.0,1566.0
2026-09-11 10:20:00+09:00,7940.0,7960.0,7940.0,7950.0,659.0
2026-09-11 10:25:00+09:00,7950.0,7950.0,7940.0,7940.0,877.0
2026-09-11 10:30:00+09:00,7940.0,7950.0,7940.0,7950.0,1384.0
2026-09-11 10:35:00+09:00,7950.0,7960.0,7950.0,7950.0,3656.0
2026-09-11 10:40:00+09:00,7950.0,7950.0,7940.0,7940.0,5566.0
2026-09-11 10:45:00+09:00,7940.0,7950.0,7940.0,7950.0,1141.0
2026-09-11 10:50:00+09:00,7950.0,7950.0,7920.0,7940.0,6958.0
2026-09-11 10:55:00+09:00,7940.0,7940.0,7930.0,7940.0,408.0
2026-09-11 11:00:00+09:00,7940.0,7940.0,7930.0,7940.0,466.0
2026-09-11 11:05:00+09:00,7940.0,7960.0,7930.0,7960.0,4580.0
2026-09-11 11:10:00+09:00,7960.0,7980.0,7960.0,7980.0,2026.0
2026-09-11 11:15:00+09:00,7980.0,7990.0,7950.0,7970.0,4480.0
2026-09-11 11:20:00+09:00,7980.0,7980.0,7960.0,7970.0,1970.0
2026-09-11 11:25:00+09:00,7970.0,7980.0,7960.0,7980.0,1881.0
2026-09-11 11:30:00+09:00,7980.0,7990.0,7960.0,7980.0,2072.0
2026-09-11 11:35:00+09:00,7980.0,8030.0,7980.0,8030.0,4003.0
2026-09-11 11:40:00+09:00,8030.0,8040.0,8010.0,8040.0,1594.0
2026-09-11 11:45:00+09:00,8040.0,8060.0,8040.0,8050.0,3536.0
2026-09-11 11:50:00+09:00,8040.0,8050.0,8030.0,8040.0,2494.0
2026-09-11 11:55:00+09:00,8030.0,8040.0,8000.0,8010.0,1490.0
2026-09-11 12:00:00+09:00,8010.0,8020.0,8000.0,8010.0,2038.0
2026-09-11 12:05:00+09:00,8010.0,8020.0,8000.0,8010.0,1046.0
2026-09-11 12:10:00+09:00,8010.0,8020.0,7990.0,8010.0,1270.0
2026-09-11 12:15:00+09:00,8010.0,8030.0,8000.0,8030.0,2003.0
2026-09-11 12:20:00+09:00,8030.0,8030.0,8010.0,8030.0,1038.0
2026-09-11 12:25:00+09:00,8030.0,8030.0,8010.0,8010.0,1045.0
2026-09-11 12:30:00+09:00,8010.0,8010.0,7990.0,8010.0,1470.0
2026-09-11 12:35:00+09:00,8010.0,8010.0,7990.0,8010.0,711.0
2026-09-11 12:40:00+09:00,8010.0,8030.0,8010.0,8020.0,1056.0
2026-09-11 12:45:00+09:00,8030.0,8030.0,8000.0,8020.0,1249.0
2026-09-11 12:50:00+09:00,8020.0,8020.0,7990.0,8020.0,1118.0
2026-09-11 12:55:00+09:00,8020.0,8040.0,8010.0,8040.0,1651.0
2026-09-11 13:00:00+09:00,8040.0,8040.0,8010.0,8020.0,1280.0
2026-09-11 13:05:00+09:00,8030.0,8040.0,8010.0,8030.0,1335.0
2026-09-11 13:10:00+09:00,8030.0,8050.0,8010.0,8050.0,1499.0
2026-09-11 13:15:00+09:00,8050.0,8050.0,8040.0,8040.0,1110.0
2026-09-11 13:20:00+09:00,8040.0,8050.0,8030.0,8050.0,667.0
2026-09-11 13:25:00+09:00,8050.0,8050.0,8010.0,8010.0,683.0
2026-09-11 13:30:00+09:00,8010.0,8030.0,8000.0,8010.0,880.0
2026-09-11 13:35:00+09:00,8020.0,8050.0,8010.0,8030.0,1251.0
2026-09-11 13:40:00+09:00,8030.0,8050.0,8010.0,8010.0,176.0
2026-09-11 13:45:00+09:00,8010.0,8020.0,8000.0,8010.0,471.0
2026-09-11 13:50:00+09:00,8010.0,8010.0,8000.0,8000.0,113.0
2026-09-11 13:55:00+09:00,8010.0,8020.0,8000.0,8020.0,972.0
2026-09-11 14:00:00+09:00,8020.0,8020.0,7980.0,7980.0,1730.0
2026-09-11 14:05:00+09:00,7980.0,8020.0,7980.0,7990.0,2294.0
2026-09-11 14:10:00+09:00,7990.0,8000.0,7990.0,7990.0,601.0
2026-09-11 14:15:00+09:00,8000.0,8000.0,7980.0,7980.0,861.0
2026-09-11 14:20:00+09:00,7980.0,7980.0,7980.0,7980.0,134.0
2026-09-11 14:25:00+09:00,7980.0,7990.0,7970.0,7990.0,1807.0
2026-09-11 14:30:00+09:00,7990.0,8000.0,7980.0,8000.0,1926.0
2026-09-11 14:35:00+09:00,8000.0,8030.0,7990.0,8000.0,1223.0
2026-09-11 14:40:00+09:00,8020.0,8020.0,7970.0,7980.0,5555.0
2026-09-11 14:45:00+09:00,7980.0,8010.0,7980.0,8010.0,851.0
2026-09-11 14:50:00+09:00,8000.0,8020.0,8000.0,8020.0,1822.0
2026-09-11 14:55:00+09:00,8020.0,8030.0,8000.0,8000.0,2245.0
2026-09-14 09:00:00+09:00,7900.0,7920.0,7800.0,7810.0,0.0
2026-09-14 09:05:00+09:00,7820.0,7870.0,7810.0,7810.0,6735.0
2026-09-14 09:10:00+09:00,7810.0,7830.0,7800.0,7800.0,12778.0
2026-09-14 09:15:00+09:00,7810.0,7820.0,7790.0,7800.0,5364.0
2026-09-14 09:20:00+09:00,7810.0,7810.0,7790.0,7800.0,3359.0
2026-09-14 09:25:00+09:00,7800.0,7800.0,7780.0,7790.0,7350.0
2026-09-14 09:30:00+09:00,7790.0,7820.0,7790.0,7800.0,2183.0
2026-09-14 09:35:00+09:00,7790.0,7900.0,7750.0,7760.0,12525.0
2026-09-14 09:40:00+09:00,7760.0,7780.0,7760.0,7770.0,2161.0
2026-09-14 09:45:00+09:00,7760.0,7790.0,7760.0,7790.0,2538.0
2026-09-14 09:50:00+09:00,7780.0,7790.0,7770.0,7790.0,3702.0
2026-09-14 09:55:00+09:00,7790.0,7790.0,7770.0,7770.0,4287.0
2026-09-14 10:00:00+09:00,7780.0,7860.0,7770.0,7840.0,2872.0
2026-09-14 10:05:00+09:00,7840.0,7860.0,7780.0,7790.0,2611.0
2026-09-14 10:10:00+09:00,7790.0,7810.0,7790.0,7790.0,1687.0
2026-09-14 10:15:00+09:00,7790.0,7800.0,7790.0,7800.0,2033.0
2026-09-14 10:20:00+09:00,7800.0,7800.0,7770.0,7770.0,8632.0
2026-09-14 10:25:00+09:00,7780.0,7790.0,7780.0,7780.0,3193.0
2026-09-14 10:30:00+09:00,7790.0,7810.0,7785.0,7800.0,1686.0
2026-09-14 10:35:00+09:00,7810.0,7820.0,7800.0,7820.0,961.0
2026-09-14 10:40:00+09:00,7820.0,7830.0,7810.0,7820.0,1146.0
2026-09-14 10:45:00+09:00,7810.0,7820.0,7810.0,7820.0,1930.0
2026-09-14 10:50:00+09:00,7820.0,7820.0,7800.0,7810.0,509.0
2026-09-14 10:55:00+09:00,7810.0,7820.0,7800.0,7820.0,961.0
2026-09-14 11:00:00+09:00,7820.0,7830.0,7810.0,7820.0,1973.0
2026-09-14 11:05:00+09:00,7820.0,7870.0,7810.0,7870.0,1235.0
2026-09-14 11:10:00+09:00,7870.0,7880.0,7840.0,7880.0,1071.0
2026-09-14 11:15:00+09:00,7880.0,7880.0,7850.0,7870.0,924.0
2026-09-14 11:20:00+09:00,7870.0,7880.0,7850.0,7860.0,730.0
2026-09-14 11:25:00+09:00,7860.0,7870.0,7850.0,7870.0,521.0
2026-09-14 11:30:00+09:00,7850.0,7870.0,7850.0,7870.0,606.0
2026-09-14 11:35:00+09:00,7870.0,7880.0,7850.0,7880.0,847.0
2026-09-14 11:40:00+09:00,7880.0,7880.0,7860.0,7880.0,583.0
2026-09-14 11:45:00+09:00,7880.0,7890.0,7880.0,7890.0,270.0
2026-09-14 11:50:00+09:00,7880.0,7910.0,7880.0,7900.0,1364.0
2026-09-14 11:55:00+09:00,7900.0,7910.0,7900.0,7900.0,642.0
2026-09-14 12:00:00+09:00,7890.0,7920.0,7890.0,7910.0,2436.0
2026-09-14 12:05:00+09:00,7900.0,7910.0,7900.0,7900.0,609.0
2026-09-14 12:10:00+09:00,7900.0,7910.0,7890.0,7900.0,333.0
2026-09-14 12:15:00+09:00,7900.0,7900.0,7890.0,7890.0,754.0
2026-09-14 12:20:00+09:00,7890.0,7900.0,7880.0,7890.0,589.0
2026-09-14 12:25:00+09:00,7900.0,7910.0,7890.0,7910.0,536.0
2026-09-14 12:30:00+09:00,7910.0,7910.0,7900.0,7910.0,442.0
2026-09-14 12:35:00+09:00,7910.0,7910.0,7890.0,7900.0,497.0
2026-09-14 12:40:00+09:00,7900.0,7900.0,7880.0,7890.0,245.0
2026-09-14 12:45:00+09:00,7890.0,7910.0,7890.0,7910.0,182.0
2026-09-14 12:50:00+09:00,7910.0,7910.0,7890.0,7900.0,325.0
2026-09-14 12:55:00+09:00,7900.0,7910.0,7900.0,7910.0,85.0
2026-09-14 13:00:00+09:00,7910.0,7980.0,7900.0,7970.0,4181.0
2026-09-14 13:05:00+09:00,7970.0,7980.0,7870.0,7980.0,7694.0
2026-09-14 13:10:00+09:00,7970.0,7980.0,7960.0,7970.0,3577.0
2026-09-14 13:15:00+09:00,7960.0,7980.0,7950.0,7970.0,2420.0
2026-09-14 13:20:00+09:00,7970.0,7980.0,7970.0,7970.0,1405.0
2026-09-14 13:25:00+09:00,7970.0,7980.0,7970.0,7980.0,683.0
2026-09-14 13:30:00+09:00,7980.0,7980.0,7970.0,7980.0,1560.0
2026-09-14 13:35:00+09:00,7980.0,7980.0,7950.0,7960.0,1298.0
2026-09-14 13:40:00+09:00,7960.0,7960.0,7950.0,7960.0,802.0
2026-09-14 13:45:00+09:00,7960.0,7980.0,7950.0,7970.0,2299.0
2026-09-14 13:50:00+09:00,7970.0,7980.0,7950.0,7950.0,2226.0
2026-09-14 13:55:00+09:00,7950.0,7950.0,7940.0,7950.0,1459.0
2026-09-14 14:00:00+09:00,7950.0,7970.0,7930.0,7950.0,1600.0
2026-09-14 14:05:00+09:00,7970.0,7970.0,7940.0,7950.0,1253.0
2026-09-14 14:10:00+09:00,7950.0,7960.0,7920.0,7930.0,1761.0
2026-09-14 14:15:00+09:00,7930.0,7930.0,7900.0,7920.0,2550.0
2026-09-14 14:20:00+09:00,7920.0,7920.0,7890.0,7900.0,2532.0
2026-09-14 14:25:00+09:00,7900.0,7910.0,7890.0,7910.0,1127.0
2026-09-14 14:30:00+09:00,7910.0,7910.0,7900.0,7910.0,1166.0
2026-09-14 14:35:00+09:00,7910.0,7930.0,7910.0,7930.0,1359.0
2026-09-14 14:40:00+09:00,7930.0,7930.0,7910.0,7920.0,2098.0
2026-09-14 14:45:00+09:00,7920.0,7940.0,7920.0,7940.0,1385.0
2026-09-14 14:50:00+09:00,7940.0,7940.0,7910.0,7930.0,2208.0
2026-09-14 14:55:00+09:00,7930.0,7940.0,7900.0,7940.0,3019.0
2026-09-15 09:00:00+09:00,7940.0,8000.0,7930.0,7930.0,3555.0
2026-09-15 09:05:00+09:00,7940.0,7980.0,7920.0,7970.0,3166.0
2026-09-15 09:10:00+09:00,7950.0,7960.0,7950.0,7950.0,1232.0
2026-09-15 09:15:00+09:00,7940.0,7970.0,7940.0,7950.0,754.0
2026-09-15 09:20:00+09:00,7950.0,7980.0,7950.0,7960.0,770.0
2026-09-15 09:25:00+09:00,7960.0,7970.0,7940.0,7940.0,1647.0
2026-09-15 09:30:00+09:00,7940.0,7960.0,7930.0,7950.0,3999.0
2026-09-15 09:35:00+09:00,7960.0,7970.0,7960.0,7970.0,1009.0
2026-09-15 09:40:00+09:00,7970.0,7980.0,7930.0,7930.0,2027.0
2026-09-15 09:45:00+09:00,7950.0,7950.0,7930.0,7930.0,744.0
2026-09-15 09:50:00+09:00,7940.0,7950.0,7940.0,7950.0,2048.0
2026-09-15 09:55:00+09:00,7950.0,7960.0,7930.0,7930.0,1310.0
2026-09-15 10:00:00+09:00,7930.0,7940.0,7910.0,7920.0,3467.0
2026-09-15 10:05:00+09:00,7920.0,7960.0,7910.0,7950.0,4187.0
2026-09-15 10:10:00+09:00,7950.0,8000.0,7950.0,8000.0,4043.0
2026-09-15 10:15:00+09:00,8000.0,8030.0,7990.0,7990.0,7326.0
2026-09-15 10:20:00+09:00,7990.0,8010.0,7970.0,8010.0,2430.0
2026-09-15 10:25:00+09:00,8020.0,8020.0,7980.0,7990.0,1677.0
2026-09-15 10:30:00+09:00,7980.0,8020.0,7980.0,8020.0,1964.0
2026-09-15 10:35:00+09:00,8010.0,8010.0,7980.0,7990.0,889.0
2026-09-15 10:40:00+09:00,8000.0,8000.0,7980.0,7980.0,891.0
2026-09-15 10:45:00+09:00,7990.0,7990.0,7980.0,7980.0,1863.0
2026-09-15 10:50:00+09:00,7990.0,7990.0,7970.0,7980.0,58.0
2026-09-15 10:55:00+09:00,7980.0,7980.0,7970.0,7980.0,277.0
2026-09-15 11:00:00+09:00,7970.0,7980.0,7970.0,7970.0,969.0
2026-09-15 11:05:00+09:00,7970.0,7970.0,7940.0,7940.0,1213.0
2026-09-15 11:10:00+09:00,7950.0,7980.0,7940.0,7980.0,1938.0
2026-09-15 11:15:00+09:00,7950.0,7960.0,7950.0,7960.0,1746.0
2026-09-15 11:20:00+09:00,7960.0,7960.0,7940.0,7950.0,2219.0
2026-09-15 11:25:00+09:00,7950.0,7950.0,7930.0,7930.0,688.0
2026-09-15 11:30:00+09:00,7940.0,7940.0,7930.0,7940.0,578.0
2026-09-15 11:35:00+09:00,7930.0,7940.0,7930.0,7940.0,340.0
2026-09-15 11:40:00+09:00,7930.0,7950.0,7920.0,7920.0,5288.0
2026-09-15 11:45:00+09:00,7910.0,7920.0,7900.0,7910.0,4343.0
2026-09-15 11:50:00+09:00,7910.0,7910.0,7890.0,7900.0,1853.0
2026-09-15 11:55:00+09:00,7880.0,7910.0,7880.0,7900.0,1291.0
2026-09-15 12:00:00+09:00,7910.0,7930.0,7910.0,7930.0,1108.0
2026-09-15 12:05:00+09:00,7930.0,7930.0,7920.0,7930.0,1028.0
2026-09-15 12:10:00+09:00,7940.0,7950.0,7940.0,7950.0,993.0
2026-09-15 12:15:00+09:00,7950.0,7950.0,7940.0,7940.0,53.0
2026-09-15 12:20:00+09:00,7950.0,7950.0,7940.0,7940.0,917.0
2026-09-15 12:25:00+09:00,7930.0,7940.0,7930.0,7940.0,403.0
2026-09-15 12:30:00+09:00,7940.0,7950.0,7940.0,7940.0,269.0
2026-09-15 12:35:00+09:00,7940.0,7950.0,7930.0,7930.0,353.0
2026-09-15 12:40:00+09:00,7930.0,7940.0,7920.0,7940.0,822.0
2026-09-15 12:45:00+09:00,7940.0,7960.0,7930.0,7930.0,1094.0
2026-09-15 12:50:00+09:00,7950.0,7950.0,7940.0,7940.0,193.0
2026-09-15 12:55:00+09:00,7950.0,7950.0,7930.0,7930.0,125.0
2026-09-15 13:00:00+09:00,7930.0,7930.0,7920.0,7920.0,865.0
2026-09-15 13:05:00+09:00,7930.0,7980.0,7930.0,7960.0,2591.0
2026-09-15 13:10:00+09:00,7950.0,7950.0,7940.0,7940.0,160.0
2026-09-15 13:15:00+09:00,7940.0,7940.0,7930.0,7930.0,639.0
2026-09-15 13:20:00+09:00,7940.0,8000.0,7940.0,8000.0,4071.0
2026-09-15 13:25:00+09:00,7990.0,7990.0,7930.0,7950.0,2904.0
2026-09-15 13:30:00+09:00,7940.0,7970.0,7940.0,7960.0,3510.0
2026-09-15 13:35:00+09:00,7970.0,7980.0,7950.0,7980.0,2595.0
2026-09-15 13:40:00+09:00,7970.0,8000.0,7960.0,7960.0,5729.0
2026-09-15 13:45:00+09:00,7970.0,7980.0,7960.0,7970.0,7362.0
2026-09-15 13:50:00+09:00,7970.0,7970.0,7970.0,7970.0,2335.0
2026-09-15 13:55:00+09:00,7970.0,7970.0,7930.0,7940.0,3870.0
2026-09-15 14:00:00+09:00,7930.0,7950.0,7920.0,7950.0,2570.0
2026-09-15 14:05:00+09:00,7950.0,7960.0,7920.0,7950.0,2502.0
2026-09-15 14:10:00+09:00,7920.0,7940.0,7880.0,7910.0,7894.0
2026-09-15 14:15:00+09:00,7910.0,7920.0,7880.0,7890.0,1955.0
2026-09-15 14:20:00+09:00,7910.0,7910.0,7880.0,7900.0,1966.0
2026-09-15 14:25:00+09:00,7910.0,7910.0,7880.0,7910.0,2708.0
2026-09-15 14:30:00+09:00,7910.0,7930.0,7900.0,7930.0,4381.0
2026-09-15 14:35:00+09:00,7930.0,8000.0,7910.0,7930.0,3545.0
2026-09-15 14:40:00+09:00,7930.0,7960.0,7930.0,7960.0,3217.0
2026-09-15 14:45:00+09:00,7950.0,7960.0,7940.0,7950.0,1678.0
2026-09-15 14:50:00+09:00,7950.0,7950.0,7940.0,7950.0,1197.0
2026-09-15 14:55:00+09:00,7950.0,7950.0,7920.0,7940.0,2386.0
2026-09-16 09:00:00+09:00,7950.0,7960.0,7820.0,7850.0,6750.0
2026-09-16 09:05:00+09:00,7850.0,7880.0,7800.0,7820.0,3649.0
2026-09-16 09:10:00+09:00,7820.0,7860.0,7810.0,7850.0,2246.0
2026-09-16 09:15:00+09:00,7850.0,7870.0,7840.0,7860.0,1304.0
2026-09-16 09:20:00+09:00,7870.0,7870.0,7830.0,7860.0,828.0
2026-09-16 09:25:00+09:00,7860.0,7870.0,7840.0,7860.0,913.0
2026-09-16 09:30:00+09:00,7860.0,7870.0,7840.0,7840.0,978.0
2026-09-16 09:35:00+09:00,7840.0,7860.0,7840.0,7850.0,1896.0
2026-09-16 09:40:00+09:00,7850.0,7850.0,7830.0,7840.0,495.0
2026-09-16 09:45:00+09:00,7830.0,7850.0,7830.0,7830.0,1239.0
2026-09-16 09:50:00+09:00,7840.0,7840.0,7810.0,7830.0,5295.0
2026-09-16 09:55:00+09:00,7820.0,7830.0,7820.0,7820.0,767.0
2026-09-16 10:00:00+09:00,7820.0,7820.0,7790.0,7800.0,6238.0
2026-09-16 10:05:00+09:00,7800.0,7800.0,7790.0,7790.0,4182.0
2026-09-16 10:10:00+09:00,7790.0,7810.0,7770.0,7810.0,2831.0
2026-09-16 10:15:00+09:00,7810.0,7810.0,7790.0,7790.0,88.0
2026-09-16 10:20:00+09:00,7790.0,7800.0,7790.0,7800.0,831.0
2026-09-16 10:25:00+09:00,7790.0,7830.0,7790.0,7820.0,1789.0
2026-09-16 10:30:00+09:00,7820.0,7830.0,7810.0,7830.0,196.0
2026-09-16 10:35:00+09:00,7830.0,7830.0,7790.0,7800.0,1100.0
2026-09-16 10:40:00+09:00,7790.0,7800.0,7790.0,7790.0,160.0
2026-09-16 10:45:00+09:00,7800.0,7810.0,7790.0,7800.0,656.0
2026-09-16 10:50:00+09:00,7810.0,7810.0,7780.0,7780.0,4695.0
2026-09-16 10:55:00+09:00,7780.0,7790.0,7770.0,7790.0,589.0
2026-09-16 11:00:00+09:00,7790.0,7790.0,7780.0,7790.0,1907.0
2026-09-16 11:05:00+09:00,7780.0,7790.0,7770.0,7780.0,683.0
2026-09-16 11:10:00+09:00,7780.0,7790.0,7780.0,7790.0,995.0
2026-09-16 11:15:00+09:00,7790.0,7800.0,7780.0,7800.0,420.0
2026-09-16 11:20:00+09:00,7790.0,7800.0,7780.0,7790.0,2495.0
2026-09-16 11:25:00+09:00,7790.0,7800.0,7780.0,7790.0,562.0
2026-09-16 11:30:00+09:00,7790.0,7810.0,7780.0,7790.0,3077.0
2026-09-16 11:35:00+09:00,7790.0,7800.0,7780.0,7780.0,643.0
2026-09-16 11:40:00+09:00,7780.0,7780.0,7770.0,7770.0,796.0
2026-09-16 11:45:00+09:00,7780.0,7780.0,7770.0,7780.0,687.0
2026-09-16 11:50:00+09:00,7780.0,7790.0,7770.0,7790.0,1315.0
2026-09-16 11:55:00+09:00,7770.0,7790.0,7770.0,7790.0,918.0
2026-09-16 12:00:00+09:00,7780.0,7800.0,7780.0,7800.0,1765.0
2026-09-16 12:05:00+09:00,7800.0,7800.0,7770.0,7780.0,1478.0
2026-09-16 12:10:00+09:00,7780.0,7790.0,7780.0,7780.0,1254.0
2026-09-16 12:15:00+09:00,7780.0,7810.0,7780.0,7810.0,1783.0
2026-09-16 12:20:00+09:00,7810.0,7810.0,7790.0,7810.0,706.0
2026-09-16 12:25:00+09:00,7810.0,7810.0,7780.0,7790.0,549.0
2026-09-16 12:30:00+09:00,7790.0,7820.0,7790.0,7820.0,928.0
2026-09-16 12:35:00+09:00,7820.0,7820.0,7790.0,7790.0,1019.0
2026-09-16 12:40:00+09:00,7790.0,7800.0,7790.0,7800.0,347.0
2026-09-16 12:45:00+09:00,7800.0,7810.0,7790.0,7800.0,399.0
2026-09-16 12:50:00+09:00,7810.0,7830.0,7790.0,7800.0,754.0
2026-09-16 12:55:00+09:00,7820.0,7820.0,7790.0,7810.0,945.0
2026-09-16 13:00:00+09:00,7810.0,7830.0,7800.0,7810.0,1528.0
2026-09-16 13:05:00+09:00,7820.0,7830.0,7820.0,7830.0,1581.0
2026-09-16 13:10:00+09:00,7830.0,7830.0,7810.0,7810.0,1501.0
2026-09-16 13:15:00+09:00,7810.0,7820.0,7810.0,7820.0,0.0
2026-09-16 13:20:00+09:00,7820.0,7820.0,7810.0,7820.0,1747.0
2026-09-16 13:25:00+09:00,7810.0,7820.0,7810.0,7810.0,368.0
2026-09-16 13:30:00+09:00,7810.0,7820.0,7800.0,7810.0,1537.0
2026-09-16 13:35:00+09:00,7810.0,7830.0,7800.0,7820.0,665.0
2026-09-16 13:40:00+09:00,7820.0,7830.0,7800.0,7830.0,1291.0
2026-09-16 13:45:00+09:00,7830.0,7830.0,7810.0,7820.0,290.0
2026-09-16 13:50:00+09:00,7820.0,7840.0,7810.0,7810.0,1021.0
2026-09-16 13:55:00+09:00,7810.0,7810.0,7800.0,7810.0,518.0
2026-09-16 14:00:00+09:00,7800.0,7810.0,7800.0,7800.0,1512.0
2026-09-16 14:05:00+09:00,7810.0,7810.0,7790.0,7790.0,2101.0
2026-09-16 14:10:00+09:00,7790.0,7820.0,7790.0,7800.0,1469.0
2026-09-16 14:15:00+09:00,7820.0,7850.0,7810.0,7850.0,1162.0
2026-09-16 14:20:00+09:00,7840.0,7850.0,7810.0,7810.0,2143.0
2026-09-16 14:25:00+09:00,7810.0,7840.0,7800.0,7840.0,1173.0
2026-09-16 14:30:00+09:00,7840.0,7840.0,7810.0,7820.0,1879.0
2026-09-16 14:35:00+09:00,7820.0,7820.0,7800.0,7820.0,941.0
2026-09-16 14:40:00+09:00,7810.0,7840.0,7810.0,7830.0,2057.0
2026-09-16 14:45:00+09:00,7830.0,7860.0,7820.0,7820.0,2376.0
2026-09-16 14:50:00+09:00,7820.0,7850.0,7810.0,7840.0,2584.0
2026-09-16 14:55:00+09:00,7840.0,7850.0,7820.0,7840.0,2523.0
2026-09-17 09:00:00+09:00,7890.0,7890.0,7800.0,7830.0,4375.0
2026-09-17 09:05:00+09:00,7830.0,7870.0,7830.0,7860.0,1454.0
2026-09-17 09:10:00+09:00,7860.0,7890.0,7860.0,7870.0,1135.0
2026-09-17 09:15:00+09:00,7890.0,7890.0,7860.0,7860.0,2633.0
2026-09-17 09:20:00+09:00,7860.0,7860.0,7840.0,7850.0,568.0
2026-09-17 09:25:00+09:00,7860.0,7860.0,7830.0,7830.0,1080.0
2026-09-17 09:30:00+09:00,7820.0,7830.0,7800.0,7820.0,1358.0
2026-09-17 09:35:00+09:00,7830.0,7850.0,7800.0,7850.0,1591.0
2026-09-17 09:40:00+09:00,7840.0,7840.0,7790.0,7810.0,7972.0
2026-09-17 09:45:00+09:00,7820.0,7820.0,7790.0,7800.0,874.0
2026-09-17 09:50:00+09:00,7800.0,7810.0,7790.0,7790.0,2025.0
2026-09-17 09:55:00+09:00,7790.0,7820.0,7780.0,7820.0,1687.0
2026-09-17 10:00:00+09:00,7820.0,7820.0,7790.0,7810.0,1423.0
2026-09-17 10:05:00+09:00,7820.0,7850.0,7800.0,7840.0,508.0
2026-09-17 10:10:00+09:00,7830.0,7840.0,7780.0,7820.0,3252.0
2026-09-17 10:15:00+09:00,7810.0,7830.0,7800.0,7830.0,1138.0
2026-09-17 10:20:00+09:00,7810.0,7830.0,7800.0,7830.0,2984.0
2026-09-17 10:25:00+09:00,7830.0,7850.0,7820.0,7840.0,1354.0
2026-09-17 10:30:00+09:00,7840.0,7840.0,7820.0,7840.0,1187.0
2026-09-17 10:35:00+09:00,7840.0,7850.0,7830.0,7850.0,1292.0
2026-09-17 10:40:00+09:00,7840.0,7850.0,7820.0,7830.0,2730.0
2026-09-17 10:45:00+09:00,7830.0,7840.0,7810.0,7820.0,1803.0
2026-09-17 10:50:00+09:00,7830.0,7830.0,7810.0,7820.0,1298.0
2026-09-17 10:55:00+09:00,7820.0,7830.0,7810.0,7830.0,539.0
2026-09-17 11:00:00+09:00,7830.0,7830.0,7810.0,7810.0,832.0
2026-09-17 11:05:00+09:00,7810.0,7810.0,7800.0,7800.0,1763.0
2026-09-17 11:10:00+09:00,7790.0,7820.0,7790.0,7820.0,2469.0
2026-09-17 11:15:00+09:00,7820.0,7820.0,7800.0,7810.0,747.0
2026-09-17 11:20:00+09:00,7810.0,7820.0,7800.0,7810.0,1059.0
2026-09-17 11:25:00+09:00,7810.0,7810.0,7790.0,7800.0,1902.0
2026-09-17 11:30:00+09:00,7800.0,7800.0,7790.0,7800.0,413.0
2026-09-17 11:35:00+09:00,7790.0,7800.0,7780.0,7790.0,3636.0
2026-09-17 11:40:00+09:00,7790.0,7800.0,7780.0,7790.0,924.0
2026-09-17 11:45:00+09:00,7790.0,7790.0,7780.0,7790.0,721.0
2026-09-17 11:50:00+09:00,7780.0,7790.0,7780.0,7790.0,1656.0
2026-09-17 11:55:00+09:00,7780.0,7790.0,7780.0,7780.0,1009.0
2026-09-17 12:00:00+09:00,7790.0,7790.0,7760.0,7770.0,2361.0
2026-09-17 12:05:00+09:00,7770.0,7780.0,7760.0,7780.0,510.0
2026-09-17 12:10:00+09:00,7780.0,7780.0,7760.0,7770.0,1626.0
2026-09-17 12:15:00+09:00,7760.0,7790.0,7760.0,7790.0,1967.0
2026-09-17 12:20:00+09:00,7790.0,7800.0,7780.0,7790.0,1028.0
2026-09-17 12:25:00+09:00,7790.0,7790.0,7780.0,7780.0,436.0
2026-09-17 12:30:00+09:00,7790.0,7820.0,7790.0,7820.0,1126.0
2026-09-17 12:35:00+09:00,7820.0,7820.0,7790.0,7800.0,1349.0
2026-09-17 12:40:00+09:00,7800.0,7800.0,7790.0,7800.0,767.0
2026-09-17 12:45:00+09:00,7800.0,7810.0,7790.0,7800.0,1861.0
2026-09-17 12:50:00+09:00,7800.0,7810.0,7780.0,7800.0,3030.0
2026-09-17 12:55:00+09:00,7810.0,7820.0,7810.0,7810.0,3989.0
2026-09-17 13:00:00+09:00,7810.0,7830.0,7810.0,7820.0,2150.0
2026-09-17 13:05:00+09:00,7820.0,7820.0,7810.0,7820.0,1173.0
2026-09-17 13:10:00+09:00,7820.0,7820.0,7810.0,7810.0,818.0
2026-09-17 13:15:00+09:00,7810.0,7810.0,7800.0,7810.0,712.0
2026-09-17 13:20:00+09:00,7810.0,7830.0,7810.0,7820.0,1015.0
2026-09-17 13:25:00+09:00,7820.0,7820.0,7790.0,7800.0,2398.0
2026-09-17 13:30:00+09:00,7800.0,7800.0,7780.0,7780.0,2101.0
2026-09-17 13:35:00+09:00,7780.0,7810.0,7780.0,7800.0,2893.0
2026-09-17 13:40:00+09:00,7790.0,7790.0,7780.0,7790.0,981.0
2026-09-17 13:45:00+09:00,7800.0,7800.0,7790.0,7800.0,1205.0
2026-09-17 13:50:00+09:00,7800.0,7810.0,7790.0,7800.0,482.0
2026-09-17 13:55:00+09:00,7810.0,7810.0,7800.0,7810.0,578.0
2026-09-17 14:00:00+09:00,7810.0,7810.0,7800.0,7810.0,688.0
2026-09-17 14:05:00+09:00,7810.0,7810.0,7800.0,7810.0,605.0
2026-09-17 14:10:00+09:00,7810.0,7820.0,7800.0,7800.0,966.0
2026-09-17 14:15:00+09:00,7810.0,7820.0,7780.0,7790.0,6021.0
2026-09-17 14:20:00+09:00,7790.0,7800.0,7770.0,7780.0,4511.0
2026-09-17 14:25:00+09:00,7780.0,7790.0,7770.0,7770.0,2406.0
2026-09-17 14:30:00+09:00,7780.0,7780.0,7760.0,7770.0,1903.0
2026-09-17 14:35:00+09:00,7770.0,7770.0,7760.0,7770.0,540.0
2026-09-17 14:40:00+09:00,7770.0,7770.0,7750.0,7760.0,5561.0
2026-09-17 14:45:00+09:00,7760.0,7770.0,7750.0,7760.0,2982.0
2026-09-17 14:50:00+09:00,7760.0,7770.0,7760.0,7760.0,1365.0
2026-09-17 14:55:00+09:00,7760.0,7770.0,7740.0,7750.0,4456.0
2026-09-18 09:00:00+09:00,7840.0,7870.0,7790.0,7810.0,4945.0
2026-09-18 09:05:00+09:00,7810.0,7810.0,7750.0,7760.0,4461.0
2026-09-18 09:10:00+09:00,7770.0,7780.0,7760.0,7760.0,2622.0
2026-09-18 09:15:00+09:00,7780.0,7790.0,7770.0,7780.0,3667.0
2026-09-18 09:20:00+09:00,7780.0,7790.0,7770.0,7770.0,1500.0
2026-09-18 09:25:00+09:00,7770.0,7770.0,7730.0,7740.0,5533.0
2026-09-18 09:30:00+09:00,7740.0,7740.0,7700.0,7720.0,18885.0
2026-09-18 09:35:00+09:00,7720.0,7730.0,7710.0,7710.0,2708.0
2026-09-18 09:40:00+09:00,7720.0,7720.0,7710.0,7720.0,2385.0
2026-09-18 09:45:00+09:00,7710.0,7720.0,7710.0,7720.0,4613.0
2026-09-18 09:50:00+09:00,7720.0,7720.0,7690.0,7700.0,12227.0
2026-09-18 09:55:00+09:00,7710.0,7750.0,7700.0,7740.0,5013.0
2026-09-18 10:00:00+09:00,7740.0,7760.0,7735.0,7750.0,5761.0
2026-09-18 10:05:00+09:00,7740.0,7750.0,7720.0,7750.0,4758.0
2026-09-18 10:10:00+09:00,7740.0,7750.0,7730.0,7750.0,3591.0
2026-09-18 10:15:00+09:00,7740.0,7750.0,7730.0,7740.0,1331.0
2026-09-18 10:20:00+09:00,7740.0,7780.0,7740.0,7770.0,4473.0
2026-09-18 10:25:00+09:00,7770.0,7780.0,7750.0,7770.0,1859.0
2026-09-18 10:30:00+09:00,7770.0,7860.0,7760.0,7860.0,7381.0
2026-09-18 10:35:00+09:00,7850.0,7870.0,7810.0,7820.0,5599.0
2026-09-18 10:40:00+09:00,7830.0,7830.0,7780.0,7800.0,2952.0
2026-09-18 10:45:00+09:00,7810.0,7830.0,7790.0,7820.0,2434.0
2026-09-18 10:50:00+09:00,7820.0,7820.0,7780.0,7790.0,3483.0
2026-09-18 10:55:00+09:00,7780.0,7810.0,7780.0,7810.0,4775.0
2026-09-18 11:00:00+09:00,7810.0,7810.0,7800.0,7800.0,986.0
2026-09-18 11:05:00+09:00,7800.0,7810.0,7790.0,7790.0,1635.0
2026-09-18 11:10:00+09:00,7790.0,7820.0,7790.0,7820.0,4600.0
2026-09-18 11:15:00+09:00,7820.0,7820.0,7800.0,7800.0,2193.0
2026-09-18 11:20:00+09:00,7810.0,7860.0,7810.0,7840.0,5075.0
2026-09-18 11:25:00+09:00,7840.0,7840.0,7830.0,7830.0,2268.0
2026-09-18 11:30:00+09:00,7840.0,7850.0,7830.0,7840.0,4494.0
2026-09-18 11:35:00+09:00,7840.0,7840.0,7820.0,7830.0,2982.0
2026-09-18 11:40:00+09:00,7830.0,7860.0,7830.0,7860.0,5029.0
2026-09-18 11:45:00+09:00,7860.0,7860.0,7840.0,7840.0,2543.0
2026-09-18 11:50:00+09:00,7840.0,7850.0,7840.0,7840.0,2972.0
2026-09-18 11:55:00+09:00,7840.0,7860.0,7840.0,7860.0,5126.0
2026-09-18 12:00:00+09:00,7860.0,7860.0,7850.0,7860.0,1199.0
2026-09-18 12:05:00+09:00,7855.0,7860.0,7850.0,7850.0,925.0
2026-09-18 12:10:00+09:00,7840.0,7850.0,7830.0,7840.0,4692.0
2026-09-18 12:15:00+09:00,7830.0,7840.0,7830.0,7830.0,972.0
2026-09-18 12:20:00+09:00,7830.0,7840.0,7820.0,7830.0,1996.0
2026-09-18 12:25:00+09:00,7820.0,7840.0,7820.0,7820.0,3361.0
2026-09-18 12:30:00+09:00,7830.0,7840.0,7820.0,7840.0,2377.0
2026-09-18 12:35:00+09:00,7830.0,7850.0,7830.0,7840.0,1702.0
2026-09-18 12:40:00+09:00,7840.0,7850.0,7830.0,7830.0,1220.0
2026-09-18 12:45:00+09:00,7830.0,7860.0,7830.0,7860.0,4743.0
2026-09-18 12:50:00+09:00,7860.0,7880.0,7860.0,7870.0,2073.0
2026-09-18 12:55:00+09:00,7870.0,7880.0,7850.0,7860.0,1411.0
2026-09-18 13:00:00+09:00,7860.0,7870.0,7850.0,7850.0,1168.0
2026-09-18 13:05:00+09:00,7840.0,7850.0,7820.0,7830.0,3526.0
2026-09-18 13:10:00+09:00,7830.0,7850.0,7830.0,7830.0,2533.0
2026-09-18 13:15:00+09:00,7830.0,7870.0,7830.0,7860.0,3756.0
2026-09-18 13:20:00+09:00,7860.0,7880.0,7860.0,7870.0,960.0
2026-09-18 13:25:00+09:00,7870.0,7870.0,7860.0,7860.0,671.0
2026-09-18 13:30:00+09:00,7860.0,7880.0,7860.0,7880.0,3348.0
2026-09-18 13:35:00+09:00,7880.0,7880.0,7870.0,7880.0,702.0
2026-09-18 13:40:00+09:00,7880.0,7880.0,7860.0,7860.0,2098.0
2026-09-18 13:45:00+09:00,7860.0,7870.0,7850.0,7850.0,1923.0
2026-09-18 13:50:00+09:00,7840.0,7860.0,7830.0,7840.0,1944.0
2026-09-18 13:55:00+09:00,7840.0,7850.0,7830.0,7850.0,2854.0
2026-09-18 14:00:00+09:00,7850.0,7850.0,7840.0,7840.0,2780.0
2026-09-18 14:05:00+09:00,7840.0,7850.0,7830.0,7830.0,2274.0
2026-09-18 14:10:00+09:00,7830.0,7850.0,7830.0,7830.0,2263.0
2026-09-18 14:15:00+09:00,7830.0,7840.0,7820.0,7840.0,2688.0
2026-09-18 14:20:00+09:00,7830.0,7860.0,7820.0,7840.0,5604.0
2026-09-18 14:25:00+09:00,7840.0,7870.0,7840.0,7840.0,4441.0
2026-09-18 14:30:00+09:00,7840.0,7850.0,7830.0,7830.0,2207.0
2026-09-18 14:35:00+09:00,7830.0,7850.0,7830.0,7830.0,2402.0
2026-09-18 14:40:00+09:00,7830.0,7850.0,7830.0,7840.0,2430.0
2026-09-18 14:45:00+09:00,7850.0,7910.0,7830.0,7910.0,9048.0
2026-09-18 14:50:00+09:00,7900.0,7900.0,7860.0,7880.0,6136.0
2026-09-18 14:55:00+09:00,7880.0,7910.0,7880.0,7910.0,5444.0
2026-09-21 09:00:00+09:00,7990.0,8000.0,7850.0,7850.0,0.0
2026-09-21 09:05:00+09:00,7860.0,7870.0,7840.0,7840.0,1510.0
2026-09-21 09:10:00+09:00,7850.0,7880.0,7830.0,7850.0,1439.0
2026-09-21 09:15:00+09:00,7850.0,7860.0,7840.0,7850.0,836.0
2026-09-21 09:20:00+09:00,7860.0,7900.0,7840.0,7850.0,1511.0
2026-09-21 09:25:00+09:00,7850.0,7870.0,7840.0,7850.0,4355.0
2026-09-21 09:30:00+09:00,7850.0,7880.0,7850.0,7880.0,3127.0
2026-09-21 09:35:00+09:00,7880.0,7890.0,7860.0,7890.0,4870.0
2026-09-21 09:40:00+09:00,7900.0,7910.0,7900.0,7900.0,2092.0
2026-09-21 09:45:00+09:00,7900.0,7910.0,7900.0,7910.0,344.0
2026-09-21 09:50:00+09:00,7910.0,7910.0,7880.0,7890.0,1920.0
2026-09-21 09:55:00+09:00,7910.0,7910.0,7880.0,7890.0,355.0
2026-09-21 10:00:00+09:00,7910.0,7940.0,7890.0,7940.0,1162.0
2026-09-21 10:05:00+09:00,7940.0,7950.0,7940.0,7940.0,336.0
2026-09-21 10:10:00+09:00,7940.0,7940.0,7910.0,7940.0,431.0
2026-09-21 10:15:00+09:00,7940.0,7940.0,7910.0,7910.0,1483.0
2026-09-21 10:20:00+09:00,7900.0,7940.0,7900.0,7940.0,924.0
2026-09-21 10:25:00+09:00,7940.0,7960.0,7940.0,7960.0,2534.0
2026-09-21 10:30:00+09:00,7950.0,7960.0,7940.0,7960.0,1418.0
2026-09-21 10:35:00+09:00,7950.0,7960.0,7950.0,7950.0,161.0
2026-09-21 10:40:00+09:00,7940.0,7950.0,7930.0,7950.0,272.0
2026-09-21 10:45:00+09:00,7950.0,7950.0,7950.0,7950.0,65.0
2026-09-21 10:50:00+09:00,7940.0,7970.0,7940.0,7970.0,603.0
2026-09-21 10:55:00+09:00,7970.0,7970.0,7970.0,7970.0,300.0
2026-09-21 11:00:00+09:00,7970.0,7970.0,7960.0,7970.0,242.0
2026-09-21 11:05:00+09:00,7970.0,7970.0,7960.0,7960.0,100.0
2026-09-21 11:10:00+09:00,7970.0,7970.0,7960.0,7970.0,558.0
2026-09-21 11:15:00+09:00,7970.0,7970.0,7960.0,7970.0,1262.0
2026-09-21 11:20:00+09:00,7970.0,7980.0,7960.0,7970.0,260.0
2026-09-21 11:25:00+09:00,7970.0,7980.0,7970.0,7970.0,321.0
2026-09-21 11:30:00+09:00,7980.0,7980.0,7960.0,7970.0,115.0
2026-09-21 11:35:00+09:00,7970.0,7970.0,7960.0,7970.0,134.0
2026-09-21 11:40:00+09:00,7960.0,7970.0,7960.0,7970.0,165.0
2026-09-21 11:45:00+09:00,7970.0,7980.0,7960.0,7970.0,1342.0
2026-09-21 11:50:00+09:00,7980.0,7980.0,7960.0,7980.0,311.0
2026-09-21 11:55:00+09:00,7970.0,7980.0,7940.0,7960.0,3633.0
2026-09-21 12:00:00+09:00,7960.0,7970.0,7950.0,7960.0,559.0
2026-09-21 12:05:00+09:00,7970.0,7970.0,7950.0,7960.0,481.0
2026-09-21 12:10:00+09:00,7970.0,7970.0,7950.0,7970.0,152.0
2026-09-21 12:15:00+09:00,7950.0,7950.0,7930.0,7940.0,694.0
2026-09-21 12:20:00+09:00,7930.0,7940.0,7930.0,7940.0,73.0
2026-09-21 12:25:00+09:00,7940.0,7970.0,7930.0,7940.0,1133.0
2026-09-21 12:30:00+09:00,7930.0,7940.0,7920.0,7930.0,1508.0
2026-09-21 12:35:00+09:00,7930.0,7960.0,7930.0,7950.0,288.0
2026-09-21 12:40:00+09:00,7940.0,7950.0,7930.0,7940.0,622.0
2026-09-21 12:45:00+09:00,7940.0,7950.0,7930.0,7950.0,65.0
2026-09-21 12:50:00+09:00,7930.0,7960.0,7930.0,7960.0,443.0
2026-09-21 12:55:00+09:00,7950.0,7950.0,7930.0,7930.0,199.0
2026-09-21 13:00:00+09:00,7940.0,7950.0,7930.0,7950.0,521.0
2026-09-21 13:05:00+09:00,7950.0,7950.0,7920.0,7940.0,434.0
2026-09-21 13:10:00+09:00,7935.0,7950.0,7920.0,7930.0,1751.0
2026-09-21 13:15:00+09:00,7925.0,7930.0,7900.0,7920.0,5543.0
2026-09-21 13:20:00+09:00,7920.0,7920.0,7900.0,7910.0,1239.0
2026-09-21 13:25:00+09:00,7910.0,7910.0,7900.0,7900.0,195.0
2026-09-21 13:30:00+09:00,7910.0,7940.0,7900.0,7940.0,1768.0
2026-09-21 13:35:00+09:00,7940.0,7950.0,7940.0,7950.0,1152.0
2026-09-21 13:40:00+09:00,7950.0,7960.0,7940.0,7960.0,1359.0
2026-09-21 13:45:00+09:00,7960.0,7970.0,7940.0,7970.0,1217.0
2026-09-21 13:50:00+09:00,7970.0,7990.0,7950.0,7990.0,4667.0
2026-09-21 13:55:00+09:00,7990.0,7990.0,7980.0,7980.0,1587.0
2026-09-21 14:00:00+09:00,7980.0,7990.0,7980.0,7980.0,471.0
2026-09-21 14:05:00+09:00,7980.0,8010.0,7970.0,8010.0,5328.0
2026-09-21 14:10:00+09:00,8020.0,8020.0,8000.0,8000.0,826.0
2026-09-21 14:15:00+09:00,7990.0,8000.0,7980.0,8000.0,897.0
2026-09-21 14:20:00+09:00,7990.0,8000.0,7980.0,8000.0,962.0
2026-09-21 14:25:00+09:00,7990.0,8000.0,7980.0,7990.0,1141.0
2026-09-21 14:30:00+09:00,7990.0,8000.0,7990.0,7990.0,1077.0
2026-09-21 14:35:00+09:00,7990.0,7990.0,7980.0,7990.0,147.0
2026-09-21 14:40:00+09:00,7990.0,8000.0,7980.0,8000.0,1072.0
2026-09-21 14:45:00+09:00,8000.0,8000.0,7980.0,7990.0,1676.0
2026-09-21 14:50:00+09:00,7990.0,7990.0,7980.0,7990.0,603.0
2026-09-21 14:55:00+09:00,7980.0,7990.0,7980.0,7990.0,599.0
2026-09-22 09:00:00+09:00,8090.0,8140.0,8060.0,8090.0,8273.0
2026-09-22 09:05:00+09:00,8090.0,8120.0,8080.0,8090.0,5926.0
2026-09-22 09:10:00+09:00,8090.0,8090.0,8070.0,8070.0,4250.0
2026-09-22 09:15:00+09:00,8070.0,8080.0,8050.0,8050.0,4583.0
2026-09-22 09:20:00+09:00,8060.0,8080.0,8050.0,8050.0,1769.0
2026-09-22 09:25:00+09:00,8060.0,8080.0,8060.0,8080.0,4253.0
2026-09-22 09:30:00+09:00,8080.0,8100.0,8050.0,8100.0,2169.0
2026-09-22 09:35:00+09:00,8100.0,8100.0,8020.0,8040.0,5695.0
2026-09-22 09:40:00+09:00,8030.0,8040.0,8020.0,8030.0,2023.0
2026-09-22 09:45:00+09:00,8030.0,8050.0,8030.0,8050.0,1696.0
2026-09-22 09:50:00+09:00,8050.0,8100.0,8050.0,8060.0,2818.0
2026-09-22 09:55:00+09:00,8070.0,8100.0,8050.0,8100.0,1780.0
2026-09-22 10:00:00+09:00,8100.0,8100.0,8040.0,8060.0,3840.0
2026-09-22 10:05:00+09:00,8070.0,8080.0,8050.0,8050.0,690.0
2026-09-22 10:10:00+09:00,8070.0,8070.0,8020.0,8020.0,1891.0
2026-09-22 10:15:00+09:00,8020.0,8020.0,8010.0,8020.0,1115.0
2026-09-22 10:20:00+09:00,8010.0,8020.0,8000.0,8010.0,2192.0
2026-09-22 10:25:00+09:00,8000.0,8010.0,8000.0,8010.0,152.0
2026-09-22 10:30:00+09:00,8010.0,8010.0,7970.0,7990.0,2257.0
2026-09-22 10:35:00+09:00,7980.0,7990.0,7970.0,7970.0,2332.0
2026-09-22 10:40:00+09:00,7970.0,7990.0,7970.0,7970.0,479.0
2026-09-22 10:45:00+09:00,7970.0,7970.0,7950.0,7960.0,1137.0
2026-09-22 10:50:00+09:00,7960.0,7990.0,7950.0,7980.0,2003.0
2026-09-22 10:55:00+09:00,7990.0,7990.0,7940.0,7940.0,3028.0
2026-09-22 11:00:00+09:00,7950.0,7970.0,7940.0,7940.0,1530.0
2026-09-22 11:05:00+09:00,7940.0,7950.0,7930.0,7930.0,2457.0
2026-09-22 11:10:00+09:00,7930.0,7930.0,7920.0,7920.0,1052.0
2026-09-22 11:15:00+09:00,7930.0,7960.0,7930.0,7960.0,644.0
2026-09-22 11:20:00+09:00,7960.0,7970.0,7940.0,7940.0,1349.0
2026-09-22 11:25:00+09:00,7950.0,7950.0,7940.0,7950.0,145.0
2026-09-22 11:30:00+09:00,7940.0,7940.0,7930.0,7940.0,1393.0
2026-09-22 11:35:00+09:00,7940.0,7950.0,7940.0,7950.0,1114.0
2026-09-22 11:40:00+09:00,7950.0,7950.0,7930.0,7930.0,706.0
2026-09-22 11:45:00+09:00,7930.0,7930.0,7910.0,7910.0,5658.0
2026-09-22 11:50:00+09:00,7920.0,7920.0,7890.0,7890.0,5220.0
2026-09-22 11:55:00+09:00,7900.0,7900.0,7890.0,7900.0,280.0
2026-09-22 12:00:00+09:00,7900.0,7910.0,7900.0,7910.0,1779.0
2026-09-22 12:05:00+09:00,7900.0,7910.0,7900.0,7910.0,1416.0
2026-09-22 12:10:00+09:00,7910.0,7920.0,7910.0,7910.0,0.0
2026-09-22 12:15:00+09:00,7910.0,7910.0,7900.0,7910.0,156.0
2026-09-22 12:20:00+09:00,7910.0,7910.0,7900.0,7910.0,781.0
2026-09-22 12:25:00+09:00,7910.0,7910.0,7910.0,7910.0,430.0
2026-09-22 12:30:00+09:00,7900.0,7910.0,7900.0,7910.0,65.0
2026-09-22 12:35:00+09:00,7900.0,7900.0,7880.0,7890.0,2294.0
2026-09-22 12:40:00+09:00,7890.0,7890.0,7880.0,7890.0,402.0
2026-09-22 12:45:00+09:00,7890.0,7900.0,7880.0,7890.0,1493.0
2026-09-22 12:50:00+09:00,7890.0,7900.0,7860.0,7870.0,2942.0
2026-09-22 12:55:00+09:00,7870.0,7870.0,7860.0,7870.0,1744.0
2026-09-22 13:00:00+09:00,7870.0,7870.0,7860.0,7860.0,2090.0
2026-09-22 13:05:00+09:00,7860.0,7860.0,7830.0,7830.0,3954.0
2026-09-22 13:10:00+09:00,7830.0,7840.0,7820.0,7830.0,2458.0
2026-09-22 13:15:00+09:00,7820.0,7840.0,7820.0,7830.0,892.0
2026-09-22 13:20:00+09:00,7830.0,7850.0,7830.0,7850.0,2015.0
2026-09-22 13:25:00+09:00,7860.0,7890.0,7860.0,7880.0,794.0
2026-09-22 13:30:00+09:00,7860.0,7860.0,7840.0,7840.0,1240.0
2026-09-22 13:35:00+09:00,7840.0,7860.0,7840.0,7840.0,1353.0
2026-09-22 13:40:00+09:00,7870.0,7870.0,7830.0,7850.0,341.0
2026-09-22 13:45:00+09:00,7850.0,7850.0,7840.0,7850.0,1929.0
2026-09-22 13:50:00+09:00,7850.0,7850.0,7820.0,7840.0,3661.0
2026-09-22 13:55:00+09:00,7830.0,7850.0,7830.0,7830.0,1899.0
2026-09-22 14:00:00+09:00,7830.0,7830.0,7830.0,7830.0,1562.0
2026-09-22 14:05:00+09:00,7830.0,7830.0,7820.0,7830.0,320.0
2026-09-22 14:10:00+09:00,7830.0,7830.0,7820.0,7830.0,626.0
2026-09-22 14:15:00+09:00,7830.0,7830.0,7810.0,7815.0,3906.0
2026-09-22 14:20:00+09:00,7815.0,7820.0,7790.0,7790.0,9647.0
2026-09-22 14:25:00+09:00,7800.0,7810.0,7790.0,7800.0,5288.0
2026-09-22 14:30:00+09:00,7810.0,7810.0,7800.0,7810.0,2470.0
2026-09-22 14:35:00+09:00,7800.0,7810.0,7800.0,7800.0,632.0
2026-09-22 14:40:00+09:00,7800.0,7810.0,7790.0,7800.0,1392.0
2026-09-22 14:45:00+09:00,7800.0,7800.0,7800.0,7800.0,987.0
2026-09-22 14:50:00+09:00,7800.0,7810.0,7800.0,7800.0,603.0
2026-09-22 14:55:00+09:00,7800.0,7810.0,7800.0,7800.0,948.0
2026-09-23 09:00:00+09:00,7830.0,7860.0,7830.0,7840.0,1811.0
2026-09-23 09:05:00+09:00,7840.0,7870.0,7820.0,7870.0,2861.0
2026-09-23 09:10:00+09:00,7870.0,7960.0,7850.0,7900.0,2062.0
2026-09-23 09:15:00+09:00,7870.0,7880.0,7840.0,7840.0,3484.0
2026-09-23 09:20:00+09:00,7850.0,7870.0,7840.0,7870.0,1480.0
2026-09-23 09:25:00+09:00,7870.0,7890.0,7830.0,7840.0,2850.0
2026-09-23 09:30:00+09:00,7840.0,7860.0,7830.0,7850.0,3061.0
2026-09-23 09:35:00+09:00,7850.0,7870.0,7830.0,7860.0,2635.0
2026-09-23 09:40:00+09:00,7860.0,7860.0,7850.0,7850.0,478.0
2026-09-23 09:45:00+09:00,7860.0,7860.0,7860.0,7860.0,178.0
2026-09-23 09:50:00+09:00,7860.0,7890.0,7850.0,7880.0,1471.0
2026-09-23 09:55:00+09:00,7880.0,7880.0,7850.0,7850.0,650.0
2026-09-23 10:00:00+09:00,7860.0,7870.0,7840.0,7870.0,2356.0
2026-09-23 10:05:00+09:00,7870.0,7880.0,7860.0,7860.0,648.0
2026-09-23 10:10:00+09:00,7870.0,7900.0,7860.0,7890.0,681.0
2026-09-23 10:15:00+09:00,7870.0,7900.0,7860.0,7900.0,4245.0
2026-09-23 10:20:00+09:00,7900.0,7900.0,7870.0,7880.0,944.0
2026-09-23 10:25:00+09:00,7880.0,7900.0,7880.0,7890.0,3818.0
2026-09-23 10:30:00+09:00,7890.0,7930.0,7880.0,7910.0,2991.0
2026-09-23 10:35:00+09:00,7910.0,7920.0,7900.0,7910.0,618.0
2026-09-23 10:40:00+09:00,7910.0,7910.0,7860.0,7860.0,2058.0
2026-09-23 10:45:00+09:00,7870.0,7880.0,7850.0,7860.0,800.0
2026-09-23 10:50:00+09:00,7860.0,7860.0,7840.0,7860.0,2748.0
2026-09-23 10:55:00+09:00,7860.0,7870.0,7860.0,7870.0,362.0
2026-09-23 11:00:00+09:00,7860.0,7860.0,7850.0,7860.0,958.0
2026-09-23 11:05:00+09:00,7860.0,7860.0,7850.0,7850.0,707.0
2026-09-23 11:10:00+09:00,7850.0,7850.0,7840.0,7850.0,622.0
2026-09-23 11:15:00+09:00,7860.0,7860.0,7850.0,7850.0,348.0
2026-09-23 11:20:00+09:00,7840.0,7850.0,7840.0,7850.0,683.0
2026-09-23 11:25:00+09:00,7860.0,7860.0,7850.0,7850.0,995.0
2026-09-23 11:30:00+09:00,7860.0,7860.0,7850.0,7850.0,734.0
2026-09-23 11:35:00+09:00,7860.0,7860.0,7850.0,7860.0,259.0
2026-09-23 11:40:00+09:00,7860.0,7880.0,7860.0,7870.0,2175.0
2026-09-23 11:45:00+09:00,7880.0,7880.0,7860.0,7870.0,3559.0
2026-09-23 11:50:00+09:00,7870.0,7870.0,7870.0,7870.0,523.0
2026-09-23 11:55:00+09:00,7870.0,7890.0,7870.0,7880.0,344.0
2026-09-23 12:00:00+09:00,7880.0,7880.0,7880.0,7880.0,738.0
2026-09-23 12:05:00+09:00,7880.0,7890.0,7880.0,7890.0,117.0
2026-09-23 12:10:00+09:00,7880.0,7900.0,7880.0,7890.0,537.0
2026-09-23 12:15:00+09:00,7900.0,7900.0,7900.0,7900.0,108.0
2026-09-23 12:20:00+09:00,7900.0,7920.0,7900.0,7920.0,362.0
2026-09-23 12:25:00+09:00,7900.0,7920.0,7900.0,7920.0,840.0
2026-09-23 12:30:00+09:00,7920.0,7920.0,7910.0,7920.0,332.0
2026-09-23 12:35:00+09:00,7920.0,7920.0,7910.0,7920.0,204.0
2026-09-23 12:40:00+09:00,7920.0,7960.0,7920.0,7950.0,3029.0
2026-09-23 12:45:00+09:00,7950.0,7950.0,7930.0,7950.0,1472.0
2026-09-23 12:50:00+09:00,7940.0,7950.0,7910.0,7930.0,2328.0
2026-09-23 12:55:00+09:00,7930.0,7950.0,7930.0,7950.0,1353.0
2026-09-23 13:00:00+09:00,7950.0,7960.0,7940.0,7960.0,743.0
2026-09-23 13:05:00+09:00,7950.0,7960.0,7950.0,7950.0,979.0
2026-09-23 13:10:00+09:00,7950.0,7960.0,7950.0,7960.0,34.0
2026-09-23 13:15:00+09:00,7960.0,7960.0,7950.0,7950.0,1325.0
2026-09-23 13:20:00+09:00,7950.0,7960.0,7940.0,7940.0,419.0
2026-09-23 13:25:00+09:00,7950.0,7950.0,7930.0,7940.0,1619.0
2026-09-23 13:30:00+09:00,7940.0,7940.0,7930.0,7930.0,166.0
