,Open,High,Low,Close,Volume
2026-06-29 09:00:00+09:00,173800.0,183800.0,173800.0,183000.0,9235.0
2026-06-29 09:10:00+09:00,183000.0,186400.0,183000.0,186200.0,18054.0
2026-06-29 09:20:00+09:00,186000.0,194800.0,186000.0,191200.0,23265.0
2026-06-29 09:30:00+09:00,190800.0,194900.0,190500.0,194800.0,19047.0
2026-06-29 09:40:00+09:00,194800.0,197300.0,192000.0,197200.0,13674.0
2026-06-29 09:50:00+09:00,197200.0,198500.0,193800.0,194000.0,10280.0
2026-06-29 10:00:00+09:00,194100.0,196300.0,192000.0,194200.0,9645.0
2026-06-29 10:10:00+09:00,194200.0,195100.0,193100.0,193200.0,4945.0
2026-06-29 10:20:00+09:00,193200.0,198300.0,191600.0,197400.0,6908.0
2026-06-29 10:30:00+09:00,197500.0,198300.0,196700.0,197900.0,5151.0
2026-06-29 10:40:00+09:00,197900.0,198200.0,195100.0,197800.0,6919.0
2026-06-29 10:50:00+09:00,197800.0,198000.0,196400.0,197000.0,2317.0
2026-06-29 11:00:00+09:00,197000.0,198400.0,196700.0,197100.0,4403.0
2026-06-29 11:10:00+09:00,197200.0,197900.0,196700.0,197800.0,2444.0
2026-06-29 11:20:00+09:00,197700.0,201500.0,197500.0,200500.0,9642.0
2026-06-29 11:30:00+09:00,200500.0,201000.0,198800.0,199200.0,5888.0
2026-06-29 11:40:00+09:00,199200.0,199700.0,199000.0,199200.0,2451.0
2026-06-29 11:50:00+09:00,199250.0,199700.0,199200.0,199400.0,2165.0
2026-06-29 12:00:00+09:00,199400.0,199900.0,199200.0,199700.0,1699.0
2026-06-29 12:10:00+09:00,199700.0,202000.0,199700.0,201500.0,3689.0
2026-06-29 12:20:00+09:00,201000.0,203000.0,200500.0,202500.0,3785.0
2026-06-29 12:30:00+09:00,203000.0,204000.0,200000.0,201000.0,5678.0
2026-06-29 12:40:00+09:00,201000.0,201000.0,199000.0,199800.0,3484.0
2026-06-29 12:50:00+09:00,200000.0,201000.0,199700.0,200500.0,2039.0
2026-06-29 13:00:00+09:00,200500.0,201000.0,199300.0,201000.0,2827.0
2026-06-29 13:10:00+09:00,201000.0,203500.0,200500.0,200500.0,3057.0
2026-06-29 13:20:00+09:00,201000.0,201000.0,199600.0,199600.0,1602.0
2026-06-29 13:30:00+09:00,199700.0,199700.0,198600.0,198800.0,2821.0
2026-06-29 13:40:00+09:00,198800.0,198900.0,197000.0,198300.0,4476.0
2026-06-29 13:50:00+09:00,198200.0,199000.0,197500.0,197900.0,5241.0
2026-06-29 14:00:00+09:00,197900.0,198400.0,197300.0,198100.0,2920.0
2026-06-29 14:10:00+09:00,198200.0,200500.0,198200.0,199400.0,3133.0
2026-06-29 14:20:00+09:00,199300.0,199900.0,198400.0,199000.0,3071.0
2026-06-29 14:30:00+09:00,199000.0,199000.0,198100.0,198200.0,2161.0
2026-06-29 14:40:00+09:00,198200.0,199500.0,197400.0,199300.0,4627.0
2026-06-29 14:50:00+09:00,199400.0,201500.0,199300.0,200500.0,5174.0
2026-06-30 09:00:00+09:00,198500.0,201000.0,192500.0,199100.0,15974.0
2026-06-30 09:10:00+09:00,199100.0,201000.0,196100.0,196900.0,4153.0
2026-06-30 09:20:00+09:00,196800.0,197000.0,195800.0,196300.0,3601.0
2026-06-30 09:30:00+09:00,196300.0,197500.0,195000.0,196600.0,3575.0
2026-06-30 09:40:00+09:00,196600.0,197500.0,195000.0,195200.0,2052.0
2026-06-30 09:50:00+09:00,195300.0,196100.0,193000.0,194200.0,3527.0
2026-06-30 10:00:00+09:00,194400.0,195000.0,192100.0,193800.0,3812.0
2026-06-30 10:10:00+09:00,193800.0,194700.0,193400.0,193500.0,3177.0
2026-06-30 10:20:00+09:00,193500.0,195600.0,192700.0,195100.0,3902.0
2026-06-30 10:30:00+09:00,195100.0,195500.0,192300.0,192300.0,2174.0
2026-06-30 10:40:00+09:00,192300.0,192400.0,189200.0,189200.0,6989.0
2026-06-30 10:50:00+09:00,189200.0,189300.0,188000.0,189000.0,4026.0
2026-06-30 11:00:00+09:00,188900.0,189000.0,187200.0,188800.0,2361.0
2026-06-30 11:10:00+09:00,188700.0,188800.0,184400.0,184700.0,6076.0
2026-06-30 11:20:00+09:00,184600.0,184600.0,182800.0,183700.0,5013.0
2026-06-30 11:30:00+09:00,183800.0,185500.0,183300.0,184400.0,3730.0
2026-06-30 11:40:00+09:00,184300.0,185100.0,183600.0,183800.0,3914.0
2026-06-30 11:50:00+09:00,183800.0,184200.0,182100.0,182500.0,6848.0
2026-06-30 12:00:00+09:00,182500.0,185000.0,182100.0,182300.0,5154.0
2026-06-30 12:10:00+09:00,182300.0,182400.0,181500.0,181800.0,5936.0
2026-06-30 12:20:00+09:00,181800.0,181900.0,180600.0,180900.0,7315.0
2026-06-30 12:30:00+09:00,180800.0,182600.0,180600.0,182100.0,6512.0
2026-06-30 12:40:00+09:00,182000.0,182200.0,181300.0,182000.0,3464.0
2026-06-30 12:50:00+09:00,182000.0,182200.0,181300.0,182000.0,4471.0
2026-06-30 13:00:00+09:00,182100.0,182600.0,181900.0,182400.0,3681.0
2026-06-30 13:10:00+09:00,182400.0,183000.0,182100.0,182600.0,3620.0
2026-06-30 13:20:00+09:00,182600.0,183100.0,181900.0,182300.0,4352.0
2026-06-30 13:30:00+09:00,182300.0,184900.0,182300.0,184400.0,4772.0
2026-06-30 13:40:00+09:00,184400.0,186200.0,184300.0,186100.0,5380.0
2026-06-30 13:50:00+09:00,186100.0,187700.0,184400.0,187500.0,4389.0
2026-06-30 14:00:00+09:00,187500.0,189900.0,187400.0,188900.0,4695.0
2026-06-30 14:10:00+09:00,188800.0,188800.0,187700.0,188000.0,3100.0
2026-06-30 14:20:00+09:00,188100.0,188900.0,187900.0,188800.0,2754.0
2026-06-30 14:30:00+09:00,188800.0,188800.0,186600.0,187400.0,4786.0
2026-06-30 14:40:00+09:00,187400.0,188500.0,187300.0,187900.0,2137.0
2026-06-30 14:50:00+09:00,187900.0,188200.0,187500.0,187800.0,3037.0
2026-07-01 09:00:00+09:00,184400.0,186000.0,177000.0,180300.0,23788.0
2026-07-01 09:10:00+09:00,180300.0,185000.0,178100.0,183600.0,11838.0
2026-07-01 09:20:00+09:00,183500.0,186000.0,180700.0,184000.0,8380.0
2026-07-01 09:30:00+09:00,183900.0,185600.0,183800.0,185400.0,5677.0
2026-07-01 09:40:00+09:00,185400.0,190800.0,185000.0,190000.0,12942.0
2026-07-01 09:50:00+09:00,190100.0,193700.0,188000.0,188700.0,18031.0
2026-07-01 10:00:00+09:00,188700.0,188900.0,186800.0,187800.0,5894.0
2026-07-01 10:10:00+09:00,188200.0,188400.0,185800.0,186000.0,5001.0
2026-07-01 10:20:00+09:00,185900.0,188400.0,185900.0,188300.0,3555.0
2026-07-01 10:30:00+09:00,188300.0,189100.0,187100.0,188100.0,3596.0
2026-07-01 10:40:00+09:00,188100.0,188200.0,185900.0,186300.0,3084.0
2026-07-01 10:50:00+09:00,186200.0,187500.0,185100.0,186100.0,2650.0
2026-07-01 11:00:00+09:00,186000.0,186100.0,181200.0,182000.0,5343.0
2026-07-01 11:10:00+09:00,181800.0,183100.0,181100.0,182400.0,3311.0
2026-07-01 11:20:00+09:00,182400.0,187000.0,182400.0,185000.0,3871.0
2026-07-01 11:30:00+09:00,184800.0,185400.0,184100.0,185000.0,1950.0
2026-07-01 11:40:00+09:00,184900.0,187300.0,184900.0,186200.0,2257.0
2026-07-01 11:50:00+09:00,186100.0,186300.0,185800.0,185900.0,1449.0
2026-07-01 12:00:00+09:00,185900.0,186400.0,184900.0,185600.0,2973.0
2026-07-01 12:10:00+09:00,185700.0,185900.0,184900.0,185100.0,2215.0
2026-07-01 12:20:00+09:00,185100.0,185400.0,184900.0,184900.0,1319.0
2026-07-01 12:30:00+09:00,184900.0,185800.0,184900.0,185800.0,1489.0
2026-07-01 12:40:00+09:00,185800.0,185900.0,184200.0,184300.0,2728.0
2026-07-01 12:50:00+09:00,184300.0,184300.0,183500.0,183700.0,1465.0
2026-07-01 13:00:00+09:00,183600.0,183900.0,182500.0,183900.0,3045.0
2026-07-01 13:10:00+09:00,183800.0,184000.0,181900.0,181900.0,2363.0
2026-07-01 13:20:00+09:00,182400.0,182500.0,181700.0,181800.0,3701.0
2026-07-01 13:30:00+09:00,181800.0,182200.0,181000.0,182000.0,3280.0
2026-07-01 13:40:00+09:00,182000.0,182000.0,180400.0,181300.0,3558.0
2026-07-01 13:50:00+09:00,181200.0,181900.0,180700.0,180800.0,2764.0
2026-07-01 14:00:00+09:00,180800.0,181600.0,180100.0,181400.0,2578.0
2026-07-01 14:10:00+09:00,181400.0,181700.0,180400.0,181200.0,2061.0
2026-07-01 14:20:00+09:00,180800.0,181500.0,180300.0,181200.0,2984.0
2026-07-01 14:30:00+09:00,181200.0,181300.0,180300.0,180700.0,2405.0
2026-07-01 14:40:00+09:00,180700.0,182000.0,180500.0,181200.0,2307.0
2026-07-01 14:50:00+09:00,181100.0,182700.0,181000.0,182600.0,1834.0
2026-07-02 09:00:00+09:00,180200.0,182800.0,178500.0,181100.0,9058.0
2026-07-02 09:10:00+09:00,181100.0,182000.0,177600.0,178900.0,5022.0
2026-07-02 09:20:00+09:00,178900.0,183900.0,178600.0,182700.0,5260.0
2026-07-02 09:30:00+09:00,182700.0,188700.0,181600.0,184900.0,11220.0
2026-07-02 09:40:00+09:00,185000.0,186900.0,184700.0,184800.0,3171.0
2026-07-02 09:50:00+09:00,185000.0,185000.0,182000.0,183400.0,2374.0
2026-07-02 10:00:00+09:00,184100.0,188500.0,183300.0,188200.0,3355.0
2026-07-02 10:10:00+09:00,188200.0,188200.0,185000.0,185500.0,3176.0
2026-07-02 10:20:00+09:00,185500.0,185900.0,182500.0,182900.0,2911.0
2026-07-02 10:30:00+09:00,183000.0,183100.0,182000.0,182300.0,2397.0
2026-07-02 10:40:00+09:00,182300.0,183900.0,181400.0,182800.0,1729.0
2026-07-02 10:50:00+09:00,182900.0,183000.0,181500.0,182200.0,1346.0
2026-07-02 11:00:00+09:00,182200.0,182300.0,181100.0,181600.0,1316.0
2026-07-02 11:10:00+09:00,181600.0,181600.0,180100.0,180200.0,1718.0
2026-07-02 11:20:00+09:00,180200.0,180800.0,179300.0,179600.0,2222.0
2026-07-02 11:30:00+09:00,179600.0,181400.0,179500.0,181400.0,1110.0
2026-07-02 11:40:00+09:00,181000.0,181500.0,180800.0,180900.0,829.0
2026-07-02 11:50:00+09:00,180900.0,180900.0,179600.0,180100.0,882.0
2026-07-02 12:00:00+09:00,180200.0,180400.0,179600.0,179800.0,994.0
2026-07-02 12:10:00+09:00,179800.0,180100.0,179600.0,179700.0,682.0
2026-07-02 12:20:00+09:00,180000.0,180000.0,178800.0,179000.0,1797.0
2026-07-02 12:30:00+09:00,179100.0,180500.0,179100.0,180300.0,530.0
2026-07-02 12:40:00+09:00,180300.0,180900.0,179600.0,180400.0,806.0
2026-07-02 12:50:00+09:00,180400.0,180500.0,179500.0,179900.0,2290.0
2026-07-02 13:00:00+09:00,180000.0,180100.0,179400.0,179500.0,788.0
2026-07-02 13:10:00+09:00,179500.0,179500.0,178500.0,178800.0,1381.0
2026-07-02 13:20:00+09:00,178800.0,180000.0,178400.0,179800.0,1627.0
2026-07-02 13:30:00+09:00,179900.0,179900.0,177600.0,177700.0,2393.0
2026-07-02 13:40:00+09:00,177800.0,177900.0,177200.0,177800.0,1614.0
2026-07-02 13:50:00+09:00,177800.0,180200.0,177600.0,180200.0,1115.0
2026-07-02 14:00:00+09:00,180200.0,182000.0,180000.0,181200.0,1521.0
2026-07-02 14:10:00+09:00,181300.0,183000.0,181100.0,182100.0,2960.0
2026-07-02 14:20:00+09:00,182100.0,182700.0,180800.0,181100.0,1862.0
2026-07-02 14:30:00+09:00,181100.0,181600.0,179600.0,179700.0,2148.0
2026-07-02 14:40:00+09:00,179700.0,180600.0,178500.0,178500.0,1800.0
2026-07-02 14:50:00+09:00,178600.0,180200.0,178500.0,178500.0,2123.0
2026-07-03 09:00:00+09:00,179900.0,182900.0,174500.0,175100.0,10041.0
2026-07-03 09:10:00+09:00,175100.0,179200.0,172100.0,173700.0,8314.0
2026-07-03 09:20:00+09:00,173700.0,174200.0,171600.0,172600.0,3568.0
2026-07-03 09:30:00+09:00,172600.0,175500.0,171100.0,172800.0,6246.0
2026-07-03 09:40:00+09:00,172800.0,173400.0,171200.0,171800.0,4926.0
2026-07-03 09:50:00+09:00,171900.0,172100.0,168300.0,169800.0,5621.0
2026-07-03 10:00:00+09:00,169800.0,175000.0,169800.0,173600.0,3562.0
2026-07-03 10:10:00+09:00,173600.0,174100.0,172400.0,174100.0,3642.0
2026-07-03 10:20:00+09:00,174100.0,174300.0,170900.0,171300.0,3119.0
2026-07-03 10:30:00+09:00,171400.0,173200.0,170800.0,173200.0,1576.0
2026-07-03 10:40:00+09:00,173200.0,173200.0,170400.0,171900.0,2544.0
2026-07-03 10:50:00+09:00,171800.0,171900.0,170000.0,170500.0,3012.0
2026-07-03 11:00:00+09:00,170500.0,172100.0,169700.0,171400.0,2000.0
2026-07-03 11:10:00+09:00,171500.0,171600.0,170000.0,170100.0,1833.0
2026-07-03 11:20:00+09:00,170100.0,171000.0,170100.0,170800.0,869.0
2026-07-03 11:30:00+09:00,170800.0,170800.0,170100.0,170500.0,1290.0
2026-07-03 11:40:00+09:00,170200.0,171500.0,170200.0,171400.0,952.0
2026-07-03 11:50:00+09:00,171400.0,171800.0,170900.0,171700.0,637.0
2026-07-03 12:00:00+09:00,171800.0,171800.0,170400.0,171100.0,1245.0
2026-07-03 12:10:00+09:00,171000.0,171500.0,170700.0,171200.0,510.0
2026-07-03 12:20:00+09:00,171200.0,171500.0,170800.0,171300.0,444.0
2026-07-03 12:30:00+09:00,171400.0,171700.0,170800.0,171100.0,1323.0
2026-07-03 12:40:00+09:00,171100.0,171500.0,170200.0,171000.0,2029.0
2026-07-03 12:50:00+09:00,171500.0,172700.0,171000.0,172700.0,1979.0
2026-07-03 13:00:00+09:00,172600.0,173300.0,172400.0,172900.0,1709.0
2026-07-03 13:10:00+09:00,172900.0,175800.0,172400.0,175300.0,2522.0
2026-07-03 13:20:00+09:00,175300.0,175900.0,174700.0,174700.0,2147.0
2026-07-03 13:30:00+09:00,175000.0,175300.0,173900.0,174300.0,1439.0
2026-07-03 13:40:00+09:00,174300.0,176000.0,173900.0,175900.0,1605.0
2026-07-03 13:50:00+09:00,175900.0,176800.0,175400.0,175700.0,2532.0
2026-07-03 14:00:00+09:00,175700.0,176000.0,175300.0,175800.0,1073.0
2026-07-03 14:10:00+09:00,175800.0,176800.0,175600.0,176100.0,1605.0
2026-07-03 14:20:00+09:00,176200.0,177700.0,176000.0,177600.0,1326.0
2026-07-03 14:30:00+09:00,177500.0,178500.0,176800.0,178200.0,2833.0
2026-07-03 14:40:00+09:00,178200.0,178500.0,177600.0,177900.0,3063.0
2026-07-03 14:50:00+09:00,177900.0,179800.0,177200.0,179500.0,4858.0
2026-07-06 09:00:00+09:00,183000.0,186500.0,178900.0,184200.0,2932.0
2026-07-06 09:10:00+09:00,184000.0,185200.0,181500.0,183800.0,3272.0
2026-07-06 09:20:00+09:00,183700.0,188300.0,183600.0,187200.0,5084.0
2026-07-06 09:30:00+09:00,187300.0,189000.0,183100.0,184200.0,5010.0
2026-07-06 09:40:00+09:00,184300.0,190200.0,184000.0,189300.0,7472.0
2026-07-06 09:50:00+09:00,189100.0,195600.0,187800.0,194200.0,12362.0
2026-07-06 10:00:00+09:00,194300.0,196900.0,192300.0,192300.0,11573.0
2026-07-06 10:10:00+09:00,192300.0,192400.0,189000.0,190200.0,6095.0
2026-07-06 10:20:00+09:00,190300.0,191000.0,189400.0,190100.0,4310.0
2026-07-06 10:30:00+09:00,190000.0,190900.0,188800.0,190700.0,3110.0
2026-07-06 10:40:00+09:00,190450.0,190800.0,186000.0,186100.0,3445.0
2026-07-06 10:50:00+09:00,186100.0,186900.0,185500.0,186100.0,2963.0
2026-07-06 11:00:00+09:00,186400.0,186700.0,185200.0,185600.0,2306.0
2026-07-06 11:10:00+09:00,185600.0,186900.0,184400.0,186000.0,2557.0
2026-07-06 11:20:00+09:00,185900.0,186100.0,185500.0,185600.0,1611.0
2026-07-06 11:30:00+09:00,185600.0,185800.0,184000.0,185100.0,5051.0
2026-07-06 11:40:00+09:00,185100.0,185100.0,183500.0,183700.0,5211.0
2026-07-06 11:50:00+09:00,183700.0,184300.0,182300.0,184300.0,5903.0
2026-07-06 12:00:00+09:00,184300.0,185500.0,183100.0,185500.0,3695.0
2026-07-06 12:10:00+09:00,185500.0,187000.0,185500.0,186900.0,873.0
2026-07-06 12:20:00+09:00,186900.0,187500.0,186700.0,187300.0,1373.0
2026-07-06 12:30:00+09:00,187300.0,188100.0,187300.0,187400.0,894.0
2026-07-06 12:40:00+09:00,187500.0,187500.0,185800.0,185900.0,1083.0
2026-07-06 12:50:00+09:00,185900.0,187200.0,185600.0,186200.0,842.0
2026-07-06 13:00:00+09:00,186200.0,186300.0,185400.0,185700.0,772.0
2026-07-06 13:10:00+09:00,185600.0,186800.0,185600.0,186500.0,1027.0
2026-07-06 13:20:00+09:00,186600.0,187200.0,186500.0,186900.0,478.0
2026-07-06 13:30:00+09:00,186900.0,188500.0,186700.0,188500.0,1560.0
2026-07-06 13:40:00+09:00,188500.0,189000.0,187100.0,187500.0,1584.0
2026-07-06 13:50:00+09:00,187100.0,188900.0,187100.0,188000.0,1100.0
2026-07-06 14:00:00+09:00,188100.0,188200.0,186300.0,187600.0,1772.0
2026-07-06 14:10:00+09:00,187600.0,187700.0,186800.0,186900.0,843.0
2026-07-06 14:20:00+09:00,187000.0,187900.0,185700.0,185800.0,2790.0
2026-07-06 14:30:00+09:00,185800.0,186600.0,184500.0,185500.0,3039.0
2026-07-06 14:40:00+09:00,185500.0,186600.0,185400.0,185600.0,1704.0
2026-07-06 14:50:00+09:00,185700.0,188800.0,185400.0,188700.0,3523.0
2026-07-07 09:00:00+09:00,185400.0,198000.0,185400.0,194700.0,11581.0
2026-07-07 09:10:00+09:00,194800.0,196500.0,190300.0,196100.0,11788.0
2026-07-07 09:20:00+09:00,196100.0,198900.0,194000.0,195700.0,13237.0
2026-07-07 09:30:00+09:00,195800.0,196300.0,192800.0,193200.0,4155.0
2026-07-07 09:40:00+09:00,193100.0,194100.0,190100.0,190400.0,6604.0
2026-07-07 09:50:00+09:00,190300.0,193500.0,189800.0,190400.0,5833.0
2026-07-07 10:00:00+09:00,190500.0,190800.0,188700.0,188900.0,2509.0
2026-07-07 10:10:00+09:00,188900.0,189200.0,186700.0,187400.0,3117.0
2026-07-07 10:20:00+09:00,187300.0,187300.0,185200.0,185200.0,3478.0
2026-07-07 10:30:00+09:00,185300.0,187000.0,185000.0,185700.0,3992.0
2026-07-07 10:40:00+09:00,185800.0,189000.0,185500.0,188000.0,2125.0
2026-07-07 10:50:00+09:00,187700.0,189800.0,186700.0,187000.0,1841.0
2026-07-07 11:00:00+09:00,187000.0,187700.0,186000.0,186400.0,1045.0
2026-07-07 11:10:00+09:00,186400.0,186900.0,185800.0,186000.0,1137.0
2026-07-07 11:20:00+09:00,186000.0,186000.0,184000.0,184100.0,2163.0
2026-07-07 11:30:00+09:00,184000.0,184100.0,182200.0,182200.0,1591.0
2026-07-07 11:40:00+09:00,182300.0,184800.0,182000.0,182100.0,1085.0
2026-07-07 11:50:00+09:00,182000.0,184500.0,181600.0,181600.0,649.0
2026-07-07 12:00:00+09:00,181700.0,183000.0,181500.0,182300.0,946.0
2026-07-07 12:10:00+09:00,182300.0,182700.0,181900.0,182000.0,568.0
2026-07-07 12:20:00+09:00,181800.0,181800.0,179500.0,180100.0,1883.0
2026-07-07 12:30:00+09:00,180100.0,181300.0,180100.0,180800.0,686.0
2026-07-07 12:40:00+09:00,180700.0,181400.0,179500.0,179600.0,1597.0
2026-07-07 12:50:00+09:00,179500.0,179600.0,178700.0,179100.0,2051.0
2026-07-07 13:00:00+09:00,179400.0,182200.0,178500.0,180000.0,2569.0
2026-07-07 13:10:00+09:00,180300.0,180500.0,179100.0,179500.0,1086.0
2026-07-07 13:20:00+09:00,179600.0,180900.0,179500.0,180200.0,1521.0
2026-07-07 13:30:00+09:00,180200.0,180900.0,179500.0,179800.0,1550.0
2026-07-07 13:40:00+09:00,179800.0,180500.0,179500.0,180000.0,2988.0
2026-07-07 13:50:00+09:00,180100.0,180500.0,179400.0,179800.0,1521.0
2026-07-07 14:00:00+09:00,179800.0,179900.0,179000.0,179100.0,1170.0
2026-07-07 14:10:00+09:00,179000.0,179400.0,175800.0,177400.0,4286.0
2026-07-07 14:20:00+09:00,177500.0,180300.0,177300.0,178900.0,4188.0
2026-07-07 14:30:00+09:00,179000.0,180900.0,177600.0,179600.0,3671.0
2026-07-07 14:40:00+09:00,179800.0,180700.0,178200.0,178300.0,3300.0
2026-07-07 14:50:00+09:00,178400.0,180800.0,178200.0,180500.0,2477.0
2026-07-08 09:00:00+09:00,179000.0,180000.0,175900.0,176000.0,5829.0
2026-07-08 09:10:00+09:00,176100.0,177200.0,172100.0,173000.0,5416.0
2026-07-08 09:20:00+09:00,173000.0,176500.0,171800.0,174000.0,3988.0
2026-07-08 09:30:00+09:00,173900.0,174300.0,171500.0,174000.0,3339.0
2026-07-08 09:40:00+09:00,174000.0,174000.0,170900.0,171300.0,5770.0
2026-07-08 09:50:00+09:00,171400.0,171900.0,169200.0,170700.0,6018.0
2026-07-08 10:00:00+09:00,170600.0,170800.0,169400.0,169600.0,4290.0
2026-07-08 10:10:00+09:00,169700.0,170700.0,168000.0,168100.0,6085.0
2026-07-08 10:20:00+09:00,168100.0,168100.0,163000.0,164800.0,19739.0
2026-07-08 10:30:00+09:00,164800.0,165800.0,164000.0,164200.0,8417.0
2026-07-08 10:40:00+09:00,164100.0,164500.0,163500.0,163700.0,6602.0
2026-07-08 10:50:00+09:00,163700.0,163700.0,162000.0,163000.0,9708.0
2026-07-08 11:00:00+09:00,163100.0,164100.0,162300.0,163700.0,5818.0
2026-07-08 11:10:00+09:00,163600.0,164500.0,163400.0,164400.0,2575.0
2026-07-08 11:20:00+09:00,164500.0,165300.0,164000.0,164900.0,4786.0
2026-07-08 11:30:00+09:00,164900.0,165000.0,163800.0,163900.0,1891.0
2026-07-08 11:40:00+09:00,163900.0,165100.0,163700.0,165000.0,1813.0
2026-07-08 11:50:00+09:00,165100.0,165100.0,164100.0,164200.0,1373.0
2026-07-08 12:00:00+09:00,164200.0,165400.0,164000.0,165300.0,1737.0
2026-07-08 12:10:00+09:00,165200.0,165400.0,164300.0,164300.0,1428.0
2026-07-08 12:20:00+09:00,164400.0,165300.0,164200.0,164800.0,1245.0
2026-07-08 12:30:00+09:00,164800.0,165000.0,163900.0,164050.0,2314.0
2026-07-08 12:40:00+09:00,164050.0,164050.0,163400.0,163600.0,1970.0
2026-07-08 12:50:00+09:00,163700.0,163800.0,163000.0,163100.0,2522.0
2026-07-08 13:00:00+09:00,163100.0,163200.0,157700.0,157900.0,15107.0
2026-07-08 13:10:00+09:00,158500.0,159600.0,155300.0,159500.0,14498.0
2026-07-08 13:20:00+09:00,159500.0,160100.0,159000.0,159400.0,4341.0
2026-07-08 13:30:00+09:00,159200.0,159700.0,158300.0,158800.0,3805.0
2026-07-08 13:40:00+09:00,158800.0,160100.0,157200.0,157700.0,5332.0
2026-07-08 13:50:00+09:00,157600.0,160900.0,157200.0,160900.0,5117.0
2026-07-08 14:00:00+09:00,160300.0,160600.0,158300.0,159600.0,2741.0
2026-07-08 14:10:00+09:00,159600.0,159800.0,158400.0,158900.0,2662.0
2026-07-08 14:20:00+09:00,159000.0,159100.0,157300.0,158300.0,3392.0
2026-07-08 14:30:00+09:00,157500.0,158800.0,157500.0,158100.0,3370.0
2026-07-08 14:40:00+09:00,158100.0,158800.0,157600.0,157700.0,3265.0
2026-07-08 14:50:00+09:00,157700.0,159700.0,157600.0,159100.0,4838.0
2026-07-09 09:00:00+09:00,161100.0,164300.0,156700.0,158300.0,9639.0
2026-07-09 09:10:00+09:00,158300.0,158700.0,155500.0,157900.0,11155.0
2026-07-09 09:20:00+09:00,157900.0,161700.0,157200.0,158900.0,10761.0
2026-07-09 09:30:00+09:00,158900.0,161000.0,157500.0,160500.0,8331.0
2026-07-09 09:40:00+09:00,160500.0,163700.0,159500.0,162700.0,11242.0
2026-07-09 09:50:00+09:00,162700.0,163100.0,159300.0,161400.0,5691.0
2026-07-09 10:00:00+09:00,161200.0,163300.0,160300.0,162600.0,6076.0
2026-07-09 10:10:00+09:00,162700.0,164700.0,160700.0,163800.0,5019.0
2026-07-09 10:20:00+09:00,163800.0,164000.0,162400.0,162500.0,4410.0
2026-07-09 10:30:00+09:00,162500.0,163200.0,161100.0,162800.0,4507.0
2026-07-09 10:40:00+09:00,162700.0,162800.0,160800.0,162500.0,3255.0
2026-07-09 10:50:00+09:00,162500.0,163200.0,159500.0,159700.0,6522.0
2026-07-09 11:00:00+09:00,159700.0,160300.0,157500.0,158600.0,6813.0
2026-07-09 11:10:00+09:00,158600.0,158600.0,154800.0,156600.0,7913.0
2026-07-09 11:20:00+09:00,156700.0,157800.0,156200.0,157300.0,4705.0
2026-07-09 11:30:00+09:00,156900.0,157000.0,155100.0,156700.0,5209.0
2026-07-09 11:40:00+09:00,156400.0,156700.0,153700.0,153800.0,5480.0
2026-07-09 11:50:00+09:00,154100.0,154200.0,150100.0,153200.0,8480.0
2026-07-09 12:00:00+09:00,153200.0,153800.0,151800.0,153200.0,5249.0
2026-07-09 12:10:00+09:00,153200.0,153700.0,150900.0,152100.0,6161.0
2026-07-09 12:20:00+09:00,152000.0,154900.0,151500.0,154700.0,4551.0
2026-07-09 12:30:00+09:00,154700.0,156100.0,153600.0,156000.0,4791.0
2026-07-09 12:40:00+09:00,155900.0,156700.0,153900.0,156400.0,4606.0
2026-07-09 12:50:00+09:00,156300.0,156600.0,155100.0,156000.0,2970.0
2026-07-09 13:00:00+09:00,156000.0,156400.0,154000.0,155100.0,3048.0
2026-07-09 13:10:00+09:00,154900.0,156000.0,153800.0,155000.0,3666.0
2026-07-09 13:20:00+09:00,154900.0,155700.0,154100.0,154800.0,4890.0
2026-07-09 13:30:00+09:00,154700.0,155700.0,154200.0,155000.0,3831.0
2026-07-09 13:40:00+09:00,155000.0,155800.0,154100.0,155000.0,4967.0
2026-07-09 13:50:00+09:00,154900.0,155600.0,154200.0,155500.0,4067.0
2026-07-09 14:00:00+09:00,154900.0,155700.0,154500.0,155600.0,2700.0
2026-07-09 14:10:00+09:00,155100.0,157500.0,154700.0,155300.0,3630.0
2026-07-09 14:20:00+09:00,155800.0,156000.0,154200.0,155400.0,3760.0
2026-07-09 14:30:00+09:00,155400.0,156500.0,154000.0,156500.0,3728.0
2026-07-09 14:40:00+09:00,156500.0,157800.0,154500.0,157800.0,4394.0
2026-07-09 14:50:00+09:00,157500.0,159900.0,157400.0,159000.0,6447.0
2026-07-10 09:00:00+09:00,111600.0,117200.0,111600.0,116600.0,277004.0
2026-07-10 09:10:00+09:00,116600.0,118000.0,112300.0,115700.0,105733.0
2026-07-10 09:20:00+09:00,115900.0,120700.0,114000.0,118200.0,121761.0
2026-07-10 09:30:00+09:00,118500.0,119400.0,112900.0,114800.0,82536.0
2026-07-10 09:40:00+09:00,114800.0,115100.0,113200.0,114000.0,54787.0
2026-07-10 09:50:00+09:00,114100.0,114400.0,111900.0,112400.0,63535.0
2026-07-10 10:00:00+09:00,112300.0,113900.0,111600.0,112000.0,66505.0
2026-07-10 10:10:00+09:00,112100.0,112300.0,111600.0,111600.0,40062.0
2026-07-10 10:20:00+09:00,111600.0,111600.0,111600.0,111600.0,2456.0
2026-07-10 10:30:00+09:00,111600.0,111600.0,111600.0,111600.0,1688.0
2026-07-10 10:40:00+09:00,111600.0,111600.0,111600.0,111600.0,1690.0
2026-07-10 10:50:00+09:00,111600.0,111600.0,111600.0,111600.0,3235.0
2026-07-10 11:00:00+09:00,111600.0,111600.0,111600.0,111600.0,1598.0
2026-07-10 11:10:00+09:00,111600.0,111600.0,111600.0,111600.0,797.0
2026-07-10 11:20:00+09:00,111600.0,111600.0,111600.0,111600.0,938.0
2026-07-10 11:30:00+09:00,111600.0,111600.0,111600.0,111600.0,2349.0
2026-07-10 11:40:00+09:00,111600.0,111600.0,111600.0,111600.0,1613.0
2026-07-10 11:50:00+09:00,111600.0,111600.0,111600.0,111600.0,1176.0
2026-07-10 12:00:00+09:00,111600.0,111600.0,111600.0,111600.0,1112.0
2026-07-10 12:10:00+09:00,111600.0,111600.0,111600.0,111600.0,1186.0
2026-07-10 12:20:00+09:00,111600.0,119100.0,111600.0,116900.0,331410.0
2026-07-10 12:30:00+09:00,116800.0,122700.0,116600.0,120200.0,265496.0
2026-07-10 12:40:00+09:00,120200.0,121000.0,111700.0,111900.0,168974.0
2026-07-10 12:50:00+09:00,111900.0,113900.0,111600.0,113400.0,137301.0
2026-07-10 13:00:00+09:00,113400.0,114200.0,112600.0,113800.0,46780.0
2026-07-10 13:10:00+09:00,113600.0,113700.0,111700.0,112700.0,61581.0
2026-07-10 13:20:00+09:00,112600.0,112700.0,111600.0,111600.0,99454.0
2026-07-10 13:30:00+09:00,111600.0,112200.0,111600.0,111700.0,55685.0
2026-07-10 13:40:00+09:00,111600.0,111800.0,111600.0,111600.0,11840.0
2026-07-10 13:50:00+09:00,111600.0,111600.0,111600.0,111600.0,2121.0
2026-07-10 14:00:00+09:00,111600.0,111600.0,111600.0,111600.0,2026.0
2026-07-10 14:10:00+09:00,111600.0,111600.0,111600.0,111600.0,2293.0
2026-07-10 14:20:00+09:00,111600.0,111600.0,111600.0,111600.0,1538.0
2026-07-10 14:30:00+09:00,111600.0,111600.0,111600.0,111600.0,2070.0
2026-07-10 14:40:00+09:00,111600.0,111600.0,111600.0,111600.0,1589.0
2026-07-10 14:50:00+09:00,111600.0,111600.0,111600.0,111600.0,1863.0
2026-07-13 09:00:00+09:00,109000.0,122200.0,109000.0,120700.0,98067.0
2026-07-13 09:10:00+09:00,120800.0,121300.0,114400.0,118600.0,126656.0
2026-07-13 09:20:00+09:00,118600.0,120900.0,117100.0,117100.0,63271.0
2026-07-13 09:30:00+09:00,117200.0,118500.0,115100.0,115200.0,36980.0
2026-07-13 09:40:00+09:00,115100.0,118400.0,114500.0,117400.0,37044.0
2026-07-13 09:50:00+09:00,117400.0,118500.0,116000.0,116500.0,25299.0
2026-07-13 10:00:00+09:00,116400.0,118000.0,114800.0,115200.0,31446.0
2026-07-13 10:10:00+09:00,115200.0,115900.0,113500.0,113500.0,24094.0
2026-07-13 10:20:00+09:00,113500.0,114000.0,112600.0,113600.0,19698.0
2026-07-13 10:30:00+09:00,113400.0,113400.0,111800.0,112600.0,21020.0
2026-07-13 10:40:00+09:00,112600.0,113400.0,111000.0,111500.0,18775.0
2026-07-13 10:50:00+09:00,111500.0,112500.0,111200.0,112300.0,10928.0
2026-07-13 11:00:00+09:00,112400.0,112500.0,110900.0,112000.0,11786.0
2026-07-13 11:10:00+09:00,112000.0,112300.0,111600.0,112100.0,7794.0
2026-07-13 11:20:00+09:00,112100.0,112800.0,111800.0,112200.0,6463.0
2026-07-13 11:30:00+09:00,112100.0,112100.0,111400.0,111700.0,5793.0
2026-07-13 11:40:00+09:00,111700.0,111900.0,110000.0,110500.0,12610.0
2026-07-13 11:50:00+09:00,110500.0,111100.0,110200.0,110200.0,4343.0
2026-07-13 12:00:00+09:00,110100.0,110400.0,108500.0,109100.0,12356.0
2026-07-13 12:10:00+09:00,108800.0,109000.0,108100.0,108700.0,11352.0
2026-07-13 12:20:00+09:00,108700.0,109400.0,107800.0,108700.0,8837.0
2026-07-13 12:30:00+09:00,108600.0,108700.0,106600.0,108200.0,15282.0
2026-07-13 12:40:00+09:00,108100.0,108600.0,107300.0,108000.0,6350.0
2026-07-13 12:50:00+09:00,108100.0,108200.0,107000.0,107300.0,6559.0
2026-07-13 13:00:00+09:00,107300.0,107400.0,106500.0,106900.0,8609.0
2026-07-13 13:10:00+09:00,106800.0,107000.0,105300.0,105900.0,16162.0
2026-07-13 13:20:00+09:00,105900.0,106750.0,105500.0,105600.0,9401.0
2026-07-13 13:30:00+09:00,105700.0,106700.0,104600.0,104600.0,10289.0
2026-07-13 13:40:00+09:00,104000.0,106600.0,104000.0,105500.0,14719.0
2026-07-13 13:50:00+09:00,105500.0,106200.0,104600.0,105400.0,10082.0
2026-07-13 14:00:00+09:00,105500.0,107300.0,104700.0,107100.0,10428.0
2026-07-13 14:10:00+09:00,107200.0,107200.0,105400.0,105900.0,11185.0
2026-07-13 14:20:00+09:00,105800.0,106000.0,104600.0,105200.0,9769.0
2026-07-13 14:30:00+09:00,105100.0,106800.0,104700.0,106500.0,9966.0
2026-07-13 14:40:00+09:00,106400.0,106800.0,105500.0,105800.0,9177.0
2026-07-13 14:50:00+09:00,105600.0,108000.0,105600.0,107900.0,12984.0
2026-07-14 09:00:00+09:00,108000.0,109000.0,98100.0,98700.0,71575.0
2026-07-14 09:10:00+09:00,98700.0,103600.0,98000.0,102700.0,40079.0
2026-07-14 09:20:00+09:00,102700.0,103500.0,100000.0,102000.0,18620.0
2026-07-14 09:30:00+09:00,101900.0,106500.0,100900.0,105400.0,21882.0
2026-07-14 09:40:00+09:00,105700.0,105700.0,103100.0,104200.0,14612.0
2026-07-14 09:50:00+09:00,104200.0,107800.0,104200.0,107300.0,14862.0
2026-07-14 10:00:00+09:00,107300.0,109700.0,106500.0,109600.0,16570.0
2026-07-14 10:10:00+09:00,109200.0,109600.0,106600.0,108900.0,15598.0
2026-07-14 10:20:00+09:00,108800.0,109100.0,107400.0,108200.0,8239.0
2026-07-14 10:30:00+09:00,108100.0,108300.0,106400.0,107800.0,7695.0
2026-07-14 10:40:00+09:00,107800.0,107800.0,106000.0,106700.0,5982.0
2026-07-14 10:50:00+09:00,106700.0,107400.0,105000.0,105400.0,6769.0
2026-07-14 11:00:00+09:00,105400.0,106000.0,105100.0,105500.0,5752.0
2026-07-14 11:10:00+09:00,105700.0,105700.0,104100.0,104600.0,5481.0
2026-07-14 11:20:00+09:00,104600.0,104800.0,103500.0,104300.0,8052.0
2026-07-14 11:30:00+09:00,104200.0,104300.0,102600.0,103900.0,9678.0
2026-07-14 11:40:00+09:00,103900.0,104300.0,103400.0,103900.0,5825.0
2026-07-14 11:50:00+09:00,103900.0,103900.0,102200.0,102800.0,4972.0
2026-07-14 12:00:00+09:00,102600.0,102700.0,100800.0,101400.0,13175.0
2026-07-14 12:10:00+09:00,101400.0,101500.0,99700.0,100900.0,27377.0
2026-07-14 12:20:00+09:00,100900.0,101700.0,100600.0,101500.0,6232.0
2026-07-14 12:30:00+09:00,101600.0,102600.0,101500.0,102000.0,4958.0
2026-07-14 12:40:00+09:00,102000.0,104300.0,101800.0,103800.0,7654.0
2026-07-14 12:50:00+09:00,103800.0,104900.0,103800.0,104200.0,5793.0
2026-07-14 13:00:00+09:00,104300.0,104800.0,103600.0,103800.0,5524.0
2026-07-14 13:10:00+09:00,103900.0,103900.0,102600.0,102800.0,6046.0
2026-07-14 13:20:00+09:00,102800.0,103900.0,102600.0,103300.0,3092.0
2026-07-14 13:30:00+09:00,103200.0,105500.0,102900.0,105500.0,9699.0
2026-07-14 13:40:00+09:00,105300.0,106700.0,104700.0,106600.0,5566.0
2026-07-14 13:50:00+09:00,106500.0,106900.0,105900.0,106800.0,4751.0
2026-07-14 14:00:00+09:00,106800.0,107200.0,105300.0,107100.0,5381.0
2026-07-14 14:10:00+09:00,106900.0,107500.0,106700.0,106900.0,7558.0
2026-07-14 14:20:00+09:00,106900.0,108700.0,106900.0,108400.0,8751.0
2026-07-14 14:30:00+09:00,108300.0,108900.0,106700.0,107000.0,9193.0
2026-07-14 14:40:00+09:00,107100.0,108700.0,106300.0,108600.0,8768.0
2026-07-14 14:50:00+09:00,108600.0,109400.0,107400.0,108900.0,11561.0
2026-07-15 09:00:00+09:00,115100.0,125100.0,114300.0,125100.0,68498.0
2026-07-15 09:10:00+09:00,125000.0,131500.0,124900.0,127100.0,72720.0
2026-07-15 09:20:00+09:00,127200.0,131400.0,124200.0,127600.0,54542.0
2026-07-15 09:30:00+09:00,127700.0,132900.0,127500.0,130200.0,45172.0
2026-07-15 09:40:00+09:00,130400.0,130800.0,129100.0,130400.0,23606.0
2026-07-15 09:50:00+09:00,130400.0,130800.0,129600.0,130400.0,15770.0
2026-07-15 10:00:00+09:00,130400.0,130700.0,126100.0,126600.0,25144.0
2026-07-15 10:10:00+09:00,126500.0,128900.0,126200.0,128600.0,15177.0
2026-07-15 10:20:00+09:00,128600.0,128600.0,126300.0,127700.0,8355.0
2026-07-15 10:30:00+09:00,127600.0,129700.0,127400.0,129100.0,10737.0
2026-07-15 10:40:00+09:00,129100.0,129500.0,126200.0,127000.0,8333.0
2026-07-15 10:50:00+09:00,127000.0,129900.0,126800.0,129700.0,10736.0
2026-07-15 11:00:00+09:00,129600.0,129700.0,127300.0,127600.0,7216.0
2026-07-15 11:10:00+09:00,127600.0,129500.0,127400.0,129000.0,6932.0
2026-07-15 11:20:00+09:00,129000.0,129500.0,128600.0,129500.0,6998.0
2026-07-15 11:30:00+09:00,129500.0,129500.0,128700.0,128900.0,3502.0
2026-07-15 11:40:00+09:00,128900.0,129600.0,128600.0,129600.0,4064.0
2026-07-15 11:50:00+09:00,129500.0,129500.0,128900.0,129300.0,3769.0
2026-07-15 12:00:00+09:00,129300.0,130800.0,129000.0,130200.0,10349.0
2026-07-15 12:10:00+09:00,130200.0,130300.0,129200.0,130300.0,4565.0
2026-07-15 12:20:00+09:00,130300.0,130500.0,130000.0,130300.0,5220.0
2026-07-15 12:30:00+09:00,130300.0,130900.0,130200.0,130800.0,3161.0
2026-07-15 12:40:00+09:00,130800.0,130800.0,129300.0,130100.0,12422.0
2026-07-15 12:50:00+09:00,130300.0,130900.0,130100.0,130400.0,4830.0
2026-07-15 13:00:00+09:00,130500.0,130500.0,129500.0,130100.0,6522.0
2026-07-15 13:10:00+09:00,130200.0,131500.0,130200.0,131500.0,9051.0
2026-07-15 13:20:00+09:00,131300.0,137500.0,131300.0,135900.0,53622.0
2026-07-15 13:30:00+09:00,135900.0,136900.0,134500.0,134700.0,17318.0
2026-07-15 13:40:00+09:00,134700.0,134900.0,132900.0,133100.0,14484.0
2026-07-15 13:50:00+09:00,133100.0,133200.0,132100.0,132700.0,8364.0
2026-07-15 14:00:00+09:00,132700.0,133000.0,130500.0,131400.0,14441.0
2026-07-15 14:10:00+09:00,131400.0,131600.0,129500.0,130600.0,12102.0
2026-07-15 14:20:00+09:00,130600.0,130600.0,129600.0,130000.0,8243.0
2026-07-15 14:30:00+09:00,130100.0,130900.0,129900.0,130700.0,9588.0
2026-07-15 14:40:00+09:00,130800.0,131100.0,129700.0,131100.0,6902.0
2026-07-15 14:50:00+09:00,131100.0,131700.0,130600.0,131000.0,5699.0
2026-07-16 09:00:00+09:00,127400.0,128100.0,122200.0,122300.0,25868.0
2026-07-16 09:10:00+09:00,122400.0,125800.0,122200.0,122700.0,12978.0
2026-07-16 09:20:00+09:00,122600.0,124500.0,122500.0,122700.0,6293.0
2026-07-16 09:30:00+09:00,122800.0,123000.0,120500.0,120600.0,13154.0
2026-07-16 09:40:00+09:00,120600.0,121000.0,119300.0,119900.0,12099.0
2026-07-16 09:50:00+09:00,119900.0,121100.0,119400.0,119800.0,5367.0
2026-07-16 10:00:00+09:00,119800.0,120600.0,118800.0,119200.0,6625.0
2026-07-16 10:10:00+09:00,119250.0,120100.0,116800.0,118200.0,9455.0
2026-07-16 10:20:00+09:00,118200.0,120300.0,118000.0,119900.0,8061.0
2026-07-16 10:30:00+09:00,119800.0,120400.0,119600.0,119800.0,5052.0
2026-07-16 10:40:00+09:00,119800.0,119900.0,119000.0,119200.0,3016.0
2026-07-16 10:50:00+09:00,119200.0,119300.0,117700.0,117900.0,7673.0
2026-07-16 11:00:00+09:00,117800.0,118200.0,117200.0,117200.0,5213.0
2026-07-16 11:10:00+09:00,117200.0,117400.0,117000.0,117400.0,6583.0
2026-07-16 11:20:00+09:00,117500.0,118400.0,117200.0,118100.0,3370.0
2026-07-16 11:30:00+09:00,118100.0,118600.0,117900.0,118300.0,2613.0
2026-07-16 11:40:00+09:00,118300.0,119100.0,117900.0,119100.0,2711.0
2026-07-16 11:50:00+09:00,119000.0,119900.0,118800.0,119500.0,3651.0
2026-07-16 12:00:00+09:00,119500.0,120400.0,119100.0,120400.0,3425.0
2026-07-16 12:10:00+09:00,120400.0,120500.0,119100.0,119400.0,3261.0
2026-07-16 12:20:00+09:00,119300.0,119900.0,119200.0,119200.0,1517.0
2026-07-16 12:30:00+09:00,119200.0,120700.0,119100.0,119800.0,3093.0
2026-07-16 12:40:00+09:00,119700.0,119900.0,118800.0,118800.0,4083.0
2026-07-16 12:50:00+09:00,118800.0,119800.0,118500.0,119800.0,4043.0
2026-07-16 13:00:00+09:00,119700.0,120000.0,119500.0,119600.0,1771.0
2026-07-16 13:10:00+09:00,119600.0,120000.0,119400.0,119700.0,2141.0
2026-07-16 13:20:00+09:00,119600.0,119600.0,118600.0,118900.0,3509.0
2026-07-16 13:30:00+09:00,118800.0,119200.0,118700.0,119100.0,1920.0
2026-07-16 13:40:00+09:00,119000.0,119100.0,118400.0,118400.0,2256.0
2026-07-16 13:50:00+09:00,118400.0,119900.0,118000.0,119800.0,5753.0
2026-07-16 14:00:00+09:00,119700.0,120300.0,119500.0,119600.0,3418.0
2026-07-16 14:10:00+09:00,119500.0,120800.0,119400.0,120700.0,4174.0
2026-07-16 14:20:00+09:00,120700.0,121300.0,120500.0,120600.0,4554.0
2026-07-16 14:30:00+09:00,120500.0,130000.0,119300.0,119300.0,6258.0
2026-07-16 14:40:00+09:00,119300.0,119500.0,118300.0,118600.0,5519.0
2026-07-16 14:50:00+09:00,118500.0,118600.0,118100.0,118200.0,6132.0
2026-07-20 09:00:00+09:00,113400.0,114900.0,110000.0,113300.0,5872.0
2026-07-20 09:10:00+09:00,113300.0,114000.0,112000.0,112600.0,8252.0
2026-07-20 09:20:00+09:00,112600.0,113600.0,111700.0,111700.0,8050.0
2026-07-20 09:30:00+09:00,111800.0,112500.0,110700.0,112000.0,5791.0
2026-07-20 09:40:00+09:00,112000.0,112500.0,111400.0,112100.0,3407.0
2026-07-20 09:50:00+09:00,112100.0,112300.0,111000.0,111100.0,3857.0
2026-07-20 10:00:00+09:00,111100.0,111700.0,110800.0,111200.0,4331.0
2026-07-20 10:10:00+09:00,111200.0,111500.0,111000.0,111400.0,3100.0
2026-07-20 10:20:00+09:00,111400.0,111500.0,110800.0,111000.0,3100.0
2026-07-20 10:30:00+09:00,111000.0,111200.0,110400.0,110800.0,4643.0
2026-07-20 10:40:00+09:00,110900.0,111000.0,109800.0,110300.0,7387.0
2026-07-20 10:50:00+09:00,110100.0,110400.0,109300.0,110000.0,3774.0
2026-07-20 11:00:00+09:00,109600.0,111000.0,109600.0,110800.0,3717.0
2026-07-20 11:10:00+09:00,110700.0,110800.0,109100.0,109300.0,3299.0
2026-07-20 11:20:00+09:00,109200.0,109300.0,108800.0,108900.0,3244.0
2026-07-20 11:30:00+09:00,108900.0,109900.0,108700.0,109700.0,1961.0
2026-07-20 11:40:00+09:00,109600.0,110500.0,109600.0,109900.0,4228.0
2026-07-20 11:50:00+09:00,109800.0,109900.0,109600.0,109700.0,1638.0
2026-07-20 12:00:00+09:00,109800.0,109900.0,109000.0,109100.0,1422.0
2026-07-20 12:10:00+09:00,109100.0,109400.0,109000.0,109000.0,1546.0
2026-07-20 12:20:00+09:00,109000.0,109000.0,108700.0,109000.0,1862.0
2026-07-20 12:30:00+09:00,109000.0,109000.0,108800.0,109000.0,1781.0
2026-07-20 12:40:00+09:00,108900.0,109200.0,108700.0,108800.0,1946.0
2026-07-20 12:50:00+09:00,109000.0,110100.0,108800.0,109400.0,3650.0
2026-07-20 13:00:00+09:00,109300.0,109700.0,108900.0,109000.0,1788.0
2026-07-20 13:10:00+09:00,108900.0,109100.0,108200.0,108400.0,3518.0
2026-07-20 13:20:00+09:00,108400.0,109600.0,108300.0,109400.0,2078.0
2026-07-20 13:30:00+09:00,109400.0,110100.0,109000.0,110100.0,4149.0
2026-07-20 13:40:00+09:00,110100.0,110500.0,109900.0,110400.0,3748.0
2026-07-20 13:50:00+09:00,110400.0,110800.0,109900.0,110000.0,2218.0
2026-07-20 14:00:00+09:00,110000.0,110400.0,109600.0,109900.0,1583.0
2026-07-20 14:10:00+09:00,109900.0,110100.0,109600.0,109800.0,1199.0
2026-07-20 14:20:00+09:00,109800.0,109900.0,109400.0,109700.0,2527.0
2026-07-20 14:30:00+09:00,109700.0,109700.0,108500.0,109200.0,3754.0
2026-07-20 14:40:00+09:00,109200.0,109300.0,108700.0,109100.0,3791.0
2026-07-20 14:50:00+09:00,109100.0,109400.0,108700.0,108900.0,3278.0
2026-07-21 09:00:00+09:00,108000.0,108700.0,101800.0,102200.0,17065.0
2026-07-21 09:10:00+09:00,102200.0,103300.0,100800.0,102500.0,13275.0
2026-07-21 09:20:00+09:00,102500.0,102600.0,100800.0,101700.0,8900.0
2026-07-21 09:30:00+09:00,101800.0,102800.0,101600.0,102800.0,6023.0
2026-07-21 09:40:00+09:00,102700.0,104500.0,102600.0,104500.0,6328.0
2026-07-21 09:50:00+09:00,104500.0,104500.0,102100.0,102200.0,5032.0
2026-07-21 10:00:00+09:00,102300.0,105000.0,101700.0,104700.0,5837.0
2026-07-21 10:10:00+09:00,104700.0,104800.0,103800.0,104500.0,5330.0
2026-07-21 10:20:00+09:00,104450.0,104800.0,104100.0,104600.0,5364.0
2026-07-21 10:30:00+09:00,104600.0,106300.0,104200.0,104200.0,7273.0
2026-07-21 10:40:00+09:00,104200.0,104200.0,103300.0,103900.0,3571.0
2026-07-21 10:50:00+09:00,103800.0,104100.0,103100.0,103200.0,4213.0
2026-07-21 11:00:00+09:00,103200.0,104600.0,103100.0,103700.0,3603.0
2026-07-21 11:10:00+09:00,103800.0,104400.0,103400.0,103400.0,4842.0
2026-07-21 11:20:00+09:00,103400.0,103700.0,102900.0,103300.0,3731.0
2026-07-21 11:30:00+09:00,103300.0,104200.0,103200.0,104000.0,1683.0
2026-07-21 11:40:00+09:00,104000.0,104100.0,103700.0,104100.0,2196.0
2026-07-21 11:50:00+09:00,104000.0,104300.0,103600.0,104300.0,1682.0
2026-07-21 12:00:00+09:00,104300.0,106100.0,104300.0,106000.0,5401.0
2026-07-21 12:10:00+09:00,106000.0,106700.0,105100.0,106600.0,4021.0
2026-07-21 12:20:00+09:00,106500.0,106800.0,106000.0,106100.0,3153.0
2026-07-21 12:30:00+09:00,106000.0,106800.0,106000.0,106500.0,3745.0
2026-07-21 12:40:00+09:00,106500.0,107300.0,106400.0,106700.0,4203.0
2026-07-21 12:50:00+09:00,106700.0,107500.0,106600.0,107500.0,3538.0
2026-07-21 13:00:00+09:00,107300.0,108000.0,106800.0,107800.0,4825.0
2026-07-21 13:10:00+09:00,107800.0,108600.0,107200.0,107900.0,3866.0
2026-07-21 13:20:00+09:00,107900.0,108400.0,107700.0,107900.0,3268.0
2026-07-21 13:30:00+09:00,108000.0,108000.0,107400.0,107500.0,3497.0
2026-07-21 13:40:00+09:00,107500.0,107700.0,106800.0,107500.0,3821.0
2026-07-21 13:50:00+09:00,107500.0,107600.0,106100.0,106500.0,3770.0
2026-07-21 14:00:00+09:00,106500.0,106900.0,106300.0,106400.0,3180.0
2026-07-21 14:10:00+09:00,106500.0,106500.0,105800.0,106100.0,4277.0
2026-07-21 14:20:00+09:00,106100.0,107200.0,106000.0,106900.0,2628.0
2026-07-21 14:30:00+09:00,107000.0,107100.0,106300.0,106700.0,2876.0
2026-07-21 14:40:00+09:00,106700.0,107200.0,104800.0,107100.0,5200.0
2026-07-21 14:50:00+09:00,107000.0,107000.0,106500.0,106800.0,3818.0
2026-07-22 09:00:00+09:00,108100.0,111100.0,106800.0,107600.0,11010.0
2026-07-22 09:10:00+09:00,107700.0,109300.0,106700.0,108700.0,11136.0
2026-07-22 09:20:00+09:00,108500.0,108900.0,106600.0,107400.0,4368.0
2026-07-22 09:30:00+09:00,107500.0,107800.0,105600.0,106300.0,6159.0
2026-07-22 09:40:00+09:00,106300.0,107200.0,104800.0,105300.0,6533.0
2026-07-22 09:50:00+09:00,105300.0,106600.0,105100.0,106300.0,4392.0
2026-07-22 10:00:00+09:00,106300.0,107500.0,106300.0,106800.0,4596.0
2026-07-22 10:10:00+09:00,106800.0,107500.0,106500.0,106600.0,3039.0
2026-07-22 10:20:00+09:00,106500.0,106700.0,105100.0,105800.0,4619.0
2026-07-22 10:30:00+09:00,105800.0,106500.0,105200.0,106100.0,4359.0
2026-07-22 10:40:00+09:00,106100.0,106900.0,105500.0,106900.0,2400.0
2026-07-22 10:50:00+09:00,106800.0,107000.0,106000.0,106300.0,3258.0
2026-07-22 11:00:00+09:00,106200.0,106300.0,105800.0,105900.0,1916.0
2026-07-22 11:10:00+09:00,105900.0,106400.0,105700.0,106400.0,2776.0
2026-07-22 11:20:00+09:00,106400.0,106400.0,105500.0,105800.0,2532.0
2026-07-22 11:30:00+09:00,105800.0,105800.0,105200.0,105300.0,2936.0
2026-07-22 11:40:00+09:00,105400.0,105400.0,105000.0,105100.0,2913.0
2026-07-22 11:50:00+09:00,105100.0,105300.0,104100.0,104500.0,4788.0
2026-07-22 12:00:00+09:00,104700.0,104900.0,104500.0,104700.0,1623.0
2026-07-22 12:10:00+09:00,104600.0,104700.0,104050.0,104500.0,3333.0
2026-07-22 12:20:00+09:00,104500.0,105200.0,104000.0,105200.0,3112.0
2026-07-22 12:30:00+09:00,105100.0,105200.0,104600.0,105000.0,1876.0
2026-07-22 12:40:00+09:00,105000.0,105800.0,104900.0,105600.0,2311.0
2026-07-22 12:50:00+09:00,105700.0,105800.0,105400.0,105700.0,1625.0
2026-07-22 13:00:00+09:00,105700.0,106500.0,105400.0,106500.0,2520.0
2026-07-22 13:10:00+09:00,106500.0,106700.0,106100.0,106200.0,2932.0
2026-07-22 13:20:00+09:00,106200.0,107400.0,106100.0,107300.0,4730.0
2026-07-22 13:30:00+09:00,107400.0,107500.0,106400.0,106600.0,2463.0
2026-07-22 13:40:00+09:00,106600.0,106600.0,105800.0,105800.0,2675.0
2026-07-22 13:50:00+09:00,105800.0,105900.0,105200.0,105900.0,3172.0
2026-07-22 14:00:00+09:00,105600.0,105700.0,104700.0,104700.0,2548.0
2026-07-22 14:10:00+09:00,104800.0,105300.0,104500.0,105100.0,2957.0
2026-07-22 14:20:00+09:00,105100.0,105400.0,104700.0,105400.0,2756.0
2026-07-22 14:30:00+09:00,105400.0,105700.0,105000.0,105100.0,2409.0
2026-07-22 14:40:00+09:00,105000.0,105100.0,104500.0,104800.0,3527.0
2026-07-22 14:50:00+09:00,104900.0,105200.0,104800.0,104900.0,2648.0
2026-07-23 09:00:00+09:00,103500.0,105000.0,102500.0,104400.0,7040.0
2026-07-23 09:10:00+09:00,104400.0,104700.0,103100.0,103700.0,4438.0
2026-07-23 09:20:00+09:00,103700.0,107000.0,103400.0,106900.0,7954.0
2026-07-23 09:30:00+09:00,106900.0,108100.0,106200.0,107200.0,11179.0
2026-07-23 09:40:00+09:00,107100.0,107700.0,106300.0,106600.0,6091.0
2026-07-23 09:50:00+09:00,106600.0,106700.0,105500.0,106000.0,3349.0
2026-07-23 10:00:00+09:00,106000.0,107000.0,105700.0,107000.0,3586.0
2026-07-23 10:10:00+09:00,106900.0,107300.0,106100.0,106100.0,4616.0
2026-07-23 10:20:00+09:00,106100.0,106100.0,105100.0,105700.0,3227.0
2026-07-23 10:30:00+09:00,105600.0,105800.0,104600.0,105100.0,3972.0
2026-07-23 10:40:00+09:00,105100.0,105500.0,104000.0,104400.0,6415.0
2026-07-23 10:50:00+09:00,104500.0,105600.0,104100.0,105000.0,2761.0
2026-07-23 11:00:00+09:00,104900.0,106400.0,104900.0,105600.0,4336.0
2026-07-23 11:10:00+09:00,105500.0,105900.0,104700.0,105500.0,2411.0
2026-07-23 11:20:00+09:00,105500.0,105500.0,104100.0,104500.0,3872.0
2026-07-23 11:30:00+09:00,104500.0,104800.0,104100.0,104100.0,1637.0
2026-07-23 11:40:00+09:00,104100.0,105100.0,103800.0,104700.0,2888.0
2026-07-23 11:50:00+09:00,104700.0,105200.0,104300.0,104900.0,2145.0
2026-07-23 12:00:00+09:00,104900.0,106400.0,104800.0,106100.0,3664.0
2026-07-23 12:10:00+09:00,106000.0,106100.0,105400.0,105800.0,1246.0
2026-07-23 12:20:00+09:00,105900.0,106200.0,105500.0,106000.0,3726.0
2026-07-23 12:30:00+09:00,106000.0,106100.0,105000.0,105800.0,1747.0
2026-07-23 12:40:00+09:00,105900.0,106100.0,105600.0,106000.0,1642.0
2026-07-23 12:50:00+09:00,106000.0,106000.0,105600.0,105800.0,1765.0
2026-07-23 13:00:00+09:00,105700.0,105900.0,105300.0,105700.0,1340.0
2026-07-23 13:10:00+09:00,105800.0,106600.0,105700.0,106200.0,2291.0
2026-07-23 13:20:00+09:00,106200.0,106900.0,106200.0,106700.0,2464.0
2026-07-23 13:30:00+09:00,106700.0,106900.0,106600.0,106600.0,2269.0
2026-07-23 13:40:00+09:00,106600.0,106700.0,105900.0,106500.0,2007.0
2026-07-23 13:50:00+09:00,106500.0,106700.0,106000.0,106600.0,1814.0
2026-07-23 14:00:00+09:00,106600.0,107200.0,106200.0,106200.0,5885.0
2026-07-23 14:10:00+09:00,106200.0,106300.0,105600.0,106000.0,3165.0
2026-07-23 14:20:00+09:00,106000.0,107100.0,106000.0,107000.0,5303.0
2026-07-23 14:30:00+09:00,107000.0,108500.0,106900.0,107700.0,9755.0
2026-07-23 14:40:00+09:00,107700.0,108000.0,107200.0,107400.0,6451.0
2026-07-23 14:50:00+09:00,107400.0,108400.0,107300.0,108000.0,5229.0
2026-07-24 09:00:00+09:00,106100.0,107300.0,104300.0,105800.0,9926.0
2026-07-24 09:10:00+09:00,105900.0,107200.0,104500.0,106700.0,6164.0
2026-07-24 09:20:00+09:00,106700.0,108700.0,105900.0,107100.0,7699.0
2026-07-24 09:30:00+09:00,107100.0,107500.0,106100.0,107300.0,7509.0
2026-07-24 09:40:00+09:00,107400.0,108200.0,106700.0,107000.0,4033.0
2026-07-24 09:50:00+09:00,107000.0,107900.0,106900.0,107100.0,3268.0
2026-07-24 10:00:00+09:00,107100.0,108300.0,107100.0,107300.0,6093.0
2026-07-24 10:10:00+09:00,107300.0,107800.0,107100.0,107400.0,4310.0
2026-07-24 10:20:00+09:00,107400.0,108000.0,107100.0,107600.0,2681.0
2026-07-24 10:30:00+09:00,107600.0,109700.0,107500.0,108400.0,5355.0
2026-07-24 10:40:00+09:00,108400.0,108800.0,108000.0,108200.0,2517.0
2026-07-24 10:50:00+09:00,108000.0,108000.0,106800.0,106900.0,2473.0
2026-07-24 11:00:00+09:00,106800.0,107200.0,106700.0,106800.0,1919.0
2026-07-24 11:10:00+09:00,106900.0,107400.0,106500.0,106500.0,3089.0
2026-07-24 11:20:00+09:00,106600.0,106600.0,105900.0,106000.0,2298.0
2026-07-24 11:30:00+09:00,106000.0,106300.0,105300.0,105400.0,1715.0
2026-07-24 11:40:00+09:00,105400.0,105400.0,104900.0,105200.0,2462.0
2026-07-24 11:50:00+09:00,105100.0,105800.0,104700.0,105100.0,3796.0
2026-07-24 12:00:00+09:00,105200.0,105500.0,105000.0,105400.0,1374.0
2026-07-24 12:10:00+09:00,105300.0,106200.0,105300.0,105800.0,1695.0
2026-07-24 12:20:00+09:00,105800.0,106200.0,105400.0,106000.0,1411.0
2026-07-24 12:30:00+09:00,106000.0,106200.0,105500.0,106000.0,2674.0
2026-07-24 12:40:00+09:00,106000.0,106000.0,105800.0,105900.0,1120.0
2026-07-24 12:50:00+09:00,105900.0,105900.0,105400.0,105450.0,1753.0
2026-07-24 13:00:00+09:00,105450.0,106400.0,104800.0,106100.0,5111.0
2026-07-24 13:10:00+09:00,106200.0,106500.0,105600.0,106200.0,2483.0
2026-07-24 13:20:00+09:00,106200.0,106800.0,106000.0,106700.0,1992.0
2026-07-24 13:30:00+09:00,106800.0,106900.0,106500.0,106500.0,1962.0
2026-07-24 13:40:00+09:00,106500.0,106500.0,105500.0,105600.0,2662.0
2026-07-24 13:50:00+09:00,105600.0,106500.0,105500.0,106200.0,2253.0
2026-07-24 14:00:00+09:00,106300.0,106500.0,105900.0,106400.0,2009.0
2026-07-24 14:10:00+09:00,106500.0,106500.0,105500.0,106000.0,3442.0
2026-07-24 14:20:00+09:00,106000.0,106500.0,105900.0,106000.0,1422.0
2026-07-24 14:30:00+09:00,106100.0,106100.0,105800.0,105800.0,1594.0
2026-07-24 14:40:00+09:00,105800.0,105900.0,105500.0,105600.0,2286.0
2026-07-24 14:50:00+09:00,105600.0,105600.0,104600.0,105200.0,5802.0
2026-07-27 09:00:00+09:00,126000.0,126000.0,119800.0,121600.0,13483.0
2026-07-27 09:10:00+09:00,121600.0,128000.0,121500.0,126800.0,21735.0
2026-07-27 09:20:00+09:00,126600.0,131600.0,126000.0,126900.0,30990.0
2026-07-27 09:30:00+09:00,126700.0,129200.0,126500.0,129200.0,12313.0
2026-07-27 09:40:00+09:00,129200.0,131900.0,128200.0,130500.0,26617.0
2026-07-27 09:50:00+09:00,130600.0,131200.0,128500.0,129400.0,13844.0
2026-07-27 10:00:00+09:00,129400.0,132200.0,128500.0,132200.0,14681.0
2026-07-27 10:10:00+09:00,132000.0,132100.0,127800.0,128000.0,13317.0
2026-07-27 10:20:00+09:00,128300.0,129200.0,127700.0,129200.0,8574.0
2026-07-27 10:30:00+09:00,129300.0,129600.0,127200.0,127800.0,10333.0
2026-07-27 10:40:00+09:00,127700.0,127900.0,126100.0,127000.0,5448.0
2026-07-27 10:50:00+09:00,126900.0,127100.0,125100.0,127000.0,8942.0
2026-07-27 11:00:00+09:00,127300.0,127700.0,125700.0,126100.0,5166.0
2026-07-27 11:10:00+09:00,126200.0,126900.0,125700.0,125800.0,2508.0
2026-07-27 11:20:00+09:00,125700.0,127100.0,125100.0,127000.0,2851.0
2026-07-27 11:30:00+09:00,127000.0,127300.0,126100.0,127300.0,2172.0
2026-07-27 11:40:00+09:00,127300.0,127300.0,126200.0,126300.0,1866.0
2026-07-27 11:50:00+09:00,126200.0,126700.0,126100.0,126500.0,1463.0
2026-07-27 12:00:00+09:00,126400.0,127000.0,126100.0,126300.0,2003.0
2026-07-27 12:10:00+09:00,126200.0,127600.0,126100.0,127600.0,2163.0
2026-07-27 12:20:00+09:00,127600.0,129500.0,126600.0,126600.0,5765.0
2026-07-27 12:30:00+09:00,126600.0,127100.0,126200.0,126800.0,2261.0
2026-07-27 12:40:00+09:00,126600.0,127400.0,126600.0,127000.0,1590.0
2026-07-27 12:50:00+09:00,127000.0,127200.0,126600.0,126900.0,1152.0
2026-07-27 13:00:00+09:00,126900.0,127200.0,126600.0,126900.0,1164.0
2026-07-27 13:10:00+09:00,126900.0,128000.0,126800.0,127700.0,1621.0
2026-07-27 13:20:00+09:00,127700.0,128200.0,127300.0,128100.0,2446.0
2026-07-27 13:30:00+09:00,128100.0,128300.0,127400.0,127800.0,3669.0
2026-07-27 13:40:00+09:00,127900.0,128950.0,127800.0,128800.0,4192.0
2026-07-27 13:50:00+09:00,128800.0,129000.0,127900.0,128100.0,3076.0
2026-07-27 14:00:00+09:00,128100.0,128800.0,128000.0,128700.0,1740.0
2026-07-27 14:10:00+09:00,128800.0,129200.0,128700.0,129050.0,4331.0
2026-07-27 14:20:00+09:00,129050.0,130500.0,129050.0,130000.0,7046.0
2026-07-27 14:30:00+09:00,130400.0,131000.0,128900.0,129900.0,6439.0
2026-07-27 14:40:00+09:00,130000.0,130000.0,129200.0,129300.0,2638.0
2026-07-27 14:50:00+09:00,129400.0,130200.0,129200.0,129900.0,7156.0
2026-07-28 09:00:00+09:00,124800.0,127900.0,122100.0,123100.0,15878.0
2026-07-28 09:10:00+09:00,123100.0,123700.0,121200.0,121700.0,10354.0
2026-07-28 09:20:00+09:00,121700.0,122500.0,121000.0,121800.0,5819.0
2026-07-28 09:30:00+09:00,121800.0,121800.0,119700.0,119900.0,7262.0
2026-07-28 09:40:00+09:00,119900.0,121200.0,119700.0,120000.0,5979.0
2026-07-28 09:50:00+09:00,120000.0,123300.0,119200.0,119400.0,4696.0
2026-07-28 10:00:00+09:00,119400.0,120600.0,119300.0,120000.0,3055.0
2026-07-28 10:10:00+09:00,120000.0,120000.0,118100.0,118200.0,6585.0
2026-07-28 10:20:00+09:00,118100.0,118700.0,118100.0,118400.0,1647.0
2026-07-28 10:30:00+09:00,118400.0,119400.0,118200.0,118300.0,3257.0
2026-07-28 10:40:00+09:00,118300.0,119000.0,117500.0,118900.0,3735.0
2026-07-28 10:50:00+09:00,118900.0,118900.0,117800.0,118300.0,2218.0
2026-07-28 11:00:00+09:00,118300.0,118300.0,116700.0,117700.0,3721.0
2026-07-28 11:10:00+09:00,117900.0,118000.0,116700.0,117600.0,1726.0
2026-07-28 11:20:00+09:00,117700.0,118600.0,117600.0,117600.0,2445.0
2026-07-28 11:30:00+09:00,117600.0,118000.0,117200.0,118000.0,2516.0
2026-07-28 11:40:00+09:00,118000.0,118000.0,117100.0,117900.0,1798.0
2026-07-28 11:50:00+09:00,117800.0,118200.0,117600.0,117700.0,1008.0
2026-07-28 12:00:00+09:00,117600.0,117600.0,117200.0,117400.0,186.0
2026-07-28 12:30:00+09:00,117400.0,119000.0,116700.0,118300.0,7019.0
2026-07-28 12:40:00+09:00,118400.0,119000.0,118000.0,118400.0,2289.0
2026-07-28 12:50:00+09:00,118300.0,121300.0,118300.0,121200.0,5222.0
2026-07-28 13:00:00+09:00,121200.0,121200.0,120000.0,120200.0,2260.0
2026-07-28 13:10:00+09:00,120200.0,120600.0,119400.0,120000.0,2212.0
2026-07-28 13:20:00+09:00,120100.0,120100.0,118800.0,119200.0,2602.0
2026-07-28 13:30:00+09:00,119200.0,120000.0,119200.0,120000.0,1768.0
2026-07-28 13:40:00+09:00,119900.0,120500.0,119800.0,120000.0,1284.0
2026-07-28 13:50:00+09:00,120100.0,120100.0,119600.0,119800.0,1488.0
2026-07-28 14:00:00+09:00,119800.0,120200.0,119800.0,120000.0,2290.0
2026-07-28 14:10:00+09:00,120000.0,120500.0,119800.0,119900.0,2593.0
2026-07-28 14:20:00+09:00,119800.0,119900.0,119500.0,119700.0,3205.0
2026-07-28 14:30:00+09:00,119600.0,120100.0,119200.0,119500.0,4208.0
2026-07-28 14:40:00+09:00,119400.0,120700.0,119000.0,120700.0,5352.0
2026-07-28 14:50:00+09:00,120700.0,123400.0,120600.0,123400.0,8495.0
2026-07-29 09:00:00+09:00,143000.0,143100.0,137000.0,139300.0,24259.0
2026-07-29 09:10:00+09:00,139400.0,141800.0,138600.0,141800.0,20872.0
2026-07-29 09:20:00+09:00,141700.0,144400.0,139100.0,139200.0,19156.0
2026-07-29 09:30:00+09:00,139200.0,140200.0,137500.0,139800.0,14701.0
2026-07-29 09:40:00+09:00,139800.0,141300.0,139000.0,140700.0,6983.0
2026-07-29 09:50:00+09:00,140700.0,142600.0,139000.0,139500.0,10188.0
2026-07-29 10:00:00+09:00,139500.0,142000.0,136600.0,136600.0,12888.0
2026-07-29 10:10:00+09:00,136500.0,136900.0,130000.0,133300.0,17108.0
2026-07-29 10:20:00+09:00,133300.0,135300.0,133200.0,135000.0,11735.0
2026-07-29 10:30:00+09:00,135000.0,135000.0,131700.0,132700.0,7290.0
2026-07-29 10:40:00+09:00,132700.0,132700.0,129500.0,130100.0,11795.0
2026-07-29 10:50:00+09:00,130200.0,130700.0,128800.0,129000.0,8402.0
2026-07-29 11:00:00+09:00,129000.0,130000.0,127700.0,129300.0,8091.0
2026-07-29 11:10:00+09:00,129000.0,130700.0,128800.0,129200.0,7502.0
2026-07-29 11:20:00+09:00,129800.0,132500.0,129500.0,132500.0,6072.0
2026-07-29 11:30:00+09:00,132700.0,133200.0,130900.0,132800.0,4720.0
2026-07-29 11:40:00+09:00,132800.0,133000.0,131100.0,131700.0,3518.0
2026-07-29 11:50:00+09:00,131700.0,131800.0,130600.0,130600.0,4222.0
2026-07-29 12:00:00+09:00,130700.0,132800.0,129500.0,132800.0,5750.0
2026-07-29 12:10:00+09:00,132800.0,132800.0,130000.0,131200.0,2529.0
2026-07-29 12:40:00+09:00,131000.0,131000.0,130200.0,130500.0,3209.0
2026-07-29 12:50:00+09:00,130500.0,130500.0,128400.0,128400.0,4165.0
2026-07-29 13:00:00+09:00,128500.0,130400.0,127000.0,129100.0,6958.0
2026-07-29 13:10:00+09:00,129100.0,129400.0,126600.0,127200.0,6247.0
2026-07-29 13:20:00+09:00,127700.0,128000.0,124600.0,124600.0,9235.0
2026-07-29 13:30:00+09:00,124700.0,128800.0,124300.0,128400.0,11700.0
2026-07-29 13:40:00+09:00,128400.0,130800.0,128300.0,130800.0,7998.0
2026-07-29 13:50:00+09:00,130700.0,135800.0,130600.0,135000.0,14216.0
2026-07-29 14:00:00+09:00,135000.0,136000.0,133600.0,135100.0,8634.0
2026-07-29 14:10:00+09:00,135100.0,136200.0,133700.0,134300.0,8402.0
2026-07-29 14:20:00+09:00,134300.0,137300.0,134300.0,136100.0,7427.0
2026-07-29 14:30:00+09:00,136100.0,136200.0,134700.0,135000.0,4174.0
2026-07-29 14:40:00+09:00,135100.0,135100.0,132800.0,133300.0,6186.0
2026-07-29 14:50:00+09:00,133400.0,133900.0,131000.0,131900.0,4684.0
2026-07-30 09:00:00+09:00,133900.0,135200.0,126500.0,135000.0,15319.0
2026-07-30 09:10:00+09:00,135200.0,136000.0,131500.0,134100.0,11274.0
2026-07-30 09:20:00+09:00,134100.0,136700.0,130800.0,135900.0,11824.0
2026-07-30 09:30:00+09:00,135900.0,136800.0,132000.0,132700.0,11739.0
2026-07-30 09:40:00+09:00,132600.0,132600.0,129300.0,132200.0,11101.0
2026-07-30 09:50:00+09:00,132300.0,132300.0,129000.0,129500.0,6700.0
2026-07-30 10:00:00+09:00,129500.0,134000.0,129000.0,132400.0,8597.0
2026-07-30 10:10:00+09:00,132400.0,132400.0,129700.0,130100.0,5170.0
2026-07-30 10:20:00+09:00,130000.0,132300.0,129900.0,131200.0,4213.0
2026-07-30 10:30:00+09:00,131300.0,133800.0,131200.0,133100.0,5120.0
2026-07-30 10:40:00+09:00,133100.0,133300.0,131800.0,132800.0,4874.0
2026-07-30 10:50:00+09:00,132900.0,133300.0,130600.0,130600.0,4768.0
2026-07-30 11:00:00+09:00,130600.0,131600.0,128200.0,128700.0,5569.0
2026-07-30 11:10:00+09:00,128600.0,128600.0,125600.0,125600.0,9941.0
2026-07-30 11:20:00+09:00,125600.0,126800.0,125000.0,125200.0,3512.0
2026-07-30 11:30:00+09:00,125200.0,125300.0,122000.0,123400.0,7530.0
2026-07-30 11:40:00+09:00,123400.0,127100.0,123100.0,124400.0,2547.0
2026-07-30 11:50:00+09:00,125000.0,125500.0,122000.0,122300.0,4225.0
2026-07-30 12:00:00+09:00,122400.0,123000.0,121500.0,122800.0,3681.0
2026-07-30 12:10:00+09:00,122800.0,124300.0,121900.0,122800.0,2964.0
2026-07-30 12:20:00+09:00,122800.0,123900.0,122700.0,123500.0,2372.0
2026-07-30 12:30:00+09:00,123600.0,125000.0,122900.0,123200.0,2158.0
2026-07-30 12:40:00+09:00,123200.0,124900.0,123000.0,124700.0,1942.0
2026-07-30 12:50:00+09:00,124700.0,124800.0,123400.0,123450.0,1738.0
2026-07-30 13:00:00+09:00,123500.0,123900.0,122200.0,122300.0,2291.0
2026-07-30 13:10:00+09:00,122300.0,123000.0,122000.0,122200.0,1895.0
2026-07-30 13:20:00+09:00,122200.0,124100.0,122200.0,124100.0,1149.0
2026-07-30 13:30:00+09:00,124200.0,124200.0,123000.0,123000.0,1439.0
2026-07-30 13:40:00+09:00,123100.0,124200.0,122900.0,123600.0,1357.0
2026-07-30 13:50:00+09:00,123600.0,124300.0,122600.0,122600.0,1641.0
2026-07-30 14:00:00+09:00,122700.0,123000.0,122600.0,122700.0,1607.0
2026-07-30 14:10:00+09:00,122700.0,124000.0,122000.0,123700.0,3392.0
2026-07-30 14:20:00+09:00,124000.0,124400.0,122500.0,122500.0,2974.0
2026-07-30 14:30:00+09:00,122400.0,122800.0,121700.0,122000.0,4216.0
2026-07-30 14:40:00+09:00,121800.0,123500.0,121700.0,122200.0,6143.0
2026-07-30 14:50:00+09:00,122200.0,122200.0,120500.0,121000.0,5043.0
2026-07-31 09:00:00+09:00,124100.0,127300.0,122300.0,127200.0,12922.0
2026-07-31 09:10:00+09:00,127300.0,127700.0,123900.0,124900.0,9596.0
2026-07-31 09:20:00+09:00,124700.0,124900.0,123500.0,124600.0,5162.0
2026-07-31 09:30:00+09:00,124600.0,125000.0,122000.0,122900.0,10576.0
2026-07-31 09:40:00+09:00,123000.0,124200.0,122300.0,123100.0,6686.0
2026-07-31 09:50:00+09:00,123100.0,123400.0,122500.0,122900.0,6552.0
2026-07-31 10:00:00+09:00,123000.0,124300.0,122700.0,123200.0,7468.0
2026-07-31 10:10:00+09:00,123200.0,125600.0,123100.0,124400.0,7244.0
2026-07-31 10:20:00+09:00,124400.0,124400.0,120200.0,120600.0,11832.0
2026-07-31 10:30:00+09:00,120700.0,121700.0,120500.0,121600.0,4879.0
2026-07-31 10:40:00+09:00,121600.0,122700.0,120900.0,122400.0,3808.0
2026-07-31 10:50:00+09:00,122300.0,123800.0,122200.0,123200.0,4731.0
2026-07-31 11:00:00+09:00,123500.0,127700.0,123200.0,126900.0,9765.0
2026-07-31 11:10:00+09:00,126900.0,127000.0,124000.0,124100.0,4238.0
2026-07-31 11:20:00+09:00,124000.0,125700.0,124000.0,125600.0,2078.0
2026-07-31 11:30:00+09:00,125600.0,128500.0,125300.0,127400.0,6513.0
2026-07-31 11:40:00+09:00,127300.0,128600.0,127300.0,127700.0,2973.0
2026-07-31 11:50:00+09:00,127700.0,128300.0,127600.0,127900.0,2424.0
2026-07-31 12:00:00+09:00,127900.0,128900.0,127500.0,128400.0,2050.0
2026-07-31 12:10:00+09:00,128400.0,128400.0,127400.0,128300.0,1275.0
2026-07-31 12:20:00+09:00,128400.0,128800.0,127600.0,127600.0,1557.0
2026-07-31 12:30:00+09:00,127600.0,128200.0,127500.0,128100.0,1355.0
2026-07-31 12:40:00+09:00,128200.0,128600.0,128000.0,128100.0,1362.0
2026-07-31 12:50:00+09:00,128000.0,129800.0,127900.0,128500.0,3314.0
2026-07-31 13:00:00+09:00,128500.0,128800.0,127200.0,127200.0,1781.0
2026-07-31 13:10:00+09:00,127200.0,128200.0,126800.0,128200.0,2241.0
2026-07-31 13:20:00+09:00,128000.0,128300.0,127500.0,128200.0,2431.0
2026-07-31 13:30:00+09:00,128200.0,128300.0,127300.0,127800.0,1638.0
2026-07-31 13:40:00+09:00,127700.0,128100.0,127400.0,127500.0,1596.0
2026-07-31 13:50:00+09:00,127600.0,127900.0,127000.0,127600.0,2039.0
2026-07-31 14:00:00+09:00,127600.0,128600.0,127500.0,128500.0,4331.0
2026-07-31 14:10:00+09:00,128500.0,129200.0,128100.0,129000.0,2926.0
2026-07-31 14:20:00+09:00,129100.0,130500.0,129100.0,130500.0,5392.0
2026-07-31 14:30:00+09:00,130500.0,132000.0,129400.0,131100.0,7500.0
2026-07-31 14:40:00+09:00,130900.0,131800.0,130700.0,131000.0,3235.0
2026-07-31 14:50:00+09:00,131100.0,131300.0,130000.0,131000.0,2955.0
2026-08-03 09:00:00+09:00,131100.0,134000.0,129700.0,132300.0,6322.0
2026-08-03 09:10:00+09:00,132350.0,139600.0,130900.0,138500.0,18786.0
2026-08-03 09:20:00+09:00,138400.0,138400.0,131300.0,131600.0,12180.0
2026-08-03 09:30:00+09:00,131500.0,139200.0,131300.0,137200.0,12171.0
2026-08-03 09:40:00+09:00,137700.0,140300.0,133400.0,139900.0,14242.0
2026-08-03 09:50:00+09:00,139900.0,147000.0,139600.0,145900.0,15715.0
2026-08-03 10:00:00+09:00,146000.0,148800.0,143700.0,145500.0,18517.0
2026-08-03 10:10:00+09:00,145500.0,146700.0,143000.0,145900.0,9570.0
2026-08-03 10:20:00+09:00,145800.0,147000.0,144600.0,146900.0,5582.0
2026-08-03 10:30:00+09:00,146800.0,158000.0,146600.0,158000.0,38921.0
2026-08-03 10:40:00+09:00,162500.0,162500.0,157700.0,159500.0,26857.0
2026-08-03 10:50:00+09:00,159500.0,163600.0,159200.0,163600.0,21516.0
2026-08-03 11:00:00+09:00,163500.0,165000.0,162100.0,164200.0,20757.0
2026-08-03 11:10:00+09:00,164200.0,166100.0,163500.0,166100.0,18025.0
2026-08-03 11:20:00+09:00,166100.0,166100.0,166100.0,166100.0,508.0
2026-08-03 11:30:00+09:00,166100.0,166100.0,166100.0,166100.0,711.0
2026-08-03 11:40:00+09:00,166100.0,166100.0,166100.0,166100.0,288.0
2026-08-03 11:50:00+09:00,166100.0,166100.0,166100.0,166100.0,122.0
2026-08-03 12:00:00+09:00,166100.0,166100.0,166100.0,166100.0,169.0
2026-08-03 12:10:00+09:00,166100.0,166100.0,166100.0,166100.0,335.0
2026-08-03 12:20:00+09:00,166100.0,166100.0,166100.0,166100.0,825.0
2026-08-03 12:30:00+09:00,166100.0,166100.0,166100.0,166100.0,77.0
2026-08-03 12:40:00+09:00,166100.0,166100.0,166100.0,166100.0,66.0
2026-08-03 12:50:00+09:00,166100.0,166100.0,166100.0,166100.0,86.0
2026-08-03 13:00:00+09:00,166100.0,166100.0,166100.0,166100.0,233.0
2026-08-03 13:10:00+09:00,166100.0,166100.0,166100.0,166100.0,80.0
2026-08-03 13:20:00+09:00,166100.0,166100.0,166100.0,166100.0,39.0
2026-08-03 13:30:00+09:00,166100.0,166100.0,166100.0,166100.0,139.0
2026-08-03 13:40:00+09:00,166100.0,166100.0,166100.0,166100.0,325.0
2026-08-03 13:50:00+09:00,166100.0,166100.0,166100.0,166100.0,150.0
2026-08-03 14:00:00+09:00,166100.0,166100.0,166100.0,166100.0,1823.0
2026-08-03 14:10:00+09:00,166100.0,166100.0,166100.0,166100.0,146.0
2026-08-03 14:20:00+09:00,166100.0,166100.0,166100.0,166100.0,72.0
2026-08-03 14:30:00+09:00,166100.0,166100.0,166100.0,166100.0,96.0
2026-08-03 14:40:00+09:00,166100.0,166100.0,166100.0,166100.0,810.0
2026-08-03 14:50:00+09:00,166100.0,166100.0,166100.0,166100.0,147.0
2026-08-04 09:00:00+09:00,161600.0,175000.0,158600.0,172800.0,67270.0
2026-08-04 09:10:00+09:00,172800.0,183000.0,170200.0,178800.0,37977.0
2026-08-04 09:20:00+09:00,178800.0,185500.0,176500.0,181400.0,50397.0
2026-08-04 09:30:00+09:00,181500.0,182900.0,173800.0,178400.0,36056.0
2026-08-04 09:40:00+09:00,178400.0,186500.0,177700.0,185600.0,29230.0
2026-08-04 09:50:00+09:00,185700.0,188800.0,178200.0,179000.0,43712.0
2026-08-04 10:00:00+09:00,179100.0,179400.0,174800.0,178300.0,33057.0
2026-08-04 10:10:00+09:00,178400.0,181700.0,177600.0,179500.0,13349.0
2026-08-04 10:20:00+09:00,179600.0,181500.0,178000.0,181400.0,7643.0
2026-08-04 10:30:00+09:00,181500.0,182200.0,180000.0,181100.0,10274.0
2026-08-04 10:40:00+09:00,181100.0,182900.0,180500.0,180600.0,9805.0
2026-08-04 10:50:00+09:00,180600.0,182400.0,179700.0,180400.0,10060.0
2026-08-04 11:00:00+09:00,180300.0,182200.0,179500.0,182000.0,4761.0
2026-08-04 11:10:00+09:00,182000.0,183600.0,181700.0,183600.0,6017.0
2026-08-04 11:20:00+09:00,183600.0,184500.0,182200.0,182600.0,5456.0
2026-08-04 11:30:00+09:00,182600.0,184000.0,182300.0,183100.0,4330.0
2026-08-04 11:40:00+09:00,183000.0,183500.0,182300.0,182600.0,2478.0
2026-08-04 11:50:00+09:00,182600.0,183000.0,181700.0,182000.0,2886.0
2026-08-04 12:00:00+09:00,182100.0,182800.0,181400.0,181900.0,2825.0
2026-08-04 12:10:00+09:00,181800.0,181900.0,179200.0,180200.0,4920.0
2026-08-04 12:20:00+09:00,180200.0,181700.0,180000.0,180900.0,3271.0
2026-08-04 12:30:00+09:00,180900.0,182600.0,180800.0,182600.0,1865.0
2026-08-04 12:40:00+09:00,182700.0,182800.0,181500.0,181900.0,3882.0
2026-08-04 12:50:00+09:00,182000.0,184200.0,182000.0,183900.0,5376.0
2026-08-04 13:00:00+09:00,183800.0,184500.0,182400.0,183100.0,6597.0
2026-08-04 13:10:00+09:00,183000.0,183000.0,181500.0,182900.0,3614.0
2026-08-04 13:20:00+09:00,182800.0,183000.0,180700.0,181800.0,5609.0
2026-08-04 13:30:00+09:00,181700.0,182000.0,179100.0,179300.0,5033.0
2026-08-04 13:40:00+09:00,179200.0,179400.0,177100.0,178900.0,5025.0
2026-08-04 13:50:00+09:00,179100.0,179300.0,178100.0,179200.0,6933.0
2026-08-04 14:00:00+09:00,179300.0,181600.0,178500.0,181400.0,5305.0
2026-08-04 14:10:00+09:00,181500.0,181500.0,178900.0,179700.0,4042.0
2026-08-04 14:20:00+09:00,179700.0,180400.0,179100.0,179500.0,4716.0
2026-08-04 14:30:00+09:00,179500.0,179700.0,175700.0,175800.0,7248.0
2026-08-04 14:40:00+09:00,176000.0,177600.0,173900.0,175500.0,11532.0
2026-08-04 14:50:00+09:00,175500.0,177100.0,173900.0,174500.0,17959.0
2026-08-05 09:00:00+09:00,171800.0,176200.0,170700.0,175100.0,21646.0
2026-08-05 09:10:00+09:00,175100.0,175100.0,171500.0,172900.0,11118.0
2026-08-05 09:20:00+09:00,172900.0,174900.0,172200.0,173800.0,9502.0
2026-08-05 09:30:00+09:00,173700.0,173800.0,172300.0,173100.0,7434.0
2026-08-05 09:40:00+09:00,173100.0,175000.0,172700.0,173100.0,6379.0
2026-08-05 09:50:00+09:00,173100.0,174700.0,173000.0,174500.0,6285.0
2026-08-05 10:00:00+09:00,174500.0,174500.0,171600.0,172200.0,8228.0
2026-08-05 10:10:00+09:00,172200.0,173200.0,169100.0,169100.0,11196.0
2026-08-05 10:20:00+09:00,169200.0,169300.0,165500.0,168100.0,10468.0
2026-08-05 10:30:00+09:00,168100.0,170400.0,167600.0,168300.0,5866.0
2026-08-05 10:40:00+09:00,168300.0,168400.0,166900.0,167200.0,6151.0
2026-08-05 10:50:00+09:00,167200.0,167600.0,166300.0,167300.0,6602.0
2026-08-05 11:00:00+09:00,167100.0,169500.0,166400.0,169200.0,4683.0
2026-08-05 11:10:00+09:00,169200.0,169200.0,167600.0,167600.0,2297.0
2026-08-05 11:20:00+09:00,167700.0,168500.0,167500.0,167800.0,2092.0
2026-08-05 11:30:00+09:00,167900.0,167900.0,167600.0,167600.0,1232.0
2026-08-05 11:40:00+09:00,167600.0,174300.0,167600.0,173000.0,11740.0
2026-08-05 11:50:00+09:00,172900.0,173800.0,171700.0,172200.0,4537.0
2026-08-05 12:00:00+09:00,172200.0,172700.0,172100.0,172400.0,2405.0
2026-08-05 12:10:00+09:00,172400.0,173300.0,172400.0,173300.0,2644.0
2026-08-05 12:20:00+09:00,173300.0,175100.0,173300.0,174400.0,7813.0
2026-08-05 12:30:00+09:00,174400.0,174600.0,173700.0,174100.0,3643.0
2026-08-05 12:40:00+09:00,174100.0,174100.0,172500.0,173000.0,3485.0
2026-08-05 12:50:00+09:00,173100.0,173800.0,172500.0,173000.0,2864.0
2026-08-05 13:00:00+09:00,173100.0,174500.0,173000.0,173700.0,3308.0
2026-08-05 13:10:00+09:00,173700.0,173800.0,172600.0,172900.0,3239.0
2026-08-05 13:20:00+09:00,172800.0,172900.0,172300.0,172400.0,2212.0
2026-08-05 13:30:00+09:00,172400.0,172900.0,172300.0,172400.0,1809.0
2026-08-05 13:40:00+09:00,172300.0,172700.0,172000.0,172400.0,3680.0
2026-08-05 13:50:00+09:00,172300.0,172900.0,171900.0,172700.0,3693.0
2026-08-05 14:00:00+09:00,172700.0,173100.0,172500.0,173000.0,2587.0
2026-08-05 14:10:00+09:00,172900.0,174700.0,172900.0,174200.0,6995.0
2026-08-05 14:20:00+09:00,174300.0,175000.0,173900.0,174000.0,5853.0
2026-08-05 14:30:00+09:00,174000.0,174000.0,173000.0,173100.0,4558.0
2026-08-05 14:40:00+09:00,173100.0,174300.0,173000.0,174200.0,3726.0
2026-08-05 14:50:00+09:00,174100.0,174300.0,173000.0,173100.0,5218.0
2026-08-06 09:00:00+09:00,176900.0,181700.0,174600.0,179400.0,26597.0
2026-08-06 09:10:00+09:00,179400.0,180200.0,177800.0,180200.0,10917.0
2026-08-06 09:20:00+09:00,180250.0,180500.0,176500.0,178700.0,12511.0
2026-08-06 09:30:00+09:00,179200.0,180600.0,176700.0,177700.0,12853.0
2026-08-06 09:40:00+09:00,177500.0,180800.0,177400.0,179350.0,11289.0
2026-08-06 09:50:00+09:00,179300.0,179900.0,177700.0,178700.0,5834.0
2026-08-06 10:00:00+09:00,178700.0,178800.0,175800.0,177300.0,7106.0
2026-08-06 10:10:00+09:00,177300.0,178200.0,173800.0,173900.0,7187.0
2026-08-06 10:20:00+09:00,173900.0,173900.0,171600.0,171600.0,6856.0
2026-08-06 10:30:00+09:00,171500.0,173300.0,170700.0,171500.0,6635.0
2026-08-06 10:40:00+09:00,171300.0,173100.0,171300.0,173100.0,3060.0
2026-08-06 10:50:00+09:00,173000.0,173400.0,172500.0,173100.0,1847.0
2026-08-06 11:00:00+09:00,173100.0,175100.0,172800.0,175100.0,2361.0
2026-08-06 11:10:00+09:00,175100.0,175800.0,174300.0,174300.0,1971.0
2026-08-06 11:20:00+09:00,174300.0,177500.0,174300.0,177300.0,2081.0
2026-08-06 11:30:00+09:00,177300.0,178900.0,176300.0,178700.0,4767.0
2026-08-06 11:40:00+09:00,178700.0,183800.0,178200.0,181800.0,14545.0
2026-08-06 11:50:00+09:00,181800.0,182500.0,180000.0,180500.0,6491.0
2026-08-06 12:00:00+09:00,180500.0,181300.0,178800.0,179300.0,4500.0
2026-08-06 12:10:00+09:00,179700.0,180600.0,178700.0,178700.0,1608.0
2026-08-06 12:20:00+09:00,178700.0,179400.0,178200.0,178600.0,2442.0
2026-08-06 12:30:00+09:00,178400.0,179100.0,177600.0,179000.0,2098.0
2026-08-06 12:40:00+09:00,179000.0,180000.0,178600.0,179700.0,2683.0
2026-08-06 12:50:00+09:00,179600.0,179900.0,178800.0,179700.0,2203.0
2026-08-06 13:00:00+09:00,179800.0,179800.0,177700.0,177900.0,2717.0
2026-08-06 13:10:00+09:00,177900.0,178800.0,177600.0,178200.0,2671.0
2026-08-06 13:20:00+09:00,178300.0,180000.0,177700.0,180000.0,2275.0
2026-08-06 13:30:00+09:00,180000.0,181500.0,179500.0,180100.0,3747.0
2026-08-06 13:40:00+09:00,180000.0,180900.0,179600.0,179600.0,2484.0
2026-08-06 13:50:00+09:00,179600.0,183900.0,179500.0,183700.0,12371.0
2026-08-06 14:00:00+09:00,183700.0,183700.0,181600.0,181700.0,5417.0
2026-08-06 14:10:00+09:00,181600.0,182300.0,180600.0,180900.0,3843.0
2026-08-06 14:20:00+09:00,181000.0,182300.0,180000.0,180000.0,3969.0
2026-08-06 14:30:00+09:00,180000.0,181300.0,179800.0,180700.0,4918.0
2026-08-06 14:40:00+09:00,180700.0,182700.0,180400.0,181300.0,6500.0
2026-08-06 14:50:00+09:00,181300.0,181300.0,179600.0,181000.0,5245.0
2026-08-07 09:00:00+09:00,177300.0,183200.0,176100.0,181200.0,11957.0
2026-08-07 09:10:00+09:00,181200.0,182800.0,179500.0,182700.0,15020.0
2026-08-07 09:20:00+09:00,182700.0,182900.0,179100.0,179900.0,8797.0
2026-08-07 09:30:00+09:00,180100.0,180600.0,178100.0,178200.0,5037.0
2026-08-07 09:40:00+09:00,178200.0,178300.0,174000.0,174700.0,9891.0
2026-08-07 09:50:00+09:00,174700.0,175500.0,173300.0,174800.0,6206.0
2026-08-07 10:00:00+09:00,174800.0,175200.0,171400.0,171900.0,8429.0
2026-08-07 10:10:00+09:00,171900.0,172400.0,170800.0,170800.0,6151.0
2026-08-07 10:20:00+09:00,170800.0,172800.0,169300.0,171800.0,7658.0
2026-08-07 10:30:00+09:00,171900.0,172200.0,170100.0,170100.0,4951.0
2026-08-07 10:40:00+09:00,170100.0,171500.0,170000.0,171500.0,2647.0
2026-08-07 10:50:00+09:00,170900.0,171500.0,170400.0,170700.0,3995.0
2026-08-07 11:00:00+09:00,170600.0,171400.0,170400.0,170400.0,3854.0
2026-08-07 11:10:00+09:00,170500.0,172200.0,170300.0,172000.0,2305.0
2026-08-07 11:20:00+09:00,172400.0,172600.0,170700.0,171000.0,2929.0
2026-08-07 11:30:00+09:00,171200.0,171900.0,170700.0,171600.0,1977.0
2026-08-07 11:40:00+09:00,171500.0,173200.0,171500.0,173100.0,2139.0
2026-08-07 11:50:00+09:00,173400.0,173700.0,172700.0,173600.0,1396.0
2026-08-07 12:00:00+09:00,173700.0,173700.0,173000.0,173300.0,980.0
2026-08-07 12:10:00+09:00,173300.0,173900.0,172700.0,172700.0,1696.0
2026-08-07 12:20:00+09:00,172800.0,173900.0,172700.0,173900.0,1482.0
2026-08-07 12:30:00+09:00,173900.0,174600.0,173500.0,174300.0,1291.0
2026-08-07 12:40:00+09:00,174400.0,174850.0,173200.0,174100.0,1647.0
2026-08-07 12:50:00+09:00,174000.0,174100.0,172900.0,173200.0,2056.0
2026-08-07 13:00:00+09:00,173200.0,174600.0,173100.0,174500.0,1495.0
2026-08-07 13:10:00+09:00,174400.0,174800.0,173500.0,174200.0,1565.0
2026-08-07 13:20:00+09:00,174200.0,176200.0,174100.0,176100.0,2935.0
2026-08-07 13:30:00+09:00,176200.0,179900.0,176100.0,179300.0,4142.0
2026-08-07 13:40:00+09:00,179000.0,179900.0,178500.0,179000.0,4688.0
2026-08-07 13:50:00+09:00,178900.0,179200.0,177100.0,179100.0,3140.0
2026-08-07 14:00:00+09:00,179100.0,179500.0,178200.0,179200.0,3179.0
2026-08-07 14:10:00+09:00,179300.0,179500.0,178600.0,179400.0,2408.0
2026-08-07 14:20:00+09:00,179400.0,180800.0,179300.0,179800.0,4703.0
2026-08-07 14:30:00+09:00,179900.0,180300.0,179000.0,180300.0,3205.0
2026-08-07 14:40:00+09:00,180200.0,180200.0,179100.0,179600.0,2669.0
2026-08-07 14:50:00+09:00,179500.0,180300.0,179500.0,180100.0,3542.0
2026-08-10 09:00:00+09:00,185100.0,191100.0,178000.0,179000.0,12708.0
2026-08-10 09:10:00+09:00,179000.0,186900.0,178900.0,185500.0,9646.0
2026-08-10 09:20:00+09:00,185200.0,186000.0,183300.0,184200.0,7706.0
2026-08-10 09:30:00+09:00,184200.0,186000.0,183300.0,185100.0,7294.0
2026-08-10 09:40:00+09:00,185100.0,187000.0,184100.0,187000.0,7637.0
2026-08-10 09:50:00+09:00,187000.0,187000.0,184600.0,186300.0,7294.0
2026-08-10 10:00:00+09:00,186200.0,186900.0,185100.0,186900.0,6480.0
2026-08-10 10:10:00+09:00,186850.0,188500.0,186600.0,187700.0,9199.0
2026-08-10 10:20:00+09:00,187700.0,191000.0,187400.0,190300.0,11838.0
2026-08-10 10:30:00+09:00,190600.0,191000.0,189100.0,191000.0,12567.0
2026-08-10 10:40:00+09:00,190900.0,191000.0,188000.0,189300.0,6603.0
2026-08-10 10:50:00+09:00,189400.0,191000.0,188500.0,188600.0,5255.0
2026-08-10 11:00:00+09:00,188600.0,193900.0,188500.0,192000.0,10340.0
2026-08-10 11:10:00+09:00,192000.0,194200.0,191900.0,193100.0,6142.0
2026-08-10 11:20:00+09:00,193100.0,193700.0,192000.0,192900.0,3849.0
2026-08-10 11:30:00+09:00,192800.0,194600.0,192000.0,194400.0,4148.0
2026-08-10 11:40:00+09:00,194500.0,194800.0,192400.0,192500.0,2577.0
2026-08-10 11:50:00+09:00,192500.0,193100.0,191100.0,191500.0,2782.0
2026-08-10 12:00:00+09:00,191500.0,193000.0,191500.0,192900.0,1921.0
2026-08-10 12:10:00+09:00,192900.0,192900.0,192300.0,192400.0,1324.0
2026-08-10 12:20:00+09:00,192300.0,194700.0,192300.0,194600.0,5710.0
2026-08-10 12:30:00+09:00,194400.0,196200.0,190800.0,190800.0,11288.0
2026-08-10 12:40:00+09:00,190700.0,191500.0,190300.0,190400.0,6810.0
2026-08-10 12:50:00+09:00,190500.0,190600.0,189300.0,189300.0,6746.0
2026-08-10 13:00:00+09:00,189300.0,189500.0,185600.0,188000.0,9159.0
2026-08-10 13:10:00+09:00,188000.0,188200.0,186500.0,186600.0,6170.0
2026-08-10 13:20:00+09:00,186700.0,187100.0,184000.0,184600.0,7500.0
2026-08-10 13:30:00+09:00,184500.0,184700.0,181600.0,181700.0,11951.0
2026-08-10 13:40:00+09:00,181600.0,182600.0,180000.0,180500.0,13275.0
2026-08-10 13:50:00+09:00,180400.0,183200.0,180400.0,181700.0,7172.0
2026-08-10 14:00:00+09:00,181600.0,183300.0,181500.0,182300.0,8798.0
2026-08-10 14:10:00+09:00,182200.0,182500.0,179800.0,180000.0,8845.0
2026-08-10 14:20:00+09:00,180000.0,180600.0,179900.0,180500.0,4717.0
2026-08-10 14:30:00+09:00,180500.0,180900.0,179700.0,179800.0,5133.0
2026-08-10 14:40:00+09:00,179800.0,180300.0,179700.0,180200.0,5121.0
2026-08-10 14:50:00+09:00,180200.0,181400.0,179900.0,181200.0,3823.0
2026-08-11 09:00:00+09:00,180800.0,181300.0,174300.0,176600.0,15610.0
2026-08-11 09:10:00+09:00,176600.0,178900.0,176400.0,177900.0,10130.0
2026-08-11 09:20:00+09:00,177900.0,177900.0,174500.0,176300.0,8541.0
2026-08-11 09:30:00+09:00,176200.0,183100.0,176100.0,182800.0,9476.0
2026-08-11 09:40:00+09:00,182800.0,184200.0,180400.0,182000.0,8750.0
2026-08-11 09:50:00+09:00,182000.0,183000.0,180900.0,181000.0,3710.0
2026-08-11 10:00:00+09:00,180900.0,182500.0,180800.0,181400.0,3371.0
2026-08-11 10:10:00+09:00,181500.0,182700.0,179200.0,179500.0,4610.0
2026-08-11 10:20:00+09:00,179300.0,179400.0,177100.0,178900.0,5953.0
2026-08-11 10:30:00+09:00,178800.0,180300.0,178200.0,180000.0,4260.0
2026-08-11 10:40:00+09:00,180000.0,181700.0,179500.0,179600.0,4180.0
2026-08-11 10:50:00+09:00,179700.0,179900.0,178300.0,178700.0,5968.0
2026-08-11 11:00:00+09:00,178600.0,179400.0,178300.0,178300.0,3788.0
2026-08-11 11:10:00+09:00,178400.0,179900.0,178300.0,179600.0,2410.0
2026-08-11 11:20:00+09:00,179300.0,182500.0,179300.0,182100.0,3003.0
2026-08-11 11:30:00+09:00,182100.0,182100.0,180400.0,180500.0,2448.0
2026-08-11 11:40:00+09:00,180500.0,180900.0,180000.0,180300.0,1520.0
2026-08-11 11:50:00+09:00,180200.0,180600.0,178600.0,179200.0,2731.0
2026-08-11 12:00:00+09:00,179100.0,179600.0,178600.0,178700.0,1848.0
2026-08-11 12:10:00+09:00,178800.0,179600.0,178600.0,179000.0,1769.0
2026-08-11 12:20:00+09:00,178800.0,180000.0,178600.0,178700.0,1936.0
2026-08-11 12:30:00+09:00,178700.0,178900.0,178000.0,178100.0,4183.0
2026-08-11 12:40:00+09:00,178000.0,178100.0,176100.0,176700.0,4077.0
2026-08-11 12:50:00+09:00,176600.0,178100.0,176600.0,177900.0,2728.0
2026-08-11 13:00:00+09:00,177900.0,180900.0,177700.0,180300.0,2810.0
2026-08-11 13:10:00+09:00,180300.0,180300.0,179000.0,179700.0,1778.0
2026-08-11 13:20:00+09:00,179500.0,180000.0,179100.0,179500.0,1481.0
2026-08-11 13:30:00+09:00,179500.0,179500.0,178500.0,179200.0,2391.0
2026-08-11 13:40:00+09:00,179300.0,179300.0,178200.0,178800.0,2900.0
2026-08-11 13:50:00+09:00,178800.0,180100.0,178700.0,180100.0,2355.0
2026-08-11 14:00:00+09:00,180000.0,183700.0,180000.0,182900.0,5834.0
2026-08-11 14:10:00+09:00,182600.0,182700.0,181100.0,181900.0,3308.0
2026-08-11 14:20:00+09:00,181900.0,182000.0,181200.0,181400.0,1778.0
2026-08-11 14:30:00+09:00,181400.0,182800.0,181300.0,182500.0,2334.0
2026-08-11 14:40:00+09:00,182400.0,183700.0,182300.0,183200.0,3799.0
2026-08-11 14:50:00+09:00,183100.0,183200.0,182400.0,183000.0,1692.0
2026-08-12 09:00:00+09:00,181200.0,181200.0,177000.0,178700.0,11365.0
2026-08-12 09:10:00+09:00,178700.0,181300.0,177400.0,178000.0,8229.0
2026-08-12 09:20:00+09:00,178100.0,180000.0,177800.0,179200.0,4698.0
2026-08-12 09:30:00+09:00,179200.0,180700.0,179100.0,180200.0,4926.0
2026-08-12 09:40:00+09:00,180100.0,181200.0,179500.0,181000.0,4438.0
2026-08-12 09:50:00+09:00,181000.0,183000.0,180700.0,182900.0,4864.0
2026-08-12 10:00:00+09:00,182500.0,183700.0,181400.0,181500.0,3484.0
2026-08-12 10:10:00+09:00,181500.0,181900.0,180800.0,181300.0,2067.0
2026-08-12 10:20:00+09:00,181300.0,182600.0,180000.0,182400.0,2523.0
2026-08-12 10:30:00+09:00,182400.0,184700.0,182400.0,184400.0,2908.0
2026-08-12 10:40:00+09:00,184300.0,185000.0,182800.0,183100.0,3136.0
2026-08-12 10:50:00+09:00,183000.0,183700.0,182000.0,182500.0,2052.0
2026-08-12 11:00:00+09:00,182400.0,182700.0,181800.0,182000.0,1255.0
2026-08-12 11:10:00+09:00,181900.0,183400.0,181900.0,183400.0,1298.0
2026-08-12 11:20:00+09:00,183300.0,183400.0,182200.0,182400.0,657.0
2026-08-12 11:30:00+09:00,182300.0,182400.0,181800.0,182100.0,800.0
2026-08-12 11:40:00+09:00,182100.0,182600.0,182000.0,182600.0,553.0
2026-08-12 11:50:00+09:00,182500.0,182600.0,181500.0,182000.0,1010.0
2026-08-12 12:00:00+09:00,181900.0,183400.0,181700.0,183100.0,1770.0
2026-08-12 12:10:00+09:00,183100.0,183400.0,182400.0,182600.0,967.0
2026-08-12 12:20:00+09:00,182700.0,184900.0,182600.0,184800.0,3249.0
2026-08-12 12:30:00+09:00,184900.0,185300.0,184000.0,184800.0,3073.0
2026-08-12 12:40:00+09:00,185000.0,185100.0,184400.0,184450.0,3605.0
2026-08-12 12:50:00+09:00,184400.0,187700.0,184400.0,187500.0,5187.0
2026-08-12 13:00:00+09:00,187500.0,188900.0,185600.0,185700.0,7041.0
2026-08-12 13:10:00+09:00,185700.0,186200.0,185500.0,185600.0,1442.0
2026-08-12 13:20:00+09:00,185600.0,186000.0,184900.0,185000.0,2061.0
2026-08-12 13:30:00+09:00,185000.0,185200.0,184700.0,185000.0,1421.0
2026-08-12 13:40:00+09:00,185000.0,186000.0,184900.0,186000.0,2497.0
2026-08-12 13:50:00+09:00,185900.0,187000.0,185800.0,187000.0,2167.0
2026-08-12 14:00:00+09:00,187000.0,188800.0,187000.0,187300.0,5458.0
2026-08-12 14:10:00+09:00,187300.0,187900.0,186800.0,187800.0,1726.0
2026-08-12 14:20:00+09:00,187800.0,187900.0,186500.0,187900.0,2742.0
2026-08-12 14:30:00+09:00,187800.0,187800.0,186000.0,186100.0,1553.0
2026-08-12 14:40:00+09:00,186100.0,187000.0,185700.0,186700.0,2120.0
2026-08-12 14:50:00+09:00,186700.0,187500.0,186500.0,187400.0,2166.0
2026-08-13 09:00:00+09:00,184000.0,189700.0,183700.0,186600.0,17683.0
2026-08-13 09:10:00+09:00,186600.0,186600.0,184000.0,185800.0,8581.0
2026-08-13 09:20:00+09:00,185800.0,189700.0,185600.0,188100.0,8468.0
2026-08-13 09:30:00+09:00,188000.0,195100.0,187250.0,191800.0,18615.0
2026-08-13 09:40:00+09:00,191500.0,195200.0,191300.0,193500.0,11491.0
2026-08-13 09:50:00+09:00,193400.0,195900.0,193100.0,195900.0,11049.0
2026-08-13 10:00:00+09:00,195900.0,196000.0,193300.0,193700.0,4938.0
2026-08-13 10:10:00+09:00,193800.0,194200.0,193400.0,193700.0,2172.0
2026-08-13 10:20:00+09:00,193700.0,195100.0,193700.0,194600.0,4139.0
2026-08-13 10:30:00+09:00,194600.0,195100.0,193700.0,195000.0,3125.0
2026-08-13 10:40:00+09:00,194900.0,195200.0,194600.0,194900.0,2146.0
2026-08-13 10:50:00+09:00,194800.0,195300.0,194600.0,194700.0,2184.0
2026-08-13 11:00:00+09:00,194900.0,197200.0,194700.0,196900.0,7002.0
2026-08-13 11:10:00+09:00,196800.0,202000.0,196800.0,202000.0,14601.0
2026-08-13 11:20:00+09:00,203000.0,207000.0,199000.0,199700.0,11728.0
2026-08-13 11:30:00+09:00,199800.0,201000.0,199400.0,199900.0,2801.0
2026-08-13 11:40:00+09:00,199900.0,200500.0,199600.0,200000.0,1477.0
2026-08-13 11:50:00+09:00,200500.0,200500.0,198100.0,198500.0,4792.0
2026-08-13 12:00:00+09:00,198500.0,198800.0,197600.0,197900.0,2380.0
2026-08-13 12:10:00+09:00,197800.0,198200.0,196700.0,197200.0,2580.0
2026-08-13 12:20:00+09:00,197200.0,197500.0,196900.0,197400.0,1375.0
2026-08-13 12:30:00+09:00,197500.0,198500.0,197500.0,197800.0,1524.0
2026-08-13 12:40:00+09:00,197800.0,197900.0,196200.0,196200.0,1771.0
2026-08-13 12:50:00+09:00,196100.0,197300.0,195500.0,197000.0,2286.0
2026-08-13 13:00:00+09:00,197000.0,197900.0,196300.0,196600.0,2805.0
2026-08-13 13:10:00+09:00,196500.0,196600.0,195800.0,196500.0,2012.0
2026-08-13 13:20:00+09:00,196500.0,197400.0,196400.0,197400.0,1197.0
2026-08-13 13:30:00+09:00,197400.0,198700.0,196900.0,197000.0,2096.0
2026-08-13 13:40:00+09:00,196900.0,197200.0,196700.0,197200.0,544.0
2026-08-13 13:50:00+09:00,197100.0,197500.0,196700.0,197000.0,930.0
2026-08-13 14:00:00+09:00,197000.0,198000.0,196900.0,197700.0,1656.0
2026-08-13 14:10:00+09:00,197700.0,197700.0,197100.0,197400.0,1265.0
2026-08-13 14:20:00+09:00,197300.0,197800.0,197200.0,197300.0,794.0
2026-08-13 14:30:00+09:00,197300.0,197300.0,194900.0,195300.0,3851.0
2026-08-13 14:40:00+09:00,195300.0,195600.0,194200.0,195400.0,3505.0
2026-08-13 14:50:00+09:00,195400.0,195400.0,193600.0,193600.0,2810.0
2026-08-14 09:00:00+09:00,196700.0,203500.0,195200.0,200500.0,12016.0
2026-08-14 09:10:00+09:00,200500.0,203500.0,198200.0,198900.0,6029.0
2026-08-14 09:20:00+09:00,199000.0,199600.0,196500.0,197200.0,5174.0
2026-08-14 09:30:00+09:00,197200.0,198900.0,195900.0,195900.0,4294.0
2026-08-14 09:40:00+09:00,195900.0,196500.0,191700.0,191700.0,6443.0
2026-08-14 09:50:00+09:00,191700.0,191800.0,190500.0,191200.0,8256.0
2026-08-14 10:00:00+09:00,191200.0,191300.0,187100.0,189600.0,9806.0
2026-08-14 10:10:00+09:00,189700.0,189900.0,187100.0,189800.0,7604.0
2026-08-14 10:20:00+09:00,189800.0,189800.0,188300.0,189300.0,4492.0
2026-08-14 10:30:00+09:00,189200.0,189200.0,187000.0,187900.0,4309.0
2026-08-14 10:40:00+09:00,187900.0,188000.0,186900.0,187900.0,4837.0
2026-08-14 10:50:00+09:00,188000.0,188900.0,187600.0,188900.0,2928.0
2026-08-14 11:00:00+09:00,188900.0,190600.0,188700.0,189800.0,4819.0
2026-08-14 11:10:00+09:00,189700.0,190500.0,189600.0,189900.0,2782.0
2026-08-14 11:20:00+09:00,189900.0,191800.0,189600.0,190900.0,4021.0
2026-08-14 11:30:00+09:00,190900.0,190900.0,190200.0,190300.0,1866.0
2026-08-14 11:40:00+09:00,190300.0,191000.0,190100.0,190700.0,1485.0
2026-08-14 11:50:00+09:00,190600.0,191200.0,190300.0,190300.0,1406.0
2026-08-14 12:00:00+09:00,190300.0,192900.0,190300.0,192700.0,2469.0
2026-08-14 12:10:00+09:00,192700.0,192700.0,192100.0,192700.0,1304.0
2026-08-14 12:20:00+09:00,192700.0,193800.0,192000.0,193200.0,3297.0
2026-08-14 12:30:00+09:00,193200.0,193300.0,192200.0,192600.0,1217.0
2026-08-14 12:40:00+09:00,192600.0,192600.0,192000.0,192400.0,1697.0
2026-08-14 12:50:00+09:00,192400.0,193500.0,192300.0,193500.0,1441.0
2026-08-14 13:00:00+09:00,193500.0,194800.0,193000.0,194300.0,1760.0
2026-08-14 13:10:00+09:00,194200.0,195900.0,193800.0,195900.0,1289.0
2026-08-14 13:20:00+09:00,195800.0,195900.0,195000.0,195200.0,1749.0
2026-08-14 13:30:00+09:00,195200.0,195400.0,193800.0,194600.0,2718.0
2026-08-14 13:40:00+09:00,194600.0,194600.0,192700.0,193100.0,2075.0
2026-08-14 13:50:00+09:00,193100.0,193600.0,192900.0,193400.0,1107.0
2026-08-14 14:00:00+09:00,193500.0,193500.0,192100.0,192800.0,1439.0
2026-08-14 14:10:00+09:00,192800.0,192900.0,191500.0,191500.0,1463.0
2026-08-14 14:20:00+09:00,191600.0,193800.0,191600.0,193700.0,2725.0
2026-08-14 14:30:00+09:00,193700.0,194000.0,193400.0,193900.0,1844.0
2026-08-14 14:40:00+09:00,193900.0,194500.0,193300.0,194500.0,3275.0
2026-08-14 14:50:00+09:00,194500.0,194500.0,193700.0,194400.0,2213.0
2026-08-18 09:00:00+09:00,192500.0,192900.0,187100.0,189300.0,5103.0
2026-08-18 09:10:00+09:00,189300.0,191500.0,188600.0,190100.0,6290.0
2026-08-18 09:20:00+09:00,190100.0,193600.0,189800.0,193200.0,4607.0
2026-08-18 09:30:00+09:00,193100.0,194000.0,191700.0,192600.0,5661.0
2026-08-18 09:40:00+09:00,192600.0,196300.0,192500.0,193600.0,9513.0
2026-08-18 09:50:00+09:00,193700.0,195300.0,193300.0,195200.0,3075.0
2026-08-18 10:00:00+09:00,195200.0,196300.0,194700.0,196100.0,4824.0
2026-08-18 10:10:00+09:00,196200.0,197350.0,195900.0,196200.0,4131.0
2026-08-18 10:20:00+09:00,196200.0,196300.0,194700.0,195200.0,2115.0
2026-08-18 10:30:00+09:00,195200.0,196000.0,194200.0,194500.0,2238.0
2026-08-18 10:40:00+09:00,194400.0,194900.0,192100.0,192100.0,2735.0
2026-08-18 10:50:00+09:00,192100.0,192900.0,191200.0,192900.0,3291.0
2026-08-18 11:00:00+09:00,192900.0,193600.0,192400.0,192600.0,736.0
2026-08-18 11:10:00+09:00,192600.0,192700.0,191300.0,191600.0,1469.0
2026-08-18 11:20:00+09:00,191600.0,191600.0,189900.0,190000.0,2211.0
2026-08-18 11:30:00+09:00,190000.0,190000.0,189100.0,189900.0,2188.0
2026-08-18 11:40:00+09:00,189900.0,190300.0,188000.0,189400.0,5458.0
2026-08-18 11:50:00+09:00,189400.0,189900.0,189100.0,189700.0,1060.0
2026-08-18 12:00:00+09:00,189700.0,192000.0,189500.0,191700.0,2026.0
2026-08-18 12:10:00+09:00,191600.0,193000.0,191200.0,192200.0,2234.0
2026-08-18 12:20:00+09:00,191800.0,192300.0,191100.0,192000.0,1665.0
2026-08-18 12:30:00+09:00,191400.0,191800.0,189100.0,189900.0,2411.0
2026-08-18 12:40:00+09:00,189800.0,190100.0,189500.0,189600.0,1444.0
2026-08-18 12:50:00+09:00,189500.0,189700.0,189300.0,189500.0,1243.0
2026-08-18 13:00:00+09:00,189500.0,189500.0,188700.0,188900.0,2319.0
2026-08-18 13:10:00+09:00,188900.0,188900.0,188000.0,188400.0,2708.0
2026-08-18 13:20:00+09:00,188300.0,188300.0,187400.0,187600.0,3817.0
2026-08-18 13:30:00+09:00,187600.0,188150.0,186700.0,186700.0,3343.0
2026-08-18 13:40:00+09:00,186800.0,188000.0,186300.0,187600.0,2566.0
2026-08-18 13:50:00+09:00,187500.0,188500.0,187500.0,188500.0,1127.0
2026-08-18 14:00:00+09:00,188400.0,188400.0,187500.0,188100.0,1912.0
2026-08-18 14:10:00+09:00,188200.0,188200.0,187000.0,187100.0,1654.0
2026-08-18 14:20:00+09:00,187100.0,187100.0,185000.0,185100.0,6550.0
2026-08-18 14:30:00+09:00,185000.0,185000.0,183100.0,183200.0,5805.0
2026-08-18 14:40:00+09:00,183100.0,184300.0,182800.0,183700.0,5760.0
2026-08-18 14:50:00+09:00,183700.0,183700.0,181000.0,181300.0,6974.0
2026-08-19 09:00:00+09:00,179300.0,181000.0,175000.0,180100.0,8744.0
2026-08-19 09:10:00+09:00,180100.0,180100.0,175800.0,179500.0,8342.0
2026-08-19 09:20:00+09:00,179300.0,183700.0,178100.0,183100.0,6323.0
2026-08-19 09:30:00+09:00,182900.0,193400.0,182700.0,190500.0,18169.0
2026-08-19 09:40:00+09:00,190200.0,190600.0,186000.0,188000.0,6048.0
2026-08-19 09:50:00+09:00,188000.0,188900.0,186500.0,188500.0,2765.0
2026-08-19 10:00:00+09:00,188100.0,190700.0,187100.0,190100.0,3463.0
2026-08-19 10:10:00+09:00,190700.0,190700.0,186300.0,186700.0,2347.0
2026-08-19 10:20:00+09:00,187150.0,187600.0,185100.0,185800.0,2899.0
2026-08-19 10:30:00+09:00,185800.0,187400.0,184200.0,187200.0,2316.0
2026-08-19 10:40:00+09:00,187200.0,188600.0,186700.0,187600.0,3095.0
2026-08-19 10:50:00+09:00,187500.0,188500.0,186800.0,188500.0,1554.0
2026-08-19 11:00:00+09:00,188400.0,188400.0,186300.0,187300.0,2153.0
2026-08-19 11:10:00+09:00,187200.0,188500.0,186900.0,187700.0,2178.0
2026-08-19 11:20:00+09:00,187700.0,189800.0,186500.0,189200.0,2416.0
2026-08-19 11:30:00+09:00,189200.0,190900.0,189200.0,189800.0,3031.0
2026-08-19 11:40:00+09:00,189500.0,189600.0,189000.0,189300.0,1213.0
2026-08-19 11:50:00+09:00,189200.0,189500.0,188700.0,189400.0,1415.0
2026-08-19 12:00:00+09:00,189400.0,190400.0,189300.0,189600.0,1623.0
2026-08-19 12:10:00+09:00,189600.0,189700.0,189100.0,189100.0,1241.0
2026-08-19 12:20:00+09:00,189100.0,189100.0,187700.0,189000.0,814.0
2026-08-19 12:30:00+09:00,188900.0,189200.0,188300.0,189200.0,859.0
2026-08-19 12:40:00+09:00,189100.0,189200.0,187900.0,187900.0,638.0
2026-08-19 12:50:00+09:00,187900.0,188300.0,187400.0,187500.0,666.0
2026-08-19 13:00:00+09:00,187800.0,188000.0,187200.0,187200.0,1121.0
2026-08-19 13:10:00+09:00,187100.0,187200.0,186100.0,187200.0,1266.0
2026-08-19 13:20:00+09:00,187200.0,188200.0,186900.0,187700.0,1265.0
2026-08-19 13:30:00+09:00,187600.0,188100.0,186900.0,188100.0,814.0
2026-08-19 13:40:00+09:00,188100.0,188100.0,187500.0,187700.0,647.0
2026-08-19 13:50:00+09:00,187600.0,187800.0,186800.0,187000.0,1896.0
2026-08-19 14:00:00+09:00,187500.0,188700.0,187200.0,188700.0,1560.0
2026-08-19 14:10:00+09:00,188700.0,188700.0,186700.0,186800.0,1322.0
2026-08-19 14:20:00+09:00,186800.0,188300.0,186800.0,188000.0,1284.0
2026-08-19 14:30:00+09:00,187900.0,188200.0,187100.0,187600.0,803.0
2026-08-19 14:40:00+09:00,187600.0,188200.0,187000.0,187400.0,1283.0
2026-08-19 14:50:00+09:00,187400.0,187600.0,186050.0,186200.0,1766.0
2026-08-20 09:00:00+09:00,190800.0,191800.0,185900.0,187000.0,14924.0
2026-08-20 09:10:00+09:00,187000.0,187600.0,184600.0,185100.0,9843.0
2026-08-20 09:20:00+09:00,185100.0,186700.0,183800.0,185900.0,7019.0
2026-08-20 09:30:00+09:00,186400.0,188700.0,185500.0,187200.0,5147.0
2026-08-20 09:40:00+09:00,187300.0,188700.0,186900.0,187600.0,2842.0
2026-08-20 09:50:00+09:00,187600.0,188100.0,186600.0,187200.0,3842.0
2026-08-20 10:00:00+09:00,187300.0,188500.0,186400.0,186400.0,4835.0
2026-08-20 10:10:00+09:00,186500.0,187700.0,186400.0,187700.0,1841.0
2026-08-20 10:20:00+09:00,187700.0,191000.0,187700.0,189800.0,6823.0
2026-08-20 10:30:00+09:00,189700.0,191000.0,189400.0,190400.0,2995.0
2026-08-20 10:40:00+09:00,190400.0,190500.0,189800.0,190300.0,2658.0
2026-08-20 10:50:00+09:00,190400.0,190400.0,188700.0,188900.0,2964.0
2026-08-20 11:00:00+09:00,188900.0,188900.0,187800.0,188000.0,2250.0
2026-08-20 11:10:00+09:00,187900.0,192700.0,187600.0,192700.0,5546.0
2026-08-20 11:20:00+09:00,192500.0,192500.0,190400.0,191500.0,2860.0
2026-08-20 11:30:00+09:00,191500.0,192000.0,191200.0,191700.0,2132.0
2026-08-20 11:40:00+09:00,191800.0,191900.0,191000.0,191400.0,1280.0
2026-08-20 11:50:00+09:00,191300.0,191300.0,190450.0,190700.0,1682.0
2026-08-20 12:00:00+09:00,190500.0,190700.0,188800.0,188900.0,1602.0
2026-08-20 12:10:00+09:00,188900.0,191000.0,188900.0,190900.0,1125.0
2026-08-20 12:20:00+09:00,190800.0,191000.0,190500.0,190500.0,738.0
2026-08-20 12:30:00+09:00,190500.0,191000.0,190400.0,190900.0,1346.0
2026-08-20 12:40:00+09:00,190900.0,191500.0,190600.0,191300.0,1321.0
2026-08-20 12:50:00+09:00,191300.0,191300.0,190400.0,190700.0,1410.0
2026-08-20 13:00:00+09:00,190800.0,190800.0,190400.0,190400.0,1422.0
2026-08-20 13:10:00+09:00,190500.0,190900.0,190100.0,190800.0,2799.0
2026-08-20 13:20:00+09:00,190600.0,190600.0,190200.0,190400.0,1208.0
2026-08-20 13:30:00+09:00,190300.0,190300.0,189000.0,189000.0,1443.0
2026-08-20 13:40:00+09:00,189000.0,189800.0,189000.0,189800.0,931.0
2026-08-20 13:50:00+09:00,189750.0,189800.0,188600.0,188600.0,1699.0
2026-08-20 14:00:00+09:00,188600.0,188600.0,187200.0,187500.0,2390.0
2026-08-20 14:10:00+09:00,187500.0,188700.0,187400.0,188200.0,2563.0
2026-08-20 14:20:00+09:00,188200.0,188500.0,187900.0,188100.0,548.0
2026-08-20 14:30:00+09:00,188200.0,188500.0,187600.0,187900.0,1078.0
2026-08-20 14:40:00+09:00,187900.0,188100.0,187700.0,187700.0,552.0
2026-08-20 14:50:00+09:00,187700.0,187800.0,185900.0,186400.0,3032.0
2026-08-21 09:00:00+09:00,181900.0,183400.0,179100.0,179700.0,8139.0
2026-08-21 09:10:00+09:00,179600.0,180050.0,176800.0,177600.0,8733.0
2026-08-21 09:20:00+09:00,177600.0,180100.0,177200.0,179900.0,5070.0
2026-08-21 09:30:00+09:00,179300.0,179600.0,178100.0,179000.0,4221.0
2026-08-21 09:40:00+09:00,178900.0,180500.0,178900.0,179800.0,5537.0
2026-08-21 09:50:00+09:00,179900.0,182000.0,179100.0,181300.0,6803.0
2026-08-21 10:00:00+09:00,181300.0,181300.0,180200.0,180400.0,3995.0
2026-08-21 10:10:00+09:00,180300.0,180800.0,179300.0,180000.0,3615.0
2026-08-21 10:20:00+09:00,180100.0,180300.0,178800.0,179100.0,3782.0
2026-08-21 10:30:00+09:00,179100.0,179200.0,178100.0,178100.0,5761.0
2026-08-21 10:40:00+09:00,178100.0,178100.0,176000.0,176100.0,5684.0
2026-08-21 10:50:00+09:00,176400.0,178800.0,175600.0,177200.0,4884.0
2026-08-21 11:00:00+09:00,177200.0,179500.0,176700.0,178300.0,1854.0
2026-08-21 11:10:00+09:00,178300.0,179500.0,178100.0,179500.0,1113.0
2026-08-21 11:20:00+09:00,178900.0,179500.0,178500.0,178600.0,855.0
2026-08-21 11:30:00+09:00,178700.0,179500.0,178700.0,178900.0,745.0
2026-08-21 11:40:00+09:00,178900.0,179600.0,178700.0,179600.0,707.0
2026-08-21 11:50:00+09:00,179700.0,180000.0,179500.0,179900.0,1511.0
2026-08-21 12:00:00+09:00,179600.0,179900.0,179100.0,179800.0,1204.0
2026-08-21 12:10:00+09:00,179500.0,181500.0,179400.0,180700.0,1423.0
2026-08-21 12:20:00+09:00,180600.0,183000.0,180300.0,181900.0,2241.0
2026-08-21 12:30:00+09:00,181900.0,183000.0,181800.0,182600.0,786.0
2026-08-21 12:40:00+09:00,182600.0,183200.0,182000.0,183100.0,783.0
2026-08-21 12:50:00+09:00,183100.0,183200.0,181500.0,181700.0,998.0
2026-08-21 13:00:00+09:00,181700.0,181700.0,180100.0,180700.0,1460.0
2026-08-21 13:10:00+09:00,180600.0,181400.0,180200.0,180500.0,1020.0
2026-08-21 13:20:00+09:00,180400.0,180900.0,180100.0,180400.0,768.0
2026-08-21 13:30:00+09:00,180500.0,181300.0,179200.0,179700.0,1875.0
2026-08-21 13:40:00+09:00,179600.0,181500.0,179600.0,180900.0,1498.0
2026-08-21 13:50:00+09:00,180900.0,181000.0,180400.0,180700.0,1130.0
2026-08-21 14:00:00+09:00,180800.0,180800.0,179200.0,179700.0,1519.0
2026-08-21 14:10:00+09:00,179700.0,180200.0,179100.0,179900.0,1550.0
2026-08-21 14:20:00+09:00,179800.0,180000.0,179300.0,179600.0,1310.0
2026-08-21 14:30:00+09:00,179700.0,180000.0,179600.0,179800.0,958.0
2026-08-21 14:40:00+09:00,179800.0,179900.0,179500.0,179500.0,1019.0
2026-08-21 14:50:00+09:00,179500.0,179500.0,178600.0,179000.0,2141.0
2026-08-24 09:00:00+09:00,178700.0,180900.0,177000.0,178600.0,2871.0
2026-08-24 09:10:00+09:00,178600.0,180600.0,178100.0,180400.0,4319.0
2026-08-24 09:20:00+09:00,180500.0,181100.0,178600.0,179000.0,3533.0
2026-08-24 09:30:00+09:00,179000.0,179100.0,177700.0,177900.0,2658.0
2026-08-24 09:40:00+09:00,177900.0,178400.0,176600.0,177700.0,4717.0
2026-08-24 09:50:00+09:00,177700.0,178700.0,177600.0,178300.0,1772.0
2026-08-24 10:00:00+09:00,178400.0,179000.0,177600.0,178900.0,2047.0
2026-08-24 10:10:00+09:00,178800.0,180600.0,178700.0,180200.0,3206.0
2026-08-24 10:20:00+09:00,180100.0,182300.0,179800.0,181900.0,2709.0
2026-08-24 10:30:00+09:00,181900.0,181900.0,179600.0,180000.0,2230.0
2026-08-24 10:40:00+09:00,180050.0,181200.0,180050.0,181000.0,1926.0
2026-08-24 10:50:00+09:00,180900.0,182000.0,178950.0,180100.0,3869.0
2026-08-24 11:00:00+09:00,180100.0,180600.0,179500.0,180400.0,2205.0
2026-08-24 11:10:00+09:00,180500.0,181000.0,179700.0,179700.0,2628.0
2026-08-24 11:20:00+09:00,179900.0,184000.0,179900.0,183400.0,5360.0
2026-08-24 11:30:00+09:00,183200.0,185900.0,183100.0,184800.0,5507.0
2026-08-24 11:40:00+09:00,184700.0,185900.0,184200.0,185900.0,2647.0
2026-08-24 11:50:00+09:00,185900.0,186000.0,184700.0,184700.0,3154.0
2026-08-24 12:00:00+09:00,184500.0,184900.0,183000.0,183100.0,7318.0
2026-08-24 12:10:00+09:00,183100.0,183400.0,182400.0,182900.0,1314.0
2026-08-24 12:20:00+09:00,182800.0,183000.0,181600.0,181800.0,2184.0
2026-08-24 12:30:00+09:00,181800.0,182800.0,181600.0,182700.0,1599.0
2026-08-24 12:40:00+09:00,182700.0,183300.0,181600.0,183100.0,1610.0
2026-08-24 12:50:00+09:00,183000.0,183700.0,180900.0,181000.0,1913.0
2026-08-24 13:00:00+09:00,181000.0,182000.0,180900.0,182000.0,3427.0
2026-08-24 13:10:00+09:00,182000.0,183600.0,181800.0,183000.0,1153.0
2026-08-24 13:20:00+09:00,183100.0,183500.0,182200.0,183100.0,1129.0
2026-08-24 13:30:00+09:00,183100.0,183300.0,181500.0,181800.0,1960.0
2026-08-24 13:40:00+09:00,181800.0,181800.0,180800.0,181300.0,3382.0
2026-08-24 13:50:00+09:00,181400.0,182500.0,181400.0,182200.0,1395.0
2026-08-24 14:00:00+09:00,182200.0,182500.0,181600.0,181800.0,2329.0
2026-08-24 14:10:00+09:00,182100.0,183500.0,181600.0,182000.0,2488.0
2026-08-24 14:20:00+09:00,182100.0,183000.0,181500.0,181600.0,1955.0
2026-08-24 14:30:00+09:00,181600.0,181800.0,180500.0,181800.0,1439.0
2026-08-24 14:40:00+09:00,181800.0,182600.0,181600.0,181800.0,1572.0
2026-08-24 14:50:00+09:00,181800.0,182700.0,181700.0,182600.0,2313.0
2026-08-25 09:00:00+09:00,179600.0,180700.0,177200.0,177600.0,11639.0
2026-08-25 09:10:00+09:00,177600.0,178100.0,174500.0,175700.0,9272.0
2026-08-25 09:20:00+09:00,175700.0,180200.0,175700.0,180100.0,4001.0
2026-08-25 09:30:00+09:00,180100.0,184100.0,180000.0,180900.0,6848.0
2026-08-25 09:40:00+09:00,180900.0,182400.0,179800.0,179800.0,2321.0
2026-08-25 09:50:00+09:00,179700.0,179800.0,178200.0,179100.0,2604.0
2026-08-25 10:00:00+09:00,178700.0,179000.0,177600.0,177700.0,1776.0
2026-08-25 10:10:00+09:00,177600.0,177700.0,175100.0,175400.0,4289.0
2026-08-25 10:20:00+09:00,175400.0,176200.0,174400.0,176000.0,4089.0
2026-08-25 10:30:00+09:00,176000.0,177100.0,175900.0,176000.0,1244.0
2026-08-25 10:40:00+09:00,176000.0,176800.0,175800.0,176700.0,1521.0
2026-08-25 10:50:00+09:00,176700.0,176800.0,176000.0,176500.0,2194.0
2026-08-25 11:00:00+09:00,176500.0,176600.0,175600.0,175600.0,1582.0
2026-08-25 11:10:00+09:00,175700.0,175800.0,175000.0,175600.0,897.0
2026-08-25 11:20:00+09:00,175800.0,176500.0,175300.0,176000.0,1248.0
2026-08-25 11:30:00+09:00,175900.0,176900.0,175400.0,175500.0,1192.0
2026-08-25 11:40:00+09:00,175400.0,175800.0,174600.0,175100.0,1457.0
2026-08-25 11:50:00+09:00,175100.0,176000.0,175000.0,176000.0,523.0
2026-08-25 12:00:00+09:00,176000.0,177100.0,175900.0,177100.0,530.0
2026-08-25 12:10:00+09:00,177100.0,178700.0,176300.0,178500.0,1086.0
2026-08-25 12:20:00+09:00,178400.0,181000.0,178000.0,180400.0,2341.0
2026-08-25 12:30:00+09:00,181000.0,181000.0,180000.0,180700.0,3739.0
2026-08-25 12:40:00+09:00,180600.0,180600.0,179500.0,180000.0,718.0
2026-08-25 12:50:00+09:00,180000.0,180800.0,179700.0,180800.0,1504.0
2026-08-25 13:00:00+09:00,180700.0,182000.0,180700.0,181500.0,1171.0
2026-08-25 13:10:00+09:00,181500.0,182100.0,181400.0,181700.0,1197.0
2026-08-25 13:20:00+09:00,181700.0,181800.0,181200.0,181400.0,713.0
2026-08-25 13:30:00+09:00,181400.0,182400.0,181100.0,182200.0,1234.0
2026-08-25 13:40:00+09:00,182200.0,182200.0,181300.0,181800.0,1107.0
2026-08-25 13:50:00+09:00,181800.0,182200.0,181200.0,182100.0,1163.0
2026-08-25 14:00:00+09:00,182200.0,182300.0,181900.0,182000.0,802.0
2026-08-25 14:10:00+09:00,182000.0,182600.0,181900.0,182500.0,1396.0
2026-08-25 14:20:00+09:00,182500.0,183600.0,182500.0,183100.0,1245.0
2026-08-25 14:30:00+09:00,183100.0,183100.0,181500.0,181700.0,942.0
2026-08-25 14:40:00+09:00,181800.0,182200.0,181100.0,181700.0,3099.0
2026-08-25 14:50:00+09:00,181700.0,182700.0,181500.0,181800.0,1412.0
2026-08-26 09:00:00+09:00,184400.0,189800.0,184100.0,184100.0,9329.0
2026-08-26 09:10:00+09:00,184100.0,186900.0,184000.0,185800.0,6643.0
2026-08-26 09:20:00+09:00,185800.0,188400.0,185500.0,186500.0,5244.0
2026-08-26 09:30:00+09:00,186500.0,187400.0,184200.0,185300.0,4683.0
2026-08-26 09:40:00+09:00,184900.0,186700.0,184500.0,185100.0,2406.0
2026-08-26 09:50:00+09:00,185100.0,185400.0,183500.0,184100.0,2977.0
2026-08-26 10:00:00+09:00,184100.0,185000.0,183800.0,184300.0,1411.0
2026-08-26 10:10:00+09:00,184200.0,185400.0,184100.0,184400.0,1141.0
2026-08-26 10:20:00+09:00,184400.0,186500.0,184200.0,185100.0,4342.0
2026-08-26 10:30:00+09:00,185500.0,187900.0,184600.0,186800.0,3381.0
2026-08-26 10:40:00+09:00,186700.0,187800.0,186100.0,186600.0,2737.0
2026-08-26 10:50:00+09:00,186400.0,187800.0,186400.0,187400.0,2285.0
2026-08-26 11:00:00+09:00,187400.0,188600.0,186800.0,187400.0,2278.0
2026-08-26 11:10:00+09:00,187500.0,187800.0,186500.0,187200.0,1218.0
2026-08-26 11:20:00+09:00,187200.0,187400.0,187100.0,187200.0,815.0
2026-08-26 11:30:00+09:00,187300.0,188400.0,187200.0,188100.0,1520.0
2026-08-26 11:40:00+09:00,188100.0,188100.0,187200.0,187500.0,1100.0
2026-08-26 11:50:00+09:00,187500.0,187500.0,186800.0,186900.0,778.0
2026-08-26 12:00:00+09:00,186900.0,186900.0,186400.0,186400.0,1162.0
2026-08-26 12:10:00+09:00,186400.0,187500.0,186300.0,187500.0,769.0
2026-08-26 12:20:00+09:00,187400.0,187500.0,186800.0,187100.0,950.0
2026-08-26 12:30:00+09:00,187100.0,187800.0,186800.0,187600.0,1511.0
2026-08-26 12:40:00+09:00,187600.0,188300.0,186900.0,187900.0,2139.0
2026-08-26 12:50:00+09:00,187800.0,187800.0,187400.0,187500.0,323.0
2026-08-26 13:00:00+09:00,187500.0,188000.0,187400.0,187800.0,662.0
2026-08-26 13:10:00+09:00,187800.0,187900.0,187200.0,187300.0,663.0
2026-08-26 13:20:00+09:00,187200.0,187300.0,186600.0,186800.0,512.0
2026-08-26 13:30:00+09:00,186700.0,187100.0,186200.0,186600.0,859.0
2026-08-26 13:40:00+09:00,186600.0,186700.0,186300.0,186300.0,677.0
2026-08-26 13:50:00+09:00,186300.0,186300.0,185100.0,185300.0,1695.0
2026-08-26 14:00:00+09:00,185400.0,185600.0,184500.0,184600.0,1147.0
2026-08-26 14:10:00+09:00,184600.0,185200.0,184500.0,184600.0,1122.0
2026-08-26 14:20:00+09:00,184600.0,184700.0,184100.0,184400.0,1749.0
2026-08-26 14:30:00+09:00,184400.0,185800.0,184300.0,185600.0,1306.0
2026-08-26 14:40:00+09:00,185600.0,185800.0,185600.0,185800.0,690.0
2026-08-26 14:50:00+09:00,185800.0,185900.0,185500.0,185600.0,1049.0
2026-08-27 09:00:00+09:00,180200.0,184800.0,180200.0,184300.0,6576.0
2026-08-27 09:10:00+09:00,183900.0,184400.0,182200.0,183500.0,3589.0
2026-08-27 09:20:00+09:00,183300.0,184000.0,181900.0,182700.0,3536.0
2026-08-27 09:30:00+09:00,183100.0,185000.0,182800.0,183500.0,2965.0
2026-08-27 09:40:00+09:00,183400.0,184200.0,182900.0,183900.0,1317.0
2026-08-27 09:50:00+09:00,183900.0,183900.0,181100.0,181800.0,4651.0
2026-08-27 10:00:00+09:00,181700.0,182500.0,181300.0,182100.0,2131.0
2026-08-27 10:10:00+09:00,182300.0,182500.0,181900.0,182500.0,792.0
2026-08-27 10:20:00+09:00,182600.0,183500.0,182500.0,183500.0,1294.0
2026-08-27 10:30:00+09:00,183500.0,185500.0,182800.0,185500.0,4363.0
2026-08-27 10:40:00+09:00,185500.0,185500.0,184000.0,184900.0,2422.0
2026-08-27 10:50:00+09:00,184900.0,185700.0,184800.0,185400.0,1295.0
2026-08-27 11:00:00+09:00,185400.0,186600.0,185100.0,186400.0,2048.0
2026-08-27 11:10:00+09:00,186400.0,186500.0,186100.0,186400.0,1074.0
2026-08-27 11:20:00+09:00,186400.0,186500.0,185400.0,185400.0,1098.0
2026-08-27 11:30:00+09:00,185300.0,186100.0,185100.0,185800.0,870.0
2026-08-27 11:40:00+09:00,185800.0,185800.0,185000.0,185500.0,947.0
2026-08-27 11:50:00+09:00,185500.0,186300.0,185450.0,186300.0,983.0
2026-08-27 12:00:00+09:00,186300.0,187700.0,185900.0,187700.0,3675.0
2026-08-27 12:10:00+09:00,187800.0,189800.0,187700.0,189300.0,6869.0
2026-08-27 12:20:00+09:00,189300.0,189600.0,187900.0,188500.0,2550.0
2026-08-27 12:30:00+09:00,188500.0,188500.0,187800.0,188200.0,970.0
2026-08-27 12:40:00+09:00,188200.0,188200.0,187300.0,187700.0,721.0
2026-08-27 12:50:00+09:00,187600.0,187900.0,187400.0,187500.0,665.0
2026-08-27 13:00:00+09:00,187500.0,188200.0,187300.0,187500.0,732.0
2026-08-27 13:10:00+09:00,187600.0,187900.0,187500.0,187900.0,736.0
2026-08-27 13:20:00+09:00,187900.0,187900.0,186700.0,187100.0,1634.0
2026-08-27 13:30:00+09:00,187200.0,187200.0,186300.0,186300.0,931.0
2026-08-27 13:40:00+09:00,186400.0,187200.0,186100.0,186900.0,1767.0
2026-08-27 13:50:00+09:00,186900.0,188200.0,186700.0,188100.0,1382.0
2026-08-27 14:00:00+09:00,188200.0,188600.0,188100.0,188300.0,1514.0
2026-08-27 14:10:00+09:00,188300.0,188300.0,187000.0,187000.0,792.0
2026-08-27 14:20:00+09:00,187000.0,187900.0,186400.0,186600.0,969.0
2026-08-27 14:30:00+09:00,186700.0,187200.0,186700.0,187100.0,487.0
2026-08-27 14:40:00+09:00,187100.0,187900.0,187000.0,187800.0,1377.0
2026-08-27 14:50:00+09:00,187800.0,188200.0,187200.0,187900.0,2776.0
2026-08-28 09:00:00+09:00,185500.0,189400.0,185500.0,187700.0,5010.0
2026-08-28 09:10:00+09:00,187700.0,187700.0,185100.0,186500.0,6325.0
2026-08-28 09:20:00+09:00,186400.0,186400.0,184700.0,185300.0,4128.0
2026-08-28 09:30:00+09:00,185300.0,186100.0,185000.0,185300.0,1420.0
2026-08-28 09:40:00+09:00,185300.0,186500.0,185300.0,186500.0,956.0
2026-08-28 09:50:00+09:00,186500.0,187500.0,186000.0,186800.0,1817.0
2026-08-28 10:00:00+09:00,186900.0,187000.0,185100.0,185100.0,2065.0
2026-08-28 10:10:00+09:00,185100.0,185200.0,184700.0,185000.0,2095.0
2026-08-28 10:20:00+09:00,185000.0,185500.0,185000.0,185300.0,712.0
2026-08-28 10:30:00+09:00,185200.0,186500.0,185100.0,186200.0,996.0
2026-08-28 10:40:00+09:00,186300.0,186400.0,185600.0,185800.0,402.0
2026-08-28 10:50:00+09:00,185800.0,185900.0,185600.0,185800.0,408.0
2026-08-28 11:00:00+09:00,185900.0,186400.0,185900.0,186400.0,1003.0
2026-08-28 11:10:00+09:00,186400.0,186800.0,186200.0,186600.0,922.0
2026-08-28 11:20:00+09:00,186600.0,186800.0,186200.0,186300.0,667.0
2026-08-28 11:30:00+09:00,186300.0,186900.0,186300.0,186600.0,595.0
2026-08-28 11:40:00+09:00,186600.0,186700.0,186400.0,186600.0,562.0
2026-08-28 11:50:00+09:00,186700.0,187500.0,186700.0,187200.0,893.0
2026-08-28 12:00:00+09:00,187200.0,188300.0,187200.0,187900.0,1152.0
2026-08-28 12:10:00+09:00,187900.0,188600.0,187800.0,188400.0,1011.0
2026-08-28 12:20:00+09:00,188400.0,189800.0,188400.0,189800.0,3211.0
2026-08-28 12:30:00+09:00,189700.0,189800.0,187900.0,188400.0,1939.0
2026-08-28 12:40:00+09:00,188500.0,188500.0,187900.0,188100.0,988.0
2026-08-28 12:50:00+09:00,188100.0,189300.0,188100.0,189300.0,1469.0
2026-08-28 13:00:00+09:00,189300.0,189500.0,189000.0,189300.0,923.0
2026-08-28 13:10:00+09:00,189200.0,189600.0,189200.0,189400.0,2381.0
2026-08-28 13:20:00+09:00,189400.0,190400.0,189400.0,190400.0,4282.0
2026-08-28 13:30:00+09:00,190400.0,191200.0,189900.0,191200.0,4390.0
2026-08-28 13:40:00+09:00,191100.0,191900.0,190600.0,191600.0,5666.0
2026-08-28 13:50:00+09:00,191600.0,191700.0,191200.0,191700.0,2590.0
2026-08-28 14:00:00+09:00,191600.0,191900.0,191200.0,191200.0,3505.0
2026-08-28 14:10:00+09:00,191100.0,191200.0,190300.0,190800.0,1738.0
2026-08-28 14:20:00+09:00,190700.0,192500.0,190600.0,192500.0,4558.0
2026-08-28 14:30:00+09:00,192500.0,192500.0,191400.0,191600.0,2077.0
2026-08-28 14:40:00+09:00,191600.0,191800.0,191200.0,191200.0,1441.0
2026-08-28 14:50:00+09:00,191300.0,191800.0,190900.0,191500.0,1279.0
2026-08-31 09:00:00+09:00,192300.0,192500.0,184000.0,185900.0,5403.0
2026-08-31 09:10:00+09:00,186000.0,186000.0,182200.0,182400.0,12869.0
2026-08-31 09:20:00+09:00,182500.0,184100.0,182100.0,183100.0,8589.0
2026-08-31 09:30:00+09:00,183000.0,183100.0,181400.0,181700.0,8106.0
2026-08-31 09:40:00+09:00,181700.0,181900.0,179900.0,180000.0,7140.0
2026-08-31 09:50:00+09:00,180000.0,180500.0,178800.0,179000.0,7332.0
2026-08-31 10:00:00+09:00,179000.0,179200.0,177400.0,177400.0,6341.0
2026-08-31 10:10:00+09:00,177300.0,178200.0,177200.0,177500.0,4681.0
2026-08-31 10:20:00+09:00,177500.0,177600.0,176200.0,177600.0,7429.0
2026-08-31 10:30:00+09:00,177500.0,177900.0,177200.0,177700.0,3770.0
2026-08-31 10:40:00+09:00,177700.0,177700.0,177200.0,177400.0,2496.0
2026-08-31 10:50:00+09:00,177400.0,180000.0,177400.0,178700.0,4874.0
2026-08-31 11:00:00+09:00,178700.0,179200.0,178600.0,179100.0,1994.0
2026-08-31 11:10:00+09:00,179100.0,179600.0,178100.0,178100.0,3226.0
2026-08-31 11:20:00+09:00,178100.0,178500.0,177900.0,178100.0,2534.0
2026-08-31 11:30:00+09:00,178200.0,178300.0,177800.0,178200.0,1617.0
2026-08-31 11:40:00+09:00,178200.0,179600.0,178200.0,179200.0,1352.0
2026-08-31 11:50:00+09:00,179000.0,180950.0,178800.0,180900.0,1392.0
2026-08-31 12:00:00+09:00,180800.0,180800.0,179900.0,180500.0,1790.0
2026-08-31 12:10:00+09:00,180500.0,180800.0,179700.0,179800.0,2169.0
2026-08-31 12:20:00+09:00,179800.0,180400.0,179700.0,180000.0,1405.0
2026-08-31 12:30:00+09:00,180000.0,180500.0,180000.0,180000.0,1370.0
2026-08-31 12:40:00+09:00,180100.0,181000.0,180100.0,180100.0,1598.0
2026-08-31 12:50:00+09:00,180200.0,180200.0,179700.0,179800.0,1125.0
2026-08-31 13:00:00+09:00,179800.0,179800.0,179600.0,179700.0,680.0
2026-08-31 13:10:00+09:00,179600.0,179900.0,179500.0,179900.0,1333.0
2026-08-31 13:20:00+09:00,179900.0,179900.0,179300.0,179700.0,1343.0
2026-08-31 13:30:00+09:00,179700.0,179700.0,179200.0,179600.0,1573.0
2026-08-31 13:40:00+09:00,179600.0,179700.0,179300.0,179500.0,1100.0
2026-08-31 13:50:00+09:00,179600.0,180000.0,179300.0,179400.0,1461.0
2026-08-31 14:00:00+09:00,179400.0,181000.0,179300.0,181000.0,2846.0
2026-08-31 14:10:00+09:00,181000.0,181500.0,180700.0,181400.0,1822.0
2026-08-31 14:20:00+09:00,181400.0,181400.0,180500.0,181200.0,1746.0
2026-08-31 14:30:00+09:00,181200.0,181300.0,180600.0,180900.0,1182.0
2026-08-31 14:40:00+09:00,180900.0,181800.0,180800.0,181800.0,2300.0
2026-08-31 14:50:00+09:00,181800.0,181800.0,181500.0,181700.0,1425.0
2026-09-01 09:00:00+09:00,180200.0,183100.0,180200.0,181400.0,4647.0
2026-09-01 09:10:00+09:00,181400.0,181400.0,177800.0,177800.0,6641.0
2026-09-01 09:20:00+09:00,177800.0,178000.0,176800.0,176800.0,9493.0
2026-09-01 09:30:00+09:00,176800.0,176800.0,174000.0,174400.0,11743.0
2026-09-01 09:40:00+09:00,174400.0,175900.0,174300.0,175500.0,4553.0
2026-09-01 09:50:00+09:00,175500.0,175500.0,173500.0,174500.0,9212.0
2026-09-01 10:00:00+09:00,174600.0,175800.0,174600.0,175000.0,5196.0
2026-09-01 10:10:00+09:00,175000.0,175400.0,174600.0,175300.0,3052.0
2026-09-01 10:20:00+09:00,175200.0,175500.0,174700.0,174900.0,2801.0
2026-09-01 10:30:00+09:00,174800.0,174900.0,173900.0,174400.0,3913.0
2026-09-01 10:40:00+09:00,174400.0,174500.0,173700.0,173800.0,2580.0
2026-09-01 10:50:00+09:00,173800.0,173900.0,172900.0,173000.0,4740.0
2026-09-01 11:00:00+09:00,173000.0,173200.0,172100.0,172200.0,3032.0
2026-09-01 11:10:00+09:00,172200.0,172600.0,171900.0,172200.0,3936.0
2026-09-01 11:20:00+09:00,172200.0,173100.0,169800.0,170200.0,6283.0
2026-09-01 11:30:00+09:00,170400.0,171400.0,170300.0,171000.0,2298.0
2026-09-01 11:40:00+09:00,171000.0,171000.0,170000.0,170900.0,3406.0
2026-09-01 11:50:00+09:00,170900.0,170900.0,170600.0,170800.0,2634.0
2026-09-01 12:00:00+09:00,170800.0,170800.0,169850.0,169850.0,3274.0
2026-09-01 12:10:00+09:00,169850.0,170200.0,169500.0,170200.0,5001.0
2026-09-01 12:20:00+09:00,170200.0,170400.0,170100.0,170100.0,2442.0
2026-09-01 12:30:00+09:00,170100.0,170150.0,170000.0,170000.0,1451.0
2026-09-01 12:40:00+09:00,170000.0,170800.0,170000.0,170800.0,3575.0
2026-09-01 12:50:00+09:00,170800.0,170800.0,170500.0,170600.0,1910.0
2026-09-01 13:00:00+09:00,170500.0,170500.0,167600.0,168800.0,8577.0
2026-09-01 13:10:00+09:00,168700.0,169300.0,168500.0,168900.0,3610.0
2026-09-01 13:20:00+09:00,168900.0,169000.0,167600.0,167700.0,5380.0
2026-09-01 13:30:00+09:00,167700.0,168000.0,165700.0,167100.0,9169.0
2026-09-01 13:40:00+09:00,167100.0,167500.0,166000.0,167500.0,5614.0
2026-09-01 13:50:00+09:00,167400.0,167700.0,164800.0,164800.0,12188.0
2026-09-01 14:00:00+09:00,164900.0,166200.0,164800.0,165700.0,5728.0
2026-09-01 14:10:00+09:00,165800.0,165800.0,161500.0,161900.0,9954.0
2026-09-01 14:20:00+09:00,162100.0,165000.0,161500.0,164200.0,13763.0
2026-09-01 14:30:00+09:00,164200.0,167000.0,164000.0,166800.0,9526.0
2026-09-01 14:40:00+09:00,166900.0,168000.0,166000.0,166800.0,7045.0
2026-09-01 14:50:00+09:00,166900.0,166900.0,165700.0,166200.0,4979.0
2026-09-02 09:00:00+09:00,157500.0,159400.0,154200.0,157200.0,18365.0
2026-09-02 09:10:00+09:00,157300.0,160100.0,156800.0,159200.0,9494.0
2026-09-02 09:20:00+09:00,159100.0,161200.0,158900.0,160600.0,6886.0
2026-09-02 09:30:00+09:00,160500.0,161200.0,160100.0,161000.0,5724.0
2026-09-02 09:40:00+09:00,161000.0,164700.0,160900.0,164500.0,6307.0
2026-09-02 09:50:00+09:00,164500.0,165200.0,162400.0,163500.0,6835.0
2026-09-02 10:00:00+09:00,163500.0,165200.0,162800.0,164900.0,3602.0
2026-09-02 10:10:00+09:00,164900.0,165400.0,164200.0,164800.0,4344.0
2026-09-02 10:20:00+09:00,164800.0,166300.0,164600.0,166200.0,4969.0
2026-09-02 10:30:00+09:00,166200.0,166300.0,164700.0,164800.0,4188.0
2026-09-02 10:40:00+09:00,164800.0,166100.0,164600.0,165800.0,2771.0
2026-09-02 10:50:00+09:00,165700.0,167100.0,165300.0,166600.0,5246.0
2026-09-02 11:00:00+09:00,166900.0,168600.0,166700.0,167100.0,4119.0
2026-09-02 11:10:00+09:00,167200.0,167800.0,166600.0,167700.0,2175.0
2026-09-02 11:20:00+09:00,167700.0,167700.0,165900.0,165900.0,2769.0
2026-09-02 11:30:00+09:00,165900.0,166000.0,164500.0,164600.0,1744.0
2026-09-02 11:40:00+09:00,164600.0,165400.0,164300.0,165100.0,940.0
2026-09-02 11:50:00+09:00,165100.0,165100.0,163600.0,164800.0,1252.0
2026-09-02 12:00:00+09:00,164300.0,165100.0,164000.0,165000.0,688.0
2026-09-02 12:10:00+09:00,165100.0,165500.0,164900.0,165400.0,993.0
2026-09-02 12:20:00+09:00,165500.0,165900.0,164800.0,165200.0,1069.0
2026-09-02 12:30:00+09:00,165200.0,166000.0,164400.0,165800.0,1571.0
2026-09-02 12:40:00+09:00,165800.0,166600.0,165600.0,166300.0,1374.0
2026-09-02 12:50:00+09:00,166200.0,166400.0,165400.0,165400.0,1209.0
2026-09-02 13:00:00+09:00,165400.0,165400.0,164200.0,164400.0,1503.0
2026-09-02 13:10:00+09:00,164500.0,165500.0,164500.0,165000.0,617.0
2026-09-02 13:20:00+09:00,165000.0,166600.0,164900.0,165000.0,5303.0
2026-09-02 13:30:00+09:00,165000.0,165000.0,162000.0,162000.0,7246.0
2026-09-02 13:40:00+09:00,162200.0,162300.0,160000.0,160400.0,4690.0
2026-09-02 13:50:00+09:00,160400.0,160900.0,157900.0,158900.0,6946.0
2026-09-02 14:00:00+09:00,158900.0,161700.0,158400.0,160000.0,6048.0
2026-09-02 14:10:00+09:00,160000.0,160500.0,159800.0,159900.0,4945.0
2026-09-02 14:20:00+09:00,159900.0,160300.0,158600.0,160000.0,7647.0
2026-09-02 14:30:00+09:00,160100.0,160100.0,159200.0,159400.0,1520.0
2026-09-02 14:40:00+09:00,159400.0,160100.0,158800.0,160100.0,3206.0
2026-09-02 14:50:00+09:00,160100.0,161000.0,158700.0,158750.0,4141.0
2026-09-03 09:00:00+09:00,158900.0,160200.0,156700.0,156900.0,4308.0
2026-09-03 09:10:00+09:00,157000.0,158500.0,156100.0,156400.0,2640.0
2026-09-03 09:20:00+09:00,156500.0,156900.0,155700.0,156500.0,1654.0
2026-09-03 09:30:00+09:00,156500.0,157700.0,155900.0,157500.0,2328.0
2026-09-03 09:40:00+09:00,157700.0,160000.0,150000.0,151600.0,15463.0
2026-09-03 09:50:00+09:00,151600.0,153500.0,150500.0,151400.0,10207.0
2026-09-03 10:00:00+09:00,151400.0,158200.0,151000.0,155200.0,9163.0
2026-09-03 10:10:00+09:00,155200.0,155900.0,153800.0,154200.0,4556.0
2026-09-03 10:20:00+09:00,154200.0,154600.0,150600.0,151400.0,5789.0
2026-09-03 10:30:00+09:00,151400.0,153600.0,150800.0,152900.0,3571.0
2026-09-03 10:40:00+09:00,152600.0,153900.0,152400.0,153000.0,2031.0
2026-09-03 10:50:00+09:00,152800.0,152900.0,151000.0,151900.0,5147.0
2026-09-03 11:00:00+09:00,151800.0,152500.0,151600.0,152300.0,1165.0
2026-09-03 11:10:00+09:00,152300.0,152500.0,151600.0,152500.0,872.0
2026-09-03 11:20:00+09:00,152500.0,153800.0,152400.0,153700.0,912.0
2026-09-03 11:30:00+09:00,153700.0,154500.0,153500.0,154000.0,1907.0
2026-09-03 11:40:00+09:00,154200.0,154300.0,151700.0,152100.0,2047.0
2026-09-03 11:50:00+09:00,152100.0,153000.0,151800.0,152300.0,1703.0
2026-09-03 12:00:00+09:00,152300.0,153200.0,152100.0,153200.0,998.0
2026-09-03 12:10:00+09:00,153200.0,153500.0,152500.0,153200.0,1053.0
2026-09-03 12:20:00+09:00,153100.0,153100.0,151900.0,152000.0,1955.0
2026-09-03 12:30:00+09:00,152000.0,152400.0,151900.0,152200.0,1022.0
2026-09-03 12:40:00+09:00,152300.0,152300.0,151000.0,151150.0,2099.0
2026-09-03 12:50:00+09:00,151100.0,151400.0,150300.0,151400.0,3053.0
2026-09-03 13:00:00+09:00,151400.0,151500.0,151000.0,151100.0,1099.0
2026-09-03 13:10:00+09:00,151100.0,151800.0,151000.0,151800.0,1271.0
2026-09-03 13:20:00+09:00,151800.0,152700.0,151400.0,152000.0,1642.0
2026-09-03 13:30:00+09:00,152000.0,153500.0,152000.0,153300.0,1597.0
2026-09-03 13:40:00+09:00,153100.0,154800.0,152400.0,153300.0,9385.0
2026-09-03 13:50:00+09:00,153400.0,153500.0,151800.0,152000.0,1579.0
2026-09-03 14:00:00+09:00,152100.0,152100.0,150500.0,151600.0,2768.0
2026-09-03 14:10:00+09:00,151400.0,152000.0,149600.0,149800.0,5795.0
2026-09-03 14:20:00+09:00,149800.0,150000.0,149000.0,149900.0,5320.0
2026-09-03 14:30:00+09:00,149900.0,150300.0,149100.0,149800.0,3312.0
2026-09-03 14:40:00+09:00,149700.0,149800.0,148300.0,149400.0,7716.0
2026-09-03 14:50:00+09:00,149500.0,149600.0,148600.0,149100.0,4257.0
2026-09-04 09:00:00+09:00,148000.0,151900.0,147400.0,149500.0,10209.0
2026-09-04 09:10:00+09:00,149700.0,150500.0,148000.0,149000.0,4145.0
2026-09-04 09:20:00+09:00,148900.0,151200.0,148300.0,151000.0,4187.0
2026-09-04 09:30:00+09:00,150900.0,153300.0,150800.0,152800.0,7668.0
2026-09-04 09:40:00+09:00,152700.0,153100.0,151500.0,152400.0,2669.0
2026-09-04 09:50:00+09:00,152300.0,153700.0,152200.0,152400.0,2363.0
2026-09-04 10:00:00+09:00,152300.0,152800.0,151000.0,151100.0,2185.0
2026-09-04 10:10:00+09:00,151000.0,151700.0,150700.0,150700.0,2735.0
2026-09-04 10:20:00+09:00,150700.0,151700.0,150500.0,151300.0,1837.0
2026-09-04 10:30:00+09:00,151300.0,152600.0,151300.0,152100.0,1575.0
2026-09-04 10:40:00+09:00,152000.0,152500.0,151500.0,152400.0,1759.0
2026-09-04 10:50:00+09:00,152500.0,152600.0,152200.0,152500.0,1484.0
2026-09-04 11:00:00+09:00,152500.0,154400.0,152500.0,154300.0,5144.0
2026-09-04 11:10:00+09:00,154400.0,155300.0,154200.0,154200.0,3030.0
2026-09-04 11:20:00+09:00,154300.0,154500.0,153200.0,153400.0,1210.0
2026-09-04 11:30:00+09:00,153300.0,154000.0,153300.0,153900.0,1324.0
2026-09-04 11:40:00+09:00,153900.0,154700.0,153800.0,154600.0,1642.0
2026-09-04 11:50:00+09:00,154600.0,154900.0,154500.0,154800.0,786.0
2026-09-04 12:00:00+09:00,154900.0,157000.0,154800.0,156500.0,2830.0
2026-09-04 12:10:00+09:00,156400.0,157400.0,155900.0,157100.0,2251.0
2026-09-04 12:20:00+09:00,156900.0,159500.0,156900.0,159000.0,5209.0
2026-09-04 12:30:00+09:00,159000.0,160500.0,158700.0,159800.0,8308.0
2026-09-04 12:40:00+09:00,159700.0,161000.0,158600.0,160000.0,6049.0
2026-09-04 12:50:00+09:00,160000.0,162400.0,159600.0,161100.0,6058.0
2026-09-04 13:00:00+09:00,161000.0,161000.0,158000.0,158300.0,3348.0
2026-09-04 13:10:00+09:00,158300.0,158600.0,157100.0,157600.0,2629.0
2026-09-04 13:20:00+09:00,157500.0,157600.0,156600.0,157600.0,2520.0
2026-09-04 13:30:00+09:00,157700.0,158100.0,157100.0,157500.0,3218.0
2026-09-04 13:40:00+09:00,157500.0,157600.0,156900.0,157200.0,1299.0
2026-09-04 13:50:00+09:00,157300.0,158400.0,157200.0,157200.0,3995.0
2026-09-04 14:00:00+09:00,157200.0,158000.0,157100.0,157900.0,1933.0
2026-09-04 14:10:00+09:00,158000.0,158600.0,157900.0,158000.0,2088.0
2026-09-04 14:20:00+09:00,157900.0,158000.0,157100.0,157100.0,2278.0
2026-09-04 14:30:00+09:00,157200.0,157700.0,156700.0,157100.0,2655.0
2026-09-04 14:40:00+09:00,157100.0,157500.0,156200.0,156400.0,2519.0
2026-09-04 14:50:00+09:00,156300.0,157100.0,156200.0,157000.0,1663.0
2026-09-07 09:00:00+09:00,161300.0,166400.0,159300.0,163000.0,4177.0
2026-09-07 09:10:00+09:00,163000.0,163800.0,161500.0,162400.0,4823.0
2026-09-07 09:20:00+09:00,162400.0,164300.0,161800.0,164200.0,3896.0
2026-09-07 09:30:00+09:00,164300.0,165800.0,163100.0,164200.0,3177.0
2026-09-07 09:40:00+09:00,164200.0,167400.0,164100.0,167400.0,5062.0
2026-09-07 09:50:00+09:00,167500.0,167500.0,163600.0,164800.0,2608.0
2026-09-07 10:00:00+09:00,164800.0,165000.0,163300.0,164900.0,2330.0
2026-09-07 10:10:00+09:00,164900.0,165500.0,163600.0,163600.0,1408.0
2026-09-07 10:20:00+09:00,163900.0,164200.0,163300.0,163800.0,2509.0
2026-09-07 10:30:00+09:00,164000.0,164700.0,163500.0,164700.0,978.0
2026-09-07 10:40:00+09:00,164700.0,165000.0,164100.0,164100.0,774.0
2026-09-07 10:50:00+09:00,164000.0,164200.0,163700.0,164200.0,809.0
2026-09-07 11:00:00+09:00,164200.0,164400.0,163900.0,164200.0,1212.0
2026-09-07 11:10:00+09:00,164300.0,164600.0,162900.0,163200.0,1762.0
2026-09-07 11:20:00+09:00,163200.0,163700.0,163000.0,163300.0,903.0
2026-09-07 11:30:00+09:00,163200.0,164000.0,163100.0,164000.0,843.0
2026-09-07 11:40:00+09:00,163400.0,163400.0,161000.0,161200.0,2303.0
2026-09-07 11:50:00+09:00,161300.0,161300.0,159700.0,160100.0,2224.0
2026-09-07 12:00:00+09:00,160000.0,160900.0,160000.0,160600.0,761.0
2026-09-07 12:10:00+09:00,160600.0,160600.0,160200.0,160200.0,517.0
2026-09-07 12:20:00+09:00,160100.0,160100.0,158600.0,159700.0,3382.0
2026-09-07 12:30:00+09:00,159600.0,160700.0,159200.0,160300.0,2210.0
2026-09-07 12:40:00+09:00,160300.0,160300.0,158800.0,158900.0,1365.0
2026-09-07 12:50:00+09:00,158800.0,158900.0,158200.0,158300.0,2544.0
2026-09-07 13:00:00+09:00,158500.0,159000.0,158500.0,158700.0,955.0
2026-09-07 13:10:00+09:00,158800.0,158800.0,155500.0,157500.0,4313.0
2026-09-07 13:20:00+09:00,157200.0,158400.0,157200.0,157900.0,1860.0
2026-09-07 13:30:00+09:00,157900.0,158800.0,157500.0,157900.0,1382.0
2026-09-07 13:40:00+09:00,158000.0,158200.0,157500.0,157600.0,894.0
2026-09-07 13:50:00+09:00,157600.0,159000.0,157200.0,157900.0,2269.0
2026-09-07 14:00:00+09:00,157900.0,160200.0,157500.0,160100.0,2696.0
2026-09-07 14:10:00+09:00,160200.0,162100.0,159900.0,162000.0,2063.0
2026-09-07 14:20:00+09:00,161800.0,162200.0,161200.0,161200.0,1251.0
2026-09-07 14:30:00+09:00,161300.0,162400.0,161100.0,161700.0,1216.0
2026-09-07 14:40:00+09:00,161700.0,162000.0,161300.0,161400.0,2361.0
2026-09-07 14:50:00+09:00,161400.0,161500.0,160500.0,160500.0,2215.0
2026-09-08 09:00:00+09:00,160200.0,160300.0,157600.0,159800.0,7018.0
2026-09-08 09:10:00+09:00,159800.0,159800.0,157100.0,157200.0,5616.0
2026-09-08 09:20:00+09:00,157000.0,158100.0,156900.0,156900.0,2682.0
2026-09-08 09:30:00+09:00,156900.0,157300.0,156500.0,156900.0,4176.0
2026-09-08 09:40:00+09:00,156900.0,158000.0,156900.0,157000.0,3649.0
2026-09-08 09:50:00+09:00,157000.0,157200.0,156800.0,156900.0,2426.0
2026-09-08 10:00:00+09:00,156800.0,157800.0,156700.0,157700.0,3425.0
2026-09-08 10:10:00+09:00,157650.0,159000.0,157000.0,157100.0,3130.0
2026-09-08 10:20:00+09:00,157100.0,157700.0,156900.0,157100.0,2749.0
2026-09-08 10:30:00+09:00,157100.0,157500.0,156900.0,157100.0,3006.0
2026-09-08 10:40:00+09:00,157100.0,157200.0,156300.0,156300.0,3908.0
2026-09-08 10:50:00+09:00,156200.0,156400.0,153600.0,154800.0,10002.0
2026-09-08 11:00:00+09:00,154800.0,156100.0,154700.0,155100.0,3099.0
2026-09-08 11:10:00+09:00,155100.0,155100.0,153600.0,154000.0,4192.0
2026-09-08 11:20:00+09:00,153900.0,154800.0,153600.0,154600.0,2134.0
2026-09-08 11:30:00+09:00,154600.0,154800.0,152500.0,153200.0,6119.0
2026-09-08 11:40:00+09:00,153200.0,154000.0,153100.0,153600.0,2555.0
2026-09-08 11:50:00+09:00,153600.0,153700.0,151000.0,151950.0,6418.0
2026-09-08 12:00:00+09:00,151900.0,152600.0,151900.0,152600.0,3207.0
2026-09-08 12:10:00+09:00,152600.0,152700.0,151500.0,151500.0,3251.0
2026-09-08 12:20:00+09:00,151600.0,151600.0,148100.0,149000.0,14512.0
2026-09-08 12:30:00+09:00,148900.0,151700.0,148700.0,151100.0,8420.0
2026-09-08 12:40:00+09:00,151100.0,151900.0,150900.0,151000.0,5913.0
2026-09-08 12:50:00+09:00,151000.0,151400.0,150400.0,150800.0,4002.0
2026-09-08 13:00:00+09:00,150800.0,152300.0,150700.0,151400.0,4334.0
2026-09-08 13:10:00+09:00,151400.0,151900.0,151200.0,151400.0,3447.0
2026-09-08 13:20:00+09:00,151400.0,152400.0,151300.0,152000.0,3533.0
2026-09-08 13:30:00+09:00,152000.0,152300.0,151100.0,151100.0,4825.0
2026-09-08 13:40:00+09:00,151200.0,151200.0,150400.0,150400.0,1934.0
2026-09-08 13:50:00+09:00,150400.0,150800.0,150100.0,150200.0,5108.0
2026-09-08 14:00:00+09:00,150200.0,151100.0,150100.0,150300.0,4946.0
2026-09-08 14:10:00+09:00,150300.0,150600.0,150200.0,150550.0,3101.0
2026-09-08 14:20:00+09:00,150550.0,150900.0,150500.0,150550.0,3140.0
2026-09-08 14:30:00+09:00,150500.0,150500.0,147600.0,148600.0,16458.0
2026-09-08 14:40:00+09:00,148500.0,148600.0,147200.0,147700.0,8578.0
2026-09-08 14:50:00+09:00,147700.0,149600.0,147400.0,149100.0,6556.0
2026-09-09 09:00:00+09:00,145500.0,148700.0,145000.0,148300.0,8780.0
2026-09-09 09:10:00+09:00,148200.0,149100.0,145400.0,146400.0,4152.0
2026-09-09 09:20:00+09:00,146400.0,147400.0,145200.0,145400.0,5673.0
2026-09-09 09:30:00+09:00,145200.0,145300.0,144100.0,145200.0,6557.0
2026-09-09 09:40:00+09:00,145100.0,148000.0,145100.0,147800.0,4046.0
2026-09-09 09:50:00+09:00,147800.0,150000.0,147200.0,149100.0,7584.0
2026-09-09 10:00:00+09:00,149100.0,149200.0,147300.0,147800.0,3123.0
2026-09-09 10:10:00+09:00,147700.0,148500.0,147700.0,148400.0,1670.0
2026-09-09 10:20:00+09:00,148400.0,149300.0,147900.0,148300.0,2478.0
2026-09-09 10:30:00+09:00,148200.0,149100.0,148100.0,148900.0,2212.0
2026-09-09 10:40:00+09:00,149100.0,149300.0,148100.0,148400.0,2549.0
2026-09-09 10:50:00+09:00,148200.0,148600.0,147800.0,148600.0,2842.0
2026-09-09 11:00:00+09:00,148500.0,149900.0,148500.0,149600.0,3243.0
2026-09-09 11:10:00+09:00,149600.0,149700.0,149200.0,149300.0,1364.0
2026-09-09 11:20:00+09:00,149300.0,149400.0,149000.0,149400.0,1165.0
2026-09-09 11:30:00+09:00,149500.0,149800.0,148800.0,148800.0,1103.0
2026-09-09 11:40:00+09:00,148800.0,148900.0,148400.0,148700.0,799.0
2026-09-09 11:50:00+09:00,148700.0,149300.0,148700.0,149300.0,1639.0
2026-09-09 12:00:00+09:00,149200.0,149650.0,149000.0,149650.0,1278.0
2026-09-09 12:10:00+09:00,149500.0,149500.0,149000.0,149200.0,2001.0
2026-09-09 12:20:00+09:00,149200.0,149500.0,149100.0,149500.0,1157.0
2026-09-09 12:30:00+09:00,149400.0,149400.0,149000.0,149200.0,1052.0
2026-09-09 12:40:00+09:00,149100.0,149400.0,148700.0,148700.0,1893.0
2026-09-09 12:50:00+09:00,148600.0,148600.0,147900.0,148000.0,1489.0
2026-09-09 13:00:00+09:00,148000.0,148300.0,147600.0,147800.0,1877.0
2026-09-09 13:10:00+09:00,147700.0,147800.0,147200.0,147300.0,1955.0
2026-09-09 13:20:00+09:00,147300.0,148000.0,147300.0,147900.0,997.0
2026-09-09 13:30:00+09:00,147900.0,148000.0,147700.0,148000.0,749.0
2026-09-09 13:40:00+09:00,148000.0,148100.0,147800.0,148000.0,1455.0
2026-09-09 13:50:00+09:00,148100.0,148100.0,147500.0,147600.0,1105.0
2026-09-09 14:00:00+09:00,147500.0,147600.0,146500.0,146700.0,2692.0
2026-09-09 14:10:00+09:00,146700.0,147700.0,146700.0,147000.0,2462.0
2026-09-09 14:20:00+09:00,147000.0,147600.0,146800.0,147500.0,1629.0
2026-09-09 14:30:00+09:00,147500.0,147600.0,147000.0,147200.0,1184.0
2026-09-09 14:40:00+09:00,147200.0,147300.0,147000.0,147100.0,3970.0
2026-09-09 14:50:00+09:00,147050.0,147050.0,146300.0,146500.0,5727.0
2026-09-10 09:00:00+09:00,143400.0,143500.0,141200.0,142500.0,11559.0
2026-09-10 09:10:00+09:00,142500.0,143500.0,141300.0,143200.0,6895.0
2026-09-10 09:20:00+09:00,142800.0,144300.0,142600.0,143600.0,5854.0
2026-09-10 09:30:00+09:00,143600.0,144500.0,143500.0,144100.0,5829.0
2026-09-10 09:40:00+09:00,144000.0,144100.0,143600.0,143800.0,2856.0
2026-09-10 09:50:00+09:00,143800.0,144900.0,143200.0,144100.0,5081.0
2026-09-10 10:00:00+09:00,144100.0,147500.0,144000.0,145800.0,12112.0
2026-09-10 10:10:00+09:00,145900.0,146500.0,143300.0,143900.0,6643.0
2026-09-10 10:20:00+09:00,143700.0,143900.0,141900.0,142500.0,6354.0
2026-09-10 10:30:00+09:00,142500.0,143800.0,142100.0,142900.0,5968.0
2026-09-10 10:40:00+09:00,142700.0,144100.0,142600.0,144000.0,4305.0
2026-09-10 10:50:00+09:00,144000.0,145800.0,143900.0,144500.0,4622.0
2026-09-10 11:00:00+09:00,144600.0,146600.0,144600.0,145600.0,4359.0
2026-09-10 11:10:00+09:00,145600.0,147100.0,145300.0,146900.0,3616.0
2026-09-10 11:20:00+09:00,147100.0,147600.0,146800.0,147500.0,5320.0
2026-09-10 11:30:00+09:00,147600.0,148500.0,147000.0,147700.0,4106.0
2026-09-10 11:40:00+09:00,147800.0,147800.0,146900.0,147100.0,2512.0
2026-09-10 11:50:00+09:00,147300.0,148000.0,147000.0,147600.0,2801.0
2026-09-10 12:00:00+09:00,147700.0,149700.0,147600.0,149600.0,4286.0
2026-09-10 12:10:00+09:00,149500.0,151000.0,149500.0,150400.0,7891.0
2026-09-10 12:20:00+09:00,150400.0,150400.0,149400.0,150200.0,3807.0
2026-09-10 12:30:00+09:00,150200.0,150300.0,148800.0,149300.0,3690.0
2026-09-10 12:40:00+09:00,149300.0,150000.0,148800.0,149000.0,3839.0
2026-09-10 12:50:00+09:00,148900.0,149000.0,148100.0,148600.0,3712.0
2026-09-10 13:00:00+09:00,148600.0,148600.0,148000.0,148100.0,2718.0
2026-09-10 13:10:00+09:00,148100.0,148500.0,147200.0,147200.0,2749.0
2026-09-10 13:20:00+09:00,147200.0,149000.0,147100.0,148300.0,4504.0
2026-09-10 13:30:00+09:00,148300.0,149500.0,148200.0,149000.0,2706.0
2026-09-10 13:40:00+09:00,148900.0,149400.0,148600.0,148700.0,1957.0
2026-09-10 13:50:00+09:00,148600.0,149300.0,148200.0,148500.0,2112.0
2026-09-10 14:00:00+09:00,148700.0,150900.0,148700.0,150400.0,6318.0
2026-09-10 14:10:00+09:00,150500.0,150800.0,149900.0,150100.0,4401.0
2026-09-10 14:20:00+09:00,150100.0,150300.0,149700.0,150200.0,3188.0
2026-09-10 14:30:00+09:00,150100.0,151000.0,150100.0,150700.0,4310.0
2026-09-10 14:40:00+09:00,150700.0,150900.0,150200.0,150600.0,3398.0
2026-09-10 14:50:00+09:00,150700.0,150700.0,149600.0,149700.0,5806.0
2026-09-11 09:00:00+09:00,144900.0,147500.0,144800.0,146900.0,5722.0
2026-09-11 09:10:00+09:00,147100.0,148400.0,146700.0,148100.0,6893.0
2026-09-11 09:20:00+09:00,148100.0,148400.0,146900.0,147200.0,3234.0
2026-09-11 09:30:00+09:00,147200.0,147300.0,146100.0,146200.0,2889.0
2026-09-11 09:40:00+09:00,146200.0,146200.0,145500.0,145600.0,1946.0
2026-09-11 09:50:00+09:00,145600.0,145700.0,144400.0,144800.0,6445.0
2026-09-11 10:00:00+09:00,144800.0,144900.0,144400.0,144700.0,2160.0
2026-09-11 10:10:00+09:00,144700.0,145500.0,144600.0,145100.0,1611.0
2026-09-11 10:20:00+09:00,145100.0,145100.0,144700.0,144800.0,1451.0
2026-09-11 10:30:00+09:00,144900.0,145200.0,144500.0,145000.0,2336.0
2026-09-11 10:40:00+09:00,145000.0,145000.0,144400.0,144500.0,2634.0
2026-09-11 10:50:00+09:00,144450.0,145150.0,144400.0,145150.0,1384.0
2026-09-11 11:00:00+09:00,145150.0,145500.0,145000.0,145350.0,1086.0
2026-09-11 11:10:00+09:00,145350.0,145600.0,145200.0,145200.0,1086.0
2026-09-11 11:20:00+09:00,145200.0,145500.0,144800.0,145400.0,1594.0
2026-09-11 11:30:00+09:00,145400.0,145900.0,145200.0,145900.0,1461.0
2026-09-11 11:40:00+09:00,145900.0,146800.0,145800.0,146800.0,1418.0
2026-09-11 11:50:00+09:00,146800.0,146800.0,145600.0,145600.0,1447.0
2026-09-11 12:00:00+09:00,145600.0,145900.0,145350.0,145600.0,1396.0
2026-09-11 12:10:00+09:00,145600.0,145700.0,145200.0,145600.0,850.0
2026-09-11 12:20:00+09:00,145600.0,145700.0,145200.0,145200.0,587.0
2026-09-11 12:30:00+09:00,145300.0,145300.0,145100.0,145300.0,862.0
2026-09-11 12:40:00+09:00,145300.0,145700.0,145100.0,145400.0,758.0
2026-09-11 12:50:00+09:00,145400.0,145900.0,145100.0,145700.0,775.0
2026-09-11 13:00:00+09:00,145700.0,145900.0,145200.0,145800.0,956.0
2026-09-11 13:10:00+09:00,145700.0,145800.0,145200.0,145600.0,883.0
2026-09-11 13:20:00+09:00,145600.0,145800.0,145600.0,145700.0,576.0
2026-09-11 13:30:00+09:00,145600.0,145700.0,145200.0,145300.0,1513.0
2026-09-11 13:40:00+09:00,145300.0,145400.0,144800.0,144900.0,2155.0
2026-09-11 13:50:00+09:00,145000.0,145000.0,144700.0,144800.0,749.0
2026-09-11 14:00:00+09:00,144700.0,144800.0,144600.0,144800.0,1009.0
2026-09-11 14:10:00+09:00,144800.0,145100.0,144800.0,145000.0,848.0
2026-09-11 14:20:00+09:00,145000.0,145000.0,144700.0,144800.0,859.0
2026-09-11 14:30:00+09:00,144800.0,145400.0,144700.0,145300.0,828.0
2026-09-11 14:40:00+09:00,145250.0,145800.0,145200.0,145800.0,2338.0
2026-09-11 14:50:00+09:00,145700.0,146200.0,145600.0,146000.0,1764.0
2026-09-14 09:00:00+09:00,141800.0,142000.0,138100.0,140100.0,3341.0
2026-09-14 09:10:00+09:00,140100.0,141800.0,139200.0,141000.0,4477.0
2026-09-14 09:20:00+09:00,141000.0,141200.0,140200.0,140300.0,3492.0
2026-09-14 09:30:00+09:00,140500.0,142900.0,140200.0,140500.0,2417.0
2026-09-14 09:40:00+09:00,140500.0,141700.0,140400.0,141600.0,1769.0
2026-09-14 09:50:00+09:00,141700.0,141700.0,140900.0,141200.0,1729.0
2026-09-14 10:00:00+09:00,141200.0,143000.0,141200.0,142300.0,2525.0
2026-09-14 10:10:00+09:00,142300.0,142700.0,142000.0,142100.0,1038.0
2026-09-14 10:20:00+09:00,142000.0,142000.0,140200.0,141400.0,8854.0
2026-09-14 10:30:00+09:00,141300.0,141300.0,139100.0,141300.0,6950.0
2026-09-14 10:40:00+09:00,141100.0,141100.0,139000.0,140400.0,2793.0
2026-09-14 10:50:00+09:00,140300.0,140500.0,139000.0,140300.0,2628.0
2026-09-14 11:00:00+09:00,140200.0,141000.0,140200.0,141000.0,1459.0
2026-09-14 11:10:00+09:00,140900.0,141600.0,140900.0,141400.0,1246.0
2026-09-14 11:20:00+09:00,141400.0,141600.0,140800.0,141000.0,1194.0
2026-09-14 11:30:00+09:00,141000.0,141300.0,140500.0,141300.0,1150.0
2026-09-14 11:40:00+09:00,141100.0,141400.0,140900.0,141100.0,590.0
2026-09-14 11:50:00+09:00,141100.0,141300.0,140900.0,140900.0,407.0
2026-09-14 12:00:00+09:00,140900.0,141500.0,140800.0,141100.0,702.0
2026-09-14 12:10:00+09:00,141100.0,141300.0,140700.0,141200.0,920.0
2026-09-14 12:20:00+09:00,141100.0,141600.0,140500.0,141300.0,936.0
2026-09-14 12:30:00+09:00,140800.0,141100.0,139100.0,140800.0,18493.0
2026-09-14 12:40:00+09:00,140800.0,141500.0,140800.0,141400.0,1421.0
2026-09-14 12:50:00+09:00,141400.0,141500.0,140100.0,140600.0,825.0
2026-09-14 13:00:00+09:00,140600.0,142000.0,140600.0,141000.0,1425.0
2026-09-14 13:10:00+09:00,141800.0,142300.0,140900.0,141600.0,1662.0
2026-09-14 13:20:00+09:00,141600.0,141600.0,141200.0,141200.0,1074.0
2026-09-14 13:30:00+09:00,141300.0,141600.0,140900.0,140900.0,978.0
2026-09-14 13:40:00+09:00,141000.0,141100.0,140800.0,140800.0,829.0
2026-09-14 13:50:00+09:00,140800.0,140900.0,140300.0,140700.0,1163.0
2026-09-14 14:00:00+09:00,140800.0,141000.0,140200.0,140200.0,1050.0
2026-09-14 14:10:00+09:00,140100.0,140200.0,139800.0,140000.0,1465.0
2026-09-14 14:20:00+09:00,140000.0,140000.0,139300.0,139900.0,2218.0
2026-09-14 14:30:00+09:00,139900.0,140000.0,139500.0,139600.0,1245.0
2026-09-14 14:40:00+09:00,139700.0,139900.0,138700.0,139100.0,3912.0
2026-09-14 14:50:00+09:00,139100.0,139200.0,138700.0,138900.0,2702.0
2026-09-15 09:00:00+09:00,146700.0,147200.0,142000.0,144100.0,26249.0
2026-09-15 09:10:00+09:00,144200.0,145900.0,143000.0,145900.0,5116.0
2026-09-15 09:20:00+09:00,145900.0,147900.0,144600.0,146800.0,10134.0
2026-09-15 09:30:00+09:00,146400.0,146400.0,143800.0,145200.0,3690.0
2026-09-15 09:40:00+09:00,145200.0,146300.0,143700.0,146200.0,2696.0
2026-09-15 09:50:00+09:00,146200.0,146700.0,145000.0,145000.0,2453.0
2026-09-15 10:00:00+09:00,144900.0,145200.0,144300.0,144800.0,1834.0
2026-09-15 10:10:00+09:00,144800.0,147900.0,144400.0,147200.0,5552.0
2026-09-15 10:20:00+09:00,147200.0,148300.0,147000.0,148000.0,3900.0
2026-09-15 10:30:00+09:00,148000.0,148600.0,147300.0,147700.0,3184.0
2026-09-15 10:40:00+09:00,147700.0,149700.0,146800.0,149400.0,7492.0
2026-09-15 10:50:00+09:00,149400.0,149500.0,148500.0,149400.0,4322.0
2026-09-15 11:00:00+09:00,149400.0,149500.0,148200.0,148300.0,1830.0
2026-09-15 11:10:00+09:00,148300.0,148700.0,148100.0,148200.0,1445.0
2026-09-15 11:20:00+09:00,148200.0,148500.0,147500.0,147900.0,1533.0
2026-09-15 11:30:00+09:00,147900.0,147900.0,146900.0,147100.0,1296.0
2026-09-15 11:40:00+09:00,147200.0,147200.0,146100.0,146400.0,2249.0
2026-09-15 11:50:00+09:00,146300.0,147000.0,145400.0,146900.0,2127.0
2026-09-15 12:00:00+09:00,146800.0,148000.0,146800.0,147900.0,1209.0
2026-09-15 12:10:00+09:00,148000.0,148800.0,147900.0,148200.0,1515.0
2026-09-15 12:20:00+09:00,148200.0,148500.0,148000.0,148500.0,1222.0
2026-09-15 12:30:00+09:00,148400.0,148500.0,148000.0,148200.0,980.0
2026-09-15 12:40:00+09:00,148300.0,148600.0,148200.0,148500.0,1109.0
2026-09-15 12:50:00+09:00,148500.0,148600.0,147700.0,148000.0,1569.0
2026-09-15 13:00:00+09:00,148100.0,148900.0,148000.0,148900.0,2636.0
2026-09-15 13:10:00+09:00,148900.0,149000.0,147800.0,147800.0,1536.0
2026-09-15 13:20:00+09:00,147900.0,148300.0,146700.0,147100.0,2214.0
2026-09-15 13:30:00+09:00,147100.0,147600.0,146600.0,147100.0,1405.0
2026-09-15 13:40:00+09:00,147100.0,148300.0,147000.0,148000.0,2286.0
2026-09-15 13:50:00+09:00,148000.0,148000.0,146800.0,146900.0,1304.0
2026-09-15 14:00:00+09:00,146800.0,147300.0,146200.0,146500.0,1353.0
2026-09-15 14:10:00+09:00,146500.0,150600.0,146300.0,149700.0,11531.0
2026-09-15 14:20:00+09:00,149800.0,155000.0,149500.0,152400.0,39106.0
2026-09-15 14:30:00+09:00,152400.0,152400.0,149700.0,150600.0,10168.0
2026-09-15 14:40:00+09:00,150500.0,151400.0,150300.0,150900.0,3251.0
2026-09-15 14:50:00+09:00,150900.0,151400.0,150500.0,150600.0,2925.0
2026-09-16 09:00:00+09:00,148500.0,148800.0,143600.0,143900.0,9425.0
2026-09-16 09:10:00+09:00,143900.0,145300.0,143400.0,145300.0,5157.0
2026-09-16 09:20:00+09:00,145300.0,145300.0,144200.0,144800.0,2612.0
2026-09-16 09:30:00+09:00,144800.0,144800.0,143800.0,144000.0,2686.0
2026-09-16 09:40:00+09:00,144000.0,146000.0,143800.0,146000.0,2747.0
2026-09-16 09:50:00+09:00,145700.0,147600.0,144100.0,144200.0,4863.0
2026-09-16 10:00:00+09:00,144200.0,144500.0,143900.0,143900.0,3999.0
2026-09-16 10:10:00+09:00,143900.0,143900.0,143400.0,143400.0,2612.0
2026-09-16 10:20:00+09:00,143500.0,143800.0,143400.0,143600.0,2433.0
2026-09-16 10:30:00+09:00,143600.0,143700.0,142500.0,142600.0,4171.0
2026-09-16 10:40:00+09:00,142500.0,142800.0,142300.0,142800.0,2034.0
2026-09-16 10:50:00+09:00,142800.0,142900.0,142200.0,142400.0,2051.0
2026-09-16 11:00:00+09:00,142400.0,144000.0,142400.0,144000.0,1792.0
2026-09-16 11:10:00+09:00,143900.0,144100.0,143200.0,143600.0,1079.0
2026-09-16 11:20:00+09:00,143600.0,143600.0,142900.0,143600.0,1458.0
2026-09-16 11:30:00+09:00,143500.0,143600.0,142900.0,143000.0,1045.0
2026-09-16 11:40:00+09:00,142900.0,143700.0,142800.0,143300.0,2227.0
2026-09-16 11:50:00+09:00,143300.0,144100.0,143000.0,143500.0,1073.0
2026-09-16 12:00:00+09:00,143500.0,144300.0,143400.0,143700.0,2293.0
2026-09-16 12:10:00+09:00,143700.0,145000.0,143700.0,144800.0,1861.0
2026-09-16 12:20:00+09:00,144700.0,146100.0,144300.0,146100.0,2137.0
2026-09-16 12:30:00+09:00,146000.0,146700.0,144900.0,145400.0,2636.0
2026-09-16 12:40:00+09:00,145400.0,145400.0,144900.0,145000.0,188.0
2026-09-16 12:50:00+09:00,145000.0,145500.0,144900.0,144900.0,1361.0
2026-09-16 13:00:00+09:00,144900.0,145900.0,144700.0,145600.0,2834.0
2026-09-16 13:10:00+09:00,145600.0,145600.0,145200.0,145200.0,412.0
2026-09-16 13:20:00+09:00,145200.0,145500.0,144700.0,145200.0,2425.0
2026-09-16 13:30:00+09:00,145200.0,145500.0,144900.0,145000.0,1059.0
2026-09-16 13:40:00+09:00,145000.0,146400.0,145000.0,146200.0,2597.0
2026-09-16 13:50:00+09:00,146000.0,146900.0,145800.0,146800.0,2619.0
2026-09-16 14:00:00+09:00,146700.0,148300.0,146200.0,148200.0,2561.0
2026-09-16 14:10:00+09:00,148100.0,148100.0,147300.0,147400.0,2153.0
2026-09-16 14:20:00+09:00,147400.0,147400.0,146200.0,146800.0,2184.0
2026-09-16 14:30:00+09:00,146900.0,147500.0,146300.0,146400.0,1344.0
2026-09-16 14:40:00+09:00,146300.0,147500.0,146300.0,147300.0,3073.0
2026-09-16 14:50:00+09:00,147200.0,147200.0,146100.0,146100.0,2141.0
2026-09-17 09:00:00+09:00,147800.0,152700.0,147400.0,150800.0,9618.0
2026-09-17 09:10:00+09:00,150900.0,152300.0,150200.0,151400.0,5103.0
2026-09-17 09:20:00+09:00,151400.0,151800.0,150400.0,150900.0,3152.0
2026-09-17 09:30:00+09:00,150800.0,150800.0,149200.0,150300.0,1972.0
2026-09-17 09:40:00+09:00,150200.0,150400.0,148300.0,149000.0,2254.0
2026-09-17 09:50:00+09:00,149000.0,149000.0,147700.0,148400.0,1163.0
2026-09-17 10:00:00+09:00,148400.0,148700.0,147600.0,147600.0,1176.0
2026-09-17 10:10:00+09:00,147700.0,151200.0,147100.0,147500.0,2862.0
2026-09-17 10:20:00+09:00,147500.0,148100.0,147400.0,147400.0,1575.0
2026-09-17 10:30:00+09:00,147450.0,148000.0,147400.0,147600.0,843.0
2026-09-17 10:40:00+09:00,147600.0,147600.0,146300.0,146350.0,2843.0
2026-09-17 10:50:00+09:00,146350.0,146700.0,146100.0,146600.0,869.0
2026-09-17 11:00:00+09:00,146600.0,146700.0,145900.0,145900.0,1246.0
2026-09-17 11:10:00+09:00,145900.0,146400.0,145900.0,146300.0,707.0
2026-09-17 11:20:00+09:00,146350.0,146850.0,146300.0,146800.0,688.0
2026-09-17 11:30:00+09:00,146850.0,147400.0,146550.0,147200.0,798.0
2026-09-17 11:40:00+09:00,147200.0,147200.0,146900.0,146900.0,486.0
2026-09-17 11:50:00+09:00,146900.0,147200.0,146500.0,146600.0,876.0
2026-09-17 12:00:00+09:00,146500.0,147800.0,146500.0,147400.0,804.0
2026-09-17 12:10:00+09:00,147400.0,148100.0,147300.0,148000.0,1279.0
2026-09-17 12:20:00+09:00,148000.0,148300.0,148000.0,148100.0,307.0
2026-09-17 12:30:00+09:00,148000.0,148300.0,147900.0,148300.0,439.0
2026-09-17 12:40:00+09:00,148300.0,148500.0,148000.0,148000.0,478.0
2026-09-17 12:50:00+09:00,148100.0,148600.0,148000.0,148400.0,1199.0
2026-09-17 13:00:00+09:00,148400.0,148400.0,147900.0,148100.0,691.0
2026-09-17 13:10:00+09:00,147900.0,147900.0,147500.0,147500.0,333.0
2026-09-17 13:20:00+09:00,147500.0,148100.0,147100.0,147100.0,1573.0
2026-09-17 13:30:00+09:00,147100.0,147600.0,147000.0,147600.0,783.0
2026-09-17 13:40:00+09:00,147500.0,147600.0,147400.0,147600.0,365.0
2026-09-17 13:50:00+09:00,147600.0,148300.0,147500.0,148300.0,1056.0
2026-09-17 14:00:00+09:00,148200.0,148400.0,148000.0,148400.0,903.0
2026-09-17 14:10:00+09:00,148400.0,148400.0,147800.0,147800.0,1195.0
2026-09-17 14:20:00+09:00,147700.0,147800.0,147100.0,147300.0,1166.0
2026-09-17 14:30:00+09:00,147500.0,147800.0,147200.0,147700.0,834.0
2026-09-17 14:40:00+09:00,147700.0,148100.0,147700.0,147800.0,919.0
2026-09-17 14:50:00+09:00,147900.0,147900.0,147300.0,147300.0,596.0
2026-09-18 09:00:00+09:00,150600.0,152300.0,149800.0,150000.0,5740.0
2026-09-18 09:10:00+09:00,150200.0,151000.0,149500.0,149500.0,1449.0
2026-09-18 09:20:00+09:00,149600.0,150700.0,149500.0,150300.0,1794.0
2026-09-18 09:30:00+09:00,150300.0,151900.0,149900.0,151300.0,3492.0
2026-09-18 09:40:00+09:00,151300.0,152600.0,151000.0,151300.0,4793.0
2026-09-18 09:50:00+09:00,151200.0,151200.0,150200.0,150200.0,1316.0
2026-09-18 10:00:00+09:00,150200.0,150700.0,149500.0,150700.0,2230.0
2026-09-18 10:10:00+09:00,150700.0,151300.0,150200.0,150500.0,1516.0
2026-09-18 10:20:00+09:00,150500.0,150900.0,150100.0,150800.0,862.0
2026-09-18 10:30:00+09:00,150700.0,150800.0,150300.0,150400.0,544.0
2026-09-18 10:40:00+09:00,150300.0,150300.0,149900.0,149900.0,868.0
2026-09-18 10:50:00+09:00,149900.0,150400.0,149600.0,150200.0,1930.0
2026-09-18 11:00:00+09:00,150200.0,150800.0,150100.0,150100.0,885.0
2026-09-18 11:10:00+09:00,150000.0,150000.0,149100.0,149100.0,1163.0
2026-09-18 11:20:00+09:00,149100.0,149700.0,149100.0,149500.0,2022.0
2026-09-18 11:30:00+09:00,149500.0,150500.0,149400.0,150200.0,1097.0
2026-09-18 11:40:00+09:00,150100.0,150300.0,149900.0,150000.0,380.0
2026-09-18 11:50:00+09:00,150000.0,150100.0,149900.0,150100.0,297.0
2026-09-18 12:00:00+09:00,150000.0,150100.0,149400.0,149800.0,812.0
2026-09-18 12:10:00+09:00,149700.0,150300.0,149700.0,150200.0,772.0
2026-09-18 12:20:00+09:00,150100.0,150700.0,150100.0,150500.0,809.0
2026-09-18 12:30:00+09:00,150500.0,150600.0,150300.0,150300.0,351.0
2026-09-18 12:40:00+09:00,150200.0,150300.0,150000.0,150000.0,448.0
2026-09-18 12:50:00+09:00,150000.0,150100.0,149800.0,149800.0,640.0
2026-09-18 13:00:00+09:00,149800.0,150400.0,149600.0,150200.0,616.0
2026-09-18 13:10:00+09:00,150200.0,150300.0,150100.0,150300.0,625.0
2026-09-18 13:20:00+09:00,150200.0,150900.0,150200.0,150700.0,1194.0
2026-09-18 13:30:00+09:00,150800.0,154000.0,150800.0,153800.0,10201.0
2026-09-18 13:40:00+09:00,153800.0,155500.0,153200.0,153500.0,11601.0
2026-09-18 13:50:00+09:00,153400.0,154400.0,153300.0,153700.0,2652.0
2026-09-18 14:00:00+09:00,153700.0,154900.0,153700.0,153900.0,2376.0
2026-09-18 14:10:00+09:00,153800.0,154100.0,153600.0,153750.0,1594.0
2026-09-18 14:20:00+09:00,153800.0,154900.0,153700.0,154700.0,2559.0
2026-09-18 14:30:00+09:00,154700.0,155500.0,154400.0,154400.0,3519.0
2026-09-18 14:40:00+09:00,154300.0,154500.0,153800.0,153900.0,1990.0
2026-09-18 14:50:00+09:00,154000.0,154300.0,153400.0,154100.0,2440.0
2026-09-21 09:00:00+09:00,160100.0,161400.0,158000.0,158800.0,2586.0
2026-09-21 09:10:00+09:00,158800.0,160000.0,158000.0,158100.0,4814.0
2026-09-21 09:20:00+09:00,158100.0,158900.0,158100.0,158400.0,2098.0
2026-09-21 09:30:00+09:00,158800.0,161100.0,158800.0,160200.0,4370.0
2026-09-21 09:40:00+09:00,160200.0,161000.0,158500.0,159200.0,3149.0
2026-09-21 09:50:00+09:00,159200.0,160200.0,159100.0,160000.0,1044.0
2026-09-21 10:00:00+09:00,160000.0,160100.0,159200.0,159300.0,1239.0
2026-09-21 10:10:00+09:00,159300.0,160200.0,159300.0,160100.0,1173.0
2026-09-21 10:20:00+09:00,160200.0,160800.0,160200.0,160600.0,1242.0
2026-09-21 10:30:00+09:00,160600.0,161000.0,160450.0,160900.0,1416.0
2026-09-21 10:40:00+09:00,160900.0,161300.0,160200.0,160200.0,1677.0
2026-09-21 10:50:00+09:00,160300.0,160700.0,159700.0,159700.0,1963.0
2026-09-21 11:00:00+09:00,159700.0,160700.0,159600.0,160400.0,722.0
2026-09-21 11:10:00+09:00,160500.0,161000.0,160300.0,160400.0,653.0
2026-09-21 11:20:00+09:00,160500.0,160500.0,160000.0,160100.0,480.0
2026-09-21 11:30:00+09:00,160100.0,160100.0,159900.0,159900.0,548.0
2026-09-21 11:40:00+09:00,159900.0,160000.0,159600.0,159800.0,392.0
2026-09-21 11:50:00+09:00,159800.0,159900.0,159800.0,159900.0,322.0
2026-09-21 12:00:00+09:00,159900.0,160500.0,159700.0,159800.0,693.0
2026-09-21 12:10:00+09:00,159800.0,160000.0,159600.0,159900.0,1035.0
2026-09-21 12:20:00+09:00,159900.0,160100.0,159700.0,159900.0,582.0
2026-09-21 12:30:00+09:00,159900.0,160700.0,159700.0,160200.0,1549.0
2026-09-21 12:40:00+09:00,160200.0,160700.0,160200.0,160500.0,817.0
2026-09-21 12:50:00+09:00,160500.0,160500.0,160000.0,160100.0,602.0
2026-09-21 13:00:00+09:00,160200.0,161300.0,160200.0,160900.0,1444.0
2026-09-21 13:10:00+09:00,160900.0,160900.0,160300.0,160500.0,716.0
2026-09-21 13:20:00+09:00,160500.0,160600.0,160200.0,160600.0,719.0
2026-09-21 13:30:00+09:00,160500.0,161100.0,160500.0,160600.0,1185.0
2026-09-21 13:40:00+09:00,160500.0,160600.0,159800.0,159800.0,1413.0
2026-09-21 13:50:00+09:00,159900.0,160100.0,159800.0,160100.0,712.0
2026-09-21 14:00:00+09:00,160000.0,160100.0,159500.0,159800.0,1349.0
2026-09-21 14:10:00+09:00,159800.0,159900.0,159500.0,159600.0,881.0
2026-09-21 14:20:00+09:00,159600.0,159700.0,159300.0,159400.0,906.0
2026-09-21 14:30:00+09:00,159200.0,159500.0,159000.0,159400.0,1712.0
2026-09-21 14:40:00+09:00,159500.0,159900.0,159300.0,159300.0,1023.0
2026-09-21 14:50:00+09:00,159300.0,160800.0,159200.0,160700.0,2669.0
2026-09-22 09:00:00+09:00,158600.0,158600.0,155500.0,157400.0,9347.0
2026-09-22 09:10:00+09:00,157400.0,157400.0,154100.0,154600.0,9862.0
2026-09-22 09:20:00+09:00,155100.0,155100.0,153600.0,154600.0,5838.0
2026-09-22 09:30:00+09:00,154500.0,154800.0,153600.0,153700.0,4056.0
2026-09-22 09:40:00+09:00,153700.0,154300.0,151300.0,151600.0,11300.0
2026-09-22 09:50:00+09:00,151700.0,152200.0,151000.0,152100.0,7080.0
2026-09-22 10:00:00+09:00,152100.0,153100.0,152000.0,152100.0,5070.0
2026-09-22 10:10:00+09:00,152100.0,152400.0,151000.0,151100.0,5331.0
2026-09-22 10:20:00+09:00,151100.0,151300.0,150700.0,151200.0,4768.0
2026-09-22 10:30:00+09:00,151200.0,151300.0,150100.0,150200.0,4742.0
2026-09-22 10:40:00+09:00,150100.0,150300.0,149100.0,149200.0,10101.0
2026-09-22 10:50:00+09:00,149200.0,149800.0,148500.0,148500.0,8124.0
2026-09-22 11:00:00+09:00,148600.0,148900.0,148500.0,148900.0,3487.0
2026-09-22 11:10:00+09:00,148900.0,150000.0,148700.0,149900.0,3282.0
2026-09-22 11:20:00+09:00,149800.0,149900.0,148700.0,148700.0,2820.0
2026-09-22 11:30:00+09:00,148750.0,149500.0,148500.0,149100.0,6509.0
2026-09-22 11:40:00+09:00,149100.0,149200.0,148500.0,148500.0,3787.0
2026-09-22 11:50:00+09:00,148600.0,148700.0,147800.0,148100.0,5829.0
2026-09-22 12:00:00+09:00,148100.0,149300.0,148000.0,148800.0,2521.0
2026-09-22 12:10:00+09:00,148750.0,148800.0,148600.0,148750.0,1435.0
2026-09-22 12:20:00+09:00,148700.0,149000.0,148600.0,148800.0,2049.0
2026-09-22 12:30:00+09:00,148900.0,148900.0,148550.0,148800.0,2736.0
2026-09-22 12:40:00+09:00,148700.0,148700.0,148300.0,148300.0,1905.0
2026-09-22 12:50:00+09:00,148300.0,148700.0,148300.0,148400.0,1647.0
2026-09-22 13:00:00+09:00,148400.0,148400.0,147800.0,147800.0,4942.0
2026-09-22 13:10:00+09:00,147800.0,147900.0,146700.0,147100.0,6416.0
2026-09-22 13:20:00+09:00,147300.0,148100.0,147200.0,147700.0,3090.0
2026-09-22 13:30:00+09:00,147650.0,147900.0,147200.0,147700.0,3238.0
2026-09-22 13:40:00+09:00,147700.0,147700.0,146800.0,146800.0,4248.0
2026-09-22 13:50:00+09:00,146800.0,147000.0,144400.0,145200.0,15116.0
2026-09-22 14:00:00+09:00,145200.0,147200.0,144300.0,146100.0,7793.0
2026-09-22 14:10:00+09:00,146100.0,146200.0,143500.0,144000.0,7970.0
2026-09-22 14:20:00+09:00,144000.0,144100.0,142300.0,142400.0,11624.0
2026-09-22 14:30:00+09:00,142400.0,143700.0,142200.0,142200.0,8612.0
2026-09-22 14:40:00+09:00,142300.0,142700.0,141700.0,142200.0,8823.0
2026-09-22 14:50:00+09:00,142200.0,144400.0,142100.0,143400.0,7875.0
