,Open,High,Low,Close,Volume
2026-06-29 09:00:00+09:00,16690.0,17190.0,16250.0,16810.0,136843.0
2026-06-29 09:10:00+09:00,16820.0,17110.0,16770.0,17000.0,122992.0
2026-06-29 09:20:00+09:00,17000.0,17000.0,16650.0,16650.0,73043.0
2026-06-29 09:30:00+09:00,16650.0,16800.0,16320.0,16800.0,116297.0
2026-06-29 09:40:00+09:00,16780.0,16910.0,16740.0,16780.0,33772.0
2026-06-29 09:50:00+09:00,16790.0,17150.0,16790.0,17020.0,57302.0
2026-06-29 10:00:00+09:00,17020.0,17450.0,17010.0,17340.0,163548.0
2026-06-29 10:10:00+09:00,17340.0,17640.0,17330.0,17520.0,148478.0
2026-06-29 10:20:00+09:00,17510.0,17870.0,17500.0,17810.0,183326.0
2026-06-29 10:30:00+09:00,17810.0,17950.0,17550.0,17800.0,116731.0
2026-06-29 10:40:00+09:00,17790.0,18050.0,17720.0,17900.0,126904.0
2026-06-29 10:50:00+09:00,17900.0,17910.0,17700.0,17730.0,47480.0
2026-06-29 11:00:00+09:00,17730.0,17840.0,17550.0,17680.0,45959.0
2026-06-29 11:10:00+09:00,17680.0,17690.0,17400.0,17470.0,70727.0
2026-06-29 11:20:00+09:00,17460.0,17520.0,17410.0,17430.0,32091.0
2026-06-29 11:30:00+09:00,17460.0,17550.0,17330.0,17550.0,41160.0
2026-06-29 11:40:00+09:00,17550.0,17780.0,17540.0,17740.0,34768.0
2026-06-29 11:50:00+09:00,17740.0,17820.0,17700.0,17750.0,31071.0
2026-06-29 12:00:00+09:00,17770.0,17880.0,17700.0,17710.0,37058.0
2026-06-29 12:10:00+09:00,17710.0,17750.0,17680.0,17700.0,27308.0
2026-06-29 12:20:00+09:00,17700.0,17830.0,17660.0,17760.0,32357.0
2026-06-29 12:30:00+09:00,17740.0,17770.0,17590.0,17600.0,35698.0
2026-06-29 12:40:00+09:00,17600.0,17660.0,17500.0,17650.0,35304.0
2026-06-29 12:50:00+09:00,17640.0,17720.0,17590.0,17690.0,36909.0
2026-06-29 13:00:00+09:00,17690.0,17740.0,17660.0,17710.0,29575.0
2026-06-29 13:10:00+09:00,17720.0,17790.0,17690.0,17760.0,27116.0
2026-06-29 13:20:00+09:00,17760.0,17840.0,17660.0,17790.0,38710.0
2026-06-29 13:30:00+09:00,17790.0,17800.0,17570.0,17650.0,29338.0
2026-06-29 13:40:00+09:00,17650.0,17700.0,17600.0,17700.0,25925.0
2026-06-29 13:50:00+09:00,17720.0,17770.0,17690.0,17700.0,26887.0
2026-06-29 14:00:00+09:00,17700.0,17710.0,17600.0,17600.0,29580.0
2026-06-29 14:10:00+09:00,17615.0,17770.0,17610.0,17730.0,41035.0
2026-06-29 14:20:00+09:00,17730.0,17960.0,17730.0,17810.0,72474.0
2026-06-29 14:30:00+09:00,17820.0,18000.0,17780.0,17990.0,56139.0
2026-06-29 14:40:00+09:00,17990.0,18340.0,17950.0,18230.0,240165.0
2026-06-29 14:50:00+09:00,18230.0,18270.0,18100.0,18100.0,101425.0
2026-06-30 09:00:00+09:00,18600.0,19860.0,18000.0,19790.0,806046.0
2026-06-30 09:10:00+09:00,19800.0,20500.0,19410.0,20150.0,744673.0
2026-06-30 09:20:00+09:00,20150.0,20950.0,20050.0,20400.0,661534.0
2026-06-30 09:30:00+09:00,20400.0,20500.0,19560.0,19610.0,580799.0
2026-06-30 09:40:00+09:00,19610.0,19710.0,18770.0,19680.0,322727.0
2026-06-30 09:50:00+09:00,19720.0,20100.0,19530.0,20000.0,198050.0
2026-06-30 10:00:00+09:00,19990.0,20100.0,19650.0,19780.0,128089.0
2026-06-30 10:10:00+09:00,19760.0,20150.0,19530.0,19970.0,162089.0
2026-06-30 10:20:00+09:00,19970.0,19970.0,19500.0,19580.0,117622.0
2026-06-30 10:30:00+09:00,19580.0,19910.0,19580.0,19850.0,99684.0
2026-06-30 10:40:00+09:00,19860.0,20150.0,19740.0,20000.0,102923.0
2026-06-30 10:50:00+09:00,19990.0,20200.0,19980.0,20125.0,117486.0
2026-06-30 11:00:00+09:00,20150.0,20150.0,19760.0,19965.0,114649.0
2026-06-30 11:10:00+09:00,19965.0,20100.0,19780.0,19860.0,107561.0
2026-06-30 11:20:00+09:00,19865.0,19990.0,19830.0,19840.0,70801.0
2026-06-30 11:30:00+09:00,19840.0,19860.0,19690.0,19780.0,89165.0
2026-06-30 11:40:00+09:00,19770.0,19820.0,19660.0,19740.0,65914.0
2026-06-30 11:50:00+09:00,19735.0,19740.0,19570.0,19670.0,98764.0
2026-06-30 12:00:00+09:00,19670.0,19760.0,19500.0,19630.0,88425.0
2026-06-30 12:10:00+09:00,19630.0,19630.0,19450.0,19540.0,70071.0
2026-06-30 12:20:00+09:00,19535.0,19650.0,19520.0,19585.0,66185.0
2026-06-30 12:30:00+09:00,19590.0,19670.0,19480.0,19555.0,137173.0
2026-06-30 12:40:00+09:00,19560.0,19580.0,19480.0,19530.0,60166.0
2026-06-30 12:50:00+09:00,19530.0,19750.0,19530.0,19720.0,63834.0
2026-06-30 13:00:00+09:00,19720.0,19730.0,19490.0,19565.0,72226.0
2026-06-30 13:10:00+09:00,19570.0,19610.0,19470.0,19590.0,62209.0
2026-06-30 13:20:00+09:00,19595.0,19780.0,19550.0,19760.0,67388.0
2026-06-30 13:30:00+09:00,19750.0,20100.0,19745.0,20000.0,183444.0
2026-06-30 13:40:00+09:00,20000.0,20150.0,19870.0,19915.0,136426.0
2026-06-30 13:50:00+09:00,19915.0,19980.0,19840.0,19925.0,84740.0
2026-06-30 14:00:00+09:00,19930.0,19950.0,19810.0,19900.0,67837.0
2026-06-30 14:10:00+09:00,19895.0,19900.0,19710.0,19760.0,77635.0
2026-06-30 14:20:00+09:00,19760.0,20000.0,19760.0,19960.0,83549.0
2026-06-30 14:30:00+09:00,19960.0,19960.0,19840.0,19860.0,77869.0
2026-06-30 14:40:00+09:00,19860.0,19930.0,19850.0,19890.0,67260.0
2026-06-30 14:50:00+09:00,19890.0,20200.0,19880.0,20100.0,155730.0
2026-07-01 09:00:00+09:00,20200.0,20800.0,18520.0,18590.0,1879477.0
2026-07-01 09:10:00+09:00,18590.0,18600.0,18050.0,18080.0,822443.0
2026-07-01 09:20:00+09:00,18080.0,18140.0,17780.0,18080.0,779666.0
2026-07-01 09:30:00+09:00,18100.0,18100.0,17590.0,17660.0,678961.0
2026-07-01 09:40:00+09:00,17670.0,17840.0,17550.0,17830.0,403148.0
2026-07-01 09:50:00+09:00,17830.0,18060.0,17770.0,17800.0,495002.0
2026-07-01 10:00:00+09:00,17810.0,17910.0,17150.0,17280.0,590826.0
2026-07-01 10:10:00+09:00,17280.0,17340.0,17070.0,17080.0,522002.0
2026-07-01 10:20:00+09:00,17080.0,17250.0,17030.0,17180.0,308409.0
2026-07-01 10:30:00+09:00,17190.0,17360.0,17140.0,17340.0,252751.0
2026-07-01 10:40:00+09:00,17340.0,17460.0,17210.0,17240.0,384083.0
2026-07-01 10:50:00+09:00,17250.0,17260.0,17060.0,17070.0,224875.0
2026-07-01 11:00:00+09:00,17070.0,17090.0,16400.0,16410.0,1077702.0
2026-07-01 11:10:00+09:00,16500.0,16690.0,16350.0,16670.0,335938.0
2026-07-01 11:20:00+09:00,16670.0,17110.0,16650.0,17110.0,454945.0
2026-07-01 11:30:00+09:00,17100.0,17330.0,16980.0,17310.0,262714.0
2026-07-01 11:40:00+09:00,17300.0,17600.0,17220.0,17360.0,412807.0
2026-07-01 11:50:00+09:00,17380.0,17590.0,17330.0,17550.0,209210.0
2026-07-01 12:00:00+09:00,17550.0,17730.0,17480.0,17720.0,199731.0
2026-07-01 12:10:00+09:00,17710.0,17740.0,17500.0,17590.0,198212.0
2026-07-01 12:20:00+09:00,17560.0,17670.0,17420.0,17470.0,168256.0
2026-07-01 12:30:00+09:00,17460.0,17750.0,17420.0,17600.0,160655.0
2026-07-01 12:40:00+09:00,17630.0,17630.0,17270.0,17420.0,171639.0
2026-07-01 12:50:00+09:00,17410.0,17455.0,17150.0,17280.0,169230.0
2026-07-01 13:00:00+09:00,17280.0,17370.0,17090.0,17260.0,170275.0
2026-07-01 13:10:00+09:00,17250.0,17460.0,17250.0,17330.0,93632.0
2026-07-01 13:20:00+09:00,17330.0,17460.0,17220.0,17310.0,108522.0
2026-07-01 13:30:00+09:00,17310.0,17360.0,17160.0,17220.0,95154.0
2026-07-01 13:40:00+09:00,17220.0,17310.0,17210.0,17290.0,67398.0
2026-07-01 13:50:00+09:00,17290.0,17370.0,17170.0,17210.0,104769.0
2026-07-01 14:00:00+09:00,17210.0,17290.0,17160.0,17180.0,153503.0
2026-07-01 14:10:00+09:00,17180.0,17180.0,16780.0,16810.0,286926.0
2026-07-01 14:20:00+09:00,16830.0,16850.0,16590.0,16630.0,291130.0
2026-07-01 14:30:00+09:00,16640.0,16870.0,16510.0,16830.0,257862.0
2026-07-01 14:40:00+09:00,16820.0,16960.0,16700.0,16700.0,173006.0
2026-07-01 14:50:00+09:00,16710.0,17280.0,16670.0,17260.0,288673.0
2026-07-02 09:00:00+09:00,16380.0,16590.0,15520.0,16360.0,895999.0
2026-07-02 09:10:00+09:00,16350.0,17160.0,16240.0,16330.0,408664.0
2026-07-02 09:20:00+09:00,16310.0,16610.0,16050.0,16170.0,207922.0
2026-07-02 09:30:00+09:00,16180.0,16530.0,16070.0,16260.0,143018.0
2026-07-02 09:40:00+09:00,16250.0,16260.0,15910.0,16150.0,116639.0
2026-07-02 09:50:00+09:00,16150.0,16190.0,15950.0,16000.0,114603.0
2026-07-02 10:00:00+09:00,16000.0,16180.0,15900.0,16070.0,119020.0
2026-07-02 10:10:00+09:00,16080.0,16080.0,15800.0,15940.0,147003.0
2026-07-02 10:20:00+09:00,15940.0,16070.0,15830.0,16040.0,120131.0
2026-07-02 10:30:00+09:00,16050.0,16400.0,16000.0,16060.0,123926.0
2026-07-02 10:40:00+09:00,16060.0,16250.0,15970.0,16210.0,73437.0
2026-07-02 10:50:00+09:00,16210.0,16210.0,16050.0,16100.0,82885.0
2026-07-02 11:00:00+09:00,16130.0,16170.0,16040.0,16080.0,66093.0
2026-07-02 11:10:00+09:00,16070.0,16080.0,15710.0,15740.0,191815.0
2026-07-02 11:20:00+09:00,15740.0,15780.0,15580.0,15600.0,188984.0
2026-07-02 11:30:00+09:00,15620.0,15620.0,15470.0,15600.0,131412.0
2026-07-02 11:40:00+09:00,15600.0,15620.0,15530.0,15540.0,61734.0
2026-07-02 11:50:00+09:00,15550.0,15570.0,15470.0,15540.0,91605.0
2026-07-02 12:00:00+09:00,15540.0,15640.0,15530.0,15620.0,49353.0
2026-07-02 12:10:00+09:00,15620.0,15620.0,15530.0,15540.0,49439.0
2026-07-02 12:20:00+09:00,15540.0,15580.0,15500.0,15540.0,50940.0
2026-07-02 12:30:00+09:00,15540.0,15540.0,15310.0,15330.0,152896.0
2026-07-02 12:40:00+09:00,15325.0,15350.0,15240.0,15340.0,98858.0
2026-07-02 12:50:00+09:00,15340.0,15400.0,15330.0,15380.0,45699.0
2026-07-02 13:00:00+09:00,15380.0,15540.0,15330.0,15475.0,55239.0
2026-07-02 13:10:00+09:00,15480.0,15500.0,15340.0,15360.0,43720.0
2026-07-02 13:20:00+09:00,15360.0,15520.0,15330.0,15450.0,51010.0
2026-07-02 13:30:00+09:00,15440.0,15440.0,15280.0,15300.0,64846.0
2026-07-02 13:40:00+09:00,15320.0,15340.0,15270.0,15340.0,59779.0
2026-07-02 13:50:00+09:00,15320.0,15510.0,15310.0,15460.0,61386.0
2026-07-02 14:00:00+09:00,15460.0,15670.0,15420.0,15630.0,69945.0
2026-07-02 14:10:00+09:00,15640.0,15650.0,15440.0,15470.0,48970.0
2026-07-02 14:20:00+09:00,15470.0,15630.0,15450.0,15510.0,68930.0
2026-07-02 14:30:00+09:00,15510.0,15520.0,15380.0,15380.0,62851.0
2026-07-02 14:40:00+09:00,15380.0,15410.0,15290.0,15340.0,73025.0
2026-07-02 14:50:00+09:00,15340.0,15390.0,15270.0,15320.0,81152.0
2026-07-03 09:00:00+09:00,15170.0,15270.0,14010.0,14090.0,691493.0
2026-07-03 09:10:00+09:00,14090.0,14220.0,13870.0,13940.0,449356.0
2026-07-03 09:20:00+09:00,13940.0,14020.0,13830.0,13870.0,286398.0
2026-07-03 09:30:00+09:00,13870.0,13880.0,13620.0,13660.0,434123.0
2026-07-03 09:40:00+09:00,13650.0,13670.0,13400.0,13490.0,301366.0
2026-07-03 09:50:00+09:00,13480.0,13490.0,13240.0,13280.0,294281.0
2026-07-03 10:00:00+09:00,13280.0,13690.0,13260.0,13660.0,292521.0
2026-07-03 10:10:00+09:00,13660.0,13930.0,13550.0,13890.0,252805.0
2026-07-03 10:20:00+09:00,13890.0,14110.0,13880.0,13980.0,211216.0
2026-07-03 10:30:00+09:00,13980.0,14250.0,13910.0,14230.0,192689.0
2026-07-03 10:40:00+09:00,14240.0,14240.0,13990.0,14020.0,145442.0
2026-07-03 10:50:00+09:00,14030.0,14180.0,13920.0,14130.0,92509.0
2026-07-03 11:00:00+09:00,14130.0,14270.0,13960.0,14210.0,151178.0
2026-07-03 11:10:00+09:00,14210.0,14220.0,13880.0,14030.0,92745.0
2026-07-03 11:20:00+09:00,14020.0,14120.0,14000.0,14100.0,50031.0
2026-07-03 11:30:00+09:00,14100.0,14120.0,14020.0,14100.0,43869.0
2026-07-03 11:40:00+09:00,14095.0,14160.0,14040.0,14150.0,39175.0
2026-07-03 11:50:00+09:00,14150.0,14270.0,14120.0,14230.0,68567.0
2026-07-03 12:00:00+09:00,14230.0,14230.0,14050.0,14070.0,58459.0
2026-07-03 12:10:00+09:00,14100.0,14100.0,14010.0,14040.0,44123.0
2026-07-03 12:20:00+09:00,14040.0,14360.0,14030.0,14250.0,124726.0
2026-07-03 12:30:00+09:00,14260.0,14380.0,14150.0,14340.0,83871.0
2026-07-03 12:40:00+09:00,14330.0,14440.0,14160.0,14220.0,103230.0
2026-07-03 12:50:00+09:00,14250.0,14290.0,14160.0,14270.0,50639.0
2026-07-03 13:00:00+09:00,14270.0,14290.0,14180.0,14230.0,54649.0
2026-07-03 13:10:00+09:00,14230.0,14230.0,14120.0,14180.0,70873.0
2026-07-03 13:20:00+09:00,14180.0,14260.0,14180.0,14220.0,54040.0
2026-07-03 13:30:00+09:00,14220.0,14490.0,14150.0,14410.0,130683.0
2026-07-03 13:40:00+09:00,14400.0,14410.0,14250.0,14320.0,90829.0
2026-07-03 13:50:00+09:00,14330.0,14400.0,14280.0,14350.0,59309.0
2026-07-03 14:00:00+09:00,14340.0,14350.0,14220.0,14260.0,75765.0
2026-07-03 14:10:00+09:00,14270.0,14290.0,14160.0,14230.0,91532.0
2026-07-03 14:20:00+09:00,14230.0,14270.0,14160.0,14270.0,89703.0
2026-07-03 14:30:00+09:00,14260.0,14530.0,14260.0,14280.0,152814.0
2026-07-03 14:40:00+09:00,14280.0,14370.0,14120.0,14150.0,139766.0
2026-07-03 14:50:00+09:00,14160.0,14280.0,14130.0,14240.0,85630.0
2026-07-06 09:00:00+09:00,14500.0,14640.0,13950.0,14350.0,116906.0
2026-07-06 09:10:00+09:00,14310.0,14310.0,13300.0,13340.0,487574.0
2026-07-06 09:20:00+09:00,13330.0,13590.0,13150.0,13200.0,376160.0
2026-07-06 09:30:00+09:00,13190.0,13240.0,12820.0,13190.0,519962.0
2026-07-06 09:40:00+09:00,13180.0,13350.0,13060.0,13240.0,240569.0
2026-07-06 09:50:00+09:00,13240.0,13360.0,13120.0,13340.0,111670.0
2026-07-06 10:00:00+09:00,13340.0,13390.0,13190.0,13260.0,101396.0
2026-07-06 10:10:00+09:00,13260.0,13350.0,13160.0,13340.0,77810.0
2026-07-06 10:20:00+09:00,13340.0,13390.0,13160.0,13220.0,82883.0
2026-07-06 10:30:00+09:00,13210.0,13350.0,13160.0,13270.0,48244.0
2026-07-06 10:40:00+09:00,13270.0,13280.0,13000.0,13000.0,110663.0
2026-07-06 10:50:00+09:00,13010.0,13060.0,12910.0,13060.0,120423.0
2026-07-06 11:00:00+09:00,13050.0,13220.0,13030.0,13110.0,53907.0
2026-07-06 11:10:00+09:00,13110.0,13110.0,12980.0,13000.0,37667.0
2026-07-06 11:20:00+09:00,13000.0,13090.0,12980.0,12990.0,35731.0
2026-07-06 11:30:00+09:00,12990.0,13050.0,12970.0,13020.0,43755.0
2026-07-06 11:40:00+09:00,13020.0,13030.0,12930.0,12970.0,43515.0
2026-07-06 11:50:00+09:00,12970.0,13020.0,12930.0,12990.0,42879.0
2026-07-06 12:00:00+09:00,12990.0,13100.0,12970.0,13100.0,42515.0
2026-07-06 12:10:00+09:00,13100.0,13200.0,13090.0,13140.0,51113.0
2026-07-06 12:20:00+09:00,13140.0,13200.0,13110.0,13180.0,27604.0
2026-07-06 12:30:00+09:00,13180.0,13200.0,13010.0,13140.0,36315.0
2026-07-06 12:40:00+09:00,13140.0,13190.0,13120.0,13130.0,29821.0
2026-07-06 12:50:00+09:00,13130.0,13170.0,13070.0,13160.0,27822.0
2026-07-06 13:00:00+09:00,13160.0,13160.0,13040.0,13090.0,27983.0
2026-07-06 13:10:00+09:00,13100.0,13210.0,13090.0,13200.0,24183.0
2026-07-06 13:20:00+09:00,13200.0,13250.0,13130.0,13240.0,35410.0
2026-07-06 13:30:00+09:00,13240.0,13290.0,13200.0,13280.0,36317.0
2026-07-06 13:40:00+09:00,13280.0,13300.0,13210.0,13210.0,45121.0
2026-07-06 13:50:00+09:00,13210.0,13250.0,13200.0,13240.0,27476.0
2026-07-06 14:00:00+09:00,13240.0,13240.0,13160.0,13200.0,29483.0
2026-07-06 14:10:00+09:00,13190.0,13240.0,13140.0,13150.0,32953.0
2026-07-06 14:20:00+09:00,13150.0,13160.0,12980.0,13000.0,93518.0
2026-07-06 14:30:00+09:00,13020.0,13040.0,12930.0,13000.0,58477.0
2026-07-06 14:40:00+09:00,13010.0,13100.0,12980.0,13050.0,51199.0
2026-07-06 14:50:00+09:00,13055.0,13260.0,13040.0,13160.0,79303.0
2026-07-07 09:00:00+09:00,13100.0,13260.0,12840.0,12990.0,305651.0
2026-07-07 09:10:00+09:00,13020.0,13040.0,12700.0,12710.0,186264.0
2026-07-07 09:20:00+09:00,12710.0,12970.0,12700.0,12860.0,95404.0
2026-07-07 09:30:00+09:00,12860.0,12930.0,12740.0,12740.0,93505.0
2026-07-07 09:40:00+09:00,12730.0,12740.0,12560.0,12630.0,189293.0
2026-07-07 09:50:00+09:00,12620.0,12730.0,12560.0,12640.0,78669.0
2026-07-07 10:00:00+09:00,12640.0,12730.0,12620.0,12650.0,36273.0
2026-07-07 10:10:00+09:00,12650.0,12670.0,12500.0,12510.0,84903.0
2026-07-07 10:20:00+09:00,12500.0,12530.0,12320.0,12360.0,129238.0
2026-07-07 10:30:00+09:00,12380.0,12530.0,12310.0,12480.0,84046.0
2026-07-07 10:40:00+09:00,12470.0,12780.0,12460.0,12710.0,82350.0
2026-07-07 10:50:00+09:00,12710.0,12810.0,12530.0,12550.0,59086.0
2026-07-07 11:00:00+09:00,12550.0,12590.0,12430.0,12440.0,127685.0
2026-07-07 11:10:00+09:00,12440.0,12450.0,12350.0,12360.0,57073.0
2026-07-07 11:20:00+09:00,12360.0,12430.0,12320.0,12350.0,43595.0
2026-07-07 11:30:00+09:00,12350.0,12350.0,12240.0,12310.0,86692.0
2026-07-07 11:40:00+09:00,12320.0,12320.0,12210.0,12240.0,45154.0
2026-07-07 11:50:00+09:00,12240.0,12300.0,12210.0,12220.0,38062.0
2026-07-07 12:00:00+09:00,12220.0,12340.0,12200.0,12290.0,38047.0
2026-07-07 12:10:00+09:00,12290.0,12310.0,12210.0,12220.0,46985.0
2026-07-07 12:20:00+09:00,12220.0,12230.0,12120.0,12140.0,77884.0
2026-07-07 12:30:00+09:00,12130.0,12170.0,12040.0,12120.0,94751.0
2026-07-07 12:40:00+09:00,12130.0,12130.0,12050.0,12060.0,59333.0
2026-07-07 12:50:00+09:00,12070.0,12130.0,12030.0,12125.0,67953.0
2026-07-07 13:00:00+09:00,12125.0,12190.0,12080.0,12130.0,38824.0
2026-07-07 13:10:00+09:00,12130.0,12210.0,12110.0,12130.0,60189.0
2026-07-07 13:20:00+09:00,12130.0,12170.0,12040.0,12075.0,79382.0
2026-07-07 13:30:00+09:00,12075.0,12120.0,12000.0,12040.0,129546.0
2026-07-07 13:40:00+09:00,12030.0,12040.0,11850.0,11970.0,184858.0
2026-07-07 13:50:00+09:00,11960.0,11970.0,11860.0,11900.0,28657.0
2026-07-07 14:20:00+09:00,11840.0,11900.0,11660.0,11860.0,512190.0
2026-07-07 14:30:00+09:00,11850.0,11900.0,11730.0,11800.0,156443.0
2026-07-07 14:40:00+09:00,11800.0,11860.0,11610.0,11640.0,270419.0
2026-07-07 14:50:00+09:00,11640.0,11800.0,11630.0,11700.0,198942.0
2026-07-08 09:00:00+09:00,11160.0,11380.0,10780.0,10890.0,500118.0
2026-07-08 09:10:00+09:00,10890.0,11030.0,10600.0,10720.0,346952.0
2026-07-08 09:20:00+09:00,10720.0,11080.0,10630.0,10910.0,312384.0
2026-07-08 09:30:00+09:00,10910.0,10960.0,10730.0,10930.0,214535.0
2026-07-08 09:40:00+09:00,10930.0,11090.0,10900.0,11000.0,201134.0
2026-07-08 09:50:00+09:00,11010.0,11170.0,10940.0,11160.0,187513.0
2026-07-08 10:00:00+09:00,11170.0,11170.0,10880.0,10995.0,136639.0
2026-07-08 10:10:00+09:00,10995.0,11070.0,10910.0,10990.0,70003.0
2026-07-08 10:20:00+09:00,10990.0,10990.0,10885.0,10905.0,52819.0
2026-07-08 10:30:00+09:00,10910.0,10960.0,10770.0,10780.0,95943.0
2026-07-08 10:40:00+09:00,10795.0,10840.0,10730.0,10820.0,69048.0
2026-07-08 10:50:00+09:00,10820.0,10840.0,10710.0,10750.0,69937.0
2026-07-08 11:00:00+09:00,10745.0,10780.0,10670.0,10700.0,89323.0
2026-07-08 11:10:00+09:00,10710.0,10800.0,10680.0,10755.0,62011.0
2026-07-08 11:20:00+09:00,10760.0,11045.0,10690.0,10980.0,128725.0
2026-07-08 11:30:00+09:00,10985.0,11010.0,10820.0,10910.0,108624.0
2026-07-08 11:40:00+09:00,10920.0,11010.0,10920.0,10940.0,60176.0
2026-07-08 11:50:00+09:00,10935.0,10955.0,10810.0,10860.0,40196.0
2026-07-08 12:00:00+09:00,10860.0,10950.0,10860.0,10915.0,32753.0
2026-07-08 12:10:00+09:00,10920.0,11040.0,10910.0,11030.0,53281.0
2026-07-08 12:20:00+09:00,11030.0,11150.0,11020.0,11070.0,62831.0
2026-07-08 12:30:00+09:00,11070.0,11100.0,10975.0,11070.0,46007.0
2026-07-08 12:40:00+09:00,11070.0,11150.0,11020.0,11080.0,68663.0
2026-07-08 12:50:00+09:00,11080.0,11140.0,10970.0,10970.0,59531.0
2026-07-08 13:00:00+09:00,10970.0,11025.0,10880.0,10950.0,49190.0
2026-07-08 13:10:00+09:00,10960.0,10960.0,10730.0,10780.0,86759.0
2026-07-08 13:20:00+09:00,10775.0,10850.0,10760.0,10770.0,77443.0
2026-07-08 13:30:00+09:00,10775.0,10790.0,10570.0,10650.0,156458.0
2026-07-08 13:40:00+09:00,10640.0,10710.0,10590.0,10610.0,93825.0
2026-07-08 13:50:00+09:00,10610.0,10720.0,10540.0,10690.0,98890.0
2026-07-08 14:00:00+09:00,10690.0,10810.0,10530.0,10720.0,104146.0
2026-07-08 14:10:00+09:00,10710.0,10865.0,10700.0,10770.0,70598.0
2026-07-08 14:20:00+09:00,10770.0,10805.0,10730.0,10740.0,69299.0
2026-07-08 14:30:00+09:00,10740.0,10830.0,10670.0,10690.0,73848.0
2026-07-08 14:40:00+09:00,10690.0,10785.0,10670.0,10715.0,64894.0
2026-07-08 14:50:00+09:00,10720.0,10855.0,10700.0,10810.0,117438.0
2026-07-09 09:00:00+09:00,10840.0,11090.0,10820.0,10910.0,346278.0
2026-07-09 09:10:00+09:00,10915.0,10950.0,10660.0,10830.0,199873.0
2026-07-09 09:20:00+09:00,10830.0,10980.0,10820.0,10880.0,105252.0
2026-07-09 09:30:00+09:00,10890.0,11020.0,10810.0,10820.0,124129.0
2026-07-09 09:40:00+09:00,10825.0,11020.0,10790.0,10960.0,86563.0
2026-07-09 09:50:00+09:00,10960.0,10990.0,10810.0,10990.0,108595.0
2026-07-09 10:00:00+09:00,10990.0,11310.0,10970.0,11290.0,205951.0
2026-07-09 10:10:00+09:00,11290.0,11750.0,11280.0,11700.0,503429.0
2026-07-09 10:20:00+09:00,11690.0,11790.0,11550.0,11570.0,287476.0
2026-07-09 10:30:00+09:00,11570.0,11570.0,11300.0,11380.0,165477.0
2026-07-09 10:40:00+09:00,11390.0,11600.0,11330.0,11470.0,100595.0
2026-07-09 10:50:00+09:00,11480.0,11600.0,11310.0,11360.0,121088.0
2026-07-09 11:00:00+09:00,11360.0,11450.0,11200.0,11380.0,129246.0
2026-07-09 11:10:00+09:00,11390.0,11660.0,11340.0,11650.0,91754.0
2026-07-09 11:20:00+09:00,11650.0,11780.0,11600.0,11700.0,219648.0
2026-07-09 11:30:00+09:00,11710.0,11740.0,11530.0,11640.0,95011.0
2026-07-09 11:40:00+09:00,11620.0,11630.0,11390.0,11430.0,107727.0
2026-07-09 11:50:00+09:00,11430.0,11430.0,11260.0,11320.0,93147.0
2026-07-09 12:00:00+09:00,11340.0,11340.0,11170.0,11270.0,117636.0
2026-07-09 12:10:00+09:00,11270.0,11280.0,11050.0,11140.0,86375.0
2026-07-09 12:20:00+09:00,11130.0,11440.0,11130.0,11420.0,102079.0
2026-07-09 12:30:00+09:00,11420.0,11620.0,11420.0,11500.0,91934.0
2026-07-09 12:40:00+09:00,11500.0,11555.0,11410.0,11520.0,49361.0
2026-07-09 12:50:00+09:00,11520.0,11530.0,11420.0,11430.0,49350.0
2026-07-09 13:00:00+09:00,11430.0,11770.0,11430.0,11770.0,155669.0
2026-07-09 13:10:00+09:00,11760.0,11770.0,11530.0,11540.0,161250.0
2026-07-09 13:20:00+09:00,11550.0,11640.0,11460.0,11530.0,103178.0
2026-07-09 13:30:00+09:00,11520.0,11660.0,11510.0,11540.0,102639.0
2026-07-09 13:40:00+09:00,11540.0,11620.0,11500.0,11510.0,92971.0
2026-07-09 13:50:00+09:00,11510.0,11650.0,11500.0,11650.0,99807.0
2026-07-09 14:00:00+09:00,11650.0,11720.0,11550.0,11650.0,136576.0
2026-07-09 14:10:00+09:00,11650.0,11710.0,11540.0,11550.0,113835.0
2026-07-09 14:20:00+09:00,11560.0,11670.0,11490.0,11630.0,132258.0
2026-07-09 14:30:00+09:00,11630.0,11840.0,11520.0,11780.0,201169.0
2026-07-09 14:40:00+09:00,11780.0,11780.0,11630.0,11770.0,229215.0
2026-07-09 14:50:00+09:00,11770.0,11890.0,11700.0,11890.0,270735.0
2026-07-10 09:00:00+09:00,12000.0,12350.0,11950.0,12230.0,527442.0
2026-07-10 09:10:00+09:00,12220.0,12270.0,11910.0,12050.0,207637.0
2026-07-10 09:20:00+09:00,12050.0,12460.0,12020.0,12460.0,281752.0
2026-07-10 09:30:00+09:00,12460.0,12710.0,12390.0,12670.0,264769.0
2026-07-10 09:40:00+09:00,12670.0,12980.0,12470.0,12820.0,438962.0
2026-07-10 09:50:00+09:00,12830.0,13150.0,12820.0,13100.0,605484.0
2026-07-10 10:00:00+09:00,13100.0,13400.0,13090.0,13270.0,637382.0
2026-07-10 10:10:00+09:00,13250.0,13310.0,12860.0,13280.0,407942.0
2026-07-10 10:20:00+09:00,13280.0,13400.0,13150.0,13400.0,340787.0
2026-07-10 10:30:00+09:00,13400.0,13600.0,13360.0,13520.0,446699.0
2026-07-10 10:40:00+09:00,13520.0,13860.0,13430.0,13780.0,427306.0
2026-07-10 10:50:00+09:00,13780.0,13800.0,13530.0,13580.0,237779.0
2026-07-10 11:00:00+09:00,13590.0,13820.0,13470.0,13790.0,202429.0
2026-07-10 11:10:00+09:00,13780.0,13980.0,13680.0,13950.0,291389.0
2026-07-10 11:20:00+09:00,13950.0,14100.0,13800.0,13940.0,453371.0
2026-07-10 11:30:00+09:00,13940.0,14080.0,13830.0,13910.0,255752.0
2026-07-10 11:40:00+09:00,13920.0,14030.0,13710.0,13750.0,235123.0
2026-07-10 11:50:00+09:00,13750.0,13960.0,13720.0,13880.0,172773.0
2026-07-10 12:00:00+09:00,13870.0,13980.0,13800.0,13930.0,113641.0
2026-07-10 12:10:00+09:00,13940.0,14090.0,13890.0,14060.0,158810.0
2026-07-10 12:20:00+09:00,14060.0,14130.0,13810.0,13810.0,210360.0
2026-07-10 12:30:00+09:00,13830.0,13930.0,13800.0,13890.0,107410.0
2026-07-10 12:40:00+09:00,13890.0,14000.0,13840.0,13970.0,116129.0
2026-07-10 12:50:00+09:00,13980.0,13980.0,13830.0,13830.0,88880.0
2026-07-10 13:00:00+09:00,13840.0,14190.0,13840.0,13970.0,234335.0
2026-07-10 13:10:00+09:00,13970.0,14005.0,13910.0,13920.0,74931.0
2026-07-10 13:20:00+09:00,13920.0,13930.0,13760.0,13870.0,105179.0
2026-07-10 13:30:00+09:00,13870.0,13950.0,13800.0,13820.0,71549.0
2026-07-10 13:40:00+09:00,13820.0,13890.0,13780.0,13790.0,51226.0
2026-07-10 13:50:00+09:00,13790.0,13800.0,13570.0,13600.0,146908.0
2026-07-10 14:00:00+09:00,13600.0,13640.0,13460.0,13500.0,128088.0
2026-07-10 14:10:00+09:00,13500.0,13650.0,13490.0,13620.0,70341.0
2026-07-10 14:20:00+09:00,13610.0,13870.0,13610.0,13740.0,128593.0
2026-07-10 14:30:00+09:00,13740.0,13790.0,13660.0,13680.0,59859.0
2026-07-10 14:40:00+09:00,13680.0,13760.0,13620.0,13740.0,57475.0
2026-07-10 14:50:00+09:00,13740.0,13760.0,13700.0,13760.0,54280.0
2026-07-13 09:00:00+09:00,13740.0,13990.0,13520.0,13970.0,132114.0
2026-07-13 09:10:00+09:00,13970.0,14420.0,13880.0,13930.0,388624.0
2026-07-13 09:20:00+09:00,13920.0,14090.0,13860.0,13980.0,158044.0
2026-07-13 09:30:00+09:00,13980.0,14100.0,13810.0,13850.0,127355.0
2026-07-13 09:40:00+09:00,13850.0,13970.0,13750.0,13880.0,84312.0
2026-07-13 09:50:00+09:00,13880.0,13880.0,13430.0,13480.0,167904.0
2026-07-13 10:00:00+09:00,13490.0,13540.0,13200.0,13380.0,174058.0
2026-07-13 10:10:00+09:00,13370.0,13460.0,13180.0,13190.0,95023.0
2026-07-13 10:20:00+09:00,13180.0,13190.0,13040.0,13060.0,105012.0
2026-07-13 10:30:00+09:00,13050.0,13390.0,12890.0,13140.0,146115.0
2026-07-13 10:40:00+09:00,13140.0,13390.0,12920.0,12920.0,93567.0
2026-07-13 10:50:00+09:00,12920.0,12920.0,12770.0,12880.0,85914.0
2026-07-13 11:00:00+09:00,12880.0,12890.0,12760.0,12840.0,44885.0
2026-07-13 11:10:00+09:00,12840.0,12900.0,12740.0,12800.0,62795.0
2026-07-13 11:20:00+09:00,12810.0,12950.0,12770.0,12890.0,47561.0
2026-07-13 11:30:00+09:00,12890.0,12890.0,12730.0,12760.0,60392.0
2026-07-13 11:40:00+09:00,12760.0,12770.0,12560.0,12610.0,87015.0
2026-07-13 11:50:00+09:00,12610.0,12710.0,12530.0,12560.0,56185.0
2026-07-13 12:00:00+09:00,12540.0,12580.0,12400.0,12430.0,79330.0
2026-07-13 12:10:00+09:00,12430.0,12500.0,12380.0,12500.0,55091.0
2026-07-13 12:20:00+09:00,12505.0,12560.0,12370.0,12420.0,54239.0
2026-07-13 12:30:00+09:00,12420.0,12500.0,12360.0,12480.0,37667.0
2026-07-13 12:40:00+09:00,12450.0,12530.0,12430.0,12510.0,42718.0
2026-07-13 12:50:00+09:00,12500.0,12630.0,12470.0,12630.0,60180.0
2026-07-13 13:00:00+09:00,12630.0,12640.0,12470.0,12530.0,55967.0
2026-07-13 13:10:00+09:00,12530.0,12560.0,12360.0,12430.0,66020.0
2026-07-13 13:20:00+09:00,12420.0,12490.0,12370.0,12390.0,50114.0
2026-07-13 13:50:00+09:00,12390.0,12480.0,12320.0,12320.0,28594.0
2026-07-13 14:00:00+09:00,12325.0,12570.0,12190.0,12560.0,102676.0
2026-07-13 14:10:00+09:00,12560.0,12560.0,12430.0,12460.0,49530.0
2026-07-13 14:20:00+09:00,12450.0,12460.0,12260.0,12380.0,56256.0
2026-07-13 14:30:00+09:00,12380.0,12570.0,12320.0,12530.0,57751.0
2026-07-13 14:40:00+09:00,12520.0,12590.0,12410.0,12420.0,46374.0
2026-07-13 14:50:00+09:00,12420.0,12540.0,12390.0,12530.0,66910.0
2026-07-14 09:00:00+09:00,12450.0,12520.0,12010.0,12060.0,291649.0
2026-07-14 09:10:00+09:00,12080.0,12260.0,11940.0,12020.0,164792.0
2026-07-14 09:20:00+09:00,12010.0,12070.0,11800.0,11900.0,101040.0
2026-07-14 09:30:00+09:00,11900.0,12210.0,11880.0,11960.0,85510.0
2026-07-14 09:40:00+09:00,11960.0,12000.0,11800.0,11990.0,71079.0
2026-07-14 09:50:00+09:00,11990.0,12300.0,11950.0,12210.0,89359.0
2026-07-14 10:00:00+09:00,12210.0,12320.0,12150.0,12170.0,80095.0
2026-07-14 10:10:00+09:00,12170.0,12170.0,11975.0,12110.0,50854.0
2026-07-14 10:20:00+09:00,12110.0,12200.0,12000.0,12090.0,34567.0
2026-07-14 10:30:00+09:00,12090.0,12130.0,11890.0,11910.0,50629.0
2026-07-14 10:40:00+09:00,11910.0,12000.0,11900.0,11940.0,25582.0
2026-07-14 10:50:00+09:00,11970.0,11970.0,11810.0,11830.0,51431.0
2026-07-14 11:00:00+09:00,11830.0,11850.0,11700.0,11780.0,117578.0
2026-07-14 11:10:00+09:00,11750.0,11750.0,11550.0,11570.0,66846.0
2026-07-14 11:20:00+09:00,11570.0,11620.0,11510.0,11560.0,54149.0
2026-07-14 11:30:00+09:00,11560.0,11730.0,11480.0,11720.0,61769.0
2026-07-14 11:40:00+09:00,11720.0,11820.0,11630.0,11690.0,29934.0
2026-07-14 11:50:00+09:00,11690.0,11690.0,11580.0,11600.0,18760.0
2026-07-14 12:00:00+09:00,11600.0,11600.0,11420.0,11450.0,55243.0
2026-07-14 12:10:00+09:00,11450.0,11460.0,11300.0,11340.0,78117.0
2026-07-14 12:20:00+09:00,11350.0,11360.0,11250.0,11320.0,65333.0
2026-07-14 12:30:00+09:00,11320.0,11510.0,11320.0,11400.0,47504.0
2026-07-14 12:40:00+09:00,11400.0,11530.0,11330.0,11420.0,31204.0
2026-07-14 12:50:00+09:00,11430.0,11510.0,11390.0,11450.0,44482.0
2026-07-14 13:00:00+09:00,11450.0,11500.0,11400.0,11410.0,31197.0
2026-07-14 13:10:00+09:00,11410.0,11430.0,11320.0,11340.0,42311.0
2026-07-14 13:20:00+09:00,11350.0,11470.0,11320.0,11430.0,39982.0
2026-07-14 13:30:00+09:00,11430.0,11650.0,11370.0,11640.0,57732.0
2026-07-14 13:40:00+09:00,11630.0,11640.0,11490.0,11620.0,39147.0
2026-07-14 13:50:00+09:00,11610.0,11730.0,11570.0,11670.0,50424.0
2026-07-14 14:00:00+09:00,11690.0,11740.0,11600.0,11690.0,37426.0
2026-07-14 14:10:00+09:00,11680.0,11720.0,11620.0,11670.0,37717.0
2026-07-14 14:20:00+09:00,11670.0,11990.0,11670.0,11870.0,95791.0
2026-07-14 14:30:00+09:00,11870.0,12000.0,11760.0,11800.0,73233.0
2026-07-14 14:40:00+09:00,11780.0,11840.0,11720.0,11800.0,50376.0
2026-07-14 14:50:00+09:00,11800.0,11800.0,11650.0,11730.0,58879.0
2026-07-15 09:00:00+09:00,12600.0,13040.0,12400.0,12590.0,630440.0
2026-07-15 09:10:00+09:00,12580.0,13280.0,12540.0,13020.0,354440.0
2026-07-15 09:20:00+09:00,13020.0,13270.0,13010.0,13240.0,206999.0
2026-07-15 09:30:00+09:00,13180.0,13330.0,12820.0,12910.0,165668.0
2026-07-15 09:40:00+09:00,12920.0,13040.0,12880.0,12930.0,62937.0
2026-07-15 09:50:00+09:00,12930.0,12930.0,12790.0,12830.0,83751.0
2026-07-15 10:00:00+09:00,12840.0,12900.0,12500.0,12540.0,150136.0
2026-07-15 10:10:00+09:00,12540.0,12740.0,12450.0,12630.0,173240.0
2026-07-15 10:20:00+09:00,12630.0,12690.0,12560.0,12640.0,47799.0
2026-07-15 10:30:00+09:00,12630.0,12680.0,12470.0,12530.0,79810.0
2026-07-15 10:40:00+09:00,12520.0,12540.0,12410.0,12480.0,68224.0
2026-07-15 10:50:00+09:00,12480.0,12590.0,12450.0,12580.0,47607.0
2026-07-15 11:00:00+09:00,12580.0,12650.0,12560.0,12610.0,49183.0
2026-07-15 11:10:00+09:00,12610.0,12640.0,12600.0,12640.0,23299.0
2026-07-15 11:20:00+09:00,12640.0,12660.0,12560.0,12570.0,44136.0
2026-07-15 11:30:00+09:00,12570.0,12700.0,12570.0,12670.0,31997.0
2026-07-15 11:40:00+09:00,12660.0,12780.0,12660.0,12720.0,33439.0
2026-07-15 11:50:00+09:00,12720.0,12740.0,12560.0,12560.0,48509.0
2026-07-15 12:00:00+09:00,12590.0,12680.0,12560.0,12670.0,24248.0
2026-07-15 12:10:00+09:00,12670.0,12670.0,12600.0,12600.0,13701.0
2026-07-15 12:20:00+09:00,12600.0,12690.0,12580.0,12670.0,17178.0
2026-07-15 12:30:00+09:00,12670.0,12670.0,12620.0,12640.0,18164.0
2026-07-15 12:40:00+09:00,12650.0,12660.0,12580.0,12600.0,33773.0
2026-07-15 12:50:00+09:00,12600.0,12620.0,12520.0,12530.0,39537.0
2026-07-15 13:00:00+09:00,12520.0,12590.0,12520.0,12540.0,39644.0
2026-07-15 13:10:00+09:00,12540.0,12800.0,12530.0,12795.0,68849.0
2026-07-15 13:20:00+09:00,12795.0,12820.0,12700.0,12760.0,69719.0
2026-07-15 13:30:00+09:00,12760.0,12790.0,12710.0,12780.0,32386.0
2026-07-15 13:40:00+09:00,12780.0,12790.0,12690.0,12710.0,39736.0
2026-07-15 13:50:00+09:00,12710.0,12720.0,12640.0,12720.0,38067.0
2026-07-15 14:00:00+09:00,12720.0,12720.0,12610.0,12670.0,52742.0
2026-07-15 14:10:00+09:00,12680.0,12710.0,12600.0,12650.0,37255.0
2026-07-15 14:20:00+09:00,12650.0,12780.0,12560.0,12560.0,88245.0
2026-07-15 14:30:00+09:00,12560.0,12690.0,12560.0,12650.0,29792.0
2026-07-15 14:40:00+09:00,12660.0,12870.0,12660.0,12840.0,73014.0
2026-07-15 14:50:00+09:00,12840.0,12850.0,12780.0,12810.0,41018.0
2026-07-16 09:00:00+09:00,12250.0,12260.0,11810.0,12070.0,262346.0
2026-07-16 09:10:00+09:00,12070.0,12370.0,11770.0,11780.0,172552.0
2026-07-16 09:20:00+09:00,11780.0,11890.0,11730.0,11820.0,99488.0
2026-07-16 09:30:00+09:00,11810.0,11900.0,11730.0,11850.0,51351.0
2026-07-16 09:40:00+09:00,11870.0,11890.0,11810.0,11890.0,34059.0
2026-07-16 09:50:00+09:00,11870.0,11990.0,11790.0,11810.0,50748.0
2026-07-16 10:00:00+09:00,11820.0,11880.0,11760.0,11780.0,32905.0
2026-07-16 10:10:00+09:00,11780.0,11780.0,11680.0,11720.0,72106.0
2026-07-16 10:20:00+09:00,11720.0,11800.0,11720.0,11770.0,18979.0
2026-07-16 10:30:00+09:00,11760.0,11810.0,11710.0,11770.0,25865.0
2026-07-16 10:40:00+09:00,11780.0,11810.0,11660.0,11750.0,31329.0
2026-07-16 10:50:00+09:00,11745.0,11760.0,11670.0,11670.0,24214.0
2026-07-16 11:00:00+09:00,11670.0,11680.0,11570.0,11600.0,55344.0
2026-07-16 11:10:00+09:00,11600.0,11670.0,11570.0,11670.0,16190.0
2026-07-16 11:20:00+09:00,11670.0,11790.0,11670.0,11790.0,15505.0
2026-07-16 11:30:00+09:00,11790.0,11810.0,11730.0,11740.0,20846.0
2026-07-16 11:40:00+09:00,11740.0,11810.0,11730.0,11810.0,10280.0
2026-07-16 11:50:00+09:00,11800.0,11810.0,11720.0,11790.0,13957.0
2026-07-16 12:00:00+09:00,11780.0,11830.0,11740.0,11830.0,12801.0
2026-07-16 12:10:00+09:00,11830.0,11840.0,11780.0,11780.0,20534.0
2026-07-16 12:20:00+09:00,11790.0,11850.0,11780.0,11820.0,17730.0
2026-07-16 12:30:00+09:00,11830.0,11880.0,11820.0,11830.0,13491.0
2026-07-16 12:40:00+09:00,11820.0,11860.0,11820.0,11825.0,13801.0
2026-07-16 12:50:00+09:00,11820.0,11900.0,11820.0,11900.0,12592.0
2026-07-16 13:00:00+09:00,11890.0,11900.0,11840.0,11850.0,14216.0
2026-07-16 13:10:00+09:00,11850.0,11910.0,11830.0,11840.0,16565.0
2026-07-16 13:20:00+09:00,11840.0,11840.0,11800.0,11800.0,13619.0
2026-07-16 13:30:00+09:00,11800.0,11830.0,11760.0,11770.0,12383.0
2026-07-16 13:40:00+09:00,11770.0,11790.0,11690.0,11710.0,28008.0
2026-07-16 13:50:00+09:00,11710.0,11750.0,11700.0,11740.0,15982.0
2026-07-16 14:00:00+09:00,11740.0,11770.0,11720.0,11730.0,21682.0
2026-07-16 14:10:00+09:00,11740.0,11880.0,11720.0,11860.0,23534.0
2026-07-16 14:20:00+09:00,11860.0,11940.0,11860.0,11920.0,32386.0
2026-07-16 14:30:00+09:00,11910.0,12750.0,11730.0,11730.0,40351.0
2026-07-16 14:40:00+09:00,11720.0,11770.0,11650.0,11680.0,44621.0
2026-07-16 14:50:00+09:00,11680.0,11720.0,11650.0,11670.0,34181.0
2026-07-20 09:00:00+09:00,11030.0,11200.0,10730.0,11040.0,125712.0
2026-07-20 09:10:00+09:00,11050.0,11340.0,11040.0,11200.0,150478.0
2026-07-20 09:20:00+09:00,11200.0,11220.0,11060.0,11140.0,105412.0
2026-07-20 09:30:00+09:00,11140.0,11200.0,10920.0,11170.0,153259.0
2026-07-20 09:40:00+09:00,11170.0,11220.0,11010.0,11100.0,45224.0
2026-07-20 09:50:00+09:00,11090.0,11090.0,10850.0,10890.0,75151.0
2026-07-20 10:00:00+09:00,10890.0,10970.0,10850.0,10920.0,37920.0
2026-07-20 10:10:00+09:00,10930.0,10980.0,10830.0,10830.0,47385.0
2026-07-20 10:20:00+09:00,10820.0,10900.0,10750.0,10750.0,51273.0
2026-07-20 10:30:00+09:00,10760.0,10770.0,10700.0,10740.0,49158.0
2026-07-20 10:40:00+09:00,10740.0,10750.0,10600.0,10600.0,91437.0
2026-07-20 10:50:00+09:00,10610.0,10620.0,10510.0,10590.0,79525.0
2026-07-20 11:00:00+09:00,10590.0,10670.0,10560.0,10650.0,34454.0
2026-07-20 11:10:00+09:00,10650.0,10660.0,10430.0,10460.0,94278.0
2026-07-20 11:20:00+09:00,10460.0,10530.0,10360.0,10420.0,70419.0
2026-07-20 11:30:00+09:00,10410.0,10570.0,10400.0,10440.0,64100.0
2026-07-20 11:40:00+09:00,10460.0,10590.0,10450.0,10540.0,21990.0
2026-07-20 11:50:00+09:00,10540.0,10570.0,10450.0,10520.0,44244.0
2026-07-20 12:00:00+09:00,10520.0,10530.0,10370.0,10450.0,40850.0
2026-07-20 12:10:00+09:00,10450.0,10500.0,10360.0,10370.0,41302.0
2026-07-20 12:20:00+09:00,10370.0,10400.0,10300.0,10310.0,86055.0
2026-07-20 12:30:00+09:00,10330.0,10350.0,10300.0,10350.0,50815.0
2026-07-20 12:40:00+09:00,10350.0,10380.0,10310.0,10360.0,32168.0
2026-07-20 12:50:00+09:00,10350.0,10500.0,10330.0,10360.0,54804.0
2026-07-20 13:00:00+09:00,10360.0,10400.0,10320.0,10320.0,40220.0
2026-07-20 13:10:00+09:00,10330.0,10350.0,10290.0,10310.0,101207.0
2026-07-20 13:20:00+09:00,10310.0,10440.0,10310.0,10430.0,33710.0
2026-07-20 13:30:00+09:00,10420.0,10500.0,10390.0,10440.0,55204.0
2026-07-20 13:40:00+09:00,10430.0,10500.0,10410.0,10490.0,35549.0
2026-07-20 13:50:00+09:00,10490.0,10510.0,10420.0,10450.0,34627.0
2026-07-20 14:00:00+09:00,10460.0,10470.0,10340.0,10360.0,39008.0
2026-07-20 14:10:00+09:00,10360.0,10410.0,10330.0,10390.0,22996.0
2026-07-20 14:20:00+09:00,10380.0,10410.0,10340.0,10380.0,33434.0
2026-07-20 14:30:00+09:00,10380.0,10380.0,10330.0,10360.0,32279.0
2026-07-20 14:40:00+09:00,10370.0,10410.0,10330.0,10360.0,40732.0
2026-07-20 14:50:00+09:00,10370.0,10410.0,10330.0,10350.0,92877.0
2026-07-21 09:00:00+09:00,10230.0,10550.0,10070.0,10140.0,308348.0
2026-07-21 09:10:00+09:00,10140.0,10250.0,10060.0,10190.0,103604.0
2026-07-21 09:20:00+09:00,10190.0,10200.0,10080.0,10100.0,80440.0
2026-07-21 09:30:00+09:00,10100.0,10200.0,10010.0,10190.0,73544.0
2026-07-21 09:40:00+09:00,10190.0,10370.0,10190.0,10280.0,84671.0
2026-07-21 09:50:00+09:00,10290.0,10300.0,10060.0,10090.0,56728.0
2026-07-21 10:00:00+09:00,10090.0,10300.0,10040.0,10295.0,49313.0
2026-07-21 10:10:00+09:00,10290.0,10320.0,10110.0,10240.0,51401.0
2026-07-21 10:20:00+09:00,10240.0,10240.0,10150.0,10210.0,27929.0
2026-07-21 10:30:00+09:00,10210.0,10340.0,10200.0,10230.0,41193.0
2026-07-21 10:40:00+09:00,10220.0,10280.0,10160.0,10280.0,39703.0
2026-07-21 10:50:00+09:00,10270.0,10290.0,10130.0,10150.0,40972.0
2026-07-21 11:00:00+09:00,10160.0,10230.0,10130.0,10130.0,28080.0
2026-07-21 11:10:00+09:00,10140.0,10150.0,10070.0,10070.0,48556.0
2026-07-21 11:20:00+09:00,10070.0,10100.0,10020.0,10040.0,50644.0
2026-07-21 11:30:00+09:00,10040.0,10140.0,10040.0,10120.0,26850.0
2026-07-21 11:40:00+09:00,10130.0,10220.0,10100.0,10210.0,29134.0
2026-07-21 11:50:00+09:00,10210.0,10300.0,10210.0,10300.0,30098.0
2026-07-21 12:00:00+09:00,10300.0,10450.0,10300.0,10420.0,59612.0
2026-07-21 12:10:00+09:00,10430.0,10590.0,10420.0,10560.0,90847.0
2026-07-21 12:20:00+09:00,10560.0,10560.0,10450.0,10500.0,56567.0
2026-07-21 12:30:00+09:00,10500.0,10760.0,10450.0,10680.0,95409.0
2026-07-21 12:40:00+09:00,10680.0,10740.0,10510.0,10640.0,161663.0
2026-07-21 12:50:00+09:00,10640.0,10860.0,10600.0,10800.0,133695.0
2026-07-21 13:00:00+09:00,10800.0,11000.0,10700.0,10860.0,254329.0
2026-07-21 13:10:00+09:00,10850.0,10850.0,10690.0,10720.0,93370.0
2026-07-21 13:20:00+09:00,10720.0,10810.0,10710.0,10740.0,49783.0
2026-07-21 13:30:00+09:00,10750.0,10790.0,10680.0,10680.0,62845.0
2026-07-21 13:40:00+09:00,10700.0,10750.0,10680.0,10730.0,40559.0
2026-07-21 13:50:00+09:00,10730.0,10780.0,10680.0,10740.0,49833.0
2026-07-21 14:00:00+09:00,10740.0,10740.0,10640.0,10650.0,42762.0
2026-07-21 14:10:00+09:00,10650.0,10660.0,10500.0,10550.0,84062.0
2026-07-21 14:20:00+09:00,10550.0,10650.0,10510.0,10620.0,43505.0
2026-07-21 14:30:00+09:00,10620.0,10700.0,10580.0,10640.0,49116.0
2026-07-21 14:40:00+09:00,10650.0,10760.0,10630.0,10750.0,53481.0
2026-07-21 14:50:00+09:00,10750.0,10790.0,10630.0,10640.0,43921.0
2026-07-22 09:00:00+09:00,11100.0,12200.0,11100.0,11950.0,647014.0
2026-07-22 09:10:00+09:00,11920.0,12600.0,11790.0,12190.0,647637.0
2026-07-22 09:20:00+09:00,12190.0,12240.0,11920.0,11930.0,223022.0
2026-07-22 09:30:00+09:00,11920.0,12140.0,11860.0,12050.0,193578.0
2026-07-22 09:40:00+09:00,12060.0,12070.0,11730.0,11810.0,158076.0
2026-07-22 09:50:00+09:00,11810.0,11990.0,11760.0,11820.0,85303.0
2026-07-22 10:00:00+09:00,11820.0,11920.0,11690.0,11850.0,98833.0
2026-07-22 10:10:00+09:00,11850.0,11850.0,11730.0,11780.0,58457.0
2026-07-22 10:20:00+09:00,11790.0,11870.0,11740.0,11740.0,70538.0
2026-07-22 10:30:00+09:00,11740.0,11760.0,11640.0,11700.0,75383.0
2026-07-22 10:40:00+09:00,11700.0,11800.0,11640.0,11790.0,73890.0
2026-07-22 10:50:00+09:00,11800.0,11830.0,11780.0,11790.0,43731.0
2026-07-22 11:00:00+09:00,11800.0,11800.0,11660.0,11660.0,39798.0
2026-07-22 11:10:00+09:00,11660.0,11720.0,11610.0,11620.0,48580.0
2026-07-22 11:20:00+09:00,11630.0,11650.0,11570.0,11610.0,48392.0
2026-07-22 11:30:00+09:00,11610.0,11610.0,11550.0,11550.0,47581.0
2026-07-22 11:40:00+09:00,11560.0,11590.0,11520.0,11550.0,34612.0
2026-07-22 11:50:00+09:00,11570.0,11610.0,11500.0,11520.0,49262.0
2026-07-22 12:00:00+09:00,11520.0,11520.0,11430.0,11440.0,58441.0
2026-07-22 12:10:00+09:00,11440.0,11460.0,11350.0,11400.0,72613.0
2026-07-22 12:20:00+09:00,11400.0,11540.0,11390.0,11530.0,36916.0
2026-07-22 12:30:00+09:00,11530.0,11550.0,11430.0,11510.0,23906.0
2026-07-22 12:40:00+09:00,11500.0,11580.0,11500.0,11570.0,19770.0
2026-07-22 12:50:00+09:00,11570.0,11570.0,11450.0,11480.0,26232.0
2026-07-22 13:00:00+09:00,11490.0,11570.0,11450.0,11530.0,32655.0
2026-07-22 13:10:00+09:00,11530.0,11580.0,11490.0,11580.0,29684.0
2026-07-22 13:20:00+09:00,11580.0,11580.0,11520.0,11580.0,26854.0
2026-07-22 13:30:00+09:00,11570.0,11570.0,11490.0,11510.0,25793.0
2026-07-22 13:40:00+09:00,11510.0,11510.0,11380.0,11410.0,62116.0
2026-07-22 13:50:00+09:00,11390.0,11400.0,11320.0,11400.0,37763.0
2026-07-22 14:00:00+09:00,11390.0,11410.0,11270.0,11330.0,55798.0
2026-07-22 14:10:00+09:00,11330.0,11350.0,11250.0,11270.0,52045.0
2026-07-22 14:20:00+09:00,11290.0,11320.0,11230.0,11240.0,30819.0
2026-07-22 14:30:00+09:00,11240.0,11330.0,11220.0,11240.0,40815.0
2026-07-22 14:40:00+09:00,11235.0,11235.0,11110.0,11200.0,58167.0
2026-07-22 14:50:00+09:00,11200.0,11260.0,11170.0,11220.0,39403.0
2026-07-23 09:00:00+09:00,11350.0,11480.0,11180.0,11250.0,172572.0
2026-07-23 09:10:00+09:00,11250.0,11470.0,11190.0,11430.0,91362.0
2026-07-23 09:20:00+09:00,11430.0,11440.0,11280.0,11410.0,83226.0
2026-07-23 09:30:00+09:00,11430.0,11430.0,11320.0,11390.0,36222.0
2026-07-23 09:40:00+09:00,11395.0,11490.0,11390.0,11460.0,80389.0
2026-07-23 09:50:00+09:00,11480.0,11480.0,11270.0,11290.0,63076.0
2026-07-23 10:00:00+09:00,11290.0,11290.0,11210.0,11270.0,59605.0
2026-07-23 10:10:00+09:00,11270.0,11390.0,11270.0,11360.0,47953.0
2026-07-23 10:20:00+09:00,11380.0,11380.0,11230.0,11250.0,33722.0
2026-07-23 10:30:00+09:00,11250.0,11250.0,11140.0,11190.0,57544.0
2026-07-23 10:40:00+09:00,11190.0,11190.0,11020.0,11030.0,74914.0
2026-07-23 10:50:00+09:00,11030.0,11190.0,11010.0,11050.0,38009.0
2026-07-23 11:00:00+09:00,11060.0,11130.0,11040.0,11080.0,22351.0
2026-07-23 11:10:00+09:00,11090.0,11090.0,11000.0,11010.0,39303.0
2026-07-23 11:20:00+09:00,11000.0,11010.0,10860.0,10920.0,84891.0
2026-07-23 11:30:00+09:00,10920.0,11060.0,10900.0,10900.0,34808.0
2026-07-23 11:40:00+09:00,10910.0,11015.0,10890.0,10980.0,23234.0
2026-07-23 11:50:00+09:00,10980.0,11030.0,10950.0,11020.0,10470.0
2026-07-23 12:00:00+09:00,11020.0,11020.0,10950.0,10950.0,22041.0
2026-07-23 12:10:00+09:00,10950.0,10970.0,10890.0,10940.0,25624.0
2026-07-23 12:20:00+09:00,10940.0,11020.0,10930.0,11000.0,12961.0
2026-07-23 12:30:00+09:00,11000.0,11075.0,10990.0,11060.0,22614.0
2026-07-23 12:40:00+09:00,11060.0,11110.0,11030.0,11110.0,24134.0
2026-07-23 12:50:00+09:00,11100.0,11160.0,11090.0,11150.0,26353.0
2026-07-23 13:00:00+09:00,11160.0,11180.0,11100.0,11110.0,24826.0
2026-07-23 13:10:00+09:00,11110.0,11150.0,11020.0,11130.0,31392.0
2026-07-23 13:20:00+09:00,11130.0,11200.0,11130.0,11170.0,35492.0
2026-07-23 13:30:00+09:00,11170.0,11190.0,11150.0,11190.0,28037.0
2026-07-23 13:40:00+09:00,11190.0,11190.0,11140.0,11160.0,16641.0
2026-07-23 13:50:00+09:00,11160.0,11170.0,11130.0,11150.0,20877.0
2026-07-23 14:00:00+09:00,11150.0,11150.0,11080.0,11100.0,27284.0
2026-07-23 14:10:00+09:00,11110.0,11115.0,11040.0,11090.0,26097.0
2026-07-23 14:20:00+09:00,11090.0,11210.0,11090.0,11190.0,30484.0
2026-07-23 14:30:00+09:00,11190.0,11250.0,11190.0,11220.0,27629.0
2026-07-23 14:40:00+09:00,11220.0,11400.0,11200.0,11270.0,59489.0
2026-07-23 14:50:00+09:00,11270.0,11300.0,11230.0,11270.0,26040.0
2026-07-24 09:00:00+09:00,11050.0,11050.0,10670.0,10730.0,188138.0
2026-07-24 09:10:00+09:00,10730.0,10820.0,10670.0,10770.0,78780.0
2026-07-24 09:20:00+09:00,10780.0,10890.0,10690.0,10690.0,43244.0
2026-07-24 09:30:00+09:00,10690.0,10700.0,10630.0,10680.0,66093.0
2026-07-24 09:40:00+09:00,10680.0,10720.0,10650.0,10670.0,30828.0
2026-07-24 09:50:00+09:00,10670.0,10670.0,10600.0,10650.0,63443.0
2026-07-24 10:00:00+09:00,10650.0,10720.0,10620.0,10680.0,37326.0
2026-07-24 10:10:00+09:00,10680.0,10690.0,10620.0,10680.0,39118.0
2026-07-24 10:20:00+09:00,10680.0,10790.0,10640.0,10720.0,25247.0
2026-07-24 10:30:00+09:00,10720.0,10750.0,10650.0,10660.0,13658.0
2026-07-24 10:40:00+09:00,10660.0,10680.0,10610.0,10620.0,39913.0
2026-07-24 10:50:00+09:00,10610.0,10630.0,10550.0,10560.0,60162.0
2026-07-24 11:00:00+09:00,10550.0,10560.0,10470.0,10500.0,52498.0
2026-07-24 11:10:00+09:00,10500.0,10520.0,10400.0,10420.0,53720.0
2026-07-24 11:20:00+09:00,10430.0,10440.0,10390.0,10390.0,27326.0
2026-07-24 11:30:00+09:00,10400.0,10420.0,10360.0,10360.0,28551.0
2026-07-24 11:40:00+09:00,10370.0,10370.0,10250.0,10280.0,58969.0
2026-07-24 11:50:00+09:00,10270.0,10300.0,10240.0,10250.0,30196.0
2026-07-24 12:00:00+09:00,10270.0,10300.0,10250.0,10270.0,17402.0
2026-07-24 12:10:00+09:00,10270.0,10300.0,10230.0,10280.0,32377.0
2026-07-24 12:20:00+09:00,10290.0,10320.0,10250.0,10300.0,21400.0
2026-07-24 12:30:00+09:00,10300.0,10300.0,10230.0,10270.0,32715.0
2026-07-24 12:40:00+09:00,10270.0,10280.0,10240.0,10250.0,17899.0
2026-07-24 12:50:00+09:00,10250.0,10280.0,10220.0,10230.0,30723.0
2026-07-24 13:00:00+09:00,10230.0,10290.0,10210.0,10290.0,25239.0
2026-07-24 13:10:00+09:00,10290.0,10290.0,10230.0,10290.0,21665.0
2026-07-24 13:20:00+09:00,10280.0,10380.0,10270.0,10370.0,17927.0
2026-07-24 13:30:00+09:00,10370.0,10420.0,10320.0,10370.0,30060.0
2026-07-24 13:40:00+09:00,10370.0,10370.0,10310.0,10340.0,24532.0
2026-07-24 13:50:00+09:00,10340.0,10430.0,10320.0,10420.0,22356.0
2026-07-24 14:00:00+09:00,10420.0,10470.0,10370.0,10460.0,16617.0
2026-07-24 14:10:00+09:00,10460.0,10480.0,10360.0,10390.0,34139.0
2026-07-24 14:20:00+09:00,10380.0,10440.0,10380.0,10390.0,15065.0
2026-07-24 14:30:00+09:00,10390.0,10440.0,10370.0,10370.0,23756.0
2026-07-24 14:40:00+09:00,10380.0,10400.0,10320.0,10340.0,25533.0
2026-07-24 14:50:00+09:00,10310.0,10310.0,10250.0,10270.0,39157.0
2026-07-27 09:00:00+09:00,10590.0,10610.0,10160.0,10220.0,91459.0
2026-07-27 09:10:00+09:00,10230.0,10320.0,10150.0,10200.0,59370.0
2026-07-27 09:20:00+09:00,10200.0,10380.0,10150.0,10350.0,62633.0
2026-07-27 09:30:00+09:00,10350.0,10360.0,10250.0,10310.0,38047.0
2026-07-27 09:40:00+09:00,10310.0,10350.0,10220.0,10340.0,39149.0
2026-07-27 09:50:00+09:00,10340.0,10420.0,10310.0,10310.0,37826.0
2026-07-27 10:00:00+09:00,10320.0,10340.0,10260.0,10310.0,28474.0
2026-07-27 10:10:00+09:00,10310.0,10320.0,10140.0,10150.0,78667.0
2026-07-27 10:20:00+09:00,10140.0,10160.0,10010.0,10030.0,76847.0
2026-07-27 10:30:00+09:00,10030.0,10220.0,10030.0,10220.0,45271.0
2026-07-27 10:40:00+09:00,10210.0,10240.0,10110.0,10130.0,25201.0
2026-07-27 10:50:00+09:00,10130.0,10140.0,10040.0,10140.0,32764.0
2026-07-27 11:00:00+09:00,10140.0,10160.0,10030.0,10070.0,35596.0
2026-07-27 11:10:00+09:00,10070.0,10140.0,10040.0,10120.0,13594.0
2026-07-27 11:20:00+09:00,10120.0,10140.0,10070.0,10140.0,14365.0
2026-07-27 11:30:00+09:00,10140.0,10140.0,10070.0,10100.0,18736.0
2026-07-27 11:40:00+09:00,10100.0,10150.0,10070.0,10080.0,11318.0
2026-07-27 11:50:00+09:00,10080.0,10120.0,10070.0,10100.0,8555.0
2026-07-27 12:00:00+09:00,10100.0,10110.0,10060.0,10060.0,19656.0
2026-07-27 12:10:00+09:00,10060.0,10200.0,10060.0,10180.0,19323.0
2026-07-27 12:20:00+09:00,10190.0,10220.0,10160.0,10160.0,17404.0
2026-07-27 12:30:00+09:00,10180.0,10180.0,10100.0,10140.0,14042.0
2026-07-27 12:40:00+09:00,10130.0,10180.0,10100.0,10130.0,17545.0
2026-07-27 12:50:00+09:00,10130.0,10130.0,10080.0,10080.0,23561.0
2026-07-27 13:00:00+09:00,10100.0,10100.0,10020.0,10080.0,50820.0
2026-07-27 13:10:00+09:00,10080.0,10140.0,10040.0,10100.0,35348.0
2026-07-27 13:20:00+09:00,10100.0,10140.0,10070.0,10070.0,32425.0
2026-07-27 13:30:00+09:00,10070.0,10140.0,10070.0,10140.0,22790.0
2026-07-27 13:40:00+09:00,10130.0,10160.0,10100.0,10100.0,29931.0
2026-07-27 13:50:00+09:00,10120.0,10120.0,10080.0,10090.0,31754.0
2026-07-27 14:00:00+09:00,10080.0,10120.0,10070.0,10120.0,43558.0
2026-07-27 14:10:00+09:00,10110.0,10120.0,10070.0,10080.0,42661.0
2026-07-27 14:20:00+09:00,10080.0,10100.0,10050.0,10070.0,80701.0
2026-07-27 14:30:00+09:00,10070.0,10090.0,9960.0,10050.0,175434.0
2026-07-27 14:40:00+09:00,10050.0,10070.0,10000.0,10030.0,77956.0
2026-07-27 14:50:00+09:00,10030.0,10030.0,9980.0,9990.0,71456.0
2026-07-28 09:00:00+09:00,9410.0,9490.0,9230.0,9320.0,236028.0
2026-07-28 09:10:00+09:00,9330.0,9330.0,9030.0,9090.0,160438.0
2026-07-28 09:20:00+09:00,9080.0,9090.0,9000.0,9050.0,101020.0
2026-07-28 09:30:00+09:00,9050.0,9090.0,8810.0,8870.0,177891.0
2026-07-28 09:40:00+09:00,8830.0,8940.0,8820.0,8910.0,67376.0
2026-07-28 09:50:00+09:00,8900.0,8910.0,8840.0,8860.0,53914.0
2026-07-28 10:00:00+09:00,8860.0,8970.0,8840.0,8900.0,43352.0
2026-07-28 10:10:00+09:00,8900.0,8900.0,8870.0,8880.0,12408.0
2026-07-28 10:40:00+09:00,8870.0,8970.0,8870.0,8900.0,42217.0
2026-07-28 10:50:00+09:00,8910.0,8980.0,8850.0,8880.0,71214.0
2026-07-28 11:00:00+09:00,8880.0,8880.0,8750.0,8870.0,113306.0
2026-07-28 11:10:00+09:00,8860.0,8970.0,8830.0,8970.0,49009.0
2026-07-28 11:20:00+09:00,8970.0,9060.0,8920.0,8930.0,38264.0
2026-07-28 11:30:00+09:00,8930.0,8930.0,8850.0,8890.0,28624.0
2026-07-28 11:40:00+09:00,8880.0,8890.0,8820.0,8870.0,28982.0
2026-07-28 11:50:00+09:00,8870.0,8870.0,8800.0,8830.0,38709.0
2026-07-28 12:00:00+09:00,8830.0,8830.0,8760.0,8790.0,48251.0
2026-07-28 12:10:00+09:00,8790.0,8850.0,8730.0,8850.0,41074.0
2026-07-28 12:20:00+09:00,8840.0,8870.0,8780.0,8800.0,26684.0
2026-07-28 12:30:00+09:00,8800.0,8850.0,8750.0,8840.0,38059.0
2026-07-28 12:40:00+09:00,8830.0,8880.0,8800.0,8840.0,29819.0
2026-07-28 12:50:00+09:00,8820.0,8850.0,8790.0,8800.0,29207.0
2026-07-28 13:00:00+09:00,8800.0,8810.0,8750.0,8760.0,25910.0
2026-07-28 13:10:00+09:00,8760.0,8760.0,8680.0,8720.0,99714.0
2026-07-28 13:20:00+09:00,8720.0,8730.0,8660.0,8690.0,53042.0
2026-07-28 13:30:00+09:00,8690.0,8700.0,8600.0,8650.0,60371.0
2026-07-28 13:40:00+09:00,8660.0,8710.0,8650.0,8670.0,63540.0
2026-07-28 13:50:00+09:00,8660.0,8680.0,8630.0,8640.0,52135.0
2026-07-28 14:00:00+09:00,8650.0,8670.0,8610.0,8610.0,67607.0
2026-07-28 14:10:00+09:00,8620.0,8640.0,8500.0,8510.0,97063.0
2026-07-28 14:20:00+09:00,8510.0,8580.0,8490.0,8500.0,132756.0
2026-07-28 14:30:00+09:00,8500.0,8510.0,8340.0,8360.0,376993.0
2026-07-28 14:40:00+09:00,8360.0,8380.0,8150.0,8160.0,676208.0
2026-07-28 14:50:00+09:00,8160.0,8200.0,7990.0,8000.0,900781.0
2026-07-29 09:00:00+09:00,8400.0,8410.0,7930.0,8150.0,429404.0
2026-07-29 09:10:00+09:00,8150.0,8300.0,8060.0,8180.0,177142.0
2026-07-29 09:20:00+09:00,8190.0,8220.0,7880.0,7890.0,181686.0
2026-07-29 09:30:00+09:00,7890.0,7970.0,7830.0,7920.0,165880.0
2026-07-29 09:40:00+09:00,7920.0,7950.0,7830.0,7940.0,85847.0
2026-07-29 09:50:00+09:00,7940.0,7950.0,7770.0,7780.0,118230.0
2026-07-29 10:00:00+09:00,7780.0,7830.0,7700.0,7730.0,130069.0
2026-07-29 10:10:00+09:00,7720.0,7720.0,7570.0,7570.0,192091.0
2026-07-29 10:20:00+09:00,7590.0,7740.0,7590.0,7700.0,99072.0
2026-07-29 10:30:00+09:00,7710.0,7720.0,7640.0,7670.0,71964.0
2026-07-29 10:40:00+09:00,7650.0,7650.0,7450.0,7470.0,143432.0
2026-07-29 10:50:00+09:00,7470.0,7480.0,7380.0,7420.0,102264.0
2026-07-29 11:00:00+09:00,7415.0,7430.0,7290.0,7330.0,178381.0
2026-07-29 11:10:00+09:00,7330.0,7410.0,7210.0,7240.0,104886.0
2026-07-29 11:20:00+09:00,7240.0,7390.0,7210.0,7390.0,114158.0
2026-07-29 11:30:00+09:00,7380.0,7380.0,7230.0,7270.0,96541.0
2026-07-29 11:40:00+09:00,7260.0,7290.0,7200.0,7210.0,76759.0
2026-07-29 11:50:00+09:00,7200.0,7200.0,7130.0,7150.0,65300.0
2026-07-29 12:00:00+09:00,7150.0,7280.0,7120.0,7270.0,93841.0
2026-07-29 12:10:00+09:00,7260.0,7260.0,7050.0,7100.0,80596.0
2026-07-29 12:20:00+09:00,7100.0,7140.0,7030.0,7070.0,80173.0
2026-07-29 12:30:00+09:00,7070.0,7080.0,7030.0,7050.0,29258.0
2026-07-29 13:00:00+09:00,7030.0,7040.0,6850.0,6930.0,186124.0
2026-07-29 13:10:00+09:00,6930.0,7020.0,6800.0,6840.0,204746.0
2026-07-29 13:20:00+09:00,6830.0,6940.0,6800.0,6820.0,149245.0
2026-07-29 13:30:00+09:00,6830.0,6900.0,6780.0,6830.0,241795.0
2026-07-29 13:40:00+09:00,6830.0,6890.0,6800.0,6860.0,175910.0
2026-07-29 13:50:00+09:00,6870.0,7030.0,6870.0,7010.0,190375.0
2026-07-29 14:00:00+09:00,7010.0,7110.0,6960.0,7090.0,177055.0
2026-07-29 14:10:00+09:00,7090.0,7140.0,7000.0,7030.0,141872.0
2026-07-29 14:20:00+09:00,7020.0,7180.0,7010.0,7160.0,141051.0
2026-07-29 14:30:00+09:00,7150.0,7190.0,7070.0,7180.0,197172.0
2026-07-29 14:40:00+09:00,7170.0,7190.0,7110.0,7160.0,123357.0
2026-07-29 14:50:00+09:00,7150.0,7190.0,7080.0,7140.0,122869.0
2026-07-30 09:00:00+09:00,7050.0,7260.0,6830.0,7260.0,285224.0
2026-07-30 09:10:00+09:00,7260.0,7360.0,7210.0,7250.0,263288.0
2026-07-30 09:20:00+09:00,7250.0,7300.0,7120.0,7280.0,105154.0
2026-07-30 09:30:00+09:00,7270.0,7280.0,7020.0,7050.0,113860.0
2026-07-30 09:40:00+09:00,7050.0,7080.0,6940.0,7060.0,100475.0
2026-07-30 09:50:00+09:00,7060.0,7060.0,6910.0,6970.0,66177.0
2026-07-30 10:00:00+09:00,6960.0,7230.0,6960.0,7200.0,76247.0
2026-07-30 10:10:00+09:00,7200.0,7200.0,7050.0,7150.0,61610.0
2026-07-30 10:20:00+09:00,7100.0,7220.0,7080.0,7190.0,105554.0
2026-07-30 10:30:00+09:00,7210.0,7310.0,7190.0,7270.0,100082.0
2026-07-30 10:40:00+09:00,7270.0,7350.0,7260.0,7330.0,121124.0
2026-07-30 10:50:00+09:00,7330.0,7370.0,7260.0,7270.0,82385.0
2026-07-30 11:00:00+09:00,7280.0,7320.0,7230.0,7270.0,61219.0
2026-07-30 11:10:00+09:00,7270.0,7270.0,7100.0,7110.0,82096.0
2026-07-30 11:20:00+09:00,7100.0,7170.0,7060.0,7070.0,48193.0
2026-07-30 11:30:00+09:00,7070.0,7080.0,6950.0,6980.0,73235.0
2026-07-30 11:40:00+09:00,6980.0,7040.0,6940.0,6940.0,43155.0
2026-07-30 11:50:00+09:00,6940.0,6980.0,6820.0,6820.0,95689.0
2026-07-30 12:00:00+09:00,6820.0,6920.0,6820.0,6850.0,53199.0
2026-07-30 12:10:00+09:00,6850.0,6870.0,6800.0,6820.0,68643.0
2026-07-30 12:20:00+09:00,6820.0,6880.0,6800.0,6840.0,34950.0
2026-07-30 12:30:00+09:00,6840.0,6910.0,6820.0,6840.0,44418.0
2026-07-30 12:40:00+09:00,6840.0,6970.0,6830.0,6960.0,42918.0
2026-07-30 12:50:00+09:00,6960.0,6970.0,6880.0,6890.0,42847.0
2026-07-30 13:00:00+09:00,6890.0,6920.0,6810.0,6810.0,53936.0
2026-07-30 13:10:00+09:00,6820.0,6840.0,6790.0,6790.0,58787.0
2026-07-30 13:20:00+09:00,6800.0,6920.0,6780.0,6920.0,44394.0
2026-07-30 13:30:00+09:00,6930.0,6960.0,6880.0,6960.0,67477.0
2026-07-30 13:40:00+09:00,6950.0,7020.0,6900.0,6950.0,63491.0
2026-07-30 13:50:00+09:00,6940.0,7010.0,6920.0,6990.0,86572.0
2026-07-30 14:00:00+09:00,6990.0,7010.0,6950.0,6960.0,80503.0
2026-07-30 14:10:00+09:00,6960.0,7030.0,6925.0,7020.0,102104.0
2026-07-30 14:20:00+09:00,7030.0,7030.0,6980.0,6980.0,47377.0
2026-07-30 14:30:00+09:00,6990.0,6990.0,6920.0,6940.0,43391.0
2026-07-30 14:40:00+09:00,6940.0,7030.0,6940.0,6950.0,80460.0
2026-07-30 14:50:00+09:00,6950.0,6960.0,6880.0,6940.0,69783.0
2026-07-31 09:00:00+09:00,7830.0,8420.0,7600.0,7740.0,728110.0
2026-07-31 09:10:00+09:00,7730.0,8300.0,7720.0,8160.0,403140.0
2026-07-31 09:20:00+09:00,8170.0,8370.0,8100.0,8320.0,306798.0
2026-07-31 09:30:00+09:00,8320.0,8440.0,8230.0,8360.0,260348.0
2026-07-31 09:40:00+09:00,8360.0,8430.0,8280.0,8320.0,157782.0
2026-07-31 09:50:00+09:00,8330.0,8440.0,8250.0,8300.0,179869.0
2026-07-31 10:00:00+09:00,8300.0,8370.0,8150.0,8330.0,127928.0
2026-07-31 10:10:00+09:00,8320.0,8320.0,8160.0,8220.0,120958.0
2026-07-31 10:20:00+09:00,8220.0,8230.0,8020.0,8100.0,134513.0
2026-07-31 10:30:00+09:00,8100.0,8140.0,8050.0,8090.0,93596.0
2026-07-31 10:40:00+09:00,8090.0,8120.0,7950.0,8040.0,132116.0
2026-07-31 10:50:00+09:00,8050.0,8160.0,8030.0,8130.0,68216.0
2026-07-31 11:00:00+09:00,8130.0,8190.0,8060.0,8160.0,55521.0
2026-07-31 11:10:00+09:00,8160.0,8190.0,8100.0,8160.0,68685.0
2026-07-31 11:20:00+09:00,8160.0,8330.0,8160.0,8200.0,182813.0
2026-07-31 11:30:00+09:00,8190.0,8260.0,8150.0,8200.0,74742.0
2026-07-31 11:40:00+09:00,8200.0,8250.0,8180.0,8190.0,41992.0
2026-07-31 11:50:00+09:00,8190.0,8240.0,8170.0,8180.0,55936.0
2026-07-31 12:00:00+09:00,8200.0,8200.0,8150.0,8180.0,45918.0
2026-07-31 12:10:00+09:00,8180.0,8400.0,8170.0,8320.0,181737.0
2026-07-31 12:20:00+09:00,8330.0,8390.0,8300.0,8360.0,129543.0
2026-07-31 12:30:00+09:00,8360.0,8380.0,8290.0,8370.0,42968.0
2026-07-31 12:40:00+09:00,8370.0,8510.0,8280.0,8310.0,241745.0
2026-07-31 12:50:00+09:00,8300.0,8340.0,8260.0,8280.0,53268.0
2026-07-31 13:00:00+09:00,8280.0,8320.0,8230.0,8300.0,58905.0
2026-07-31 13:10:00+09:00,8290.0,8440.0,8270.0,8420.0,73698.0
2026-07-31 13:20:00+09:00,8430.0,8650.0,8410.0,8620.0,252661.0
2026-07-31 13:30:00+09:00,8620.0,8800.0,8540.0,8740.0,493268.0
2026-07-31 13:40:00+09:00,8740.0,8850.0,8700.0,8790.0,413288.0
2026-07-31 13:50:00+09:00,8790.0,8890.0,8760.0,8830.0,468002.0
2026-07-31 14:00:00+09:00,8830.0,8980.0,8830.0,8950.0,322023.0
2026-07-31 14:10:00+09:00,8950.0,9000.0,8910.0,8995.0,260623.0
2026-07-31 14:20:00+09:00,9000.0,9000.0,8995.0,9000.0,159147.0
2026-07-31 14:30:00+09:00,9000.0,9000.0,9000.0,9000.0,22879.0
2026-07-31 14:40:00+09:00,9000.0,9000.0,9000.0,9000.0,23906.0
2026-07-31 14:50:00+09:00,9000.0,9000.0,9000.0,9000.0,16376.0
2026-08-03 09:00:00+09:00,8770.0,9340.0,8710.0,9120.0,247806.0
2026-08-03 09:10:00+09:00,9110.0,9300.0,9010.0,9170.0,271930.0
2026-08-03 09:20:00+09:00,9160.0,9280.0,9030.0,9190.0,188398.0
2026-08-03 09:30:00+09:00,9200.0,9330.0,9110.0,9250.0,261018.0
2026-08-03 09:40:00+09:00,9250.0,9330.0,9220.0,9300.0,113196.0
2026-08-03 09:50:00+09:00,9300.0,9500.0,9220.0,9490.0,225000.0
2026-08-03 10:00:00+09:00,9490.0,9730.0,9470.0,9620.0,413788.0
2026-08-03 10:10:00+09:00,9620.0,9670.0,9500.0,9600.0,193747.0
2026-08-03 10:20:00+09:00,9610.0,9780.0,9550.0,9770.0,201695.0
2026-08-03 10:30:00+09:00,9780.0,9780.0,9500.0,9620.0,218210.0
2026-08-03 10:40:00+09:00,9620.0,9660.0,9540.0,9620.0,200443.0
2026-08-03 10:50:00+09:00,9630.0,9840.0,9550.0,9830.0,254871.0
2026-08-03 11:00:00+09:00,9820.0,10080.0,9750.0,10050.0,365653.0
2026-08-03 11:10:00+09:00,10040.0,10050.0,9880.0,9990.0,339140.0
2026-08-03 11:20:00+09:00,9990.0,10000.0,9840.0,9840.0,182873.0
2026-08-03 11:30:00+09:00,9840.0,10190.0,9800.0,10010.0,503633.0
2026-08-03 11:40:00+09:00,10010.0,10020.0,9830.0,9870.0,249876.0
2026-08-03 11:50:00+09:00,9840.0,10100.0,9840.0,9920.0,258351.0
2026-08-03 12:00:00+09:00,9920.0,10070.0,9920.0,10010.0,168373.0
2026-08-03 12:10:00+09:00,10010.0,10150.0,9980.0,10090.0,182457.0
2026-08-03 12:20:00+09:00,10090.0,10120.0,10000.0,10110.0,144617.0
2026-08-03 12:30:00+09:00,10100.0,10110.0,9930.0,10040.0,101726.0
2026-08-03 12:40:00+09:00,10040.0,10050.0,9960.0,10010.0,70312.0
2026-08-03 12:50:00+09:00,10010.0,10020.0,9880.0,9910.0,138974.0
2026-08-03 13:00:00+09:00,9910.0,9980.0,9890.0,9980.0,88635.0
2026-08-03 13:10:00+09:00,9960.0,9960.0,9810.0,9840.0,119487.0
2026-08-03 13:20:00+09:00,9860.0,9880.0,9720.0,9790.0,138687.0
2026-08-03 13:30:00+09:00,9790.0,9800.0,9660.0,9700.0,93660.0
2026-08-03 13:40:00+09:00,9700.0,9700.0,9560.0,9620.0,100281.0
2026-08-03 13:50:00+09:00,9640.0,9640.0,9530.0,9570.0,91821.0
2026-08-03 14:00:00+09:00,9580.0,9720.0,9570.0,9700.0,111480.0
2026-08-03 14:10:00+09:00,9700.0,9750.0,9600.0,9600.0,93678.0
2026-08-03 14:20:00+09:00,9610.0,9690.0,9570.0,9660.0,55726.0
2026-08-03 14:30:00+09:00,9660.0,9690.0,9610.0,9650.0,53523.0
2026-08-03 14:40:00+09:00,9660.0,9680.0,9590.0,9620.0,57353.0
2026-08-03 14:50:00+09:00,9610.0,9650.0,9580.0,9620.0,40373.0
2026-08-04 09:00:00+09:00,9610.0,9980.0,9450.0,9620.0,490595.0
2026-08-04 09:10:00+09:00,9610.0,9720.0,9460.0,9660.0,199027.0
2026-08-04 09:20:00+09:00,9660.0,9860.0,9540.0,9570.0,133221.0
2026-08-04 09:30:00+09:00,9570.0,9580.0,9320.0,9400.0,184707.0
2026-08-04 09:40:00+09:00,9430.0,9530.0,9350.0,9490.0,72810.0
2026-08-04 09:50:00+09:00,9490.0,9500.0,9310.0,9320.0,60450.0
2026-08-04 10:00:00+09:00,9310.0,9370.0,9270.0,9360.0,69950.0
2026-08-04 10:10:00+09:00,9350.0,9430.0,9320.0,9360.0,37140.0
2026-08-04 10:20:00+09:00,9360.0,9490.0,9350.0,9480.0,49650.0
2026-08-04 10:30:00+09:00,9470.0,9550.0,9430.0,9440.0,72244.0
2026-08-04 10:40:00+09:00,9430.0,9590.0,9420.0,9590.0,46911.0
2026-08-04 10:50:00+09:00,9590.0,9720.0,9570.0,9670.0,109028.0
2026-08-04 11:00:00+09:00,9670.0,9680.0,9570.0,9660.0,88845.0
2026-08-04 11:10:00+09:00,9640.0,9840.0,9610.0,9810.0,125343.0
2026-08-04 11:20:00+09:00,9810.0,9820.0,9550.0,9740.0,56891.0
2026-08-04 11:30:00+09:00,9740.0,9790.0,9670.0,9720.0,35210.0
2026-08-04 11:40:00+09:00,9730.0,9740.0,9670.0,9690.0,30585.0
2026-08-04 11:50:00+09:00,9680.0,9700.0,9610.0,9620.0,28792.0
2026-08-04 12:00:00+09:00,9630.0,9680.0,9570.0,9640.0,34657.0
2026-08-04 12:10:00+09:00,9640.0,9640.0,9500.0,9530.0,59923.0
2026-08-04 12:20:00+09:00,9530.0,9640.0,9500.0,9570.0,40115.0
2026-08-04 12:30:00+09:00,9570.0,9650.0,9560.0,9580.0,33418.0
2026-08-04 12:40:00+09:00,9580.0,9590.0,9520.0,9520.0,45512.0
2026-08-04 12:50:00+09:00,9520.0,9580.0,9480.0,9500.0,47444.0
2026-08-04 13:00:00+09:00,9500.0,9520.0,9410.0,9440.0,51131.0
2026-08-04 13:10:00+09:00,9470.0,9500.0,9390.0,9440.0,63908.0
2026-08-04 13:20:00+09:00,9440.0,9500.0,9430.0,9440.0,36940.0
2026-08-04 13:30:00+09:00,9450.0,9480.0,9440.0,9450.0,29149.0
2026-08-04 13:40:00+09:00,9450.0,9500.0,9440.0,9500.0,30215.0
2026-08-04 13:50:00+09:00,9500.0,9540.0,9440.0,9520.0,35644.0
2026-08-04 14:00:00+09:00,9530.0,9540.0,9470.0,9530.0,32015.0
2026-08-04 14:10:00+09:00,9530.0,9540.0,9460.0,9530.0,29542.0
2026-08-04 14:20:00+09:00,9530.0,9570.0,9470.0,9510.0,54342.0
2026-08-04 14:30:00+09:00,9520.0,9620.0,9520.0,9610.0,56613.0
2026-08-04 14:40:00+09:00,9600.0,9660.0,9580.0,9630.0,59424.0
2026-08-04 14:50:00+09:00,9630.0,9690.0,9620.0,9660.0,62496.0
2026-08-05 09:00:00+09:00,10120.0,10350.0,9850.0,9920.0,532149.0
2026-08-05 09:10:00+09:00,9940.0,10050.0,9820.0,10010.0,153841.0
2026-08-05 09:20:00+09:00,10010.0,10060.0,9900.0,10040.0,114177.0
2026-08-05 09:30:00+09:00,10050.0,10110.0,9970.0,10040.0,126072.0
2026-08-05 09:40:00+09:00,10050.0,10090.0,10000.0,10000.0,74885.0
2026-08-05 09:50:00+09:00,10000.0,10170.0,9970.0,10160.0,108911.0
2026-08-05 10:00:00+09:00,10160.0,10190.0,9950.0,10060.0,94034.0
2026-08-05 10:10:00+09:00,10070.0,10150.0,10060.0,10080.0,79041.0
2026-08-05 10:20:00+09:00,10080.0,10090.0,9990.0,10040.0,48747.0
2026-08-05 10:30:00+09:00,10040.0,10090.0,10010.0,10050.0,31496.0
2026-08-05 10:40:00+09:00,10050.0,10120.0,10010.0,10120.0,42843.0
2026-08-05 10:50:00+09:00,10120.0,10140.0,10050.0,10060.0,42185.0
2026-08-05 11:00:00+09:00,10060.0,10130.0,10050.0,10080.0,33996.0
2026-08-05 11:10:00+09:00,10100.0,10100.0,10050.0,10090.0,27079.0
2026-08-05 11:20:00+09:00,10090.0,10090.0,10030.0,10040.0,40340.0
2026-08-05 11:30:00+09:00,10040.0,10060.0,10020.0,10030.0,28333.0
2026-08-05 11:40:00+09:00,10030.0,10050.0,10000.0,10030.0,18878.0
2026-08-05 11:50:00+09:00,10030.0,10080.0,10020.0,10050.0,18685.0
2026-08-05 12:00:00+09:00,10050.0,10070.0,10010.0,10040.0,18218.0
2026-08-05 12:10:00+09:00,10040.0,10060.0,10010.0,10040.0,14807.0
2026-08-05 12:20:00+09:00,10050.0,10070.0,10025.0,10025.0,15059.0
2026-08-05 12:30:00+09:00,10025.0,10040.0,10010.0,10040.0,16549.0
2026-08-05 12:40:00+09:00,10040.0,10045.0,10020.0,10030.0,12230.0
2026-08-05 12:50:00+09:00,10030.0,10040.0,10010.0,10020.0,19915.0
2026-08-05 13:00:00+09:00,10020.0,10040.0,10000.0,10040.0,23937.0
2026-08-05 13:10:00+09:00,10040.0,10040.0,9950.0,9960.0,45844.0
2026-08-05 13:20:00+09:00,9970.0,10050.0,9960.0,10010.0,43131.0
2026-08-05 13:30:00+09:00,10020.0,10150.0,10010.0,10130.0,59034.0
2026-08-05 13:40:00+09:00,10130.0,10140.0,10100.0,10110.0,30424.0
2026-08-05 13:50:00+09:00,10110.0,10160.0,10070.0,10130.0,56055.0
2026-08-05 14:00:00+09:00,10130.0,10440.0,10100.0,10300.0,321613.0
2026-08-05 14:10:00+09:00,10300.0,10380.0,10270.0,10350.0,74059.0
2026-08-05 14:20:00+09:00,10360.0,10370.0,10220.0,10230.0,65767.0
2026-08-05 14:30:00+09:00,10220.0,10270.0,10200.0,10230.0,54649.0
2026-08-05 14:40:00+09:00,10230.0,10270.0,10220.0,10260.0,30365.0
2026-08-05 14:50:00+09:00,10260.0,10310.0,10240.0,10270.0,42914.0
2026-08-06 09:00:00+09:00,9970.0,10430.0,9920.0,10060.0,214519.0
2026-08-06 09:10:00+09:00,10060.0,10080.0,9850.0,9880.0,181089.0
2026-08-06 09:20:00+09:00,9900.0,9940.0,9760.0,9790.0,112335.0
2026-08-06 09:30:00+09:00,9790.0,9820.0,9700.0,9760.0,101901.0
2026-08-06 09:40:00+09:00,9760.0,9820.0,9710.0,9740.0,59280.0
2026-08-06 09:50:00+09:00,9720.0,9720.0,9600.0,9690.0,95107.0
2026-08-06 10:00:00+09:00,9680.0,9700.0,9560.0,9620.0,68639.0
2026-08-06 10:10:00+09:00,9610.0,9680.0,9560.0,9600.0,29627.0
2026-08-06 10:20:00+09:00,9600.0,9620.0,9440.0,9480.0,69706.0
2026-08-06 10:30:00+09:00,9470.0,9550.0,9440.0,9470.0,28223.0
2026-08-06 10:40:00+09:00,9470.0,9560.0,9460.0,9560.0,15686.0
2026-08-06 10:50:00+09:00,9560.0,9620.0,9530.0,9590.0,26447.0
2026-08-06 11:00:00+09:00,9580.0,9590.0,9540.0,9570.0,14542.0
2026-08-06 11:10:00+09:00,9570.0,9620.0,9560.0,9610.0,14013.0
2026-08-06 11:20:00+09:00,9610.0,9690.0,9600.0,9670.0,20326.0
2026-08-06 11:30:00+09:00,9680.0,9870.0,9670.0,9840.0,44754.0
2026-08-06 11:40:00+09:00,9840.0,9890.0,9790.0,9820.0,44147.0
2026-08-06 11:50:00+09:00,9820.0,9900.0,9810.0,9830.0,32089.0
2026-08-06 12:00:00+09:00,9830.0,9900.0,9830.0,9840.0,30645.0
2026-08-06 12:10:00+09:00,9840.0,9870.0,9810.0,9820.0,23154.0
2026-08-06 12:20:00+09:00,9820.0,9840.0,9760.0,9760.0,25266.0
2026-08-06 12:30:00+09:00,9760.0,9790.0,9715.0,9790.0,18992.0
2026-08-06 12:40:00+09:00,9790.0,9840.0,9760.0,9820.0,16184.0
2026-08-06 12:50:00+09:00,9820.0,9820.0,9780.0,9810.0,10058.0
2026-08-06 13:00:00+09:00,9810.0,9810.0,9720.0,9780.0,19576.0
2026-08-06 13:10:00+09:00,9770.0,9780.0,9740.0,9770.0,9144.0
2026-08-06 13:20:00+09:00,9770.0,9850.0,9770.0,9840.0,18356.0
2026-08-06 13:30:00+09:00,9840.0,9870.0,9810.0,9810.0,16955.0
2026-08-06 13:40:00+09:00,9820.0,9820.0,9770.0,9800.0,12221.0
2026-08-06 13:50:00+09:00,9790.0,9870.0,9770.0,9860.0,13937.0
2026-08-06 14:00:00+09:00,9870.0,9950.0,9860.0,9920.0,35857.0
2026-08-06 14:10:00+09:00,9920.0,9960.0,9890.0,9910.0,23424.0
2026-08-06 14:20:00+09:00,9910.0,9950.0,9910.0,9920.0,16156.0
2026-08-06 14:30:00+09:00,9910.0,9920.0,9880.0,9890.0,20822.0
2026-08-06 14:40:00+09:00,9880.0,9910.0,9830.0,9850.0,23988.0
2026-08-06 14:50:00+09:00,9830.0,9920.0,9780.0,9910.0,58762.0
2026-08-07 09:00:00+09:00,10170.0,10770.0,10150.0,10420.0,583435.0
2026-08-07 09:10:00+09:00,10415.0,10420.0,10100.0,10150.0,218991.0
2026-08-07 09:20:00+09:00,10160.0,10180.0,9880.0,9980.0,268883.0
2026-08-07 09:30:00+09:00,9980.0,10000.0,9750.0,9840.0,145858.0
2026-08-07 09:40:00+09:00,9840.0,9950.0,9780.0,9880.0,47974.0
2026-08-07 09:50:00+09:00,9870.0,9900.0,9780.0,9880.0,67198.0
2026-08-07 10:00:00+09:00,9890.0,9900.0,9780.0,9800.0,46027.0
2026-08-07 10:10:00+09:00,9800.0,9800.0,9550.0,9580.0,129116.0
2026-08-07 10:20:00+09:00,9580.0,9670.0,9510.0,9600.0,64942.0
2026-08-07 10:30:00+09:00,9600.0,9630.0,9450.0,9450.0,67647.0
2026-08-07 10:40:00+09:00,9450.0,9560.0,9410.0,9490.0,30374.0
2026-08-07 10:50:00+09:00,9500.0,9530.0,9410.0,9480.0,30041.0
2026-08-07 11:00:00+09:00,9470.0,9550.0,9450.0,9490.0,11956.0
2026-08-07 11:10:00+09:00,9490.0,9590.0,9470.0,9560.0,22560.0
2026-08-07 11:20:00+09:00,9560.0,9560.0,9470.0,9490.0,23148.0
2026-08-07 11:30:00+09:00,9480.0,9500.0,9430.0,9460.0,26437.0
2026-08-07 11:40:00+09:00,9450.0,9540.0,9450.0,9540.0,11046.0
2026-08-07 11:50:00+09:00,9540.0,9550.0,9490.0,9510.0,12060.0
2026-08-07 12:00:00+09:00,9520.0,9590.0,9490.0,9590.0,13864.0
2026-08-07 12:10:00+09:00,9590.0,9600.0,9550.0,9560.0,22076.0
2026-08-07 12:20:00+09:00,9560.0,9570.0,9540.0,9550.0,8064.0
2026-08-07 12:30:00+09:00,9550.0,9580.0,9480.0,9570.0,17646.0
2026-08-07 12:40:00+09:00,9570.0,9580.0,9530.0,9570.0,11336.0
2026-08-07 12:50:00+09:00,9570.0,9580.0,9500.0,9540.0,12256.0
2026-08-07 13:00:00+09:00,9530.0,9620.0,9500.0,9620.0,19028.0
2026-08-07 13:10:00+09:00,9620.0,9620.0,9550.0,9590.0,15866.0
2026-08-07 13:20:00+09:00,9590.0,9670.0,9580.0,9640.0,12079.0
2026-08-07 13:30:00+09:00,9640.0,9660.0,9600.0,9630.0,12539.0
2026-08-07 13:40:00+09:00,9640.0,9660.0,9620.0,9630.0,8265.0
2026-08-07 13:50:00+09:00,9630.0,9660.0,9600.0,9660.0,15229.0
2026-08-07 14:00:00+09:00,9660.0,9760.0,9650.0,9760.0,33749.0
2026-08-07 14:10:00+09:00,9760.0,9760.0,9710.0,9760.0,14300.0
2026-08-07 14:20:00+09:00,9750.0,9810.0,9740.0,9810.0,32583.0
2026-08-07 14:30:00+09:00,9810.0,9810.0,9740.0,9750.0,34927.0
2026-08-07 14:40:00+09:00,9740.0,9860.0,9740.0,9860.0,28715.0
2026-08-07 14:50:00+09:00,9850.0,9860.0,9770.0,9800.0,26089.0
2026-08-10 09:00:00+09:00,10000.0,10110.0,9700.0,10090.0,112158.0
2026-08-10 09:10:00+09:00,10090.0,10430.0,9980.0,10220.0,318747.0
2026-08-10 09:20:00+09:00,10240.0,10340.0,10160.0,10260.0,132816.0
2026-08-10 09:30:00+09:00,10260.0,10380.0,10210.0,10220.0,140009.0
2026-08-10 09:40:00+09:00,10210.0,10310.0,10110.0,10310.0,119055.0
2026-08-10 09:50:00+09:00,10310.0,10320.0,10210.0,10210.0,73676.0
2026-08-10 10:00:00+09:00,10210.0,10260.0,10170.0,10250.0,70239.0
2026-08-10 10:10:00+09:00,10250.0,10340.0,10230.0,10310.0,65940.0
2026-08-10 10:20:00+09:00,10310.0,10350.0,10280.0,10300.0,80985.0
2026-08-10 10:30:00+09:00,10300.0,10300.0,10180.0,10260.0,86877.0
2026-08-10 10:40:00+09:00,10270.0,10270.0,10210.0,10270.0,34845.0
2026-08-10 10:50:00+09:00,10270.0,10340.0,10260.0,10270.0,52310.0
2026-08-10 11:00:00+09:00,10270.0,10270.0,10220.0,10240.0,39420.0
2026-08-10 11:10:00+09:00,10230.0,10270.0,10200.0,10210.0,28261.0
2026-08-10 11:20:00+09:00,10215.0,10240.0,10190.0,10200.0,32928.0
2026-08-10 11:30:00+09:00,10200.0,10230.0,10140.0,10220.0,58833.0
2026-08-10 11:40:00+09:00,10230.0,10250.0,10220.0,10230.0,21333.0
2026-08-10 11:50:00+09:00,10230.0,10260.0,10220.0,10240.0,19464.0
2026-08-10 12:00:00+09:00,10240.0,10240.0,10180.0,10220.0,23324.0
2026-08-10 12:10:00+09:00,10220.0,10250.0,10210.0,10250.0,18560.0
2026-08-10 12:20:00+09:00,10250.0,10250.0,10210.0,10240.0,25886.0
2026-08-10 12:30:00+09:00,10230.0,10260.0,10210.0,10260.0,29061.0
2026-08-10 12:40:00+09:00,10260.0,10260.0,10230.0,10240.0,14792.0
2026-08-10 12:50:00+09:00,10230.0,10240.0,10200.0,10220.0,21952.0
2026-08-10 13:00:00+09:00,10210.0,10270.0,10200.0,10270.0,47755.0
2026-08-10 13:10:00+09:00,10260.0,10270.0,10240.0,10250.0,18955.0
2026-08-10 13:20:00+09:00,10250.0,10260.0,10230.0,10250.0,18408.0
2026-08-10 13:30:00+09:00,10250.0,10260.0,10160.0,10160.0,61758.0
2026-08-10 13:40:00+09:00,10160.0,10210.0,10140.0,10200.0,48179.0
2026-08-10 13:50:00+09:00,10210.0,10240.0,10150.0,10150.0,35440.0
2026-08-10 14:00:00+09:00,10150.0,10250.0,10150.0,10240.0,50151.0
2026-08-10 14:10:00+09:00,10240.0,10250.0,10210.0,10220.0,18526.0
2026-08-10 14:20:00+09:00,10220.0,10230.0,10180.0,10230.0,76646.0
2026-08-10 14:30:00+09:00,10230.0,10250.0,10200.0,10200.0,30453.0
2026-08-10 14:40:00+09:00,10200.0,10210.0,10150.0,10180.0,59210.0
2026-08-10 14:50:00+09:00,10180.0,10230.0,10160.0,10230.0,69197.0
2026-08-11 09:00:00+09:00,10080.0,10080.0,9750.0,10000.0,244630.0
2026-08-11 09:10:00+09:00,9980.0,10220.0,9970.0,10040.0,121825.0
2026-08-11 09:20:00+09:00,10040.0,10100.0,10020.0,10090.0,43941.0
2026-08-11 09:30:00+09:00,10090.0,10360.0,10080.0,10300.0,137141.0
2026-08-11 09:40:00+09:00,10310.0,10600.0,10290.0,10570.0,207009.0
2026-08-11 09:50:00+09:00,10570.0,10800.0,10570.0,10710.0,399859.0
2026-08-11 10:00:00+09:00,10710.0,10780.0,10520.0,10590.0,209570.0
2026-08-11 10:10:00+09:00,10580.0,10830.0,10580.0,10700.0,239904.0
2026-08-11 10:20:00+09:00,10680.0,10700.0,10520.0,10580.0,134036.0
2026-08-11 10:30:00+09:00,10550.0,10600.0,10520.0,10600.0,61644.0
2026-08-11 10:40:00+09:00,10600.0,10620.0,10550.0,10610.0,78931.0
2026-08-11 10:50:00+09:00,10600.0,10610.0,10460.0,10470.0,112403.0
2026-08-11 11:00:00+09:00,10470.0,10570.0,10460.0,10530.0,31587.0
2026-08-11 11:10:00+09:00,10530.0,10540.0,10460.0,10480.0,26569.0
2026-08-11 11:20:00+09:00,10480.0,10560.0,10460.0,10530.0,39697.0
2026-08-11 11:30:00+09:00,10520.0,10550.0,10500.0,10540.0,16133.0
2026-08-11 11:40:00+09:00,10540.0,10570.0,10520.0,10560.0,23340.0
2026-08-11 11:50:00+09:00,10560.0,10560.0,10460.0,10470.0,34946.0
2026-08-11 12:00:00+09:00,10480.0,10485.0,10420.0,10450.0,38546.0
2026-08-11 12:10:00+09:00,10440.0,10460.0,10410.0,10460.0,25686.0
2026-08-11 12:20:00+09:00,10460.0,10570.0,10450.0,10550.0,22507.0
2026-08-11 12:30:00+09:00,10550.0,10560.0,10510.0,10530.0,25550.0
2026-08-11 12:40:00+09:00,10520.0,10560.0,10480.0,10520.0,28451.0
2026-08-11 12:50:00+09:00,10520.0,10550.0,10490.0,10520.0,23478.0
2026-08-11 13:00:00+09:00,10510.0,10590.0,10490.0,10580.0,19443.0
2026-08-11 13:10:00+09:00,10580.0,10600.0,10550.0,10560.0,23643.0
2026-08-11 13:20:00+09:00,10560.0,10570.0,10530.0,10570.0,15908.0
2026-08-11 13:30:00+09:00,10560.0,10610.0,10540.0,10600.0,30448.0
2026-08-11 13:40:00+09:00,10610.0,10630.0,10570.0,10580.0,24071.0
2026-08-11 13:50:00+09:00,10570.0,10610.0,10550.0,10560.0,26579.0
2026-08-11 14:00:00+09:00,10570.0,10630.0,10560.0,10630.0,26383.0
2026-08-11 14:10:00+09:00,10620.0,10710.0,10620.0,10660.0,60086.0
2026-08-11 14:20:00+09:00,10660.0,10700.0,10600.0,10640.0,68019.0
2026-08-11 14:30:00+09:00,10650.0,10760.0,10610.0,10750.0,91521.0
2026-08-11 14:40:00+09:00,10740.0,10750.0,10660.0,10660.0,57244.0
2026-08-11 14:50:00+09:00,10680.0,10680.0,10620.0,10670.0,56483.0
2026-08-12 09:00:00+09:00,10710.0,10720.0,10360.0,10530.0,217750.0
2026-08-12 09:10:00+09:00,10540.0,10700.0,10530.0,10630.0,86386.0
2026-08-12 09:20:00+09:00,10650.0,10700.0,10540.0,10550.0,101192.0
2026-08-12 09:30:00+09:00,10550.0,10700.0,10460.0,10660.0,93631.0
2026-08-12 09:40:00+09:00,10660.0,10820.0,10660.0,10820.0,120315.0
2026-08-12 09:50:00+09:00,10815.0,10990.0,10770.0,10960.0,226959.0
2026-08-12 10:00:00+09:00,10940.0,10960.0,10760.0,10760.0,68845.0
2026-08-12 10:10:00+09:00,10770.0,10820.0,10730.0,10810.0,55221.0
2026-08-12 10:20:00+09:00,10810.0,10980.0,10800.0,10970.0,64236.0
2026-08-12 10:30:00+09:00,10970.0,11080.0,10960.0,11010.0,147748.0
2026-08-12 10:40:00+09:00,11000.0,11070.0,10975.0,11070.0,107120.0
2026-08-12 10:50:00+09:00,11070.0,11230.0,11060.0,11230.0,195854.0
2026-08-12 11:00:00+09:00,11220.0,11230.0,11020.0,11130.0,129316.0
2026-08-12 11:10:00+09:00,11130.0,11160.0,11050.0,11080.0,52154.0
2026-08-12 11:20:00+09:00,11070.0,11080.0,11000.0,11020.0,69969.0
2026-08-12 11:30:00+09:00,11020.0,11170.0,11000.0,11140.0,67504.0
2026-08-12 11:40:00+09:00,11140.0,11160.0,11110.0,11140.0,20786.0
2026-08-12 11:50:00+09:00,11140.0,11170.0,11110.0,11120.0,28701.0
2026-08-12 12:00:00+09:00,11110.0,11170.0,11110.0,11170.0,26059.0
2026-08-12 12:10:00+09:00,11170.0,11170.0,10930.0,11090.0,159213.0
2026-08-12 12:20:00+09:00,11070.0,11260.0,11070.0,11200.0,118808.0
2026-08-12 12:30:00+09:00,11200.0,11200.0,11110.0,11140.0,38318.0
2026-08-12 12:40:00+09:00,11120.0,11170.0,11040.0,11070.0,52250.0
2026-08-12 12:50:00+09:00,11050.0,11100.0,11040.0,11060.0,23633.0
2026-08-12 13:00:00+09:00,11050.0,11090.0,11030.0,11060.0,27621.0
2026-08-12 13:10:00+09:00,11060.0,11180.0,11050.0,11130.0,61121.0
2026-08-12 13:20:00+09:00,11130.0,11150.0,11100.0,11120.0,25244.0
2026-08-12 13:30:00+09:00,11100.0,11120.0,11060.0,11060.0,19988.0
2026-08-12 13:40:00+09:00,11060.0,11080.0,11010.0,11080.0,31013.0
2026-08-12 13:50:00+09:00,11080.0,11080.0,11040.0,11070.0,20996.0
2026-08-12 14:00:00+09:00,11060.0,11060.0,11020.0,11030.0,21772.0
2026-08-12 14:10:00+09:00,11030.0,11040.0,11000.0,11000.0,45996.0
2026-08-12 14:20:00+09:00,11010.0,11030.0,10980.0,11000.0,45921.0
2026-08-12 14:30:00+09:00,11010.0,11040.0,11000.0,11020.0,38225.0
2026-08-12 14:40:00+09:00,11030.0,11030.0,10960.0,10980.0,46519.0
2026-08-12 14:50:00+09:00,10990.0,11050.0,10970.0,11030.0,55398.0
2026-08-13 09:00:00+09:00,11260.0,11690.0,11050.0,11530.0,708452.0
2026-08-13 09:10:00+09:00,11520.0,11760.0,11400.0,11500.0,442379.0
2026-08-13 09:20:00+09:00,11490.0,11840.0,11480.0,11680.0,345878.0
2026-08-13 09:30:00+09:00,11670.0,11700.0,11375.0,11460.0,195725.0
2026-08-13 09:40:00+09:00,11480.0,11570.0,11430.0,11490.0,81091.0
2026-08-13 09:50:00+09:00,11490.0,11580.0,11460.0,11580.0,44763.0
2026-08-13 10:00:00+09:00,11580.0,11590.0,11400.0,11420.0,72042.0
2026-08-13 10:10:00+09:00,11420.0,11500.0,11420.0,11450.0,43174.0
2026-08-13 10:20:00+09:00,11460.0,11590.0,11440.0,11470.0,81146.0
2026-08-13 10:30:00+09:00,11470.0,11560.0,11450.0,11550.0,35236.0
2026-08-13 10:40:00+09:00,11550.0,11600.0,11520.0,11540.0,61186.0
2026-08-13 10:50:00+09:00,11560.0,11580.0,11520.0,11530.0,27125.0
2026-08-13 11:00:00+09:00,11530.0,11550.0,11500.0,11550.0,29074.0
2026-08-13 11:10:00+09:00,11540.0,11650.0,11540.0,11650.0,158815.0
2026-08-13 11:20:00+09:00,11640.0,11650.0,11560.0,11560.0,42924.0
2026-08-13 11:30:00+09:00,11560.0,11660.0,11550.0,11630.0,62256.0
2026-08-13 11:40:00+09:00,11630.0,11730.0,11610.0,11680.0,103343.0
2026-08-13 11:50:00+09:00,11680.0,11900.0,11670.0,11900.0,309555.0
2026-08-13 12:00:00+09:00,11900.0,12120.0,11880.0,12005.0,424171.0
2026-08-13 12:10:00+09:00,12005.0,12120.0,11990.0,12030.0,197961.0
2026-08-13 12:20:00+09:00,12030.0,12040.0,11870.0,11910.0,112427.0
2026-08-13 12:30:00+09:00,11905.0,11930.0,11800.0,11920.0,84654.0
2026-08-13 12:40:00+09:00,11920.0,11990.0,11900.0,11980.0,61565.0
2026-08-13 12:50:00+09:00,11980.0,11990.0,11910.0,11910.0,49902.0
2026-08-13 13:00:00+09:00,11910.0,11920.0,11850.0,11900.0,48345.0
2026-08-13 13:10:00+09:00,11900.0,12030.0,11850.0,12010.0,97870.0
2026-08-13 13:20:00+09:00,12010.0,12330.0,11950.0,12270.0,490102.0
2026-08-13 13:30:00+09:00,12290.0,12370.0,12190.0,12190.0,320642.0
2026-08-13 13:40:00+09:00,12200.0,12240.0,12110.0,12120.0,170580.0
2026-08-13 13:50:00+09:00,12125.0,12170.0,12110.0,12150.0,83488.0
2026-08-13 14:00:00+09:00,12140.0,12220.0,12110.0,12210.0,90959.0
2026-08-13 14:10:00+09:00,12210.0,12220.0,12060.0,12080.0,132319.0
2026-08-13 14:20:00+09:00,12070.0,12100.0,11910.0,12010.0,120193.0
2026-08-13 14:30:00+09:00,12000.0,12240.0,11950.0,12190.0,237954.0
2026-08-13 14:40:00+09:00,12180.0,12230.0,12120.0,12140.0,174361.0
2026-08-13 14:50:00+09:00,12150.0,12190.0,12050.0,12080.0,129349.0
2026-08-14 09:00:00+09:00,12060.0,12400.0,12050.0,12330.0,450661.0
2026-08-14 09:10:00+09:00,12330.0,12650.0,12220.0,12460.0,390837.0
2026-08-14 09:20:00+09:00,12460.0,12570.0,12370.0,12490.0,241973.0
2026-08-14 09:30:00+09:00,12480.0,12620.0,12450.0,12560.0,193655.0
2026-08-14 09:40:00+09:00,12560.0,12610.0,12310.0,12360.0,202368.0
2026-08-14 09:50:00+09:00,12320.0,12370.0,12100.0,12150.0,144052.0
2026-08-14 10:00:00+09:00,12150.0,12230.0,12020.0,12220.0,177975.0
2026-08-14 10:10:00+09:00,12220.0,12390.0,12120.0,12390.0,117346.0
2026-08-14 10:20:00+09:00,12390.0,12480.0,12300.0,12360.0,151288.0
2026-08-14 10:30:00+09:00,12350.0,12370.0,12220.0,12360.0,115148.0
2026-08-14 10:40:00+09:00,12360.0,12480.0,12330.0,12470.0,79139.0
2026-08-14 10:50:00+09:00,12470.0,12490.0,12380.0,12480.0,53785.0
2026-08-14 11:00:00+09:00,12480.0,12540.0,12480.0,12490.0,75403.0
2026-08-14 11:10:00+09:00,12500.0,12520.0,12420.0,12440.0,43189.0
2026-08-14 11:20:00+09:00,12440.0,12450.0,12360.0,12420.0,36222.0
2026-08-14 11:30:00+09:00,12410.0,12430.0,12350.0,12380.0,31054.0
2026-08-14 11:40:00+09:00,12370.0,12410.0,12320.0,12350.0,28745.0
2026-08-14 11:50:00+09:00,12350.0,12380.0,12280.0,12300.0,34753.0
2026-08-14 12:00:00+09:00,12290.0,12330.0,12240.0,12260.0,28837.0
2026-08-14 12:10:00+09:00,12280.0,12320.0,12260.0,12300.0,24874.0
2026-08-14 12:20:00+09:00,12300.0,12380.0,12290.0,12380.0,26593.0
2026-08-14 12:30:00+09:00,12370.0,12380.0,12330.0,12360.0,27121.0
2026-08-14 12:40:00+09:00,12360.0,12380.0,12300.0,12320.0,21012.0
2026-08-14 12:50:00+09:00,12320.0,12360.0,12310.0,12330.0,20565.0
2026-08-14 13:00:00+09:00,12330.0,12380.0,12310.0,12360.0,24969.0
2026-08-14 13:10:00+09:00,12370.0,12460.0,12360.0,12400.0,52510.0
2026-08-14 13:20:00+09:00,12400.0,12460.0,12390.0,12450.0,33711.0
2026-08-14 13:30:00+09:00,12450.0,12470.0,12330.0,12370.0,49680.0
2026-08-14 13:40:00+09:00,12370.0,12440.0,12360.0,12410.0,28146.0
2026-08-14 13:50:00+09:00,12410.0,12430.0,12360.0,12370.0,23267.0
2026-08-14 14:00:00+09:00,12370.0,12470.0,12320.0,12330.0,52693.0
2026-08-14 14:10:00+09:00,12330.0,12360.0,12280.0,12350.0,42738.0
2026-08-14 14:20:00+09:00,12360.0,12380.0,12320.0,12360.0,32459.0
2026-08-14 14:30:00+09:00,12360.0,12430.0,12350.0,12380.0,35047.0
2026-08-14 14:40:00+09:00,12390.0,12420.0,12350.0,12410.0,53236.0
2026-08-14 14:50:00+09:00,12400.0,12420.0,12380.0,12410.0,41042.0
2026-08-18 09:00:00+09:00,12410.0,14430.0,12410.0,14180.0,1320122.0
2026-08-18 09:10:00+09:00,14190.0,14430.0,13770.0,14370.0,1295943.0
2026-08-18 09:20:00+09:00,14370.0,14740.0,14250.0,14520.0,1961966.0
2026-08-18 09:30:00+09:00,14530.0,14720.0,14210.0,14225.0,965732.0
2026-08-18 09:40:00+09:00,14225.0,14225.0,13740.0,13770.0,1020953.0
2026-08-18 09:50:00+09:00,13780.0,13790.0,13610.0,13740.0,543561.0
2026-08-18 10:00:00+09:00,13750.0,13860.0,13480.0,13530.0,545761.0
2026-08-18 10:10:00+09:00,13530.0,13710.0,13520.0,13600.0,241976.0
2026-08-18 10:20:00+09:00,13600.0,13670.0,13510.0,13585.0,176598.0
2026-08-18 10:30:00+09:00,13580.0,13630.0,13520.0,13550.0,101096.0
2026-08-18 10:40:00+09:00,13560.0,13560.0,13290.0,13290.0,343896.0
2026-08-18 10:50:00+09:00,13290.0,13310.0,13150.0,13280.0,321080.0
2026-08-18 11:00:00+09:00,13280.0,13310.0,13120.0,13190.0,182639.0
2026-08-18 11:10:00+09:00,13180.0,13190.0,12860.0,12880.0,372637.0
2026-08-18 11:20:00+09:00,12890.0,12950.0,12720.0,12790.0,270053.0
2026-08-18 11:30:00+09:00,12800.0,12850.0,12760.0,12800.0,159155.0
2026-08-18 11:40:00+09:00,12790.0,12860.0,12710.0,12840.0,164344.0
2026-08-18 11:50:00+09:00,12860.0,12860.0,12760.0,12850.0,88570.0
2026-08-18 12:00:00+09:00,12840.0,12920.0,12820.0,12850.0,133496.0
2026-08-18 12:10:00+09:00,12830.0,12900.0,12790.0,12880.0,58731.0
2026-08-18 12:20:00+09:00,12880.0,12890.0,12780.0,12870.0,88784.0
2026-08-18 12:30:00+09:00,12870.0,12960.0,12770.0,12930.0,104058.0
2026-08-18 12:40:00+09:00,12930.0,12970.0,12860.0,12940.0,101024.0
2026-08-18 12:50:00+09:00,12930.0,13100.0,12910.0,13050.0,216325.0
2026-08-18 13:00:00+09:00,13030.0,13200.0,12960.0,13190.0,238061.0
2026-08-18 13:10:00+09:00,13190.0,13295.0,13120.0,13220.0,272058.0
2026-08-18 13:20:00+09:00,13230.0,13340.0,13220.0,13270.0,166086.0
2026-08-18 13:30:00+09:00,13260.0,13360.0,13180.0,13310.0,168764.0
2026-08-18 13:40:00+09:00,13310.0,13360.0,13250.0,13300.0,171081.0
2026-08-18 13:50:00+09:00,13290.0,13350.0,13270.0,13330.0,96462.0
2026-08-18 14:00:00+09:00,13330.0,13390.0,13300.0,13310.0,129394.0
2026-08-18 14:10:00+09:00,13320.0,13320.0,13160.0,13190.0,154107.0
2026-08-18 14:20:00+09:00,13180.0,13240.0,13070.0,13080.0,177314.0
2026-08-18 14:30:00+09:00,13080.0,13110.0,12950.0,13030.0,150528.0
2026-08-18 14:40:00+09:00,13020.0,13060.0,12970.0,12970.0,75027.0
2026-08-18 14:50:00+09:00,12970.0,13030.0,12910.0,12960.0,109506.0
2026-08-19 09:00:00+09:00,12000.0,12700.0,11900.0,12620.0,597692.0
2026-08-19 09:10:00+09:00,12640.0,12730.0,12360.0,12470.0,232623.0
2026-08-19 09:20:00+09:00,12470.0,12730.0,12450.0,12580.0,119537.0
2026-08-19 09:30:00+09:00,12600.0,12940.0,12570.0,12780.0,187886.0
2026-08-19 09:40:00+09:00,12790.0,12790.0,12590.0,12760.0,118463.0
2026-08-19 09:50:00+09:00,12750.0,12760.0,12510.0,12520.0,112529.0
2026-08-19 10:00:00+09:00,12520.0,12740.0,12510.0,12710.0,50220.0
2026-08-19 10:10:00+09:00,12710.0,12710.0,12610.0,12670.0,53014.0
2026-08-19 10:20:00+09:00,12660.0,12850.0,12640.0,12840.0,78689.0
2026-08-19 10:30:00+09:00,12830.0,12840.0,12620.0,12720.0,72663.0
2026-08-19 10:40:00+09:00,12720.0,12730.0,12580.0,12590.0,45640.0
2026-08-19 10:50:00+09:00,12590.0,12600.0,12520.0,12560.0,37656.0
2026-08-19 11:00:00+09:00,12570.0,12570.0,12410.0,12430.0,69993.0
2026-08-19 11:10:00+09:00,12430.0,12500.0,12400.0,12480.0,35877.0
2026-08-19 11:20:00+09:00,12490.0,12580.0,12480.0,12500.0,16102.0
2026-08-19 11:30:00+09:00,12500.0,12610.0,12490.0,12570.0,17319.0
2026-08-19 11:40:00+09:00,12580.0,12600.0,12550.0,12580.0,16968.0
2026-08-19 11:50:00+09:00,12580.0,12580.0,12550.0,12560.0,13084.0
2026-08-19 12:00:00+09:00,12550.0,12650.0,12540.0,12620.0,23675.0
2026-08-19 12:10:00+09:00,12620.0,12690.0,12600.0,12690.0,25835.0
2026-08-19 12:20:00+09:00,12680.0,12680.0,12600.0,12620.0,23993.0
2026-08-19 12:30:00+09:00,12620.0,12660.0,12610.0,12650.0,8894.0
2026-08-19 12:40:00+09:00,12650.0,12650.0,12550.0,12570.0,18124.0
2026-08-19 12:50:00+09:00,12570.0,12610.0,12560.0,12570.0,14508.0
2026-08-19 13:00:00+09:00,12560.0,12570.0,12510.0,12510.0,23712.0
2026-08-19 13:10:00+09:00,12520.0,12550.0,12490.0,12530.0,22169.0
2026-08-19 13:20:00+09:00,12530.0,12620.0,12510.0,12605.0,15293.0
2026-08-19 13:30:00+09:00,12600.0,12640.0,12550.0,12630.0,18889.0
2026-08-19 13:40:00+09:00,12610.0,12640.0,12550.0,12570.0,20198.0
2026-08-19 13:50:00+09:00,12560.0,12570.0,12510.0,12550.0,20768.0
2026-08-19 14:00:00+09:00,12550.0,12690.0,12540.0,12650.0,23603.0
2026-08-19 14:10:00+09:00,12650.0,12690.0,12560.0,12600.0,43289.0
2026-08-19 14:20:00+09:00,12590.0,12660.0,12590.0,12650.0,23516.0
2026-08-19 14:30:00+09:00,12660.0,12670.0,12550.0,12580.0,32658.0
2026-08-19 14:40:00+09:00,12580.0,12600.0,12490.0,12490.0,66967.0
2026-08-19 14:50:00+09:00,12510.0,12510.0,12410.0,12440.0,65421.0
2026-08-20 09:00:00+09:00,12650.0,13140.0,12540.0,12950.0,372636.0
2026-08-20 09:10:00+09:00,12950.0,12980.0,12620.0,12700.0,152219.0
2026-08-20 09:20:00+09:00,12695.0,12800.0,12540.0,12560.0,101975.0
2026-08-20 09:30:00+09:00,12550.0,12750.0,12520.0,12750.0,56021.0
2026-08-20 09:40:00+09:00,12750.0,12830.0,12690.0,12720.0,64865.0
2026-08-20 09:50:00+09:00,12710.0,12840.0,12700.0,12740.0,39437.0
2026-08-20 10:00:00+09:00,12740.0,12870.0,12700.0,12760.0,67378.0
2026-08-20 10:10:00+09:00,12770.0,12810.0,12680.0,12790.0,51057.0
2026-08-20 10:20:00+09:00,12790.0,12870.0,12720.0,12730.0,36225.0
2026-08-20 10:30:00+09:00,12730.0,12760.0,12670.0,12740.0,43064.0
2026-08-20 10:40:00+09:00,12740.0,12770.0,12680.0,12730.0,74746.0
2026-08-20 10:50:00+09:00,12730.0,12740.0,12600.0,12610.0,46669.0
2026-08-20 11:00:00+09:00,12610.0,12630.0,12570.0,12570.0,63440.0
2026-08-20 11:10:00+09:00,12570.0,12620.0,12520.0,12530.0,41298.0
2026-08-20 11:20:00+09:00,12520.0,12590.0,12430.0,12550.0,64749.0
2026-08-20 11:30:00+09:00,12550.0,12550.0,12450.0,12490.0,34125.0
2026-08-20 11:40:00+09:00,12490.0,12490.0,12380.0,12390.0,59801.0
2026-08-20 11:50:00+09:00,12380.0,12410.0,12350.0,12410.0,35926.0
2026-08-20 12:00:00+09:00,12410.0,12500.0,12390.0,12440.0,27872.0
2026-08-20 12:10:00+09:00,12450.0,12450.0,12380.0,12420.0,18319.0
2026-08-20 12:20:00+09:00,12430.0,12470.0,12410.0,12430.0,15505.0
2026-08-20 12:30:00+09:00,12430.0,12460.0,12420.0,12450.0,11336.0
2026-08-20 12:40:00+09:00,12460.0,12570.0,12450.0,12540.0,31286.0
2026-08-20 12:50:00+09:00,12530.0,12550.0,12480.0,12550.0,21625.0
2026-08-20 13:00:00+09:00,12550.0,12570.0,12520.0,12530.0,26781.0
2026-08-20 13:10:00+09:00,12540.0,12540.0,12470.0,12500.0,30997.0
2026-08-20 13:20:00+09:00,12500.0,12550.0,12490.0,12530.0,15304.0
2026-08-20 13:30:00+09:00,12520.0,12520.0,12470.0,12480.0,18440.0
2026-08-20 13:40:00+09:00,12480.0,12620.0,12470.0,12570.0,36469.0
2026-08-20 13:50:00+09:00,12580.0,12580.0,12500.0,12520.0,22003.0
2026-08-20 14:00:00+09:00,12520.0,12520.0,12400.0,12450.0,33603.0
2026-08-20 14:10:00+09:00,12460.0,12520.0,12360.0,12500.0,39748.0
2026-08-20 14:20:00+09:00,12510.0,12540.0,12475.0,12510.0,19033.0
2026-08-20 14:30:00+09:00,12520.0,12530.0,12450.0,12500.0,23797.0
2026-08-20 14:40:00+09:00,12490.0,12500.0,12410.0,12500.0,25277.0
2026-08-20 14:50:00+09:00,12490.0,12500.0,12400.0,12410.0,24242.0
2026-08-21 09:00:00+09:00,12100.0,12390.0,11680.0,11850.0,317066.0
2026-08-21 09:10:00+09:00,11850.0,12080.0,11800.0,11950.0,82521.0
2026-08-21 09:20:00+09:00,11950.0,11980.0,11860.0,11890.0,73052.0
2026-08-21 09:30:00+09:00,11900.0,12010.0,11830.0,12010.0,56238.0
2026-08-21 09:40:00+09:00,12010.0,12040.0,11890.0,11910.0,62891.0
2026-08-21 09:50:00+09:00,11910.0,11910.0,11780.0,11800.0,117119.0
2026-08-21 10:00:00+09:00,11800.0,11860.0,11760.0,11760.0,53159.0
2026-08-21 10:10:00+09:00,11765.0,11910.0,11710.0,11850.0,90311.0
2026-08-21 10:20:00+09:00,11860.0,11870.0,11790.0,11850.0,44476.0
2026-08-21 10:30:00+09:00,11850.0,11850.0,11750.0,11790.0,59611.0
2026-08-21 10:40:00+09:00,11800.0,11830.0,11710.0,11800.0,106912.0
2026-08-21 10:50:00+09:00,11800.0,11860.0,11730.0,11750.0,104537.0
2026-08-21 11:00:00+09:00,11750.0,11760.0,11700.0,11720.0,137346.0
2026-08-21 11:10:00+09:00,11720.0,11720.0,11680.0,11710.0,110951.0
2026-08-21 11:20:00+09:00,11710.0,11750.0,11690.0,11700.0,53680.0
2026-08-21 11:30:00+09:00,11700.0,11700.0,11650.0,11680.0,79732.0
2026-08-21 11:40:00+09:00,11680.0,11750.0,11670.0,11750.0,61231.0
2026-08-21 11:50:00+09:00,11750.0,11820.0,11750.0,11760.0,82564.0
2026-08-21 12:00:00+09:00,11760.0,11770.0,11710.0,11730.0,37885.0
2026-08-21 12:10:00+09:00,11720.0,11730.0,11690.0,11720.0,42444.0
2026-08-21 12:20:00+09:00,11720.0,11740.0,11700.0,11740.0,47804.0
2026-08-21 12:30:00+09:00,11730.0,11820.0,11730.0,11780.0,59214.0
2026-08-21 12:40:00+09:00,11790.0,11830.0,11780.0,11780.0,37255.0
2026-08-21 12:50:00+09:00,11790.0,11800.0,11740.0,11785.0,58106.0
2026-08-21 13:00:00+09:00,11790.0,11840.0,11760.0,11830.0,77696.0
2026-08-21 13:10:00+09:00,11830.0,11830.0,11780.0,11780.0,23807.0
2026-08-21 13:20:00+09:00,11790.0,11810.0,11760.0,11810.0,59882.0
2026-08-21 13:30:00+09:00,11810.0,11880.0,11800.0,11850.0,85661.0
2026-08-21 13:40:00+09:00,11840.0,11990.0,11840.0,11990.0,67868.0
2026-08-21 13:50:00+09:00,11990.0,12030.0,11930.0,11980.0,42209.0
2026-08-21 14:00:00+09:00,11990.0,11990.0,11890.0,11900.0,35408.0
2026-08-21 14:10:00+09:00,11910.0,11940.0,11890.0,11910.0,24539.0
2026-08-21 14:20:00+09:00,11910.0,11930.0,11880.0,11890.0,39113.0
2026-08-21 14:30:00+09:00,11890.0,11950.0,11880.0,11910.0,32454.0
2026-08-21 14:40:00+09:00,11910.0,11940.0,11900.0,11910.0,34711.0
2026-08-21 14:50:00+09:00,11910.0,11950.0,11860.0,11910.0,47905.0
2026-08-24 09:00:00+09:00,11950.0,12650.0,11860.0,12630.0,248448.0
2026-08-24 09:10:00+09:00,12630.0,13140.0,12630.0,12880.0,751080.0
2026-08-24 09:20:00+09:00,12870.0,12940.0,12600.0,12600.0,391186.0
2026-08-24 09:30:00+09:00,12600.0,12790.0,12540.0,12680.0,195886.0
2026-08-24 09:40:00+09:00,12700.0,12910.0,12680.0,12820.0,205566.0
2026-08-24 09:50:00+09:00,12830.0,13030.0,12770.0,13010.0,238147.0
2026-08-24 10:00:00+09:00,13000.0,13020.0,12810.0,12830.0,112951.0
2026-08-24 10:10:00+09:00,12830.0,12890.0,12800.0,12870.0,84375.0
2026-08-24 10:20:00+09:00,12870.0,12890.0,12810.0,12830.0,36855.0
2026-08-24 10:30:00+09:00,12830.0,12830.0,12705.0,12780.0,57222.0
2026-08-24 10:40:00+09:00,12790.0,12840.0,12710.0,12710.0,32979.0
2026-08-24 10:50:00+09:00,12710.0,12760.0,12540.0,12540.0,70001.0
2026-08-24 11:00:00+09:00,12550.0,12560.0,12490.0,12500.0,59617.0
2026-08-24 11:10:00+09:00,12520.0,12720.0,12520.0,12710.0,49833.0
2026-08-24 11:20:00+09:00,12710.0,12710.0,12580.0,12660.0,28739.0
2026-08-24 11:30:00+09:00,12660.0,12680.0,12640.0,12660.0,18228.0
2026-08-24 11:40:00+09:00,12660.0,12680.0,12580.0,12585.0,25381.0
2026-08-24 11:50:00+09:00,12585.0,12590.0,12530.0,12580.0,24162.0
2026-08-24 12:00:00+09:00,12570.0,12590.0,12530.0,12530.0,16525.0
2026-08-24 12:10:00+09:00,12520.0,12520.0,12410.0,12430.0,53779.0
2026-08-24 12:20:00+09:00,12430.0,12450.0,12400.0,12440.0,33263.0
2026-08-24 12:30:00+09:00,12440.0,12460.0,12400.0,12420.0,25743.0
2026-08-24 12:40:00+09:00,12430.0,12430.0,12360.0,12360.0,26226.0
2026-08-24 12:50:00+09:00,12370.0,12370.0,12180.0,12180.0,90649.0
2026-08-24 13:00:00+09:00,12190.0,12190.0,12060.0,12150.0,73653.0
2026-08-24 13:10:00+09:00,12150.0,12200.0,12130.0,12200.0,57228.0
2026-08-24 13:20:00+09:00,12200.0,12240.0,12160.0,12190.0,51634.0
2026-08-24 13:30:00+09:00,12200.0,12340.0,12200.0,12280.0,36909.0
2026-08-24 13:40:00+09:00,12270.0,12320.0,12260.0,12280.0,17257.0
2026-08-24 13:50:00+09:00,12280.0,12300.0,12230.0,12230.0,22095.0
2026-08-24 14:00:00+09:00,12250.0,12250.0,12190.0,12190.0,22896.0
2026-08-24 14:10:00+09:00,12190.0,12250.0,12170.0,12170.0,31406.0
2026-08-24 14:20:00+09:00,12190.0,12240.0,12160.0,12180.0,28001.0
2026-08-24 14:30:00+09:00,12170.0,12180.0,12070.0,12110.0,48294.0
2026-08-24 14:40:00+09:00,12110.0,12120.0,12020.0,12070.0,43338.0
2026-08-24 14:50:00+09:00,12080.0,12230.0,12070.0,12180.0,36945.0
2026-08-25 09:00:00+09:00,11800.0,12050.0,11500.0,11560.0,238863.0
2026-08-25 09:10:00+09:00,11580.0,11630.0,11400.0,11440.0,107625.0
2026-08-25 09:20:00+09:00,11450.0,11620.0,11430.0,11620.0,55870.0
2026-08-25 09:30:00+09:00,11620.0,11810.0,11590.0,11700.0,65198.0
2026-08-25 09:40:00+09:00,11690.0,11880.0,11670.0,11750.0,72656.0
2026-08-25 09:50:00+09:00,11730.0,11800.0,11690.0,11800.0,90703.0
2026-08-25 10:00:00+09:00,11780.0,11780.0,11510.0,11600.0,77133.0
2026-08-25 10:10:00+09:00,11600.0,11640.0,11510.0,11550.0,40105.0
2026-08-25 10:20:00+09:00,11550.0,11680.0,11530.0,11670.0,23796.0
2026-08-25 10:30:00+09:00,11660.0,11730.0,11650.0,11690.0,29620.0
2026-08-25 10:40:00+09:00,11690.0,11790.0,11680.0,11780.0,29045.0
2026-08-25 10:50:00+09:00,11770.0,11800.0,11730.0,11730.0,17923.0
2026-08-25 11:00:00+09:00,11730.0,11750.0,11690.0,11700.0,18586.0
2026-08-25 11:10:00+09:00,11700.0,11730.0,11640.0,11720.0,37896.0
2026-08-25 11:20:00+09:00,11720.0,11750.0,11650.0,11680.0,23113.0
2026-08-25 11:30:00+09:00,11680.0,11730.0,11650.0,11650.0,21559.0
2026-08-25 11:40:00+09:00,11660.0,11680.0,11600.0,11620.0,22878.0
2026-08-25 11:50:00+09:00,11620.0,11640.0,11570.0,11630.0,33494.0
2026-08-25 12:00:00+09:00,11630.0,11690.0,11600.0,11670.0,12816.0
2026-08-25 12:10:00+09:00,11670.0,11770.0,11650.0,11770.0,20109.0
2026-08-25 12:20:00+09:00,11770.0,11880.0,11730.0,11870.0,62315.0
2026-08-25 12:30:00+09:00,11880.0,12240.0,11860.0,11920.0,130574.0
2026-08-25 12:40:00+09:00,11920.0,11980.0,11900.0,11950.0,47093.0
2026-08-25 12:50:00+09:00,11940.0,12160.0,11910.0,12120.0,63012.0
2026-08-25 13:00:00+09:00,12120.0,12260.0,12120.0,12220.0,76601.0
2026-08-25 13:10:00+09:00,12230.0,12305.0,12200.0,12270.0,69402.0
2026-08-25 13:20:00+09:00,12265.0,12330.0,12250.0,12270.0,30861.0
2026-08-25 13:30:00+09:00,12270.0,12290.0,12220.0,12270.0,30906.0
2026-08-25 13:40:00+09:00,12270.0,12300.0,12260.0,12280.0,23881.0
2026-08-25 13:50:00+09:00,12280.0,12290.0,12210.0,12270.0,33951.0
2026-08-25 14:00:00+09:00,12260.0,12270.0,12180.0,12180.0,31770.0
2026-08-25 14:10:00+09:00,12190.0,12250.0,12180.0,12210.0,24261.0
2026-08-25 14:20:00+09:00,12210.0,12270.0,12210.0,12240.0,19979.0
2026-08-25 14:30:00+09:00,12250.0,12290.0,12230.0,12275.0,27445.0
2026-08-25 14:40:00+09:00,12275.0,12290.0,12220.0,12230.0,35521.0
2026-08-25 14:50:00+09:00,12230.0,12240.0,12220.0,12220.0,20273.0
2026-08-26 09:00:00+09:00,12470.0,12480.0,12250.0,12370.0,167301.0
2026-08-26 09:10:00+09:00,12370.0,12480.0,12330.0,12430.0,72368.0
2026-08-26 09:20:00+09:00,12430.0,12530.0,12250.0,12330.0,70333.0
2026-08-26 09:30:00+09:00,12330.0,12450.0,12280.0,12290.0,45076.0
2026-08-26 09:40:00+09:00,12290.0,12440.0,12270.0,12390.0,48689.0
2026-08-26 09:50:00+09:00,12390.0,12390.0,12150.0,12210.0,74034.0
2026-08-26 10:00:00+09:00,12210.0,12460.0,12190.0,12380.0,53308.0
2026-08-26 10:10:00+09:00,12385.0,12390.0,12310.0,12350.0,13797.0
2026-08-26 10:20:00+09:00,12350.0,12360.0,12250.0,12290.0,29083.0
2026-08-26 10:30:00+09:00,12300.0,12310.0,12230.0,12290.0,35644.0
2026-08-26 10:40:00+09:00,12280.0,12290.0,12180.0,12190.0,23259.0
2026-08-26 10:50:00+09:00,12180.0,12300.0,12180.0,12300.0,20838.0
2026-08-26 11:00:00+09:00,12260.0,12310.0,12230.0,12260.0,26483.0
2026-08-26 11:10:00+09:00,12280.0,12360.0,12240.0,12340.0,12105.0
2026-08-26 11:20:00+09:00,12340.0,12380.0,12320.0,12380.0,17569.0
2026-08-26 11:30:00+09:00,12380.0,12460.0,12360.0,12440.0,21738.0
2026-08-26 11:40:00+09:00,12440.0,12490.0,12440.0,12440.0,39352.0
2026-08-26 11:50:00+09:00,12450.0,12450.0,12360.0,12370.0,21558.0
2026-08-26 12:00:00+09:00,12380.0,12390.0,12300.0,12370.0,28151.0
2026-08-26 12:10:00+09:00,12370.0,12450.0,12320.0,12430.0,15240.0
2026-08-26 12:20:00+09:00,12430.0,12440.0,12380.0,12390.0,23313.0
2026-08-26 12:30:00+09:00,12390.0,12480.0,12360.0,12470.0,23184.0
2026-08-26 12:40:00+09:00,12470.0,12490.0,12460.0,12460.0,27393.0
2026-08-26 12:50:00+09:00,12470.0,12490.0,12440.0,12460.0,21945.0
2026-08-26 13:00:00+09:00,12460.0,12480.0,12430.0,12450.0,22368.0
2026-08-26 13:10:00+09:00,12450.0,12470.0,12360.0,12420.0,19804.0
2026-08-26 13:20:00+09:00,12420.0,12430.0,12390.0,12410.0,21538.0
2026-08-26 13:30:00+09:00,12410.0,12470.0,12400.0,12460.0,21100.0
2026-08-26 13:40:00+09:00,12460.0,12470.0,12420.0,12420.0,23079.0
2026-08-26 13:50:00+09:00,12430.0,12430.0,12400.0,12420.0,14877.0
2026-08-26 14:00:00+09:00,12420.0,12420.0,12340.0,12360.0,24072.0
2026-08-26 14:10:00+09:00,12350.0,12370.0,12300.0,12310.0,33609.0
2026-08-26 14:20:00+09:00,12310.0,12340.0,12300.0,12340.0,15061.0
2026-08-26 14:30:00+09:00,12340.0,12420.0,12340.0,12420.0,22414.0
2026-08-26 14:40:00+09:00,12420.0,12450.0,12370.0,12440.0,25757.0
2026-08-26 14:50:00+09:00,12430.0,12460.0,12410.0,12450.0,26166.0
2026-08-27 09:00:00+09:00,12770.0,12810.0,12610.0,12760.0,250433.0
2026-08-27 09:10:00+09:00,12740.0,12950.0,12740.0,12810.0,205786.0
2026-08-27 09:20:00+09:00,12810.0,12830.0,12640.0,12750.0,108490.0
2026-08-27 09:30:00+09:00,12750.0,12820.0,12630.0,12710.0,97690.0
2026-08-27 09:40:00+09:00,12710.0,12930.0,12680.0,12780.0,135107.0
2026-08-27 09:50:00+09:00,12780.0,12790.0,12570.0,12660.0,80351.0
2026-08-27 10:00:00+09:00,12660.0,12820.0,12640.0,12770.0,61536.0
2026-08-27 10:10:00+09:00,12770.0,12770.0,12670.0,12710.0,30418.0
2026-08-27 10:20:00+09:00,12710.0,12830.0,12700.0,12790.0,37025.0
2026-08-27 10:30:00+09:00,12790.0,12900.0,12760.0,12890.0,82391.0
2026-08-27 10:40:00+09:00,12890.0,12940.0,12840.0,12930.0,79246.0
2026-08-27 10:50:00+09:00,12920.0,13000.0,12900.0,12930.0,111980.0
2026-08-27 11:00:00+09:00,12940.0,13150.0,12930.0,13000.0,373101.0
2026-08-27 11:10:00+09:00,13000.0,13080.0,12960.0,13000.0,77319.0
2026-08-27 11:20:00+09:00,12990.0,13070.0,12970.0,13050.0,50634.0
2026-08-27 11:30:00+09:00,13050.0,13070.0,13030.0,13040.0,37363.0
2026-08-27 11:40:00+09:00,13030.0,13040.0,12950.0,13040.0,53053.0
2026-08-27 11:50:00+09:00,13030.0,13060.0,13000.0,13010.0,32024.0
2026-08-27 12:00:00+09:00,13010.0,13040.0,13010.0,13030.0,15720.0
2026-08-27 12:10:00+09:00,13020.0,13030.0,12990.0,13030.0,20340.0
2026-08-27 12:20:00+09:00,13030.0,13120.0,13020.0,13100.0,67988.0
2026-08-27 12:30:00+09:00,13090.0,13100.0,13010.0,13020.0,25920.0
2026-08-27 12:40:00+09:00,13020.0,13040.0,12960.0,12980.0,33152.0
2026-08-27 12:50:00+09:00,12970.0,13060.0,12970.0,13010.0,36220.0
2026-08-27 13:00:00+09:00,13010.0,13040.0,12990.0,13000.0,19186.0
2026-08-27 13:10:00+09:00,13000.0,13000.0,12960.0,12980.0,21144.0
2026-08-27 13:20:00+09:00,12980.0,13000.0,12940.0,12960.0,30427.0
2026-08-27 13:30:00+09:00,12960.0,12980.0,12900.0,12940.0,44952.0
2026-08-27 13:40:00+09:00,12950.0,12950.0,12870.0,12900.0,48463.0
2026-08-27 13:50:00+09:00,12900.0,12940.0,12890.0,12940.0,17227.0
2026-08-27 14:00:00+09:00,12930.0,12960.0,12870.0,12950.0,33317.0
2026-08-27 14:10:00+09:00,12950.0,12970.0,12870.0,12870.0,32388.0
2026-08-27 14:20:00+09:00,12870.0,12930.0,12860.0,12920.0,22051.0
2026-08-27 14:30:00+09:00,12930.0,13080.0,12910.0,13060.0,86817.0
2026-08-27 14:40:00+09:00,13060.0,13070.0,12980.0,13010.0,45516.0
2026-08-27 14:50:00+09:00,13020.0,13100.0,13010.0,13100.0,61697.0
2026-08-28 09:00:00+09:00,13060.0,13250.0,12720.0,13150.0,392098.0
2026-08-28 09:10:00+09:00,13150.0,13220.0,12790.0,12800.0,220720.0
2026-08-28 09:20:00+09:00,12800.0,12870.0,12770.0,12810.0,80484.0
2026-08-28 09:30:00+09:00,12810.0,13000.0,12790.0,12830.0,64946.0
2026-08-28 09:40:00+09:00,12830.0,12960.0,12810.0,12950.0,33985.0
2026-08-28 09:50:00+09:00,12950.0,12960.0,12825.0,12870.0,66576.0
2026-08-28 10:00:00+09:00,12870.0,12880.0,12720.0,12730.0,72610.0
2026-08-28 10:10:00+09:00,12740.0,12770.0,12690.0,12750.0,62310.0
2026-08-28 10:20:00+09:00,12750.0,12820.0,12660.0,12660.0,46766.0
2026-08-28 10:30:00+09:00,12660.0,12720.0,12580.0,12620.0,65488.0
2026-08-28 10:40:00+09:00,12620.0,12680.0,12560.0,12560.0,29484.0
2026-08-28 10:50:00+09:00,12550.0,12680.0,12550.0,12640.0,32970.0
2026-08-28 11:00:00+09:00,12640.0,12700.0,12640.0,12680.0,14626.0
2026-08-28 11:10:00+09:00,12680.0,12750.0,12680.0,12740.0,16472.0
2026-08-28 11:20:00+09:00,12740.0,12750.0,12690.0,12730.0,32215.0
2026-08-28 11:30:00+09:00,12730.0,12760.0,12690.0,12700.0,13752.0
2026-08-28 11:40:00+09:00,12710.0,12720.0,12670.0,12670.0,17126.0
2026-08-28 11:50:00+09:00,12670.0,12740.0,12670.0,12700.0,13499.0
2026-08-28 12:00:00+09:00,12710.0,12730.0,12690.0,12710.0,7800.0
2026-08-28 12:10:00+09:00,12700.0,12770.0,12700.0,12760.0,10473.0
2026-08-28 12:20:00+09:00,12760.0,12770.0,12730.0,12750.0,30312.0
2026-08-28 12:30:00+09:00,12750.0,12770.0,12700.0,12700.0,23898.0
2026-08-28 12:40:00+09:00,12700.0,12730.0,12650.0,12670.0,25118.0
2026-08-28 12:50:00+09:00,12660.0,12770.0,12660.0,12750.0,11573.0
2026-08-28 13:00:00+09:00,12740.0,12750.0,12700.0,12710.0,17702.0
2026-08-28 13:10:00+09:00,12710.0,12770.0,12700.0,12760.0,15469.0
2026-08-28 13:20:00+09:00,12760.0,12760.0,12720.0,12750.0,8666.0
2026-08-28 13:30:00+09:00,12750.0,12760.0,12710.0,12720.0,19815.0
2026-08-28 13:40:00+09:00,12720.0,12750.0,12710.0,12730.0,9463.0
2026-08-28 13:50:00+09:00,12740.0,12740.0,12690.0,12690.0,29231.0
2026-08-28 14:00:00+09:00,12690.0,12700.0,12630.0,12640.0,28447.0
2026-08-28 14:10:00+09:00,12630.0,12640.0,12610.0,12630.0,22411.0
2026-08-28 14:20:00+09:00,12620.0,12630.0,12600.0,12610.0,39756.0
2026-08-28 14:30:00+09:00,12610.0,12610.0,12540.0,12550.0,46191.0
2026-08-28 14:40:00+09:00,12540.0,12570.0,12510.0,12540.0,38440.0
2026-08-28 14:50:00+09:00,12540.0,12570.0,12520.0,12540.0,48619.0
2026-08-31 09:00:00+09:00,12010.0,12490.0,12000.0,12480.0,52514.0
2026-08-31 09:10:00+09:00,12480.0,12590.0,12260.0,12270.0,143691.0
2026-08-31 09:20:00+09:00,12280.0,12470.0,12270.0,12410.0,68236.0
2026-08-31 09:30:00+09:00,12410.0,12600.0,12380.0,12570.0,50595.0
2026-08-31 09:40:00+09:00,12570.0,12700.0,12430.0,12440.0,103628.0
2026-08-31 09:50:00+09:00,12450.0,12560.0,12330.0,12330.0,50994.0
2026-08-31 10:00:00+09:00,12340.0,12340.0,12120.0,12210.0,88407.0
2026-08-31 10:10:00+09:00,12210.0,12250.0,12180.0,12240.0,24741.0
2026-08-31 10:20:00+09:00,12240.0,12290.0,12170.0,12270.0,32475.0
2026-08-31 10:30:00+09:00,12280.0,12370.0,12260.0,12290.0,21320.0
2026-08-31 10:40:00+09:00,12290.0,12360.0,12280.0,12320.0,18140.0
2026-08-31 10:50:00+09:00,12320.0,12340.0,12300.0,12320.0,11440.0
2026-08-31 11:00:00+09:00,12320.0,12460.0,12310.0,12450.0,17521.0
2026-08-31 11:10:00+09:00,12450.0,12480.0,12310.0,12320.0,29446.0
2026-08-31 11:20:00+09:00,12320.0,12360.0,12280.0,12310.0,12760.0
2026-08-31 11:30:00+09:00,12320.0,12460.0,12310.0,12410.0,28152.0
2026-08-31 11:40:00+09:00,12400.0,12450.0,12310.0,12430.0,16972.0
2026-08-31 11:50:00+09:00,12420.0,12470.0,12370.0,12460.0,14513.0
2026-08-31 12:00:00+09:00,12470.0,12800.0,12450.0,12800.0,128139.0
2026-08-31 12:10:00+09:00,12790.0,12820.0,12630.0,12670.0,89509.0
2026-08-31 12:20:00+09:00,12660.0,12780.0,12660.0,12730.0,37095.0
2026-08-31 12:30:00+09:00,12740.0,12800.0,12710.0,12760.0,46699.0
2026-08-31 12:40:00+09:00,12760.0,12770.0,12690.0,12710.0,35168.0
2026-08-31 12:50:00+09:00,12700.0,12750.0,12680.0,12750.0,28302.0
2026-08-31 13:00:00+09:00,12750.0,12760.0,12680.0,12710.0,32918.0
2026-08-31 13:10:00+09:00,12720.0,12860.0,12710.0,12840.0,94357.0
2026-08-31 13:20:00+09:00,12840.0,12870.0,12820.0,12820.0,64224.0
2026-08-31 13:30:00+09:00,12820.0,12840.0,12760.0,12830.0,58521.0
2026-08-31 13:40:00+09:00,12840.0,12900.0,12820.0,12900.0,55088.0
2026-08-31 13:50:00+09:00,12900.0,13070.0,12890.0,12990.0,180910.0
2026-08-31 14:00:00+09:00,12990.0,13060.0,12910.0,13050.0,75312.0
2026-08-31 14:10:00+09:00,13050.0,13130.0,13050.0,13090.0,117005.0
2026-08-31 14:20:00+09:00,13090.0,13100.0,13010.0,13080.0,70849.0
2026-08-31 14:30:00+09:00,13080.0,13080.0,12970.0,13030.0,62970.0
2026-08-31 14:40:00+09:00,13040.0,13120.0,12980.0,13110.0,114651.0
2026-08-31 14:50:00+09:00,13120.0,13120.0,13070.0,13080.0,86365.0
2026-09-01 09:00:00+09:00,13130.0,13130.0,12570.0,12660.0,238572.0
2026-09-01 09:10:00+09:00,12660.0,12720.0,12570.0,12700.0,97234.0
2026-09-01 09:20:00+09:00,12700.0,12710.0,12630.0,12660.0,45014.0
2026-09-01 09:30:00+09:00,12650.0,12660.0,12320.0,12320.0,217682.0
2026-09-01 09:40:00+09:00,12330.0,12450.0,12270.0,12430.0,155062.0
2026-09-01 09:50:00+09:00,12430.0,12460.0,12210.0,12420.0,170007.0
2026-09-01 10:00:00+09:00,12420.0,12490.0,12400.0,12410.0,77300.0
2026-09-01 10:10:00+09:00,12410.0,12420.0,12330.0,12380.0,41932.0
2026-09-01 10:20:00+09:00,12380.0,12400.0,12280.0,12290.0,65611.0
2026-09-01 10:30:00+09:00,12300.0,12360.0,12260.0,12330.0,28615.0
2026-09-01 10:40:00+09:00,12330.0,12460.0,12320.0,12440.0,29753.0
2026-09-01 10:50:00+09:00,12430.0,12440.0,12330.0,12380.0,27267.0
2026-09-01 11:00:00+09:00,12380.0,12380.0,12330.0,12335.0,12460.0
2026-09-01 11:10:00+09:00,12330.0,12390.0,12330.0,12390.0,10004.0
2026-09-01 11:20:00+09:00,12380.0,12420.0,12300.0,12310.0,39380.0
2026-09-01 11:30:00+09:00,12300.0,12350.0,12290.0,12310.0,44934.0
2026-09-01 11:40:00+09:00,12310.0,12370.0,12280.0,12370.0,16315.0
2026-09-01 11:50:00+09:00,12370.0,12410.0,12340.0,12390.0,14831.0
2026-09-01 12:00:00+09:00,12400.0,12400.0,12340.0,12340.0,16488.0
2026-09-01 12:10:00+09:00,12340.0,12390.0,12320.0,12330.0,23362.0
2026-09-01 12:20:00+09:00,12320.0,12370.0,12310.0,12360.0,9545.0
2026-09-01 12:30:00+09:00,12360.0,12390.0,12330.0,12390.0,12446.0
2026-09-01 12:40:00+09:00,12390.0,12420.0,12380.0,12415.0,10607.0
2026-09-01 12:50:00+09:00,12420.0,12450.0,12410.0,12450.0,13167.0
2026-09-01 13:00:00+09:00,12440.0,12490.0,12440.0,12480.0,16669.0
2026-09-01 13:10:00+09:00,12480.0,12480.0,12420.0,12450.0,25248.0
2026-09-01 13:20:00+09:00,12450.0,12550.0,12440.0,12520.0,35212.0
2026-09-01 13:30:00+09:00,12520.0,12600.0,12500.0,12570.0,36321.0
2026-09-01 13:40:00+09:00,12570.0,12710.0,12550.0,12660.0,57832.0
2026-09-01 13:50:00+09:00,12670.0,12740.0,12650.0,12650.0,59796.0
2026-09-01 14:00:00+09:00,12660.0,12750.0,12630.0,12700.0,51193.0
2026-09-01 14:10:00+09:00,12690.0,12715.0,12650.0,12680.0,30318.0
2026-09-01 14:20:00+09:00,12680.0,12750.0,12670.0,12740.0,35728.0
2026-09-01 14:30:00+09:00,12740.0,12890.0,12730.0,12880.0,64612.0
2026-09-01 14:40:00+09:00,12880.0,12900.0,12800.0,12830.0,44411.0
2026-09-01 14:50:00+09:00,12810.0,12840.0,12770.0,12810.0,48285.0
2026-09-02 09:00:00+09:00,12190.0,12405.0,12150.0,12350.0,120120.0
2026-09-02 09:10:00+09:00,12350.0,12690.0,12350.0,12570.0,63139.0
2026-09-02 09:20:00+09:00,12570.0,12650.0,12490.0,12530.0,44801.0
2026-09-02 09:30:00+09:00,12530.0,12530.0,12360.0,12390.0,67333.0
2026-09-02 09:40:00+09:00,12380.0,12400.0,12310.0,12360.0,47399.0
2026-09-02 09:50:00+09:00,12360.0,12370.0,12320.0,12370.0,25077.0
2026-09-02 10:00:00+09:00,12360.0,12470.0,12360.0,12450.0,18782.0
2026-09-02 10:10:00+09:00,12450.0,12520.0,12420.0,12480.0,22337.0
2026-09-02 10:20:00+09:00,12480.0,12490.0,12420.0,12440.0,16772.0
2026-09-02 10:30:00+09:00,12430.0,12490.0,12370.0,12380.0,40274.0
2026-09-02 10:40:00+09:00,12380.0,12450.0,12370.0,12380.0,12604.0
2026-09-02 10:50:00+09:00,12390.0,12410.0,12370.0,12380.0,11864.0
2026-09-02 11:00:00+09:00,12380.0,12550.0,12370.0,12520.0,22321.0
2026-09-02 11:10:00+09:00,12520.0,12590.0,12500.0,12580.0,22872.0
2026-09-02 11:20:00+09:00,12580.0,12600.0,12500.0,12510.0,12063.0
2026-09-02 11:30:00+09:00,12510.0,12520.0,12450.0,12460.0,9654.0
2026-09-02 11:40:00+09:00,12470.0,12550.0,12410.0,12510.0,13109.0
2026-09-02 11:50:00+09:00,12520.0,12540.0,12440.0,12460.0,8244.0
2026-09-02 12:00:00+09:00,12470.0,12470.0,12410.0,12450.0,13547.0
2026-09-02 12:10:00+09:00,12470.0,12480.0,12420.0,12440.0,7807.0
2026-09-02 12:20:00+09:00,12440.0,12510.0,12430.0,12480.0,9535.0
2026-09-02 12:30:00+09:00,12480.0,12500.0,12420.0,12490.0,15799.0
2026-09-02 12:40:00+09:00,12500.0,12500.0,12430.0,12450.0,16415.0
2026-09-02 12:50:00+09:00,12460.0,12470.0,12430.0,12450.0,10237.0
2026-09-02 13:00:00+09:00,12440.0,12450.0,12400.0,12420.0,22617.0
2026-09-02 13:10:00+09:00,12410.0,12490.0,12390.0,12480.0,17700.0
2026-09-02 13:20:00+09:00,12490.0,12510.0,12460.0,12490.0,12461.0
2026-09-02 13:30:00+09:00,12500.0,12540.0,12470.0,12510.0,15339.0
2026-09-02 13:40:00+09:00,12510.0,12510.0,12470.0,12490.0,11029.0
2026-09-02 13:50:00+09:00,12480.0,12520.0,12470.0,12490.0,10188.0
2026-09-02 14:00:00+09:00,12500.0,12500.0,12460.0,12490.0,9903.0
2026-09-02 14:10:00+09:00,12490.0,12560.0,12490.0,12540.0,28469.0
2026-09-02 14:20:00+09:00,12530.0,12640.0,12530.0,12620.0,29684.0
2026-09-02 14:30:00+09:00,12610.0,12620.0,12480.0,12480.0,27737.0
2026-09-02 14:40:00+09:00,12480.0,12610.0,12460.0,12610.0,33385.0
2026-09-02 14:50:00+09:00,12610.0,12610.0,12510.0,12530.0,37809.0
2026-09-03 09:00:00+09:00,12790.0,12790.0,12380.0,12400.0,131861.0
2026-09-03 09:10:00+09:00,12390.0,12540.0,12350.0,12360.0,42364.0
2026-09-03 09:20:00+09:00,12350.0,12400.0,12260.0,12330.0,55383.0
2026-09-03 09:30:00+09:00,12330.0,12390.0,12310.0,12380.0,24428.0
2026-09-03 09:40:00+09:00,12380.0,12400.0,12330.0,12400.0,31752.0
2026-09-03 09:50:00+09:00,12400.0,12510.0,12390.0,12500.0,29286.0
2026-09-03 10:00:00+09:00,12500.0,12730.0,12490.0,12720.0,90747.0
2026-09-03 10:10:00+09:00,12710.0,12920.0,12680.0,12870.0,115945.0
2026-09-03 10:20:00+09:00,12860.0,12870.0,12670.0,12680.0,51047.0
2026-09-03 10:30:00+09:00,12690.0,12740.0,12610.0,12620.0,37981.0
2026-09-03 10:40:00+09:00,12620.0,12680.0,12620.0,12640.0,18086.0
2026-09-03 10:50:00+09:00,12640.0,12650.0,12430.0,12490.0,42502.0
2026-09-03 11:00:00+09:00,12490.0,12530.0,12450.0,12530.0,16737.0
2026-09-03 11:10:00+09:00,12530.0,12600.0,12510.0,12540.0,17368.0
2026-09-03 11:20:00+09:00,12560.0,12580.0,12500.0,12520.0,10408.0
2026-09-03 11:30:00+09:00,12520.0,12530.0,12460.0,12500.0,15483.0
2026-09-03 11:40:00+09:00,12490.0,12500.0,12430.0,12440.0,17240.0
2026-09-03 11:50:00+09:00,12440.0,12490.0,12430.0,12440.0,10814.0
2026-09-03 12:00:00+09:00,12440.0,12500.0,12440.0,12490.0,7142.0
2026-09-03 12:10:00+09:00,12500.0,12540.0,12470.0,12540.0,7475.0
2026-09-03 12:20:00+09:00,12540.0,12570.0,12510.0,12560.0,12551.0
2026-09-03 12:30:00+09:00,12570.0,12620.0,12520.0,12520.0,11604.0
2026-09-03 12:40:00+09:00,12520.0,12540.0,12510.0,12510.0,13435.0
2026-09-03 12:50:00+09:00,12510.0,12520.0,12480.0,12490.0,13466.0
2026-09-03 13:00:00+09:00,12490.0,12510.0,12480.0,12510.0,6609.0
2026-09-03 13:10:00+09:00,12500.0,12540.0,12480.0,12500.0,15083.0
2026-09-03 13:20:00+09:00,12500.0,12500.0,12360.0,12370.0,56419.0
2026-09-03 13:30:00+09:00,12370.0,12400.0,12350.0,12370.0,18336.0
2026-09-03 13:40:00+09:00,12370.0,12380.0,12310.0,12360.0,33513.0
2026-09-03 13:50:00+09:00,12370.0,12370.0,12310.0,12320.0,23181.0
2026-09-03 14:00:00+09:00,12320.0,12330.0,12180.0,12200.0,102584.0
2026-09-03 14:10:00+09:00,12200.0,12200.0,11970.0,11980.0,104967.0
2026-09-03 14:20:00+09:00,11980.0,12090.0,11900.0,12050.0,78950.0
2026-09-03 14:30:00+09:00,12070.0,12190.0,12040.0,12170.0,50019.0
2026-09-03 14:40:00+09:00,12160.0,12260.0,12100.0,12260.0,25975.0
2026-09-03 14:50:00+09:00,12250.0,12320.0,12200.0,12320.0,28614.0
2026-09-04 09:00:00+09:00,12430.0,12500.0,12360.0,12470.0,77178.0
2026-09-04 09:10:00+09:00,12470.0,12610.0,12460.0,12520.0,95116.0
2026-09-04 09:20:00+09:00,12520.0,12570.0,12510.0,12550.0,31534.0
2026-09-04 09:30:00+09:00,12550.0,12640.0,12450.0,12500.0,74682.0
2026-09-04 09:40:00+09:00,12500.0,12530.0,12470.0,12480.0,22752.0
2026-09-04 09:50:00+09:00,12480.0,12540.0,12410.0,12420.0,29053.0
2026-09-04 10:00:00+09:00,12420.0,12500.0,12390.0,12440.0,17322.0
2026-09-04 10:10:00+09:00,12440.0,12440.0,12350.0,12360.0,24483.0
2026-09-04 10:20:00+09:00,12360.0,12460.0,12350.0,12410.0,29608.0
2026-09-04 10:30:00+09:00,12410.0,12560.0,12400.0,12500.0,42905.0
2026-09-04 10:40:00+09:00,12510.0,12510.0,12460.0,12460.0,11846.0
2026-09-04 10:50:00+09:00,12470.0,12560.0,12460.0,12550.0,27057.0
2026-09-04 11:00:00+09:00,12560.0,12630.0,12530.0,12540.0,49145.0
2026-09-04 11:10:00+09:00,12550.0,12600.0,12540.0,12570.0,31451.0
2026-09-04 11:20:00+09:00,12570.0,12590.0,12530.0,12540.0,16485.0
2026-09-04 11:30:00+09:00,12540.0,12550.0,12470.0,12500.0,11745.0
2026-09-04 11:40:00+09:00,12500.0,12560.0,12500.0,12560.0,12174.0
2026-09-04 11:50:00+09:00,12560.0,12620.0,12550.0,12560.0,39567.0
2026-09-04 12:00:00+09:00,12570.0,12600.0,12560.0,12560.0,10327.0
2026-09-04 12:10:00+09:00,12570.0,12600.0,12540.0,12580.0,27561.0
2026-09-04 12:20:00+09:00,12570.0,12580.0,12520.0,12540.0,14251.0
2026-09-04 12:30:00+09:00,12530.0,12570.0,12520.0,12550.0,11278.0
2026-09-04 12:40:00+09:00,12550.0,12570.0,12510.0,12530.0,8526.0
2026-09-04 12:50:00+09:00,12530.0,12530.0,12510.0,12520.0,9718.0
2026-09-04 13:00:00+09:00,12520.0,12570.0,12520.0,12565.0,11913.0
2026-09-04 13:10:00+09:00,12570.0,12570.0,12530.0,12530.0,9253.0
2026-09-04 13:20:00+09:00,12540.0,12570.0,12530.0,12550.0,11055.0
2026-09-04 13:30:00+09:00,12550.0,12600.0,12550.0,12560.0,21420.0
2026-09-04 13:40:00+09:00,12570.0,12570.0,12550.0,12560.0,8008.0
2026-09-04 13:50:00+09:00,12560.0,12570.0,12530.0,12530.0,14037.0
2026-09-04 14:00:00+09:00,12530.0,12560.0,12530.0,12550.0,16752.0
2026-09-04 14:10:00+09:00,12550.0,12620.0,12550.0,12620.0,65561.0
2026-09-04 14:20:00+09:00,12620.0,12620.0,12520.0,12530.0,25347.0
2026-09-04 14:30:00+09:00,12540.0,12550.0,12510.0,12540.0,16758.0
2026-09-04 14:40:00+09:00,12530.0,12540.0,12490.0,12490.0,27286.0
2026-09-04 14:50:00+09:00,12490.0,12500.0,12400.0,12480.0,27265.0
2026-09-07 09:00:00+09:00,12670.0,13030.0,12570.0,13000.0,135876.0
2026-09-07 09:10:00+09:00,12990.0,13220.0,12910.0,13090.0,381000.0
2026-09-07 09:20:00+09:00,13090.0,13090.0,12910.0,13060.0,135727.0
2026-09-07 09:30:00+09:00,13070.0,13180.0,13010.0,13170.0,155173.0
2026-09-07 09:40:00+09:00,13170.0,13190.0,13060.0,13070.0,77177.0
2026-09-07 09:50:00+09:00,13060.0,13150.0,13050.0,13120.0,68994.0
2026-09-07 10:00:00+09:00,13120.0,13140.0,13030.0,13130.0,67812.0
2026-09-07 10:10:00+09:00,13130.0,13150.0,13100.0,13120.0,45062.0
2026-09-07 10:20:00+09:00,13120.0,13160.0,13090.0,13150.0,60505.0
2026-09-07 10:30:00+09:00,13150.0,13160.0,13110.0,13120.0,37124.0
2026-09-07 10:40:00+09:00,13120.0,13130.0,12970.0,13000.0,59782.0
2026-09-07 10:50:00+09:00,13000.0,13000.0,12890.0,12930.0,63674.0
2026-09-07 11:00:00+09:00,12930.0,12980.0,12910.0,12960.0,28872.0
2026-09-07 11:10:00+09:00,12960.0,12990.0,12930.0,12980.0,25375.0
2026-09-07 11:20:00+09:00,12980.0,13000.0,12890.0,12930.0,43670.0
2026-09-07 11:30:00+09:00,12930.0,12940.0,12900.0,12910.0,18346.0
2026-09-07 11:40:00+09:00,12910.0,12930.0,12880.0,12920.0,20108.0
2026-09-07 11:50:00+09:00,12900.0,12990.0,12900.0,12930.0,18713.0
2026-09-07 12:00:00+09:00,12940.0,12940.0,12890.0,12910.0,14232.0
2026-09-07 12:10:00+09:00,12910.0,12910.0,12870.0,12890.0,21788.0
2026-09-07 12:20:00+09:00,12890.0,12950.0,12870.0,12940.0,19014.0
2026-09-07 12:30:00+09:00,12940.0,12970.0,12920.0,12930.0,27004.0
2026-09-07 12:40:00+09:00,12930.0,12940.0,12900.0,12910.0,14957.0
2026-09-07 12:50:00+09:00,12915.0,12940.0,12900.0,12920.0,14123.0
2026-09-07 13:00:00+09:00,12920.0,12950.0,12910.0,12940.0,11403.0
2026-09-07 13:10:00+09:00,12940.0,12970.0,12900.0,12910.0,26083.0
2026-09-07 13:20:00+09:00,12910.0,12950.0,12900.0,12940.0,15666.0
2026-09-07 13:30:00+09:00,12940.0,12980.0,12940.0,12970.0,27284.0
2026-09-07 13:40:00+09:00,12980.0,13010.0,12970.0,12990.0,37791.0
2026-09-07 13:50:00+09:00,12990.0,13000.0,12960.0,12960.0,17800.0
2026-09-07 14:00:00+09:00,12960.0,13000.0,12950.0,12980.0,21045.0
2026-09-07 14:10:00+09:00,12980.0,12980.0,12950.0,12950.0,22613.0
2026-09-07 14:20:00+09:00,12950.0,12970.0,12940.0,12970.0,18576.0
2026-09-07 14:30:00+09:00,12960.0,13000.0,12960.0,12990.0,19154.0
2026-09-07 14:40:00+09:00,12980.0,13000.0,12950.0,12960.0,33465.0
2026-09-07 14:50:00+09:00,12960.0,12980.0,12940.0,12950.0,45200.0
2026-09-08 09:00:00+09:00,13090.0,13230.0,12950.0,13040.0,254443.0
2026-09-08 09:10:00+09:00,13040.0,13100.0,12910.0,12950.0,114206.0
2026-09-08 09:20:00+09:00,12950.0,12960.0,12840.0,12930.0,94865.0
2026-09-08 09:30:00+09:00,12930.0,13060.0,12920.0,13060.0,85278.0
2026-09-08 09:40:00+09:00,13070.0,13350.0,13070.0,13340.0,359585.0
2026-09-08 09:50:00+09:00,13330.0,13480.0,13230.0,13400.0,311347.0
2026-09-08 10:00:00+09:00,13400.0,13410.0,13180.0,13300.0,144609.0
2026-09-08 10:10:00+09:00,13300.0,13360.0,13260.0,13290.0,74533.0
2026-09-08 10:20:00+09:00,13280.0,13300.0,13200.0,13260.0,44323.0
2026-09-08 10:30:00+09:00,13250.0,13290.0,13210.0,13250.0,38618.0
2026-09-08 10:40:00+09:00,13240.0,13250.0,13200.0,13250.0,34917.0
2026-09-08 10:50:00+09:00,13250.0,13250.0,13160.0,13170.0,39119.0
2026-09-08 11:00:00+09:00,13170.0,13280.0,13160.0,13260.0,35005.0
2026-09-08 11:10:00+09:00,13260.0,13300.0,13250.0,13280.0,39080.0
2026-09-08 11:20:00+09:00,13280.0,13290.0,13240.0,13280.0,27721.0
2026-09-08 11:30:00+09:00,13290.0,13390.0,13270.0,13370.0,61771.0
2026-09-08 11:40:00+09:00,13380.0,13470.0,13350.0,13420.0,133546.0
2026-09-08 11:50:00+09:00,13440.0,13450.0,13345.0,13350.0,46058.0
2026-09-08 12:00:00+09:00,13340.0,13440.0,13330.0,13430.0,45373.0
2026-09-08 12:10:00+09:00,13440.0,13440.0,13350.0,13380.0,40765.0
2026-09-08 12:20:00+09:00,13380.0,13400.0,13360.0,13390.0,23990.0
2026-09-08 12:30:00+09:00,13390.0,13480.0,13370.0,13470.0,91964.0
2026-09-08 12:40:00+09:00,13480.0,13490.0,13440.0,13445.0,58513.0
2026-09-08 12:50:00+09:00,13440.0,13460.0,13400.0,13460.0,50094.0
2026-09-08 13:00:00+09:00,13450.0,13500.0,13430.0,13470.0,76339.0
2026-09-08 13:10:00+09:00,13470.0,13500.0,13460.0,13490.0,49462.0
2026-09-08 13:20:00+09:00,13490.0,13590.0,13490.0,13550.0,162435.0
2026-09-08 13:30:00+09:00,13540.0,13560.0,13380.0,13450.0,97325.0
2026-09-08 13:40:00+09:00,13450.0,13450.0,13400.0,13430.0,40152.0
2026-09-08 13:50:00+09:00,13430.0,13430.0,13300.0,13340.0,99996.0
2026-09-08 14:00:00+09:00,13330.0,13350.0,13200.0,13200.0,72234.0
2026-09-08 14:10:00+09:00,13210.0,13290.0,13170.0,13270.0,75210.0
2026-09-08 14:20:00+09:00,13270.0,13290.0,13210.0,13220.0,40503.0
2026-09-08 14:30:00+09:00,13220.0,13220.0,13150.0,13220.0,52612.0
2026-09-08 14:40:00+09:00,13220.0,13250.0,13150.0,13150.0,49697.0
2026-09-08 14:50:00+09:00,13160.0,13160.0,12980.0,13030.0,130995.0
2026-09-09 09:00:00+09:00,13000.0,13160.0,12910.0,13050.0,198634.0
2026-09-09 09:10:00+09:00,13010.0,13280.0,12970.0,13160.0,124145.0
2026-09-09 09:20:00+09:00,13160.0,13170.0,12980.0,13020.0,103617.0
2026-09-09 09:30:00+09:00,13020.0,13100.0,13010.0,13100.0,36646.0
2026-09-09 09:40:00+09:00,13100.0,13250.0,13090.0,13210.0,66166.0
2026-09-09 09:50:00+09:00,13210.0,13780.0,13190.0,13760.0,627522.0
2026-09-09 10:00:00+09:00,13750.0,13760.0,13345.0,13440.0,507053.0
2026-09-09 10:10:00+09:00,13440.0,13450.0,13240.0,13280.0,151009.0
2026-09-09 10:20:00+09:00,13270.0,13280.0,13110.0,13150.0,145941.0
2026-09-09 10:30:00+09:00,13140.0,13150.0,13070.0,13140.0,122219.0
2026-09-09 10:40:00+09:00,13140.0,13160.0,13020.0,13060.0,121416.0
2026-09-09 10:50:00+09:00,13060.0,13070.0,12980.0,13040.0,106558.0
2026-09-09 11:00:00+09:00,13040.0,13230.0,13040.0,13210.0,72516.0
2026-09-09 11:10:00+09:00,13200.0,13240.0,13130.0,13160.0,50031.0
2026-09-09 11:20:00+09:00,13160.0,13160.0,13110.0,13130.0,31303.0
2026-09-09 11:30:00+09:00,13140.0,13170.0,13120.0,13130.0,25895.0
2026-09-09 11:40:00+09:00,13130.0,13190.0,13120.0,13140.0,30427.0
2026-09-09 11:50:00+09:00,13130.0,13130.0,13100.0,13120.0,36372.0
2026-09-09 12:00:00+09:00,13120.0,13160.0,13060.0,13070.0,34338.0
2026-09-09 12:10:00+09:00,13080.0,13150.0,13050.0,13120.0,22689.0
2026-09-09 12:20:00+09:00,13110.0,13140.0,13080.0,13130.0,14985.0
2026-09-09 12:30:00+09:00,13140.0,13160.0,13120.0,13140.0,15459.0
2026-09-09 12:40:00+09:00,13140.0,13140.0,13110.0,13130.0,21781.0
2026-09-09 12:50:00+09:00,13140.0,13140.0,13070.0,13090.0,25868.0
2026-09-09 13:00:00+09:00,13095.0,13190.0,13070.0,13180.0,41644.0
2026-09-09 13:10:00+09:00,13170.0,13180.0,13070.0,13070.0,41826.0
2026-09-09 13:20:00+09:00,13080.0,13150.0,13080.0,13120.0,25720.0
2026-09-09 13:30:00+09:00,13130.0,13150.0,13120.0,13120.0,16639.0
2026-09-09 13:40:00+09:00,13120.0,13300.0,13120.0,13270.0,91071.0
2026-09-09 13:50:00+09:00,13270.0,13330.0,13240.0,13300.0,61529.0
2026-09-09 14:00:00+09:00,13290.0,13310.0,13230.0,13260.0,36023.0
2026-09-09 14:10:00+09:00,13250.0,13320.0,13240.0,13240.0,48002.0
2026-09-09 14:20:00+09:00,13240.0,13260.0,13160.0,13250.0,51534.0
2026-09-09 14:30:00+09:00,13250.0,13270.0,13230.0,13260.0,40864.0
2026-09-09 14:40:00+09:00,13260.0,13370.0,13260.0,13360.0,86774.0
2026-09-09 14:50:00+09:00,13370.0,13370.0,13320.0,13350.0,53631.0
2026-09-10 09:00:00+09:00,13080.0,13190.0,13000.0,13080.0,129379.0
2026-09-10 09:10:00+09:00,13070.0,13150.0,12900.0,13080.0,140502.0
2026-09-10 09:20:00+09:00,13080.0,13180.0,13030.0,13070.0,44201.0
2026-09-10 09:30:00+09:00,13070.0,13070.0,12930.0,12930.0,102539.0
2026-09-10 09:40:00+09:00,12920.0,12940.0,12900.0,12930.0,45920.0
2026-09-10 09:50:00+09:00,12930.0,12930.0,12830.0,12840.0,82595.0
2026-09-10 10:00:00+09:00,12840.0,12920.0,12810.0,12840.0,62862.0
2026-09-10 10:10:00+09:00,12840.0,12850.0,12770.0,12850.0,67041.0
2026-09-10 10:20:00+09:00,12840.0,12840.0,12700.0,12720.0,63309.0
2026-09-10 10:30:00+09:00,12720.0,12770.0,12710.0,12760.0,28345.0
2026-09-10 10:40:00+09:00,12750.0,12830.0,12750.0,12820.0,23575.0
2026-09-10 10:50:00+09:00,12820.0,12840.0,12770.0,12790.0,23610.0
2026-09-10 11:00:00+09:00,12790.0,12950.0,12770.0,12890.0,30337.0
2026-09-10 11:10:00+09:00,12890.0,12950.0,12880.0,12940.0,15199.0
2026-09-10 11:20:00+09:00,12940.0,12950.0,12890.0,12890.0,15084.0
2026-09-10 11:30:00+09:00,12900.0,12950.0,12890.0,12940.0,11696.0
2026-09-10 11:40:00+09:00,12930.0,12970.0,12920.0,12960.0,19179.0
2026-09-10 11:50:00+09:00,12960.0,12960.0,12930.0,12940.0,14426.0
2026-09-10 12:00:00+09:00,12940.0,13120.0,12940.0,13110.0,40752.0
2026-09-10 12:10:00+09:00,13110.0,13230.0,13050.0,13230.0,66019.0
2026-09-10 12:20:00+09:00,13230.0,13260.0,13180.0,13220.0,53184.0
2026-09-10 12:30:00+09:00,13220.0,13260.0,13140.0,13160.0,35990.0
2026-09-10 12:40:00+09:00,13150.0,13250.0,13140.0,13230.0,28411.0
2026-09-10 12:50:00+09:00,13220.0,13230.0,13120.0,13160.0,24329.0
2026-09-10 13:00:00+09:00,13160.0,13200.0,13120.0,13170.0,23866.0
2026-09-10 13:10:00+09:00,13170.0,13240.0,13120.0,13230.0,28289.0
2026-09-10 13:20:00+09:00,13240.0,13270.0,13210.0,13250.0,35074.0
2026-09-10 13:30:00+09:00,13250.0,13260.0,13195.0,13230.0,25442.0
2026-09-10 13:40:00+09:00,13230.0,13250.0,13200.0,13250.0,23247.0
2026-09-10 13:50:00+09:00,13245.0,13250.0,13180.0,13220.0,16412.0
2026-09-10 14:00:00+09:00,13220.0,13230.0,13140.0,13220.0,23846.0
2026-09-10 14:10:00+09:00,13210.0,13220.0,13160.0,13200.0,13240.0
2026-09-10 14:20:00+09:00,13200.0,13200.0,13170.0,13190.0,16448.0
2026-09-10 14:30:00+09:00,13190.0,13270.0,13180.0,13240.0,42029.0
2026-09-10 14:40:00+09:00,13220.0,13270.0,13220.0,13270.0,22580.0
2026-09-10 14:50:00+09:00,13260.0,13290.0,13210.0,13240.0,38567.0
2026-09-11 09:00:00+09:00,12840.0,13150.0,12770.0,13125.0,204747.0
2026-09-11 09:10:00+09:00,13125.0,13490.0,13110.0,13320.0,233204.0
2026-09-11 09:20:00+09:00,13320.0,13540.0,13290.0,13470.0,166601.0
2026-09-11 09:30:00+09:00,13470.0,13470.0,13110.0,13170.0,176369.0
2026-09-11 09:40:00+09:00,13170.0,13200.0,13120.0,13180.0,69624.0
2026-09-11 09:50:00+09:00,13190.0,13300.0,13180.0,13300.0,33751.0
2026-09-11 10:00:00+09:00,13300.0,13300.0,13140.0,13170.0,47000.0
2026-09-11 10:10:00+09:00,13160.0,13260.0,13160.0,13250.0,24158.0
2026-09-11 10:20:00+09:00,13250.0,13270.0,13210.0,13260.0,24857.0
2026-09-11 10:30:00+09:00,13260.0,13330.0,13250.0,13300.0,47011.0
2026-09-11 10:40:00+09:00,13300.0,13430.0,13290.0,13420.0,75289.0
2026-09-11 10:50:00+09:00,13420.0,13650.0,13360.0,13430.0,245921.0
2026-09-11 11:00:00+09:00,13430.0,13540.0,13370.0,13510.0,69473.0
2026-09-11 11:10:00+09:00,13510.0,13590.0,13450.0,13540.0,69579.0
2026-09-11 11:20:00+09:00,13535.0,13535.0,13460.0,13470.0,29344.0
2026-09-11 11:30:00+09:00,13470.0,13480.0,13400.0,13470.0,26818.0
2026-09-11 11:40:00+09:00,13480.0,13480.0,13410.0,13450.0,19698.0
2026-09-11 11:50:00+09:00,13450.0,13470.0,13430.0,13440.0,26749.0
2026-09-11 12:00:00+09:00,13450.0,13520.0,13440.0,13500.0,44939.0
2026-09-11 12:10:00+09:00,13500.0,13520.0,13430.0,13465.0,25034.0
2026-09-11 12:20:00+09:00,13465.0,13465.0,13380.0,13430.0,45183.0
2026-09-11 12:30:00+09:00,13420.0,13440.0,13370.0,13420.0,36344.0
2026-09-11 12:40:00+09:00,13430.0,13500.0,13420.0,13500.0,38891.0
2026-09-11 12:50:00+09:00,13500.0,13500.0,13470.0,13470.0,24106.0
2026-09-11 13:00:00+09:00,13480.0,13480.0,13420.0,13480.0,18929.0
2026-09-11 13:10:00+09:00,13480.0,13480.0,13440.0,13450.0,24054.0
2026-09-11 13:20:00+09:00,13450.0,13510.0,13440.0,13510.0,30706.0
2026-09-11 13:30:00+09:00,13500.0,13500.0,13450.0,13455.0,25012.0
2026-09-11 13:40:00+09:00,13450.0,13460.0,13410.0,13415.0,31043.0
2026-09-11 13:50:00+09:00,13415.0,13420.0,13330.0,13360.0,75731.0
2026-09-11 14:00:00+09:00,13360.0,13380.0,13280.0,13280.0,59974.0
2026-09-11 14:10:00+09:00,13280.0,13350.0,13280.0,13300.0,22776.0
2026-09-11 14:20:00+09:00,13300.0,13340.0,13280.0,13320.0,23563.0
2026-09-11 14:30:00+09:00,13320.0,13340.0,13310.0,13330.0,12210.0
2026-09-11 14:40:00+09:00,13320.0,13350.0,13280.0,13280.0,44525.0
2026-09-11 14:50:00+09:00,13290.0,13370.0,13280.0,13320.0,38550.0
2026-09-14 09:00:00+09:00,13130.0,13350.0,12940.0,13280.0,48527.0
2026-09-14 09:10:00+09:00,13280.0,13640.0,13100.0,13440.0,304240.0
2026-09-14 09:20:00+09:00,13450.0,13510.0,13360.0,13370.0,133009.0
2026-09-14 09:30:00+09:00,13370.0,13630.0,13370.0,13580.0,190907.0
2026-09-14 09:40:00+09:00,13580.0,13910.0,13550.0,13860.0,306417.0
2026-09-14 09:50:00+09:00,13840.0,14070.0,13790.0,13850.0,546831.0
2026-09-14 10:00:00+09:00,13840.0,13940.0,13650.0,13760.0,219545.0
2026-09-14 10:10:00+09:00,13770.0,13820.0,13540.0,13710.0,148635.0
2026-09-14 10:20:00+09:00,13710.0,13830.0,13600.0,13820.0,89462.0
2026-09-14 10:30:00+09:00,13820.0,13920.0,13780.0,13910.0,96287.0
2026-09-14 10:40:00+09:00,13910.0,13950.0,13750.0,13810.0,88112.0
2026-09-14 10:50:00+09:00,13820.0,13970.0,13760.0,13950.0,81843.0
2026-09-14 11:00:00+09:00,13960.0,14050.0,13950.0,13970.0,224622.0
2026-09-14 11:10:00+09:00,13980.0,14020.0,13920.0,13980.0,77894.0
2026-09-14 11:20:00+09:00,13980.0,13990.0,13800.0,13940.0,81157.0
2026-09-14 11:30:00+09:00,13940.0,13950.0,13820.0,13850.0,50019.0
2026-09-14 11:40:00+09:00,13840.0,13930.0,13820.0,13920.0,31230.0
2026-09-14 11:50:00+09:00,13920.0,14000.0,13910.0,13970.0,45359.0
2026-09-14 12:00:00+09:00,13970.0,14000.0,13930.0,13970.0,44995.0
2026-09-14 12:10:00+09:00,13960.0,13970.0,13820.0,13860.0,47517.0
2026-09-14 12:20:00+09:00,13860.0,13940.0,13850.0,13920.0,47795.0
2026-09-14 12:30:00+09:00,13910.0,13980.0,13890.0,13910.0,37060.0
2026-09-14 12:40:00+09:00,13920.0,13940.0,13840.0,13860.0,53706.0
2026-09-14 12:50:00+09:00,13860.0,13960.0,13860.0,13920.0,31852.0
2026-09-14 13:00:00+09:00,13920.0,13950.0,13880.0,13880.0,37781.0
2026-09-14 13:10:00+09:00,13890.0,13930.0,13870.0,13870.0,45096.0
2026-09-14 13:20:00+09:00,13880.0,13900.0,13860.0,13890.0,27432.0
2026-09-14 13:30:00+09:00,13900.0,13900.0,13860.0,13880.0,34713.0
2026-09-14 13:40:00+09:00,13870.0,13890.0,13870.0,13880.0,25158.0
2026-09-14 13:50:00+09:00,13890.0,13960.0,13860.0,13960.0,89874.0
2026-09-14 14:00:00+09:00,13960.0,13980.0,13870.0,13910.0,61206.0
2026-09-14 14:10:00+09:00,13890.0,13940.0,13810.0,13920.0,73154.0
2026-09-14 14:20:00+09:00,13930.0,14100.0,13920.0,14100.0,328137.0
2026-09-14 14:30:00+09:00,14095.0,14200.0,14060.0,14150.0,279618.0
2026-09-14 14:40:00+09:00,14160.0,14160.0,14030.0,14100.0,139226.0
2026-09-14 14:50:00+09:00,14090.0,14190.0,14040.0,14120.0,168813.0
2026-09-15 09:00:00+09:00,14110.0,14120.0,13400.0,13940.0,874978.0
2026-09-15 09:10:00+09:00,13940.0,14440.0,13780.0,14420.0,485336.0
2026-09-15 09:20:00+09:00,14430.0,14950.0,14220.0,14590.0,1288167.0
2026-09-15 09:30:00+09:00,14590.0,14960.0,14440.0,14880.0,827911.0
2026-09-15 09:40:00+09:00,14880.0,15190.0,14710.0,14910.0,886956.0
2026-09-15 09:50:00+09:00,14910.0,15250.0,14780.0,14810.0,673107.0
2026-09-15 10:00:00+09:00,14810.0,14900.0,14710.0,14770.0,300625.0
2026-09-15 10:10:00+09:00,14770.0,15090.0,14770.0,14950.0,199717.0
2026-09-15 10:20:00+09:00,14960.0,15020.0,14750.0,14770.0,194568.0
2026-09-15 10:30:00+09:00,14770.0,14800.0,14590.0,14600.0,227551.0
2026-09-15 10:40:00+09:00,14600.0,14760.0,14560.0,14660.0,121494.0
2026-09-15 10:50:00+09:00,14670.0,14890.0,14610.0,14780.0,148331.0
2026-09-15 11:00:00+09:00,14770.0,14930.0,14730.0,14880.0,122184.0
2026-09-15 11:10:00+09:00,14880.0,15070.0,14870.0,14970.0,185354.0
2026-09-15 11:20:00+09:00,14980.0,15010.0,14840.0,14870.0,74249.0
2026-09-15 11:30:00+09:00,14870.0,14950.0,14860.0,14940.0,52120.0
2026-09-15 11:40:00+09:00,14940.0,15170.0,14940.0,15070.0,310979.0
2026-09-15 11:50:00+09:00,15070.0,15080.0,14980.0,14990.0,112300.0
2026-09-15 12:00:00+09:00,14980.0,14990.0,14880.0,14900.0,84832.0
2026-09-15 12:10:00+09:00,14910.0,14980.0,14810.0,14820.0,85469.0
2026-09-15 12:20:00+09:00,14820.0,14860.0,14720.0,14800.0,92113.0
2026-09-15 12:30:00+09:00,14805.0,14950.0,14780.0,14900.0,46412.0
2026-09-15 12:40:00+09:00,14895.0,14950.0,14860.0,14920.0,37500.0
2026-09-15 12:50:00+09:00,14920.0,14950.0,14750.0,14770.0,65027.0
2026-09-15 13:00:00+09:00,14770.0,14870.0,14740.0,14790.0,48639.0
2026-09-15 13:10:00+09:00,14790.0,14850.0,14750.0,14770.0,64198.0
2026-09-15 13:20:00+09:00,14770.0,14770.0,14610.0,14640.0,143890.0
2026-09-15 13:30:00+09:00,14640.0,14700.0,14500.0,14510.0,126520.0
2026-09-15 13:40:00+09:00,14510.0,14740.0,14480.0,14730.0,114079.0
2026-09-15 13:50:00+09:00,14730.0,14740.0,14590.0,14640.0,65775.0
2026-09-15 14:00:00+09:00,14640.0,14710.0,14510.0,14550.0,75861.0
2026-09-15 14:10:00+09:00,14550.0,14590.0,14410.0,14560.0,122906.0
2026-09-15 14:20:00+09:00,14560.0,14670.0,14530.0,14650.0,76150.0
2026-09-15 14:30:00+09:00,14650.0,14690.0,14600.0,14630.0,48421.0
2026-09-15 14:40:00+09:00,14630.0,14750.0,14620.0,14710.0,71238.0
2026-09-15 14:50:00+09:00,14700.0,14820.0,14610.0,14770.0,124133.0
2026-09-16 09:00:00+09:00,14500.0,15410.0,14210.0,15170.0,1000779.0
2026-09-16 09:10:00+09:00,15150.0,15200.0,14430.0,14540.0,658744.0
2026-09-16 09:20:00+09:00,14540.0,14690.0,14420.0,14470.0,281297.0
2026-09-16 09:30:00+09:00,14470.0,14880.0,14470.0,14860.0,208226.0
2026-09-16 09:40:00+09:00,14860.0,14920.0,14550.0,14610.0,192306.0
2026-09-16 09:50:00+09:00,14620.0,14700.0,14520.0,14560.0,130554.0
2026-09-16 10:00:00+09:00,14570.0,14770.0,14530.0,14560.0,89199.0
2026-09-16 10:10:00+09:00,14560.0,14560.0,14310.0,14320.0,187192.0
2026-09-16 10:20:00+09:00,14320.0,14390.0,14250.0,14350.0,129438.0
2026-09-16 10:30:00+09:00,14350.0,14450.0,14050.0,14200.0,202531.0
2026-09-16 10:40:00+09:00,14190.0,14350.0,14110.0,14350.0,94654.0
2026-09-16 10:50:00+09:00,14340.0,14490.0,14300.0,14380.0,89752.0
2026-09-16 11:00:00+09:00,14380.0,14420.0,14250.0,14410.0,47985.0
2026-09-16 11:10:00+09:00,14420.0,14550.0,14410.0,14540.0,51470.0
2026-09-16 11:20:00+09:00,14540.0,14550.0,14470.0,14530.0,37140.0
2026-09-16 11:30:00+09:00,14530.0,14550.0,14340.0,14350.0,69871.0
2026-09-16 11:40:00+09:00,14350.0,14500.0,14310.0,14460.0,33219.0
2026-09-16 11:50:00+09:00,14460.0,14540.0,14450.0,14490.0,37843.0
2026-09-16 12:00:00+09:00,14500.0,14590.0,14490.0,14590.0,35700.0
2026-09-16 12:10:00+09:00,14590.0,14650.0,14580.0,14580.0,57411.0
2026-09-16 12:20:00+09:00,14580.0,14680.0,14580.0,14680.0,58157.0
2026-09-16 12:30:00+09:00,14680.0,14700.0,14580.0,14620.0,45430.0
2026-09-16 12:40:00+09:00,14610.0,14630.0,14570.0,14610.0,28956.0
2026-09-16 12:50:00+09:00,14610.0,14680.0,14570.0,14670.0,38061.0
2026-09-16 13:00:00+09:00,14680.0,14680.0,14630.0,14650.0,36127.0
2026-09-16 13:10:00+09:00,14650.0,14680.0,14560.0,14620.0,41109.0
2026-09-16 13:20:00+09:00,14620.0,14650.0,14580.0,14590.0,32353.0
2026-09-16 13:30:00+09:00,14580.0,14620.0,14560.0,14620.0,36045.0
2026-09-16 13:40:00+09:00,14620.0,14780.0,14610.0,14760.0,89446.0
2026-09-16 13:50:00+09:00,14750.0,14760.0,14640.0,14680.0,64540.0
2026-09-16 14:00:00+09:00,14670.0,14740.0,14640.0,14740.0,39363.0
2026-09-16 14:10:00+09:00,14740.0,14770.0,14700.0,14760.0,47289.0
2026-09-16 14:20:00+09:00,14770.0,14840.0,14760.0,14830.0,140588.0
2026-09-16 14:30:00+09:00,14830.0,14830.0,14730.0,14730.0,66764.0
2026-09-16 14:40:00+09:00,14740.0,14800.0,14670.0,14680.0,66237.0
2026-09-16 14:50:00+09:00,14670.0,14680.0,14560.0,14580.0,75761.0
2026-09-17 09:00:00+09:00,14650.0,15190.0,14450.0,15170.0,696897.0
2026-09-17 09:10:00+09:00,15170.0,15390.0,14900.0,15160.0,746330.0
2026-09-17 09:20:00+09:00,15160.0,15190.0,14830.0,14880.0,254962.0
2026-09-17 09:30:00+09:00,14880.0,14990.0,14860.0,14900.0,114821.0
2026-09-17 09:40:00+09:00,14910.0,14950.0,14680.0,14750.0,166322.0
2026-09-17 09:50:00+09:00,14760.0,14880.0,14745.0,14880.0,61203.0
2026-09-17 10:00:00+09:00,14875.0,15120.0,14820.0,15070.0,141447.0
2026-09-17 10:10:00+09:00,15070.0,15130.0,14900.0,14950.0,116820.0
2026-09-17 10:20:00+09:00,14950.0,15060.0,14930.0,14990.0,42242.0
2026-09-17 10:30:00+09:00,14990.0,14990.0,14880.0,14930.0,63846.0
2026-09-17 10:40:00+09:00,14910.0,14950.0,14840.0,14850.0,41026.0
2026-09-17 10:50:00+09:00,14850.0,14920.0,14830.0,14880.0,27635.0
2026-09-17 11:00:00+09:00,14870.0,14970.0,14820.0,14940.0,53241.0
2026-09-17 11:10:00+09:00,14940.0,14950.0,14920.0,14925.0,31499.0
2026-09-17 11:20:00+09:00,14930.0,14960.0,14900.0,14950.0,31896.0
2026-09-17 11:30:00+09:00,14950.0,15050.0,14930.0,15040.0,67604.0
2026-09-17 11:40:00+09:00,15035.0,15040.0,14930.0,14990.0,33916.0
2026-09-17 11:50:00+09:00,14990.0,15010.0,14930.0,14940.0,25588.0
2026-09-17 12:00:00+09:00,14950.0,14980.0,14910.0,14960.0,30637.0
2026-09-17 12:10:00+09:00,14960.0,15090.0,14960.0,14980.0,71422.0
2026-09-17 12:20:00+09:00,14980.0,14990.0,14910.0,14940.0,26670.0
2026-09-17 12:30:00+09:00,14940.0,14950.0,14880.0,14910.0,38952.0
2026-09-17 12:40:00+09:00,14920.0,14920.0,14890.0,14910.0,25148.0
2026-09-17 12:50:00+09:00,14910.0,14990.0,14890.0,14970.0,23136.0
2026-09-17 13:00:00+09:00,14980.0,15000.0,14940.0,15000.0,21504.0
2026-09-17 13:10:00+09:00,14990.0,15000.0,14950.0,14970.0,19239.0
2026-09-17 13:20:00+09:00,14990.0,14990.0,14930.0,14940.0,27257.0
2026-09-17 13:30:00+09:00,14940.0,14940.0,14750.0,14790.0,131589.0
2026-09-17 13:40:00+09:00,14800.0,14810.0,14750.0,14780.0,78632.0
2026-09-17 13:50:00+09:00,14780.0,14780.0,14720.0,14770.0,73090.0
2026-09-17 14:00:00+09:00,14760.0,14780.0,14720.0,14750.0,49812.0
2026-09-17 14:10:00+09:00,14750.0,14860.0,14740.0,14840.0,60459.0
2026-09-17 14:20:00+09:00,14840.0,14870.0,14800.0,14840.0,59367.0
2026-09-17 14:30:00+09:00,14840.0,14850.0,14740.0,14760.0,65998.0
2026-09-17 14:40:00+09:00,14760.0,14810.0,14710.0,14810.0,61434.0
2026-09-17 14:50:00+09:00,14810.0,14810.0,14730.0,14740.0,55996.0
2026-09-18 09:00:00+09:00,14910.0,15060.0,14530.0,14690.0,429339.0
2026-09-18 09:10:00+09:00,14700.0,14770.0,14550.0,14770.0,141927.0
2026-09-18 09:20:00+09:00,14770.0,14980.0,14660.0,14870.0,193145.0
2026-09-18 09:30:00+09:00,14870.0,15030.0,14740.0,14740.0,195741.0
2026-09-18 09:40:00+09:00,14740.0,14870.0,14740.0,14820.0,105436.0
2026-09-18 09:50:00+09:00,14830.0,14940.0,14810.0,14910.0,95277.0
2026-09-18 10:00:00+09:00,14910.0,15100.0,14880.0,15050.0,273439.0
2026-09-18 10:10:00+09:00,15050.0,15060.0,14740.0,14770.0,158338.0
2026-09-18 10:20:00+09:00,14760.0,14770.0,14590.0,14660.0,160419.0
2026-09-18 10:30:00+09:00,14650.0,14780.0,14640.0,14750.0,71608.0
2026-09-18 10:40:00+09:00,14750.0,14760.0,14600.0,14620.0,108097.0
2026-09-18 10:50:00+09:00,14620.0,14690.0,14580.0,14630.0,72388.0
2026-09-18 11:00:00+09:00,14640.0,14640.0,14410.0,14420.0,212172.0
2026-09-18 11:10:00+09:00,14410.0,14420.0,14230.0,14360.0,229865.0
2026-09-18 11:20:00+09:00,14360.0,14380.0,14300.0,14330.0,79741.0
2026-09-18 11:30:00+09:00,14340.0,14460.0,14330.0,14420.0,55783.0
2026-09-18 11:40:00+09:00,14420.0,14520.0,14420.0,14500.0,47379.0
2026-09-18 11:50:00+09:00,14500.0,14500.0,14410.0,14500.0,50537.0
2026-09-18 12:00:00+09:00,14500.0,14630.0,14490.0,14580.0,72969.0
2026-09-18 12:10:00+09:00,14580.0,14610.0,14540.0,14560.0,48088.0
2026-09-18 12:20:00+09:00,14570.0,14580.0,14530.0,14550.0,37253.0
2026-09-18 12:30:00+09:00,14540.0,14570.0,14500.0,14500.0,40676.0
2026-09-18 12:40:00+09:00,14500.0,14590.0,14495.0,14580.0,37506.0
2026-09-18 12:50:00+09:00,14570.0,14680.0,14570.0,14590.0,72953.0
2026-09-18 13:00:00+09:00,14590.0,14630.0,14540.0,14550.0,32787.0
2026-09-18 13:10:00+09:00,14550.0,14670.0,14530.0,14640.0,49591.0
2026-09-18 13:20:00+09:00,14640.0,14740.0,14640.0,14680.0,60562.0
2026-09-18 13:30:00+09:00,14670.0,14730.0,14660.0,14700.0,44006.0
2026-09-18 13:40:00+09:00,14700.0,14740.0,14690.0,14720.0,37680.0
2026-09-18 13:50:00+09:00,14720.0,14730.0,14650.0,14680.0,41359.0
2026-09-18 14:00:00+09:00,14670.0,14720.0,14640.0,14670.0,61288.0
2026-09-18 14:10:00+09:00,14660.0,14720.0,14650.0,14710.0,44425.0
2026-09-18 14:20:00+09:00,14710.0,14880.0,14690.0,14860.0,165869.0
2026-09-18 14:30:00+09:00,14870.0,14900.0,14790.0,14860.0,114165.0
2026-09-18 14:40:00+09:00,14860.0,14900.0,14780.0,14800.0,63823.0
2026-09-18 14:50:00+09:00,14790.0,14870.0,14730.0,14770.0,73926.0
2026-09-21 09:00:00+09:00,14590.0,14680.0,14080.0,14100.0,192479.0
2026-09-21 09:10:00+09:00,14100.0,14190.0,14010.0,14030.0,189922.0
2026-09-21 09:20:00+09:00,14030.0,14100.0,13940.0,14000.0,175744.0
2026-09-21 09:30:00+09:00,13990.0,14000.0,13800.0,13880.0,163937.0
2026-09-21 09:40:00+09:00,13880.0,13930.0,13830.0,13920.0,87525.0
2026-09-21 09:50:00+09:00,13910.0,14230.0,13910.0,14010.0,80068.0
2026-09-21 10:00:00+09:00,14000.0,14170.0,13920.0,14160.0,83086.0
2026-09-21 10:10:00+09:00,14160.0,14160.0,14010.0,14020.0,59840.0
2026-09-21 10:20:00+09:00,14030.0,14060.0,13930.0,13940.0,77820.0
2026-09-21 10:30:00+09:00,13930.0,13950.0,13850.0,13870.0,109611.0
2026-09-21 10:40:00+09:00,13870.0,13950.0,13860.0,13890.0,58249.0
2026-09-21 10:50:00+09:00,13890.0,13900.0,13820.0,13820.0,81439.0
2026-09-21 11:00:00+09:00,13830.0,13900.0,13820.0,13850.0,45725.0
2026-09-21 11:10:00+09:00,13850.0,13860.0,13810.0,13850.0,52779.0
2026-09-21 11:20:00+09:00,13850.0,13920.0,13820.0,13910.0,35256.0
2026-09-21 11:30:00+09:00,13920.0,13930.0,13840.0,13880.0,37416.0
2026-09-21 11:40:00+09:00,13890.0,13920.0,13850.0,13910.0,28206.0
2026-09-21 11:50:00+09:00,13900.0,13940.0,13880.0,13890.0,26729.0
2026-09-21 12:00:00+09:00,13880.0,13900.0,13835.0,13850.0,33238.0
2026-09-21 12:10:00+09:00,13850.0,13860.0,13830.0,13850.0,32642.0
2026-09-21 12:20:00+09:00,13850.0,13850.0,13820.0,13840.0,38529.0
2026-09-21 12:30:00+09:00,13840.0,13850.0,13820.0,13840.0,43154.0
2026-09-21 12:40:00+09:00,13830.0,13920.0,13830.0,13860.0,41453.0
2026-09-21 12:50:00+09:00,13860.0,13860.0,13830.0,13830.0,30924.0
2026-09-21 13:00:00+09:00,13830.0,13860.0,13820.0,13840.0,26317.0
2026-09-21 13:10:00+09:00,13840.0,13860.0,13810.0,13850.0,52646.0
2026-09-21 13:20:00+09:00,13840.0,13870.0,13810.0,13820.0,48476.0
2026-09-21 13:30:00+09:00,13820.0,13840.0,13800.0,13820.0,56143.0
2026-09-21 13:40:00+09:00,13820.0,13970.0,13800.0,13940.0,79429.0
2026-09-21 13:50:00+09:00,13930.0,14090.0,13910.0,14050.0,125373.0
2026-09-21 14:00:00+09:00,14050.0,14060.0,14000.0,14020.0,56865.0
2026-09-21 14:10:00+09:00,14020.0,14180.0,13960.0,14130.0,154188.0
2026-09-21 14:20:00+09:00,14140.0,14200.0,14130.0,14170.0,93355.0
2026-09-21 14:30:00+09:00,14160.0,14230.0,14150.0,14190.0,83903.0
2026-09-21 14:40:00+09:00,14200.0,14200.0,14010.0,14020.0,101560.0
2026-09-21 14:50:00+09:00,14020.0,14030.0,13900.0,13940.0,71024.0
2026-09-22 09:00:00+09:00,14080.0,14440.0,14080.0,14150.0,398403.0
2026-09-22 09:10:00+09:00,14170.0,14170.0,13800.0,13810.0,336746.0
2026-09-22 09:20:00+09:00,13810.0,13900.0,13750.0,13870.0,132661.0
2026-09-22 09:30:00+09:00,13870.0,13970.0,13860.0,13910.0,78359.0
2026-09-22 09:40:00+09:00,13910.0,14080.0,13900.0,13940.0,144551.0
2026-09-22 09:50:00+09:00,13940.0,13940.0,13880.0,13920.0,75583.0
2026-09-22 10:00:00+09:00,13930.0,13930.0,13850.0,13850.0,59939.0
2026-09-22 10:10:00+09:00,13840.0,13850.0,13750.0,13760.0,133070.0
2026-09-22 10:20:00+09:00,13750.0,13750.0,13630.0,13700.0,143948.0
2026-09-22 10:30:00+09:00,13700.0,13700.0,13640.0,13660.0,65980.0
2026-09-22 10:40:00+09:00,13660.0,13690.0,13650.0,13680.0,39244.0
2026-09-22 10:50:00+09:00,13680.0,13720.0,13670.0,13680.0,47165.0
2026-09-22 11:00:00+09:00,13680.0,13760.0,13680.0,13740.0,23864.0
2026-09-22 11:10:00+09:00,13740.0,13740.0,13660.0,13690.0,42025.0
2026-09-22 11:20:00+09:00,13690.0,13700.0,13670.0,13680.0,45468.0
2026-09-22 11:30:00+09:00,13670.0,13690.0,13660.0,13680.0,36994.0
2026-09-22 11:40:00+09:00,13670.0,13680.0,13640.0,13670.0,51513.0
2026-09-22 11:50:00+09:00,13680.0,13680.0,13660.0,13670.0,20911.0
2026-09-22 12:00:00+09:00,13670.0,13720.0,13650.0,13710.0,38208.0
2026-09-22 12:10:00+09:00,13710.0,13710.0,13670.0,13700.0,20443.0
2026-09-22 12:20:00+09:00,13700.0,13770.0,13680.0,13740.0,28274.0
2026-09-22 12:30:00+09:00,13740.0,13750.0,13710.0,13720.0,30338.0
2026-09-22 12:40:00+09:00,13720.0,13730.0,13690.0,13710.0,17178.0
2026-09-22 12:50:00+09:00,13720.0,13720.0,13670.0,13670.0,36802.0
2026-09-22 13:00:00+09:00,13670.0,13680.0,13650.0,13650.0,47759.0
2026-09-22 13:10:00+09:00,13650.0,13680.0,13640.0,13650.0,37526.0
2026-09-22 13:20:00+09:00,13650.0,13660.0,13630.0,13640.0,30896.0
2026-09-22 13:30:00+09:00,13640.0,13650.0,13580.0,13580.0,106817.0
2026-09-22 13:40:00+09:00,13580.0,13600.0,13550.0,13580.0,63396.0
2026-09-22 13:50:00+09:00,13570.0,13650.0,13560.0,13570.0,41821.0
2026-09-22 14:00:00+09:00,13570.0,13610.0,13560.0,13590.0,33853.0
2026-09-22 14:10:00+09:00,13590.0,13600.0,13510.0,13520.0,71187.0
2026-09-22 14:20:00+09:00,13520.0,13540.0,13510.0,13540.0,66458.0
2026-09-22 14:30:00+09:00,13520.0,13630.0,13510.0,13600.0,59860.0
2026-09-22 14:40:00+09:00,13600.0,13610.0,13540.0,13580.0,23971.0
2026-09-22 14:50:00+09:00,13590.0,13630.0,13570.0,13580.0,24495.0
