,Open,High,Low,Close,Volume
2026-06-29 09:00:00+09:00,250000.0,250500.0,239000.0,240500.0,1249.0
2026-06-29 09:10:00+09:00,240500.0,244000.0,239500.0,242000.0,2471.0
2026-06-29 09:20:00+09:00,242000.0,243000.0,239000.0,239000.0,1293.0
2026-06-29 09:30:00+09:00,240000.0,244500.0,237000.0,244000.0,2115.0
2026-06-29 09:40:00+09:00,243500.0,249000.0,243500.0,249000.0,1144.0
2026-06-29 09:50:00+09:00,248500.0,250000.0,248000.0,249000.0,727.0
2026-06-29 10:00:00+09:00,250000.0,250000.0,248000.0,249500.0,786.0
2026-06-29 10:10:00+09:00,249500.0,251500.0,249000.0,249500.0,825.0
2026-06-29 10:20:00+09:00,249500.0,251000.0,249000.0,250500.0,672.0
2026-06-29 10:30:00+09:00,250500.0,252500.0,250000.0,252000.0,1034.0
2026-06-29 10:40:00+09:00,252000.0,252500.0,250000.0,250500.0,679.0
2026-06-29 10:50:00+09:00,251000.0,251500.0,248500.0,248500.0,671.0
2026-06-29 11:00:00+09:00,249500.0,250000.0,241500.0,244000.0,978.0
2026-06-29 11:10:00+09:00,244000.0,244000.0,241500.0,244000.0,1221.0
2026-06-29 11:20:00+09:00,243500.0,245000.0,241000.0,241500.0,1033.0
2026-06-29 11:30:00+09:00,241500.0,241500.0,239000.0,241000.0,1210.0
2026-06-29 11:40:00+09:00,241000.0,243000.0,240500.0,241500.0,807.0
2026-06-29 11:50:00+09:00,242000.0,242000.0,240500.0,241000.0,936.0
2026-06-29 12:00:00+09:00,242000.0,243500.0,241000.0,241500.0,624.0
2026-06-29 12:10:00+09:00,242000.0,242000.0,240500.0,241000.0,1001.0
2026-06-29 12:20:00+09:00,241000.0,242500.0,240500.0,241500.0,919.0
2026-06-29 12:30:00+09:00,241500.0,242000.0,240500.0,241000.0,707.0
2026-06-29 12:40:00+09:00,241000.0,241500.0,239500.0,241500.0,929.0
2026-06-29 12:50:00+09:00,241500.0,245000.0,241000.0,241500.0,1039.0
2026-06-29 13:00:00+09:00,241500.0,243500.0,241000.0,242000.0,1108.0
2026-06-29 13:10:00+09:00,241500.0,242000.0,241000.0,241000.0,624.0
2026-06-29 13:20:00+09:00,241000.0,241500.0,240000.0,240000.0,1484.0
2026-06-29 13:30:00+09:00,240000.0,240500.0,239000.0,239500.0,1310.0
2026-06-29 13:40:00+09:00,239500.0,240500.0,238500.0,240000.0,1494.0
2026-06-29 13:50:00+09:00,240000.0,240000.0,239000.0,239000.0,809.0
2026-06-29 14:00:00+09:00,239500.0,239500.0,238000.0,238000.0,1932.0
2026-06-29 14:10:00+09:00,238500.0,238500.0,236000.0,236500.0,1729.0
2026-06-29 14:20:00+09:00,236500.0,237500.0,236000.0,237500.0,2522.0
2026-06-29 14:30:00+09:00,238000.0,238000.0,237000.0,237000.0,1253.0
2026-06-29 14:40:00+09:00,237000.0,243500.0,237000.0,243500.0,3234.0
2026-06-29 14:50:00+09:00,243000.0,244500.0,242000.0,244000.0,1474.0
2026-06-30 09:00:00+09:00,247500.0,260000.0,245000.0,258500.0,3770.0
2026-06-30 09:10:00+09:00,258500.0,261500.0,255500.0,259000.0,2992.0
2026-06-30 09:20:00+09:00,259000.0,259000.0,254500.0,256000.0,1126.0
2026-06-30 09:30:00+09:00,256000.0,256000.0,253000.0,254000.0,859.0
2026-06-30 09:40:00+09:00,254000.0,254000.0,251000.0,252000.0,878.0
2026-06-30 09:50:00+09:00,253000.0,254000.0,251500.0,253500.0,684.0
2026-06-30 10:00:00+09:00,254000.0,254500.0,252000.0,254000.0,1417.0
2026-06-30 10:10:00+09:00,253500.0,256500.0,253500.0,254500.0,685.0
2026-06-30 10:20:00+09:00,254500.0,259000.0,253500.0,258500.0,818.0
2026-06-30 10:30:00+09:00,258500.0,260000.0,258500.0,258500.0,548.0
2026-06-30 10:40:00+09:00,258500.0,258500.0,256000.0,256000.0,556.0
2026-06-30 10:50:00+09:00,256000.0,257000.0,256000.0,256000.0,313.0
2026-06-30 11:00:00+09:00,256000.0,257000.0,256000.0,256500.0,97.0
2026-06-30 11:10:00+09:00,257000.0,257000.0,255500.0,256000.0,221.0
2026-06-30 11:20:00+09:00,256000.0,256000.0,254500.0,256000.0,443.0
2026-06-30 11:30:00+09:00,255500.0,256500.0,255500.0,256500.0,170.0
2026-06-30 11:40:00+09:00,256500.0,256500.0,256000.0,256000.0,432.0
2026-06-30 11:50:00+09:00,255500.0,256000.0,254000.0,254500.0,557.0
2026-06-30 12:00:00+09:00,254500.0,255500.0,254000.0,255500.0,312.0
2026-06-30 12:10:00+09:00,255500.0,256000.0,255000.0,256000.0,260.0
2026-06-30 12:20:00+09:00,256000.0,256500.0,255000.0,256000.0,134.0
2026-06-30 12:30:00+09:00,256000.0,260000.0,255500.0,259500.0,1446.0
2026-06-30 12:40:00+09:00,259500.0,261500.0,259000.0,259500.0,1680.0
2026-06-30 12:50:00+09:00,259500.0,260000.0,256500.0,258000.0,499.0
2026-06-30 13:00:00+09:00,257500.0,258000.0,256000.0,256500.0,526.0
2026-06-30 13:10:00+09:00,256500.0,257000.0,255000.0,255500.0,664.0
2026-06-30 13:20:00+09:00,255500.0,256500.0,254500.0,255500.0,528.0
2026-06-30 13:30:00+09:00,255000.0,257500.0,255000.0,257000.0,565.0
2026-06-30 13:40:00+09:00,257000.0,257500.0,256000.0,257000.0,629.0
2026-06-30 13:50:00+09:00,257000.0,257000.0,255500.0,256000.0,561.0
2026-06-30 14:00:00+09:00,256000.0,257000.0,254000.0,256000.0,1084.0
2026-06-30 14:10:00+09:00,255500.0,256000.0,250500.0,251000.0,664.0
2026-06-30 14:20:00+09:00,251000.0,253500.0,250500.0,252000.0,937.0
2026-06-30 14:30:00+09:00,252500.0,252500.0,249500.0,250500.0,1050.0
2026-06-30 14:40:00+09:00,250500.0,252500.0,250500.0,251500.0,601.0
2026-06-30 14:50:00+09:00,251500.0,252000.0,250000.0,251000.0,1093.0
2026-07-01 09:00:00+09:00,250000.0,258000.0,246000.0,248500.0,2406.0
2026-07-01 09:10:00+09:00,249000.0,254500.0,248500.0,253500.0,1397.0
2026-07-01 09:20:00+09:00,254000.0,258000.0,253000.0,256500.0,3415.0
2026-07-01 09:30:00+09:00,256500.0,263500.0,254500.0,260000.0,3116.0
2026-07-01 09:40:00+09:00,261000.0,263500.0,260500.0,262500.0,1992.0
2026-07-01 09:50:00+09:00,262000.0,272000.0,262000.0,269000.0,8996.0
2026-07-01 10:00:00+09:00,268500.0,272000.0,267500.0,267500.0,2881.0
2026-07-01 10:10:00+09:00,267500.0,274500.0,266000.0,273500.0,4334.0
2026-07-01 10:20:00+09:00,273500.0,275000.0,271500.0,272500.0,3407.0
2026-07-01 10:30:00+09:00,272500.0,276000.0,272500.0,274500.0,3502.0
2026-07-01 10:40:00+09:00,274500.0,275500.0,270000.0,270000.0,1951.0
2026-07-01 10:50:00+09:00,269500.0,270000.0,267000.0,269500.0,1346.0
2026-07-01 11:00:00+09:00,269500.0,269500.0,263000.0,265000.0,1742.0
2026-07-01 11:10:00+09:00,264000.0,265000.0,263000.0,264500.0,965.0
2026-07-01 11:20:00+09:00,264500.0,266500.0,264000.0,266000.0,509.0
2026-07-01 11:30:00+09:00,266000.0,266000.0,264500.0,265000.0,453.0
2026-07-01 11:40:00+09:00,265000.0,268000.0,264500.0,267500.0,711.0
2026-07-01 11:50:00+09:00,267500.0,267500.0,265000.0,265000.0,253.0
2026-07-01 12:00:00+09:00,265500.0,266000.0,264000.0,266000.0,673.0
2026-07-01 12:10:00+09:00,265500.0,266000.0,264500.0,265000.0,410.0
2026-07-01 12:20:00+09:00,265000.0,265000.0,264500.0,265000.0,174.0
2026-07-01 12:30:00+09:00,265000.0,266500.0,264500.0,266500.0,572.0
2026-07-01 12:40:00+09:00,266500.0,267000.0,266000.0,267000.0,523.0
2026-07-01 12:50:00+09:00,267000.0,267500.0,266250.0,266500.0,348.0
2026-07-01 13:00:00+09:00,266500.0,266500.0,265500.0,266000.0,487.0
2026-07-01 13:10:00+09:00,266000.0,271500.0,265500.0,271500.0,1334.0
2026-07-01 13:20:00+09:00,271000.0,271500.0,270000.0,270500.0,449.0
2026-07-01 13:30:00+09:00,270500.0,270500.0,270000.0,270500.0,354.0
2026-07-01 13:40:00+09:00,270500.0,270500.0,269500.0,270000.0,738.0
2026-07-01 13:50:00+09:00,270000.0,271500.0,268000.0,268500.0,1168.0
2026-07-01 14:00:00+09:00,269000.0,269500.0,267500.0,268500.0,665.0
2026-07-01 14:10:00+09:00,268500.0,268500.0,267500.0,268000.0,500.0
2026-07-01 14:20:00+09:00,268500.0,268500.0,265500.0,267500.0,962.0
2026-07-01 14:30:00+09:00,267500.0,276000.0,253500.0,267000.0,7979.0
2026-07-01 14:40:00+09:00,267000.0,269500.0,266000.0,267500.0,1769.0
2026-07-01 14:50:00+09:00,267000.0,268500.0,267000.0,268000.0,546.0
2026-07-02 09:00:00+09:00,253000.0,268500.0,252500.0,265000.0,4291.0
2026-07-02 09:10:00+09:00,265000.0,268500.0,263500.0,264000.0,1855.0
2026-07-02 09:20:00+09:00,264000.0,268000.0,262000.0,265500.0,1442.0
2026-07-02 09:30:00+09:00,266000.0,267500.0,263000.0,263000.0,796.0
2026-07-02 09:40:00+09:00,263000.0,265500.0,261000.0,263500.0,1689.0
2026-07-02 09:50:00+09:00,263500.0,266000.0,262500.0,265000.0,1138.0
2026-07-02 10:00:00+09:00,265000.0,266500.0,264000.0,266000.0,677.0
2026-07-02 10:10:00+09:00,265000.0,266000.0,264000.0,265500.0,667.0
2026-07-02 10:20:00+09:00,266000.0,267000.0,265000.0,266000.0,718.0
2026-07-02 10:30:00+09:00,266000.0,270500.0,266000.0,269000.0,1592.0
2026-07-02 10:40:00+09:00,269000.0,272500.0,266500.0,272000.0,1104.0
2026-07-02 10:50:00+09:00,271500.0,274500.0,270500.0,274000.0,719.0
2026-07-02 11:00:00+09:00,274000.0,274500.0,272500.0,273500.0,731.0
2026-07-02 11:10:00+09:00,273000.0,273500.0,270500.0,271000.0,533.0
2026-07-02 11:20:00+09:00,271000.0,272500.0,268500.0,270500.0,1049.0
2026-07-02 11:30:00+09:00,270500.0,272500.0,270500.0,271500.0,414.0
2026-07-02 11:40:00+09:00,271500.0,272000.0,271000.0,271000.0,525.0
2026-07-02 11:50:00+09:00,270500.0,271500.0,269000.0,271000.0,461.0
2026-07-02 12:00:00+09:00,271000.0,272000.0,269000.0,270000.0,660.0
2026-07-02 12:10:00+09:00,270000.0,272000.0,269000.0,269000.0,585.0
2026-07-02 12:20:00+09:00,269000.0,270500.0,268500.0,269000.0,434.0
2026-07-02 12:30:00+09:00,269000.0,270000.0,268500.0,268500.0,645.0
2026-07-02 12:40:00+09:00,268500.0,271000.0,268000.0,270000.0,517.0
2026-07-02 12:50:00+09:00,270500.0,270500.0,267500.0,268500.0,1054.0
2026-07-02 13:00:00+09:00,268500.0,269500.0,267500.0,269500.0,583.0
2026-07-02 13:10:00+09:00,269000.0,269000.0,266000.0,266500.0,768.0
2026-07-02 13:20:00+09:00,266000.0,268750.0,265500.0,268000.0,703.0
2026-07-02 13:30:00+09:00,268000.0,268000.0,265500.0,265500.0,877.0
2026-07-02 13:40:00+09:00,265500.0,268000.0,264500.0,265500.0,1016.0
2026-07-02 13:50:00+09:00,265500.0,268500.0,265000.0,266000.0,968.0
2026-07-02 14:00:00+09:00,266000.0,268500.0,265500.0,267500.0,852.0
2026-07-02 14:10:00+09:00,267500.0,268500.0,266500.0,266500.0,1051.0
2026-07-02 14:20:00+09:00,267000.0,269000.0,266500.0,268000.0,919.0
2026-07-02 14:30:00+09:00,267500.0,268000.0,266000.0,267500.0,1243.0
2026-07-02 14:40:00+09:00,267500.0,268000.0,265500.0,266000.0,1536.0
2026-07-02 14:50:00+09:00,266000.0,269500.0,265500.0,266000.0,1718.0
2026-07-03 09:00:00+09:00,268500.0,269500.0,258000.0,259000.0,5103.0
2026-07-03 09:10:00+09:00,259000.0,263500.0,257500.0,259500.0,2583.0
2026-07-03 09:20:00+09:00,258500.0,261500.0,257500.0,258500.0,1439.0
2026-07-03 09:30:00+09:00,258500.0,259000.0,255500.0,258000.0,2562.0
2026-07-03 09:40:00+09:00,256000.0,256500.0,253500.0,254500.0,1753.0
2026-07-03 09:50:00+09:00,254500.0,255000.0,251000.0,251500.0,1038.0
2026-07-03 10:00:00+09:00,251500.0,254500.0,250000.0,253000.0,813.0
2026-07-03 10:10:00+09:00,253500.0,255500.0,252000.0,254500.0,1205.0
2026-07-03 10:20:00+09:00,255500.0,256000.0,252000.0,252000.0,713.0
2026-07-03 10:30:00+09:00,252500.0,252500.0,251000.0,252500.0,664.0
2026-07-03 10:40:00+09:00,252500.0,253000.0,250000.0,252000.0,809.0
2026-07-03 10:50:00+09:00,252000.0,253000.0,250000.0,251500.0,592.0
2026-07-03 11:00:00+09:00,252000.0,254500.0,250000.0,254000.0,677.0
2026-07-03 11:10:00+09:00,254000.0,255000.0,251000.0,252500.0,376.0
2026-07-03 11:20:00+09:00,252500.0,254000.0,252000.0,254000.0,321.0
2026-07-03 11:30:00+09:00,253500.0,254000.0,252000.0,252500.0,298.0
2026-07-03 11:40:00+09:00,252500.0,255000.0,252500.0,253500.0,458.0
2026-07-03 11:50:00+09:00,253500.0,254500.0,252500.0,254000.0,174.0
2026-07-03 12:00:00+09:00,254000.0,254500.0,251000.0,252000.0,326.0
2026-07-03 12:10:00+09:00,252000.0,253000.0,251000.0,251500.0,307.0
2026-07-03 12:20:00+09:00,252500.0,254000.0,251500.0,254000.0,282.0
2026-07-03 12:30:00+09:00,254500.0,254500.0,252000.0,252500.0,338.0
2026-07-03 12:40:00+09:00,252000.0,252000.0,251500.0,251500.0,1110.0
2026-07-03 12:50:00+09:00,252000.0,254000.0,251500.0,254000.0,413.0
2026-07-03 13:00:00+09:00,254000.0,255000.0,253500.0,255000.0,243.0
2026-07-03 13:10:00+09:00,254500.0,256500.0,254000.0,256000.0,328.0
2026-07-03 13:20:00+09:00,256000.0,256000.0,255500.0,256000.0,166.0
2026-07-03 13:30:00+09:00,256000.0,257000.0,255500.0,256500.0,304.0
2026-07-03 13:40:00+09:00,256000.0,258000.0,256000.0,257000.0,373.0
2026-07-03 13:50:00+09:00,257500.0,260000.0,257000.0,258500.0,386.0
2026-07-03 14:00:00+09:00,258500.0,260000.0,258000.0,258000.0,365.0
2026-07-03 14:10:00+09:00,258500.0,263000.0,258000.0,260500.0,1221.0
2026-07-03 14:20:00+09:00,260500.0,262000.0,260000.0,261000.0,387.0
2026-07-03 14:30:00+09:00,260500.0,262000.0,260000.0,261500.0,309.0
2026-07-03 14:40:00+09:00,261500.0,262000.0,257500.0,258000.0,661.0
2026-07-03 14:50:00+09:00,257500.0,260500.0,257500.0,259500.0,402.0
2026-07-06 09:00:00+09:00,257000.0,269500.0,256500.0,262500.0,656.0
2026-07-06 09:10:00+09:00,262500.0,265000.0,260500.0,262500.0,917.0
2026-07-06 09:20:00+09:00,261500.0,267000.0,260500.0,262500.0,1463.0
2026-07-06 09:30:00+09:00,263000.0,266500.0,262500.0,263500.0,888.0
2026-07-06 09:40:00+09:00,263250.0,263500.0,262000.0,262000.0,859.0
2026-07-06 09:50:00+09:00,262000.0,264500.0,261000.0,262000.0,747.0
2026-07-06 10:00:00+09:00,262000.0,264500.0,261000.0,263500.0,1186.0
2026-07-06 10:10:00+09:00,262500.0,265000.0,261500.0,264250.0,646.0
2026-07-06 10:20:00+09:00,264250.0,266500.0,260500.0,264000.0,4857.0
2026-07-06 10:30:00+09:00,264000.0,266000.0,261500.0,261500.0,2103.0
2026-07-06 10:40:00+09:00,261500.0,264000.0,260000.0,260000.0,1766.0
2026-07-06 10:50:00+09:00,260000.0,265000.0,258500.0,262000.0,2438.0
2026-07-06 11:00:00+09:00,262500.0,265000.0,261500.0,262500.0,1269.0
2026-07-06 11:10:00+09:00,262500.0,264000.0,258500.0,260500.0,2009.0
2026-07-06 11:20:00+09:00,259750.0,264000.0,259750.0,261250.0,1382.0
2026-07-06 11:30:00+09:00,261250.0,265000.0,260500.0,261500.0,1529.0
2026-07-06 11:40:00+09:00,262000.0,265000.0,261000.0,261500.0,2391.0
2026-07-06 11:50:00+09:00,261000.0,265500.0,261000.0,263000.0,2034.0
2026-07-06 12:00:00+09:00,263500.0,265000.0,262000.0,264000.0,1752.0
2026-07-06 12:10:00+09:00,264000.0,265000.0,262500.0,262500.0,689.0
2026-07-06 12:20:00+09:00,263000.0,263500.0,262000.0,263000.0,679.0
2026-07-06 12:30:00+09:00,263000.0,266000.0,261500.0,265500.0,1224.0
2026-07-06 12:40:00+09:00,265000.0,265500.0,263000.0,263500.0,817.0
2026-07-06 12:50:00+09:00,263500.0,263500.0,263000.0,263500.0,335.0
2026-07-06 13:00:00+09:00,263500.0,265000.0,262000.0,262000.0,768.0
2026-07-06 13:10:00+09:00,262500.0,265000.0,262000.0,263250.0,1246.0
2026-07-06 13:20:00+09:00,263250.0,264000.0,263000.0,264000.0,618.0
2026-07-06 13:30:00+09:00,264000.0,266500.0,263500.0,266500.0,1023.0
2026-07-06 13:40:00+09:00,266500.0,267000.0,266000.0,267000.0,405.0
2026-07-06 13:50:00+09:00,267000.0,268000.0,265500.0,268000.0,1426.0
2026-07-06 14:00:00+09:00,267750.0,268500.0,266000.0,268000.0,1070.0
2026-07-06 14:10:00+09:00,268000.0,269500.0,267500.0,268500.0,1088.0
2026-07-06 14:20:00+09:00,268500.0,269500.0,267500.0,268500.0,1228.0
2026-07-06 14:30:00+09:00,268000.0,269000.0,267000.0,268000.0,1162.0
2026-07-06 14:40:00+09:00,267500.0,269500.0,267500.0,267500.0,1252.0
2026-07-06 14:50:00+09:00,267500.0,269500.0,267500.0,269000.0,1052.0
2026-07-07 09:00:00+09:00,269000.0,278000.0,267000.0,270500.0,2593.0
2026-07-07 09:10:00+09:00,270000.0,270500.0,264500.0,267500.0,1928.0
2026-07-07 09:20:00+09:00,266500.0,272500.0,266500.0,272500.0,1205.0
2026-07-07 09:30:00+09:00,271500.0,272000.0,268000.0,271000.0,594.0
2026-07-07 09:40:00+09:00,270500.0,271000.0,264500.0,266500.0,1230.0
2026-07-07 09:50:00+09:00,266000.0,269000.0,265000.0,267500.0,889.0
2026-07-07 10:00:00+09:00,267000.0,269000.0,266750.0,268000.0,705.0
2026-07-07 10:10:00+09:00,268000.0,269000.0,265500.0,267000.0,781.0
2026-07-07 10:20:00+09:00,267000.0,267500.0,262500.0,262500.0,566.0
2026-07-07 10:30:00+09:00,263500.0,267000.0,263000.0,264000.0,473.0
2026-07-07 10:40:00+09:00,263500.0,268500.0,263500.0,268000.0,718.0
2026-07-07 10:50:00+09:00,268500.0,268500.0,265000.0,265000.0,273.0
2026-07-07 11:00:00+09:00,265500.0,266000.0,264500.0,266000.0,192.0
2026-07-07 11:10:00+09:00,264500.0,267000.0,264000.0,266500.0,288.0
2026-07-07 11:20:00+09:00,266500.0,268000.0,265000.0,265000.0,222.0
2026-07-07 11:30:00+09:00,265500.0,266500.0,264000.0,265000.0,287.0
2026-07-07 11:40:00+09:00,265000.0,267000.0,264000.0,265000.0,496.0
2026-07-07 11:50:00+09:00,264500.0,265000.0,262000.0,263000.0,384.0
2026-07-07 12:00:00+09:00,263000.0,264500.0,262500.0,262500.0,207.0
2026-07-07 12:10:00+09:00,262500.0,263500.0,262000.0,262000.0,143.0
2026-07-07 12:20:00+09:00,262000.0,262000.0,260500.0,260500.0,323.0
2026-07-07 12:30:00+09:00,260500.0,262500.0,260000.0,262500.0,278.0
2026-07-07 12:40:00+09:00,261500.0,262500.0,260000.0,260500.0,478.0
2026-07-07 12:50:00+09:00,260500.0,263500.0,259500.0,259500.0,614.0
2026-07-07 13:00:00+09:00,262500.0,263000.0,259000.0,260500.0,627.0
2026-07-07 13:10:00+09:00,260500.0,262000.0,260000.0,261000.0,407.0
2026-07-07 13:20:00+09:00,260500.0,264000.0,260000.0,262500.0,441.0
2026-07-07 13:30:00+09:00,261500.0,262500.0,260500.0,262000.0,405.0
2026-07-07 13:40:00+09:00,260500.0,262500.0,260500.0,260500.0,443.0
2026-07-07 13:50:00+09:00,260000.0,262000.0,260000.0,260500.0,529.0
2026-07-07 14:00:00+09:00,260500.0,261000.0,258500.0,259000.0,1072.0
2026-07-07 14:10:00+09:00,258500.0,258500.0,253500.0,254000.0,1448.0
2026-07-07 14:20:00+09:00,254000.0,259000.0,253000.0,256500.0,1281.0
2026-07-07 14:30:00+09:00,256500.0,264000.0,256500.0,263000.0,1318.0
2026-07-07 14:40:00+09:00,263000.0,265000.0,262000.0,264000.0,1254.0
2026-07-07 14:50:00+09:00,264500.0,265500.0,262500.0,264500.0,1234.0
2026-07-08 09:00:00+09:00,268000.0,273500.0,263000.0,271000.0,2372.0
2026-07-08 09:10:00+09:00,272000.0,272000.0,268500.0,271000.0,1468.0
2026-07-08 09:20:00+09:00,271000.0,275000.0,268000.0,274000.0,1578.0
2026-07-08 09:30:00+09:00,274500.0,278000.0,272000.0,276500.0,1626.0
2026-07-08 09:40:00+09:00,276000.0,277000.0,274500.0,274500.0,783.0
2026-07-08 09:50:00+09:00,274000.0,276500.0,273000.0,275000.0,962.0
2026-07-08 10:00:00+09:00,275000.0,275500.0,272500.0,274000.0,677.0
2026-07-08 10:10:00+09:00,274000.0,275500.0,273500.0,273500.0,799.0
2026-07-08 10:20:00+09:00,273500.0,274000.0,272500.0,273000.0,330.0
2026-07-08 10:30:00+09:00,273000.0,273500.0,272000.0,272500.0,380.0
2026-07-08 10:40:00+09:00,272500.0,272500.0,270000.0,270500.0,629.0
2026-07-08 10:50:00+09:00,271000.0,271000.0,269000.0,269500.0,392.0
2026-07-08 11:00:00+09:00,269500.0,272500.0,267000.0,272500.0,1065.0
2026-07-08 11:10:00+09:00,272500.0,272500.0,269500.0,271000.0,516.0
2026-07-08 11:20:00+09:00,271500.0,272500.0,271000.0,272500.0,356.0
2026-07-08 11:30:00+09:00,272000.0,272500.0,270000.0,270500.0,518.0
2026-07-08 11:40:00+09:00,270500.0,272500.0,270000.0,272500.0,396.0
2026-07-08 11:50:00+09:00,272500.0,272500.0,271000.0,271000.0,546.0
2026-07-08 12:00:00+09:00,271000.0,272000.0,271000.0,272000.0,344.0
2026-07-08 12:10:00+09:00,271500.0,272500.0,271500.0,272000.0,355.0
2026-07-08 12:20:00+09:00,272500.0,273500.0,271000.0,272500.0,814.0
2026-07-08 12:30:00+09:00,272500.0,273000.0,271000.0,272000.0,376.0
2026-07-08 12:40:00+09:00,272000.0,272500.0,271000.0,271000.0,219.0
2026-07-08 12:50:00+09:00,271500.0,271500.0,271000.0,271000.0,196.0
2026-07-08 13:00:00+09:00,271500.0,272000.0,270500.0,271000.0,1564.0
2026-07-08 13:10:00+09:00,271500.0,271500.0,269000.0,269000.0,1290.0
2026-07-08 13:20:00+09:00,268500.0,269500.0,267500.0,268500.0,882.0
2026-07-08 13:30:00+09:00,268000.0,268500.0,267500.0,268500.0,868.0
2026-07-08 13:40:00+09:00,268000.0,270000.0,268000.0,270000.0,1286.0
2026-07-08 13:50:00+09:00,269000.0,271500.0,269000.0,271000.0,869.0
2026-07-08 14:00:00+09:00,271000.0,271500.0,269000.0,270000.0,690.0
2026-07-08 14:10:00+09:00,271000.0,272500.0,270000.0,271500.0,1443.0
2026-07-08 14:20:00+09:00,271500.0,271500.0,269000.0,269000.0,708.0
2026-07-08 14:30:00+09:00,269000.0,270500.0,268500.0,269500.0,1290.0
2026-07-08 14:40:00+09:00,269500.0,271000.0,269000.0,270000.0,549.0
2026-07-08 14:50:00+09:00,269000.0,271000.0,269000.0,269500.0,864.0
2026-07-09 09:00:00+09:00,276500.0,286000.0,273000.0,285500.0,5869.0
2026-07-09 09:10:00+09:00,285500.0,288500.0,284000.0,287750.0,4898.0
2026-07-09 09:20:00+09:00,287750.0,289750.0,284500.0,289500.0,3665.0
2026-07-09 09:30:00+09:00,289500.0,289500.0,285500.0,286000.0,1974.0
2026-07-09 09:40:00+09:00,286500.0,290000.0,286000.0,288000.0,2079.0
2026-07-09 09:50:00+09:00,288500.0,289500.0,286000.0,287500.0,1146.0
2026-07-09 10:00:00+09:00,287500.0,289000.0,283500.0,284000.0,1453.0
2026-07-09 10:10:00+09:00,284000.0,285500.0,281000.0,282000.0,1038.0
2026-07-09 10:20:00+09:00,281500.0,286000.0,281500.0,283500.0,1306.0
2026-07-09 10:30:00+09:00,284000.0,284000.0,280500.0,281000.0,1222.0
2026-07-09 10:40:00+09:00,281000.0,284000.0,280500.0,282000.0,890.0
2026-07-09 10:50:00+09:00,282000.0,284500.0,280500.0,281000.0,1364.0
2026-07-09 11:00:00+09:00,281000.0,283500.0,275500.0,277000.0,2255.0
2026-07-09 11:10:00+09:00,277000.0,279000.0,276500.0,279000.0,1275.0
2026-07-09 11:20:00+09:00,279000.0,281000.0,279000.0,279000.0,992.0
2026-07-09 11:30:00+09:00,279000.0,279000.0,276000.0,278000.0,1529.0
2026-07-09 11:40:00+09:00,278000.0,278500.0,277000.0,278000.0,1739.0
2026-07-09 11:50:00+09:00,278000.0,278500.0,275000.0,275500.0,1262.0
2026-07-09 12:00:00+09:00,275500.0,278000.0,274500.0,277500.0,1817.0
2026-07-09 12:10:00+09:00,277750.0,277750.0,276000.0,276000.0,1508.0
2026-07-09 12:20:00+09:00,276000.0,278500.0,276000.0,278000.0,1239.0
2026-07-09 12:30:00+09:00,278000.0,280000.0,277500.0,277500.0,1559.0
2026-07-09 12:40:00+09:00,277500.0,281000.0,276000.0,278000.0,1226.0
2026-07-09 12:50:00+09:00,277500.0,280500.0,275500.0,276500.0,752.0
2026-07-09 13:00:00+09:00,276500.0,279000.0,274500.0,274500.0,729.0
2026-07-09 13:10:00+09:00,275000.0,277500.0,274500.0,276500.0,1325.0
2026-07-09 13:20:00+09:00,276500.0,277000.0,274000.0,274000.0,1624.0
2026-07-09 13:30:00+09:00,274500.0,276500.0,274000.0,275500.0,805.0
2026-07-09 13:40:00+09:00,275500.0,278000.0,275500.0,277000.0,1815.0
2026-07-09 13:50:00+09:00,277500.0,279500.0,277000.0,277000.0,606.0
2026-07-09 14:00:00+09:00,277000.0,279000.0,276500.0,278000.0,1104.0
2026-07-09 14:10:00+09:00,278000.0,280000.0,278000.0,279500.0,1511.0
2026-07-09 14:20:00+09:00,279500.0,279500.0,275500.0,276500.0,3096.0
2026-07-09 14:30:00+09:00,276500.0,279500.0,276500.0,278000.0,1906.0
2026-07-09 14:40:00+09:00,278000.0,280000.0,277500.0,278500.0,1302.0
2026-07-09 14:50:00+09:00,278500.0,282000.0,278500.0,282000.0,1568.0
2026-07-10 09:00:00+09:00,288000.0,298000.0,286000.0,293500.0,6995.0
2026-07-10 09:10:00+09:00,294000.0,295000.0,288000.0,288000.0,2807.0
2026-07-10 09:20:00+09:00,287500.0,288000.0,282000.0,283000.0,4263.0
2026-07-10 09:30:00+09:00,283000.0,283000.0,277000.0,280000.0,2308.0
2026-07-10 09:40:00+09:00,280000.0,283000.0,278500.0,278500.0,1862.0
2026-07-10 09:50:00+09:00,278500.0,281000.0,277500.0,279000.0,1838.0
2026-07-10 10:00:00+09:00,278500.0,282500.0,278500.0,279500.0,1666.0
2026-07-10 10:10:00+09:00,280000.0,281000.0,278000.0,279000.0,2849.0
2026-07-10 10:20:00+09:00,279000.0,280000.0,273500.0,275000.0,3093.0
2026-07-10 10:30:00+09:00,275000.0,275000.0,271500.0,272000.0,2525.0
2026-07-10 10:40:00+09:00,271500.0,279500.0,271500.0,279000.0,2073.0
2026-07-10 10:50:00+09:00,279000.0,279000.0,276000.0,277500.0,1757.0
2026-07-10 11:00:00+09:00,278000.0,278000.0,275500.0,276500.0,1163.0
2026-07-10 11:10:00+09:00,276500.0,279500.0,275000.0,279000.0,1647.0
2026-07-10 11:20:00+09:00,279000.0,280000.0,277000.0,278000.0,805.0
2026-07-10 11:30:00+09:00,278500.0,280000.0,278000.0,280000.0,743.0
2026-07-10 11:40:00+09:00,279500.0,288000.0,279000.0,282000.0,1323.0
2026-07-10 11:50:00+09:00,282000.0,284500.0,281000.0,282000.0,1255.0
2026-07-10 12:00:00+09:00,282000.0,282500.0,281500.0,281500.0,1254.0
2026-07-10 12:10:00+09:00,282500.0,282500.0,281000.0,282000.0,917.0
2026-07-10 12:20:00+09:00,282500.0,282500.0,281000.0,281500.0,1140.0
2026-07-10 12:30:00+09:00,282000.0,282500.0,281500.0,282000.0,1219.0
2026-07-10 12:40:00+09:00,282000.0,282500.0,279500.0,280500.0,1047.0
2026-07-10 12:50:00+09:00,280000.0,280500.0,279000.0,279000.0,576.0
2026-07-10 13:00:00+09:00,279000.0,281500.0,279000.0,280500.0,1252.0
2026-07-10 13:10:00+09:00,281000.0,284000.0,281000.0,281000.0,1452.0
2026-07-10 13:20:00+09:00,281000.0,282000.0,279500.0,281000.0,1598.0
2026-07-10 13:30:00+09:00,280500.0,280500.0,278000.0,278000.0,1137.0
2026-07-10 13:40:00+09:00,278000.0,278500.0,275500.0,276000.0,1403.0
2026-07-10 13:50:00+09:00,276500.0,277000.0,275000.0,276000.0,1284.0
2026-07-10 14:00:00+09:00,276000.0,277500.0,274500.0,274500.0,1340.0
2026-07-10 14:10:00+09:00,275000.0,277500.0,274000.0,276500.0,1448.0
2026-07-10 14:20:00+09:00,277000.0,277500.0,275500.0,276000.0,1470.0
2026-07-10 14:30:00+09:00,276000.0,278000.0,275500.0,277500.0,1674.0
2026-07-10 14:40:00+09:00,277500.0,278500.0,276000.0,278500.0,1466.0
2026-07-10 14:50:00+09:00,278500.0,278500.0,276000.0,277500.0,1653.0
2026-07-13 09:00:00+09:00,270500.0,277000.0,267000.0,273000.0,935.0
2026-07-13 09:10:00+09:00,273000.0,274500.0,269500.0,269500.0,703.0
2026-07-13 09:20:00+09:00,270000.0,274500.0,270000.0,272000.0,924.0
2026-07-13 09:30:00+09:00,272000.0,273000.0,268500.0,269000.0,915.0
2026-07-13 09:40:00+09:00,269000.0,272500.0,269000.0,270000.0,793.0
2026-07-13 09:50:00+09:00,270000.0,271000.0,265000.0,265000.0,1070.0
2026-07-13 10:00:00+09:00,265500.0,267000.0,261500.0,263000.0,1181.0
2026-07-13 10:10:00+09:00,263000.0,264000.0,261500.0,262500.0,1269.0
2026-07-13 10:20:00+09:00,262500.0,264500.0,261500.0,262500.0,1294.0
2026-07-13 10:30:00+09:00,262000.0,263000.0,260000.0,262000.0,785.0
2026-07-13 10:40:00+09:00,262000.0,262000.0,256500.0,256500.0,1343.0
2026-07-13 10:50:00+09:00,256000.0,257000.0,254500.0,256000.0,932.0
2026-07-13 11:00:00+09:00,256000.0,256000.0,252500.0,254000.0,1559.0
2026-07-13 11:10:00+09:00,254000.0,257000.0,253500.0,254500.0,1105.0
2026-07-13 11:20:00+09:00,255000.0,256500.0,253000.0,255500.0,975.0
2026-07-13 11:30:00+09:00,255500.0,255500.0,253000.0,253000.0,866.0
2026-07-13 11:40:00+09:00,253500.0,254500.0,252500.0,253000.0,831.0
2026-07-13 11:50:00+09:00,252500.0,254000.0,252500.0,252500.0,576.0
2026-07-13 12:00:00+09:00,252500.0,253000.0,251000.0,251500.0,1290.0
2026-07-13 12:10:00+09:00,251500.0,252000.0,250500.0,251500.0,790.0
2026-07-13 12:20:00+09:00,251500.0,252500.0,250500.0,251000.0,771.0
2026-07-13 12:30:00+09:00,251000.0,253000.0,250000.0,251500.0,1152.0
2026-07-13 12:40:00+09:00,252500.0,252500.0,251000.0,252000.0,801.0
2026-07-13 12:50:00+09:00,251500.0,252500.0,250500.0,251500.0,645.0
2026-07-13 13:00:00+09:00,251500.0,251500.0,248000.0,249500.0,2125.0
2026-07-13 13:10:00+09:00,249500.0,251000.0,248000.0,250000.0,927.0
2026-07-13 13:20:00+09:00,250000.0,251000.0,248500.0,249500.0,664.0
2026-07-13 13:30:00+09:00,249500.0,250000.0,248500.0,248500.0,610.0
2026-07-13 13:40:00+09:00,248500.0,249000.0,247500.0,247500.0,793.0
2026-07-13 13:50:00+09:00,248000.0,250000.0,247000.0,248000.0,813.0
2026-07-13 14:00:00+09:00,248000.0,252000.0,248000.0,250500.0,1182.0
2026-07-13 14:10:00+09:00,250500.0,254500.0,249000.0,254500.0,1538.0
2026-07-13 14:20:00+09:00,254000.0,255000.0,250000.0,250500.0,1148.0
2026-07-13 14:30:00+09:00,250500.0,256000.0,250000.0,256000.0,1176.0
2026-07-13 14:40:00+09:00,255500.0,257000.0,253500.0,254500.0,1877.0
2026-07-13 14:50:00+09:00,255000.0,256500.0,254500.0,255500.0,820.0
2026-07-14 09:00:00+09:00,256500.0,258000.0,245000.0,250000.0,4900.0
2026-07-14 09:10:00+09:00,250000.0,252500.0,244000.0,244000.0,2594.0
2026-07-14 09:20:00+09:00,245000.0,246500.0,241000.0,244500.0,2856.0
2026-07-14 09:30:00+09:00,244500.0,247000.0,244000.0,244000.0,3972.0
2026-07-14 09:40:00+09:00,244500.0,246500.0,242500.0,244000.0,1562.0
2026-07-14 09:50:00+09:00,244000.0,245500.0,241500.0,245000.0,2494.0
2026-07-14 10:00:00+09:00,244500.0,245500.0,244000.0,244500.0,990.0
2026-07-14 10:10:00+09:00,244500.0,245500.0,242000.0,242500.0,1556.0
2026-07-14 10:20:00+09:00,242500.0,247000.0,241500.0,247000.0,1905.0
2026-07-14 10:30:00+09:00,247000.0,249000.0,244000.0,244000.0,909.0
2026-07-14 10:40:00+09:00,244000.0,248000.0,244000.0,246000.0,842.0
2026-07-14 10:50:00+09:00,246500.0,247000.0,244000.0,244000.0,654.0
2026-07-14 11:00:00+09:00,244000.0,246000.0,243500.0,245000.0,707.0
2026-07-14 11:10:00+09:00,244500.0,247000.0,244500.0,246000.0,508.0
2026-07-14 11:20:00+09:00,245500.0,247000.0,243000.0,245500.0,8855.0
2026-07-14 11:30:00+09:00,245000.0,247500.0,243500.0,247000.0,1870.0
2026-07-14 11:40:00+09:00,247000.0,247500.0,246000.0,247000.0,425.0
2026-07-14 11:50:00+09:00,247000.0,247000.0,244500.0,245000.0,1111.0
2026-07-14 12:00:00+09:00,244500.0,247000.0,244500.0,244500.0,361.0
2026-07-14 12:10:00+09:00,245000.0,245500.0,242000.0,243000.0,1073.0
2026-07-14 12:20:00+09:00,243000.0,243500.0,242000.0,242500.0,866.0
2026-07-14 12:30:00+09:00,243000.0,244000.0,243000.0,243000.0,593.0
2026-07-14 12:40:00+09:00,243500.0,246000.0,243000.0,246000.0,873.0
2026-07-14 12:50:00+09:00,246000.0,246500.0,245000.0,245000.0,350.0
2026-07-14 13:00:00+09:00,245500.0,245500.0,243500.0,243500.0,381.0
2026-07-14 13:10:00+09:00,243500.0,244000.0,242000.0,244000.0,1025.0
2026-07-14 13:20:00+09:00,244000.0,245500.0,243000.0,244500.0,298.0
2026-07-14 13:30:00+09:00,244000.0,247000.0,243500.0,246500.0,325.0
2026-07-14 13:40:00+09:00,246500.0,247500.0,245500.0,247500.0,442.0
2026-07-14 13:50:00+09:00,247000.0,248500.0,246500.0,247500.0,220.0
2026-07-14 14:00:00+09:00,247500.0,248500.0,247000.0,248000.0,242.0
2026-07-14 14:10:00+09:00,248000.0,250000.0,248000.0,250000.0,317.0
2026-07-14 14:20:00+09:00,249500.0,251500.0,249500.0,250500.0,342.0
2026-07-14 14:30:00+09:00,251000.0,253000.0,250000.0,250500.0,519.0
2026-07-14 14:40:00+09:00,251000.0,252000.0,249500.0,251500.0,421.0
2026-07-14 14:50:00+09:00,251000.0,251000.0,249000.0,249500.0,332.0
2026-07-15 09:00:00+09:00,254000.0,260000.0,253500.0,256000.0,1609.0
2026-07-15 09:10:00+09:00,255500.0,257500.0,255500.0,257500.0,269.0
2026-07-15 09:20:00+09:00,257500.0,259000.0,254000.0,257000.0,934.0
2026-07-15 09:30:00+09:00,257000.0,258000.0,256500.0,256500.0,429.0
2026-07-15 09:40:00+09:00,257000.0,258000.0,256500.0,257500.0,514.0
2026-07-15 09:50:00+09:00,257500.0,261000.0,257000.0,261000.0,696.0
2026-07-15 10:00:00+09:00,260500.0,262000.0,259500.0,261500.0,807.0
2026-07-15 10:10:00+09:00,261500.0,263000.0,260500.0,263000.0,546.0
2026-07-15 10:20:00+09:00,262500.0,269000.0,262000.0,268500.0,2220.0
2026-07-15 10:30:00+09:00,268500.0,270000.0,265000.0,267000.0,2247.0
2026-07-15 10:40:00+09:00,267000.0,267000.0,263000.0,263500.0,469.0
2026-07-15 10:50:00+09:00,263500.0,266500.0,263500.0,265000.0,384.0
2026-07-15 11:00:00+09:00,265000.0,266500.0,264000.0,265500.0,338.0
2026-07-15 11:10:00+09:00,265000.0,265500.0,264000.0,264000.0,274.0
2026-07-15 11:20:00+09:00,263500.0,265500.0,263500.0,265500.0,699.0
2026-07-15 11:30:00+09:00,265500.0,266000.0,265500.0,266000.0,377.0
2026-07-15 11:40:00+09:00,265500.0,266000.0,265500.0,266000.0,42.0
2026-07-15 11:50:00+09:00,266000.0,266000.0,264500.0,264500.0,266.0
2026-07-15 12:00:00+09:00,265000.0,265000.0,264500.0,265000.0,61.0
2026-07-15 12:10:00+09:00,264500.0,265000.0,264500.0,265000.0,81.0
2026-07-15 12:20:00+09:00,265000.0,265000.0,263000.0,264500.0,524.0
2026-07-15 12:30:00+09:00,264500.0,265000.0,264000.0,264500.0,199.0
2026-07-15 12:40:00+09:00,264500.0,266000.0,264500.0,266000.0,355.0
2026-07-15 12:50:00+09:00,266000.0,267000.0,266000.0,266000.0,517.0
2026-07-15 13:00:00+09:00,266500.0,266500.0,266000.0,266500.0,47.0
2026-07-15 13:10:00+09:00,266500.0,267000.0,266000.0,266500.0,320.0
2026-07-15 13:20:00+09:00,266500.0,267000.0,265500.0,265500.0,195.0
2026-07-15 13:30:00+09:00,265500.0,266000.0,265500.0,266000.0,150.0
2026-07-15 13:40:00+09:00,266000.0,266000.0,262000.0,264000.0,1004.0
2026-07-15 13:50:00+09:00,264500.0,264500.0,264000.0,264500.0,146.0
2026-07-15 14:00:00+09:00,264000.0,265000.0,262500.0,265000.0,1997.0
2026-07-15 14:10:00+09:00,265000.0,266000.0,263500.0,265000.0,507.0
2026-07-15 14:20:00+09:00,265000.0,266000.0,262500.0,262500.0,723.0
2026-07-15 14:30:00+09:00,262000.0,264500.0,261000.0,264500.0,1077.0
2026-07-15 14:40:00+09:00,263000.0,265000.0,263000.0,264500.0,689.0
2026-07-15 14:50:00+09:00,264000.0,265500.0,263500.0,264500.0,740.0
2026-07-16 09:00:00+09:00,261000.0,261000.0,255500.0,258500.0,994.0
2026-07-16 09:10:00+09:00,258500.0,261000.0,257000.0,259500.0,651.0
2026-07-16 09:20:00+09:00,259000.0,260500.0,258500.0,258500.0,212.0
2026-07-16 09:30:00+09:00,259000.0,261500.0,258000.0,258000.0,886.0
2026-07-16 09:40:00+09:00,258500.0,259500.0,258000.0,258500.0,360.0
2026-07-16 09:50:00+09:00,258500.0,261000.0,258500.0,260000.0,255.0
2026-07-16 10:00:00+09:00,260000.0,260500.0,256500.0,256500.0,549.0
2026-07-16 10:10:00+09:00,256500.0,257500.0,256000.0,256500.0,597.0
2026-07-16 10:20:00+09:00,257500.0,257500.0,255000.0,256000.0,718.0
2026-07-16 10:30:00+09:00,256000.0,257500.0,255500.0,257000.0,211.0
2026-07-16 10:40:00+09:00,257500.0,257500.0,256500.0,257500.0,317.0
2026-07-16 10:50:00+09:00,257500.0,259000.0,256000.0,256500.0,765.0
2026-07-16 11:00:00+09:00,257000.0,258500.0,256500.0,256500.0,412.0
2026-07-16 11:10:00+09:00,256500.0,258000.0,256500.0,257000.0,479.0
2026-07-16 11:20:00+09:00,258000.0,259500.0,257000.0,259000.0,346.0
2026-07-16 11:30:00+09:00,259000.0,259500.0,258500.0,259000.0,238.0
2026-07-16 11:40:00+09:00,258500.0,259500.0,257500.0,259500.0,286.0
2026-07-16 11:50:00+09:00,259000.0,259500.0,258000.0,258500.0,200.0
2026-07-16 12:00:00+09:00,258500.0,259000.0,258000.0,258500.0,139.0
2026-07-16 12:10:00+09:00,258500.0,259000.0,258000.0,258000.0,57.0
2026-07-16 12:20:00+09:00,258500.0,258500.0,257500.0,258000.0,84.0
2026-07-16 12:30:00+09:00,258000.0,258500.0,257500.0,257500.0,87.0
2026-07-16 12:40:00+09:00,258000.0,258000.0,257500.0,257500.0,144.0
2026-07-16 12:50:00+09:00,257500.0,258500.0,257000.0,258500.0,197.0
2026-07-16 13:00:00+09:00,258500.0,258500.0,257000.0,257000.0,282.0
2026-07-16 13:10:00+09:00,257500.0,259000.0,257500.0,258000.0,362.0
2026-07-16 13:20:00+09:00,258000.0,258000.0,257000.0,257000.0,323.0
2026-07-16 13:30:00+09:00,257000.0,257000.0,256500.0,256500.0,429.0
2026-07-16 13:40:00+09:00,256500.0,257000.0,256500.0,256500.0,36.0
2026-07-16 13:50:00+09:00,257000.0,258000.0,256500.0,257500.0,242.0
2026-07-16 14:00:00+09:00,257500.0,258000.0,257500.0,258000.0,157.0
2026-07-16 14:10:00+09:00,257500.0,260500.0,257500.0,260500.0,383.0
2026-07-16 14:20:00+09:00,260000.0,262000.0,259000.0,260000.0,600.0
2026-07-16 14:30:00+09:00,260500.0,266500.0,258500.0,258500.0,316.0
2026-07-16 14:40:00+09:00,259000.0,259000.0,258000.0,258500.0,396.0
2026-07-16 14:50:00+09:00,258000.0,258500.0,257500.0,257500.0,756.0
2026-07-20 09:00:00+09:00,258500.0,258500.0,250000.0,254500.0,453.0
2026-07-20 09:10:00+09:00,254500.0,257000.0,252500.0,257000.0,616.0
2026-07-20 09:20:00+09:00,257000.0,259500.0,257000.0,258500.0,939.0
2026-07-20 09:30:00+09:00,258000.0,258500.0,255000.0,257500.0,1179.0
2026-07-20 09:40:00+09:00,257500.0,258500.0,254500.0,256000.0,905.0
2026-07-20 09:50:00+09:00,255500.0,255500.0,252500.0,252500.0,1198.0
2026-07-20 10:00:00+09:00,253000.0,257000.0,252500.0,253000.0,1525.0
2026-07-20 10:10:00+09:00,253000.0,253500.0,251000.0,251000.0,631.0
2026-07-20 10:20:00+09:00,251000.0,252500.0,248000.0,248000.0,1983.0
2026-07-20 10:30:00+09:00,248500.0,249000.0,247000.0,247500.0,1344.0
2026-07-20 10:40:00+09:00,247500.0,247500.0,245500.0,246500.0,523.0
2026-07-20 10:50:00+09:00,246000.0,246500.0,245000.0,245500.0,1446.0
2026-07-20 11:00:00+09:00,246000.0,249000.0,245500.0,247500.0,603.0
2026-07-20 11:10:00+09:00,248000.0,248000.0,247000.0,247000.0,419.0
2026-07-20 11:20:00+09:00,247000.0,247500.0,246500.0,246500.0,320.0
2026-07-20 11:30:00+09:00,247000.0,249500.0,247000.0,249000.0,1104.0
2026-07-20 11:40:00+09:00,249500.0,251000.0,249000.0,250000.0,414.0
2026-07-20 11:50:00+09:00,250500.0,251000.0,250000.0,251000.0,489.0
2026-07-20 12:00:00+09:00,251000.0,251000.0,249500.0,250000.0,1261.0
2026-07-20 12:10:00+09:00,250000.0,251500.0,249500.0,251000.0,1323.0
2026-07-20 12:20:00+09:00,251000.0,251000.0,250500.0,251000.0,213.0
2026-07-20 12:30:00+09:00,251000.0,251500.0,250500.0,251000.0,527.0
2026-07-20 12:40:00+09:00,251000.0,251000.0,250500.0,251000.0,36.0
2026-07-20 12:50:00+09:00,251000.0,253500.0,250500.0,252000.0,1071.0
2026-07-20 13:00:00+09:00,252000.0,252000.0,251000.0,252000.0,922.0
2026-07-20 13:10:00+09:00,252000.0,252000.0,251000.0,252000.0,1674.0
2026-07-20 13:20:00+09:00,251500.0,252000.0,251500.0,252000.0,70.0
2026-07-20 13:30:00+09:00,252000.0,254000.0,251500.0,254000.0,629.0
2026-07-20 13:40:00+09:00,254000.0,256000.0,254000.0,255500.0,557.0
2026-07-20 13:50:00+09:00,255500.0,255500.0,253000.0,253500.0,389.0
2026-07-20 14:00:00+09:00,253500.0,253500.0,252500.0,253000.0,188.0
2026-07-20 14:10:00+09:00,253000.0,253000.0,252000.0,252500.0,278.0
2026-07-20 14:20:00+09:00,252500.0,252500.0,252000.0,252500.0,107.0
2026-07-20 14:30:00+09:00,252000.0,252500.0,251000.0,251500.0,1907.0
2026-07-20 14:40:00+09:00,251000.0,251500.0,251000.0,251000.0,445.0
2026-07-20 14:50:00+09:00,251000.0,251500.0,250500.0,251000.0,1322.0
2026-07-21 09:00:00+09:00,248000.0,252500.0,239000.0,239500.0,3615.0
2026-07-21 09:10:00+09:00,240000.0,241000.0,236000.0,238000.0,2483.0
2026-07-21 09:20:00+09:00,237500.0,241000.0,237000.0,237000.0,1495.0
2026-07-21 09:30:00+09:00,237000.0,237500.0,236500.0,237500.0,1338.0
2026-07-21 09:40:00+09:00,237500.0,241000.0,236500.0,241000.0,2772.0
2026-07-21 09:50:00+09:00,240500.0,241500.0,240000.0,240500.0,884.0
2026-07-21 10:00:00+09:00,240500.0,242500.0,239000.0,242500.0,1136.0
2026-07-21 10:10:00+09:00,242500.0,242500.0,241500.0,241500.0,845.0
2026-07-21 10:20:00+09:00,241500.0,242500.0,241000.0,242500.0,686.0
2026-07-21 10:30:00+09:00,242500.0,247000.0,242000.0,245000.0,1216.0
2026-07-21 10:40:00+09:00,245000.0,245500.0,243500.0,244000.0,463.0
2026-07-21 10:50:00+09:00,244000.0,244500.0,243000.0,243500.0,615.0
2026-07-21 11:00:00+09:00,244000.0,248500.0,242000.0,246000.0,1700.0
2026-07-21 11:10:00+09:00,246500.0,249500.0,243500.0,247000.0,1766.0
2026-07-21 11:20:00+09:00,247000.0,247500.0,244500.0,244500.0,1427.0
2026-07-21 11:30:00+09:00,246000.0,247500.0,242000.0,245500.0,1132.0
2026-07-21 11:40:00+09:00,245000.0,245500.0,245000.0,245000.0,174.0
2026-07-21 11:50:00+09:00,245000.0,245500.0,243500.0,244000.0,518.0
2026-07-21 12:00:00+09:00,244500.0,247000.0,244000.0,246000.0,824.0
2026-07-21 12:10:00+09:00,245500.0,247000.0,245500.0,246500.0,395.0
2026-07-21 12:20:00+09:00,246000.0,246500.0,243500.0,245000.0,971.0
2026-07-21 12:30:00+09:00,246000.0,247500.0,245500.0,247500.0,406.0
2026-07-21 12:40:00+09:00,247000.0,248000.0,247000.0,247500.0,470.0
2026-07-21 12:50:00+09:00,247500.0,248000.0,247500.0,247500.0,347.0
2026-07-21 13:00:00+09:00,248000.0,248500.0,247500.0,248500.0,288.0
2026-07-21 13:10:00+09:00,247500.0,249000.0,247000.0,248000.0,325.0
2026-07-21 13:20:00+09:00,247500.0,249000.0,247500.0,248500.0,317.0
2026-07-21 13:30:00+09:00,247500.0,248000.0,247000.0,247500.0,261.0
2026-07-21 13:40:00+09:00,247500.0,248000.0,247000.0,248000.0,500.0
2026-07-21 13:50:00+09:00,248500.0,248500.0,247000.0,247500.0,314.0
2026-07-21 14:00:00+09:00,247000.0,247500.0,247000.0,247500.0,201.0
2026-07-21 14:10:00+09:00,247500.0,247500.0,245000.0,245500.0,776.0
2026-07-21 14:20:00+09:00,245000.0,247000.0,245000.0,247000.0,391.0
2026-07-21 14:30:00+09:00,247000.0,247000.0,245500.0,247000.0,830.0
2026-07-21 14:40:00+09:00,247000.0,248500.0,246500.0,248000.0,552.0
2026-07-21 14:50:00+09:00,248000.0,248500.0,248000.0,248000.0,424.0
2026-07-22 09:00:00+09:00,252000.0,264000.0,251500.0,262000.0,2643.0
2026-07-22 09:10:00+09:00,262500.0,262500.0,254500.0,257000.0,1361.0
2026-07-22 09:20:00+09:00,257000.0,258500.0,254500.0,255000.0,1183.0
2026-07-22 09:30:00+09:00,255000.0,256500.0,252500.0,255500.0,1493.0
2026-07-22 09:40:00+09:00,255500.0,255500.0,251000.0,253000.0,1407.0
2026-07-22 09:50:00+09:00,253000.0,255000.0,251500.0,254500.0,1024.0
2026-07-22 10:00:00+09:00,255000.0,255000.0,252000.0,253000.0,695.0
2026-07-22 10:10:00+09:00,253000.0,253500.0,251500.0,252000.0,681.0
2026-07-22 10:20:00+09:00,252000.0,253000.0,250500.0,251000.0,911.0
2026-07-22 10:30:00+09:00,251000.0,252500.0,249500.0,251000.0,828.0
2026-07-22 10:40:00+09:00,251000.0,254000.0,250000.0,253500.0,829.0
2026-07-22 10:50:00+09:00,253500.0,254500.0,252500.0,252500.0,587.0
2026-07-22 11:00:00+09:00,252500.0,254000.0,251000.0,251500.0,724.0
2026-07-22 11:10:00+09:00,251000.0,252500.0,251000.0,251000.0,650.0
2026-07-22 11:20:00+09:00,251500.0,251500.0,250000.0,251000.0,583.0
2026-07-22 11:30:00+09:00,251000.0,251000.0,248000.0,248000.0,696.0
2026-07-22 11:40:00+09:00,248000.0,249500.0,247500.0,248500.0,553.0
2026-07-22 11:50:00+09:00,248500.0,249500.0,247500.0,248000.0,633.0
2026-07-22 12:00:00+09:00,248000.0,249500.0,247500.0,248500.0,493.0
2026-07-22 12:10:00+09:00,248500.0,250000.0,248500.0,248500.0,788.0
2026-07-22 12:20:00+09:00,248500.0,251500.0,248500.0,251000.0,745.0
2026-07-22 12:30:00+09:00,251000.0,251000.0,249500.0,250000.0,433.0
2026-07-22 12:40:00+09:00,250000.0,251500.0,249500.0,251000.0,627.0
2026-07-22 12:50:00+09:00,251000.0,251000.0,249500.0,251000.0,648.0
2026-07-22 13:00:00+09:00,251500.0,253500.0,251500.0,252000.0,769.0
2026-07-22 13:10:00+09:00,252500.0,253500.0,251000.0,252500.0,630.0
2026-07-22 13:20:00+09:00,253000.0,254000.0,252500.0,253500.0,449.0
2026-07-22 13:30:00+09:00,253500.0,253500.0,252000.0,252500.0,482.0
2026-07-22 13:40:00+09:00,252500.0,253000.0,252000.0,252500.0,496.0
2026-07-22 13:50:00+09:00,252500.0,252500.0,251500.0,251500.0,638.0
2026-07-22 14:00:00+09:00,251500.0,252500.0,251000.0,251000.0,581.0
2026-07-22 14:10:00+09:00,251000.0,251000.0,250000.0,250500.0,828.0
2026-07-22 14:20:00+09:00,250500.0,251000.0,249000.0,250000.0,668.0
2026-07-22 14:30:00+09:00,250000.0,250500.0,249000.0,249000.0,909.0
2026-07-22 14:40:00+09:00,249000.0,249500.0,247500.0,247500.0,806.0
2026-07-22 14:50:00+09:00,247500.0,249000.0,246500.0,247000.0,1666.0
2026-07-23 09:00:00+09:00,249000.0,256000.0,248500.0,255000.0,1780.0
2026-07-23 09:10:00+09:00,255000.0,258000.0,254000.0,257500.0,961.0
2026-07-23 09:20:00+09:00,257500.0,260000.0,257500.0,259500.0,908.0
2026-07-23 09:30:00+09:00,259500.0,260000.0,256000.0,260000.0,2167.0
2026-07-23 09:40:00+09:00,260000.0,261500.0,257500.0,260500.0,827.0
2026-07-23 09:50:00+09:00,260000.0,260500.0,256500.0,256500.0,649.0
2026-07-23 10:00:00+09:00,256000.0,258000.0,254000.0,256000.0,952.0
2026-07-23 10:10:00+09:00,256500.0,257000.0,254500.0,254500.0,621.0
2026-07-23 10:20:00+09:00,254500.0,256000.0,253000.0,255500.0,989.0
2026-07-23 10:30:00+09:00,255500.0,256000.0,254000.0,254500.0,691.0
2026-07-23 10:40:00+09:00,256000.0,256000.0,252000.0,253500.0,930.0
2026-07-23 10:50:00+09:00,253500.0,255500.0,252000.0,253500.0,1051.0
2026-07-23 11:00:00+09:00,253500.0,256000.0,252500.0,255000.0,630.0
2026-07-23 11:10:00+09:00,255000.0,256000.0,253500.0,254500.0,760.0
2026-07-23 11:20:00+09:00,253000.0,254500.0,251000.0,252500.0,1304.0
2026-07-23 11:30:00+09:00,253000.0,253500.0,251500.0,252000.0,676.0
2026-07-23 11:40:00+09:00,252000.0,255000.0,251500.0,253500.0,591.0
2026-07-23 11:50:00+09:00,253500.0,255500.0,253000.0,255000.0,409.0
2026-07-23 12:00:00+09:00,255000.0,256500.0,253500.0,255500.0,531.0
2026-07-23 12:10:00+09:00,255000.0,256000.0,254000.0,255000.0,291.0
2026-07-23 12:20:00+09:00,255000.0,258000.0,254500.0,257500.0,405.0
2026-07-23 12:30:00+09:00,257500.0,258000.0,255000.0,257000.0,207.0
2026-07-23 12:40:00+09:00,257000.0,259000.0,256500.0,257500.0,347.0
2026-07-23 12:50:00+09:00,258500.0,259000.0,257000.0,258500.0,246.0
2026-07-23 13:00:00+09:00,258500.0,259000.0,256000.0,257000.0,342.0
2026-07-23 13:10:00+09:00,256500.0,258500.0,256000.0,256500.0,268.0
2026-07-23 13:20:00+09:00,256500.0,259000.0,256500.0,258000.0,286.0
2026-07-23 13:30:00+09:00,258000.0,258500.0,257500.0,258000.0,204.0
2026-07-23 13:40:00+09:00,257500.0,259000.0,256500.0,258000.0,626.0
2026-07-23 13:50:00+09:00,257500.0,259500.0,257500.0,258500.0,312.0
2026-07-23 14:00:00+09:00,258000.0,258500.0,254500.0,255500.0,630.0
2026-07-23 14:10:00+09:00,256500.0,256500.0,254000.0,255500.0,716.0
2026-07-23 14:20:00+09:00,255500.0,259000.0,255000.0,259000.0,1049.0
2026-07-23 14:30:00+09:00,259000.0,261000.0,257000.0,257000.0,1191.0
2026-07-23 14:40:00+09:00,257000.0,259500.0,256500.0,258000.0,949.0
2026-07-23 14:50:00+09:00,257500.0,261000.0,257000.0,260000.0,1149.0
2026-07-24 09:00:00+09:00,255000.0,259500.0,254000.0,255000.0,1993.0
2026-07-24 09:10:00+09:00,255500.0,257000.0,254000.0,256500.0,1323.0
2026-07-24 09:20:00+09:00,255000.0,256500.0,254500.0,256000.0,866.0
2026-07-24 09:30:00+09:00,255500.0,257000.0,254000.0,256500.0,1321.0
2026-07-24 09:40:00+09:00,256500.0,258000.0,255500.0,256000.0,785.0
2026-07-24 09:50:00+09:00,255500.0,256500.0,253500.0,253500.0,1123.0
2026-07-24 10:00:00+09:00,254000.0,254000.0,251000.0,252000.0,827.0
2026-07-24 10:10:00+09:00,252000.0,252000.0,249000.0,250000.0,739.0
2026-07-24 10:20:00+09:00,250000.0,251000.0,249000.0,250500.0,688.0
2026-07-24 10:30:00+09:00,250500.0,252000.0,249500.0,250500.0,416.0
2026-07-24 10:40:00+09:00,251000.0,252000.0,250000.0,251000.0,574.0
2026-07-24 10:50:00+09:00,250500.0,251000.0,250000.0,250000.0,532.0
2026-07-24 11:00:00+09:00,250500.0,251000.0,250000.0,250000.0,358.0
2026-07-24 11:10:00+09:00,250000.0,251000.0,249500.0,250000.0,441.0
2026-07-24 11:20:00+09:00,250500.0,250500.0,249000.0,250000.0,450.0
2026-07-24 11:30:00+09:00,249500.0,250000.0,249000.0,249500.0,349.0
2026-07-24 11:40:00+09:00,249500.0,249500.0,248000.0,249500.0,555.0
2026-07-24 11:50:00+09:00,248500.0,251000.0,247500.0,249000.0,578.0
2026-07-24 12:00:00+09:00,249000.0,249500.0,248000.0,248500.0,237.0
2026-07-24 12:10:00+09:00,248500.0,250000.0,248000.0,248500.0,244.0
2026-07-24 12:20:00+09:00,249000.0,249500.0,248500.0,248500.0,196.0
2026-07-24 12:30:00+09:00,248500.0,249000.0,248000.0,248500.0,295.0
2026-07-24 12:40:00+09:00,248500.0,249000.0,248000.0,248500.0,138.0
2026-07-24 12:50:00+09:00,248500.0,248500.0,247000.0,247500.0,992.0
2026-07-24 13:00:00+09:00,247500.0,249500.0,247000.0,249000.0,476.0
2026-07-24 13:10:00+09:00,249000.0,249000.0,248000.0,248500.0,184.0
2026-07-24 13:20:00+09:00,248500.0,250500.0,248500.0,250000.0,249.0
2026-07-24 13:30:00+09:00,249500.0,250500.0,248500.0,248500.0,290.0
2026-07-24 13:40:00+09:00,248500.0,249000.0,248000.0,248000.0,353.0
2026-07-24 13:50:00+09:00,248500.0,250500.0,248500.0,250500.0,389.0
2026-07-24 14:00:00+09:00,251000.0,251500.0,249000.0,251500.0,361.0
2026-07-24 14:10:00+09:00,250500.0,253000.0,249500.0,251000.0,451.0
2026-07-24 14:20:00+09:00,250000.0,252500.0,249500.0,249500.0,554.0
2026-07-24 14:30:00+09:00,250000.0,251000.0,249500.0,250000.0,257.0
2026-07-24 14:40:00+09:00,250500.0,252000.0,250000.0,250000.0,355.0
2026-07-24 14:50:00+09:00,249500.0,250500.0,249000.0,249500.0,950.0
2026-07-27 09:00:00+09:00,257000.0,258500.0,252500.0,256000.0,337.0
2026-07-27 09:10:00+09:00,255500.0,257000.0,252500.0,253000.0,1012.0
2026-07-27 09:20:00+09:00,253000.0,256500.0,253000.0,255500.0,642.0
2026-07-27 09:30:00+09:00,255000.0,256500.0,253000.0,253500.0,812.0
2026-07-27 09:40:00+09:00,253500.0,257000.0,253000.0,256500.0,562.0
2026-07-27 09:50:00+09:00,256500.0,258000.0,252500.0,252500.0,1255.0
2026-07-27 10:00:00+09:00,253000.0,256000.0,252000.0,254000.0,697.0
2026-07-27 10:10:00+09:00,255500.0,255500.0,251500.0,252000.0,819.0
2026-07-27 10:20:00+09:00,252000.0,254000.0,250500.0,251000.0,714.0
2026-07-27 10:30:00+09:00,251500.0,257000.0,251500.0,256500.0,1032.0
2026-07-27 10:40:00+09:00,256500.0,256500.0,254000.0,254000.0,877.0
2026-07-27 10:50:00+09:00,254500.0,256000.0,254000.0,256000.0,695.0
2026-07-27 11:00:00+09:00,256000.0,256000.0,254000.0,255000.0,480.0
2026-07-27 11:10:00+09:00,255000.0,257000.0,254000.0,255000.0,626.0
2026-07-27 11:20:00+09:00,255000.0,256750.0,252000.0,256500.0,1438.0
2026-07-27 11:30:00+09:00,256000.0,257000.0,254000.0,257000.0,640.0
2026-07-27 11:40:00+09:00,256000.0,257000.0,255000.0,255000.0,331.0
2026-07-27 11:50:00+09:00,255000.0,255500.0,254000.0,254000.0,263.0
2026-07-27 12:00:00+09:00,254500.0,256500.0,253500.0,253500.0,610.0
2026-07-27 12:10:00+09:00,254000.0,256500.0,253500.0,256500.0,348.0
2026-07-27 12:20:00+09:00,256500.0,257000.0,256000.0,256000.0,386.0
2026-07-27 12:30:00+09:00,256000.0,258500.0,255500.0,257500.0,573.0
2026-07-27 12:40:00+09:00,257500.0,258500.0,257000.0,257000.0,510.0
2026-07-27 12:50:00+09:00,257500.0,257500.0,256500.0,257000.0,147.0
2026-07-27 13:00:00+09:00,256500.0,257000.0,256000.0,257000.0,378.0
2026-07-27 13:10:00+09:00,257000.0,258000.0,256500.0,258000.0,440.0
2026-07-27 13:20:00+09:00,258000.0,258000.0,256500.0,257000.0,330.0
2026-07-27 13:30:00+09:00,257000.0,257500.0,255500.0,256500.0,636.0
2026-07-27 13:40:00+09:00,257000.0,257750.0,256500.0,257500.0,320.0
2026-07-27 13:50:00+09:00,257000.0,258500.0,257000.0,257500.0,331.0
2026-07-27 14:00:00+09:00,257000.0,258000.0,257000.0,258000.0,257.0
2026-07-27 14:10:00+09:00,258000.0,258000.0,257000.0,258000.0,357.0
2026-07-27 14:20:00+09:00,258000.0,259000.0,258000.0,258500.0,1053.0
2026-07-27 14:30:00+09:00,258500.0,259500.0,258500.0,259500.0,442.0
2026-07-27 14:40:00+09:00,259500.0,260000.0,258500.0,258500.0,495.0
2026-07-27 14:50:00+09:00,258000.0,259000.0,257000.0,258500.0,421.0
2026-07-28 09:00:00+09:00,253000.0,254000.0,249500.0,251500.0,1073.0
2026-07-28 09:10:00+09:00,251500.0,254500.0,248500.0,252500.0,1191.0
2026-07-28 09:20:00+09:00,252000.0,256500.0,252000.0,254500.0,1303.0
2026-07-28 09:30:00+09:00,255000.0,255000.0,252500.0,253000.0,1074.0
2026-07-28 09:40:00+09:00,253500.0,253500.0,250000.0,252500.0,1214.0
2026-07-28 09:50:00+09:00,252000.0,253000.0,251500.0,252000.0,596.0
2026-07-28 10:00:00+09:00,252000.0,252000.0,250000.0,250500.0,684.0
2026-07-28 10:10:00+09:00,250500.0,250500.0,248000.0,248500.0,417.0
2026-07-28 10:20:00+09:00,248500.0,250500.0,248000.0,250000.0,1021.0
2026-07-28 10:30:00+09:00,249500.0,250000.0,249500.0,249500.0,392.0
2026-07-28 10:40:00+09:00,249500.0,252500.0,249000.0,251000.0,1420.0
2026-07-28 10:50:00+09:00,250500.0,251000.0,250000.0,250500.0,579.0
2026-07-28 11:00:00+09:00,250500.0,253500.0,250500.0,250750.0,2440.0
2026-07-28 11:10:00+09:00,250750.0,251000.0,250500.0,251000.0,475.0
2026-07-28 11:20:00+09:00,250500.0,251500.0,250500.0,251000.0,548.0
2026-07-28 11:30:00+09:00,250500.0,251500.0,250000.0,251500.0,1445.0
2026-07-28 11:40:00+09:00,251000.0,252000.0,251000.0,252000.0,356.0
2026-07-28 11:50:00+09:00,252000.0,252000.0,250500.0,251000.0,314.0
2026-07-28 12:00:00+09:00,250500.0,250500.0,250500.0,250500.0,231.0
2026-07-28 12:30:00+09:00,250500.0,254000.0,250500.0,253000.0,1201.0
2026-07-28 12:40:00+09:00,253000.0,253500.0,252500.0,253500.0,482.0
2026-07-28 12:50:00+09:00,253500.0,253500.0,252500.0,252500.0,517.0
2026-07-28 13:00:00+09:00,253000.0,253000.0,252000.0,252500.0,474.0
2026-07-28 13:10:00+09:00,252500.0,253000.0,252000.0,252500.0,1112.0
2026-07-28 13:20:00+09:00,252500.0,252500.0,252000.0,252500.0,104.0
2026-07-28 13:30:00+09:00,252000.0,253000.0,252000.0,253000.0,546.0
2026-07-28 13:40:00+09:00,252500.0,253000.0,252000.0,252500.0,2185.0
2026-07-28 13:50:00+09:00,253000.0,253000.0,252500.0,253000.0,556.0
2026-07-28 14:00:00+09:00,252500.0,253500.0,252500.0,253500.0,548.0
2026-07-28 14:10:00+09:00,253500.0,255500.0,253000.0,255000.0,969.0
2026-07-28 14:20:00+09:00,255500.0,255500.0,253500.0,254000.0,774.0
2026-07-28 14:30:00+09:00,254000.0,254000.0,252500.0,254000.0,828.0
2026-07-28 14:40:00+09:00,254000.0,254000.0,252500.0,252500.0,937.0
2026-07-28 14:50:00+09:00,252500.0,253000.0,251500.0,251500.0,1975.0
2026-07-29 09:00:00+09:00,259000.0,259000.0,250500.0,251000.0,1128.0
2026-07-29 09:10:00+09:00,250000.0,253000.0,247500.0,250000.0,2249.0
2026-07-29 09:20:00+09:00,249500.0,251000.0,245000.0,245000.0,2581.0
2026-07-29 09:30:00+09:00,245000.0,245000.0,240500.0,241000.0,4577.0
2026-07-29 09:40:00+09:00,241000.0,241500.0,237500.0,240000.0,3765.0
2026-07-29 09:50:00+09:00,240000.0,240500.0,235000.0,236000.0,3507.0
2026-07-29 10:00:00+09:00,236000.0,237500.0,233500.0,233500.0,4200.0
2026-07-29 10:10:00+09:00,233500.0,234000.0,230500.0,232000.0,3196.0
2026-07-29 10:20:00+09:00,232000.0,232500.0,230000.0,230500.0,2753.0
2026-07-29 10:30:00+09:00,230500.0,231500.0,229000.0,230500.0,2902.0
2026-07-29 10:40:00+09:00,230500.0,232000.0,227500.0,227500.0,3465.0
2026-07-29 10:50:00+09:00,228000.0,228500.0,225000.0,227000.0,3035.0
2026-07-29 11:00:00+09:00,227000.0,229000.0,224500.0,225000.0,3281.0
2026-07-29 11:10:00+09:00,225000.0,228000.0,224000.0,224000.0,2262.0
2026-07-29 11:20:00+09:00,224000.0,226500.0,223500.0,225000.0,2716.0
2026-07-29 11:30:00+09:00,225000.0,225000.0,223000.0,223500.0,2088.0
2026-07-29 11:40:00+09:00,223500.0,224000.0,221500.0,221500.0,1782.0
2026-07-29 11:50:00+09:00,221500.0,222000.0,220000.0,221500.0,2206.0
2026-07-29 12:00:00+09:00,221500.0,226000.0,221000.0,224500.0,2679.0
2026-07-29 12:10:00+09:00,224500.0,226000.0,222500.0,223500.0,2094.0
2026-07-29 12:40:00+09:00,223000.0,223000.0,222000.0,222500.0,2504.0
2026-07-29 12:50:00+09:00,222500.0,223500.0,220500.0,221000.0,2956.0
2026-07-29 13:00:00+09:00,221000.0,227500.0,220500.0,227000.0,2830.0
2026-07-29 13:10:00+09:00,227000.0,227000.0,223000.0,223500.0,2352.0
2026-07-29 13:20:00+09:00,224000.0,225500.0,222000.0,224500.0,2881.0
2026-07-29 13:30:00+09:00,224000.0,227500.0,224000.0,227000.0,2679.0
2026-07-29 13:40:00+09:00,226500.0,229500.0,226000.0,229000.0,1340.0
2026-07-29 13:50:00+09:00,229000.0,234000.0,229000.0,233500.0,1848.0
2026-07-29 14:00:00+09:00,233000.0,235000.0,232000.0,233500.0,1126.0
2026-07-29 14:10:00+09:00,234000.0,235500.0,232500.0,232500.0,1399.0
2026-07-29 14:20:00+09:00,233000.0,236000.0,232500.0,234500.0,1132.0
2026-07-29 14:30:00+09:00,234000.0,234500.0,233000.0,234000.0,748.0
2026-07-29 14:40:00+09:00,234000.0,234500.0,232000.0,233000.0,990.0
2026-07-29 14:50:00+09:00,233000.0,233000.0,226500.0,230000.0,15816.0
2026-07-30 09:00:00+09:00,236000.0,238500.0,232500.0,237000.0,2830.0
2026-07-30 09:10:00+09:00,238500.0,241000.0,236500.0,239500.0,2278.0
2026-07-30 09:20:00+09:00,238500.0,240500.0,236500.0,240000.0,1785.0
2026-07-30 09:30:00+09:00,240000.0,241000.0,234500.0,236500.0,1943.0
2026-07-30 09:40:00+09:00,235500.0,236500.0,232000.0,235000.0,1297.0
2026-07-30 09:50:00+09:00,235000.0,235000.0,231000.0,233500.0,798.0
2026-07-30 10:00:00+09:00,233500.0,238500.0,232500.0,236500.0,1214.0
2026-07-30 10:10:00+09:00,236500.0,236500.0,233000.0,234000.0,1422.0
2026-07-30 10:20:00+09:00,234000.0,235500.0,233500.0,235000.0,824.0
2026-07-30 10:30:00+09:00,235000.0,239000.0,235000.0,237500.0,810.0
2026-07-30 10:40:00+09:00,237500.0,241000.0,236000.0,240000.0,1038.0
2026-07-30 10:50:00+09:00,240000.0,240500.0,236500.0,236500.0,923.0
2026-07-30 11:00:00+09:00,237000.0,237000.0,234000.0,235500.0,1134.0
2026-07-30 11:10:00+09:00,235000.0,236000.0,233500.0,233500.0,963.0
2026-07-30 11:20:00+09:00,233000.0,235000.0,233000.0,233500.0,509.0
2026-07-30 11:30:00+09:00,233500.0,234000.0,231000.0,231000.0,497.0
2026-07-30 11:40:00+09:00,231000.0,234000.0,231000.0,232500.0,497.0
2026-07-30 11:50:00+09:00,232500.0,233000.0,230000.0,230000.0,531.0
2026-07-30 12:00:00+09:00,230000.0,231500.0,230000.0,230500.0,654.0
2026-07-30 12:10:00+09:00,230500.0,230500.0,227500.0,227500.0,1259.0
2026-07-30 12:20:00+09:00,227500.0,229000.0,227000.0,228000.0,1042.0
2026-07-30 12:30:00+09:00,228000.0,229500.0,228000.0,229000.0,864.0
2026-07-30 12:40:00+09:00,228500.0,230000.0,228000.0,229500.0,751.0
2026-07-30 12:50:00+09:00,230000.0,230000.0,229000.0,229000.0,396.0
2026-07-30 13:00:00+09:00,229500.0,229500.0,228500.0,228500.0,1090.0
2026-07-30 13:10:00+09:00,228500.0,229500.0,228000.0,228500.0,860.0
2026-07-30 13:20:00+09:00,228500.0,230000.0,228500.0,229000.0,1069.0
2026-07-30 13:30:00+09:00,228500.0,230000.0,228000.0,228500.0,611.0
2026-07-30 13:40:00+09:00,228000.0,228500.0,227500.0,227500.0,629.0
2026-07-30 13:50:00+09:00,227500.0,228000.0,227000.0,227500.0,696.0
2026-07-30 14:00:00+09:00,227000.0,228000.0,227000.0,227000.0,1371.0
2026-07-30 14:10:00+09:00,226500.0,228500.0,226000.0,227500.0,1439.0
2026-07-30 14:20:00+09:00,228000.0,228000.0,227000.0,227000.0,862.0
2026-07-30 14:30:00+09:00,227000.0,227500.0,226000.0,227000.0,1190.0
2026-07-30 14:40:00+09:00,227500.0,229000.0,227000.0,228000.0,1367.0
2026-07-30 14:50:00+09:00,228000.0,228000.0,226000.0,227000.0,1855.0
2026-07-31 09:00:00+09:00,237500.0,244000.0,236000.0,241000.0,1457.0
2026-07-31 09:10:00+09:00,241000.0,242500.0,239000.0,239000.0,1243.0
2026-07-31 09:20:00+09:00,239500.0,240500.0,237000.0,237500.0,513.0
2026-07-31 09:30:00+09:00,237500.0,238000.0,235000.0,238000.0,884.0
2026-07-31 09:40:00+09:00,238000.0,238000.0,235500.0,236000.0,617.0
2026-07-31 09:50:00+09:00,236000.0,238500.0,236000.0,237000.0,553.0
2026-07-31 10:00:00+09:00,237500.0,240500.0,237500.0,240000.0,741.0
2026-07-31 10:10:00+09:00,240000.0,247000.0,239500.0,246500.0,1765.0
2026-07-31 10:20:00+09:00,246000.0,246500.0,242000.0,242000.0,1304.0
2026-07-31 10:30:00+09:00,242500.0,243000.0,240500.0,241500.0,745.0
2026-07-31 10:40:00+09:00,241500.0,242000.0,240000.0,242000.0,661.0
2026-07-31 10:50:00+09:00,242000.0,242000.0,239500.0,239500.0,603.0
2026-07-31 11:00:00+09:00,241000.0,245000.0,240000.0,245000.0,1012.0
2026-07-31 11:10:00+09:00,243500.0,245000.0,242500.0,243000.0,841.0
2026-07-31 11:20:00+09:00,243000.0,245000.0,242500.0,245000.0,516.0
2026-07-31 11:30:00+09:00,244500.0,248000.0,243500.0,248000.0,866.0
2026-07-31 11:40:00+09:00,248500.0,249500.0,247000.0,247000.0,558.0
2026-07-31 11:50:00+09:00,247000.0,248500.0,247000.0,248000.0,589.0
2026-07-31 12:00:00+09:00,247500.0,248500.0,246500.0,248500.0,480.0
2026-07-31 12:10:00+09:00,248500.0,248500.0,247000.0,247500.0,463.0
2026-07-31 12:20:00+09:00,248000.0,249000.0,247000.0,247000.0,461.0
2026-07-31 12:30:00+09:00,247000.0,247500.0,246500.0,247500.0,317.0
2026-07-31 12:40:00+09:00,246500.0,249000.0,246500.0,248000.0,707.0
2026-07-31 12:50:00+09:00,248000.0,250000.0,247500.0,249500.0,703.0
2026-07-31 13:00:00+09:00,250000.0,250500.0,249000.0,250500.0,1144.0
2026-07-31 13:10:00+09:00,250500.0,251000.0,249500.0,251000.0,1113.0
2026-07-31 13:20:00+09:00,251000.0,252500.0,250500.0,251500.0,788.0
2026-07-31 13:30:00+09:00,251500.0,252500.0,250500.0,251500.0,503.0
2026-07-31 13:40:00+09:00,250500.0,254000.0,250500.0,253500.0,844.0
2026-07-31 13:50:00+09:00,253500.0,254000.0,252500.0,253500.0,864.0
2026-07-31 14:00:00+09:00,253000.0,256000.0,252000.0,255000.0,1560.0
2026-07-31 14:10:00+09:00,255000.0,255500.0,253000.0,254000.0,838.0
2026-07-31 14:20:00+09:00,254500.0,257000.0,254500.0,256500.0,767.0
2026-07-31 14:30:00+09:00,257000.0,258500.0,255500.0,258000.0,1547.0
2026-07-31 14:40:00+09:00,258000.0,258500.0,256500.0,258000.0,896.0
2026-07-31 14:50:00+09:00,257500.0,259000.0,256000.0,259000.0,855.0
2026-08-03 09:00:00+09:00,238500.0,244000.0,233000.0,236000.0,1180.0
2026-08-03 09:10:00+09:00,236000.0,236500.0,229500.0,233000.0,2461.0
2026-08-03 09:20:00+09:00,233500.0,233500.0,229000.0,231000.0,2566.0
2026-08-03 09:30:00+09:00,231000.0,235000.0,229000.0,234000.0,1990.0
2026-08-03 09:40:00+09:00,234000.0,237000.0,233500.0,236500.0,1359.0
2026-08-03 09:50:00+09:00,236500.0,238500.0,235000.0,237500.0,1195.0
2026-08-03 10:00:00+09:00,238000.0,240000.0,237500.0,239000.0,732.0
2026-08-03 10:10:00+09:00,239000.0,239500.0,234500.0,235500.0,762.0
2026-08-03 10:20:00+09:00,235500.0,237500.0,234500.0,236500.0,1021.0
2026-08-03 10:30:00+09:00,237000.0,239500.0,236000.0,237500.0,1781.0
2026-08-03 10:40:00+09:00,237500.0,239000.0,237000.0,238000.0,1018.0
2026-08-03 10:50:00+09:00,237500.0,239000.0,237000.0,238000.0,1041.0
2026-08-03 11:00:00+09:00,239000.0,239500.0,236500.0,238000.0,1107.0
2026-08-03 11:10:00+09:00,238000.0,241500.0,238000.0,240000.0,909.0
2026-08-03 11:20:00+09:00,240500.0,241000.0,236500.0,236500.0,1127.0
2026-08-03 11:30:00+09:00,237500.0,238000.0,236000.0,236000.0,725.0
2026-08-03 11:40:00+09:00,236500.0,237000.0,234000.0,235000.0,1082.0
2026-08-03 11:50:00+09:00,235000.0,235500.0,233500.0,234500.0,661.0
2026-08-03 12:00:00+09:00,234000.0,234500.0,233500.0,234500.0,425.0
2026-08-03 12:10:00+09:00,235000.0,235000.0,233000.0,233500.0,518.0
2026-08-03 12:20:00+09:00,233500.0,237000.0,232500.0,236500.0,1673.0
2026-08-03 12:30:00+09:00,237000.0,239000.0,235500.0,238000.0,930.0
2026-08-03 12:40:00+09:00,238000.0,240500.0,237500.0,239500.0,701.0
2026-08-03 12:50:00+09:00,240000.0,241000.0,237000.0,237500.0,1515.0
2026-08-03 13:00:00+09:00,238000.0,238000.0,235000.0,235500.0,1045.0
2026-08-03 13:10:00+09:00,235500.0,236500.0,235000.0,235500.0,309.0
2026-08-03 13:20:00+09:00,235500.0,236500.0,235000.0,236500.0,558.0
2026-08-03 13:30:00+09:00,236500.0,238000.0,234500.0,236500.0,1284.0
2026-08-03 13:40:00+09:00,236500.0,238500.0,235500.0,237500.0,980.0
2026-08-03 13:50:00+09:00,238000.0,238000.0,235500.0,236500.0,495.0
2026-08-03 14:00:00+09:00,236500.0,239000.0,235500.0,237000.0,741.0
2026-08-03 14:10:00+09:00,237000.0,239000.0,235500.0,236000.0,1655.0
2026-08-03 14:20:00+09:00,236000.0,237500.0,235000.0,237000.0,1610.0
2026-08-03 14:30:00+09:00,237500.0,239000.0,236000.0,238500.0,2298.0
2026-08-03 14:40:00+09:00,238500.0,241500.0,235500.0,236000.0,3704.0
2026-08-03 14:50:00+09:00,236000.0,237000.0,235000.0,236000.0,2448.0
2026-08-04 09:00:00+09:00,240500.0,252000.0,238500.0,250500.0,5017.0
2026-08-04 09:10:00+09:00,250000.0,251000.0,246000.0,247500.0,1968.0
2026-08-04 09:20:00+09:00,247500.0,250500.0,247500.0,249000.0,2900.0
2026-08-04 09:30:00+09:00,249000.0,249500.0,244500.0,246500.0,1338.0
2026-08-04 09:40:00+09:00,247000.0,248500.0,245000.0,246500.0,1391.0
2026-08-04 09:50:00+09:00,247500.0,247500.0,243500.0,244000.0,1074.0
2026-08-04 10:00:00+09:00,244000.0,249500.0,243000.0,249000.0,1731.0
2026-08-04 10:10:00+09:00,249000.0,252500.0,248000.0,252500.0,2304.0
2026-08-04 10:20:00+09:00,253000.0,254000.0,251000.0,253000.0,1914.0
2026-08-04 10:30:00+09:00,253500.0,255000.0,252500.0,252500.0,1343.0
2026-08-04 10:40:00+09:00,253000.0,255000.0,252000.0,252500.0,1245.0
2026-08-04 10:50:00+09:00,252000.0,257000.0,251500.0,253500.0,1586.0
2026-08-04 11:00:00+09:00,253500.0,253500.0,250000.0,251000.0,884.0
2026-08-04 11:10:00+09:00,251000.0,251500.0,249500.0,251500.0,832.0
2026-08-04 11:20:00+09:00,250500.0,251500.0,249000.0,249500.0,784.0
2026-08-04 11:30:00+09:00,249500.0,252000.0,249000.0,251500.0,795.0
2026-08-04 11:40:00+09:00,251500.0,254000.0,249500.0,250500.0,550.0
2026-08-04 11:50:00+09:00,250000.0,251000.0,249000.0,250000.0,887.0
2026-08-04 12:00:00+09:00,250000.0,251000.0,248500.0,249500.0,644.0
2026-08-04 12:10:00+09:00,249500.0,250000.0,248500.0,249000.0,924.0
2026-08-04 12:20:00+09:00,249000.0,251000.0,249000.0,250500.0,734.0
2026-08-04 12:30:00+09:00,250500.0,252500.0,250500.0,250500.0,422.0
2026-08-04 12:40:00+09:00,250500.0,252500.0,250000.0,250500.0,794.0
2026-08-04 12:50:00+09:00,251000.0,252500.0,250500.0,251000.0,687.0
2026-08-04 13:00:00+09:00,251000.0,252000.0,250500.0,251500.0,531.0
2026-08-04 13:10:00+09:00,250500.0,252500.0,249500.0,252500.0,788.0
2026-08-04 13:20:00+09:00,252500.0,252500.0,249000.0,249000.0,973.0
2026-08-04 13:30:00+09:00,249500.0,251000.0,248000.0,248000.0,1225.0
2026-08-04 13:40:00+09:00,248500.0,249500.0,247500.0,249000.0,1236.0
2026-08-04 13:50:00+09:00,249000.0,251000.0,248000.0,248500.0,962.0
2026-08-04 14:00:00+09:00,248500.0,250000.0,247500.0,248500.0,1427.0
2026-08-04 14:10:00+09:00,249000.0,249500.0,247000.0,249000.0,1530.0
2026-08-04 14:20:00+09:00,249000.0,251000.0,248500.0,249500.0,793.0
2026-08-04 14:30:00+09:00,248500.0,251500.0,248000.0,248500.0,1398.0
2026-08-04 14:40:00+09:00,249000.0,250500.0,248000.0,250000.0,2011.0
2026-08-04 14:50:00+09:00,250000.0,252500.0,248000.0,251500.0,1953.0
2026-08-05 09:00:00+09:00,255000.0,259000.0,254500.0,254500.0,1541.0
2026-08-05 09:10:00+09:00,254500.0,256500.0,253000.0,256500.0,955.0
2026-08-05 09:20:00+09:00,256500.0,261000.0,255500.0,261000.0,814.0
2026-08-05 09:30:00+09:00,260500.0,264000.0,259500.0,263000.0,677.0
2026-08-05 09:40:00+09:00,262500.0,262500.0,256500.0,256500.0,887.0
2026-08-05 09:50:00+09:00,257000.0,261500.0,256000.0,260000.0,733.0
2026-08-05 10:00:00+09:00,260500.0,261000.0,257000.0,259500.0,590.0
2026-08-05 10:10:00+09:00,260000.0,261000.0,255000.0,255000.0,411.0
2026-08-05 10:20:00+09:00,255000.0,256500.0,253500.0,254000.0,505.0
2026-08-05 10:30:00+09:00,254000.0,255500.0,253000.0,255000.0,502.0
2026-08-05 10:40:00+09:00,255000.0,257000.0,254000.0,257000.0,204.0
2026-08-05 10:50:00+09:00,257000.0,257000.0,255000.0,255500.0,281.0
2026-08-05 11:00:00+09:00,256000.0,257000.0,255000.0,255000.0,325.0
2026-08-05 11:10:00+09:00,256500.0,256500.0,254500.0,255000.0,129.0
2026-08-05 11:20:00+09:00,255000.0,256000.0,251000.0,253000.0,592.0
2026-08-05 11:30:00+09:00,253000.0,255000.0,252500.0,252500.0,265.0
2026-08-05 11:40:00+09:00,253000.0,254500.0,252000.0,253000.0,293.0
2026-08-05 11:50:00+09:00,253000.0,255000.0,253000.0,253500.0,216.0
2026-08-05 12:00:00+09:00,253000.0,254500.0,253000.0,254500.0,178.0
2026-08-05 12:10:00+09:00,254000.0,255000.0,252000.0,252000.0,327.0
2026-08-05 12:20:00+09:00,252000.0,253500.0,251000.0,251500.0,288.0
2026-08-05 12:30:00+09:00,251500.0,253000.0,251500.0,252500.0,216.0
2026-08-05 12:40:00+09:00,251500.0,252500.0,251000.0,251500.0,345.0
2026-08-05 12:50:00+09:00,252000.0,252000.0,251000.0,252000.0,338.0
2026-08-05 13:00:00+09:00,251000.0,253000.0,251000.0,252500.0,209.0
2026-08-05 13:10:00+09:00,252000.0,252500.0,250500.0,250500.0,414.0
2026-08-05 13:20:00+09:00,251000.0,252000.0,250500.0,251500.0,273.0
2026-08-05 13:30:00+09:00,252000.0,252500.0,251500.0,252000.0,228.0
2026-08-05 13:40:00+09:00,251500.0,253000.0,250000.0,250500.0,734.0
2026-08-05 13:50:00+09:00,250000.0,251500.0,250000.0,250500.0,728.0
2026-08-05 14:00:00+09:00,251000.0,251500.0,250000.0,250000.0,563.0
2026-08-05 14:10:00+09:00,250000.0,251500.0,249500.0,250000.0,719.0
2026-08-05 14:20:00+09:00,250000.0,251000.0,249500.0,251000.0,818.0
2026-08-05 14:30:00+09:00,250000.0,251000.0,249500.0,250000.0,1103.0
2026-08-05 14:40:00+09:00,250500.0,252000.0,249500.0,251500.0,936.0
2026-08-05 14:50:00+09:00,251000.0,252000.0,250000.0,250000.0,1258.0
2026-08-06 09:00:00+09:00,247500.0,250500.0,247500.0,248500.0,843.0
2026-08-06 09:10:00+09:00,249000.0,251500.0,248000.0,250500.0,766.0
2026-08-06 09:20:00+09:00,250500.0,251500.0,248000.0,249500.0,360.0
2026-08-06 09:30:00+09:00,249500.0,250000.0,248500.0,249500.0,890.0
2026-08-06 09:40:00+09:00,249000.0,253000.0,249000.0,251000.0,611.0
2026-08-06 09:50:00+09:00,251000.0,252500.0,249500.0,251500.0,555.0
2026-08-06 10:00:00+09:00,252000.0,252500.0,250500.0,252500.0,507.0
2026-08-06 10:10:00+09:00,252500.0,254000.0,251500.0,252500.0,669.0
2026-08-06 10:20:00+09:00,252500.0,253000.0,250000.0,251000.0,882.0
2026-08-06 10:30:00+09:00,250500.0,253000.0,249500.0,250500.0,778.0
2026-08-06 10:40:00+09:00,251000.0,251500.0,249500.0,251000.0,502.0
2026-08-06 10:50:00+09:00,251500.0,251500.0,250000.0,250000.0,249.0
2026-08-06 11:00:00+09:00,250000.0,252000.0,250000.0,251000.0,195.0
2026-08-06 11:10:00+09:00,251500.0,253500.0,251000.0,252000.0,380.0
2026-08-06 11:20:00+09:00,253000.0,255000.0,252000.0,254500.0,519.0
2026-08-06 11:30:00+09:00,254500.0,256000.0,252000.0,253500.0,1811.0
2026-08-06 11:40:00+09:00,254000.0,257000.0,253500.0,254500.0,3025.0
2026-08-06 11:50:00+09:00,254500.0,256000.0,254000.0,254000.0,1983.0
2026-08-06 12:00:00+09:00,254500.0,256500.0,254000.0,254500.0,1778.0
2026-08-06 12:10:00+09:00,254500.0,255000.0,253500.0,253500.0,1265.0
2026-08-06 12:20:00+09:00,254000.0,254500.0,252500.0,254000.0,1099.0
2026-08-06 12:30:00+09:00,254000.0,254000.0,252500.0,253500.0,868.0
2026-08-06 12:40:00+09:00,253000.0,253500.0,250000.0,251500.0,1288.0
2026-08-06 12:50:00+09:00,251500.0,252000.0,250000.0,252000.0,309.0
2026-08-06 13:00:00+09:00,252000.0,252000.0,250500.0,251000.0,357.0
2026-08-06 13:10:00+09:00,251500.0,252000.0,249500.0,251000.0,505.0
2026-08-06 13:20:00+09:00,251000.0,252000.0,250000.0,251500.0,799.0
2026-08-06 13:30:00+09:00,251500.0,253000.0,250500.0,251500.0,696.0
2026-08-06 13:40:00+09:00,251500.0,252500.0,251000.0,252000.0,827.0
2026-08-06 13:50:00+09:00,252000.0,255000.0,251000.0,253000.0,2074.0
2026-08-06 14:00:00+09:00,252500.0,256000.0,252500.0,254500.0,1979.0
2026-08-06 14:10:00+09:00,255500.0,256000.0,251500.0,256000.0,2087.0
2026-08-06 14:20:00+09:00,255500.0,257000.0,255000.0,255000.0,717.0
2026-08-06 14:30:00+09:00,255000.0,256000.0,254500.0,255000.0,912.0
2026-08-06 14:40:00+09:00,254000.0,256000.0,253500.0,253500.0,2235.0
2026-08-06 14:50:00+09:00,253500.0,255500.0,252000.0,254000.0,1818.0
2026-08-07 09:00:00+09:00,250500.0,257500.0,250000.0,256500.0,1548.0
2026-08-07 09:10:00+09:00,256000.0,256000.0,252000.0,253500.0,976.0
2026-08-07 09:20:00+09:00,253500.0,253500.0,250500.0,252000.0,569.0
2026-08-07 09:30:00+09:00,252000.0,255500.0,250500.0,255000.0,774.0
2026-08-07 09:40:00+09:00,255000.0,256000.0,253000.0,254000.0,1484.0
2026-08-07 09:50:00+09:00,254000.0,258500.0,254000.0,256500.0,1368.0
2026-08-07 10:00:00+09:00,256500.0,257000.0,253500.0,254000.0,1095.0
2026-08-07 10:10:00+09:00,254000.0,254500.0,251500.0,252500.0,1858.0
2026-08-07 10:20:00+09:00,252500.0,252500.0,250000.0,251500.0,2445.0
2026-08-07 10:30:00+09:00,251500.0,253000.0,248000.0,248500.0,1739.0
2026-08-07 10:40:00+09:00,248500.0,250500.0,247500.0,248500.0,1287.0
2026-08-07 10:50:00+09:00,247500.0,250500.0,246000.0,248500.0,1475.0
2026-08-07 11:00:00+09:00,248500.0,251500.0,248000.0,250000.0,883.0
2026-08-07 11:10:00+09:00,249500.0,251500.0,249500.0,250000.0,810.0
2026-08-07 11:20:00+09:00,251000.0,251000.0,249000.0,249000.0,789.0
2026-08-07 11:30:00+09:00,249000.0,250000.0,247500.0,248000.0,495.0
2026-08-07 11:40:00+09:00,249500.0,251500.0,248000.0,248500.0,428.0
2026-08-07 11:50:00+09:00,249000.0,251000.0,248000.0,249000.0,562.0
2026-08-07 12:00:00+09:00,249000.0,250000.0,248500.0,249500.0,380.0
2026-08-07 12:10:00+09:00,250000.0,250000.0,247000.0,247000.0,385.0
2026-08-07 12:20:00+09:00,247000.0,247500.0,246500.0,246500.0,538.0
2026-08-07 12:30:00+09:00,247000.0,248000.0,247000.0,247000.0,295.0
2026-08-07 12:40:00+09:00,247000.0,248500.0,246500.0,248000.0,648.0
2026-08-07 12:50:00+09:00,248500.0,251000.0,247000.0,248500.0,859.0
2026-08-07 13:00:00+09:00,248000.0,250500.0,247500.0,249000.0,540.0
2026-08-07 13:10:00+09:00,249500.0,252500.0,249000.0,249500.0,723.0
2026-08-07 13:20:00+09:00,249500.0,250500.0,249000.0,250500.0,409.0
2026-08-07 13:30:00+09:00,249500.0,250500.0,249500.0,250000.0,243.0
2026-08-07 13:40:00+09:00,249500.0,251000.0,249500.0,250500.0,394.0
2026-08-07 13:50:00+09:00,250500.0,250500.0,248500.0,248500.0,686.0
2026-08-07 14:00:00+09:00,249000.0,250500.0,247500.0,249000.0,731.0
2026-08-07 14:10:00+09:00,249000.0,250000.0,248000.0,249000.0,599.0
2026-08-07 14:20:00+09:00,249000.0,249500.0,249000.0,249000.0,450.0
2026-08-07 14:30:00+09:00,249000.0,249500.0,247500.0,248000.0,1254.0
2026-08-07 14:40:00+09:00,248000.0,249000.0,247500.0,248000.0,1310.0
2026-08-07 14:50:00+09:00,247500.0,249000.0,246500.0,246500.0,1342.0
2026-08-10 09:00:00+09:00,251500.0,256000.0,251500.0,254500.0,283.0
2026-08-10 09:10:00+09:00,254500.0,257000.0,253500.0,256500.0,1026.0
2026-08-10 09:20:00+09:00,256500.0,259000.0,255500.0,258500.0,1032.0
2026-08-10 09:30:00+09:00,258500.0,263500.0,258500.0,261500.0,1432.0
2026-08-10 09:40:00+09:00,261000.0,262000.0,259500.0,262000.0,873.0
2026-08-10 09:50:00+09:00,262000.0,262500.0,259500.0,261500.0,956.0
2026-08-10 10:00:00+09:00,261000.0,263000.0,261000.0,262500.0,842.0
2026-08-10 10:10:00+09:00,263000.0,265250.0,262500.0,265000.0,1055.0
2026-08-10 10:20:00+09:00,265000.0,266000.0,264000.0,265000.0,759.0
2026-08-10 10:30:00+09:00,264500.0,265000.0,262500.0,264000.0,833.0
2026-08-10 10:40:00+09:00,263500.0,265500.0,262500.0,265000.0,614.0
2026-08-10 10:50:00+09:00,265500.0,266500.0,262000.0,263000.0,671.0
2026-08-10 11:00:00+09:00,263000.0,265000.0,263000.0,263500.0,477.0
2026-08-10 11:10:00+09:00,263500.0,264500.0,262000.0,262000.0,340.0
2026-08-10 11:20:00+09:00,262000.0,265000.0,261500.0,264500.0,703.0
2026-08-10 11:30:00+09:00,265000.0,267500.0,265000.0,267000.0,1092.0
2026-08-10 11:40:00+09:00,267500.0,268000.0,265500.0,266500.0,315.0
2026-08-10 11:50:00+09:00,265500.0,267500.0,265500.0,267000.0,417.0
2026-08-10 12:00:00+09:00,266500.0,267500.0,266000.0,267500.0,543.0
2026-08-10 12:10:00+09:00,267500.0,268000.0,266500.0,267000.0,298.0
2026-08-10 12:20:00+09:00,267000.0,267500.0,266500.0,267500.0,316.0
2026-08-10 12:30:00+09:00,267500.0,269000.0,267500.0,268500.0,806.0
2026-08-10 12:40:00+09:00,268500.0,269000.0,267500.0,268000.0,441.0
2026-08-10 12:50:00+09:00,268500.0,269000.0,267500.0,269000.0,323.0
2026-08-10 13:00:00+09:00,268500.0,269500.0,268000.0,269000.0,687.0
2026-08-10 13:10:00+09:00,269000.0,269500.0,267500.0,268000.0,514.0
2026-08-10 13:20:00+09:00,268000.0,269000.0,267000.0,267500.0,418.0
2026-08-10 13:30:00+09:00,267000.0,267500.0,266000.0,266500.0,451.0
2026-08-10 13:40:00+09:00,266500.0,268500.0,266000.0,267000.0,476.0
2026-08-10 13:50:00+09:00,267000.0,268500.0,266500.0,267500.0,447.0
2026-08-10 14:00:00+09:00,267500.0,270000.0,267500.0,270000.0,722.0
2026-08-10 14:10:00+09:00,270000.0,270000.0,268000.0,268000.0,375.0
2026-08-10 14:20:00+09:00,268500.0,268500.0,267000.0,267000.0,997.0
2026-08-10 14:30:00+09:00,267000.0,268000.0,266500.0,267000.0,772.0
2026-08-10 14:40:00+09:00,267500.0,267500.0,266500.0,266500.0,770.0
2026-08-10 14:50:00+09:00,266500.0,268500.0,266500.0,267500.0,932.0
2026-08-11 09:00:00+09:00,266000.0,271500.0,266000.0,271000.0,717.0
2026-08-11 09:10:00+09:00,271000.0,279000.0,267500.0,278000.0,1754.0
2026-08-11 09:20:00+09:00,278000.0,280000.0,277000.0,278000.0,1668.0
2026-08-11 09:30:00+09:00,279500.0,282500.0,278500.0,279500.0,1437.0
2026-08-11 09:40:00+09:00,279500.0,281500.0,279000.0,279500.0,1218.0
2026-08-11 09:50:00+09:00,279000.0,281000.0,278500.0,280000.0,1237.0
2026-08-11 10:00:00+09:00,280000.0,280500.0,279000.0,279000.0,830.0
2026-08-11 10:10:00+09:00,279500.0,280500.0,277500.0,277500.0,870.0
2026-08-11 10:20:00+09:00,278000.0,278500.0,273500.0,276500.0,3268.0
2026-08-11 10:30:00+09:00,275500.0,278500.0,274500.0,277000.0,781.0
2026-08-11 10:40:00+09:00,277000.0,279000.0,275500.0,276500.0,853.0
2026-08-11 10:50:00+09:00,276500.0,277500.0,275000.0,275500.0,1310.0
2026-08-11 11:00:00+09:00,275500.0,278500.0,275500.0,276500.0,740.0
2026-08-11 11:10:00+09:00,276500.0,280500.0,276500.0,280000.0,562.0
2026-08-11 11:20:00+09:00,280000.0,281500.0,280000.0,281500.0,551.0
2026-08-11 11:30:00+09:00,281000.0,282000.0,280500.0,281000.0,526.0
2026-08-11 11:40:00+09:00,280500.0,281000.0,280500.0,281000.0,319.0
2026-08-11 11:50:00+09:00,280500.0,280500.0,278000.0,279000.0,958.0
2026-08-11 12:00:00+09:00,279500.0,279500.0,278500.0,279500.0,548.0
2026-08-11 12:10:00+09:00,279500.0,279500.0,279000.0,279500.0,292.0
2026-08-11 12:20:00+09:00,279500.0,280500.0,279500.0,279500.0,395.0
2026-08-11 12:30:00+09:00,279500.0,279500.0,279000.0,279000.0,668.0
2026-08-11 12:40:00+09:00,279000.0,279500.0,277000.0,278500.0,954.0
2026-08-11 12:50:00+09:00,278500.0,279500.0,278000.0,279500.0,377.0
2026-08-11 13:00:00+09:00,279500.0,286000.0,279000.0,284000.0,3290.0
2026-08-11 13:10:00+09:00,284000.0,285000.0,283000.0,283500.0,595.0
2026-08-11 13:20:00+09:00,283500.0,284000.0,282500.0,283500.0,559.0
2026-08-11 13:30:00+09:00,283500.0,284000.0,282500.0,283500.0,616.0
2026-08-11 13:40:00+09:00,283000.0,284000.0,282500.0,283000.0,552.0
2026-08-11 13:50:00+09:00,283000.0,283500.0,281000.0,282000.0,418.0
2026-08-11 14:00:00+09:00,283000.0,285500.0,282500.0,285000.0,1182.0
2026-08-11 14:10:00+09:00,284500.0,285500.0,283500.0,284500.0,614.0
2026-08-11 14:20:00+09:00,284000.0,285000.0,283500.0,284000.0,668.0
2026-08-11 14:30:00+09:00,283500.0,285500.0,283000.0,285500.0,720.0
2026-08-11 14:40:00+09:00,285500.0,287500.0,273500.0,285500.0,2984.0
2026-08-11 14:50:00+09:00,285500.0,287000.0,285000.0,286000.0,837.0
2026-08-12 09:00:00+09:00,284000.0,287500.0,283000.0,287000.0,779.0
2026-08-12 09:10:00+09:00,287000.0,287500.0,284500.0,285000.0,720.0
2026-08-12 09:20:00+09:00,284500.0,285500.0,282500.0,285000.0,622.0
2026-08-12 09:30:00+09:00,285000.0,286500.0,283500.0,286000.0,466.0
2026-08-12 09:40:00+09:00,286000.0,286500.0,283000.0,283500.0,1567.0
2026-08-12 09:50:00+09:00,283500.0,287000.0,283500.0,286500.0,800.0
2026-08-12 10:00:00+09:00,286000.0,291500.0,285500.0,290000.0,2390.0
2026-08-12 10:10:00+09:00,290500.0,293500.0,290500.0,292500.0,1750.0
2026-08-12 10:20:00+09:00,292500.0,293500.0,291000.0,292000.0,926.0
2026-08-12 10:30:00+09:00,292000.0,295500.0,291000.0,295000.0,2893.0
2026-08-12 10:40:00+09:00,295000.0,296000.0,294500.0,295000.0,987.0
2026-08-12 10:50:00+09:00,295000.0,296000.0,293500.0,294000.0,980.0
2026-08-12 11:00:00+09:00,294000.0,295000.0,293000.0,294000.0,851.0
2026-08-12 11:10:00+09:00,294500.0,295000.0,292000.0,294000.0,684.0
2026-08-12 11:20:00+09:00,294000.0,294500.0,292500.0,294000.0,553.0
2026-08-12 11:30:00+09:00,294000.0,295000.0,293000.0,294000.0,648.0
2026-08-12 11:40:00+09:00,294500.0,295000.0,294000.0,295000.0,361.0
2026-08-12 11:50:00+09:00,295000.0,296000.0,294500.0,296000.0,466.0
2026-08-12 12:00:00+09:00,296000.0,296500.0,294500.0,295000.0,661.0
2026-08-12 12:10:00+09:00,295000.0,296500.0,295000.0,296000.0,399.0
2026-08-12 12:20:00+09:00,296000.0,297000.0,295500.0,297000.0,526.0
2026-08-12 12:30:00+09:00,297000.0,297000.0,295500.0,295500.0,559.0
2026-08-12 12:40:00+09:00,295500.0,296500.0,294500.0,295500.0,607.0
2026-08-12 12:50:00+09:00,296000.0,296500.0,294500.0,296000.0,517.0
2026-08-12 13:00:00+09:00,296500.0,296500.0,295000.0,295500.0,566.0
2026-08-12 13:10:00+09:00,295500.0,296500.0,294000.0,294500.0,683.0
2026-08-12 13:20:00+09:00,294500.0,294500.0,293000.0,294000.0,619.0
2026-08-12 13:30:00+09:00,294500.0,294500.0,293000.0,293500.0,433.0
2026-08-12 13:40:00+09:00,293500.0,293500.0,292500.0,293000.0,584.0
2026-08-12 13:50:00+09:00,293500.0,294000.0,293000.0,294000.0,482.0
2026-08-12 14:00:00+09:00,294000.0,294000.0,292500.0,294000.0,663.0
2026-08-12 14:10:00+09:00,293500.0,294000.0,293000.0,294000.0,505.0
2026-08-12 14:20:00+09:00,294000.0,294000.0,292000.0,293500.0,690.0
2026-08-12 14:30:00+09:00,293500.0,294500.0,293500.0,294000.0,373.0
2026-08-12 14:40:00+09:00,294500.0,295000.0,293500.0,294500.0,581.0
2026-08-12 14:50:00+09:00,294500.0,295000.0,294000.0,294500.0,704.0
2026-08-13 09:00:00+09:00,283500.0,287000.0,278000.0,281500.0,2785.0
2026-08-13 09:10:00+09:00,280000.0,280500.0,276000.0,278000.0,2260.0
2026-08-13 09:20:00+09:00,278000.0,287000.0,278000.0,286500.0,1331.0
2026-08-13 09:30:00+09:00,286000.0,286000.0,284500.0,285000.0,918.0
2026-08-13 09:40:00+09:00,285000.0,287500.0,284500.0,286000.0,599.0
2026-08-13 09:50:00+09:00,286000.0,287000.0,284500.0,287000.0,793.0
2026-08-13 10:00:00+09:00,286500.0,287500.0,283000.0,284000.0,565.0
2026-08-13 10:10:00+09:00,284500.0,284500.0,283000.0,284000.0,348.0
2026-08-13 10:20:00+09:00,283500.0,285000.0,283000.0,285000.0,524.0
2026-08-13 10:30:00+09:00,284500.0,285000.0,284500.0,285000.0,354.0
2026-08-13 10:40:00+09:00,285000.0,285500.0,284500.0,285000.0,768.0
2026-08-13 10:50:00+09:00,284500.0,287500.0,284500.0,287500.0,616.0
2026-08-13 11:00:00+09:00,287500.0,287500.0,284500.0,285000.0,353.0
2026-08-13 11:10:00+09:00,285500.0,285500.0,284500.0,285000.0,579.0
2026-08-13 11:20:00+09:00,285500.0,285500.0,283500.0,283500.0,330.0
2026-08-13 11:30:00+09:00,283500.0,284500.0,283500.0,284500.0,492.0
2026-08-13 11:40:00+09:00,284000.0,285000.0,283500.0,284000.0,281.0
2026-08-13 11:50:00+09:00,284500.0,285500.0,284500.0,285500.0,203.0
2026-08-13 12:00:00+09:00,285500.0,287000.0,285500.0,287000.0,211.0
2026-08-13 12:10:00+09:00,287000.0,287000.0,284500.0,284500.0,563.0
2026-08-13 12:20:00+09:00,285000.0,286000.0,285000.0,286000.0,129.0
2026-08-13 12:30:00+09:00,285500.0,286000.0,285000.0,285000.0,242.0
2026-08-13 12:40:00+09:00,285000.0,286000.0,285000.0,285500.0,110.0
2026-08-13 12:50:00+09:00,286000.0,286500.0,284500.0,285500.0,828.0
2026-08-13 13:00:00+09:00,285000.0,287500.0,285000.0,287000.0,701.0
2026-08-13 13:10:00+09:00,287500.0,288000.0,286500.0,288000.0,1269.0
2026-08-13 13:20:00+09:00,287500.0,288000.0,287000.0,287000.0,453.0
2026-08-13 13:30:00+09:00,287000.0,288000.0,286500.0,288000.0,774.0
2026-08-13 13:40:00+09:00,287000.0,288000.0,287000.0,287500.0,355.0
2026-08-13 13:50:00+09:00,288000.0,288500.0,286500.0,286500.0,1014.0
2026-08-13 14:00:00+09:00,286500.0,288000.0,286500.0,287000.0,473.0
2026-08-13 14:10:00+09:00,287000.0,288000.0,284000.0,284000.0,1183.0
2026-08-13 14:20:00+09:00,284000.0,284500.0,283500.0,283500.0,1114.0
2026-08-13 14:30:00+09:00,283500.0,284000.0,283000.0,283500.0,487.0
2026-08-13 14:40:00+09:00,283500.0,284500.0,282500.0,282500.0,1490.0
2026-08-13 14:50:00+09:00,282500.0,283000.0,281000.0,281500.0,2966.0
2026-08-14 09:00:00+09:00,280000.0,283500.0,278500.0,280500.0,805.0
2026-08-14 09:10:00+09:00,280500.0,283000.0,278500.0,279000.0,1028.0
2026-08-14 09:20:00+09:00,279000.0,281500.0,278500.0,281500.0,835.0
2026-08-14 09:30:00+09:00,281500.0,283000.0,281500.0,282500.0,383.0
2026-08-14 09:40:00+09:00,282500.0,283000.0,280000.0,280500.0,601.0
2026-08-14 09:50:00+09:00,280500.0,281000.0,278500.0,279500.0,1395.0
2026-08-14 10:00:00+09:00,279500.0,279500.0,276750.0,278000.0,1059.0
2026-08-14 10:10:00+09:00,278000.0,279000.0,275500.0,278000.0,1037.0
2026-08-14 10:20:00+09:00,278000.0,279500.0,277000.0,279000.0,571.0
2026-08-14 10:30:00+09:00,279000.0,279000.0,277000.0,278500.0,511.0
2026-08-14 10:40:00+09:00,278500.0,280500.0,278500.0,278500.0,369.0
2026-08-14 10:50:00+09:00,279000.0,279000.0,277500.0,278500.0,413.0
2026-08-14 11:00:00+09:00,279000.0,280500.0,278500.0,278500.0,615.0
2026-08-14 11:10:00+09:00,278500.0,280500.0,278500.0,279000.0,494.0
2026-08-14 11:20:00+09:00,279000.0,280500.0,279000.0,279500.0,522.0
2026-08-14 11:30:00+09:00,279500.0,280000.0,277500.0,278500.0,439.0
2026-08-14 11:40:00+09:00,278000.0,280000.0,278000.0,279000.0,396.0
2026-08-14 11:50:00+09:00,278500.0,279000.0,277500.0,277500.0,304.0
2026-08-14 12:00:00+09:00,278000.0,279000.0,277500.0,278500.0,233.0
2026-08-14 12:10:00+09:00,279000.0,279500.0,278000.0,279000.0,171.0
2026-08-14 12:20:00+09:00,279500.0,279500.0,278500.0,279000.0,171.0
2026-08-14 12:30:00+09:00,280000.0,280000.0,278500.0,278500.0,213.0
2026-08-14 12:40:00+09:00,278500.0,280000.0,278000.0,280000.0,231.0
2026-08-14 12:50:00+09:00,278000.0,280000.0,278000.0,280000.0,169.0
2026-08-14 13:00:00+09:00,279500.0,280000.0,278500.0,280000.0,284.0
2026-08-14 13:10:00+09:00,279500.0,280000.0,278500.0,280000.0,250.0
2026-08-14 13:20:00+09:00,280000.0,280500.0,279500.0,279500.0,370.0
2026-08-14 13:30:00+09:00,279500.0,280500.0,279000.0,280000.0,200.0
2026-08-14 13:40:00+09:00,280000.0,280500.0,279000.0,280000.0,270.0
2026-08-14 13:50:00+09:00,280500.0,280500.0,279000.0,279500.0,111.0
2026-08-14 14:00:00+09:00,279500.0,280000.0,278000.0,279000.0,287.0
2026-08-14 14:10:00+09:00,279000.0,280500.0,278500.0,279500.0,1668.0
2026-08-14 14:20:00+09:00,280000.0,280500.0,275500.0,277000.0,5069.0
2026-08-14 14:30:00+09:00,277000.0,277500.0,275000.0,276000.0,889.0
2026-08-14 14:40:00+09:00,276000.0,277000.0,275500.0,276000.0,803.0
2026-08-14 14:50:00+09:00,276500.0,277500.0,275500.0,276500.0,1929.0
2026-08-18 09:00:00+09:00,275000.0,278500.0,273000.0,276000.0,719.0
2026-08-18 09:10:00+09:00,277500.0,278500.0,274500.0,276500.0,2987.0
2026-08-18 09:20:00+09:00,276000.0,278000.0,275500.0,278000.0,1072.0
2026-08-18 09:30:00+09:00,278000.0,278500.0,276000.0,278000.0,676.0
2026-08-18 09:40:00+09:00,278000.0,282500.0,277500.0,281000.0,1350.0
2026-08-18 09:50:00+09:00,281500.0,283500.0,281500.0,283000.0,504.0
2026-08-18 10:00:00+09:00,283500.0,284000.0,281000.0,283500.0,651.0
2026-08-18 10:10:00+09:00,284000.0,285000.0,283500.0,283500.0,598.0
2026-08-18 10:20:00+09:00,283500.0,283500.0,282000.0,282000.0,484.0
2026-08-18 10:30:00+09:00,282000.0,282500.0,281000.0,282500.0,436.0
2026-08-18 10:40:00+09:00,282500.0,282500.0,279500.0,280000.0,1126.0
2026-08-18 10:50:00+09:00,280000.0,281000.0,279000.0,281000.0,543.0
2026-08-18 11:00:00+09:00,281500.0,282500.0,281000.0,281000.0,506.0
2026-08-18 11:10:00+09:00,281000.0,281500.0,279000.0,279500.0,868.0
2026-08-18 11:20:00+09:00,279500.0,280000.0,279000.0,279000.0,364.0
2026-08-18 11:30:00+09:00,279000.0,279500.0,278500.0,279000.0,641.0
2026-08-18 11:40:00+09:00,279000.0,279500.0,278500.0,278500.0,853.0
2026-08-18 11:50:00+09:00,278500.0,280500.0,278500.0,280000.0,407.0
2026-08-18 12:00:00+09:00,280000.0,281000.0,279000.0,279500.0,316.0
2026-08-18 12:10:00+09:00,279000.0,279500.0,278500.0,279500.0,447.0
2026-08-18 12:20:00+09:00,279000.0,279500.0,278000.0,279000.0,853.0
2026-08-18 12:30:00+09:00,278500.0,278500.0,277500.0,278500.0,391.0
2026-08-18 12:40:00+09:00,278500.0,278500.0,277500.0,278000.0,473.0
2026-08-18 12:50:00+09:00,277500.0,278500.0,277500.0,278000.0,465.0
2026-08-18 13:00:00+09:00,278000.0,278500.0,277500.0,277500.0,724.0
2026-08-18 13:10:00+09:00,277500.0,278000.0,277500.0,277500.0,392.0
2026-08-18 13:20:00+09:00,277500.0,278000.0,277000.0,277500.0,619.0
2026-08-18 13:30:00+09:00,277500.0,277500.0,276000.0,277000.0,1478.0
2026-08-18 13:40:00+09:00,277000.0,282000.0,276500.0,281500.0,2048.0
2026-08-18 13:50:00+09:00,281500.0,285500.0,281500.0,285000.0,730.0
2026-08-18 14:00:00+09:00,285000.0,285000.0,283500.0,285000.0,528.0
2026-08-18 14:10:00+09:00,285000.0,285000.0,283000.0,283500.0,396.0
2026-08-18 14:20:00+09:00,283500.0,284000.0,280500.0,283500.0,1055.0
2026-08-18 14:30:00+09:00,283500.0,284000.0,280500.0,281500.0,1110.0
2026-08-18 14:40:00+09:00,280500.0,283500.0,280000.0,282500.0,664.0
2026-08-18 14:50:00+09:00,282500.0,283000.0,280000.0,280000.0,920.0
2026-08-19 09:00:00+09:00,265000.0,271000.0,261000.0,261500.0,2452.0
2026-08-19 09:10:00+09:00,261500.0,263500.0,261000.0,263500.0,1639.0
2026-08-19 09:20:00+09:00,263500.0,266000.0,263000.0,264500.0,833.0
2026-08-19 09:30:00+09:00,266000.0,270500.0,263500.0,268500.0,736.0
2026-08-19 09:40:00+09:00,268000.0,271000.0,268000.0,270500.0,461.0
2026-08-19 09:50:00+09:00,270500.0,271000.0,268500.0,271000.0,232.0
2026-08-19 10:00:00+09:00,271000.0,277000.0,270500.0,276500.0,1139.0
2026-08-19 10:10:00+09:00,275500.0,276500.0,273000.0,274000.0,2026.0
2026-08-19 10:20:00+09:00,274000.0,275000.0,273500.0,274000.0,354.0
2026-08-19 10:30:00+09:00,273500.0,274500.0,272000.0,274500.0,411.0
2026-08-19 10:40:00+09:00,274000.0,275000.0,273500.0,273500.0,409.0
2026-08-19 10:50:00+09:00,273500.0,273500.0,271000.0,271500.0,313.0
2026-08-19 11:00:00+09:00,271500.0,272000.0,269500.0,269500.0,270.0
2026-08-19 11:10:00+09:00,269500.0,271500.0,269000.0,271000.0,222.0
2026-08-19 11:20:00+09:00,270500.0,272500.0,270500.0,271500.0,311.0
2026-08-19 11:30:00+09:00,271500.0,272500.0,270500.0,270500.0,362.0
2026-08-19 11:40:00+09:00,270500.0,271000.0,269000.0,270000.0,325.0
2026-08-19 11:50:00+09:00,270000.0,270500.0,267500.0,270000.0,656.0
2026-08-19 12:00:00+09:00,270000.0,272500.0,268500.0,271500.0,720.0
2026-08-19 12:10:00+09:00,270500.0,273500.0,269500.0,272500.0,745.0
2026-08-19 12:20:00+09:00,272500.0,272500.0,270500.0,272000.0,506.0
2026-08-19 12:30:00+09:00,272000.0,273500.0,270500.0,272000.0,748.0
2026-08-19 12:40:00+09:00,272500.0,273000.0,269500.0,270500.0,783.0
2026-08-19 12:50:00+09:00,271500.0,273000.0,270000.0,271500.0,365.0
2026-08-19 13:00:00+09:00,272000.0,272000.0,270000.0,270500.0,291.0
2026-08-19 13:10:00+09:00,270000.0,270500.0,268500.0,269000.0,267.0
2026-08-19 13:20:00+09:00,270000.0,271500.0,268500.0,270000.0,361.0
2026-08-19 13:30:00+09:00,270500.0,270500.0,268500.0,269000.0,386.0
2026-08-19 13:40:00+09:00,269500.0,270000.0,268500.0,268500.0,205.0
2026-08-19 13:50:00+09:00,268000.0,269000.0,266500.0,268500.0,609.0
2026-08-19 14:00:00+09:00,268000.0,271000.0,268000.0,270500.0,368.0
2026-08-19 14:10:00+09:00,271500.0,271500.0,269000.0,270000.0,350.0
2026-08-19 14:20:00+09:00,269500.0,272500.0,269500.0,272000.0,464.0
2026-08-19 14:30:00+09:00,271500.0,272000.0,270500.0,270500.0,398.0
2026-08-19 14:40:00+09:00,270500.0,271000.0,270000.0,270500.0,556.0
2026-08-19 14:50:00+09:00,270000.0,271000.0,268000.0,269000.0,542.0
2026-08-20 09:00:00+09:00,279000.0,281500.0,275500.0,279500.0,2140.0
2026-08-20 09:10:00+09:00,279500.0,279500.0,272500.0,272500.0,1335.0
2026-08-20 09:20:00+09:00,273000.0,273500.0,269000.0,271000.0,1231.0
2026-08-20 09:30:00+09:00,271500.0,272000.0,269000.0,271500.0,976.0
2026-08-20 09:40:00+09:00,271500.0,276500.0,270000.0,275000.0,2634.0
2026-08-20 09:50:00+09:00,275000.0,275500.0,271500.0,272000.0,2111.0
2026-08-20 10:00:00+09:00,272500.0,273500.0,272000.0,272000.0,671.0
2026-08-20 10:10:00+09:00,273500.0,273500.0,271500.0,273500.0,417.0
2026-08-20 10:20:00+09:00,273500.0,274500.0,272500.0,274000.0,473.0
2026-08-20 10:30:00+09:00,273000.0,274000.0,272000.0,272500.0,266.0
2026-08-20 10:40:00+09:00,273000.0,274500.0,272000.0,273500.0,516.0
2026-08-20 10:50:00+09:00,273500.0,274500.0,272000.0,272500.0,934.0
2026-08-20 11:00:00+09:00,273000.0,273500.0,272500.0,273500.0,298.0
2026-08-20 11:10:00+09:00,273000.0,273000.0,272000.0,272000.0,231.0
2026-08-20 11:20:00+09:00,272500.0,273000.0,271000.0,273000.0,790.0
2026-08-20 11:30:00+09:00,272500.0,273000.0,271500.0,272000.0,230.0
2026-08-20 11:40:00+09:00,271500.0,272000.0,270000.0,270000.0,88.0
2026-08-20 11:50:00+09:00,270000.0,270000.0,268000.0,269000.0,231.0
2026-08-20 12:00:00+09:00,268000.0,270000.0,268000.0,270000.0,264.0
2026-08-20 12:10:00+09:00,270000.0,270500.0,269500.0,270500.0,211.0
2026-08-20 12:20:00+09:00,271000.0,271000.0,270500.0,270500.0,57.0
2026-08-20 12:30:00+09:00,270500.0,271000.0,270500.0,271000.0,97.0
2026-08-20 12:40:00+09:00,270500.0,273000.0,270500.0,271500.0,447.0
2026-08-20 12:50:00+09:00,272000.0,273000.0,269500.0,269500.0,156.0
2026-08-20 13:00:00+09:00,269500.0,272000.0,269500.0,271500.0,272.0
2026-08-20 13:10:00+09:00,271500.0,273000.0,271500.0,272500.0,304.0
2026-08-20 13:20:00+09:00,273000.0,273000.0,271000.0,272000.0,353.0
2026-08-20 13:30:00+09:00,271000.0,272000.0,271000.0,271000.0,210.0
2026-08-20 13:40:00+09:00,271500.0,273000.0,271000.0,273000.0,427.0
2026-08-20 13:50:00+09:00,272500.0,273000.0,271000.0,271500.0,237.0
2026-08-20 14:00:00+09:00,271500.0,271500.0,270000.0,270000.0,211.0
2026-08-20 14:10:00+09:00,270500.0,270500.0,269000.0,270000.0,416.0
2026-08-20 14:20:00+09:00,270000.0,270500.0,269500.0,270500.0,349.0
2026-08-20 14:30:00+09:00,270500.0,270500.0,266500.0,267000.0,1085.0
2026-08-20 14:40:00+09:00,267000.0,268000.0,266500.0,266500.0,585.0
2026-08-20 14:50:00+09:00,267000.0,267000.0,265500.0,266500.0,1036.0
2026-08-21 09:00:00+09:00,263500.0,267500.0,259500.0,262000.0,2219.0
2026-08-21 09:10:00+09:00,261000.0,264500.0,260000.0,261000.0,893.0
2026-08-21 09:20:00+09:00,261000.0,261500.0,256000.0,256500.0,838.0
2026-08-21 09:30:00+09:00,256500.0,260000.0,256000.0,260000.0,664.0
2026-08-21 09:40:00+09:00,258000.0,259000.0,255000.0,255000.0,1394.0
2026-08-21 09:50:00+09:00,255500.0,255500.0,253500.0,254000.0,1057.0
2026-08-21 10:00:00+09:00,254000.0,254500.0,253000.0,253000.0,668.0
2026-08-21 10:10:00+09:00,253000.0,255500.0,253000.0,254500.0,1113.0
2026-08-21 10:20:00+09:00,255000.0,256000.0,253500.0,254500.0,582.0
2026-08-21 10:30:00+09:00,255000.0,255500.0,253000.0,253000.0,494.0
2026-08-21 10:40:00+09:00,253500.0,254000.0,253000.0,253500.0,501.0
2026-08-21 10:50:00+09:00,253000.0,253500.0,251500.0,251500.0,822.0
2026-08-21 11:00:00+09:00,252000.0,253500.0,251000.0,252500.0,586.0
2026-08-21 11:10:00+09:00,252500.0,257000.0,252000.0,255500.0,743.0
2026-08-21 11:20:00+09:00,255000.0,256500.0,255000.0,256000.0,371.0
2026-08-21 11:30:00+09:00,256000.0,258500.0,255500.0,257000.0,410.0
2026-08-21 11:40:00+09:00,257000.0,259000.0,256500.0,258500.0,473.0
2026-08-21 11:50:00+09:00,259000.0,260000.0,258500.0,259500.0,339.0
2026-08-21 12:00:00+09:00,260000.0,260000.0,258500.0,258500.0,619.0
2026-08-21 12:10:00+09:00,259000.0,259000.0,257500.0,258000.0,418.0
2026-08-21 12:20:00+09:00,258000.0,258500.0,257500.0,258500.0,329.0
2026-08-21 12:30:00+09:00,258500.0,259000.0,258000.0,258500.0,292.0
2026-08-21 12:40:00+09:00,259000.0,259500.0,258000.0,258500.0,383.0
2026-08-21 12:50:00+09:00,259000.0,260000.0,258000.0,259000.0,407.0
2026-08-21 13:00:00+09:00,258500.0,259000.0,257500.0,258500.0,656.0
2026-08-21 13:10:00+09:00,259000.0,259500.0,258000.0,258500.0,374.0
2026-08-21 13:20:00+09:00,259000.0,259500.0,258500.0,258500.0,346.0
2026-08-21 13:30:00+09:00,258500.0,260000.0,258500.0,259000.0,411.0
2026-08-21 13:40:00+09:00,259000.0,260500.0,259000.0,260000.0,467.0
2026-08-21 13:50:00+09:00,260000.0,261500.0,259500.0,260500.0,361.0
2026-08-21 14:00:00+09:00,260500.0,261000.0,259000.0,260000.0,422.0
2026-08-21 14:10:00+09:00,260000.0,260500.0,259500.0,260000.0,373.0
2026-08-21 14:20:00+09:00,260000.0,260500.0,259000.0,259500.0,519.0
2026-08-21 14:30:00+09:00,259500.0,260000.0,258500.0,259500.0,621.0
2026-08-21 14:40:00+09:00,259000.0,259500.0,257500.0,258000.0,945.0
2026-08-21 14:50:00+09:00,258500.0,258500.0,257000.0,257500.0,760.0
2026-08-24 09:00:00+09:00,256500.0,267500.0,256500.0,263500.0,245.0
2026-08-24 09:10:00+09:00,264500.0,265000.0,261500.0,263500.0,466.0
2026-08-24 09:20:00+09:00,264000.0,266000.0,263500.0,266000.0,683.0
2026-08-24 09:30:00+09:00,265500.0,266000.0,264500.0,265500.0,645.0
2026-08-24 09:40:00+09:00,265500.0,266500.0,265500.0,266500.0,228.0
2026-08-24 09:50:00+09:00,266500.0,268500.0,266000.0,268500.0,359.0
2026-08-24 10:00:00+09:00,267500.0,269500.0,267000.0,269500.0,799.0
2026-08-24 10:10:00+09:00,269000.0,271500.0,268500.0,271000.0,848.0
2026-08-24 10:20:00+09:00,270500.0,270500.0,268500.0,269500.0,262.0
2026-08-24 10:30:00+09:00,270000.0,270000.0,266000.0,266500.0,304.0
2026-08-24 10:40:00+09:00,266500.0,266750.0,266000.0,266500.0,124.0
2026-08-24 10:50:00+09:00,266500.0,268000.0,266000.0,266500.0,308.0
2026-08-24 11:00:00+09:00,266500.0,267500.0,265500.0,266500.0,374.0
2026-08-24 11:10:00+09:00,266000.0,268000.0,266000.0,268000.0,205.0
2026-08-24 11:20:00+09:00,267500.0,270000.0,267500.0,270000.0,448.0
2026-08-24 11:30:00+09:00,270000.0,271000.0,269000.0,271000.0,452.0
2026-08-24 11:40:00+09:00,270000.0,270500.0,268500.0,268500.0,264.0
2026-08-24 11:50:00+09:00,268000.0,269000.0,267000.0,268500.0,192.0
2026-08-24 12:00:00+09:00,268500.0,269500.0,265000.0,266000.0,438.0
2026-08-24 12:10:00+09:00,266000.0,267000.0,266000.0,266500.0,91.0
2026-08-24 12:20:00+09:00,266500.0,266500.0,264500.0,265500.0,104.0
2026-08-24 12:30:00+09:00,265000.0,265500.0,265000.0,265500.0,54.0
2026-08-24 12:40:00+09:00,265500.0,265500.0,264500.0,265000.0,84.0
2026-08-24 12:50:00+09:00,265000.0,265000.0,263500.0,264500.0,250.0
2026-08-24 13:00:00+09:00,264500.0,264500.0,264000.0,264500.0,20.0
2026-08-24 13:10:00+09:00,264500.0,266500.0,264500.0,265500.0,246.0
2026-08-24 13:20:00+09:00,265500.0,266000.0,265000.0,265500.0,92.0
2026-08-24 13:30:00+09:00,265000.0,265500.0,264000.0,265000.0,238.0
2026-08-24 13:40:00+09:00,265000.0,266000.0,265000.0,265500.0,84.0
2026-08-24 13:50:00+09:00,265500.0,265500.0,264500.0,265000.0,67.0
2026-08-24 14:00:00+09:00,264500.0,264500.0,263500.0,263500.0,167.0
2026-08-24 14:10:00+09:00,264000.0,266000.0,264000.0,265000.0,201.0
2026-08-24 14:20:00+09:00,264500.0,267000.0,264000.0,264000.0,267.0
2026-08-24 14:30:00+09:00,264000.0,264500.0,263500.0,264000.0,133.0
2026-08-24 14:40:00+09:00,264000.0,265500.0,263000.0,264000.0,177.0
2026-08-24 14:50:00+09:00,264000.0,265500.0,263500.0,264000.0,159.0
2026-08-25 09:00:00+09:00,259500.0,261000.0,255000.0,255000.0,1887.0
2026-08-25 09:10:00+09:00,255500.0,257500.0,254500.0,255500.0,3470.0
2026-08-25 09:20:00+09:00,255500.0,256500.0,255000.0,256500.0,673.0
2026-08-25 09:30:00+09:00,256000.0,259000.0,256000.0,257500.0,652.0
2026-08-25 09:40:00+09:00,257500.0,259000.0,255000.0,256000.0,1658.0
2026-08-25 09:50:00+09:00,255500.0,259000.0,255500.0,258000.0,681.0
2026-08-25 10:00:00+09:00,258000.0,258000.0,256000.0,257000.0,585.0
2026-08-25 10:10:00+09:00,257000.0,257000.0,255000.0,255500.0,553.0
2026-08-25 10:20:00+09:00,255500.0,256000.0,255000.0,255500.0,389.0
2026-08-25 10:30:00+09:00,255500.0,259000.0,255500.0,259000.0,607.0
2026-08-25 10:40:00+09:00,258500.0,259500.0,257000.0,259000.0,547.0
2026-08-25 10:50:00+09:00,259000.0,260000.0,257000.0,257000.0,449.0
2026-08-25 11:00:00+09:00,258000.0,258500.0,257000.0,257000.0,425.0
2026-08-25 11:10:00+09:00,257500.0,258500.0,256500.0,258500.0,358.0
2026-08-25 11:20:00+09:00,258500.0,259500.0,257500.0,259500.0,574.0
2026-08-25 11:30:00+09:00,259000.0,259500.0,257500.0,258500.0,534.0
2026-08-25 11:40:00+09:00,258500.0,259500.0,257500.0,257500.0,414.0
2026-08-25 11:50:00+09:00,257500.0,258500.0,257000.0,258000.0,403.0
2026-08-25 12:00:00+09:00,258000.0,259000.0,257000.0,258500.0,483.0
2026-08-25 12:10:00+09:00,259000.0,260500.0,258000.0,260500.0,432.0
2026-08-25 12:20:00+09:00,261000.0,263000.0,259500.0,262500.0,717.0
2026-08-25 12:30:00+09:00,262500.0,263500.0,261500.0,262500.0,505.0
2026-08-25 12:40:00+09:00,262000.0,262500.0,260500.0,261000.0,382.0
2026-08-25 12:50:00+09:00,261000.0,262000.0,260500.0,261000.0,448.0
2026-08-25 13:00:00+09:00,261500.0,264500.0,261500.0,263000.0,434.0
2026-08-25 13:10:00+09:00,263000.0,264500.0,262000.0,264000.0,443.0
2026-08-25 13:20:00+09:00,264000.0,264500.0,262500.0,263000.0,236.0
2026-08-25 13:30:00+09:00,263000.0,265500.0,262000.0,264500.0,682.0
2026-08-25 13:40:00+09:00,265000.0,266000.0,263500.0,264500.0,435.0
2026-08-25 13:50:00+09:00,264000.0,266000.0,263000.0,265500.0,368.0
2026-08-25 14:00:00+09:00,265000.0,265500.0,263500.0,264000.0,425.0
2026-08-25 14:10:00+09:00,264000.0,266000.0,263500.0,264500.0,477.0
2026-08-25 14:20:00+09:00,265000.0,266500.0,264000.0,265000.0,393.0
2026-08-25 14:30:00+09:00,265000.0,266000.0,264000.0,264500.0,365.0
2026-08-25 14:40:00+09:00,264000.0,265000.0,263500.0,264500.0,493.0
2026-08-25 14:50:00+09:00,264500.0,265500.0,264000.0,264500.0,742.0
2026-08-26 09:00:00+09:00,265500.0,270000.0,265500.0,266000.0,1022.0
2026-08-26 09:10:00+09:00,266000.0,267500.0,265000.0,265000.0,1019.0
2026-08-26 09:20:00+09:00,265500.0,267500.0,265000.0,265000.0,599.0
2026-08-26 09:30:00+09:00,265000.0,266500.0,263500.0,263500.0,949.0
2026-08-26 09:40:00+09:00,263000.0,263500.0,262500.0,263000.0,410.0
2026-08-26 09:50:00+09:00,263000.0,263000.0,261000.0,261000.0,589.0
2026-08-26 10:00:00+09:00,261500.0,263000.0,260500.0,262000.0,263.0
2026-08-26 10:10:00+09:00,262500.0,264000.0,262000.0,263000.0,161.0
2026-08-26 10:20:00+09:00,263500.0,264000.0,262500.0,263000.0,440.0
2026-08-26 10:30:00+09:00,263000.0,264000.0,262500.0,264000.0,192.0
2026-08-26 10:40:00+09:00,263500.0,265000.0,262500.0,263000.0,261.0
2026-08-26 10:50:00+09:00,263500.0,266000.0,263500.0,266000.0,170.0
2026-08-26 11:00:00+09:00,266000.0,266500.0,264500.0,264500.0,185.0
2026-08-26 11:10:00+09:00,265500.0,266500.0,264500.0,265500.0,226.0
2026-08-26 11:20:00+09:00,265500.0,267500.0,265000.0,266500.0,135.0
2026-08-26 11:30:00+09:00,266500.0,268000.0,266500.0,268000.0,152.0
2026-08-26 11:40:00+09:00,268000.0,268500.0,266000.0,267500.0,202.0
2026-08-26 11:50:00+09:00,266000.0,268000.0,265500.0,266000.0,565.0
2026-08-26 12:00:00+09:00,267500.0,268000.0,266000.0,266500.0,231.0
2026-08-26 12:10:00+09:00,266500.0,267500.0,266500.0,266500.0,81.0
2026-08-26 12:20:00+09:00,267000.0,268500.0,266000.0,267500.0,310.0
2026-08-26 12:30:00+09:00,268000.0,268000.0,267000.0,267500.0,90.0
2026-08-26 12:40:00+09:00,268000.0,268500.0,267500.0,268000.0,111.0
2026-08-26 12:50:00+09:00,267500.0,268500.0,267500.0,267500.0,141.0
2026-08-26 13:00:00+09:00,268000.0,268500.0,267500.0,267500.0,91.0
2026-08-26 13:10:00+09:00,268000.0,268500.0,267500.0,267500.0,46.0
2026-08-26 13:20:00+09:00,267500.0,268500.0,267500.0,267500.0,101.0
2026-08-26 13:30:00+09:00,268000.0,268500.0,267000.0,267500.0,150.0
2026-08-26 13:40:00+09:00,267000.0,268500.0,266500.0,266500.0,102.0
2026-08-26 13:50:00+09:00,267000.0,267500.0,266500.0,267000.0,91.0
2026-08-26 14:00:00+09:00,266500.0,267500.0,266500.0,267500.0,223.0
2026-08-26 14:10:00+09:00,267500.0,268000.0,266500.0,267500.0,236.0
2026-08-26 14:20:00+09:00,268000.0,268000.0,266500.0,267000.0,276.0
2026-08-26 14:30:00+09:00,266500.0,269000.0,266500.0,269000.0,757.0
2026-08-26 14:40:00+09:00,269500.0,269500.0,268000.0,268000.0,374.0
2026-08-26 14:50:00+09:00,268500.0,269500.0,268000.0,269000.0,378.0
2026-08-27 09:00:00+09:00,270000.0,272500.0,268000.0,269500.0,1078.0
2026-08-27 09:10:00+09:00,269500.0,270000.0,267500.0,269000.0,693.0
2026-08-27 09:20:00+09:00,269000.0,271500.0,269000.0,271000.0,543.0
2026-08-27 09:30:00+09:00,270500.0,271500.0,270000.0,271000.0,296.0
2026-08-27 09:40:00+09:00,270500.0,272000.0,270000.0,270000.0,377.0
2026-08-27 09:50:00+09:00,269500.0,270500.0,268500.0,268500.0,545.0
2026-08-27 10:00:00+09:00,269000.0,271000.0,269000.0,269500.0,415.0
2026-08-27 10:10:00+09:00,270000.0,271000.0,269000.0,270000.0,218.0
2026-08-27 10:20:00+09:00,270000.0,271000.0,269500.0,271000.0,79.0
2026-08-27 10:30:00+09:00,270500.0,271000.0,270000.0,270500.0,212.0
2026-08-27 10:40:00+09:00,270000.0,270500.0,269000.0,269000.0,140.0
2026-08-27 10:50:00+09:00,270000.0,270500.0,269500.0,270000.0,177.0
2026-08-27 11:00:00+09:00,270500.0,271500.0,270000.0,270500.0,240.0
2026-08-27 11:10:00+09:00,271000.0,272000.0,270500.0,270500.0,148.0
2026-08-27 11:20:00+09:00,270500.0,271000.0,270000.0,270500.0,94.0
2026-08-27 11:30:00+09:00,270000.0,270500.0,270000.0,270500.0,30.0
2026-08-27 11:40:00+09:00,270000.0,270500.0,269500.0,269500.0,127.0
2026-08-27 11:50:00+09:00,269500.0,270500.0,269500.0,270500.0,159.0
2026-08-27 12:00:00+09:00,270500.0,271000.0,270500.0,271000.0,132.0
2026-08-27 12:10:00+09:00,270500.0,272000.0,270500.0,272000.0,296.0
2026-08-27 12:20:00+09:00,272000.0,273000.0,270500.0,271500.0,274.0
2026-08-27 12:30:00+09:00,271500.0,272500.0,271500.0,271500.0,124.0
2026-08-27 12:40:00+09:00,271000.0,271000.0,270500.0,270500.0,15.0
2026-08-27 12:50:00+09:00,270000.0,271500.0,270000.0,271000.0,90.0
2026-08-27 13:00:00+09:00,271000.0,271500.0,271000.0,271000.0,136.0
2026-08-27 13:10:00+09:00,271500.0,272000.0,271000.0,271500.0,128.0
2026-08-27 13:20:00+09:00,271500.0,271500.0,270500.0,271500.0,145.0
2026-08-27 13:30:00+09:00,271000.0,271500.0,270500.0,270500.0,98.0
2026-08-27 13:40:00+09:00,270500.0,271000.0,270000.0,271000.0,205.0
2026-08-27 13:50:00+09:00,271500.0,272000.0,270000.0,272000.0,369.0
2026-08-27 14:00:00+09:00,271500.0,272000.0,270500.0,271000.0,214.0
2026-08-27 14:10:00+09:00,270500.0,271500.0,269000.0,269500.0,403.0
2026-08-27 14:20:00+09:00,269500.0,270500.0,269500.0,270000.0,234.0
2026-08-27 14:30:00+09:00,270000.0,271000.0,270000.0,271000.0,220.0
2026-08-27 14:40:00+09:00,271000.0,271000.0,270000.0,271000.0,149.0
2026-08-27 14:50:00+09:00,271000.0,271000.0,266000.0,270000.0,1020.0
2026-08-28 09:00:00+09:00,268000.0,274000.0,268000.0,271500.0,523.0
2026-08-28 09:10:00+09:00,271500.0,271500.0,267500.0,268000.0,1097.0
2026-08-28 09:20:00+09:00,268000.0,269000.0,266000.0,267000.0,416.0
2026-08-28 09:30:00+09:00,267000.0,267500.0,266500.0,266500.0,255.0
2026-08-28 09:40:00+09:00,267000.0,270000.0,266500.0,270000.0,374.0
2026-08-28 09:50:00+09:00,270500.0,270500.0,268000.0,268000.0,319.0
2026-08-28 10:00:00+09:00,268500.0,270500.0,267500.0,270000.0,263.0
2026-08-28 10:10:00+09:00,270000.0,271500.0,270000.0,271000.0,157.0
2026-08-28 10:20:00+09:00,271000.0,272000.0,271000.0,272000.0,111.0
2026-08-28 10:30:00+09:00,271500.0,272000.0,269500.0,271000.0,311.0
2026-08-28 10:40:00+09:00,271000.0,271000.0,269500.0,270000.0,185.0
2026-08-28 10:50:00+09:00,271000.0,271000.0,269500.0,270000.0,161.0
2026-08-28 11:00:00+09:00,270000.0,270500.0,268500.0,269500.0,567.0
2026-08-28 11:10:00+09:00,269500.0,270500.0,268500.0,270000.0,271.0
2026-08-28 11:20:00+09:00,270500.0,270500.0,269500.0,270000.0,100.0
2026-08-28 11:30:00+09:00,269500.0,270000.0,269500.0,270000.0,45.0
2026-08-28 11:40:00+09:00,270000.0,270000.0,269500.0,269500.0,122.0
2026-08-28 11:50:00+09:00,270000.0,271000.0,270000.0,270500.0,41.0
2026-08-28 12:00:00+09:00,271000.0,271000.0,270500.0,270500.0,18.0
2026-08-28 12:10:00+09:00,270500.0,271000.0,270500.0,270500.0,23.0
2026-08-28 12:20:00+09:00,270500.0,271000.0,270000.0,271000.0,125.0
2026-08-28 12:30:00+09:00,270750.0,270750.0,270500.0,270500.0,33.0
2026-08-28 12:40:00+09:00,270500.0,270750.0,270000.0,270000.0,58.0
2026-08-28 12:50:00+09:00,270000.0,272000.0,270000.0,271500.0,235.0
2026-08-28 13:00:00+09:00,271500.0,272000.0,270500.0,271500.0,171.0
2026-08-28 13:10:00+09:00,271500.0,272000.0,268000.0,269500.0,919.0
2026-08-28 13:20:00+09:00,269500.0,270500.0,268500.0,268500.0,660.0
2026-08-28 13:30:00+09:00,268500.0,269750.0,268500.0,269000.0,504.0
2026-08-28 13:40:00+09:00,269500.0,270000.0,268500.0,269500.0,1040.0
2026-08-28 13:50:00+09:00,269500.0,270000.0,268500.0,268500.0,526.0
2026-08-28 14:00:00+09:00,269500.0,270000.0,268500.0,269000.0,495.0
2026-08-28 14:10:00+09:00,269000.0,269500.0,268500.0,268500.0,448.0
2026-08-28 14:20:00+09:00,269000.0,269500.0,268500.0,269000.0,516.0
2026-08-28 14:30:00+09:00,269500.0,269500.0,268500.0,268500.0,530.0
2026-08-28 14:40:00+09:00,268500.0,269000.0,268000.0,269000.0,543.0
2026-08-28 14:50:00+09:00,269000.0,269500.0,268000.0,269000.0,609.0
2026-08-31 09:00:00+09:00,263000.0,265500.0,259500.0,262500.0,575.0
2026-08-31 09:10:00+09:00,262500.0,262500.0,260000.0,260000.0,533.0
2026-08-31 09:20:00+09:00,260000.0,262500.0,259500.0,259500.0,1133.0
2026-08-31 09:30:00+09:00,259500.0,262000.0,259000.0,260500.0,838.0
2026-08-31 09:40:00+09:00,260000.0,261500.0,258500.0,259000.0,1052.0
2026-08-31 09:50:00+09:00,259000.0,260000.0,258500.0,258500.0,640.0
2026-08-31 10:00:00+09:00,259000.0,259000.0,256500.0,256500.0,1554.0
2026-08-31 10:10:00+09:00,257000.0,257000.0,256500.0,257000.0,852.0
2026-08-31 10:20:00+09:00,256500.0,257500.0,256500.0,257000.0,981.0
2026-08-31 10:30:00+09:00,257000.0,259000.0,257000.0,259000.0,909.0
2026-08-31 10:40:00+09:00,258500.0,259500.0,258500.0,259000.0,636.0
2026-08-31 10:50:00+09:00,259500.0,260500.0,259000.0,259500.0,576.0
2026-08-31 11:00:00+09:00,260000.0,261500.0,259500.0,261500.0,618.0
2026-08-31 11:10:00+09:00,261000.0,261000.0,259000.0,259000.0,608.0
2026-08-31 11:20:00+09:00,259000.0,260000.0,258500.0,259500.0,605.0
2026-08-31 11:30:00+09:00,259500.0,260500.0,259000.0,259500.0,599.0
2026-08-31 11:40:00+09:00,259500.0,260500.0,258500.0,260000.0,503.0
2026-08-31 11:50:00+09:00,260000.0,261000.0,259000.0,260500.0,462.0
2026-08-31 12:00:00+09:00,260000.0,262000.0,260000.0,261500.0,427.0
2026-08-31 12:10:00+09:00,261500.0,261500.0,260000.0,260500.0,627.0
2026-08-31 12:20:00+09:00,260500.0,261500.0,260500.0,261000.0,488.0
2026-08-31 12:30:00+09:00,261000.0,261000.0,260000.0,260500.0,528.0
2026-08-31 12:40:00+09:00,261000.0,261500.0,260500.0,260500.0,517.0
2026-08-31 12:50:00+09:00,261000.0,261500.0,260000.0,260000.0,413.0
2026-08-31 13:00:00+09:00,260500.0,261000.0,260000.0,260000.0,377.0
2026-08-31 13:10:00+09:00,260000.0,261000.0,259500.0,260500.0,451.0
2026-08-31 13:20:00+09:00,260500.0,261500.0,260000.0,260500.0,423.0
2026-08-31 13:30:00+09:00,261000.0,262000.0,260000.0,262000.0,616.0
2026-08-31 13:40:00+09:00,261500.0,262000.0,260000.0,261000.0,544.0
2026-08-31 13:50:00+09:00,261000.0,263000.0,261000.0,261500.0,542.0
2026-08-31 14:00:00+09:00,262000.0,263000.0,261000.0,262500.0,400.0
2026-08-31 14:10:00+09:00,262000.0,263500.0,261500.0,263000.0,519.0
2026-08-31 14:20:00+09:00,262500.0,263500.0,262000.0,262000.0,437.0
2026-08-31 14:30:00+09:00,262000.0,262500.0,260500.0,261000.0,671.0
2026-08-31 14:40:00+09:00,260500.0,262000.0,260500.0,261500.0,859.0
2026-08-31 14:50:00+09:00,261000.0,261500.0,260000.0,260000.0,791.0
2026-09-01 09:00:00+09:00,258500.0,263500.0,258500.0,262000.0,1097.0
2026-09-01 09:10:00+09:00,261500.0,261500.0,259000.0,259500.0,881.0
2026-09-01 09:20:00+09:00,259500.0,260500.0,258500.0,259000.0,611.0
2026-09-01 09:30:00+09:00,259000.0,259500.0,256000.0,256000.0,1393.0
2026-09-01 09:40:00+09:00,256000.0,257000.0,256000.0,256500.0,469.0
2026-09-01 09:50:00+09:00,257000.0,258000.0,256000.0,258000.0,511.0
2026-09-01 10:00:00+09:00,258000.0,259500.0,258000.0,258000.0,580.0
2026-09-01 10:10:00+09:00,258500.0,258500.0,257500.0,257500.0,374.0
2026-09-01 10:20:00+09:00,257500.0,258000.0,256500.0,257000.0,493.0
2026-09-01 10:30:00+09:00,257000.0,257500.0,256500.0,257500.0,202.0
2026-09-01 10:40:00+09:00,257500.0,258000.0,257000.0,258000.0,402.0
2026-09-01 10:50:00+09:00,257500.0,258500.0,257000.0,257500.0,277.0
2026-09-01 11:00:00+09:00,257500.0,258000.0,257000.0,258000.0,275.0
2026-09-01 11:10:00+09:00,257500.0,258000.0,257500.0,257500.0,141.0
2026-09-01 11:20:00+09:00,258000.0,258500.0,257500.0,258000.0,499.0
2026-09-01 11:30:00+09:00,258000.0,258000.0,257500.0,257500.0,185.0
2026-09-01 11:40:00+09:00,257500.0,257500.0,256500.0,257500.0,415.0
2026-09-01 11:50:00+09:00,257500.0,258000.0,257500.0,257500.0,391.0
2026-09-01 12:00:00+09:00,258000.0,258000.0,257500.0,257500.0,147.0
2026-09-01 12:10:00+09:00,257500.0,258000.0,257500.0,258000.0,164.0
2026-09-01 12:20:00+09:00,257500.0,258000.0,257500.0,258000.0,189.0
2026-09-01 12:30:00+09:00,258000.0,259000.0,257500.0,258500.0,451.0
2026-09-01 12:40:00+09:00,258500.0,258500.0,257500.0,258500.0,350.0
2026-09-01 12:50:00+09:00,257500.0,258500.0,257500.0,258000.0,349.0
2026-09-01 13:00:00+09:00,258000.0,258500.0,257500.0,258000.0,487.0
2026-09-01 13:10:00+09:00,257500.0,258000.0,257500.0,257500.0,455.0
2026-09-01 13:20:00+09:00,258000.0,259000.0,256500.0,257000.0,1150.0
2026-09-01 13:30:00+09:00,257000.0,257000.0,254500.0,254500.0,1779.0
2026-09-01 13:40:00+09:00,254500.0,255000.0,254000.0,255000.0,487.0
2026-09-01 13:50:00+09:00,255000.0,255000.0,253000.0,253000.0,938.0
2026-09-01 14:00:00+09:00,253500.0,253500.0,253000.0,253500.0,149.0
2026-09-01 14:10:00+09:00,253500.0,254000.0,252000.0,253000.0,841.0
2026-09-01 14:20:00+09:00,252500.0,252500.0,252500.0,252500.0,293.0
2026-09-01 14:30:00+09:00,252500.0,253000.0,252000.0,253000.0,246.0
2026-09-01 14:40:00+09:00,253000.0,253000.0,251000.0,251000.0,877.0
2026-09-01 14:50:00+09:00,251500.0,252500.0,250500.0,252500.0,567.0
2026-09-02 09:00:00+09:00,247500.0,249500.0,243000.0,244500.0,1506.0
2026-09-02 09:10:00+09:00,244500.0,248500.0,243500.0,247500.0,1206.0
2026-09-02 09:20:00+09:00,248000.0,252000.0,248000.0,249000.0,2216.0
2026-09-02 09:30:00+09:00,249000.0,249000.0,247000.0,247500.0,1108.0
2026-09-02 09:40:00+09:00,248500.0,248500.0,246500.0,247000.0,847.0
2026-09-02 09:50:00+09:00,247000.0,248000.0,246500.0,246500.0,567.0
2026-09-02 10:00:00+09:00,246500.0,249500.0,246500.0,248500.0,579.0
2026-09-02 10:10:00+09:00,248000.0,249500.0,247000.0,248000.0,945.0
2026-09-02 10:20:00+09:00,249000.0,249000.0,247500.0,248000.0,524.0
2026-09-02 10:30:00+09:00,248500.0,248500.0,247500.0,247500.0,554.0
2026-09-02 10:40:00+09:00,248000.0,248500.0,247000.0,247500.0,498.0
2026-09-02 10:50:00+09:00,247500.0,248500.0,247000.0,248500.0,798.0
2026-09-02 11:00:00+09:00,248500.0,249500.0,247500.0,248000.0,485.0
2026-09-02 11:10:00+09:00,249500.0,250000.0,249000.0,250000.0,242.0
2026-09-02 11:20:00+09:00,250500.0,251000.0,250000.0,250500.0,647.0
2026-09-02 11:30:00+09:00,251000.0,251000.0,248500.0,248500.0,544.0
2026-09-02 11:40:00+09:00,249000.0,250500.0,248500.0,249500.0,421.0
2026-09-02 11:50:00+09:00,250000.0,250500.0,248500.0,249000.0,285.0
2026-09-02 12:00:00+09:00,249000.0,249500.0,248000.0,248500.0,344.0
2026-09-02 12:10:00+09:00,249000.0,250000.0,248000.0,248500.0,338.0
2026-09-02 12:20:00+09:00,249000.0,249500.0,248000.0,248500.0,250.0
2026-09-02 12:30:00+09:00,248500.0,249000.0,247500.0,248500.0,353.0
2026-09-02 12:40:00+09:00,249500.0,249500.0,247500.0,249000.0,335.0
2026-09-02 12:50:00+09:00,248500.0,249000.0,247000.0,247500.0,825.0
2026-09-02 13:00:00+09:00,248000.0,248500.0,247000.0,248000.0,675.0
2026-09-02 13:10:00+09:00,247000.0,251000.0,247000.0,251000.0,475.0
2026-09-02 13:20:00+09:00,251000.0,252500.0,249000.0,251000.0,935.0
2026-09-02 13:30:00+09:00,251000.0,252000.0,251000.0,251500.0,466.0
2026-09-02 13:40:00+09:00,252000.0,252500.0,250500.0,251000.0,895.0
2026-09-02 13:50:00+09:00,251000.0,251500.0,250500.0,251000.0,332.0
2026-09-02 14:00:00+09:00,251000.0,251500.0,250500.0,251000.0,1038.0
2026-09-02 14:10:00+09:00,251500.0,252500.0,251000.0,251500.0,1039.0
2026-09-02 14:20:00+09:00,251500.0,252000.0,251000.0,251500.0,289.0
2026-09-02 14:30:00+09:00,251500.0,251500.0,250000.0,250500.0,507.0
2026-09-02 14:40:00+09:00,251000.0,252500.0,250500.0,252000.0,1039.0
2026-09-02 14:50:00+09:00,252000.0,252500.0,251000.0,251500.0,563.0
2026-09-03 09:00:00+09:00,252000.0,252000.0,246500.0,247500.0,785.0
2026-09-03 09:10:00+09:00,247500.0,248000.0,247000.0,247500.0,367.0
2026-09-03 09:20:00+09:00,247500.0,248000.0,247000.0,247500.0,136.0
2026-09-03 09:30:00+09:00,247000.0,247500.0,246000.0,246500.0,408.0
2026-09-03 09:40:00+09:00,246000.0,248000.0,246000.0,247000.0,463.0
2026-09-03 09:50:00+09:00,247500.0,248500.0,246500.0,246750.0,195.0
2026-09-03 10:00:00+09:00,246750.0,249500.0,246750.0,248000.0,344.0
2026-09-03 10:10:00+09:00,248500.0,249000.0,247500.0,249000.0,158.0
2026-09-03 10:20:00+09:00,248500.0,249000.0,247500.0,247500.0,177.0
2026-09-03 10:30:00+09:00,248000.0,249000.0,247500.0,249000.0,304.0
2026-09-03 10:40:00+09:00,248500.0,249000.0,248000.0,248000.0,133.0
2026-09-03 10:50:00+09:00,248000.0,248500.0,247000.0,247500.0,199.0
2026-09-03 11:00:00+09:00,248000.0,249000.0,248000.0,249000.0,255.0
2026-09-03 11:10:00+09:00,249500.0,251000.0,249000.0,251000.0,266.0
2026-09-03 11:20:00+09:00,251000.0,251500.0,251000.0,251500.0,137.0
2026-09-03 11:30:00+09:00,251500.0,252000.0,251000.0,251500.0,322.0
2026-09-03 11:40:00+09:00,251500.0,252000.0,251000.0,251500.0,148.0
2026-09-03 11:50:00+09:00,251500.0,252000.0,250500.0,252000.0,133.0
2026-09-03 12:00:00+09:00,252000.0,252500.0,251000.0,252500.0,188.0
2026-09-03 12:10:00+09:00,252500.0,254000.0,252000.0,254000.0,357.0
2026-09-03 12:20:00+09:00,253500.0,254000.0,252500.0,253500.0,331.0
2026-09-03 12:30:00+09:00,253000.0,254500.0,253000.0,253000.0,197.0
2026-09-03 12:40:00+09:00,253500.0,253500.0,252500.0,252500.0,229.0
2026-09-03 12:50:00+09:00,253000.0,254000.0,252500.0,253500.0,111.0
2026-09-03 13:00:00+09:00,253500.0,254000.0,253000.0,254000.0,196.0
2026-09-03 13:10:00+09:00,254000.0,254000.0,253000.0,254000.0,178.0
2026-09-03 13:20:00+09:00,254000.0,254000.0,253000.0,253500.0,215.0
2026-09-03 13:30:00+09:00,253500.0,254500.0,253000.0,253500.0,304.0
2026-09-03 13:40:00+09:00,253000.0,253500.0,253000.0,253500.0,133.0
2026-09-03 13:50:00+09:00,253500.0,253500.0,251500.0,252500.0,315.0
2026-09-03 14:00:00+09:00,252500.0,252500.0,251500.0,252000.0,179.0
2026-09-03 14:10:00+09:00,252000.0,252000.0,250000.0,250500.0,430.0
2026-09-03 14:20:00+09:00,250500.0,251000.0,249500.0,250000.0,536.0
2026-09-03 14:30:00+09:00,250000.0,254000.0,250000.0,253000.0,703.0
2026-09-03 14:40:00+09:00,252500.0,254000.0,252000.0,253500.0,664.0
2026-09-03 14:50:00+09:00,254000.0,254500.0,253500.0,253500.0,608.0
2026-09-04 09:00:00+09:00,256500.0,257000.0,253000.0,256000.0,1173.0
2026-09-04 09:10:00+09:00,256000.0,257000.0,255000.0,257000.0,350.0
2026-09-04 09:20:00+09:00,257000.0,259000.0,257000.0,257500.0,725.0
2026-09-04 09:30:00+09:00,257500.0,258500.0,257000.0,257500.0,232.0
2026-09-04 09:40:00+09:00,257500.0,257500.0,257000.0,257000.0,164.0
2026-09-04 09:50:00+09:00,257500.0,258500.0,254500.0,255500.0,523.0
2026-09-04 10:00:00+09:00,255000.0,257000.0,255000.0,256000.0,328.0
2026-09-04 10:10:00+09:00,255500.0,257500.0,254500.0,255500.0,333.0
2026-09-04 10:20:00+09:00,254500.0,255500.0,253500.0,253500.0,1181.0
2026-09-04 10:30:00+09:00,253500.0,256500.0,253000.0,255000.0,365.0
2026-09-04 10:40:00+09:00,256500.0,256500.0,255000.0,256000.0,132.0
2026-09-04 10:50:00+09:00,255500.0,256000.0,255000.0,256000.0,325.0
2026-09-04 11:00:00+09:00,256000.0,257000.0,255500.0,257000.0,144.0
2026-09-04 11:10:00+09:00,256500.0,258000.0,256500.0,257000.0,284.0
2026-09-04 11:20:00+09:00,257000.0,257500.0,256000.0,257000.0,158.0
2026-09-04 11:30:00+09:00,256000.0,257500.0,256000.0,257500.0,226.0
2026-09-04 11:40:00+09:00,257000.0,258000.0,256000.0,258000.0,193.0
2026-09-04 11:50:00+09:00,258000.0,258500.0,257000.0,257000.0,135.0
2026-09-04 12:00:00+09:00,257000.0,258500.0,257000.0,257000.0,231.0
2026-09-04 12:10:00+09:00,258000.0,260500.0,256500.0,260500.0,608.0
2026-09-04 12:20:00+09:00,260500.0,262000.0,260000.0,262000.0,425.0
2026-09-04 12:30:00+09:00,262000.0,263000.0,261500.0,262500.0,692.0
2026-09-04 12:40:00+09:00,262500.0,263000.0,261500.0,262000.0,398.0
2026-09-04 12:50:00+09:00,261500.0,262500.0,261500.0,262000.0,143.0
2026-09-04 13:00:00+09:00,262000.0,263000.0,261500.0,262500.0,192.0
2026-09-04 13:10:00+09:00,262500.0,263000.0,261000.0,261500.0,180.0
2026-09-04 13:20:00+09:00,261000.0,262000.0,260500.0,262000.0,282.0
2026-09-04 13:30:00+09:00,262000.0,264500.0,262000.0,264500.0,921.0
2026-09-04 13:40:00+09:00,264000.0,264500.0,262500.0,263000.0,403.0
2026-09-04 13:50:00+09:00,263500.0,264000.0,262500.0,263500.0,416.0
2026-09-04 14:00:00+09:00,263500.0,266000.0,263000.0,265000.0,815.0
2026-09-04 14:10:00+09:00,265000.0,266500.0,265000.0,266000.0,607.0
2026-09-04 14:20:00+09:00,266000.0,266500.0,264500.0,266000.0,664.0
2026-09-04 14:30:00+09:00,266500.0,267000.0,265000.0,265500.0,636.0
2026-09-04 14:40:00+09:00,266000.0,266500.0,263500.0,264000.0,652.0
2026-09-04 14:50:00+09:00,264000.0,265000.0,263000.0,264000.0,673.0
2026-09-07 09:00:00+09:00,265500.0,273000.0,265500.0,270000.0,62.0
2026-09-07 09:10:00+09:00,269500.0,271000.0,267500.0,267750.0,289.0
2026-09-07 09:20:00+09:00,267500.0,268000.0,264000.0,265500.0,499.0
2026-09-07 09:30:00+09:00,265750.0,267000.0,265000.0,265500.0,700.0
2026-09-07 09:40:00+09:00,265500.0,267000.0,265500.0,266500.0,223.0
2026-09-07 09:50:00+09:00,266500.0,266500.0,265000.0,265500.0,151.0
2026-09-07 10:00:00+09:00,265500.0,265500.0,263000.0,263500.0,350.0
2026-09-07 10:10:00+09:00,263000.0,264500.0,262500.0,264000.0,272.0
2026-09-07 10:20:00+09:00,264000.0,265500.0,263000.0,265000.0,231.0
2026-09-07 10:30:00+09:00,265000.0,265000.0,263000.0,264000.0,265.0
2026-09-07 10:40:00+09:00,264000.0,265000.0,263500.0,264500.0,114.0
2026-09-07 10:50:00+09:00,265000.0,265500.0,264000.0,264000.0,146.0
2026-09-07 11:00:00+09:00,264500.0,265000.0,263500.0,264500.0,132.0
2026-09-07 11:10:00+09:00,265000.0,265000.0,262500.0,262500.0,749.0
2026-09-07 11:20:00+09:00,264000.0,264000.0,263000.0,263500.0,75.0
2026-09-07 11:30:00+09:00,263500.0,265000.0,263500.0,264500.0,115.0
2026-09-07 11:40:00+09:00,264500.0,265500.0,263500.0,264500.0,155.0
2026-09-07 11:50:00+09:00,265000.0,265500.0,264000.0,265500.0,130.0
2026-09-07 12:00:00+09:00,265000.0,268000.0,264500.0,267000.0,394.0
2026-09-07 12:10:00+09:00,267500.0,268500.0,267500.0,267500.0,77.0
2026-09-07 12:20:00+09:00,267500.0,268000.0,267500.0,267500.0,72.0
2026-09-07 12:30:00+09:00,267000.0,267500.0,267000.0,267000.0,109.0
2026-09-07 12:40:00+09:00,267000.0,267500.0,266000.0,266500.0,102.0
2026-09-07 12:50:00+09:00,267500.0,267500.0,265500.0,266500.0,192.0
2026-09-07 13:00:00+09:00,266500.0,267500.0,266000.0,266500.0,84.0
2026-09-07 13:10:00+09:00,267000.0,267000.0,265500.0,266000.0,270.0
2026-09-07 13:20:00+09:00,266000.0,267000.0,265500.0,266500.0,103.0
2026-09-07 13:30:00+09:00,266500.0,267500.0,266000.0,267500.0,186.0
2026-09-07 13:40:00+09:00,267500.0,268500.0,267500.0,268500.0,168.0
2026-09-07 13:50:00+09:00,268500.0,269000.0,267500.0,268500.0,167.0
2026-09-07 14:00:00+09:00,268500.0,269000.0,266000.0,267000.0,214.0
2026-09-07 14:10:00+09:00,268000.0,268500.0,267000.0,268500.0,336.0
2026-09-07 14:20:00+09:00,267500.0,269000.0,267000.0,267500.0,151.0
2026-09-07 14:30:00+09:00,267500.0,268500.0,266500.0,267000.0,152.0
2026-09-07 14:40:00+09:00,268500.0,268500.0,267000.0,268000.0,196.0
2026-09-07 14:50:00+09:00,267000.0,268500.0,267000.0,267500.0,253.0
2026-09-08 09:00:00+09:00,264000.0,267500.0,263000.0,263500.0,1033.0
2026-09-08 09:10:00+09:00,265000.0,265000.0,261500.0,263500.0,869.0
2026-09-08 09:20:00+09:00,264000.0,264500.0,261000.0,264000.0,1545.0
2026-09-08 09:30:00+09:00,263500.0,265500.0,262500.0,263500.0,857.0
2026-09-08 09:40:00+09:00,264000.0,265000.0,262000.0,263500.0,416.0
2026-09-08 09:50:00+09:00,262500.0,264500.0,262500.0,264500.0,397.0
2026-09-08 10:00:00+09:00,264500.0,265500.0,263000.0,264500.0,301.0
2026-09-08 10:10:00+09:00,265500.0,267000.0,264500.0,266000.0,585.0
2026-09-08 10:20:00+09:00,267000.0,267250.0,265500.0,266000.0,426.0
2026-09-08 10:30:00+09:00,267000.0,268000.0,266000.0,266500.0,159.0
2026-09-08 10:40:00+09:00,268000.0,268000.0,265000.0,265000.0,222.0
2026-09-08 10:50:00+09:00,265000.0,267000.0,264500.0,266000.0,261.0
2026-09-08 11:00:00+09:00,266500.0,267000.0,266000.0,267000.0,104.0
2026-09-08 11:10:00+09:00,266000.0,267500.0,265500.0,267000.0,292.0
2026-09-08 11:20:00+09:00,267000.0,268000.0,265500.0,267000.0,256.0
2026-09-08 11:30:00+09:00,267000.0,268000.0,265500.0,267000.0,191.0
2026-09-08 11:40:00+09:00,266000.0,267000.0,265000.0,267000.0,208.0
2026-09-08 11:50:00+09:00,266000.0,267000.0,265000.0,266500.0,463.0
2026-09-08 12:00:00+09:00,265000.0,267000.0,265000.0,266500.0,277.0
2026-09-08 12:10:00+09:00,267000.0,268000.0,266000.0,266500.0,207.0
2026-09-08 12:20:00+09:00,267000.0,267500.0,266500.0,266500.0,93.0
2026-09-08 12:30:00+09:00,267500.0,267750.0,266000.0,267000.0,183.0
2026-09-08 12:40:00+09:00,267000.0,268000.0,266500.0,267000.0,127.0
2026-09-08 12:50:00+09:00,267500.0,267500.0,266000.0,266500.0,319.0
2026-09-08 13:00:00+09:00,266500.0,267500.0,266500.0,267000.0,95.0
2026-09-08 13:10:00+09:00,267500.0,268000.0,266000.0,267500.0,255.0
2026-09-08 13:20:00+09:00,267000.0,267500.0,266500.0,266500.0,138.0
2026-09-08 13:30:00+09:00,266500.0,267000.0,265500.0,266500.0,328.0
2026-09-08 13:40:00+09:00,266500.0,267000.0,265500.0,266000.0,545.0
2026-09-08 13:50:00+09:00,266500.0,266500.0,264000.0,265500.0,497.0
2026-09-08 14:00:00+09:00,265000.0,266500.0,264500.0,265000.0,394.0
2026-09-08 14:10:00+09:00,265000.0,266500.0,264000.0,266500.0,348.0
2026-09-08 14:20:00+09:00,266500.0,267000.0,264500.0,265500.0,377.0
2026-09-08 14:30:00+09:00,265250.0,266500.0,263500.0,266500.0,375.0
2026-09-08 14:40:00+09:00,266500.0,266500.0,263500.0,264500.0,422.0
2026-09-08 14:50:00+09:00,265000.0,265000.0,263000.0,264000.0,409.0
2026-09-09 09:00:00+09:00,260000.0,265500.0,260000.0,264500.0,3563.0
2026-09-09 09:10:00+09:00,265000.0,265000.0,262500.0,264000.0,746.0
2026-09-09 09:20:00+09:00,264500.0,266000.0,263500.0,265000.0,583.0
2026-09-09 09:30:00+09:00,264000.0,265500.0,263500.0,265500.0,651.0
2026-09-09 09:40:00+09:00,265500.0,267000.0,264000.0,264500.0,799.0
2026-09-09 09:50:00+09:00,264500.0,265500.0,264000.0,265000.0,491.0
2026-09-09 10:00:00+09:00,265000.0,266500.0,264500.0,266500.0,1655.0
2026-09-09 10:10:00+09:00,266500.0,272000.0,266500.0,271500.0,1118.0
2026-09-09 10:20:00+09:00,272000.0,273000.0,269500.0,270000.0,712.0
2026-09-09 10:30:00+09:00,270000.0,270000.0,268500.0,269500.0,601.0
2026-09-09 10:40:00+09:00,269000.0,269500.0,267500.0,269000.0,481.0
2026-09-09 10:50:00+09:00,268500.0,270000.0,268000.0,270000.0,665.0
2026-09-09 11:00:00+09:00,270000.0,270000.0,268000.0,268500.0,465.0
2026-09-09 11:10:00+09:00,268000.0,268500.0,267000.0,267500.0,235.0
2026-09-09 11:20:00+09:00,267500.0,267500.0,267000.0,267000.0,156.0
2026-09-09 11:30:00+09:00,267000.0,267500.0,265500.0,265500.0,201.0
2026-09-09 11:40:00+09:00,266000.0,267500.0,265500.0,266500.0,1527.0
2026-09-09 11:50:00+09:00,266500.0,267000.0,266000.0,266000.0,299.0
2026-09-09 12:00:00+09:00,266500.0,266500.0,265500.0,266000.0,309.0
2026-09-09 12:10:00+09:00,265500.0,267000.0,265000.0,267000.0,976.0
2026-09-09 12:20:00+09:00,266500.0,267000.0,263500.0,265500.0,2671.0
2026-09-09 12:30:00+09:00,265500.0,265500.0,263000.0,264500.0,1144.0
2026-09-09 12:40:00+09:00,264000.0,265000.0,262000.0,262000.0,4616.0
2026-09-09 12:50:00+09:00,262500.0,262500.0,257500.0,258000.0,1293.0
2026-09-09 13:00:00+09:00,257500.0,259500.0,257500.0,259000.0,633.0
2026-09-09 13:10:00+09:00,259000.0,259000.0,256500.0,257500.0,774.0
2026-09-09 13:20:00+09:00,257500.0,258000.0,255000.0,256500.0,2760.0
2026-09-09 13:30:00+09:00,256500.0,257000.0,256000.0,256500.0,732.0
2026-09-09 13:40:00+09:00,256500.0,257000.0,256000.0,256500.0,375.0
2026-09-09 13:50:00+09:00,257000.0,257000.0,256000.0,256500.0,438.0
2026-09-09 14:00:00+09:00,256500.0,256500.0,253000.0,253500.0,2012.0
2026-09-09 14:10:00+09:00,254000.0,254500.0,253000.0,253500.0,2034.0
2026-09-09 14:20:00+09:00,253500.0,253500.0,251500.0,252000.0,1903.0
2026-09-09 14:30:00+09:00,251500.0,252000.0,250000.0,251000.0,3524.0
2026-09-09 14:40:00+09:00,251000.0,252500.0,250500.0,251000.0,2287.0
2026-09-09 14:50:00+09:00,251500.0,251500.0,246500.0,248500.0,6502.0
2026-09-10 09:00:00+09:00,251000.0,253500.0,246500.0,246500.0,1968.0
2026-09-10 09:10:00+09:00,246500.0,250000.0,245500.0,248500.0,1090.0
2026-09-10 09:20:00+09:00,248000.0,251500.0,248000.0,249000.0,1848.0
2026-09-10 09:30:00+09:00,249500.0,253000.0,248500.0,250500.0,2107.0
2026-09-10 09:40:00+09:00,250500.0,251500.0,250000.0,251500.0,445.0
2026-09-10 09:50:00+09:00,251000.0,251000.0,250000.0,250000.0,465.0
2026-09-10 10:00:00+09:00,249500.0,252000.0,249500.0,251000.0,697.0
2026-09-10 10:10:00+09:00,251000.0,252000.0,250000.0,250500.0,485.0
2026-09-10 10:20:00+09:00,250500.0,252000.0,249500.0,250000.0,804.0
2026-09-10 10:30:00+09:00,249500.0,250000.0,247000.0,248500.0,1140.0
2026-09-10 10:40:00+09:00,248500.0,248500.0,247000.0,248000.0,1197.0
2026-09-10 10:50:00+09:00,248000.0,248000.0,247500.0,248000.0,347.0
2026-09-10 11:00:00+09:00,248000.0,248000.0,247500.0,247500.0,691.0
2026-09-10 11:10:00+09:00,248000.0,248000.0,247500.0,247500.0,985.0
2026-09-10 11:20:00+09:00,248000.0,249000.0,247000.0,248000.0,3810.0
2026-09-10 11:30:00+09:00,248000.0,248500.0,246000.0,248000.0,2999.0
2026-09-10 11:40:00+09:00,248500.0,250000.0,248000.0,248500.0,1230.0
2026-09-10 11:50:00+09:00,249000.0,250500.0,248500.0,249500.0,1645.0
2026-09-10 12:00:00+09:00,249500.0,252500.0,249500.0,252000.0,1785.0
2026-09-10 12:10:00+09:00,252000.0,254000.0,251500.0,253500.0,1783.0
2026-09-10 12:20:00+09:00,253500.0,255000.0,252000.0,254500.0,1346.0
2026-09-10 12:30:00+09:00,255000.0,255500.0,253000.0,253500.0,1037.0
2026-09-10 12:40:00+09:00,254000.0,255500.0,253000.0,255000.0,1512.0
2026-09-10 12:50:00+09:00,255000.0,255500.0,253000.0,254000.0,1616.0
2026-09-10 13:00:00+09:00,254250.0,254500.0,252000.0,252500.0,916.0
2026-09-10 13:10:00+09:00,252500.0,253500.0,252000.0,252000.0,1384.0
2026-09-10 13:20:00+09:00,252500.0,252500.0,251000.0,252000.0,790.0
2026-09-10 13:30:00+09:00,252000.0,253500.0,251000.0,252500.0,1454.0
2026-09-10 13:40:00+09:00,252000.0,252500.0,251500.0,252000.0,268.0
2026-09-10 13:50:00+09:00,252000.0,253500.0,251500.0,252500.0,1990.0
2026-09-10 14:00:00+09:00,252500.0,252500.0,251500.0,252500.0,1078.0
2026-09-10 14:10:00+09:00,252000.0,254000.0,251000.0,253000.0,1893.0
2026-09-10 14:20:00+09:00,253000.0,254000.0,251500.0,252000.0,838.0
2026-09-10 14:30:00+09:00,251500.0,253500.0,251000.0,251500.0,2241.0
2026-09-10 14:40:00+09:00,252000.0,252500.0,250500.0,251500.0,1398.0
2026-09-10 14:50:00+09:00,251500.0,252000.0,249500.0,250500.0,1667.0
2026-09-11 09:00:00+09:00,245500.0,248500.0,245500.0,247500.0,1178.0
2026-09-11 09:10:00+09:00,248000.0,248500.0,247000.0,247500.0,707.0
2026-09-11 09:20:00+09:00,248000.0,249500.0,247500.0,249000.0,374.0
2026-09-11 09:30:00+09:00,249000.0,249000.0,247500.0,247500.0,522.0
2026-09-11 09:40:00+09:00,248000.0,248000.0,247000.0,247000.0,282.0
2026-09-11 09:50:00+09:00,247500.0,248000.0,246500.0,247500.0,655.0
2026-09-11 10:00:00+09:00,246500.0,248000.0,246500.0,247500.0,347.0
2026-09-11 10:10:00+09:00,248000.0,248500.0,247000.0,247500.0,345.0
2026-09-11 10:20:00+09:00,248000.0,248500.0,247000.0,247000.0,264.0
2026-09-11 10:30:00+09:00,248000.0,250000.0,247000.0,248000.0,492.0
2026-09-11 10:40:00+09:00,249000.0,249000.0,248000.0,248500.0,622.0
2026-09-11 10:50:00+09:00,248000.0,253500.0,247500.0,250500.0,3501.0
2026-09-11 11:00:00+09:00,251000.0,251000.0,250000.0,250000.0,438.0
2026-09-11 11:10:00+09:00,250000.0,252000.0,250000.0,251000.0,567.0
2026-09-11 11:20:00+09:00,250500.0,252000.0,250000.0,250000.0,475.0
2026-09-11 11:30:00+09:00,250000.0,250000.0,247000.0,247000.0,1091.0
2026-09-11 11:40:00+09:00,247500.0,247500.0,246500.0,246500.0,499.0
2026-09-11 11:50:00+09:00,246500.0,248500.0,246000.0,247500.0,1555.0
2026-09-11 12:00:00+09:00,247500.0,248000.0,247500.0,247500.0,421.0
2026-09-11 12:10:00+09:00,247500.0,248000.0,247000.0,247000.0,392.0
2026-09-11 12:20:00+09:00,247500.0,247500.0,245500.0,245500.0,2226.0
2026-09-11 12:30:00+09:00,246000.0,248500.0,245500.0,247000.0,1022.0
2026-09-11 12:40:00+09:00,248000.0,248500.0,247000.0,247500.0,818.0
2026-09-11 12:50:00+09:00,247250.0,247250.0,246500.0,246500.0,485.0
2026-09-11 13:00:00+09:00,247000.0,247500.0,246500.0,247000.0,1665.0
2026-09-11 13:10:00+09:00,247500.0,248500.0,247500.0,248000.0,733.0
2026-09-11 13:20:00+09:00,248500.0,249500.0,248000.0,248500.0,1058.0
2026-09-11 13:30:00+09:00,249500.0,249500.0,248500.0,249000.0,582.0
2026-09-11 13:40:00+09:00,249000.0,250000.0,248500.0,249000.0,1242.0
2026-09-11 13:50:00+09:00,249000.0,249000.0,247000.0,248000.0,1129.0
2026-09-11 14:00:00+09:00,248000.0,249000.0,247500.0,248000.0,896.0
2026-09-11 14:10:00+09:00,248000.0,249000.0,248000.0,248000.0,750.0
2026-09-11 14:20:00+09:00,248500.0,248500.0,248000.0,248500.0,328.0
2026-09-11 14:30:00+09:00,248000.0,250000.0,248000.0,249500.0,1005.0
2026-09-11 14:40:00+09:00,249500.0,250500.0,249000.0,249500.0,749.0
2026-09-11 14:50:00+09:00,249500.0,251500.0,249000.0,250500.0,1609.0
2026-09-14 09:00:00+09:00,245000.0,248500.0,243500.0,247000.0,574.0
2026-09-14 09:10:00+09:00,248000.0,249500.0,247000.0,247500.0,843.0
2026-09-14 09:20:00+09:00,248500.0,250000.0,247500.0,249000.0,470.0
2026-09-14 09:30:00+09:00,248500.0,251000.0,247500.0,247500.0,764.0
2026-09-14 09:40:00+09:00,248500.0,251500.0,248000.0,251500.0,319.0
2026-09-14 09:50:00+09:00,252000.0,252000.0,250500.0,251000.0,293.0
2026-09-14 10:00:00+09:00,251000.0,254000.0,251000.0,252000.0,546.0
2026-09-14 10:10:00+09:00,252500.0,252500.0,251000.0,252000.0,248.0
2026-09-14 10:20:00+09:00,252000.0,252500.0,251000.0,251500.0,198.0
2026-09-14 10:30:00+09:00,251500.0,252500.0,251500.0,252500.0,116.0
2026-09-14 10:40:00+09:00,252500.0,253000.0,252000.0,252500.0,204.0
2026-09-14 10:50:00+09:00,252000.0,253500.0,252000.0,253500.0,141.0
2026-09-14 11:00:00+09:00,253000.0,253500.0,252000.0,253000.0,204.0
2026-09-14 11:10:00+09:00,253000.0,253000.0,252000.0,252500.0,149.0
2026-09-14 11:20:00+09:00,253000.0,253000.0,252000.0,252000.0,253.0
2026-09-14 11:30:00+09:00,252000.0,253000.0,252000.0,253000.0,402.0
2026-09-14 11:40:00+09:00,253000.0,253000.0,252000.0,252000.0,222.0
2026-09-14 11:50:00+09:00,252500.0,253000.0,252000.0,252000.0,211.0
2026-09-14 12:00:00+09:00,252000.0,253500.0,252000.0,253000.0,115.0
2026-09-14 12:10:00+09:00,253000.0,253000.0,251000.0,251500.0,201.0
2026-09-14 12:20:00+09:00,251500.0,252000.0,251000.0,251500.0,186.0
2026-09-14 12:30:00+09:00,252000.0,252000.0,251000.0,251500.0,96.0
2026-09-14 12:40:00+09:00,251500.0,252000.0,250500.0,251500.0,287.0
2026-09-14 12:50:00+09:00,252000.0,252000.0,251000.0,251500.0,90.0
2026-09-14 13:00:00+09:00,251000.0,252000.0,251000.0,251500.0,295.0
2026-09-14 13:10:00+09:00,251500.0,251500.0,250000.0,251500.0,306.0
2026-09-14 13:20:00+09:00,252000.0,252000.0,250000.0,250500.0,150.0
2026-09-14 13:30:00+09:00,250000.0,250500.0,249500.0,249500.0,335.0
2026-09-14 13:40:00+09:00,249500.0,250000.0,249500.0,250000.0,110.0
2026-09-14 13:50:00+09:00,250000.0,250000.0,249500.0,250000.0,200.0
2026-09-14 14:00:00+09:00,249500.0,250000.0,249000.0,249500.0,246.0
2026-09-14 14:10:00+09:00,249500.0,249500.0,248000.0,248500.0,223.0
2026-09-14 14:20:00+09:00,248500.0,249000.0,248000.0,248500.0,408.0
2026-09-14 14:30:00+09:00,248500.0,248500.0,248000.0,248000.0,238.0
2026-09-14 14:40:00+09:00,248500.0,248500.0,248000.0,248500.0,354.0
2026-09-14 14:50:00+09:00,248500.0,248500.0,248000.0,248500.0,307.0
2026-09-15 09:00:00+09:00,246000.0,249500.0,245000.0,247500.0,680.0
2026-09-15 09:10:00+09:00,247000.0,247500.0,246500.0,247000.0,296.0
2026-09-15 09:20:00+09:00,247500.0,254000.0,247500.0,253500.0,1579.0
2026-09-15 09:30:00+09:00,253000.0,255000.0,251000.0,254000.0,1164.0
2026-09-15 09:40:00+09:00,254000.0,254500.0,253000.0,253500.0,364.0
2026-09-15 09:50:00+09:00,253000.0,254000.0,253000.0,253500.0,492.0
2026-09-15 10:00:00+09:00,254000.0,254500.0,253500.0,254000.0,261.0
2026-09-15 10:10:00+09:00,254250.0,258000.0,254000.0,256000.0,2109.0
2026-09-15 10:20:00+09:00,256000.0,258000.0,256000.0,257000.0,705.0
2026-09-15 10:30:00+09:00,257000.0,258500.0,256500.0,257500.0,842.0
2026-09-15 10:40:00+09:00,258000.0,258000.0,256500.0,258000.0,337.0
2026-09-15 10:50:00+09:00,257500.0,258500.0,257500.0,258000.0,270.0
2026-09-15 11:00:00+09:00,257500.0,258500.0,257500.0,258500.0,372.0
2026-09-15 11:10:00+09:00,258500.0,258500.0,257000.0,257000.0,587.0
2026-09-15 11:20:00+09:00,257000.0,257500.0,256000.0,257500.0,209.0
2026-09-15 11:30:00+09:00,257000.0,258000.0,257000.0,257000.0,104.0
2026-09-15 11:40:00+09:00,257000.0,258000.0,257000.0,257500.0,129.0
2026-09-15 11:50:00+09:00,258000.0,258000.0,257000.0,257000.0,109.0
2026-09-15 12:00:00+09:00,257500.0,258500.0,257000.0,257500.0,385.0
2026-09-15 12:10:00+09:00,258000.0,259500.0,257000.0,258500.0,447.0
2026-09-15 12:20:00+09:00,258500.0,259000.0,257500.0,258000.0,226.0
2026-09-15 12:30:00+09:00,258500.0,258500.0,257500.0,257500.0,91.0
2026-09-15 12:40:00+09:00,258000.0,258500.0,257500.0,258500.0,108.0
2026-09-15 12:50:00+09:00,258500.0,258500.0,257500.0,258000.0,175.0
2026-09-15 13:00:00+09:00,257500.0,258000.0,256500.0,256500.0,420.0
2026-09-15 13:10:00+09:00,257000.0,257500.0,256000.0,257000.0,214.0
2026-09-15 13:20:00+09:00,256500.0,256500.0,255500.0,255500.0,339.0
2026-09-15 13:30:00+09:00,255500.0,257000.0,255500.0,256500.0,314.0
2026-09-15 13:40:00+09:00,256000.0,258000.0,255000.0,256500.0,598.0
2026-09-15 13:50:00+09:00,256000.0,256500.0,254500.0,254500.0,280.0
2026-09-15 14:00:00+09:00,255000.0,256500.0,254000.0,254000.0,297.0
2026-09-15 14:10:00+09:00,254000.0,255000.0,253000.0,254500.0,278.0
2026-09-15 14:20:00+09:00,254000.0,255000.0,253500.0,254500.0,288.0
2026-09-15 14:30:00+09:00,254500.0,255500.0,254500.0,254500.0,178.0
2026-09-15 14:40:00+09:00,254500.0,256000.0,254500.0,255500.0,193.0
2026-09-15 14:50:00+09:00,256000.0,256000.0,254000.0,254000.0,383.0
2026-09-16 09:00:00+09:00,254500.0,254500.0,250000.0,250000.0,552.0
2026-09-16 09:10:00+09:00,250500.0,251000.0,250000.0,250500.0,221.0
2026-09-16 09:20:00+09:00,250500.0,252000.0,249500.0,251000.0,333.0
2026-09-16 09:30:00+09:00,251000.0,252000.0,251000.0,251500.0,90.0
2026-09-16 09:40:00+09:00,252000.0,252000.0,250500.0,251000.0,156.0
2026-09-16 09:50:00+09:00,251500.0,251500.0,250000.0,250000.0,166.0
2026-09-16 10:00:00+09:00,251000.0,251000.0,250000.0,250500.0,152.0
2026-09-16 10:10:00+09:00,251000.0,251000.0,250000.0,250000.0,156.0
2026-09-16 10:20:00+09:00,251000.0,252000.0,249500.0,252000.0,381.0
2026-09-16 10:30:00+09:00,251500.0,252000.0,250500.0,250500.0,149.0
2026-09-16 10:40:00+09:00,251000.0,251500.0,250500.0,251000.0,80.0
2026-09-16 10:50:00+09:00,252000.0,252000.0,250500.0,250500.0,206.0
2026-09-16 11:00:00+09:00,251500.0,251500.0,248000.0,249500.0,854.0
2026-09-16 11:10:00+09:00,249500.0,250500.0,248500.0,249000.0,225.0
2026-09-16 11:20:00+09:00,249000.0,250000.0,248500.0,249500.0,130.0
2026-09-16 11:30:00+09:00,250000.0,250500.0,249000.0,249000.0,132.0
2026-09-16 11:40:00+09:00,249000.0,249500.0,248500.0,249500.0,89.0
2026-09-16 11:50:00+09:00,249500.0,250500.0,248500.0,250500.0,195.0
2026-09-16 12:00:00+09:00,249500.0,250500.0,249500.0,249500.0,96.0
2026-09-16 12:10:00+09:00,250000.0,250500.0,249500.0,250500.0,481.0
2026-09-16 12:20:00+09:00,250000.0,250500.0,250000.0,250000.0,109.0
2026-09-16 12:30:00+09:00,250500.0,251000.0,250000.0,250000.0,73.0
2026-09-16 12:40:00+09:00,250000.0,250500.0,249500.0,249500.0,106.0
2026-09-16 12:50:00+09:00,250500.0,250500.0,249500.0,250500.0,76.0
2026-09-16 13:00:00+09:00,250500.0,251000.0,250000.0,251000.0,130.0
2026-09-16 13:10:00+09:00,251000.0,251500.0,250000.0,250500.0,145.0
2026-09-16 13:20:00+09:00,250500.0,251500.0,250500.0,250500.0,119.0
2026-09-16 13:30:00+09:00,251000.0,251500.0,250500.0,251500.0,147.0
2026-09-16 13:40:00+09:00,251500.0,251500.0,250500.0,251500.0,105.0
2026-09-16 13:50:00+09:00,250500.0,251500.0,250000.0,250500.0,339.0
2026-09-16 14:00:00+09:00,250500.0,251000.0,250000.0,250500.0,79.0
2026-09-16 14:10:00+09:00,250500.0,251500.0,250000.0,251000.0,111.0
2026-09-16 14:20:00+09:00,250500.0,251000.0,250000.0,250500.0,126.0
2026-09-16 14:30:00+09:00,250500.0,251500.0,250500.0,251000.0,106.0
2026-09-16 14:40:00+09:00,251000.0,253000.0,250500.0,252500.0,289.0
2026-09-16 14:50:00+09:00,252500.0,253500.0,251500.0,253500.0,288.0
2026-09-17 09:00:00+09:00,256500.0,256500.0,252500.0,253500.0,342.0
2026-09-17 09:10:00+09:00,253000.0,256000.0,253000.0,254500.0,586.0
2026-09-17 09:20:00+09:00,254000.0,254000.0,252000.0,253000.0,283.0
2026-09-17 09:30:00+09:00,253500.0,254500.0,253000.0,253500.0,243.0
2026-09-17 09:40:00+09:00,253500.0,253500.0,252500.0,253000.0,121.0
2026-09-17 09:50:00+09:00,253000.0,254500.0,252500.0,254000.0,227.0
2026-09-17 10:00:00+09:00,255000.0,256500.0,254000.0,256500.0,512.0
2026-09-17 10:10:00+09:00,256500.0,258000.0,256000.0,257500.0,430.0
2026-09-17 10:20:00+09:00,257500.0,259000.0,257000.0,258500.0,431.0
2026-09-17 10:30:00+09:00,259000.0,259500.0,258500.0,258500.0,298.0
2026-09-17 10:40:00+09:00,259500.0,259500.0,258000.0,259000.0,341.0
2026-09-17 10:50:00+09:00,259500.0,261000.0,257500.0,260000.0,1386.0
2026-09-17 11:00:00+09:00,260500.0,260500.0,256000.0,257500.0,582.0
2026-09-17 11:10:00+09:00,258000.0,259500.0,257500.0,258500.0,164.0
2026-09-17 11:20:00+09:00,258000.0,259500.0,258000.0,258500.0,157.0
2026-09-17 11:30:00+09:00,258500.0,259000.0,257500.0,257500.0,229.0
2026-09-17 11:40:00+09:00,258500.0,259500.0,258000.0,259500.0,91.0
2026-09-17 11:50:00+09:00,259500.0,259500.0,258000.0,259500.0,160.0
2026-09-17 12:00:00+09:00,259500.0,260000.0,258000.0,259000.0,167.0
2026-09-17 12:10:00+09:00,259000.0,259500.0,258500.0,259500.0,105.0
2026-09-17 12:20:00+09:00,259000.0,260000.0,258500.0,259000.0,257.0
2026-09-17 12:30:00+09:00,259000.0,260000.0,258500.0,259500.0,141.0
2026-09-17 12:40:00+09:00,259500.0,260000.0,258000.0,259000.0,228.0
2026-09-17 12:50:00+09:00,258000.0,259500.0,257500.0,258000.0,356.0
2026-09-17 13:00:00+09:00,258000.0,259000.0,258000.0,258000.0,313.0
2026-09-17 13:10:00+09:00,258000.0,259000.0,257000.0,257500.0,232.0
2026-09-17 13:20:00+09:00,257500.0,259000.0,256500.0,256500.0,281.0
2026-09-17 13:30:00+09:00,257000.0,258000.0,256500.0,258000.0,259.0
2026-09-17 13:40:00+09:00,257500.0,260000.0,257500.0,259000.0,430.0
2026-09-17 13:50:00+09:00,259500.0,260500.0,259000.0,260500.0,932.0
2026-09-17 14:00:00+09:00,260000.0,260500.0,259000.0,259500.0,570.0
2026-09-17 14:10:00+09:00,259500.0,260000.0,257500.0,258500.0,593.0
2026-09-17 14:20:00+09:00,258500.0,259500.0,257500.0,259000.0,420.0
2026-09-17 14:30:00+09:00,259500.0,260000.0,258500.0,259000.0,448.0
2026-09-17 14:40:00+09:00,260000.0,260000.0,257500.0,258500.0,462.0
2026-09-17 14:50:00+09:00,258500.0,259000.0,257000.0,257500.0,436.0
2026-09-18 09:00:00+09:00,262000.0,263500.0,260000.0,260500.0,477.0
2026-09-18 09:10:00+09:00,261500.0,261500.0,259000.0,260000.0,493.0
2026-09-18 09:20:00+09:00,260000.0,261000.0,259000.0,260000.0,166.0
2026-09-18 09:30:00+09:00,260000.0,260500.0,258500.0,258500.0,244.0
2026-09-18 09:40:00+09:00,259000.0,259500.0,258000.0,258000.0,189.0
2026-09-18 09:50:00+09:00,258500.0,258500.0,255500.0,256000.0,622.0
2026-09-18 10:00:00+09:00,256500.0,257000.0,255000.0,256000.0,207.0
2026-09-18 10:10:00+09:00,256000.0,256000.0,254500.0,254500.0,278.0
2026-09-18 10:20:00+09:00,255000.0,256000.0,254500.0,255000.0,162.0
2026-09-18 10:30:00+09:00,254500.0,255000.0,254000.0,254500.0,179.0
2026-09-18 10:40:00+09:00,255000.0,255000.0,253500.0,254000.0,494.0
2026-09-18 10:50:00+09:00,254500.0,254500.0,253500.0,254000.0,165.0
2026-09-18 11:00:00+09:00,254500.0,255000.0,254000.0,254500.0,258.0
2026-09-18 11:10:00+09:00,254000.0,255000.0,254000.0,254000.0,439.0
2026-09-18 11:20:00+09:00,254000.0,254500.0,253500.0,254500.0,148.0
2026-09-18 11:30:00+09:00,254500.0,254500.0,253500.0,254000.0,163.0
2026-09-18 11:40:00+09:00,254500.0,254500.0,253500.0,254500.0,116.0
2026-09-18 11:50:00+09:00,254500.0,254500.0,254000.0,254000.0,92.0
2026-09-18 12:00:00+09:00,254500.0,254500.0,253000.0,253500.0,255.0
2026-09-18 12:10:00+09:00,253500.0,254500.0,253500.0,253500.0,365.0
2026-09-18 12:20:00+09:00,254000.0,254000.0,253500.0,253500.0,104.0
2026-09-18 12:30:00+09:00,254000.0,254000.0,253000.0,253500.0,372.0
2026-09-18 12:40:00+09:00,253500.0,254000.0,253000.0,253000.0,116.0
2026-09-18 12:50:00+09:00,253500.0,254500.0,253000.0,254000.0,195.0
2026-09-18 13:00:00+09:00,254000.0,254500.0,253500.0,253500.0,472.0
2026-09-18 13:10:00+09:00,254500.0,254500.0,253000.0,253500.0,240.0
2026-09-18 13:20:00+09:00,253500.0,254000.0,253000.0,253500.0,136.0
2026-09-18 13:30:00+09:00,253500.0,254500.0,253500.0,254500.0,123.0
2026-09-18 13:40:00+09:00,253500.0,254500.0,253500.0,254500.0,154.0
2026-09-18 13:50:00+09:00,253500.0,254500.0,253500.0,253500.0,123.0
2026-09-18 14:00:00+09:00,253500.0,254500.0,253500.0,253500.0,117.0
2026-09-18 14:10:00+09:00,253500.0,254000.0,253000.0,253500.0,143.0
2026-09-18 14:20:00+09:00,253500.0,254000.0,253000.0,254000.0,317.0
2026-09-18 14:30:00+09:00,253500.0,254500.0,253000.0,253500.0,470.0
2026-09-18 14:40:00+09:00,253500.0,254500.0,253500.0,253500.0,263.0
2026-09-18 14:50:00+09:00,253500.0,255000.0,253000.0,254000.0,564.0
2026-09-21 09:00:00+09:00,252500.0,255500.0,252000.0,254500.0,84.0
2026-09-21 09:10:00+09:00,255000.0,256000.0,253500.0,255500.0,314.0
2026-09-21 09:20:00+09:00,255000.0,257000.0,254500.0,255500.0,662.0
2026-09-21 09:30:00+09:00,255500.0,257000.0,254500.0,256000.0,402.0
2026-09-21 09:40:00+09:00,255500.0,256000.0,254500.0,255000.0,197.0
2026-09-21 09:50:00+09:00,254500.0,256000.0,254500.0,256000.0,214.0
2026-09-21 10:00:00+09:00,256000.0,257000.0,255500.0,256000.0,421.0
2026-09-21 10:10:00+09:00,256000.0,256500.0,255000.0,255000.0,160.0
2026-09-21 10:20:00+09:00,255000.0,256500.0,254500.0,254500.0,636.0
2026-09-21 10:30:00+09:00,254500.0,256000.0,254500.0,255500.0,84.0
2026-09-21 10:40:00+09:00,254500.0,255500.0,254500.0,255500.0,75.0
2026-09-21 10:50:00+09:00,255000.0,255500.0,253000.0,254000.0,317.0
2026-09-21 11:00:00+09:00,254000.0,255000.0,253500.0,254000.0,162.0
2026-09-21 11:10:00+09:00,255000.0,255000.0,253500.0,254000.0,178.0
2026-09-21 11:20:00+09:00,253500.0,254000.0,253000.0,253000.0,110.0
2026-09-21 11:30:00+09:00,253000.0,254000.0,253000.0,253000.0,126.0
2026-09-21 11:40:00+09:00,253000.0,254000.0,253000.0,253000.0,32.0
2026-09-21 11:50:00+09:00,253500.0,253500.0,253000.0,253500.0,28.0
2026-09-21 12:00:00+09:00,253000.0,253500.0,252000.0,253500.0,203.0
2026-09-21 12:10:00+09:00,253500.0,253500.0,252000.0,252500.0,276.0
2026-09-21 12:20:00+09:00,252500.0,253500.0,252500.0,253000.0,160.0
2026-09-21 12:30:00+09:00,253000.0,253000.0,252500.0,252500.0,107.0
2026-09-21 12:40:00+09:00,252500.0,253000.0,252500.0,252500.0,125.0
2026-09-21 12:50:00+09:00,253000.0,253500.0,253000.0,253500.0,47.0
2026-09-21 13:00:00+09:00,253500.0,253500.0,251500.0,252000.0,533.0
2026-09-21 13:10:00+09:00,252000.0,252000.0,250500.0,251500.0,414.0
2026-09-21 13:20:00+09:00,251000.0,252500.0,251000.0,251500.0,412.0
2026-09-21 13:30:00+09:00,251500.0,251500.0,251000.0,251500.0,214.0
2026-09-21 13:40:00+09:00,251500.0,251500.0,251000.0,251000.0,341.0
2026-09-21 13:50:00+09:00,251000.0,251250.0,250500.0,251000.0,285.0
2026-09-21 14:00:00+09:00,251000.0,251500.0,250000.0,251000.0,444.0
2026-09-21 14:10:00+09:00,251000.0,251500.0,250500.0,250500.0,383.0
2026-09-21 14:20:00+09:00,250500.0,252500.0,250500.0,252000.0,601.0
2026-09-21 14:30:00+09:00,252000.0,252500.0,251500.0,252000.0,594.0
2026-09-21 14:40:00+09:00,252000.0,253000.0,251500.0,251500.0,445.0
2026-09-21 14:50:00+09:00,252000.0,252500.0,251000.0,251000.0,774.0
2026-09-22 09:00:00+09:00,255000.0,257000.0,252500.0,253000.0,802.0
2026-09-22 09:10:00+09:00,253500.0,253500.0,250000.0,251000.0,1650.0
2026-09-22 09:20:00+09:00,251000.0,251000.0,248500.0,249000.0,1582.0
2026-09-22 09:30:00+09:00,250000.0,252000.0,249000.0,251000.0,911.0
2026-09-22 09:40:00+09:00,251000.0,252500.0,250000.0,252000.0,764.0
2026-09-22 09:50:00+09:00,252000.0,254500.0,251000.0,254000.0,898.0
2026-09-22 10:00:00+09:00,254000.0,258000.0,252500.0,256500.0,3349.0
2026-09-22 10:10:00+09:00,256500.0,259000.0,255500.0,255500.0,2284.0
2026-09-22 10:20:00+09:00,255500.0,258500.0,255500.0,257500.0,1475.0
2026-09-22 10:30:00+09:00,256500.0,259000.0,256500.0,259000.0,1101.0
2026-09-22 10:40:00+09:00,258500.0,263000.0,258000.0,258500.0,4451.0
2026-09-22 10:50:00+09:00,260000.0,260000.0,257500.0,258500.0,929.0
2026-09-22 11:00:00+09:00,258500.0,259500.0,256500.0,258500.0,2533.0
2026-09-22 11:10:00+09:00,258500.0,258500.0,256000.0,257000.0,844.0
2026-09-22 11:20:00+09:00,257000.0,257500.0,256000.0,256500.0,671.0
2026-09-22 11:30:00+09:00,256500.0,257000.0,255500.0,256500.0,503.0
2026-09-22 11:40:00+09:00,256500.0,256500.0,255000.0,256000.0,558.0
2026-09-22 11:50:00+09:00,255000.0,257000.0,255000.0,256000.0,525.0
2026-09-22 12:00:00+09:00,256500.0,257000.0,256000.0,256000.0,406.0
2026-09-22 12:10:00+09:00,256000.0,256500.0,255500.0,256000.0,383.0
2026-09-22 12:20:00+09:00,256000.0,257000.0,256000.0,256500.0,528.0
2026-09-22 12:30:00+09:00,257000.0,257000.0,255500.0,256000.0,471.0
2026-09-22 12:40:00+09:00,256500.0,257000.0,256000.0,256000.0,390.0
2026-09-22 12:50:00+09:00,256000.0,256000.0,254500.0,254500.0,468.0
2026-09-22 13:00:00+09:00,254500.0,255500.0,254000.0,254000.0,533.0
2026-09-22 13:10:00+09:00,254500.0,255000.0,254000.0,254500.0,479.0
2026-09-22 13:20:00+09:00,254500.0,254500.0,253000.0,253500.0,757.0
2026-09-22 13:30:00+09:00,253000.0,254000.0,252500.0,252500.0,796.0
2026-09-22 13:40:00+09:00,252500.0,253000.0,251000.0,252000.0,586.0
2026-09-22 13:50:00+09:00,252000.0,252500.0,251000.0,251500.0,723.0
2026-09-22 14:00:00+09:00,252000.0,252500.0,251500.0,252000.0,533.0
2026-09-22 14:10:00+09:00,252500.0,253000.0,251000.0,251000.0,740.0
2026-09-22 14:20:00+09:00,251000.0,251500.0,250500.0,250750.0,761.0
2026-09-22 14:30:00+09:00,250750.0,251500.0,250500.0,251000.0,977.0
2026-09-22 14:40:00+09:00,250500.0,251250.0,250000.0,251000.0,715.0
2026-09-22 14:50:00+09:00,251000.0,252000.0,250500.0,250500.0,897.0
2026-09-23 09:00:00+09:00,253000.0,258000.0,252500.0,257000.0,756.0
2026-09-23 09:10:00+09:00,257000.0,260500.0,255500.0,258500.0,1847.0
2026-09-23 09:20:00+09:00,258500.0,266500.0,257500.0,265000.0,6002.0
2026-09-23 09:30:00+09:00,265000.0,270000.0,264000.0,267500.0,6474.0
2026-09-23 09:40:00+09:00,268000.0,271000.0,267500.0,269500.0,2376.0
2026-09-23 09:50:00+09:00,270000.0,270000.0,265500.0,267000.0,1472.0
2026-09-23 10:00:00+09:00,267000.0,268000.0,265000.0,267500.0,1443.0
2026-09-23 10:10:00+09:00,267000.0,267500.0,267000.0,267500.0,120.0
