,Open,High,Low,Close,Volume
2026-06-29 09:00:00+09:00,63200.0,63200.0,61200.0,61800.0,9687.0
2026-06-29 09:10:00+09:00,61800.0,62800.0,61700.0,62300.0,23076.0
2026-06-29 09:20:00+09:00,62300.0,62500.0,61900.0,62200.0,15299.0
2026-06-29 09:30:00+09:00,62200.0,62500.0,62000.0,62300.0,18419.0
2026-06-29 09:40:00+09:00,62300.0,62700.0,62000.0,62300.0,17930.0
2026-06-29 09:50:00+09:00,62300.0,62800.0,62300.0,62800.0,14654.0
2026-06-29 10:00:00+09:00,62800.0,62900.0,62400.0,62500.0,12637.0
2026-06-29 10:10:00+09:00,62500.0,63700.0,62400.0,63300.0,20974.0
2026-06-29 10:20:00+09:00,63300.0,63700.0,63000.0,63700.0,8937.0
2026-06-29 10:30:00+09:00,63700.0,63800.0,63300.0,63400.0,11018.0
2026-06-29 10:40:00+09:00,63300.0,63600.0,63200.0,63400.0,9580.0
2026-06-29 10:50:00+09:00,63400.0,63400.0,63100.0,63200.0,8800.0
2026-06-29 11:00:00+09:00,63200.0,63200.0,62800.0,63000.0,12537.0
2026-06-29 11:10:00+09:00,62900.0,63000.0,62700.0,62800.0,7761.0
2026-06-29 11:20:00+09:00,62800.0,63400.0,62700.0,63400.0,15970.0
2026-06-29 11:30:00+09:00,63400.0,63400.0,63200.0,63300.0,10338.0
2026-06-29 11:40:00+09:00,63400.0,64400.0,63300.0,64200.0,17821.0
2026-06-29 11:50:00+09:00,64200.0,64300.0,63800.0,64100.0,8314.0
2026-06-29 12:00:00+09:00,64050.0,64500.0,64000.0,64100.0,8305.0
2026-06-29 12:10:00+09:00,64200.0,64200.0,63800.0,63800.0,5781.0
2026-06-29 12:20:00+09:00,63800.0,64300.0,63700.0,63700.0,13860.0
2026-06-29 12:30:00+09:00,63800.0,64000.0,63600.0,63900.0,7523.0
2026-06-29 12:40:00+09:00,64000.0,64400.0,63900.0,64300.0,8644.0
2026-06-29 12:50:00+09:00,64200.0,64900.0,64200.0,64900.0,14235.0
2026-06-29 13:00:00+09:00,64700.0,65400.0,64600.0,65200.0,9907.0
2026-06-29 13:10:00+09:00,65300.0,65300.0,65100.0,65100.0,6023.0
2026-06-29 13:20:00+09:00,65100.0,65400.0,65000.0,65200.0,8396.0
2026-06-29 13:30:00+09:00,65200.0,65300.0,64900.0,65200.0,9451.0
2026-06-29 13:40:00+09:00,65200.0,65400.0,65000.0,65400.0,8218.0
2026-06-29 13:50:00+09:00,65400.0,65600.0,65100.0,65200.0,7281.0
2026-06-29 14:00:00+09:00,65200.0,65500.0,65100.0,65400.0,8714.0
2026-06-29 14:10:00+09:00,65400.0,65900.0,65300.0,65800.0,16005.0
2026-06-29 14:20:00+09:00,65800.0,65900.0,65200.0,65500.0,12614.0
2026-06-29 14:30:00+09:00,65600.0,65800.0,65500.0,65700.0,9959.0
2026-06-29 14:40:00+09:00,65700.0,66200.0,65500.0,65700.0,20349.0
2026-06-29 14:50:00+09:00,65600.0,65700.0,65400.0,65500.0,8051.0
2026-06-30 09:00:00+09:00,64800.0,64800.0,63300.0,63800.0,11815.0
2026-06-30 09:10:00+09:00,63700.0,63900.0,62400.0,62700.0,12942.0
2026-06-30 09:20:00+09:00,62700.0,63200.0,62600.0,63100.0,10595.0
2026-06-30 09:30:00+09:00,63000.0,63200.0,62500.0,62500.0,11730.0
2026-06-30 09:40:00+09:00,62600.0,63600.0,62500.0,62700.0,13004.0
2026-06-30 09:50:00+09:00,62700.0,62900.0,62400.0,62800.0,6898.0
2026-06-30 10:00:00+09:00,62800.0,63100.0,62800.0,62900.0,8783.0
2026-06-30 10:10:00+09:00,62900.0,63000.0,62600.0,63000.0,7944.0
2026-06-30 10:20:00+09:00,63000.0,63000.0,62300.0,62500.0,9310.0
2026-06-30 10:30:00+09:00,62400.0,62600.0,62400.0,62500.0,11294.0
2026-06-30 10:40:00+09:00,62400.0,62500.0,62400.0,62500.0,1963.0
2026-06-30 10:50:00+09:00,62500.0,62700.0,62500.0,62600.0,7225.0
2026-06-30 11:00:00+09:00,62500.0,62600.0,62300.0,62400.0,6168.0
2026-06-30 11:10:00+09:00,62300.0,62500.0,62100.0,62200.0,6336.0
2026-06-30 11:20:00+09:00,62100.0,62800.0,62100.0,62700.0,5385.0
2026-06-30 11:30:00+09:00,62600.0,62700.0,62400.0,62500.0,3607.0
2026-06-30 11:40:00+09:00,62500.0,62800.0,62500.0,62800.0,3623.0
2026-06-30 11:50:00+09:00,62800.0,62800.0,62500.0,62600.0,3194.0
2026-06-30 12:00:00+09:00,62500.0,62900.0,62500.0,62900.0,4171.0
2026-06-30 12:10:00+09:00,62800.0,63000.0,62600.0,62900.0,5112.0
2026-06-30 12:20:00+09:00,62800.0,62900.0,62600.0,62800.0,3955.0
2026-06-30 12:30:00+09:00,62700.0,63100.0,62700.0,63000.0,2949.0
2026-06-30 12:40:00+09:00,63100.0,63100.0,62900.0,63000.0,1751.0
2026-06-30 12:50:00+09:00,63000.0,63000.0,62700.0,62700.0,3905.0
2026-06-30 13:00:00+09:00,62700.0,62800.0,62400.0,62500.0,3742.0
2026-06-30 13:10:00+09:00,62400.0,62500.0,62200.0,62200.0,4326.0
2026-06-30 13:20:00+09:00,62200.0,62500.0,62200.0,62500.0,4046.0
2026-06-30 13:30:00+09:00,62400.0,62700.0,62400.0,62700.0,4962.0
2026-06-30 13:40:00+09:00,62700.0,62800.0,62400.0,62500.0,4080.0
2026-06-30 13:50:00+09:00,62500.0,62900.0,62400.0,62900.0,5945.0
2026-06-30 14:00:00+09:00,62800.0,62900.0,62500.0,62700.0,7215.0
2026-06-30 14:10:00+09:00,62600.0,62700.0,62300.0,62400.0,4653.0
2026-06-30 14:20:00+09:00,62300.0,62500.0,62200.0,62300.0,6466.0
2026-06-30 14:30:00+09:00,62300.0,62400.0,62100.0,62200.0,6501.0
2026-06-30 14:40:00+09:00,62200.0,62500.0,62100.0,62300.0,8171.0
2026-06-30 14:50:00+09:00,62300.0,62400.0,62100.0,62100.0,7399.0
2026-07-01 09:00:00+09:00,62900.0,63200.0,61900.0,63000.0,8367.0
2026-07-01 09:10:00+09:00,63000.0,63100.0,62500.0,62900.0,4346.0
2026-07-01 09:20:00+09:00,62800.0,63300.0,62600.0,63100.0,6703.0
2026-07-01 09:30:00+09:00,63000.0,63100.0,62300.0,62500.0,4691.0
2026-07-01 09:40:00+09:00,62600.0,63000.0,62400.0,62500.0,5284.0
2026-07-01 09:50:00+09:00,62600.0,62700.0,62200.0,62500.0,4008.0
2026-07-01 10:00:00+09:00,62500.0,62600.0,62100.0,62200.0,2724.0
2026-07-01 10:10:00+09:00,62200.0,62400.0,61900.0,62100.0,5920.0
2026-07-01 10:20:00+09:00,62100.0,63300.0,62000.0,63100.0,9694.0
2026-07-01 10:30:00+09:00,63100.0,63200.0,62600.0,62700.0,5860.0
2026-07-01 10:40:00+09:00,62800.0,62800.0,61700.0,62000.0,8891.0
2026-07-01 10:50:00+09:00,62000.0,62000.0,61500.0,61800.0,6189.0
2026-07-01 11:00:00+09:00,61800.0,62200.0,61600.0,62000.0,9074.0
2026-07-01 11:10:00+09:00,62000.0,62100.0,61600.0,61900.0,8342.0
2026-07-01 11:20:00+09:00,62000.0,62100.0,61700.0,61900.0,7794.0
2026-07-01 11:30:00+09:00,61900.0,62000.0,61800.0,61800.0,2968.0
2026-07-01 11:40:00+09:00,61800.0,63200.0,61700.0,63000.0,8600.0
2026-07-01 11:50:00+09:00,63000.0,63100.0,62700.0,62800.0,3717.0
2026-07-01 12:00:00+09:00,62800.0,63100.0,62600.0,62900.0,5661.0
2026-07-01 12:10:00+09:00,62900.0,62950.0,62600.0,62700.0,2707.0
2026-07-01 12:20:00+09:00,62700.0,63100.0,62500.0,62600.0,4142.0
2026-07-01 12:30:00+09:00,62600.0,63200.0,62500.0,63200.0,5262.0
2026-07-01 12:40:00+09:00,63100.0,63300.0,62800.0,62900.0,4080.0
2026-07-01 12:50:00+09:00,63000.0,63100.0,62800.0,63000.0,4050.0
2026-07-01 13:00:00+09:00,63000.0,63000.0,62500.0,62600.0,3793.0
2026-07-01 13:10:00+09:00,62600.0,62800.0,62400.0,62400.0,3833.0
2026-07-01 13:20:00+09:00,62400.0,62600.0,62300.0,62400.0,4431.0
2026-07-01 13:30:00+09:00,62400.0,62500.0,62300.0,62400.0,4064.0
2026-07-01 13:40:00+09:00,62400.0,62500.0,62300.0,62300.0,2576.0
2026-07-01 13:50:00+09:00,62300.0,62600.0,62300.0,62300.0,5764.0
2026-07-01 14:00:00+09:00,62300.0,62500.0,62000.0,62300.0,8584.0
2026-07-01 14:10:00+09:00,62400.0,62400.0,62100.0,62100.0,4721.0
2026-07-01 14:20:00+09:00,62100.0,62200.0,62100.0,62100.0,2767.0
2026-07-01 14:30:00+09:00,62100.0,62200.0,61800.0,62100.0,6438.0
2026-07-01 14:40:00+09:00,62200.0,62600.0,62100.0,62500.0,9919.0
2026-07-01 14:50:00+09:00,62500.0,62900.0,62500.0,62800.0,9601.0
2026-07-02 09:00:00+09:00,63400.0,63500.0,61700.0,63000.0,11805.0
2026-07-02 09:10:00+09:00,62900.0,63500.0,62200.0,63200.0,16955.0
2026-07-02 09:20:00+09:00,63150.0,64000.0,62650.0,63200.0,15144.0
2026-07-02 09:30:00+09:00,63100.0,63900.0,62900.0,63600.0,9135.0
2026-07-02 09:40:00+09:00,63550.0,63600.0,62500.0,63200.0,8541.0
2026-07-02 09:50:00+09:00,63300.0,63900.0,63200.0,63700.0,7463.0
2026-07-02 10:00:00+09:00,63650.0,64500.0,63600.0,64100.0,9918.0
2026-07-02 10:10:00+09:00,64000.0,65500.0,63900.0,65500.0,11430.0
2026-07-02 10:20:00+09:00,65500.0,66100.0,65500.0,66000.0,11429.0
2026-07-02 10:30:00+09:00,66000.0,67400.0,66000.0,66600.0,25672.0
2026-07-02 10:40:00+09:00,66600.0,67000.0,66000.0,66200.0,6376.0
2026-07-02 10:50:00+09:00,66200.0,66200.0,65000.0,66000.0,5639.0
2026-07-02 11:00:00+09:00,66000.0,66600.0,65600.0,66600.0,4916.0
2026-07-02 11:10:00+09:00,66600.0,67000.0,66500.0,66800.0,4261.0
2026-07-02 11:20:00+09:00,66700.0,67000.0,66600.0,66700.0,4624.0
2026-07-02 11:30:00+09:00,66800.0,66800.0,66700.0,66800.0,1715.0
2026-07-02 11:40:00+09:00,66700.0,66800.0,66600.0,66800.0,3120.0
2026-07-02 11:50:00+09:00,66800.0,66800.0,66600.0,66700.0,2475.0
2026-07-02 12:00:00+09:00,66700.0,67000.0,66600.0,66900.0,4175.0
2026-07-02 12:10:00+09:00,66800.0,66900.0,66800.0,66800.0,1972.0
2026-07-02 12:20:00+09:00,66800.0,66900.0,66400.0,66600.0,3659.0
2026-07-02 12:30:00+09:00,66500.0,66900.0,66500.0,66900.0,2857.0
2026-07-02 12:40:00+09:00,66900.0,66900.0,66700.0,66800.0,2868.0
2026-07-02 12:50:00+09:00,66800.0,67000.0,66800.0,66800.0,5870.0
2026-07-02 13:00:00+09:00,66700.0,66900.0,66600.0,66800.0,1860.0
2026-07-02 13:10:00+09:00,66700.0,66700.0,66400.0,66700.0,3628.0
2026-07-02 13:20:00+09:00,66700.0,67000.0,66400.0,67000.0,12896.0
2026-07-02 13:30:00+09:00,66950.0,67000.0,66700.0,66800.0,4274.0
2026-07-02 13:40:00+09:00,66800.0,66900.0,66700.0,66900.0,4059.0
2026-07-02 13:50:00+09:00,66900.0,67400.0,66800.0,67400.0,11183.0
2026-07-02 14:00:00+09:00,67400.0,67500.0,67200.0,67400.0,10987.0
2026-07-02 14:10:00+09:00,67400.0,67900.0,67300.0,67800.0,16432.0
2026-07-02 14:20:00+09:00,67900.0,68000.0,67600.0,67700.0,8925.0
2026-07-02 14:30:00+09:00,67700.0,67700.0,67100.0,67400.0,8470.0
2026-07-02 14:40:00+09:00,67400.0,67400.0,66600.0,66800.0,9638.0
2026-07-02 14:50:00+09:00,66900.0,68000.0,66800.0,67600.0,24763.0
2026-07-03 09:00:00+09:00,67400.0,67400.0,64400.0,64600.0,11895.0
2026-07-03 09:10:00+09:00,64500.0,65800.0,64200.0,65100.0,10614.0
2026-07-03 09:20:00+09:00,65400.0,65600.0,64900.0,65200.0,5178.0
2026-07-03 09:30:00+09:00,65100.0,66100.0,64900.0,65900.0,8513.0
2026-07-03 09:40:00+09:00,65900.0,66000.0,65100.0,65300.0,7363.0
2026-07-03 09:50:00+09:00,65300.0,65700.0,65100.0,65400.0,8495.0
2026-07-03 10:00:00+09:00,65500.0,66300.0,65300.0,66200.0,10911.0
2026-07-03 10:10:00+09:00,66200.0,67400.0,66000.0,66900.0,7767.0
2026-07-03 10:20:00+09:00,67000.0,67300.0,66800.0,67100.0,6410.0
2026-07-03 10:30:00+09:00,67100.0,67100.0,66600.0,66900.0,5957.0
2026-07-03 10:40:00+09:00,66900.0,67100.0,66500.0,66800.0,5660.0
2026-07-03 10:50:00+09:00,66800.0,67000.0,66600.0,66900.0,3660.0
2026-07-03 11:00:00+09:00,67000.0,67400.0,66700.0,66900.0,3213.0
2026-07-03 11:10:00+09:00,66900.0,67000.0,66200.0,66400.0,7566.0
2026-07-03 11:20:00+09:00,66400.0,67000.0,66400.0,66900.0,4602.0
2026-07-03 11:30:00+09:00,66900.0,67000.0,66600.0,66900.0,2405.0
2026-07-03 11:40:00+09:00,66900.0,67000.0,66500.0,67000.0,2501.0
2026-07-03 11:50:00+09:00,67000.0,67300.0,66900.0,67300.0,3101.0
2026-07-03 12:00:00+09:00,67200.0,67200.0,66600.0,67000.0,4109.0
2026-07-03 12:10:00+09:00,67000.0,67200.0,66800.0,67200.0,3336.0
2026-07-03 12:20:00+09:00,67200.0,67300.0,66900.0,67200.0,1596.0
2026-07-03 12:30:00+09:00,67200.0,67300.0,66600.0,66800.0,5061.0
2026-07-03 12:40:00+09:00,66900.0,67000.0,66300.0,66900.0,2335.0
2026-07-03 12:50:00+09:00,67000.0,67300.0,66600.0,67300.0,5165.0
2026-07-03 13:00:00+09:00,67300.0,67300.0,66700.0,66700.0,2545.0
2026-07-03 13:10:00+09:00,66700.0,66800.0,66300.0,66500.0,3258.0
2026-07-03 13:20:00+09:00,66400.0,66500.0,66100.0,66400.0,5498.0
2026-07-03 13:30:00+09:00,66300.0,66300.0,66000.0,66100.0,3965.0
2026-07-03 13:40:00+09:00,66000.0,66300.0,65900.0,66100.0,3957.0
2026-07-03 13:50:00+09:00,66100.0,66500.0,65900.0,66200.0,6238.0
2026-07-03 14:00:00+09:00,66300.0,66700.0,66000.0,66600.0,7119.0
2026-07-03 14:10:00+09:00,66700.0,66800.0,66200.0,66700.0,7314.0
2026-07-03 14:20:00+09:00,66600.0,66800.0,66400.0,66700.0,7228.0
2026-07-03 14:30:00+09:00,66600.0,66900.0,66400.0,66800.0,6379.0
2026-07-03 14:40:00+09:00,66800.0,67100.0,66500.0,66500.0,6281.0
2026-07-03 14:50:00+09:00,66600.0,66900.0,66500.0,66800.0,7279.0
2026-07-06 09:00:00+09:00,66900.0,69300.0,66800.0,68400.0,4682.0
2026-07-06 09:10:00+09:00,68300.0,69700.0,68300.0,69400.0,18728.0
2026-07-06 09:20:00+09:00,69450.0,69700.0,68600.0,68800.0,12579.0
2026-07-06 09:30:00+09:00,68800.0,70100.0,68700.0,70000.0,19936.0
2026-07-06 09:40:00+09:00,69900.0,70100.0,69400.0,69800.0,9656.0
2026-07-06 09:50:00+09:00,69700.0,69900.0,69100.0,69700.0,10421.0
2026-07-06 10:00:00+09:00,69700.0,69700.0,69100.0,69100.0,6892.0
2026-07-06 10:10:00+09:00,69000.0,70600.0,68700.0,70400.0,20198.0
2026-07-06 10:20:00+09:00,70500.0,70700.0,69900.0,70100.0,10563.0
2026-07-06 10:30:00+09:00,70200.0,70700.0,70100.0,70400.0,7824.0
2026-07-06 10:40:00+09:00,70400.0,70700.0,69800.0,70000.0,8582.0
2026-07-06 10:50:00+09:00,70100.0,70100.0,69100.0,69700.0,10586.0
2026-07-06 11:00:00+09:00,69700.0,70200.0,69400.0,69800.0,6655.0
2026-07-06 11:10:00+09:00,69700.0,70000.0,69400.0,69500.0,6041.0
2026-07-06 11:20:00+09:00,69500.0,69700.0,68800.0,68900.0,8332.0
2026-07-06 11:30:00+09:00,68900.0,69400.0,68600.0,68700.0,6787.0
2026-07-06 11:40:00+09:00,68700.0,68700.0,67900.0,68100.0,9691.0
2026-07-06 11:50:00+09:00,68150.0,68700.0,67800.0,68500.0,9790.0
2026-07-06 12:00:00+09:00,68500.0,69000.0,68200.0,68900.0,9463.0
2026-07-06 12:10:00+09:00,69000.0,69200.0,68400.0,68800.0,9062.0
2026-07-06 12:20:00+09:00,68700.0,68900.0,68300.0,68400.0,6809.0
2026-07-06 12:30:00+09:00,68400.0,68800.0,68300.0,68600.0,5240.0
2026-07-06 12:40:00+09:00,68600.0,68900.0,68500.0,68600.0,5361.0
2026-07-06 12:50:00+09:00,68700.0,69000.0,68400.0,68850.0,5441.0
2026-07-06 13:00:00+09:00,68850.0,68900.0,68400.0,68600.0,7597.0
2026-07-06 13:10:00+09:00,68600.0,69100.0,68400.0,69000.0,5159.0
2026-07-06 13:20:00+09:00,69000.0,69500.0,68800.0,69300.0,6782.0
2026-07-06 13:30:00+09:00,69350.0,69600.0,69200.0,69200.0,8780.0
2026-07-06 13:40:00+09:00,69300.0,69700.0,69200.0,69600.0,7741.0
2026-07-06 13:50:00+09:00,69500.0,69800.0,69400.0,69600.0,7174.0
2026-07-06 14:00:00+09:00,69600.0,69800.0,69300.0,69400.0,6938.0
2026-07-06 14:10:00+09:00,69350.0,69400.0,68900.0,69000.0,7184.0
2026-07-06 14:20:00+09:00,68950.0,69400.0,68700.0,69400.0,10605.0
2026-07-06 14:30:00+09:00,69300.0,69300.0,69000.0,69100.0,7388.0
2026-07-06 14:40:00+09:00,69000.0,70400.0,69000.0,70100.0,22583.0
2026-07-06 14:50:00+09:00,70100.0,70600.0,70100.0,70400.0,16456.0
2026-07-07 09:00:00+09:00,70800.0,71100.0,69600.0,70500.0,9483.0
2026-07-07 09:10:00+09:00,70600.0,70700.0,69400.0,69800.0,8572.0
2026-07-07 09:20:00+09:00,69800.0,70300.0,69200.0,70200.0,8136.0
2026-07-07 09:30:00+09:00,70200.0,70300.0,69700.0,69900.0,6582.0
2026-07-07 09:40:00+09:00,69900.0,70400.0,69500.0,69800.0,10772.0
2026-07-07 09:50:00+09:00,69900.0,70300.0,69600.0,70300.0,4203.0
2026-07-07 10:00:00+09:00,70300.0,71700.0,70100.0,71400.0,16111.0
2026-07-07 10:10:00+09:00,71400.0,71700.0,70900.0,71200.0,18944.0
2026-07-07 10:20:00+09:00,71200.0,71500.0,70600.0,71200.0,7621.0
2026-07-07 10:30:00+09:00,71200.0,71500.0,70600.0,71300.0,18400.0
2026-07-07 10:40:00+09:00,71400.0,72600.0,71300.0,72400.0,26156.0
2026-07-07 10:50:00+09:00,72500.0,72600.0,72000.0,72200.0,7856.0
2026-07-07 11:00:00+09:00,72200.0,72500.0,72000.0,72500.0,9800.0
2026-07-07 11:10:00+09:00,72300.0,72800.0,72000.0,72300.0,13693.0
2026-07-07 11:20:00+09:00,72300.0,72400.0,71600.0,71800.0,4711.0
2026-07-07 11:30:00+09:00,71900.0,72000.0,71600.0,71900.0,4042.0
2026-07-07 11:40:00+09:00,71900.0,72000.0,71500.0,71800.0,5843.0
2026-07-07 11:50:00+09:00,71700.0,71800.0,71400.0,71500.0,4364.0
2026-07-07 12:00:00+09:00,71500.0,71900.0,71400.0,71900.0,5103.0
2026-07-07 12:10:00+09:00,71900.0,71900.0,71500.0,71700.0,4477.0
2026-07-07 12:20:00+09:00,71700.0,72400.0,71600.0,72200.0,9979.0
2026-07-07 12:30:00+09:00,72100.0,72200.0,71800.0,72200.0,7698.0
2026-07-07 12:40:00+09:00,72100.0,72200.0,71600.0,71800.0,7256.0
2026-07-07 12:50:00+09:00,71800.0,71800.0,70600.0,71400.0,16269.0
2026-07-07 13:00:00+09:00,71400.0,71800.0,71000.0,71500.0,12125.0
2026-07-07 13:10:00+09:00,71500.0,71600.0,71000.0,71300.0,4402.0
2026-07-07 13:20:00+09:00,71300.0,71500.0,71200.0,71400.0,4395.0
2026-07-07 13:30:00+09:00,71400.0,71500.0,71100.0,71200.0,5485.0
2026-07-07 13:40:00+09:00,71200.0,71500.0,71000.0,71100.0,5785.0
2026-07-07 13:50:00+09:00,71200.0,71300.0,71000.0,71000.0,1679.0
2026-07-07 14:20:00+09:00,71100.0,73000.0,71100.0,73000.0,48122.0
2026-07-07 14:30:00+09:00,73000.0,74100.0,72900.0,73800.0,54462.0
2026-07-07 14:40:00+09:00,73800.0,73900.0,72700.0,72900.0,19815.0
2026-07-07 14:50:00+09:00,73000.0,73500.0,72500.0,72700.0,19334.0
2026-07-08 09:00:00+09:00,73900.0,74500.0,72200.0,73100.0,60149.0
2026-07-08 09:10:00+09:00,73100.0,73800.0,72800.0,73700.0,24665.0
2026-07-08 09:20:00+09:00,73800.0,74800.0,73500.0,74800.0,15991.0
2026-07-08 09:30:00+09:00,74800.0,75000.0,74300.0,74900.0,14686.0
2026-07-08 09:40:00+09:00,75000.0,75000.0,74400.0,74800.0,11007.0
2026-07-08 09:50:00+09:00,74700.0,75400.0,74700.0,75200.0,21484.0
2026-07-08 10:00:00+09:00,75100.0,75200.0,74600.0,74800.0,22319.0
2026-07-08 10:10:00+09:00,74800.0,74800.0,73700.0,73900.0,19531.0
2026-07-08 10:20:00+09:00,73900.0,74100.0,73700.0,73900.0,21425.0
2026-07-08 10:30:00+09:00,73900.0,74000.0,73500.0,73900.0,13737.0
2026-07-08 10:40:00+09:00,73900.0,74000.0,73200.0,73600.0,8799.0
2026-07-08 10:50:00+09:00,73500.0,73600.0,72900.0,73000.0,7801.0
2026-07-08 11:00:00+09:00,73000.0,73000.0,72000.0,72500.0,13251.0
2026-07-08 11:10:00+09:00,72500.0,72500.0,71700.0,71900.0,7502.0
2026-07-08 11:20:00+09:00,72000.0,72200.0,71600.0,71900.0,4972.0
2026-07-08 11:30:00+09:00,71900.0,71900.0,71400.0,71600.0,4486.0
2026-07-08 11:40:00+09:00,71600.0,71900.0,71300.0,71700.0,5200.0
2026-07-08 11:50:00+09:00,71700.0,72000.0,71300.0,71800.0,5019.0
2026-07-08 12:00:00+09:00,71800.0,72400.0,71700.0,72400.0,5412.0
2026-07-08 12:10:00+09:00,72300.0,72400.0,72200.0,72200.0,2002.0
2026-07-08 12:20:00+09:00,72200.0,72300.0,72200.0,72300.0,3128.0
2026-07-08 12:30:00+09:00,72200.0,72300.0,71900.0,72000.0,4131.0
2026-07-08 12:40:00+09:00,72000.0,72000.0,71600.0,71700.0,2730.0
2026-07-08 12:50:00+09:00,71650.0,71700.0,71100.0,71100.0,4191.0
2026-07-08 13:00:00+09:00,71100.0,71900.0,70900.0,71400.0,12597.0
2026-07-08 13:10:00+09:00,71400.0,71400.0,70900.0,71200.0,7414.0
2026-07-08 13:20:00+09:00,71200.0,71300.0,70700.0,70900.0,9271.0
2026-07-08 13:30:00+09:00,70900.0,71900.0,70600.0,70800.0,20284.0
2026-07-08 13:40:00+09:00,71000.0,71000.0,70200.0,70300.0,16685.0
2026-07-08 13:50:00+09:00,70300.0,70900.0,69900.0,70800.0,12411.0
2026-07-08 14:00:00+09:00,70800.0,71800.0,70200.0,71300.0,14166.0
2026-07-08 14:10:00+09:00,71300.0,71800.0,70900.0,71400.0,13002.0
2026-07-08 14:20:00+09:00,71400.0,71500.0,70800.0,71100.0,10581.0
2026-07-08 14:30:00+09:00,71100.0,71400.0,70900.0,71100.0,13565.0
2026-07-08 14:40:00+09:00,71200.0,71500.0,70900.0,71300.0,15406.0
2026-07-08 14:50:00+09:00,71400.0,72100.0,71200.0,71700.0,20432.0
2026-07-09 09:00:00+09:00,74000.0,74200.0,71200.0,71500.0,21951.0
2026-07-09 09:10:00+09:00,71600.0,72250.0,71100.0,71300.0,9418.0
2026-07-09 09:20:00+09:00,71400.0,71400.0,70100.0,70200.0,7187.0
2026-07-09 09:30:00+09:00,70100.0,70400.0,69200.0,69900.0,12428.0
2026-07-09 09:40:00+09:00,69950.0,70200.0,69500.0,69700.0,9135.0
2026-07-09 09:50:00+09:00,69600.0,69700.0,68100.0,68900.0,15051.0
2026-07-09 10:00:00+09:00,68900.0,69900.0,68600.0,69600.0,5819.0
2026-07-09 10:10:00+09:00,69700.0,69800.0,68700.0,69400.0,5309.0
2026-07-09 10:20:00+09:00,69400.0,69500.0,68800.0,69000.0,4145.0
2026-07-09 10:30:00+09:00,69000.0,69000.0,68200.0,68500.0,5497.0
2026-07-09 10:40:00+09:00,68600.0,69100.0,68400.0,69000.0,4405.0
2026-07-09 10:50:00+09:00,68950.0,69000.0,68500.0,68800.0,5920.0
2026-07-09 11:00:00+09:00,68800.0,68800.0,68000.0,68600.0,9760.0
2026-07-09 11:10:00+09:00,68400.0,69100.0,68300.0,69100.0,4283.0
2026-07-09 11:20:00+09:00,69000.0,69500.0,69000.0,69200.0,5042.0
2026-07-09 11:30:00+09:00,69200.0,69200.0,68600.0,68700.0,7427.0
2026-07-09 11:40:00+09:00,68700.0,69000.0,68300.0,68300.0,4494.0
2026-07-09 11:50:00+09:00,68400.0,68400.0,67100.0,67300.0,11469.0
2026-07-09 12:00:00+09:00,67400.0,67800.0,67300.0,67500.0,7539.0
2026-07-09 12:10:00+09:00,67500.0,67700.0,67100.0,67200.0,5205.0
2026-07-09 12:20:00+09:00,67200.0,68400.0,67100.0,68300.0,7511.0
2026-07-09 12:30:00+09:00,68400.0,68800.0,68300.0,68400.0,5779.0
2026-07-09 12:40:00+09:00,68400.0,68900.0,68300.0,68700.0,5759.0
2026-07-09 12:50:00+09:00,68800.0,69200.0,68600.0,68900.0,4404.0
2026-07-09 13:00:00+09:00,68900.0,69100.0,68600.0,68900.0,3890.0
2026-07-09 13:10:00+09:00,69000.0,69300.0,68900.0,69100.0,4122.0
2026-07-09 13:20:00+09:00,69100.0,69100.0,68700.0,68900.0,3931.0
2026-07-09 13:30:00+09:00,68900.0,69400.0,68800.0,69200.0,3524.0
2026-07-09 13:40:00+09:00,69200.0,69200.0,68700.0,68800.0,3907.0
2026-07-09 13:50:00+09:00,68600.0,69200.0,68600.0,69000.0,2697.0
2026-07-09 14:00:00+09:00,68900.0,69300.0,68200.0,68400.0,8665.0
2026-07-09 14:10:00+09:00,68400.0,68900.0,68400.0,68500.0,5769.0
2026-07-09 14:20:00+09:00,68500.0,68600.0,68100.0,68300.0,7157.0
2026-07-09 14:30:00+09:00,68300.0,69300.0,68200.0,69100.0,7921.0
2026-07-09 14:40:00+09:00,69100.0,69700.0,69000.0,69500.0,9262.0
2026-07-09 14:50:00+09:00,69500.0,70700.0,69400.0,70400.0,16672.0
2026-07-10 09:00:00+09:00,70800.0,71400.0,70000.0,70400.0,11768.0
2026-07-10 09:10:00+09:00,70400.0,71200.0,69300.0,69800.0,12848.0
2026-07-10 09:20:00+09:00,69700.0,70000.0,68300.0,69900.0,13856.0
2026-07-10 09:30:00+09:00,69800.0,70000.0,69500.0,69500.0,5323.0
2026-07-10 09:40:00+09:00,69500.0,69800.0,68700.0,69700.0,9894.0
2026-07-10 09:50:00+09:00,69600.0,69900.0,69300.0,69800.0,5082.0
2026-07-10 10:00:00+09:00,69800.0,69900.0,69500.0,69600.0,6709.0
2026-07-10 10:10:00+09:00,69700.0,70200.0,69200.0,70200.0,13944.0
2026-07-10 10:20:00+09:00,70200.0,70300.0,69800.0,70300.0,8105.0
2026-07-10 10:30:00+09:00,70100.0,70300.0,69800.0,70000.0,6221.0
2026-07-10 10:40:00+09:00,70050.0,70800.0,69900.0,70600.0,11325.0
2026-07-10 10:50:00+09:00,70500.0,70800.0,70400.0,70400.0,5075.0
2026-07-10 11:00:00+09:00,70400.0,70600.0,70200.0,70400.0,6253.0
2026-07-10 11:10:00+09:00,70400.0,70700.0,70300.0,70300.0,5007.0
2026-07-10 11:20:00+09:00,70400.0,70600.0,70200.0,70600.0,5375.0
2026-07-10 11:30:00+09:00,70600.0,71300.0,70500.0,71100.0,8816.0
2026-07-10 11:40:00+09:00,71100.0,71500.0,71000.0,71400.0,8829.0
2026-07-10 11:50:00+09:00,71400.0,71800.0,71300.0,71700.0,5215.0
2026-07-10 12:00:00+09:00,71700.0,72100.0,71600.0,72000.0,5225.0
2026-07-10 12:10:00+09:00,72000.0,72000.0,71600.0,71900.0,6258.0
2026-07-10 12:20:00+09:00,72000.0,72100.0,71700.0,71900.0,4106.0
2026-07-10 12:30:00+09:00,71900.0,72000.0,71600.0,72000.0,4686.0
2026-07-10 12:40:00+09:00,72000.0,72100.0,71500.0,71800.0,8116.0
2026-07-10 12:50:00+09:00,71800.0,72100.0,71400.0,71600.0,5343.0
2026-07-10 13:00:00+09:00,71600.0,72300.0,71500.0,72100.0,7581.0
2026-07-10 13:10:00+09:00,72000.0,72100.0,71700.0,72100.0,6187.0
2026-07-10 13:20:00+09:00,72100.0,72100.0,71900.0,72000.0,6240.0
2026-07-10 13:30:00+09:00,71900.0,72000.0,71600.0,71600.0,5107.0
2026-07-10 13:40:00+09:00,71600.0,71700.0,71400.0,71500.0,4848.0
2026-07-10 13:50:00+09:00,71500.0,71500.0,70900.0,71100.0,6632.0
2026-07-10 14:00:00+09:00,71200.0,71600.0,71000.0,71400.0,9453.0
2026-07-10 14:10:00+09:00,71400.0,71900.0,71300.0,71700.0,13898.0
2026-07-10 14:20:00+09:00,71700.0,72000.0,71500.0,71700.0,9012.0
2026-07-10 14:30:00+09:00,71800.0,71900.0,71500.0,71500.0,13583.0
2026-07-10 14:40:00+09:00,71500.0,72100.0,71100.0,71900.0,24910.0
2026-07-10 14:50:00+09:00,71800.0,71900.0,71600.0,71800.0,8812.0
2026-07-13 09:00:00+09:00,71400.0,71600.0,70400.0,71000.0,4099.0
2026-07-13 09:10:00+09:00,71300.0,71800.0,70400.0,70900.0,5545.0
2026-07-13 09:20:00+09:00,70900.0,71300.0,70700.0,71000.0,5818.0
2026-07-13 09:30:00+09:00,71000.0,71200.0,70100.0,70700.0,8122.0
2026-07-13 09:40:00+09:00,70700.0,71500.0,70600.0,71400.0,13308.0
2026-07-13 09:50:00+09:00,71400.0,71900.0,71300.0,71800.0,8890.0
2026-07-13 10:00:00+09:00,71700.0,72000.0,71100.0,71400.0,9859.0
2026-07-13 10:10:00+09:00,71400.0,72000.0,70700.0,70800.0,9799.0
2026-07-13 10:20:00+09:00,70800.0,70800.0,69800.0,70000.0,8072.0
2026-07-13 10:30:00+09:00,70000.0,70600.0,69600.0,70000.0,37641.0
2026-07-13 10:40:00+09:00,70000.0,70200.0,69400.0,69600.0,5874.0
2026-07-13 10:50:00+09:00,69600.0,69700.0,69300.0,69400.0,3631.0
2026-07-13 11:00:00+09:00,69300.0,69900.0,69200.0,69700.0,5558.0
2026-07-13 11:10:00+09:00,69600.0,70200.0,69500.0,69900.0,5480.0
2026-07-13 11:20:00+09:00,69900.0,70500.0,69700.0,70500.0,4760.0
2026-07-13 11:30:00+09:00,70500.0,70500.0,69900.0,70300.0,5117.0
2026-07-13 11:40:00+09:00,70300.0,70300.0,69700.0,70100.0,4214.0
2026-07-13 11:50:00+09:00,70100.0,70100.0,69500.0,69600.0,4312.0
2026-07-13 12:00:00+09:00,69600.0,69600.0,69100.0,69200.0,5901.0
2026-07-13 12:10:00+09:00,69400.0,69400.0,69000.0,69100.0,2604.0
2026-07-13 12:20:00+09:00,69100.0,69700.0,69100.0,69400.0,5232.0
2026-07-13 12:30:00+09:00,69400.0,69500.0,68900.0,69500.0,4633.0
2026-07-13 12:40:00+09:00,69400.0,69800.0,69100.0,69200.0,3782.0
2026-07-13 12:50:00+09:00,69200.0,69300.0,69000.0,69000.0,5573.0
2026-07-13 13:00:00+09:00,68900.0,69000.0,68500.0,68500.0,5603.0
2026-07-13 13:10:00+09:00,68600.0,68800.0,68500.0,68700.0,5559.0
2026-07-13 13:20:00+09:00,68700.0,68800.0,68500.0,68700.0,5257.0
2026-07-13 13:50:00+09:00,68900.0,68900.0,68400.0,68600.0,8311.0
2026-07-13 14:00:00+09:00,68500.0,69400.0,68400.0,69100.0,10308.0
2026-07-13 14:10:00+09:00,69100.0,69200.0,68600.0,68700.0,5508.0
2026-07-13 14:20:00+09:00,68600.0,68900.0,68200.0,68300.0,6965.0
2026-07-13 14:30:00+09:00,68200.0,70000.0,68100.0,69800.0,17348.0
2026-07-13 14:40:00+09:00,69800.0,69800.0,68900.0,69200.0,21720.0
2026-07-13 14:50:00+09:00,69200.0,69600.0,68800.0,69000.0,14558.0
2026-07-14 09:00:00+09:00,70700.0,70700.0,68500.0,68700.0,25675.0
2026-07-14 09:10:00+09:00,68700.0,70400.0,68500.0,68800.0,27896.0
2026-07-14 09:20:00+09:00,68800.0,68800.0,67700.0,68400.0,13754.0
2026-07-14 09:30:00+09:00,68500.0,69000.0,67500.0,67900.0,11192.0
2026-07-14 09:40:00+09:00,67700.0,68600.0,67700.0,68200.0,11994.0
2026-07-14 09:50:00+09:00,68200.0,68500.0,67700.0,67900.0,16111.0
2026-07-14 10:00:00+09:00,67800.0,68000.0,67000.0,67600.0,10326.0
2026-07-14 10:10:00+09:00,67600.0,67900.0,67500.0,67700.0,5584.0
2026-07-14 10:20:00+09:00,67700.0,68200.0,67700.0,67800.0,10450.0
2026-07-14 10:30:00+09:00,67800.0,67800.0,67300.0,67600.0,9106.0
2026-07-14 10:40:00+09:00,67600.0,67800.0,67600.0,67600.0,6757.0
2026-07-14 10:50:00+09:00,67700.0,67900.0,67300.0,67400.0,8296.0
2026-07-14 11:00:00+09:00,67300.0,67600.0,67000.0,67600.0,12595.0
2026-07-14 11:10:00+09:00,67600.0,67700.0,66700.0,66900.0,10060.0
2026-07-14 11:20:00+09:00,66800.0,67100.0,66700.0,66800.0,10283.0
2026-07-14 11:30:00+09:00,66800.0,67600.0,66500.0,67500.0,12970.0
2026-07-14 11:40:00+09:00,67500.0,67900.0,67400.0,67800.0,9808.0
2026-07-14 11:50:00+09:00,67800.0,67900.0,67300.0,67500.0,7561.0
2026-07-14 12:00:00+09:00,67500.0,67600.0,66800.0,67200.0,7693.0
2026-07-14 12:10:00+09:00,67200.0,67300.0,66800.0,66900.0,7963.0
2026-07-14 12:20:00+09:00,66900.0,67300.0,66800.0,67300.0,6339.0
2026-07-14 12:30:00+09:00,67400.0,68000.0,67200.0,67600.0,11406.0
2026-07-14 12:40:00+09:00,67600.0,68900.0,67600.0,68600.0,9521.0
2026-07-14 12:50:00+09:00,68600.0,69000.0,68400.0,69000.0,6992.0
2026-07-14 13:00:00+09:00,68900.0,69500.0,68800.0,69100.0,8076.0
2026-07-14 13:10:00+09:00,69000.0,69200.0,68700.0,69100.0,6918.0
2026-07-14 13:20:00+09:00,69000.0,69400.0,68900.0,69100.0,7759.0
2026-07-14 13:30:00+09:00,69100.0,69500.0,69000.0,69300.0,5275.0
2026-07-14 13:40:00+09:00,69300.0,69500.0,69200.0,69400.0,5912.0
2026-07-14 13:50:00+09:00,69300.0,69600.0,69300.0,69400.0,7527.0
2026-07-14 14:00:00+09:00,69400.0,69500.0,68600.0,69000.0,11835.0
2026-07-14 14:10:00+09:00,69000.0,69200.0,68800.0,69000.0,6801.0
2026-07-14 14:20:00+09:00,69000.0,69000.0,68800.0,68900.0,8702.0
2026-07-14 14:30:00+09:00,69000.0,69000.0,68500.0,68600.0,11628.0
2026-07-14 14:40:00+09:00,68700.0,68700.0,68300.0,68600.0,12557.0
2026-07-14 14:50:00+09:00,68500.0,68700.0,68400.0,68500.0,6794.0
2026-07-15 09:00:00+09:00,70100.0,71400.0,69600.0,70200.0,9365.0
2026-07-15 09:10:00+09:00,70200.0,72400.0,70100.0,71400.0,17518.0
2026-07-15 09:20:00+09:00,71400.0,71600.0,70900.0,70900.0,6222.0
2026-07-15 09:30:00+09:00,70850.0,71700.0,70850.0,70900.0,6970.0
2026-07-15 09:40:00+09:00,71000.0,71400.0,71000.0,71100.0,6716.0
2026-07-15 09:50:00+09:00,71150.0,71200.0,70200.0,70200.0,8827.0
2026-07-15 10:00:00+09:00,70300.0,70900.0,69900.0,70800.0,9147.0
2026-07-15 10:10:00+09:00,71000.0,71000.0,70400.0,70400.0,6370.0
2026-07-15 10:20:00+09:00,70500.0,70500.0,70100.0,70300.0,5827.0
2026-07-15 10:30:00+09:00,70300.0,70700.0,70200.0,70700.0,5781.0
2026-07-15 10:40:00+09:00,70700.0,70900.0,70500.0,70800.0,7490.0
2026-07-15 10:50:00+09:00,70900.0,71200.0,70800.0,71100.0,6141.0
2026-07-15 11:00:00+09:00,71100.0,71400.0,71000.0,71200.0,6035.0
2026-07-15 11:10:00+09:00,71300.0,71600.0,71200.0,71600.0,4211.0
2026-07-15 11:20:00+09:00,71600.0,71600.0,71300.0,71400.0,7430.0
2026-07-15 11:30:00+09:00,71300.0,71500.0,71300.0,71500.0,3596.0
2026-07-15 11:40:00+09:00,71400.0,71700.0,71300.0,71400.0,7023.0
2026-07-15 11:50:00+09:00,71400.0,71400.0,71200.0,71200.0,3954.0
2026-07-15 12:00:00+09:00,71300.0,71300.0,71200.0,71300.0,3226.0
2026-07-15 12:10:00+09:00,71200.0,71300.0,71200.0,71300.0,2873.0
2026-07-15 12:20:00+09:00,71200.0,71800.0,71200.0,71800.0,4657.0
2026-07-15 12:30:00+09:00,71700.0,71900.0,71700.0,71800.0,8355.0
2026-07-15 12:40:00+09:00,71900.0,72000.0,71400.0,71400.0,8187.0
2026-07-15 12:50:00+09:00,71400.0,71500.0,71200.0,71200.0,4648.0
2026-07-15 13:00:00+09:00,71200.0,71300.0,71200.0,71200.0,3100.0
2026-07-15 13:10:00+09:00,71300.0,71300.0,71000.0,71000.0,6003.0
2026-07-15 13:20:00+09:00,71000.0,71100.0,70900.0,70900.0,6272.0
2026-07-15 13:30:00+09:00,70900.0,71000.0,70600.0,70800.0,5637.0
2026-07-15 13:40:00+09:00,70800.0,71200.0,70800.0,71000.0,6843.0
2026-07-15 13:50:00+09:00,71000.0,71200.0,71000.0,71000.0,4527.0
2026-07-15 14:00:00+09:00,71000.0,71600.0,70800.0,71500.0,12637.0
2026-07-15 14:10:00+09:00,71500.0,71900.0,71400.0,71700.0,11986.0
2026-07-15 14:20:00+09:00,71600.0,71700.0,71500.0,71600.0,8035.0
2026-07-15 14:30:00+09:00,71500.0,71500.0,71100.0,71200.0,8389.0
2026-07-15 14:40:00+09:00,71100.0,71700.0,71100.0,71700.0,16799.0
2026-07-15 14:50:00+09:00,71650.0,72000.0,71600.0,71700.0,11990.0
2026-07-16 09:00:00+09:00,71600.0,73500.0,71200.0,72200.0,15013.0
2026-07-16 09:10:00+09:00,72200.0,73100.0,72000.0,72800.0,7987.0
2026-07-16 09:20:00+09:00,73000.0,73600.0,72700.0,73200.0,15154.0
2026-07-16 09:30:00+09:00,73300.0,73500.0,72600.0,72700.0,4060.0
2026-07-16 09:40:00+09:00,72700.0,72800.0,72300.0,72300.0,3648.0
2026-07-16 09:50:00+09:00,72400.0,72900.0,72300.0,72500.0,3424.0
2026-07-16 10:00:00+09:00,72500.0,72700.0,72100.0,72100.0,2280.0
2026-07-16 10:10:00+09:00,72200.0,72200.0,71500.0,71700.0,6341.0
2026-07-16 10:20:00+09:00,71700.0,72000.0,71400.0,71900.0,5238.0
2026-07-16 10:30:00+09:00,71800.0,72300.0,71700.0,72000.0,3832.0
2026-07-16 10:40:00+09:00,71900.0,72400.0,71300.0,72300.0,6727.0
2026-07-16 10:50:00+09:00,72400.0,72400.0,71500.0,71700.0,6296.0
2026-07-16 11:00:00+09:00,71700.0,72000.0,71500.0,71800.0,5626.0
2026-07-16 11:10:00+09:00,71700.0,72100.0,71500.0,71900.0,4561.0
2026-07-16 11:20:00+09:00,72000.0,72500.0,71900.0,72500.0,6527.0
2026-07-16 11:30:00+09:00,72400.0,72500.0,72200.0,72300.0,3444.0
2026-07-16 11:40:00+09:00,72300.0,72800.0,72100.0,72800.0,9332.0
2026-07-16 11:50:00+09:00,72700.0,72800.0,72500.0,72700.0,4185.0
2026-07-16 12:00:00+09:00,72600.0,72700.0,72300.0,72500.0,3380.0
2026-07-16 12:10:00+09:00,72600.0,72700.0,72200.0,72500.0,5243.0
2026-07-16 12:20:00+09:00,72500.0,72600.0,72300.0,72400.0,5719.0
2026-07-16 12:30:00+09:00,72400.0,72800.0,72400.0,72800.0,7758.0
2026-07-16 12:40:00+09:00,72700.0,73000.0,72700.0,72800.0,7644.0
2026-07-16 12:50:00+09:00,72700.0,73300.0,72700.0,73300.0,7643.0
2026-07-16 13:00:00+09:00,73300.0,73800.0,73100.0,73700.0,19380.0
2026-07-16 13:10:00+09:00,73700.0,73900.0,73400.0,73500.0,9392.0
2026-07-16 13:20:00+09:00,73400.0,73500.0,73000.0,73300.0,7093.0
2026-07-16 13:30:00+09:00,73250.0,73300.0,72900.0,73000.0,6567.0
2026-07-16 13:40:00+09:00,73000.0,73300.0,72900.0,73300.0,6091.0
2026-07-16 13:50:00+09:00,73300.0,73500.0,73200.0,73300.0,7026.0
2026-07-16 14:00:00+09:00,73400.0,73800.0,73300.0,73600.0,7085.0
2026-07-16 14:10:00+09:00,73600.0,74700.0,73500.0,74600.0,34213.0
2026-07-16 14:20:00+09:00,74700.0,74700.0,74300.0,74300.0,17295.0
2026-07-16 14:30:00+09:00,74300.0,74400.0,71500.0,73500.0,11907.0
2026-07-16 14:40:00+09:00,73450.0,73600.0,72900.0,73000.0,12668.0
2026-07-16 14:50:00+09:00,73100.0,73100.0,72300.0,72800.0,19457.0
2026-07-20 09:00:00+09:00,74000.0,74000.0,70000.0,70300.0,4644.0
2026-07-20 09:10:00+09:00,70300.0,70400.0,69300.0,69400.0,11645.0
2026-07-20 09:20:00+09:00,69500.0,69500.0,68300.0,68800.0,6570.0
2026-07-20 09:30:00+09:00,68900.0,69200.0,68700.0,68900.0,4131.0
2026-07-20 09:40:00+09:00,68900.0,69000.0,68300.0,68400.0,4617.0
2026-07-20 09:50:00+09:00,68400.0,69100.0,68400.0,68900.0,4132.0
2026-07-20 10:00:00+09:00,68900.0,69000.0,68600.0,68900.0,2859.0
2026-07-20 10:10:00+09:00,68900.0,69300.0,68900.0,69200.0,7456.0
2026-07-20 10:20:00+09:00,69300.0,69900.0,69200.0,69300.0,5547.0
2026-07-20 10:30:00+09:00,69300.0,69800.0,69200.0,69800.0,7738.0
2026-07-20 10:40:00+09:00,69800.0,69900.0,69400.0,69500.0,3813.0
2026-07-20 10:50:00+09:00,69500.0,69500.0,69100.0,69200.0,4874.0
2026-07-20 11:00:00+09:00,69200.0,70000.0,69100.0,69700.0,5166.0
2026-07-20 11:10:00+09:00,69700.0,69800.0,69000.0,69000.0,6426.0
2026-07-20 11:20:00+09:00,69000.0,69000.0,68300.0,68500.0,5000.0
2026-07-20 11:30:00+09:00,68400.0,69700.0,68400.0,68800.0,6494.0
2026-07-20 11:40:00+09:00,68900.0,69500.0,68800.0,69100.0,4758.0
2026-07-20 11:50:00+09:00,69100.0,69200.0,68800.0,69000.0,4584.0
2026-07-20 12:00:00+09:00,68900.0,69200.0,68900.0,69000.0,4504.0
2026-07-20 12:10:00+09:00,69100.0,69300.0,68900.0,69100.0,4759.0
2026-07-20 12:20:00+09:00,69100.0,69100.0,68800.0,68800.0,2638.0
2026-07-20 12:30:00+09:00,68900.0,68900.0,68500.0,68600.0,4320.0
2026-07-20 12:40:00+09:00,68600.0,68700.0,68500.0,68700.0,2397.0
2026-07-20 12:50:00+09:00,68600.0,68900.0,68400.0,68400.0,7493.0
2026-07-20 13:00:00+09:00,68500.0,68700.0,68400.0,68400.0,7614.0
2026-07-20 13:10:00+09:00,68400.0,68500.0,68100.0,68500.0,13769.0
2026-07-20 13:20:00+09:00,68400.0,69200.0,68200.0,68900.0,5829.0
2026-07-20 13:30:00+09:00,68800.0,69600.0,68800.0,69400.0,6504.0
2026-07-20 13:40:00+09:00,69400.0,71200.0,69100.0,70700.0,17512.0
2026-07-20 13:50:00+09:00,70600.0,70700.0,70000.0,70200.0,8117.0
2026-07-20 14:00:00+09:00,70300.0,70500.0,69600.0,69700.0,7270.0
2026-07-20 14:10:00+09:00,69600.0,70000.0,69500.0,69900.0,9542.0
2026-07-20 14:20:00+09:00,69800.0,70000.0,69500.0,69800.0,7345.0
2026-07-20 14:30:00+09:00,69900.0,70000.0,69500.0,69500.0,8450.0
2026-07-20 14:40:00+09:00,69600.0,70100.0,69600.0,70000.0,7073.0
2026-07-20 14:50:00+09:00,70000.0,70600.0,69800.0,70200.0,11912.0
2026-07-21 09:00:00+09:00,69100.0,70000.0,68100.0,69600.0,11978.0
2026-07-21 09:10:00+09:00,69500.0,70100.0,68900.0,70000.0,4412.0
2026-07-21 09:20:00+09:00,70000.0,70800.0,69800.0,70700.0,3610.0
2026-07-21 09:30:00+09:00,70700.0,71200.0,70600.0,70900.0,5728.0
2026-07-21 09:40:00+09:00,70900.0,71100.0,70600.0,70900.0,3418.0
2026-07-21 09:50:00+09:00,70900.0,71300.0,70700.0,71100.0,5713.0
2026-07-21 10:00:00+09:00,71100.0,71900.0,70800.0,71900.0,6078.0
2026-07-21 10:10:00+09:00,71900.0,72000.0,71000.0,71800.0,15353.0
2026-07-21 10:20:00+09:00,71800.0,72300.0,71500.0,72100.0,10076.0
2026-07-21 10:30:00+09:00,72100.0,72500.0,71900.0,72000.0,14445.0
2026-07-21 10:40:00+09:00,72100.0,72500.0,72000.0,72500.0,8141.0
2026-07-21 10:50:00+09:00,72500.0,72600.0,72000.0,72400.0,8945.0
2026-07-21 11:00:00+09:00,72300.0,73000.0,72300.0,72700.0,9329.0
2026-07-21 11:10:00+09:00,72700.0,73300.0,72400.0,72800.0,12696.0
2026-07-21 11:20:00+09:00,72800.0,73000.0,72200.0,72600.0,5002.0
2026-07-21 11:30:00+09:00,72500.0,73000.0,72300.0,73000.0,4698.0
2026-07-21 11:40:00+09:00,72900.0,73000.0,72900.0,73000.0,3802.0
2026-07-21 11:50:00+09:00,73000.0,73000.0,72900.0,72900.0,5114.0
2026-07-21 12:00:00+09:00,73000.0,73100.0,72900.0,73000.0,3993.0
2026-07-21 12:10:00+09:00,73000.0,73000.0,72700.0,73000.0,4397.0
2026-07-21 12:20:00+09:00,73000.0,73000.0,72400.0,72600.0,5252.0
2026-07-21 12:30:00+09:00,72600.0,72600.0,71800.0,71800.0,2449.0
2026-07-21 12:40:00+09:00,71800.0,72400.0,71600.0,72300.0,3647.0
2026-07-21 12:50:00+09:00,72400.0,72400.0,71500.0,71500.0,4241.0
2026-07-21 13:00:00+09:00,71500.0,71600.0,70700.0,70900.0,7277.0
2026-07-21 13:10:00+09:00,70800.0,71000.0,70700.0,71000.0,4219.0
2026-07-21 13:20:00+09:00,71000.0,71500.0,70900.0,71300.0,4022.0
2026-07-21 13:30:00+09:00,71300.0,71400.0,71100.0,71100.0,2823.0
2026-07-21 13:40:00+09:00,71200.0,71500.0,71000.0,71400.0,4606.0
2026-07-21 13:50:00+09:00,71300.0,71400.0,71100.0,71100.0,3033.0
2026-07-21 14:00:00+09:00,71200.0,71400.0,70700.0,71400.0,6940.0
2026-07-21 14:10:00+09:00,71400.0,71400.0,70500.0,70500.0,3922.0
2026-07-21 14:20:00+09:00,70500.0,71100.0,70400.0,70700.0,6527.0
2026-07-21 14:30:00+09:00,70800.0,71100.0,70600.0,70900.0,5551.0
2026-07-21 14:40:00+09:00,70900.0,71200.0,70700.0,71000.0,4992.0
2026-07-21 14:50:00+09:00,71100.0,71100.0,70600.0,70800.0,6272.0
2026-07-22 09:00:00+09:00,71800.0,73200.0,71800.0,72600.0,9050.0
2026-07-22 09:10:00+09:00,72600.0,73000.0,72100.0,72200.0,8065.0
2026-07-22 09:20:00+09:00,72200.0,72600.0,72000.0,72200.0,4995.0
2026-07-22 09:30:00+09:00,72100.0,72300.0,71800.0,71900.0,3795.0
2026-07-22 09:40:00+09:00,71900.0,72300.0,71700.0,72200.0,3125.0
2026-07-22 09:50:00+09:00,72300.0,72400.0,71900.0,72300.0,4442.0
2026-07-22 10:00:00+09:00,72300.0,72400.0,71900.0,71900.0,4249.0
2026-07-22 10:10:00+09:00,71800.0,72600.0,71700.0,72400.0,7384.0
2026-07-22 10:20:00+09:00,72500.0,73000.0,72300.0,72900.0,7301.0
2026-07-22 10:30:00+09:00,72900.0,73000.0,72500.0,72800.0,3240.0
2026-07-22 10:40:00+09:00,72700.0,72900.0,72400.0,72700.0,6532.0
2026-07-22 10:50:00+09:00,72700.0,72900.0,72500.0,72900.0,3482.0
2026-07-22 11:00:00+09:00,72900.0,73000.0,72600.0,72700.0,6458.0
2026-07-22 11:10:00+09:00,72700.0,72800.0,72400.0,72500.0,2490.0
2026-07-22 11:20:00+09:00,72600.0,72800.0,72500.0,72600.0,2823.0
2026-07-22 11:30:00+09:00,72700.0,72700.0,72300.0,72500.0,6969.0
2026-07-22 11:40:00+09:00,72600.0,72900.0,72500.0,72800.0,13231.0
2026-07-22 11:50:00+09:00,72800.0,72800.0,72600.0,72800.0,3364.0
2026-07-22 12:00:00+09:00,72800.0,72900.0,72700.0,72700.0,10704.0
2026-07-22 12:10:00+09:00,72800.0,72900.0,72700.0,72900.0,9596.0
2026-07-22 12:20:00+09:00,72900.0,73100.0,72800.0,73000.0,8925.0
2026-07-22 12:30:00+09:00,73000.0,73000.0,72700.0,72900.0,5474.0
2026-07-22 12:40:00+09:00,72800.0,73400.0,72800.0,73300.0,4627.0
2026-07-22 12:50:00+09:00,73400.0,73400.0,72900.0,73100.0,4007.0
2026-07-22 13:00:00+09:00,73100.0,73300.0,73000.0,73200.0,3130.0
2026-07-22 13:10:00+09:00,73200.0,73300.0,72900.0,72900.0,2955.0
2026-07-22 13:20:00+09:00,73000.0,73100.0,72700.0,72900.0,2917.0
2026-07-22 13:30:00+09:00,72900.0,73000.0,72700.0,72700.0,2372.0
2026-07-22 13:40:00+09:00,72800.0,72800.0,72600.0,72700.0,2712.0
2026-07-22 13:50:00+09:00,72700.0,73100.0,72600.0,72900.0,4429.0
2026-07-22 14:00:00+09:00,73100.0,73100.0,72800.0,72900.0,4861.0
2026-07-22 14:10:00+09:00,72900.0,73000.0,72700.0,72800.0,6004.0
2026-07-22 14:20:00+09:00,72800.0,73000.0,72500.0,72900.0,6181.0
2026-07-22 14:30:00+09:00,72900.0,73200.0,72600.0,72700.0,7288.0
2026-07-22 14:40:00+09:00,72700.0,72800.0,72500.0,72600.0,7160.0
2026-07-22 14:50:00+09:00,72600.0,72900.0,72400.0,72500.0,6900.0
2026-07-23 09:00:00+09:00,70800.0,72700.0,70600.0,72300.0,9151.0
2026-07-23 09:10:00+09:00,72300.0,72800.0,71800.0,72800.0,4848.0
2026-07-23 09:20:00+09:00,72700.0,72900.0,72400.0,72700.0,5063.0
2026-07-23 09:30:00+09:00,72700.0,73100.0,72600.0,73000.0,8012.0
2026-07-23 09:40:00+09:00,73000.0,73400.0,72900.0,73200.0,15483.0
2026-07-23 09:50:00+09:00,73200.0,75000.0,73100.0,74600.0,46614.0
2026-07-23 10:00:00+09:00,74800.0,75800.0,74700.0,75700.0,34980.0
2026-07-23 10:10:00+09:00,75700.0,77600.0,75700.0,77400.0,61148.0
2026-07-23 10:20:00+09:00,77400.0,77500.0,76800.0,76900.0,19685.0
2026-07-23 10:30:00+09:00,76900.0,77100.0,76300.0,76600.0,9883.0
2026-07-23 10:40:00+09:00,76600.0,76900.0,76400.0,76600.0,5790.0
2026-07-23 10:50:00+09:00,76600.0,76800.0,75700.0,76000.0,11662.0
2026-07-23 11:00:00+09:00,76000.0,76000.0,75500.0,75800.0,5708.0
2026-07-23 11:10:00+09:00,75800.0,75800.0,75200.0,75600.0,7024.0
2026-07-23 11:20:00+09:00,75600.0,75900.0,75300.0,75600.0,5851.0
2026-07-23 11:30:00+09:00,75500.0,75900.0,75400.0,75700.0,4832.0
2026-07-23 11:40:00+09:00,75700.0,76000.0,75400.0,76000.0,6314.0
2026-07-23 11:50:00+09:00,76000.0,76400.0,75700.0,75800.0,7569.0
2026-07-23 12:00:00+09:00,75800.0,76400.0,75600.0,76000.0,8173.0
2026-07-23 12:10:00+09:00,76000.0,76200.0,75600.0,75900.0,4366.0
2026-07-23 12:20:00+09:00,75900.0,76000.0,75800.0,75900.0,4604.0
2026-07-23 12:30:00+09:00,75900.0,76600.0,75800.0,76600.0,8986.0
2026-07-23 12:40:00+09:00,76600.0,76700.0,76400.0,76700.0,9028.0
2026-07-23 12:50:00+09:00,76700.0,77200.0,76500.0,76800.0,14611.0
2026-07-23 13:00:00+09:00,76800.0,77100.0,76700.0,76900.0,7770.0
2026-07-23 13:10:00+09:00,76800.0,76900.0,76100.0,76500.0,6762.0
2026-07-23 13:20:00+09:00,76500.0,76900.0,76300.0,76700.0,8123.0
2026-07-23 13:30:00+09:00,76800.0,76900.0,76600.0,76800.0,7923.0
2026-07-23 13:40:00+09:00,76800.0,77100.0,76700.0,76900.0,8272.0
2026-07-23 13:50:00+09:00,76900.0,77000.0,76700.0,76800.0,8204.0
2026-07-23 14:00:00+09:00,76900.0,77000.0,76600.0,76700.0,8696.0
2026-07-23 14:10:00+09:00,76800.0,77200.0,76600.0,76800.0,11477.0
2026-07-23 14:20:00+09:00,76800.0,77000.0,76400.0,76800.0,11136.0
2026-07-23 14:30:00+09:00,76800.0,77200.0,76600.0,76700.0,13363.0
2026-07-23 14:40:00+09:00,76600.0,77200.0,76500.0,77200.0,13607.0
2026-07-23 14:50:00+09:00,77100.0,77200.0,76700.0,76950.0,15893.0
2026-07-24 09:00:00+09:00,73500.0,74100.0,66200.0,71200.0,50469.0
2026-07-24 09:10:00+09:00,70900.0,71400.0,70300.0,71000.0,13740.0
2026-07-24 09:20:00+09:00,71000.0,71700.0,71000.0,71400.0,7095.0
2026-07-24 09:30:00+09:00,71400.0,71600.0,70600.0,71600.0,11229.0
2026-07-24 09:40:00+09:00,71500.0,72000.0,71300.0,71600.0,5974.0
2026-07-24 09:50:00+09:00,71600.0,72900.0,71500.0,72300.0,10516.0
2026-07-24 10:00:00+09:00,72300.0,72400.0,71900.0,72100.0,10001.0
2026-07-24 10:10:00+09:00,72100.0,72500.0,71800.0,72500.0,7461.0
2026-07-24 10:20:00+09:00,72400.0,72900.0,72200.0,72300.0,14990.0
2026-07-24 10:30:00+09:00,72400.0,72400.0,71700.0,71800.0,7715.0
2026-07-24 10:40:00+09:00,71800.0,72000.0,71400.0,71700.0,4215.0
2026-07-24 10:50:00+09:00,71700.0,72000.0,71500.0,71800.0,6516.0
2026-07-24 11:00:00+09:00,71800.0,71900.0,70700.0,71600.0,6868.0
2026-07-24 11:10:00+09:00,71700.0,71900.0,71000.0,71100.0,6818.0
2026-07-24 11:20:00+09:00,71100.0,71400.0,70700.0,70900.0,5697.0
2026-07-24 11:30:00+09:00,70900.0,71100.0,70200.0,70700.0,8573.0
2026-07-24 11:40:00+09:00,70700.0,71100.0,70100.0,71100.0,9429.0
2026-07-24 11:50:00+09:00,71100.0,71100.0,70700.0,71100.0,7083.0
2026-07-24 12:00:00+09:00,71100.0,71400.0,70700.0,71100.0,6203.0
2026-07-24 12:10:00+09:00,71100.0,71700.0,70500.0,71200.0,7843.0
2026-07-24 12:20:00+09:00,71100.0,71500.0,71000.0,71400.0,4768.0
2026-07-24 12:30:00+09:00,71400.0,71700.0,71100.0,71600.0,5146.0
2026-07-24 12:40:00+09:00,71500.0,72000.0,71400.0,71900.0,4398.0
2026-07-24 12:50:00+09:00,71900.0,72000.0,71600.0,71900.0,5321.0
2026-07-24 13:00:00+09:00,71900.0,72000.0,71400.0,71700.0,5695.0
2026-07-24 13:10:00+09:00,71700.0,71900.0,71500.0,71700.0,5196.0
2026-07-24 13:20:00+09:00,71600.0,72000.0,71400.0,71800.0,6876.0
2026-07-24 13:30:00+09:00,71700.0,72000.0,71300.0,71400.0,6516.0
2026-07-24 13:40:00+09:00,71400.0,71700.0,71300.0,71400.0,6077.0
2026-07-24 13:50:00+09:00,71400.0,71700.0,71200.0,71500.0,6949.0
2026-07-24 14:00:00+09:00,71550.0,71600.0,71200.0,71500.0,8463.0
2026-07-24 14:10:00+09:00,71400.0,71600.0,71100.0,71250.0,8985.0
2026-07-24 14:20:00+09:00,71200.0,71400.0,71100.0,71200.0,8438.0
2026-07-24 14:30:00+09:00,71100.0,71300.0,70700.0,70900.0,9296.0
2026-07-24 14:40:00+09:00,71000.0,71000.0,70400.0,70700.0,9089.0
2026-07-24 14:50:00+09:00,70700.0,70700.0,70200.0,70300.0,11144.0
2026-07-27 09:00:00+09:00,70500.0,71200.0,69800.0,70700.0,2788.0
2026-07-27 09:10:00+09:00,70700.0,71500.0,70600.0,71100.0,7146.0
2026-07-27 09:20:00+09:00,71200.0,72000.0,71100.0,71800.0,9548.0
2026-07-27 09:30:00+09:00,71800.0,72400.0,71400.0,72300.0,8463.0
2026-07-27 09:40:00+09:00,72200.0,72300.0,71800.0,71850.0,3409.0
2026-07-27 09:50:00+09:00,71800.0,71900.0,71100.0,71400.0,5831.0
2026-07-27 10:00:00+09:00,71400.0,71700.0,71200.0,71500.0,4657.0
2026-07-27 10:10:00+09:00,71500.0,71600.0,71000.0,71500.0,6022.0
2026-07-27 10:20:00+09:00,71400.0,71500.0,70950.0,70950.0,5054.0
2026-07-27 10:30:00+09:00,71000.0,71900.0,70900.0,71500.0,14443.0
2026-07-27 10:40:00+09:00,71500.0,71600.0,71000.0,71200.0,3649.0
2026-07-27 10:50:00+09:00,71100.0,71500.0,70800.0,71300.0,5999.0
2026-07-27 11:00:00+09:00,71200.0,71450.0,70800.0,71000.0,4521.0
2026-07-27 11:10:00+09:00,71100.0,71300.0,70900.0,71100.0,4275.0
2026-07-27 11:20:00+09:00,71000.0,71100.0,70600.0,71100.0,6692.0
2026-07-27 11:30:00+09:00,71100.0,71100.0,70700.0,70800.0,3413.0
2026-07-27 11:40:00+09:00,70700.0,70800.0,70400.0,70500.0,1917.0
2026-07-27 11:50:00+09:00,70500.0,70500.0,70400.0,70500.0,1730.0
2026-07-27 12:00:00+09:00,70400.0,70700.0,70300.0,70350.0,5537.0
2026-07-27 12:10:00+09:00,70400.0,70800.0,70300.0,70800.0,2566.0
2026-07-27 12:20:00+09:00,70700.0,70700.0,70300.0,70400.0,3063.0
2026-07-27 12:30:00+09:00,70400.0,70400.0,70000.0,70200.0,3226.0
2026-07-27 12:40:00+09:00,70300.0,70300.0,69600.0,69700.0,10681.0
2026-07-27 12:50:00+09:00,69700.0,69800.0,69400.0,69600.0,8408.0
2026-07-27 13:00:00+09:00,69600.0,69700.0,67500.0,69000.0,50721.0
2026-07-27 13:10:00+09:00,68900.0,69200.0,68900.0,69200.0,15524.0
2026-07-27 13:20:00+09:00,69200.0,69500.0,68900.0,69200.0,8266.0
2026-07-27 13:30:00+09:00,69200.0,69300.0,68700.0,68700.0,13318.0
2026-07-27 13:40:00+09:00,68700.0,68900.0,68600.0,68700.0,6003.0
2026-07-27 13:50:00+09:00,68700.0,69000.0,68500.0,68800.0,20647.0
2026-07-27 14:00:00+09:00,68900.0,69400.0,68800.0,69000.0,16560.0
2026-07-27 14:10:00+09:00,69000.0,69100.0,68800.0,68800.0,11753.0
2026-07-27 14:20:00+09:00,68900.0,69000.0,68700.0,68900.0,16842.0
2026-07-27 14:30:00+09:00,69000.0,70100.0,68900.0,69900.0,26671.0
2026-07-27 14:40:00+09:00,69800.0,70200.0,69700.0,70100.0,28341.0
2026-07-27 14:50:00+09:00,70000.0,70000.0,69800.0,69900.0,22339.0
2026-07-28 09:00:00+09:00,69600.0,69600.0,68500.0,68700.0,7192.0
2026-07-28 09:10:00+09:00,68700.0,68900.0,68100.0,68600.0,6923.0
2026-07-28 09:20:00+09:00,68600.0,68700.0,68000.0,68300.0,3721.0
2026-07-28 09:30:00+09:00,68200.0,68500.0,68000.0,68200.0,8494.0
2026-07-28 09:40:00+09:00,68200.0,68800.0,68100.0,68600.0,5641.0
2026-07-28 09:50:00+09:00,68600.0,69000.0,68600.0,69000.0,5916.0
2026-07-28 10:00:00+09:00,69000.0,69100.0,68700.0,68800.0,4379.0
2026-07-28 10:10:00+09:00,68800.0,68900.0,68500.0,68700.0,1691.0
2026-07-28 10:40:00+09:00,69000.0,69100.0,68100.0,68100.0,6596.0
2026-07-28 10:50:00+09:00,68000.0,68100.0,67900.0,68100.0,2446.0
2026-07-28 11:00:00+09:00,68100.0,68100.0,67600.0,67600.0,4584.0
2026-07-28 11:10:00+09:00,67700.0,67700.0,67300.0,67400.0,4524.0
2026-07-28 11:20:00+09:00,67400.0,67700.0,67300.0,67400.0,3862.0
2026-07-28 11:30:00+09:00,67400.0,67400.0,66600.0,66700.0,7952.0
2026-07-28 11:40:00+09:00,66700.0,67500.0,66600.0,67200.0,4664.0
2026-07-28 11:50:00+09:00,67200.0,67400.0,67000.0,67100.0,2013.0
2026-07-28 12:00:00+09:00,67100.0,67300.0,67000.0,67100.0,2486.0
2026-07-28 12:10:00+09:00,67000.0,67400.0,66900.0,67400.0,2914.0
2026-07-28 12:20:00+09:00,67400.0,67700.0,67200.0,67300.0,3637.0
2026-07-28 12:30:00+09:00,67300.0,67500.0,66900.0,67400.0,3416.0
2026-07-28 12:40:00+09:00,67400.0,67600.0,67000.0,67100.0,3989.0
2026-07-28 12:50:00+09:00,67100.0,67300.0,66900.0,67100.0,3774.0
2026-07-28 13:00:00+09:00,67200.0,67200.0,66900.0,67100.0,7110.0
2026-07-28 13:10:00+09:00,67100.0,67400.0,67000.0,67200.0,3945.0
2026-07-28 13:20:00+09:00,67200.0,67300.0,67000.0,67100.0,4320.0
2026-07-28 13:30:00+09:00,67000.0,67300.0,67000.0,67300.0,2685.0
2026-07-28 13:40:00+09:00,67300.0,67300.0,67000.0,67000.0,3879.0
2026-07-28 13:50:00+09:00,67100.0,67200.0,66900.0,67100.0,2317.0
2026-07-28 14:00:00+09:00,67000.0,67400.0,66900.0,67000.0,3242.0
2026-07-28 14:10:00+09:00,67000.0,67100.0,66800.0,66800.0,4038.0
2026-07-28 14:20:00+09:00,66900.0,67100.0,66800.0,66900.0,4241.0
2026-07-28 14:30:00+09:00,66900.0,67000.0,66400.0,66600.0,8427.0
2026-07-28 14:40:00+09:00,66700.0,66700.0,66400.0,66400.0,6686.0
2026-07-28 14:50:00+09:00,66500.0,66600.0,66400.0,66400.0,7579.0
2026-07-29 09:00:00+09:00,67300.0,67600.0,66300.0,67400.0,11728.0
2026-07-29 09:10:00+09:00,67400.0,67600.0,66900.0,67200.0,9858.0
2026-07-29 09:20:00+09:00,67200.0,67500.0,67000.0,67100.0,6390.0
2026-07-29 09:30:00+09:00,67200.0,68000.0,67000.0,67700.0,10611.0
2026-07-29 09:40:00+09:00,67700.0,67800.0,67150.0,67200.0,6693.0
2026-07-29 09:50:00+09:00,67200.0,67600.0,67200.0,67400.0,5912.0
2026-07-29 10:00:00+09:00,67300.0,68400.0,67300.0,67800.0,11518.0
2026-07-29 10:10:00+09:00,67800.0,68200.0,67300.0,67700.0,14095.0
2026-07-29 10:20:00+09:00,67700.0,67900.0,67500.0,67500.0,9888.0
2026-07-29 10:30:00+09:00,67600.0,67600.0,66800.0,66900.0,8564.0
2026-07-29 10:40:00+09:00,66900.0,67000.0,66200.0,66300.0,9277.0
2026-07-29 10:50:00+09:00,66400.0,67100.0,65700.0,66700.0,8022.0
2026-07-29 11:00:00+09:00,66700.0,66800.0,65200.0,66100.0,16577.0
2026-07-29 11:10:00+09:00,66100.0,66700.0,65800.0,66500.0,6606.0
2026-07-29 11:20:00+09:00,66100.0,66800.0,65400.0,66400.0,10072.0
2026-07-29 11:30:00+09:00,66500.0,66700.0,65200.0,65300.0,7893.0
2026-07-29 11:40:00+09:00,65300.0,65700.0,65100.0,65300.0,5108.0
2026-07-29 11:50:00+09:00,65200.0,65200.0,64500.0,65200.0,9312.0
2026-07-29 12:00:00+09:00,65100.0,66400.0,64600.0,66200.0,13975.0
2026-07-29 12:10:00+09:00,66300.0,66300.0,64600.0,64800.0,7827.0
2026-07-29 12:20:00+09:00,64800.0,65800.0,64700.0,65200.0,9429.0
2026-07-29 12:30:00+09:00,65300.0,65500.0,65200.0,65400.0,1680.0
2026-07-29 13:00:00+09:00,65800.0,65800.0,64600.0,65000.0,12988.0
2026-07-29 13:10:00+09:00,64900.0,65200.0,64300.0,64700.0,14595.0
2026-07-29 13:20:00+09:00,64700.0,64800.0,64200.0,64200.0,9462.0
2026-07-29 13:30:00+09:00,64200.0,65000.0,64000.0,64900.0,10641.0
2026-07-29 13:40:00+09:00,64800.0,64900.0,64200.0,64400.0,6652.0
2026-07-29 13:50:00+09:00,64400.0,65700.0,64400.0,65700.0,12205.0
2026-07-29 14:00:00+09:00,65700.0,66400.0,65400.0,65700.0,16090.0
2026-07-29 14:10:00+09:00,65700.0,66100.0,65300.0,65300.0,10562.0
2026-07-29 14:20:00+09:00,65300.0,65800.0,65100.0,65600.0,10235.0
2026-07-29 14:30:00+09:00,65700.0,66100.0,65100.0,65900.0,11117.0
2026-07-29 14:40:00+09:00,65900.0,65900.0,65100.0,65300.0,12011.0
2026-07-29 14:50:00+09:00,65400.0,65600.0,64900.0,65300.0,15003.0
2026-07-30 09:00:00+09:00,66900.0,67300.0,65300.0,66700.0,24124.0
2026-07-30 09:10:00+09:00,66700.0,67800.0,66100.0,67100.0,26338.0
2026-07-30 09:20:00+09:00,67100.0,67700.0,66500.0,67000.0,19877.0
2026-07-30 09:30:00+09:00,67000.0,67200.0,66500.0,66800.0,10375.0
2026-07-30 09:40:00+09:00,66800.0,67000.0,66200.0,66700.0,12311.0
2026-07-30 09:50:00+09:00,66800.0,67600.0,66200.0,66600.0,14569.0
2026-07-30 10:00:00+09:00,66600.0,66900.0,66100.0,66900.0,9422.0
2026-07-30 10:10:00+09:00,66800.0,66900.0,66400.0,66500.0,9955.0
2026-07-30 10:20:00+09:00,66550.0,66900.0,66300.0,66700.0,10148.0
2026-07-30 10:30:00+09:00,66850.0,68200.0,66800.0,67600.0,17765.0
2026-07-30 10:40:00+09:00,67700.0,67800.0,67100.0,67500.0,12292.0
2026-07-30 10:50:00+09:00,67500.0,67800.0,67100.0,67100.0,19288.0
2026-07-30 11:00:00+09:00,67200.0,67500.0,66800.0,67000.0,9653.0
2026-07-30 11:10:00+09:00,67000.0,67400.0,66900.0,67200.0,4891.0
2026-07-30 11:20:00+09:00,67200.0,67200.0,66600.0,66900.0,5747.0
2026-07-30 11:30:00+09:00,66900.0,66900.0,66400.0,66500.0,2941.0
2026-07-30 11:40:00+09:00,66500.0,66600.0,66000.0,66400.0,3967.0
2026-07-30 11:50:00+09:00,66400.0,66400.0,65300.0,65600.0,4634.0
2026-07-30 12:00:00+09:00,65600.0,66000.0,65100.0,65200.0,3946.0
2026-07-30 12:10:00+09:00,65200.0,65400.0,64400.0,64500.0,6660.0
2026-07-30 12:20:00+09:00,64500.0,64800.0,64500.0,64700.0,5466.0
2026-07-30 12:30:00+09:00,64600.0,64900.0,64500.0,64600.0,5604.0
2026-07-30 12:40:00+09:00,64600.0,65400.0,64500.0,65400.0,4471.0
2026-07-30 12:50:00+09:00,65400.0,65400.0,64700.0,64900.0,4031.0
2026-07-30 13:00:00+09:00,64800.0,65000.0,64100.0,64300.0,39370.0
2026-07-30 13:10:00+09:00,64300.0,64300.0,63600.0,64200.0,10540.0
2026-07-30 13:20:00+09:00,64200.0,64800.0,64100.0,64800.0,9458.0
2026-07-30 13:30:00+09:00,64800.0,64900.0,64300.0,64300.0,5749.0
2026-07-30 13:40:00+09:00,64400.0,64600.0,64100.0,64500.0,5068.0
2026-07-30 13:50:00+09:00,64400.0,64600.0,64200.0,64500.0,8573.0
2026-07-30 14:00:00+09:00,64400.0,64700.0,64300.0,64400.0,8157.0
2026-07-30 14:10:00+09:00,64500.0,65100.0,64400.0,65100.0,7896.0
2026-07-30 14:20:00+09:00,65100.0,65300.0,64900.0,64900.0,5636.0
2026-07-30 14:30:00+09:00,64900.0,64900.0,64400.0,64600.0,7259.0
2026-07-30 14:40:00+09:00,64600.0,65300.0,64500.0,64500.0,8575.0
2026-07-30 14:50:00+09:00,64600.0,64800.0,64000.0,64300.0,10959.0
2026-07-31 09:00:00+09:00,67300.0,68700.0,66700.0,67100.0,15776.0
2026-07-31 09:10:00+09:00,67000.0,68300.0,66800.0,68000.0,14455.0
2026-07-31 09:20:00+09:00,68000.0,68300.0,67600.0,68100.0,4042.0
2026-07-31 09:30:00+09:00,68300.0,68800.0,67900.0,68000.0,9164.0
2026-07-31 09:40:00+09:00,68000.0,68400.0,67400.0,67600.0,7677.0
2026-07-31 09:50:00+09:00,67500.0,67900.0,67200.0,67900.0,5776.0
2026-07-31 10:00:00+09:00,67800.0,68400.0,67300.0,68100.0,9870.0
2026-07-31 10:10:00+09:00,68100.0,68600.0,68000.0,68400.0,6948.0
2026-07-31 10:20:00+09:00,68300.0,68500.0,67800.0,68000.0,5453.0
2026-07-31 10:30:00+09:00,68100.0,68600.0,67800.0,68100.0,7857.0
2026-07-31 10:40:00+09:00,68100.0,68300.0,67400.0,67700.0,7668.0
2026-07-31 10:50:00+09:00,67500.0,67900.0,67000.0,67300.0,9721.0
2026-07-31 11:00:00+09:00,67200.0,67500.0,66800.0,67100.0,9748.0
2026-07-31 11:10:00+09:00,67100.0,67300.0,66700.0,66900.0,7470.0
2026-07-31 11:20:00+09:00,67000.0,67300.0,66900.0,67100.0,4961.0
2026-07-31 11:30:00+09:00,67100.0,67200.0,66900.0,66900.0,5457.0
2026-07-31 11:40:00+09:00,66900.0,67100.0,66900.0,67000.0,3432.0
2026-07-31 11:50:00+09:00,67000.0,67100.0,66800.0,66900.0,5066.0
2026-07-31 12:00:00+09:00,66900.0,67000.0,66700.0,66900.0,3633.0
2026-07-31 12:10:00+09:00,66800.0,66900.0,66600.0,66800.0,4605.0
2026-07-31 12:20:00+09:00,66700.0,66900.0,66500.0,66600.0,4249.0
2026-07-31 12:30:00+09:00,66700.0,66700.0,66300.0,66500.0,4204.0
2026-07-31 12:40:00+09:00,66500.0,66700.0,66400.0,66500.0,3660.0
2026-07-31 12:50:00+09:00,66500.0,66800.0,66400.0,66700.0,4197.0
2026-07-31 13:00:00+09:00,66700.0,67000.0,66500.0,66800.0,8639.0
2026-07-31 13:10:00+09:00,66800.0,67000.0,66600.0,67000.0,5073.0
2026-07-31 13:20:00+09:00,67000.0,67200.0,66900.0,67000.0,4663.0
2026-07-31 13:30:00+09:00,67000.0,67200.0,66800.0,67100.0,5234.0
2026-07-31 13:40:00+09:00,67000.0,67500.0,67000.0,67200.0,5454.0
2026-07-31 13:50:00+09:00,67200.0,67500.0,67100.0,67300.0,4597.0
2026-07-31 14:00:00+09:00,67400.0,67400.0,66650.0,67200.0,10846.0
2026-07-31 14:10:00+09:00,67150.0,67400.0,66900.0,67100.0,9228.0
2026-07-31 14:20:00+09:00,67100.0,67400.0,66800.0,67400.0,8687.0
2026-07-31 14:30:00+09:00,67400.0,67600.0,67100.0,67500.0,7982.0
2026-07-31 14:40:00+09:00,67500.0,68000.0,67500.0,67600.0,8383.0
2026-07-31 14:50:00+09:00,67600.0,68100.0,67600.0,68100.0,10289.0
2026-08-03 09:00:00+09:00,66800.0,68000.0,66000.0,67500.0,5980.0
2026-08-03 09:10:00+09:00,67500.0,67800.0,67000.0,67100.0,11286.0
2026-08-03 09:20:00+09:00,67100.0,67700.0,66700.0,67300.0,12861.0
2026-08-03 09:30:00+09:00,67200.0,67200.0,66600.0,66700.0,8000.0
2026-08-03 09:40:00+09:00,66800.0,67000.0,66300.0,66900.0,7730.0
2026-08-03 09:50:00+09:00,66800.0,67300.0,66700.0,67000.0,7269.0
2026-08-03 10:00:00+09:00,66900.0,67100.0,66800.0,66800.0,5228.0
2026-08-03 10:10:00+09:00,66800.0,66900.0,66500.0,66800.0,4016.0
2026-08-03 10:20:00+09:00,66700.0,66900.0,66700.0,66900.0,2028.0
2026-08-03 10:30:00+09:00,66900.0,67300.0,66700.0,66900.0,5581.0
2026-08-03 10:40:00+09:00,66900.0,67300.0,66900.0,66900.0,4078.0
2026-08-03 10:50:00+09:00,67000.0,67300.0,66800.0,67100.0,5226.0
2026-08-03 11:00:00+09:00,67200.0,67600.0,67000.0,67300.0,5198.0
2026-08-03 11:10:00+09:00,67400.0,67700.0,67300.0,67500.0,4473.0
2026-08-03 11:20:00+09:00,67600.0,67800.0,66900.0,67000.0,5078.0
2026-08-03 11:30:00+09:00,67000.0,67300.0,66800.0,67300.0,3847.0
2026-08-03 11:40:00+09:00,67300.0,67400.0,66800.0,67200.0,4025.0
2026-08-03 11:50:00+09:00,67200.0,67200.0,66900.0,67000.0,2261.0
2026-08-03 12:00:00+09:00,67000.0,67000.0,66800.0,66900.0,2133.0
2026-08-03 12:10:00+09:00,66850.0,67000.0,66700.0,66800.0,3557.0
2026-08-03 12:20:00+09:00,66700.0,66900.0,66600.0,66700.0,2646.0
2026-08-03 12:30:00+09:00,66700.0,66700.0,66400.0,66500.0,2286.0
2026-08-03 12:40:00+09:00,66600.0,66700.0,66400.0,66500.0,2292.0
2026-08-03 12:50:00+09:00,66500.0,66700.0,66300.0,66400.0,3797.0
2026-08-03 13:00:00+09:00,66300.0,67100.0,66300.0,66900.0,5337.0
2026-08-03 13:10:00+09:00,67000.0,67000.0,66700.0,67000.0,3972.0
2026-08-03 13:20:00+09:00,66900.0,67000.0,66700.0,66700.0,1608.0
2026-08-03 13:30:00+09:00,66700.0,66800.0,66500.0,66500.0,2394.0
2026-08-03 13:40:00+09:00,66600.0,66700.0,66400.0,66700.0,4224.0
2026-08-03 13:50:00+09:00,66700.0,66700.0,66200.0,66300.0,3626.0
2026-08-03 14:00:00+09:00,66200.0,66500.0,66200.0,66200.0,4405.0
2026-08-03 14:10:00+09:00,66300.0,66500.0,66100.0,66100.0,5544.0
2026-08-03 14:20:00+09:00,66200.0,66600.0,66100.0,66400.0,7271.0
2026-08-03 14:30:00+09:00,66300.0,66700.0,66200.0,66200.0,5211.0
2026-08-03 14:40:00+09:00,66300.0,66400.0,66100.0,66200.0,6212.0
2026-08-03 14:50:00+09:00,66200.0,66300.0,66000.0,66100.0,7110.0
2026-08-04 09:00:00+09:00,66700.0,66800.0,65700.0,66100.0,10604.0
2026-08-04 09:10:00+09:00,66000.0,66300.0,65700.0,66000.0,4828.0
2026-08-04 09:20:00+09:00,65900.0,66600.0,65900.0,66300.0,4014.0
2026-08-04 09:30:00+09:00,66300.0,66600.0,65600.0,65700.0,4733.0
2026-08-04 09:40:00+09:00,65700.0,66400.0,65700.0,66100.0,4249.0
2026-08-04 09:50:00+09:00,66100.0,66400.0,65600.0,65800.0,4261.0
2026-08-04 10:00:00+09:00,65800.0,66400.0,65600.0,66100.0,3667.0
2026-08-04 10:10:00+09:00,66300.0,67100.0,66200.0,66700.0,3704.0
2026-08-04 10:20:00+09:00,66700.0,66800.0,66200.0,66600.0,3558.0
2026-08-04 10:30:00+09:00,66600.0,66700.0,66400.0,66500.0,2530.0
2026-08-04 10:40:00+09:00,66500.0,67000.0,66500.0,66900.0,3188.0
2026-08-04 10:50:00+09:00,66900.0,67300.0,66800.0,67000.0,4060.0
2026-08-04 11:00:00+09:00,66900.0,67100.0,66300.0,66700.0,2255.0
2026-08-04 11:10:00+09:00,66700.0,66800.0,66500.0,66700.0,2474.0
2026-08-04 11:20:00+09:00,66700.0,67000.0,66700.0,66800.0,1287.0
2026-08-04 11:30:00+09:00,66900.0,67000.0,66600.0,66600.0,1759.0
2026-08-04 11:40:00+09:00,66600.0,66700.0,66500.0,66600.0,1996.0
2026-08-04 11:50:00+09:00,66700.0,66900.0,66600.0,66700.0,2069.0
2026-08-04 12:00:00+09:00,66700.0,67300.0,66700.0,67300.0,4102.0
2026-08-04 12:10:00+09:00,67300.0,67500.0,67200.0,67500.0,2837.0
2026-08-04 12:20:00+09:00,67400.0,67700.0,67300.0,67400.0,2525.0
2026-08-04 12:30:00+09:00,67400.0,67600.0,67300.0,67300.0,2384.0
2026-08-04 12:40:00+09:00,67400.0,67400.0,67000.0,67200.0,3803.0
2026-08-04 12:50:00+09:00,67200.0,67400.0,67200.0,67300.0,2006.0
2026-08-04 13:00:00+09:00,67300.0,67600.0,67200.0,67500.0,3593.0
2026-08-04 13:10:00+09:00,67400.0,67800.0,67200.0,67600.0,3732.0
2026-08-04 13:20:00+09:00,67800.0,67900.0,67300.0,67400.0,4894.0
2026-08-04 13:30:00+09:00,67400.0,67500.0,67200.0,67500.0,2136.0
2026-08-04 13:40:00+09:00,67400.0,67700.0,67300.0,67600.0,2281.0
2026-08-04 13:50:00+09:00,67600.0,67800.0,67300.0,67300.0,3639.0
2026-08-04 14:00:00+09:00,67300.0,67600.0,67200.0,67300.0,4887.0
2026-08-04 14:10:00+09:00,67300.0,67300.0,66900.0,67000.0,7119.0
2026-08-04 14:20:00+09:00,67100.0,67600.0,67100.0,67400.0,3937.0
2026-08-04 14:30:00+09:00,67400.0,67800.0,67200.0,67500.0,5564.0
2026-08-04 14:40:00+09:00,67600.0,67600.0,67300.0,67300.0,2729.0
2026-08-04 14:50:00+09:00,67300.0,67900.0,67300.0,67700.0,5437.0
2026-08-05 09:00:00+09:00,68300.0,70200.0,68200.0,69800.0,16889.0
2026-08-05 09:10:00+09:00,69900.0,70900.0,69800.0,70500.0,15532.0
2026-08-05 09:20:00+09:00,70400.0,70600.0,69500.0,69600.0,8956.0
2026-08-05 09:30:00+09:00,69700.0,70400.0,69600.0,69600.0,14046.0
2026-08-05 09:40:00+09:00,69600.0,70200.0,69600.0,70000.0,8529.0
2026-08-05 09:50:00+09:00,70100.0,70400.0,69800.0,69800.0,12233.0
2026-08-05 10:00:00+09:00,69800.0,69900.0,69400.0,69700.0,7302.0
2026-08-05 10:10:00+09:00,69600.0,70000.0,69300.0,69400.0,8098.0
2026-08-05 10:20:00+09:00,69300.0,69700.0,69000.0,69000.0,10527.0
2026-08-05 10:30:00+09:00,69000.0,69500.0,69000.0,69400.0,6868.0
2026-08-05 10:40:00+09:00,69300.0,69700.0,69300.0,69700.0,6014.0
2026-08-05 10:50:00+09:00,69600.0,69800.0,69500.0,69800.0,7316.0
2026-08-05 11:00:00+09:00,69800.0,69800.0,69100.0,69100.0,5139.0
2026-08-05 11:10:00+09:00,69100.0,69300.0,68700.0,68800.0,5671.0
2026-08-05 11:20:00+09:00,68800.0,69300.0,68800.0,68950.0,6361.0
2026-08-05 11:30:00+09:00,68950.0,69050.0,68600.0,68700.0,5339.0
2026-08-05 11:40:00+09:00,68600.0,68900.0,68600.0,68600.0,5844.0
2026-08-05 11:50:00+09:00,68700.0,68800.0,68600.0,68600.0,5134.0
2026-08-05 12:00:00+09:00,68600.0,68700.0,68300.0,68400.0,8492.0
2026-08-05 12:10:00+09:00,68400.0,68500.0,68200.0,68500.0,7161.0
2026-08-05 12:20:00+09:00,68500.0,68700.0,68300.0,68500.0,5334.0
2026-08-05 12:30:00+09:00,68500.0,69100.0,68400.0,69000.0,7103.0
2026-08-05 12:40:00+09:00,69100.0,69100.0,68700.0,68800.0,5240.0
2026-08-05 12:50:00+09:00,68900.0,69100.0,68800.0,68900.0,4187.0
2026-08-05 13:00:00+09:00,68800.0,69000.0,68600.0,68800.0,5772.0
2026-08-05 13:10:00+09:00,68800.0,69100.0,68800.0,68900.0,5144.0
2026-08-05 13:20:00+09:00,68900.0,69000.0,68700.0,68700.0,5645.0
2026-08-05 13:30:00+09:00,68700.0,69100.0,68600.0,68900.0,5891.0
2026-08-05 13:40:00+09:00,68900.0,69200.0,68700.0,68800.0,5739.0
2026-08-05 13:50:00+09:00,68800.0,68900.0,68550.0,68800.0,5518.0
2026-08-05 14:00:00+09:00,68900.0,69000.0,68800.0,68800.0,3299.0
2026-08-05 14:10:00+09:00,68800.0,69000.0,68500.0,68600.0,8307.0
2026-08-05 14:20:00+09:00,68700.0,68800.0,68300.0,68300.0,11147.0
2026-08-05 14:30:00+09:00,68300.0,68300.0,67600.0,67800.0,29573.0
2026-08-05 14:40:00+09:00,67800.0,68000.0,67500.0,67700.0,28437.0
2026-08-05 14:50:00+09:00,67700.0,68000.0,67500.0,67600.0,25192.0
2026-08-06 09:00:00+09:00,68000.0,70800.0,68000.0,70200.0,14963.0
2026-08-06 09:10:00+09:00,70200.0,71000.0,70100.0,70700.0,6765.0
2026-08-06 09:20:00+09:00,70700.0,70700.0,69800.0,70100.0,5849.0
2026-08-06 09:30:00+09:00,70100.0,70500.0,70000.0,70300.0,9415.0
2026-08-06 09:40:00+09:00,70350.0,71200.0,70100.0,70100.0,16511.0
2026-08-06 09:50:00+09:00,70000.0,70400.0,69600.0,69600.0,6627.0
2026-08-06 10:00:00+09:00,69600.0,69800.0,69100.0,69200.0,6803.0
2026-08-06 10:10:00+09:00,69400.0,70000.0,69100.0,69700.0,5258.0
2026-08-06 10:20:00+09:00,69700.0,69900.0,69000.0,69100.0,5004.0
2026-08-06 10:30:00+09:00,69200.0,69600.0,69100.0,69400.0,4880.0
2026-08-06 10:40:00+09:00,69400.0,70100.0,69200.0,69900.0,6192.0
2026-08-06 10:50:00+09:00,69900.0,70000.0,69200.0,69500.0,4671.0
2026-08-06 11:00:00+09:00,69400.0,69800.0,69100.0,69500.0,3260.0
2026-08-06 11:10:00+09:00,69500.0,69900.0,69300.0,69500.0,2956.0
2026-08-06 11:20:00+09:00,69500.0,69700.0,69300.0,69400.0,2833.0
2026-08-06 11:30:00+09:00,69700.0,70000.0,69400.0,69700.0,3160.0
2026-08-06 11:40:00+09:00,69700.0,70000.0,69600.0,69600.0,3425.0
2026-08-06 11:50:00+09:00,69700.0,70200.0,69600.0,70200.0,3087.0
2026-08-06 12:00:00+09:00,70100.0,70200.0,69800.0,70000.0,3976.0
2026-08-06 12:10:00+09:00,70000.0,70200.0,69900.0,70000.0,3557.0
2026-08-06 12:20:00+09:00,70000.0,70200.0,69900.0,70000.0,4769.0
2026-08-06 12:30:00+09:00,70000.0,70200.0,69900.0,70200.0,4880.0
2026-08-06 12:40:00+09:00,70100.0,70200.0,69900.0,70000.0,4851.0
2026-08-06 12:50:00+09:00,70000.0,70200.0,70000.0,70000.0,5122.0
2026-08-06 13:00:00+09:00,70100.0,70200.0,69900.0,70100.0,4625.0
2026-08-06 13:10:00+09:00,70000.0,70300.0,69900.0,70100.0,5367.0
2026-08-06 13:20:00+09:00,70200.0,70300.0,70000.0,70100.0,4676.0
2026-08-06 13:30:00+09:00,70100.0,70200.0,69800.0,70000.0,4007.0
2026-08-06 13:40:00+09:00,69900.0,70400.0,69700.0,70100.0,3902.0
2026-08-06 13:50:00+09:00,70000.0,70400.0,70000.0,70200.0,6630.0
2026-08-06 14:00:00+09:00,70100.0,70300.0,70000.0,70300.0,7187.0
2026-08-06 14:10:00+09:00,70200.0,70300.0,70000.0,70300.0,5614.0
2026-08-06 14:20:00+09:00,70200.0,70300.0,70100.0,70300.0,9389.0
2026-08-06 14:30:00+09:00,70200.0,70300.0,70100.0,70200.0,7029.0
2026-08-06 14:40:00+09:00,70300.0,70500.0,70100.0,70200.0,8009.0
2026-08-06 14:50:00+09:00,70100.0,70300.0,70000.0,70200.0,7454.0
2026-08-07 09:00:00+09:00,69700.0,70800.0,69700.0,70100.0,8550.0
2026-08-07 09:10:00+09:00,70100.0,70200.0,69500.0,69500.0,7550.0
2026-08-07 09:20:00+09:00,69600.0,69700.0,69200.0,69300.0,5161.0
2026-08-07 09:30:00+09:00,69300.0,70000.0,69200.0,69500.0,10138.0
2026-08-07 09:40:00+09:00,69500.0,69900.0,69300.0,69500.0,10102.0
2026-08-07 09:50:00+09:00,69600.0,69900.0,69400.0,69500.0,6602.0
2026-08-07 10:00:00+09:00,69500.0,70100.0,69400.0,70000.0,8682.0
2026-08-07 10:10:00+09:00,70000.0,70200.0,69600.0,69800.0,5639.0
2026-08-07 10:20:00+09:00,69900.0,70100.0,69500.0,70100.0,6954.0
2026-08-07 10:30:00+09:00,70000.0,70250.0,69600.0,69750.0,4843.0
2026-08-07 10:40:00+09:00,69700.0,70100.0,69400.0,70000.0,4782.0
2026-08-07 10:50:00+09:00,70100.0,70100.0,69800.0,69950.0,3759.0
2026-08-07 11:00:00+09:00,69950.0,70100.0,69800.0,69900.0,5296.0
2026-08-07 11:10:00+09:00,69900.0,70100.0,69700.0,70000.0,2386.0
2026-08-07 11:20:00+09:00,70100.0,70100.0,69700.0,69900.0,2250.0
2026-08-07 11:30:00+09:00,69800.0,69800.0,69500.0,69600.0,2096.0
2026-08-07 11:40:00+09:00,69500.0,69800.0,69500.0,69800.0,2094.0
2026-08-07 11:50:00+09:00,69700.0,69900.0,69600.0,69800.0,1382.0
2026-08-07 12:00:00+09:00,69600.0,70000.0,69600.0,69900.0,1476.0
2026-08-07 12:10:00+09:00,69900.0,70000.0,69700.0,69700.0,2244.0
2026-08-07 12:20:00+09:00,69700.0,69900.0,69700.0,69800.0,1562.0
2026-08-07 12:30:00+09:00,69800.0,70000.0,69800.0,70000.0,2401.0
2026-08-07 12:40:00+09:00,69800.0,70100.0,69800.0,70000.0,1851.0
2026-08-07 12:50:00+09:00,70000.0,70100.0,69800.0,69900.0,2169.0
2026-08-07 13:00:00+09:00,69900.0,70200.0,69900.0,69900.0,3421.0
2026-08-07 13:10:00+09:00,69900.0,70200.0,69900.0,70100.0,3057.0
2026-08-07 13:20:00+09:00,70000.0,70300.0,69900.0,69900.0,3375.0
2026-08-07 13:30:00+09:00,69900.0,70000.0,69900.0,70000.0,1982.0
2026-08-07 13:40:00+09:00,69900.0,70100.0,69900.0,70000.0,2761.0
2026-08-07 13:50:00+09:00,69900.0,70100.0,69800.0,70000.0,4671.0
2026-08-07 14:00:00+09:00,70000.0,70200.0,69900.0,70100.0,4375.0
2026-08-07 14:10:00+09:00,70100.0,70200.0,69900.0,70100.0,3294.0
2026-08-07 14:20:00+09:00,70100.0,70300.0,70000.0,70100.0,11887.0
2026-08-07 14:30:00+09:00,70000.0,70500.0,69900.0,70000.0,9218.0
2026-08-07 14:40:00+09:00,70000.0,70300.0,70000.0,70100.0,13249.0
2026-08-07 14:50:00+09:00,70100.0,70400.0,70000.0,70300.0,20668.0
2026-08-10 09:00:00+09:00,70100.0,70500.0,69600.0,70000.0,2405.0
2026-08-10 09:10:00+09:00,70000.0,70800.0,68400.0,68700.0,8184.0
2026-08-10 09:20:00+09:00,68700.0,69700.0,68500.0,69500.0,4556.0
2026-08-10 09:30:00+09:00,69500.0,69900.0,69300.0,69400.0,3052.0
2026-08-10 09:40:00+09:00,69400.0,70100.0,69400.0,69700.0,2161.0
2026-08-10 09:50:00+09:00,69800.0,70000.0,69500.0,70000.0,2454.0
2026-08-10 10:00:00+09:00,69900.0,70200.0,69700.0,69800.0,2635.0
2026-08-10 10:10:00+09:00,69800.0,70500.0,69600.0,70000.0,4175.0
2026-08-10 10:20:00+09:00,70100.0,70300.0,69900.0,70000.0,2414.0
2026-08-10 10:30:00+09:00,69900.0,70200.0,69700.0,69900.0,2554.0
2026-08-10 10:40:00+09:00,69900.0,70000.0,69800.0,69800.0,1281.0
2026-08-10 10:50:00+09:00,69900.0,70300.0,69800.0,70100.0,3588.0
2026-08-10 11:00:00+09:00,70100.0,70200.0,69700.0,70000.0,2312.0
2026-08-10 11:10:00+09:00,70000.0,70200.0,69700.0,70000.0,4591.0
2026-08-10 11:20:00+09:00,70000.0,70200.0,69900.0,70100.0,1875.0
2026-08-10 11:30:00+09:00,70200.0,70300.0,69900.0,70100.0,3045.0
2026-08-10 11:40:00+09:00,70200.0,70300.0,70100.0,70100.0,2377.0
2026-08-10 11:50:00+09:00,70200.0,70400.0,70000.0,70200.0,2544.0
2026-08-10 12:00:00+09:00,70100.0,70200.0,69900.0,70000.0,1042.0
2026-08-10 12:10:00+09:00,69900.0,70200.0,69900.0,70200.0,2175.0
2026-08-10 12:20:00+09:00,70100.0,70200.0,69900.0,70000.0,1342.0
2026-08-10 12:30:00+09:00,70000.0,70200.0,69900.0,70000.0,2352.0
2026-08-10 12:40:00+09:00,70000.0,70100.0,69800.0,69900.0,1483.0
2026-08-10 12:50:00+09:00,69800.0,70100.0,69800.0,69900.0,1806.0
2026-08-10 13:00:00+09:00,69900.0,70000.0,69800.0,69800.0,1018.0
2026-08-10 13:10:00+09:00,69900.0,70000.0,69700.0,70000.0,2527.0
2026-08-10 13:20:00+09:00,70000.0,70100.0,69700.0,70000.0,2172.0
2026-08-10 13:30:00+09:00,69900.0,70000.0,69700.0,69800.0,2373.0
2026-08-10 13:40:00+09:00,69900.0,70000.0,69700.0,69900.0,2438.0
2026-08-10 13:50:00+09:00,70000.0,70000.0,69700.0,69900.0,2185.0
2026-08-10 14:00:00+09:00,69900.0,70200.0,69800.0,70100.0,5656.0
2026-08-10 14:10:00+09:00,70100.0,70300.0,70000.0,70300.0,4448.0
2026-08-10 14:20:00+09:00,70300.0,70500.0,70100.0,70300.0,8049.0
2026-08-10 14:30:00+09:00,70200.0,70300.0,70100.0,70300.0,4869.0
2026-08-10 14:40:00+09:00,70300.0,70400.0,70100.0,70100.0,5577.0
2026-08-10 14:50:00+09:00,70200.0,70400.0,70000.0,70300.0,10547.0
2026-08-11 09:00:00+09:00,70300.0,71000.0,69700.0,70100.0,7847.0
2026-08-11 09:10:00+09:00,70100.0,70700.0,69800.0,69900.0,4100.0
2026-08-11 09:20:00+09:00,69800.0,70300.0,69300.0,70100.0,5891.0
2026-08-11 09:30:00+09:00,70100.0,70300.0,69500.0,70000.0,3435.0
2026-08-11 09:40:00+09:00,70000.0,70100.0,69700.0,69900.0,1235.0
2026-08-11 09:50:00+09:00,69900.0,70000.0,69500.0,69600.0,1708.0
2026-08-11 10:00:00+09:00,69600.0,69600.0,69000.0,69200.0,3553.0
2026-08-11 10:10:00+09:00,69250.0,69800.0,69250.0,69500.0,2872.0
2026-08-11 10:20:00+09:00,69400.0,69500.0,69200.0,69400.0,1931.0
2026-08-11 10:30:00+09:00,69300.0,69700.0,69100.0,69300.0,2949.0
2026-08-11 10:40:00+09:00,69300.0,69800.0,69300.0,69800.0,2173.0
2026-08-11 10:50:00+09:00,69800.0,69900.0,69600.0,69700.0,2420.0
2026-08-11 11:00:00+09:00,69800.0,69900.0,69400.0,69400.0,1726.0
2026-08-11 11:10:00+09:00,69500.0,69800.0,69300.0,69400.0,3024.0
2026-08-11 11:20:00+09:00,69400.0,69400.0,69000.0,69100.0,3775.0
2026-08-11 11:30:00+09:00,69100.0,69200.0,68900.0,68900.0,2072.0
2026-08-11 11:40:00+09:00,69000.0,69200.0,68900.0,69000.0,2837.0
2026-08-11 11:50:00+09:00,69100.0,69100.0,68900.0,69100.0,2087.0
2026-08-11 12:00:00+09:00,69100.0,69300.0,68700.0,68800.0,3737.0
2026-08-11 12:10:00+09:00,68700.0,69000.0,68700.0,68800.0,2906.0
2026-08-11 12:20:00+09:00,68800.0,69000.0,68700.0,69000.0,3280.0
2026-08-11 12:30:00+09:00,69000.0,69000.0,68700.0,68700.0,1711.0
2026-08-11 12:40:00+09:00,68700.0,68900.0,68500.0,68500.0,3171.0
2026-08-11 12:50:00+09:00,68500.0,68700.0,68200.0,68300.0,4448.0
2026-08-11 13:00:00+09:00,68300.0,68600.0,68200.0,68500.0,3239.0
2026-08-11 13:10:00+09:00,68500.0,68600.0,68300.0,68600.0,2399.0
2026-08-11 13:20:00+09:00,68400.0,68800.0,68400.0,68500.0,2193.0
2026-08-11 13:30:00+09:00,68400.0,68700.0,68300.0,68300.0,3730.0
2026-08-11 13:40:00+09:00,68300.0,68500.0,68200.0,68300.0,2947.0
2026-08-11 13:50:00+09:00,68400.0,68400.0,68200.0,68200.0,3048.0
2026-08-11 14:00:00+09:00,68300.0,68600.0,68200.0,68400.0,3645.0
2026-08-11 14:10:00+09:00,68300.0,68800.0,68300.0,68300.0,5679.0
2026-08-11 14:20:00+09:00,68300.0,69000.0,64100.0,66100.0,32959.0
2026-08-11 14:30:00+09:00,66000.0,67000.0,64900.0,66200.0,39702.0
2026-08-11 14:40:00+09:00,66200.0,66400.0,64900.0,65000.0,30850.0
2026-08-11 14:50:00+09:00,64900.0,65600.0,64900.0,65300.0,21367.0
2026-08-12 09:00:00+09:00,67500.0,69600.0,67000.0,67900.0,32442.0
2026-08-12 09:10:00+09:00,67900.0,69500.0,67700.0,69300.0,20320.0
2026-08-12 09:20:00+09:00,69400.0,70500.0,69300.0,70200.0,19490.0
2026-08-12 09:30:00+09:00,70200.0,70800.0,69800.0,69900.0,12907.0
2026-08-12 09:40:00+09:00,69900.0,70200.0,69200.0,70000.0,8710.0
2026-08-12 09:50:00+09:00,70100.0,70700.0,70000.0,70200.0,9680.0
2026-08-12 10:00:00+09:00,70000.0,70500.0,70000.0,70400.0,8511.0
2026-08-12 10:10:00+09:00,70400.0,71600.0,70300.0,71400.0,24080.0
2026-08-12 10:20:00+09:00,71500.0,72000.0,71100.0,71300.0,14277.0
2026-08-12 10:30:00+09:00,71400.0,71600.0,71100.0,71300.0,6926.0
2026-08-12 10:40:00+09:00,71300.0,71500.0,71000.0,71200.0,8076.0
2026-08-12 10:50:00+09:00,71200.0,71400.0,70600.0,70800.0,7832.0
2026-08-12 11:00:00+09:00,70800.0,70900.0,70400.0,70400.0,5850.0
2026-08-12 11:10:00+09:00,70400.0,70600.0,70000.0,70200.0,7636.0
2026-08-12 11:20:00+09:00,70200.0,70900.0,70200.0,70600.0,6459.0
2026-08-12 11:30:00+09:00,70500.0,70800.0,70200.0,70200.0,6960.0
2026-08-12 11:40:00+09:00,70200.0,70600.0,70200.0,70400.0,5208.0
2026-08-12 11:50:00+09:00,70200.0,70500.0,70000.0,70100.0,6551.0
2026-08-12 12:00:00+09:00,70100.0,70700.0,70000.0,70400.0,6808.0
2026-08-12 12:10:00+09:00,70300.0,70500.0,69900.0,69900.0,7132.0
2026-08-12 12:20:00+09:00,69900.0,70600.0,69900.0,70500.0,7195.0
2026-08-12 12:30:00+09:00,70200.0,70500.0,70100.0,70300.0,4868.0
2026-08-12 12:40:00+09:00,70200.0,70500.0,70100.0,70300.0,4873.0
2026-08-12 12:50:00+09:00,70200.0,70600.0,70100.0,70400.0,5064.0
2026-08-12 13:00:00+09:00,70400.0,70600.0,70100.0,70300.0,5822.0
2026-08-12 13:10:00+09:00,70300.0,70500.0,70200.0,70200.0,4534.0
2026-08-12 13:20:00+09:00,70200.0,70400.0,70100.0,70200.0,5277.0
2026-08-12 13:30:00+09:00,70200.0,70400.0,69700.0,70000.0,8348.0
2026-08-12 13:40:00+09:00,70000.0,70400.0,69900.0,70100.0,4758.0
2026-08-12 13:50:00+09:00,70100.0,70300.0,70000.0,70000.0,4001.0
2026-08-12 14:00:00+09:00,70000.0,70300.0,70000.0,70100.0,3883.0
2026-08-12 14:10:00+09:00,70100.0,70400.0,70000.0,70000.0,6885.0
2026-08-12 14:20:00+09:00,70000.0,70200.0,69800.0,70000.0,11928.0
2026-08-12 14:30:00+09:00,69800.0,70400.0,69800.0,70100.0,6835.0
2026-08-12 14:40:00+09:00,70100.0,70400.0,70100.0,70100.0,7872.0
2026-08-12 14:50:00+09:00,70100.0,70400.0,70100.0,70200.0,7913.0
2026-08-13 09:00:00+09:00,69800.0,72400.0,69800.0,71800.0,21196.0
2026-08-13 09:10:00+09:00,71800.0,72800.0,71700.0,71800.0,19739.0
2026-08-13 09:20:00+09:00,71700.0,71800.0,71100.0,71600.0,12767.0
2026-08-13 09:30:00+09:00,71700.0,71800.0,71200.0,71400.0,5027.0
2026-08-13 09:40:00+09:00,71400.0,71500.0,70900.0,71400.0,5503.0
2026-08-13 09:50:00+09:00,71300.0,71400.0,71000.0,71200.0,3793.0
2026-08-13 10:00:00+09:00,71000.0,71200.0,70700.0,71000.0,4067.0
2026-08-13 10:10:00+09:00,70900.0,71000.0,70100.0,70600.0,5044.0
2026-08-13 10:20:00+09:00,70700.0,70900.0,70500.0,70600.0,4254.0
2026-08-13 10:30:00+09:00,70600.0,70800.0,70300.0,70300.0,3306.0
2026-08-13 10:40:00+09:00,70300.0,70700.0,70300.0,70300.0,4218.0
2026-08-13 10:50:00+09:00,70400.0,70700.0,70300.0,70500.0,2803.0
2026-08-13 11:00:00+09:00,70500.0,70800.0,70200.0,70500.0,7829.0
2026-08-13 11:10:00+09:00,70300.0,70600.0,70300.0,70500.0,2247.0
2026-08-13 11:20:00+09:00,70300.0,70500.0,70100.0,70100.0,6273.0
2026-08-13 11:30:00+09:00,70200.0,70200.0,69900.0,70000.0,5464.0
2026-08-13 11:40:00+09:00,69900.0,70200.0,69900.0,70000.0,2771.0
2026-08-13 11:50:00+09:00,70000.0,70400.0,69900.0,70300.0,4351.0
2026-08-13 12:00:00+09:00,70300.0,70600.0,70100.0,70200.0,5432.0
2026-08-13 12:10:00+09:00,70300.0,70600.0,70100.0,70400.0,3725.0
2026-08-13 12:20:00+09:00,70200.0,70600.0,70100.0,70600.0,5410.0
2026-08-13 12:30:00+09:00,70300.0,70600.0,70100.0,70200.0,2529.0
2026-08-13 12:40:00+09:00,70300.0,70600.0,70100.0,70300.0,4913.0
2026-08-13 12:50:00+09:00,70300.0,70600.0,70200.0,70300.0,3521.0
2026-08-13 13:00:00+09:00,70400.0,70600.0,70200.0,70400.0,7687.0
2026-08-13 13:10:00+09:00,70500.0,70600.0,70300.0,70300.0,8480.0
2026-08-13 13:20:00+09:00,70400.0,70600.0,70300.0,70500.0,9018.0
2026-08-13 13:30:00+09:00,70500.0,70700.0,70400.0,70500.0,4250.0
2026-08-13 13:40:00+09:00,70500.0,70700.0,70400.0,70500.0,4582.0
2026-08-13 13:50:00+09:00,70500.0,70600.0,70300.0,70600.0,12203.0
2026-08-13 14:00:00+09:00,70300.0,70600.0,70300.0,70500.0,7198.0
2026-08-13 14:10:00+09:00,70500.0,70700.0,70400.0,70600.0,6807.0
2026-08-13 14:20:00+09:00,70600.0,71100.0,70600.0,71000.0,8597.0
2026-08-13 14:30:00+09:00,71000.0,71800.0,71000.0,71000.0,17105.0
2026-08-13 14:40:00+09:00,71100.0,71600.0,71000.0,71400.0,11471.0
2026-08-13 14:50:00+09:00,71400.0,72100.0,71400.0,71800.0,30060.0
2026-08-14 09:00:00+09:00,71200.0,73200.0,71100.0,72500.0,16027.0
2026-08-14 09:10:00+09:00,72500.0,72500.0,71600.0,72100.0,8162.0
2026-08-14 09:20:00+09:00,72100.0,72400.0,71900.0,72000.0,5051.0
2026-08-14 09:30:00+09:00,71900.0,72100.0,71400.0,71400.0,5926.0
2026-08-14 09:40:00+09:00,71400.0,71500.0,70900.0,71100.0,4949.0
2026-08-14 09:50:00+09:00,71100.0,71400.0,70800.0,71300.0,2723.0
2026-08-14 10:00:00+09:00,71300.0,71400.0,70900.0,70900.0,3499.0
2026-08-14 10:10:00+09:00,70800.0,71000.0,70600.0,70700.0,3031.0
2026-08-14 10:20:00+09:00,70700.0,71200.0,70600.0,70800.0,3047.0
2026-08-14 10:30:00+09:00,70800.0,71100.0,70600.0,70800.0,2912.0
2026-08-14 10:40:00+09:00,70800.0,70900.0,70700.0,70700.0,1704.0
2026-08-14 10:50:00+09:00,70700.0,71000.0,70600.0,70800.0,1842.0
2026-08-14 11:00:00+09:00,70900.0,71100.0,70800.0,70800.0,2477.0
2026-08-14 11:10:00+09:00,70700.0,70900.0,70600.0,70700.0,3869.0
2026-08-14 11:20:00+09:00,70700.0,70900.0,70500.0,70800.0,2227.0
2026-08-14 11:30:00+09:00,70800.0,71000.0,70600.0,70600.0,1229.0
2026-08-14 11:40:00+09:00,70600.0,70900.0,70600.0,70800.0,1491.0
2026-08-14 11:50:00+09:00,70800.0,70900.0,70600.0,70600.0,1362.0
2026-08-14 12:00:00+09:00,70600.0,71100.0,70600.0,70600.0,2257.0
2026-08-14 12:10:00+09:00,70600.0,71200.0,70600.0,71200.0,3073.0
2026-08-14 12:20:00+09:00,71100.0,71400.0,70900.0,71300.0,3091.0
2026-08-14 12:30:00+09:00,71300.0,71400.0,70800.0,70900.0,3082.0
2026-08-14 12:40:00+09:00,71000.0,71200.0,70900.0,70900.0,1800.0
2026-08-14 12:50:00+09:00,70900.0,71100.0,70800.0,70800.0,1668.0
2026-08-14 13:00:00+09:00,70800.0,71300.0,70800.0,71100.0,4209.0
2026-08-14 13:10:00+09:00,71100.0,71400.0,71000.0,71300.0,2848.0
2026-08-14 13:20:00+09:00,71100.0,71300.0,71100.0,71200.0,2896.0
2026-08-14 13:30:00+09:00,71200.0,71400.0,71100.0,71300.0,2797.0
2026-08-14 13:40:00+09:00,71200.0,71700.0,71200.0,71300.0,4526.0
2026-08-14 13:50:00+09:00,71200.0,71300.0,70900.0,71000.0,2796.0
2026-08-14 14:00:00+09:00,70900.0,71200.0,70900.0,71200.0,3596.0
2026-08-14 14:10:00+09:00,71100.0,71400.0,71000.0,71100.0,3176.0
2026-08-14 14:20:00+09:00,71100.0,71200.0,71000.0,71000.0,1987.0
2026-08-14 14:30:00+09:00,71000.0,71600.0,70900.0,71500.0,17287.0
2026-08-14 14:40:00+09:00,71400.0,72200.0,71300.0,71900.0,20359.0
2026-08-14 14:50:00+09:00,71900.0,72100.0,71700.0,71900.0,21670.0
2026-08-18 09:00:00+09:00,70900.0,71300.0,70100.0,71000.0,6018.0
2026-08-18 09:10:00+09:00,71000.0,71000.0,69700.0,70000.0,10735.0
2026-08-18 09:20:00+09:00,70000.0,70100.0,68850.0,69100.0,10876.0
2026-08-18 09:30:00+09:00,69100.0,69200.0,68700.0,68900.0,5558.0
2026-08-18 09:40:00+09:00,68900.0,69300.0,68800.0,69200.0,3916.0
2026-08-18 09:50:00+09:00,69200.0,69600.0,69000.0,69500.0,8146.0
2026-08-18 10:00:00+09:00,69500.0,69600.0,69300.0,69300.0,5896.0
2026-08-18 10:10:00+09:00,69300.0,69400.0,69000.0,69100.0,2624.0
2026-08-18 10:20:00+09:00,69000.0,69100.0,68400.0,68600.0,9177.0
2026-08-18 10:30:00+09:00,68500.0,69000.0,68500.0,68800.0,3185.0
2026-08-18 10:40:00+09:00,68900.0,68900.0,68400.0,68600.0,11482.0
2026-08-18 10:50:00+09:00,68600.0,68700.0,68400.0,68500.0,5185.0
2026-08-18 11:00:00+09:00,68500.0,68900.0,68400.0,68700.0,5927.0
2026-08-18 11:10:00+09:00,68600.0,68700.0,68400.0,68500.0,2801.0
2026-08-18 11:20:00+09:00,68500.0,68600.0,68300.0,68400.0,2968.0
2026-08-18 11:30:00+09:00,68400.0,68800.0,68100.0,68650.0,6683.0
2026-08-18 11:40:00+09:00,68650.0,68700.0,68300.0,68600.0,3607.0
2026-08-18 11:50:00+09:00,68500.0,68900.0,68400.0,68900.0,4464.0
2026-08-18 12:00:00+09:00,68800.0,68900.0,68300.0,68400.0,3330.0
2026-08-18 12:10:00+09:00,68300.0,68600.0,68200.0,68400.0,2639.0
2026-08-18 12:20:00+09:00,68500.0,68500.0,68200.0,68300.0,2501.0
2026-08-18 12:30:00+09:00,68200.0,68500.0,68100.0,68300.0,3526.0
2026-08-18 12:40:00+09:00,68300.0,68400.0,68100.0,68200.0,2719.0
2026-08-18 12:50:00+09:00,68200.0,68300.0,68100.0,68200.0,2509.0
2026-08-18 13:00:00+09:00,68200.0,68300.0,68100.0,68200.0,2837.0
2026-08-18 13:10:00+09:00,68250.0,68300.0,68000.0,68300.0,3501.0
2026-08-18 13:20:00+09:00,68200.0,68400.0,68200.0,68200.0,1611.0
2026-08-18 13:30:00+09:00,68200.0,68300.0,68100.0,68200.0,2903.0
2026-08-18 13:40:00+09:00,68200.0,68400.0,68200.0,68300.0,3256.0
2026-08-18 13:50:00+09:00,68400.0,68500.0,68300.0,68300.0,3159.0
2026-08-18 14:00:00+09:00,68300.0,68400.0,68100.0,68300.0,4167.0
2026-08-18 14:10:00+09:00,68300.0,68350.0,68100.0,68100.0,4067.0
2026-08-18 14:20:00+09:00,68100.0,68400.0,68100.0,68200.0,6608.0
2026-08-18 14:30:00+09:00,68200.0,68400.0,68000.0,68000.0,7804.0
2026-08-18 14:40:00+09:00,68000.0,68400.0,68000.0,68300.0,8213.0
2026-08-18 14:50:00+09:00,68300.0,68600.0,68200.0,68200.0,7478.0
2026-08-19 09:00:00+09:00,66900.0,67400.0,65100.0,66100.0,12681.0
2026-08-19 09:10:00+09:00,66100.0,66400.0,65600.0,65900.0,6212.0
2026-08-19 09:20:00+09:00,65900.0,66000.0,65600.0,65600.0,6023.0
2026-08-19 09:30:00+09:00,65500.0,66200.0,65500.0,66100.0,6256.0
2026-08-19 09:40:00+09:00,66000.0,66600.0,66000.0,66600.0,4955.0
2026-08-19 09:50:00+09:00,66600.0,66900.0,66400.0,66800.0,4075.0
2026-08-19 10:00:00+09:00,66800.0,67600.0,66700.0,67600.0,5102.0
2026-08-19 10:10:00+09:00,67700.0,67800.0,67500.0,67700.0,2083.0
2026-08-19 10:20:00+09:00,67700.0,67900.0,67500.0,67900.0,2575.0
2026-08-19 10:30:00+09:00,67800.0,68000.0,67300.0,67500.0,2992.0
2026-08-19 10:40:00+09:00,67600.0,67600.0,67000.0,67100.0,3031.0
2026-08-19 10:50:00+09:00,67200.0,67400.0,66900.0,67200.0,2648.0
2026-08-19 11:00:00+09:00,67100.0,67200.0,66700.0,67000.0,4563.0
2026-08-19 11:10:00+09:00,67000.0,67200.0,66700.0,66900.0,2222.0
2026-08-19 11:20:00+09:00,66900.0,67200.0,66600.0,66900.0,1569.0
2026-08-19 11:30:00+09:00,66900.0,67200.0,66800.0,67100.0,1419.0
2026-08-19 11:40:00+09:00,67000.0,67100.0,66700.0,67000.0,1654.0
2026-08-19 11:50:00+09:00,67000.0,67100.0,66700.0,67000.0,1318.0
2026-08-19 12:00:00+09:00,66900.0,67200.0,66900.0,67100.0,1294.0
2026-08-19 12:10:00+09:00,67100.0,67200.0,66800.0,67200.0,2228.0
2026-08-19 12:20:00+09:00,67100.0,67400.0,67000.0,67300.0,1491.0
2026-08-19 12:30:00+09:00,67200.0,67500.0,67200.0,67400.0,1327.0
2026-08-19 12:40:00+09:00,67400.0,67500.0,67000.0,67500.0,1477.0
2026-08-19 12:50:00+09:00,67400.0,67400.0,66900.0,66900.0,2244.0
2026-08-19 13:00:00+09:00,66900.0,67000.0,66800.0,66900.0,1460.0
2026-08-19 13:10:00+09:00,67000.0,67200.0,66800.0,67000.0,1295.0
2026-08-19 13:20:00+09:00,66900.0,67400.0,66900.0,67400.0,2549.0
2026-08-19 13:30:00+09:00,67400.0,67400.0,67000.0,67300.0,1837.0
2026-08-19 13:40:00+09:00,67300.0,67600.0,67200.0,67600.0,1925.0
2026-08-19 13:50:00+09:00,67600.0,68000.0,67200.0,68000.0,3866.0
2026-08-19 14:00:00+09:00,68000.0,68300.0,67900.0,68100.0,4671.0
2026-08-19 14:10:00+09:00,68200.0,68300.0,67600.0,68000.0,4976.0
2026-08-19 14:20:00+09:00,68000.0,68300.0,67600.0,68200.0,4774.0
2026-08-19 14:30:00+09:00,68200.0,68200.0,67700.0,68000.0,4789.0
2026-08-19 14:40:00+09:00,68000.0,68200.0,67700.0,67900.0,4574.0
2026-08-19 14:50:00+09:00,67900.0,68000.0,67600.0,67900.0,5163.0
2026-08-20 09:00:00+09:00,67500.0,68000.0,66700.0,67100.0,8535.0
2026-08-20 09:10:00+09:00,67000.0,67500.0,66700.0,67100.0,6352.0
2026-08-20 09:20:00+09:00,66900.0,67400.0,66700.0,67100.0,4981.0
2026-08-20 09:30:00+09:00,67100.0,67300.0,67000.0,67050.0,3104.0
2026-08-20 09:40:00+09:00,67050.0,67100.0,66600.0,66700.0,11995.0
2026-08-20 09:50:00+09:00,66700.0,67000.0,66600.0,66900.0,7368.0
2026-08-20 10:00:00+09:00,66900.0,67000.0,66700.0,66700.0,5464.0
2026-08-20 10:10:00+09:00,66750.0,67500.0,66700.0,67250.0,5058.0
2026-08-20 10:20:00+09:00,67200.0,67300.0,67000.0,67200.0,2662.0
2026-08-20 10:30:00+09:00,67250.0,67400.0,67000.0,67200.0,4689.0
2026-08-20 10:40:00+09:00,67200.0,67300.0,67000.0,67300.0,3077.0
2026-08-20 10:50:00+09:00,67300.0,67400.0,66900.0,67100.0,6313.0
2026-08-20 11:00:00+09:00,67100.0,67400.0,66900.0,66900.0,4602.0
2026-08-20 11:10:00+09:00,66900.0,67100.0,66900.0,67000.0,3936.0
2026-08-20 11:20:00+09:00,66950.0,67000.0,66600.0,66700.0,8225.0
2026-08-20 11:30:00+09:00,66700.0,66800.0,66600.0,66700.0,3876.0
2026-08-20 11:40:00+09:00,66700.0,66800.0,66600.0,66800.0,2663.0
2026-08-20 11:50:00+09:00,66800.0,66800.0,66700.0,66800.0,1875.0
2026-08-20 12:00:00+09:00,66800.0,66800.0,66600.0,66600.0,3084.0
2026-08-20 12:10:00+09:00,66650.0,66700.0,66500.0,66600.0,5350.0
2026-08-20 12:20:00+09:00,66600.0,66700.0,66500.0,66500.0,5169.0
2026-08-20 12:30:00+09:00,66550.0,66550.0,66400.0,66500.0,4586.0
2026-08-20 12:40:00+09:00,66500.0,66600.0,66400.0,66550.0,1846.0
2026-08-20 12:50:00+09:00,66550.0,66800.0,66400.0,66700.0,5047.0
2026-08-20 13:00:00+09:00,66800.0,67000.0,66500.0,66900.0,12109.0
2026-08-20 13:10:00+09:00,66900.0,66900.0,66500.0,66600.0,7948.0
2026-08-20 13:20:00+09:00,66600.0,66700.0,66500.0,66600.0,8197.0
2026-08-20 13:30:00+09:00,66600.0,66700.0,66500.0,66600.0,8146.0
2026-08-20 13:40:00+09:00,66650.0,66700.0,66550.0,66600.0,4413.0
2026-08-20 13:50:00+09:00,66600.0,66900.0,66600.0,66850.0,7133.0
2026-08-20 14:00:00+09:00,66800.0,66900.0,66500.0,66600.0,19724.0
2026-08-20 14:10:00+09:00,66600.0,67000.0,66600.0,66900.0,8219.0
2026-08-20 14:20:00+09:00,66900.0,67000.0,66600.0,66600.0,12863.0
2026-08-20 14:30:00+09:00,66650.0,66800.0,66500.0,66550.0,39844.0
2026-08-20 14:40:00+09:00,66500.0,66600.0,66500.0,66500.0,6350.0
2026-08-20 14:50:00+09:00,66500.0,66600.0,66200.0,66200.0,12243.0
2026-08-21 09:00:00+09:00,65900.0,66000.0,64600.0,64700.0,5725.0
2026-08-21 09:10:00+09:00,64800.0,65400.0,64600.0,65400.0,5651.0
2026-08-21 09:20:00+09:00,65300.0,65600.0,65000.0,65000.0,2292.0
2026-08-21 09:30:00+09:00,65100.0,65500.0,64900.0,65200.0,3504.0
2026-08-21 09:40:00+09:00,65200.0,65800.0,65100.0,65600.0,2866.0
2026-08-21 09:50:00+09:00,65600.0,65800.0,65100.0,65200.0,3990.0
2026-08-21 10:00:00+09:00,65300.0,65400.0,64700.0,64900.0,4754.0
2026-08-21 10:10:00+09:00,64900.0,65400.0,64800.0,65400.0,1998.0
2026-08-21 10:20:00+09:00,65300.0,65400.0,65000.0,65000.0,2241.0
2026-08-21 10:30:00+09:00,65100.0,65100.0,64700.0,64900.0,3340.0
2026-08-21 10:40:00+09:00,64900.0,65400.0,64700.0,65200.0,2657.0
2026-08-21 10:50:00+09:00,65200.0,65300.0,64800.0,65100.0,3046.0
2026-08-21 11:00:00+09:00,65200.0,65200.0,64800.0,65000.0,2110.0
2026-08-21 11:10:00+09:00,64900.0,65300.0,64900.0,65000.0,1759.0
2026-08-21 11:20:00+09:00,65000.0,65300.0,64900.0,65100.0,1762.0
2026-08-21 11:30:00+09:00,65100.0,65200.0,64900.0,64900.0,2068.0
2026-08-21 11:40:00+09:00,64900.0,65000.0,64900.0,65000.0,914.0
2026-08-21 11:50:00+09:00,64900.0,65300.0,64900.0,65200.0,3070.0
2026-08-21 12:00:00+09:00,65300.0,65500.0,65200.0,65500.0,1617.0
2026-08-21 12:10:00+09:00,65500.0,65500.0,65200.0,65300.0,2934.0
2026-08-21 12:20:00+09:00,65300.0,65400.0,65200.0,65300.0,1813.0
2026-08-21 12:30:00+09:00,65200.0,65700.0,65200.0,65700.0,2691.0
2026-08-21 12:40:00+09:00,65600.0,65900.0,65500.0,65800.0,2679.0
2026-08-21 12:50:00+09:00,65700.0,66200.0,65600.0,65700.0,3308.0
2026-08-21 13:00:00+09:00,65700.0,66300.0,65600.0,66300.0,4065.0
2026-08-21 13:10:00+09:00,65900.0,66200.0,65600.0,65700.0,3148.0
2026-08-21 13:20:00+09:00,65700.0,66300.0,65700.0,65800.0,3149.0
2026-08-21 13:30:00+09:00,66100.0,66400.0,65800.0,65800.0,2731.0
2026-08-21 13:40:00+09:00,65900.0,66400.0,65900.0,66100.0,3508.0
2026-08-21 13:50:00+09:00,66100.0,66400.0,65900.0,66100.0,3443.0
2026-08-21 14:00:00+09:00,66100.0,66100.0,65700.0,65800.0,4716.0
2026-08-21 14:10:00+09:00,65800.0,66300.0,65700.0,66000.0,6107.0
2026-08-21 14:20:00+09:00,66000.0,66300.0,65800.0,66100.0,4892.0
2026-08-21 14:30:00+09:00,66000.0,66400.0,66000.0,66100.0,5687.0
2026-08-21 14:40:00+09:00,66100.0,66400.0,65800.0,65900.0,7709.0
2026-08-21 14:50:00+09:00,66000.0,66600.0,65900.0,66200.0,5892.0
2026-08-24 09:00:00+09:00,65800.0,66500.0,65100.0,65900.0,2328.0
2026-08-24 09:10:00+09:00,66000.0,66100.0,65100.0,65400.0,3909.0
2026-08-24 09:20:00+09:00,65400.0,65900.0,65300.0,65800.0,4052.0
2026-08-24 09:30:00+09:00,65800.0,65900.0,65400.0,65500.0,3719.0
2026-08-24 09:40:00+09:00,65500.0,65900.0,65500.0,65800.0,2774.0
2026-08-24 09:50:00+09:00,65800.0,65900.0,65500.0,65500.0,2662.0
2026-08-24 10:00:00+09:00,65600.0,65600.0,65500.0,65500.0,1088.0
2026-08-24 10:10:00+09:00,65500.0,65800.0,65500.0,65600.0,4881.0
2026-08-24 10:20:00+09:00,65600.0,65600.0,65400.0,65500.0,3984.0
2026-08-24 10:30:00+09:00,65600.0,66000.0,65500.0,65700.0,4668.0
2026-08-24 10:40:00+09:00,65700.0,66000.0,65700.0,65950.0,2851.0
2026-08-24 10:50:00+09:00,65950.0,66400.0,65900.0,66050.0,5900.0
2026-08-24 11:00:00+09:00,66100.0,66100.0,65800.0,66100.0,3172.0
2026-08-24 11:10:00+09:00,66100.0,66300.0,66000.0,66300.0,2300.0
2026-08-24 11:20:00+09:00,66200.0,66400.0,66200.0,66400.0,2773.0
2026-08-24 11:30:00+09:00,66300.0,66600.0,66300.0,66500.0,2744.0
2026-08-24 11:40:00+09:00,66500.0,66600.0,66500.0,66500.0,733.0
2026-08-24 11:50:00+09:00,66500.0,66500.0,66200.0,66300.0,6264.0
2026-08-24 12:00:00+09:00,66300.0,66400.0,66200.0,66200.0,1969.0
2026-08-24 12:10:00+09:00,66200.0,66300.0,66100.0,66200.0,1640.0
2026-08-24 12:20:00+09:00,66100.0,66300.0,66100.0,66200.0,3348.0
2026-08-24 12:30:00+09:00,66200.0,66200.0,66100.0,66100.0,695.0
2026-08-24 12:40:00+09:00,66100.0,66200.0,65900.0,65900.0,2468.0
2026-08-24 12:50:00+09:00,66000.0,66400.0,65900.0,66200.0,4382.0
2026-08-24 13:00:00+09:00,66100.0,66200.0,66000.0,66000.0,1265.0
2026-08-24 13:10:00+09:00,66000.0,66100.0,65900.0,66000.0,1500.0
2026-08-24 13:20:00+09:00,65900.0,66200.0,65900.0,66200.0,3412.0
2026-08-24 13:30:00+09:00,66200.0,66200.0,66100.0,66100.0,1260.0
2026-08-24 13:40:00+09:00,66200.0,66200.0,66000.0,66000.0,1938.0
2026-08-24 13:50:00+09:00,66100.0,66300.0,66000.0,66200.0,4182.0
2026-08-24 14:00:00+09:00,66300.0,66300.0,66100.0,66200.0,2962.0
2026-08-24 14:10:00+09:00,66300.0,66500.0,66200.0,66400.0,3752.0
2026-08-24 14:20:00+09:00,66300.0,66700.0,66300.0,66400.0,5327.0
2026-08-24 14:30:00+09:00,66400.0,66500.0,66000.0,66300.0,8178.0
2026-08-24 14:40:00+09:00,66200.0,66400.0,66100.0,66300.0,6406.0
2026-08-24 14:50:00+09:00,66400.0,66800.0,66300.0,66700.0,6891.0
2026-08-25 09:00:00+09:00,66800.0,66900.0,65200.0,65600.0,5514.0
2026-08-25 09:10:00+09:00,65600.0,65900.0,65000.0,65300.0,4298.0
2026-08-25 09:20:00+09:00,65200.0,65900.0,65100.0,65700.0,3706.0
2026-08-25 09:30:00+09:00,65700.0,66200.0,65600.0,66000.0,2753.0
2026-08-25 09:40:00+09:00,66000.0,66700.0,66000.0,66200.0,2617.0
2026-08-25 09:50:00+09:00,66200.0,66800.0,66100.0,66500.0,3002.0
2026-08-25 10:00:00+09:00,66500.0,66800.0,66400.0,66500.0,2905.0
2026-08-25 10:10:00+09:00,66500.0,66800.0,66400.0,66400.0,2896.0
2026-08-25 10:20:00+09:00,66500.0,66500.0,66100.0,66300.0,1450.0
2026-08-25 10:30:00+09:00,66300.0,66700.0,66300.0,66700.0,2548.0
2026-08-25 10:40:00+09:00,66700.0,66800.0,66500.0,66800.0,1235.0
2026-08-25 10:50:00+09:00,66700.0,66900.0,66600.0,66800.0,3730.0
2026-08-25 11:00:00+09:00,66800.0,66900.0,66600.0,66800.0,1829.0
2026-08-25 11:10:00+09:00,66800.0,67000.0,66800.0,67000.0,1323.0
2026-08-25 11:20:00+09:00,66900.0,67200.0,66800.0,66900.0,5287.0
2026-08-25 11:30:00+09:00,67000.0,67100.0,66600.0,66800.0,2401.0
2026-08-25 11:40:00+09:00,66800.0,66900.0,66300.0,66500.0,5088.0
2026-08-25 11:50:00+09:00,66400.0,66600.0,66200.0,66600.0,681.0
2026-08-25 12:00:00+09:00,66600.0,66800.0,66500.0,66700.0,2047.0
2026-08-25 12:10:00+09:00,66700.0,67100.0,66700.0,67100.0,1155.0
2026-08-25 12:20:00+09:00,67100.0,67100.0,66900.0,67000.0,1822.0
2026-08-25 12:30:00+09:00,66900.0,67200.0,66800.0,67000.0,1562.0
2026-08-25 12:40:00+09:00,67000.0,67000.0,66700.0,66700.0,1020.0
2026-08-25 12:50:00+09:00,66700.0,66900.0,66700.0,66700.0,1193.0
2026-08-25 13:00:00+09:00,66700.0,67200.0,66700.0,67100.0,2758.0
2026-08-25 13:10:00+09:00,67100.0,67200.0,66800.0,66900.0,1371.0
2026-08-25 13:20:00+09:00,66900.0,67000.0,66800.0,66800.0,2078.0
2026-08-25 13:30:00+09:00,66800.0,67100.0,66700.0,66900.0,5524.0
2026-08-25 13:40:00+09:00,67000.0,67100.0,66800.0,66800.0,3390.0
2026-08-25 13:50:00+09:00,66900.0,67100.0,66600.0,67000.0,3619.0
2026-08-25 14:00:00+09:00,67000.0,67200.0,66900.0,66900.0,1379.0
2026-08-25 14:10:00+09:00,67000.0,67000.0,66900.0,66900.0,431.0
2026-08-25 14:20:00+09:00,66950.0,66950.0,66800.0,66900.0,4053.0
2026-08-25 14:30:00+09:00,66850.0,66900.0,66800.0,66900.0,3388.0
2026-08-25 14:40:00+09:00,66850.0,67000.0,66500.0,66700.0,6152.0
2026-08-25 14:50:00+09:00,66700.0,66800.0,66400.0,66500.0,3387.0
2026-08-26 09:00:00+09:00,67600.0,67800.0,66200.0,66300.0,4888.0
2026-08-26 09:10:00+09:00,66300.0,66800.0,66200.0,66800.0,2430.0
2026-08-26 09:20:00+09:00,66800.0,67300.0,66500.0,67200.0,2139.0
2026-08-26 09:30:00+09:00,67200.0,67700.0,67200.0,67300.0,5124.0
2026-08-26 09:40:00+09:00,67400.0,67500.0,67000.0,67300.0,2941.0
2026-08-26 09:50:00+09:00,67300.0,67600.0,67200.0,67300.0,3313.0
2026-08-26 10:00:00+09:00,67300.0,67600.0,67300.0,67400.0,3540.0
2026-08-26 10:10:00+09:00,67400.0,67900.0,67400.0,67800.0,3527.0
2026-08-26 10:20:00+09:00,67800.0,67800.0,67400.0,67600.0,3010.0
2026-08-26 10:30:00+09:00,67700.0,67800.0,67600.0,67700.0,4487.0
2026-08-26 10:40:00+09:00,67800.0,68100.0,67600.0,67700.0,4022.0
2026-08-26 10:50:00+09:00,67700.0,68000.0,67700.0,67800.0,1463.0
2026-08-26 11:00:00+09:00,67900.0,68000.0,67800.0,68000.0,1169.0
2026-08-26 11:10:00+09:00,68000.0,68400.0,67900.0,68400.0,5004.0
2026-08-26 11:20:00+09:00,68400.0,68700.0,68300.0,68500.0,3658.0
2026-08-26 11:30:00+09:00,68500.0,68500.0,68300.0,68300.0,2744.0
2026-08-26 11:40:00+09:00,68400.0,68500.0,68300.0,68500.0,3310.0
2026-08-26 11:50:00+09:00,68400.0,68500.0,68200.0,68300.0,1506.0
2026-08-26 12:00:00+09:00,68300.0,68500.0,68000.0,68400.0,3460.0
2026-08-26 12:10:00+09:00,68300.0,68500.0,68300.0,68500.0,1016.0
2026-08-26 12:20:00+09:00,68450.0,68500.0,68100.0,68100.0,2775.0
2026-08-26 12:30:00+09:00,68100.0,68500.0,68100.0,68500.0,1493.0
2026-08-26 12:40:00+09:00,68400.0,68600.0,68300.0,68500.0,1712.0
2026-08-26 12:50:00+09:00,68600.0,68600.0,68300.0,68300.0,1924.0
2026-08-26 13:00:00+09:00,68400.0,68400.0,68100.0,68200.0,3556.0
2026-08-26 13:10:00+09:00,68200.0,68300.0,68200.0,68200.0,2177.0
2026-08-26 13:20:00+09:00,68300.0,68300.0,68100.0,68200.0,1268.0
2026-08-26 13:30:00+09:00,68100.0,68200.0,68100.0,68100.0,1415.0
2026-08-26 13:40:00+09:00,68100.0,68200.0,68000.0,68000.0,1417.0
2026-08-26 13:50:00+09:00,68100.0,68200.0,68000.0,68100.0,5637.0
2026-08-26 14:00:00+09:00,68100.0,68400.0,68000.0,68100.0,3074.0
2026-08-26 14:10:00+09:00,68100.0,68200.0,67900.0,67900.0,2672.0
2026-08-26 14:20:00+09:00,67900.0,68100.0,67900.0,68000.0,4776.0
2026-08-26 14:30:00+09:00,67900.0,68100.0,67900.0,68000.0,2965.0
2026-08-26 14:40:00+09:00,68000.0,68100.0,67800.0,68000.0,4972.0
2026-08-26 14:50:00+09:00,68000.0,68100.0,67900.0,68000.0,3535.0
2026-08-27 09:00:00+09:00,68600.0,69300.0,67800.0,67800.0,8620.0
2026-08-27 09:10:00+09:00,67800.0,68100.0,67100.0,67500.0,8522.0
2026-08-27 09:20:00+09:00,67500.0,67600.0,67100.0,67300.0,5111.0
2026-08-27 09:30:00+09:00,67200.0,67600.0,67000.0,67400.0,8485.0
2026-08-27 09:40:00+09:00,67400.0,67400.0,66800.0,66900.0,5430.0
2026-08-27 09:50:00+09:00,66800.0,66900.0,66300.0,66500.0,9978.0
2026-08-27 10:00:00+09:00,66500.0,67000.0,66500.0,66800.0,9832.0
2026-08-27 10:10:00+09:00,66800.0,66900.0,66300.0,66300.0,5981.0
2026-08-27 10:20:00+09:00,66300.0,66600.0,66300.0,66500.0,6268.0
2026-08-27 10:30:00+09:00,66500.0,66600.0,66300.0,66300.0,3540.0
2026-08-27 10:40:00+09:00,66300.0,66300.0,66100.0,66100.0,7388.0
2026-08-27 10:50:00+09:00,66200.0,66400.0,66100.0,66200.0,7624.0
2026-08-27 11:00:00+09:00,66200.0,66300.0,66200.0,66200.0,4824.0
2026-08-27 11:10:00+09:00,66200.0,66200.0,65800.0,65900.0,10449.0
2026-08-27 11:20:00+09:00,65900.0,66000.0,65700.0,65800.0,7381.0
2026-08-27 11:30:00+09:00,65800.0,65900.0,65700.0,65700.0,4854.0
2026-08-27 11:40:00+09:00,65800.0,65800.0,65600.0,65700.0,6529.0
2026-08-27 11:50:00+09:00,65700.0,66200.0,65700.0,66000.0,6089.0
2026-08-27 12:00:00+09:00,66000.0,66100.0,65800.0,65900.0,3816.0
2026-08-27 12:10:00+09:00,65900.0,66000.0,65700.0,65900.0,4362.0
2026-08-27 12:20:00+09:00,65900.0,65900.0,65700.0,65800.0,3398.0
2026-08-27 12:30:00+09:00,65700.0,66100.0,65700.0,65800.0,6193.0
2026-08-27 12:40:00+09:00,65800.0,65900.0,65700.0,65800.0,3792.0
2026-08-27 12:50:00+09:00,65800.0,65900.0,65700.0,65700.0,3425.0
2026-08-27 13:00:00+09:00,65700.0,65800.0,65600.0,65700.0,7493.0
2026-08-27 13:10:00+09:00,65800.0,65800.0,65500.0,65600.0,7382.0
2026-08-27 13:20:00+09:00,65700.0,65700.0,65500.0,65500.0,5304.0
2026-08-27 13:30:00+09:00,65500.0,65700.0,65400.0,65600.0,7544.0
2026-08-27 13:40:00+09:00,65500.0,65600.0,65200.0,65200.0,9091.0
2026-08-27 13:50:00+09:00,65300.0,65300.0,65100.0,65300.0,7878.0
2026-08-27 14:00:00+09:00,65200.0,65300.0,65100.0,65200.0,8320.0
2026-08-27 14:10:00+09:00,65200.0,65200.0,64900.0,65000.0,16624.0
2026-08-27 14:20:00+09:00,64900.0,65300.0,64900.0,65000.0,15238.0
2026-08-27 14:30:00+09:00,65000.0,65200.0,64900.0,65200.0,11995.0
2026-08-27 14:40:00+09:00,65100.0,65200.0,65000.0,65200.0,12478.0
2026-08-27 14:50:00+09:00,65200.0,65200.0,65000.0,65000.0,10217.0
2026-08-28 09:00:00+09:00,65000.0,65900.0,65000.0,65300.0,6627.0
2026-08-28 09:10:00+09:00,65300.0,65500.0,65100.0,65100.0,3759.0
2026-08-28 09:20:00+09:00,65200.0,65300.0,65000.0,65200.0,6052.0
2026-08-28 09:30:00+09:00,65200.0,65300.0,64800.0,64900.0,5596.0
2026-08-28 09:40:00+09:00,65000.0,65000.0,64700.0,64900.0,2832.0
2026-08-28 09:50:00+09:00,64900.0,65000.0,64800.0,64800.0,3104.0
2026-08-28 10:00:00+09:00,64800.0,65100.0,64500.0,64500.0,6908.0
2026-08-28 10:10:00+09:00,64500.0,64600.0,64400.0,64500.0,3966.0
2026-08-28 10:20:00+09:00,64500.0,64700.0,64200.0,64300.0,10456.0
2026-08-28 10:30:00+09:00,64300.0,64600.0,64300.0,64500.0,5040.0
2026-08-28 10:40:00+09:00,64400.0,64900.0,64300.0,64900.0,5356.0
2026-08-28 10:50:00+09:00,64800.0,65000.0,64700.0,64800.0,3500.0
2026-08-28 11:00:00+09:00,64700.0,64800.0,64600.0,64700.0,4422.0
2026-08-28 11:10:00+09:00,64700.0,65300.0,64700.0,65100.0,5246.0
2026-08-28 11:20:00+09:00,65100.0,65300.0,65000.0,65200.0,5101.0
2026-08-28 11:30:00+09:00,65100.0,65300.0,64900.0,65300.0,3459.0
2026-08-28 11:40:00+09:00,65200.0,65400.0,65000.0,65300.0,3687.0
2026-08-28 11:50:00+09:00,65400.0,65500.0,65200.0,65500.0,3981.0
2026-08-28 12:00:00+09:00,65500.0,65600.0,65200.0,65300.0,3197.0
2026-08-28 12:10:00+09:00,65300.0,65600.0,65200.0,65500.0,4076.0
2026-08-28 12:20:00+09:00,65500.0,65700.0,65300.0,65500.0,4112.0
2026-08-28 12:30:00+09:00,65500.0,65600.0,65300.0,65500.0,3583.0
2026-08-28 12:40:00+09:00,65400.0,65500.0,65300.0,65300.0,4205.0
2026-08-28 12:50:00+09:00,65300.0,66000.0,65300.0,65700.0,4233.0
2026-08-28 13:00:00+09:00,65800.0,65800.0,65400.0,65700.0,3531.0
2026-08-28 13:10:00+09:00,65700.0,66000.0,65600.0,65700.0,5192.0
2026-08-28 13:20:00+09:00,65700.0,65800.0,65600.0,65600.0,2080.0
2026-08-28 13:30:00+09:00,65600.0,66200.0,65600.0,66000.0,6197.0
2026-08-28 13:40:00+09:00,66100.0,66100.0,65800.0,65800.0,3998.0
2026-08-28 13:50:00+09:00,65800.0,66100.0,65800.0,66000.0,3978.0
2026-08-28 14:00:00+09:00,65900.0,66000.0,65900.0,65950.0,3124.0
2026-08-28 14:10:00+09:00,65900.0,66200.0,65800.0,66000.0,8969.0
2026-08-28 14:20:00+09:00,66000.0,66400.0,66000.0,66300.0,7518.0
2026-08-28 14:30:00+09:00,66300.0,66300.0,66000.0,66100.0,6282.0
2026-08-28 14:40:00+09:00,66200.0,66200.0,66000.0,66000.0,3628.0
2026-08-28 14:50:00+09:00,66100.0,66100.0,65900.0,65950.0,11393.0
2026-08-31 09:00:00+09:00,65900.0,65900.0,64000.0,64400.0,4782.0
2026-08-31 09:10:00+09:00,64400.0,65100.0,64300.0,65000.0,2528.0
2026-08-31 09:20:00+09:00,65000.0,65200.0,64900.0,65100.0,957.0
2026-08-31 09:30:00+09:00,65100.0,65400.0,64700.0,64700.0,5105.0
2026-08-31 09:40:00+09:00,64700.0,65000.0,64600.0,64900.0,5747.0
2026-08-31 09:50:00+09:00,64900.0,65200.0,64600.0,64700.0,5625.0
2026-08-31 10:00:00+09:00,64700.0,64800.0,64400.0,64400.0,6410.0
2026-08-31 10:10:00+09:00,64500.0,64900.0,64400.0,64700.0,4864.0
2026-08-31 10:20:00+09:00,64600.0,64800.0,64400.0,64800.0,5657.0
2026-08-31 10:30:00+09:00,64700.0,65100.0,64500.0,65100.0,1243.0
2026-08-31 10:40:00+09:00,65000.0,65150.0,64700.0,65000.0,1876.0
2026-08-31 10:50:00+09:00,65100.0,65550.0,65000.0,65400.0,1598.0
2026-08-31 11:00:00+09:00,65400.0,65900.0,65400.0,65900.0,1282.0
2026-08-31 11:10:00+09:00,65800.0,65900.0,65700.0,65900.0,1435.0
2026-08-31 11:20:00+09:00,65900.0,65900.0,65600.0,65900.0,1476.0
2026-08-31 11:30:00+09:00,65800.0,66000.0,65700.0,66000.0,1784.0
2026-08-31 11:40:00+09:00,65900.0,66400.0,65900.0,66300.0,5022.0
2026-08-31 11:50:00+09:00,66300.0,66400.0,66200.0,66300.0,1373.0
2026-08-31 12:00:00+09:00,66400.0,66600.0,66300.0,66500.0,2282.0
2026-08-31 12:10:00+09:00,66500.0,66900.0,66500.0,66600.0,4387.0
2026-08-31 12:20:00+09:00,66500.0,66600.0,66400.0,66500.0,852.0
2026-08-31 12:30:00+09:00,66500.0,66600.0,66400.0,66500.0,1283.0
2026-08-31 12:40:00+09:00,66500.0,66500.0,66300.0,66500.0,1242.0
2026-08-31 12:50:00+09:00,66500.0,66500.0,66400.0,66500.0,1081.0
2026-08-31 13:00:00+09:00,66500.0,67200.0,66400.0,67000.0,6932.0
2026-08-31 13:10:00+09:00,67000.0,67100.0,66800.0,66800.0,1859.0
2026-08-31 13:20:00+09:00,66800.0,67100.0,66800.0,67000.0,5832.0
2026-08-31 13:30:00+09:00,67050.0,67500.0,66900.0,67400.0,4832.0
2026-08-31 13:40:00+09:00,67400.0,67600.0,67300.0,67400.0,9465.0
2026-08-31 13:50:00+09:00,67400.0,67800.0,67300.0,67800.0,12425.0
2026-08-31 14:00:00+09:00,67800.0,67800.0,67300.0,67400.0,4388.0
2026-08-31 14:10:00+09:00,67400.0,67600.0,67400.0,67400.0,2858.0
2026-08-31 14:20:00+09:00,67400.0,67500.0,67300.0,67300.0,2900.0
2026-08-31 14:30:00+09:00,67300.0,67400.0,67200.0,67300.0,3776.0
2026-08-31 14:40:00+09:00,67200.0,67300.0,66800.0,67100.0,9338.0
2026-08-31 14:50:00+09:00,67000.0,67200.0,66600.0,66700.0,10874.0
2026-09-01 09:00:00+09:00,66200.0,67500.0,66200.0,67100.0,12642.0
2026-09-01 09:10:00+09:00,67100.0,67400.0,66800.0,66800.0,2858.0
2026-09-01 09:20:00+09:00,66800.0,67000.0,66600.0,66800.0,3294.0
2026-09-01 09:30:00+09:00,66900.0,67200.0,66800.0,67000.0,2707.0
2026-09-01 09:40:00+09:00,67000.0,67100.0,66800.0,66900.0,3762.0
2026-09-01 09:50:00+09:00,66900.0,67000.0,66800.0,66900.0,4695.0
2026-09-01 10:00:00+09:00,66800.0,67100.0,66500.0,66500.0,11241.0
2026-09-01 10:10:00+09:00,66600.0,66700.0,66500.0,66500.0,1167.0
2026-09-01 10:20:00+09:00,66500.0,66600.0,66000.0,66200.0,2550.0
2026-09-01 10:30:00+09:00,66200.0,66400.0,66000.0,66200.0,1837.0
2026-09-01 10:40:00+09:00,66200.0,66400.0,66100.0,66200.0,1567.0
2026-09-01 10:50:00+09:00,66300.0,66300.0,66100.0,66300.0,1892.0
2026-09-01 11:00:00+09:00,66300.0,66600.0,66300.0,66500.0,1551.0
2026-09-01 11:10:00+09:00,66400.0,66700.0,66400.0,66600.0,2238.0
2026-09-01 11:20:00+09:00,66600.0,66700.0,66300.0,66400.0,1635.0
2026-09-01 11:30:00+09:00,66400.0,66800.0,66400.0,66600.0,1182.0
2026-09-01 11:40:00+09:00,66700.0,66800.0,66500.0,66700.0,1957.0
2026-09-01 11:50:00+09:00,66750.0,67050.0,66750.0,67000.0,1463.0
2026-09-01 12:00:00+09:00,67000.0,67200.0,66900.0,67100.0,1792.0
2026-09-01 12:10:00+09:00,67100.0,67300.0,67000.0,67200.0,2057.0
2026-09-01 12:20:00+09:00,67200.0,67200.0,67000.0,67000.0,897.0
2026-09-01 12:30:00+09:00,67000.0,67300.0,67000.0,67200.0,2606.0
2026-09-01 12:40:00+09:00,67200.0,67300.0,67100.0,67250.0,1712.0
2026-09-01 12:50:00+09:00,67250.0,67300.0,67000.0,67100.0,1655.0
2026-09-01 13:00:00+09:00,67050.0,67100.0,66900.0,67100.0,3538.0
2026-09-01 13:10:00+09:00,67100.0,67500.0,67000.0,67200.0,6473.0
2026-09-01 13:20:00+09:00,67200.0,67400.0,67100.0,67200.0,5031.0
2026-09-01 13:30:00+09:00,67100.0,67250.0,67000.0,67050.0,2091.0
2026-09-01 13:40:00+09:00,67050.0,67250.0,66900.0,67100.0,5295.0
2026-09-01 13:50:00+09:00,67000.0,67100.0,66900.0,66900.0,5170.0
2026-09-01 14:00:00+09:00,66900.0,67000.0,66800.0,66850.0,5262.0
2026-09-01 14:10:00+09:00,66900.0,66900.0,66500.0,66600.0,5508.0
2026-09-01 14:20:00+09:00,66700.0,67100.0,66600.0,67050.0,3050.0
2026-09-01 14:30:00+09:00,67100.0,67300.0,67000.0,67100.0,3126.0
2026-09-01 14:40:00+09:00,67100.0,67500.0,67100.0,67350.0,4666.0
2026-09-01 14:50:00+09:00,67400.0,67500.0,67200.0,67400.0,5574.0
2026-09-02 09:00:00+09:00,65000.0,65100.0,64000.0,64600.0,35301.0
2026-09-02 09:10:00+09:00,64600.0,65400.0,64600.0,64900.0,10964.0
2026-09-02 09:20:00+09:00,64900.0,64900.0,64400.0,64500.0,12380.0
2026-09-02 09:30:00+09:00,64500.0,64700.0,64400.0,64600.0,4864.0
2026-09-02 09:40:00+09:00,64600.0,64900.0,64500.0,64800.0,4041.0
2026-09-02 09:50:00+09:00,64800.0,65000.0,64500.0,64500.0,4721.0
2026-09-02 10:00:00+09:00,64500.0,64800.0,64200.0,64600.0,12704.0
2026-09-02 10:10:00+09:00,64700.0,65000.0,64600.0,65000.0,3164.0
2026-09-02 10:20:00+09:00,64900.0,65500.0,64700.0,65500.0,6855.0
2026-09-02 10:30:00+09:00,65500.0,65500.0,64600.0,64700.0,5673.0
2026-09-02 10:40:00+09:00,64750.0,65200.0,64700.0,64800.0,4101.0
2026-09-02 10:50:00+09:00,64900.0,64900.0,64700.0,64800.0,2970.0
2026-09-02 11:00:00+09:00,64800.0,64800.0,64600.0,64600.0,2053.0
2026-09-02 11:10:00+09:00,64650.0,64950.0,64500.0,64800.0,3055.0
2026-09-02 11:20:00+09:00,64900.0,65200.0,64800.0,64900.0,2434.0
2026-09-02 11:30:00+09:00,64900.0,65000.0,64800.0,64900.0,2122.0
2026-09-02 11:40:00+09:00,64950.0,65100.0,64900.0,65000.0,1761.0
2026-09-02 11:50:00+09:00,65100.0,65100.0,64800.0,64800.0,3043.0
2026-09-02 12:00:00+09:00,64800.0,64950.0,64800.0,64900.0,1999.0
2026-09-02 12:10:00+09:00,64900.0,65000.0,64800.0,64800.0,1399.0
2026-09-02 12:20:00+09:00,64900.0,65000.0,64800.0,64900.0,1236.0
2026-09-02 12:30:00+09:00,64900.0,64900.0,64800.0,64800.0,2415.0
2026-09-02 12:40:00+09:00,64800.0,65100.0,64800.0,64900.0,1924.0
2026-09-02 12:50:00+09:00,64900.0,65200.0,64900.0,65100.0,4132.0
2026-09-02 13:00:00+09:00,65100.0,65150.0,64900.0,65000.0,5167.0
2026-09-02 13:10:00+09:00,65050.0,65100.0,64800.0,65000.0,4961.0
2026-09-02 13:20:00+09:00,65100.0,65100.0,64900.0,65000.0,1732.0
2026-09-02 13:30:00+09:00,64950.0,65300.0,64900.0,65200.0,2584.0
2026-09-02 13:40:00+09:00,65200.0,65300.0,65000.0,65200.0,2292.0
2026-09-02 13:50:00+09:00,65200.0,65300.0,65100.0,65100.0,2488.0
2026-09-02 14:00:00+09:00,65200.0,65200.0,65000.0,65200.0,2736.0
2026-09-02 14:10:00+09:00,65200.0,65300.0,65100.0,65100.0,3532.0
2026-09-02 14:20:00+09:00,65200.0,65400.0,65100.0,65300.0,3086.0
2026-09-02 14:30:00+09:00,65300.0,65400.0,65200.0,65300.0,3675.0
2026-09-02 14:40:00+09:00,65250.0,65400.0,65200.0,65400.0,3447.0
2026-09-02 14:50:00+09:00,65400.0,65400.0,65100.0,65100.0,3998.0
2026-09-03 09:00:00+09:00,65600.0,66000.0,64800.0,65500.0,9294.0
2026-09-03 09:10:00+09:00,65400.0,65900.0,65200.0,65800.0,4574.0
2026-09-03 09:20:00+09:00,65900.0,66600.0,65600.0,66200.0,9852.0
2026-09-03 09:30:00+09:00,66200.0,67300.0,66200.0,67200.0,11840.0
2026-09-03 09:40:00+09:00,67200.0,67500.0,67100.0,67300.0,6845.0
2026-09-03 09:50:00+09:00,67300.0,67500.0,67000.0,67000.0,4748.0
2026-09-03 10:00:00+09:00,67000.0,67100.0,66700.0,66700.0,1793.0
2026-09-03 10:10:00+09:00,66800.0,67000.0,66700.0,66800.0,1790.0
2026-09-03 10:20:00+09:00,66800.0,66900.0,66200.0,66300.0,2431.0
2026-09-03 10:30:00+09:00,66200.0,66300.0,65800.0,65900.0,4003.0
2026-09-03 10:40:00+09:00,65800.0,66100.0,65600.0,65700.0,2937.0
2026-09-03 10:50:00+09:00,65700.0,65900.0,65500.0,65500.0,2385.0
2026-09-03 11:00:00+09:00,65500.0,65900.0,65500.0,65800.0,3237.0
2026-09-03 11:10:00+09:00,65800.0,66100.0,65700.0,65900.0,2935.0
2026-09-03 11:20:00+09:00,66000.0,66000.0,65600.0,65800.0,2559.0
2026-09-03 11:30:00+09:00,65700.0,65900.0,65600.0,65800.0,2280.0
2026-09-03 11:40:00+09:00,65700.0,65900.0,65600.0,65700.0,2561.0
2026-09-03 11:50:00+09:00,65600.0,65800.0,65600.0,65700.0,2083.0
2026-09-03 12:00:00+09:00,65700.0,66000.0,65500.0,65800.0,2738.0
2026-09-03 12:10:00+09:00,65800.0,66000.0,65700.0,65900.0,2804.0
2026-09-03 12:20:00+09:00,65900.0,66000.0,65700.0,65800.0,2234.0
2026-09-03 12:30:00+09:00,65800.0,65900.0,65700.0,65800.0,2330.0
2026-09-03 12:40:00+09:00,65900.0,66500.0,65800.0,66300.0,4178.0
2026-09-03 12:50:00+09:00,66300.0,66400.0,66000.0,66100.0,2967.0
2026-09-03 13:00:00+09:00,66100.0,66300.0,65800.0,65900.0,2549.0
2026-09-03 13:10:00+09:00,66000.0,66000.0,65800.0,65900.0,3656.0
2026-09-03 13:20:00+09:00,65900.0,66000.0,65600.0,65700.0,2990.0
2026-09-03 13:30:00+09:00,65700.0,66000.0,65600.0,65800.0,4250.0
2026-09-03 13:40:00+09:00,65700.0,66500.0,65600.0,66400.0,4729.0
2026-09-03 13:50:00+09:00,66400.0,66600.0,66100.0,66200.0,4042.0
2026-09-03 14:00:00+09:00,66300.0,66600.0,66000.0,66000.0,4990.0
2026-09-03 14:10:00+09:00,66000.0,66300.0,65300.0,65400.0,10202.0
2026-09-03 14:20:00+09:00,65400.0,65800.0,65200.0,65400.0,9313.0
2026-09-03 14:30:00+09:00,65400.0,65900.0,65300.0,65600.0,7870.0
2026-09-03 14:40:00+09:00,65600.0,66100.0,65500.0,66100.0,7212.0
2026-09-03 14:50:00+09:00,65900.0,66400.0,65800.0,66100.0,9887.0
2026-09-04 09:00:00+09:00,67000.0,67000.0,66000.0,66300.0,6232.0
2026-09-04 09:10:00+09:00,66400.0,66800.0,66300.0,66800.0,4347.0
2026-09-04 09:20:00+09:00,66600.0,66800.0,66200.0,66300.0,2378.0
2026-09-04 09:30:00+09:00,66200.0,66300.0,66000.0,66000.0,1904.0
2026-09-04 09:40:00+09:00,65900.0,66000.0,65200.0,65300.0,4586.0
2026-09-04 09:50:00+09:00,65300.0,65600.0,65100.0,65400.0,4440.0
2026-09-04 10:00:00+09:00,65400.0,65500.0,65200.0,65400.0,1616.0
2026-09-04 10:10:00+09:00,65300.0,65600.0,65300.0,65500.0,2344.0
2026-09-04 10:20:00+09:00,65500.0,65600.0,65300.0,65300.0,2681.0
2026-09-04 10:30:00+09:00,65300.0,65400.0,65100.0,65300.0,3107.0
2026-09-04 10:40:00+09:00,65300.0,65400.0,65200.0,65300.0,1749.0
2026-09-04 10:50:00+09:00,65300.0,65500.0,65300.0,65400.0,1647.0
2026-09-04 11:00:00+09:00,65500.0,65500.0,65300.0,65400.0,1292.0
2026-09-04 11:10:00+09:00,65400.0,65400.0,65200.0,65300.0,3574.0
2026-09-04 11:20:00+09:00,65400.0,65400.0,65300.0,65400.0,1240.0
2026-09-04 11:30:00+09:00,65400.0,65500.0,65100.0,65200.0,2795.0
2026-09-04 11:40:00+09:00,65200.0,65400.0,65100.0,65400.0,2095.0
2026-09-04 11:50:00+09:00,65300.0,65600.0,65300.0,65300.0,1707.0
2026-09-04 12:00:00+09:00,65300.0,65400.0,65200.0,65200.0,1218.0
2026-09-04 12:10:00+09:00,65300.0,65350.0,65200.0,65300.0,2048.0
2026-09-04 12:20:00+09:00,65300.0,65400.0,65200.0,65300.0,1629.0
2026-09-04 12:30:00+09:00,65300.0,65300.0,65200.0,65200.0,919.0
2026-09-04 12:40:00+09:00,65300.0,65300.0,65200.0,65200.0,796.0
2026-09-04 12:50:00+09:00,65200.0,65400.0,65200.0,65300.0,2248.0
2026-09-04 13:00:00+09:00,65300.0,65600.0,65300.0,65500.0,2557.0
2026-09-04 13:10:00+09:00,65400.0,65400.0,65100.0,65100.0,3925.0
2026-09-04 13:20:00+09:00,65100.0,65200.0,65100.0,65100.0,865.0
2026-09-04 13:30:00+09:00,65200.0,65200.0,64800.0,64900.0,10288.0
2026-09-04 13:40:00+09:00,64900.0,65300.0,64900.0,65000.0,3591.0
2026-09-04 13:50:00+09:00,65100.0,65100.0,64900.0,65000.0,1794.0
2026-09-04 14:00:00+09:00,65000.0,65100.0,64900.0,65000.0,2429.0
2026-09-04 14:10:00+09:00,65000.0,65100.0,64900.0,65100.0,3321.0
2026-09-04 14:20:00+09:00,65100.0,65200.0,64900.0,65100.0,5622.0
2026-09-04 14:30:00+09:00,65000.0,65100.0,64900.0,65100.0,2676.0
2026-09-04 14:40:00+09:00,65000.0,65300.0,65000.0,65000.0,5181.0
2026-09-04 14:50:00+09:00,65100.0,65300.0,65000.0,65300.0,5483.0
2026-09-07 09:00:00+09:00,65500.0,66000.0,65100.0,65500.0,1965.0
2026-09-07 09:10:00+09:00,65600.0,65600.0,64500.0,64700.0,7677.0
2026-09-07 09:20:00+09:00,64600.0,64850.0,64200.0,64600.0,7695.0
2026-09-07 09:30:00+09:00,64700.0,64800.0,64400.0,64700.0,3902.0
2026-09-07 09:40:00+09:00,64600.0,64800.0,64300.0,64400.0,7030.0
2026-09-07 09:50:00+09:00,64400.0,64500.0,64200.0,64300.0,6121.0
2026-09-07 10:00:00+09:00,64300.0,64500.0,64200.0,64300.0,6894.0
2026-09-07 10:10:00+09:00,64300.0,64400.0,64100.0,64100.0,3421.0
2026-09-07 10:20:00+09:00,64200.0,64200.0,64000.0,64000.0,4601.0
2026-09-07 10:30:00+09:00,64200.0,64200.0,64100.0,64200.0,2288.0
2026-09-07 10:40:00+09:00,64100.0,64200.0,64000.0,64100.0,3210.0
2026-09-07 10:50:00+09:00,64100.0,64400.0,64100.0,64300.0,3609.0
2026-09-07 11:00:00+09:00,64300.0,64400.0,64200.0,64300.0,2010.0
2026-09-07 11:10:00+09:00,64300.0,64400.0,64200.0,64200.0,1315.0
2026-09-07 11:20:00+09:00,64200.0,64300.0,64100.0,64300.0,2189.0
2026-09-07 11:30:00+09:00,64200.0,64300.0,64100.0,64100.0,3340.0
2026-09-07 11:40:00+09:00,64100.0,64200.0,64100.0,64200.0,1520.0
2026-09-07 11:50:00+09:00,64200.0,64200.0,64000.0,64100.0,2130.0
2026-09-07 12:00:00+09:00,64000.0,64100.0,64000.0,64000.0,1881.0
2026-09-07 12:10:00+09:00,64100.0,64100.0,64000.0,64000.0,2421.0
2026-09-07 12:20:00+09:00,64100.0,64400.0,64000.0,64200.0,5532.0
2026-09-07 12:30:00+09:00,64300.0,64300.0,64100.0,64100.0,2174.0
2026-09-07 12:40:00+09:00,64100.0,64300.0,64100.0,64100.0,2078.0
2026-09-07 12:50:00+09:00,64100.0,64200.0,64100.0,64200.0,1711.0
2026-09-07 13:00:00+09:00,64100.0,64300.0,64100.0,64100.0,2955.0
2026-09-07 13:10:00+09:00,64100.0,64500.0,64100.0,64400.0,4846.0
2026-09-07 13:20:00+09:00,64500.0,64600.0,64200.0,64600.0,4528.0
2026-09-07 13:30:00+09:00,64600.0,64800.0,64400.0,64600.0,3484.0
2026-09-07 13:40:00+09:00,64500.0,64700.0,64400.0,64500.0,3436.0
2026-09-07 13:50:00+09:00,64500.0,64700.0,64400.0,64600.0,4611.0
2026-09-07 14:00:00+09:00,64500.0,64800.0,64500.0,64700.0,4318.0
2026-09-07 14:10:00+09:00,64700.0,65200.0,64700.0,65000.0,4586.0
2026-09-07 14:20:00+09:00,65000.0,65100.0,64500.0,65000.0,6772.0
2026-09-07 14:30:00+09:00,65000.0,65400.0,65000.0,65100.0,6425.0
2026-09-07 14:40:00+09:00,65100.0,65300.0,64900.0,65000.0,5546.0
2026-09-07 14:50:00+09:00,65000.0,65200.0,64700.0,65100.0,7558.0
2026-09-08 09:00:00+09:00,65900.0,66200.0,65500.0,65900.0,11072.0
2026-09-08 09:10:00+09:00,66000.0,66200.0,65400.0,65600.0,7630.0
2026-09-08 09:20:00+09:00,65600.0,65900.0,65200.0,65400.0,6047.0
2026-09-08 09:30:00+09:00,65400.0,65700.0,65100.0,65300.0,6848.0
2026-09-08 09:40:00+09:00,65100.0,65500.0,64800.0,64800.0,7664.0
2026-09-08 09:50:00+09:00,64900.0,65000.0,64600.0,64700.0,5900.0
2026-09-08 10:00:00+09:00,64800.0,65200.0,64700.0,64800.0,7150.0
2026-09-08 10:10:00+09:00,64900.0,65200.0,64700.0,64900.0,6653.0
2026-09-08 10:20:00+09:00,65000.0,65600.0,64800.0,65400.0,5233.0
2026-09-08 10:30:00+09:00,65500.0,65800.0,65000.0,65400.0,10133.0
2026-09-08 10:40:00+09:00,65500.0,65600.0,65100.0,65250.0,5269.0
2026-09-08 10:50:00+09:00,65200.0,65800.0,65200.0,65500.0,5027.0
2026-09-08 11:00:00+09:00,65500.0,65700.0,65200.0,65300.0,4749.0
2026-09-08 11:10:00+09:00,65200.0,65700.0,65200.0,65300.0,4139.0
2026-09-08 11:20:00+09:00,65300.0,65600.0,65100.0,65200.0,3894.0
2026-09-08 11:30:00+09:00,65200.0,65500.0,65100.0,65300.0,3633.0
2026-09-08 11:40:00+09:00,65300.0,65400.0,65000.0,65200.0,4287.0
2026-09-08 11:50:00+09:00,65200.0,65500.0,65100.0,65500.0,2895.0
2026-09-08 12:00:00+09:00,65500.0,65500.0,65150.0,65300.0,3347.0
2026-09-08 12:10:00+09:00,65200.0,65400.0,65100.0,65250.0,4213.0
2026-09-08 12:20:00+09:00,65200.0,65400.0,65000.0,65200.0,3833.0
2026-09-08 12:30:00+09:00,65200.0,65300.0,64800.0,64900.0,5596.0
2026-09-08 12:40:00+09:00,64900.0,65100.0,64800.0,64800.0,4014.0
2026-09-08 12:50:00+09:00,64800.0,65000.0,64800.0,64800.0,3984.0
2026-09-08 13:00:00+09:00,64800.0,65100.0,64700.0,64700.0,3764.0
2026-09-08 13:10:00+09:00,64750.0,64900.0,64600.0,64700.0,4315.0
2026-09-08 13:20:00+09:00,64700.0,64800.0,64600.0,64700.0,3939.0
2026-09-08 13:30:00+09:00,64600.0,64800.0,64500.0,64700.0,11288.0
2026-09-08 13:40:00+09:00,64700.0,64800.0,64600.0,64600.0,3781.0
2026-09-08 13:50:00+09:00,64600.0,64800.0,64600.0,64800.0,4905.0
2026-09-08 14:00:00+09:00,64700.0,65000.0,64700.0,64800.0,4641.0
2026-09-08 14:10:00+09:00,64800.0,65000.0,64500.0,64500.0,10088.0
2026-09-08 14:20:00+09:00,64500.0,64700.0,64400.0,64400.0,8128.0
2026-09-08 14:30:00+09:00,64400.0,64600.0,64300.0,64300.0,11271.0
2026-09-08 14:40:00+09:00,64400.0,64400.0,64300.0,64300.0,9788.0
2026-09-08 14:50:00+09:00,64300.0,64500.0,64200.0,64200.0,13851.0
2026-09-09 09:00:00+09:00,64100.0,64100.0,63100.0,63300.0,10128.0
2026-09-09 09:10:00+09:00,63300.0,63500.0,62800.0,63300.0,9990.0
2026-09-09 09:20:00+09:00,63400.0,63600.0,63200.0,63300.0,3056.0
2026-09-09 09:30:00+09:00,63300.0,63700.0,63100.0,63200.0,3358.0
2026-09-09 09:40:00+09:00,63200.0,63200.0,63000.0,63100.0,3093.0
2026-09-09 09:50:00+09:00,63100.0,63200.0,62900.0,63000.0,5363.0
2026-09-09 10:00:00+09:00,63000.0,63100.0,62500.0,62600.0,10039.0
2026-09-09 10:10:00+09:00,62600.0,62800.0,62400.0,62500.0,6975.0
2026-09-09 10:20:00+09:00,62400.0,62600.0,62300.0,62400.0,4674.0
2026-09-09 10:30:00+09:00,62400.0,62500.0,62300.0,62500.0,7622.0
2026-09-09 10:40:00+09:00,62400.0,62500.0,62400.0,62400.0,2834.0
2026-09-09 10:50:00+09:00,62400.0,62700.0,62400.0,62500.0,3733.0
2026-09-09 11:00:00+09:00,62500.0,62900.0,62500.0,62700.0,3897.0
2026-09-09 11:10:00+09:00,62700.0,62800.0,62500.0,62500.0,2659.0
2026-09-09 11:20:00+09:00,62600.0,62600.0,62200.0,62300.0,7451.0
2026-09-09 11:30:00+09:00,62200.0,62500.0,62200.0,62400.0,4818.0
2026-09-09 11:40:00+09:00,62400.0,62800.0,62400.0,62600.0,3036.0
2026-09-09 11:50:00+09:00,62600.0,62700.0,62500.0,62700.0,2868.0
2026-09-09 12:00:00+09:00,62600.0,62700.0,62400.0,62500.0,2718.0
2026-09-09 12:10:00+09:00,62500.0,62600.0,62400.0,62500.0,2864.0
2026-09-09 12:20:00+09:00,62500.0,62600.0,62400.0,62500.0,2350.0
2026-09-09 12:30:00+09:00,62500.0,62700.0,62500.0,62600.0,2583.0
2026-09-09 12:40:00+09:00,62600.0,62800.0,62600.0,62700.0,4398.0
2026-09-09 12:50:00+09:00,62700.0,62800.0,62600.0,62600.0,3009.0
2026-09-09 13:00:00+09:00,62600.0,62900.0,62600.0,62800.0,3233.0
2026-09-09 13:10:00+09:00,62800.0,62800.0,62600.0,62600.0,2461.0
2026-09-09 13:20:00+09:00,62600.0,62700.0,62500.0,62600.0,3129.0
2026-09-09 13:30:00+09:00,62600.0,62700.0,62500.0,62700.0,4834.0
2026-09-09 13:40:00+09:00,62600.0,62700.0,62500.0,62500.0,3235.0
2026-09-09 13:50:00+09:00,62500.0,62600.0,62400.0,62500.0,3935.0
2026-09-09 14:00:00+09:00,62500.0,62700.0,62400.0,62500.0,3733.0
2026-09-09 14:10:00+09:00,62600.0,62700.0,62500.0,62600.0,5565.0
2026-09-09 14:20:00+09:00,62500.0,62600.0,62400.0,62500.0,5271.0
2026-09-09 14:30:00+09:00,62500.0,62600.0,62400.0,62500.0,6052.0
2026-09-09 14:40:00+09:00,62500.0,62700.0,62500.0,62700.0,3364.0
2026-09-09 14:50:00+09:00,62600.0,62700.0,62600.0,62700.0,2787.0
2026-09-10 09:00:00+09:00,62200.0,62300.0,61800.0,62200.0,7928.0
2026-09-10 09:10:00+09:00,62200.0,62600.0,62100.0,62200.0,5398.0
2026-09-10 09:20:00+09:00,62100.0,62700.0,62100.0,62300.0,11101.0
2026-09-10 09:30:00+09:00,62300.0,62700.0,62200.0,62600.0,9834.0
2026-09-10 09:40:00+09:00,62600.0,62700.0,62300.0,62500.0,10631.0
2026-09-10 09:50:00+09:00,62500.0,62600.0,62400.0,62400.0,4486.0
2026-09-10 10:00:00+09:00,62400.0,62600.0,62100.0,62100.0,7712.0
2026-09-10 10:10:00+09:00,62000.0,62400.0,62000.0,62300.0,6507.0
2026-09-10 10:20:00+09:00,62400.0,62500.0,62200.0,62500.0,6413.0
2026-09-10 10:30:00+09:00,62400.0,62500.0,62000.0,62000.0,9070.0
2026-09-10 10:40:00+09:00,62000.0,62100.0,61900.0,61900.0,5947.0
2026-09-10 10:50:00+09:00,61950.0,62200.0,61800.0,62100.0,6886.0
2026-09-10 11:00:00+09:00,62100.0,62200.0,61800.0,61900.0,6062.0
2026-09-10 11:10:00+09:00,62000.0,62000.0,61800.0,61800.0,4251.0
2026-09-10 11:20:00+09:00,61900.0,62000.0,61700.0,61800.0,7546.0
2026-09-10 11:30:00+09:00,61800.0,61900.0,61700.0,61800.0,4858.0
2026-09-10 11:40:00+09:00,61800.0,61900.0,61600.0,61800.0,6617.0
2026-09-10 11:50:00+09:00,61700.0,62000.0,61600.0,61800.0,6922.0
2026-09-10 12:00:00+09:00,61800.0,62100.0,61800.0,62000.0,5996.0
2026-09-10 12:10:00+09:00,62000.0,62100.0,61800.0,62000.0,5133.0
2026-09-10 12:20:00+09:00,62100.0,62300.0,61900.0,62300.0,5851.0
2026-09-10 12:30:00+09:00,62300.0,62300.0,62100.0,62100.0,3252.0
2026-09-10 12:40:00+09:00,62200.0,62500.0,62100.0,62200.0,5922.0
2026-09-10 12:50:00+09:00,62200.0,62400.0,62200.0,62200.0,5390.0
2026-09-10 13:00:00+09:00,62200.0,62500.0,62200.0,62300.0,9590.0
2026-09-10 13:10:00+09:00,62300.0,63600.0,62300.0,63500.0,14349.0
2026-09-10 13:20:00+09:00,63500.0,63900.0,63300.0,63400.0,21338.0
2026-09-10 13:30:00+09:00,63400.0,63500.0,63100.0,63400.0,10226.0
2026-09-10 13:40:00+09:00,63400.0,63600.0,63000.0,63400.0,16709.0
2026-09-10 13:50:00+09:00,63500.0,63600.0,63300.0,63400.0,11769.0
2026-09-10 14:00:00+09:00,63500.0,63600.0,63400.0,63600.0,9467.0
2026-09-10 14:10:00+09:00,63500.0,63800.0,63500.0,63700.0,9378.0
2026-09-10 14:20:00+09:00,63700.0,63800.0,62900.0,63600.0,29416.0
2026-09-10 14:30:00+09:00,63600.0,63700.0,63100.0,63200.0,19259.0
2026-09-10 14:40:00+09:00,63200.0,63600.0,63200.0,63600.0,7349.0
2026-09-10 14:50:00+09:00,63500.0,63500.0,63100.0,63300.0,17055.0
2026-09-11 09:00:00+09:00,61900.0,62300.0,61100.0,62100.0,9155.0
2026-09-11 09:10:00+09:00,62100.0,62400.0,62000.0,62300.0,4398.0
2026-09-11 09:20:00+09:00,62400.0,62600.0,62200.0,62500.0,4747.0
2026-09-11 09:30:00+09:00,62500.0,62600.0,62200.0,62200.0,4445.0
2026-09-11 09:40:00+09:00,62300.0,62300.0,62000.0,62000.0,6246.0
2026-09-11 09:50:00+09:00,62000.0,62500.0,62000.0,62200.0,5039.0
2026-09-11 10:00:00+09:00,62300.0,62600.0,62100.0,62400.0,4754.0
2026-09-11 10:10:00+09:00,62500.0,62600.0,62400.0,62500.0,3021.0
2026-09-11 10:20:00+09:00,62500.0,62600.0,62300.0,62400.0,3961.0
2026-09-11 10:30:00+09:00,62400.0,62600.0,62300.0,62500.0,5283.0
2026-09-11 10:40:00+09:00,62400.0,62500.0,62200.0,62300.0,4596.0
2026-09-11 10:50:00+09:00,62300.0,62400.0,62200.0,62300.0,2603.0
2026-09-11 11:00:00+09:00,62300.0,62600.0,62200.0,62400.0,3268.0
2026-09-11 11:10:00+09:00,62500.0,62600.0,62300.0,62400.0,2950.0
2026-09-11 11:20:00+09:00,62500.0,62600.0,62400.0,62400.0,4005.0
2026-09-11 11:30:00+09:00,62500.0,62600.0,62300.0,62500.0,3818.0
2026-09-11 11:40:00+09:00,62500.0,62700.0,62400.0,62600.0,3395.0
2026-09-11 11:50:00+09:00,62500.0,62600.0,62300.0,62300.0,2900.0
2026-09-11 12:00:00+09:00,62300.0,62500.0,62300.0,62400.0,2938.0
2026-09-11 12:10:00+09:00,62400.0,62800.0,62300.0,62600.0,6045.0
2026-09-11 12:20:00+09:00,62600.0,62700.0,62400.0,62500.0,2611.0
2026-09-11 12:30:00+09:00,62500.0,62600.0,62400.0,62500.0,2884.0
2026-09-11 12:40:00+09:00,62500.0,62700.0,62200.0,62300.0,4814.0
2026-09-11 12:50:00+09:00,62300.0,62400.0,62100.0,62200.0,4567.0
2026-09-11 13:00:00+09:00,62100.0,62200.0,61900.0,61900.0,5610.0
2026-09-11 13:10:00+09:00,62000.0,62100.0,61900.0,62000.0,3936.0
2026-09-11 13:20:00+09:00,62000.0,62200.0,61800.0,61900.0,6220.0
2026-09-11 13:30:00+09:00,61900.0,62300.0,61900.0,62000.0,5703.0
2026-09-11 13:40:00+09:00,62000.0,62100.0,61900.0,61900.0,4149.0
2026-09-11 13:50:00+09:00,61900.0,62000.0,61800.0,61900.0,6217.0
2026-09-11 14:00:00+09:00,61800.0,61900.0,61700.0,61800.0,7311.0
2026-09-11 14:10:00+09:00,61800.0,62100.0,61800.0,62000.0,4857.0
2026-09-11 14:20:00+09:00,61900.0,62000.0,61800.0,61900.0,4150.0
2026-09-11 14:30:00+09:00,61900.0,62000.0,61800.0,61900.0,5823.0
2026-09-11 14:40:00+09:00,61900.0,62100.0,61900.0,62000.0,5089.0
2026-09-11 14:50:00+09:00,62100.0,62400.0,62000.0,62200.0,6621.0
2026-09-14 09:00:00+09:00,61700.0,61700.0,60300.0,60600.0,9169.0
2026-09-14 09:10:00+09:00,60600.0,60700.0,59700.0,59900.0,16788.0
2026-09-14 09:20:00+09:00,60000.0,60400.0,59900.0,60000.0,7601.0
2026-09-14 09:30:00+09:00,60000.0,60500.0,60000.0,60100.0,5885.0
2026-09-14 09:40:00+09:00,60100.0,60500.0,60000.0,60500.0,9991.0
2026-09-14 09:50:00+09:00,60400.0,60600.0,60100.0,60100.0,15196.0
2026-09-14 10:00:00+09:00,60100.0,60500.0,59900.0,60000.0,13265.0
2026-09-14 10:10:00+09:00,60100.0,60500.0,60000.0,60300.0,12233.0
2026-09-14 10:20:00+09:00,60200.0,60700.0,60200.0,60600.0,5038.0
2026-09-14 10:30:00+09:00,60700.0,60900.0,60500.0,60800.0,3659.0
2026-09-14 10:40:00+09:00,60800.0,60800.0,60600.0,60700.0,2493.0
2026-09-14 10:50:00+09:00,60800.0,61100.0,60500.0,60900.0,8284.0
2026-09-14 11:00:00+09:00,60900.0,61300.0,60800.0,61200.0,3120.0
2026-09-14 11:10:00+09:00,61200.0,61300.0,61100.0,61300.0,1793.0
2026-09-14 11:20:00+09:00,61200.0,61400.0,61200.0,61300.0,3134.0
2026-09-14 11:30:00+09:00,61300.0,61400.0,61100.0,61100.0,2983.0
2026-09-14 11:40:00+09:00,61200.0,61400.0,61100.0,61300.0,1694.0
2026-09-14 11:50:00+09:00,61400.0,61500.0,61300.0,61300.0,2143.0
2026-09-14 12:00:00+09:00,61300.0,61400.0,61100.0,61200.0,2494.0
2026-09-14 12:10:00+09:00,61200.0,61300.0,61000.0,61300.0,1710.0
2026-09-14 12:20:00+09:00,61200.0,61500.0,61200.0,61400.0,2902.0
2026-09-14 12:30:00+09:00,61400.0,61500.0,61200.0,61300.0,1816.0
2026-09-14 12:40:00+09:00,61200.0,61500.0,61100.0,61200.0,2957.0
2026-09-14 12:50:00+09:00,61200.0,61400.0,61200.0,61200.0,1856.0
2026-09-14 13:00:00+09:00,61200.0,61400.0,61200.0,61200.0,2833.0
2026-09-14 13:10:00+09:00,61200.0,61300.0,61000.0,61000.0,2498.0
2026-09-14 13:20:00+09:00,61100.0,61300.0,61000.0,61200.0,3109.0
2026-09-14 13:30:00+09:00,61200.0,61300.0,60900.0,61100.0,5827.0
2026-09-14 13:40:00+09:00,61100.0,61200.0,60800.0,61000.0,3289.0
2026-09-14 13:50:00+09:00,61000.0,61100.0,60800.0,60800.0,4492.0
2026-09-14 14:00:00+09:00,60800.0,61000.0,60500.0,60700.0,7549.0
2026-09-14 14:10:00+09:00,60700.0,60800.0,60400.0,60600.0,9174.0
2026-09-14 14:20:00+09:00,60500.0,60600.0,60200.0,60400.0,8740.0
2026-09-14 14:30:00+09:00,60500.0,60700.0,60500.0,60500.0,3873.0
2026-09-14 14:40:00+09:00,60600.0,60700.0,60300.0,60400.0,7286.0
2026-09-14 14:50:00+09:00,60300.0,60500.0,60200.0,60300.0,8003.0
2026-09-15 09:00:00+09:00,59800.0,60300.0,59800.0,60000.0,9108.0
2026-09-15 09:10:00+09:00,60300.0,60300.0,59900.0,59900.0,3388.0
2026-09-15 09:20:00+09:00,59900.0,60000.0,59800.0,59800.0,4328.0
2026-09-15 09:30:00+09:00,59800.0,60000.0,59400.0,59500.0,16373.0
2026-09-15 09:40:00+09:00,59500.0,59700.0,59500.0,59500.0,5663.0
2026-09-15 09:50:00+09:00,59500.0,59600.0,59400.0,59400.0,4309.0
2026-09-15 10:00:00+09:00,59400.0,59600.0,59400.0,59450.0,3331.0
2026-09-15 10:10:00+09:00,59450.0,59700.0,59400.0,59600.0,4024.0
2026-09-15 10:20:00+09:00,59650.0,59700.0,59300.0,59300.0,6667.0
2026-09-15 10:30:00+09:00,59300.0,59400.0,59100.0,59100.0,5173.0
2026-09-15 10:40:00+09:00,59150.0,59200.0,59100.0,59100.0,2673.0
2026-09-15 10:50:00+09:00,59100.0,59300.0,59000.0,59200.0,5510.0
2026-09-15 11:00:00+09:00,59200.0,59200.0,59100.0,59100.0,1712.0
2026-09-15 11:10:00+09:00,59100.0,59200.0,59000.0,59100.0,3412.0
2026-09-15 11:20:00+09:00,59000.0,59100.0,59000.0,59100.0,3933.0
2026-09-15 11:30:00+09:00,59100.0,59100.0,59000.0,59000.0,3093.0
2026-09-15 11:40:00+09:00,59100.0,59100.0,58900.0,58900.0,6182.0
2026-09-15 11:50:00+09:00,58900.0,59000.0,58900.0,58900.0,2371.0
2026-09-15 12:00:00+09:00,59000.0,59000.0,58900.0,59000.0,2428.0
2026-09-15 12:10:00+09:00,59000.0,59000.0,58800.0,58800.0,3295.0
2026-09-15 12:20:00+09:00,58800.0,58900.0,58800.0,58800.0,2740.0
2026-09-15 12:30:00+09:00,58800.0,58900.0,58700.0,58700.0,3253.0
2026-09-15 12:40:00+09:00,58700.0,58800.0,58700.0,58700.0,1867.0
2026-09-15 12:50:00+09:00,58700.0,58800.0,58700.0,58700.0,2835.0
2026-09-15 13:00:00+09:00,58700.0,58900.0,58600.0,58700.0,9851.0
2026-09-15 13:10:00+09:00,58700.0,58800.0,58600.0,58700.0,2975.0
2026-09-15 13:20:00+09:00,58700.0,58700.0,58500.0,58600.0,5240.0
2026-09-15 13:30:00+09:00,58500.0,58600.0,58400.0,58500.0,7015.0
2026-09-15 13:40:00+09:00,58500.0,58700.0,58500.0,58600.0,4984.0
2026-09-15 13:50:00+09:00,58600.0,58700.0,58600.0,58600.0,2241.0
2026-09-15 14:00:00+09:00,58600.0,58700.0,58400.0,58400.0,6889.0
2026-09-15 14:10:00+09:00,58400.0,58500.0,58100.0,58200.0,16069.0
2026-09-15 14:20:00+09:00,58200.0,58500.0,58100.0,58400.0,8339.0
2026-09-15 14:30:00+09:00,58500.0,58500.0,58300.0,58300.0,6647.0
2026-09-15 14:40:00+09:00,58300.0,58500.0,58300.0,58400.0,4537.0
2026-09-15 14:50:00+09:00,58500.0,58600.0,58300.0,58300.0,7718.0
2026-09-16 09:00:00+09:00,58700.0,59000.0,58000.0,58400.0,7436.0
2026-09-16 09:10:00+09:00,58500.0,58500.0,57800.0,57850.0,7380.0
2026-09-16 09:20:00+09:00,57800.0,58000.0,57800.0,57850.0,4399.0
2026-09-16 09:30:00+09:00,57900.0,58100.0,57700.0,57800.0,6797.0
2026-09-16 09:40:00+09:00,57750.0,58300.0,57700.0,58100.0,6534.0
2026-09-16 09:50:00+09:00,58000.0,58100.0,57500.0,57500.0,10798.0
2026-09-16 10:00:00+09:00,57550.0,57700.0,57300.0,57600.0,8651.0
2026-09-16 10:10:00+09:00,57600.0,57800.0,57400.0,57400.0,3658.0
2026-09-16 10:20:00+09:00,57450.0,57700.0,57300.0,57500.0,5768.0
2026-09-16 10:30:00+09:00,57550.0,57700.0,57400.0,57500.0,4455.0
2026-09-16 10:40:00+09:00,57500.0,57700.0,57500.0,57700.0,3779.0
2026-09-16 10:50:00+09:00,57600.0,57600.0,57300.0,57400.0,3673.0
2026-09-16 11:00:00+09:00,57300.0,57600.0,57300.0,57500.0,4039.0
2026-09-16 11:10:00+09:00,57500.0,57600.0,57300.0,57400.0,4440.0
2026-09-16 11:20:00+09:00,57500.0,57600.0,57300.0,57500.0,3912.0
2026-09-16 11:30:00+09:00,57500.0,57900.0,57500.0,57600.0,4752.0
2026-09-16 11:40:00+09:00,57600.0,57800.0,57500.0,57600.0,3932.0
2026-09-16 11:50:00+09:00,57600.0,58100.0,57500.0,57900.0,4834.0
2026-09-16 12:00:00+09:00,57900.0,58100.0,57900.0,58000.0,2379.0
2026-09-16 12:10:00+09:00,58000.0,58300.0,58000.0,58100.0,3534.0
2026-09-16 12:20:00+09:00,58000.0,58200.0,58000.0,58000.0,1577.0
2026-09-16 12:30:00+09:00,58100.0,58100.0,57800.0,57800.0,2000.0
2026-09-16 12:40:00+09:00,57900.0,58000.0,57700.0,57900.0,3317.0
2026-09-16 12:50:00+09:00,57900.0,58000.0,57900.0,57900.0,1950.0
2026-09-16 13:00:00+09:00,57900.0,58000.0,57900.0,57900.0,2018.0
2026-09-16 13:10:00+09:00,58000.0,58000.0,57600.0,57600.0,2740.0
2026-09-16 13:20:00+09:00,57700.0,57700.0,57500.0,57700.0,4440.0
2026-09-16 13:30:00+09:00,57600.0,57700.0,57500.0,57500.0,2161.0
2026-09-16 13:40:00+09:00,57600.0,57800.0,57400.0,57700.0,8157.0
2026-09-16 13:50:00+09:00,57700.0,57800.0,57700.0,57700.0,2118.0
2026-09-16 14:00:00+09:00,57700.0,57800.0,57600.0,57600.0,2012.0
2026-09-16 14:10:00+09:00,57700.0,58000.0,57500.0,57900.0,14128.0
2026-09-16 14:20:00+09:00,57800.0,57900.0,57700.0,57900.0,4650.0
2026-09-16 14:30:00+09:00,57900.0,57900.0,57700.0,57700.0,5106.0
2026-09-16 14:40:00+09:00,57800.0,57800.0,57600.0,57600.0,6933.0
2026-09-16 14:50:00+09:00,57600.0,57700.0,57400.0,57400.0,8020.0
2026-09-17 09:00:00+09:00,58500.0,59000.0,57900.0,58200.0,8560.0
2026-09-17 09:10:00+09:00,58200.0,58400.0,57700.0,57800.0,3389.0
2026-09-17 09:20:00+09:00,57750.0,58200.0,57500.0,58000.0,4709.0
2026-09-17 09:30:00+09:00,58100.0,58600.0,58000.0,58600.0,3395.0
2026-09-17 09:40:00+09:00,58600.0,58800.0,58200.0,58400.0,4080.0
2026-09-17 09:50:00+09:00,58500.0,58800.0,58400.0,58700.0,3154.0
2026-09-17 10:00:00+09:00,58800.0,59000.0,58600.0,58800.0,4313.0
2026-09-17 10:10:00+09:00,58900.0,59000.0,58700.0,58900.0,2527.0
2026-09-17 10:20:00+09:00,58800.0,59100.0,58800.0,59100.0,4156.0
2026-09-17 10:30:00+09:00,59100.0,59300.0,58900.0,59000.0,5126.0
2026-09-17 10:40:00+09:00,59100.0,59100.0,58900.0,59000.0,2865.0
2026-09-17 10:50:00+09:00,58900.0,59000.0,58500.0,58800.0,8606.0
2026-09-17 11:00:00+09:00,58700.0,58900.0,58700.0,58800.0,2445.0
2026-09-17 11:10:00+09:00,58800.0,58900.0,58700.0,58800.0,2609.0
2026-09-17 11:20:00+09:00,58900.0,59000.0,58800.0,58900.0,2406.0
2026-09-17 11:30:00+09:00,58900.0,59000.0,58800.0,58800.0,2832.0
2026-09-17 11:40:00+09:00,58900.0,59000.0,58800.0,58900.0,4193.0
2026-09-17 11:50:00+09:00,58900.0,59200.0,58900.0,58900.0,7278.0
2026-09-17 12:00:00+09:00,59000.0,59200.0,58900.0,58900.0,3627.0
2026-09-17 12:10:00+09:00,59000.0,59100.0,58900.0,59100.0,4120.0
2026-09-17 12:20:00+09:00,58900.0,59200.0,58900.0,58900.0,3623.0
2026-09-17 12:30:00+09:00,59100.0,59200.0,58900.0,59100.0,3600.0
2026-09-17 12:40:00+09:00,59100.0,59200.0,58800.0,58900.0,3418.0
2026-09-17 12:50:00+09:00,59000.0,59200.0,58900.0,59100.0,3406.0
2026-09-17 13:00:00+09:00,59000.0,59200.0,58900.0,59000.0,3841.0
2026-09-17 13:10:00+09:00,59000.0,59100.0,58700.0,58800.0,4356.0
2026-09-17 13:20:00+09:00,58900.0,58900.0,58500.0,58500.0,3199.0
2026-09-17 13:30:00+09:00,58500.0,58900.0,58500.0,58800.0,4970.0
2026-09-17 13:40:00+09:00,58800.0,59000.0,58700.0,58800.0,5003.0
2026-09-17 13:50:00+09:00,58800.0,59000.0,58700.0,58800.0,2418.0
2026-09-17 14:00:00+09:00,58700.0,58800.0,58700.0,58800.0,2040.0
2026-09-17 14:10:00+09:00,58800.0,58800.0,58500.0,58500.0,5848.0
2026-09-17 14:20:00+09:00,58500.0,58900.0,58500.0,58800.0,5891.0
2026-09-17 14:30:00+09:00,58900.0,59000.0,58700.0,58700.0,5252.0
2026-09-17 14:40:00+09:00,58800.0,58800.0,58500.0,58800.0,10001.0
2026-09-17 14:50:00+09:00,58800.0,59000.0,58700.0,58800.0,6445.0
2026-09-18 09:00:00+09:00,59700.0,59900.0,59200.0,59400.0,9659.0
2026-09-18 09:10:00+09:00,59500.0,60100.0,59200.0,59800.0,11220.0
2026-09-18 09:20:00+09:00,59800.0,60400.0,59600.0,59800.0,11473.0
2026-09-18 09:30:00+09:00,59800.0,60000.0,59200.0,59500.0,8299.0
2026-09-18 09:40:00+09:00,59500.0,59700.0,59200.0,59300.0,4853.0
2026-09-18 09:50:00+09:00,59300.0,59400.0,59000.0,59100.0,3145.0
2026-09-18 10:00:00+09:00,59100.0,59400.0,59000.0,59200.0,2763.0
2026-09-18 10:10:00+09:00,59100.0,59500.0,58900.0,59500.0,4484.0
2026-09-18 10:20:00+09:00,59500.0,59500.0,59200.0,59200.0,2217.0
2026-09-18 10:30:00+09:00,59300.0,60000.0,59200.0,59800.0,3172.0
2026-09-18 10:40:00+09:00,59800.0,60200.0,59700.0,60000.0,8374.0
2026-09-18 10:50:00+09:00,60000.0,60500.0,59900.0,60400.0,8096.0
2026-09-18 11:00:00+09:00,60400.0,60500.0,60100.0,60100.0,11499.0
2026-09-18 11:10:00+09:00,60100.0,60200.0,59800.0,59900.0,5429.0
2026-09-18 11:20:00+09:00,59800.0,60000.0,59500.0,59900.0,2699.0
2026-09-18 11:30:00+09:00,59900.0,60200.0,59800.0,60000.0,4435.0
2026-09-18 11:40:00+09:00,60000.0,60300.0,59900.0,60300.0,5705.0
2026-09-18 11:50:00+09:00,60300.0,60400.0,60100.0,60300.0,7665.0
2026-09-18 12:00:00+09:00,60300.0,60900.0,60100.0,60300.0,13478.0
2026-09-18 12:10:00+09:00,60200.0,60700.0,60200.0,60400.0,5704.0
2026-09-18 12:20:00+09:00,60300.0,60700.0,60300.0,60400.0,5728.0
2026-09-18 12:30:00+09:00,60500.0,60700.0,60400.0,60500.0,6706.0
2026-09-18 12:40:00+09:00,60500.0,60900.0,60400.0,60800.0,8082.0
2026-09-18 12:50:00+09:00,60700.0,61000.0,60500.0,60600.0,7354.0
2026-09-18 13:00:00+09:00,60800.0,61000.0,60300.0,60600.0,11209.0
2026-09-18 13:10:00+09:00,60600.0,60900.0,60200.0,60300.0,9355.0
2026-09-18 13:20:00+09:00,60300.0,60900.0,60300.0,60600.0,7679.0
2026-09-18 13:30:00+09:00,60500.0,60900.0,60400.0,60500.0,11520.0
2026-09-18 13:40:00+09:00,60400.0,60800.0,60400.0,60500.0,6558.0
2026-09-18 13:50:00+09:00,60600.0,60900.0,60400.0,60500.0,8047.0
2026-09-18 14:00:00+09:00,60500.0,61000.0,60400.0,60400.0,9741.0
2026-09-18 14:10:00+09:00,60400.0,61000.0,60400.0,60700.0,11400.0
2026-09-18 14:20:00+09:00,60600.0,61000.0,60500.0,60800.0,12558.0
2026-09-18 14:30:00+09:00,60900.0,61000.0,60600.0,60700.0,14487.0
2026-09-18 14:40:00+09:00,60700.0,61000.0,60200.0,60500.0,12664.0
2026-09-18 14:50:00+09:00,60400.0,60900.0,60400.0,60600.0,13889.0
2026-09-21 09:00:00+09:00,60100.0,60500.0,58800.0,59000.0,2771.0
2026-09-21 09:10:00+09:00,59000.0,59700.0,59000.0,59100.0,4971.0
2026-09-21 09:20:00+09:00,59000.0,59200.0,58900.0,58900.0,6290.0
2026-09-21 09:30:00+09:00,58900.0,59000.0,58900.0,58900.0,3240.0
2026-09-21 09:40:00+09:00,58900.0,59400.0,58900.0,59400.0,4363.0
2026-09-21 09:50:00+09:00,59300.0,59400.0,59100.0,59200.0,3024.0
2026-09-21 10:00:00+09:00,59100.0,59500.0,59100.0,59400.0,4252.0
2026-09-21 10:10:00+09:00,59400.0,59600.0,59000.0,59000.0,7046.0
2026-09-21 10:20:00+09:00,59100.0,59200.0,59000.0,59100.0,4178.0
2026-09-21 10:30:00+09:00,59100.0,59100.0,59000.0,59100.0,2166.0
2026-09-21 10:40:00+09:00,59000.0,59100.0,59000.0,59000.0,1185.0
2026-09-21 10:50:00+09:00,59000.0,59200.0,59000.0,59000.0,6315.0
2026-09-21 11:00:00+09:00,59100.0,59200.0,59000.0,59100.0,1324.0
2026-09-21 11:10:00+09:00,59200.0,59400.0,59100.0,59100.0,3873.0
2026-09-21 11:20:00+09:00,59200.0,59200.0,59100.0,59100.0,1071.0
2026-09-21 11:30:00+09:00,59100.0,59200.0,58900.0,59000.0,5238.0
2026-09-21 11:40:00+09:00,58900.0,59400.0,58900.0,59300.0,7700.0
2026-09-21 11:50:00+09:00,59300.0,59400.0,59200.0,59200.0,1920.0
2026-09-21 12:00:00+09:00,59200.0,59500.0,59200.0,59300.0,2889.0
2026-09-21 12:10:00+09:00,59300.0,59400.0,59300.0,59300.0,1222.0
2026-09-21 12:20:00+09:00,59400.0,59400.0,58900.0,58900.0,8677.0
2026-09-21 12:30:00+09:00,59000.0,59100.0,58900.0,58900.0,2664.0
2026-09-21 12:40:00+09:00,58900.0,59200.0,58900.0,59000.0,2296.0
2026-09-21 12:50:00+09:00,59000.0,59200.0,58900.0,59100.0,7393.0
2026-09-21 13:00:00+09:00,59100.0,59200.0,58900.0,58900.0,6155.0
2026-09-21 13:10:00+09:00,59000.0,59100.0,58800.0,58800.0,5237.0
2026-09-21 13:20:00+09:00,58900.0,59100.0,58800.0,59100.0,7174.0
2026-09-21 13:30:00+09:00,59100.0,59100.0,58900.0,58900.0,1766.0
2026-09-21 13:40:00+09:00,58900.0,59000.0,58800.0,58900.0,11040.0
2026-09-21 13:50:00+09:00,58900.0,59000.0,58900.0,58900.0,3145.0
2026-09-21 14:00:00+09:00,59000.0,59000.0,58800.0,58800.0,9436.0
2026-09-21 14:10:00+09:00,58800.0,58900.0,58800.0,58900.0,1670.0
2026-09-21 14:20:00+09:00,58800.0,58900.0,58600.0,58700.0,12230.0
2026-09-21 14:30:00+09:00,58600.0,58700.0,57900.0,58200.0,29002.0
2026-09-21 14:40:00+09:00,58100.0,58200.0,57900.0,58000.0,21630.0
2026-09-21 14:50:00+09:00,57950.0,58200.0,57900.0,58100.0,22148.0
2026-09-22 09:00:00+09:00,59100.0,59600.0,58800.0,59100.0,4500.0
2026-09-22 09:10:00+09:00,59200.0,59300.0,58800.0,58900.0,3684.0
2026-09-22 09:20:00+09:00,58900.0,59100.0,58500.0,58700.0,4143.0
2026-09-22 09:30:00+09:00,58600.0,58800.0,58500.0,58700.0,2720.0
2026-09-22 09:40:00+09:00,58700.0,58900.0,58500.0,58500.0,2787.0
2026-09-22 09:50:00+09:00,58600.0,58700.0,58500.0,58500.0,1348.0
2026-09-22 10:00:00+09:00,58500.0,58600.0,58500.0,58500.0,700.0
2026-09-22 10:10:00+09:00,58500.0,58600.0,58400.0,58400.0,1910.0
2026-09-22 10:20:00+09:00,58400.0,58500.0,58200.0,58200.0,1608.0
2026-09-22 10:30:00+09:00,58200.0,58500.0,58200.0,58300.0,2194.0
2026-09-22 10:40:00+09:00,58300.0,58600.0,58200.0,58300.0,2009.0
2026-09-22 10:50:00+09:00,58400.0,58500.0,58200.0,58300.0,1565.0
2026-09-22 11:00:00+09:00,58300.0,58500.0,58300.0,58300.0,1053.0
2026-09-22 11:10:00+09:00,58400.0,58500.0,57900.0,58100.0,5770.0
2026-09-22 11:20:00+09:00,57900.0,58300.0,57900.0,58200.0,4798.0
2026-09-22 11:30:00+09:00,58100.0,58200.0,57900.0,58000.0,4871.0
2026-09-22 11:40:00+09:00,58100.0,58300.0,58000.0,58000.0,4325.0
2026-09-22 11:50:00+09:00,58000.0,58100.0,57700.0,57700.0,6436.0
2026-09-22 12:00:00+09:00,57700.0,57800.0,57600.0,57700.0,5837.0
2026-09-22 12:10:00+09:00,57600.0,57800.0,57600.0,57700.0,5537.0
2026-09-22 12:20:00+09:00,57700.0,57800.0,57600.0,57700.0,4930.0
2026-09-22 12:30:00+09:00,57700.0,57900.0,57600.0,57700.0,5298.0
2026-09-22 12:40:00+09:00,57700.0,57900.0,57600.0,57600.0,6243.0
2026-09-22 12:50:00+09:00,57800.0,57800.0,57500.0,57500.0,5990.0
2026-09-22 13:00:00+09:00,57600.0,57700.0,57500.0,57600.0,5878.0
2026-09-22 13:10:00+09:00,57500.0,57600.0,57400.0,57500.0,6069.0
2026-09-22 13:20:00+09:00,57550.0,57600.0,57400.0,57500.0,8855.0
2026-09-22 13:30:00+09:00,57500.0,57700.0,57400.0,57600.0,4316.0
2026-09-22 13:40:00+09:00,57600.0,57700.0,57500.0,57600.0,5567.0
2026-09-22 13:50:00+09:00,57600.0,57700.0,57600.0,57600.0,4242.0
2026-09-22 14:00:00+09:00,57700.0,57700.0,57500.0,57500.0,7021.0
2026-09-22 14:10:00+09:00,57550.0,57600.0,57300.0,57300.0,19307.0
2026-09-22 14:20:00+09:00,57300.0,57600.0,57200.0,57300.0,13577.0
2026-09-22 14:30:00+09:00,57300.0,57500.0,57100.0,57300.0,19061.0
2026-09-22 14:40:00+09:00,57200.0,57500.0,57100.0,57200.0,16969.0
2026-09-22 14:50:00+09:00,57200.0,57500.0,57200.0,57300.0,16685.0
2026-09-23 09:00:00+09:00,58300.0,58400.0,57800.0,58200.0,6404.0
2026-09-23 09:10:00+09:00,58200.0,58300.0,57800.0,58200.0,5172.0
2026-09-23 09:20:00+09:00,58000.0,58100.0,57800.0,57800.0,5230.0
2026-09-23 09:30:00+09:00,57800.0,57900.0,57400.0,57500.0,6145.0
2026-09-23 09:40:00+09:00,57500.0,57600.0,57400.0,57400.0,2627.0
2026-09-23 09:50:00+09:00,57500.0,57600.0,57300.0,57400.0,6390.0
2026-09-23 10:00:00+09:00,57400.0,57700.0,57400.0,57400.0,4049.0
2026-09-23 10:10:00+09:00,57400.0,57600.0,57400.0,57400.0,1570.0
