,Open,High,Low,Close,Volume
2026-06-29 09:00:00+09:00,45750.0,45850.0,44500.0,45850.0,12716.0
2026-06-29 09:10:00+09:00,45850.0,46750.0,45750.0,46700.0,33697.0
2026-06-29 09:20:00+09:00,46700.0,46950.0,46300.0,46400.0,27711.0
2026-06-29 09:30:00+09:00,46350.0,46800.0,46250.0,46700.0,16019.0
2026-06-29 09:40:00+09:00,46700.0,47250.0,46600.0,46800.0,25954.0
2026-06-29 09:50:00+09:00,46800.0,47500.0,46800.0,47400.0,17212.0
2026-06-29 10:00:00+09:00,47350.0,47450.0,47000.0,47100.0,16157.0
2026-06-29 10:10:00+09:00,47050.0,47550.0,47050.0,47500.0,15871.0
2026-06-29 10:20:00+09:00,47500.0,48400.0,47450.0,48300.0,45541.0
2026-06-29 10:30:00+09:00,48350.0,48350.0,48100.0,48250.0,12256.0
2026-06-29 10:40:00+09:00,48250.0,48250.0,47200.0,47750.0,25283.0
2026-06-29 10:50:00+09:00,47750.0,47900.0,47500.0,47650.0,7580.0
2026-06-29 11:00:00+09:00,47600.0,47650.0,47200.0,47250.0,9601.0
2026-06-29 11:10:00+09:00,47250.0,47300.0,47000.0,47300.0,7935.0
2026-06-29 11:20:00+09:00,47250.0,47600.0,47200.0,47550.0,7148.0
2026-06-29 11:30:00+09:00,47500.0,47600.0,47350.0,47475.0,4547.0
2026-06-29 11:40:00+09:00,47475.0,48050.0,47475.0,48050.0,5952.0
2026-06-29 11:50:00+09:00,48000.0,48200.0,47850.0,47950.0,8384.0
2026-06-29 12:00:00+09:00,48000.0,48550.0,47950.0,48475.0,17224.0
2026-06-29 12:10:00+09:00,48475.0,48500.0,48250.0,48350.0,9216.0
2026-06-29 12:20:00+09:00,48375.0,48500.0,48100.0,48400.0,10694.0
2026-06-29 12:30:00+09:00,48350.0,48500.0,47950.0,48050.0,14571.0
2026-06-29 12:40:00+09:00,48050.0,48400.0,48050.0,48400.0,7245.0
2026-06-29 12:50:00+09:00,48400.0,48750.0,48250.0,48675.0,13614.0
2026-06-29 13:00:00+09:00,48650.0,49050.0,48200.0,49000.0,17335.0
2026-06-29 13:10:00+09:00,49000.0,49100.0,48800.0,48800.0,13048.0
2026-06-29 13:20:00+09:00,48800.0,49400.0,48400.0,49300.0,27821.0
2026-06-29 13:30:00+09:00,49325.0,49500.0,49000.0,49200.0,26763.0
2026-06-29 13:40:00+09:00,49200.0,49200.0,48850.0,49150.0,17163.0
2026-06-29 13:50:00+09:00,49150.0,49300.0,48550.0,48750.0,19404.0
2026-06-29 14:00:00+09:00,48750.0,48900.0,48450.0,48700.0,10710.0
2026-06-29 14:10:00+09:00,48700.0,49150.0,48700.0,49150.0,9702.0
2026-06-29 14:20:00+09:00,49100.0,49250.0,48850.0,49150.0,11997.0
2026-06-29 14:30:00+09:00,49100.0,49400.0,49050.0,49300.0,16973.0
2026-06-29 14:40:00+09:00,49300.0,49600.0,49300.0,49550.0,20985.0
2026-06-29 14:50:00+09:00,49500.0,49750.0,49500.0,49650.0,14899.0
2026-06-30 09:00:00+09:00,51400.0,51400.0,48500.0,48900.0,150534.0
2026-06-30 09:10:00+09:00,48900.0,50300.0,48750.0,49600.0,62870.0
2026-06-30 09:20:00+09:00,49550.0,50100.0,49400.0,49950.0,28558.0
2026-06-30 09:30:00+09:00,49900.0,50100.0,49250.0,49450.0,24094.0
2026-06-30 09:40:00+09:00,49450.0,49650.0,49150.0,49650.0,18365.0
2026-06-30 09:50:00+09:00,49650.0,50600.0,49650.0,50100.0,40635.0
2026-06-30 10:00:00+09:00,50100.0,50300.0,49600.0,49900.0,16246.0
2026-06-30 10:10:00+09:00,49900.0,50300.0,49750.0,50200.0,18482.0
2026-06-30 10:20:00+09:00,50200.0,50400.0,49950.0,50400.0,14719.0
2026-06-30 10:30:00+09:00,50400.0,50500.0,49800.0,49850.0,12683.0
2026-06-30 10:40:00+09:00,49850.0,50000.0,49650.0,49850.0,11382.0
2026-06-30 10:50:00+09:00,49850.0,50300.0,49800.0,50200.0,5785.0
2026-06-30 11:00:00+09:00,50100.0,50200.0,49700.0,49800.0,13704.0
2026-06-30 11:10:00+09:00,49800.0,49850.0,49500.0,49550.0,10036.0
2026-06-30 11:20:00+09:00,49550.0,49700.0,49500.0,49700.0,10016.0
2026-06-30 11:30:00+09:00,49650.0,49700.0,49350.0,49500.0,11324.0
2026-06-30 11:40:00+09:00,49500.0,49550.0,49200.0,49500.0,11583.0
2026-06-30 11:50:00+09:00,49550.0,49550.0,49150.0,49200.0,11681.0
2026-06-30 12:00:00+09:00,49250.0,49500.0,49200.0,49400.0,6958.0
2026-06-30 12:10:00+09:00,49350.0,49700.0,49350.0,49650.0,9301.0
2026-06-30 12:20:00+09:00,49650.0,49700.0,49350.0,49600.0,9655.0
2026-06-30 12:30:00+09:00,49750.0,49750.0,49450.0,49550.0,8097.0
2026-06-30 12:40:00+09:00,49550.0,49600.0,49350.0,49400.0,4984.0
2026-06-30 12:50:00+09:00,49400.0,49400.0,49200.0,49250.0,11636.0
2026-06-30 13:00:00+09:00,49300.0,49300.0,49150.0,49150.0,9051.0
2026-06-30 13:10:00+09:00,49150.0,49200.0,48900.0,49000.0,19768.0
2026-06-30 13:20:00+09:00,49000.0,49250.0,48950.0,49100.0,7820.0
2026-06-30 13:30:00+09:00,49100.0,49550.0,49100.0,49450.0,8745.0
2026-06-30 13:40:00+09:00,49400.0,49500.0,49200.0,49350.0,11875.0
2026-06-30 13:50:00+09:00,49350.0,49650.0,49350.0,49600.0,7399.0
2026-06-30 14:00:00+09:00,49600.0,49600.0,49400.0,49500.0,12018.0
2026-06-30 14:10:00+09:00,49550.0,49600.0,49350.0,49400.0,10124.0
2026-06-30 14:20:00+09:00,49400.0,49450.0,49200.0,49350.0,11543.0
2026-06-30 14:30:00+09:00,49300.0,49350.0,49050.0,49150.0,14411.0
2026-06-30 14:40:00+09:00,49150.0,49350.0,49150.0,49300.0,7928.0
2026-06-30 14:50:00+09:00,49300.0,49300.0,49150.0,49150.0,7646.0
2026-07-01 09:00:00+09:00,49500.0,49800.0,47850.0,49550.0,68927.0
2026-07-01 09:10:00+09:00,49600.0,50600.0,49550.0,50000.0,96232.0
2026-07-01 09:20:00+09:00,50000.0,50500.0,48950.0,49300.0,63896.0
2026-07-01 09:30:00+09:00,49300.0,49750.0,49100.0,49250.0,34241.0
2026-07-01 09:40:00+09:00,49250.0,50400.0,49150.0,50300.0,56358.0
2026-07-01 09:50:00+09:00,50200.0,50500.0,50000.0,50200.0,50535.0
2026-07-01 10:00:00+09:00,50200.0,50700.0,49500.0,49550.0,58885.0
2026-07-01 10:10:00+09:00,49500.0,49550.0,48700.0,48850.0,38267.0
2026-07-01 10:20:00+09:00,48900.0,49450.0,48850.0,49100.0,16869.0
2026-07-01 10:30:00+09:00,49150.0,49350.0,49000.0,49100.0,19356.0
2026-07-01 10:40:00+09:00,49100.0,49150.0,48600.0,48650.0,25829.0
2026-07-01 10:50:00+09:00,48700.0,49000.0,48600.0,48600.0,15185.0
2026-07-01 11:00:00+09:00,48600.0,48650.0,48050.0,48200.0,30284.0
2026-07-01 11:10:00+09:00,48200.0,48250.0,47900.0,48000.0,34507.0
2026-07-01 11:20:00+09:00,47950.0,48050.0,47650.0,47700.0,42434.0
2026-07-01 11:30:00+09:00,47700.0,47950.0,47650.0,47950.0,11936.0
2026-07-01 11:40:00+09:00,47950.0,48700.0,47950.0,48500.0,15125.0
2026-07-01 11:50:00+09:00,48450.0,48550.0,48200.0,48300.0,12577.0
2026-07-01 12:00:00+09:00,48300.0,48600.0,48300.0,48500.0,11057.0
2026-07-01 12:10:00+09:00,48500.0,48600.0,48300.0,48300.0,11837.0
2026-07-01 12:20:00+09:00,48350.0,48550.0,48250.0,48300.0,10073.0
2026-07-01 12:30:00+09:00,48300.0,48750.0,48250.0,48700.0,16099.0
2026-07-01 12:40:00+09:00,48700.0,48700.0,48350.0,48650.0,8592.0
2026-07-01 12:50:00+09:00,48650.0,48700.0,48450.0,48650.0,9796.0
2026-07-01 13:00:00+09:00,48625.0,48700.0,48400.0,48450.0,10801.0
2026-07-01 13:10:00+09:00,48450.0,48450.0,48050.0,48100.0,22027.0
2026-07-01 13:20:00+09:00,48150.0,48200.0,48050.0,48100.0,11161.0
2026-07-01 13:30:00+09:00,48100.0,48200.0,47950.0,48150.0,23871.0
2026-07-01 13:40:00+09:00,48150.0,48500.0,48150.0,48450.0,12718.0
2026-07-01 13:50:00+09:00,48450.0,48500.0,48200.0,48200.0,15593.0
2026-07-01 14:00:00+09:00,48250.0,48300.0,48050.0,48200.0,14408.0
2026-07-01 14:10:00+09:00,48200.0,48250.0,48050.0,48050.0,11138.0
2026-07-01 14:20:00+09:00,48050.0,48150.0,48000.0,48000.0,16708.0
2026-07-01 14:30:00+09:00,48000.0,48050.0,47900.0,47950.0,14236.0
2026-07-01 14:40:00+09:00,47950.0,48050.0,47700.0,47750.0,28579.0
2026-07-01 14:50:00+09:00,47750.0,47900.0,47700.0,47850.0,26848.0
2026-07-02 09:00:00+09:00,47150.0,47150.0,45750.0,46400.0,84130.0
2026-07-02 09:10:00+09:00,46400.0,47200.0,46150.0,46500.0,33273.0
2026-07-02 09:20:00+09:00,46400.0,47600.0,46400.0,47400.0,35452.0
2026-07-02 09:30:00+09:00,47450.0,47450.0,46900.0,46950.0,22899.0
2026-07-02 09:40:00+09:00,46950.0,47250.0,46400.0,47250.0,18577.0
2026-07-02 09:50:00+09:00,47250.0,48950.0,46850.0,48750.0,59121.0
2026-07-02 10:00:00+09:00,48700.0,49400.0,48500.0,49050.0,85541.0
2026-07-02 10:10:00+09:00,49000.0,49600.0,48600.0,49500.0,84158.0
2026-07-02 10:20:00+09:00,49550.0,50000.0,48900.0,49400.0,89355.0
2026-07-02 10:30:00+09:00,49400.0,50500.0,49300.0,49900.0,75703.0
2026-07-02 10:40:00+09:00,49950.0,50500.0,49750.0,50300.0,50777.0
2026-07-02 10:50:00+09:00,50300.0,50500.0,49900.0,50200.0,36481.0
2026-07-02 11:00:00+09:00,50100.0,50200.0,49700.0,49750.0,30826.0
2026-07-02 11:10:00+09:00,49800.0,50450.0,49700.0,49825.0,39597.0
2026-07-02 11:20:00+09:00,49850.0,50200.0,49800.0,50000.0,36137.0
2026-07-02 11:30:00+09:00,50000.0,50500.0,49900.0,50200.0,28195.0
2026-07-02 11:40:00+09:00,50300.0,50400.0,49900.0,49900.0,15603.0
2026-07-02 11:50:00+09:00,49900.0,50100.0,49450.0,50000.0,25863.0
2026-07-02 12:00:00+09:00,50000.0,50300.0,49800.0,49850.0,15362.0
2026-07-02 12:10:00+09:00,49850.0,50100.0,49800.0,49950.0,13154.0
2026-07-02 12:20:00+09:00,49950.0,49950.0,49350.0,49500.0,19129.0
2026-07-02 12:30:00+09:00,49500.0,49750.0,49350.0,49600.0,12720.0
2026-07-02 12:40:00+09:00,49550.0,49600.0,49250.0,49450.0,12237.0
2026-07-02 12:50:00+09:00,49500.0,49550.0,49250.0,49350.0,10361.0
2026-07-02 13:00:00+09:00,49350.0,49650.0,49350.0,49450.0,21225.0
2026-07-02 13:10:00+09:00,49450.0,49450.0,49150.0,49250.0,11909.0
2026-07-02 13:20:00+09:00,49300.0,49650.0,49050.0,49650.0,29378.0
2026-07-02 13:30:00+09:00,49600.0,49600.0,49100.0,49150.0,8210.0
2026-07-02 13:40:00+09:00,49200.0,49250.0,49000.0,49050.0,10471.0
2026-07-02 13:50:00+09:00,49100.0,49850.0,49100.0,49750.0,16750.0
2026-07-02 14:00:00+09:00,49800.0,49900.0,49550.0,49850.0,18372.0
2026-07-02 14:10:00+09:00,49850.0,49850.0,49200.0,49300.0,17772.0
2026-07-02 14:20:00+09:00,49300.0,49400.0,49050.0,49100.0,17262.0
2026-07-02 14:30:00+09:00,49100.0,49100.0,48750.0,48800.0,20687.0
2026-07-02 14:40:00+09:00,48800.0,48800.0,48050.0,48300.0,26222.0
2026-07-02 14:50:00+09:00,48350.0,48700.0,48050.0,48200.0,20459.0
2026-07-03 09:00:00+09:00,48450.0,48450.0,46750.0,47000.0,84601.0
2026-07-03 09:10:00+09:00,46950.0,46950.0,46250.0,46400.0,47687.0
2026-07-03 09:20:00+09:00,46300.0,46450.0,45850.0,46100.0,48158.0
2026-07-03 09:30:00+09:00,46100.0,47000.0,45850.0,46750.0,35131.0
2026-07-03 09:40:00+09:00,46750.0,46750.0,46000.0,46200.0,26996.0
2026-07-03 09:50:00+09:00,46200.0,46450.0,46000.0,46050.0,15532.0
2026-07-03 10:00:00+09:00,46100.0,47300.0,46000.0,47200.0,24631.0
2026-07-03 10:10:00+09:00,47150.0,47750.0,47050.0,47750.0,22425.0
2026-07-03 10:20:00+09:00,47700.0,48150.0,47650.0,47950.0,20929.0
2026-07-03 10:30:00+09:00,47900.0,48000.0,47650.0,48000.0,13975.0
2026-07-03 10:40:00+09:00,48000.0,48200.0,47600.0,47750.0,10043.0
2026-07-03 10:50:00+09:00,47700.0,47950.0,47600.0,47650.0,8663.0
2026-07-03 11:00:00+09:00,47700.0,48350.0,47650.0,48300.0,10884.0
2026-07-03 11:10:00+09:00,48300.0,48300.0,47750.0,47950.0,13902.0
2026-07-03 11:20:00+09:00,47900.0,48300.0,47900.0,48200.0,6819.0
2026-07-03 11:30:00+09:00,48200.0,48250.0,47850.0,48000.0,6168.0
2026-07-03 11:40:00+09:00,48000.0,48100.0,47700.0,47850.0,7390.0
2026-07-03 11:50:00+09:00,47850.0,48250.0,47800.0,48200.0,5235.0
2026-07-03 12:00:00+09:00,48200.0,48200.0,47700.0,47850.0,5738.0
2026-07-03 12:10:00+09:00,47800.0,48600.0,47750.0,48600.0,18455.0
2026-07-03 12:20:00+09:00,48600.0,49100.0,48550.0,49100.0,21353.0
2026-07-03 12:30:00+09:00,48950.0,49000.0,48400.0,48450.0,15819.0
2026-07-03 12:40:00+09:00,48450.0,48550.0,48100.0,48550.0,11479.0
2026-07-03 12:50:00+09:00,48550.0,49000.0,48250.0,48875.0,10532.0
2026-07-03 13:00:00+09:00,48900.0,48900.0,48600.0,48650.0,6987.0
2026-07-03 13:10:00+09:00,48650.0,48750.0,48450.0,48750.0,8990.0
2026-07-03 13:20:00+09:00,48750.0,48850.0,48650.0,48700.0,8753.0
2026-07-03 13:30:00+09:00,48650.0,48800.0,48600.0,48700.0,8367.0
2026-07-03 13:40:00+09:00,48700.0,48850.0,48600.0,48700.0,11127.0
2026-07-03 13:50:00+09:00,48750.0,49600.0,48600.0,49600.0,35452.0
2026-07-03 14:00:00+09:00,49550.0,49950.0,49450.0,49550.0,33721.0
2026-07-03 14:10:00+09:00,49600.0,50200.0,49350.0,50100.0,51353.0
2026-07-03 14:20:00+09:00,50100.0,50100.0,49800.0,50100.0,24602.0
2026-07-03 14:30:00+09:00,50100.0,50300.0,50000.0,50000.0,24523.0
2026-07-03 14:40:00+09:00,50100.0,50100.0,49150.0,49300.0,35186.0
2026-07-03 14:50:00+09:00,49300.0,49800.0,49250.0,49650.0,18130.0
2026-07-06 09:00:00+09:00,50400.0,51300.0,49500.0,51200.0,27788.0
2026-07-06 09:10:00+09:00,51300.0,51800.0,50800.0,51000.0,36109.0
2026-07-06 09:20:00+09:00,51000.0,51400.0,49900.0,49950.0,41984.0
2026-07-06 09:30:00+09:00,49900.0,50700.0,49700.0,50700.0,16475.0
2026-07-06 09:40:00+09:00,50600.0,51400.0,50600.0,51100.0,26347.0
2026-07-06 09:50:00+09:00,51000.0,51100.0,50500.0,50500.0,38886.0
2026-07-06 10:00:00+09:00,50500.0,50550.0,50000.0,50100.0,17281.0
2026-07-06 10:10:00+09:00,50100.0,50700.0,50100.0,50500.0,32807.0
2026-07-06 10:20:00+09:00,50400.0,50500.0,49650.0,49650.0,21012.0
2026-07-06 10:30:00+09:00,49650.0,49950.0,49550.0,49600.0,22378.0
2026-07-06 10:40:00+09:00,49600.0,50100.0,49300.0,49300.0,36147.0
2026-07-06 10:50:00+09:00,49300.0,49400.0,48900.0,49100.0,26095.0
2026-07-06 11:00:00+09:00,49150.0,49750.0,49150.0,49350.0,12110.0
2026-07-06 11:10:00+09:00,49250.0,49250.0,49000.0,49050.0,13151.0
2026-07-06 11:20:00+09:00,49050.0,49450.0,48900.0,48900.0,17865.0
2026-07-06 11:30:00+09:00,48875.0,49050.0,48600.0,48700.0,21075.0
2026-07-06 11:40:00+09:00,48675.0,48675.0,48300.0,48500.0,15642.0
2026-07-06 11:50:00+09:00,48450.0,48900.0,48400.0,48850.0,8992.0
2026-07-06 12:00:00+09:00,48850.0,49100.0,48750.0,49000.0,5744.0
2026-07-06 12:10:00+09:00,49050.0,49300.0,49050.0,49100.0,5217.0
2026-07-06 12:20:00+09:00,49150.0,49250.0,49100.0,49100.0,3934.0
2026-07-06 12:30:00+09:00,49100.0,49250.0,49000.0,49050.0,4254.0
2026-07-06 12:40:00+09:00,49050.0,49050.0,48800.0,48800.0,5872.0
2026-07-06 12:50:00+09:00,48800.0,49150.0,48750.0,49150.0,4621.0
2026-07-06 13:00:00+09:00,49100.0,49150.0,48600.0,48750.0,10841.0
2026-07-06 13:10:00+09:00,48700.0,49450.0,48700.0,49450.0,9566.0
2026-07-06 13:20:00+09:00,49450.0,49500.0,49250.0,49500.0,4566.0
2026-07-06 13:30:00+09:00,49500.0,49700.0,49400.0,49600.0,7484.0
2026-07-06 13:40:00+09:00,49550.0,49750.0,49500.0,49700.0,5208.0
2026-07-06 13:50:00+09:00,49700.0,50000.0,49650.0,49750.0,10503.0
2026-07-06 14:00:00+09:00,49775.0,49850.0,49550.0,49750.0,6437.0
2026-07-06 14:10:00+09:00,49750.0,49950.0,49600.0,49650.0,5481.0
2026-07-06 14:20:00+09:00,49700.0,49750.0,49350.0,49550.0,12374.0
2026-07-06 14:30:00+09:00,49500.0,49600.0,49250.0,49500.0,8848.0
2026-07-06 14:40:00+09:00,49450.0,49500.0,49200.0,49250.0,7979.0
2026-07-06 14:50:00+09:00,49200.0,49900.0,49200.0,49650.0,7213.0
2026-07-07 09:00:00+09:00,49400.0,49600.0,48300.0,49100.0,33390.0
2026-07-07 09:10:00+09:00,49000.0,49100.0,47850.0,48100.0,44410.0
2026-07-07 09:20:00+09:00,48200.0,48950.0,48100.0,48500.0,17654.0
2026-07-07 09:30:00+09:00,48550.0,48650.0,47800.0,47850.0,23388.0
2026-07-07 09:40:00+09:00,47850.0,48100.0,47700.0,47900.0,21231.0
2026-07-07 09:50:00+09:00,47850.0,48750.0,47850.0,48700.0,20188.0
2026-07-07 10:00:00+09:00,48700.0,49150.0,48650.0,48850.0,27554.0
2026-07-07 10:10:00+09:00,48800.0,49150.0,48500.0,48600.0,13339.0
2026-07-07 10:20:00+09:00,48600.0,48900.0,48200.0,48250.0,12591.0
2026-07-07 10:30:00+09:00,48300.0,48450.0,48100.0,48350.0,16270.0
2026-07-07 10:40:00+09:00,48350.0,49000.0,48350.0,48950.0,13327.0
2026-07-07 10:50:00+09:00,48850.0,49300.0,48500.0,48550.0,19059.0
2026-07-07 11:00:00+09:00,48550.0,48800.0,48450.0,48700.0,10335.0
2026-07-07 11:10:00+09:00,48700.0,48700.0,48350.0,48500.0,8374.0
2026-07-07 11:20:00+09:00,48450.0,48600.0,48300.0,48300.0,9287.0
2026-07-07 11:30:00+09:00,48300.0,48400.0,48000.0,48200.0,21248.0
2026-07-07 11:40:00+09:00,48200.0,48200.0,47850.0,47900.0,14037.0
2026-07-07 11:50:00+09:00,47900.0,48100.0,47850.0,47900.0,12836.0
2026-07-07 12:00:00+09:00,47850.0,48250.0,47850.0,48150.0,7101.0
2026-07-07 12:10:00+09:00,48100.0,48250.0,47850.0,47900.0,10121.0
2026-07-07 12:20:00+09:00,47950.0,48200.0,47650.0,47650.0,15039.0
2026-07-07 12:30:00+09:00,47650.0,47950.0,47600.0,47800.0,14602.0
2026-07-07 12:40:00+09:00,47800.0,47800.0,47550.0,47550.0,12635.0
2026-07-07 12:50:00+09:00,47600.0,47900.0,47500.0,47700.0,11467.0
2026-07-07 13:00:00+09:00,47700.0,48100.0,47500.0,47650.0,10981.0
2026-07-07 13:10:00+09:00,47625.0,47800.0,47500.0,47500.0,9648.0
2026-07-07 13:20:00+09:00,47550.0,47650.0,47450.0,47650.0,11205.0
2026-07-07 13:30:00+09:00,47650.0,47800.0,47500.0,47600.0,8238.0
2026-07-07 13:40:00+09:00,47600.0,47600.0,47250.0,47400.0,19935.0
2026-07-07 13:50:00+09:00,47350.0,47400.0,47350.0,47400.0,1278.0
2026-07-07 14:20:00+09:00,47250.0,47850.0,47150.0,47850.0,40130.0
2026-07-07 14:30:00+09:00,47750.0,48300.0,47750.0,48250.0,23593.0
2026-07-07 14:40:00+09:00,48250.0,48600.0,48150.0,48350.0,25113.0
2026-07-07 14:50:00+09:00,48300.0,48700.0,48300.0,48650.0,16189.0
2026-07-08 09:00:00+09:00,47750.0,49500.0,47500.0,48100.0,78948.0
2026-07-08 09:10:00+09:00,48250.0,48750.0,47950.0,48650.0,28615.0
2026-07-08 09:20:00+09:00,48650.0,49100.0,48450.0,48650.0,27168.0
2026-07-08 09:30:00+09:00,48650.0,49500.0,48000.0,49450.0,35882.0
2026-07-08 09:40:00+09:00,49500.0,50500.0,49200.0,50400.0,74464.0
2026-07-08 09:50:00+09:00,50400.0,51000.0,50200.0,50600.0,66092.0
2026-07-08 10:00:00+09:00,50600.0,50900.0,50000.0,50200.0,43321.0
2026-07-08 10:10:00+09:00,50150.0,50600.0,50000.0,50000.0,21637.0
2026-07-08 10:20:00+09:00,50000.0,50500.0,50000.0,50100.0,19733.0
2026-07-08 10:30:00+09:00,50200.0,50400.0,49550.0,49550.0,37742.0
2026-07-08 10:40:00+09:00,49600.0,49750.0,49400.0,49400.0,16844.0
2026-07-08 10:50:00+09:00,49450.0,49600.0,49100.0,49400.0,19605.0
2026-07-08 11:00:00+09:00,49350.0,49400.0,48650.0,48800.0,20629.0
2026-07-08 11:10:00+09:00,48850.0,49050.0,48600.0,48900.0,16802.0
2026-07-08 11:20:00+09:00,48900.0,49300.0,48600.0,49000.0,18783.0
2026-07-08 11:30:00+09:00,49000.0,49100.0,48650.0,48900.0,10027.0
2026-07-08 11:40:00+09:00,48900.0,49150.0,48750.0,48900.0,9082.0
2026-07-08 11:50:00+09:00,48850.0,48900.0,48550.0,48750.0,11400.0
2026-07-08 12:00:00+09:00,48750.0,49150.0,48650.0,49150.0,6956.0
2026-07-08 12:10:00+09:00,49150.0,49450.0,49100.0,49400.0,14858.0
2026-07-08 12:20:00+09:00,49400.0,49500.0,49300.0,49450.0,9224.0
2026-07-08 12:30:00+09:00,49450.0,49500.0,49200.0,49250.0,8893.0
2026-07-08 12:40:00+09:00,49250.0,49300.0,49000.0,49050.0,9350.0
2026-07-08 12:50:00+09:00,49050.0,49150.0,48800.0,48825.0,9528.0
2026-07-08 13:00:00+09:00,48850.0,48900.0,48500.0,48750.0,13155.0
2026-07-08 13:10:00+09:00,48700.0,48750.0,48300.0,48350.0,15601.0
2026-07-08 13:20:00+09:00,48300.0,48600.0,48100.0,48200.0,18262.0
2026-07-08 13:30:00+09:00,48150.0,48350.0,47700.0,47750.0,25444.0
2026-07-08 13:40:00+09:00,47750.0,48000.0,47650.0,47750.0,21876.0
2026-07-08 13:50:00+09:00,47850.0,48350.0,47550.0,48300.0,26205.0
2026-07-08 14:00:00+09:00,48250.0,48700.0,48100.0,48600.0,23830.0
2026-07-08 14:10:00+09:00,48600.0,48800.0,48300.0,48450.0,22788.0
2026-07-08 14:20:00+09:00,48450.0,48550.0,48200.0,48300.0,14174.0
2026-07-08 14:30:00+09:00,48300.0,48450.0,48000.0,48250.0,21459.0
2026-07-08 14:40:00+09:00,48150.0,48600.0,48000.0,48250.0,24028.0
2026-07-08 14:50:00+09:00,48300.0,48800.0,48150.0,48800.0,25171.0
2026-07-09 09:00:00+09:00,48800.0,48800.0,45900.0,46050.0,157381.0
2026-07-09 09:10:00+09:00,46075.0,46750.0,45750.0,46750.0,63269.0
2026-07-09 09:20:00+09:00,46700.0,46950.0,46550.0,46800.0,32721.0
2026-07-09 09:30:00+09:00,46800.0,47400.0,46650.0,47300.0,33363.0
2026-07-09 09:40:00+09:00,47275.0,48200.0,47200.0,48100.0,29455.0
2026-07-09 09:50:00+09:00,48100.0,48150.0,47250.0,47650.0,20787.0
2026-07-09 10:00:00+09:00,47600.0,48200.0,47550.0,48200.0,13452.0
2026-07-09 10:10:00+09:00,48200.0,48350.0,47800.0,48150.0,12407.0
2026-07-09 10:20:00+09:00,48150.0,48450.0,47950.0,48050.0,15087.0
2026-07-09 10:30:00+09:00,48050.0,48100.0,47300.0,47500.0,19374.0
2026-07-09 10:40:00+09:00,47500.0,49250.0,47300.0,49200.0,42433.0
2026-07-09 10:50:00+09:00,49200.0,49500.0,47700.0,47850.0,34468.0
2026-07-09 11:00:00+09:00,47850.0,48200.0,47250.0,47900.0,26969.0
2026-07-09 11:10:00+09:00,47950.0,48450.0,47850.0,48450.0,15766.0
2026-07-09 11:20:00+09:00,48450.0,48950.0,48400.0,48650.0,13818.0
2026-07-09 11:30:00+09:00,48600.0,48650.0,47950.0,48050.0,14511.0
2026-07-09 11:40:00+09:00,48050.0,48100.0,47700.0,47750.0,19712.0
2026-07-09 11:50:00+09:00,47750.0,47800.0,47200.0,47350.0,18990.0
2026-07-09 12:00:00+09:00,47350.0,47550.0,46950.0,47300.0,23591.0
2026-07-09 12:10:00+09:00,47250.0,47300.0,46800.0,47000.0,12103.0
2026-07-09 12:20:00+09:00,47000.0,48000.0,46550.0,48000.0,18077.0
2026-07-09 12:30:00+09:00,47950.0,48600.0,47950.0,48350.0,17716.0
2026-07-09 12:40:00+09:00,48350.0,48600.0,48100.0,48450.0,15373.0
2026-07-09 12:50:00+09:00,48400.0,48450.0,47900.0,48050.0,7781.0
2026-07-09 13:00:00+09:00,48100.0,48350.0,48050.0,48150.0,7640.0
2026-07-09 13:10:00+09:00,48150.0,48250.0,47900.0,48150.0,9045.0
2026-07-09 13:20:00+09:00,48050.0,48150.0,47600.0,47750.0,9385.0
2026-07-09 13:30:00+09:00,47700.0,48100.0,47650.0,47850.0,10367.0
2026-07-09 13:40:00+09:00,47850.0,47850.0,47500.0,47550.0,10432.0
2026-07-09 13:50:00+09:00,47500.0,47850.0,47450.0,47750.0,5711.0
2026-07-09 14:00:00+09:00,47700.0,47750.0,47100.0,47400.0,17136.0
2026-07-09 14:10:00+09:00,47400.0,47950.0,47100.0,47400.0,11343.0
2026-07-09 14:20:00+09:00,47400.0,47750.0,47300.0,47600.0,12900.0
2026-07-09 14:30:00+09:00,47600.0,47800.0,47050.0,47700.0,11860.0
2026-07-09 14:40:00+09:00,47700.0,47750.0,47400.0,47750.0,9290.0
2026-07-09 14:50:00+09:00,47700.0,48100.0,47700.0,47950.0,13016.0
2026-07-10 09:00:00+09:00,48150.0,50100.0,48000.0,49600.0,68746.0
2026-07-10 09:10:00+09:00,49600.0,50700.0,49500.0,49750.0,62944.0
2026-07-10 09:20:00+09:00,49750.0,49750.0,48600.0,49300.0,34066.0
2026-07-10 09:30:00+09:00,49300.0,49600.0,49200.0,49250.0,21879.0
2026-07-10 09:40:00+09:00,49200.0,49600.0,49050.0,49400.0,19776.0
2026-07-10 09:50:00+09:00,49400.0,49550.0,49300.0,49350.0,21137.0
2026-07-10 10:00:00+09:00,49300.0,49450.0,49150.0,49450.0,14929.0
2026-07-10 10:10:00+09:00,49450.0,49650.0,49300.0,49550.0,17284.0
2026-07-10 10:20:00+09:00,49550.0,50400.0,49500.0,50000.0,37992.0
2026-07-10 10:30:00+09:00,50100.0,50400.0,49950.0,50400.0,26914.0
2026-07-10 10:40:00+09:00,50400.0,50800.0,50300.0,50800.0,46207.0
2026-07-10 10:50:00+09:00,50800.0,51000.0,50500.0,50800.0,39955.0
2026-07-10 11:00:00+09:00,50700.0,50800.0,50400.0,50700.0,19372.0
2026-07-10 11:10:00+09:00,50700.0,50700.0,50200.0,50600.0,20078.0
2026-07-10 11:20:00+09:00,50500.0,50600.0,50100.0,50400.0,7544.0
2026-07-10 11:30:00+09:00,50400.0,50500.0,50300.0,50400.0,7098.0
2026-07-10 11:40:00+09:00,50500.0,50700.0,50400.0,50600.0,12163.0
2026-07-10 11:50:00+09:00,50600.0,50700.0,50300.0,50600.0,18327.0
2026-07-10 12:00:00+09:00,50700.0,50700.0,50500.0,50500.0,7852.0
2026-07-10 12:10:00+09:00,50600.0,50800.0,50500.0,50800.0,10808.0
2026-07-10 12:20:00+09:00,50800.0,50900.0,50600.0,50600.0,13753.0
2026-07-10 12:30:00+09:00,50600.0,50800.0,50500.0,50600.0,11663.0
2026-07-10 12:40:00+09:00,50700.0,50800.0,50300.0,50500.0,8423.0
2026-07-10 12:50:00+09:00,50400.0,50500.0,50100.0,50400.0,11980.0
2026-07-10 13:00:00+09:00,50300.0,50600.0,50300.0,50400.0,13088.0
2026-07-10 13:10:00+09:00,50400.0,50500.0,50200.0,50400.0,11421.0
2026-07-10 13:20:00+09:00,50400.0,50400.0,50100.0,50300.0,10216.0
2026-07-10 13:30:00+09:00,50300.0,50300.0,49800.0,50050.0,25185.0
2026-07-10 13:40:00+09:00,50050.0,50200.0,49800.0,50200.0,15532.0
2026-07-10 13:50:00+09:00,50200.0,50200.0,49700.0,49900.0,19162.0
2026-07-10 14:00:00+09:00,49900.0,50100.0,49800.0,49850.0,16547.0
2026-07-10 14:10:00+09:00,49850.0,50300.0,49800.0,50200.0,15461.0
2026-07-10 14:20:00+09:00,50200.0,50300.0,50000.0,50200.0,8088.0
2026-07-10 14:30:00+09:00,50100.0,50300.0,50000.0,50200.0,10079.0
2026-07-10 14:40:00+09:00,50200.0,50400.0,50000.0,50300.0,11612.0
2026-07-10 14:50:00+09:00,50400.0,50400.0,50200.0,50400.0,8780.0
2026-07-13 09:00:00+09:00,49450.0,51000.0,48950.0,50500.0,22845.0
2026-07-13 09:10:00+09:00,50500.0,51900.0,50500.0,51500.0,84997.0
2026-07-13 09:20:00+09:00,51400.0,52300.0,51300.0,51500.0,66311.0
2026-07-13 09:30:00+09:00,51500.0,51600.0,50800.0,50800.0,30462.0
2026-07-13 09:40:00+09:00,50800.0,51400.0,50800.0,51100.0,24984.0
2026-07-13 09:50:00+09:00,51100.0,51400.0,50300.0,50400.0,31554.0
2026-07-13 10:00:00+09:00,50400.0,50800.0,49850.0,50200.0,29599.0
2026-07-13 10:10:00+09:00,50300.0,50700.0,50000.0,50100.0,37419.0
2026-07-13 10:20:00+09:00,50200.0,50200.0,49500.0,49650.0,18451.0
2026-07-13 10:30:00+09:00,49650.0,50500.0,49500.0,49950.0,18291.0
2026-07-13 10:40:00+09:00,49950.0,49950.0,49050.0,49200.0,23048.0
2026-07-13 10:50:00+09:00,49150.0,49150.0,48700.0,48800.0,22896.0
2026-07-13 11:00:00+09:00,48750.0,48850.0,48550.0,48600.0,22617.0
2026-07-13 11:10:00+09:00,48550.0,49150.0,48550.0,49100.0,13069.0
2026-07-13 11:20:00+09:00,49150.0,49500.0,49000.0,49500.0,13566.0
2026-07-13 11:30:00+09:00,49500.0,49500.0,49100.0,49200.0,6366.0
2026-07-13 11:40:00+09:00,49200.0,49250.0,48800.0,48950.0,9162.0
2026-07-13 11:50:00+09:00,48950.0,49150.0,48650.0,48650.0,8690.0
2026-07-13 12:00:00+09:00,48700.0,48700.0,48200.0,48300.0,22164.0
2026-07-13 12:10:00+09:00,48250.0,48350.0,48100.0,48150.0,8800.0
2026-07-13 12:20:00+09:00,48200.0,48500.0,48050.0,48300.0,14752.0
2026-07-13 12:30:00+09:00,48300.0,48300.0,47900.0,48250.0,18456.0
2026-07-13 12:40:00+09:00,48250.0,48400.0,48100.0,48300.0,7822.0
2026-07-13 12:50:00+09:00,48350.0,48400.0,48050.0,48100.0,11130.0
2026-07-13 13:00:00+09:00,48100.0,48200.0,47750.0,47850.0,27655.0
2026-07-13 13:10:00+09:00,47850.0,48000.0,47750.0,47900.0,11991.0
2026-07-13 13:20:00+09:00,47900.0,47950.0,47550.0,47550.0,16381.0
2026-07-13 13:50:00+09:00,47550.0,47600.0,47300.0,47450.0,15712.0
2026-07-13 14:00:00+09:00,47450.0,48150.0,47300.0,48050.0,18093.0
2026-07-13 14:10:00+09:00,48050.0,48200.0,47800.0,47850.0,9669.0
2026-07-13 14:20:00+09:00,47850.0,47950.0,47200.0,47400.0,21488.0
2026-07-13 14:30:00+09:00,47450.0,48200.0,47250.0,48100.0,18810.0
2026-07-13 14:40:00+09:00,48150.0,48250.0,47550.0,47600.0,11139.0
2026-07-13 14:50:00+09:00,47600.0,47950.0,47500.0,47700.0,17985.0
2026-07-14 09:00:00+09:00,48050.0,48200.0,46000.0,46250.0,82645.0
2026-07-14 09:10:00+09:00,46300.0,47150.0,46300.0,46350.0,31814.0
2026-07-14 09:20:00+09:00,46325.0,46700.0,46200.0,46550.0,23788.0
2026-07-14 09:30:00+09:00,46550.0,46950.0,46250.0,46300.0,26382.0
2026-07-14 09:40:00+09:00,46250.0,46450.0,46000.0,46150.0,31875.0
2026-07-14 09:50:00+09:00,46200.0,47000.0,46200.0,46900.0,16703.0
2026-07-14 10:00:00+09:00,46900.0,47100.0,46700.0,46700.0,14645.0
2026-07-14 10:10:00+09:00,46750.0,46800.0,46400.0,46600.0,14272.0
2026-07-14 10:20:00+09:00,46600.0,46750.0,46350.0,46400.0,22484.0
2026-07-14 10:30:00+09:00,46350.0,46400.0,45850.0,45850.0,45654.0
2026-07-14 10:40:00+09:00,45900.0,46050.0,45800.0,45900.0,21933.0
2026-07-14 10:50:00+09:00,45850.0,45900.0,45450.0,45600.0,29543.0
2026-07-14 11:00:00+09:00,45600.0,45900.0,45500.0,45750.0,16170.0
2026-07-14 11:10:00+09:00,45750.0,45800.0,45300.0,45350.0,13680.0
2026-07-14 11:20:00+09:00,45325.0,45350.0,44900.0,45000.0,33841.0
2026-07-14 11:30:00+09:00,44950.0,45350.0,44700.0,45350.0,16563.0
2026-07-14 11:40:00+09:00,45350.0,45700.0,45250.0,45450.0,13723.0
2026-07-14 11:50:00+09:00,45550.0,45550.0,44900.0,44950.0,12395.0
2026-07-14 12:00:00+09:00,44950.0,45000.0,44500.0,44550.0,17873.0
2026-07-14 12:10:00+09:00,44550.0,44550.0,43900.0,44000.0,25802.0
2026-07-14 12:20:00+09:00,44050.0,44200.0,43800.0,44150.0,23675.0
2026-07-14 12:30:00+09:00,44200.0,44800.0,44200.0,44500.0,16298.0
2026-07-14 12:40:00+09:00,44500.0,44950.0,44400.0,44750.0,26904.0
2026-07-14 12:50:00+09:00,44750.0,45050.0,44700.0,44950.0,13016.0
2026-07-14 13:00:00+09:00,44900.0,45200.0,44600.0,44650.0,14130.0
2026-07-14 13:10:00+09:00,44700.0,44750.0,44350.0,44400.0,7836.0
2026-07-14 13:20:00+09:00,44450.0,44900.0,44350.0,44850.0,7604.0
2026-07-14 13:30:00+09:00,44850.0,45200.0,44700.0,45100.0,9818.0
2026-07-14 13:40:00+09:00,45050.0,45250.0,44950.0,45100.0,8960.0
2026-07-14 13:50:00+09:00,45100.0,45300.0,45000.0,45100.0,10393.0
2026-07-14 14:00:00+09:00,45050.0,45150.0,44900.0,45100.0,9886.0
2026-07-14 14:10:00+09:00,45100.0,45250.0,45000.0,45150.0,13308.0
2026-07-14 14:20:00+09:00,45150.0,45400.0,45100.0,45350.0,12605.0
2026-07-14 14:30:00+09:00,45300.0,45450.0,45200.0,45250.0,15831.0
2026-07-14 14:40:00+09:00,45200.0,45350.0,45000.0,45200.0,16696.0
2026-07-14 14:50:00+09:00,45200.0,45250.0,45000.0,45000.0,18764.0
2026-07-15 09:00:00+09:00,45650.0,47000.0,45650.0,46600.0,92036.0
2026-07-15 09:10:00+09:00,46550.0,47350.0,46500.0,46700.0,53426.0
2026-07-15 09:20:00+09:00,46700.0,46800.0,46500.0,46550.0,19873.0
2026-07-15 09:30:00+09:00,46500.0,46750.0,46200.0,46250.0,23567.0
2026-07-15 09:40:00+09:00,46250.0,46650.0,46150.0,46650.0,16513.0
2026-07-15 09:50:00+09:00,46650.0,46650.0,46200.0,46250.0,15312.0
2026-07-15 10:00:00+09:00,46250.0,46300.0,45400.0,45450.0,27554.0
2026-07-15 10:10:00+09:00,45450.0,45850.0,45350.0,45850.0,17979.0
2026-07-15 10:20:00+09:00,45850.0,46000.0,45650.0,45950.0,12456.0
2026-07-15 10:30:00+09:00,45900.0,46300.0,45900.0,46250.0,13700.0
2026-07-15 10:40:00+09:00,46250.0,46250.0,45750.0,46100.0,21745.0
2026-07-15 10:50:00+09:00,46100.0,46600.0,46050.0,46600.0,12863.0
2026-07-15 11:00:00+09:00,46550.0,46700.0,46500.0,46550.0,12593.0
2026-07-15 11:10:00+09:00,46550.0,46600.0,46350.0,46500.0,12312.0
2026-07-15 11:20:00+09:00,46500.0,46500.0,46100.0,46200.0,12502.0
2026-07-15 11:30:00+09:00,46200.0,46400.0,46200.0,46300.0,7572.0
2026-07-15 11:40:00+09:00,46300.0,46400.0,46250.0,46350.0,7149.0
2026-07-15 11:50:00+09:00,46350.0,46400.0,46250.0,46300.0,10039.0
2026-07-15 12:00:00+09:00,46250.0,46450.0,46250.0,46450.0,9096.0
2026-07-15 12:10:00+09:00,46450.0,46450.0,46300.0,46400.0,7720.0
2026-07-15 12:20:00+09:00,46450.0,46500.0,46350.0,46350.0,4864.0
2026-07-15 12:30:00+09:00,46350.0,46400.0,46150.0,46200.0,10325.0
2026-07-15 12:40:00+09:00,46200.0,46250.0,46100.0,46100.0,13219.0
2026-07-15 12:50:00+09:00,46100.0,46250.0,46100.0,46200.0,15185.0
2026-07-15 13:00:00+09:00,46200.0,46300.0,46200.0,46250.0,6248.0
2026-07-15 13:10:00+09:00,46250.0,46300.0,46000.0,46050.0,18875.0
2026-07-15 13:20:00+09:00,46000.0,46100.0,45950.0,46000.0,10475.0
2026-07-15 13:30:00+09:00,46000.0,46100.0,45900.0,46000.0,11915.0
2026-07-15 13:40:00+09:00,46000.0,46150.0,46000.0,46100.0,7706.0
2026-07-15 13:50:00+09:00,46100.0,46150.0,45950.0,46000.0,9013.0
2026-07-15 14:00:00+09:00,46000.0,46200.0,45850.0,45950.0,22997.0
2026-07-15 14:10:00+09:00,45950.0,46100.0,45900.0,46100.0,10200.0
2026-07-15 14:20:00+09:00,46050.0,46050.0,45900.0,45900.0,14428.0
2026-07-15 14:30:00+09:00,45900.0,46000.0,45750.0,46000.0,21989.0
2026-07-15 14:40:00+09:00,46000.0,46300.0,45950.0,46250.0,16266.0
2026-07-15 14:50:00+09:00,46250.0,46400.0,46200.0,46350.0,9865.0
2026-07-16 09:00:00+09:00,45250.0,46300.0,45150.0,45400.0,49080.0
2026-07-16 09:10:00+09:00,45400.0,46000.0,45250.0,45300.0,14337.0
2026-07-16 09:20:00+09:00,45300.0,45600.0,45100.0,45350.0,17414.0
2026-07-16 09:30:00+09:00,45350.0,46150.0,45350.0,45600.0,13635.0
2026-07-16 09:40:00+09:00,45600.0,45700.0,45350.0,45550.0,11041.0
2026-07-16 09:50:00+09:00,45500.0,45700.0,45200.0,45250.0,11219.0
2026-07-16 10:00:00+09:00,45250.0,45450.0,44950.0,45000.0,20605.0
2026-07-16 10:10:00+09:00,45000.0,45050.0,44750.0,44800.0,19870.0
2026-07-16 10:20:00+09:00,44850.0,45050.0,44800.0,44900.0,9038.0
2026-07-16 10:30:00+09:00,44900.0,45250.0,44850.0,45100.0,10825.0
2026-07-16 10:40:00+09:00,45150.0,45200.0,44900.0,45100.0,10526.0
2026-07-16 10:50:00+09:00,45100.0,45250.0,44800.0,44800.0,20418.0
2026-07-16 11:00:00+09:00,44800.0,44900.0,44500.0,44500.0,16380.0
2026-07-16 11:10:00+09:00,44550.0,44600.0,44350.0,44550.0,14081.0
2026-07-16 11:20:00+09:00,44500.0,44900.0,44400.0,44800.0,13804.0
2026-07-16 11:30:00+09:00,44850.0,44900.0,44800.0,44850.0,5605.0
2026-07-16 11:40:00+09:00,44800.0,45100.0,44750.0,45100.0,5983.0
2026-07-16 11:50:00+09:00,45050.0,45450.0,44900.0,45350.0,10564.0
2026-07-16 12:00:00+09:00,45375.0,45550.0,45200.0,45550.0,9639.0
2026-07-16 12:10:00+09:00,45550.0,45650.0,45200.0,45200.0,5743.0
2026-07-16 12:20:00+09:00,45200.0,45300.0,45150.0,45150.0,4723.0
2026-07-16 12:30:00+09:00,45150.0,45400.0,45150.0,45250.0,5909.0
2026-07-16 12:40:00+09:00,45250.0,45400.0,45200.0,45250.0,6000.0
2026-07-16 12:50:00+09:00,45200.0,45400.0,45200.0,45350.0,5357.0
2026-07-16 13:00:00+09:00,45350.0,45550.0,45350.0,45450.0,8654.0
2026-07-16 13:10:00+09:00,45500.0,45650.0,45350.0,45400.0,10179.0
2026-07-16 13:20:00+09:00,45350.0,45400.0,45000.0,45250.0,17298.0
2026-07-16 13:30:00+09:00,45250.0,45300.0,45000.0,45050.0,6702.0
2026-07-16 13:40:00+09:00,45000.0,45200.0,45000.0,45100.0,8086.0
2026-07-16 13:50:00+09:00,45150.0,45200.0,45050.0,45150.0,5055.0
2026-07-16 14:00:00+09:00,45150.0,45300.0,45100.0,45200.0,8390.0
2026-07-16 14:10:00+09:00,45200.0,46000.0,45100.0,45900.0,30974.0
2026-07-16 14:20:00+09:00,45900.0,46000.0,45850.0,45850.0,9157.0
2026-07-16 14:30:00+09:00,45900.0,45950.0,45200.0,45250.0,12533.0
2026-07-16 14:40:00+09:00,45250.0,45250.0,45000.0,45050.0,20132.0
2026-07-16 14:50:00+09:00,45100.0,45150.0,44950.0,45000.0,9991.0
2026-07-20 09:00:00+09:00,43750.0,44100.0,42800.0,44000.0,10868.0
2026-07-20 09:10:00+09:00,44000.0,44200.0,43500.0,43950.0,17816.0
2026-07-20 09:20:00+09:00,44000.0,44100.0,43850.0,44000.0,10858.0
2026-07-20 09:30:00+09:00,43950.0,44200.0,43800.0,44100.0,17624.0
2026-07-20 09:40:00+09:00,44050.0,44200.0,43550.0,43700.0,11957.0
2026-07-20 09:50:00+09:00,43650.0,43700.0,43300.0,43300.0,11781.0
2026-07-20 10:00:00+09:00,43300.0,43650.0,43300.0,43650.0,7234.0
2026-07-20 10:10:00+09:00,43650.0,43800.0,43150.0,43250.0,15608.0
2026-07-20 10:20:00+09:00,43200.0,43600.0,43000.0,43300.0,8463.0
2026-07-20 10:30:00+09:00,43200.0,43300.0,43100.0,43250.0,6487.0
2026-07-20 10:40:00+09:00,43250.0,43250.0,42850.0,42850.0,15536.0
2026-07-20 10:50:00+09:00,42850.0,42900.0,42500.0,42700.0,27800.0
2026-07-20 11:00:00+09:00,42650.0,43250.0,42650.0,43150.0,9128.0
2026-07-20 11:10:00+09:00,43150.0,43150.0,42500.0,42550.0,10284.0
2026-07-20 11:20:00+09:00,42600.0,42600.0,42300.0,42450.0,16575.0
2026-07-20 11:30:00+09:00,42450.0,42900.0,42450.0,42750.0,7346.0
2026-07-20 11:40:00+09:00,42700.0,42950.0,42500.0,42650.0,9169.0
2026-07-20 11:50:00+09:00,42600.0,42700.0,42450.0,42550.0,4999.0
2026-07-20 12:00:00+09:00,42550.0,42650.0,42200.0,42400.0,14904.0
2026-07-20 12:10:00+09:00,42400.0,42600.0,42300.0,42400.0,4086.0
2026-07-20 12:20:00+09:00,42350.0,42400.0,42250.0,42350.0,7421.0
2026-07-20 12:30:00+09:00,42350.0,42400.0,42200.0,42300.0,6751.0
2026-07-20 12:40:00+09:00,42350.0,42450.0,42200.0,42250.0,7126.0
2026-07-20 12:50:00+09:00,42300.0,42700.0,42250.0,42350.0,4158.0
2026-07-20 13:00:00+09:00,42350.0,42500.0,42300.0,42350.0,1553.0
2026-07-20 13:10:00+09:00,42350.0,42350.0,42100.0,42150.0,9414.0
2026-07-20 13:20:00+09:00,42100.0,42450.0,42050.0,42400.0,7989.0
2026-07-20 13:30:00+09:00,42400.0,42700.0,42350.0,42700.0,3962.0
2026-07-20 13:40:00+09:00,42700.0,42700.0,42450.0,42650.0,11022.0
2026-07-20 13:50:00+09:00,42650.0,42650.0,42300.0,42350.0,5728.0
2026-07-20 14:00:00+09:00,42400.0,42450.0,42150.0,42200.0,4065.0
2026-07-20 14:10:00+09:00,42200.0,42250.0,42000.0,42200.0,10897.0
2026-07-20 14:20:00+09:00,42200.0,42250.0,42000.0,42150.0,7591.0
2026-07-20 14:30:00+09:00,42150.0,42150.0,41850.0,42000.0,16517.0
2026-07-20 14:40:00+09:00,42025.0,42150.0,41950.0,42000.0,10345.0
2026-07-20 14:50:00+09:00,42000.0,42400.0,41950.0,42000.0,12152.0
2026-07-21 09:00:00+09:00,41700.0,42100.0,41300.0,41700.0,31265.0
2026-07-21 09:10:00+09:00,41700.0,42200.0,41400.0,42150.0,20170.0
2026-07-21 09:20:00+09:00,42150.0,42650.0,42050.0,42150.0,19717.0
2026-07-21 09:30:00+09:00,42150.0,42500.0,42100.0,42500.0,9402.0
2026-07-21 09:40:00+09:00,42475.0,42700.0,42300.0,42650.0,11786.0
2026-07-21 09:50:00+09:00,42650.0,42750.0,42350.0,42450.0,10942.0
2026-07-21 10:00:00+09:00,42450.0,43200.0,42300.0,43200.0,13125.0
2026-07-21 10:10:00+09:00,43200.0,43350.0,43050.0,43100.0,11015.0
2026-07-21 10:20:00+09:00,43100.0,43250.0,42950.0,43150.0,12865.0
2026-07-21 10:30:00+09:00,43150.0,43500.0,43150.0,43200.0,9319.0
2026-07-21 10:40:00+09:00,43200.0,43400.0,43100.0,43300.0,5641.0
2026-07-21 10:50:00+09:00,43350.0,43350.0,42850.0,42900.0,8098.0
2026-07-21 11:00:00+09:00,42900.0,43300.0,42850.0,42950.0,7146.0
2026-07-21 11:10:00+09:00,42950.0,42950.0,42650.0,42700.0,7458.0
2026-07-21 11:20:00+09:00,42700.0,42900.0,42650.0,42700.0,4199.0
2026-07-21 11:30:00+09:00,42700.0,43100.0,42650.0,43100.0,6186.0
2026-07-21 11:40:00+09:00,43100.0,43250.0,43050.0,43200.0,4807.0
2026-07-21 11:50:00+09:00,43200.0,43350.0,43150.0,43250.0,5246.0
2026-07-21 12:00:00+09:00,43250.0,43350.0,43250.0,43325.0,4102.0
2026-07-21 12:10:00+09:00,43300.0,43700.0,43300.0,43650.0,9292.0
2026-07-21 12:20:00+09:00,43650.0,43650.0,43350.0,43450.0,6073.0
2026-07-21 12:30:00+09:00,43500.0,43500.0,43300.0,43400.0,7478.0
2026-07-21 12:40:00+09:00,43450.0,43600.0,43250.0,43550.0,8188.0
2026-07-21 12:50:00+09:00,43500.0,44000.0,43500.0,43850.0,11253.0
2026-07-21 13:00:00+09:00,43850.0,44100.0,43800.0,43800.0,11671.0
2026-07-21 13:10:00+09:00,43800.0,44150.0,43800.0,43900.0,9305.0
2026-07-21 13:20:00+09:00,43900.0,44050.0,43850.0,44000.0,4976.0
2026-07-21 13:30:00+09:00,43950.0,44000.0,43800.0,43850.0,5480.0
2026-07-21 13:40:00+09:00,43850.0,43850.0,43650.0,43750.0,5212.0
2026-07-21 13:50:00+09:00,43700.0,43750.0,43400.0,43400.0,6957.0
2026-07-21 14:00:00+09:00,43400.0,43450.0,43250.0,43350.0,7012.0
2026-07-21 14:10:00+09:00,43350.0,43350.0,43000.0,43000.0,13133.0
2026-07-21 14:20:00+09:00,43050.0,43500.0,43000.0,43500.0,8235.0
2026-07-21 14:30:00+09:00,43450.0,43600.0,43250.0,43500.0,7777.0
2026-07-21 14:40:00+09:00,43500.0,43850.0,43450.0,43750.0,6230.0
2026-07-21 14:50:00+09:00,43750.0,43750.0,43300.0,43400.0,9119.0
2026-07-22 09:00:00+09:00,46000.0,48850.0,45700.0,46850.0,262856.0
2026-07-22 09:10:00+09:00,46850.0,49150.0,46700.0,47875.0,193823.0
2026-07-22 09:20:00+09:00,47875.0,48200.0,46650.0,47050.0,72278.0
2026-07-22 09:30:00+09:00,47050.0,47150.0,46500.0,46900.0,35064.0
2026-07-22 09:40:00+09:00,46900.0,47400.0,46800.0,47400.0,38340.0
2026-07-22 09:50:00+09:00,47350.0,48250.0,47350.0,48050.0,69978.0
2026-07-22 10:00:00+09:00,48050.0,48350.0,47700.0,48300.0,35029.0
2026-07-22 10:10:00+09:00,48300.0,48700.0,48200.0,48400.0,45906.0
2026-07-22 10:20:00+09:00,48400.0,48600.0,48200.0,48550.0,45231.0
2026-07-22 10:30:00+09:00,48550.0,48700.0,47900.0,48400.0,39675.0
2026-07-22 10:40:00+09:00,48400.0,48700.0,47750.0,48700.0,25917.0
2026-07-22 10:50:00+09:00,48700.0,48750.0,48350.0,48600.0,20289.0
2026-07-22 11:00:00+09:00,48550.0,48700.0,48200.0,48250.0,20934.0
2026-07-22 11:10:00+09:00,48250.0,48400.0,48200.0,48200.0,7972.0
2026-07-22 11:20:00+09:00,48250.0,48350.0,48100.0,48100.0,15408.0
2026-07-22 11:30:00+09:00,48100.0,48100.0,47600.0,47900.0,22110.0
2026-07-22 11:40:00+09:00,47900.0,48050.0,47900.0,48000.0,9639.0
2026-07-22 11:50:00+09:00,48000.0,48050.0,47850.0,47900.0,10296.0
2026-07-22 12:00:00+09:00,47950.0,47950.0,47500.0,47675.0,32654.0
2026-07-22 12:10:00+09:00,47650.0,47650.0,47450.0,47600.0,10661.0
2026-07-22 12:20:00+09:00,47550.0,48100.0,47550.0,48050.0,10322.0
2026-07-22 12:30:00+09:00,48100.0,48100.0,47800.0,47850.0,10629.0
2026-07-22 12:40:00+09:00,47850.0,48200.0,47800.0,48200.0,8616.0
2026-07-22 12:50:00+09:00,48200.0,48200.0,47800.0,48000.0,10380.0
2026-07-22 13:00:00+09:00,48000.0,48050.0,47800.0,47950.0,10942.0
2026-07-22 13:10:00+09:00,47925.0,48000.0,47750.0,47900.0,10167.0
2026-07-22 13:20:00+09:00,47900.0,47950.0,47750.0,47800.0,8399.0
2026-07-22 13:30:00+09:00,47800.0,47850.0,47700.0,47750.0,12565.0
2026-07-22 13:40:00+09:00,47700.0,47750.0,47450.0,47450.0,20995.0
2026-07-22 13:50:00+09:00,47450.0,47500.0,47150.0,47400.0,14557.0
2026-07-22 14:00:00+09:00,47350.0,47400.0,46950.0,46950.0,14016.0
2026-07-22 14:10:00+09:00,46950.0,47000.0,46800.0,46950.0,12788.0
2026-07-22 14:20:00+09:00,47000.0,47000.0,46600.0,46800.0,13695.0
2026-07-22 14:30:00+09:00,46800.0,46950.0,46500.0,46550.0,16386.0
2026-07-22 14:40:00+09:00,46550.0,46600.0,46200.0,46400.0,13921.0
2026-07-22 14:50:00+09:00,46400.0,46600.0,46300.0,46400.0,14310.0
2026-07-23 09:00:00+09:00,47000.0,47050.0,45550.0,45950.0,88965.0
2026-07-23 09:10:00+09:00,45950.0,46200.0,45300.0,46200.0,44648.0
2026-07-23 09:20:00+09:00,46150.0,46600.0,46000.0,46600.0,26176.0
2026-07-23 09:30:00+09:00,46650.0,47150.0,46550.0,46600.0,30427.0
2026-07-23 09:40:00+09:00,46600.0,46700.0,46350.0,46500.0,15171.0
2026-07-23 09:50:00+09:00,46500.0,46850.0,46250.0,46700.0,18689.0
2026-07-23 10:00:00+09:00,46700.0,46700.0,46500.0,46650.0,9878.0
2026-07-23 10:10:00+09:00,46650.0,47000.0,46600.0,46650.0,11574.0
2026-07-23 10:20:00+09:00,46650.0,46800.0,46450.0,46650.0,11938.0
2026-07-23 10:30:00+09:00,46650.0,47150.0,46500.0,46800.0,19519.0
2026-07-23 10:40:00+09:00,46800.0,46800.0,46400.0,46400.0,14337.0
2026-07-23 10:50:00+09:00,46425.0,46950.0,46400.0,46650.0,9827.0
2026-07-23 11:00:00+09:00,46650.0,46850.0,46500.0,46650.0,8644.0
2026-07-23 11:10:00+09:00,46650.0,46900.0,46450.0,46700.0,7536.0
2026-07-23 11:20:00+09:00,46650.0,46700.0,46400.0,46450.0,6311.0
2026-07-23 11:30:00+09:00,46450.0,46600.0,46350.0,46400.0,8252.0
2026-07-23 11:40:00+09:00,46400.0,46600.0,46250.0,46550.0,10869.0
2026-07-23 11:50:00+09:00,46550.0,46850.0,46400.0,46700.0,10967.0
2026-07-23 12:00:00+09:00,46750.0,46850.0,46500.0,46600.0,6718.0
2026-07-23 12:10:00+09:00,46600.0,46750.0,46450.0,46700.0,5845.0
2026-07-23 12:20:00+09:00,46750.0,46950.0,46700.0,46900.0,8082.0
2026-07-23 12:30:00+09:00,46900.0,47150.0,46900.0,47150.0,11478.0
2026-07-23 12:40:00+09:00,47150.0,47200.0,47050.0,47200.0,6042.0
2026-07-23 12:50:00+09:00,47150.0,47200.0,47100.0,47150.0,5645.0
2026-07-23 13:00:00+09:00,47150.0,47200.0,46850.0,47100.0,10382.0
2026-07-23 13:10:00+09:00,47100.0,47200.0,47000.0,47000.0,7449.0
2026-07-23 13:20:00+09:00,47050.0,47250.0,47050.0,47150.0,6910.0
2026-07-23 13:30:00+09:00,47175.0,47250.0,47050.0,47100.0,11997.0
2026-07-23 13:40:00+09:00,47050.0,47250.0,47000.0,47200.0,6004.0
2026-07-23 13:50:00+09:00,47200.0,47200.0,46900.0,47050.0,13186.0
2026-07-23 14:00:00+09:00,47100.0,47100.0,46900.0,47000.0,8972.0
2026-07-23 14:10:00+09:00,46950.0,47150.0,46900.0,47150.0,8471.0
2026-07-23 14:20:00+09:00,47150.0,47350.0,47000.0,47300.0,14452.0
2026-07-23 14:30:00+09:00,47325.0,47500.0,47250.0,47250.0,12782.0
2026-07-23 14:40:00+09:00,47250.0,47500.0,47250.0,47250.0,13104.0
2026-07-23 14:50:00+09:00,47250.0,47400.0,47200.0,47400.0,11352.0
2026-07-24 09:00:00+09:00,45900.0,46200.0,45250.0,45250.0,41382.0
2026-07-24 09:10:00+09:00,45300.0,45400.0,44850.0,45050.0,31495.0
2026-07-24 09:20:00+09:00,45050.0,45100.0,44750.0,44750.0,18585.0
2026-07-24 09:30:00+09:00,44750.0,45000.0,44550.0,44950.0,20651.0
2026-07-24 09:40:00+09:00,44950.0,45050.0,44800.0,44850.0,7600.0
2026-07-24 09:50:00+09:00,44850.0,45450.0,44800.0,45250.0,17004.0
2026-07-24 10:00:00+09:00,45250.0,45700.0,45250.0,45550.0,16510.0
2026-07-24 10:10:00+09:00,45575.0,45600.0,45000.0,45050.0,14405.0
2026-07-24 10:20:00+09:00,45050.0,45100.0,44750.0,44850.0,19046.0
2026-07-24 10:30:00+09:00,44800.0,45100.0,44750.0,45000.0,7150.0
2026-07-24 10:40:00+09:00,45050.0,45050.0,44750.0,44850.0,7711.0
2026-07-24 10:50:00+09:00,44800.0,44850.0,44700.0,44750.0,8162.0
2026-07-24 11:00:00+09:00,44750.0,44750.0,44550.0,44650.0,16435.0
2026-07-24 11:10:00+09:00,44650.0,44700.0,44450.0,44450.0,17467.0
2026-07-24 11:20:00+09:00,44450.0,44550.0,44400.0,44450.0,8102.0
2026-07-24 11:30:00+09:00,44450.0,44450.0,44250.0,44350.0,8567.0
2026-07-24 11:40:00+09:00,44300.0,44350.0,44200.0,44250.0,7535.0
2026-07-24 11:50:00+09:00,44250.0,44300.0,43950.0,44000.0,20150.0
2026-07-24 12:00:00+09:00,43950.0,44350.0,43900.0,44250.0,5434.0
2026-07-24 12:10:00+09:00,44300.0,44450.0,44150.0,44350.0,5141.0
2026-07-24 12:20:00+09:00,44300.0,44550.0,44250.0,44550.0,6866.0
2026-07-24 12:30:00+09:00,44550.0,44600.0,44400.0,44600.0,4012.0
2026-07-24 12:40:00+09:00,44600.0,44700.0,44500.0,44600.0,3362.0
2026-07-24 12:50:00+09:00,44650.0,44700.0,44300.0,44350.0,5513.0
2026-07-24 13:00:00+09:00,44400.0,44700.0,44100.0,44600.0,6446.0
2026-07-24 13:10:00+09:00,44550.0,44800.0,44500.0,44800.0,7326.0
2026-07-24 13:20:00+09:00,44800.0,45050.0,44650.0,45000.0,6700.0
2026-07-24 13:30:00+09:00,44950.0,45000.0,44800.0,44900.0,6507.0
2026-07-24 13:40:00+09:00,44950.0,44950.0,44750.0,44750.0,4409.0
2026-07-24 13:50:00+09:00,44750.0,45150.0,44750.0,45050.0,10447.0
2026-07-24 14:00:00+09:00,45100.0,45150.0,44900.0,45050.0,7332.0
2026-07-24 14:10:00+09:00,45100.0,45350.0,44900.0,44950.0,12053.0
2026-07-24 14:20:00+09:00,45000.0,45200.0,44950.0,45000.0,5052.0
2026-07-24 14:30:00+09:00,44950.0,45100.0,44850.0,44950.0,5735.0
2026-07-24 14:40:00+09:00,44900.0,44950.0,44800.0,44800.0,5281.0
2026-07-24 14:50:00+09:00,44850.0,44900.0,44600.0,44650.0,8803.0
2026-07-27 09:00:00+09:00,45450.0,45450.0,44400.0,44750.0,12357.0
2026-07-27 09:10:00+09:00,44700.0,45550.0,44550.0,45300.0,47951.0
2026-07-27 09:20:00+09:00,45250.0,46050.0,45250.0,46050.0,26260.0
2026-07-27 09:30:00+09:00,46100.0,46350.0,45900.0,46050.0,18539.0
2026-07-27 09:40:00+09:00,46050.0,46400.0,45900.0,46300.0,19198.0
2026-07-27 09:50:00+09:00,46250.0,46600.0,46250.0,46300.0,21779.0
2026-07-27 10:00:00+09:00,46300.0,46400.0,45850.0,45950.0,19055.0
2026-07-27 10:10:00+09:00,45950.0,45950.0,45250.0,45400.0,19326.0
2026-07-27 10:20:00+09:00,45400.0,45400.0,45100.0,45200.0,16790.0
2026-07-27 10:30:00+09:00,45200.0,45700.0,45200.0,45650.0,13079.0
2026-07-27 10:40:00+09:00,45700.0,45700.0,45250.0,45550.0,18559.0
2026-07-27 10:50:00+09:00,45550.0,45600.0,45150.0,45600.0,14418.0
2026-07-27 11:00:00+09:00,45600.0,45650.0,45200.0,45350.0,8640.0
2026-07-27 11:10:00+09:00,45400.0,45400.0,45250.0,45350.0,7310.0
2026-07-27 11:20:00+09:00,45350.0,45350.0,45150.0,45350.0,9408.0
2026-07-27 11:30:00+09:00,45300.0,45350.0,45050.0,45200.0,12777.0
2026-07-27 11:40:00+09:00,45200.0,45250.0,44950.0,45050.0,12098.0
2026-07-27 11:50:00+09:00,45000.0,45050.0,45000.0,45000.0,2103.0
2026-07-27 12:00:00+09:00,45000.0,45000.0,44750.0,44800.0,9294.0
2026-07-27 12:10:00+09:00,44800.0,45100.0,44750.0,45050.0,4879.0
2026-07-27 12:20:00+09:00,45050.0,45150.0,44950.0,45000.0,6532.0
2026-07-27 12:30:00+09:00,45000.0,45000.0,44800.0,44950.0,6071.0
2026-07-27 12:40:00+09:00,44900.0,45000.0,44800.0,44800.0,6708.0
2026-07-27 12:50:00+09:00,44800.0,44800.0,44650.0,44800.0,6320.0
2026-07-27 13:00:00+09:00,44850.0,44900.0,44800.0,44850.0,3019.0
2026-07-27 13:10:00+09:00,44800.0,45100.0,44800.0,45050.0,4203.0
2026-07-27 13:20:00+09:00,45050.0,45300.0,44950.0,45000.0,7206.0
2026-07-27 13:30:00+09:00,45100.0,45100.0,45000.0,45050.0,4076.0
2026-07-27 13:40:00+09:00,45100.0,45250.0,45050.0,45200.0,4626.0
2026-07-27 13:50:00+09:00,45150.0,45200.0,45000.0,45050.0,8611.0
2026-07-27 14:00:00+09:00,45050.0,45250.0,45000.0,45250.0,5673.0
2026-07-27 14:10:00+09:00,45200.0,45300.0,45000.0,45100.0,7913.0
2026-07-27 14:20:00+09:00,45100.0,45250.0,45100.0,45200.0,8103.0
2026-07-27 14:30:00+09:00,45250.0,45250.0,45100.0,45250.0,5791.0
2026-07-27 14:40:00+09:00,45250.0,45250.0,45100.0,45150.0,6999.0
2026-07-27 14:50:00+09:00,45150.0,45200.0,44800.0,44850.0,18287.0
2026-07-28 09:00:00+09:00,43700.0,43700.0,42700.0,43050.0,31577.0
2026-07-28 09:10:00+09:00,43000.0,43050.0,42550.0,42550.0,30107.0
2026-07-28 09:20:00+09:00,42650.0,42650.0,42100.0,42150.0,20614.0
2026-07-28 09:30:00+09:00,42150.0,42300.0,41750.0,41850.0,26162.0
2026-07-28 09:40:00+09:00,41850.0,41850.0,41400.0,41650.0,25413.0
2026-07-28 09:50:00+09:00,41650.0,41650.0,41350.0,41500.0,11629.0
2026-07-28 10:00:00+09:00,41500.0,41800.0,41450.0,41450.0,8757.0
2026-07-28 10:10:00+09:00,41450.0,41500.0,41250.0,41250.0,9232.0
2026-07-28 10:40:00+09:00,41250.0,41750.0,41250.0,41650.0,14023.0
2026-07-28 10:50:00+09:00,41650.0,41650.0,41200.0,41300.0,18291.0
2026-07-28 11:00:00+09:00,41350.0,41350.0,41150.0,41350.0,15037.0
2026-07-28 11:10:00+09:00,41300.0,41550.0,41300.0,41400.0,10577.0
2026-07-28 11:20:00+09:00,41500.0,41700.0,41350.0,41400.0,9989.0
2026-07-28 11:30:00+09:00,41350.0,41400.0,41000.0,41200.0,23743.0
2026-07-28 11:40:00+09:00,41150.0,41200.0,40800.0,41000.0,17217.0
2026-07-28 11:50:00+09:00,41000.0,41200.0,40900.0,41000.0,5954.0
2026-07-28 12:00:00+09:00,40950.0,41000.0,40750.0,40800.0,10085.0
2026-07-28 12:10:00+09:00,40800.0,41150.0,40750.0,41050.0,9397.0
2026-07-28 12:20:00+09:00,41000.0,41200.0,40800.0,40850.0,7050.0
2026-07-28 12:30:00+09:00,40900.0,41200.0,40750.0,41100.0,5599.0
2026-07-28 12:40:00+09:00,41100.0,41250.0,41000.0,41100.0,6733.0
2026-07-28 12:50:00+09:00,41050.0,41350.0,41050.0,41150.0,6286.0
2026-07-28 13:00:00+09:00,41150.0,41150.0,40950.0,41000.0,5300.0
2026-07-28 13:10:00+09:00,41000.0,41250.0,40950.0,41050.0,7613.0
2026-07-28 13:20:00+09:00,41050.0,41050.0,40850.0,40900.0,16566.0
2026-07-28 13:30:00+09:00,40900.0,40900.0,40650.0,40850.0,15275.0
2026-07-28 13:40:00+09:00,40800.0,41050.0,40750.0,40875.0,5705.0
2026-07-28 13:50:00+09:00,40875.0,40900.0,40750.0,40850.0,5615.0
2026-07-28 14:00:00+09:00,40850.0,41000.0,40800.0,40900.0,4523.0
2026-07-28 14:10:00+09:00,40900.0,40900.0,40650.0,40700.0,13873.0
2026-07-28 14:20:00+09:00,40700.0,40700.0,40450.0,40500.0,22683.0
2026-07-28 14:30:00+09:00,40600.0,40600.0,40400.0,40500.0,14767.0
2026-07-28 14:40:00+09:00,40450.0,40650.0,40400.0,40500.0,12225.0
2026-07-28 14:50:00+09:00,40500.0,40700.0,40450.0,40550.0,7364.0
2026-07-29 09:00:00+09:00,41600.0,43400.0,41300.0,43050.0,72810.0
2026-07-29 09:10:00+09:00,43050.0,43250.0,42600.0,42650.0,34282.0
2026-07-29 09:20:00+09:00,42650.0,42800.0,41800.0,41900.0,31941.0
2026-07-29 09:30:00+09:00,41950.0,42350.0,41450.0,42050.0,21494.0
2026-07-29 09:40:00+09:00,42100.0,42300.0,41900.0,41950.0,17595.0
2026-07-29 09:50:00+09:00,41900.0,42200.0,41650.0,41750.0,16611.0
2026-07-29 10:00:00+09:00,41750.0,42150.0,41700.0,41850.0,14278.0
2026-07-29 10:10:00+09:00,41850.0,41900.0,41400.0,41500.0,20891.0
2026-07-29 10:20:00+09:00,41500.0,42000.0,41500.0,41950.0,14452.0
2026-07-29 10:30:00+09:00,41850.0,41900.0,41450.0,41500.0,13408.0
2026-07-29 10:40:00+09:00,41500.0,41500.0,40650.0,40700.0,29708.0
2026-07-29 10:50:00+09:00,40750.0,40750.0,40200.0,40300.0,20146.0
2026-07-29 11:00:00+09:00,40300.0,40500.0,39500.0,39900.0,43944.0
2026-07-29 11:10:00+09:00,39900.0,40500.0,39550.0,39750.0,17379.0
2026-07-29 11:20:00+09:00,39800.0,40500.0,39650.0,40350.0,23040.0
2026-07-29 11:30:00+09:00,40350.0,40350.0,39450.0,39550.0,20124.0
2026-07-29 11:40:00+09:00,39500.0,39650.0,39150.0,39150.0,11490.0
2026-07-29 11:50:00+09:00,39200.0,39350.0,38950.0,39200.0,17331.0
2026-07-29 12:00:00+09:00,39200.0,40000.0,38850.0,39750.0,21970.0
2026-07-29 12:10:00+09:00,39750.0,39950.0,38900.0,39000.0,11532.0
2026-07-29 12:20:00+09:00,39000.0,39350.0,39000.0,39100.0,7040.0
2026-07-29 12:30:00+09:00,39050.0,39150.0,39000.0,39100.0,2127.0
2026-07-29 13:00:00+09:00,39100.0,39200.0,38600.0,38800.0,24623.0
2026-07-29 13:10:00+09:00,38750.0,38900.0,38000.0,38250.0,28082.0
2026-07-29 13:20:00+09:00,38250.0,38450.0,37800.0,37900.0,28827.0
2026-07-29 13:30:00+09:00,37850.0,38200.0,37600.0,37950.0,35165.0
2026-07-29 13:40:00+09:00,37950.0,38100.0,37700.0,38000.0,13824.0
2026-07-29 13:50:00+09:00,38000.0,38800.0,38000.0,38800.0,17259.0
2026-07-29 14:00:00+09:00,38775.0,39000.0,38650.0,38900.0,13578.0
2026-07-29 14:10:00+09:00,38950.0,39350.0,38650.0,38800.0,15671.0
2026-07-29 14:20:00+09:00,38850.0,39150.0,38700.0,39150.0,14128.0
2026-07-29 14:30:00+09:00,39100.0,39400.0,38850.0,39300.0,11999.0
2026-07-29 14:40:00+09:00,39250.0,39350.0,38700.0,38850.0,15842.0
2026-07-29 14:50:00+09:00,38850.0,39000.0,38550.0,38750.0,25985.0
2026-07-30 09:00:00+09:00,37950.0,40000.0,37950.0,39800.0,59622.0
2026-07-30 09:10:00+09:00,39800.0,40150.0,39450.0,39900.0,45934.0
2026-07-30 09:20:00+09:00,39900.0,39950.0,39100.0,39350.0,34091.0
2026-07-30 09:30:00+09:00,39350.0,39350.0,38700.0,38950.0,38453.0
2026-07-30 09:40:00+09:00,38950.0,39000.0,38450.0,39000.0,24455.0
2026-07-30 09:50:00+09:00,39000.0,39250.0,38700.0,39000.0,21091.0
2026-07-30 10:00:00+09:00,39000.0,40000.0,38900.0,39950.0,28099.0
2026-07-30 10:10:00+09:00,39900.0,40300.0,39500.0,40100.0,29124.0
2026-07-30 10:20:00+09:00,40100.0,40700.0,40050.0,40650.0,22369.0
2026-07-30 10:30:00+09:00,40650.0,41750.0,40650.0,41600.0,59910.0
2026-07-30 10:40:00+09:00,41600.0,42100.0,41500.0,41950.0,28852.0
2026-07-30 10:50:00+09:00,42000.0,42000.0,41600.0,41650.0,17643.0
2026-07-30 11:00:00+09:00,41650.0,42150.0,41450.0,41450.0,25559.0
2026-07-30 11:10:00+09:00,41500.0,41500.0,40850.0,40900.0,20512.0
2026-07-30 11:20:00+09:00,40900.0,41100.0,40650.0,40850.0,11803.0
2026-07-30 11:30:00+09:00,40850.0,40850.0,40550.0,40650.0,9204.0
2026-07-30 11:40:00+09:00,40650.0,40900.0,40500.0,40750.0,9946.0
2026-07-30 11:50:00+09:00,40700.0,40850.0,40150.0,40250.0,17742.0
2026-07-30 12:00:00+09:00,40150.0,40500.0,40050.0,40100.0,9534.0
2026-07-30 12:10:00+09:00,40150.0,40150.0,39800.0,39850.0,17290.0
2026-07-30 12:20:00+09:00,39900.0,40000.0,39750.0,39900.0,10041.0
2026-07-30 12:30:00+09:00,39950.0,40300.0,39850.0,40000.0,11028.0
2026-07-30 12:40:00+09:00,39950.0,40400.0,39950.0,40350.0,11733.0
2026-07-30 12:50:00+09:00,40400.0,40450.0,40150.0,40150.0,6795.0
2026-07-30 13:00:00+09:00,40200.0,40300.0,40000.0,40050.0,7328.0
2026-07-30 13:10:00+09:00,40000.0,40100.0,39500.0,39500.0,20570.0
2026-07-30 13:20:00+09:00,39700.0,40350.0,39550.0,40350.0,9828.0
2026-07-30 13:30:00+09:00,40300.0,40450.0,40050.0,40100.0,11105.0
2026-07-30 13:40:00+09:00,40100.0,40150.0,39750.0,39900.0,13532.0
2026-07-30 13:50:00+09:00,39900.0,40050.0,39800.0,39850.0,6912.0
2026-07-30 14:00:00+09:00,39850.0,40050.0,39800.0,39900.0,9553.0
2026-07-30 14:10:00+09:00,39900.0,40050.0,39650.0,40000.0,22550.0
2026-07-30 14:20:00+09:00,40000.0,40100.0,39750.0,39800.0,9335.0
2026-07-30 14:30:00+09:00,39750.0,39900.0,39600.0,39800.0,10153.0
2026-07-30 14:40:00+09:00,39800.0,40300.0,39750.0,39850.0,15055.0
2026-07-30 14:50:00+09:00,39900.0,40000.0,39550.0,39800.0,26255.0
2026-07-31 09:00:00+09:00,41900.0,42200.0,40850.0,41200.0,43542.0
2026-07-31 09:10:00+09:00,41250.0,42500.0,41250.0,42350.0,37270.0
2026-07-31 09:20:00+09:00,42350.0,42400.0,41400.0,42100.0,28077.0
2026-07-31 09:30:00+09:00,42050.0,42550.0,42050.0,42500.0,19720.0
2026-07-31 09:40:00+09:00,42450.0,43550.0,42400.0,43000.0,63427.0
2026-07-31 09:50:00+09:00,43100.0,43950.0,43000.0,43900.0,31079.0
2026-07-31 10:00:00+09:00,43950.0,44500.0,43750.0,44450.0,28200.0
2026-07-31 10:10:00+09:00,44500.0,44550.0,44150.0,44400.0,24126.0
2026-07-31 10:20:00+09:00,44400.0,44700.0,43900.0,44000.0,27756.0
2026-07-31 10:30:00+09:00,44150.0,44450.0,42900.0,43950.0,22622.0
2026-07-31 10:40:00+09:00,43950.0,44000.0,43150.0,43500.0,19903.0
2026-07-31 10:50:00+09:00,43500.0,43550.0,43150.0,43400.0,11893.0
2026-07-31 11:00:00+09:00,43400.0,43500.0,42800.0,43050.0,11939.0
2026-07-31 11:10:00+09:00,43050.0,43150.0,42750.0,42900.0,7101.0
2026-07-31 11:20:00+09:00,42850.0,43300.0,42850.0,43250.0,6216.0
2026-07-31 11:30:00+09:00,43250.0,43300.0,42900.0,43050.0,7254.0
2026-07-31 11:40:00+09:00,43000.0,43050.0,42900.0,42950.0,5026.0
2026-07-31 11:50:00+09:00,42950.0,42950.0,42800.0,42950.0,5474.0
2026-07-31 12:00:00+09:00,42950.0,43000.0,42750.0,42950.0,6458.0
2026-07-31 12:10:00+09:00,42900.0,42950.0,42700.0,42800.0,5923.0
2026-07-31 12:20:00+09:00,42850.0,43000.0,42700.0,42700.0,5286.0
2026-07-31 12:30:00+09:00,42750.0,42800.0,42600.0,42800.0,7877.0
2026-07-31 12:40:00+09:00,42800.0,43000.0,42750.0,42800.0,4657.0
2026-07-31 12:50:00+09:00,42800.0,42900.0,42700.0,42750.0,3959.0
2026-07-31 13:00:00+09:00,42750.0,42800.0,42650.0,42750.0,4143.0
2026-07-31 13:10:00+09:00,42800.0,43000.0,42650.0,43000.0,5544.0
2026-07-31 13:20:00+09:00,42950.0,43100.0,42850.0,43100.0,6563.0
2026-07-31 13:30:00+09:00,43100.0,43100.0,42800.0,43000.0,6841.0
2026-07-31 13:40:00+09:00,43000.0,43450.0,43000.0,43350.0,7316.0
2026-07-31 13:50:00+09:00,43350.0,43500.0,43200.0,43400.0,5547.0
2026-07-31 14:00:00+09:00,43400.0,43450.0,43150.0,43200.0,6553.0
2026-07-31 14:10:00+09:00,43200.0,43350.0,43050.0,43300.0,10415.0
2026-07-31 14:20:00+09:00,43300.0,43900.0,43250.0,43900.0,7577.0
2026-07-31 14:30:00+09:00,43900.0,44350.0,43500.0,43750.0,16930.0
2026-07-31 14:40:00+09:00,43750.0,44350.0,43750.0,44300.0,13554.0
2026-07-31 14:50:00+09:00,44250.0,44300.0,44050.0,44250.0,11025.0
2026-08-03 09:00:00+09:00,44200.0,48500.0,44100.0,47150.0,63231.0
2026-08-03 09:10:00+09:00,47150.0,48600.0,46300.0,48600.0,151225.0
2026-08-03 09:20:00+09:00,48600.0,49000.0,48000.0,48500.0,133758.0
2026-08-03 09:30:00+09:00,48500.0,48750.0,47500.0,47500.0,78594.0
2026-08-03 09:40:00+09:00,47550.0,47850.0,46750.0,47200.0,41717.0
2026-08-03 09:50:00+09:00,47200.0,47850.0,47000.0,47450.0,50961.0
2026-08-03 10:00:00+09:00,47450.0,47800.0,47150.0,47700.0,19894.0
2026-08-03 10:10:00+09:00,47650.0,47750.0,47000.0,47650.0,23496.0
2026-08-03 10:20:00+09:00,47650.0,48250.0,47600.0,47950.0,27141.0
2026-08-03 10:30:00+09:00,47950.0,48000.0,47300.0,47500.0,24137.0
2026-08-03 10:40:00+09:00,47500.0,47950.0,47450.0,47600.0,37338.0
2026-08-03 10:50:00+09:00,47600.0,48050.0,47450.0,47750.0,22609.0
2026-08-03 11:00:00+09:00,47750.0,47900.0,47500.0,47700.0,11519.0
2026-08-03 11:10:00+09:00,47700.0,48150.0,47650.0,48100.0,14008.0
2026-08-03 11:20:00+09:00,48100.0,48150.0,47800.0,47800.0,11173.0
2026-08-03 11:30:00+09:00,47750.0,48050.0,47750.0,47950.0,9200.0
2026-08-03 11:40:00+09:00,47950.0,48000.0,47450.0,47650.0,31729.0
2026-08-03 11:50:00+09:00,47650.0,47950.0,47600.0,47700.0,10027.0
2026-08-03 12:00:00+09:00,47700.0,47800.0,47350.0,47500.0,7376.0
2026-08-03 12:10:00+09:00,47500.0,47550.0,47350.0,47500.0,5652.0
2026-08-03 12:20:00+09:00,47450.0,47500.0,47200.0,47350.0,10218.0
2026-08-03 12:30:00+09:00,47300.0,47400.0,47100.0,47400.0,13556.0
2026-08-03 12:40:00+09:00,47350.0,47650.0,47350.0,47600.0,9937.0
2026-08-03 12:50:00+09:00,47600.0,47750.0,47450.0,47600.0,9633.0
2026-08-03 13:00:00+09:00,47550.0,47800.0,47450.0,47650.0,10993.0
2026-08-03 13:10:00+09:00,47650.0,47800.0,47500.0,47750.0,6877.0
2026-08-03 13:20:00+09:00,47750.0,47800.0,47450.0,47450.0,7644.0
2026-08-03 13:30:00+09:00,47500.0,47500.0,47050.0,47100.0,12992.0
2026-08-03 13:40:00+09:00,47050.0,47100.0,46900.0,47050.0,9527.0
2026-08-03 13:50:00+09:00,47050.0,47050.0,46650.0,46650.0,9114.0
2026-08-03 14:00:00+09:00,46700.0,47050.0,46650.0,46800.0,10468.0
2026-08-03 14:10:00+09:00,46800.0,46900.0,46600.0,46650.0,10260.0
2026-08-03 14:20:00+09:00,46700.0,47000.0,46650.0,46800.0,8556.0
2026-08-03 14:30:00+09:00,46800.0,46950.0,46750.0,46800.0,6274.0
2026-08-03 14:40:00+09:00,46800.0,46900.0,46650.0,46800.0,13171.0
2026-08-03 14:50:00+09:00,46750.0,46800.0,46500.0,46600.0,10269.0
2026-08-04 09:00:00+09:00,46800.0,47350.0,45700.0,47250.0,84142.0
2026-08-04 09:10:00+09:00,47250.0,47800.0,46900.0,47275.0,69131.0
2026-08-04 09:20:00+09:00,47250.0,47700.0,46900.0,46950.0,28932.0
2026-08-04 09:30:00+09:00,46950.0,47000.0,46150.0,46350.0,27354.0
2026-08-04 09:40:00+09:00,46400.0,46750.0,46150.0,46350.0,17189.0
2026-08-04 09:50:00+09:00,46350.0,46550.0,46200.0,46250.0,13060.0
2026-08-04 10:00:00+09:00,46250.0,47200.0,46150.0,47000.0,21607.0
2026-08-04 10:10:00+09:00,47050.0,47425.0,46800.0,47100.0,21150.0
2026-08-04 10:20:00+09:00,47050.0,47350.0,46900.0,47200.0,16455.0
2026-08-04 10:30:00+09:00,47200.0,47200.0,46950.0,47000.0,9209.0
2026-08-04 10:40:00+09:00,46950.0,47500.0,46900.0,47450.0,20988.0
2026-08-04 10:50:00+09:00,47500.0,47800.0,47400.0,47400.0,16640.0
2026-08-04 11:00:00+09:00,47450.0,47500.0,46900.0,47050.0,10225.0
2026-08-04 11:10:00+09:00,47100.0,47100.0,46850.0,47050.0,36147.0
2026-08-04 11:20:00+09:00,47100.0,47200.0,47000.0,47100.0,4931.0
2026-08-04 11:30:00+09:00,47150.0,47350.0,47050.0,47300.0,4560.0
2026-08-04 11:40:00+09:00,47300.0,47450.0,47050.0,47400.0,9829.0
2026-08-04 11:50:00+09:00,47400.0,47400.0,47250.0,47250.0,3330.0
2026-08-04 12:00:00+09:00,47250.0,47450.0,47250.0,47250.0,5329.0
2026-08-04 12:10:00+09:00,47250.0,47300.0,47100.0,47300.0,18615.0
2026-08-04 12:20:00+09:00,47300.0,47600.0,47300.0,47500.0,5043.0
2026-08-04 12:30:00+09:00,47500.0,47650.0,47350.0,47350.0,4471.0
2026-08-04 12:40:00+09:00,47400.0,47450.0,47200.0,47250.0,2300.0
2026-08-04 12:50:00+09:00,47300.0,47450.0,47250.0,47400.0,6924.0
2026-08-04 13:00:00+09:00,47400.0,47500.0,47350.0,47450.0,4747.0
2026-08-04 13:10:00+09:00,47450.0,47550.0,47250.0,47550.0,5499.0
2026-08-04 13:20:00+09:00,47550.0,47550.0,47400.0,47550.0,3762.0
2026-08-04 13:30:00+09:00,47500.0,47550.0,47375.0,47400.0,3556.0
2026-08-04 13:40:00+09:00,47400.0,47950.0,47400.0,47800.0,12414.0
2026-08-04 13:50:00+09:00,47800.0,48200.0,47800.0,47950.0,19281.0
2026-08-04 14:00:00+09:00,47950.0,48000.0,47700.0,47975.0,6571.0
2026-08-04 14:10:00+09:00,47975.0,48300.0,47650.0,48300.0,14214.0
2026-08-04 14:20:00+09:00,48300.0,48450.0,48250.0,48350.0,11899.0
2026-08-04 14:30:00+09:00,48400.0,48450.0,48150.0,48350.0,15639.0
2026-08-04 14:40:00+09:00,48350.0,48400.0,48250.0,48300.0,10037.0
2026-08-04 14:50:00+09:00,48350.0,48650.0,48300.0,48600.0,18782.0
2026-08-05 09:00:00+09:00,49200.0,49700.0,48700.0,48850.0,62861.0
2026-08-05 09:10:00+09:00,48850.0,50100.0,48650.0,50000.0,78632.0
2026-08-05 09:20:00+09:00,49950.0,50600.0,49950.0,50300.0,67951.0
2026-08-05 09:30:00+09:00,50400.0,50900.0,50300.0,50800.0,53236.0
2026-08-05 09:40:00+09:00,50800.0,50800.0,50300.0,50400.0,20583.0
2026-08-05 09:50:00+09:00,50400.0,51200.0,50200.0,51200.0,81814.0
2026-08-05 10:00:00+09:00,51200.0,51800.0,51000.0,51600.0,65665.0
2026-08-05 10:10:00+09:00,51500.0,51900.0,50800.0,50800.0,35312.0
2026-08-05 10:20:00+09:00,50800.0,51300.0,50600.0,50900.0,22177.0
2026-08-05 10:30:00+09:00,51000.0,51100.0,50600.0,50800.0,15338.0
2026-08-05 10:40:00+09:00,50900.0,50900.0,50300.0,50600.0,16844.0
2026-08-05 10:50:00+09:00,50600.0,50600.0,50100.0,50100.0,17679.0
2026-08-05 11:00:00+09:00,50200.0,50500.0,50100.0,50100.0,11996.0
2026-08-05 11:10:00+09:00,50200.0,50300.0,49950.0,50200.0,24800.0
2026-08-05 11:20:00+09:00,50200.0,50400.0,50000.0,50100.0,8429.0
2026-08-05 11:30:00+09:00,50200.0,50400.0,50100.0,50200.0,8335.0
2026-08-05 11:40:00+09:00,50300.0,50400.0,50100.0,50100.0,8593.0
2026-08-05 11:50:00+09:00,50300.0,50300.0,50100.0,50300.0,3279.0
2026-08-05 12:00:00+09:00,50300.0,50400.0,50200.0,50300.0,7711.0
2026-08-05 12:10:00+09:00,50400.0,50400.0,50200.0,50200.0,5098.0
2026-08-05 12:20:00+09:00,50100.0,50300.0,50000.0,50000.0,5576.0
2026-08-05 12:30:00+09:00,50000.0,50300.0,50000.0,50200.0,12082.0
2026-08-05 12:40:00+09:00,50200.0,50300.0,50100.0,50200.0,5503.0
2026-08-05 12:50:00+09:00,50100.0,50200.0,50100.0,50200.0,3550.0
2026-08-05 13:00:00+09:00,50200.0,50200.0,50100.0,50200.0,5726.0
2026-08-05 13:10:00+09:00,50100.0,50500.0,50100.0,50300.0,16168.0
2026-08-05 13:20:00+09:00,50300.0,50400.0,50200.0,50300.0,8408.0
2026-08-05 13:30:00+09:00,50400.0,50500.0,50300.0,50400.0,5886.0
2026-08-05 13:40:00+09:00,50500.0,50600.0,50300.0,50300.0,16789.0
2026-08-05 13:50:00+09:00,50350.0,50500.0,50300.0,50400.0,8854.0
2026-08-05 14:00:00+09:00,50300.0,50600.0,50300.0,50400.0,7232.0
2026-08-05 14:10:00+09:00,50500.0,50800.0,50400.0,50600.0,12615.0
2026-08-05 14:20:00+09:00,50700.0,50700.0,50400.0,50600.0,11292.0
2026-08-05 14:30:00+09:00,50500.0,50700.0,50400.0,50500.0,11113.0
2026-08-05 14:40:00+09:00,50600.0,50900.0,50500.0,50800.0,12568.0
2026-08-05 14:50:00+09:00,50900.0,50900.0,50700.0,50900.0,12494.0
2026-08-06 09:00:00+09:00,51300.0,52700.0,51000.0,51200.0,114650.0
2026-08-06 09:10:00+09:00,51100.0,51300.0,50600.0,50700.0,29499.0
2026-08-06 09:20:00+09:00,50800.0,50900.0,50000.0,50300.0,21900.0
2026-08-06 09:30:00+09:00,50300.0,51200.0,50000.0,51200.0,15384.0
2026-08-06 09:40:00+09:00,51100.0,51500.0,50800.0,51200.0,18574.0
2026-08-06 09:50:00+09:00,51200.0,51200.0,50800.0,50800.0,9232.0
2026-08-06 10:00:00+09:00,50800.0,50900.0,50400.0,50500.0,11642.0
2026-08-06 10:10:00+09:00,50500.0,50700.0,50200.0,50300.0,14505.0
2026-08-06 10:20:00+09:00,50300.0,50400.0,49700.0,49950.0,20332.0
2026-08-06 10:30:00+09:00,50000.0,50600.0,49950.0,50400.0,10986.0
2026-08-06 10:40:00+09:00,50400.0,50800.0,50300.0,50700.0,8357.0
2026-08-06 10:50:00+09:00,50700.0,50900.0,50500.0,50500.0,10377.0
2026-08-06 11:00:00+09:00,50500.0,50800.0,50500.0,50800.0,6103.0
2026-08-06 11:10:00+09:00,50800.0,51000.0,50700.0,50900.0,8584.0
2026-08-06 11:20:00+09:00,50800.0,51200.0,50800.0,51000.0,9207.0
2026-08-06 11:30:00+09:00,51100.0,51200.0,51000.0,51200.0,5457.0
2026-08-06 11:40:00+09:00,51200.0,51400.0,51150.0,51400.0,10059.0
2026-08-06 11:50:00+09:00,51400.0,51500.0,51300.0,51400.0,7027.0
2026-08-06 12:00:00+09:00,51400.0,51500.0,51100.0,51300.0,6303.0
2026-08-06 12:10:00+09:00,51300.0,51300.0,51100.0,51200.0,3489.0
2026-08-06 12:20:00+09:00,51200.0,51200.0,50700.0,50800.0,6137.0
2026-08-06 12:30:00+09:00,50800.0,51000.0,50300.0,51000.0,7410.0
2026-08-06 12:40:00+09:00,51000.0,51200.0,51000.0,51100.0,4777.0
2026-08-06 12:50:00+09:00,51100.0,51100.0,50700.0,51000.0,4373.0
2026-08-06 13:00:00+09:00,51000.0,51000.0,50700.0,50900.0,3549.0
2026-08-06 13:10:00+09:00,50900.0,51000.0,50700.0,50900.0,2925.0
2026-08-06 13:20:00+09:00,50900.0,51200.0,50800.0,51100.0,5602.0
2026-08-06 13:30:00+09:00,51100.0,51300.0,51100.0,51100.0,7272.0
2026-08-06 13:40:00+09:00,51100.0,51100.0,50900.0,51000.0,5051.0
2026-08-06 13:50:00+09:00,51100.0,51400.0,51000.0,51400.0,14779.0
2026-08-06 14:00:00+09:00,51400.0,52400.0,51100.0,52100.0,47356.0
2026-08-06 14:10:00+09:00,51900.0,52000.0,51300.0,51400.0,11857.0
2026-08-06 14:20:00+09:00,51400.0,51600.0,51300.0,51400.0,7320.0
2026-08-06 14:30:00+09:00,51400.0,51400.0,50900.0,50900.0,5139.0
2026-08-06 14:40:00+09:00,50950.0,51300.0,50800.0,50900.0,8218.0
2026-08-06 14:50:00+09:00,50800.0,51100.0,50700.0,51100.0,7520.0
2026-08-07 09:00:00+09:00,51200.0,51500.0,50500.0,51400.0,19107.0
2026-08-07 09:10:00+09:00,51400.0,51500.0,50300.0,50550.0,24584.0
2026-08-07 09:20:00+09:00,50500.0,50550.0,49950.0,50350.0,22144.0
2026-08-07 09:30:00+09:00,50300.0,51000.0,50300.0,50700.0,10184.0
2026-08-07 09:40:00+09:00,50800.0,51200.0,50700.0,50900.0,12773.0
2026-08-07 09:50:00+09:00,50800.0,51200.0,50800.0,51200.0,8400.0
2026-08-07 10:00:00+09:00,51200.0,51200.0,50900.0,50900.0,8716.0
2026-08-07 10:10:00+09:00,50900.0,51000.0,50500.0,50500.0,12063.0
2026-08-07 10:20:00+09:00,50500.0,50700.0,50200.0,50500.0,19519.0
2026-08-07 10:30:00+09:00,50500.0,50600.0,49850.0,49900.0,15365.0
2026-08-07 10:40:00+09:00,49900.0,50400.0,49800.0,50200.0,11289.0
2026-08-07 10:50:00+09:00,50300.0,50500.0,50100.0,50400.0,6557.0
2026-08-07 11:00:00+09:00,50300.0,50600.0,50200.0,50300.0,10307.0
2026-08-07 11:10:00+09:00,50400.0,50800.0,50300.0,50700.0,9431.0
2026-08-07 11:20:00+09:00,50700.0,50700.0,50300.0,50500.0,4634.0
2026-08-07 11:30:00+09:00,50500.0,50500.0,50300.0,50400.0,2496.0
2026-08-07 11:40:00+09:00,50300.0,50800.0,50300.0,50800.0,6220.0
2026-08-07 11:50:00+09:00,50800.0,50900.0,50600.0,50700.0,2946.0
2026-08-07 12:00:00+09:00,50700.0,50900.0,50600.0,50800.0,4260.0
2026-08-07 12:10:00+09:00,50800.0,50800.0,50500.0,50600.0,3708.0
2026-08-07 12:20:00+09:00,50600.0,50600.0,50400.0,50600.0,2952.0
2026-08-07 12:30:00+09:00,50600.0,50900.0,50600.0,50700.0,2636.0
2026-08-07 12:40:00+09:00,50800.0,50800.0,50400.0,50600.0,3162.0
2026-08-07 12:50:00+09:00,50600.0,50600.0,50300.0,50400.0,5649.0
2026-08-07 13:00:00+09:00,50400.0,50700.0,50200.0,50400.0,6009.0
2026-08-07 13:10:00+09:00,50400.0,50500.0,50200.0,50300.0,4389.0
2026-08-07 13:20:00+09:00,50200.0,50600.0,50200.0,50400.0,6940.0
2026-08-07 13:30:00+09:00,50300.0,50600.0,50300.0,50400.0,4558.0
2026-08-07 13:40:00+09:00,50300.0,50500.0,50200.0,50300.0,5249.0
2026-08-07 13:50:00+09:00,50500.0,50500.0,50200.0,50500.0,7195.0
2026-08-07 14:00:00+09:00,50500.0,50800.0,50500.0,50800.0,6352.0
2026-08-07 14:10:00+09:00,50700.0,50800.0,50600.0,50700.0,3917.0
2026-08-07 14:20:00+09:00,50700.0,50700.0,50500.0,50600.0,6351.0
2026-08-07 14:30:00+09:00,50500.0,50700.0,50200.0,50500.0,9368.0
2026-08-07 14:40:00+09:00,50400.0,50600.0,50400.0,50500.0,3820.0
2026-08-07 14:50:00+09:00,50500.0,50500.0,50400.0,50500.0,6768.0
2026-08-10 09:00:00+09:00,50800.0,51900.0,50300.0,51100.0,10948.0
2026-08-10 09:10:00+09:00,51100.0,51200.0,50400.0,50500.0,17984.0
2026-08-10 09:20:00+09:00,50500.0,52400.0,50300.0,51900.0,49381.0
2026-08-10 09:30:00+09:00,51900.0,52800.0,51700.0,52300.0,42610.0
2026-08-10 09:40:00+09:00,52200.0,52300.0,51800.0,52200.0,13020.0
2026-08-10 09:50:00+09:00,52200.0,52400.0,52100.0,52200.0,8638.0
2026-08-10 10:00:00+09:00,52200.0,52900.0,52200.0,52500.0,23931.0
2026-08-10 10:10:00+09:00,52500.0,52800.0,52400.0,52700.0,9081.0
2026-08-10 10:20:00+09:00,52700.0,52700.0,52400.0,52400.0,6159.0
2026-08-10 10:30:00+09:00,52400.0,52700.0,52400.0,52700.0,13214.0
2026-08-10 10:40:00+09:00,52700.0,52800.0,52500.0,52700.0,10756.0
2026-08-10 10:50:00+09:00,52700.0,52900.0,52300.0,52300.0,11478.0
2026-08-10 11:00:00+09:00,52400.0,52600.0,52100.0,52500.0,7940.0
2026-08-10 11:10:00+09:00,52400.0,52700.0,52300.0,52500.0,8964.0
2026-08-10 11:20:00+09:00,52500.0,52700.0,52400.0,52600.0,5281.0
2026-08-10 11:30:00+09:00,52600.0,53000.0,52400.0,52900.0,19021.0
2026-08-10 11:40:00+09:00,53000.0,53000.0,52900.0,52900.0,15482.0
2026-08-10 11:50:00+09:00,52900.0,53000.0,52800.0,53000.0,10450.0
2026-08-10 12:00:00+09:00,52900.0,53100.0,52800.0,52900.0,13707.0
2026-08-10 12:10:00+09:00,52900.0,53000.0,52800.0,52900.0,7120.0
2026-08-10 12:20:00+09:00,52900.0,52900.0,52700.0,52800.0,4214.0
2026-08-10 12:30:00+09:00,52700.0,52900.0,52600.0,52900.0,5112.0
2026-08-10 12:40:00+09:00,52900.0,53000.0,52800.0,52900.0,4497.0
2026-08-10 12:50:00+09:00,52900.0,53000.0,52800.0,52800.0,6542.0
2026-08-10 13:00:00+09:00,52800.0,53000.0,52800.0,52900.0,4442.0
2026-08-10 13:10:00+09:00,53000.0,53000.0,52800.0,52900.0,5744.0
2026-08-10 13:20:00+09:00,52900.0,53000.0,52800.0,52900.0,5789.0
2026-08-10 13:30:00+09:00,53000.0,53000.0,52600.0,52600.0,6699.0
2026-08-10 13:40:00+09:00,52700.0,52900.0,52600.0,52800.0,5506.0
2026-08-10 13:50:00+09:00,52800.0,52900.0,52400.0,52500.0,11526.0
2026-08-10 14:00:00+09:00,52400.0,53000.0,52400.0,53000.0,8690.0
2026-08-10 14:10:00+09:00,53000.0,53100.0,52900.0,53100.0,9082.0
2026-08-10 14:20:00+09:00,53100.0,53400.0,53000.0,53200.0,22387.0
2026-08-10 14:30:00+09:00,53100.0,53300.0,53100.0,53100.0,9104.0
2026-08-10 14:40:00+09:00,53100.0,53300.0,53000.0,53200.0,8398.0
2026-08-10 14:50:00+09:00,53200.0,53400.0,53100.0,53200.0,15401.0
2026-08-11 09:00:00+09:00,53700.0,54700.0,53200.0,54100.0,66108.0
2026-08-11 09:10:00+09:00,53900.0,54300.0,53800.0,53900.0,25031.0
2026-08-11 09:20:00+09:00,53900.0,54200.0,53700.0,54100.0,14995.0
2026-08-11 09:30:00+09:00,54100.0,54700.0,53800.0,54600.0,24226.0
2026-08-11 09:40:00+09:00,54550.0,55200.0,54500.0,54900.0,38063.0
2026-08-11 09:50:00+09:00,54900.0,55400.0,54400.0,54400.0,30751.0
2026-08-11 10:00:00+09:00,54500.0,54600.0,53800.0,54100.0,21508.0
2026-08-11 10:10:00+09:00,54100.0,54500.0,54000.0,54100.0,14998.0
2026-08-11 10:20:00+09:00,54200.0,54200.0,53800.0,54000.0,20511.0
2026-08-11 10:30:00+09:00,54000.0,54200.0,53900.0,54200.0,4680.0
2026-08-11 10:40:00+09:00,54200.0,54300.0,54000.0,54100.0,3917.0
2026-08-11 10:50:00+09:00,54100.0,54200.0,53800.0,53900.0,9471.0
2026-08-11 11:00:00+09:00,53900.0,54100.0,53700.0,53900.0,7553.0
2026-08-11 11:10:00+09:00,53900.0,54100.0,53800.0,54100.0,3264.0
2026-08-11 11:20:00+09:00,54100.0,54200.0,53900.0,54000.0,3892.0
2026-08-11 11:30:00+09:00,53900.0,54200.0,53900.0,54000.0,4157.0
2026-08-11 11:40:00+09:00,54000.0,54200.0,53900.0,54200.0,3422.0
2026-08-11 11:50:00+09:00,54200.0,54300.0,53900.0,54000.0,4123.0
2026-08-11 12:00:00+09:00,54000.0,54200.0,53800.0,53800.0,3717.0
2026-08-11 12:10:00+09:00,53800.0,54100.0,53800.0,54100.0,2156.0
2026-08-11 12:20:00+09:00,54100.0,54300.0,54000.0,54300.0,2727.0
2026-08-11 12:30:00+09:00,54300.0,54300.0,54100.0,54100.0,4037.0
2026-08-11 12:40:00+09:00,54100.0,54100.0,53800.0,53900.0,3925.0
2026-08-11 12:50:00+09:00,53800.0,54100.0,53800.0,54000.0,2752.0
2026-08-11 13:00:00+09:00,54000.0,54200.0,53900.0,54200.0,2775.0
2026-08-11 13:10:00+09:00,54200.0,54300.0,53900.0,53900.0,8635.0
2026-08-11 13:20:00+09:00,54000.0,54500.0,53800.0,54200.0,11420.0
2026-08-11 13:30:00+09:00,54200.0,54200.0,54000.0,54100.0,3991.0
2026-08-11 13:40:00+09:00,54200.0,54200.0,53900.0,54100.0,6041.0
2026-08-11 13:50:00+09:00,54100.0,54200.0,53900.0,54200.0,4135.0
2026-08-11 14:00:00+09:00,54100.0,54200.0,53900.0,54100.0,5238.0
2026-08-11 14:10:00+09:00,54100.0,54300.0,54100.0,54200.0,6203.0
2026-08-11 14:20:00+09:00,54200.0,54300.0,54100.0,54200.0,5335.0
2026-08-11 14:30:00+09:00,54100.0,54300.0,54100.0,54200.0,8031.0
2026-08-11 14:40:00+09:00,54200.0,54400.0,54000.0,54100.0,8069.0
2026-08-11 14:50:00+09:00,54100.0,54300.0,53900.0,54300.0,13872.0
2026-08-12 09:00:00+09:00,54200.0,54200.0,53000.0,53200.0,31533.0
2026-08-12 09:10:00+09:00,53200.0,54000.0,53200.0,53600.0,13177.0
2026-08-12 09:20:00+09:00,53700.0,53700.0,53400.0,53500.0,9218.0
2026-08-12 09:30:00+09:00,53500.0,53900.0,53400.0,53600.0,8213.0
2026-08-12 09:40:00+09:00,53700.0,54100.0,53600.0,53900.0,7746.0
2026-08-12 09:50:00+09:00,53900.0,54150.0,53700.0,54100.0,11670.0
2026-08-12 10:00:00+09:00,54000.0,54200.0,53900.0,54100.0,7270.0
2026-08-12 10:10:00+09:00,54100.0,54200.0,53900.0,54000.0,16555.0
2026-08-12 10:20:00+09:00,54000.0,54200.0,53900.0,54200.0,11351.0
2026-08-12 10:30:00+09:00,54200.0,54550.0,54150.0,54500.0,15360.0
2026-08-12 10:40:00+09:00,54500.0,54700.0,54300.0,54700.0,13617.0
2026-08-12 10:50:00+09:00,54700.0,54800.0,54500.0,54600.0,11234.0
2026-08-12 11:00:00+09:00,54500.0,54600.0,54300.0,54500.0,12980.0
2026-08-12 11:10:00+09:00,54500.0,54700.0,54400.0,54600.0,5145.0
2026-08-12 11:20:00+09:00,54600.0,54700.0,54500.0,54600.0,5381.0
2026-08-12 11:30:00+09:00,54600.0,54700.0,54300.0,54400.0,6671.0
2026-08-12 11:40:00+09:00,54300.0,54600.0,54300.0,54500.0,5509.0
2026-08-12 11:50:00+09:00,54400.0,54500.0,54000.0,54200.0,13763.0
2026-08-12 12:00:00+09:00,54300.0,54300.0,53900.0,54200.0,19994.0
2026-08-12 12:10:00+09:00,54200.0,54200.0,53900.0,54000.0,7916.0
2026-08-12 12:20:00+09:00,54100.0,54200.0,54000.0,54200.0,5097.0
2026-08-12 12:30:00+09:00,54200.0,54300.0,54100.0,54300.0,7029.0
2026-08-12 12:40:00+09:00,54300.0,54300.0,54100.0,54300.0,4240.0
2026-08-12 12:50:00+09:00,54300.0,54300.0,54100.0,54200.0,4587.0
2026-08-12 13:00:00+09:00,54100.0,54400.0,54100.0,54300.0,4183.0
2026-08-12 13:10:00+09:00,54300.0,54400.0,54200.0,54400.0,10533.0
2026-08-12 13:20:00+09:00,54400.0,54400.0,54200.0,54400.0,7017.0
2026-08-12 13:30:00+09:00,54400.0,54400.0,54300.0,54300.0,5135.0
2026-08-12 13:40:00+09:00,54400.0,54400.0,54100.0,54300.0,5787.0
2026-08-12 13:50:00+09:00,54300.0,54300.0,54200.0,54300.0,9065.0
2026-08-12 14:00:00+09:00,54400.0,54400.0,54200.0,54300.0,4227.0
2026-08-12 14:10:00+09:00,54300.0,54400.0,54200.0,54300.0,6321.0
2026-08-12 14:20:00+09:00,54300.0,54300.0,54100.0,54200.0,8917.0
2026-08-12 14:30:00+09:00,54200.0,54400.0,54200.0,54300.0,11534.0
2026-08-12 14:40:00+09:00,54300.0,54400.0,54200.0,54200.0,10172.0
2026-08-12 14:50:00+09:00,54200.0,54300.0,54100.0,54100.0,13197.0
2026-08-13 09:00:00+09:00,54900.0,56100.0,54300.0,55200.0,106340.0
2026-08-13 09:10:00+09:00,55200.0,55400.0,53600.0,54400.0,51090.0
2026-08-13 09:20:00+09:00,54400.0,54600.0,54100.0,54400.0,17797.0
2026-08-13 09:30:00+09:00,54450.0,54900.0,54400.0,54900.0,19663.0
2026-08-13 09:40:00+09:00,54900.0,54900.0,54400.0,54700.0,9658.0
2026-08-13 09:50:00+09:00,54700.0,54800.0,54500.0,54700.0,6056.0
2026-08-13 10:00:00+09:00,54800.0,55000.0,54600.0,54700.0,7307.0
2026-08-13 10:10:00+09:00,54800.0,54900.0,54600.0,54800.0,5438.0
2026-08-13 10:20:00+09:00,54750.0,54800.0,54500.0,54600.0,9988.0
2026-08-13 10:30:00+09:00,54700.0,55100.0,54600.0,55050.0,13530.0
2026-08-13 10:40:00+09:00,55000.0,55100.0,54800.0,54850.0,4647.0
2026-08-13 10:50:00+09:00,54800.0,55100.0,54800.0,55050.0,4571.0
2026-08-13 11:00:00+09:00,55000.0,55200.0,54900.0,55000.0,16746.0
2026-08-13 11:10:00+09:00,55000.0,55100.0,54900.0,55000.0,6793.0
2026-08-13 11:20:00+09:00,55000.0,55200.0,55000.0,55000.0,9267.0
2026-08-13 11:30:00+09:00,55000.0,55100.0,54700.0,54800.0,8296.0
2026-08-13 11:40:00+09:00,54800.0,55100.0,54800.0,55000.0,3632.0
2026-08-13 11:50:00+09:00,55000.0,55300.0,55000.0,55300.0,10465.0
2026-08-13 12:00:00+09:00,55200.0,55500.0,55100.0,55300.0,10459.0
2026-08-13 12:10:00+09:00,55300.0,55400.0,55200.0,55200.0,7203.0
2026-08-13 12:20:00+09:00,55200.0,55300.0,55200.0,55200.0,3923.0
2026-08-13 12:30:00+09:00,55200.0,55300.0,55050.0,55100.0,7774.0
2026-08-13 12:40:00+09:00,55200.0,55300.0,55100.0,55200.0,2940.0
2026-08-13 12:50:00+09:00,55200.0,55300.0,55000.0,55000.0,7906.0
2026-08-13 13:00:00+09:00,55000.0,55100.0,54900.0,55000.0,6714.0
2026-08-13 13:10:00+09:00,55000.0,55000.0,54900.0,54900.0,7499.0
2026-08-13 13:20:00+09:00,55000.0,55100.0,54900.0,54900.0,4397.0
2026-08-13 13:30:00+09:00,55000.0,55200.0,54900.0,55200.0,5261.0
2026-08-13 13:40:00+09:00,55200.0,55200.0,54900.0,55000.0,4085.0
2026-08-13 13:50:00+09:00,55000.0,55100.0,55000.0,55000.0,2889.0
2026-08-13 14:00:00+09:00,55100.0,55400.0,55000.0,55400.0,12432.0
2026-08-13 14:10:00+09:00,55400.0,55800.0,55200.0,55700.0,25658.0
2026-08-13 14:20:00+09:00,55600.0,55800.0,55300.0,55700.0,18557.0
2026-08-13 14:30:00+09:00,55700.0,55800.0,55200.0,55300.0,14597.0
2026-08-13 14:40:00+09:00,55300.0,55500.0,55200.0,55500.0,16210.0
2026-08-13 14:50:00+09:00,55300.0,55500.0,55200.0,55300.0,10350.0
2026-08-14 09:00:00+09:00,56100.0,58000.0,55900.0,57200.0,133832.0
2026-08-14 09:10:00+09:00,57200.0,57900.0,56300.0,56600.0,78783.0
2026-08-14 09:20:00+09:00,56600.0,57000.0,56200.0,56850.0,37202.0
2026-08-14 09:30:00+09:00,56900.0,57400.0,56600.0,57000.0,42743.0
2026-08-14 09:40:00+09:00,57000.0,57100.0,56300.0,56400.0,23380.0
2026-08-14 09:50:00+09:00,56300.0,56400.0,55500.0,55800.0,39996.0
2026-08-14 10:00:00+09:00,55700.0,55800.0,54000.0,55200.0,60503.0
2026-08-14 10:10:00+09:00,55100.0,55200.0,54600.0,55100.0,23156.0
2026-08-14 10:20:00+09:00,55000.0,55500.0,54800.0,55500.0,14250.0
2026-08-14 10:30:00+09:00,55400.0,55500.0,55100.0,55200.0,8633.0
2026-08-14 10:40:00+09:00,55200.0,55300.0,55000.0,55300.0,5885.0
2026-08-14 10:50:00+09:00,55300.0,55700.0,55200.0,55500.0,14220.0
2026-08-14 11:00:00+09:00,55400.0,55800.0,55400.0,55700.0,10451.0
2026-08-14 11:10:00+09:00,55800.0,55800.0,55400.0,55500.0,9086.0
2026-08-14 11:20:00+09:00,55500.0,55600.0,55300.0,55600.0,7771.0
2026-08-14 11:30:00+09:00,55550.0,55600.0,55400.0,55500.0,3761.0
2026-08-14 11:40:00+09:00,55400.0,55600.0,55300.0,55600.0,3266.0
2026-08-14 11:50:00+09:00,55600.0,55600.0,55200.0,55300.0,4959.0
2026-08-14 12:00:00+09:00,55300.0,55500.0,55200.0,55500.0,3233.0
2026-08-14 12:10:00+09:00,55500.0,56000.0,55300.0,55900.0,13164.0
2026-08-14 12:20:00+09:00,56000.0,56100.0,55900.0,56100.0,7014.0
2026-08-14 12:30:00+09:00,56100.0,56300.0,55900.0,56300.0,8227.0
2026-08-14 12:40:00+09:00,56300.0,56400.0,56100.0,56100.0,7815.0
2026-08-14 12:50:00+09:00,56200.0,56300.0,56000.0,56100.0,7479.0
2026-08-14 13:00:00+09:00,56100.0,56400.0,56000.0,56400.0,8741.0
2026-08-14 13:10:00+09:00,56300.0,56800.0,56300.0,56600.0,18898.0
2026-08-14 13:20:00+09:00,56700.0,57000.0,56600.0,57000.0,20399.0
2026-08-14 13:30:00+09:00,56900.0,57000.0,56600.0,56700.0,10708.0
2026-08-14 13:40:00+09:00,56800.0,57000.0,56700.0,56700.0,9574.0
2026-08-14 13:50:00+09:00,56800.0,56800.0,56500.0,56600.0,8026.0
2026-08-14 14:00:00+09:00,56700.0,56800.0,56300.0,56400.0,10280.0
2026-08-14 14:10:00+09:00,56500.0,56600.0,56300.0,56600.0,10862.0
2026-08-14 14:20:00+09:00,56600.0,56800.0,56600.0,56600.0,7780.0
2026-08-14 14:30:00+09:00,56700.0,56800.0,56600.0,56700.0,9915.0
2026-08-14 14:40:00+09:00,56600.0,56900.0,56500.0,56800.0,8232.0
2026-08-14 14:50:00+09:00,56800.0,57100.0,56800.0,57100.0,22400.0
2026-08-18 09:00:00+09:00,57400.0,57600.0,55400.0,55900.0,24115.0
2026-08-18 09:10:00+09:00,56000.0,56100.0,55300.0,55700.0,28984.0
2026-08-18 09:20:00+09:00,55700.0,55800.0,54900.0,55300.0,50548.0
2026-08-18 09:30:00+09:00,55300.0,55800.0,55200.0,55400.0,17273.0
2026-08-18 09:40:00+09:00,55400.0,55900.0,55200.0,55500.0,19218.0
2026-08-18 09:50:00+09:00,55500.0,55700.0,55300.0,55300.0,13398.0
2026-08-18 10:00:00+09:00,55300.0,55400.0,55100.0,55400.0,16794.0
2026-08-18 10:10:00+09:00,55400.0,55400.0,55000.0,55100.0,18767.0
2026-08-18 10:20:00+09:00,55000.0,55100.0,54900.0,55000.0,15489.0
2026-08-18 10:30:00+09:00,55000.0,55000.0,54700.0,54800.0,26508.0
2026-08-18 10:40:00+09:00,54700.0,54800.0,54000.0,54100.0,31695.0
2026-08-18 10:50:00+09:00,54100.0,54300.0,53700.0,54200.0,31793.0
2026-08-18 11:00:00+09:00,54300.0,54500.0,54100.0,54400.0,14842.0
2026-08-18 11:10:00+09:00,54400.0,54400.0,54000.0,54100.0,11790.0
2026-08-18 11:20:00+09:00,54100.0,54200.0,53800.0,53900.0,13618.0
2026-08-18 11:30:00+09:00,53900.0,54100.0,53700.0,53900.0,13690.0
2026-08-18 11:40:00+09:00,53900.0,54000.0,53600.0,54000.0,11325.0
2026-08-18 11:50:00+09:00,53800.0,54000.0,53700.0,53900.0,6823.0
2026-08-18 12:00:00+09:00,53800.0,54100.0,53800.0,53900.0,6161.0
2026-08-18 12:10:00+09:00,53900.0,54000.0,53800.0,53900.0,3159.0
2026-08-18 12:20:00+09:00,53900.0,53900.0,53600.0,53700.0,7761.0
2026-08-18 12:30:00+09:00,53700.0,53800.0,53500.0,53700.0,8671.0
2026-08-18 12:40:00+09:00,53800.0,53800.0,53600.0,53600.0,3563.0
2026-08-18 12:50:00+09:00,53700.0,53800.0,53600.0,53700.0,8166.0
2026-08-18 13:00:00+09:00,53800.0,53800.0,53500.0,53700.0,7606.0
2026-08-18 13:10:00+09:00,53700.0,53800.0,53500.0,53600.0,11636.0
2026-08-18 13:20:00+09:00,53700.0,53700.0,53300.0,53300.0,11739.0
2026-08-18 13:30:00+09:00,53300.0,53500.0,53100.0,53200.0,18531.0
2026-08-18 13:40:00+09:00,53200.0,53400.0,53100.0,53400.0,8266.0
2026-08-18 13:50:00+09:00,53400.0,53900.0,53300.0,53800.0,8129.0
2026-08-18 14:00:00+09:00,53900.0,53900.0,53600.0,53800.0,7206.0
2026-08-18 14:10:00+09:00,53800.0,53800.0,53400.0,53500.0,9017.0
2026-08-18 14:20:00+09:00,53400.0,53500.0,53300.0,53400.0,9307.0
2026-08-18 14:30:00+09:00,53300.0,53400.0,53200.0,53300.0,11514.0
2026-08-18 14:40:00+09:00,53200.0,53300.0,53000.0,53200.0,25651.0
2026-08-18 14:50:00+09:00,53200.0,53200.0,52800.0,52900.0,19498.0
2026-08-19 09:00:00+09:00,51100.0,52100.0,50500.0,51700.0,46109.0
2026-08-19 09:10:00+09:00,51600.0,51700.0,50800.0,51300.0,25868.0
2026-08-19 09:20:00+09:00,51300.0,52000.0,51200.0,51900.0,21002.0
2026-08-19 09:30:00+09:00,52000.0,52500.0,51900.0,52400.0,23589.0
2026-08-19 09:40:00+09:00,52400.0,53700.0,52300.0,52700.0,34758.0
2026-08-19 09:50:00+09:00,52600.0,52900.0,52200.0,52500.0,12922.0
2026-08-19 10:00:00+09:00,52400.0,53200.0,52400.0,53100.0,8793.0
2026-08-19 10:10:00+09:00,53100.0,53100.0,52700.0,53000.0,10174.0
2026-08-19 10:20:00+09:00,53000.0,53100.0,52700.0,53100.0,9005.0
2026-08-19 10:30:00+09:00,53100.0,53200.0,52400.0,53000.0,11466.0
2026-08-19 10:40:00+09:00,53000.0,53000.0,52400.0,52500.0,12259.0
2026-08-19 10:50:00+09:00,52500.0,52700.0,52400.0,52600.0,4959.0
2026-08-19 11:00:00+09:00,52700.0,52700.0,51900.0,52000.0,12397.0
2026-08-19 11:10:00+09:00,51900.0,52200.0,51800.0,52000.0,5880.0
2026-08-19 11:20:00+09:00,52100.0,52400.0,52000.0,52300.0,3644.0
2026-08-19 11:30:00+09:00,52300.0,52500.0,52200.0,52500.0,3932.0
2026-08-19 11:40:00+09:00,52500.0,52500.0,52150.0,52300.0,2614.0
2026-08-19 11:50:00+09:00,52300.0,52400.0,52100.0,52300.0,2965.0
2026-08-19 12:00:00+09:00,52200.0,52600.0,52100.0,52100.0,5091.0
2026-08-19 12:10:00+09:00,52100.0,52500.0,51900.0,52300.0,5347.0
2026-08-19 12:20:00+09:00,52300.0,52300.0,52100.0,52200.0,3206.0
2026-08-19 12:30:00+09:00,52200.0,52600.0,52200.0,52500.0,2776.0
2026-08-19 12:40:00+09:00,52500.0,52500.0,52200.0,52300.0,3808.0
2026-08-19 12:50:00+09:00,52300.0,52400.0,52100.0,52200.0,3295.0
2026-08-19 13:00:00+09:00,52100.0,52200.0,51700.0,52100.0,4535.0
2026-08-19 13:10:00+09:00,52100.0,52100.0,52000.0,52100.0,2779.0
2026-08-19 13:20:00+09:00,52000.0,52400.0,51900.0,52200.0,7607.0
2026-08-19 13:30:00+09:00,52100.0,52400.0,52000.0,52300.0,6764.0
2026-08-19 13:40:00+09:00,52200.0,52300.0,52000.0,52000.0,4057.0
2026-08-19 13:50:00+09:00,52100.0,52300.0,51900.0,52100.0,5973.0
2026-08-19 14:00:00+09:00,52000.0,52700.0,52000.0,52500.0,4362.0
2026-08-19 14:10:00+09:00,52600.0,52700.0,52300.0,52400.0,6180.0
2026-08-19 14:20:00+09:00,52300.0,52800.0,52300.0,52700.0,5439.0
2026-08-19 14:30:00+09:00,52700.0,52700.0,52400.0,52400.0,5270.0
2026-08-19 14:40:00+09:00,52500.0,52500.0,52200.0,52300.0,3397.0
2026-08-19 14:50:00+09:00,52300.0,52300.0,52000.0,52100.0,5974.0
2026-08-20 09:00:00+09:00,53000.0,53100.0,51600.0,53000.0,31829.0
2026-08-20 09:10:00+09:00,53100.0,53700.0,52900.0,53400.0,23468.0
2026-08-20 09:20:00+09:00,53400.0,53900.0,53200.0,53800.0,18467.0
2026-08-20 09:30:00+09:00,53700.0,54650.0,53700.0,54500.0,31197.0
2026-08-20 09:40:00+09:00,54400.0,54500.0,53700.0,53800.0,12820.0
2026-08-20 09:50:00+09:00,53900.0,54200.0,53700.0,54200.0,10076.0
2026-08-20 10:00:00+09:00,54200.0,54400.0,53900.0,54200.0,11803.0
2026-08-20 10:10:00+09:00,54100.0,54300.0,53900.0,54100.0,6541.0
2026-08-20 10:20:00+09:00,54000.0,54300.0,54000.0,54100.0,9442.0
2026-08-20 10:30:00+09:00,54100.0,54100.0,53800.0,53900.0,4236.0
2026-08-20 10:40:00+09:00,53900.0,54400.0,53700.0,54400.0,9717.0
2026-08-20 10:50:00+09:00,54300.0,54400.0,54000.0,54200.0,8431.0
2026-08-20 11:00:00+09:00,54200.0,54300.0,53900.0,53950.0,11522.0
2026-08-20 11:10:00+09:00,53900.0,54300.0,53800.0,54200.0,7295.0
2026-08-20 11:20:00+09:00,54200.0,54300.0,53900.0,53900.0,4133.0
2026-08-20 11:30:00+09:00,53900.0,54100.0,53900.0,54100.0,3170.0
2026-08-20 11:40:00+09:00,54100.0,54100.0,53900.0,54100.0,2738.0
2026-08-20 11:50:00+09:00,54100.0,54100.0,53800.0,53800.0,2103.0
2026-08-20 12:00:00+09:00,53900.0,53900.0,53800.0,53800.0,1611.0
2026-08-20 12:10:00+09:00,53900.0,53900.0,53600.0,53700.0,3477.0
2026-08-20 12:20:00+09:00,53700.0,53900.0,53600.0,53800.0,4450.0
2026-08-20 12:30:00+09:00,53800.0,53900.0,53700.0,53800.0,4722.0
2026-08-20 12:40:00+09:00,53800.0,53800.0,53500.0,53800.0,5510.0
2026-08-20 12:50:00+09:00,53800.0,53800.0,53500.0,53600.0,4411.0
2026-08-20 13:00:00+09:00,53500.0,53800.0,53300.0,53800.0,6951.0
2026-08-20 13:10:00+09:00,53800.0,54200.0,53600.0,53900.0,9656.0
2026-08-20 13:20:00+09:00,53900.0,53900.0,53700.0,53800.0,2226.0
2026-08-20 13:30:00+09:00,53800.0,53900.0,53700.0,53800.0,3626.0
2026-08-20 13:40:00+09:00,53900.0,53900.0,53700.0,53800.0,2219.0
2026-08-20 13:50:00+09:00,53800.0,54000.0,53600.0,53900.0,10526.0
2026-08-20 14:00:00+09:00,53900.0,54100.0,53800.0,54100.0,4318.0
2026-08-20 14:10:00+09:00,54100.0,54500.0,53900.0,54500.0,12141.0
2026-08-20 14:20:00+09:00,54400.0,54500.0,54300.0,54400.0,12006.0
2026-08-20 14:30:00+09:00,54400.0,54400.0,54100.0,54400.0,10670.0
2026-08-20 14:40:00+09:00,54400.0,54500.0,54200.0,54350.0,9195.0
2026-08-20 14:50:00+09:00,54300.0,54400.0,54000.0,54000.0,9426.0
2026-08-21 09:00:00+09:00,53100.0,53500.0,52300.0,52500.0,48235.0
2026-08-21 09:10:00+09:00,52500.0,53000.0,52300.0,52600.0,36797.0
2026-08-21 09:20:00+09:00,52700.0,52800.0,52200.0,52300.0,12559.0
2026-08-21 09:30:00+09:00,52300.0,52600.0,52200.0,52400.0,15108.0
2026-08-21 09:40:00+09:00,52300.0,52800.0,52300.0,52500.0,22630.0
2026-08-21 09:50:00+09:00,52500.0,52600.0,51900.0,52200.0,34905.0
2026-08-21 10:00:00+09:00,52200.0,52400.0,51900.0,52000.0,10588.0
2026-08-21 10:10:00+09:00,52000.0,53000.0,51800.0,52600.0,29111.0
2026-08-21 10:20:00+09:00,52600.0,52600.0,52100.0,52200.0,6539.0
2026-08-21 10:30:00+09:00,52300.0,52300.0,51800.0,51900.0,15399.0
2026-08-21 10:40:00+09:00,52000.0,52200.0,51800.0,52150.0,7700.0
2026-08-21 10:50:00+09:00,52150.0,52300.0,52000.0,52200.0,5911.0
2026-08-21 11:00:00+09:00,52300.0,52400.0,52000.0,52200.0,6079.0
2026-08-21 11:10:00+09:00,52200.0,52400.0,52100.0,52200.0,2485.0
2026-08-21 11:20:00+09:00,52300.0,52600.0,52200.0,52300.0,2915.0
2026-08-21 11:30:00+09:00,52400.0,52600.0,52100.0,52200.0,8054.0
2026-08-21 11:40:00+09:00,52100.0,52300.0,52000.0,52300.0,6669.0
2026-08-21 11:50:00+09:00,52200.0,52500.0,52200.0,52400.0,2756.0
2026-08-21 12:00:00+09:00,52400.0,52500.0,52100.0,52300.0,4201.0
2026-08-21 12:10:00+09:00,52200.0,52500.0,52100.0,52400.0,1687.0
2026-08-21 12:20:00+09:00,52400.0,52500.0,52400.0,52400.0,2282.0
2026-08-21 12:30:00+09:00,52400.0,52700.0,52400.0,52700.0,5745.0
2026-08-21 12:40:00+09:00,52700.0,52800.0,52300.0,52500.0,8053.0
2026-08-21 12:50:00+09:00,52600.0,52600.0,52300.0,52500.0,3095.0
2026-08-21 13:00:00+09:00,52500.0,52600.0,52300.0,52500.0,3348.0
2026-08-21 13:10:00+09:00,52400.0,52500.0,52300.0,52400.0,1936.0
2026-08-21 13:20:00+09:00,52400.0,52400.0,52200.0,52400.0,2959.0
2026-08-21 13:30:00+09:00,52300.0,52500.0,52300.0,52400.0,1697.0
2026-08-21 13:40:00+09:00,52500.0,52700.0,52400.0,52700.0,4020.0
2026-08-21 13:50:00+09:00,52700.0,52700.0,52400.0,52400.0,3385.0
2026-08-21 14:00:00+09:00,52400.0,52500.0,52100.0,52100.0,10018.0
2026-08-21 14:10:00+09:00,52100.0,52400.0,52100.0,52200.0,6811.0
2026-08-21 14:20:00+09:00,52200.0,52300.0,51800.0,51900.0,11229.0
2026-08-21 14:30:00+09:00,51900.0,52000.0,51800.0,51900.0,5358.0
2026-08-21 14:40:00+09:00,52000.0,52000.0,51600.0,51600.0,8799.0
2026-08-21 14:50:00+09:00,51700.0,51700.0,51300.0,51300.0,14365.0
2026-08-24 09:00:00+09:00,51500.0,51900.0,50900.0,51400.0,8174.0
2026-08-24 09:10:00+09:00,51400.0,51700.0,50900.0,51000.0,12302.0
2026-08-24 09:20:00+09:00,51000.0,51300.0,50900.0,51000.0,10332.0
2026-08-24 09:30:00+09:00,51000.0,51100.0,50700.0,51100.0,17972.0
2026-08-24 09:40:00+09:00,51100.0,51500.0,50900.0,51500.0,6568.0
2026-08-24 09:50:00+09:00,51500.0,51700.0,51300.0,51600.0,9155.0
2026-08-24 10:00:00+09:00,51700.0,51800.0,51500.0,51700.0,5912.0
2026-08-24 10:10:00+09:00,51700.0,52100.0,51500.0,51500.0,9211.0
2026-08-24 10:20:00+09:00,51500.0,51600.0,51300.0,51400.0,4172.0
2026-08-24 10:30:00+09:00,51400.0,51400.0,51100.0,51200.0,14910.0
2026-08-24 10:40:00+09:00,51300.0,51500.0,51200.0,51300.0,3568.0
2026-08-24 10:50:00+09:00,51300.0,51500.0,51100.0,51200.0,4157.0
2026-08-24 11:00:00+09:00,51100.0,51200.0,50900.0,51000.0,5845.0
2026-08-24 11:10:00+09:00,51100.0,51500.0,51000.0,51300.0,3493.0
2026-08-24 11:20:00+09:00,51300.0,51600.0,51300.0,51600.0,3569.0
2026-08-24 11:30:00+09:00,51600.0,51800.0,51500.0,51600.0,3193.0
2026-08-24 11:40:00+09:00,51600.0,51700.0,51400.0,51500.0,2599.0
2026-08-24 11:50:00+09:00,51600.0,51600.0,51200.0,51300.0,14283.0
2026-08-24 12:00:00+09:00,51400.0,51500.0,51300.0,51300.0,2783.0
2026-08-24 12:10:00+09:00,51300.0,51300.0,51100.0,51200.0,4502.0
2026-08-24 12:20:00+09:00,51200.0,51300.0,51100.0,51200.0,2338.0
2026-08-24 12:30:00+09:00,51200.0,51300.0,51100.0,51100.0,2906.0
2026-08-24 12:40:00+09:00,51100.0,51200.0,51000.0,51100.0,2802.0
2026-08-24 12:50:00+09:00,51200.0,51200.0,51000.0,51100.0,1967.0
2026-08-24 13:00:00+09:00,51100.0,51100.0,50900.0,50900.0,7233.0
2026-08-24 13:10:00+09:00,51000.0,51200.0,50900.0,51100.0,6400.0
2026-08-24 13:20:00+09:00,51000.0,51300.0,51000.0,51100.0,2029.0
2026-08-24 13:30:00+09:00,51100.0,51200.0,50800.0,50800.0,4492.0
2026-08-24 13:40:00+09:00,50800.0,51000.0,50800.0,50800.0,2947.0
2026-08-24 13:50:00+09:00,50800.0,51000.0,50700.0,50900.0,7018.0
2026-08-24 14:00:00+09:00,51000.0,51100.0,50900.0,51000.0,3700.0
2026-08-24 14:10:00+09:00,51000.0,51100.0,50900.0,51000.0,3029.0
2026-08-24 14:20:00+09:00,51100.0,51200.0,51000.0,51000.0,3299.0
2026-08-24 14:30:00+09:00,51000.0,51100.0,50800.0,50900.0,2996.0
2026-08-24 14:40:00+09:00,50900.0,51000.0,50800.0,50900.0,3623.0
2026-08-24 14:50:00+09:00,50900.0,51000.0,50800.0,50900.0,4881.0
2026-08-25 09:00:00+09:00,51700.0,51800.0,49650.0,49950.0,40269.0
2026-08-25 09:10:00+09:00,49950.0,50000.0,49200.0,49350.0,20190.0
2026-08-25 09:20:00+09:00,49350.0,50300.0,49250.0,50000.0,14966.0
2026-08-25 09:30:00+09:00,50000.0,50500.0,50000.0,50200.0,5507.0
2026-08-25 09:40:00+09:00,50100.0,50600.0,50100.0,50300.0,6170.0
2026-08-25 09:50:00+09:00,50300.0,50600.0,50100.0,50400.0,5947.0
2026-08-25 10:00:00+09:00,50350.0,50500.0,50100.0,50200.0,6048.0
2026-08-25 10:10:00+09:00,50200.0,50300.0,49950.0,49950.0,14544.0
2026-08-25 10:20:00+09:00,49950.0,50100.0,49800.0,50100.0,5984.0
2026-08-25 10:30:00+09:00,50100.0,50300.0,50000.0,50200.0,2830.0
2026-08-25 10:40:00+09:00,50200.0,50400.0,50100.0,50300.0,1879.0
2026-08-25 10:50:00+09:00,50300.0,50400.0,50200.0,50200.0,2588.0
2026-08-25 11:00:00+09:00,50200.0,50300.0,50200.0,50200.0,1567.0
2026-08-25 11:10:00+09:00,50200.0,50400.0,50200.0,50400.0,5066.0
2026-08-25 11:20:00+09:00,50400.0,50400.0,50300.0,50300.0,1789.0
2026-08-25 11:30:00+09:00,50300.0,50500.0,50200.0,50300.0,3500.0
2026-08-25 11:40:00+09:00,50300.0,50300.0,50100.0,50100.0,2464.0
2026-08-25 11:50:00+09:00,50100.0,50200.0,50100.0,50200.0,1645.0
2026-08-25 12:00:00+09:00,50100.0,50400.0,50100.0,50400.0,2449.0
2026-08-25 12:10:00+09:00,50300.0,50700.0,50300.0,50700.0,7308.0
2026-08-25 12:20:00+09:00,50700.0,50850.0,50600.0,50800.0,7362.0
2026-08-25 12:30:00+09:00,50900.0,50900.0,50800.0,50800.0,3517.0
2026-08-25 12:40:00+09:00,50900.0,50900.0,50700.0,50700.0,1656.0
2026-08-25 12:50:00+09:00,50700.0,50800.0,50700.0,50700.0,1478.0
2026-08-25 13:00:00+09:00,50700.0,51400.0,50700.0,51300.0,8762.0
2026-08-25 13:10:00+09:00,51200.0,51400.0,51200.0,51300.0,2770.0
2026-08-25 13:20:00+09:00,51400.0,51400.0,51300.0,51300.0,3845.0
2026-08-25 13:30:00+09:00,51300.0,51700.0,51200.0,51600.0,4885.0
2026-08-25 13:40:00+09:00,51700.0,51800.0,51400.0,51400.0,7141.0
2026-08-25 13:50:00+09:00,51400.0,51500.0,51200.0,51200.0,6031.0
2026-08-25 14:00:00+09:00,51300.0,51300.0,51000.0,51200.0,6521.0
2026-08-25 14:10:00+09:00,51100.0,51200.0,50800.0,51000.0,15001.0
2026-08-25 14:20:00+09:00,51000.0,51300.0,50900.0,51100.0,14568.0
2026-08-25 14:30:00+09:00,51100.0,51300.0,51100.0,51100.0,11177.0
2026-08-25 14:40:00+09:00,51200.0,51300.0,51000.0,51200.0,9879.0
2026-08-25 14:50:00+09:00,51100.0,51300.0,51000.0,51100.0,19540.0
2026-08-26 09:00:00+09:00,51500.0,51800.0,50800.0,51100.0,25031.0
2026-08-26 09:10:00+09:00,51000.0,51300.0,51000.0,51100.0,5569.0
2026-08-26 09:20:00+09:00,51100.0,51300.0,50700.0,50800.0,7983.0
2026-08-26 09:30:00+09:00,50800.0,51000.0,50500.0,50500.0,11042.0
2026-08-26 09:40:00+09:00,50550.0,50900.0,50400.0,50700.0,5140.0
2026-08-26 09:50:00+09:00,50700.0,50700.0,50100.0,50400.0,9369.0
2026-08-26 10:00:00+09:00,50500.0,50700.0,50400.0,50600.0,3000.0
2026-08-26 10:10:00+09:00,50700.0,50700.0,50500.0,50600.0,3667.0
2026-08-26 10:20:00+09:00,50600.0,50700.0,50300.0,50400.0,6110.0
2026-08-26 10:30:00+09:00,50400.0,50500.0,50300.0,50300.0,3043.0
2026-08-26 10:40:00+09:00,50400.0,50500.0,50300.0,50400.0,4839.0
2026-08-26 10:50:00+09:00,50400.0,50750.0,50300.0,50750.0,5549.0
2026-08-26 11:00:00+09:00,50750.0,50800.0,50500.0,50600.0,1624.0
2026-08-26 11:10:00+09:00,50600.0,50800.0,50600.0,50750.0,2206.0
2026-08-26 11:20:00+09:00,50700.0,51100.0,50700.0,51100.0,5607.0
2026-08-26 11:30:00+09:00,51050.0,51200.0,51000.0,51200.0,3473.0
2026-08-26 11:40:00+09:00,51200.0,51300.0,51100.0,51200.0,3663.0
2026-08-26 11:50:00+09:00,51200.0,51200.0,50700.0,50700.0,6478.0
2026-08-26 12:00:00+09:00,50700.0,50900.0,50700.0,50800.0,2498.0
2026-08-26 12:10:00+09:00,50800.0,51100.0,50800.0,51000.0,5031.0
2026-08-26 12:20:00+09:00,51000.0,51100.0,50900.0,51000.0,6270.0
2026-08-26 12:30:00+09:00,50900.0,51100.0,50900.0,51000.0,2044.0
2026-08-26 12:40:00+09:00,51100.0,51200.0,51000.0,51100.0,3577.0
2026-08-26 12:50:00+09:00,51100.0,51200.0,51000.0,51000.0,1991.0
2026-08-26 13:00:00+09:00,51000.0,51200.0,51000.0,51200.0,2925.0
2026-08-26 13:10:00+09:00,51100.0,51200.0,51000.0,51000.0,4425.0
2026-08-26 13:20:00+09:00,51100.0,51400.0,51000.0,51200.0,5942.0
2026-08-26 13:30:00+09:00,51200.0,51300.0,51000.0,51000.0,8430.0
2026-08-26 13:40:00+09:00,51000.0,51100.0,50900.0,51000.0,8331.0
2026-08-26 13:50:00+09:00,50900.0,51400.0,50900.0,51000.0,10946.0
2026-08-26 14:00:00+09:00,51100.0,51100.0,50400.0,50500.0,16780.0
2026-08-26 14:10:00+09:00,50500.0,50600.0,50000.0,50000.0,25627.0
2026-08-26 14:20:00+09:00,50100.0,50400.0,49850.0,50400.0,20520.0
2026-08-26 14:30:00+09:00,50300.0,50600.0,50300.0,50500.0,8953.0
2026-08-26 14:40:00+09:00,50500.0,50500.0,49950.0,49950.0,23383.0
2026-08-26 14:50:00+09:00,49950.0,50100.0,49650.0,50000.0,51176.0
2026-08-27 09:00:00+09:00,51000.0,51200.0,50600.0,50900.0,21565.0
2026-08-27 09:10:00+09:00,50900.0,51100.0,50600.0,50900.0,12197.0
2026-08-27 09:20:00+09:00,50800.0,51200.0,50800.0,51200.0,15647.0
2026-08-27 09:30:00+09:00,51200.0,51500.0,51000.0,51000.0,19052.0
2026-08-27 09:40:00+09:00,51000.0,51100.0,50900.0,50900.0,6314.0
2026-08-27 09:50:00+09:00,51000.0,51000.0,50400.0,50500.0,17505.0
2026-08-27 10:00:00+09:00,50500.0,50700.0,50400.0,50500.0,9010.0
2026-08-27 10:10:00+09:00,50500.0,50600.0,49950.0,50000.0,19108.0
2026-08-27 10:20:00+09:00,50000.0,50400.0,50000.0,50400.0,5719.0
2026-08-27 10:30:00+09:00,50300.0,50500.0,50200.0,50300.0,7402.0
2026-08-27 10:40:00+09:00,50300.0,50500.0,50200.0,50500.0,5586.0
2026-08-27 10:50:00+09:00,50500.0,50600.0,50400.0,50400.0,6526.0
2026-08-27 11:00:00+09:00,50400.0,50800.0,50400.0,50700.0,8285.0
2026-08-27 11:10:00+09:00,50700.0,50900.0,50600.0,50700.0,6468.0
2026-08-27 11:20:00+09:00,50700.0,50800.0,50500.0,50600.0,10518.0
2026-08-27 11:30:00+09:00,50700.0,50700.0,50500.0,50500.0,6999.0
2026-08-27 11:40:00+09:00,50500.0,50600.0,50300.0,50400.0,8923.0
2026-08-27 11:50:00+09:00,50400.0,50700.0,50400.0,50500.0,8673.0
2026-08-27 12:00:00+09:00,50500.0,50700.0,50500.0,50600.0,6464.0
2026-08-27 12:10:00+09:00,50700.0,50700.0,50400.0,50400.0,3840.0
2026-08-27 12:20:00+09:00,50500.0,50600.0,50400.0,50500.0,8173.0
2026-08-27 12:30:00+09:00,50500.0,50700.0,50400.0,50600.0,7591.0
2026-08-27 12:40:00+09:00,50500.0,50700.0,50400.0,50400.0,4014.0
2026-08-27 12:50:00+09:00,50400.0,50600.0,50400.0,50400.0,4182.0
2026-08-27 13:00:00+09:00,50500.0,50600.0,50400.0,50400.0,5162.0
2026-08-27 13:10:00+09:00,50400.0,50600.0,50200.0,50300.0,14546.0
2026-08-27 13:20:00+09:00,50300.0,50400.0,50200.0,50300.0,4995.0
2026-08-27 13:30:00+09:00,50300.0,50300.0,50100.0,50200.0,7029.0
2026-08-27 13:40:00+09:00,50100.0,50400.0,50100.0,50200.0,6070.0
2026-08-27 13:50:00+09:00,50300.0,50400.0,50200.0,50200.0,4745.0
2026-08-27 14:00:00+09:00,50200.0,50400.0,50200.0,50200.0,6004.0
2026-08-27 14:10:00+09:00,50200.0,50300.0,50000.0,50000.0,9637.0
2026-08-27 14:20:00+09:00,50000.0,50200.0,50000.0,50100.0,6201.0
2026-08-27 14:30:00+09:00,50200.0,50200.0,50100.0,50100.0,6266.0
2026-08-27 14:40:00+09:00,50200.0,50600.0,50100.0,50500.0,16541.0
2026-08-27 14:50:00+09:00,50500.0,50600.0,50200.0,50200.0,9031.0
2026-08-28 09:00:00+09:00,50100.0,50700.0,49950.0,50150.0,13297.0
2026-08-28 09:10:00+09:00,50200.0,50200.0,49700.0,49750.0,19591.0
2026-08-28 09:20:00+09:00,49750.0,49850.0,49650.0,49750.0,13944.0
2026-08-28 09:30:00+09:00,49800.0,49950.0,49550.0,49550.0,18100.0
2026-08-28 09:40:00+09:00,49550.0,49600.0,49400.0,49500.0,13565.0
2026-08-28 09:50:00+09:00,49550.0,49600.0,49500.0,49550.0,5148.0
2026-08-28 10:00:00+09:00,49550.0,49600.0,49500.0,49500.0,3802.0
2026-08-28 10:10:00+09:00,49500.0,49550.0,49400.0,49450.0,6815.0
2026-08-28 10:20:00+09:00,49400.0,49450.0,49150.0,49150.0,19683.0
2026-08-28 10:30:00+09:00,49150.0,49400.0,49050.0,49300.0,15994.0
2026-08-28 10:40:00+09:00,49300.0,49400.0,49250.0,49400.0,4729.0
2026-08-28 10:50:00+09:00,49350.0,49500.0,49350.0,49500.0,5073.0
2026-08-28 11:00:00+09:00,49500.0,49650.0,49450.0,49550.0,4670.0
2026-08-28 11:10:00+09:00,49550.0,49850.0,49500.0,49700.0,7052.0
2026-08-28 11:20:00+09:00,49700.0,49800.0,49650.0,49750.0,3777.0
2026-08-28 11:30:00+09:00,49750.0,49800.0,49700.0,49800.0,2520.0
2026-08-28 11:40:00+09:00,49750.0,49800.0,49700.0,49800.0,2683.0
2026-08-28 11:50:00+09:00,49750.0,49950.0,49700.0,49950.0,8756.0
2026-08-28 12:00:00+09:00,49950.0,50000.0,49800.0,49900.0,5029.0
2026-08-28 12:10:00+09:00,49900.0,49950.0,49800.0,49950.0,2940.0
2026-08-28 12:20:00+09:00,49950.0,50100.0,49900.0,50000.0,5037.0
2026-08-28 12:30:00+09:00,50000.0,50100.0,49950.0,49950.0,3606.0
2026-08-28 12:40:00+09:00,49950.0,49950.0,49800.0,49850.0,2907.0
2026-08-28 12:50:00+09:00,49850.0,50200.0,49850.0,50200.0,5848.0
2026-08-28 13:00:00+09:00,50150.0,50200.0,49850.0,49850.0,5083.0
2026-08-28 13:10:00+09:00,49850.0,50100.0,49850.0,50100.0,4992.0
2026-08-28 13:20:00+09:00,50000.0,50200.0,50000.0,50100.0,1875.0
2026-08-28 13:30:00+09:00,50000.0,50100.0,50000.0,50000.0,1394.0
2026-08-28 13:40:00+09:00,50100.0,50200.0,50000.0,50150.0,2253.0
2026-08-28 13:50:00+09:00,50200.0,50200.0,50100.0,50100.0,2545.0
2026-08-28 14:00:00+09:00,50100.0,50200.0,50000.0,50100.0,3856.0
2026-08-28 14:10:00+09:00,50050.0,50100.0,50000.0,50100.0,2185.0
2026-08-28 14:20:00+09:00,50100.0,50100.0,49950.0,50000.0,5601.0
2026-08-28 14:30:00+09:00,50000.0,50000.0,49950.0,49975.0,822.0
2026-08-28 14:40:00+09:00,49975.0,50100.0,49850.0,49850.0,6703.0
2026-08-28 14:50:00+09:00,49900.0,49900.0,49800.0,49850.0,3069.0
2026-08-31 09:00:00+09:00,49500.0,49500.0,47700.0,48400.0,12636.0
2026-08-31 09:10:00+09:00,48450.0,49375.0,48400.0,49300.0,13101.0
2026-08-31 09:20:00+09:00,49300.0,49750.0,49300.0,49650.0,8030.0
2026-08-31 09:30:00+09:00,49650.0,50100.0,49550.0,49650.0,9269.0
2026-08-31 09:40:00+09:00,49650.0,49700.0,49500.0,49600.0,5424.0
2026-08-31 09:50:00+09:00,49650.0,49850.0,49400.0,49400.0,8347.0
2026-08-31 10:00:00+09:00,49400.0,49400.0,49000.0,49050.0,7570.0
2026-08-31 10:10:00+09:00,49050.0,49300.0,48950.0,49225.0,5198.0
2026-08-31 10:20:00+09:00,49200.0,49350.0,49000.0,49350.0,5164.0
2026-08-31 10:30:00+09:00,49350.0,49450.0,49200.0,49400.0,6305.0
2026-08-31 10:40:00+09:00,49400.0,49450.0,49200.0,49425.0,6084.0
2026-08-31 10:50:00+09:00,49400.0,49450.0,49275.0,49300.0,2547.0
2026-08-31 11:00:00+09:00,49350.0,49650.0,49300.0,49650.0,4850.0
2026-08-31 11:10:00+09:00,49600.0,49650.0,49550.0,49550.0,1451.0
2026-08-31 11:20:00+09:00,49550.0,49550.0,49400.0,49500.0,2618.0
2026-08-31 11:30:00+09:00,49550.0,49600.0,49500.0,49500.0,837.0
2026-08-31 11:40:00+09:00,49500.0,49700.0,49500.0,49650.0,2770.0
2026-08-31 11:50:00+09:00,49600.0,49850.0,49600.0,49800.0,3451.0
2026-08-31 12:00:00+09:00,49800.0,49950.0,49800.0,49950.0,2790.0
2026-08-31 12:10:00+09:00,49950.0,50300.0,49950.0,49950.0,6048.0
2026-08-31 12:20:00+09:00,49950.0,50100.0,49900.0,49950.0,1511.0
2026-08-31 12:30:00+09:00,49950.0,50000.0,49900.0,50000.0,1804.0
2026-08-31 12:40:00+09:00,49950.0,50200.0,49950.0,50200.0,3168.0
2026-08-31 12:50:00+09:00,50200.0,50200.0,50000.0,50200.0,2834.0
2026-08-31 13:00:00+09:00,50200.0,50200.0,50000.0,50100.0,1378.0
2026-08-31 13:10:00+09:00,50100.0,50300.0,50100.0,50200.0,1825.0
2026-08-31 13:20:00+09:00,50200.0,50500.0,50200.0,50500.0,5008.0
2026-08-31 13:30:00+09:00,50400.0,51200.0,50300.0,51100.0,22736.0
2026-08-31 13:40:00+09:00,51100.0,51300.0,51000.0,51100.0,15454.0
2026-08-31 13:50:00+09:00,51150.0,51600.0,51050.0,51500.0,24650.0
2026-08-31 14:00:00+09:00,51600.0,51700.0,51400.0,51400.0,14446.0
2026-08-31 14:10:00+09:00,51400.0,51900.0,51400.0,51800.0,16305.0
2026-08-31 14:20:00+09:00,51800.0,51900.0,51600.0,51700.0,14635.0
2026-08-31 14:30:00+09:00,51700.0,51900.0,51500.0,51800.0,24916.0
2026-08-31 14:40:00+09:00,51700.0,52000.0,51700.0,52000.0,15289.0
2026-08-31 14:50:00+09:00,52000.0,52100.0,51700.0,51900.0,15209.0
2026-09-01 09:00:00+09:00,51800.0,52600.0,50800.0,50900.0,23717.0
2026-09-01 09:10:00+09:00,50900.0,51000.0,50600.0,51000.0,9861.0
2026-09-01 09:20:00+09:00,51000.0,51000.0,50700.0,50700.0,7105.0
2026-09-01 09:30:00+09:00,50800.0,50800.0,50600.0,50600.0,8166.0
2026-09-01 09:40:00+09:00,50700.0,50900.0,50600.0,50900.0,7668.0
2026-09-01 09:50:00+09:00,50900.0,50900.0,50500.0,50500.0,7994.0
2026-09-01 10:00:00+09:00,50600.0,50700.0,50500.0,50700.0,4630.0
2026-09-01 10:10:00+09:00,50700.0,50750.0,50300.0,50400.0,7940.0
2026-09-01 10:20:00+09:00,50400.0,50500.0,50100.0,50100.0,11601.0
2026-09-01 10:30:00+09:00,50100.0,50300.0,50100.0,50200.0,2908.0
2026-09-01 10:40:00+09:00,50300.0,50300.0,50100.0,50100.0,1400.0
2026-09-01 10:50:00+09:00,50100.0,50200.0,49800.0,50000.0,14277.0
2026-09-01 11:00:00+09:00,50000.0,50200.0,49950.0,50200.0,4732.0
2026-09-01 11:10:00+09:00,50200.0,50400.0,50100.0,50300.0,2558.0
2026-09-01 11:20:00+09:00,50400.0,50400.0,50100.0,50100.0,2558.0
2026-09-01 11:30:00+09:00,50200.0,50200.0,50000.0,50000.0,2719.0
2026-09-01 11:40:00+09:00,50000.0,50100.0,49900.0,49900.0,5016.0
2026-09-01 11:50:00+09:00,49900.0,50100.0,49900.0,49950.0,4869.0
2026-09-01 12:00:00+09:00,49950.0,50000.0,49900.0,49900.0,5538.0
2026-09-01 12:10:00+09:00,49950.0,50000.0,49800.0,49850.0,6336.0
2026-09-01 12:20:00+09:00,49825.0,49900.0,49800.0,49850.0,5756.0
2026-09-01 12:30:00+09:00,49850.0,49900.0,49800.0,49900.0,6168.0
2026-09-01 12:40:00+09:00,49900.0,50100.0,49850.0,50000.0,6610.0
2026-09-01 12:50:00+09:00,50000.0,50100.0,49900.0,49900.0,4565.0
2026-09-01 13:00:00+09:00,49950.0,50100.0,49900.0,50000.0,2977.0
2026-09-01 13:10:00+09:00,50100.0,50200.0,50000.0,50100.0,1834.0
2026-09-01 13:20:00+09:00,50200.0,50200.0,50000.0,50000.0,2468.0
2026-09-01 13:30:00+09:00,50000.0,50200.0,50000.0,50200.0,1906.0
2026-09-01 13:40:00+09:00,50200.0,50300.0,50100.0,50300.0,1892.0
2026-09-01 13:50:00+09:00,50300.0,50400.0,50000.0,50000.0,8746.0
2026-09-01 14:00:00+09:00,50100.0,50100.0,50000.0,50000.0,2506.0
2026-09-01 14:10:00+09:00,50000.0,50100.0,49950.0,50100.0,3051.0
2026-09-01 14:20:00+09:00,50100.0,50100.0,49950.0,50000.0,12409.0
2026-09-01 14:30:00+09:00,50000.0,50200.0,49950.0,50100.0,5628.0
2026-09-01 14:40:00+09:00,50100.0,50300.0,50100.0,50300.0,2589.0
2026-09-01 14:50:00+09:00,50200.0,50400.0,50100.0,50300.0,4338.0
2026-09-02 09:00:00+09:00,48950.0,49100.0,48100.0,48200.0,29480.0
2026-09-02 09:10:00+09:00,48250.0,48700.0,48200.0,48650.0,14598.0
2026-09-02 09:20:00+09:00,48650.0,48750.0,48550.0,48600.0,8936.0
2026-09-02 09:30:00+09:00,48625.0,48625.0,48500.0,48500.0,8061.0
2026-09-02 09:40:00+09:00,48500.0,48550.0,48300.0,48350.0,10955.0
2026-09-02 09:50:00+09:00,48300.0,48350.0,48050.0,48100.0,29515.0
2026-09-02 10:00:00+09:00,48050.0,48100.0,47850.0,48050.0,31467.0
2026-09-02 10:10:00+09:00,48000.0,48100.0,47950.0,48100.0,9409.0
2026-09-02 10:20:00+09:00,48050.0,48100.0,47850.0,47900.0,7931.0
2026-09-02 10:30:00+09:00,47900.0,47900.0,47650.0,47650.0,30086.0
2026-09-02 10:40:00+09:00,47700.0,47700.0,47600.0,47650.0,7817.0
2026-09-02 10:50:00+09:00,47600.0,47650.0,47300.0,47350.0,18700.0
2026-09-02 11:00:00+09:00,47400.0,47400.0,47300.0,47300.0,9112.0
2026-09-02 11:10:00+09:00,47300.0,47350.0,47250.0,47350.0,7084.0
2026-09-02 11:20:00+09:00,47300.0,47500.0,47300.0,47400.0,7247.0
2026-09-02 11:30:00+09:00,47450.0,47450.0,47350.0,47350.0,5935.0
2026-09-02 11:40:00+09:00,47350.0,47400.0,47300.0,47350.0,5237.0
2026-09-02 11:50:00+09:00,47300.0,47350.0,47250.0,47250.0,9178.0
2026-09-02 12:00:00+09:00,47250.0,47300.0,47200.0,47250.0,5424.0
2026-09-02 12:10:00+09:00,47250.0,47450.0,47250.0,47350.0,7077.0
2026-09-02 12:20:00+09:00,47400.0,47400.0,47300.0,47400.0,3463.0
2026-09-02 12:30:00+09:00,47350.0,47400.0,47250.0,47250.0,4173.0
2026-09-02 12:40:00+09:00,47300.0,47350.0,47200.0,47250.0,6696.0
2026-09-02 12:50:00+09:00,47300.0,47350.0,47250.0,47250.0,4697.0
2026-09-02 13:00:00+09:00,47250.0,47300.0,47200.0,47200.0,4701.0
2026-09-02 13:10:00+09:00,47200.0,47300.0,47150.0,47250.0,13541.0
2026-09-02 13:20:00+09:00,47300.0,47450.0,47200.0,47200.0,13135.0
2026-09-02 13:30:00+09:00,47200.0,47350.0,47200.0,47250.0,4410.0
2026-09-02 13:40:00+09:00,47250.0,47450.0,47150.0,47350.0,20479.0
2026-09-02 13:50:00+09:00,47350.0,47450.0,47250.0,47300.0,7269.0
2026-09-02 14:00:00+09:00,47300.0,47400.0,47250.0,47350.0,4698.0
2026-09-02 14:10:00+09:00,47350.0,47650.0,47300.0,47550.0,5719.0
2026-09-02 14:20:00+09:00,47600.0,47800.0,47500.0,47700.0,7042.0
2026-09-02 14:30:00+09:00,47700.0,47750.0,47550.0,47550.0,13898.0
2026-09-02 14:40:00+09:00,47550.0,47650.0,47350.0,47500.0,10482.0
2026-09-02 14:50:00+09:00,47500.0,47550.0,47300.0,47300.0,15437.0
2026-09-03 09:00:00+09:00,47700.0,47700.0,46650.0,46800.0,25968.0
2026-09-03 09:10:00+09:00,46800.0,47250.0,46700.0,47050.0,8163.0
2026-09-03 09:20:00+09:00,47025.0,47200.0,46650.0,46850.0,22795.0
2026-09-03 09:30:00+09:00,46850.0,47650.0,46800.0,47550.0,15173.0
2026-09-03 09:40:00+09:00,47550.0,47600.0,47400.0,47500.0,6176.0
2026-09-03 09:50:00+09:00,47500.0,47850.0,47500.0,47700.0,12439.0
2026-09-03 10:00:00+09:00,47750.0,48250.0,47700.0,47900.0,24351.0
2026-09-03 10:10:00+09:00,47900.0,48150.0,47700.0,48150.0,9722.0
2026-09-03 10:20:00+09:00,48150.0,48250.0,48000.0,48000.0,8941.0
2026-09-03 10:30:00+09:00,48000.0,48400.0,48000.0,48150.0,10514.0
2026-09-03 10:40:00+09:00,48200.0,48300.0,47950.0,48050.0,4315.0
2026-09-03 10:50:00+09:00,48050.0,48100.0,47750.0,47900.0,5232.0
2026-09-03 11:00:00+09:00,47850.0,47900.0,47700.0,47900.0,4090.0
2026-09-03 11:10:00+09:00,47900.0,48150.0,47850.0,48100.0,2802.0
2026-09-03 11:20:00+09:00,48100.0,48150.0,47950.0,48100.0,12903.0
2026-09-03 11:30:00+09:00,48100.0,48200.0,48000.0,48125.0,7018.0
2026-09-03 11:40:00+09:00,48125.0,48150.0,48000.0,48050.0,2238.0
2026-09-03 11:50:00+09:00,48050.0,48100.0,47900.0,48050.0,3232.0
2026-09-03 12:00:00+09:00,48050.0,48200.0,48000.0,48150.0,3057.0
2026-09-03 12:10:00+09:00,48150.0,48250.0,48100.0,48200.0,2740.0
2026-09-03 12:20:00+09:00,48200.0,48200.0,48100.0,48100.0,1783.0
2026-09-03 12:30:00+09:00,48150.0,48200.0,47900.0,48050.0,3408.0
2026-09-03 12:40:00+09:00,48100.0,48100.0,48050.0,48050.0,1518.0
2026-09-03 12:50:00+09:00,48050.0,48100.0,47950.0,48000.0,2521.0
2026-09-03 13:00:00+09:00,48000.0,48150.0,48000.0,48050.0,3901.0
2026-09-03 13:10:00+09:00,48050.0,48150.0,48050.0,48150.0,2630.0
2026-09-03 13:20:00+09:00,48100.0,48100.0,47900.0,47950.0,5439.0
2026-09-03 13:30:00+09:00,47900.0,48050.0,47900.0,47950.0,1812.0
2026-09-03 13:40:00+09:00,47950.0,48050.0,47750.0,47850.0,7187.0
2026-09-03 13:50:00+09:00,47850.0,47900.0,47750.0,47800.0,2421.0
2026-09-03 14:00:00+09:00,47750.0,47800.0,47600.0,47600.0,5633.0
2026-09-03 14:10:00+09:00,47600.0,47600.0,46900.0,46950.0,13183.0
2026-09-03 14:20:00+09:00,46950.0,46950.0,46500.0,46750.0,19632.0
2026-09-03 14:30:00+09:00,46900.0,47250.0,46750.0,47225.0,10495.0
2026-09-03 14:40:00+09:00,47225.0,47600.0,47100.0,47450.0,6515.0
2026-09-03 14:50:00+09:00,47450.0,47750.0,47450.0,47700.0,4990.0
2026-09-04 09:00:00+09:00,48700.0,49250.0,48500.0,49050.0,29839.0
2026-09-04 09:10:00+09:00,49000.0,49250.0,49000.0,49100.0,14894.0
2026-09-04 09:20:00+09:00,49100.0,49300.0,48850.0,49100.0,23880.0
2026-09-04 09:30:00+09:00,49050.0,49150.0,48550.0,48600.0,12400.0
2026-09-04 09:40:00+09:00,48550.0,48550.0,48300.0,48400.0,6051.0
2026-09-04 09:50:00+09:00,48400.0,48550.0,48250.0,48400.0,4955.0
2026-09-04 10:00:00+09:00,48400.0,48400.0,48300.0,48400.0,3466.0
2026-09-04 10:10:00+09:00,48400.0,48400.0,48050.0,48100.0,8029.0
2026-09-04 10:20:00+09:00,48100.0,48100.0,47850.0,47850.0,4687.0
2026-09-04 10:30:00+09:00,47950.0,47950.0,47750.0,47750.0,4292.0
2026-09-04 10:40:00+09:00,47800.0,47800.0,47750.0,47775.0,4445.0
2026-09-04 10:50:00+09:00,47800.0,48050.0,47775.0,48000.0,6386.0
2026-09-04 11:00:00+09:00,48050.0,48100.0,47950.0,48000.0,5516.0
2026-09-04 11:10:00+09:00,48000.0,48000.0,47850.0,47900.0,5514.0
2026-09-04 11:20:00+09:00,47850.0,47900.0,47650.0,47700.0,7316.0
2026-09-04 11:30:00+09:00,47700.0,47750.0,47600.0,47600.0,8776.0
2026-09-04 11:40:00+09:00,47650.0,48000.0,47600.0,48000.0,8952.0
2026-09-04 11:50:00+09:00,48000.0,48100.0,47950.0,48000.0,2852.0
2026-09-04 12:00:00+09:00,48050.0,48050.0,47750.0,47750.0,2627.0
2026-09-04 12:10:00+09:00,47750.0,47800.0,47700.0,47750.0,1636.0
2026-09-04 12:20:00+09:00,47750.0,47750.0,47650.0,47700.0,4343.0
2026-09-04 12:30:00+09:00,47700.0,47700.0,47650.0,47700.0,2087.0
2026-09-04 12:40:00+09:00,47700.0,47850.0,47700.0,47700.0,15887.0
2026-09-04 12:50:00+09:00,47700.0,47750.0,47700.0,47750.0,2635.0
2026-09-04 13:00:00+09:00,47750.0,47950.0,47700.0,47900.0,12605.0
2026-09-04 13:10:00+09:00,47925.0,47950.0,47700.0,47750.0,5112.0
2026-09-04 13:20:00+09:00,47750.0,47800.0,47700.0,47800.0,6887.0
2026-09-04 13:30:00+09:00,47800.0,47900.0,47800.0,47800.0,2605.0
2026-09-04 13:40:00+09:00,47850.0,47850.0,47800.0,47800.0,2602.0
2026-09-04 13:50:00+09:00,47800.0,47850.0,47800.0,47800.0,2989.0
2026-09-04 14:00:00+09:00,47800.0,48300.0,47750.0,48150.0,23520.0
2026-09-04 14:10:00+09:00,48150.0,48450.0,48100.0,48400.0,11892.0
2026-09-04 14:20:00+09:00,48400.0,48450.0,48300.0,48400.0,10203.0
2026-09-04 14:30:00+09:00,48400.0,48600.0,48350.0,48550.0,11329.0
2026-09-04 14:40:00+09:00,48550.0,48750.0,48550.0,48600.0,13464.0
2026-09-04 14:50:00+09:00,48550.0,48600.0,48400.0,48500.0,9803.0
2026-09-07 09:00:00+09:00,49200.0,49550.0,48950.0,49500.0,11357.0
2026-09-07 09:10:00+09:00,49550.0,49700.0,49300.0,49400.0,20558.0
2026-09-07 09:20:00+09:00,49400.0,49750.0,49300.0,49750.0,14772.0
2026-09-07 09:30:00+09:00,49750.0,50100.0,49700.0,49750.0,25783.0
2026-09-07 09:40:00+09:00,49800.0,49850.0,49550.0,49650.0,10491.0
2026-09-07 09:50:00+09:00,49650.0,49700.0,49450.0,49450.0,5841.0
2026-09-07 10:00:00+09:00,49450.0,49900.0,49350.0,49850.0,17301.0
2026-09-07 10:10:00+09:00,49850.0,50100.0,49800.0,49900.0,12739.0
2026-09-07 10:20:00+09:00,49900.0,49950.0,49750.0,49900.0,4099.0
2026-09-07 10:30:00+09:00,49950.0,50100.0,49800.0,49850.0,6255.0
2026-09-07 10:40:00+09:00,49900.0,49950.0,49700.0,49800.0,6301.0
2026-09-07 10:50:00+09:00,49800.0,49850.0,49650.0,49750.0,2779.0
2026-09-07 11:00:00+09:00,49700.0,49900.0,49700.0,49800.0,4510.0
2026-09-07 11:10:00+09:00,49800.0,49850.0,49700.0,49800.0,2014.0
2026-09-07 11:20:00+09:00,49800.0,49850.0,49750.0,49850.0,1858.0
2026-09-07 11:30:00+09:00,49850.0,49850.0,49750.0,49800.0,2492.0
2026-09-07 11:40:00+09:00,49750.0,49800.0,49700.0,49800.0,3554.0
2026-09-07 11:50:00+09:00,49800.0,49900.0,49750.0,49900.0,5495.0
2026-09-07 12:00:00+09:00,49900.0,49900.0,49800.0,49850.0,6157.0
2026-09-07 12:10:00+09:00,49850.0,49850.0,49800.0,49850.0,1886.0
2026-09-07 12:20:00+09:00,49850.0,49900.0,49750.0,49850.0,2798.0
2026-09-07 12:30:00+09:00,49800.0,49900.0,49700.0,49750.0,5554.0
2026-09-07 12:40:00+09:00,49750.0,49800.0,49675.0,49700.0,5834.0
2026-09-07 12:50:00+09:00,49700.0,49850.0,49650.0,49850.0,2878.0
2026-09-07 13:00:00+09:00,49850.0,49950.0,49850.0,49950.0,3510.0
2026-09-07 13:10:00+09:00,49950.0,50000.0,49850.0,49950.0,4436.0
2026-09-07 13:20:00+09:00,49950.0,50000.0,49850.0,50000.0,3035.0
2026-09-07 13:30:00+09:00,50000.0,50000.0,49900.0,49900.0,5240.0
2026-09-07 13:40:00+09:00,49950.0,50100.0,49950.0,50100.0,5874.0
2026-09-07 13:50:00+09:00,50100.0,50200.0,50000.0,50200.0,7485.0
2026-09-07 14:00:00+09:00,50200.0,50300.0,50000.0,50300.0,6366.0
2026-09-07 14:10:00+09:00,50250.0,50400.0,50200.0,50250.0,7268.0
2026-09-07 14:20:00+09:00,50300.0,50300.0,50100.0,50300.0,6457.0
2026-09-07 14:30:00+09:00,50300.0,50300.0,50000.0,50200.0,7821.0
2026-09-07 14:40:00+09:00,50200.0,50300.0,50100.0,50100.0,6948.0
2026-09-07 14:50:00+09:00,50200.0,50200.0,50000.0,50200.0,5344.0
2026-09-08 09:00:00+09:00,50700.0,50700.0,49800.0,50000.0,22025.0
2026-09-08 09:10:00+09:00,50000.0,50100.0,49750.0,49900.0,16138.0
2026-09-08 09:20:00+09:00,49900.0,50200.0,49700.0,49750.0,11916.0
2026-09-08 09:30:00+09:00,49800.0,49900.0,49500.0,49500.0,13588.0
2026-09-08 09:40:00+09:00,49550.0,49800.0,49500.0,49800.0,4294.0
2026-09-08 09:50:00+09:00,49750.0,49900.0,49350.0,49350.0,22196.0
2026-09-08 10:00:00+09:00,49350.0,49550.0,49350.0,49500.0,13948.0
2026-09-08 10:10:00+09:00,49500.0,49600.0,49400.0,49450.0,4442.0
2026-09-08 10:20:00+09:00,49450.0,49700.0,49400.0,49600.0,4464.0
2026-09-08 10:30:00+09:00,49600.0,49750.0,49550.0,49700.0,3294.0
2026-09-08 10:40:00+09:00,49700.0,49750.0,49650.0,49750.0,3207.0
2026-09-08 10:50:00+09:00,49750.0,49750.0,49700.0,49700.0,3130.0
2026-09-08 11:00:00+09:00,49700.0,49800.0,49700.0,49800.0,2406.0
2026-09-08 11:10:00+09:00,49800.0,49900.0,49700.0,49850.0,4674.0
2026-09-08 11:20:00+09:00,49850.0,49900.0,49800.0,49850.0,1465.0
2026-09-08 11:30:00+09:00,49850.0,49900.0,49800.0,49850.0,3274.0
2026-09-08 11:40:00+09:00,49900.0,49900.0,49800.0,49800.0,2593.0
2026-09-08 11:50:00+09:00,49800.0,49850.0,49700.0,49700.0,6862.0
2026-09-08 12:00:00+09:00,49700.0,49850.0,49700.0,49800.0,2698.0
2026-09-08 12:10:00+09:00,49750.0,49900.0,49750.0,49800.0,5117.0
2026-09-08 12:20:00+09:00,49850.0,49850.0,49700.0,49800.0,3048.0
2026-09-08 12:30:00+09:00,49750.0,49800.0,49700.0,49700.0,5104.0
2026-09-08 12:40:00+09:00,49750.0,49800.0,49650.0,49650.0,2969.0
2026-09-08 12:50:00+09:00,49650.0,49800.0,49600.0,49650.0,5253.0
2026-09-08 13:00:00+09:00,49650.0,49700.0,49650.0,49650.0,1423.0
2026-09-08 13:10:00+09:00,49650.0,49800.0,49650.0,49800.0,2547.0
2026-09-08 13:20:00+09:00,49775.0,49800.0,49750.0,49750.0,1620.0
2026-09-08 13:30:00+09:00,49800.0,49800.0,49650.0,49700.0,2279.0
2026-09-08 13:40:00+09:00,49700.0,49700.0,49550.0,49650.0,6482.0
2026-09-08 13:50:00+09:00,49650.0,49700.0,49450.0,49450.0,14603.0
2026-09-08 14:00:00+09:00,49450.0,49550.0,49400.0,49450.0,9473.0
2026-09-08 14:10:00+09:00,49475.0,49500.0,49250.0,49250.0,22264.0
2026-09-08 14:20:00+09:00,49250.0,49300.0,49150.0,49150.0,19067.0
2026-09-08 14:30:00+09:00,49150.0,49300.0,48900.0,48900.0,27308.0
2026-09-08 14:40:00+09:00,48900.0,49050.0,48850.0,48900.0,12528.0
2026-09-08 14:50:00+09:00,48900.0,49000.0,48700.0,48750.0,16095.0
2026-09-09 09:00:00+09:00,48600.0,49300.0,48450.0,49300.0,16937.0
2026-09-09 09:10:00+09:00,49300.0,49650.0,49200.0,49350.0,19528.0
2026-09-09 09:20:00+09:00,49400.0,49550.0,49150.0,49200.0,8468.0
2026-09-09 09:30:00+09:00,49200.0,49525.0,49200.0,49350.0,6053.0
2026-09-09 09:40:00+09:00,49350.0,49650.0,49350.0,49550.0,8117.0
2026-09-09 09:50:00+09:00,49600.0,49650.0,49450.0,49525.0,6905.0
2026-09-09 10:00:00+09:00,49525.0,49600.0,49450.0,49500.0,5565.0
2026-09-09 10:10:00+09:00,49450.0,49500.0,49400.0,49400.0,2666.0
2026-09-09 10:20:00+09:00,49450.0,49650.0,49400.0,49550.0,10683.0
2026-09-09 10:30:00+09:00,49550.0,49600.0,49450.0,49450.0,3673.0
2026-09-09 10:40:00+09:00,49400.0,49500.0,49350.0,49500.0,4175.0
2026-09-09 10:50:00+09:00,49500.0,49500.0,49300.0,49400.0,2531.0
2026-09-09 11:00:00+09:00,49400.0,49600.0,49400.0,49550.0,2460.0
2026-09-09 11:10:00+09:00,49550.0,49600.0,49400.0,49400.0,5071.0
2026-09-09 11:20:00+09:00,49400.0,49400.0,49250.0,49350.0,5041.0
2026-09-09 11:30:00+09:00,49350.0,49450.0,49300.0,49400.0,1764.0
2026-09-09 11:40:00+09:00,49350.0,49550.0,49350.0,49400.0,3000.0
2026-09-09 11:50:00+09:00,49400.0,49450.0,49300.0,49350.0,1856.0
2026-09-09 12:00:00+09:00,49350.0,49400.0,49200.0,49250.0,2557.0
2026-09-09 12:10:00+09:00,49250.0,49400.0,49250.0,49300.0,1959.0
2026-09-09 12:20:00+09:00,49300.0,49300.0,49200.0,49200.0,3789.0
2026-09-09 12:30:00+09:00,49250.0,49350.0,49200.0,49300.0,1819.0
2026-09-09 12:40:00+09:00,49300.0,49300.0,49200.0,49200.0,2782.0
2026-09-09 12:50:00+09:00,49200.0,49250.0,49050.0,49200.0,4139.0
2026-09-09 13:00:00+09:00,49250.0,49450.0,49200.0,49350.0,3605.0
2026-09-09 13:10:00+09:00,49350.0,49400.0,49300.0,49300.0,1216.0
2026-09-09 13:20:00+09:00,49300.0,49450.0,49300.0,49450.0,1590.0
2026-09-09 13:30:00+09:00,49425.0,49550.0,49400.0,49500.0,4544.0
2026-09-09 13:40:00+09:00,49500.0,49600.0,49450.0,49600.0,5314.0
2026-09-09 13:50:00+09:00,49550.0,49650.0,49550.0,49650.0,3795.0
2026-09-09 14:00:00+09:00,49600.0,49650.0,49550.0,49550.0,3661.0
2026-09-09 14:10:00+09:00,49550.0,49700.0,49550.0,49550.0,5892.0
2026-09-09 14:20:00+09:00,49550.0,49600.0,49350.0,49525.0,7976.0
2026-09-09 14:30:00+09:00,49525.0,49550.0,49400.0,49450.0,4468.0
2026-09-09 14:40:00+09:00,49450.0,49700.0,49450.0,49650.0,5737.0
2026-09-09 14:50:00+09:00,49700.0,49750.0,49600.0,49650.0,6179.0
2026-09-10 09:00:00+09:00,49250.0,49800.0,49050.0,49550.0,19482.0
2026-09-10 09:10:00+09:00,49575.0,49700.0,49150.0,49500.0,13492.0
2026-09-10 09:20:00+09:00,49500.0,49850.0,49300.0,49600.0,12308.0
2026-09-10 09:30:00+09:00,49650.0,49650.0,49250.0,49300.0,9404.0
2026-09-10 09:40:00+09:00,49300.0,49700.0,49200.0,49650.0,8773.0
2026-09-10 09:50:00+09:00,49650.0,49850.0,49500.0,49800.0,9170.0
2026-09-10 10:00:00+09:00,49650.0,49850.0,49550.0,49550.0,7946.0
2026-09-10 10:10:00+09:00,49500.0,49550.0,49300.0,49350.0,13661.0
2026-09-10 10:20:00+09:00,49400.0,49450.0,49250.0,49350.0,5712.0
2026-09-10 10:30:00+09:00,49300.0,49400.0,49200.0,49350.0,6916.0
2026-09-10 10:40:00+09:00,49400.0,49400.0,49250.0,49350.0,4951.0
2026-09-10 10:50:00+09:00,49300.0,49350.0,49200.0,49300.0,6703.0
2026-09-10 11:00:00+09:00,49200.0,49250.0,49200.0,49250.0,4508.0
2026-09-10 11:10:00+09:00,49250.0,49300.0,49150.0,49250.0,5420.0
2026-09-10 11:20:00+09:00,49250.0,49350.0,49200.0,49300.0,6003.0
2026-09-10 11:30:00+09:00,49300.0,49450.0,49250.0,49400.0,4563.0
2026-09-10 11:40:00+09:00,49450.0,49450.0,49400.0,49450.0,3387.0
2026-09-10 11:50:00+09:00,49450.0,49550.0,49300.0,49500.0,6169.0
2026-09-10 12:00:00+09:00,49500.0,49700.0,49500.0,49700.0,5256.0
2026-09-10 12:10:00+09:00,49700.0,49750.0,49550.0,49750.0,5778.0
2026-09-10 12:20:00+09:00,49750.0,49800.0,49650.0,49750.0,5272.0
2026-09-10 12:30:00+09:00,49750.0,49800.0,49700.0,49800.0,4645.0
2026-09-10 12:40:00+09:00,49800.0,49950.0,49750.0,49900.0,8917.0
2026-09-10 12:50:00+09:00,49900.0,50100.0,49800.0,50000.0,9004.0
2026-09-10 13:00:00+09:00,49950.0,50100.0,49950.0,50100.0,5249.0
2026-09-10 13:10:00+09:00,50100.0,50500.0,49950.0,50400.0,18138.0
2026-09-10 13:20:00+09:00,50400.0,50600.0,50400.0,50500.0,12084.0
2026-09-10 13:30:00+09:00,50600.0,50600.0,50200.0,50400.0,10308.0
2026-09-10 13:40:00+09:00,50500.0,50600.0,50400.0,50500.0,9643.0
2026-09-10 13:50:00+09:00,50600.0,50800.0,50500.0,50600.0,10568.0
2026-09-10 14:00:00+09:00,50700.0,50700.0,50500.0,50500.0,7284.0
2026-09-10 14:10:00+09:00,50600.0,50700.0,50500.0,50600.0,7210.0
2026-09-10 14:20:00+09:00,50700.0,50700.0,50400.0,50600.0,9025.0
2026-09-10 14:30:00+09:00,50600.0,50800.0,50500.0,50500.0,12628.0
2026-09-10 14:40:00+09:00,50600.0,50700.0,50500.0,50700.0,8640.0
2026-09-10 14:50:00+09:00,50700.0,50800.0,50500.0,50700.0,13033.0
2026-09-11 09:00:00+09:00,49150.0,50100.0,48600.0,49900.0,25912.0
2026-09-11 09:10:00+09:00,49900.0,50000.0,49600.0,49700.0,9153.0
2026-09-11 09:20:00+09:00,49750.0,49800.0,49550.0,49750.0,6775.0
2026-09-11 09:30:00+09:00,49750.0,49750.0,49350.0,49400.0,8834.0
2026-09-11 09:40:00+09:00,49350.0,49400.0,49100.0,49300.0,9076.0
2026-09-11 09:50:00+09:00,49350.0,49550.0,49250.0,49500.0,2414.0
2026-09-11 10:00:00+09:00,49450.0,49500.0,49250.0,49500.0,2666.0
2026-09-11 10:10:00+09:00,49500.0,49700.0,49450.0,49450.0,4701.0
2026-09-11 10:20:00+09:00,49450.0,49600.0,49300.0,49450.0,3653.0
2026-09-11 10:30:00+09:00,49450.0,49650.0,49400.0,49550.0,3069.0
2026-09-11 10:40:00+09:00,49550.0,49600.0,49300.0,49500.0,3752.0
2026-09-11 10:50:00+09:00,49500.0,49650.0,49400.0,49550.0,3745.0
2026-09-11 11:00:00+09:00,49550.0,49700.0,49400.0,49550.0,2439.0
2026-09-11 11:10:00+09:00,49600.0,49850.0,49550.0,49700.0,4592.0
2026-09-11 11:20:00+09:00,49700.0,49750.0,49600.0,49600.0,2471.0
2026-09-11 11:30:00+09:00,49600.0,49700.0,49400.0,49500.0,3627.0
2026-09-11 11:40:00+09:00,49550.0,49650.0,49400.0,49600.0,3278.0
2026-09-11 11:50:00+09:00,49600.0,49700.0,49450.0,49500.0,2835.0
2026-09-11 12:00:00+09:00,49500.0,49550.0,49400.0,49500.0,1914.0
2026-09-11 12:10:00+09:00,49450.0,49500.0,49300.0,49350.0,4240.0
2026-09-11 12:20:00+09:00,49400.0,49450.0,49350.0,49400.0,2021.0
2026-09-11 12:30:00+09:00,49350.0,49450.0,49350.0,49400.0,1808.0
2026-09-11 12:40:00+09:00,49350.0,49500.0,49300.0,49300.0,2325.0
2026-09-11 12:50:00+09:00,49300.0,49500.0,49250.0,49450.0,1992.0
2026-09-11 13:00:00+09:00,49500.0,49500.0,49300.0,49400.0,2724.0
2026-09-11 13:10:00+09:00,49350.0,49500.0,49250.0,49300.0,3831.0
2026-09-11 13:20:00+09:00,49300.0,49500.0,49250.0,49350.0,3163.0
2026-09-11 13:30:00+09:00,49350.0,49450.0,49300.0,49350.0,2703.0
2026-09-11 13:40:00+09:00,49400.0,49500.0,49350.0,49450.0,2728.0
2026-09-11 13:50:00+09:00,49400.0,49450.0,49300.0,49300.0,2785.0
2026-09-11 14:00:00+09:00,49300.0,49400.0,49200.0,49200.0,7099.0
2026-09-11 14:10:00+09:00,49200.0,49400.0,49200.0,49400.0,5934.0
2026-09-11 14:20:00+09:00,49400.0,49400.0,49250.0,49250.0,4294.0
2026-09-11 14:30:00+09:00,49250.0,49500.0,49250.0,49400.0,5840.0
2026-09-11 14:40:00+09:00,49450.0,49500.0,49300.0,49500.0,5390.0
2026-09-11 14:50:00+09:00,49400.0,49900.0,49400.0,49650.0,10402.0
2026-09-14 09:00:00+09:00,48900.0,49000.0,48000.0,48400.0,8387.0
2026-09-14 09:10:00+09:00,48400.0,48400.0,47950.0,48000.0,19275.0
2026-09-14 09:20:00+09:00,48000.0,48150.0,47850.0,47900.0,12547.0
2026-09-14 09:30:00+09:00,47950.0,48050.0,47600.0,47650.0,18930.0
2026-09-14 09:40:00+09:00,47650.0,48200.0,47650.0,48100.0,10467.0
2026-09-14 09:50:00+09:00,48100.0,48150.0,47900.0,47950.0,6551.0
2026-09-14 10:00:00+09:00,47900.0,48150.0,47850.0,47850.0,5502.0
2026-09-14 10:10:00+09:00,47850.0,47900.0,47700.0,47700.0,5952.0
2026-09-14 10:20:00+09:00,47750.0,47950.0,47700.0,47900.0,10487.0
2026-09-14 10:30:00+09:00,47950.0,48000.0,47850.0,47950.0,1973.0
2026-09-14 10:40:00+09:00,47950.0,48100.0,47900.0,48100.0,4767.0
2026-09-14 10:50:00+09:00,48100.0,48300.0,48050.0,48250.0,3022.0
2026-09-14 11:00:00+09:00,48250.0,48500.0,48250.0,48450.0,3774.0
2026-09-14 11:10:00+09:00,48450.0,48600.0,48450.0,48500.0,1862.0
2026-09-14 11:20:00+09:00,48500.0,48600.0,48500.0,48550.0,1025.0
2026-09-14 11:30:00+09:00,48550.0,48600.0,48450.0,48450.0,1673.0
2026-09-14 11:40:00+09:00,48500.0,48600.0,48250.0,48575.0,5332.0
2026-09-14 11:50:00+09:00,48550.0,48650.0,48500.0,48650.0,1652.0
2026-09-14 12:00:00+09:00,48600.0,48650.0,48500.0,48550.0,1859.0
2026-09-14 12:10:00+09:00,48500.0,48550.0,48450.0,48550.0,610.0
2026-09-14 12:20:00+09:00,48500.0,48600.0,48450.0,48600.0,2039.0
2026-09-14 12:30:00+09:00,48550.0,48600.0,48500.0,48500.0,1133.0
2026-09-14 12:40:00+09:00,48550.0,48650.0,48450.0,48600.0,2934.0
2026-09-14 12:50:00+09:00,48600.0,48650.0,48500.0,48550.0,2443.0
2026-09-14 13:00:00+09:00,48550.0,48700.0,48550.0,48600.0,2603.0
2026-09-14 13:10:00+09:00,48650.0,48650.0,48500.0,48500.0,2736.0
2026-09-14 13:20:00+09:00,48550.0,48600.0,48500.0,48550.0,1277.0
2026-09-14 13:30:00+09:00,48550.0,48600.0,48500.0,48500.0,1515.0
2026-09-14 13:40:00+09:00,48500.0,48600.0,48450.0,48550.0,2333.0
2026-09-14 13:50:00+09:00,48600.0,48600.0,48450.0,48500.0,1684.0
2026-09-14 14:00:00+09:00,48500.0,48550.0,48450.0,48450.0,1100.0
2026-09-14 14:10:00+09:00,48450.0,48500.0,48300.0,48300.0,4403.0
2026-09-14 14:20:00+09:00,48300.0,48450.0,48200.0,48300.0,3271.0
2026-09-14 14:30:00+09:00,48350.0,48350.0,48200.0,48200.0,1700.0
2026-09-14 14:40:00+09:00,48300.0,48350.0,48100.0,48200.0,4154.0
2026-09-14 14:50:00+09:00,48150.0,48350.0,48150.0,48250.0,1978.0
2026-09-15 09:00:00+09:00,47750.0,48950.0,47750.0,48550.0,17365.0
2026-09-15 09:10:00+09:00,48550.0,48750.0,48450.0,48700.0,7248.0
2026-09-15 09:20:00+09:00,48700.0,49250.0,48650.0,48950.0,11110.0
2026-09-15 09:30:00+09:00,48950.0,49500.0,48950.0,49350.0,14990.0
2026-09-15 09:40:00+09:00,49350.0,49700.0,49300.0,49550.0,9711.0
2026-09-15 09:50:00+09:00,49500.0,49825.0,49350.0,49400.0,11588.0
2026-09-15 10:00:00+09:00,49400.0,49650.0,49400.0,49500.0,2810.0
2026-09-15 10:10:00+09:00,49475.0,49600.0,49450.0,49550.0,3192.0
2026-09-15 10:20:00+09:00,49550.0,49550.0,49250.0,49300.0,7456.0
2026-09-15 10:30:00+09:00,49300.0,49750.0,49250.0,49500.0,11878.0
2026-09-15 10:40:00+09:00,49550.0,49600.0,49400.0,49450.0,3759.0
2026-09-15 10:50:00+09:00,49450.0,49700.0,49400.0,49500.0,4719.0
2026-09-15 11:00:00+09:00,49550.0,49600.0,49500.0,49500.0,2349.0
2026-09-15 11:10:00+09:00,49500.0,49550.0,49400.0,49400.0,2814.0
2026-09-15 11:20:00+09:00,49450.0,49450.0,49350.0,49350.0,1326.0
2026-09-15 11:30:00+09:00,49350.0,49450.0,49300.0,49350.0,5767.0
2026-09-15 11:40:00+09:00,49350.0,49350.0,49200.0,49250.0,4396.0
2026-09-15 11:50:00+09:00,49250.0,49300.0,49100.0,49100.0,4563.0
2026-09-15 12:00:00+09:00,49100.0,49200.0,49050.0,49050.0,3510.0
2026-09-15 12:10:00+09:00,49050.0,49200.0,49050.0,49100.0,1677.0
2026-09-15 12:20:00+09:00,49050.0,49100.0,48950.0,49000.0,4810.0
2026-09-15 12:30:00+09:00,49000.0,49000.0,48950.0,48950.0,1262.0
2026-09-15 12:40:00+09:00,49000.0,49000.0,48950.0,49000.0,1422.0
2026-09-15 12:50:00+09:00,49000.0,49000.0,48900.0,48900.0,1651.0
2026-09-15 13:00:00+09:00,48900.0,49050.0,48800.0,49000.0,3716.0
2026-09-15 13:10:00+09:00,49050.0,49050.0,48950.0,49000.0,2813.0
2026-09-15 13:20:00+09:00,49000.0,49000.0,48850.0,48900.0,3925.0
2026-09-15 13:30:00+09:00,48900.0,49000.0,48800.0,48850.0,4017.0
2026-09-15 13:40:00+09:00,48800.0,48950.0,48800.0,48900.0,3330.0
2026-09-15 13:50:00+09:00,48900.0,48950.0,48650.0,48650.0,7827.0
2026-09-15 14:00:00+09:00,48700.0,48800.0,48650.0,48700.0,3495.0
2026-09-15 14:10:00+09:00,48650.0,48700.0,48500.0,48525.0,4870.0
2026-09-15 14:20:00+09:00,48525.0,48700.0,48500.0,48700.0,3653.0
2026-09-15 14:30:00+09:00,48700.0,48750.0,48650.0,48650.0,2270.0
2026-09-15 14:40:00+09:00,48700.0,48950.0,48700.0,48900.0,2054.0
2026-09-15 14:50:00+09:00,48850.0,48950.0,48800.0,48800.0,1967.0
2026-09-16 09:00:00+09:00,48600.0,48650.0,48250.0,48300.0,9541.0
2026-09-16 09:10:00+09:00,48250.0,48250.0,47950.0,48000.0,12471.0
2026-09-16 09:20:00+09:00,48000.0,48200.0,47950.0,47950.0,7547.0
2026-09-16 09:30:00+09:00,48000.0,48050.0,47950.0,48050.0,6928.0
2026-09-16 09:40:00+09:00,48050.0,48150.0,48000.0,48100.0,2791.0
2026-09-16 09:50:00+09:00,48100.0,48200.0,48050.0,48200.0,3153.0
2026-09-16 10:00:00+09:00,48200.0,48200.0,48000.0,48150.0,2448.0
2026-09-16 10:10:00+09:00,48050.0,48100.0,47950.0,48000.0,4099.0
2026-09-16 10:20:00+09:00,48000.0,48100.0,47950.0,48050.0,3137.0
2026-09-16 10:30:00+09:00,48050.0,48100.0,48000.0,48050.0,1943.0
2026-09-16 10:40:00+09:00,48050.0,48100.0,48000.0,48050.0,1680.0
2026-09-16 10:50:00+09:00,48050.0,48050.0,47750.0,47750.0,8743.0
2026-09-16 11:00:00+09:00,47750.0,47850.0,47750.0,47800.0,2345.0
2026-09-16 11:10:00+09:00,47800.0,48300.0,47800.0,48250.0,9555.0
2026-09-16 11:20:00+09:00,48300.0,48300.0,48200.0,48250.0,2829.0
2026-09-16 11:30:00+09:00,48250.0,48550.0,48250.0,48500.0,8926.0
2026-09-16 11:40:00+09:00,48500.0,48500.0,48400.0,48500.0,2983.0
2026-09-16 11:50:00+09:00,48500.0,48700.0,48450.0,48600.0,5344.0
2026-09-16 12:00:00+09:00,48600.0,48800.0,48600.0,48700.0,6268.0
2026-09-16 12:10:00+09:00,48750.0,48950.0,48700.0,48850.0,3694.0
2026-09-16 12:20:00+09:00,48900.0,49100.0,48900.0,48950.0,5422.0
2026-09-16 12:30:00+09:00,48950.0,49000.0,48850.0,48900.0,1896.0
2026-09-16 12:40:00+09:00,48900.0,48950.0,48850.0,48850.0,4092.0
2026-09-16 12:50:00+09:00,48850.0,49000.0,48850.0,48950.0,2926.0
2026-09-16 13:00:00+09:00,48950.0,49050.0,48900.0,48950.0,5812.0
2026-09-16 13:10:00+09:00,48950.0,49000.0,48850.0,48850.0,3592.0
2026-09-16 13:20:00+09:00,48850.0,48900.0,48650.0,48700.0,8357.0
2026-09-16 13:30:00+09:00,48700.0,48750.0,48550.0,48550.0,6250.0
2026-09-16 13:40:00+09:00,48550.0,48700.0,48500.0,48500.0,5895.0
2026-09-16 13:50:00+09:00,48500.0,48600.0,48450.0,48500.0,4200.0
2026-09-16 14:00:00+09:00,48500.0,48500.0,48400.0,48400.0,2942.0
2026-09-16 14:10:00+09:00,48400.0,48450.0,48300.0,48450.0,6050.0
2026-09-16 14:20:00+09:00,48450.0,48500.0,48350.0,48350.0,6096.0
2026-09-16 14:30:00+09:00,48350.0,48400.0,48300.0,48350.0,5371.0
2026-09-16 14:40:00+09:00,48300.0,48350.0,48200.0,48200.0,6775.0
2026-09-16 14:50:00+09:00,48250.0,48250.0,48150.0,48200.0,6369.0
2026-09-17 09:00:00+09:00,48400.0,48800.0,48150.0,48150.0,12246.0
2026-09-17 09:10:00+09:00,48200.0,48250.0,48050.0,48150.0,8281.0
2026-09-17 09:20:00+09:00,48150.0,48200.0,47950.0,47950.0,16451.0
2026-09-17 09:30:00+09:00,47950.0,48000.0,47850.0,47950.0,7425.0
2026-09-17 09:40:00+09:00,47900.0,47950.0,47800.0,47850.0,9836.0
2026-09-17 09:50:00+09:00,47850.0,48000.0,47750.0,48000.0,9223.0
2026-09-17 10:00:00+09:00,47950.0,48250.0,47950.0,48200.0,2798.0
2026-09-17 10:10:00+09:00,48200.0,48200.0,48000.0,48100.0,2569.0
2026-09-17 10:20:00+09:00,48050.0,48300.0,47900.0,48150.0,6571.0
2026-09-17 10:30:00+09:00,48150.0,48200.0,48050.0,48100.0,3571.0
2026-09-17 10:40:00+09:00,48100.0,48200.0,48050.0,48050.0,3101.0
2026-09-17 10:50:00+09:00,48050.0,48100.0,48000.0,48000.0,4276.0
2026-09-17 11:00:00+09:00,48000.0,48050.0,47950.0,47950.0,2319.0
2026-09-17 11:10:00+09:00,47950.0,48000.0,47950.0,47950.0,1960.0
2026-09-17 11:20:00+09:00,47950.0,48350.0,47900.0,47900.0,7806.0
2026-09-17 11:30:00+09:00,47900.0,48000.0,47900.0,47900.0,1430.0
2026-09-17 11:40:00+09:00,47900.0,48050.0,47900.0,48000.0,1758.0
2026-09-17 11:50:00+09:00,48000.0,48050.0,47950.0,48000.0,2114.0
2026-09-17 12:00:00+09:00,48050.0,48200.0,48000.0,48150.0,1882.0
2026-09-17 12:10:00+09:00,48150.0,48200.0,47950.0,47950.0,1784.0
2026-09-17 12:20:00+09:00,47950.0,48050.0,47950.0,48000.0,1440.0
2026-09-17 12:30:00+09:00,48000.0,48100.0,48000.0,48050.0,2239.0
2026-09-17 12:40:00+09:00,48050.0,48300.0,48050.0,48250.0,2924.0
2026-09-17 12:50:00+09:00,48250.0,48400.0,48200.0,48350.0,3959.0
2026-09-17 13:00:00+09:00,48350.0,48400.0,48200.0,48200.0,2131.0
2026-09-17 13:10:00+09:00,48200.0,48250.0,48100.0,48100.0,3538.0
2026-09-17 13:20:00+09:00,48100.0,48200.0,48050.0,48100.0,4431.0
2026-09-17 13:30:00+09:00,48050.0,48300.0,48050.0,48300.0,3980.0
2026-09-17 13:40:00+09:00,48250.0,48350.0,48200.0,48250.0,3007.0
2026-09-17 13:50:00+09:00,48250.0,48300.0,48150.0,48250.0,2040.0
2026-09-17 14:00:00+09:00,48200.0,48300.0,48150.0,48250.0,2658.0
2026-09-17 14:10:00+09:00,48250.0,48400.0,48200.0,48300.0,4309.0
2026-09-17 14:20:00+09:00,48300.0,48350.0,48200.0,48250.0,4163.0
2026-09-17 14:30:00+09:00,48250.0,48300.0,48150.0,48200.0,3096.0
2026-09-17 14:40:00+09:00,48200.0,48300.0,48150.0,48250.0,3993.0
2026-09-17 14:50:00+09:00,48250.0,48300.0,48150.0,48150.0,2461.0
2026-09-18 09:00:00+09:00,48950.0,49200.0,48800.0,49000.0,22883.0
2026-09-18 09:10:00+09:00,49000.0,49000.0,48700.0,48700.0,7744.0
2026-09-18 09:20:00+09:00,48700.0,48800.0,48700.0,48800.0,4999.0
2026-09-18 09:30:00+09:00,48800.0,48900.0,48800.0,48800.0,4101.0
2026-09-18 09:40:00+09:00,48800.0,48900.0,48650.0,48700.0,6753.0
2026-09-18 09:50:00+09:00,48700.0,48700.0,48550.0,48600.0,6215.0
2026-09-18 10:00:00+09:00,48600.0,48650.0,48500.0,48500.0,3961.0
2026-09-18 10:10:00+09:00,48600.0,48600.0,48250.0,48400.0,6321.0
2026-09-18 10:20:00+09:00,48400.0,48400.0,48050.0,48150.0,11956.0
2026-09-18 10:30:00+09:00,48150.0,48300.0,48050.0,48300.0,3995.0
2026-09-18 10:40:00+09:00,48250.0,48500.0,48150.0,48300.0,4827.0
2026-09-18 10:50:00+09:00,48300.0,48400.0,48200.0,48400.0,7440.0
2026-09-18 11:00:00+09:00,48450.0,48500.0,48250.0,48300.0,2971.0
2026-09-18 11:10:00+09:00,48350.0,48400.0,48250.0,48350.0,2941.0
2026-09-18 11:20:00+09:00,48300.0,48450.0,48250.0,48400.0,2038.0
2026-09-18 11:30:00+09:00,48400.0,48500.0,48250.0,48450.0,2402.0
2026-09-18 11:40:00+09:00,48500.0,48500.0,48250.0,48350.0,2917.0
2026-09-18 11:50:00+09:00,48350.0,48500.0,48300.0,48450.0,3276.0
2026-09-18 12:00:00+09:00,48450.0,48500.0,48250.0,48450.0,4783.0
2026-09-18 12:10:00+09:00,48500.0,48500.0,48350.0,48450.0,3979.0
2026-09-18 12:20:00+09:00,48450.0,48550.0,48350.0,48350.0,3130.0
2026-09-18 12:30:00+09:00,48450.0,48450.0,48250.0,48300.0,3427.0
2026-09-18 12:40:00+09:00,48250.0,48500.0,48250.0,48500.0,4010.0
2026-09-18 12:50:00+09:00,48500.0,48500.0,48250.0,48400.0,3791.0
2026-09-18 13:00:00+09:00,48450.0,48450.0,48300.0,48350.0,4010.0
2026-09-18 13:10:00+09:00,48350.0,48400.0,48250.0,48300.0,3951.0
2026-09-18 13:20:00+09:00,48300.0,48400.0,48250.0,48400.0,4165.0
2026-09-18 13:30:00+09:00,48400.0,48400.0,48250.0,48300.0,1855.0
2026-09-18 13:40:00+09:00,48300.0,48400.0,48250.0,48300.0,3848.0
2026-09-18 13:50:00+09:00,48250.0,48550.0,48250.0,48400.0,8674.0
2026-09-18 14:00:00+09:00,48350.0,48450.0,48250.0,48350.0,3930.0
2026-09-18 14:10:00+09:00,48400.0,48400.0,48250.0,48300.0,4008.0
2026-09-18 14:20:00+09:00,48250.0,48450.0,48200.0,48250.0,6321.0
2026-09-18 14:30:00+09:00,48250.0,48300.0,48150.0,48200.0,7923.0
2026-09-18 14:40:00+09:00,48150.0,48250.0,48150.0,48200.0,5557.0
2026-09-18 14:50:00+09:00,48200.0,48200.0,48050.0,48050.0,9231.0
2026-09-21 09:00:00+09:00,48100.0,48100.0,47550.0,47600.0,7279.0
2026-09-21 09:10:00+09:00,47600.0,47650.0,47500.0,47600.0,14066.0
2026-09-21 09:20:00+09:00,47600.0,47600.0,47150.0,47250.0,27077.0
2026-09-21 09:30:00+09:00,47250.0,47400.0,47150.0,47300.0,12415.0
2026-09-21 09:40:00+09:00,47250.0,47300.0,47200.0,47250.0,6797.0
2026-09-21 09:50:00+09:00,47250.0,47350.0,47200.0,47250.0,9884.0
2026-09-21 10:00:00+09:00,47225.0,47500.0,47200.0,47450.0,9366.0
2026-09-21 10:10:00+09:00,47500.0,47675.0,47300.0,47350.0,6776.0
2026-09-21 10:20:00+09:00,47350.0,47500.0,47250.0,47400.0,7262.0
2026-09-21 10:30:00+09:00,47400.0,47450.0,47300.0,47350.0,4447.0
2026-09-21 10:40:00+09:00,47350.0,47350.0,47250.0,47300.0,6157.0
2026-09-21 10:50:00+09:00,47300.0,47400.0,47250.0,47300.0,7793.0
2026-09-21 11:00:00+09:00,47300.0,47500.0,47300.0,47450.0,3158.0
2026-09-21 11:10:00+09:00,47500.0,47600.0,47400.0,47550.0,3188.0
2026-09-21 11:20:00+09:00,47550.0,47650.0,47500.0,47500.0,2516.0
2026-09-21 11:30:00+09:00,47550.0,47550.0,47300.0,47350.0,3688.0
2026-09-21 11:40:00+09:00,47300.0,47600.0,47300.0,47500.0,2560.0
2026-09-21 11:50:00+09:00,47500.0,47500.0,47400.0,47450.0,1643.0
2026-09-21 12:00:00+09:00,47450.0,47500.0,47350.0,47450.0,3211.0
2026-09-21 12:10:00+09:00,47450.0,47500.0,47400.0,47500.0,1764.0
2026-09-21 12:20:00+09:00,47500.0,47550.0,47400.0,47400.0,1268.0
2026-09-21 12:30:00+09:00,47400.0,47450.0,47400.0,47400.0,1861.0
2026-09-21 12:40:00+09:00,47400.0,47500.0,47350.0,47500.0,3586.0
2026-09-21 12:50:00+09:00,47450.0,47500.0,47400.0,47400.0,2365.0
2026-09-21 13:00:00+09:00,47400.0,47450.0,47400.0,47400.0,2530.0
2026-09-21 13:10:00+09:00,47400.0,47450.0,47350.0,47400.0,3332.0
2026-09-21 13:20:00+09:00,47450.0,47450.0,47300.0,47300.0,3400.0
2026-09-21 13:30:00+09:00,47300.0,47450.0,47300.0,47300.0,3785.0
2026-09-21 13:40:00+09:00,47350.0,47400.0,47300.0,47300.0,2935.0
2026-09-21 13:50:00+09:00,47300.0,47350.0,47250.0,47250.0,3145.0
2026-09-21 14:00:00+09:00,47300.0,47300.0,47250.0,47250.0,3874.0
2026-09-21 14:10:00+09:00,47300.0,47400.0,47250.0,47400.0,4379.0
2026-09-21 14:20:00+09:00,47400.0,47400.0,47350.0,47350.0,3144.0
2026-09-21 14:30:00+09:00,47350.0,47400.0,47300.0,47350.0,2331.0
2026-09-21 14:40:00+09:00,47300.0,47350.0,47150.0,47150.0,15066.0
2026-09-21 14:50:00+09:00,47200.0,47250.0,47100.0,47100.0,12350.0
2026-09-22 09:00:00+09:00,47500.0,48250.0,47500.0,47850.0,33508.0
2026-09-22 09:10:00+09:00,47850.0,47850.0,47500.0,47650.0,14177.0
2026-09-22 09:20:00+09:00,47600.0,47650.0,47500.0,47650.0,8872.0
2026-09-22 09:30:00+09:00,47600.0,47800.0,47600.0,47650.0,10750.0
2026-09-22 09:40:00+09:00,47600.0,47650.0,47500.0,47650.0,4675.0
2026-09-22 09:50:00+09:00,47600.0,47750.0,47500.0,47650.0,7548.0
2026-09-22 10:00:00+09:00,47650.0,47800.0,47650.0,47650.0,3340.0
2026-09-22 10:10:00+09:00,47700.0,47700.0,47250.0,47350.0,14016.0
2026-09-22 10:20:00+09:00,47300.0,47350.0,47150.0,47200.0,6636.0
2026-09-22 10:30:00+09:00,47200.0,47300.0,47200.0,47300.0,3080.0
2026-09-22 10:40:00+09:00,47300.0,47450.0,47250.0,47350.0,3013.0
2026-09-22 10:50:00+09:00,47350.0,47350.0,47300.0,47300.0,2638.0
2026-09-22 11:00:00+09:00,47350.0,47400.0,47250.0,47300.0,5866.0
2026-09-22 11:10:00+09:00,47300.0,47350.0,47200.0,47250.0,3161.0
2026-09-22 11:20:00+09:00,47250.0,47400.0,47200.0,47350.0,3088.0
2026-09-22 11:30:00+09:00,47400.0,47550.0,47350.0,47400.0,4083.0
2026-09-22 11:40:00+09:00,47400.0,47450.0,47350.0,47350.0,3206.0
2026-09-22 11:50:00+09:00,47400.0,47400.0,47250.0,47250.0,3024.0
2026-09-22 12:00:00+09:00,47250.0,47300.0,47100.0,47150.0,9284.0
2026-09-22 12:10:00+09:00,47100.0,47150.0,47050.0,47100.0,5844.0
2026-09-22 12:20:00+09:00,47100.0,47125.0,47050.0,47100.0,5419.0
2026-09-22 12:30:00+09:00,47100.0,47100.0,46650.0,46700.0,23709.0
2026-09-22 12:40:00+09:00,46700.0,46700.0,46200.0,46700.0,17593.0
2026-09-22 12:50:00+09:00,46700.0,46750.0,46450.0,46500.0,8886.0
2026-09-22 13:00:00+09:00,46450.0,46600.0,46350.0,46400.0,9585.0
2026-09-22 13:10:00+09:00,46350.0,46400.0,46300.0,46300.0,6291.0
2026-09-22 13:20:00+09:00,46300.0,46350.0,46200.0,46300.0,8948.0
2026-09-22 13:30:00+09:00,46300.0,46350.0,46150.0,46200.0,9857.0
2026-09-22 13:40:00+09:00,46150.0,46200.0,46050.0,46100.0,9981.0
2026-09-22 13:50:00+09:00,46050.0,46100.0,45900.0,45950.0,20926.0
2026-09-22 14:00:00+09:00,45900.0,46050.0,45850.0,46000.0,10603.0
2026-09-22 14:10:00+09:00,46050.0,46050.0,46000.0,46050.0,6148.0
2026-09-22 14:20:00+09:00,46000.0,46050.0,45900.0,45925.0,10361.0
2026-09-22 14:30:00+09:00,45925.0,46050.0,45900.0,46000.0,9777.0
2026-09-22 14:40:00+09:00,46000.0,46050.0,45850.0,45900.0,8315.0
2026-09-22 14:50:00+09:00,45900.0,45950.0,45850.0,45850.0,10766.0
