,Open,High,Low,Close,Volume
2026-06-29 09:00:00+09:00,72000.0,75000.0,72000.0,74000.0,32780.0
2026-06-29 09:10:00+09:00,74100.0,75100.0,74100.0,74300.0,37256.0
2026-06-29 09:20:00+09:00,74300.0,74900.0,73800.0,74900.0,16165.0
2026-06-29 09:30:00+09:00,74800.0,76100.0,74500.0,76000.0,35404.0
2026-06-29 09:40:00+09:00,76000.0,77000.0,76000.0,76400.0,28064.0
2026-06-29 09:50:00+09:00,76350.0,77000.0,76300.0,76400.0,14625.0
2026-06-29 10:00:00+09:00,76400.0,76900.0,76200.0,76400.0,22008.0
2026-06-29 10:10:00+09:00,76400.0,77000.0,76300.0,76700.0,12852.0
2026-06-29 10:20:00+09:00,76700.0,77300.0,76700.0,76900.0,13469.0
2026-06-29 10:30:00+09:00,76900.0,77200.0,76900.0,77100.0,7537.0
2026-06-29 10:40:00+09:00,77200.0,77200.0,76100.0,76400.0,14435.0
2026-06-29 10:50:00+09:00,76300.0,76500.0,76000.0,76200.0,15228.0
2026-06-29 11:00:00+09:00,76300.0,76300.0,75500.0,75600.0,11914.0
2026-06-29 11:10:00+09:00,75700.0,75700.0,75100.0,75400.0,13797.0
2026-06-29 11:20:00+09:00,75400.0,76100.0,75400.0,75800.0,11322.0
2026-06-29 11:30:00+09:00,75800.0,75900.0,75400.0,75600.0,10383.0
2026-06-29 11:40:00+09:00,75600.0,76100.0,75500.0,76000.0,4825.0
2026-06-29 11:50:00+09:00,75900.0,76000.0,75400.0,75600.0,12288.0
2026-06-29 12:00:00+09:00,75500.0,76300.0,75500.0,75900.0,8052.0
2026-06-29 12:10:00+09:00,75900.0,76100.0,75700.0,75900.0,9030.0
2026-06-29 12:20:00+09:00,75800.0,76200.0,75400.0,75800.0,6444.0
2026-06-29 12:30:00+09:00,75800.0,75800.0,75000.0,75300.0,19238.0
2026-06-29 12:40:00+09:00,75300.0,75600.0,75100.0,75400.0,3772.0
2026-06-29 12:50:00+09:00,75400.0,76200.0,75400.0,76000.0,9491.0
2026-06-29 13:00:00+09:00,75900.0,76300.0,75800.0,76000.0,6372.0
2026-06-29 13:10:00+09:00,75900.0,76000.0,75600.0,75700.0,5872.0
2026-06-29 13:20:00+09:00,75700.0,75800.0,75500.0,75700.0,5631.0
2026-06-29 13:30:00+09:00,75700.0,75800.0,75400.0,75700.0,7738.0
2026-06-29 13:40:00+09:00,75600.0,75700.0,75300.0,75700.0,6668.0
2026-06-29 13:50:00+09:00,75700.0,75800.0,75300.0,75400.0,11291.0
2026-06-29 14:00:00+09:00,75400.0,75900.0,75300.0,75800.0,9627.0
2026-06-29 14:10:00+09:00,75900.0,76300.0,75800.0,76200.0,10028.0
2026-06-29 14:20:00+09:00,76200.0,76200.0,75900.0,75900.0,8670.0
2026-06-29 14:30:00+09:00,76000.0,76500.0,75800.0,76200.0,12536.0
2026-06-29 14:40:00+09:00,76200.0,76900.0,76200.0,76900.0,12146.0
2026-06-29 14:50:00+09:00,76900.0,77300.0,76700.0,77200.0,15571.0
2026-06-30 09:00:00+09:00,77600.0,78200.0,74300.0,74900.0,86295.0
2026-06-30 09:10:00+09:00,74900.0,75200.0,74100.0,74300.0,26948.0
2026-06-30 09:20:00+09:00,74400.0,75300.0,74300.0,74800.0,16428.0
2026-06-30 09:30:00+09:00,74800.0,74800.0,73600.0,74000.0,32186.0
2026-06-30 09:40:00+09:00,74000.0,74000.0,73000.0,73300.0,19423.0
2026-06-30 09:50:00+09:00,73300.0,73900.0,73200.0,73700.0,12048.0
2026-06-30 10:00:00+09:00,73600.0,74000.0,73400.0,73800.0,12017.0
2026-06-30 10:10:00+09:00,73800.0,73900.0,73300.0,73700.0,16120.0
2026-06-30 10:20:00+09:00,73800.0,73900.0,73300.0,73800.0,15011.0
2026-06-30 10:30:00+09:00,73700.0,74200.0,73700.0,73800.0,11486.0
2026-06-30 10:40:00+09:00,73800.0,73900.0,73500.0,73500.0,10995.0
2026-06-30 10:50:00+09:00,73600.0,74200.0,73500.0,74100.0,10507.0
2026-06-30 11:00:00+09:00,74000.0,74100.0,73300.0,73350.0,7133.0
2026-06-30 11:10:00+09:00,73350.0,73350.0,73000.0,73000.0,8777.0
2026-06-30 11:20:00+09:00,73100.0,73600.0,73000.0,73400.0,15589.0
2026-06-30 11:30:00+09:00,73400.0,73600.0,73300.0,73500.0,9863.0
2026-06-30 11:40:00+09:00,73500.0,73600.0,73500.0,73600.0,2157.0
2026-06-30 11:50:00+09:00,73600.0,73900.0,73300.0,73600.0,18615.0
2026-06-30 12:00:00+09:00,73700.0,74200.0,73600.0,74200.0,11577.0
2026-06-30 12:10:00+09:00,74200.0,74300.0,73900.0,74000.0,11189.0
2026-06-30 12:20:00+09:00,74000.0,74500.0,74000.0,74300.0,10458.0
2026-06-30 12:30:00+09:00,74300.0,74400.0,74200.0,74200.0,4873.0
2026-06-30 12:40:00+09:00,74300.0,74300.0,74000.0,74000.0,5490.0
2026-06-30 12:50:00+09:00,74100.0,74200.0,73800.0,74000.0,22186.0
2026-06-30 13:00:00+09:00,73900.0,74000.0,73700.0,73700.0,6967.0
2026-06-30 13:10:00+09:00,73700.0,73800.0,73300.0,73400.0,7788.0
2026-06-30 13:20:00+09:00,73400.0,73700.0,73350.0,73500.0,20812.0
2026-06-30 13:30:00+09:00,73400.0,74200.0,73400.0,74100.0,17589.0
2026-06-30 13:40:00+09:00,74200.0,74200.0,73800.0,73900.0,11570.0
2026-06-30 13:50:00+09:00,73900.0,74300.0,73800.0,74100.0,15090.0
2026-06-30 14:00:00+09:00,74100.0,74300.0,73800.0,74100.0,17454.0
2026-06-30 14:10:00+09:00,74100.0,74100.0,73600.0,73600.0,12683.0
2026-06-30 14:20:00+09:00,73700.0,73900.0,73500.0,73600.0,20364.0
2026-06-30 14:30:00+09:00,73600.0,73700.0,73200.0,73200.0,13910.0
2026-06-30 14:40:00+09:00,73300.0,73800.0,73300.0,73500.0,14968.0
2026-06-30 14:50:00+09:00,73500.0,73600.0,73200.0,73200.0,14512.0
2026-07-01 09:00:00+09:00,74300.0,74900.0,72700.0,74000.0,55547.0
2026-07-01 09:10:00+09:00,74000.0,77000.0,73900.0,76900.0,62457.0
2026-07-01 09:20:00+09:00,76900.0,77300.0,76100.0,76500.0,44938.0
2026-07-01 09:30:00+09:00,76500.0,77000.0,75900.0,76800.0,23886.0
2026-07-01 09:40:00+09:00,76800.0,77900.0,76800.0,77500.0,27403.0
2026-07-01 09:50:00+09:00,77500.0,78100.0,77300.0,77500.0,29387.0
2026-07-01 10:00:00+09:00,77400.0,78100.0,77200.0,77200.0,18613.0
2026-07-01 10:10:00+09:00,77250.0,77250.0,76100.0,76200.0,17538.0
2026-07-01 10:20:00+09:00,76200.0,77400.0,76200.0,76900.0,18068.0
2026-07-01 10:30:00+09:00,76900.0,77000.0,76500.0,76800.0,9556.0
2026-07-01 10:40:00+09:00,76700.0,76900.0,76100.0,76400.0,13677.0
2026-07-01 10:50:00+09:00,76400.0,76900.0,76200.0,76900.0,10065.0
2026-07-01 11:00:00+09:00,76900.0,77000.0,75900.0,76000.0,10252.0
2026-07-01 11:10:00+09:00,75900.0,76000.0,75400.0,75800.0,13192.0
2026-07-01 11:20:00+09:00,75800.0,76300.0,75500.0,76000.0,8252.0
2026-07-01 11:30:00+09:00,75800.0,76400.0,75700.0,76100.0,8680.0
2026-07-01 11:40:00+09:00,76000.0,77200.0,76000.0,77000.0,11318.0
2026-07-01 11:50:00+09:00,77000.0,77000.0,76400.0,76400.0,5844.0
2026-07-01 12:00:00+09:00,76400.0,76600.0,76400.0,76500.0,6099.0
2026-07-01 12:10:00+09:00,76500.0,76600.0,76100.0,76300.0,6591.0
2026-07-01 12:20:00+09:00,76300.0,76600.0,76200.0,76500.0,4215.0
2026-07-01 12:30:00+09:00,76500.0,76900.0,76400.0,76800.0,10903.0
2026-07-01 12:40:00+09:00,76700.0,76800.0,76400.0,76600.0,7358.0
2026-07-01 12:50:00+09:00,76600.0,77000.0,76500.0,76900.0,10266.0
2026-07-01 13:00:00+09:00,77000.0,77000.0,76600.0,76600.0,8827.0
2026-07-01 13:10:00+09:00,76600.0,76800.0,76300.0,76600.0,8564.0
2026-07-01 13:20:00+09:00,76600.0,76600.0,76100.0,76300.0,10899.0
2026-07-01 13:30:00+09:00,76200.0,76400.0,76000.0,76400.0,9180.0
2026-07-01 13:40:00+09:00,76300.0,76500.0,76300.0,76500.0,6341.0
2026-07-01 13:50:00+09:00,76500.0,76500.0,75900.0,76000.0,9469.0
2026-07-01 14:00:00+09:00,75900.0,76700.0,75700.0,76700.0,13204.0
2026-07-01 14:10:00+09:00,76600.0,76600.0,76200.0,76400.0,11543.0
2026-07-01 14:20:00+09:00,76500.0,76700.0,76400.0,76500.0,12632.0
2026-07-01 14:30:00+09:00,76600.0,76600.0,76100.0,76200.0,11012.0
2026-07-01 14:40:00+09:00,76200.0,76400.0,75900.0,76200.0,17444.0
2026-07-01 14:50:00+09:00,76100.0,76600.0,76000.0,76300.0,17383.0
2026-07-02 09:00:00+09:00,78000.0,78400.0,73800.0,75500.0,124482.0
2026-07-02 09:10:00+09:00,75400.0,75600.0,72500.0,72600.0,40703.0
2026-07-02 09:20:00+09:00,72700.0,73100.0,72300.0,72800.0,28957.0
2026-07-02 09:30:00+09:00,72800.0,73800.0,72500.0,73200.0,20699.0
2026-07-02 09:40:00+09:00,73150.0,73200.0,72500.0,73100.0,18823.0
2026-07-02 09:50:00+09:00,73200.0,74000.0,72600.0,73400.0,19110.0
2026-07-02 10:00:00+09:00,73200.0,74500.0,73000.0,74400.0,22435.0
2026-07-02 10:10:00+09:00,74500.0,75400.0,74150.0,75400.0,16075.0
2026-07-02 10:20:00+09:00,75300.0,76200.0,75100.0,76100.0,16043.0
2026-07-02 10:30:00+09:00,76150.0,76700.0,75800.0,76600.0,13758.0
2026-07-02 10:40:00+09:00,76600.0,76800.0,76100.0,76600.0,9603.0
2026-07-02 10:50:00+09:00,76400.0,77000.0,76300.0,76700.0,10656.0
2026-07-02 11:00:00+09:00,76800.0,77300.0,76200.0,76800.0,15613.0
2026-07-02 11:10:00+09:00,76700.0,76800.0,76100.0,76200.0,6693.0
2026-07-02 11:20:00+09:00,76300.0,76600.0,75900.0,76100.0,9169.0
2026-07-02 11:30:00+09:00,76100.0,76300.0,75600.0,76200.0,5281.0
2026-07-02 11:40:00+09:00,76200.0,76400.0,75900.0,76300.0,5579.0
2026-07-02 11:50:00+09:00,76200.0,76600.0,76000.0,76400.0,6263.0
2026-07-02 12:00:00+09:00,76400.0,76500.0,75900.0,76100.0,5381.0
2026-07-02 12:10:00+09:00,76100.0,76100.0,75800.0,75900.0,1774.0
2026-07-02 12:20:00+09:00,75900.0,76000.0,75400.0,75500.0,5568.0
2026-07-02 12:30:00+09:00,75500.0,75800.0,75300.0,75600.0,5347.0
2026-07-02 12:40:00+09:00,75600.0,75600.0,75200.0,75500.0,4527.0
2026-07-02 12:50:00+09:00,75400.0,75800.0,75100.0,75300.0,5675.0
2026-07-02 13:00:00+09:00,75300.0,75400.0,74900.0,75300.0,4814.0
2026-07-02 13:10:00+09:00,75300.0,75300.0,74800.0,74900.0,4962.0
2026-07-02 13:20:00+09:00,74900.0,75500.0,74400.0,75400.0,10739.0
2026-07-02 13:30:00+09:00,75400.0,75500.0,74500.0,74700.0,7024.0
2026-07-02 13:40:00+09:00,74800.0,74800.0,74200.0,74500.0,8661.0
2026-07-02 13:50:00+09:00,74500.0,75600.0,74300.0,75400.0,8378.0
2026-07-02 14:00:00+09:00,75500.0,75800.0,74900.0,75700.0,6805.0
2026-07-02 14:10:00+09:00,75700.0,75800.0,75400.0,75600.0,6571.0
2026-07-02 14:20:00+09:00,75500.0,75700.0,75300.0,75400.0,7474.0
2026-07-02 14:30:00+09:00,75500.0,75500.0,74700.0,74800.0,7518.0
2026-07-02 14:40:00+09:00,74700.0,74900.0,74000.0,74200.0,10165.0
2026-07-02 14:50:00+09:00,74200.0,74900.0,74100.0,74400.0,10449.0
2026-07-03 09:00:00+09:00,70200.0,73800.0,70200.0,71800.0,82690.0
2026-07-03 09:10:00+09:00,71600.0,71800.0,71000.0,71000.0,18680.0
2026-07-03 09:20:00+09:00,71100.0,71400.0,70300.0,71100.0,18429.0
2026-07-03 09:30:00+09:00,71100.0,71800.0,70500.0,71600.0,18161.0
2026-07-03 09:40:00+09:00,71600.0,71700.0,70600.0,71000.0,17659.0
2026-07-03 09:50:00+09:00,71100.0,71200.0,70500.0,70600.0,21815.0
2026-07-03 10:00:00+09:00,70600.0,72400.0,70100.0,72000.0,32985.0
2026-07-03 10:10:00+09:00,72000.0,73200.0,71700.0,72900.0,15595.0
2026-07-03 10:20:00+09:00,72900.0,73400.0,72700.0,72800.0,13497.0
2026-07-03 10:30:00+09:00,72900.0,73000.0,72300.0,72500.0,17676.0
2026-07-03 10:40:00+09:00,72500.0,72700.0,72150.0,72300.0,13107.0
2026-07-03 10:50:00+09:00,72300.0,72500.0,72000.0,72200.0,15410.0
2026-07-03 11:00:00+09:00,72200.0,72900.0,72100.0,72800.0,9609.0
2026-07-03 11:10:00+09:00,72900.0,72900.0,72300.0,72500.0,14513.0
2026-07-03 11:20:00+09:00,72500.0,73000.0,72500.0,72900.0,5310.0
2026-07-03 11:30:00+09:00,72900.0,73000.0,72500.0,72700.0,8720.0
2026-07-03 11:40:00+09:00,72700.0,72900.0,72600.0,72900.0,4691.0
2026-07-03 11:50:00+09:00,72800.0,73100.0,72800.0,73000.0,6218.0
2026-07-03 12:00:00+09:00,73000.0,73000.0,72600.0,72900.0,6952.0
2026-07-03 12:10:00+09:00,72900.0,73300.0,72800.0,73300.0,6244.0
2026-07-03 12:20:00+09:00,73200.0,73400.0,73000.0,73200.0,8414.0
2026-07-03 12:30:00+09:00,73200.0,73400.0,72800.0,72900.0,5473.0
2026-07-03 12:40:00+09:00,72900.0,72900.0,72600.0,72800.0,9387.0
2026-07-03 12:50:00+09:00,72900.0,73300.0,72700.0,73300.0,6898.0
2026-07-03 13:00:00+09:00,73200.0,73300.0,73100.0,73300.0,7655.0
2026-07-03 13:10:00+09:00,73300.0,73500.0,73100.0,73200.0,6261.0
2026-07-03 13:20:00+09:00,73100.0,73500.0,73100.0,73400.0,7528.0
2026-07-03 13:30:00+09:00,73400.0,73500.0,73200.0,73300.0,7803.0
2026-07-03 13:40:00+09:00,73300.0,73800.0,73100.0,73300.0,9253.0
2026-07-03 13:50:00+09:00,73200.0,74300.0,73000.0,73900.0,21264.0
2026-07-03 14:00:00+09:00,73800.0,74200.0,73700.0,74100.0,8661.0
2026-07-03 14:10:00+09:00,74100.0,74200.0,73600.0,73900.0,11691.0
2026-07-03 14:20:00+09:00,73900.0,74600.0,73800.0,74400.0,12604.0
2026-07-03 14:30:00+09:00,74450.0,75300.0,74400.0,75000.0,15504.0
2026-07-03 14:40:00+09:00,75000.0,75100.0,73900.0,73900.0,22883.0
2026-07-03 14:50:00+09:00,73900.0,74600.0,73800.0,74400.0,17889.0
2026-07-06 09:00:00+09:00,77700.0,83800.0,77100.0,83100.0,71903.0
2026-07-06 09:10:00+09:00,83100.0,87900.0,83000.0,87500.0,185774.0
2026-07-06 09:20:00+09:00,87600.0,87600.0,82200.0,82200.0,114160.0
2026-07-06 09:30:00+09:00,82200.0,84200.0,82200.0,84100.0,68690.0
2026-07-06 09:40:00+09:00,84100.0,85200.0,83700.0,84200.0,56503.0
2026-07-06 09:50:00+09:00,84200.0,84300.0,82900.0,83200.0,37950.0
2026-07-06 10:00:00+09:00,83200.0,83400.0,82000.0,82600.0,38775.0
2026-07-06 10:10:00+09:00,82500.0,83300.0,82300.0,83300.0,24951.0
2026-07-06 10:20:00+09:00,83200.0,83500.0,82500.0,83400.0,19157.0
2026-07-06 10:30:00+09:00,83400.0,83500.0,80800.0,81600.0,38514.0
2026-07-06 10:40:00+09:00,81550.0,82100.0,80800.0,80900.0,16021.0
2026-07-06 10:50:00+09:00,80900.0,81100.0,80100.0,80400.0,23862.0
2026-07-06 11:00:00+09:00,80300.0,81000.0,80000.0,80300.0,25909.0
2026-07-06 11:10:00+09:00,80300.0,80500.0,79400.0,79500.0,15898.0
2026-07-06 11:20:00+09:00,79500.0,80100.0,78900.0,78900.0,19094.0
2026-07-06 11:30:00+09:00,78900.0,79300.0,78600.0,78900.0,11807.0
2026-07-06 11:40:00+09:00,78800.0,78800.0,78000.0,78100.0,19729.0
2026-07-06 11:50:00+09:00,78100.0,78500.0,77800.0,78300.0,21030.0
2026-07-06 12:00:00+09:00,78300.0,78800.0,78100.0,78800.0,13601.0
2026-07-06 12:10:00+09:00,78800.0,79300.0,78700.0,78800.0,17434.0
2026-07-06 12:20:00+09:00,78900.0,79100.0,78600.0,79000.0,12534.0
2026-07-06 12:30:00+09:00,79100.0,79100.0,78500.0,78800.0,10782.0
2026-07-06 12:40:00+09:00,78800.0,79100.0,78300.0,78500.0,19162.0
2026-07-06 12:50:00+09:00,78700.0,78900.0,78300.0,78800.0,7923.0
2026-07-06 13:00:00+09:00,78800.0,78800.0,78300.0,78400.0,16811.0
2026-07-06 13:10:00+09:00,78400.0,79400.0,78400.0,79400.0,9652.0
2026-07-06 13:20:00+09:00,79300.0,79900.0,79200.0,79300.0,14710.0
2026-07-06 13:30:00+09:00,79300.0,79700.0,79200.0,79500.0,8225.0
2026-07-06 13:40:00+09:00,79500.0,80400.0,79400.0,80200.0,17380.0
2026-07-06 13:50:00+09:00,80200.0,80900.0,80100.0,80800.0,10142.0
2026-07-06 14:00:00+09:00,80800.0,80900.0,80200.0,80650.0,11851.0
2026-07-06 14:10:00+09:00,80700.0,81100.0,80300.0,80500.0,15146.0
2026-07-06 14:20:00+09:00,80500.0,80600.0,79600.0,79800.0,10718.0
2026-07-06 14:30:00+09:00,79800.0,80000.0,79200.0,79700.0,9812.0
2026-07-06 14:40:00+09:00,79500.0,80000.0,79500.0,79800.0,11732.0
2026-07-06 14:50:00+09:00,79800.0,81100.0,79600.0,80900.0,17979.0
2026-07-07 09:00:00+09:00,73400.0,73700.0,67900.0,68500.0,216347.0
2026-07-07 09:10:00+09:00,68500.0,68900.0,66500.0,68600.0,125493.0
2026-07-07 09:20:00+09:00,68600.0,70700.0,68000.0,69600.0,75443.0
2026-07-07 09:30:00+09:00,69500.0,69900.0,69100.0,69200.0,46791.0
2026-07-07 09:40:00+09:00,69300.0,69500.0,68500.0,68800.0,43855.0
2026-07-07 09:50:00+09:00,68800.0,70400.0,68700.0,69900.0,32083.0
2026-07-07 10:00:00+09:00,69900.0,71000.0,69900.0,70500.0,39181.0
2026-07-07 10:10:00+09:00,70500.0,70900.0,69800.0,69800.0,16022.0
2026-07-07 10:20:00+09:00,70000.0,70400.0,69100.0,69400.0,18857.0
2026-07-07 10:30:00+09:00,69400.0,70000.0,69200.0,69800.0,16609.0
2026-07-07 10:40:00+09:00,69800.0,71000.0,69600.0,70900.0,14383.0
2026-07-07 10:50:00+09:00,70900.0,71000.0,69900.0,70000.0,13076.0
2026-07-07 11:00:00+09:00,70000.0,70000.0,69500.0,69700.0,12224.0
2026-07-07 11:10:00+09:00,69700.0,69800.0,69400.0,69500.0,11220.0
2026-07-07 11:20:00+09:00,69500.0,69700.0,69100.0,69100.0,9507.0
2026-07-07 11:30:00+09:00,69100.0,69400.0,68800.0,69000.0,18302.0
2026-07-07 11:40:00+09:00,69000.0,69100.0,68600.0,68600.0,9454.0
2026-07-07 11:50:00+09:00,68600.0,68800.0,68400.0,68400.0,14826.0
2026-07-07 12:00:00+09:00,68400.0,69000.0,68300.0,69000.0,12735.0
2026-07-07 12:10:00+09:00,69000.0,69100.0,68400.0,68500.0,11720.0
2026-07-07 12:20:00+09:00,68500.0,68700.0,68300.0,68400.0,10575.0
2026-07-07 12:30:00+09:00,68400.0,68950.0,68200.0,68600.0,9902.0
2026-07-07 12:40:00+09:00,68600.0,68600.0,68100.0,68100.0,11684.0
2026-07-07 12:50:00+09:00,68100.0,68400.0,68000.0,68100.0,12230.0
2026-07-07 13:00:00+09:00,68200.0,68700.0,67800.0,68400.0,23911.0
2026-07-07 13:10:00+09:00,68400.0,69000.0,67900.0,68300.0,14827.0
2026-07-07 13:20:00+09:00,68300.0,68700.0,68100.0,68700.0,12591.0
2026-07-07 13:30:00+09:00,68600.0,68800.0,68200.0,68500.0,8515.0
2026-07-07 13:40:00+09:00,68600.0,68600.0,68000.0,68100.0,14042.0
2026-07-07 13:50:00+09:00,68100.0,68100.0,67800.0,67900.0,4812.0
2026-07-07 14:20:00+09:00,68000.0,68800.0,67500.0,68300.0,51800.0
2026-07-07 14:30:00+09:00,68400.0,69100.0,68200.0,69000.0,28011.0
2026-07-07 14:40:00+09:00,68900.0,69700.0,68700.0,69000.0,25489.0
2026-07-07 14:50:00+09:00,69000.0,69800.0,69000.0,69500.0,23854.0
2026-07-08 09:00:00+09:00,69700.0,71700.0,68400.0,68700.0,81465.0
2026-07-08 09:10:00+09:00,68700.0,68800.0,67300.0,67500.0,47494.0
2026-07-08 09:20:00+09:00,67500.0,67600.0,67100.0,67300.0,25114.0
2026-07-08 09:30:00+09:00,67300.0,67800.0,66400.0,67800.0,35960.0
2026-07-08 09:40:00+09:00,67700.0,68900.0,67600.0,68600.0,14394.0
2026-07-08 09:50:00+09:00,68600.0,68700.0,68200.0,68600.0,11310.0
2026-07-08 10:00:00+09:00,68600.0,69200.0,68200.0,68400.0,19781.0
2026-07-08 10:10:00+09:00,68400.0,68800.0,68100.0,68200.0,8702.0
2026-07-08 10:20:00+09:00,68200.0,68200.0,67300.0,67600.0,17380.0
2026-07-08 10:30:00+09:00,67600.0,67700.0,67000.0,67300.0,22168.0
2026-07-08 10:40:00+09:00,67200.0,67400.0,66800.0,67200.0,15298.0
2026-07-08 10:50:00+09:00,67200.0,67300.0,66700.0,66800.0,8226.0
2026-07-08 11:00:00+09:00,66900.0,66900.0,66000.0,66300.0,36036.0
2026-07-08 11:10:00+09:00,66300.0,66400.0,65500.0,66200.0,33068.0
2026-07-08 11:20:00+09:00,66200.0,66600.0,65900.0,66300.0,13427.0
2026-07-08 11:30:00+09:00,66400.0,66400.0,65900.0,66000.0,13774.0
2026-07-08 11:40:00+09:00,66000.0,66600.0,65800.0,66200.0,10998.0
2026-07-08 11:50:00+09:00,66200.0,66300.0,65800.0,66000.0,7992.0
2026-07-08 12:00:00+09:00,66000.0,66500.0,66000.0,66400.0,6849.0
2026-07-08 12:10:00+09:00,66500.0,66700.0,66300.0,66400.0,11825.0
2026-07-08 12:20:00+09:00,66300.0,66800.0,66200.0,66600.0,6966.0
2026-07-08 12:30:00+09:00,66600.0,66700.0,66100.0,66200.0,8107.0
2026-07-08 12:40:00+09:00,66200.0,66200.0,65800.0,65800.0,6720.0
2026-07-08 12:50:00+09:00,65800.0,65800.0,65400.0,65500.0,13381.0
2026-07-08 13:00:00+09:00,65600.0,65600.0,65000.0,65300.0,18998.0
2026-07-08 13:10:00+09:00,65300.0,65300.0,64000.0,64700.0,31850.0
2026-07-08 13:20:00+09:00,64600.0,64900.0,63900.0,64300.0,28061.0
2026-07-08 13:30:00+09:00,64300.0,64400.0,63600.0,64000.0,25980.0
2026-07-08 13:40:00+09:00,64000.0,64200.0,63700.0,63900.0,19026.0
2026-07-08 13:50:00+09:00,63900.0,64400.0,63500.0,64300.0,22497.0
2026-07-08 14:00:00+09:00,64200.0,64800.0,64000.0,64500.0,18248.0
2026-07-08 14:10:00+09:00,64500.0,64900.0,64000.0,64300.0,25211.0
2026-07-08 14:20:00+09:00,64200.0,64500.0,64000.0,64100.0,19291.0
2026-07-08 14:30:00+09:00,64100.0,64700.0,63800.0,64200.0,17466.0
2026-07-08 14:40:00+09:00,64200.0,64600.0,64000.0,64200.0,21868.0
2026-07-08 14:50:00+09:00,64200.0,65000.0,64100.0,64700.0,19252.0
2026-07-09 09:00:00+09:00,64500.0,65700.0,63700.0,64000.0,111702.0
2026-07-09 09:10:00+09:00,64000.0,65400.0,63800.0,65100.0,23075.0
2026-07-09 09:20:00+09:00,65100.0,66600.0,65100.0,66100.0,43513.0
2026-07-09 09:30:00+09:00,66100.0,66900.0,65800.0,66850.0,29112.0
2026-07-09 09:40:00+09:00,66900.0,68300.0,66700.0,68000.0,45744.0
2026-07-09 09:50:00+09:00,67900.0,68000.0,66700.0,67200.0,23874.0
2026-07-09 10:00:00+09:00,67200.0,68500.0,67100.0,68500.0,25652.0
2026-07-09 10:10:00+09:00,68400.0,69100.0,68300.0,69000.0,26001.0
2026-07-09 10:20:00+09:00,69000.0,69100.0,67800.0,67900.0,27848.0
2026-07-09 10:30:00+09:00,67900.0,67900.0,66900.0,67200.0,22202.0
2026-07-09 10:40:00+09:00,67200.0,67900.0,67000.0,67400.0,13067.0
2026-07-09 10:50:00+09:00,67300.0,67400.0,66000.0,66100.0,23302.0
2026-07-09 11:00:00+09:00,66100.0,66500.0,65200.0,66400.0,26005.0
2026-07-09 11:10:00+09:00,66400.0,66600.0,66000.0,66600.0,8279.0
2026-07-09 11:20:00+09:00,66600.0,66800.0,66000.0,66200.0,9405.0
2026-07-09 11:30:00+09:00,66200.0,66300.0,65100.0,65500.0,16651.0
2026-07-09 11:40:00+09:00,65550.0,65700.0,64400.0,64600.0,23833.0
2026-07-09 11:50:00+09:00,64600.0,64600.0,63900.0,64300.0,29960.0
2026-07-09 12:00:00+09:00,64300.0,64600.0,64000.0,64300.0,15180.0
2026-07-09 12:10:00+09:00,64300.0,64300.0,63500.0,63700.0,19963.0
2026-07-09 12:20:00+09:00,63800.0,65000.0,63800.0,65000.0,15922.0
2026-07-09 12:30:00+09:00,65000.0,65700.0,65000.0,65500.0,10784.0
2026-07-09 12:40:00+09:00,65500.0,65800.0,65100.0,65600.0,17304.0
2026-07-09 12:50:00+09:00,65600.0,65800.0,65300.0,65700.0,13048.0
2026-07-09 13:00:00+09:00,65700.0,65900.0,65200.0,65400.0,12181.0
2026-07-09 13:10:00+09:00,65400.0,65700.0,65000.0,65100.0,12782.0
2026-07-09 13:20:00+09:00,65100.0,65200.0,64600.0,64800.0,11502.0
2026-07-09 13:30:00+09:00,64800.0,65500.0,64800.0,65300.0,15340.0
2026-07-09 13:40:00+09:00,65300.0,65400.0,65000.0,65000.0,14012.0
2026-07-09 13:50:00+09:00,65100.0,65500.0,65100.0,65500.0,8025.0
2026-07-09 14:00:00+09:00,65500.0,65600.0,64900.0,65100.0,19750.0
2026-07-09 14:10:00+09:00,65100.0,65900.0,64800.0,64900.0,14210.0
2026-07-09 14:20:00+09:00,64900.0,65300.0,64800.0,65100.0,10381.0
2026-07-09 14:30:00+09:00,65100.0,65300.0,64600.0,65000.0,18571.0
2026-07-09 14:40:00+09:00,65000.0,65300.0,64700.0,65100.0,10663.0
2026-07-09 14:50:00+09:00,65200.0,65800.0,65100.0,65800.0,14300.0
2026-07-10 09:00:00+09:00,65500.0,68900.0,65500.0,67900.0,81902.0
2026-07-10 09:10:00+09:00,67900.0,68800.0,67800.0,68200.0,32638.0
2026-07-10 09:20:00+09:00,68300.0,68800.0,67700.0,68700.0,18165.0
2026-07-10 09:30:00+09:00,68700.0,69800.0,68500.0,69400.0,30998.0
2026-07-10 09:40:00+09:00,69300.0,69500.0,68800.0,69400.0,14210.0
2026-07-10 09:50:00+09:00,69400.0,69900.0,69000.0,69600.0,19056.0
2026-07-10 10:00:00+09:00,69500.0,69900.0,69400.0,69800.0,12270.0
2026-07-10 10:10:00+09:00,69800.0,70300.0,69600.0,70200.0,21197.0
2026-07-10 10:20:00+09:00,70300.0,70300.0,69600.0,70200.0,14246.0
2026-07-10 10:30:00+09:00,70200.0,70300.0,69800.0,70100.0,10615.0
2026-07-10 10:40:00+09:00,70100.0,71400.0,70100.0,71100.0,25242.0
2026-07-10 10:50:00+09:00,71100.0,71300.0,70900.0,71000.0,9443.0
2026-07-10 11:00:00+09:00,71000.0,71100.0,70500.0,70900.0,11315.0
2026-07-10 11:10:00+09:00,70800.0,71000.0,70500.0,70800.0,8923.0
2026-07-10 11:20:00+09:00,70900.0,71000.0,70500.0,71000.0,8295.0
2026-07-10 11:30:00+09:00,71000.0,71500.0,70900.0,71400.0,9355.0
2026-07-10 11:40:00+09:00,71400.0,71600.0,71300.0,71300.0,6823.0
2026-07-10 11:50:00+09:00,71300.0,71400.0,70900.0,71200.0,7717.0
2026-07-10 12:00:00+09:00,71300.0,71400.0,71000.0,71200.0,5216.0
2026-07-10 12:10:00+09:00,71200.0,71400.0,71100.0,71400.0,5471.0
2026-07-10 12:20:00+09:00,71300.0,71400.0,71100.0,71100.0,6851.0
2026-07-10 12:30:00+09:00,71100.0,71100.0,70800.0,71000.0,7859.0
2026-07-10 12:40:00+09:00,71000.0,71200.0,70800.0,70900.0,6815.0
2026-07-10 12:50:00+09:00,70900.0,71100.0,70700.0,70800.0,9116.0
2026-07-10 13:00:00+09:00,70800.0,73000.0,70800.0,72900.0,43189.0
2026-07-10 13:10:00+09:00,72800.0,73000.0,72400.0,72500.0,28408.0
2026-07-10 13:20:00+09:00,72500.0,72700.0,72100.0,72400.0,22397.0
2026-07-10 13:30:00+09:00,72400.0,72600.0,71700.0,71900.0,23081.0
2026-07-10 13:40:00+09:00,71900.0,72100.0,71600.0,71600.0,21235.0
2026-07-10 13:50:00+09:00,71600.0,71900.0,70600.0,70950.0,25689.0
2026-07-10 14:00:00+09:00,70950.0,71400.0,70500.0,71200.0,29579.0
2026-07-10 14:10:00+09:00,71200.0,72300.0,71200.0,72100.0,25335.0
2026-07-10 14:20:00+09:00,72200.0,72600.0,71700.0,71900.0,32480.0
2026-07-10 14:30:00+09:00,71800.0,72400.0,71500.0,72100.0,30780.0
2026-07-10 14:40:00+09:00,72200.0,72700.0,71700.0,72400.0,33077.0
2026-07-10 14:50:00+09:00,72500.0,72900.0,72200.0,72400.0,35749.0
2026-07-13 09:00:00+09:00,71800.0,72600.0,70400.0,71700.0,21162.0
2026-07-13 09:10:00+09:00,71700.0,73100.0,71700.0,72300.0,24851.0
2026-07-13 09:20:00+09:00,72350.0,73000.0,72000.0,72100.0,28315.0
2026-07-13 09:30:00+09:00,72200.0,72200.0,70900.0,71000.0,18507.0
2026-07-13 09:40:00+09:00,71000.0,71800.0,70900.0,71200.0,13268.0
2026-07-13 09:50:00+09:00,71200.0,71500.0,70000.0,70100.0,23174.0
2026-07-13 10:00:00+09:00,70100.0,70900.0,70000.0,70100.0,19287.0
2026-07-13 10:10:00+09:00,70100.0,70800.0,70100.0,70200.0,8795.0
2026-07-13 10:20:00+09:00,70200.0,70200.0,69100.0,69300.0,25973.0
2026-07-13 10:30:00+09:00,69300.0,70500.0,69100.0,69800.0,15366.0
2026-07-13 10:40:00+09:00,69800.0,70100.0,68300.0,68300.0,18930.0
2026-07-13 10:50:00+09:00,68300.0,68400.0,67700.0,67750.0,10573.0
2026-07-13 11:00:00+09:00,67700.0,67800.0,66900.0,67300.0,18144.0
2026-07-13 11:10:00+09:00,67300.0,67900.0,67200.0,67900.0,11846.0
2026-07-13 11:20:00+09:00,67800.0,68500.0,67500.0,68400.0,10877.0
2026-07-13 11:30:00+09:00,68400.0,68400.0,67800.0,67900.0,8507.0
2026-07-13 11:40:00+09:00,68000.0,68000.0,67200.0,67700.0,8139.0
2026-07-13 11:50:00+09:00,67700.0,67800.0,67200.0,67200.0,8521.0
2026-07-13 12:00:00+09:00,67200.0,67500.0,66700.0,66900.0,12497.0
2026-07-13 12:10:00+09:00,66800.0,66900.0,66600.0,66700.0,8455.0
2026-07-13 12:20:00+09:00,66800.0,67200.0,66500.0,66800.0,8109.0
2026-07-13 12:30:00+09:00,66750.0,67000.0,66300.0,66700.0,10184.0
2026-07-13 12:40:00+09:00,66600.0,67000.0,66400.0,66600.0,8381.0
2026-07-13 12:50:00+09:00,66700.0,66800.0,66400.0,66400.0,5721.0
2026-07-13 13:00:00+09:00,66500.0,66500.0,66000.0,66000.0,8538.0
2026-07-13 13:10:00+09:00,66000.0,66500.0,66000.0,66500.0,11373.0
2026-07-13 13:20:00+09:00,66400.0,66500.0,65800.0,65900.0,9988.0
2026-07-13 13:50:00+09:00,65900.0,66100.0,65800.0,65800.0,11368.0
2026-07-13 14:00:00+09:00,65900.0,66700.0,65600.0,66400.0,22892.0
2026-07-13 14:10:00+09:00,66500.0,66700.0,66100.0,66200.0,12977.0
2026-07-13 14:20:00+09:00,66200.0,66400.0,65700.0,65900.0,11863.0
2026-07-13 14:30:00+09:00,65800.0,66800.0,65600.0,66400.0,10998.0
2026-07-13 14:40:00+09:00,66400.0,66900.0,66000.0,66200.0,14398.0
2026-07-13 14:50:00+09:00,66200.0,66700.0,66000.0,66500.0,17215.0
2026-07-14 09:00:00+09:00,67100.0,67300.0,64000.0,64100.0,87500.0
2026-07-14 09:10:00+09:00,64200.0,65400.0,63700.0,63800.0,28315.0
2026-07-14 09:20:00+09:00,63700.0,64100.0,63100.0,63800.0,29311.0
2026-07-14 09:30:00+09:00,63800.0,64700.0,63700.0,63900.0,19233.0
2026-07-14 09:40:00+09:00,63900.0,64500.0,63200.0,64100.0,16001.0
2026-07-14 09:50:00+09:00,64000.0,64800.0,64000.0,64400.0,12193.0
2026-07-14 10:00:00+09:00,64400.0,65300.0,64400.0,64600.0,13079.0
2026-07-14 10:10:00+09:00,64600.0,64600.0,63800.0,64200.0,16491.0
2026-07-14 10:20:00+09:00,64300.0,64900.0,64100.0,64600.0,8743.0
2026-07-14 10:30:00+09:00,64600.0,64600.0,63800.0,64000.0,14278.0
2026-07-14 10:40:00+09:00,64000.0,64300.0,63700.0,64100.0,9342.0
2026-07-14 10:50:00+09:00,64100.0,64100.0,63400.0,63500.0,12308.0
2026-07-14 11:00:00+09:00,63600.0,64100.0,63300.0,63900.0,10787.0
2026-07-14 11:10:00+09:00,63900.0,64100.0,63000.0,63050.0,13372.0
2026-07-14 11:20:00+09:00,63050.0,63100.0,62600.0,63000.0,22017.0
2026-07-14 11:30:00+09:00,63000.0,63800.0,62600.0,63600.0,14811.0
2026-07-14 11:40:00+09:00,63600.0,64100.0,63400.0,64000.0,8673.0
2026-07-14 11:50:00+09:00,64000.0,64000.0,63200.0,63300.0,9534.0
2026-07-14 12:00:00+09:00,63200.0,63300.0,62400.0,62400.0,13793.0
2026-07-14 12:10:00+09:00,62400.0,62500.0,61400.0,61600.0,50195.0
2026-07-14 12:20:00+09:00,61700.0,62000.0,60900.0,62000.0,60740.0
2026-07-14 12:30:00+09:00,62000.0,62900.0,62000.0,62750.0,10629.0
2026-07-14 12:40:00+09:00,62700.0,63200.0,62300.0,62900.0,15850.0
2026-07-14 12:50:00+09:00,63000.0,63300.0,62000.0,63000.0,44336.0
2026-07-14 13:00:00+09:00,63000.0,63400.0,62400.0,62400.0,46836.0
2026-07-14 13:10:00+09:00,62400.0,62500.0,62000.0,62200.0,9197.0
2026-07-14 13:20:00+09:00,62300.0,63000.0,62200.0,62700.0,10143.0
2026-07-14 13:30:00+09:00,62700.0,63200.0,62600.0,62900.0,4885.0
2026-07-14 13:40:00+09:00,62900.0,63200.0,62700.0,63100.0,8196.0
2026-07-14 13:50:00+09:00,63100.0,63400.0,63000.0,63200.0,7067.0
2026-07-14 14:00:00+09:00,63300.0,63400.0,62900.0,63200.0,7399.0
2026-07-14 14:10:00+09:00,63400.0,63400.0,63000.0,63200.0,8698.0
2026-07-14 14:20:00+09:00,63300.0,63500.0,63200.0,63300.0,11400.0
2026-07-14 14:30:00+09:00,63300.0,63500.0,63000.0,63100.0,18269.0
2026-07-14 14:40:00+09:00,63100.0,63200.0,62700.0,63100.0,8565.0
2026-07-14 14:50:00+09:00,63100.0,63200.0,62700.0,62700.0,8583.0
2026-07-15 09:00:00+09:00,64500.0,66300.0,64400.0,65200.0,53842.0
2026-07-15 09:10:00+09:00,65200.0,66600.0,65100.0,65750.0,31839.0
2026-07-15 09:20:00+09:00,65700.0,66100.0,65400.0,65500.0,18844.0
2026-07-15 09:30:00+09:00,65450.0,66100.0,65400.0,65550.0,20387.0
2026-07-15 09:40:00+09:00,65550.0,65700.0,65100.0,65700.0,20085.0
2026-07-15 09:50:00+09:00,65700.0,65900.0,65100.0,65100.0,14300.0
2026-07-15 10:00:00+09:00,65200.0,65200.0,64400.0,64500.0,21779.0
2026-07-15 10:10:00+09:00,64500.0,64900.0,64300.0,64700.0,19638.0
2026-07-15 10:20:00+09:00,64700.0,64700.0,64300.0,64600.0,10026.0
2026-07-15 10:30:00+09:00,64600.0,64900.0,64600.0,64850.0,6057.0
2026-07-15 10:40:00+09:00,64900.0,64900.0,64300.0,64600.0,10701.0
2026-07-15 10:50:00+09:00,64600.0,65000.0,64500.0,65000.0,6443.0
2026-07-15 11:00:00+09:00,64900.0,65300.0,64850.0,65300.0,9158.0
2026-07-15 11:10:00+09:00,65300.0,65400.0,65100.0,65300.0,8880.0
2026-07-15 11:20:00+09:00,65300.0,65300.0,64800.0,65000.0,12617.0
2026-07-15 11:30:00+09:00,65000.0,65200.0,64900.0,65200.0,6107.0
2026-07-15 11:40:00+09:00,65200.0,65400.0,65100.0,65400.0,3932.0
2026-07-15 11:50:00+09:00,65300.0,65350.0,65200.0,65200.0,3764.0
2026-07-15 12:00:00+09:00,65300.0,65500.0,65200.0,65500.0,5242.0
2026-07-15 12:10:00+09:00,65450.0,65800.0,65400.0,65700.0,8993.0
2026-07-15 12:20:00+09:00,65650.0,65900.0,65600.0,65700.0,5172.0
2026-07-15 12:30:00+09:00,65700.0,66100.0,65600.0,66000.0,8070.0
2026-07-15 12:40:00+09:00,66100.0,66400.0,66000.0,66000.0,8391.0
2026-07-15 12:50:00+09:00,66100.0,66500.0,66000.0,66400.0,8652.0
2026-07-15 13:00:00+09:00,66300.0,66500.0,66200.0,66300.0,7505.0
2026-07-15 13:10:00+09:00,66300.0,66400.0,65900.0,65900.0,12418.0
2026-07-15 13:20:00+09:00,66000.0,66000.0,65900.0,65900.0,6161.0
2026-07-15 13:30:00+09:00,65900.0,66000.0,65800.0,65800.0,6467.0
2026-07-15 13:40:00+09:00,65900.0,65900.0,65600.0,65900.0,13074.0
2026-07-15 13:50:00+09:00,65800.0,65900.0,65700.0,65800.0,3585.0
2026-07-15 14:00:00+09:00,65700.0,66100.0,65300.0,66000.0,21723.0
2026-07-15 14:10:00+09:00,66000.0,66200.0,65700.0,66000.0,12383.0
2026-07-15 14:20:00+09:00,66000.0,66200.0,65600.0,65600.0,9054.0
2026-07-15 14:30:00+09:00,65600.0,66000.0,65500.0,66000.0,13037.0
2026-07-15 14:40:00+09:00,65900.0,66400.0,65800.0,66300.0,14146.0
2026-07-15 14:50:00+09:00,66200.0,66300.0,66000.0,66200.0,8683.0
2026-07-16 09:00:00+09:00,67500.0,67700.0,65400.0,65600.0,64070.0
2026-07-16 09:10:00+09:00,65600.0,67500.0,65500.0,66600.0,28484.0
2026-07-16 09:20:00+09:00,66500.0,66700.0,66000.0,66200.0,12024.0
2026-07-16 09:30:00+09:00,66200.0,66700.0,65800.0,66100.0,16089.0
2026-07-16 09:40:00+09:00,66100.0,66200.0,65600.0,65900.0,8614.0
2026-07-16 09:50:00+09:00,66000.0,66500.0,65600.0,65800.0,9997.0
2026-07-16 10:00:00+09:00,65800.0,66200.0,65500.0,65600.0,9405.0
2026-07-16 10:10:00+09:00,65600.0,65900.0,64800.0,64900.0,11590.0
2026-07-16 10:20:00+09:00,64900.0,65200.0,64500.0,65000.0,15221.0
2026-07-16 10:30:00+09:00,65000.0,65500.0,64900.0,65200.0,6286.0
2026-07-16 10:40:00+09:00,65200.0,65300.0,64600.0,64900.0,5148.0
2026-07-16 10:50:00+09:00,64900.0,65200.0,64400.0,64400.0,6801.0
2026-07-16 11:00:00+09:00,64400.0,64500.0,63900.0,64000.0,8818.0
2026-07-16 11:10:00+09:00,64000.0,64100.0,63700.0,64000.0,6015.0
2026-07-16 11:20:00+09:00,64000.0,64900.0,63900.0,64800.0,7126.0
2026-07-16 11:30:00+09:00,64800.0,64900.0,64400.0,64700.0,3007.0
2026-07-16 11:40:00+09:00,64600.0,65400.0,64550.0,65200.0,4805.0
2026-07-16 11:50:00+09:00,65200.0,65400.0,65000.0,65200.0,2928.0
2026-07-16 12:00:00+09:00,65200.0,65500.0,65000.0,65500.0,2975.0
2026-07-16 12:10:00+09:00,65400.0,65700.0,65200.0,65300.0,4947.0
2026-07-16 12:20:00+09:00,65300.0,65600.0,64800.0,64800.0,4475.0
2026-07-16 12:30:00+09:00,64900.0,65400.0,64900.0,65300.0,5018.0
2026-07-16 12:40:00+09:00,65400.0,65500.0,65100.0,65100.0,3515.0
2026-07-16 12:50:00+09:00,65100.0,65800.0,65100.0,65600.0,4137.0
2026-07-16 13:00:00+09:00,65700.0,66000.0,65500.0,65700.0,5438.0
2026-07-16 13:10:00+09:00,65600.0,66300.0,65400.0,65900.0,11650.0
2026-07-16 13:20:00+09:00,65900.0,66000.0,65600.0,65800.0,4708.0
2026-07-16 13:30:00+09:00,65700.0,65800.0,65300.0,65500.0,4539.0
2026-07-16 13:40:00+09:00,65500.0,65800.0,65400.0,65600.0,3952.0
2026-07-16 13:50:00+09:00,65700.0,65800.0,65400.0,65400.0,4768.0
2026-07-16 14:00:00+09:00,65400.0,65800.0,65300.0,65600.0,7218.0
2026-07-16 14:10:00+09:00,65600.0,66900.0,65600.0,66900.0,18957.0
2026-07-16 14:20:00+09:00,66800.0,67300.0,66800.0,67200.0,15652.0
2026-07-16 14:30:00+09:00,67100.0,67200.0,65500.0,65600.0,22120.0
2026-07-16 14:40:00+09:00,65700.0,66000.0,65400.0,65600.0,10304.0
2026-07-16 14:50:00+09:00,65600.0,65700.0,65300.0,65500.0,4872.0
2026-07-20 09:00:00+09:00,68200.0,68200.0,61900.0,62500.0,29415.0
2026-07-20 09:10:00+09:00,62500.0,63700.0,62300.0,63200.0,34878.0
2026-07-20 09:20:00+09:00,63200.0,63600.0,62700.0,63200.0,24359.0
2026-07-20 09:30:00+09:00,63100.0,63200.0,62600.0,63000.0,19833.0
2026-07-20 09:40:00+09:00,63100.0,63700.0,62700.0,62900.0,23602.0
2026-07-20 09:50:00+09:00,62900.0,63000.0,62500.0,62500.0,20185.0
2026-07-20 10:00:00+09:00,62600.0,63000.0,62300.0,62800.0,23544.0
2026-07-20 10:10:00+09:00,62800.0,62900.0,62200.0,62200.0,22379.0
2026-07-20 10:20:00+09:00,62200.0,62700.0,62100.0,62100.0,16225.0
2026-07-20 10:30:00+09:00,62100.0,62700.0,62000.0,62600.0,24147.0
2026-07-20 10:40:00+09:00,62600.0,62800.0,62200.0,62300.0,8842.0
2026-07-20 10:50:00+09:00,62300.0,62400.0,61500.0,61800.0,28152.0
2026-07-20 11:00:00+09:00,61700.0,62500.0,61700.0,62400.0,15556.0
2026-07-20 11:10:00+09:00,62300.0,62400.0,61200.0,61400.0,15635.0
2026-07-20 11:20:00+09:00,61400.0,61500.0,61000.0,61200.0,19526.0
2026-07-20 11:30:00+09:00,61300.0,62000.0,61200.0,61700.0,10250.0
2026-07-20 11:40:00+09:00,61800.0,62700.0,61700.0,62300.0,15373.0
2026-07-20 11:50:00+09:00,62200.0,62300.0,61700.0,61900.0,4841.0
2026-07-20 12:00:00+09:00,61900.0,62000.0,61400.0,61700.0,12157.0
2026-07-20 12:10:00+09:00,61500.0,61800.0,61400.0,61500.0,10287.0
2026-07-20 12:20:00+09:00,61500.0,61700.0,61400.0,61500.0,7057.0
2026-07-20 12:30:00+09:00,61500.0,61600.0,61400.0,61500.0,6019.0
2026-07-20 12:40:00+09:00,61450.0,61500.0,61300.0,61400.0,4413.0
2026-07-20 12:50:00+09:00,61400.0,62000.0,61400.0,61600.0,12212.0
2026-07-20 13:00:00+09:00,61600.0,61800.0,61300.0,61300.0,5543.0
2026-07-20 13:10:00+09:00,61300.0,61400.0,60700.0,60800.0,23602.0
2026-07-20 13:20:00+09:00,60900.0,61500.0,60800.0,61400.0,9519.0
2026-07-20 13:30:00+09:00,61400.0,61900.0,61200.0,61800.0,10552.0
2026-07-20 13:40:00+09:00,61900.0,62000.0,61600.0,61900.0,9079.0
2026-07-20 13:50:00+09:00,61900.0,62000.0,61500.0,61600.0,9737.0
2026-07-20 14:00:00+09:00,61600.0,61700.0,61100.0,61200.0,7571.0
2026-07-20 14:10:00+09:00,61200.0,61300.0,60800.0,61200.0,16226.0
2026-07-20 14:20:00+09:00,61200.0,61200.0,60900.0,61000.0,10162.0
2026-07-20 14:30:00+09:00,61000.0,61100.0,60700.0,60900.0,15641.0
2026-07-20 14:40:00+09:00,61000.0,61000.0,60800.0,61000.0,12957.0
2026-07-20 14:50:00+09:00,61100.0,61600.0,60900.0,61200.0,12527.0
2026-07-21 09:00:00+09:00,60500.0,62400.0,59200.0,59400.0,80250.0
2026-07-21 09:10:00+09:00,59400.0,59700.0,59100.0,59700.0,22531.0
2026-07-21 09:20:00+09:00,59600.0,59900.0,59200.0,59500.0,20257.0
2026-07-21 09:30:00+09:00,59500.0,60100.0,59500.0,60000.0,18622.0
2026-07-21 09:40:00+09:00,60100.0,60400.0,59700.0,60300.0,16117.0
2026-07-21 09:50:00+09:00,60300.0,60300.0,59800.0,59900.0,11093.0
2026-07-21 10:00:00+09:00,59900.0,61600.0,59800.0,61500.0,15769.0
2026-07-21 10:10:00+09:00,61600.0,61700.0,61000.0,61200.0,12760.0
2026-07-21 10:20:00+09:00,61200.0,61500.0,61100.0,61400.0,7792.0
2026-07-21 10:30:00+09:00,61400.0,61700.0,61000.0,61200.0,11084.0
2026-07-21 10:40:00+09:00,61100.0,61300.0,60800.0,61200.0,8196.0
2026-07-21 10:50:00+09:00,61200.0,61200.0,60300.0,60400.0,9909.0
2026-07-21 11:00:00+09:00,60300.0,61000.0,60300.0,60500.0,7141.0
2026-07-21 11:10:00+09:00,60500.0,60600.0,60300.0,60400.0,9798.0
2026-07-21 11:20:00+09:00,60500.0,60700.0,60300.0,60400.0,7386.0
2026-07-21 11:30:00+09:00,60400.0,60800.0,60400.0,60800.0,6282.0
2026-07-21 11:40:00+09:00,60800.0,61000.0,60600.0,61000.0,7043.0
2026-07-21 11:50:00+09:00,60900.0,61100.0,60700.0,61000.0,9975.0
2026-07-21 12:00:00+09:00,61000.0,61300.0,61000.0,61300.0,7526.0
2026-07-21 12:10:00+09:00,61250.0,61900.0,61250.0,61600.0,13439.0
2026-07-21 12:20:00+09:00,61600.0,61600.0,61300.0,61400.0,12120.0
2026-07-21 12:30:00+09:00,61500.0,61700.0,61300.0,61600.0,8903.0
2026-07-21 12:40:00+09:00,61600.0,62100.0,61400.0,61800.0,17013.0
2026-07-21 12:50:00+09:00,61700.0,61900.0,61600.0,61700.0,9324.0
2026-07-21 13:00:00+09:00,61800.0,61900.0,61500.0,61500.0,8328.0
2026-07-21 13:10:00+09:00,61500.0,61800.0,61400.0,61750.0,5189.0
2026-07-21 13:20:00+09:00,61800.0,61900.0,61600.0,61600.0,7825.0
2026-07-21 13:30:00+09:00,61700.0,61700.0,61500.0,61600.0,6239.0
2026-07-21 13:40:00+09:00,61600.0,61600.0,61300.0,61300.0,11395.0
2026-07-21 13:50:00+09:00,61300.0,61300.0,61000.0,61100.0,6283.0
2026-07-21 14:00:00+09:00,61100.0,61200.0,60900.0,61000.0,5394.0
2026-07-21 14:10:00+09:00,61000.0,61100.0,60300.0,60400.0,11924.0
2026-07-21 14:20:00+09:00,60400.0,61100.0,60300.0,60900.0,12926.0
2026-07-21 14:30:00+09:00,60900.0,61200.0,60700.0,61000.0,11163.0
2026-07-21 14:40:00+09:00,61000.0,61300.0,60900.0,61200.0,7247.0
2026-07-21 14:50:00+09:00,61200.0,61200.0,60800.0,60850.0,5421.0
2026-07-22 09:00:00+09:00,61800.0,62900.0,61800.0,62600.0,45622.0
2026-07-22 09:10:00+09:00,62600.0,63300.0,62500.0,62800.0,28781.0
2026-07-22 09:20:00+09:00,62800.0,63300.0,62700.0,62900.0,16735.0
2026-07-22 09:30:00+09:00,62900.0,63000.0,62300.0,62400.0,12430.0
2026-07-22 09:40:00+09:00,62300.0,62900.0,62200.0,62500.0,14611.0
2026-07-22 09:50:00+09:00,62500.0,62700.0,61900.0,62600.0,14355.0
2026-07-22 10:00:00+09:00,62600.0,62800.0,62100.0,62400.0,15773.0
2026-07-22 10:10:00+09:00,62500.0,62800.0,62400.0,62600.0,7459.0
2026-07-22 10:20:00+09:00,62600.0,62900.0,62500.0,62600.0,12517.0
2026-07-22 10:30:00+09:00,62600.0,62900.0,62300.0,62900.0,11504.0
2026-07-22 10:40:00+09:00,62900.0,63300.0,62700.0,63200.0,17405.0
2026-07-22 10:50:00+09:00,63300.0,63700.0,63150.0,63600.0,15052.0
2026-07-22 11:00:00+09:00,63500.0,63600.0,63100.0,63400.0,8599.0
2026-07-22 11:10:00+09:00,63400.0,63800.0,63300.0,63800.0,7417.0
2026-07-22 11:20:00+09:00,63700.0,63900.0,63600.0,63700.0,11617.0
2026-07-22 11:30:00+09:00,63800.0,63800.0,63200.0,63200.0,4915.0
2026-07-22 11:40:00+09:00,63200.0,63600.0,63200.0,63500.0,6136.0
2026-07-22 11:50:00+09:00,63600.0,63600.0,63100.0,63200.0,4659.0
2026-07-22 12:00:00+09:00,63200.0,63500.0,63100.0,63300.0,4906.0
2026-07-22 12:10:00+09:00,63300.0,63300.0,62900.0,63200.0,7009.0
2026-07-22 12:20:00+09:00,63300.0,63600.0,63200.0,63600.0,6863.0
2026-07-22 12:30:00+09:00,63600.0,63600.0,63000.0,63000.0,4597.0
2026-07-22 12:40:00+09:00,63000.0,63400.0,63000.0,63300.0,4632.0
2026-07-22 12:50:00+09:00,63400.0,63500.0,63000.0,63300.0,6581.0
2026-07-22 13:00:00+09:00,63400.0,63800.0,63300.0,63600.0,9926.0
2026-07-22 13:10:00+09:00,63700.0,63800.0,63500.0,63800.0,4641.0
2026-07-22 13:20:00+09:00,63800.0,63800.0,63600.0,63700.0,5047.0
2026-07-22 13:30:00+09:00,63700.0,63700.0,63350.0,63400.0,7833.0
2026-07-22 13:40:00+09:00,63400.0,63600.0,63300.0,63400.0,3772.0
2026-07-22 13:50:00+09:00,63300.0,63400.0,62800.0,63100.0,8849.0
2026-07-22 14:00:00+09:00,63100.0,63200.0,62800.0,62800.0,6175.0
2026-07-22 14:10:00+09:00,62900.0,63000.0,62500.0,62600.0,8569.0
2026-07-22 14:20:00+09:00,62600.0,62700.0,62300.0,62600.0,10411.0
2026-07-22 14:30:00+09:00,62600.0,62800.0,62400.0,62500.0,9031.0
2026-07-22 14:40:00+09:00,62500.0,62600.0,62100.0,62400.0,9560.0
2026-07-22 14:50:00+09:00,62300.0,62800.0,62300.0,62700.0,10064.0
2026-07-23 09:00:00+09:00,62200.0,63700.0,62100.0,63500.0,27058.0
2026-07-23 09:10:00+09:00,63600.0,63600.0,62500.0,63500.0,15625.0
2026-07-23 09:20:00+09:00,63500.0,63700.0,63200.0,63700.0,10714.0
2026-07-23 09:30:00+09:00,63700.0,64100.0,63600.0,63600.0,15443.0
2026-07-23 09:40:00+09:00,63600.0,63900.0,63600.0,63700.0,5517.0
2026-07-23 09:50:00+09:00,63700.0,63700.0,63300.0,63300.0,9287.0
2026-07-23 10:00:00+09:00,63200.0,63900.0,63200.0,63800.0,5942.0
2026-07-23 10:10:00+09:00,63900.0,64000.0,63500.0,63600.0,11687.0
2026-07-23 10:20:00+09:00,63600.0,63900.0,63300.0,63900.0,8068.0
2026-07-23 10:30:00+09:00,63800.0,64800.0,63500.0,64500.0,36477.0
2026-07-23 10:40:00+09:00,64600.0,64700.0,64000.0,64200.0,11189.0
2026-07-23 10:50:00+09:00,64200.0,65200.0,64200.0,64900.0,22726.0
2026-07-23 11:00:00+09:00,64900.0,66000.0,64900.0,65300.0,21895.0
2026-07-23 11:10:00+09:00,65200.0,65500.0,65000.0,65500.0,18893.0
2026-07-23 11:20:00+09:00,65500.0,65500.0,64700.0,65000.0,8925.0
2026-07-23 11:30:00+09:00,64900.0,65500.0,64900.0,65200.0,12940.0
2026-07-23 11:40:00+09:00,65200.0,65700.0,65000.0,65600.0,9815.0
2026-07-23 11:50:00+09:00,65600.0,66000.0,65500.0,65800.0,17198.0
2026-07-23 12:00:00+09:00,65800.0,65900.0,65500.0,65600.0,9927.0
2026-07-23 12:10:00+09:00,65600.0,65700.0,65400.0,65600.0,4240.0
2026-07-23 12:20:00+09:00,65600.0,66000.0,65600.0,65950.0,7977.0
2026-07-23 12:30:00+09:00,65900.0,66100.0,65700.0,66000.0,11097.0
2026-07-23 12:40:00+09:00,66000.0,66100.0,65900.0,66000.0,5113.0
2026-07-23 12:50:00+09:00,66000.0,66400.0,66000.0,66400.0,13522.0
2026-07-23 13:00:00+09:00,66300.0,67000.0,66300.0,66900.0,17291.0
2026-07-23 13:10:00+09:00,66800.0,67300.0,66600.0,67000.0,15350.0
2026-07-23 13:20:00+09:00,66900.0,67500.0,66800.0,67300.0,16803.0
2026-07-23 13:30:00+09:00,67300.0,67500.0,67100.0,67500.0,13858.0
2026-07-23 13:40:00+09:00,67500.0,67600.0,67300.0,67600.0,9056.0
2026-07-23 13:50:00+09:00,67600.0,67600.0,67300.0,67500.0,10811.0
2026-07-23 14:00:00+09:00,67500.0,67700.0,67200.0,67300.0,14375.0
2026-07-23 14:10:00+09:00,67300.0,67800.0,67200.0,67700.0,12877.0
2026-07-23 14:20:00+09:00,67800.0,68400.0,67700.0,68000.0,25556.0
2026-07-23 14:30:00+09:00,68100.0,68300.0,67800.0,67900.0,16397.0
2026-07-23 14:40:00+09:00,68000.0,68100.0,67700.0,67800.0,11498.0
2026-07-23 14:50:00+09:00,67800.0,68400.0,67700.0,68200.0,18143.0
2026-07-24 09:00:00+09:00,72100.0,72900.0,69600.0,71000.0,246057.0
2026-07-24 09:10:00+09:00,71000.0,71200.0,70000.0,70600.0,68529.0
2026-07-24 09:20:00+09:00,70500.0,71500.0,70400.0,70600.0,58496.0
2026-07-24 09:30:00+09:00,70600.0,71100.0,70100.0,71000.0,29740.0
2026-07-24 09:40:00+09:00,71000.0,71600.0,70500.0,70900.0,36201.0
2026-07-24 09:50:00+09:00,71000.0,72300.0,70900.0,71700.0,51599.0
2026-07-24 10:00:00+09:00,71700.0,71700.0,70500.0,70700.0,31852.0
2026-07-24 10:10:00+09:00,70600.0,70900.0,70200.0,70500.0,27569.0
2026-07-24 10:20:00+09:00,70500.0,70700.0,70000.0,70350.0,26844.0
2026-07-24 10:30:00+09:00,70350.0,70700.0,70200.0,70300.0,13523.0
2026-07-24 10:40:00+09:00,70300.0,70300.0,69800.0,69900.0,16890.0
2026-07-24 10:50:00+09:00,69800.0,69800.0,69400.0,69600.0,24220.0
2026-07-24 11:00:00+09:00,69600.0,69600.0,68900.0,69100.0,24774.0
2026-07-24 11:10:00+09:00,69100.0,69200.0,68200.0,68300.0,26533.0
2026-07-24 11:20:00+09:00,68300.0,68600.0,67900.0,68000.0,32978.0
2026-07-24 11:30:00+09:00,68100.0,68300.0,67400.0,67500.0,24686.0
2026-07-24 11:40:00+09:00,67500.0,67600.0,66900.0,67100.0,25989.0
2026-07-24 11:50:00+09:00,67100.0,67200.0,66700.0,66800.0,12638.0
2026-07-24 12:00:00+09:00,66800.0,67600.0,66800.0,67300.0,11516.0
2026-07-24 12:10:00+09:00,67300.0,67800.0,67200.0,67500.0,8736.0
2026-07-24 12:20:00+09:00,67500.0,68200.0,67300.0,67900.0,12836.0
2026-07-24 12:30:00+09:00,67900.0,68100.0,67600.0,68000.0,7711.0
2026-07-24 12:40:00+09:00,68000.0,68200.0,67800.0,67900.0,5737.0
2026-07-24 12:50:00+09:00,67800.0,68100.0,67400.0,67400.0,13953.0
2026-07-24 13:00:00+09:00,67500.0,68200.0,67100.0,68000.0,14103.0
2026-07-24 13:10:00+09:00,68100.0,68100.0,67600.0,67900.0,6361.0
2026-07-24 13:20:00+09:00,67900.0,68700.0,67700.0,68500.0,9675.0
2026-07-24 13:30:00+09:00,68500.0,68750.0,68300.0,68300.0,7610.0
2026-07-24 13:40:00+09:00,68300.0,68400.0,67300.0,67600.0,13315.0
2026-07-24 13:50:00+09:00,67600.0,68300.0,67600.0,68000.0,13051.0
2026-07-24 14:00:00+09:00,68000.0,68700.0,67700.0,68500.0,11162.0
2026-07-24 14:10:00+09:00,68500.0,68700.0,67700.0,68100.0,9559.0
2026-07-24 14:20:00+09:00,68100.0,68500.0,67900.0,67900.0,6924.0
2026-07-24 14:30:00+09:00,67900.0,68200.0,67600.0,67800.0,12664.0
2026-07-24 14:40:00+09:00,67800.0,67900.0,67500.0,67500.0,10963.0
2026-07-24 14:50:00+09:00,67600.0,67600.0,67300.0,67500.0,8577.0
2026-07-27 09:00:00+09:00,68200.0,68200.0,64700.0,65000.0,28217.0
2026-07-27 09:10:00+09:00,64800.0,66000.0,64700.0,65500.0,31293.0
2026-07-27 09:20:00+09:00,65500.0,66200.0,65400.0,65900.0,12915.0
2026-07-27 09:30:00+09:00,65900.0,66200.0,65500.0,65700.0,18418.0
2026-07-27 09:40:00+09:00,65600.0,66000.0,65500.0,65900.0,12525.0
2026-07-27 09:50:00+09:00,65900.0,66100.0,65200.0,65300.0,11194.0
2026-07-27 10:00:00+09:00,65300.0,65500.0,64800.0,64900.0,14142.0
2026-07-27 10:10:00+09:00,64800.0,64900.0,63500.0,63500.0,36853.0
2026-07-27 10:20:00+09:00,63600.0,63700.0,62700.0,62700.0,22223.0
2026-07-27 10:30:00+09:00,62800.0,63900.0,62700.0,63400.0,18332.0
2026-07-27 10:40:00+09:00,63300.0,63500.0,62700.0,63300.0,23322.0
2026-07-27 10:50:00+09:00,63300.0,63400.0,62800.0,63300.0,21936.0
2026-07-27 11:00:00+09:00,63300.0,63400.0,62600.0,62700.0,17224.0
2026-07-27 11:10:00+09:00,62700.0,63300.0,62600.0,62900.0,18179.0
2026-07-27 11:20:00+09:00,62800.0,63200.0,62600.0,62800.0,15029.0
2026-07-27 11:30:00+09:00,62900.0,62900.0,62400.0,62900.0,15667.0
2026-07-27 11:40:00+09:00,62900.0,62900.0,62100.0,62200.0,19819.0
2026-07-27 11:50:00+09:00,62300.0,62400.0,62100.0,62400.0,9758.0
2026-07-27 12:00:00+09:00,62300.0,62500.0,61900.0,62000.0,22206.0
2026-07-27 12:10:00+09:00,62000.0,62900.0,61900.0,62600.0,16963.0
2026-07-27 12:20:00+09:00,62600.0,62900.0,62100.0,62200.0,12434.0
2026-07-27 12:30:00+09:00,62200.0,62200.0,62000.0,62000.0,9464.0
2026-07-27 12:40:00+09:00,62050.0,62300.0,61900.0,62000.0,13575.0
2026-07-27 12:50:00+09:00,62000.0,62000.0,61600.0,61900.0,14852.0
2026-07-27 13:00:00+09:00,61800.0,62100.0,61700.0,62000.0,16046.0
2026-07-27 13:10:00+09:00,62000.0,62300.0,61900.0,62300.0,11295.0
2026-07-27 13:20:00+09:00,62300.0,62600.0,61900.0,62300.0,15815.0
2026-07-27 13:30:00+09:00,62200.0,62800.0,62100.0,62600.0,17176.0
2026-07-27 13:40:00+09:00,62600.0,62900.0,62500.0,62500.0,12838.0
2026-07-27 13:50:00+09:00,62600.0,63200.0,62500.0,62800.0,22849.0
2026-07-27 14:00:00+09:00,62900.0,63300.0,62700.0,63100.0,11877.0
2026-07-27 14:10:00+09:00,63100.0,63200.0,62800.0,62900.0,10279.0
2026-07-27 14:20:00+09:00,62800.0,62900.0,62600.0,62700.0,17865.0
2026-07-27 14:30:00+09:00,62800.0,62900.0,62600.0,62800.0,15404.0
2026-07-27 14:40:00+09:00,62800.0,63100.0,62800.0,63000.0,11451.0
2026-07-27 14:50:00+09:00,63000.0,63100.0,62800.0,62800.0,21456.0
2026-07-28 09:00:00+09:00,60500.0,61700.0,60200.0,60700.0,33772.0
2026-07-28 09:10:00+09:00,60700.0,61000.0,60000.0,60300.0,23682.0
2026-07-28 09:20:00+09:00,60300.0,60300.0,59500.0,59700.0,25149.0
2026-07-28 09:30:00+09:00,59800.0,59800.0,59000.0,59100.0,22780.0
2026-07-28 09:40:00+09:00,59100.0,59200.0,58700.0,58900.0,20682.0
2026-07-28 09:50:00+09:00,58800.0,58900.0,58600.0,58600.0,14595.0
2026-07-28 10:00:00+09:00,58600.0,59200.0,58500.0,58600.0,8604.0
2026-07-28 10:10:00+09:00,58600.0,58600.0,58400.0,58500.0,3401.0
2026-07-28 10:40:00+09:00,58500.0,59400.0,58400.0,58600.0,16447.0
2026-07-28 10:50:00+09:00,58500.0,58700.0,57900.0,58100.0,26321.0
2026-07-28 11:00:00+09:00,58100.0,58200.0,57400.0,57700.0,30972.0
2026-07-28 11:10:00+09:00,57700.0,57900.0,57400.0,57900.0,11674.0
2026-07-28 11:20:00+09:00,57900.0,58200.0,57500.0,57600.0,8840.0
2026-07-28 11:30:00+09:00,57500.0,57700.0,57200.0,57400.0,10204.0
2026-07-28 11:40:00+09:00,57300.0,57400.0,57000.0,57100.0,16805.0
2026-07-28 11:50:00+09:00,57100.0,57300.0,57000.0,57100.0,11357.0
2026-07-28 12:00:00+09:00,57100.0,57200.0,56900.0,57000.0,5090.0
2026-07-28 12:10:00+09:00,56900.0,57400.0,56700.0,57400.0,10985.0
2026-07-28 12:20:00+09:00,57400.0,57700.0,57400.0,57500.0,6076.0
2026-07-28 12:30:00+09:00,57500.0,57900.0,57100.0,57800.0,6964.0
2026-07-28 12:40:00+09:00,57850.0,58100.0,57500.0,57700.0,11110.0
2026-07-28 12:50:00+09:00,57700.0,58200.0,57600.0,57700.0,11326.0
2026-07-28 13:00:00+09:00,57700.0,57800.0,57400.0,57600.0,7014.0
2026-07-28 13:10:00+09:00,57600.0,57800.0,57300.0,57700.0,6518.0
2026-07-28 13:20:00+09:00,57700.0,59900.0,57200.0,58900.0,88001.0
2026-07-28 13:30:00+09:00,59000.0,60400.0,58700.0,60400.0,61411.0
2026-07-28 13:40:00+09:00,60300.0,62700.0,60200.0,61300.0,82005.0
2026-07-28 13:50:00+09:00,61300.0,61650.0,60400.0,61100.0,33550.0
2026-07-28 14:00:00+09:00,61200.0,63200.0,61100.0,62500.0,55733.0
2026-07-28 14:10:00+09:00,62200.0,62600.0,60900.0,61000.0,34396.0
2026-07-28 14:20:00+09:00,61000.0,61600.0,60500.0,61100.0,42030.0
2026-07-28 14:30:00+09:00,61100.0,61400.0,60300.0,61300.0,37962.0
2026-07-28 14:40:00+09:00,61400.0,61700.0,60900.0,61100.0,39171.0
2026-07-28 14:50:00+09:00,61200.0,61600.0,60700.0,60900.0,40062.0
2026-07-29 09:00:00+09:00,60000.0,60400.0,57200.0,57900.0,104391.0
2026-07-29 09:10:00+09:00,57800.0,58700.0,57500.0,57800.0,36373.0
2026-07-29 09:20:00+09:00,57900.0,57900.0,56900.0,57000.0,33480.0
2026-07-29 09:30:00+09:00,57100.0,57600.0,56700.0,57200.0,30215.0
2026-07-29 09:40:00+09:00,57300.0,57500.0,56800.0,56900.0,23361.0
2026-07-29 09:50:00+09:00,57000.0,57700.0,56800.0,57400.0,17986.0
2026-07-29 10:00:00+09:00,57500.0,58300.0,57400.0,57800.0,25723.0
2026-07-29 10:10:00+09:00,57800.0,57900.0,56900.0,57100.0,19673.0
2026-07-29 10:20:00+09:00,57200.0,58100.0,57100.0,57700.0,15939.0
2026-07-29 10:30:00+09:00,57700.0,57800.0,56900.0,56900.0,12892.0
2026-07-29 10:40:00+09:00,56900.0,57000.0,55700.0,55800.0,29338.0
2026-07-29 10:50:00+09:00,55800.0,55800.0,55000.0,55200.0,23014.0
2026-07-29 11:00:00+09:00,55100.0,55200.0,54100.0,54600.0,39211.0
2026-07-29 11:10:00+09:00,54600.0,55300.0,54000.0,54900.0,25995.0
2026-07-29 11:20:00+09:00,55000.0,55800.0,54800.0,55700.0,23783.0
2026-07-29 11:30:00+09:00,55700.0,55800.0,54000.0,54400.0,55841.0
2026-07-29 11:40:00+09:00,54400.0,54800.0,54300.0,54400.0,18701.0
2026-07-29 11:50:00+09:00,54400.0,54400.0,53700.0,53800.0,24614.0
2026-07-29 12:00:00+09:00,53800.0,54900.0,53100.0,54500.0,25073.0
2026-07-29 12:10:00+09:00,54600.0,54600.0,52900.0,53000.0,18196.0
2026-07-29 12:20:00+09:00,53000.0,53700.0,53000.0,53100.0,12375.0
2026-07-29 12:30:00+09:00,53200.0,53400.0,53100.0,53300.0,3296.0
2026-07-29 13:00:00+09:00,53300.0,53400.0,52700.0,52900.0,29022.0
2026-07-29 13:10:00+09:00,52900.0,53200.0,51600.0,52000.0,40462.0
2026-07-29 13:20:00+09:00,52000.0,52400.0,50700.0,51300.0,44621.0
2026-07-29 13:30:00+09:00,51400.0,52000.0,51000.0,51900.0,26785.0
2026-07-29 13:40:00+09:00,51900.0,52000.0,51300.0,51700.0,19287.0
2026-07-29 13:50:00+09:00,51800.0,53000.0,51800.0,52900.0,28395.0
2026-07-29 14:00:00+09:00,52900.0,53500.0,52600.0,53200.0,19189.0
2026-07-29 14:10:00+09:00,53100.0,53600.0,52700.0,52800.0,14073.0
2026-07-29 14:20:00+09:00,52800.0,53800.0,52700.0,53700.0,16480.0
2026-07-29 14:30:00+09:00,53700.0,54300.0,53400.0,54200.0,24188.0
2026-07-29 14:40:00+09:00,54300.0,54300.0,53500.0,54000.0,19614.0
2026-07-29 14:50:00+09:00,54000.0,54100.0,53400.0,53700.0,17064.0
2026-07-30 09:00:00+09:00,51600.0,56400.0,51600.0,56200.0,143174.0
2026-07-30 09:10:00+09:00,56200.0,58150.0,55950.0,57700.0,67733.0
2026-07-30 09:20:00+09:00,57700.0,57900.0,55500.0,56900.0,45064.0
2026-07-30 09:30:00+09:00,56950.0,57400.0,55600.0,56200.0,36054.0
2026-07-30 09:40:00+09:00,56200.0,56800.0,55300.0,56550.0,46957.0
2026-07-30 09:50:00+09:00,56500.0,56600.0,55000.0,55500.0,30595.0
2026-07-30 10:00:00+09:00,55400.0,56600.0,54900.0,56500.0,42771.0
2026-07-30 10:10:00+09:00,56400.0,56600.0,55600.0,55900.0,24296.0
2026-07-30 10:20:00+09:00,55850.0,56400.0,55650.0,56350.0,13350.0
2026-07-30 10:30:00+09:00,56400.0,57500.0,56350.0,57300.0,25549.0
2026-07-30 10:40:00+09:00,57200.0,57800.0,57100.0,57800.0,22212.0
2026-07-30 10:50:00+09:00,57800.0,58400.0,57200.0,58000.0,27777.0
2026-07-30 11:00:00+09:00,58000.0,58300.0,57500.0,57700.0,29385.0
2026-07-30 11:10:00+09:00,57900.0,58000.0,56900.0,57300.0,20533.0
2026-07-30 11:20:00+09:00,57300.0,57500.0,56400.0,57300.0,19215.0
2026-07-30 11:30:00+09:00,57300.0,57400.0,56600.0,56600.0,21363.0
2026-07-30 11:40:00+09:00,56600.0,57200.0,56500.0,56900.0,17795.0
2026-07-30 11:50:00+09:00,56900.0,57000.0,55800.0,56000.0,25390.0
2026-07-30 12:00:00+09:00,56000.0,56400.0,55600.0,55700.0,9331.0
2026-07-30 12:10:00+09:00,55700.0,55800.0,54500.0,55300.0,26704.0
2026-07-30 12:20:00+09:00,55300.0,55700.0,55100.0,55500.0,10232.0
2026-07-30 12:30:00+09:00,55500.0,56000.0,55300.0,55400.0,12833.0
2026-07-30 12:40:00+09:00,55300.0,56100.0,55300.0,56050.0,9731.0
2026-07-30 12:50:00+09:00,56050.0,56200.0,55700.0,55900.0,8499.0
2026-07-30 13:00:00+09:00,55900.0,56100.0,55500.0,55600.0,9744.0
2026-07-30 13:10:00+09:00,55700.0,55700.0,55200.0,55300.0,5641.0
2026-07-30 13:20:00+09:00,55300.0,56100.0,55200.0,56100.0,10723.0
2026-07-30 13:30:00+09:00,56100.0,56300.0,55600.0,55800.0,11251.0
2026-07-30 13:40:00+09:00,55800.0,55900.0,55400.0,55700.0,10598.0
2026-07-30 13:50:00+09:00,55800.0,55900.0,55300.0,55500.0,10047.0
2026-07-30 14:00:00+09:00,55500.0,55700.0,55300.0,55400.0,7348.0
2026-07-30 14:10:00+09:00,55400.0,55900.0,55100.0,55900.0,11599.0
2026-07-30 14:20:00+09:00,55900.0,55900.0,55200.0,55200.0,13038.0
2026-07-30 14:30:00+09:00,55200.0,55500.0,54900.0,55100.0,19877.0
2026-07-30 14:40:00+09:00,55200.0,55700.0,55000.0,55000.0,18982.0
2026-07-30 14:50:00+09:00,55100.0,55100.0,54300.0,54900.0,24137.0
2026-07-31 09:00:00+09:00,56900.0,57900.0,55800.0,56300.0,81284.0
2026-07-31 09:10:00+09:00,56300.0,58400.0,56200.0,58100.0,57497.0
2026-07-31 09:20:00+09:00,58000.0,59300.0,57800.0,59200.0,38938.0
2026-07-31 09:30:00+09:00,59200.0,59500.0,58700.0,59000.0,46881.0
2026-07-31 09:40:00+09:00,58900.0,59100.0,58300.0,58600.0,22112.0
2026-07-31 09:50:00+09:00,58600.0,59200.0,58500.0,59200.0,17236.0
2026-07-31 10:00:00+09:00,59200.0,59800.0,59000.0,59600.0,25692.0
2026-07-31 10:10:00+09:00,59600.0,59800.0,59300.0,59800.0,19162.0
2026-07-31 10:20:00+09:00,59700.0,59800.0,59000.0,59200.0,22106.0
2026-07-31 10:30:00+09:00,59100.0,59800.0,59000.0,59700.0,19792.0
2026-07-31 10:40:00+09:00,59700.0,59800.0,58750.0,59100.0,34256.0
2026-07-31 10:50:00+09:00,59100.0,59400.0,58900.0,59300.0,14016.0
2026-07-31 11:00:00+09:00,59300.0,59700.0,59200.0,59600.0,14595.0
2026-07-31 11:10:00+09:00,59600.0,59600.0,58900.0,59000.0,11716.0
2026-07-31 11:20:00+09:00,59000.0,59800.0,59000.0,59700.0,9817.0
2026-07-31 11:30:00+09:00,59800.0,59800.0,59500.0,59700.0,9155.0
2026-07-31 11:40:00+09:00,59600.0,59800.0,59500.0,59600.0,7949.0
2026-07-31 11:50:00+09:00,59600.0,59700.0,59300.0,59500.0,10418.0
2026-07-31 12:00:00+09:00,59500.0,59700.0,59300.0,59600.0,4122.0
2026-07-31 12:10:00+09:00,59600.0,59700.0,58700.0,59500.0,17624.0
2026-07-31 12:20:00+09:00,59600.0,59800.0,59400.0,59500.0,5751.0
2026-07-31 12:30:00+09:00,59500.0,59500.0,59100.0,59300.0,6221.0
2026-07-31 12:40:00+09:00,59400.0,59600.0,59300.0,59300.0,5418.0
2026-07-31 12:50:00+09:00,59400.0,59600.0,59300.0,59400.0,4701.0
2026-07-31 13:00:00+09:00,59300.0,59700.0,59100.0,59500.0,8056.0
2026-07-31 13:10:00+09:00,59500.0,60600.0,59500.0,60300.0,43768.0
2026-07-31 13:20:00+09:00,60200.0,60900.0,60100.0,60600.0,27908.0
2026-07-31 13:30:00+09:00,60550.0,60700.0,60200.0,60400.0,9703.0
2026-07-31 13:40:00+09:00,60300.0,60500.0,60000.0,60300.0,10656.0
2026-07-31 13:50:00+09:00,60300.0,60600.0,60200.0,60500.0,10452.0
2026-07-31 14:00:00+09:00,60400.0,60900.0,60300.0,60400.0,17565.0
2026-07-31 14:10:00+09:00,60300.0,61000.0,60200.0,61000.0,22727.0
2026-07-31 14:20:00+09:00,60900.0,61900.0,60700.0,61900.0,26997.0
2026-07-31 14:30:00+09:00,61800.0,61900.0,60700.0,61400.0,19995.0
2026-07-31 14:40:00+09:00,61300.0,61700.0,61300.0,61700.0,9280.0
2026-07-31 14:50:00+09:00,61700.0,62000.0,61600.0,62000.0,16804.0
2026-08-03 09:00:00+09:00,60800.0,60800.0,58600.0,60000.0,9057.0
2026-08-03 09:10:00+09:00,60000.0,60600.0,59700.0,59900.0,25098.0
2026-08-03 09:20:00+09:00,60100.0,60700.0,59900.0,60200.0,11048.0
2026-08-03 09:30:00+09:00,60200.0,60700.0,59900.0,60300.0,9598.0
2026-08-03 09:40:00+09:00,60350.0,61300.0,60200.0,61200.0,11045.0
2026-08-03 09:50:00+09:00,61200.0,61500.0,60600.0,61100.0,12409.0
2026-08-03 10:00:00+09:00,61100.0,62400.0,60900.0,62100.0,17364.0
2026-08-03 10:10:00+09:00,62100.0,62800.0,61800.0,62400.0,15371.0
2026-08-03 10:20:00+09:00,62400.0,62900.0,62200.0,62600.0,10797.0
2026-08-03 10:30:00+09:00,62500.0,62900.0,62400.0,62700.0,9096.0
2026-08-03 10:40:00+09:00,62600.0,63000.0,62400.0,62800.0,7975.0
2026-08-03 10:50:00+09:00,62800.0,63500.0,62600.0,62700.0,13841.0
2026-08-03 11:00:00+09:00,62700.0,63300.0,62600.0,62900.0,6316.0
2026-08-03 11:10:00+09:00,62950.0,63400.0,62800.0,63100.0,5606.0
2026-08-03 11:20:00+09:00,63000.0,63100.0,62200.0,62300.0,6698.0
2026-08-03 11:30:00+09:00,62200.0,62500.0,62100.0,62200.0,5241.0
2026-08-03 11:40:00+09:00,62300.0,62800.0,62100.0,62700.0,7295.0
2026-08-03 11:50:00+09:00,62700.0,62900.0,62600.0,62600.0,3616.0
2026-08-03 12:00:00+09:00,62600.0,63000.0,62500.0,62700.0,6149.0
2026-08-03 12:10:00+09:00,62600.0,62700.0,62400.0,62400.0,3657.0
2026-08-03 12:20:00+09:00,62500.0,62600.0,62200.0,62400.0,4451.0
2026-08-03 12:30:00+09:00,62400.0,62600.0,62300.0,62600.0,3006.0
2026-08-03 12:40:00+09:00,62500.0,62800.0,62400.0,62400.0,2605.0
2026-08-03 12:50:00+09:00,62500.0,62800.0,62300.0,62400.0,7485.0
2026-08-03 13:00:00+09:00,62400.0,62800.0,62200.0,62400.0,6046.0
2026-08-03 13:10:00+09:00,62300.0,62700.0,62300.0,62400.0,5137.0
2026-08-03 13:20:00+09:00,62300.0,62500.0,62100.0,62200.0,5097.0
2026-08-03 13:30:00+09:00,62200.0,62300.0,61800.0,61900.0,11658.0
2026-08-03 13:40:00+09:00,62000.0,62300.0,61800.0,62300.0,6332.0
2026-08-03 13:50:00+09:00,62200.0,62300.0,61600.0,61900.0,11161.0
2026-08-03 14:00:00+09:00,61900.0,62200.0,61800.0,62000.0,7857.0
2026-08-03 14:10:00+09:00,62000.0,62300.0,61700.0,61800.0,8703.0
2026-08-03 14:20:00+09:00,61900.0,62200.0,61800.0,62200.0,10469.0
2026-08-03 14:30:00+09:00,62100.0,62400.0,62000.0,62200.0,9389.0
2026-08-03 14:40:00+09:00,62200.0,62600.0,62000.0,62500.0,17475.0
2026-08-03 14:50:00+09:00,62500.0,62700.0,62300.0,62600.0,15020.0
2026-08-04 09:00:00+09:00,62700.0,65300.0,62700.0,65100.0,44691.0
2026-08-04 09:10:00+09:00,65200.0,66200.0,64900.0,65200.0,29508.0
2026-08-04 09:20:00+09:00,65200.0,65900.0,64900.0,65500.0,18273.0
2026-08-04 09:30:00+09:00,65500.0,65600.0,64700.0,64900.0,26226.0
2026-08-04 09:40:00+09:00,64900.0,65400.0,64600.0,65100.0,16835.0
2026-08-04 09:50:00+09:00,65200.0,65700.0,64800.0,65000.0,16985.0
2026-08-04 10:00:00+09:00,65000.0,65400.0,64900.0,65400.0,15825.0
2026-08-04 10:10:00+09:00,65400.0,67300.0,65300.0,67100.0,29254.0
2026-08-04 10:20:00+09:00,67100.0,67400.0,66700.0,67350.0,18586.0
2026-08-04 10:30:00+09:00,67400.0,67400.0,66200.0,66200.0,25421.0
2026-08-04 10:40:00+09:00,66200.0,66800.0,66200.0,66600.0,6473.0
2026-08-04 10:50:00+09:00,66600.0,67200.0,66400.0,66500.0,13151.0
2026-08-04 11:00:00+09:00,66400.0,66800.0,66200.0,66400.0,7411.0
2026-08-04 11:10:00+09:00,66400.0,66700.0,66200.0,66500.0,4336.0
2026-08-04 11:20:00+09:00,66500.0,67300.0,66400.0,66900.0,20419.0
2026-08-04 11:30:00+09:00,67000.0,67500.0,67000.0,67400.0,10171.0
2026-08-04 11:40:00+09:00,67400.0,67500.0,67200.0,67400.0,7985.0
2026-08-04 11:50:00+09:00,67450.0,67700.0,67300.0,67400.0,15392.0
2026-08-04 12:00:00+09:00,67400.0,67600.0,67000.0,67600.0,7397.0
2026-08-04 12:10:00+09:00,67500.0,67600.0,67000.0,67000.0,6686.0
2026-08-04 12:20:00+09:00,67000.0,67400.0,66900.0,67200.0,5779.0
2026-08-04 12:30:00+09:00,67200.0,67300.0,67000.0,67100.0,2381.0
2026-08-04 12:40:00+09:00,67100.0,67200.0,66900.0,67000.0,8037.0
2026-08-04 12:50:00+09:00,67000.0,67300.0,66900.0,67000.0,3418.0
2026-08-04 13:00:00+09:00,67100.0,67300.0,66900.0,67100.0,3810.0
2026-08-04 13:10:00+09:00,67100.0,67700.0,66800.0,67700.0,8479.0
2026-08-04 13:20:00+09:00,67700.0,68000.0,67300.0,67700.0,16573.0
2026-08-04 13:30:00+09:00,67800.0,68000.0,67500.0,68000.0,11709.0
2026-08-04 13:40:00+09:00,67950.0,68700.0,67700.0,68500.0,20271.0
2026-08-04 13:50:00+09:00,68500.0,68800.0,68400.0,68700.0,15712.0
2026-08-04 14:00:00+09:00,68600.0,68800.0,68200.0,68600.0,16066.0
2026-08-04 14:10:00+09:00,68600.0,68600.0,67900.0,68400.0,17659.0
2026-08-04 14:20:00+09:00,68500.0,68900.0,68400.0,68900.0,16369.0
2026-08-04 14:30:00+09:00,68800.0,69200.0,68700.0,69000.0,17531.0
2026-08-04 14:40:00+09:00,69000.0,69100.0,68700.0,69000.0,17699.0
2026-08-04 14:50:00+09:00,69000.0,69500.0,68900.0,69500.0,18661.0
2026-08-05 09:00:00+09:00,69700.0,72300.0,69200.0,72100.0,72737.0
2026-08-05 09:10:00+09:00,72000.0,72100.0,71100.0,71500.0,20066.0
2026-08-05 09:20:00+09:00,71400.0,72200.0,70700.0,70800.0,22299.0
2026-08-05 09:30:00+09:00,70900.0,72600.0,70900.0,71100.0,42067.0
2026-08-05 09:40:00+09:00,71200.0,71600.0,71100.0,71300.0,8057.0
2026-08-05 09:50:00+09:00,71300.0,71900.0,71200.0,71700.0,13022.0
2026-08-05 10:00:00+09:00,71700.0,72500.0,71500.0,72100.0,14622.0
2026-08-05 10:10:00+09:00,72200.0,72300.0,71700.0,71800.0,6946.0
2026-08-05 10:20:00+09:00,71800.0,72300.0,71700.0,71900.0,6641.0
2026-08-05 10:30:00+09:00,71900.0,72400.0,71700.0,72400.0,10965.0
2026-08-05 10:40:00+09:00,72400.0,72400.0,72000.0,72400.0,2896.0
2026-08-05 10:50:00+09:00,72400.0,72400.0,71900.0,72300.0,7418.0
2026-08-05 11:00:00+09:00,72300.0,72300.0,72000.0,72200.0,3311.0
2026-08-05 11:10:00+09:00,72300.0,72600.0,72000.0,72400.0,15640.0
2026-08-05 11:20:00+09:00,72400.0,72800.0,72300.0,72800.0,7694.0
2026-08-05 11:30:00+09:00,72800.0,72800.0,72000.0,72000.0,6730.0
2026-08-05 11:40:00+09:00,72100.0,72200.0,71800.0,72100.0,9409.0
2026-08-05 11:50:00+09:00,72100.0,72400.0,72000.0,72300.0,3368.0
2026-08-05 12:00:00+09:00,72400.0,72500.0,72200.0,72200.0,3481.0
2026-08-05 12:10:00+09:00,72300.0,72400.0,72200.0,72300.0,2211.0
2026-08-05 12:20:00+09:00,72300.0,72300.0,72100.0,72200.0,2814.0
2026-08-05 12:30:00+09:00,72300.0,72400.0,72200.0,72400.0,1850.0
2026-08-05 12:40:00+09:00,72400.0,72400.0,71900.0,71900.0,6619.0
2026-08-05 12:50:00+09:00,72000.0,72300.0,72000.0,72200.0,2713.0
2026-08-05 13:00:00+09:00,72200.0,72300.0,71900.0,72000.0,5010.0
2026-08-05 13:10:00+09:00,72100.0,72200.0,71800.0,72000.0,5704.0
2026-08-05 13:20:00+09:00,71900.0,72200.0,71700.0,72000.0,10569.0
2026-08-05 13:30:00+09:00,72000.0,72300.0,71900.0,72200.0,7290.0
2026-08-05 13:40:00+09:00,72100.0,72300.0,71900.0,72100.0,7732.0
2026-08-05 13:50:00+09:00,72000.0,72200.0,71900.0,72200.0,9551.0
2026-08-05 14:00:00+09:00,72200.0,72200.0,71800.0,72100.0,5099.0
2026-08-05 14:10:00+09:00,72200.0,72400.0,72100.0,72300.0,7822.0
2026-08-05 14:20:00+09:00,72300.0,72500.0,72300.0,72300.0,8073.0
2026-08-05 14:30:00+09:00,72400.0,72500.0,72200.0,72300.0,7305.0
2026-08-05 14:40:00+09:00,72300.0,72500.0,72100.0,72300.0,6226.0
2026-08-05 14:50:00+09:00,72300.0,72500.0,72200.0,72400.0,6529.0
2026-08-06 09:00:00+09:00,71100.0,72700.0,70400.0,72100.0,32543.0
2026-08-06 09:10:00+09:00,72200.0,72200.0,71400.0,71900.0,10283.0
2026-08-06 09:20:00+09:00,71800.0,72200.0,70400.0,70800.0,12148.0
2026-08-06 09:30:00+09:00,70700.0,71100.0,70000.0,70000.0,12817.0
2026-08-06 09:40:00+09:00,70100.0,70500.0,69800.0,70100.0,7232.0
2026-08-06 09:50:00+09:00,70100.0,70300.0,69700.0,69900.0,8194.0
2026-08-06 10:00:00+09:00,69900.0,70000.0,69000.0,69400.0,14466.0
2026-08-06 10:10:00+09:00,69500.0,69800.0,68900.0,69200.0,7228.0
2026-08-06 10:20:00+09:00,69100.0,69200.0,67500.0,68400.0,14516.0
2026-08-06 10:30:00+09:00,68400.0,69100.0,68300.0,68600.0,7192.0
2026-08-06 10:40:00+09:00,68600.0,69000.0,68400.0,68900.0,3648.0
2026-08-06 10:50:00+09:00,68800.0,69100.0,68600.0,68900.0,5160.0
2026-08-06 11:00:00+09:00,68800.0,69300.0,68700.0,69200.0,4843.0
2026-08-06 11:10:00+09:00,69200.0,69400.0,69100.0,69200.0,2823.0
2026-08-06 11:20:00+09:00,69200.0,69700.0,69200.0,69700.0,4630.0
2026-08-06 11:30:00+09:00,69600.0,70000.0,69500.0,69900.0,5449.0
2026-08-06 11:40:00+09:00,69900.0,70200.0,69900.0,70100.0,5102.0
2026-08-06 11:50:00+09:00,70000.0,70500.0,70000.0,70200.0,3263.0
2026-08-06 12:00:00+09:00,70200.0,70700.0,70000.0,70100.0,5202.0
2026-08-06 12:10:00+09:00,70100.0,70300.0,69600.0,69600.0,3292.0
2026-08-06 12:20:00+09:00,69700.0,70000.0,69600.0,69700.0,2152.0
2026-08-06 12:30:00+09:00,69700.0,70000.0,69300.0,69800.0,5359.0
2026-08-06 12:40:00+09:00,69800.0,69800.0,69700.0,69800.0,996.0
2026-08-06 12:50:00+09:00,69700.0,69900.0,69400.0,69800.0,3054.0
2026-08-06 13:00:00+09:00,69800.0,70000.0,69600.0,70000.0,8149.0
2026-08-06 13:10:00+09:00,70000.0,70100.0,69700.0,69900.0,3554.0
2026-08-06 13:20:00+09:00,69900.0,70200.0,69700.0,70000.0,2497.0
2026-08-06 13:30:00+09:00,70100.0,70400.0,70000.0,70100.0,6145.0
2026-08-06 13:40:00+09:00,70100.0,70300.0,70000.0,70000.0,3055.0
2026-08-06 13:50:00+09:00,70000.0,70400.0,69900.0,70400.0,5066.0
2026-08-06 14:00:00+09:00,70300.0,70500.0,70200.0,70300.0,4751.0
2026-08-06 14:10:00+09:00,70300.0,70400.0,70000.0,70400.0,3476.0
2026-08-06 14:20:00+09:00,70400.0,70800.0,70000.0,70400.0,19136.0
2026-08-06 14:30:00+09:00,70400.0,70600.0,69700.0,69800.0,9243.0
2026-08-06 14:40:00+09:00,69700.0,70100.0,69600.0,69700.0,7332.0
2026-08-06 14:50:00+09:00,69600.0,69700.0,69300.0,69600.0,6820.0
2026-08-07 09:00:00+09:00,71100.0,72200.0,69800.0,71200.0,51529.0
2026-08-07 09:10:00+09:00,71300.0,72300.0,70600.0,70700.0,27863.0
2026-08-07 09:20:00+09:00,70800.0,70800.0,69800.0,70300.0,16813.0
2026-08-07 09:30:00+09:00,70200.0,70400.0,69800.0,70100.0,12648.0
2026-08-07 09:40:00+09:00,70100.0,70300.0,69800.0,70000.0,6194.0
2026-08-07 09:50:00+09:00,69950.0,70100.0,69700.0,70000.0,7428.0
2026-08-07 10:00:00+09:00,70000.0,70550.0,69900.0,70300.0,6314.0
2026-08-07 10:10:00+09:00,70300.0,70400.0,69200.0,69250.0,15143.0
2026-08-07 10:20:00+09:00,69250.0,69400.0,68500.0,69100.0,17672.0
2026-08-07 10:30:00+09:00,69200.0,69500.0,68100.0,68100.0,8539.0
2026-08-07 10:40:00+09:00,68200.0,68900.0,68000.0,68700.0,15651.0
2026-08-07 10:50:00+09:00,68700.0,69100.0,68300.0,68700.0,12183.0
2026-08-07 11:00:00+09:00,68700.0,69100.0,68500.0,68600.0,7609.0
2026-08-07 11:10:00+09:00,68600.0,69000.0,68500.0,68800.0,7083.0
2026-08-07 11:20:00+09:00,68700.0,68800.0,68400.0,68600.0,6634.0
2026-08-07 11:30:00+09:00,68600.0,68600.0,68300.0,68400.0,6001.0
2026-08-07 11:40:00+09:00,68300.0,68900.0,68200.0,68900.0,4409.0
2026-08-07 11:50:00+09:00,68700.0,68900.0,68500.0,68700.0,4316.0
2026-08-07 12:00:00+09:00,68700.0,69300.0,68600.0,69300.0,4444.0
2026-08-07 12:10:00+09:00,69300.0,69300.0,68700.0,68700.0,5841.0
2026-08-07 12:20:00+09:00,68700.0,69200.0,68700.0,69000.0,4759.0
2026-08-07 12:30:00+09:00,69000.0,69500.0,68900.0,69300.0,7038.0
2026-08-07 12:40:00+09:00,69300.0,69500.0,69000.0,69200.0,4321.0
2026-08-07 12:50:00+09:00,69200.0,69300.0,68600.0,69000.0,8471.0
2026-08-07 13:00:00+09:00,68900.0,69400.0,68800.0,69400.0,4695.0
2026-08-07 13:10:00+09:00,69400.0,69500.0,69000.0,69400.0,8274.0
2026-08-07 13:20:00+09:00,69400.0,69800.0,69200.0,69400.0,9188.0
2026-08-07 13:30:00+09:00,69400.0,69800.0,69400.0,69500.0,5716.0
2026-08-07 13:40:00+09:00,69600.0,69900.0,69500.0,69800.0,5744.0
2026-08-07 13:50:00+09:00,69800.0,69800.0,69400.0,69400.0,6599.0
2026-08-07 14:00:00+09:00,69400.0,70000.0,69400.0,69900.0,9492.0
2026-08-07 14:10:00+09:00,69900.0,69900.0,69700.0,69800.0,5082.0
2026-08-07 14:20:00+09:00,69800.0,70000.0,69700.0,69800.0,5333.0
2026-08-07 14:30:00+09:00,69700.0,70100.0,69700.0,70000.0,7415.0
2026-08-07 14:40:00+09:00,70000.0,70200.0,69900.0,70100.0,7118.0
2026-08-07 14:50:00+09:00,70200.0,70400.0,70100.0,70200.0,6943.0
2026-08-10 09:00:00+09:00,71500.0,74700.0,71400.0,73100.0,23343.0
2026-08-10 09:10:00+09:00,73050.0,73900.0,72300.0,72400.0,18023.0
2026-08-10 09:20:00+09:00,72300.0,73600.0,72100.0,73500.0,11119.0
2026-08-10 09:30:00+09:00,73500.0,74100.0,73200.0,74100.0,14487.0
2026-08-10 09:40:00+09:00,74000.0,74200.0,72900.0,74200.0,11496.0
2026-08-10 09:50:00+09:00,74200.0,74500.0,74000.0,74300.0,8858.0
2026-08-10 10:00:00+09:00,74200.0,74700.0,74000.0,74400.0,13898.0
2026-08-10 10:10:00+09:00,74300.0,74700.0,74000.0,74600.0,11243.0
2026-08-10 10:20:00+09:00,74600.0,75300.0,74600.0,75000.0,17087.0
2026-08-10 10:30:00+09:00,74900.0,75300.0,74800.0,75200.0,8661.0
2026-08-10 10:40:00+09:00,75300.0,75500.0,75200.0,75400.0,10395.0
2026-08-10 10:50:00+09:00,75400.0,76000.0,75300.0,75500.0,17527.0
2026-08-10 11:00:00+09:00,75600.0,76400.0,75400.0,76300.0,17768.0
2026-08-10 11:10:00+09:00,76200.0,76600.0,75900.0,76400.0,15619.0
2026-08-10 11:20:00+09:00,76300.0,76300.0,75700.0,76300.0,7936.0
2026-08-10 11:30:00+09:00,76300.0,76300.0,75700.0,75900.0,17996.0
2026-08-10 11:40:00+09:00,76000.0,76200.0,75600.0,76000.0,10750.0
2026-08-10 11:50:00+09:00,76100.0,76400.0,76000.0,76100.0,10249.0
2026-08-10 12:00:00+09:00,76100.0,76400.0,75800.0,76100.0,9725.0
2026-08-10 12:10:00+09:00,76100.0,76200.0,75800.0,76000.0,7489.0
2026-08-10 12:20:00+09:00,76000.0,76200.0,75800.0,76000.0,14252.0
2026-08-10 12:30:00+09:00,76000.0,76200.0,75800.0,76100.0,7200.0
2026-08-10 12:40:00+09:00,76000.0,76200.0,75700.0,75800.0,7882.0
2026-08-10 12:50:00+09:00,75800.0,76000.0,75700.0,75900.0,8711.0
2026-08-10 13:00:00+09:00,75900.0,76100.0,75700.0,76000.0,8666.0
2026-08-10 13:10:00+09:00,75900.0,76500.0,75900.0,76500.0,16540.0
2026-08-10 13:20:00+09:00,76500.0,76800.0,76300.0,76800.0,15142.0
2026-08-10 13:30:00+09:00,76700.0,76800.0,76300.0,76300.0,13859.0
2026-08-10 13:40:00+09:00,76400.0,76700.0,76200.0,76500.0,10730.0
2026-08-10 13:50:00+09:00,76500.0,76700.0,75900.0,75900.0,13350.0
2026-08-10 14:00:00+09:00,75900.0,76500.0,75800.0,76400.0,13286.0
2026-08-10 14:10:00+09:00,76400.0,76600.0,76200.0,76300.0,14843.0
2026-08-10 14:20:00+09:00,76400.0,76800.0,76200.0,76700.0,11858.0
2026-08-10 14:30:00+09:00,76700.0,77000.0,76600.0,76800.0,17378.0
2026-08-10 14:40:00+09:00,76700.0,76800.0,76500.0,76600.0,16314.0
2026-08-10 14:50:00+09:00,76600.0,76900.0,76500.0,76900.0,13412.0
2026-08-11 09:00:00+09:00,77000.0,77000.0,73800.0,74300.0,60777.0
2026-08-11 09:10:00+09:00,74200.0,74900.0,74000.0,74200.0,17765.0
2026-08-11 09:20:00+09:00,74200.0,74200.0,73400.0,74000.0,28015.0
2026-08-11 09:30:00+09:00,74000.0,74500.0,73900.0,74300.0,11561.0
2026-08-11 09:40:00+09:00,74200.0,74900.0,74200.0,74600.0,11331.0
2026-08-11 09:50:00+09:00,74600.0,75000.0,74500.0,74700.0,10017.0
2026-08-11 10:00:00+09:00,74600.0,74700.0,74200.0,74400.0,10731.0
2026-08-11 10:10:00+09:00,74350.0,75000.0,74300.0,74800.0,9560.0
2026-08-11 10:20:00+09:00,74750.0,75000.0,74000.0,74100.0,10049.0
2026-08-11 10:30:00+09:00,74100.0,74300.0,74000.0,74100.0,7553.0
2026-08-11 10:40:00+09:00,74100.0,74500.0,74000.0,74300.0,5689.0
2026-08-11 10:50:00+09:00,74300.0,74700.0,73700.0,73900.0,9559.0
2026-08-11 11:00:00+09:00,73800.0,73900.0,73000.0,73100.0,21404.0
2026-08-11 11:10:00+09:00,73100.0,73700.0,73100.0,73400.0,5873.0
2026-08-11 11:20:00+09:00,73400.0,73500.0,72900.0,73300.0,7446.0
2026-08-11 11:30:00+09:00,73400.0,73600.0,73300.0,73400.0,2176.0
2026-08-11 11:40:00+09:00,73500.0,73800.0,73400.0,73500.0,7810.0
2026-08-11 11:50:00+09:00,73450.0,73800.0,73400.0,73600.0,3848.0
2026-08-11 12:00:00+09:00,73600.0,73900.0,73300.0,73400.0,5496.0
2026-08-11 12:10:00+09:00,73500.0,73700.0,73300.0,73500.0,3659.0
2026-08-11 12:20:00+09:00,73600.0,73900.0,73500.0,73600.0,5303.0
2026-08-11 12:30:00+09:00,73600.0,73600.0,73000.0,73200.0,7633.0
2026-08-11 12:40:00+09:00,73100.0,73300.0,73000.0,73200.0,8385.0
2026-08-11 12:50:00+09:00,73300.0,73600.0,72800.0,73200.0,11591.0
2026-08-11 13:00:00+09:00,73200.0,73300.0,73000.0,73300.0,3190.0
2026-08-11 13:10:00+09:00,73300.0,73300.0,73100.0,73100.0,3741.0
2026-08-11 13:20:00+09:00,73200.0,73400.0,73000.0,73200.0,4413.0
2026-08-11 13:30:00+09:00,73200.0,73300.0,73100.0,73300.0,3220.0
2026-08-11 13:40:00+09:00,73300.0,73400.0,73000.0,73100.0,7081.0
2026-08-11 13:50:00+09:00,73100.0,73200.0,73000.0,73100.0,5163.0
2026-08-11 14:00:00+09:00,73100.0,73400.0,73100.0,73300.0,4937.0
2026-08-11 14:10:00+09:00,73400.0,73500.0,73100.0,73500.0,5690.0
2026-08-11 14:20:00+09:00,73400.0,73500.0,73200.0,73300.0,3128.0
2026-08-11 14:30:00+09:00,73200.0,73300.0,73000.0,73100.0,5324.0
2026-08-11 14:40:00+09:00,73100.0,73300.0,73100.0,73200.0,6019.0
2026-08-11 14:50:00+09:00,73200.0,73300.0,73000.0,73100.0,8790.0
2026-08-12 09:00:00+09:00,73300.0,73400.0,72200.0,72500.0,22206.0
2026-08-12 09:10:00+09:00,72600.0,73600.0,72600.0,73400.0,12478.0
2026-08-12 09:20:00+09:00,73300.0,73700.0,72900.0,73300.0,9505.0
2026-08-12 09:30:00+09:00,73300.0,73500.0,72900.0,73100.0,6874.0
2026-08-12 09:40:00+09:00,73100.0,73200.0,72700.0,72900.0,5813.0
2026-08-12 09:50:00+09:00,73000.0,73800.0,72900.0,73700.0,5363.0
2026-08-12 10:00:00+09:00,73700.0,74000.0,73200.0,73300.0,9895.0
2026-08-12 10:10:00+09:00,73300.0,73800.0,73300.0,73600.0,5443.0
2026-08-12 10:20:00+09:00,73700.0,74200.0,73500.0,74000.0,9240.0
2026-08-12 10:30:00+09:00,74000.0,74200.0,73700.0,74000.0,8852.0
2026-08-12 10:40:00+09:00,74100.0,74500.0,74000.0,74300.0,6051.0
2026-08-12 10:50:00+09:00,74300.0,74400.0,74000.0,74100.0,5859.0
2026-08-12 11:00:00+09:00,74000.0,74100.0,73600.0,73900.0,11517.0
2026-08-12 11:10:00+09:00,74000.0,74100.0,73800.0,73900.0,6384.0
2026-08-12 11:20:00+09:00,73900.0,74100.0,73800.0,73900.0,3107.0
2026-08-12 11:30:00+09:00,73900.0,74100.0,73600.0,73600.0,6564.0
2026-08-12 11:40:00+09:00,73600.0,74400.0,73600.0,74200.0,8703.0
2026-08-12 11:50:00+09:00,74200.0,74400.0,74100.0,74200.0,3766.0
2026-08-12 12:00:00+09:00,74200.0,74300.0,74000.0,74000.0,4786.0
2026-08-12 12:10:00+09:00,74100.0,74200.0,73800.0,74100.0,6467.0
2026-08-12 12:20:00+09:00,74000.0,74500.0,74000.0,74200.0,12113.0
2026-08-12 12:30:00+09:00,74300.0,74400.0,74200.0,74300.0,3591.0
2026-08-12 12:40:00+09:00,74300.0,74800.0,74300.0,74600.0,14795.0
2026-08-12 12:50:00+09:00,74600.0,75100.0,74500.0,75000.0,10441.0
2026-08-12 13:00:00+09:00,75000.0,75500.0,74700.0,75400.0,14552.0
2026-08-12 13:10:00+09:00,75300.0,75500.0,75000.0,75300.0,11066.0
2026-08-12 13:20:00+09:00,75400.0,75600.0,75300.0,75300.0,9267.0
2026-08-12 13:30:00+09:00,75300.0,75400.0,74900.0,75000.0,6109.0
2026-08-12 13:40:00+09:00,75000.0,75400.0,75000.0,75300.0,5170.0
2026-08-12 13:50:00+09:00,75300.0,75900.0,75200.0,75800.0,11178.0
2026-08-12 14:00:00+09:00,75800.0,76500.0,75700.0,76300.0,12258.0
2026-08-12 14:10:00+09:00,76300.0,76900.0,76300.0,76400.0,17342.0
2026-08-12 14:20:00+09:00,76400.0,77000.0,76300.0,76900.0,16973.0
2026-08-12 14:30:00+09:00,76800.0,77200.0,76500.0,76700.0,15475.0
2026-08-12 14:40:00+09:00,76700.0,76800.0,76300.0,76400.0,12247.0
2026-08-12 14:50:00+09:00,76300.0,76500.0,76000.0,76100.0,13590.0
2026-08-13 09:00:00+09:00,76900.0,78600.0,76800.0,78500.0,35045.0
2026-08-13 09:10:00+09:00,78600.0,78700.0,77100.0,77200.0,18951.0
2026-08-13 09:20:00+09:00,77200.0,78100.0,76800.0,77900.0,18253.0
2026-08-13 09:30:00+09:00,77900.0,78400.0,77300.0,78300.0,23425.0
2026-08-13 09:40:00+09:00,78300.0,78800.0,78300.0,78600.0,17137.0
2026-08-13 09:50:00+09:00,78600.0,78800.0,78200.0,78500.0,7888.0
2026-08-13 10:00:00+09:00,78400.0,78500.0,78000.0,78100.0,7369.0
2026-08-13 10:10:00+09:00,78000.0,78100.0,77700.0,77700.0,5329.0
2026-08-13 10:20:00+09:00,77700.0,77800.0,77300.0,77500.0,9331.0
2026-08-13 10:30:00+09:00,77500.0,78600.0,77500.0,78500.0,9156.0
2026-08-13 10:40:00+09:00,78600.0,78900.0,78500.0,78500.0,8420.0
2026-08-13 10:50:00+09:00,78400.0,78700.0,78300.0,78500.0,4752.0
2026-08-13 11:00:00+09:00,78500.0,78700.0,78000.0,78200.0,5572.0
2026-08-13 11:10:00+09:00,78100.0,78600.0,78100.0,78200.0,5439.0
2026-08-13 11:20:00+09:00,78300.0,78400.0,77900.0,78100.0,5542.0
2026-08-13 11:30:00+09:00,78000.0,78300.0,77800.0,78100.0,5997.0
2026-08-13 11:40:00+09:00,78200.0,78300.0,77900.0,78100.0,5137.0
2026-08-13 11:50:00+09:00,78100.0,78500.0,78100.0,78400.0,4910.0
2026-08-13 12:00:00+09:00,78300.0,78700.0,78300.0,78600.0,3673.0
2026-08-13 12:10:00+09:00,78700.0,78800.0,78400.0,78500.0,4896.0
2026-08-13 12:20:00+09:00,78500.0,78700.0,78400.0,78400.0,3218.0
2026-08-13 12:30:00+09:00,78400.0,78800.0,78400.0,78600.0,20934.0
2026-08-13 12:40:00+09:00,78600.0,78800.0,78500.0,78700.0,4085.0
2026-08-13 12:50:00+09:00,78800.0,78800.0,78200.0,78500.0,7161.0
2026-08-13 13:00:00+09:00,78400.0,78600.0,78100.0,78400.0,6848.0
2026-08-13 13:10:00+09:00,78300.0,78300.0,78000.0,78200.0,7251.0
2026-08-13 13:20:00+09:00,78000.0,78100.0,77800.0,78000.0,8386.0
2026-08-13 13:30:00+09:00,78000.0,78500.0,78000.0,78400.0,6587.0
2026-08-13 13:40:00+09:00,78300.0,78600.0,78300.0,78500.0,5752.0
2026-08-13 13:50:00+09:00,78500.0,78900.0,78300.0,78700.0,9241.0
2026-08-13 14:00:00+09:00,78600.0,78700.0,78400.0,78600.0,4739.0
2026-08-13 14:10:00+09:00,78700.0,78700.0,78400.0,78600.0,6517.0
2026-08-13 14:20:00+09:00,78500.0,78700.0,78400.0,78600.0,6190.0
2026-08-13 14:30:00+09:00,78600.0,78900.0,78400.0,78400.0,11863.0
2026-08-13 14:40:00+09:00,78500.0,78700.0,78000.0,78400.0,14099.0
2026-08-13 14:50:00+09:00,78500.0,79100.0,78400.0,78900.0,26466.0
2026-08-14 09:00:00+09:00,80800.0,83400.0,80600.0,81400.0,70425.0
2026-08-14 09:10:00+09:00,81500.0,81700.0,80700.0,80800.0,16985.0
2026-08-14 09:20:00+09:00,80800.0,81000.0,80400.0,80600.0,9736.0
2026-08-14 09:30:00+09:00,80600.0,80900.0,79800.0,80400.0,15848.0
2026-08-14 09:40:00+09:00,80400.0,80600.0,80000.0,80100.0,10179.0
2026-08-14 09:50:00+09:00,80000.0,80500.0,79600.0,80400.0,17619.0
2026-08-14 10:00:00+09:00,80300.0,80400.0,79600.0,79700.0,11788.0
2026-08-14 10:10:00+09:00,79650.0,80400.0,79500.0,80200.0,13288.0
2026-08-14 10:20:00+09:00,80100.0,80500.0,80000.0,80400.0,8938.0
2026-08-14 10:30:00+09:00,80400.0,80700.0,80200.0,80400.0,11522.0
2026-08-14 10:40:00+09:00,80400.0,80700.0,80400.0,80650.0,6166.0
2026-08-14 10:50:00+09:00,80700.0,80700.0,80500.0,80600.0,4442.0
2026-08-14 11:00:00+09:00,80500.0,80600.0,80000.0,80100.0,14884.0
2026-08-14 11:10:00+09:00,80200.0,80500.0,80000.0,80400.0,5941.0
2026-08-14 11:20:00+09:00,80300.0,80400.0,80000.0,80100.0,3723.0
2026-08-14 11:30:00+09:00,80100.0,80200.0,79800.0,79900.0,20473.0
2026-08-14 11:40:00+09:00,79900.0,80100.0,79800.0,80000.0,3320.0
2026-08-14 11:50:00+09:00,79900.0,80100.0,79800.0,79900.0,4859.0
2026-08-14 12:00:00+09:00,79900.0,80000.0,79400.0,79500.0,8545.0
2026-08-14 12:10:00+09:00,79500.0,79800.0,79400.0,79700.0,2470.0
2026-08-14 12:20:00+09:00,79700.0,80100.0,79700.0,80100.0,2953.0
2026-08-14 12:30:00+09:00,80000.0,80100.0,79800.0,79800.0,3016.0
2026-08-14 12:40:00+09:00,79800.0,80100.0,79800.0,80000.0,2373.0
2026-08-14 12:50:00+09:00,80000.0,80200.0,80000.0,80000.0,1732.0
2026-08-14 13:00:00+09:00,80000.0,80300.0,79900.0,80200.0,4560.0
2026-08-14 13:10:00+09:00,80200.0,80500.0,80100.0,80400.0,3575.0
2026-08-14 13:20:00+09:00,80400.0,80500.0,80000.0,80100.0,3923.0
2026-08-14 13:30:00+09:00,80100.0,80200.0,79900.0,79900.0,4568.0
2026-08-14 13:40:00+09:00,80000.0,80200.0,79900.0,80000.0,5100.0
2026-08-14 13:50:00+09:00,80000.0,80000.0,79900.0,80000.0,2422.0
2026-08-14 14:00:00+09:00,79900.0,80200.0,79800.0,79800.0,5570.0
2026-08-14 14:10:00+09:00,79900.0,80000.0,79800.0,79850.0,4193.0
2026-08-14 14:20:00+09:00,79900.0,79900.0,79700.0,79700.0,3761.0
2026-08-14 14:30:00+09:00,79800.0,80200.0,79700.0,79900.0,6414.0
2026-08-14 14:40:00+09:00,79900.0,80300.0,79900.0,80200.0,3655.0
2026-08-14 14:50:00+09:00,80100.0,80200.0,80100.0,80200.0,1907.0
2026-08-18 09:00:00+09:00,80000.0,80300.0,78200.0,79200.0,10571.0
2026-08-18 09:10:00+09:00,79200.0,80600.0,78700.0,80500.0,18441.0
2026-08-18 09:20:00+09:00,80500.0,80700.0,79600.0,80300.0,10240.0
2026-08-18 09:30:00+09:00,80300.0,80800.0,80100.0,80400.0,8603.0
2026-08-18 09:40:00+09:00,80400.0,81400.0,80300.0,81400.0,16799.0
2026-08-18 09:50:00+09:00,81300.0,81800.0,81000.0,81700.0,9126.0
2026-08-18 10:00:00+09:00,81800.0,83000.0,81700.0,82900.0,31928.0
2026-08-18 10:10:00+09:00,82900.0,83800.0,82900.0,83300.0,22274.0
2026-08-18 10:20:00+09:00,83300.0,83400.0,82500.0,82550.0,12610.0
2026-08-18 10:30:00+09:00,82600.0,82800.0,82500.0,82800.0,2405.0
2026-08-18 10:40:00+09:00,82800.0,82800.0,81500.0,81700.0,10965.0
2026-08-18 10:50:00+09:00,81700.0,81900.0,81200.0,81800.0,5867.0
2026-08-18 11:00:00+09:00,81800.0,82000.0,81600.0,81900.0,3306.0
2026-08-18 11:10:00+09:00,81900.0,82000.0,81200.0,81300.0,3992.0
2026-08-18 11:20:00+09:00,81300.0,81400.0,80500.0,80500.0,7379.0
2026-08-18 11:30:00+09:00,80500.0,80900.0,80100.0,80900.0,8656.0
2026-08-18 11:40:00+09:00,80900.0,81100.0,80100.0,80700.0,6895.0
2026-08-18 11:50:00+09:00,80700.0,80800.0,80400.0,80800.0,3894.0
2026-08-18 12:00:00+09:00,80800.0,81700.0,80800.0,81200.0,10407.0
2026-08-18 12:10:00+09:00,81100.0,81200.0,80700.0,80800.0,2991.0
2026-08-18 12:20:00+09:00,80800.0,81000.0,80300.0,80700.0,5295.0
2026-08-18 12:30:00+09:00,80700.0,80900.0,80100.0,80800.0,6782.0
2026-08-18 12:40:00+09:00,80800.0,80900.0,80600.0,80600.0,2893.0
2026-08-18 12:50:00+09:00,80600.0,80700.0,80500.0,80600.0,3751.0
2026-08-18 13:00:00+09:00,80600.0,80800.0,80300.0,80400.0,3276.0
2026-08-18 13:10:00+09:00,80400.0,80600.0,80400.0,80600.0,1377.0
2026-08-18 13:20:00+09:00,80600.0,80800.0,80500.0,80600.0,4251.0
2026-08-18 13:30:00+09:00,80600.0,80600.0,80300.0,80300.0,4136.0
2026-08-18 13:40:00+09:00,80400.0,80400.0,80100.0,80200.0,2497.0
2026-08-18 13:50:00+09:00,80200.0,80500.0,80100.0,80400.0,3801.0
2026-08-18 14:00:00+09:00,80400.0,80500.0,80200.0,80500.0,3778.0
2026-08-18 14:10:00+09:00,80500.0,80500.0,80000.0,80100.0,5208.0
2026-08-18 14:20:00+09:00,80200.0,80200.0,79900.0,80100.0,8886.0
2026-08-18 14:30:00+09:00,80100.0,80200.0,79500.0,79500.0,5466.0
2026-08-18 14:40:00+09:00,79500.0,80000.0,79200.0,79700.0,6799.0
2026-08-18 14:50:00+09:00,79700.0,79800.0,79200.0,79300.0,6849.0
2026-08-19 09:00:00+09:00,81500.0,81600.0,75500.0,76100.0,156101.0
2026-08-19 09:10:00+09:00,76100.0,76100.0,74100.0,74800.0,49099.0
2026-08-19 09:20:00+09:00,74800.0,75000.0,73400.0,73900.0,25159.0
2026-08-19 09:30:00+09:00,73900.0,74800.0,73800.0,74800.0,15566.0
2026-08-19 09:40:00+09:00,74800.0,74900.0,74200.0,74600.0,12844.0
2026-08-19 09:50:00+09:00,74600.0,75400.0,74100.0,75200.0,11562.0
2026-08-19 10:00:00+09:00,75100.0,77600.0,75100.0,77100.0,25195.0
2026-08-19 10:10:00+09:00,77100.0,78100.0,77000.0,78100.0,17808.0
2026-08-19 10:20:00+09:00,78100.0,78400.0,77300.0,78300.0,13183.0
2026-08-19 10:30:00+09:00,78300.0,78400.0,77000.0,77100.0,9844.0
2026-08-19 10:40:00+09:00,77100.0,77200.0,76500.0,76500.0,6210.0
2026-08-19 10:50:00+09:00,76500.0,76700.0,76300.0,76500.0,6334.0
2026-08-19 11:00:00+09:00,76500.0,76500.0,75400.0,75500.0,12603.0
2026-08-19 11:10:00+09:00,75400.0,75900.0,75200.0,75500.0,6175.0
2026-08-19 11:20:00+09:00,75500.0,76200.0,75400.0,75900.0,5776.0
2026-08-19 11:30:00+09:00,75900.0,76000.0,75600.0,75900.0,4821.0
2026-08-19 11:40:00+09:00,75900.0,75900.0,75500.0,75700.0,5109.0
2026-08-19 11:50:00+09:00,75700.0,75800.0,75400.0,75500.0,5131.0
2026-08-19 12:00:00+09:00,75400.0,76000.0,75400.0,76000.0,5154.0
2026-08-19 12:10:00+09:00,75700.0,76100.0,75600.0,75800.0,4352.0
2026-08-19 12:20:00+09:00,75800.0,76000.0,75600.0,76000.0,6070.0
2026-08-19 12:30:00+09:00,76000.0,76100.0,75700.0,75800.0,3751.0
2026-08-19 12:40:00+09:00,75800.0,75900.0,75400.0,75400.0,4983.0
2026-08-19 12:50:00+09:00,75400.0,75700.0,75400.0,75600.0,6134.0
2026-08-19 13:00:00+09:00,75600.0,75600.0,75300.0,75300.0,7949.0
2026-08-19 13:10:00+09:00,75400.0,75400.0,75100.0,75100.0,6676.0
2026-08-19 13:20:00+09:00,75200.0,75900.0,75100.0,75600.0,5016.0
2026-08-19 13:30:00+09:00,75600.0,75700.0,75200.0,75400.0,5238.0
2026-08-19 13:40:00+09:00,75400.0,75700.0,75300.0,75300.0,4377.0
2026-08-19 13:50:00+09:00,75300.0,75600.0,75200.0,75500.0,6148.0
2026-08-19 14:00:00+09:00,75500.0,76100.0,75400.0,76100.0,5701.0
2026-08-19 14:10:00+09:00,76000.0,76100.0,75300.0,75500.0,14742.0
2026-08-19 14:20:00+09:00,75400.0,76500.0,75400.0,76400.0,9227.0
2026-08-19 14:30:00+09:00,76400.0,76400.0,76000.0,76200.0,6536.0
2026-08-19 14:40:00+09:00,76200.0,76300.0,76000.0,76100.0,5209.0
2026-08-19 14:50:00+09:00,76000.0,76100.0,75600.0,75700.0,7779.0
2026-08-20 09:00:00+09:00,75800.0,76300.0,74400.0,74600.0,38612.0
2026-08-20 09:10:00+09:00,74700.0,75100.0,74300.0,75100.0,14477.0
2026-08-20 09:20:00+09:00,75100.0,75200.0,74600.0,74700.0,8057.0
2026-08-20 09:30:00+09:00,74700.0,75400.0,74700.0,75200.0,8786.0
2026-08-20 09:40:00+09:00,75200.0,75700.0,75100.0,75700.0,6790.0
2026-08-20 09:50:00+09:00,75600.0,75800.0,75200.0,75200.0,7660.0
2026-08-20 10:00:00+09:00,75200.0,75300.0,74500.0,74700.0,16152.0
2026-08-20 10:10:00+09:00,74700.0,75700.0,74600.0,75600.0,5378.0
2026-08-20 10:20:00+09:00,75600.0,75900.0,75500.0,75700.0,6568.0
2026-08-20 10:30:00+09:00,75700.0,76100.0,75700.0,76000.0,7236.0
2026-08-20 10:40:00+09:00,76000.0,76300.0,75700.0,75800.0,7185.0
2026-08-20 10:50:00+09:00,75800.0,76100.0,75400.0,75400.0,6610.0
2026-08-20 11:00:00+09:00,75300.0,75900.0,75300.0,75400.0,5407.0
2026-08-20 11:10:00+09:00,75500.0,75800.0,75300.0,75700.0,5254.0
2026-08-20 11:20:00+09:00,75600.0,75900.0,75300.0,75500.0,5287.0
2026-08-20 11:30:00+09:00,75600.0,75900.0,75500.0,75900.0,2640.0
2026-08-20 11:40:00+09:00,75900.0,75900.0,75600.0,75600.0,3104.0
2026-08-20 11:50:00+09:00,75700.0,75900.0,75600.0,75700.0,3029.0
2026-08-20 12:00:00+09:00,75800.0,76100.0,75700.0,75900.0,3428.0
2026-08-20 12:10:00+09:00,76000.0,76000.0,75600.0,75700.0,3599.0
2026-08-20 12:20:00+09:00,75700.0,75700.0,75400.0,75600.0,7032.0
2026-08-20 12:30:00+09:00,75500.0,75800.0,75400.0,75600.0,3016.0
2026-08-20 12:40:00+09:00,75600.0,76100.0,75500.0,75900.0,5633.0
2026-08-20 12:50:00+09:00,76000.0,76200.0,76000.0,76100.0,4458.0
2026-08-20 13:00:00+09:00,76100.0,76200.0,75600.0,75700.0,4966.0
2026-08-20 13:10:00+09:00,75600.0,76000.0,75600.0,75700.0,2409.0
2026-08-20 13:20:00+09:00,75800.0,76100.0,75700.0,75800.0,3848.0
2026-08-20 13:30:00+09:00,75800.0,76000.0,75600.0,75600.0,4453.0
2026-08-20 13:40:00+09:00,75700.0,75800.0,75500.0,75600.0,2930.0
2026-08-20 13:50:00+09:00,75700.0,75700.0,75500.0,75600.0,2197.0
2026-08-20 14:00:00+09:00,75500.0,75900.0,75500.0,75600.0,8020.0
2026-08-20 14:10:00+09:00,75600.0,76000.0,75600.0,75900.0,2771.0
2026-08-20 14:20:00+09:00,75950.0,76000.0,75800.0,75900.0,3457.0
2026-08-20 14:30:00+09:00,76000.0,76000.0,75400.0,75500.0,9074.0
2026-08-20 14:40:00+09:00,75500.0,75600.0,75300.0,75300.0,3979.0
2026-08-20 14:50:00+09:00,75400.0,75600.0,75000.0,75100.0,9171.0
2026-08-21 09:00:00+09:00,73500.0,74600.0,71300.0,71600.0,29660.0
2026-08-21 09:10:00+09:00,71600.0,71800.0,71000.0,71100.0,17674.0
2026-08-21 09:20:00+09:00,71200.0,71500.0,71000.0,71400.0,6929.0
2026-08-21 09:30:00+09:00,71400.0,71700.0,71200.0,71600.0,8606.0
2026-08-21 09:40:00+09:00,71600.0,71800.0,71100.0,71300.0,11888.0
2026-08-21 09:50:00+09:00,71200.0,71300.0,70700.0,70900.0,12221.0
2026-08-21 10:00:00+09:00,70800.0,70900.0,70200.0,70300.0,11489.0
2026-08-21 10:10:00+09:00,70400.0,70800.0,70200.0,70700.0,7365.0
2026-08-21 10:20:00+09:00,70700.0,70800.0,70300.0,70400.0,5889.0
2026-08-21 10:30:00+09:00,70400.0,70500.0,70100.0,70100.0,5808.0
2026-08-21 10:40:00+09:00,70100.0,70600.0,70100.0,70400.0,5267.0
2026-08-21 10:50:00+09:00,70400.0,70500.0,70100.0,70100.0,6027.0
2026-08-21 11:00:00+09:00,70100.0,70700.0,70100.0,70600.0,10072.0
2026-08-21 11:10:00+09:00,70700.0,71000.0,70400.0,70800.0,5405.0
2026-08-21 11:20:00+09:00,70900.0,71400.0,70800.0,71100.0,6264.0
2026-08-21 11:30:00+09:00,71100.0,71300.0,71000.0,71000.0,3227.0
2026-08-21 11:40:00+09:00,71000.0,71400.0,70900.0,71300.0,4724.0
2026-08-21 11:50:00+09:00,71300.0,71400.0,70900.0,71100.0,3094.0
2026-08-21 12:00:00+09:00,71100.0,71200.0,71000.0,71100.0,2512.0
2026-08-21 12:10:00+09:00,71100.0,71100.0,70700.0,70900.0,4287.0
2026-08-21 12:20:00+09:00,70800.0,70900.0,70500.0,70500.0,8289.0
2026-08-21 12:30:00+09:00,70500.0,70600.0,70500.0,70500.0,3492.0
2026-08-21 12:40:00+09:00,70500.0,70700.0,70400.0,70600.0,4431.0
2026-08-21 12:50:00+09:00,70600.0,70700.0,70400.0,70400.0,4557.0
2026-08-21 13:00:00+09:00,70400.0,70500.0,70300.0,70300.0,5043.0
2026-08-21 13:10:00+09:00,70400.0,70400.0,70200.0,70200.0,5252.0
2026-08-21 13:20:00+09:00,70200.0,70700.0,70100.0,70500.0,7556.0
2026-08-21 13:30:00+09:00,70500.0,70600.0,70400.0,70600.0,4802.0
2026-08-21 13:40:00+09:00,70600.0,70900.0,70400.0,70700.0,6074.0
2026-08-21 13:50:00+09:00,70800.0,71000.0,70500.0,70500.0,4493.0
2026-08-21 14:00:00+09:00,70600.0,70600.0,70200.0,70200.0,7613.0
2026-08-21 14:10:00+09:00,70200.0,70400.0,70200.0,70200.0,5260.0
2026-08-21 14:20:00+09:00,70200.0,70300.0,70100.0,70100.0,4622.0
2026-08-21 14:30:00+09:00,70100.0,70500.0,70100.0,70400.0,6210.0
2026-08-21 14:40:00+09:00,70400.0,70500.0,70200.0,70200.0,6116.0
2026-08-21 14:50:00+09:00,70200.0,70400.0,70200.0,70200.0,8073.0
2026-08-24 09:00:00+09:00,70600.0,70900.0,69000.0,69200.0,10214.0
2026-08-24 09:10:00+09:00,69300.0,70500.0,68900.0,69900.0,13950.0
2026-08-24 09:20:00+09:00,69900.0,70400.0,69500.0,69700.0,10158.0
2026-08-24 09:30:00+09:00,69700.0,70100.0,69500.0,70100.0,9342.0
2026-08-24 09:40:00+09:00,70100.0,71000.0,69800.0,70600.0,14922.0
2026-08-24 09:50:00+09:00,70600.0,71200.0,70400.0,70900.0,9062.0
2026-08-24 10:00:00+09:00,70900.0,71100.0,70600.0,70900.0,7876.0
2026-08-24 10:10:00+09:00,70800.0,70900.0,70600.0,70600.0,4704.0
2026-08-24 10:20:00+09:00,70600.0,70700.0,70100.0,70200.0,7294.0
2026-08-24 10:30:00+09:00,70300.0,70300.0,70000.0,70200.0,4802.0
2026-08-24 10:40:00+09:00,70200.0,70600.0,70200.0,70400.0,4772.0
2026-08-24 10:50:00+09:00,70400.0,70700.0,70200.0,70300.0,5475.0
2026-08-24 11:00:00+09:00,70300.0,70300.0,69700.0,70000.0,10845.0
2026-08-24 11:10:00+09:00,69900.0,70200.0,69900.0,70100.0,3665.0
2026-08-24 11:20:00+09:00,70000.0,70300.0,69900.0,70300.0,5594.0
2026-08-24 11:30:00+09:00,70300.0,70600.0,70300.0,70400.0,5254.0
2026-08-24 11:40:00+09:00,70300.0,70400.0,70000.0,70000.0,3218.0
2026-08-24 11:50:00+09:00,70000.0,70200.0,69700.0,70100.0,8462.0
2026-08-24 12:00:00+09:00,70100.0,70200.0,69600.0,69800.0,4384.0
2026-08-24 12:10:00+09:00,69800.0,69800.0,69600.0,69700.0,4414.0
2026-08-24 12:20:00+09:00,69600.0,69800.0,69600.0,69700.0,5797.0
2026-08-24 12:30:00+09:00,69600.0,69700.0,68900.0,69600.0,9085.0
2026-08-24 12:40:00+09:00,69600.0,69700.0,69000.0,69400.0,6200.0
2026-08-24 12:50:00+09:00,69400.0,69400.0,69100.0,69200.0,7136.0
2026-08-24 13:00:00+09:00,69200.0,69200.0,69000.0,69000.0,1878.0
2026-08-24 13:10:00+09:00,69000.0,69300.0,69000.0,69100.0,4716.0
2026-08-24 13:20:00+09:00,69200.0,69500.0,69200.0,69300.0,5310.0
2026-08-24 13:30:00+09:00,69200.0,69500.0,69200.0,69300.0,3696.0
2026-08-24 13:40:00+09:00,69200.0,69400.0,69200.0,69200.0,3935.0
2026-08-24 13:50:00+09:00,69200.0,69400.0,69200.0,69200.0,6190.0
2026-08-24 14:00:00+09:00,69300.0,69300.0,69100.0,69200.0,3879.0
2026-08-24 14:10:00+09:00,69300.0,69600.0,69200.0,69300.0,6115.0
2026-08-24 14:20:00+09:00,69400.0,69700.0,69300.0,69500.0,4872.0
2026-08-24 14:30:00+09:00,69500.0,69600.0,69200.0,69400.0,5689.0
2026-08-24 14:40:00+09:00,69300.0,69500.0,69200.0,69200.0,3002.0
2026-08-24 14:50:00+09:00,69200.0,69600.0,69200.0,69300.0,3762.0
2026-08-25 09:00:00+09:00,69000.0,70000.0,68500.0,68600.0,21914.0
2026-08-25 09:10:00+09:00,68600.0,68900.0,67500.0,67800.0,20205.0
2026-08-25 09:20:00+09:00,67900.0,70200.0,67900.0,70100.0,30360.0
2026-08-25 09:30:00+09:00,70100.0,71200.0,70000.0,70900.0,16453.0
2026-08-25 09:40:00+09:00,70800.0,71200.0,70400.0,70600.0,12449.0
2026-08-25 09:50:00+09:00,70600.0,71000.0,70500.0,70800.0,10719.0
2026-08-25 10:00:00+09:00,70700.0,71000.0,70500.0,70700.0,11481.0
2026-08-25 10:10:00+09:00,70700.0,70800.0,70300.0,70300.0,6108.0
2026-08-25 10:20:00+09:00,70400.0,70600.0,69900.0,70600.0,7084.0
2026-08-25 10:30:00+09:00,70600.0,71100.0,70500.0,71000.0,5864.0
2026-08-25 10:40:00+09:00,71000.0,71800.0,70700.0,71500.0,13234.0
2026-08-25 10:50:00+09:00,71500.0,71600.0,71200.0,71500.0,5953.0
2026-08-25 11:00:00+09:00,71400.0,71800.0,70800.0,70900.0,7161.0
2026-08-25 11:10:00+09:00,70900.0,71200.0,70800.0,71100.0,4527.0
2026-08-25 11:20:00+09:00,71100.0,71200.0,70700.0,70900.0,4665.0
2026-08-25 11:30:00+09:00,70800.0,71000.0,70400.0,70500.0,5559.0
2026-08-25 11:40:00+09:00,70500.0,70700.0,70300.0,70500.0,8375.0
2026-08-25 11:50:00+09:00,70400.0,70900.0,70400.0,70900.0,4153.0
2026-08-25 12:00:00+09:00,70800.0,70900.0,70500.0,70700.0,6043.0
2026-08-25 12:10:00+09:00,70800.0,71100.0,70700.0,71100.0,5557.0
2026-08-25 12:20:00+09:00,71100.0,71400.0,70900.0,71300.0,6542.0
2026-08-25 12:30:00+09:00,71200.0,71500.0,71200.0,71200.0,9058.0
2026-08-25 12:40:00+09:00,71200.0,71300.0,71000.0,71300.0,4452.0
2026-08-25 12:50:00+09:00,71200.0,71700.0,71200.0,71650.0,6358.0
2026-08-25 13:00:00+09:00,71600.0,71900.0,71600.0,71700.0,11200.0
2026-08-25 13:10:00+09:00,71700.0,71900.0,71600.0,71800.0,6936.0
2026-08-25 13:20:00+09:00,71800.0,72000.0,71700.0,71900.0,6845.0
2026-08-25 13:30:00+09:00,71900.0,72200.0,71800.0,72200.0,8671.0
2026-08-25 13:40:00+09:00,72200.0,72200.0,71800.0,71800.0,10070.0
2026-08-25 13:50:00+09:00,71800.0,72000.0,71600.0,71900.0,7797.0
2026-08-25 14:00:00+09:00,72000.0,72100.0,71800.0,71900.0,12043.0
2026-08-25 14:10:00+09:00,71900.0,72200.0,71800.0,72100.0,3286.0
2026-08-25 14:20:00+09:00,72200.0,72500.0,72000.0,72400.0,8882.0
2026-08-25 14:30:00+09:00,72400.0,72500.0,72200.0,72500.0,5826.0
2026-08-25 14:40:00+09:00,72500.0,72500.0,72100.0,72100.0,11772.0
2026-08-25 14:50:00+09:00,72100.0,72400.0,72000.0,72400.0,7023.0
2026-08-26 09:00:00+09:00,72200.0,72600.0,71100.0,71300.0,23820.0
2026-08-26 09:10:00+09:00,71400.0,71700.0,71000.0,71700.0,8931.0
2026-08-26 09:20:00+09:00,71600.0,72000.0,71000.0,71200.0,10340.0
2026-08-26 09:30:00+09:00,71100.0,71300.0,70800.0,70800.0,12470.0
2026-08-26 09:40:00+09:00,70900.0,71100.0,70800.0,71000.0,6786.0
2026-08-26 09:50:00+09:00,71000.0,71100.0,70600.0,70700.0,8872.0
2026-08-26 10:00:00+09:00,70700.0,71100.0,70600.0,71100.0,4645.0
2026-08-26 10:10:00+09:00,71200.0,71900.0,71100.0,71800.0,10231.0
2026-08-26 10:20:00+09:00,71800.0,71800.0,71200.0,71600.0,5452.0
2026-08-26 10:30:00+09:00,71600.0,71800.0,71400.0,71600.0,3719.0
2026-08-26 10:40:00+09:00,71600.0,71700.0,71300.0,71400.0,3218.0
2026-08-26 10:50:00+09:00,71400.0,71700.0,71300.0,71600.0,5314.0
2026-08-26 11:00:00+09:00,71600.0,71600.0,71300.0,71500.0,2014.0
2026-08-26 11:10:00+09:00,71600.0,71900.0,71600.0,71800.0,3866.0
2026-08-26 11:20:00+09:00,71700.0,71700.0,71400.0,71600.0,3853.0
2026-08-26 11:30:00+09:00,71700.0,72000.0,71600.0,71900.0,5050.0
2026-08-26 11:40:00+09:00,71900.0,72100.0,71800.0,71900.0,4508.0
2026-08-26 11:50:00+09:00,71900.0,72000.0,71600.0,71700.0,2826.0
2026-08-26 12:00:00+09:00,71700.0,72000.0,71500.0,71600.0,2698.0
2026-08-26 12:10:00+09:00,71600.0,72000.0,71600.0,71800.0,4183.0
2026-08-26 12:20:00+09:00,71900.0,72000.0,71700.0,71800.0,2621.0
2026-08-26 12:30:00+09:00,71800.0,72100.0,71600.0,72000.0,6061.0
2026-08-26 12:40:00+09:00,72000.0,72300.0,71900.0,72100.0,6163.0
2026-08-26 12:50:00+09:00,72200.0,72300.0,72000.0,72200.0,2864.0
2026-08-26 13:00:00+09:00,72200.0,72500.0,72100.0,72100.0,5192.0
2026-08-26 13:10:00+09:00,72100.0,72300.0,72000.0,72200.0,3320.0
2026-08-26 13:20:00+09:00,72200.0,72800.0,72200.0,72700.0,7579.0
2026-08-26 13:30:00+09:00,72700.0,72800.0,72400.0,72500.0,3817.0
2026-08-26 13:40:00+09:00,72500.0,72700.0,72300.0,72400.0,3723.0
2026-08-26 13:50:00+09:00,72400.0,72700.0,72350.0,72600.0,5590.0
2026-08-26 14:00:00+09:00,72500.0,72900.0,72500.0,72800.0,6041.0
2026-08-26 14:10:00+09:00,72800.0,72900.0,72400.0,72400.0,4971.0
2026-08-26 14:20:00+09:00,72400.0,72800.0,72400.0,72600.0,3728.0
2026-08-26 14:30:00+09:00,72700.0,73100.0,72600.0,73000.0,9535.0
2026-08-26 14:40:00+09:00,73000.0,73400.0,73000.0,73300.0,11692.0
2026-08-26 14:50:00+09:00,73200.0,73400.0,72900.0,73200.0,8405.0
2026-08-27 09:00:00+09:00,74100.0,75300.0,73500.0,74400.0,18407.0
2026-08-27 09:10:00+09:00,74300.0,74900.0,74100.0,74200.0,9075.0
2026-08-27 09:20:00+09:00,74100.0,74500.0,74100.0,74400.0,3635.0
2026-08-27 09:30:00+09:00,74400.0,75000.0,74400.0,75000.0,13359.0
2026-08-27 09:40:00+09:00,75000.0,75900.0,75000.0,75100.0,15959.0
2026-08-27 09:50:00+09:00,75100.0,75200.0,73700.0,74700.0,11130.0
2026-08-27 10:00:00+09:00,74700.0,75100.0,74500.0,74600.0,10904.0
2026-08-27 10:10:00+09:00,74700.0,74700.0,74300.0,74500.0,8383.0
2026-08-27 10:20:00+09:00,74500.0,75400.0,74400.0,75100.0,10963.0
2026-08-27 10:30:00+09:00,75100.0,75500.0,75100.0,75400.0,7650.0
2026-08-27 10:40:00+09:00,75300.0,75400.0,75100.0,75200.0,8632.0
2026-08-27 10:50:00+09:00,75200.0,75400.0,75100.0,75300.0,4591.0
2026-08-27 11:00:00+09:00,75200.0,75500.0,75200.0,75400.0,8995.0
2026-08-27 11:10:00+09:00,75400.0,75500.0,75200.0,75200.0,2857.0
2026-08-27 11:20:00+09:00,75200.0,75500.0,75200.0,75400.0,7423.0
2026-08-27 11:30:00+09:00,75400.0,76300.0,75400.0,76100.0,18526.0
2026-08-27 11:40:00+09:00,76100.0,76400.0,76000.0,76400.0,8714.0
2026-08-27 11:50:00+09:00,76300.0,76800.0,76300.0,76300.0,9434.0
2026-08-27 12:00:00+09:00,76300.0,76500.0,76200.0,76300.0,4126.0
2026-08-27 12:10:00+09:00,76300.0,76500.0,76200.0,76400.0,3247.0
2026-08-27 12:20:00+09:00,76400.0,76700.0,76300.0,76600.0,5779.0
2026-08-27 12:30:00+09:00,76600.0,76700.0,76300.0,76500.0,3729.0
2026-08-27 12:40:00+09:00,76500.0,76800.0,76400.0,76700.0,12165.0
2026-08-27 12:50:00+09:00,76600.0,76800.0,76500.0,76700.0,5021.0
2026-08-27 13:00:00+09:00,76700.0,76800.0,76600.0,76600.0,3761.0
2026-08-27 13:10:00+09:00,76700.0,76700.0,76500.0,76500.0,5693.0
2026-08-27 13:20:00+09:00,76500.0,76700.0,76400.0,76500.0,8717.0
2026-08-27 13:30:00+09:00,76500.0,76700.0,76500.0,76500.0,6188.0
2026-08-27 13:40:00+09:00,76500.0,76600.0,76200.0,76300.0,5664.0
2026-08-27 13:50:00+09:00,76200.0,77200.0,76100.0,77100.0,19959.0
2026-08-27 14:00:00+09:00,77200.0,77700.0,77100.0,77600.0,29767.0
2026-08-27 14:10:00+09:00,77600.0,77600.0,77200.0,77500.0,15785.0
2026-08-27 14:20:00+09:00,77400.0,78000.0,77400.0,77900.0,17825.0
2026-08-27 14:30:00+09:00,77900.0,78300.0,77800.0,78200.0,19700.0
2026-08-27 14:40:00+09:00,78200.0,78300.0,78000.0,78100.0,17309.0
2026-08-27 14:50:00+09:00,78200.0,78400.0,77700.0,77800.0,23464.0
2026-08-28 09:00:00+09:00,76900.0,78050.0,75800.0,77300.0,18635.0
2026-08-28 09:10:00+09:00,77200.0,77400.0,76200.0,76500.0,11052.0
2026-08-28 09:20:00+09:00,76500.0,76800.0,75600.0,76000.0,13193.0
2026-08-28 09:30:00+09:00,76000.0,76100.0,75700.0,75800.0,6185.0
2026-08-28 09:40:00+09:00,75800.0,76100.0,75800.0,76000.0,3161.0
2026-08-28 09:50:00+09:00,76000.0,76100.0,75500.0,75600.0,10507.0
2026-08-28 10:00:00+09:00,75500.0,75600.0,75100.0,75100.0,7892.0
2026-08-28 10:10:00+09:00,75100.0,75200.0,74800.0,74900.0,9299.0
2026-08-28 10:20:00+09:00,74900.0,75200.0,74800.0,74900.0,3792.0
2026-08-28 10:30:00+09:00,74900.0,75100.0,74700.0,74800.0,5925.0
2026-08-28 10:40:00+09:00,74800.0,75000.0,74800.0,74900.0,3779.0
2026-08-28 10:50:00+09:00,74800.0,75100.0,74800.0,74900.0,3274.0
2026-08-28 11:00:00+09:00,74900.0,75200.0,74900.0,75000.0,3938.0
2026-08-28 11:10:00+09:00,75000.0,75500.0,75000.0,75400.0,5658.0
2026-08-28 11:20:00+09:00,75300.0,75700.0,75200.0,75400.0,3641.0
2026-08-28 11:30:00+09:00,75300.0,75700.0,75300.0,75700.0,3266.0
2026-08-28 11:40:00+09:00,75600.0,75700.0,75300.0,75500.0,3035.0
2026-08-28 11:50:00+09:00,75600.0,75700.0,75500.0,75600.0,2031.0
2026-08-28 12:00:00+09:00,75700.0,75700.0,75500.0,75700.0,2478.0
2026-08-28 12:10:00+09:00,75600.0,75800.0,75500.0,75700.0,2225.0
2026-08-28 12:20:00+09:00,75700.0,75800.0,75600.0,75800.0,2262.0
2026-08-28 12:30:00+09:00,75700.0,76000.0,75500.0,75800.0,3807.0
2026-08-28 12:40:00+09:00,75800.0,75900.0,75500.0,75600.0,2049.0
2026-08-28 12:50:00+09:00,75500.0,76000.0,75500.0,75600.0,5318.0
2026-08-28 13:00:00+09:00,75600.0,75700.0,75300.0,75300.0,2342.0
2026-08-28 13:10:00+09:00,75400.0,75800.0,75300.0,75600.0,3233.0
2026-08-28 13:20:00+09:00,75500.0,75700.0,75400.0,75600.0,1932.0
2026-08-28 13:30:00+09:00,75600.0,75600.0,75200.0,75400.0,3867.0
2026-08-28 13:40:00+09:00,75300.0,75500.0,75200.0,75300.0,2655.0
2026-08-28 13:50:00+09:00,75200.0,75500.0,75100.0,75300.0,3499.0
2026-08-28 14:00:00+09:00,75300.0,75400.0,75100.0,75100.0,3238.0
2026-08-28 14:10:00+09:00,75200.0,75300.0,75000.0,75200.0,5308.0
2026-08-28 14:20:00+09:00,75300.0,75400.0,75100.0,75300.0,4370.0
2026-08-28 14:30:00+09:00,75300.0,75400.0,75000.0,75100.0,6517.0
2026-08-28 14:40:00+09:00,75100.0,75200.0,75000.0,75100.0,5393.0
2026-08-28 14:50:00+09:00,75200.0,75300.0,75100.0,75100.0,3313.0
2026-08-31 09:00:00+09:00,75300.0,75300.0,72000.0,72900.0,5985.0
2026-08-31 09:10:00+09:00,72900.0,73900.0,72900.0,73400.0,7668.0
2026-08-31 09:20:00+09:00,73400.0,74000.0,73400.0,73600.0,5141.0
2026-08-31 09:30:00+09:00,73600.0,74300.0,73600.0,74000.0,4446.0
2026-08-31 09:40:00+09:00,74000.0,74200.0,73500.0,73700.0,5055.0
2026-08-31 09:50:00+09:00,73800.0,74000.0,73500.0,73500.0,3421.0
2026-08-31 10:00:00+09:00,73400.0,73500.0,72900.0,73000.0,6500.0
2026-08-31 10:10:00+09:00,73000.0,73600.0,72800.0,73300.0,1980.0
2026-08-31 10:20:00+09:00,73300.0,73300.0,72800.0,73100.0,4090.0
2026-08-31 10:30:00+09:00,73200.0,73400.0,72900.0,73300.0,4825.0
2026-08-31 10:40:00+09:00,73300.0,73300.0,72700.0,73000.0,6249.0
2026-08-31 10:50:00+09:00,72900.0,73000.0,72700.0,72800.0,923.0
2026-08-31 11:00:00+09:00,72800.0,72900.0,72700.0,72900.0,2222.0
2026-08-31 11:10:00+09:00,72900.0,73200.0,72800.0,72900.0,3344.0
2026-08-31 11:20:00+09:00,72800.0,72900.0,72600.0,72700.0,2354.0
2026-08-31 11:30:00+09:00,72600.0,72700.0,72500.0,72600.0,2130.0
2026-08-31 11:40:00+09:00,72700.0,72800.0,72300.0,72300.0,3602.0
2026-08-31 11:50:00+09:00,72300.0,72700.0,72300.0,72700.0,4790.0
2026-08-31 12:00:00+09:00,72700.0,73000.0,72500.0,73000.0,3898.0
2026-08-31 12:10:00+09:00,73000.0,73500.0,73000.0,73000.0,3348.0
2026-08-31 12:20:00+09:00,73000.0,73300.0,73000.0,73200.0,2431.0
2026-08-31 12:30:00+09:00,73300.0,73600.0,73200.0,73200.0,2231.0
2026-08-31 12:40:00+09:00,73300.0,73500.0,73200.0,73200.0,2257.0
2026-08-31 12:50:00+09:00,73200.0,73300.0,73050.0,73100.0,2228.0
2026-08-31 13:00:00+09:00,73100.0,73200.0,73000.0,73100.0,3335.0
2026-08-31 13:10:00+09:00,73000.0,73200.0,72900.0,72900.0,2760.0
2026-08-31 13:20:00+09:00,72900.0,73300.0,72900.0,73200.0,5672.0
2026-08-31 13:30:00+09:00,73200.0,73500.0,72900.0,73400.0,4240.0
2026-08-31 13:40:00+09:00,73400.0,73500.0,73200.0,73300.0,5378.0
2026-08-31 13:50:00+09:00,73400.0,73700.0,73300.0,73400.0,10261.0
2026-08-31 14:00:00+09:00,73400.0,73500.0,73000.0,73000.0,5657.0
2026-08-31 14:10:00+09:00,73100.0,73500.0,73000.0,73300.0,5287.0
2026-08-31 14:20:00+09:00,73300.0,73500.0,73200.0,73300.0,8430.0
2026-08-31 14:30:00+09:00,73300.0,73400.0,73100.0,73300.0,6223.0
2026-08-31 14:40:00+09:00,73300.0,73300.0,73100.0,73200.0,5436.0
2026-08-31 14:50:00+09:00,73200.0,73300.0,73100.0,73200.0,9366.0
2026-09-01 09:00:00+09:00,73900.0,74700.0,72100.0,72400.0,28152.0
2026-09-01 09:10:00+09:00,72400.0,73400.0,71200.0,71900.0,22787.0
2026-09-01 09:20:00+09:00,71900.0,72100.0,71400.0,71500.0,9184.0
2026-09-01 09:30:00+09:00,71500.0,71500.0,70800.0,70900.0,16015.0
2026-09-01 09:40:00+09:00,70800.0,71000.0,70600.0,70800.0,14430.0
2026-09-01 09:50:00+09:00,70800.0,70900.0,70300.0,70700.0,18966.0
2026-09-01 10:00:00+09:00,70700.0,71300.0,70700.0,71200.0,6568.0
2026-09-01 10:10:00+09:00,71100.0,71300.0,70800.0,70900.0,4607.0
2026-09-01 10:20:00+09:00,70900.0,71000.0,70600.0,70700.0,4829.0
2026-09-01 10:30:00+09:00,70700.0,70700.0,70000.0,70050.0,13744.0
2026-09-01 10:40:00+09:00,70050.0,70100.0,69800.0,69900.0,15499.0
2026-09-01 10:50:00+09:00,69900.0,69900.0,69400.0,69450.0,11109.0
2026-09-01 11:00:00+09:00,69500.0,69800.0,69300.0,69450.0,29173.0
2026-09-01 11:10:00+09:00,69400.0,69800.0,69300.0,69750.0,7365.0
2026-09-01 11:20:00+09:00,69700.0,69800.0,69400.0,69400.0,8394.0
2026-09-01 11:30:00+09:00,69500.0,69600.0,69400.0,69400.0,5930.0
2026-09-01 11:40:00+09:00,69450.0,69600.0,69400.0,69500.0,5830.0
2026-09-01 11:50:00+09:00,69600.0,69700.0,69500.0,69600.0,3108.0
2026-09-01 12:00:00+09:00,69650.0,69700.0,69600.0,69700.0,3532.0
2026-09-01 12:10:00+09:00,69700.0,69800.0,69600.0,69700.0,4167.0
2026-09-01 12:20:00+09:00,69700.0,69700.0,69500.0,69550.0,5730.0
2026-09-01 12:30:00+09:00,69550.0,69700.0,69500.0,69600.0,7022.0
2026-09-01 12:40:00+09:00,69600.0,69700.0,69600.0,69700.0,5054.0
2026-09-01 12:50:00+09:00,69700.0,70000.0,69700.0,70000.0,4709.0
2026-09-01 13:00:00+09:00,69900.0,70050.0,69800.0,69800.0,4628.0
2026-09-01 13:10:00+09:00,69800.0,69900.0,69700.0,69700.0,3917.0
2026-09-01 13:20:00+09:00,69700.0,69800.0,69600.0,69700.0,5899.0
2026-09-01 13:30:00+09:00,69650.0,70100.0,69600.0,70100.0,14554.0
2026-09-01 13:40:00+09:00,70100.0,70100.0,69800.0,70000.0,7204.0
2026-09-01 13:50:00+09:00,70000.0,70100.0,69800.0,69850.0,4890.0
2026-09-01 14:00:00+09:00,69850.0,69900.0,69600.0,69600.0,5737.0
2026-09-01 14:10:00+09:00,69700.0,69700.0,69600.0,69700.0,3673.0
2026-09-01 14:20:00+09:00,69700.0,69800.0,69500.0,69800.0,10891.0
2026-09-01 14:30:00+09:00,69700.0,70200.0,69600.0,70200.0,12854.0
2026-09-01 14:40:00+09:00,70200.0,70500.0,70000.0,70100.0,13484.0
2026-09-01 14:50:00+09:00,70200.0,70500.0,70100.0,70500.0,5770.0
2026-09-02 09:00:00+09:00,69500.0,69500.0,67300.0,67600.0,26158.0
2026-09-02 09:10:00+09:00,67600.0,68700.0,67400.0,68500.0,18204.0
2026-09-02 09:20:00+09:00,68500.0,69100.0,68400.0,68700.0,7071.0
2026-09-02 09:30:00+09:00,68700.0,68900.0,68500.0,68600.0,3573.0
2026-09-02 09:40:00+09:00,68700.0,68700.0,68400.0,68400.0,4362.0
2026-09-02 09:50:00+09:00,68400.0,68500.0,68000.0,68000.0,5832.0
2026-09-02 10:00:00+09:00,68000.0,68300.0,68000.0,68100.0,5168.0
2026-09-02 10:10:00+09:00,68200.0,68300.0,67900.0,68300.0,8752.0
2026-09-02 10:20:00+09:00,68200.0,68300.0,67900.0,68000.0,4749.0
2026-09-02 10:30:00+09:00,68000.0,68100.0,67500.0,67700.0,14012.0
2026-09-02 10:40:00+09:00,67600.0,67900.0,67600.0,67800.0,5485.0
2026-09-02 10:50:00+09:00,67800.0,67900.0,67600.0,67700.0,5885.0
2026-09-02 11:00:00+09:00,67800.0,67800.0,67600.0,67600.0,2786.0
2026-09-02 11:10:00+09:00,67600.0,67700.0,67600.0,67700.0,2676.0
2026-09-02 11:20:00+09:00,67600.0,67700.0,67400.0,67500.0,5536.0
2026-09-02 11:30:00+09:00,67500.0,67500.0,67300.0,67400.0,4441.0
2026-09-02 11:40:00+09:00,67350.0,67700.0,67300.0,67600.0,6060.0
2026-09-02 11:50:00+09:00,67600.0,67700.0,67300.0,67500.0,4544.0
2026-09-02 12:00:00+09:00,67400.0,67600.0,67300.0,67400.0,3798.0
2026-09-02 12:10:00+09:00,67500.0,67600.0,67400.0,67500.0,4497.0
2026-09-02 12:20:00+09:00,67500.0,67600.0,67400.0,67400.0,2033.0
2026-09-02 12:30:00+09:00,67400.0,67500.0,67300.0,67300.0,3028.0
2026-09-02 12:40:00+09:00,67300.0,67500.0,67300.0,67400.0,3160.0
2026-09-02 12:50:00+09:00,67500.0,67500.0,67300.0,67400.0,3515.0
2026-09-02 13:00:00+09:00,67400.0,67500.0,67200.0,67300.0,5953.0
2026-09-02 13:10:00+09:00,67200.0,67300.0,67200.0,67200.0,4970.0
2026-09-02 13:20:00+09:00,67200.0,67300.0,67100.0,67300.0,5741.0
2026-09-02 13:30:00+09:00,67300.0,67300.0,67000.0,67100.0,5795.0
2026-09-02 13:40:00+09:00,67000.0,67200.0,67000.0,67100.0,6958.0
2026-09-02 13:50:00+09:00,67100.0,67200.0,67000.0,67000.0,5913.0
2026-09-02 14:00:00+09:00,67000.0,67100.0,67000.0,67000.0,3484.0
2026-09-02 14:10:00+09:00,67100.0,67100.0,66800.0,67050.0,15650.0
2026-09-02 14:20:00+09:00,67050.0,67300.0,66900.0,67200.0,12844.0
2026-09-02 14:30:00+09:00,67300.0,67300.0,66900.0,66900.0,7985.0
2026-09-02 14:40:00+09:00,66900.0,67300.0,66900.0,67100.0,12704.0
2026-09-02 14:50:00+09:00,67100.0,67100.0,66900.0,67000.0,8890.0
2026-09-03 09:00:00+09:00,67700.0,67800.0,66500.0,66600.0,14690.0
2026-09-03 09:10:00+09:00,66600.0,66700.0,66200.0,66300.0,6148.0
2026-09-03 09:20:00+09:00,66300.0,66900.0,66100.0,66900.0,6600.0
2026-09-03 09:30:00+09:00,66900.0,67200.0,66700.0,67100.0,4593.0
2026-09-03 09:40:00+09:00,67100.0,67700.0,66900.0,67400.0,7182.0
2026-09-03 09:50:00+09:00,67500.0,67900.0,67500.0,67700.0,5290.0
2026-09-03 10:00:00+09:00,67800.0,68600.0,67700.0,68200.0,12468.0
2026-09-03 10:10:00+09:00,68200.0,68500.0,68000.0,68500.0,5854.0
2026-09-03 10:20:00+09:00,68500.0,68500.0,68000.0,68100.0,3556.0
2026-09-03 10:30:00+09:00,68100.0,68300.0,67700.0,67900.0,4735.0
2026-09-03 10:40:00+09:00,67900.0,68100.0,67800.0,67800.0,2603.0
2026-09-03 10:50:00+09:00,67900.0,67900.0,67500.0,67500.0,2252.0
2026-09-03 11:00:00+09:00,67600.0,67800.0,67400.0,67700.0,3621.0
2026-09-03 11:10:00+09:00,67700.0,67900.0,67600.0,67800.0,2913.0
2026-09-03 11:20:00+09:00,67900.0,68000.0,67700.0,67900.0,3728.0
2026-09-03 11:30:00+09:00,67900.0,68000.0,67800.0,67800.0,2431.0
2026-09-03 11:40:00+09:00,67900.0,68000.0,67700.0,67700.0,2417.0
2026-09-03 11:50:00+09:00,67700.0,68000.0,67600.0,67900.0,2321.0
2026-09-03 12:00:00+09:00,68000.0,68000.0,67600.0,68000.0,3012.0
2026-09-03 12:10:00+09:00,68000.0,68200.0,67900.0,68000.0,3112.0
2026-09-03 12:20:00+09:00,68100.0,68400.0,68000.0,68100.0,2718.0
2026-09-03 12:30:00+09:00,68200.0,68400.0,68100.0,68200.0,3345.0
2026-09-03 12:40:00+09:00,68200.0,68300.0,68100.0,68100.0,2133.0
2026-09-03 12:50:00+09:00,68100.0,68300.0,68000.0,68200.0,5224.0
2026-09-03 13:00:00+09:00,68300.0,68700.0,68200.0,68500.0,6670.0
2026-09-03 13:10:00+09:00,68500.0,68900.0,68500.0,68700.0,8503.0
2026-09-03 13:20:00+09:00,68700.0,69100.0,68600.0,68900.0,5299.0
2026-09-03 13:30:00+09:00,68900.0,69300.0,68800.0,69300.0,7809.0
2026-09-03 13:40:00+09:00,69200.0,69300.0,68900.0,69000.0,4642.0
2026-09-03 13:50:00+09:00,69050.0,69100.0,68600.0,68600.0,3855.0
2026-09-03 14:00:00+09:00,68600.0,69000.0,68400.0,68400.0,6840.0
2026-09-03 14:10:00+09:00,68500.0,68500.0,67200.0,67200.0,9593.0
2026-09-03 14:20:00+09:00,67200.0,67500.0,66800.0,67200.0,11941.0
2026-09-03 14:30:00+09:00,67300.0,67800.0,67100.0,67700.0,7331.0
2026-09-03 14:40:00+09:00,67700.0,68100.0,67500.0,68100.0,6515.0
2026-09-03 14:50:00+09:00,68000.0,68300.0,67800.0,68300.0,9001.0
2026-09-04 09:00:00+09:00,68600.0,69600.0,68600.0,69400.0,13900.0
2026-09-04 09:10:00+09:00,69400.0,69500.0,69000.0,69000.0,8759.0
2026-09-04 09:20:00+09:00,69000.0,69100.0,68800.0,68900.0,8127.0
2026-09-04 09:30:00+09:00,68800.0,69000.0,68600.0,68600.0,3840.0
2026-09-04 09:40:00+09:00,68650.0,68700.0,68000.0,68100.0,6748.0
2026-09-04 09:50:00+09:00,68100.0,68400.0,68000.0,68200.0,3732.0
2026-09-04 10:00:00+09:00,68300.0,68400.0,68000.0,68000.0,4363.0
2026-09-04 10:10:00+09:00,68000.0,68400.0,68000.0,68300.0,2739.0
2026-09-04 10:20:00+09:00,68300.0,68500.0,68200.0,68300.0,2285.0
2026-09-04 10:30:00+09:00,68400.0,68400.0,68200.0,68300.0,1692.0
2026-09-04 10:40:00+09:00,68300.0,68500.0,68200.0,68400.0,3133.0
2026-09-04 10:50:00+09:00,68400.0,68500.0,68200.0,68200.0,2039.0
2026-09-04 11:00:00+09:00,68200.0,68600.0,68100.0,68500.0,9596.0
2026-09-04 11:10:00+09:00,68500.0,68700.0,68400.0,68600.0,1585.0
2026-09-04 11:20:00+09:00,68600.0,68800.0,68500.0,68600.0,2136.0
2026-09-04 11:30:00+09:00,68600.0,68600.0,68300.0,68400.0,1439.0
2026-09-04 11:40:00+09:00,68300.0,68900.0,68300.0,68800.0,3665.0
2026-09-04 11:50:00+09:00,68900.0,69000.0,68800.0,68900.0,2433.0
2026-09-04 12:00:00+09:00,68900.0,69000.0,68600.0,68600.0,1399.0
2026-09-04 12:10:00+09:00,68600.0,68800.0,68500.0,68600.0,2990.0
2026-09-04 12:20:00+09:00,68600.0,68800.0,68600.0,68600.0,1209.0
2026-09-04 12:30:00+09:00,68600.0,68700.0,68450.0,68500.0,1650.0
2026-09-04 12:40:00+09:00,68500.0,68600.0,68500.0,68500.0,730.0
2026-09-04 12:50:00+09:00,68500.0,68800.0,68500.0,68700.0,1978.0
2026-09-04 13:00:00+09:00,68600.0,68800.0,68500.0,68700.0,4224.0
2026-09-04 13:10:00+09:00,68700.0,68700.0,68500.0,68500.0,2720.0
2026-09-04 13:20:00+09:00,68500.0,68800.0,68400.0,68700.0,4893.0
2026-09-04 13:30:00+09:00,68700.0,68800.0,68600.0,68600.0,2903.0
2026-09-04 13:40:00+09:00,68650.0,68700.0,68600.0,68600.0,557.0
2026-09-04 13:50:00+09:00,68600.0,68600.0,68500.0,68500.0,3122.0
2026-09-04 14:00:00+09:00,68500.0,68600.0,68400.0,68500.0,8062.0
2026-09-04 14:10:00+09:00,68500.0,68900.0,68400.0,68800.0,3640.0
2026-09-04 14:20:00+09:00,68800.0,68900.0,68600.0,68700.0,2850.0
2026-09-04 14:30:00+09:00,68800.0,68800.0,68700.0,68700.0,958.0
2026-09-04 14:40:00+09:00,68700.0,69000.0,68700.0,68800.0,6113.0
2026-09-04 14:50:00+09:00,68800.0,68900.0,68600.0,68600.0,1169.0
2026-09-07 09:00:00+09:00,69900.0,70300.0,69200.0,70200.0,6001.0
2026-09-07 09:10:00+09:00,70300.0,70400.0,69800.0,69950.0,9237.0
2026-09-07 09:20:00+09:00,70000.0,70200.0,69500.0,70100.0,7762.0
2026-09-07 09:30:00+09:00,70100.0,70700.0,69900.0,70500.0,8237.0
2026-09-07 09:40:00+09:00,70500.0,70550.0,70200.0,70500.0,3914.0
2026-09-07 09:50:00+09:00,70450.0,70500.0,69850.0,70100.0,8510.0
2026-09-07 10:00:00+09:00,70100.0,70100.0,69600.0,69800.0,2762.0
2026-09-07 10:10:00+09:00,69800.0,69900.0,69400.0,69600.0,3674.0
2026-09-07 10:20:00+09:00,69500.0,69600.0,69400.0,69500.0,2788.0
2026-09-07 10:30:00+09:00,69500.0,69900.0,69500.0,69700.0,2266.0
2026-09-07 10:40:00+09:00,69800.0,70500.0,69500.0,70400.0,6307.0
2026-09-07 10:50:00+09:00,70400.0,70500.0,69900.0,70000.0,3146.0
2026-09-07 11:00:00+09:00,70000.0,70100.0,69800.0,69900.0,2575.0
2026-09-07 11:10:00+09:00,70000.0,70200.0,69800.0,69900.0,2829.0
2026-09-07 11:20:00+09:00,69900.0,70200.0,69900.0,69900.0,3344.0
2026-09-07 11:30:00+09:00,69900.0,70200.0,69900.0,70000.0,2820.0
2026-09-07 11:40:00+09:00,70100.0,70100.0,70000.0,70100.0,2272.0
2026-09-07 11:50:00+09:00,70100.0,70100.0,69700.0,70000.0,3516.0
2026-09-07 12:00:00+09:00,69900.0,70000.0,69700.0,69700.0,2897.0
2026-09-07 12:10:00+09:00,69800.0,69900.0,69700.0,69800.0,3229.0
2026-09-07 12:20:00+09:00,69800.0,70100.0,69700.0,70000.0,5075.0
2026-09-07 12:30:00+09:00,70000.0,70100.0,69900.0,69900.0,2837.0
2026-09-07 12:40:00+09:00,70000.0,70200.0,69900.0,70000.0,2412.0
2026-09-07 12:50:00+09:00,70000.0,70200.0,69900.0,70000.0,2445.0
2026-09-07 13:00:00+09:00,70100.0,70300.0,70000.0,70200.0,4069.0
2026-09-07 13:10:00+09:00,70200.0,70400.0,70200.0,70200.0,4054.0
2026-09-07 13:20:00+09:00,70200.0,70400.0,70100.0,70300.0,4570.0
2026-09-07 13:30:00+09:00,70400.0,70500.0,70300.0,70400.0,4360.0
2026-09-07 13:40:00+09:00,70500.0,70500.0,70400.0,70500.0,2230.0
2026-09-07 13:50:00+09:00,70500.0,70700.0,70400.0,70600.0,5779.0
2026-09-07 14:00:00+09:00,70700.0,70900.0,70600.0,70800.0,8990.0
2026-09-07 14:10:00+09:00,70800.0,70900.0,70700.0,70900.0,9040.0
2026-09-07 14:20:00+09:00,70800.0,70900.0,70600.0,70900.0,6143.0
2026-09-07 14:30:00+09:00,70800.0,70900.0,70600.0,70700.0,4760.0
2026-09-07 14:40:00+09:00,70700.0,70900.0,70500.0,70700.0,5025.0
2026-09-07 14:50:00+09:00,70700.0,70800.0,70500.0,70700.0,4379.0
2026-09-08 09:00:00+09:00,71400.0,73000.0,70800.0,72200.0,22391.0
2026-09-08 09:10:00+09:00,72200.0,72200.0,70700.0,70900.0,10643.0
2026-09-08 09:20:00+09:00,70800.0,70900.0,70400.0,70700.0,7971.0
2026-09-08 09:30:00+09:00,70700.0,70900.0,70500.0,70600.0,7537.0
2026-09-08 09:40:00+09:00,70600.0,70800.0,70400.0,70600.0,6095.0
2026-09-08 09:50:00+09:00,70650.0,70900.0,70400.0,70400.0,8110.0
2026-09-08 10:00:00+09:00,70400.0,70600.0,70300.0,70500.0,8638.0
2026-09-08 10:10:00+09:00,70500.0,71200.0,70400.0,71000.0,3764.0
2026-09-08 10:20:00+09:00,71100.0,71400.0,71000.0,71100.0,6876.0
2026-09-08 10:30:00+09:00,71100.0,71400.0,71000.0,71100.0,3042.0
2026-09-08 10:40:00+09:00,71100.0,71200.0,71000.0,71100.0,1592.0
2026-09-08 10:50:00+09:00,71100.0,71300.0,71000.0,71000.0,5997.0
2026-09-08 11:00:00+09:00,71000.0,71200.0,71000.0,71100.0,2590.0
2026-09-08 11:10:00+09:00,71150.0,71150.0,70800.0,70800.0,2750.0
2026-09-08 11:20:00+09:00,70800.0,71100.0,70700.0,71000.0,5435.0
2026-09-08 11:30:00+09:00,70900.0,71000.0,70900.0,71000.0,2139.0
2026-09-08 11:40:00+09:00,70950.0,71000.0,70900.0,70950.0,1282.0
2026-09-08 11:50:00+09:00,70950.0,70950.0,70700.0,70800.0,3630.0
2026-09-08 12:00:00+09:00,70800.0,71000.0,70700.0,70900.0,2278.0
2026-09-08 12:10:00+09:00,70900.0,71100.0,70900.0,70900.0,2145.0
2026-09-08 12:20:00+09:00,71000.0,71100.0,70800.0,70900.0,2783.0
2026-09-08 12:30:00+09:00,70850.0,70900.0,70700.0,70800.0,4083.0
2026-09-08 12:40:00+09:00,70800.0,70900.0,70700.0,70850.0,2099.0
2026-09-08 12:50:00+09:00,70850.0,70900.0,70700.0,70800.0,2586.0
2026-09-08 13:00:00+09:00,70800.0,71000.0,70600.0,70650.0,4051.0
2026-09-08 13:10:00+09:00,70650.0,70900.0,70500.0,70500.0,8942.0
2026-09-08 13:20:00+09:00,70500.0,70800.0,70400.0,70700.0,7256.0
2026-09-08 13:30:00+09:00,70700.0,70800.0,70400.0,70500.0,9489.0
2026-09-08 13:40:00+09:00,70500.0,70800.0,70500.0,70600.0,3043.0
2026-09-08 13:50:00+09:00,70700.0,70700.0,70350.0,70400.0,11233.0
2026-09-08 14:00:00+09:00,70400.0,70500.0,70000.0,70000.0,10111.0
2026-09-08 14:10:00+09:00,70000.0,70300.0,69900.0,70200.0,12621.0
2026-09-08 14:20:00+09:00,70200.0,70300.0,70000.0,70100.0,4811.0
2026-09-08 14:30:00+09:00,70150.0,70400.0,70100.0,70200.0,4723.0
2026-09-08 14:40:00+09:00,70200.0,70300.0,70200.0,70200.0,2413.0
2026-09-08 14:50:00+09:00,70200.0,70300.0,70000.0,70000.0,8287.0
2026-09-09 09:00:00+09:00,70600.0,72000.0,70300.0,71600.0,26899.0
2026-09-09 09:10:00+09:00,71600.0,71800.0,71400.0,71500.0,9437.0
2026-09-09 09:20:00+09:00,71500.0,71600.0,71000.0,71050.0,5275.0
2026-09-09 09:30:00+09:00,71000.0,71300.0,70900.0,71150.0,7707.0
2026-09-09 09:40:00+09:00,71100.0,71250.0,70900.0,71100.0,2973.0
2026-09-09 09:50:00+09:00,71100.0,71400.0,70700.0,70800.0,4034.0
2026-09-09 10:00:00+09:00,70700.0,71000.0,70700.0,70950.0,3167.0
2026-09-09 10:10:00+09:00,71000.0,71100.0,70800.0,71100.0,2187.0
2026-09-09 10:20:00+09:00,71000.0,71200.0,70700.0,71000.0,4522.0
2026-09-09 10:30:00+09:00,71000.0,71200.0,70800.0,70900.0,4478.0
2026-09-09 10:40:00+09:00,71000.0,71000.0,70800.0,71000.0,5079.0
2026-09-09 10:50:00+09:00,71000.0,71000.0,70800.0,71000.0,856.0
2026-09-09 11:00:00+09:00,70900.0,71300.0,70900.0,71200.0,2413.0
2026-09-09 11:10:00+09:00,71200.0,71300.0,71000.0,71000.0,2760.0
2026-09-09 11:20:00+09:00,71100.0,71200.0,71000.0,71100.0,1968.0
2026-09-09 11:30:00+09:00,71100.0,71250.0,71100.0,71100.0,1101.0
2026-09-09 11:40:00+09:00,71100.0,71200.0,71000.0,71100.0,1676.0
2026-09-09 11:50:00+09:00,71100.0,71200.0,71000.0,71100.0,2198.0
2026-09-09 12:00:00+09:00,71100.0,71800.0,71100.0,71300.0,10278.0
2026-09-09 12:10:00+09:00,71300.0,71600.0,71200.0,71600.0,3851.0
2026-09-09 12:20:00+09:00,71500.0,72000.0,71500.0,71800.0,8333.0
2026-09-09 12:30:00+09:00,71900.0,72100.0,71800.0,71900.0,9884.0
2026-09-09 12:40:00+09:00,71900.0,72000.0,71800.0,71900.0,4447.0
2026-09-09 12:50:00+09:00,71900.0,71900.0,71600.0,71800.0,4614.0
2026-09-09 13:00:00+09:00,71800.0,72000.0,71800.0,72000.0,3396.0
2026-09-09 13:10:00+09:00,71900.0,72000.0,71600.0,71600.0,3909.0
2026-09-09 13:20:00+09:00,71600.0,71900.0,71600.0,71700.0,7496.0
2026-09-09 13:30:00+09:00,71700.0,72000.0,71700.0,71900.0,2674.0
2026-09-09 13:40:00+09:00,72000.0,72000.0,71700.0,71800.0,2926.0
2026-09-09 13:50:00+09:00,71900.0,71900.0,71700.0,71700.0,1441.0
2026-09-09 14:00:00+09:00,71700.0,71900.0,71600.0,71800.0,2516.0
2026-09-09 14:10:00+09:00,71900.0,72100.0,71600.0,71600.0,11418.0
2026-09-09 14:20:00+09:00,71600.0,71900.0,71300.0,71700.0,4115.0
2026-09-09 14:30:00+09:00,71700.0,71800.0,71400.0,71400.0,3111.0
2026-09-09 14:40:00+09:00,71400.0,71600.0,71300.0,71500.0,2410.0
2026-09-09 14:50:00+09:00,71500.0,71600.0,71300.0,71300.0,1690.0
2026-09-10 09:00:00+09:00,70400.0,70800.0,69400.0,70000.0,20319.0
2026-09-10 09:10:00+09:00,70000.0,71400.0,69900.0,70800.0,22754.0
2026-09-10 09:20:00+09:00,70800.0,71100.0,70500.0,70700.0,6553.0
2026-09-10 09:30:00+09:00,70700.0,71000.0,70100.0,70500.0,7280.0
2026-09-10 09:40:00+09:00,70500.0,70700.0,70300.0,70400.0,5017.0
2026-09-10 09:50:00+09:00,70300.0,70600.0,69900.0,69900.0,11003.0
2026-09-10 10:00:00+09:00,70000.0,70500.0,69900.0,70000.0,7818.0
2026-09-10 10:10:00+09:00,70000.0,70600.0,69900.0,70600.0,7579.0
2026-09-10 10:20:00+09:00,70500.0,70700.0,70300.0,70500.0,6391.0
2026-09-10 10:30:00+09:00,70400.0,70600.0,70100.0,70200.0,3925.0
2026-09-10 10:40:00+09:00,70200.0,70600.0,70100.0,70400.0,4060.0
2026-09-10 10:50:00+09:00,70400.0,70500.0,70100.0,70300.0,2681.0
2026-09-10 11:00:00+09:00,70300.0,70300.0,70000.0,70100.0,3152.0
2026-09-10 11:10:00+09:00,70100.0,70200.0,70000.0,70200.0,2887.0
2026-09-10 11:20:00+09:00,70100.0,70400.0,70100.0,70300.0,3239.0
2026-09-10 11:30:00+09:00,70300.0,70700.0,70200.0,70500.0,1866.0
2026-09-10 11:40:00+09:00,70500.0,70900.0,70500.0,70500.0,3042.0
2026-09-10 11:50:00+09:00,70500.0,71000.0,70500.0,70800.0,4795.0
2026-09-10 12:00:00+09:00,70900.0,71400.0,70800.0,71300.0,4552.0
2026-09-10 12:10:00+09:00,71400.0,71700.0,71300.0,71400.0,7979.0
2026-09-10 12:20:00+09:00,71400.0,71600.0,71300.0,71400.0,2670.0
2026-09-10 12:30:00+09:00,71400.0,71500.0,71400.0,71400.0,1767.0
2026-09-10 12:40:00+09:00,71400.0,71900.0,71300.0,71800.0,5473.0
2026-09-10 12:50:00+09:00,71800.0,72300.0,71800.0,72000.0,8876.0
2026-09-10 13:00:00+09:00,72000.0,72400.0,72000.0,72000.0,8559.0
2026-09-10 13:10:00+09:00,72050.0,72100.0,71600.0,71600.0,5402.0
2026-09-10 13:20:00+09:00,71650.0,71650.0,71350.0,71500.0,4382.0
2026-09-10 13:30:00+09:00,71500.0,72000.0,71500.0,71900.0,4233.0
2026-09-10 13:40:00+09:00,71900.0,72000.0,71800.0,71900.0,2090.0
2026-09-10 13:50:00+09:00,71900.0,72300.0,71900.0,72250.0,5907.0
2026-09-10 14:00:00+09:00,72300.0,72400.0,72100.0,72200.0,5120.0
2026-09-10 14:10:00+09:00,72250.0,72300.0,72000.0,72050.0,2456.0
2026-09-10 14:20:00+09:00,72000.0,72300.0,72000.0,72200.0,2801.0
2026-09-10 14:30:00+09:00,72150.0,72500.0,72100.0,72150.0,6029.0
2026-09-10 14:40:00+09:00,72150.0,72500.0,72150.0,72400.0,4587.0
2026-09-10 14:50:00+09:00,72350.0,72400.0,71900.0,72000.0,8463.0
2026-09-11 09:00:00+09:00,70400.0,71400.0,69500.0,71000.0,29738.0
2026-09-11 09:10:00+09:00,71000.0,71300.0,70700.0,70800.0,6484.0
2026-09-11 09:20:00+09:00,70900.0,71100.0,70600.0,70700.0,8395.0
2026-09-11 09:30:00+09:00,70700.0,70700.0,70300.0,70300.0,5704.0
2026-09-11 09:40:00+09:00,70300.0,70400.0,69900.0,69900.0,9526.0
2026-09-11 09:50:00+09:00,69900.0,70300.0,69900.0,70300.0,3719.0
2026-09-11 10:00:00+09:00,70300.0,70800.0,70300.0,70800.0,4275.0
2026-09-11 10:10:00+09:00,70800.0,71200.0,70600.0,71200.0,4850.0
2026-09-11 10:20:00+09:00,71100.0,71400.0,71000.0,71400.0,7102.0
2026-09-11 10:30:00+09:00,71350.0,71900.0,71300.0,71800.0,4797.0
2026-09-11 10:40:00+09:00,71800.0,72000.0,71600.0,71800.0,6225.0
2026-09-11 10:50:00+09:00,71800.0,71900.0,71500.0,71600.0,3653.0
2026-09-11 11:00:00+09:00,71800.0,72300.0,71800.0,72200.0,4722.0
2026-09-11 11:10:00+09:00,72100.0,72300.0,71800.0,71800.0,3048.0
2026-09-11 11:20:00+09:00,71700.0,72000.0,71600.0,71700.0,1906.0
2026-09-11 11:30:00+09:00,71700.0,71800.0,71500.0,71700.0,2718.0
2026-09-11 11:40:00+09:00,71800.0,72000.0,71700.0,71900.0,2152.0
2026-09-11 11:50:00+09:00,71900.0,71900.0,71600.0,71700.0,1583.0
2026-09-11 12:00:00+09:00,71750.0,71800.0,71400.0,71600.0,2058.0
2026-09-11 12:10:00+09:00,71500.0,71700.0,71400.0,71700.0,3125.0
2026-09-11 12:20:00+09:00,71700.0,71800.0,71300.0,71600.0,1308.0
2026-09-11 12:30:00+09:00,71500.0,71600.0,71400.0,71500.0,2654.0
2026-09-11 12:40:00+09:00,71600.0,71900.0,71400.0,71600.0,4195.0
2026-09-11 12:50:00+09:00,71500.0,71600.0,71400.0,71600.0,1461.0
2026-09-11 13:00:00+09:00,71600.0,71700.0,71500.0,71500.0,1495.0
2026-09-11 13:10:00+09:00,71500.0,71600.0,71400.0,71500.0,2692.0
2026-09-11 13:20:00+09:00,71400.0,71900.0,71400.0,71800.0,2873.0
2026-09-11 13:30:00+09:00,71800.0,71900.0,71700.0,71800.0,2569.0
2026-09-11 13:40:00+09:00,71900.0,71900.0,70700.0,70900.0,10127.0
2026-09-11 13:50:00+09:00,70800.0,71000.0,70500.0,70700.0,18975.0
2026-09-11 14:00:00+09:00,70600.0,70700.0,70400.0,70400.0,16105.0
2026-09-11 14:10:00+09:00,70400.0,70600.0,70300.0,70400.0,15915.0
2026-09-11 14:20:00+09:00,70500.0,70600.0,70300.0,70400.0,17275.0
2026-09-11 14:30:00+09:00,70400.0,70500.0,70200.0,70400.0,15330.0
2026-09-11 14:40:00+09:00,70300.0,70800.0,70300.0,70600.0,14838.0
2026-09-11 14:50:00+09:00,70600.0,71300.0,70400.0,70800.0,6958.0
2026-09-14 09:00:00+09:00,70100.0,72500.0,69700.0,72200.0,17775.0
2026-09-14 09:10:00+09:00,72300.0,72800.0,72000.0,72100.0,33440.0
2026-09-14 09:20:00+09:00,72200.0,72400.0,71000.0,71100.0,16551.0
2026-09-14 09:30:00+09:00,71100.0,71600.0,70800.0,71500.0,16059.0
2026-09-14 09:40:00+09:00,71500.0,72200.0,71300.0,71800.0,7454.0
2026-09-14 09:50:00+09:00,71900.0,72200.0,71500.0,71600.0,8697.0
2026-09-14 10:00:00+09:00,71600.0,72100.0,71500.0,71700.0,6361.0
2026-09-14 10:10:00+09:00,71800.0,71800.0,71200.0,71500.0,12318.0
2026-09-14 10:20:00+09:00,71400.0,71600.0,71400.0,71600.0,4716.0
2026-09-14 10:30:00+09:00,71600.0,71600.0,71300.0,71400.0,4172.0
2026-09-14 10:40:00+09:00,71400.0,71600.0,71100.0,71400.0,7459.0
2026-09-14 10:50:00+09:00,71400.0,71800.0,71300.0,71700.0,5295.0
2026-09-14 11:00:00+09:00,71700.0,72400.0,71600.0,72400.0,7496.0
2026-09-14 11:10:00+09:00,72400.0,73100.0,72200.0,73000.0,35301.0
2026-09-14 11:20:00+09:00,73000.0,73300.0,72800.0,72900.0,13942.0
2026-09-14 11:30:00+09:00,72800.0,74000.0,72800.0,73900.0,28087.0
2026-09-14 11:40:00+09:00,73900.0,73900.0,73400.0,73400.0,14574.0
2026-09-14 11:50:00+09:00,73400.0,73600.0,73100.0,73150.0,8276.0
2026-09-14 12:00:00+09:00,73200.0,73700.0,73000.0,73600.0,7638.0
2026-09-14 12:10:00+09:00,73600.0,73800.0,73500.0,73700.0,11640.0
2026-09-14 12:20:00+09:00,73700.0,74000.0,73700.0,74000.0,19295.0
2026-09-14 12:30:00+09:00,74000.0,74400.0,73800.0,74400.0,17138.0
2026-09-14 12:40:00+09:00,74400.0,75000.0,74300.0,75000.0,29224.0
2026-09-14 12:50:00+09:00,74900.0,75100.0,74500.0,74500.0,23394.0
2026-09-14 13:00:00+09:00,74500.0,74500.0,74200.0,74300.0,8035.0
2026-09-14 13:10:00+09:00,74400.0,74400.0,73800.0,74100.0,10621.0
2026-09-14 13:20:00+09:00,74100.0,74400.0,74000.0,74400.0,6414.0
2026-09-14 13:30:00+09:00,74400.0,76200.0,74300.0,76200.0,49257.0
2026-09-14 13:40:00+09:00,76200.0,77200.0,75600.0,76700.0,124820.0
2026-09-14 13:50:00+09:00,76700.0,77300.0,76400.0,77200.0,69813.0
2026-09-14 14:00:00+09:00,77200.0,78100.0,76300.0,76600.0,111509.0
2026-09-14 14:10:00+09:00,76600.0,76700.0,75600.0,75900.0,53627.0
2026-09-14 14:20:00+09:00,75800.0,76200.0,74600.0,74900.0,65714.0
2026-09-14 14:30:00+09:00,74900.0,75000.0,74300.0,74700.0,23517.0
2026-09-14 14:40:00+09:00,74700.0,74700.0,74300.0,74500.0,17407.0
2026-09-14 14:50:00+09:00,74500.0,75000.0,74400.0,75000.0,17276.0
2026-09-15 09:00:00+09:00,73000.0,73000.0,70100.0,70700.0,56906.0
2026-09-15 09:10:00+09:00,70800.0,70800.0,69800.0,70200.0,46030.0
2026-09-15 09:20:00+09:00,70200.0,71000.0,70100.0,70800.0,18469.0
2026-09-15 09:30:00+09:00,70800.0,71500.0,70500.0,71100.0,16281.0
2026-09-15 09:40:00+09:00,71100.0,71300.0,70800.0,71000.0,15406.0
2026-09-15 09:50:00+09:00,71000.0,71300.0,70800.0,71100.0,13011.0
2026-09-15 10:00:00+09:00,71100.0,71300.0,70900.0,71000.0,9131.0
2026-09-15 10:10:00+09:00,71050.0,71400.0,70800.0,71100.0,7104.0
2026-09-15 10:20:00+09:00,71100.0,71200.0,70600.0,70600.0,9121.0
2026-09-15 10:30:00+09:00,70600.0,70700.0,70300.0,70400.0,13613.0
2026-09-15 10:40:00+09:00,70400.0,70500.0,70200.0,70200.0,9030.0
2026-09-15 10:50:00+09:00,70200.0,70500.0,70200.0,70300.0,6786.0
2026-09-15 11:00:00+09:00,70200.0,70500.0,70200.0,70400.0,7055.0
2026-09-15 11:10:00+09:00,70500.0,70600.0,70400.0,70500.0,5679.0
2026-09-15 11:20:00+09:00,70400.0,70600.0,70400.0,70400.0,4782.0
2026-09-15 11:30:00+09:00,70500.0,70600.0,70400.0,70500.0,4671.0
2026-09-15 11:40:00+09:00,70500.0,70600.0,70400.0,70500.0,4260.0
2026-09-15 11:50:00+09:00,70500.0,70600.0,70400.0,70400.0,5062.0
2026-09-15 12:00:00+09:00,70400.0,70700.0,70400.0,70550.0,4831.0
2026-09-15 12:10:00+09:00,70500.0,70600.0,70400.0,70500.0,4204.0
2026-09-15 12:20:00+09:00,70400.0,70500.0,70300.0,70300.0,10229.0
2026-09-15 12:30:00+09:00,70200.0,70400.0,70200.0,70300.0,3391.0
2026-09-15 12:40:00+09:00,70300.0,70400.0,70200.0,70300.0,4438.0
2026-09-15 12:50:00+09:00,70300.0,70400.0,70200.0,70200.0,4585.0
2026-09-15 13:00:00+09:00,70200.0,70400.0,70200.0,70200.0,5932.0
2026-09-15 13:10:00+09:00,70200.0,70300.0,70100.0,70100.0,9759.0
2026-09-15 13:20:00+09:00,70200.0,70200.0,69600.0,69650.0,32386.0
2026-09-15 13:30:00+09:00,69650.0,69750.0,69600.0,69700.0,12581.0
2026-09-15 13:40:00+09:00,69700.0,70000.0,69600.0,69800.0,8801.0
2026-09-15 13:50:00+09:00,69900.0,70100.0,69700.0,69700.0,8779.0
2026-09-15 14:00:00+09:00,69700.0,69800.0,69500.0,69500.0,9562.0
2026-09-15 14:10:00+09:00,69500.0,69600.0,69100.0,69200.0,19981.0
2026-09-15 14:20:00+09:00,69300.0,69700.0,69200.0,69700.0,12269.0
2026-09-15 14:30:00+09:00,69600.0,69800.0,69600.0,69700.0,4493.0
2026-09-15 14:40:00+09:00,69700.0,70200.0,69700.0,70000.0,8424.0
2026-09-15 14:50:00+09:00,70000.0,70100.0,69700.0,69800.0,8828.0
2026-09-16 09:00:00+09:00,69900.0,70100.0,68700.0,69400.0,23744.0
2026-09-16 09:10:00+09:00,69500.0,70000.0,69200.0,69400.0,8892.0
2026-09-16 09:20:00+09:00,69350.0,69500.0,68900.0,69500.0,10848.0
2026-09-16 09:30:00+09:00,69500.0,69900.0,69400.0,69750.0,4884.0
2026-09-16 09:40:00+09:00,69750.0,69900.0,69550.0,69900.0,4229.0
2026-09-16 09:50:00+09:00,69900.0,69900.0,69400.0,69600.0,9252.0
2026-09-16 10:00:00+09:00,69600.0,69600.0,69300.0,69300.0,3293.0
2026-09-16 10:10:00+09:00,69350.0,69400.0,68900.0,69100.0,8120.0
2026-09-16 10:20:00+09:00,69000.0,69300.0,69000.0,69100.0,7006.0
2026-09-16 10:30:00+09:00,69200.0,69300.0,69000.0,69000.0,5975.0
2026-09-16 10:40:00+09:00,69000.0,69200.0,69000.0,69000.0,4144.0
2026-09-16 10:50:00+09:00,69000.0,69000.0,68600.0,68700.0,7065.0
2026-09-16 11:00:00+09:00,68600.0,69000.0,68600.0,68700.0,6596.0
2026-09-16 11:10:00+09:00,68800.0,69000.0,68700.0,69000.0,6156.0
2026-09-16 11:20:00+09:00,69000.0,69200.0,68900.0,69100.0,5344.0
2026-09-16 11:30:00+09:00,69100.0,69200.0,69000.0,69100.0,3821.0
2026-09-16 11:40:00+09:00,69200.0,69300.0,69100.0,69200.0,3272.0
2026-09-16 11:50:00+09:00,69200.0,69300.0,69100.0,69200.0,3947.0
2026-09-16 12:00:00+09:00,69300.0,69300.0,69100.0,69100.0,3190.0
2026-09-16 12:10:00+09:00,69150.0,69200.0,69100.0,69150.0,2180.0
2026-09-16 12:20:00+09:00,69150.0,69300.0,69000.0,69200.0,4924.0
2026-09-16 12:30:00+09:00,69300.0,69300.0,69100.0,69100.0,2017.0
2026-09-16 12:40:00+09:00,69100.0,69200.0,69000.0,69100.0,5503.0
2026-09-16 12:50:00+09:00,69200.0,69300.0,69100.0,69300.0,4014.0
2026-09-16 13:00:00+09:00,69200.0,69600.0,69200.0,69400.0,9477.0
2026-09-16 13:10:00+09:00,69400.0,69450.0,69100.0,69100.0,3290.0
2026-09-16 13:20:00+09:00,69100.0,69300.0,69100.0,69100.0,4761.0
2026-09-16 13:30:00+09:00,69100.0,69200.0,69000.0,69000.0,3207.0
2026-09-16 13:40:00+09:00,69050.0,69100.0,68900.0,68900.0,4894.0
2026-09-16 13:50:00+09:00,68900.0,69000.0,68800.0,68900.0,4286.0
2026-09-16 14:00:00+09:00,68900.0,69000.0,68700.0,68800.0,4811.0
2026-09-16 14:10:00+09:00,68800.0,69100.0,68700.0,69000.0,7339.0
2026-09-16 14:20:00+09:00,69000.0,69100.0,68800.0,68900.0,4922.0
2026-09-16 14:30:00+09:00,68900.0,69000.0,68800.0,68900.0,2677.0
2026-09-16 14:40:00+09:00,68800.0,68900.0,68800.0,68800.0,4463.0
2026-09-16 14:50:00+09:00,68900.0,69100.0,68700.0,68800.0,6098.0
2026-09-17 09:00:00+09:00,69500.0,71600.0,69500.0,70700.0,45484.0
2026-09-17 09:10:00+09:00,70700.0,71300.0,70300.0,71100.0,23007.0
2026-09-17 09:20:00+09:00,71100.0,73600.0,71100.0,73300.0,59220.0
2026-09-17 09:30:00+09:00,73300.0,74700.0,73000.0,74200.0,75212.0
2026-09-17 09:40:00+09:00,74200.0,75600.0,73800.0,75600.0,66461.0
2026-09-17 09:50:00+09:00,75500.0,76000.0,73600.0,73700.0,87574.0
2026-09-17 10:00:00+09:00,73700.0,74400.0,73500.0,74100.0,26137.0
2026-09-17 10:10:00+09:00,74100.0,75000.0,73700.0,74700.0,19975.0
2026-09-17 10:20:00+09:00,74800.0,75300.0,74500.0,75100.0,32479.0
2026-09-17 10:30:00+09:00,75100.0,76300.0,74900.0,75900.0,57063.0
2026-09-17 10:40:00+09:00,75800.0,76400.0,74800.0,76400.0,33277.0
2026-09-17 10:50:00+09:00,76500.0,76500.0,75600.0,75800.0,26558.0
2026-09-17 11:00:00+09:00,75900.0,76500.0,75800.0,76300.0,19917.0
2026-09-17 11:10:00+09:00,76300.0,76400.0,75500.0,75700.0,17233.0
2026-09-17 11:20:00+09:00,75800.0,75900.0,75600.0,75800.0,15573.0
2026-09-17 11:30:00+09:00,75800.0,76300.0,75800.0,76200.0,15821.0
2026-09-17 11:40:00+09:00,76200.0,76300.0,76000.0,76100.0,10199.0
2026-09-17 11:50:00+09:00,76200.0,76300.0,76000.0,76100.0,10153.0
2026-09-17 12:00:00+09:00,76200.0,76300.0,76000.0,76200.0,7303.0
2026-09-17 12:10:00+09:00,76300.0,76300.0,76000.0,76300.0,8021.0
2026-09-17 12:20:00+09:00,76300.0,76900.0,76200.0,76700.0,32178.0
2026-09-17 12:30:00+09:00,76700.0,76700.0,76300.0,76600.0,12006.0
2026-09-17 12:40:00+09:00,76600.0,76800.0,76500.0,76800.0,12779.0
2026-09-17 12:50:00+09:00,76800.0,77300.0,76700.0,77200.0,37369.0
2026-09-17 13:00:00+09:00,77200.0,78300.0,76700.0,78100.0,66226.0
2026-09-17 13:10:00+09:00,78000.0,78700.0,78000.0,78300.0,52625.0
2026-09-17 13:20:00+09:00,78300.0,78300.0,77300.0,77300.0,31685.0
2026-09-17 13:30:00+09:00,77300.0,77500.0,76400.0,76900.0,30196.0
2026-09-17 13:40:00+09:00,77000.0,77300.0,76600.0,77000.0,20847.0
2026-09-17 13:50:00+09:00,77000.0,77000.0,76600.0,76900.0,10708.0
2026-09-17 14:00:00+09:00,76800.0,77400.0,76800.0,77100.0,12863.0
2026-09-17 14:10:00+09:00,77100.0,77200.0,76600.0,76700.0,9294.0
2026-09-17 14:20:00+09:00,76600.0,77600.0,76500.0,77400.0,17819.0
2026-09-17 14:30:00+09:00,77500.0,78000.0,77400.0,77800.0,21317.0
2026-09-17 14:40:00+09:00,77800.0,77800.0,76900.0,77300.0,25248.0
2026-09-17 14:50:00+09:00,77300.0,77500.0,76800.0,77000.0,14165.0
2026-09-18 09:00:00+09:00,77600.0,78100.0,76100.0,76600.0,94032.0
2026-09-18 09:10:00+09:00,76600.0,77100.0,76100.0,77000.0,37094.0
2026-09-18 09:20:00+09:00,77000.0,80200.0,77000.0,79800.0,96727.0
2026-09-18 09:30:00+09:00,79900.0,80900.0,79600.0,80800.0,87940.0
2026-09-18 09:40:00+09:00,80900.0,81500.0,79500.0,79700.0,93362.0
2026-09-18 09:50:00+09:00,79700.0,80500.0,79200.0,80400.0,41123.0
2026-09-18 10:00:00+09:00,80500.0,80500.0,77900.0,79200.0,56749.0
2026-09-18 10:10:00+09:00,79200.0,79300.0,78400.0,79100.0,29238.0
2026-09-18 10:20:00+09:00,79100.0,79400.0,78500.0,78600.0,18967.0
2026-09-18 10:30:00+09:00,78600.0,79100.0,78600.0,78800.0,13030.0
2026-09-18 10:40:00+09:00,78900.0,79000.0,78500.0,78700.0,15081.0
2026-09-18 10:50:00+09:00,78700.0,79400.0,78500.0,79400.0,10302.0
2026-09-18 11:00:00+09:00,79400.0,80300.0,79000.0,80200.0,31860.0
2026-09-18 11:10:00+09:00,80200.0,80400.0,79800.0,80100.0,21376.0
2026-09-18 11:20:00+09:00,80100.0,80100.0,79700.0,79900.0,9951.0
2026-09-18 11:30:00+09:00,79800.0,80000.0,79500.0,79700.0,12013.0
2026-09-18 11:40:00+09:00,79600.0,79800.0,79400.0,79500.0,13195.0
2026-09-18 11:50:00+09:00,79500.0,79600.0,79100.0,79500.0,12235.0
2026-09-18 12:00:00+09:00,79400.0,79500.0,78900.0,79100.0,11892.0
2026-09-18 12:10:00+09:00,79100.0,79400.0,78900.0,79300.0,11717.0
2026-09-18 12:20:00+09:00,79200.0,79300.0,78700.0,78700.0,15768.0
2026-09-18 12:30:00+09:00,78800.0,79000.0,78700.0,79000.0,12195.0
2026-09-18 12:40:00+09:00,79000.0,79300.0,78900.0,79200.0,12778.0
2026-09-18 12:50:00+09:00,79300.0,79400.0,79000.0,79200.0,9823.0
2026-09-18 13:00:00+09:00,79300.0,79800.0,79000.0,79500.0,15255.0
2026-09-18 13:10:00+09:00,79400.0,79700.0,79000.0,79600.0,14378.0
2026-09-18 13:20:00+09:00,79600.0,79700.0,79100.0,79200.0,13644.0
2026-09-18 13:30:00+09:00,79200.0,79400.0,79100.0,79200.0,10109.0
2026-09-18 13:40:00+09:00,79200.0,79500.0,79100.0,79400.0,14337.0
2026-09-18 13:50:00+09:00,79400.0,79700.0,79200.0,79600.0,25293.0
2026-09-18 14:00:00+09:00,79600.0,80000.0,79200.0,79950.0,31457.0
2026-09-18 14:10:00+09:00,79950.0,80800.0,79900.0,80800.0,42127.0
2026-09-18 14:20:00+09:00,80700.0,81000.0,80300.0,80500.0,36657.0
2026-09-18 14:30:00+09:00,80400.0,80800.0,80200.0,80300.0,23414.0
2026-09-18 14:40:00+09:00,80300.0,80500.0,79900.0,80000.0,30627.0
2026-09-18 14:50:00+09:00,80100.0,80100.0,79600.0,79800.0,20225.0
2026-09-21 09:00:00+09:00,82900.0,83000.0,78100.0,78800.0,108093.0
2026-09-21 09:10:00+09:00,78800.0,79200.0,77800.0,78800.0,96870.0
2026-09-21 09:20:00+09:00,78750.0,78750.0,77500.0,77800.0,100297.0
2026-09-21 09:30:00+09:00,77800.0,78100.0,76700.0,76700.0,84643.0
2026-09-21 09:40:00+09:00,76800.0,76800.0,75400.0,76200.0,125900.0
2026-09-21 09:50:00+09:00,76200.0,76600.0,75300.0,76500.0,92975.0
2026-09-21 10:00:00+09:00,76500.0,77400.0,76400.0,77400.0,47349.0
2026-09-21 10:10:00+09:00,77400.0,78800.0,77200.0,78600.0,51882.0
2026-09-21 10:20:00+09:00,78700.0,79200.0,78600.0,79100.0,43252.0
2026-09-21 10:30:00+09:00,79100.0,79200.0,78600.0,78700.0,30764.0
2026-09-21 10:40:00+09:00,78700.0,79000.0,78600.0,78700.0,25774.0
2026-09-21 10:50:00+09:00,78800.0,78800.0,78300.0,78600.0,29680.0
2026-09-21 11:00:00+09:00,78600.0,78900.0,78500.0,78900.0,21681.0
2026-09-21 11:10:00+09:00,78900.0,79000.0,78100.0,78600.0,23114.0
2026-09-21 11:20:00+09:00,78600.0,78700.0,78300.0,78500.0,13392.0
2026-09-21 11:30:00+09:00,78500.0,78800.0,78400.0,78600.0,14394.0
2026-09-21 11:40:00+09:00,78600.0,78800.0,78500.0,78800.0,11332.0
2026-09-21 11:50:00+09:00,78700.0,78700.0,78300.0,78400.0,13526.0
2026-09-21 12:00:00+09:00,78400.0,78700.0,78300.0,78400.0,11580.0
2026-09-21 12:10:00+09:00,78400.0,78500.0,78100.0,78200.0,11856.0
2026-09-21 12:20:00+09:00,78200.0,78300.0,77900.0,77900.0,16645.0
2026-09-21 12:30:00+09:00,78000.0,78200.0,77800.0,78100.0,14554.0
2026-09-21 12:40:00+09:00,78100.0,78100.0,77900.0,77900.0,11568.0
2026-09-21 12:50:00+09:00,78000.0,78000.0,77600.0,77800.0,17477.0
2026-09-21 13:00:00+09:00,77800.0,77900.0,77500.0,77900.0,13854.0
2026-09-21 13:10:00+09:00,77900.0,78000.0,77800.0,78000.0,13011.0
2026-09-21 13:20:00+09:00,78000.0,78200.0,77700.0,77800.0,14345.0
2026-09-21 13:30:00+09:00,77800.0,78100.0,77600.0,78100.0,16313.0
2026-09-21 13:40:00+09:00,78100.0,78400.0,77800.0,77900.0,16894.0
2026-09-21 13:50:00+09:00,77850.0,77900.0,77500.0,77900.0,16791.0
2026-09-21 14:00:00+09:00,77900.0,77900.0,76600.0,76700.0,28429.0
2026-09-21 14:10:00+09:00,76700.0,77000.0,76400.0,77000.0,42243.0
2026-09-21 14:20:00+09:00,77000.0,77100.0,76800.0,76900.0,22887.0
2026-09-21 14:30:00+09:00,76900.0,76900.0,76600.0,76600.0,23728.0
2026-09-21 14:40:00+09:00,76700.0,76900.0,76400.0,76800.0,29028.0
2026-09-21 14:50:00+09:00,76800.0,77300.0,76700.0,77000.0,29031.0
2026-09-22 09:00:00+09:00,76700.0,77000.0,75600.0,76600.0,41673.0
2026-09-22 09:10:00+09:00,76600.0,76600.0,75900.0,76400.0,15972.0
2026-09-22 09:20:00+09:00,76400.0,76700.0,76200.0,76600.0,11643.0
2026-09-22 09:30:00+09:00,76600.0,76600.0,76100.0,76200.0,6499.0
2026-09-22 09:40:00+09:00,76200.0,76700.0,76000.0,76600.0,15105.0
2026-09-22 09:50:00+09:00,76600.0,77000.0,76300.0,76600.0,12508.0
2026-09-22 10:00:00+09:00,76650.0,77100.0,76300.0,76900.0,11036.0
2026-09-22 10:10:00+09:00,76900.0,77300.0,76900.0,77000.0,10810.0
2026-09-22 10:20:00+09:00,77100.0,77200.0,77000.0,77000.0,7934.0
2026-09-22 10:30:00+09:00,77000.0,77100.0,76500.0,76800.0,6830.0
2026-09-22 10:40:00+09:00,76800.0,77000.0,76600.0,76900.0,3995.0
2026-09-22 10:50:00+09:00,77000.0,77050.0,76700.0,76800.0,4677.0
2026-09-22 11:00:00+09:00,76900.0,77200.0,76800.0,77200.0,3106.0
2026-09-22 11:10:00+09:00,77200.0,77200.0,76800.0,76800.0,4719.0
2026-09-22 11:20:00+09:00,76800.0,77000.0,76600.0,76900.0,3818.0
2026-09-22 11:30:00+09:00,76900.0,76900.0,76500.0,76800.0,6999.0
2026-09-22 11:40:00+09:00,76700.0,76900.0,76600.0,76600.0,3415.0
2026-09-22 11:50:00+09:00,76600.0,76700.0,76300.0,76400.0,3658.0
2026-09-22 12:00:00+09:00,76400.0,76500.0,76100.0,76400.0,3626.0
2026-09-22 12:10:00+09:00,76400.0,76600.0,76400.0,76500.0,3043.0
2026-09-22 12:20:00+09:00,76600.0,76700.0,76500.0,76700.0,2211.0
2026-09-22 12:30:00+09:00,76700.0,76800.0,76500.0,76800.0,3655.0
2026-09-22 12:40:00+09:00,76800.0,76900.0,76700.0,76700.0,3802.0
2026-09-22 12:50:00+09:00,76800.0,76800.0,76600.0,76600.0,2498.0
2026-09-22 13:00:00+09:00,76600.0,76700.0,76400.0,76600.0,4660.0
2026-09-22 13:10:00+09:00,76500.0,76800.0,76500.0,76500.0,3581.0
2026-09-22 13:20:00+09:00,76600.0,77700.0,76400.0,77500.0,18762.0
2026-09-22 13:30:00+09:00,77500.0,78000.0,77300.0,77500.0,17607.0
2026-09-22 13:40:00+09:00,77500.0,77700.0,77200.0,77200.0,9310.0
2026-09-22 13:50:00+09:00,77200.0,78200.0,77100.0,78200.0,24144.0
2026-09-22 14:00:00+09:00,78100.0,79000.0,78000.0,78300.0,35287.0
2026-09-22 14:10:00+09:00,78200.0,78400.0,77600.0,78000.0,18370.0
2026-09-22 14:20:00+09:00,78100.0,78200.0,77700.0,77900.0,16418.0
2026-09-22 14:30:00+09:00,77900.0,78300.0,77600.0,78100.0,19040.0
2026-09-22 14:40:00+09:00,78100.0,78300.0,77800.0,77900.0,14503.0
2026-09-22 14:50:00+09:00,77900.0,78200.0,77700.0,77900.0,14498.0
2026-09-23 09:00:00+09:00,77700.0,78600.0,76900.0,77800.0,23300.0
2026-09-23 09:10:00+09:00,77900.0,78000.0,77400.0,77700.0,13548.0
2026-09-23 09:20:00+09:00,77800.0,77800.0,76900.0,76900.0,14395.0
2026-09-23 09:30:00+09:00,76900.0,76900.0,75800.0,75900.0,35349.0
2026-09-23 09:40:00+09:00,75900.0,76400.0,75800.0,76000.0,26337.0
2026-09-23 09:50:00+09:00,76000.0,76100.0,74700.0,75200.0,49608.0
2026-09-23 10:00:00+09:00,75200.0,75800.0,74900.0,75700.0,31745.0
2026-09-23 10:10:00+09:00,75700.0,75700.0,75600.0,75650.0,483.0
2026-09-23 10:20:00+09:00,75800.0,75900.0,75700.0,75800.0,9593.0
2026-09-23 10:30:00+09:00,75800.0,75800.0,74700.0,75200.0,53579.0
2026-09-23 10:40:00+09:00,75200.0,75200.0,74300.0,74300.0,20250.0
2026-09-23 10:50:00+09:00,74400.0,75100.0,74300.0,74950.0,28147.0
2026-09-23 11:00:00+09:00,75000.0,75000.0,74400.0,74500.0,11189.0
2026-09-23 11:10:00+09:00,74500.0,74500.0,73700.0,74100.0,33213.0
2026-09-23 11:20:00+09:00,74100.0,74400.0,74000.0,74300.0,12867.0
2026-09-23 11:30:00+09:00,74300.0,74300.0,74000.0,74200.0,14995.0
2026-09-23 11:40:00+09:00,74200.0,74300.0,74100.0,74200.0,11614.0
2026-09-23 11:50:00+09:00,74200.0,74400.0,74100.0,74200.0,14113.0
2026-09-23 12:00:00+09:00,74200.0,74200.0,74100.0,74200.0,9415.0
2026-09-23 12:10:00+09:00,74200.0,74400.0,74000.0,74400.0,22299.0
2026-09-23 12:20:00+09:00,74400.0,74500.0,74200.0,74300.0,11666.0
2026-09-23 12:30:00+09:00,74300.0,74300.0,74200.0,74300.0,8550.0
2026-09-23 12:40:00+09:00,74300.0,75300.0,74200.0,74800.0,33781.0
2026-09-23 12:50:00+09:00,74800.0,75100.0,74700.0,74700.0,12741.0
2026-09-23 13:00:00+09:00,74800.0,74900.0,74500.0,74900.0,15274.0
2026-09-23 13:10:00+09:00,74900.0,74900.0,74400.0,74600.0,18510.0
2026-09-23 13:20:00+09:00,74600.0,74700.0,74300.0,74500.0,12463.0
2026-09-23 13:30:00+09:00,74500.0,74500.0,74400.0,74500.0,3885.0
2026-09-23 13:40:00+09:00,74500.0,74500.0,74200.0,74300.0,24985.0
2026-09-23 13:50:00+09:00,74400.0,74400.0,74100.0,74200.0,6881.0
2026-09-23 14:00:00+09:00,73800.0,73900.0,73200.0,73400.0,42229.0
2026-09-23 14:10:00+09:00,73400.0,73400.0,72900.0,73050.0,50182.0
2026-09-23 14:20:00+09:00,73000.0,73200.0,72900.0,72900.0,20450.0
2026-09-23 14:30:00+09:00,73000.0,73400.0,72800.0,73300.0,43588.0
2026-09-23 14:40:00+09:00,73250.0,73800.0,73100.0,73600.0,25363.0
2026-09-23 14:50:00+09:00,73600.0,73750.0,73500.0,73600.0,14973.0
