,Open,High,Low,Close,Volume
2026-06-29 09:00:00+09:00,41650.0,42950.0,41050.0,42950.0,1793.0
2026-06-29 09:10:00+09:00,43000.0,43050.0,42400.0,42800.0,1630.0
2026-06-29 09:20:00+09:00,42650.0,42750.0,42100.0,42100.0,1526.0
2026-06-29 09:30:00+09:00,42050.0,42400.0,41250.0,42250.0,2589.0
2026-06-29 09:40:00+09:00,42200.0,42900.0,42200.0,42750.0,2034.0
2026-06-29 09:50:00+09:00,42800.0,42850.0,42250.0,42500.0,1436.0
2026-06-29 10:00:00+09:00,42500.0,43000.0,42500.0,43000.0,4758.0
2026-06-29 10:10:00+09:00,42950.0,43250.0,42800.0,42900.0,750.0
2026-06-29 10:20:00+09:00,42900.0,43050.0,42900.0,42900.0,362.0
2026-06-29 10:30:00+09:00,42900.0,43500.0,42900.0,43450.0,1798.0
2026-06-29 10:40:00+09:00,43450.0,43500.0,43000.0,43100.0,2255.0
2026-06-29 10:50:00+09:00,43150.0,43350.0,42650.0,42750.0,973.0
2026-06-29 11:00:00+09:00,42800.0,42850.0,42300.0,42450.0,542.0
2026-06-29 11:10:00+09:00,42350.0,42350.0,41850.0,42100.0,1017.0
2026-06-29 11:20:00+09:00,42100.0,42200.0,42000.0,42200.0,781.0
2026-06-29 11:30:00+09:00,42200.0,42250.0,41750.0,41900.0,1011.0
2026-06-29 11:40:00+09:00,41900.0,42500.0,41900.0,42350.0,907.0
2026-06-29 11:50:00+09:00,42350.0,42450.0,42200.0,42300.0,288.0
2026-06-29 12:00:00+09:00,42350.0,42450.0,42200.0,42250.0,703.0
2026-06-29 12:10:00+09:00,42250.0,42250.0,42150.0,42150.0,43.0
2026-06-29 12:20:00+09:00,42150.0,42400.0,42150.0,42400.0,735.0
2026-06-29 12:30:00+09:00,42400.0,42450.0,42000.0,42050.0,351.0
2026-06-29 12:40:00+09:00,42000.0,42150.0,41850.0,42150.0,106.0
2026-06-29 12:50:00+09:00,42150.0,42400.0,42150.0,42400.0,103.0
2026-06-29 13:00:00+09:00,42300.0,42600.0,42250.0,42250.0,284.0
2026-06-29 13:10:00+09:00,42250.0,42450.0,42200.0,42450.0,127.0
2026-06-29 13:20:00+09:00,42400.0,42450.0,41950.0,42050.0,617.0
2026-06-29 13:30:00+09:00,41950.0,42050.0,41600.0,41650.0,2024.0
2026-06-29 13:40:00+09:00,41650.0,41750.0,41550.0,41750.0,691.0
2026-06-29 13:50:00+09:00,41750.0,41950.0,41550.0,41550.0,712.0
2026-06-29 14:00:00+09:00,41550.0,41950.0,41550.0,41950.0,589.0
2026-06-29 14:10:00+09:00,41950.0,41950.0,41800.0,41900.0,154.0
2026-06-29 14:20:00+09:00,41900.0,42050.0,41850.0,41850.0,1150.0
2026-06-29 14:30:00+09:00,41850.0,42900.0,41850.0,42750.0,1808.0
2026-06-29 14:40:00+09:00,42700.0,43250.0,42700.0,43250.0,1210.0
2026-06-29 14:50:00+09:00,43250.0,43400.0,43000.0,43250.0,2073.0
2026-06-30 09:00:00+09:00,44700.0,45050.0,43250.0,44700.0,3318.0
2026-06-30 09:10:00+09:00,44650.0,45000.0,43500.0,43650.0,1554.0
2026-06-30 09:20:00+09:00,43650.0,43700.0,43100.0,43100.0,2880.0
2026-06-30 09:30:00+09:00,43150.0,43150.0,42700.0,42900.0,2762.0
2026-06-30 09:40:00+09:00,42850.0,42900.0,42600.0,42650.0,993.0
2026-06-30 09:50:00+09:00,42800.0,43000.0,42600.0,43000.0,1688.0
2026-06-30 10:00:00+09:00,43050.0,43150.0,42100.0,42300.0,2027.0
2026-06-30 10:10:00+09:00,42200.0,42300.0,42100.0,42200.0,1397.0
2026-06-30 10:20:00+09:00,42300.0,43000.0,42250.0,43000.0,723.0
2026-06-30 10:30:00+09:00,43000.0,43350.0,42150.0,42150.0,2698.0
2026-06-30 10:40:00+09:00,42150.0,42200.0,41100.0,41400.0,7936.0
2026-06-30 10:50:00+09:00,41550.0,41800.0,41200.0,41650.0,4375.0
2026-06-30 11:00:00+09:00,41600.0,41700.0,41100.0,41350.0,5354.0
2026-06-30 11:10:00+09:00,41350.0,41550.0,41050.0,41400.0,3443.0
2026-06-30 11:20:00+09:00,41250.0,41500.0,41000.0,41350.0,2680.0
2026-06-30 11:30:00+09:00,41350.0,41400.0,41000.0,41250.0,2165.0
2026-06-30 11:40:00+09:00,41250.0,41300.0,41100.0,41200.0,2213.0
2026-06-30 11:50:00+09:00,41200.0,41350.0,41050.0,41150.0,2277.0
2026-06-30 12:00:00+09:00,41200.0,41300.0,40950.0,41150.0,2597.0
2026-06-30 12:10:00+09:00,41150.0,41400.0,40950.0,41250.0,2606.0
2026-06-30 12:20:00+09:00,41250.0,41500.0,41100.0,41400.0,3110.0
2026-06-30 12:30:00+09:00,41300.0,41600.0,41100.0,41600.0,3188.0
2026-06-30 12:40:00+09:00,41550.0,41700.0,41300.0,41400.0,2653.0
2026-06-30 12:50:00+09:00,41450.0,41800.0,41200.0,41800.0,3563.0
2026-06-30 13:00:00+09:00,41850.0,42000.0,41400.0,41800.0,3353.0
2026-06-30 13:10:00+09:00,41850.0,41850.0,41300.0,41300.0,4834.0
2026-06-30 13:20:00+09:00,41300.0,41400.0,41050.0,41100.0,4629.0
2026-06-30 13:30:00+09:00,41150.0,41650.0,41050.0,41500.0,3974.0
2026-06-30 13:40:00+09:00,41500.0,41700.0,41150.0,41300.0,4513.0
2026-06-30 13:50:00+09:00,41300.0,41350.0,41050.0,41300.0,4001.0
2026-06-30 14:00:00+09:00,41300.0,41600.0,41200.0,41350.0,4213.0
2026-06-30 14:10:00+09:00,41300.0,41350.0,41100.0,41150.0,2479.0
2026-06-30 14:20:00+09:00,41150.0,41350.0,41150.0,41300.0,2247.0
2026-06-30 14:30:00+09:00,41200.0,41300.0,40800.0,40850.0,9128.0
2026-06-30 14:40:00+09:00,40850.0,41000.0,40800.0,40950.0,2651.0
2026-06-30 14:50:00+09:00,41000.0,41050.0,40800.0,40800.0,2660.0
2026-07-01 09:00:00+09:00,41200.0,42050.0,41000.0,41900.0,10151.0
2026-07-01 09:10:00+09:00,41900.0,42800.0,41850.0,42750.0,7742.0
2026-07-01 09:20:00+09:00,42750.0,44000.0,42600.0,43950.0,11258.0
2026-07-01 09:30:00+09:00,43950.0,45850.0,43950.0,45450.0,13308.0
2026-07-01 09:40:00+09:00,45500.0,46000.0,44800.0,45500.0,9069.0
2026-07-01 09:50:00+09:00,45450.0,45600.0,44850.0,45050.0,3919.0
2026-07-01 10:00:00+09:00,45000.0,45350.0,44700.0,44950.0,4003.0
2026-07-01 10:10:00+09:00,44950.0,44950.0,44300.0,44450.0,3090.0
2026-07-01 10:20:00+09:00,44550.0,45450.0,44450.0,45450.0,4527.0
2026-07-01 10:30:00+09:00,45450.0,45500.0,44800.0,45050.0,2869.0
2026-07-01 10:40:00+09:00,45000.0,45000.0,43000.0,44450.0,4292.0
2026-07-01 10:50:00+09:00,44550.0,45500.0,43900.0,44450.0,2765.0
2026-07-01 11:00:00+09:00,44450.0,44450.0,43650.0,43950.0,3075.0
2026-07-01 11:10:00+09:00,43950.0,44050.0,43700.0,43900.0,1585.0
2026-07-01 11:20:00+09:00,43900.0,44050.0,43750.0,43950.0,951.0
2026-07-01 11:30:00+09:00,44000.0,44000.0,43850.0,43900.0,374.0
2026-07-01 11:40:00+09:00,44000.0,44250.0,44000.0,44200.0,685.0
2026-07-01 11:50:00+09:00,44200.0,44250.0,43950.0,44200.0,588.0
2026-07-01 12:00:00+09:00,44150.0,44550.0,44100.0,44550.0,1117.0
2026-07-01 12:10:00+09:00,44550.0,44650.0,44500.0,44650.0,354.0
2026-07-01 12:20:00+09:00,44650.0,44650.0,44450.0,44500.0,499.0
2026-07-01 12:30:00+09:00,44500.0,44500.0,44250.0,44450.0,618.0
2026-07-01 12:40:00+09:00,44450.0,44750.0,44450.0,44650.0,475.0
2026-07-01 12:50:00+09:00,44650.0,44700.0,44450.0,44550.0,772.0
2026-07-01 13:00:00+09:00,44550.0,44600.0,44400.0,44550.0,669.0
2026-07-01 13:10:00+09:00,44600.0,44650.0,43650.0,43700.0,3671.0
2026-07-01 13:20:00+09:00,43700.0,43950.0,43550.0,43700.0,2638.0
2026-07-01 13:30:00+09:00,43650.0,43800.0,43500.0,43700.0,3256.0
2026-07-01 13:40:00+09:00,43750.0,44150.0,43700.0,44100.0,1755.0
2026-07-01 13:50:00+09:00,44100.0,44200.0,43550.0,43600.0,2071.0
2026-07-01 14:00:00+09:00,43500.0,44100.0,43300.0,43900.0,5928.0
2026-07-01 14:10:00+09:00,43900.0,44150.0,43600.0,43850.0,2126.0
2026-07-01 14:20:00+09:00,43900.0,44100.0,43400.0,43650.0,1843.0
2026-07-01 14:30:00+09:00,43500.0,43900.0,43300.0,43600.0,3498.0
2026-07-01 14:40:00+09:00,43700.0,43900.0,43550.0,43850.0,4302.0
2026-07-01 14:50:00+09:00,43850.0,44100.0,43600.0,43750.0,1893.0
2026-07-02 09:00:00+09:00,41800.0,41950.0,40200.0,41000.0,5116.0
2026-07-02 09:10:00+09:00,41000.0,41000.0,39500.0,39550.0,4650.0
2026-07-02 09:20:00+09:00,39650.0,40300.0,39550.0,39750.0,3073.0
2026-07-02 09:30:00+09:00,39700.0,40050.0,39300.0,39400.0,2630.0
2026-07-02 09:40:00+09:00,39450.0,39600.0,38850.0,39100.0,3033.0
2026-07-02 09:50:00+09:00,39050.0,39600.0,39050.0,39250.0,2503.0
2026-07-02 10:00:00+09:00,39200.0,39750.0,38850.0,39600.0,2561.0
2026-07-02 10:10:00+09:00,39600.0,39700.0,39150.0,39450.0,1732.0
2026-07-02 10:20:00+09:00,39450.0,39600.0,39350.0,39550.0,1336.0
2026-07-02 10:30:00+09:00,39650.0,39650.0,38800.0,38800.0,3249.0
2026-07-02 10:40:00+09:00,38850.0,39300.0,38800.0,39200.0,1496.0
2026-07-02 10:50:00+09:00,39250.0,39300.0,39000.0,39200.0,2154.0
2026-07-02 11:00:00+09:00,39150.0,39400.0,39000.0,39250.0,1952.0
2026-07-02 11:10:00+09:00,39300.0,40100.0,39250.0,39900.0,2243.0
2026-07-02 11:20:00+09:00,39750.0,39900.0,39500.0,39600.0,3076.0
2026-07-02 11:30:00+09:00,39500.0,39850.0,39450.0,39850.0,732.0
2026-07-02 11:40:00+09:00,39850.0,39950.0,39700.0,39800.0,1527.0
2026-07-02 11:50:00+09:00,39750.0,39750.0,39550.0,39750.0,816.0
2026-07-02 12:00:00+09:00,39750.0,39800.0,39100.0,39100.0,3381.0
2026-07-02 12:10:00+09:00,39150.0,39250.0,39050.0,39100.0,1853.0
2026-07-02 12:20:00+09:00,39100.0,39150.0,38850.0,38850.0,917.0
2026-07-02 12:30:00+09:00,38900.0,38950.0,38800.0,38950.0,207.0
2026-07-02 12:40:00+09:00,38900.0,38900.0,38600.0,38600.0,1795.0
2026-07-02 12:50:00+09:00,38700.0,38700.0,38550.0,38600.0,718.0
2026-07-02 13:00:00+09:00,38600.0,38750.0,38400.0,38450.0,2896.0
2026-07-02 13:10:00+09:00,38500.0,39550.0,38450.0,39450.0,2591.0
2026-07-02 13:20:00+09:00,39250.0,39700.0,39000.0,39550.0,2897.0
2026-07-02 13:30:00+09:00,39550.0,39600.0,38900.0,39100.0,2555.0
2026-07-02 13:40:00+09:00,39050.0,39150.0,38850.0,38950.0,2379.0
2026-07-02 13:50:00+09:00,39000.0,39500.0,38950.0,39500.0,2160.0
2026-07-02 14:00:00+09:00,39500.0,39500.0,39350.0,39350.0,2044.0
2026-07-02 14:10:00+09:00,39400.0,39550.0,39100.0,39400.0,2342.0
2026-07-02 14:20:00+09:00,39400.0,39450.0,38850.0,38900.0,2332.0
2026-07-02 14:30:00+09:00,38900.0,39100.0,38850.0,39000.0,1721.0
2026-07-02 14:40:00+09:00,39050.0,39150.0,38800.0,38850.0,2994.0
2026-07-02 14:50:00+09:00,38850.0,39150.0,38800.0,38950.0,3294.0
2026-07-03 09:00:00+09:00,38950.0,38950.0,37250.0,37350.0,6642.0
2026-07-03 09:10:00+09:00,37350.0,37750.0,36800.0,37050.0,4068.0
2026-07-03 09:20:00+09:00,37250.0,37250.0,36200.0,36600.0,3495.0
2026-07-03 09:30:00+09:00,36700.0,37200.0,36050.0,36950.0,5278.0
2026-07-03 09:40:00+09:00,36950.0,37000.0,36350.0,36400.0,3451.0
2026-07-03 09:50:00+09:00,36400.0,36600.0,35950.0,36000.0,5075.0
2026-07-03 10:00:00+09:00,35950.0,36450.0,35600.0,36200.0,7436.0
2026-07-03 10:10:00+09:00,36200.0,36650.0,35650.0,36650.0,7965.0
2026-07-03 10:20:00+09:00,36650.0,36900.0,35950.0,36450.0,5485.0
2026-07-03 10:30:00+09:00,36400.0,36650.0,36000.0,36550.0,7266.0
2026-07-03 10:40:00+09:00,36450.0,36600.0,36050.0,36500.0,6387.0
2026-07-03 10:50:00+09:00,36300.0,36500.0,36050.0,36450.0,5056.0
2026-07-03 11:00:00+09:00,36300.0,37000.0,36100.0,36900.0,6486.0
2026-07-03 11:10:00+09:00,36850.0,36850.0,36050.0,36350.0,6613.0
2026-07-03 11:20:00+09:00,36250.0,36600.0,36100.0,36500.0,6102.0
2026-07-03 11:30:00+09:00,36500.0,36700.0,36150.0,36700.0,5011.0
2026-07-03 11:40:00+09:00,36550.0,36750.0,36250.0,36750.0,5775.0
2026-07-03 11:50:00+09:00,36750.0,36900.0,36400.0,36900.0,4852.0
2026-07-03 12:00:00+09:00,36800.0,36900.0,36200.0,36250.0,6813.0
2026-07-03 12:10:00+09:00,36250.0,36400.0,36000.0,36350.0,5329.0
2026-07-03 12:20:00+09:00,36350.0,36500.0,36050.0,36500.0,5541.0
2026-07-03 12:30:00+09:00,36500.0,36500.0,36150.0,36400.0,5404.0
2026-07-03 12:40:00+09:00,36300.0,36350.0,35950.0,36150.0,6585.0
2026-07-03 12:50:00+09:00,36100.0,36550.0,35750.0,36550.0,8790.0
2026-07-03 13:00:00+09:00,36550.0,36850.0,36200.0,36800.0,6825.0
2026-07-03 13:10:00+09:00,36800.0,37050.0,36350.0,37050.0,6822.0
2026-07-03 13:20:00+09:00,37000.0,37250.0,36650.0,37050.0,7282.0
2026-07-03 13:30:00+09:00,37000.0,37300.0,36700.0,36950.0,5717.0
2026-07-03 13:40:00+09:00,36950.0,38500.0,36550.0,38400.0,9890.0
2026-07-03 13:50:00+09:00,38400.0,38700.0,37650.0,38650.0,12220.0
2026-07-03 14:00:00+09:00,38500.0,39250.0,37950.0,38700.0,9132.0
2026-07-03 14:10:00+09:00,39000.0,39050.0,38300.0,38400.0,5036.0
2026-07-03 14:20:00+09:00,38400.0,39400.0,38350.0,39250.0,6524.0
2026-07-03 14:30:00+09:00,39250.0,39250.0,38400.0,38850.0,9218.0
2026-07-03 14:40:00+09:00,38850.0,38950.0,38050.0,38350.0,7663.0
2026-07-03 14:50:00+09:00,38300.0,38850.0,38150.0,38550.0,6682.0
2026-07-06 09:00:00+09:00,38700.0,39150.0,37700.0,38800.0,2232.0
2026-07-06 09:10:00+09:00,38800.0,38900.0,37200.0,37200.0,2562.0
2026-07-06 09:20:00+09:00,37200.0,37450.0,37050.0,37250.0,2402.0
2026-07-06 09:30:00+09:00,37250.0,37600.0,36850.0,37450.0,3066.0
2026-07-06 09:40:00+09:00,37400.0,37700.0,37150.0,37300.0,3019.0
2026-07-06 09:50:00+09:00,37250.0,37350.0,37100.0,37250.0,1365.0
2026-07-06 10:00:00+09:00,37150.0,37400.0,36750.0,36950.0,2656.0
2026-07-06 10:10:00+09:00,36900.0,36950.0,36450.0,36800.0,2676.0
2026-07-06 10:20:00+09:00,36800.0,36800.0,36450.0,36550.0,1487.0
2026-07-06 10:30:00+09:00,36500.0,36800.0,36450.0,36500.0,1052.0
2026-07-06 10:40:00+09:00,36500.0,37500.0,36150.0,37100.0,13542.0
2026-07-06 10:50:00+09:00,37000.0,37050.0,36600.0,36900.0,2318.0
2026-07-06 11:00:00+09:00,36900.0,37350.0,36900.0,37050.0,2643.0
2026-07-06 11:10:00+09:00,37050.0,37400.0,36750.0,37350.0,2549.0
2026-07-06 11:20:00+09:00,37100.0,37350.0,36950.0,37300.0,6249.0
2026-07-06 11:30:00+09:00,37200.0,37650.0,37050.0,37400.0,3680.0
2026-07-06 11:40:00+09:00,37350.0,37400.0,36900.0,37400.0,1902.0
2026-07-06 11:50:00+09:00,37250.0,37400.0,36950.0,37150.0,3152.0
2026-07-06 12:00:00+09:00,37200.0,37400.0,36950.0,37250.0,2563.0
2026-07-06 12:10:00+09:00,37250.0,37700.0,37250.0,37700.0,2854.0
2026-07-06 12:20:00+09:00,37700.0,37700.0,37250.0,37600.0,2254.0
2026-07-06 12:30:00+09:00,37550.0,37750.0,37450.0,37700.0,1976.0
2026-07-06 12:40:00+09:00,37650.0,37900.0,37500.0,37500.0,2363.0
2026-07-06 12:50:00+09:00,37500.0,37700.0,37350.0,37550.0,1888.0
2026-07-06 13:00:00+09:00,37550.0,37650.0,37250.0,37500.0,1936.0
2026-07-06 13:10:00+09:00,37450.0,37650.0,37400.0,37600.0,2044.0
2026-07-06 13:20:00+09:00,37600.0,37950.0,37450.0,37950.0,2101.0
2026-07-06 13:30:00+09:00,37900.0,38250.0,37650.0,38200.0,3607.0
2026-07-06 13:40:00+09:00,38200.0,38350.0,37950.0,38100.0,1963.0
2026-07-06 13:50:00+09:00,38050.0,38250.0,37850.0,38050.0,1844.0
2026-07-06 14:00:00+09:00,38050.0,38100.0,37600.0,38100.0,2469.0
2026-07-06 14:10:00+09:00,38100.0,38100.0,36900.0,37250.0,4176.0
2026-07-06 14:20:00+09:00,37250.0,37400.0,37000.0,37000.0,2975.0
2026-07-06 14:30:00+09:00,37050.0,37400.0,36700.0,37050.0,2815.0
2026-07-06 14:40:00+09:00,37000.0,37200.0,36800.0,36950.0,2556.0
2026-07-06 14:50:00+09:00,36950.0,37500.0,36850.0,37400.0,4138.0
2026-07-07 09:00:00+09:00,36800.0,39600.0,36800.0,38900.0,13136.0
2026-07-07 09:10:00+09:00,38900.0,39200.0,37850.0,38300.0,9774.0
2026-07-07 09:20:00+09:00,38250.0,39200.0,38200.0,38550.0,4423.0
2026-07-07 09:30:00+09:00,38600.0,38750.0,38250.0,38500.0,3108.0
2026-07-07 09:40:00+09:00,38350.0,38450.0,37750.0,37950.0,7159.0
2026-07-07 09:50:00+09:00,37950.0,38750.0,37900.0,38450.0,4839.0
2026-07-07 10:00:00+09:00,38450.0,38700.0,37950.0,38300.0,3808.0
2026-07-07 10:10:00+09:00,38300.0,38500.0,37900.0,38250.0,2770.0
2026-07-07 10:20:00+09:00,38200.0,38350.0,37900.0,38100.0,3017.0
2026-07-07 10:30:00+09:00,38150.0,38450.0,37600.0,38300.0,3749.0
2026-07-07 10:40:00+09:00,38250.0,38900.0,38200.0,38850.0,2307.0
2026-07-07 10:50:00+09:00,38850.0,38850.0,38150.0,38150.0,3383.0
2026-07-07 11:00:00+09:00,38150.0,38350.0,37850.0,38350.0,3848.0
2026-07-07 11:10:00+09:00,38350.0,38450.0,38050.0,38150.0,2013.0
2026-07-07 11:20:00+09:00,38200.0,38300.0,37950.0,38100.0,3277.0
2026-07-07 11:30:00+09:00,38150.0,38450.0,38000.0,38100.0,2172.0
2026-07-07 11:40:00+09:00,38100.0,38350.0,37950.0,38150.0,2684.0
2026-07-07 11:50:00+09:00,38150.0,38300.0,37950.0,38100.0,2294.0
2026-07-07 12:00:00+09:00,38100.0,38300.0,38050.0,38300.0,2782.0
2026-07-07 12:10:00+09:00,38250.0,38450.0,38050.0,38100.0,2776.0
2026-07-07 12:20:00+09:00,38050.0,38200.0,37900.0,37900.0,3968.0
2026-07-07 12:30:00+09:00,37950.0,38200.0,37850.0,37950.0,2394.0
2026-07-07 12:40:00+09:00,37950.0,38000.0,37700.0,37750.0,2292.0
2026-07-07 12:50:00+09:00,37750.0,37950.0,37500.0,37650.0,3633.0
2026-07-07 13:00:00+09:00,37650.0,37700.0,37200.0,37300.0,3563.0
2026-07-07 13:10:00+09:00,37300.0,37400.0,36700.0,36700.0,5530.0
2026-07-07 13:20:00+09:00,36750.0,36900.0,36600.0,36750.0,4334.0
2026-07-07 13:30:00+09:00,36800.0,37000.0,36600.0,36950.0,2846.0
2026-07-07 13:40:00+09:00,36950.0,37050.0,36600.0,36750.0,2873.0
2026-07-07 13:50:00+09:00,36750.0,36850.0,36400.0,36500.0,3095.0
2026-07-07 14:00:00+09:00,36500.0,36750.0,36400.0,36450.0,3056.0
2026-07-07 14:10:00+09:00,36450.0,36700.0,36200.0,36500.0,4778.0
2026-07-07 14:20:00+09:00,36550.0,36900.0,36250.0,36600.0,3503.0
2026-07-07 14:30:00+09:00,36650.0,37250.0,36650.0,37050.0,4151.0
2026-07-07 14:40:00+09:00,37100.0,37550.0,36950.0,37300.0,3694.0
2026-07-07 14:50:00+09:00,37200.0,37800.0,37150.0,37800.0,3466.0
2026-07-08 09:00:00+09:00,36000.0,36700.0,35500.0,35950.0,4099.0
2026-07-08 09:10:00+09:00,36050.0,36650.0,35700.0,36400.0,820.0
2026-07-08 09:20:00+09:00,36400.0,37500.0,36100.0,36750.0,1181.0
2026-07-08 09:30:00+09:00,36750.0,36750.0,35800.0,36350.0,2051.0
2026-07-08 09:40:00+09:00,36400.0,36950.0,36250.0,36350.0,2685.0
2026-07-08 09:50:00+09:00,36400.0,36800.0,36250.0,36750.0,409.0
2026-07-08 10:00:00+09:00,36750.0,37500.0,36700.0,37450.0,10502.0
2026-07-08 10:10:00+09:00,37000.0,37700.0,36950.0,37500.0,7570.0
2026-07-08 10:20:00+09:00,37600.0,38350.0,37000.0,38350.0,3633.0
2026-07-08 10:30:00+09:00,38350.0,38600.0,37500.0,37650.0,4088.0
2026-07-08 10:40:00+09:00,37650.0,38000.0,37650.0,37750.0,1974.0
2026-07-08 10:50:00+09:00,37750.0,37800.0,37250.0,37450.0,2380.0
2026-07-08 11:00:00+09:00,37400.0,37550.0,37050.0,37100.0,1731.0
2026-07-08 11:10:00+09:00,37150.0,37450.0,37050.0,37300.0,2203.0
2026-07-08 11:20:00+09:00,37350.0,37650.0,37100.0,37550.0,2183.0
2026-07-08 11:30:00+09:00,37550.0,37600.0,36850.0,37300.0,2299.0
2026-07-08 11:40:00+09:00,37300.0,37500.0,37000.0,37300.0,2308.0
2026-07-08 11:50:00+09:00,37300.0,37350.0,36800.0,37250.0,2095.0
2026-07-08 12:00:00+09:00,37250.0,37800.0,37200.0,37350.0,2436.0
2026-07-08 12:10:00+09:00,37350.0,37900.0,37350.0,37450.0,1289.0
2026-07-08 12:20:00+09:00,37500.0,37800.0,37450.0,37500.0,1828.0
2026-07-08 12:30:00+09:00,37600.0,37900.0,37350.0,37850.0,1783.0
2026-07-08 12:40:00+09:00,37850.0,37850.0,37150.0,37300.0,2599.0
2026-07-08 12:50:00+09:00,37250.0,37350.0,36950.0,37100.0,1575.0
2026-07-08 13:00:00+09:00,37100.0,37200.0,36800.0,36850.0,1952.0
2026-07-08 13:10:00+09:00,36850.0,37050.0,36600.0,36650.0,2113.0
2026-07-08 13:20:00+09:00,36600.0,36950.0,36550.0,36650.0,1844.0
2026-07-08 13:30:00+09:00,36650.0,36650.0,35850.0,35850.0,4699.0
2026-07-08 13:40:00+09:00,35850.0,35950.0,35150.0,35400.0,4632.0
2026-07-08 13:50:00+09:00,35350.0,35600.0,34950.0,35250.0,10570.0
2026-07-08 14:00:00+09:00,35250.0,35350.0,34750.0,35150.0,6117.0
2026-07-08 14:10:00+09:00,35100.0,35300.0,34900.0,34900.0,5048.0
2026-07-08 14:20:00+09:00,34900.0,35100.0,34700.0,34800.0,3466.0
2026-07-08 14:30:00+09:00,34850.0,34900.0,34500.0,34500.0,5301.0
2026-07-08 14:40:00+09:00,34500.0,34850.0,34450.0,34750.0,4722.0
2026-07-08 14:50:00+09:00,34650.0,35100.0,34600.0,34950.0,4567.0
2026-07-09 09:00:00+09:00,34500.0,35700.0,34500.0,35350.0,3440.0
2026-07-09 09:10:00+09:00,35350.0,35550.0,34500.0,34700.0,2615.0
2026-07-09 09:20:00+09:00,34700.0,35050.0,34600.0,34800.0,1821.0
2026-07-09 09:30:00+09:00,34850.0,34950.0,34450.0,34500.0,993.0
2026-07-09 09:40:00+09:00,34500.0,35500.0,34500.0,35350.0,1996.0
2026-07-09 09:50:00+09:00,35350.0,35400.0,34950.0,35000.0,814.0
2026-07-09 10:00:00+09:00,35000.0,35200.0,34950.0,35150.0,663.0
2026-07-09 10:10:00+09:00,35150.0,36100.0,35150.0,35950.0,5297.0
2026-07-09 10:20:00+09:00,35900.0,36000.0,35500.0,35550.0,3283.0
2026-07-09 10:30:00+09:00,35550.0,35550.0,35050.0,35050.0,1175.0
2026-07-09 10:40:00+09:00,34950.0,35450.0,34900.0,35350.0,415.0
2026-07-09 10:50:00+09:00,35100.0,35350.0,34600.0,34900.0,1301.0
2026-07-09 11:00:00+09:00,34800.0,34850.0,34400.0,34700.0,1283.0
2026-07-09 11:10:00+09:00,34650.0,35000.0,34200.0,35000.0,2505.0
2026-07-09 11:20:00+09:00,35050.0,35150.0,34750.0,35100.0,1136.0
2026-07-09 11:30:00+09:00,35000.0,35200.0,34600.0,35200.0,1650.0
2026-07-09 11:40:00+09:00,35000.0,36050.0,35000.0,35300.0,5248.0
2026-07-09 11:50:00+09:00,35400.0,35400.0,35050.0,35250.0,3180.0
2026-07-09 12:00:00+09:00,35250.0,35350.0,34800.0,35000.0,2710.0
2026-07-09 12:10:00+09:00,35000.0,35150.0,34550.0,34750.0,2715.0
2026-07-09 12:20:00+09:00,34750.0,35700.0,34750.0,35650.0,3156.0
2026-07-09 12:30:00+09:00,35650.0,36300.0,35650.0,36100.0,3726.0
2026-07-09 12:40:00+09:00,36100.0,36350.0,35900.0,36150.0,2375.0
2026-07-09 12:50:00+09:00,36150.0,36500.0,36100.0,36250.0,2567.0
2026-07-09 13:00:00+09:00,36250.0,36500.0,36100.0,36300.0,2241.0
2026-07-09 13:10:00+09:00,36300.0,36450.0,35950.0,36200.0,2586.0
2026-07-09 13:20:00+09:00,36000.0,36150.0,35400.0,35900.0,3989.0
2026-07-09 13:30:00+09:00,35900.0,36250.0,35700.0,35950.0,3095.0
2026-07-09 13:40:00+09:00,35950.0,36100.0,35650.0,35750.0,2333.0
2026-07-09 13:50:00+09:00,35750.0,36150.0,35750.0,36050.0,2087.0
2026-07-09 14:00:00+09:00,35900.0,36150.0,35450.0,35650.0,2486.0
2026-07-09 14:10:00+09:00,35800.0,36150.0,35550.0,35900.0,2710.0
2026-07-09 14:20:00+09:00,35800.0,36050.0,35500.0,35950.0,2312.0
2026-07-09 14:30:00+09:00,35950.0,36100.0,35350.0,35800.0,3069.0
2026-07-09 14:40:00+09:00,35800.0,36100.0,35550.0,35900.0,2784.0
2026-07-09 14:50:00+09:00,35900.0,36200.0,35650.0,36150.0,4168.0
2026-07-10 09:00:00+09:00,36900.0,37800.0,36500.0,37350.0,4085.0
2026-07-10 09:10:00+09:00,37250.0,37250.0,36750.0,37000.0,1539.0
2026-07-10 09:20:00+09:00,37000.0,37450.0,36800.0,37200.0,1397.0
2026-07-10 09:30:00+09:00,37350.0,37650.0,37100.0,37650.0,2410.0
2026-07-10 09:40:00+09:00,37650.0,38950.0,37650.0,38850.0,2810.0
2026-07-10 09:50:00+09:00,38850.0,39500.0,38400.0,38450.0,2799.0
2026-07-10 10:00:00+09:00,38450.0,39000.0,38400.0,38950.0,2398.0
2026-07-10 10:10:00+09:00,38950.0,39700.0,38850.0,39200.0,5252.0
2026-07-10 10:20:00+09:00,39250.0,39650.0,39050.0,39250.0,1572.0
2026-07-10 10:30:00+09:00,39250.0,39450.0,39050.0,39300.0,1420.0
2026-07-10 10:40:00+09:00,39300.0,39600.0,39100.0,39550.0,1985.0
2026-07-10 10:50:00+09:00,39600.0,39900.0,39200.0,39200.0,2439.0
2026-07-10 11:00:00+09:00,39200.0,39400.0,38700.0,39200.0,2301.0
2026-07-10 11:10:00+09:00,39200.0,39600.0,39000.0,39300.0,986.0
2026-07-10 11:20:00+09:00,39300.0,39400.0,38950.0,39100.0,1209.0
2026-07-10 11:30:00+09:00,39000.0,39350.0,39000.0,39250.0,676.0
2026-07-10 11:40:00+09:00,39300.0,39650.0,39150.0,39300.0,849.0
2026-07-10 11:50:00+09:00,39350.0,39450.0,39050.0,39250.0,730.0
2026-07-10 12:00:00+09:00,39250.0,39650.0,39200.0,39450.0,695.0
2026-07-10 12:10:00+09:00,39300.0,39600.0,39250.0,39400.0,1544.0
2026-07-10 12:20:00+09:00,39400.0,39750.0,39200.0,39250.0,945.0
2026-07-10 12:30:00+09:00,39250.0,39500.0,39200.0,39500.0,879.0
2026-07-10 12:40:00+09:00,39350.0,39550.0,39200.0,39550.0,1286.0
2026-07-10 12:50:00+09:00,39450.0,39750.0,39450.0,39500.0,1589.0
2026-07-10 13:00:00+09:00,39500.0,39750.0,39450.0,39550.0,828.0
2026-07-10 13:10:00+09:00,39450.0,39650.0,39200.0,39650.0,1439.0
2026-07-10 13:20:00+09:00,39600.0,40100.0,39550.0,40000.0,2254.0
2026-07-10 13:30:00+09:00,39950.0,40000.0,39650.0,39950.0,1774.0
2026-07-10 13:40:00+09:00,39950.0,40100.0,39850.0,40100.0,1927.0
2026-07-10 13:50:00+09:00,40000.0,40050.0,39400.0,39650.0,1561.0
2026-07-10 14:00:00+09:00,39650.0,40050.0,39400.0,39400.0,1524.0
2026-07-10 14:10:00+09:00,39400.0,39950.0,39400.0,39900.0,1424.0
2026-07-10 14:20:00+09:00,39900.0,40000.0,39500.0,39800.0,1192.0
2026-07-10 14:30:00+09:00,39650.0,39750.0,39450.0,39450.0,1525.0
2026-07-10 14:40:00+09:00,39450.0,39700.0,39300.0,39650.0,1485.0
2026-07-10 14:50:00+09:00,39650.0,39800.0,39450.0,39650.0,1656.0
2026-07-13 09:00:00+09:00,40850.0,41800.0,39600.0,41800.0,1860.0
2026-07-13 09:10:00+09:00,41750.0,42150.0,41300.0,41300.0,3119.0
2026-07-13 09:20:00+09:00,41550.0,42300.0,41450.0,41750.0,2131.0
2026-07-13 09:30:00+09:00,41750.0,41750.0,41050.0,41200.0,2451.0
2026-07-13 09:40:00+09:00,41200.0,41450.0,40900.0,41400.0,2058.0
2026-07-13 09:50:00+09:00,41300.0,41400.0,40650.0,40650.0,3986.0
2026-07-13 10:00:00+09:00,40600.0,40800.0,40050.0,40300.0,2783.0
2026-07-13 10:10:00+09:00,40300.0,40400.0,39950.0,39950.0,2389.0
2026-07-13 10:20:00+09:00,39900.0,39900.0,39500.0,39700.0,3182.0
2026-07-13 10:30:00+09:00,39700.0,40200.0,39500.0,40100.0,1761.0
2026-07-13 10:40:00+09:00,40050.0,40150.0,39600.0,39650.0,1939.0
2026-07-13 10:50:00+09:00,39600.0,39650.0,39350.0,39400.0,1085.0
2026-07-13 11:00:00+09:00,39500.0,39500.0,39150.0,39300.0,2565.0
2026-07-13 11:10:00+09:00,39400.0,39950.0,39400.0,39950.0,2234.0
2026-07-13 11:20:00+09:00,39900.0,40200.0,39750.0,40100.0,1167.0
2026-07-13 11:30:00+09:00,40050.0,40100.0,39650.0,39700.0,677.0
2026-07-13 11:40:00+09:00,39700.0,39900.0,39500.0,39500.0,1156.0
2026-07-13 11:50:00+09:00,39600.0,39700.0,39450.0,39450.0,1006.0
2026-07-13 12:00:00+09:00,39450.0,39450.0,38750.0,38900.0,1664.0
2026-07-13 12:10:00+09:00,38900.0,38900.0,38700.0,38800.0,834.0
2026-07-13 12:20:00+09:00,38900.0,39150.0,38500.0,38800.0,2086.0
2026-07-13 12:30:00+09:00,38800.0,38850.0,38450.0,38700.0,1116.0
2026-07-13 12:40:00+09:00,38750.0,38800.0,38450.0,38550.0,647.0
2026-07-13 12:50:00+09:00,38550.0,38650.0,38250.0,38400.0,1207.0
2026-07-13 13:00:00+09:00,38400.0,38400.0,38150.0,38250.0,1088.0
2026-07-13 13:10:00+09:00,38250.0,38350.0,38100.0,38150.0,778.0
2026-07-13 13:20:00+09:00,38200.0,38250.0,38050.0,38200.0,502.0
2026-07-13 13:30:00+09:00,38200.0,38700.0,38200.0,38350.0,514.0
2026-07-13 13:40:00+09:00,38350.0,38450.0,38300.0,38400.0,259.0
2026-07-13 13:50:00+09:00,38400.0,38750.0,38400.0,38500.0,625.0
2026-07-13 14:00:00+09:00,38550.0,39500.0,38350.0,38800.0,1136.0
2026-07-13 14:10:00+09:00,38900.0,38950.0,38500.0,38600.0,1056.0
2026-07-13 14:20:00+09:00,38600.0,38600.0,38150.0,38200.0,846.0
2026-07-13 14:30:00+09:00,38200.0,38800.0,38100.0,38650.0,1044.0
2026-07-13 14:40:00+09:00,38650.0,38700.0,38150.0,38200.0,1972.0
2026-07-13 14:50:00+09:00,38250.0,38500.0,38250.0,38450.0,1052.0
2026-07-14 09:00:00+09:00,38000.0,38600.0,37450.0,37550.0,830.0
2026-07-14 09:10:00+09:00,37650.0,38450.0,37400.0,37650.0,2675.0
2026-07-14 09:20:00+09:00,37600.0,37800.0,36900.0,37150.0,1687.0
2026-07-14 09:30:00+09:00,37250.0,37750.0,37250.0,37350.0,1093.0
2026-07-14 09:40:00+09:00,37300.0,37450.0,36850.0,37450.0,1776.0
2026-07-14 09:50:00+09:00,37400.0,38150.0,37050.0,37950.0,738.0
2026-07-14 10:00:00+09:00,38000.0,38100.0,37550.0,37850.0,1373.0
2026-07-14 10:10:00+09:00,37750.0,37900.0,37600.0,37650.0,628.0
2026-07-14 10:20:00+09:00,37650.0,37900.0,36700.0,36700.0,5445.0
2026-07-14 10:30:00+09:00,36750.0,36950.0,35800.0,35900.0,6008.0
2026-07-14 10:40:00+09:00,35850.0,36600.0,35650.0,36100.0,3038.0
2026-07-14 10:50:00+09:00,36100.0,36450.0,35650.0,35800.0,2530.0
2026-07-14 11:00:00+09:00,35750.0,36100.0,35600.0,35950.0,2555.0
2026-07-14 11:10:00+09:00,36050.0,36400.0,35450.0,35650.0,3084.0
2026-07-14 11:20:00+09:00,35500.0,35700.0,35200.0,35300.0,2630.0
2026-07-14 11:30:00+09:00,35500.0,35650.0,34850.0,35500.0,3452.0
2026-07-14 11:40:00+09:00,35450.0,35950.0,35400.0,35650.0,4068.0
2026-07-14 11:50:00+09:00,35450.0,35800.0,35100.0,35200.0,2462.0
2026-07-14 12:00:00+09:00,35200.0,35550.0,35000.0,35000.0,682.0
2026-07-14 12:10:00+09:00,35150.0,35200.0,34700.0,34800.0,1729.0
2026-07-14 12:20:00+09:00,34850.0,34900.0,34500.0,34750.0,3657.0
2026-07-14 12:30:00+09:00,34750.0,35000.0,34650.0,34800.0,2177.0
2026-07-14 12:40:00+09:00,34850.0,35250.0,34700.0,35250.0,1791.0
2026-07-14 12:50:00+09:00,35200.0,35250.0,34900.0,34950.0,1095.0
2026-07-14 13:00:00+09:00,34950.0,35200.0,34800.0,34800.0,538.0
2026-07-14 13:10:00+09:00,34800.0,34900.0,34300.0,34350.0,964.0
2026-07-14 13:20:00+09:00,34400.0,35000.0,34400.0,35000.0,515.0
2026-07-14 13:30:00+09:00,34950.0,35450.0,34800.0,35450.0,2012.0
2026-07-14 13:40:00+09:00,35450.0,35450.0,35150.0,35450.0,536.0
2026-07-14 13:50:00+09:00,35450.0,35700.0,35400.0,35700.0,4603.0
2026-07-14 14:00:00+09:00,35600.0,35800.0,35350.0,35600.0,2220.0
2026-07-14 14:10:00+09:00,35700.0,35950.0,35600.0,35800.0,1794.0
2026-07-14 14:20:00+09:00,35900.0,36500.0,35800.0,36100.0,2270.0
2026-07-14 14:30:00+09:00,36200.0,36850.0,36100.0,36550.0,1985.0
2026-07-14 14:40:00+09:00,36550.0,36600.0,36150.0,36300.0,1320.0
2026-07-14 14:50:00+09:00,36250.0,36300.0,36000.0,36050.0,924.0
2026-07-15 09:00:00+09:00,37850.0,38000.0,36700.0,36700.0,3563.0
2026-07-15 09:10:00+09:00,36750.0,37200.0,36350.0,36600.0,6894.0
2026-07-15 09:20:00+09:00,36650.0,38750.0,36600.0,38600.0,5908.0
2026-07-15 09:30:00+09:00,38800.0,40100.0,38600.0,39250.0,12539.0
2026-07-15 09:40:00+09:00,39450.0,39750.0,39050.0,39500.0,5250.0
2026-07-15 09:50:00+09:00,39500.0,39750.0,39250.0,39600.0,5577.0
2026-07-15 10:00:00+09:00,39600.0,40400.0,39250.0,39700.0,7459.0
2026-07-15 10:10:00+09:00,39550.0,40750.0,39400.0,40700.0,4330.0
2026-07-15 10:20:00+09:00,40600.0,41500.0,40350.0,41300.0,7304.0
2026-07-15 10:30:00+09:00,41300.0,41300.0,40600.0,40650.0,2956.0
2026-07-15 10:40:00+09:00,40600.0,40600.0,39600.0,40000.0,4981.0
2026-07-15 10:50:00+09:00,40000.0,40150.0,39700.0,40150.0,3269.0
2026-07-15 11:00:00+09:00,40150.0,40350.0,39850.0,40100.0,3998.0
2026-07-15 11:10:00+09:00,40200.0,40200.0,39700.0,39800.0,3061.0
2026-07-15 11:20:00+09:00,39700.0,39750.0,39300.0,39550.0,4933.0
2026-07-15 11:30:00+09:00,39550.0,39800.0,39300.0,39800.0,3499.0
2026-07-15 11:40:00+09:00,39800.0,39800.0,39400.0,39600.0,3114.0
2026-07-15 11:50:00+09:00,39600.0,39600.0,39150.0,39350.0,3271.0
2026-07-15 12:00:00+09:00,39300.0,39500.0,39100.0,39300.0,3398.0
2026-07-15 12:10:00+09:00,39350.0,39500.0,39100.0,39400.0,2845.0
2026-07-15 12:20:00+09:00,39400.0,39600.0,39100.0,39450.0,4267.0
2026-07-15 12:30:00+09:00,39450.0,39700.0,39200.0,39550.0,3941.0
2026-07-15 12:40:00+09:00,39550.0,39600.0,39250.0,39550.0,3623.0
2026-07-15 12:50:00+09:00,39550.0,39900.0,39350.0,39600.0,4229.0
2026-07-15 13:00:00+09:00,39650.0,39850.0,39400.0,39650.0,4743.0
2026-07-15 13:10:00+09:00,39600.0,40050.0,39500.0,40050.0,3830.0
2026-07-15 13:20:00+09:00,40050.0,40150.0,39750.0,39900.0,4263.0
2026-07-15 13:30:00+09:00,39900.0,39950.0,39450.0,39700.0,3453.0
2026-07-15 13:40:00+09:00,39800.0,40000.0,39400.0,39700.0,3633.0
2026-07-15 13:50:00+09:00,39700.0,40250.0,39450.0,40200.0,5434.0
2026-07-15 14:00:00+09:00,40250.0,40400.0,39800.0,40350.0,3560.0
2026-07-15 14:10:00+09:00,40350.0,40400.0,39800.0,40050.0,2922.0
2026-07-15 14:20:00+09:00,40100.0,40100.0,39500.0,39550.0,2948.0
2026-07-15 14:30:00+09:00,39550.0,40000.0,39500.0,39950.0,2314.0
2026-07-15 14:40:00+09:00,40000.0,41300.0,39800.0,40150.0,3640.0
2026-07-15 14:50:00+09:00,40150.0,40350.0,40000.0,40350.0,1639.0
2026-07-16 09:00:00+09:00,38250.0,39150.0,38250.0,38850.0,1522.0
2026-07-16 09:10:00+09:00,38600.0,38800.0,37500.0,37500.0,7803.0
2026-07-16 09:20:00+09:00,37500.0,37950.0,37350.0,37850.0,1902.0
2026-07-16 09:30:00+09:00,37850.0,37850.0,37200.0,37200.0,5143.0
2026-07-16 09:40:00+09:00,37200.0,37500.0,37100.0,37400.0,619.0
2026-07-16 09:50:00+09:00,37400.0,37450.0,37150.0,37250.0,803.0
2026-07-16 10:00:00+09:00,37150.0,37400.0,36950.0,36950.0,1478.0
2026-07-16 10:10:00+09:00,37000.0,37050.0,36650.0,36850.0,3945.0
2026-07-16 10:20:00+09:00,36950.0,36950.0,36700.0,36800.0,626.0
2026-07-16 10:30:00+09:00,36700.0,37050.0,36650.0,37050.0,568.0
2026-07-16 10:40:00+09:00,37050.0,37200.0,36750.0,37100.0,574.0
2026-07-16 10:50:00+09:00,37200.0,37200.0,36800.0,36800.0,1278.0
2026-07-16 11:00:00+09:00,36700.0,36750.0,36500.0,36550.0,809.0
2026-07-16 11:10:00+09:00,36500.0,36800.0,36250.0,36800.0,1341.0
2026-07-16 11:20:00+09:00,36800.0,37050.0,36750.0,37050.0,262.0
2026-07-16 11:30:00+09:00,37050.0,37150.0,37050.0,37150.0,106.0
2026-07-16 11:40:00+09:00,37000.0,37000.0,36800.0,36900.0,425.0
2026-07-16 11:50:00+09:00,36900.0,37250.0,36850.0,36850.0,208.0
2026-07-16 12:00:00+09:00,36850.0,37000.0,36750.0,37000.0,1016.0
2026-07-16 12:10:00+09:00,36850.0,37050.0,36750.0,36750.0,240.0
2026-07-16 12:20:00+09:00,36700.0,36750.0,36600.0,36650.0,121.0
2026-07-16 12:30:00+09:00,36650.0,36750.0,36650.0,36700.0,184.0
2026-07-16 12:40:00+09:00,36750.0,36750.0,36250.0,36600.0,1336.0
2026-07-16 12:50:00+09:00,36600.0,37100.0,36500.0,37000.0,2313.0
2026-07-16 13:00:00+09:00,36950.0,37000.0,36750.0,36800.0,395.0
2026-07-16 13:10:00+09:00,37000.0,37600.0,36950.0,36950.0,180.0
2026-07-16 13:20:00+09:00,36950.0,37600.0,36850.0,36900.0,1208.0
2026-07-16 13:30:00+09:00,36850.0,36900.0,36800.0,36900.0,23.0
2026-07-16 13:40:00+09:00,36900.0,37000.0,36900.0,36950.0,124.0
2026-07-16 13:50:00+09:00,36950.0,37100.0,36950.0,37100.0,171.0
2026-07-16 14:00:00+09:00,37050.0,37350.0,37050.0,37250.0,240.0
2026-07-16 14:10:00+09:00,37150.0,37650.0,37150.0,37600.0,380.0
2026-07-16 14:20:00+09:00,37650.0,37800.0,37400.0,37550.0,861.0
2026-07-16 14:30:00+09:00,37550.0,39950.0,37550.0,37800.0,2570.0
2026-07-16 14:40:00+09:00,37750.0,37800.0,37400.0,37650.0,1931.0
2026-07-16 14:50:00+09:00,37700.0,37700.0,37400.0,37550.0,1967.0
2026-07-20 09:00:00+09:00,36150.0,37450.0,35950.0,37450.0,123.0
2026-07-20 09:10:00+09:00,37400.0,37500.0,36750.0,36800.0,901.0
2026-07-20 09:20:00+09:00,36850.0,37000.0,36600.0,36850.0,1297.0
2026-07-20 09:30:00+09:00,36850.0,36850.0,36500.0,36850.0,1181.0
2026-07-20 09:40:00+09:00,36800.0,36900.0,36300.0,36300.0,1334.0
2026-07-20 09:50:00+09:00,36300.0,36300.0,35600.0,35600.0,2738.0
2026-07-20 10:00:00+09:00,35650.0,35800.0,35550.0,35800.0,1132.0
2026-07-20 10:10:00+09:00,35900.0,36050.0,35600.0,35600.0,485.0
2026-07-20 10:20:00+09:00,35550.0,35850.0,35400.0,35400.0,560.0
2026-07-20 10:30:00+09:00,35500.0,35500.0,35200.0,35300.0,510.0
2026-07-20 10:40:00+09:00,35300.0,35300.0,35000.0,35150.0,1304.0
2026-07-20 10:50:00+09:00,35100.0,35100.0,34700.0,34800.0,570.0
2026-07-20 11:00:00+09:00,34800.0,35300.0,34800.0,35300.0,158.0
2026-07-20 11:10:00+09:00,35150.0,35150.0,34650.0,34700.0,2111.0
2026-07-20 11:20:00+09:00,34700.0,34700.0,34400.0,34400.0,1761.0
2026-07-20 11:30:00+09:00,34450.0,34800.0,34350.0,34700.0,968.0
2026-07-20 11:40:00+09:00,34700.0,34900.0,34550.0,34850.0,562.0
2026-07-20 11:50:00+09:00,34750.0,35500.0,34750.0,35300.0,6316.0
2026-07-20 12:00:00+09:00,35250.0,35300.0,34950.0,34950.0,575.0
2026-07-20 12:10:00+09:00,35050.0,35250.0,34950.0,35050.0,78.0
2026-07-20 12:20:00+09:00,34950.0,35000.0,34900.0,34900.0,175.0
2026-07-20 12:30:00+09:00,34900.0,34900.0,34800.0,34850.0,36.0
2026-07-20 12:40:00+09:00,34850.0,35200.0,34800.0,35200.0,266.0
2026-07-20 12:50:00+09:00,35200.0,35500.0,35100.0,35100.0,99.0
2026-07-20 13:00:00+09:00,35250.0,35450.0,35100.0,35200.0,666.0
2026-07-20 13:10:00+09:00,35200.0,35250.0,34700.0,34750.0,2324.0
2026-07-20 13:20:00+09:00,34800.0,35300.0,34800.0,35200.0,757.0
2026-07-20 13:30:00+09:00,35200.0,35750.0,34750.0,35750.0,2053.0
2026-07-20 13:40:00+09:00,35600.0,35750.0,35400.0,35700.0,592.0
2026-07-20 13:50:00+09:00,35700.0,35750.0,35400.0,35400.0,221.0
2026-07-20 14:00:00+09:00,35400.0,35400.0,35100.0,35100.0,554.0
2026-07-20 14:10:00+09:00,35050.0,35050.0,34950.0,34950.0,196.0
2026-07-20 14:20:00+09:00,34950.0,35250.0,34950.0,35100.0,483.0
2026-07-20 14:30:00+09:00,35100.0,35200.0,35050.0,35200.0,405.0
2026-07-20 14:40:00+09:00,35050.0,35200.0,34900.0,35050.0,1265.0
2026-07-20 14:50:00+09:00,34950.0,35250.0,34950.0,35200.0,327.0
2026-07-21 09:00:00+09:00,35500.0,35650.0,34000.0,34050.0,10392.0
2026-07-21 09:10:00+09:00,34250.0,34750.0,34150.0,34700.0,1165.0
2026-07-21 09:20:00+09:00,34400.0,35000.0,34300.0,34700.0,2520.0
2026-07-21 09:30:00+09:00,34550.0,35050.0,34400.0,35000.0,790.0
2026-07-21 09:40:00+09:00,35050.0,35500.0,34900.0,35500.0,1695.0
2026-07-21 09:50:00+09:00,35400.0,35400.0,34400.0,34450.0,1492.0
2026-07-21 10:00:00+09:00,34450.0,35250.0,34450.0,35050.0,701.0
2026-07-21 10:10:00+09:00,34950.0,35050.0,34700.0,34700.0,917.0
2026-07-21 10:20:00+09:00,34750.0,34850.0,34550.0,34800.0,446.0
2026-07-21 10:30:00+09:00,34700.0,35200.0,34700.0,35050.0,1447.0
2026-07-21 10:40:00+09:00,35000.0,35100.0,34750.0,34750.0,681.0
2026-07-21 10:50:00+09:00,34700.0,34850.0,34350.0,34400.0,1300.0
2026-07-21 11:00:00+09:00,34450.0,34750.0,34400.0,34400.0,528.0
2026-07-21 11:10:00+09:00,34450.0,34450.0,34200.0,34250.0,535.0
2026-07-21 11:20:00+09:00,34150.0,34250.0,34000.0,34050.0,1453.0
2026-07-21 11:30:00+09:00,34050.0,34650.0,34050.0,34650.0,395.0
2026-07-21 11:40:00+09:00,34650.0,35000.0,34650.0,35000.0,143.0
2026-07-21 11:50:00+09:00,35000.0,35050.0,34700.0,34850.0,966.0
2026-07-21 12:00:00+09:00,34950.0,35350.0,34950.0,35350.0,159.0
2026-07-21 12:10:00+09:00,35350.0,35350.0,35100.0,35250.0,801.0
2026-07-21 12:20:00+09:00,35300.0,35300.0,35050.0,35150.0,637.0
2026-07-21 12:30:00+09:00,35200.0,35400.0,35050.0,35400.0,341.0
2026-07-21 12:40:00+09:00,35450.0,35600.0,35300.0,35550.0,532.0
2026-07-21 12:50:00+09:00,35600.0,35800.0,35450.0,35700.0,743.0
2026-07-21 13:00:00+09:00,35750.0,35800.0,35550.0,35750.0,622.0
2026-07-21 13:10:00+09:00,35650.0,35800.0,35550.0,35800.0,328.0
2026-07-21 13:20:00+09:00,35800.0,36850.0,35800.0,36200.0,5301.0
2026-07-21 13:30:00+09:00,36200.0,36300.0,35900.0,36050.0,1570.0
2026-07-21 13:40:00+09:00,36050.0,36100.0,35950.0,36050.0,1361.0
2026-07-21 13:50:00+09:00,36050.0,36050.0,35700.0,35800.0,1321.0
2026-07-21 14:00:00+09:00,35800.0,35850.0,35600.0,35800.0,1806.0
2026-07-21 14:10:00+09:00,35800.0,35800.0,35200.0,35350.0,1086.0
2026-07-21 14:20:00+09:00,35400.0,35900.0,35250.0,35750.0,634.0
2026-07-21 14:30:00+09:00,35850.0,35850.0,35550.0,35800.0,914.0
2026-07-21 14:40:00+09:00,35700.0,36200.0,35650.0,36150.0,1300.0
2026-07-21 14:50:00+09:00,36100.0,36150.0,35700.0,35900.0,875.0
2026-07-22 09:00:00+09:00,37050.0,38000.0,36900.0,37750.0,2560.0
2026-07-22 09:10:00+09:00,37650.0,37650.0,37000.0,37150.0,3866.0
2026-07-22 09:20:00+09:00,37200.0,37250.0,36950.0,36950.0,640.0
2026-07-22 09:30:00+09:00,37050.0,37050.0,36850.0,36950.0,1429.0
2026-07-22 09:40:00+09:00,36900.0,36950.0,36650.0,36800.0,1510.0
2026-07-22 09:50:00+09:00,36750.0,37000.0,36700.0,36950.0,1403.0
2026-07-22 10:00:00+09:00,36800.0,37500.0,36750.0,36950.0,1459.0
2026-07-22 10:10:00+09:00,36900.0,36900.0,36700.0,36750.0,776.0
2026-07-22 10:20:00+09:00,36700.0,36750.0,36450.0,36500.0,3303.0
2026-07-22 10:30:00+09:00,36450.0,36800.0,36450.0,36700.0,853.0
2026-07-22 10:40:00+09:00,36750.0,37250.0,36500.0,36850.0,1233.0
2026-07-22 10:50:00+09:00,37100.0,37100.0,36550.0,36550.0,413.0
2026-07-22 11:00:00+09:00,36550.0,36600.0,36400.0,36400.0,679.0
2026-07-22 11:10:00+09:00,36400.0,36400.0,36250.0,36350.0,696.0
2026-07-22 11:20:00+09:00,36350.0,36750.0,36300.0,36750.0,748.0
2026-07-22 11:30:00+09:00,36550.0,36550.0,36250.0,36300.0,657.0
2026-07-22 11:40:00+09:00,36250.0,36300.0,36100.0,36150.0,1201.0
2026-07-22 11:50:00+09:00,36150.0,36200.0,36050.0,36100.0,811.0
2026-07-22 12:00:00+09:00,36100.0,36100.0,36000.0,36000.0,350.0
2026-07-22 12:10:00+09:00,36000.0,36000.0,35700.0,35850.0,811.0
2026-07-22 12:20:00+09:00,35850.0,36200.0,35850.0,36050.0,694.0
2026-07-22 12:30:00+09:00,36200.0,36300.0,35950.0,36100.0,643.0
2026-07-22 12:40:00+09:00,36000.0,36350.0,35950.0,36350.0,1688.0
2026-07-22 12:50:00+09:00,36250.0,36500.0,36050.0,36100.0,742.0
2026-07-22 13:00:00+09:00,36100.0,36350.0,36050.0,36100.0,619.0
2026-07-22 13:10:00+09:00,36250.0,36400.0,36150.0,36400.0,610.0
2026-07-22 13:20:00+09:00,36400.0,36500.0,36200.0,36450.0,753.0
2026-07-22 13:30:00+09:00,36400.0,36500.0,36250.0,36300.0,532.0
2026-07-22 13:40:00+09:00,36250.0,36300.0,36000.0,36100.0,647.0
2026-07-22 13:50:00+09:00,36150.0,36150.0,35800.0,35900.0,643.0
2026-07-22 14:00:00+09:00,35900.0,36050.0,35700.0,35750.0,882.0
2026-07-22 14:10:00+09:00,35750.0,35800.0,35550.0,35600.0,904.0
2026-07-22 14:20:00+09:00,35600.0,36000.0,35550.0,35600.0,560.0
2026-07-22 14:30:00+09:00,35600.0,35900.0,35550.0,35550.0,793.0
2026-07-22 14:40:00+09:00,35500.0,35500.0,35250.0,35500.0,1297.0
2026-07-22 14:50:00+09:00,35350.0,36000.0,35350.0,35600.0,1569.0
2026-07-23 09:00:00+09:00,35300.0,36350.0,35300.0,35750.0,2047.0
2026-07-23 09:10:00+09:00,35750.0,36250.0,35500.0,36250.0,2346.0
2026-07-23 09:20:00+09:00,36000.0,36250.0,35950.0,36100.0,498.0
2026-07-23 09:30:00+09:00,36100.0,36200.0,35950.0,36050.0,466.0
2026-07-23 09:40:00+09:00,36000.0,36350.0,36000.0,36350.0,1580.0
2026-07-23 09:50:00+09:00,36300.0,36300.0,36100.0,36300.0,352.0
2026-07-23 10:00:00+09:00,36200.0,36200.0,35850.0,36000.0,649.0
2026-07-23 10:10:00+09:00,36000.0,36200.0,35900.0,35900.0,1798.0
2026-07-23 10:20:00+09:00,35850.0,35950.0,35700.0,35800.0,1027.0
2026-07-23 10:30:00+09:00,35800.0,35850.0,35550.0,35850.0,405.0
2026-07-23 10:40:00+09:00,35800.0,35800.0,35200.0,35200.0,2050.0
2026-07-23 10:50:00+09:00,35250.0,35350.0,35100.0,35100.0,1577.0
2026-07-23 11:00:00+09:00,35050.0,35350.0,35000.0,35300.0,489.0
2026-07-23 11:10:00+09:00,35300.0,35350.0,35150.0,35200.0,472.0
2026-07-23 11:20:00+09:00,35250.0,35350.0,34850.0,35100.0,741.0
2026-07-23 11:30:00+09:00,35100.0,35100.0,34700.0,34700.0,378.0
2026-07-23 11:40:00+09:00,34750.0,35200.0,34750.0,35200.0,175.0
2026-07-23 11:50:00+09:00,35150.0,35400.0,35150.0,35250.0,366.0
2026-07-23 12:00:00+09:00,35350.0,35350.0,35150.0,35250.0,451.0
2026-07-23 12:10:00+09:00,35200.0,35200.0,35050.0,35150.0,131.0
2026-07-23 12:20:00+09:00,35150.0,35350.0,35150.0,35200.0,197.0
2026-07-23 12:30:00+09:00,35300.0,35450.0,35300.0,35400.0,140.0
2026-07-23 12:40:00+09:00,35400.0,35500.0,35300.0,35500.0,350.0
2026-07-23 12:50:00+09:00,35500.0,35700.0,35500.0,35700.0,210.0
2026-07-23 13:00:00+09:00,35700.0,35700.0,35150.0,35250.0,428.0
2026-07-23 13:10:00+09:00,35250.0,35550.0,35200.0,35550.0,548.0
2026-07-23 13:20:00+09:00,35500.0,35600.0,35500.0,35550.0,455.0
2026-07-23 13:30:00+09:00,35550.0,35700.0,35550.0,35600.0,95.0
2026-07-23 13:40:00+09:00,35600.0,35650.0,35300.0,35450.0,622.0
2026-07-23 13:50:00+09:00,35450.0,35700.0,35350.0,35400.0,235.0
2026-07-23 14:00:00+09:00,35350.0,35450.0,35250.0,35350.0,321.0
2026-07-23 14:10:00+09:00,35350.0,35350.0,35150.0,35300.0,469.0
2026-07-23 14:20:00+09:00,35250.0,35500.0,35250.0,35500.0,281.0
2026-07-23 14:30:00+09:00,35450.0,35700.0,35350.0,35550.0,1029.0
2026-07-23 14:40:00+09:00,35600.0,35800.0,35500.0,35800.0,826.0
2026-07-23 14:50:00+09:00,35650.0,35750.0,35500.0,35750.0,978.0
2026-07-24 09:00:00+09:00,35100.0,35250.0,34200.0,34250.0,1766.0
2026-07-24 09:10:00+09:00,34250.0,35000.0,34150.0,34750.0,2222.0
2026-07-24 09:20:00+09:00,34650.0,35050.0,34600.0,34750.0,512.0
2026-07-24 09:30:00+09:00,34700.0,34800.0,34500.0,34600.0,808.0
2026-07-24 09:40:00+09:00,34550.0,34850.0,34550.0,34700.0,796.0
2026-07-24 09:50:00+09:00,34700.0,34950.0,34550.0,34750.0,1311.0
2026-07-24 10:00:00+09:00,34750.0,35250.0,34700.0,35200.0,547.0
2026-07-24 10:10:00+09:00,35200.0,35250.0,34650.0,34900.0,1264.0
2026-07-24 10:20:00+09:00,34900.0,35300.0,34800.0,35200.0,672.0
2026-07-24 10:30:00+09:00,35150.0,35200.0,34900.0,35100.0,729.0
2026-07-24 10:40:00+09:00,35100.0,35200.0,34750.0,34750.0,726.0
2026-07-24 10:50:00+09:00,34800.0,34950.0,34650.0,34800.0,233.0
2026-07-24 11:00:00+09:00,34800.0,34850.0,34500.0,34750.0,564.0
2026-07-24 11:10:00+09:00,34750.0,35000.0,34550.0,34700.0,434.0
2026-07-24 11:20:00+09:00,34650.0,34750.0,34450.0,34450.0,681.0
2026-07-24 11:30:00+09:00,34550.0,34550.0,34000.0,34150.0,2107.0
2026-07-24 11:40:00+09:00,34100.0,34200.0,33900.0,34200.0,529.0
2026-07-24 11:50:00+09:00,34200.0,34200.0,33900.0,33900.0,636.0
2026-07-24 12:00:00+09:00,34050.0,34200.0,33800.0,33900.0,530.0
2026-07-24 12:10:00+09:00,33900.0,34050.0,33800.0,34050.0,318.0
2026-07-24 12:20:00+09:00,34000.0,34200.0,33850.0,34000.0,489.0
2026-07-24 12:30:00+09:00,33950.0,34000.0,33800.0,33950.0,552.0
2026-07-24 12:40:00+09:00,33950.0,33950.0,33800.0,33950.0,308.0
2026-07-24 12:50:00+09:00,33950.0,33950.0,33550.0,33600.0,633.0
2026-07-24 13:00:00+09:00,33600.0,33800.0,33500.0,33800.0,426.0
2026-07-24 13:10:00+09:00,33800.0,33850.0,33500.0,33600.0,870.0
2026-07-24 13:20:00+09:00,33500.0,33800.0,33450.0,33750.0,4109.0
2026-07-24 13:30:00+09:00,33800.0,33800.0,33600.0,33750.0,401.0
2026-07-24 13:40:00+09:00,33750.0,33750.0,33400.0,33450.0,882.0
2026-07-24 13:50:00+09:00,33450.0,33800.0,33350.0,33750.0,613.0
2026-07-24 14:00:00+09:00,33750.0,33850.0,33450.0,33750.0,2078.0
2026-07-24 14:10:00+09:00,33700.0,33950.0,33550.0,33750.0,686.0
2026-07-24 14:20:00+09:00,33750.0,34000.0,33550.0,33750.0,798.0
2026-07-24 14:30:00+09:00,33800.0,33900.0,33600.0,33900.0,577.0
2026-07-24 14:40:00+09:00,34000.0,34050.0,33600.0,33850.0,699.0
2026-07-24 14:50:00+09:00,33800.0,33800.0,33400.0,33600.0,1202.0
2026-07-27 09:00:00+09:00,34100.0,34450.0,33850.0,33950.0,344.0
2026-07-27 09:10:00+09:00,33950.0,34650.0,33750.0,34150.0,1778.0
2026-07-27 09:20:00+09:00,34150.0,34750.0,34150.0,34650.0,1133.0
2026-07-27 09:30:00+09:00,34700.0,34750.0,34150.0,34150.0,432.0
2026-07-27 09:40:00+09:00,34100.0,34650.0,34050.0,34650.0,1222.0
2026-07-27 09:50:00+09:00,34650.0,34750.0,34300.0,34300.0,386.0
2026-07-27 10:00:00+09:00,34350.0,34450.0,34100.0,34150.0,627.0
2026-07-27 10:10:00+09:00,34100.0,34150.0,33650.0,33650.0,879.0
2026-07-27 10:20:00+09:00,33750.0,33900.0,33300.0,33450.0,874.0
2026-07-27 10:30:00+09:00,33550.0,34000.0,33450.0,33800.0,624.0
2026-07-27 10:40:00+09:00,33800.0,33900.0,33500.0,33550.0,737.0
2026-07-27 10:50:00+09:00,33600.0,33750.0,33400.0,33750.0,659.0
2026-07-27 11:00:00+09:00,33800.0,33800.0,33450.0,33450.0,1060.0
2026-07-27 11:10:00+09:00,33500.0,33900.0,33400.0,33650.0,293.0
2026-07-27 11:20:00+09:00,33650.0,33800.0,33600.0,33800.0,134.0
2026-07-27 11:30:00+09:00,33800.0,33800.0,33600.0,33700.0,427.0
2026-07-27 11:40:00+09:00,33700.0,33750.0,33500.0,33500.0,236.0
2026-07-27 11:50:00+09:00,33600.0,33650.0,33600.0,33650.0,182.0
2026-07-27 12:00:00+09:00,33600.0,33700.0,33500.0,33500.0,247.0
2026-07-27 12:10:00+09:00,33500.0,34000.0,33350.0,33950.0,686.0
2026-07-27 12:20:00+09:00,33950.0,34100.0,33950.0,33950.0,506.0
2026-07-27 12:30:00+09:00,33900.0,33900.0,33750.0,33800.0,185.0
2026-07-27 12:40:00+09:00,33700.0,33850.0,33700.0,33700.0,243.0
2026-07-27 12:50:00+09:00,33600.0,33750.0,33550.0,33600.0,239.0
2026-07-27 13:00:00+09:00,33550.0,33700.0,33500.0,33700.0,91.0
2026-07-27 13:10:00+09:00,33650.0,33950.0,33650.0,33950.0,366.0
2026-07-27 13:20:00+09:00,33950.0,34300.0,33850.0,33850.0,450.0
2026-07-27 13:30:00+09:00,33750.0,33900.0,33700.0,33900.0,471.0
2026-07-27 13:40:00+09:00,33900.0,34100.0,33900.0,34100.0,114.0
2026-07-27 13:50:00+09:00,34000.0,34050.0,33900.0,33900.0,238.0
2026-07-27 14:00:00+09:00,33850.0,34000.0,33800.0,34000.0,194.0
2026-07-27 14:10:00+09:00,34000.0,34100.0,33900.0,33900.0,269.0
2026-07-27 14:20:00+09:00,33900.0,34150.0,33900.0,34050.0,348.0
2026-07-27 14:30:00+09:00,33950.0,34050.0,33900.0,34000.0,546.0
2026-07-27 14:40:00+09:00,34000.0,34050.0,33900.0,33900.0,675.0
2026-07-27 14:50:00+09:00,33900.0,33900.0,33750.0,33750.0,333.0
2026-07-28 09:00:00+09:00,31800.0,32600.0,31350.0,31350.0,3174.0
2026-07-28 09:10:00+09:00,31400.0,32350.0,31100.0,32350.0,2204.0
2026-07-28 09:20:00+09:00,32250.0,32250.0,31950.0,32150.0,1756.0
2026-07-28 09:30:00+09:00,32050.0,32200.0,31700.0,31950.0,1472.0
2026-07-28 09:40:00+09:00,31950.0,31950.0,31600.0,31850.0,1988.0
2026-07-28 09:50:00+09:00,31850.0,31850.0,31600.0,31750.0,711.0
2026-07-28 10:00:00+09:00,31750.0,32100.0,31600.0,31700.0,1638.0
2026-07-28 10:10:00+09:00,31650.0,31850.0,31450.0,31850.0,949.0
2026-07-28 10:20:00+09:00,31750.0,32100.0,31750.0,31950.0,643.0
2026-07-28 10:30:00+09:00,31950.0,32100.0,31750.0,32050.0,1373.0
2026-07-28 10:40:00+09:00,32050.0,32050.0,31650.0,32000.0,2542.0
2026-07-28 10:50:00+09:00,32050.0,32050.0,31450.0,31650.0,1199.0
2026-07-28 11:00:00+09:00,31650.0,31650.0,31100.0,31350.0,1919.0
2026-07-28 11:10:00+09:00,31350.0,31550.0,31150.0,31550.0,2113.0
2026-07-28 11:20:00+09:00,31550.0,31750.0,31300.0,31500.0,1454.0
2026-07-28 11:30:00+09:00,31450.0,31500.0,31250.0,31350.0,932.0
2026-07-28 11:40:00+09:00,31300.0,31500.0,31150.0,31300.0,918.0
2026-07-28 11:50:00+09:00,31250.0,31600.0,31200.0,31400.0,1081.0
2026-07-28 12:00:00+09:00,31400.0,31400.0,31300.0,31300.0,75.0
2026-07-28 12:30:00+09:00,31350.0,31450.0,31050.0,31350.0,2345.0
2026-07-28 12:40:00+09:00,31400.0,31700.0,31350.0,31700.0,1035.0
2026-07-28 12:50:00+09:00,31700.0,31850.0,31600.0,31800.0,947.0
2026-07-28 13:00:00+09:00,31800.0,31850.0,31350.0,31600.0,855.0
2026-07-28 13:10:00+09:00,31600.0,31750.0,31450.0,31700.0,806.0
2026-07-28 13:20:00+09:00,31750.0,31750.0,31200.0,31450.0,1243.0
2026-07-28 13:30:00+09:00,31450.0,31600.0,31300.0,31550.0,865.0
2026-07-28 13:40:00+09:00,31600.0,31700.0,31400.0,31550.0,1417.0
2026-07-28 13:50:00+09:00,31600.0,31650.0,31400.0,31600.0,1282.0
2026-07-28 14:00:00+09:00,31600.0,31750.0,31350.0,31450.0,1242.0
2026-07-28 14:10:00+09:00,31550.0,31650.0,31400.0,31450.0,888.0
2026-07-28 14:20:00+09:00,31450.0,31450.0,31000.0,31050.0,1357.0
2026-07-28 14:30:00+09:00,31050.0,31100.0,30700.0,30950.0,2023.0
2026-07-28 14:40:00+09:00,30950.0,31000.0,30750.0,30900.0,1455.0
2026-07-28 14:50:00+09:00,30850.0,31250.0,30850.0,30900.0,2127.0
2026-07-29 09:00:00+09:00,30650.0,31350.0,30650.0,30850.0,427.0
2026-07-29 09:10:00+09:00,30800.0,30900.0,30400.0,30800.0,961.0
2026-07-29 09:20:00+09:00,30700.0,30750.0,29800.0,29800.0,2265.0
2026-07-29 09:30:00+09:00,29750.0,29800.0,29400.0,29600.0,1481.0
2026-07-29 09:40:00+09:00,29650.0,29650.0,29350.0,29550.0,1443.0
2026-07-29 09:50:00+09:00,29450.0,29600.0,29200.0,29200.0,2774.0
2026-07-29 10:00:00+09:00,29200.0,29600.0,29000.0,29250.0,976.0
2026-07-29 10:10:00+09:00,29100.0,29200.0,28700.0,28750.0,5947.0
2026-07-29 10:20:00+09:00,28750.0,29100.0,28750.0,29000.0,1750.0
2026-07-29 10:30:00+09:00,28900.0,28900.0,28400.0,28400.0,1613.0
2026-07-29 10:40:00+09:00,28450.0,28450.0,27750.0,27750.0,7885.0
2026-07-29 10:50:00+09:00,27750.0,27850.0,27200.0,27200.0,14637.0
2026-07-29 11:00:00+09:00,27100.0,27250.0,26400.0,26400.0,13614.0
2026-07-29 11:10:00+09:00,26550.0,26800.0,26050.0,26100.0,11326.0
2026-07-29 11:20:00+09:00,26100.0,26400.0,25950.0,26200.0,6720.0
2026-07-29 11:30:00+09:00,26250.0,26300.0,25600.0,25950.0,2576.0
2026-07-29 11:40:00+09:00,25950.0,25950.0,25550.0,25700.0,1679.0
2026-07-29 11:50:00+09:00,25700.0,25750.0,25400.0,25500.0,8039.0
2026-07-29 12:00:00+09:00,25450.0,25850.0,25150.0,25850.0,7659.0
2026-07-29 12:10:00+09:00,25850.0,26200.0,25150.0,25300.0,3891.0
2026-07-29 12:40:00+09:00,25050.0,25050.0,24750.0,24850.0,1521.0
2026-07-29 12:50:00+09:00,24800.0,25250.0,24600.0,25050.0,4336.0
2026-07-29 13:00:00+09:00,25000.0,25150.0,24650.0,24700.0,6514.0
2026-07-29 13:10:00+09:00,24750.0,24950.0,24300.0,24450.0,2825.0
2026-07-29 13:20:00+09:00,24550.0,24850.0,24450.0,24500.0,3746.0
2026-07-29 13:30:00+09:00,24500.0,24800.0,24300.0,24650.0,3444.0
2026-07-29 13:40:00+09:00,24650.0,24650.0,24000.0,24350.0,6046.0
2026-07-29 13:50:00+09:00,24350.0,25150.0,24200.0,25150.0,7197.0
2026-07-29 14:00:00+09:00,25150.0,25600.0,25050.0,25400.0,4346.0
2026-07-29 14:10:00+09:00,25350.0,25600.0,25100.0,25200.0,2752.0
2026-07-29 14:20:00+09:00,25250.0,26350.0,25250.0,26250.0,5285.0
2026-07-29 14:30:00+09:00,25900.0,26200.0,25600.0,26150.0,2183.0
2026-07-29 14:40:00+09:00,26000.0,26150.0,25950.0,26000.0,3282.0
2026-07-29 14:50:00+09:00,26000.0,26050.0,25650.0,25750.0,3725.0
2026-07-30 09:00:00+09:00,23500.0,25900.0,23500.0,25800.0,5983.0
2026-07-30 09:10:00+09:00,25850.0,26200.0,25150.0,25500.0,2025.0
2026-07-30 09:20:00+09:00,25400.0,25450.0,24850.0,25450.0,3493.0
2026-07-30 09:30:00+09:00,25300.0,25300.0,24550.0,24650.0,1959.0
2026-07-30 09:40:00+09:00,24650.0,24800.0,24100.0,24400.0,3158.0
2026-07-30 09:50:00+09:00,24350.0,24450.0,24150.0,24400.0,1003.0
2026-07-30 10:00:00+09:00,24400.0,25450.0,24400.0,25200.0,2489.0
2026-07-30 10:10:00+09:00,25150.0,25150.0,24700.0,25050.0,1068.0
2026-07-30 10:20:00+09:00,25050.0,25750.0,25050.0,25600.0,1905.0
2026-07-30 10:30:00+09:00,25550.0,26350.0,25550.0,26250.0,2068.0
2026-07-30 10:40:00+09:00,26200.0,26700.0,26200.0,26550.0,3032.0
2026-07-30 10:50:00+09:00,26700.0,26900.0,26200.0,26250.0,1335.0
2026-07-30 11:00:00+09:00,26300.0,26400.0,25900.0,26300.0,1559.0
2026-07-30 11:10:00+09:00,26300.0,26300.0,25700.0,25850.0,3824.0
2026-07-30 11:20:00+09:00,25850.0,25900.0,25500.0,25650.0,2367.0
2026-07-30 11:30:00+09:00,25650.0,25650.0,25350.0,25450.0,953.0
2026-07-30 11:40:00+09:00,25450.0,25600.0,25400.0,25500.0,597.0
2026-07-30 11:50:00+09:00,25500.0,25550.0,25200.0,25200.0,687.0
2026-07-30 12:00:00+09:00,25300.0,25450.0,25050.0,25050.0,841.0
2026-07-30 12:10:00+09:00,25100.0,25150.0,24850.0,24900.0,625.0
2026-07-30 12:20:00+09:00,24900.0,25100.0,24900.0,25000.0,325.0
2026-07-30 12:30:00+09:00,25000.0,25450.0,24900.0,25250.0,1379.0
2026-07-30 12:40:00+09:00,25250.0,25700.0,25100.0,25700.0,681.0
2026-07-30 12:50:00+09:00,25450.0,25650.0,25300.0,25300.0,417.0
2026-07-30 13:00:00+09:00,25250.0,25350.0,25150.0,25150.0,430.0
2026-07-30 13:10:00+09:00,25150.0,25250.0,24750.0,25100.0,2501.0
2026-07-30 13:20:00+09:00,25100.0,25400.0,25050.0,25400.0,655.0
2026-07-30 13:30:00+09:00,25400.0,25500.0,25250.0,25350.0,586.0
2026-07-30 13:40:00+09:00,25350.0,25450.0,25150.0,25150.0,851.0
2026-07-30 13:50:00+09:00,25250.0,25250.0,25050.0,25050.0,267.0
2026-07-30 14:00:00+09:00,25150.0,25400.0,25050.0,25300.0,711.0
2026-07-30 14:10:00+09:00,25250.0,25300.0,24850.0,25100.0,3626.0
2026-07-30 14:20:00+09:00,25100.0,25450.0,25100.0,25200.0,698.0
2026-07-30 14:30:00+09:00,25200.0,25300.0,25050.0,25050.0,1152.0
2026-07-30 14:40:00+09:00,25150.0,25550.0,25050.0,25150.0,1133.0
2026-07-30 14:50:00+09:00,25150.0,25500.0,25000.0,25050.0,1702.0
2026-07-31 09:00:00+09:00,26550.0,27850.0,26550.0,27150.0,4887.0
2026-07-31 09:10:00+09:00,27150.0,28300.0,27000.0,27550.0,6118.0
2026-07-31 09:20:00+09:00,27500.0,28150.0,27350.0,28000.0,4839.0
2026-07-31 09:30:00+09:00,28000.0,28500.0,27950.0,28450.0,6500.0
2026-07-31 09:40:00+09:00,28450.0,28450.0,28000.0,28100.0,3403.0
2026-07-31 09:50:00+09:00,28150.0,28600.0,27900.0,28600.0,5111.0
2026-07-31 10:00:00+09:00,28600.0,28700.0,28100.0,28350.0,5435.0
2026-07-31 10:10:00+09:00,28400.0,28450.0,27850.0,28150.0,3905.0
2026-07-31 10:20:00+09:00,28100.0,28700.0,27700.0,28300.0,11369.0
2026-07-31 10:30:00+09:00,28350.0,28700.0,28050.0,28350.0,6327.0
2026-07-31 10:40:00+09:00,28450.0,28500.0,27900.0,28200.0,6373.0
2026-07-31 10:50:00+09:00,28250.0,28500.0,27850.0,28450.0,6244.0
2026-07-31 11:00:00+09:00,28400.0,28800.0,28000.0,28550.0,6146.0
2026-07-31 11:10:00+09:00,28650.0,28650.0,27750.0,28150.0,6517.0
2026-07-31 11:20:00+09:00,28150.0,28550.0,27900.0,28500.0,5293.0
2026-07-31 11:30:00+09:00,28400.0,28650.0,28200.0,28650.0,4306.0
2026-07-31 11:40:00+09:00,28650.0,28800.0,28350.0,28700.0,5707.0
2026-07-31 11:50:00+09:00,28700.0,28900.0,28500.0,28850.0,6739.0
2026-07-31 12:00:00+09:00,28850.0,28850.0,28350.0,28700.0,6249.0
2026-07-31 12:10:00+09:00,28700.0,28750.0,28400.0,28650.0,5164.0
2026-07-31 12:20:00+09:00,28650.0,28900.0,28500.0,28850.0,5291.0
2026-07-31 12:30:00+09:00,28850.0,28900.0,28450.0,28750.0,5722.0
2026-07-31 12:40:00+09:00,28750.0,28900.0,28400.0,28700.0,5448.0
2026-07-31 12:50:00+09:00,28650.0,28950.0,28450.0,28950.0,4398.0
2026-07-31 13:00:00+09:00,28950.0,29000.0,28600.0,28800.0,6599.0
2026-07-31 13:10:00+09:00,28750.0,29200.0,28600.0,29150.0,7441.0
2026-07-31 13:20:00+09:00,29150.0,29250.0,28000.0,28800.0,18934.0
2026-07-31 13:30:00+09:00,28750.0,29050.0,28200.0,28800.0,17347.0
2026-07-31 13:40:00+09:00,28850.0,29000.0,28400.0,28700.0,15871.0
2026-07-31 13:50:00+09:00,28750.0,28950.0,28150.0,28650.0,17028.0
2026-07-31 14:00:00+09:00,28650.0,29200.0,28250.0,29100.0,8345.0
2026-07-31 14:10:00+09:00,29100.0,29250.0,28950.0,29200.0,2437.0
2026-07-31 14:20:00+09:00,29200.0,29450.0,29100.0,29450.0,1930.0
2026-07-31 14:30:00+09:00,29450.0,29650.0,29200.0,29550.0,7936.0
2026-07-31 14:40:00+09:00,29550.0,29700.0,29300.0,29650.0,9500.0
2026-07-31 14:50:00+09:00,29650.0,29700.0,29300.0,29650.0,2563.0
2026-08-03 09:00:00+09:00,28550.0,29400.0,28200.0,28950.0,1019.0
2026-08-03 09:10:00+09:00,28900.0,29650.0,28750.0,29650.0,6218.0
2026-08-03 09:20:00+09:00,29700.0,30300.0,29550.0,29850.0,4621.0
2026-08-03 09:30:00+09:00,29900.0,30750.0,29800.0,30650.0,4191.0
2026-08-03 09:40:00+09:00,30550.0,32050.0,30550.0,31600.0,5023.0
2026-08-03 09:50:00+09:00,31550.0,31650.0,31200.0,31550.0,1795.0
2026-08-03 10:00:00+09:00,31400.0,31500.0,31100.0,31350.0,496.0
2026-08-03 10:10:00+09:00,31350.0,31350.0,30700.0,30850.0,3081.0
2026-08-03 10:20:00+09:00,30900.0,31200.0,30500.0,30700.0,2364.0
2026-08-03 10:30:00+09:00,30800.0,31200.0,30350.0,30900.0,2272.0
2026-08-03 10:40:00+09:00,30900.0,31200.0,30800.0,31000.0,815.0
2026-08-03 10:50:00+09:00,31000.0,31300.0,31000.0,31300.0,259.0
2026-08-03 11:00:00+09:00,31200.0,31350.0,30850.0,31000.0,674.0
2026-08-03 11:10:00+09:00,31050.0,31350.0,31000.0,31200.0,752.0
2026-08-03 11:20:00+09:00,31150.0,31150.0,30650.0,30700.0,546.0
2026-08-03 11:30:00+09:00,30800.0,31100.0,30800.0,30950.0,190.0
2026-08-03 11:40:00+09:00,30900.0,31100.0,30500.0,30650.0,854.0
2026-08-03 11:50:00+09:00,30750.0,30950.0,30450.0,30700.0,1611.0
2026-08-03 12:00:00+09:00,30750.0,30750.0,30550.0,30650.0,511.0
2026-08-03 12:10:00+09:00,30600.0,30750.0,30550.0,30700.0,48.0
2026-08-03 12:20:00+09:00,30700.0,30750.0,30350.0,30750.0,1442.0
2026-08-03 12:30:00+09:00,30600.0,30750.0,30600.0,30750.0,330.0
2026-08-03 12:40:00+09:00,30750.0,30900.0,30650.0,30900.0,399.0
2026-08-03 12:50:00+09:00,30700.0,30950.0,30550.0,30550.0,1205.0
2026-08-03 13:00:00+09:00,30750.0,30950.0,30450.0,30500.0,610.0
2026-08-03 13:10:00+09:00,30450.0,30500.0,30200.0,30400.0,1903.0
2026-08-03 13:20:00+09:00,30400.0,30500.0,30300.0,30350.0,498.0
2026-08-03 13:30:00+09:00,30400.0,30400.0,30050.0,30050.0,861.0
2026-08-03 13:40:00+09:00,30050.0,30250.0,30050.0,30200.0,358.0
2026-08-03 13:50:00+09:00,30250.0,30350.0,30100.0,30200.0,333.0
2026-08-03 14:00:00+09:00,30300.0,30450.0,29950.0,30450.0,3152.0
2026-08-03 14:10:00+09:00,30200.0,30300.0,29950.0,30050.0,657.0
2026-08-03 14:20:00+09:00,30050.0,30500.0,29950.0,30450.0,853.0
2026-08-03 14:30:00+09:00,30450.0,30450.0,30200.0,30350.0,228.0
2026-08-03 14:40:00+09:00,30500.0,30500.0,30200.0,30400.0,525.0
2026-08-03 14:50:00+09:00,30400.0,30400.0,30100.0,30200.0,1054.0
2026-08-04 09:00:00+09:00,30750.0,31950.0,30750.0,31550.0,2732.0
2026-08-04 09:10:00+09:00,31600.0,31600.0,30500.0,30600.0,2311.0
2026-08-04 09:20:00+09:00,30650.0,31250.0,30650.0,30750.0,1246.0
2026-08-04 09:30:00+09:00,30850.0,30900.0,30250.0,30400.0,3665.0
2026-08-04 09:40:00+09:00,30400.0,30650.0,30200.0,30550.0,1851.0
2026-08-04 09:50:00+09:00,30550.0,30750.0,30150.0,30250.0,312.0
2026-08-04 10:00:00+09:00,30150.0,30300.0,30000.0,30200.0,541.0
2026-08-04 10:10:00+09:00,30200.0,30450.0,30200.0,30300.0,559.0
2026-08-04 10:20:00+09:00,30300.0,30800.0,30300.0,30800.0,972.0
2026-08-04 10:30:00+09:00,30800.0,31300.0,30750.0,30800.0,1156.0
2026-08-04 10:40:00+09:00,30900.0,31200.0,30900.0,31100.0,507.0
2026-08-04 10:50:00+09:00,31000.0,31300.0,30900.0,31050.0,1315.0
2026-08-04 11:00:00+09:00,31100.0,31200.0,30700.0,30900.0,829.0
2026-08-04 11:10:00+09:00,30900.0,31050.0,30700.0,31000.0,932.0
2026-08-04 11:20:00+09:00,31100.0,31450.0,31050.0,31350.0,1590.0
2026-08-04 11:30:00+09:00,31350.0,31450.0,31250.0,31450.0,1431.0
2026-08-04 11:40:00+09:00,31450.0,31450.0,31050.0,31200.0,797.0
2026-08-04 11:50:00+09:00,31200.0,31300.0,31200.0,31200.0,461.0
2026-08-04 12:00:00+09:00,31200.0,31300.0,30900.0,31000.0,858.0
2026-08-04 12:10:00+09:00,31000.0,31100.0,30800.0,30800.0,833.0
2026-08-04 12:20:00+09:00,30900.0,31150.0,30900.0,30950.0,835.0
2026-08-04 12:30:00+09:00,31050.0,31250.0,31050.0,31150.0,795.0
2026-08-04 12:40:00+09:00,31100.0,31100.0,30800.0,30900.0,262.0
2026-08-04 12:50:00+09:00,30900.0,31000.0,30800.0,31000.0,408.0
2026-08-04 13:00:00+09:00,31000.0,31000.0,30800.0,30900.0,716.0
2026-08-04 13:10:00+09:00,30800.0,31000.0,30500.0,31000.0,1405.0
2026-08-04 13:20:00+09:00,31000.0,31050.0,30900.0,31000.0,582.0
2026-08-04 13:30:00+09:00,30900.0,30950.0,30750.0,30900.0,457.0
2026-08-04 13:40:00+09:00,30800.0,30950.0,30750.0,30850.0,347.0
2026-08-04 13:50:00+09:00,30850.0,30950.0,30200.0,30400.0,3320.0
2026-08-04 14:00:00+09:00,30400.0,30400.0,30000.0,30400.0,4440.0
2026-08-04 14:10:00+09:00,30400.0,30400.0,30100.0,30350.0,1350.0
2026-08-04 14:20:00+09:00,30300.0,30550.0,30300.0,30550.0,684.0
2026-08-04 14:30:00+09:00,30550.0,30700.0,30450.0,30600.0,1031.0
2026-08-04 14:40:00+09:00,30600.0,30850.0,30550.0,30850.0,3616.0
2026-08-04 14:50:00+09:00,30700.0,30950.0,30700.0,30950.0,1792.0
2026-08-05 09:00:00+09:00,34100.0,34200.0,32400.0,32400.0,11754.0
2026-08-05 09:10:00+09:00,32400.0,33000.0,32200.0,32950.0,3546.0
2026-08-05 09:20:00+09:00,32950.0,33250.0,32550.0,32750.0,1646.0
2026-08-05 09:30:00+09:00,32750.0,33100.0,32750.0,33100.0,2356.0
2026-08-05 09:40:00+09:00,32950.0,33150.0,32550.0,32650.0,1448.0
2026-08-05 09:50:00+09:00,32650.0,32900.0,32300.0,32600.0,2496.0
2026-08-05 10:00:00+09:00,32650.0,32900.0,32350.0,32800.0,1440.0
2026-08-05 10:10:00+09:00,32800.0,32950.0,32500.0,32500.0,966.0
2026-08-05 10:20:00+09:00,32500.0,32550.0,32250.0,32300.0,895.0
2026-08-05 10:30:00+09:00,32300.0,32500.0,32250.0,32450.0,670.0
2026-08-05 10:40:00+09:00,32350.0,32550.0,32250.0,32500.0,3781.0
2026-08-05 10:50:00+09:00,32450.0,32600.0,32450.0,32450.0,442.0
2026-08-05 11:00:00+09:00,32450.0,32750.0,32450.0,32600.0,1844.0
2026-08-05 11:10:00+09:00,32600.0,32650.0,32500.0,32600.0,267.0
2026-08-05 11:20:00+09:00,32600.0,32700.0,32500.0,32550.0,337.0
2026-08-05 11:30:00+09:00,32550.0,32600.0,32500.0,32550.0,207.0
2026-08-05 11:40:00+09:00,32600.0,32650.0,32500.0,32600.0,811.0
2026-08-05 11:50:00+09:00,32600.0,32600.0,32450.0,32500.0,828.0
2026-08-05 12:00:00+09:00,32500.0,32650.0,32450.0,32600.0,90.0
2026-08-05 12:10:00+09:00,32600.0,32600.0,32500.0,32500.0,18.0
2026-08-05 12:20:00+09:00,32500.0,32550.0,32300.0,32400.0,823.0
2026-08-05 12:30:00+09:00,32400.0,32400.0,32300.0,32300.0,532.0
2026-08-05 12:40:00+09:00,32300.0,32400.0,32300.0,32350.0,396.0
2026-08-05 12:50:00+09:00,32400.0,32450.0,32350.0,32400.0,117.0
2026-08-05 13:00:00+09:00,32400.0,32550.0,32350.0,32500.0,285.0
2026-08-05 13:10:00+09:00,32550.0,32600.0,32300.0,32300.0,406.0
2026-08-05 13:20:00+09:00,32350.0,32450.0,32200.0,32200.0,506.0
2026-08-05 13:30:00+09:00,32300.0,32500.0,32300.0,32400.0,155.0
2026-08-05 13:40:00+09:00,32300.0,32400.0,32250.0,32250.0,152.0
2026-08-05 13:50:00+09:00,32250.0,32300.0,32100.0,32250.0,657.0
2026-08-05 14:00:00+09:00,32300.0,32450.0,32150.0,32150.0,893.0
2026-08-05 14:10:00+09:00,32200.0,32400.0,32200.0,32350.0,354.0
2026-08-05 14:20:00+09:00,32350.0,32450.0,32350.0,32400.0,269.0
2026-08-05 14:30:00+09:00,32350.0,32350.0,32200.0,32350.0,1123.0
2026-08-05 14:40:00+09:00,32200.0,32500.0,32200.0,32500.0,226.0
2026-08-05 14:50:00+09:00,32300.0,32300.0,32200.0,32250.0,454.0
2026-08-06 09:00:00+09:00,32150.0,32300.0,31600.0,32200.0,3607.0
2026-08-06 09:10:00+09:00,32100.0,32100.0,31500.0,31550.0,2108.0
2026-08-06 09:20:00+09:00,31700.0,32000.0,31250.0,31300.0,2461.0
2026-08-06 09:30:00+09:00,31300.0,31450.0,31150.0,31150.0,1804.0
2026-08-06 09:40:00+09:00,31200.0,31550.0,31150.0,31250.0,712.0
2026-08-06 09:50:00+09:00,31200.0,31250.0,31050.0,31250.0,1157.0
2026-08-06 10:00:00+09:00,31200.0,31300.0,31050.0,31300.0,573.0
2026-08-06 10:10:00+09:00,31350.0,31500.0,31200.0,31250.0,637.0
2026-08-06 10:20:00+09:00,31150.0,31200.0,30700.0,30700.0,2687.0
2026-08-06 10:30:00+09:00,30750.0,31050.0,30700.0,30700.0,686.0
2026-08-06 10:40:00+09:00,30700.0,30950.0,30700.0,30900.0,540.0
2026-08-06 10:50:00+09:00,30900.0,30950.0,30800.0,30850.0,418.0
2026-08-06 11:00:00+09:00,30850.0,30950.0,30800.0,30900.0,156.0
2026-08-06 11:10:00+09:00,30850.0,31050.0,30850.0,31000.0,154.0
2026-08-06 11:20:00+09:00,31050.0,31500.0,30950.0,31300.0,1083.0
2026-08-06 11:30:00+09:00,31350.0,31650.0,31250.0,31550.0,454.0
2026-08-06 11:40:00+09:00,31550.0,31750.0,31500.0,31600.0,1212.0
2026-08-06 11:50:00+09:00,31600.0,31650.0,31500.0,31600.0,565.0
2026-08-06 12:00:00+09:00,31550.0,31750.0,31450.0,31500.0,871.0
2026-08-06 12:10:00+09:00,31500.0,31600.0,31400.0,31400.0,535.0
2026-08-06 12:20:00+09:00,31400.0,31450.0,31050.0,31050.0,2903.0
2026-08-06 12:30:00+09:00,31150.0,31300.0,31150.0,31300.0,497.0
2026-08-06 12:40:00+09:00,31250.0,31500.0,31150.0,31450.0,715.0
2026-08-06 12:50:00+09:00,31450.0,31500.0,31350.0,31450.0,212.0
2026-08-06 13:00:00+09:00,31450.0,31450.0,31250.0,31250.0,259.0
2026-08-06 13:10:00+09:00,31300.0,31800.0,31250.0,31300.0,360.0
2026-08-06 13:20:00+09:00,31300.0,31500.0,31200.0,31450.0,142.0
2026-08-06 13:30:00+09:00,31400.0,31700.0,31350.0,31500.0,227.0
2026-08-06 13:40:00+09:00,31450.0,31450.0,31350.0,31400.0,111.0
2026-08-06 13:50:00+09:00,31400.0,31600.0,31350.0,31600.0,231.0
2026-08-06 14:00:00+09:00,31500.0,31800.0,31500.0,31650.0,984.0
2026-08-06 14:10:00+09:00,31750.0,31750.0,31500.0,31500.0,106.0
2026-08-06 14:20:00+09:00,31600.0,31750.0,31600.0,31650.0,182.0
2026-08-06 14:30:00+09:00,31650.0,31750.0,31500.0,31500.0,900.0
2026-08-06 14:40:00+09:00,31550.0,31650.0,31300.0,31300.0,1691.0
2026-08-06 14:50:00+09:00,31300.0,31400.0,31200.0,31350.0,426.0
2026-08-07 09:00:00+09:00,31400.0,32050.0,31400.0,31800.0,1386.0
2026-08-07 09:10:00+09:00,31750.0,31750.0,31300.0,31350.0,753.0
2026-08-07 09:20:00+09:00,31350.0,31350.0,31000.0,31150.0,1694.0
2026-08-07 09:30:00+09:00,31150.0,31150.0,30850.0,30900.0,1678.0
2026-08-07 09:40:00+09:00,30950.0,30950.0,30400.0,30550.0,2101.0
2026-08-07 09:50:00+09:00,30550.0,30900.0,30550.0,30900.0,975.0
2026-08-07 10:00:00+09:00,30950.0,30950.0,30750.0,30750.0,621.0
2026-08-07 10:10:00+09:00,30750.0,30750.0,30100.0,30250.0,2910.0
2026-08-07 10:20:00+09:00,30250.0,30350.0,30050.0,30350.0,1592.0
2026-08-07 10:30:00+09:00,30350.0,30350.0,29900.0,29950.0,1732.0
2026-08-07 10:40:00+09:00,29900.0,30050.0,29750.0,30050.0,2130.0
2026-08-07 10:50:00+09:00,29950.0,30050.0,29900.0,29900.0,394.0
2026-08-07 11:00:00+09:00,30000.0,30150.0,29800.0,29800.0,965.0
2026-08-07 11:10:00+09:00,29750.0,30150.0,29750.0,30000.0,602.0
2026-08-07 11:20:00+09:00,30100.0,30100.0,29850.0,29900.0,565.0
2026-08-07 11:30:00+09:00,29950.0,30000.0,29800.0,29800.0,221.0
2026-08-07 11:40:00+09:00,29900.0,30050.0,29800.0,29950.0,274.0
2026-08-07 11:50:00+09:00,30050.0,30100.0,29950.0,30100.0,183.0
2026-08-07 12:00:00+09:00,30100.0,30100.0,30000.0,30100.0,48.0
2026-08-07 12:10:00+09:00,30100.0,30100.0,29900.0,29950.0,190.0
2026-08-07 12:20:00+09:00,29950.0,30000.0,29850.0,29850.0,319.0
2026-08-07 12:30:00+09:00,29900.0,30050.0,29900.0,30000.0,288.0
2026-08-07 12:40:00+09:00,30050.0,30100.0,29900.0,30050.0,1140.0
2026-08-07 12:50:00+09:00,30050.0,30200.0,30050.0,30050.0,722.0
2026-08-07 13:00:00+09:00,30100.0,30150.0,30000.0,30150.0,225.0
2026-08-07 13:10:00+09:00,30150.0,30300.0,30100.0,30150.0,655.0
2026-08-07 13:20:00+09:00,30150.0,30350.0,30150.0,30250.0,350.0
2026-08-07 13:30:00+09:00,30350.0,30450.0,30250.0,30300.0,422.0
2026-08-07 13:40:00+09:00,30350.0,30350.0,30250.0,30250.0,169.0
2026-08-07 13:50:00+09:00,30300.0,30300.0,30100.0,30300.0,517.0
2026-08-07 14:00:00+09:00,30300.0,30450.0,30250.0,30450.0,262.0
2026-08-07 14:10:00+09:00,30450.0,30700.0,30350.0,30500.0,2049.0
2026-08-07 14:20:00+09:00,30500.0,30550.0,30400.0,30450.0,430.0
2026-08-07 14:30:00+09:00,30400.0,30500.0,30200.0,30250.0,531.0
2026-08-07 14:40:00+09:00,30250.0,30350.0,30250.0,30250.0,247.0
2026-08-07 14:50:00+09:00,30300.0,30300.0,30100.0,30100.0,325.0
2026-08-10 09:00:00+09:00,30550.0,31250.0,30400.0,31100.0,676.0
2026-08-10 09:10:00+09:00,31100.0,31700.0,31050.0,31650.0,2954.0
2026-08-10 09:20:00+09:00,31600.0,31800.0,31350.0,31800.0,1551.0
2026-08-10 09:30:00+09:00,31800.0,32000.0,31700.0,31850.0,1473.0
2026-08-10 09:40:00+09:00,31800.0,31850.0,31350.0,31800.0,1848.0
2026-08-10 09:50:00+09:00,31800.0,31950.0,31700.0,31900.0,1758.0
2026-08-10 10:00:00+09:00,31850.0,32150.0,31850.0,32150.0,1737.0
2026-08-10 10:10:00+09:00,32000.0,32650.0,32000.0,32650.0,1405.0
2026-08-10 10:20:00+09:00,32600.0,32650.0,32500.0,32600.0,663.0
2026-08-10 10:30:00+09:00,32650.0,32700.0,32400.0,32650.0,912.0
2026-08-10 10:40:00+09:00,32700.0,32900.0,32550.0,32850.0,1493.0
2026-08-10 10:50:00+09:00,32850.0,33050.0,32750.0,32800.0,699.0
2026-08-10 11:00:00+09:00,32700.0,32850.0,32650.0,32850.0,506.0
2026-08-10 11:10:00+09:00,32850.0,32950.0,32450.0,32500.0,621.0
2026-08-10 11:20:00+09:00,32550.0,32700.0,32550.0,32600.0,336.0
2026-08-10 11:30:00+09:00,32600.0,32750.0,32550.0,32750.0,509.0
2026-08-10 11:40:00+09:00,32700.0,32900.0,32700.0,32850.0,989.0
2026-08-10 11:50:00+09:00,32850.0,32850.0,32650.0,32750.0,719.0
2026-08-10 12:00:00+09:00,32750.0,32750.0,32500.0,32600.0,1254.0
2026-08-10 12:10:00+09:00,32650.0,32750.0,32550.0,32650.0,2114.0
2026-08-10 12:20:00+09:00,32650.0,32700.0,32450.0,32450.0,660.0
2026-08-10 12:30:00+09:00,32550.0,32700.0,32500.0,32700.0,622.0
2026-08-10 12:40:00+09:00,32650.0,32650.0,32550.0,32600.0,491.0
2026-08-10 12:50:00+09:00,32600.0,32850.0,32600.0,32850.0,236.0
2026-08-10 13:00:00+09:00,32750.0,33050.0,32750.0,33050.0,787.0
2026-08-10 13:10:00+09:00,32950.0,33100.0,32900.0,33050.0,588.0
2026-08-10 13:20:00+09:00,33050.0,33050.0,32800.0,32850.0,152.0
2026-08-10 13:30:00+09:00,32900.0,32900.0,32500.0,32500.0,2978.0
2026-08-10 13:40:00+09:00,32550.0,32550.0,32400.0,32500.0,890.0
2026-08-10 13:50:00+09:00,32500.0,32550.0,32300.0,32400.0,510.0
2026-08-10 14:00:00+09:00,32400.0,32600.0,32300.0,32600.0,1919.0
2026-08-10 14:10:00+09:00,32600.0,33150.0,32550.0,33000.0,2984.0
2026-08-10 14:20:00+09:00,33000.0,33100.0,32850.0,32950.0,1562.0
2026-08-10 14:30:00+09:00,32950.0,33000.0,32850.0,32950.0,1416.0
2026-08-10 14:40:00+09:00,32900.0,32950.0,32750.0,32750.0,1474.0
2026-08-10 14:50:00+09:00,32750.0,33050.0,32700.0,32950.0,2129.0
2026-08-11 09:00:00+09:00,32600.0,33250.0,32600.0,33050.0,2054.0
2026-08-11 09:10:00+09:00,33150.0,34050.0,33050.0,33400.0,5309.0
2026-08-11 09:20:00+09:00,33400.0,33700.0,33200.0,33400.0,1110.0
2026-08-11 09:30:00+09:00,33350.0,34100.0,33350.0,33800.0,2053.0
2026-08-11 09:40:00+09:00,33800.0,34550.0,33750.0,34550.0,4345.0
2026-08-11 09:50:00+09:00,34600.0,35150.0,34550.0,34800.0,3451.0
2026-08-11 10:00:00+09:00,34700.0,34700.0,34450.0,34450.0,1395.0
2026-08-11 10:10:00+09:00,34500.0,35050.0,34400.0,34400.0,1335.0
2026-08-11 10:20:00+09:00,34400.0,34500.0,33600.0,34100.0,2700.0
2026-08-11 10:30:00+09:00,34000.0,34150.0,33750.0,34150.0,634.0
2026-08-11 10:40:00+09:00,34100.0,34150.0,33900.0,34050.0,826.0
2026-08-11 10:50:00+09:00,34000.0,34250.0,33600.0,34150.0,2536.0
2026-08-11 11:00:00+09:00,34100.0,34150.0,33800.0,34050.0,1313.0
2026-08-11 11:10:00+09:00,33850.0,34000.0,33750.0,33950.0,2254.0
2026-08-11 11:20:00+09:00,33950.0,34100.0,33850.0,34050.0,434.0
2026-08-11 11:30:00+09:00,33950.0,34100.0,33900.0,33950.0,565.0
2026-08-11 11:40:00+09:00,33900.0,34100.0,33900.0,34100.0,170.0
2026-08-11 11:50:00+09:00,34050.0,34100.0,33800.0,33950.0,1100.0
2026-08-11 12:00:00+09:00,33950.0,34050.0,33850.0,34000.0,114.0
2026-08-11 12:10:00+09:00,33850.0,34050.0,33700.0,33700.0,443.0
2026-08-11 12:20:00+09:00,33700.0,34100.0,33650.0,33950.0,1736.0
2026-08-11 12:30:00+09:00,33900.0,33900.0,33750.0,33850.0,581.0
2026-08-11 12:40:00+09:00,33800.0,33900.0,33750.0,33850.0,391.0
2026-08-11 12:50:00+09:00,33800.0,34000.0,33700.0,33900.0,350.0
2026-08-11 13:00:00+09:00,33950.0,34050.0,33800.0,33900.0,363.0
2026-08-11 13:10:00+09:00,33900.0,34000.0,33800.0,33900.0,639.0
2026-08-11 13:20:00+09:00,33850.0,34000.0,33800.0,34000.0,105.0
2026-08-11 13:30:00+09:00,34000.0,34000.0,33700.0,34000.0,168.0
2026-08-11 13:40:00+09:00,34000.0,34000.0,33800.0,33900.0,215.0
2026-08-11 13:50:00+09:00,33950.0,34000.0,33800.0,33950.0,135.0
2026-08-11 14:00:00+09:00,33950.0,34100.0,33900.0,34050.0,828.0
2026-08-11 14:10:00+09:00,34000.0,34000.0,33850.0,34000.0,227.0
2026-08-11 14:20:00+09:00,34050.0,34100.0,33800.0,33800.0,507.0
2026-08-11 14:30:00+09:00,33800.0,33950.0,33700.0,33850.0,967.0
2026-08-11 14:40:00+09:00,33900.0,34050.0,33850.0,34000.0,363.0
2026-08-11 14:50:00+09:00,34000.0,34000.0,33800.0,33850.0,323.0
2026-08-12 09:00:00+09:00,34850.0,34850.0,31500.0,33900.0,5621.0
2026-08-12 09:10:00+09:00,33850.0,34000.0,33400.0,33550.0,2593.0
2026-08-12 09:20:00+09:00,33450.0,33550.0,33300.0,33350.0,2327.0
2026-08-12 09:30:00+09:00,33350.0,33700.0,33100.0,33550.0,1157.0
2026-08-12 09:40:00+09:00,33600.0,33900.0,33600.0,33850.0,1551.0
2026-08-12 09:50:00+09:00,33850.0,33900.0,33600.0,33850.0,866.0
2026-08-12 10:00:00+09:00,33900.0,33900.0,33600.0,33700.0,1291.0
2026-08-12 10:10:00+09:00,33700.0,33700.0,33550.0,33700.0,411.0
2026-08-12 10:20:00+09:00,33700.0,34000.0,33650.0,34000.0,424.0
2026-08-12 10:30:00+09:00,33950.0,34450.0,33950.0,34400.0,2557.0
2026-08-12 10:40:00+09:00,34350.0,34400.0,34300.0,34300.0,992.0
2026-08-12 10:50:00+09:00,34250.0,34300.0,33700.0,34000.0,3762.0
2026-08-12 11:00:00+09:00,34000.0,34000.0,33800.0,33950.0,1458.0
2026-08-12 11:10:00+09:00,33900.0,34250.0,33900.0,34200.0,241.0
2026-08-12 11:20:00+09:00,34200.0,34600.0,34200.0,34600.0,1177.0
2026-08-12 11:30:00+09:00,34550.0,34650.0,34350.0,34550.0,1217.0
2026-08-12 11:40:00+09:00,34650.0,34900.0,34650.0,34700.0,944.0
2026-08-12 11:50:00+09:00,34750.0,34900.0,34600.0,34650.0,1096.0
2026-08-12 12:00:00+09:00,34650.0,34800.0,34600.0,34800.0,806.0
2026-08-12 12:10:00+09:00,34700.0,34850.0,34650.0,34750.0,791.0
2026-08-12 12:20:00+09:00,34700.0,34950.0,34650.0,34950.0,1807.0
2026-08-12 12:30:00+09:00,34850.0,35050.0,34800.0,35000.0,2745.0
2026-08-12 12:40:00+09:00,34900.0,34900.0,34700.0,34750.0,1077.0
2026-08-12 12:50:00+09:00,34800.0,35050.0,34800.0,35000.0,541.0
2026-08-12 13:00:00+09:00,35000.0,35050.0,34850.0,34900.0,1023.0
2026-08-12 13:10:00+09:00,34900.0,35400.0,34750.0,35250.0,4873.0
2026-08-12 13:20:00+09:00,35150.0,35350.0,35150.0,35250.0,2022.0
2026-08-12 13:30:00+09:00,35300.0,35300.0,35000.0,35100.0,2041.0
2026-08-12 13:40:00+09:00,35150.0,35200.0,34900.0,35200.0,1719.0
2026-08-12 13:50:00+09:00,35200.0,35300.0,34950.0,35000.0,2445.0
2026-08-12 14:00:00+09:00,35100.0,35100.0,34850.0,34950.0,1660.0
2026-08-12 14:10:00+09:00,35000.0,35050.0,34800.0,34850.0,1830.0
2026-08-12 14:20:00+09:00,34850.0,35000.0,34700.0,35000.0,2017.0
2026-08-12 14:30:00+09:00,35000.0,35150.0,34950.0,35150.0,1551.0
2026-08-12 14:40:00+09:00,35150.0,35150.0,34950.0,35000.0,2405.0
2026-08-12 14:50:00+09:00,35000.0,35100.0,34850.0,34850.0,2146.0
2026-08-13 09:00:00+09:00,37650.0,38200.0,36750.0,36950.0,13046.0
2026-08-13 09:10:00+09:00,37000.0,38000.0,36500.0,37250.0,9862.0
2026-08-13 09:20:00+09:00,37250.0,38150.0,37050.0,38150.0,6250.0
2026-08-13 09:30:00+09:00,38100.0,38700.0,37400.0,38300.0,10183.0
2026-08-13 09:40:00+09:00,38350.0,38700.0,38100.0,38400.0,5336.0
2026-08-13 09:50:00+09:00,38400.0,39400.0,38400.0,39100.0,5523.0
2026-08-13 10:00:00+09:00,39050.0,39775.0,39050.0,39300.0,11588.0
2026-08-13 10:10:00+09:00,39300.0,40000.0,39200.0,39450.0,9999.0
2026-08-13 10:20:00+09:00,39350.0,39350.0,38750.0,38800.0,5207.0
2026-08-13 10:30:00+09:00,38800.0,39050.0,38625.0,39000.0,5504.0
2026-08-13 10:40:00+09:00,38950.0,40000.0,38950.0,39150.0,4558.0
2026-08-13 10:50:00+09:00,39100.0,39800.0,39100.0,39550.0,4459.0
2026-08-13 11:00:00+09:00,39550.0,39800.0,39300.0,39400.0,4914.0
2026-08-13 11:10:00+09:00,39400.0,39900.0,39300.0,39900.0,6097.0
2026-08-13 11:20:00+09:00,39900.0,40450.0,39850.0,39900.0,7885.0
2026-08-13 11:30:00+09:00,39900.0,40050.0,39700.0,39950.0,7002.0
2026-08-13 11:40:00+09:00,40000.0,40500.0,39700.0,39750.0,10159.0
2026-08-13 11:50:00+09:00,39750.0,40550.0,39700.0,39700.0,7133.0
2026-08-13 12:00:00+09:00,39700.0,40350.0,39250.0,39950.0,5117.0
2026-08-13 12:10:00+09:00,39950.0,40150.0,39800.0,39800.0,4151.0
2026-08-13 12:20:00+09:00,39900.0,40050.0,39550.0,39700.0,4419.0
2026-08-13 12:30:00+09:00,39700.0,40500.0,39700.0,39900.0,6487.0
2026-08-13 12:40:00+09:00,39800.0,40500.0,39800.0,40000.0,4325.0
2026-08-13 12:50:00+09:00,40000.0,40550.0,39950.0,40200.0,6299.0
2026-08-13 13:00:00+09:00,40200.0,40350.0,39700.0,39750.0,5032.0
2026-08-13 13:10:00+09:00,39850.0,40300.0,38950.0,39350.0,11851.0
2026-08-13 13:20:00+09:00,39350.0,40050.0,39000.0,39600.0,4475.0
2026-08-13 13:30:00+09:00,39550.0,39950.0,39400.0,39400.0,3710.0
2026-08-13 13:40:00+09:00,39400.0,39850.0,39300.0,39400.0,4162.0
2026-08-13 13:50:00+09:00,39400.0,39950.0,39350.0,39500.0,4028.0
2026-08-13 14:00:00+09:00,39500.0,40000.0,39400.0,39650.0,2966.0
2026-08-13 14:10:00+09:00,39550.0,39600.0,39300.0,39350.0,3780.0
2026-08-13 14:20:00+09:00,39350.0,39400.0,38800.0,38850.0,2153.0
2026-08-13 14:30:00+09:00,38900.0,38900.0,38450.0,38550.0,1129.0
2026-08-13 14:40:00+09:00,38550.0,38950.0,38350.0,38800.0,3411.0
2026-08-13 14:50:00+09:00,38850.0,39000.0,38250.0,38300.0,1960.0
2026-08-14 09:00:00+09:00,38950.0,39000.0,37600.0,37700.0,10188.0
2026-08-14 09:10:00+09:00,37700.0,38400.0,37700.0,38100.0,8530.0
2026-08-14 09:20:00+09:00,37950.0,38250.0,37750.0,37800.0,2187.0
2026-08-14 09:30:00+09:00,37800.0,38100.0,37750.0,37800.0,2047.0
2026-08-14 09:40:00+09:00,37850.0,37900.0,37000.0,37150.0,7242.0
2026-08-14 09:50:00+09:00,37150.0,37150.0,36850.0,37000.0,4364.0
2026-08-14 10:00:00+09:00,37000.0,37150.0,36500.0,36700.0,3935.0
2026-08-14 10:10:00+09:00,36700.0,37000.0,36600.0,36950.0,1424.0
2026-08-14 10:20:00+09:00,36950.0,37200.0,36800.0,36950.0,910.0
2026-08-14 10:30:00+09:00,37050.0,37050.0,36750.0,36850.0,1033.0
2026-08-14 10:40:00+09:00,36850.0,37050.0,36700.0,36950.0,1361.0
2026-08-14 10:50:00+09:00,36950.0,37000.0,36700.0,36850.0,1051.0
2026-08-14 11:00:00+09:00,37000.0,37350.0,36900.0,37250.0,1342.0
2026-08-14 11:10:00+09:00,37250.0,37400.0,37100.0,37200.0,796.0
2026-08-14 11:20:00+09:00,37200.0,37250.0,36900.0,37100.0,2962.0
2026-08-14 11:30:00+09:00,37050.0,37400.0,36950.0,37000.0,803.0
2026-08-14 11:40:00+09:00,37100.0,37250.0,36950.0,36950.0,692.0
2026-08-14 11:50:00+09:00,36950.0,37050.0,36800.0,36900.0,1634.0
2026-08-14 12:00:00+09:00,36900.0,37050.0,36800.0,37050.0,511.0
2026-08-14 12:10:00+09:00,37050.0,37050.0,36900.0,37050.0,423.0
2026-08-14 12:20:00+09:00,37150.0,37300.0,37100.0,37300.0,800.0
2026-08-14 12:30:00+09:00,37300.0,37300.0,36900.0,37000.0,611.0
2026-08-14 12:40:00+09:00,37000.0,37050.0,36850.0,37050.0,718.0
2026-08-14 12:50:00+09:00,37100.0,37250.0,37000.0,37250.0,665.0
2026-08-14 13:00:00+09:00,37200.0,37400.0,37100.0,37350.0,2036.0
2026-08-14 13:10:00+09:00,37350.0,37550.0,37250.0,37550.0,980.0
2026-08-14 13:20:00+09:00,37550.0,37600.0,37400.0,37600.0,1144.0
2026-08-14 13:30:00+09:00,37550.0,37550.0,37200.0,37350.0,938.0
2026-08-14 13:40:00+09:00,37350.0,38100.0,37300.0,37550.0,3360.0
2026-08-14 13:50:00+09:00,37650.0,37650.0,35300.0,35500.0,14147.0
2026-08-14 14:00:00+09:00,35500.0,37300.0,35500.0,37300.0,11356.0
2026-08-14 14:10:00+09:00,37200.0,37750.0,37100.0,37650.0,3897.0
2026-08-14 14:20:00+09:00,37550.0,37950.0,37550.0,37800.0,4448.0
2026-08-14 14:30:00+09:00,37900.0,37950.0,37400.0,37550.0,3056.0
2026-08-14 14:40:00+09:00,37500.0,37650.0,37350.0,37650.0,1475.0
2026-08-14 14:50:00+09:00,37650.0,37700.0,37250.0,37350.0,2089.0
2026-08-18 09:00:00+09:00,37600.0,38700.0,37600.0,38650.0,3056.0
2026-08-18 09:10:00+09:00,38650.0,40350.0,38650.0,39700.0,6939.0
2026-08-18 09:20:00+09:00,39700.0,40200.0,39300.0,40200.0,5284.0
2026-08-18 09:30:00+09:00,40300.0,40950.0,40300.0,40750.0,5986.0
2026-08-18 09:40:00+09:00,40750.0,41250.0,40500.0,40900.0,7889.0
2026-08-18 09:50:00+09:00,40875.0,41350.0,40650.0,40750.0,5620.0
2026-08-18 10:00:00+09:00,40750.0,41000.0,40250.0,40650.0,5859.0
2026-08-18 10:10:00+09:00,40700.0,41000.0,40550.0,40650.0,1733.0
2026-08-18 10:20:00+09:00,40650.0,41150.0,40500.0,40950.0,2440.0
2026-08-18 10:30:00+09:00,40950.0,40950.0,40450.0,40800.0,1930.0
2026-08-18 10:40:00+09:00,40850.0,40850.0,40050.0,40050.0,2169.0
2026-08-18 10:50:00+09:00,40050.0,40350.0,39950.0,40200.0,1890.0
2026-08-18 11:00:00+09:00,40250.0,40550.0,40250.0,40450.0,1123.0
2026-08-18 11:10:00+09:00,40500.0,40550.0,40100.0,40100.0,1324.0
2026-08-18 11:20:00+09:00,40200.0,40350.0,39500.0,39500.0,3445.0
2026-08-18 11:30:00+09:00,39600.0,39950.0,39350.0,39900.0,1449.0
2026-08-18 11:40:00+09:00,39900.0,39950.0,39500.0,39900.0,1344.0
2026-08-18 11:50:00+09:00,39900.0,40100.0,39600.0,39650.0,1619.0
2026-08-18 12:00:00+09:00,39700.0,40050.0,39700.0,39900.0,1256.0
2026-08-18 12:10:00+09:00,39900.0,39950.0,39350.0,39650.0,2296.0
2026-08-18 12:20:00+09:00,39650.0,39700.0,39250.0,39600.0,4717.0
2026-08-18 12:30:00+09:00,39550.0,39600.0,39250.0,39600.0,1318.0
2026-08-18 12:40:00+09:00,39650.0,39800.0,39400.0,39600.0,1003.0
2026-08-18 12:50:00+09:00,39600.0,39900.0,39600.0,39800.0,987.0
2026-08-18 13:00:00+09:00,39750.0,39900.0,39550.0,39850.0,1174.0
2026-08-18 13:10:00+09:00,39850.0,39950.0,39700.0,39800.0,1636.0
2026-08-18 13:20:00+09:00,39800.0,39900.0,39650.0,39900.0,1496.0
2026-08-18 13:30:00+09:00,39900.0,40000.0,39750.0,39750.0,1143.0
2026-08-18 13:40:00+09:00,39650.0,39750.0,39500.0,39500.0,957.0
2026-08-18 13:50:00+09:00,39500.0,40000.0,39500.0,39950.0,912.0
2026-08-18 14:00:00+09:00,39950.0,39950.0,39550.0,39600.0,1124.0
2026-08-18 14:10:00+09:00,39600.0,39650.0,39350.0,39400.0,1333.0
2026-08-18 14:20:00+09:00,39400.0,39600.0,39200.0,39200.0,1801.0
2026-08-18 14:30:00+09:00,39200.0,39200.0,38900.0,38950.0,2560.0
2026-08-18 14:40:00+09:00,39000.0,39150.0,38850.0,39050.0,1245.0
2026-08-18 14:50:00+09:00,39050.0,39100.0,38800.0,38800.0,1242.0
2026-08-19 09:00:00+09:00,36700.0,38000.0,36700.0,37750.0,5522.0
2026-08-19 09:10:00+09:00,37750.0,37750.0,37100.0,37400.0,4748.0
2026-08-19 09:20:00+09:00,37450.0,38300.0,37450.0,38300.0,1914.0
2026-08-19 09:30:00+09:00,38300.0,39000.0,38250.0,38750.0,6649.0
2026-08-19 09:40:00+09:00,38750.0,38750.0,38300.0,38400.0,2058.0
2026-08-19 09:50:00+09:00,38350.0,38450.0,37850.0,37900.0,2428.0
2026-08-19 10:00:00+09:00,37900.0,38300.0,37800.0,38200.0,1060.0
2026-08-19 10:10:00+09:00,38300.0,38750.0,38200.0,38500.0,1409.0
2026-08-19 10:20:00+09:00,38450.0,38700.0,38300.0,38450.0,786.0
2026-08-19 10:30:00+09:00,38400.0,38750.0,38300.0,38500.0,2395.0
2026-08-19 10:40:00+09:00,38500.0,38750.0,38450.0,38500.0,839.0
2026-08-19 10:50:00+09:00,38450.0,38600.0,38350.0,38450.0,484.0
2026-08-19 11:00:00+09:00,38400.0,38400.0,37850.0,37850.0,1509.0
2026-08-19 11:10:00+09:00,37900.0,38200.0,37900.0,38200.0,553.0
2026-08-19 11:20:00+09:00,38200.0,38500.0,38200.0,38350.0,644.0
2026-08-19 11:30:00+09:00,38350.0,38600.0,38250.0,38300.0,723.0
2026-08-19 11:40:00+09:00,38350.0,38400.0,38100.0,38200.0,437.0
2026-08-19 11:50:00+09:00,38200.0,38500.0,38200.0,38350.0,1260.0
2026-08-19 12:00:00+09:00,38350.0,38750.0,38350.0,38700.0,533.0
2026-08-19 12:10:00+09:00,38700.0,38700.0,38250.0,38600.0,2315.0
2026-08-19 12:20:00+09:00,38600.0,38650.0,38450.0,38450.0,906.0
2026-08-19 12:30:00+09:00,38450.0,38900.0,38450.0,38800.0,1290.0
2026-08-19 12:40:00+09:00,38800.0,38900.0,38350.0,38350.0,1853.0
2026-08-19 12:50:00+09:00,38400.0,38450.0,38400.0,38450.0,267.0
2026-08-19 13:00:00+09:00,38500.0,38500.0,38350.0,38350.0,727.0
2026-08-19 13:10:00+09:00,38350.0,38600.0,38350.0,38550.0,739.0
2026-08-19 13:20:00+09:00,38550.0,38650.0,38550.0,38650.0,373.0
2026-08-19 13:30:00+09:00,38750.0,38800.0,38350.0,38500.0,1064.0
2026-08-19 13:40:00+09:00,38500.0,38600.0,38350.0,38350.0,934.0
2026-08-19 13:50:00+09:00,38350.0,38450.0,38100.0,38400.0,935.0
2026-08-19 14:00:00+09:00,38400.0,38600.0,38350.0,38500.0,1273.0
2026-08-19 14:10:00+09:00,38550.0,38550.0,38200.0,38200.0,698.0
2026-08-19 14:20:00+09:00,38300.0,38550.0,38250.0,38450.0,469.0
2026-08-19 14:30:00+09:00,38500.0,38650.0,38250.0,38300.0,925.0
2026-08-19 14:40:00+09:00,38300.0,38500.0,38200.0,38200.0,681.0
2026-08-19 14:50:00+09:00,38250.0,38250.0,37850.0,37900.0,839.0
2026-08-20 09:00:00+09:00,38350.0,38400.0,37500.0,37950.0,2439.0
2026-08-20 09:10:00+09:00,37800.0,37900.0,37550.0,37700.0,2281.0
2026-08-20 09:20:00+09:00,37550.0,38450.0,37400.0,37500.0,2723.0
2026-08-20 09:30:00+09:00,37500.0,37800.0,37200.0,37650.0,4455.0
2026-08-20 09:40:00+09:00,37750.0,37850.0,37700.0,37700.0,1278.0
2026-08-20 09:50:00+09:00,37700.0,38150.0,37600.0,38150.0,603.0
2026-08-20 10:00:00+09:00,38100.0,38350.0,37900.0,37900.0,922.0
2026-08-20 10:10:00+09:00,37900.0,37950.0,37450.0,37600.0,1059.0
2026-08-20 10:20:00+09:00,37600.0,37750.0,37500.0,37550.0,957.0
2026-08-20 10:30:00+09:00,37550.0,38000.0,37450.0,37700.0,2772.0
2026-08-20 10:40:00+09:00,37700.0,37950.0,37600.0,37950.0,829.0
2026-08-20 10:50:00+09:00,37950.0,37950.0,37650.0,37700.0,847.0
2026-08-20 11:00:00+09:00,37700.0,37950.0,37650.0,37900.0,884.0
2026-08-20 11:10:00+09:00,37900.0,38450.0,37800.0,38400.0,1143.0
2026-08-20 11:20:00+09:00,38400.0,38400.0,37950.0,38150.0,2147.0
2026-08-20 11:30:00+09:00,38100.0,38200.0,38000.0,38100.0,1989.0
2026-08-20 11:40:00+09:00,38150.0,38150.0,37900.0,37900.0,838.0
2026-08-20 11:50:00+09:00,38000.0,38050.0,37800.0,38000.0,1065.0
2026-08-20 12:00:00+09:00,38050.0,38200.0,37950.0,38200.0,5226.0
2026-08-20 12:10:00+09:00,38150.0,38250.0,38000.0,38150.0,878.0
2026-08-20 12:20:00+09:00,38150.0,38300.0,38150.0,38250.0,681.0
2026-08-20 12:30:00+09:00,38200.0,38900.0,38150.0,38700.0,2471.0
2026-08-20 12:40:00+09:00,38700.0,39250.0,38700.0,39150.0,5407.0
2026-08-20 12:50:00+09:00,39150.0,39150.0,39000.0,39050.0,1753.0
2026-08-20 13:00:00+09:00,39000.0,39050.0,38750.0,38800.0,1744.0
2026-08-20 13:10:00+09:00,38800.0,39950.0,38750.0,39900.0,3411.0
2026-08-20 13:20:00+09:00,39850.0,40000.0,39750.0,39900.0,7304.0
2026-08-20 13:30:00+09:00,39950.0,41500.0,39750.0,41400.0,15622.0
2026-08-20 13:40:00+09:00,41400.0,42100.0,41350.0,42000.0,10731.0
2026-08-20 13:50:00+09:00,42000.0,42100.0,41650.0,41850.0,10873.0
2026-08-20 14:00:00+09:00,41850.0,41850.0,41150.0,41200.0,7083.0
2026-08-20 14:10:00+09:00,41200.0,41350.0,40950.0,41200.0,6021.0
2026-08-20 14:20:00+09:00,41150.0,41150.0,40300.0,40650.0,4697.0
2026-08-20 14:30:00+09:00,40650.0,40850.0,40450.0,40600.0,2104.0
2026-08-20 14:40:00+09:00,40600.0,40800.0,40350.0,40450.0,3148.0
2026-08-20 14:50:00+09:00,40450.0,40550.0,40250.0,40350.0,1107.0
2026-08-21 09:00:00+09:00,40650.0,41800.0,39800.0,41450.0,15418.0
2026-08-21 09:10:00+09:00,41350.0,41900.0,40850.0,41050.0,7516.0
2026-08-21 09:20:00+09:00,41050.0,42200.0,41000.0,41600.0,6071.0
2026-08-21 09:30:00+09:00,41650.0,41700.0,41050.0,41600.0,2844.0
2026-08-21 09:40:00+09:00,41600.0,42550.0,41100.0,41900.0,10496.0
2026-08-21 09:50:00+09:00,41900.0,42100.0,41450.0,41800.0,3638.0
2026-08-21 10:00:00+09:00,41800.0,42300.0,41700.0,41700.0,4492.0
2026-08-21 10:10:00+09:00,41900.0,41900.0,41100.0,41700.0,5623.0
2026-08-21 10:20:00+09:00,41700.0,41800.0,41400.0,41700.0,5031.0
2026-08-21 10:30:00+09:00,41700.0,41900.0,41350.0,41650.0,7118.0
2026-08-21 10:40:00+09:00,41700.0,41800.0,41400.0,41650.0,11476.0
2026-08-21 10:50:00+09:00,41650.0,41750.0,41400.0,41500.0,11798.0
2026-08-21 11:00:00+09:00,41500.0,41800.0,41250.0,41400.0,2467.0
2026-08-21 11:10:00+09:00,41400.0,41600.0,41300.0,41500.0,1531.0
2026-08-21 11:20:00+09:00,41500.0,41650.0,41100.0,41150.0,2468.0
2026-08-21 11:30:00+09:00,41150.0,41500.0,41150.0,41200.0,1744.0
2026-08-21 11:40:00+09:00,41200.0,41400.0,41150.0,41300.0,1674.0
2026-08-21 11:50:00+09:00,41300.0,41450.0,40650.0,41000.0,7062.0
2026-08-21 12:00:00+09:00,41000.0,41050.0,40800.0,40950.0,2107.0
2026-08-21 12:10:00+09:00,40950.0,41150.0,40900.0,40950.0,1815.0
2026-08-21 12:20:00+09:00,41000.0,41100.0,40800.0,40850.0,1799.0
2026-08-21 12:30:00+09:00,40950.0,41100.0,40850.0,41000.0,1299.0
2026-08-21 12:40:00+09:00,41000.0,41100.0,40700.0,40850.0,2972.0
2026-08-21 12:50:00+09:00,40850.0,40950.0,40600.0,40650.0,3683.0
2026-08-21 13:00:00+09:00,40600.0,40700.0,40300.0,40550.0,2130.0
2026-08-21 13:10:00+09:00,40600.0,40850.0,40450.0,40650.0,1485.0
2026-08-21 13:20:00+09:00,40650.0,41050.0,40650.0,40950.0,1733.0
2026-08-21 13:30:00+09:00,41000.0,41400.0,40950.0,41200.0,2969.0
2026-08-21 13:40:00+09:00,41200.0,41400.0,41150.0,41300.0,2403.0
2026-08-21 13:50:00+09:00,41350.0,41500.0,41200.0,41350.0,2570.0
2026-08-21 14:00:00+09:00,41400.0,41600.0,41300.0,41400.0,2831.0
2026-08-21 14:10:00+09:00,41400.0,41550.0,41150.0,41300.0,3304.0
2026-08-21 14:20:00+09:00,41350.0,41500.0,41200.0,41450.0,2915.0
2026-08-21 14:30:00+09:00,41450.0,41500.0,41300.0,41450.0,3122.0
2026-08-21 14:40:00+09:00,41450.0,41450.0,40950.0,41050.0,3130.0
2026-08-21 14:50:00+09:00,41050.0,41200.0,40900.0,41050.0,3156.0
2026-08-24 09:00:00+09:00,41150.0,44850.0,41150.0,44400.0,12498.0
2026-08-24 09:10:00+09:00,44550.0,46150.0,44400.0,44950.0,22654.0
2026-08-24 09:20:00+09:00,44950.0,46450.0,44150.0,44350.0,23812.0
2026-08-24 09:30:00+09:00,44400.0,44900.0,43650.0,43900.0,13576.0
2026-08-24 09:40:00+09:00,43900.0,44250.0,42850.0,42900.0,12461.0
2026-08-24 09:50:00+09:00,42950.0,43550.0,42950.0,43350.0,13674.0
2026-08-24 10:00:00+09:00,43350.0,44250.0,43100.0,43800.0,7672.0
2026-08-24 10:10:00+09:00,43800.0,44100.0,43500.0,43650.0,5041.0
2026-08-24 10:20:00+09:00,43600.0,43950.0,43100.0,43250.0,6816.0
2026-08-24 10:30:00+09:00,43250.0,43800.0,43200.0,43250.0,6678.0
2026-08-24 10:40:00+09:00,43300.0,43400.0,42700.0,42700.0,8675.0
2026-08-24 10:50:00+09:00,42700.0,43000.0,42050.0,42100.0,5508.0
2026-08-24 11:00:00+09:00,42150.0,42250.0,41850.0,41950.0,5074.0
2026-08-24 11:10:00+09:00,42000.0,42400.0,41950.0,42000.0,3926.0
2026-08-24 11:20:00+09:00,42100.0,42400.0,41950.0,42300.0,3220.0
2026-08-24 11:30:00+09:00,42300.0,42550.0,42150.0,42350.0,3250.0
2026-08-24 11:40:00+09:00,42350.0,42950.0,42300.0,42650.0,3379.0
2026-08-24 11:50:00+09:00,42700.0,42850.0,42450.0,42450.0,3117.0
2026-08-24 12:00:00+09:00,42600.0,42950.0,42150.0,42300.0,4608.0
2026-08-24 12:10:00+09:00,42300.0,42850.0,42150.0,42250.0,3520.0
2026-08-24 12:20:00+09:00,42150.0,42500.0,42000.0,42200.0,3267.0
2026-08-24 12:30:00+09:00,42250.0,42450.0,42150.0,42200.0,3236.0
2026-08-24 12:40:00+09:00,42250.0,42550.0,42150.0,42350.0,3334.0
2026-08-24 12:50:00+09:00,42200.0,42450.0,41850.0,41900.0,2745.0
2026-08-24 13:00:00+09:00,41900.0,42050.0,41800.0,41800.0,2989.0
2026-08-24 13:10:00+09:00,41900.0,42600.0,41900.0,42150.0,6196.0
2026-08-24 13:20:00+09:00,42200.0,42650.0,41950.0,42000.0,4070.0
2026-08-24 13:30:00+09:00,42050.0,42250.0,41950.0,42000.0,2811.0
2026-08-24 13:40:00+09:00,42000.0,42200.0,41900.0,42100.0,3117.0
2026-08-24 13:50:00+09:00,42100.0,42400.0,41950.0,41950.0,3210.0
2026-08-24 14:00:00+09:00,42000.0,42300.0,41900.0,42000.0,3443.0
2026-08-24 14:10:00+09:00,42000.0,42300.0,41950.0,42150.0,3743.0
2026-08-24 14:20:00+09:00,42200.0,42400.0,42100.0,42300.0,2925.0
2026-08-24 14:30:00+09:00,42300.0,42700.0,42150.0,42300.0,4352.0
2026-08-24 14:40:00+09:00,42150.0,42400.0,42050.0,42100.0,3103.0
2026-08-24 14:50:00+09:00,42050.0,42300.0,42000.0,42100.0,3500.0
2026-08-25 09:00:00+09:00,40950.0,41200.0,40550.0,40550.0,4539.0
2026-08-25 09:10:00+09:00,40600.0,40600.0,39600.0,39950.0,11818.0
2026-08-25 09:20:00+09:00,39950.0,40400.0,39900.0,40150.0,1784.0
2026-08-25 09:30:00+09:00,40150.0,41550.0,40150.0,41250.0,6145.0
2026-08-25 09:40:00+09:00,41250.0,43650.0,41250.0,42800.0,12437.0
2026-08-25 09:50:00+09:00,43100.0,43450.0,42800.0,43150.0,9255.0
2026-08-25 10:00:00+09:00,43200.0,43700.0,42950.0,43500.0,4962.0
2026-08-25 10:10:00+09:00,43500.0,43550.0,42750.0,42950.0,4558.0
2026-08-25 10:20:00+09:00,42950.0,43100.0,42100.0,42600.0,2510.0
2026-08-25 10:30:00+09:00,42650.0,43000.0,42550.0,42850.0,2274.0
2026-08-25 10:40:00+09:00,42800.0,43600.0,42750.0,43550.0,1959.0
2026-08-25 10:50:00+09:00,43400.0,43700.0,43300.0,43450.0,1495.0
2026-08-25 11:00:00+09:00,43450.0,43550.0,43200.0,43250.0,1175.0
2026-08-25 11:10:00+09:00,43300.0,44900.0,43300.0,44300.0,5699.0
2026-08-25 11:20:00+09:00,44300.0,44900.0,43550.0,43550.0,6040.0
2026-08-25 11:30:00+09:00,43650.0,43800.0,43400.0,43700.0,3674.0
2026-08-25 11:40:00+09:00,43700.0,43800.0,43650.0,43700.0,1313.0
2026-08-25 11:50:00+09:00,43750.0,43800.0,43500.0,43700.0,2818.0
2026-08-25 12:00:00+09:00,43700.0,44050.0,43650.0,44050.0,2567.0
2026-08-25 12:10:00+09:00,44100.0,44400.0,43650.0,43650.0,3828.0
2026-08-25 12:20:00+09:00,43700.0,44150.0,43650.0,44150.0,3032.0
2026-08-25 12:30:00+09:00,44100.0,44200.0,43850.0,43850.0,2217.0
2026-08-25 12:40:00+09:00,43850.0,44200.0,43800.0,43850.0,3025.0
2026-08-25 12:50:00+09:00,43850.0,44150.0,43800.0,43800.0,1915.0
2026-08-25 13:00:00+09:00,43900.0,44500.0,43800.0,44200.0,2355.0
2026-08-25 13:10:00+09:00,44300.0,44850.0,44050.0,44700.0,4617.0
2026-08-25 13:20:00+09:00,44700.0,44850.0,44300.0,44500.0,2553.0
2026-08-25 13:30:00+09:00,44550.0,44550.0,44150.0,44200.0,2588.0
2026-08-25 13:40:00+09:00,44250.0,44500.0,44150.0,44250.0,2017.0
2026-08-25 13:50:00+09:00,44250.0,44400.0,44000.0,44100.0,2239.0
2026-08-25 14:00:00+09:00,44200.0,44350.0,43800.0,43900.0,4984.0
2026-08-25 14:10:00+09:00,43900.0,44000.0,43800.0,43900.0,2471.0
2026-08-25 14:20:00+09:00,43900.0,44250.0,43900.0,44250.0,3028.0
2026-08-25 14:30:00+09:00,44200.0,44450.0,44050.0,44200.0,2351.0
2026-08-25 14:40:00+09:00,44200.0,44200.0,43900.0,44000.0,4472.0
2026-08-25 14:50:00+09:00,43950.0,44750.0,43900.0,44750.0,6026.0
2026-08-26 09:00:00+09:00,44900.0,44900.0,44100.0,44300.0,7663.0
2026-08-26 09:10:00+09:00,44500.0,45200.0,44400.0,45050.0,5597.0
2026-08-26 09:20:00+09:00,45050.0,45750.0,45050.0,45100.0,5303.0
2026-08-26 09:30:00+09:00,45300.0,45450.0,44100.0,44350.0,4221.0
2026-08-26 09:40:00+09:00,44550.0,44700.0,44100.0,44350.0,2314.0
2026-08-26 09:50:00+09:00,44350.0,44700.0,43850.0,43900.0,4704.0
2026-08-26 10:00:00+09:00,43950.0,44650.0,43850.0,44100.0,2683.0
2026-08-26 10:10:00+09:00,44100.0,44300.0,43750.0,43900.0,2958.0
2026-08-26 10:20:00+09:00,43900.0,44000.0,43750.0,43850.0,2940.0
2026-08-26 10:30:00+09:00,43900.0,44150.0,43800.0,44000.0,2760.0
2026-08-26 10:40:00+09:00,44075.0,44300.0,43850.0,43900.0,3017.0
2026-08-26 10:50:00+09:00,43850.0,44100.0,43850.0,43950.0,1362.0
2026-08-26 11:00:00+09:00,44100.0,44300.0,43900.0,44050.0,1839.0
2026-08-26 11:10:00+09:00,44050.0,44700.0,44050.0,44500.0,2569.0
2026-08-26 11:20:00+09:00,44500.0,45050.0,44450.0,44900.0,2426.0
2026-08-26 11:30:00+09:00,44800.0,45150.0,44750.0,44850.0,1588.0
2026-08-26 11:40:00+09:00,44900.0,45350.0,44900.0,44950.0,1892.0
2026-08-26 11:50:00+09:00,45050.0,45250.0,44850.0,44900.0,3032.0
2026-08-26 12:00:00+09:00,44900.0,45300.0,44750.0,44900.0,2667.0
2026-08-26 12:10:00+09:00,44900.0,45300.0,44650.0,44850.0,2067.0
2026-08-26 12:20:00+09:00,44850.0,45150.0,44750.0,44800.0,2383.0
2026-08-26 12:30:00+09:00,44850.0,45200.0,44650.0,44900.0,3036.0
2026-08-26 12:40:00+09:00,44950.0,45200.0,44800.0,44950.0,2848.0
2026-08-26 12:50:00+09:00,44950.0,45100.0,44700.0,44750.0,2138.0
2026-08-26 13:00:00+09:00,44800.0,45050.0,44600.0,44600.0,2110.0
2026-08-26 13:10:00+09:00,44600.0,45100.0,44550.0,44900.0,2998.0
2026-08-26 13:20:00+09:00,44950.0,45150.0,44800.0,44950.0,3223.0
2026-08-26 13:30:00+09:00,44950.0,45150.0,44900.0,45100.0,1727.0
2026-08-26 13:40:00+09:00,45100.0,46000.0,45100.0,45700.0,15985.0
2026-08-26 13:50:00+09:00,45800.0,46350.0,45800.0,46250.0,4648.0
2026-08-26 14:00:00+09:00,46250.0,46700.0,46100.0,46600.0,5309.0
2026-08-26 14:10:00+09:00,46550.0,46800.0,46300.0,46500.0,3600.0
2026-08-26 14:20:00+09:00,46500.0,46500.0,45950.0,46350.0,3170.0
2026-08-26 14:30:00+09:00,46350.0,46500.0,46200.0,46450.0,2996.0
2026-08-26 14:40:00+09:00,46500.0,46600.0,46350.0,46500.0,1920.0
2026-08-26 14:50:00+09:00,46500.0,46700.0,46400.0,46600.0,2758.0
2026-08-27 09:00:00+09:00,46900.0,47400.0,45850.0,45900.0,7672.0
2026-08-27 09:10:00+09:00,45900.0,46100.0,45600.0,45700.0,4840.0
2026-08-27 09:20:00+09:00,45700.0,45850.0,45550.0,45700.0,3376.0
2026-08-27 09:30:00+09:00,45700.0,45800.0,45150.0,45200.0,4752.0
2026-08-27 09:40:00+09:00,45200.0,45900.0,45150.0,45700.0,3190.0
2026-08-27 09:50:00+09:00,45700.0,46900.0,45500.0,45600.0,6212.0
2026-08-27 10:00:00+09:00,45650.0,46650.0,45650.0,46000.0,5333.0
2026-08-27 10:10:00+09:00,46100.0,46550.0,46000.0,46000.0,3140.0
2026-08-27 10:20:00+09:00,46050.0,46600.0,46000.0,46300.0,3201.0
2026-08-27 10:30:00+09:00,46250.0,47100.0,46250.0,46650.0,3768.0
2026-08-27 10:40:00+09:00,46650.0,47250.0,46600.0,46850.0,4724.0
2026-08-27 10:50:00+09:00,46950.0,47400.0,46600.0,46750.0,4598.0
2026-08-27 11:00:00+09:00,46700.0,47150.0,46650.0,46850.0,3799.0
2026-08-27 11:10:00+09:00,46850.0,47200.0,46650.0,46650.0,3994.0
2026-08-27 11:20:00+09:00,46650.0,47050.0,46650.0,46750.0,4104.0
2026-08-27 11:30:00+09:00,46850.0,47100.0,46700.0,46800.0,3255.0
2026-08-27 11:40:00+09:00,46850.0,47050.0,46650.0,46800.0,4348.0
2026-08-27 11:50:00+09:00,46800.0,47150.0,46650.0,46850.0,4203.0
2026-08-27 12:00:00+09:00,46800.0,47500.0,46800.0,47150.0,4137.0
2026-08-27 12:10:00+09:00,47200.0,47450.0,46900.0,47150.0,4067.0
2026-08-27 12:20:00+09:00,47150.0,47350.0,47000.0,47100.0,3420.0
2026-08-27 12:30:00+09:00,47100.0,47450.0,46950.0,47000.0,5766.0
2026-08-27 12:40:00+09:00,47000.0,47200.0,46850.0,46900.0,4214.0
2026-08-27 12:50:00+09:00,47000.0,47350.0,46600.0,46700.0,5074.0
2026-08-27 13:00:00+09:00,46800.0,47100.0,46700.0,46900.0,4070.0
2026-08-27 13:10:00+09:00,46900.0,47150.0,46800.0,47050.0,4191.0
2026-08-27 13:20:00+09:00,47100.0,47750.0,47000.0,47500.0,4460.0
2026-08-27 13:30:00+09:00,47600.0,47900.0,47250.0,47600.0,4122.0
2026-08-27 13:40:00+09:00,47600.0,47850.0,47350.0,47550.0,5052.0
2026-08-27 13:50:00+09:00,47550.0,47950.0,47500.0,47650.0,5229.0
2026-08-27 14:00:00+09:00,47650.0,47800.0,47200.0,47400.0,4301.0
2026-08-27 14:10:00+09:00,47500.0,47500.0,46700.0,46800.0,2815.0
2026-08-27 14:20:00+09:00,46800.0,47400.0,46650.0,46700.0,3043.0
2026-08-27 14:30:00+09:00,46750.0,48150.0,46650.0,48150.0,4207.0
2026-08-27 14:40:00+09:00,48100.0,48250.0,47700.0,48050.0,4831.0
2026-08-27 14:50:00+09:00,48050.0,48200.0,47050.0,47050.0,3095.0
2026-08-28 09:00:00+09:00,47100.0,48000.0,46800.0,47250.0,4053.0
2026-08-28 09:10:00+09:00,47200.0,47950.0,46650.0,47500.0,4820.0
2026-08-28 09:20:00+09:00,47250.0,47950.0,47050.0,47250.0,1873.0
2026-08-28 09:30:00+09:00,47250.0,47250.0,46800.0,46850.0,1421.0
2026-08-28 09:40:00+09:00,46800.0,47800.0,46800.0,47600.0,2623.0
2026-08-28 09:50:00+09:00,47600.0,48000.0,47300.0,47550.0,2946.0
2026-08-28 10:00:00+09:00,47450.0,47600.0,46900.0,47000.0,2151.0
2026-08-28 10:10:00+09:00,47000.0,47150.0,46850.0,46900.0,6869.0
2026-08-28 10:20:00+09:00,46900.0,47000.0,46700.0,46700.0,5410.0
2026-08-28 10:30:00+09:00,46700.0,46900.0,46650.0,46700.0,2362.0
2026-08-28 10:40:00+09:00,46650.0,46900.0,46550.0,46600.0,4028.0
2026-08-28 10:50:00+09:00,46600.0,47350.0,46500.0,46850.0,3179.0
2026-08-28 11:00:00+09:00,46900.0,47900.0,46850.0,47700.0,4544.0
2026-08-28 11:10:00+09:00,47650.0,47850.0,47600.0,47700.0,1952.0
2026-08-28 11:20:00+09:00,47700.0,47850.0,47450.0,47500.0,1564.0
2026-08-28 11:30:00+09:00,47550.0,47750.0,47400.0,47500.0,1605.0
2026-08-28 11:40:00+09:00,47550.0,47950.0,47500.0,47750.0,1375.0
2026-08-28 11:50:00+09:00,47750.0,48450.0,47750.0,48200.0,3462.0
2026-08-28 12:00:00+09:00,48250.0,48300.0,47600.0,47700.0,1819.0
2026-08-28 12:10:00+09:00,47650.0,47700.0,47500.0,47550.0,1286.0
2026-08-28 12:20:00+09:00,47550.0,47750.0,47450.0,47600.0,1459.0
2026-08-28 12:30:00+09:00,47550.0,47850.0,47450.0,47550.0,2043.0
2026-08-28 12:40:00+09:00,47500.0,47700.0,47350.0,47450.0,1471.0
2026-08-28 12:50:00+09:00,47350.0,47600.0,47350.0,47500.0,914.0
2026-08-28 13:00:00+09:00,47400.0,47600.0,47350.0,47350.0,1163.0
2026-08-28 13:10:00+09:00,47400.0,48250.0,47400.0,47700.0,2083.0
2026-08-28 13:20:00+09:00,47600.0,47900.0,47550.0,47550.0,1445.0
2026-08-28 13:30:00+09:00,47500.0,47750.0,47450.0,47550.0,1107.0
2026-08-28 13:40:00+09:00,47550.0,47900.0,47500.0,47650.0,1742.0
2026-08-28 13:50:00+09:00,47650.0,48100.0,47550.0,47750.0,2087.0
2026-08-28 14:00:00+09:00,47750.0,48100.0,47700.0,47700.0,1493.0
2026-08-28 14:10:00+09:00,47700.0,47800.0,47250.0,47350.0,2744.0
2026-08-28 14:20:00+09:00,47350.0,47600.0,47300.0,47550.0,1097.0
2026-08-28 14:30:00+09:00,47550.0,47800.0,47400.0,47700.0,1304.0
2026-08-28 14:40:00+09:00,47650.0,47750.0,47400.0,47500.0,1168.0
2026-08-28 14:50:00+09:00,47450.0,47900.0,47450.0,47750.0,1902.0
2026-08-31 09:00:00+09:00,46200.0,46200.0,44550.0,45250.0,2449.0
2026-08-31 09:10:00+09:00,45150.0,46550.0,45150.0,46450.0,3698.0
2026-08-31 09:20:00+09:00,46450.0,47100.0,46400.0,46750.0,2471.0
2026-08-31 09:30:00+09:00,46750.0,47150.0,46600.0,46650.0,1577.0
2026-08-31 09:40:00+09:00,46700.0,46850.0,46350.0,46500.0,1060.0
2026-08-31 09:50:00+09:00,46450.0,46650.0,45950.0,46200.0,1132.0
2026-08-31 10:00:00+09:00,46050.0,46450.0,45950.0,46000.0,1644.0
2026-08-31 10:10:00+09:00,46000.0,46300.0,45950.0,46300.0,791.0
2026-08-31 10:20:00+09:00,46350.0,46700.0,46200.0,46400.0,1622.0
2026-08-31 10:30:00+09:00,46450.0,46950.0,46450.0,46650.0,1002.0
2026-08-31 10:40:00+09:00,46750.0,46950.0,46500.0,46650.0,1039.0
2026-08-31 10:50:00+09:00,46500.0,46900.0,46300.0,46350.0,1463.0
2026-08-31 11:00:00+09:00,46450.0,46850.0,46450.0,46650.0,9006.0
2026-08-31 11:10:00+09:00,46750.0,46900.0,46300.0,46300.0,588.0
2026-08-31 11:20:00+09:00,46250.0,46500.0,45750.0,45800.0,2254.0
2026-08-31 11:30:00+09:00,45900.0,46050.0,45750.0,45850.0,914.0
2026-08-31 11:40:00+09:00,45850.0,46000.0,45750.0,45850.0,601.0
2026-08-31 11:50:00+09:00,46000.0,46150.0,45850.0,46150.0,619.0
2026-08-31 12:00:00+09:00,46200.0,46400.0,45900.0,46000.0,5385.0
2026-08-31 12:10:00+09:00,46000.0,46050.0,45850.0,45850.0,1083.0
2026-08-31 12:20:00+09:00,45900.0,46100.0,45900.0,46000.0,6040.0
2026-08-31 12:30:00+09:00,46000.0,46250.0,45950.0,46000.0,2257.0
2026-08-31 12:40:00+09:00,46000.0,46150.0,46000.0,46000.0,5366.0
2026-08-31 12:50:00+09:00,46000.0,46150.0,46000.0,46000.0,2547.0
2026-08-31 13:00:00+09:00,46000.0,46200.0,45950.0,45950.0,3934.0
2026-08-31 13:10:00+09:00,46000.0,46350.0,45950.0,46100.0,5343.0
2026-08-31 13:20:00+09:00,46200.0,46450.0,45950.0,46000.0,4163.0
2026-08-31 13:30:00+09:00,46150.0,46200.0,45950.0,46100.0,3637.0
2026-08-31 13:40:00+09:00,46100.0,46250.0,45950.0,46000.0,4071.0
2026-08-31 13:50:00+09:00,46000.0,46650.0,46000.0,46100.0,4169.0
2026-08-31 14:00:00+09:00,46100.0,46800.0,46050.0,46500.0,7172.0
2026-08-31 14:10:00+09:00,46600.0,46950.0,46400.0,46600.0,4671.0
2026-08-31 14:20:00+09:00,46700.0,46700.0,46200.0,46450.0,5700.0
2026-08-31 14:30:00+09:00,46450.0,46600.0,46000.0,46050.0,4526.0
2026-08-31 14:40:00+09:00,46250.0,46350.0,46000.0,46250.0,4681.0
2026-08-31 14:50:00+09:00,46100.0,46250.0,46000.0,46200.0,4272.0
2026-09-01 09:00:00+09:00,46250.0,46550.0,45500.0,45500.0,8379.0
2026-09-01 09:10:00+09:00,45500.0,45650.0,44300.0,44450.0,4503.0
2026-09-01 09:20:00+09:00,44500.0,45100.0,44500.0,44800.0,2632.0
2026-09-01 09:30:00+09:00,44900.0,44900.0,44450.0,44450.0,2029.0
2026-09-01 09:40:00+09:00,44450.0,44800.0,44300.0,44550.0,2417.0
2026-09-01 09:50:00+09:00,44500.0,44550.0,44050.0,44300.0,3387.0
2026-09-01 10:00:00+09:00,44400.0,45100.0,44300.0,44700.0,1407.0
2026-09-01 10:10:00+09:00,44600.0,44750.0,44350.0,44600.0,2048.0
2026-09-01 10:20:00+09:00,44650.0,44800.0,44350.0,44500.0,1166.0
2026-09-01 10:30:00+09:00,44500.0,44650.0,44250.0,44350.0,885.0
2026-09-01 10:40:00+09:00,44350.0,44700.0,44350.0,44400.0,992.0
2026-09-01 10:50:00+09:00,44400.0,44700.0,44300.0,44350.0,1438.0
2026-09-01 11:00:00+09:00,44400.0,44600.0,44350.0,44350.0,1333.0
2026-09-01 11:10:00+09:00,44350.0,44700.0,44300.0,44600.0,998.0
2026-09-01 11:20:00+09:00,44600.0,44750.0,44450.0,44550.0,1389.0
2026-09-01 11:30:00+09:00,44500.0,44600.0,44350.0,44400.0,1571.0
2026-09-01 11:40:00+09:00,44450.0,44600.0,44350.0,44500.0,1052.0
2026-09-01 11:50:00+09:00,44450.0,44650.0,44400.0,44500.0,1158.0
2026-09-01 12:00:00+09:00,44550.0,44650.0,44500.0,44500.0,949.0
2026-09-01 12:10:00+09:00,44550.0,44800.0,44450.0,44550.0,871.0
2026-09-01 12:20:00+09:00,44600.0,44800.0,44400.0,44600.0,3929.0
2026-09-01 12:30:00+09:00,44600.0,44950.0,44550.0,44700.0,1060.0
2026-09-01 12:40:00+09:00,44800.0,45250.0,44750.0,45200.0,1477.0
2026-09-01 12:50:00+09:00,45200.0,45300.0,44950.0,45150.0,1809.0
2026-09-01 13:00:00+09:00,45150.0,45500.0,45050.0,45200.0,972.0
2026-09-01 13:10:00+09:00,45200.0,45350.0,45000.0,45050.0,920.0
2026-09-01 13:20:00+09:00,45050.0,45100.0,44850.0,44950.0,1096.0
2026-09-01 13:30:00+09:00,44950.0,44950.0,44700.0,44750.0,1245.0
2026-09-01 13:40:00+09:00,44750.0,44900.0,44600.0,44750.0,1037.0
2026-09-01 13:50:00+09:00,44850.0,45000.0,44450.0,44550.0,1265.0
2026-09-01 14:00:00+09:00,44550.0,44700.0,44450.0,44500.0,1414.0
2026-09-01 14:10:00+09:00,44600.0,44700.0,44350.0,44400.0,1523.0
2026-09-01 14:20:00+09:00,44400.0,44500.0,44350.0,44500.0,1716.0
2026-09-01 14:30:00+09:00,44500.0,44550.0,44300.0,44400.0,1643.0
2026-09-01 14:40:00+09:00,44400.0,44600.0,44300.0,44600.0,1470.0
2026-09-01 14:50:00+09:00,44600.0,44750.0,44450.0,44550.0,2483.0
2026-09-02 09:00:00+09:00,43500.0,45550.0,42350.0,45450.0,14560.0
2026-09-02 09:10:00+09:00,45500.0,48850.0,45100.0,48650.0,14658.0
2026-09-02 09:20:00+09:00,48600.0,49350.0,48050.0,48600.0,17782.0
2026-09-02 09:30:00+09:00,48550.0,49300.0,47550.0,48150.0,9672.0
2026-09-02 09:40:00+09:00,48150.0,48450.0,47950.0,48350.0,2498.0
2026-09-02 09:50:00+09:00,48400.0,48750.0,47100.0,48700.0,5875.0
2026-09-02 10:00:00+09:00,48800.0,49250.0,47950.0,49000.0,5373.0
2026-09-02 10:10:00+09:00,48950.0,49800.0,48550.0,49450.0,7776.0
2026-09-02 10:20:00+09:00,49500.0,49750.0,49300.0,49500.0,3555.0
2026-09-02 10:30:00+09:00,49500.0,49600.0,48700.0,49100.0,4475.0
2026-09-02 10:40:00+09:00,49150.0,49200.0,48650.0,49200.0,2524.0
2026-09-02 10:50:00+09:00,49150.0,49200.0,48850.0,49000.0,4391.0
2026-09-02 11:00:00+09:00,49050.0,49300.0,48950.0,49300.0,1667.0
2026-09-02 11:10:00+09:00,49250.0,49800.0,49100.0,49800.0,5717.0
2026-09-02 11:20:00+09:00,49800.0,49800.0,49200.0,49300.0,2868.0
2026-09-02 11:30:00+09:00,49300.0,49300.0,49050.0,49100.0,2807.0
2026-09-02 11:40:00+09:00,49100.0,49500.0,49050.0,49500.0,1831.0
2026-09-02 11:50:00+09:00,49500.0,49750.0,49400.0,49600.0,3430.0
2026-09-02 12:00:00+09:00,49650.0,49700.0,49200.0,49200.0,1309.0
2026-09-02 12:10:00+09:00,49300.0,49350.0,49050.0,49100.0,1420.0
2026-09-02 12:20:00+09:00,49100.0,49200.0,48900.0,48950.0,3044.0
2026-09-02 12:30:00+09:00,48950.0,49000.0,48700.0,48750.0,1883.0
2026-09-02 12:40:00+09:00,48750.0,49000.0,48750.0,49000.0,1667.0
2026-09-02 12:50:00+09:00,49050.0,49050.0,48700.0,48700.0,1113.0
2026-09-02 13:00:00+09:00,48700.0,48700.0,48250.0,48400.0,1922.0
2026-09-02 13:10:00+09:00,48400.0,48450.0,48050.0,48350.0,2735.0
2026-09-02 13:20:00+09:00,48350.0,48650.0,48200.0,48300.0,2945.0
2026-09-02 13:30:00+09:00,48300.0,48950.0,48250.0,48400.0,3499.0
2026-09-02 13:40:00+09:00,48450.0,48550.0,48350.0,48550.0,1118.0
2026-09-02 13:50:00+09:00,48500.0,48500.0,48300.0,48450.0,1217.0
2026-09-02 14:00:00+09:00,48450.0,48500.0,48200.0,48200.0,2279.0
2026-09-02 14:10:00+09:00,48300.0,48550.0,48200.0,48450.0,2159.0
2026-09-02 14:20:00+09:00,48400.0,48750.0,48300.0,48400.0,1350.0
2026-09-02 14:30:00+09:00,48500.0,48650.0,48300.0,48350.0,2480.0
2026-09-02 14:40:00+09:00,48400.0,48800.0,48250.0,48650.0,1840.0
2026-09-02 14:50:00+09:00,48600.0,48750.0,48550.0,48700.0,1710.0
2026-09-03 09:00:00+09:00,49500.0,51600.0,49500.0,50200.0,14519.0
2026-09-03 09:10:00+09:00,50100.0,50200.0,48550.0,49200.0,6745.0
2026-09-03 09:20:00+09:00,49200.0,51500.0,49150.0,49350.0,7446.0
2026-09-03 09:30:00+09:00,49350.0,49450.0,48200.0,48550.0,7565.0
2026-09-03 09:40:00+09:00,48550.0,49350.0,48250.0,49200.0,6410.0
2026-09-03 09:50:00+09:00,49200.0,50200.0,49050.0,49850.0,4387.0
2026-09-03 10:00:00+09:00,49850.0,50300.0,49600.0,49950.0,3874.0
2026-09-03 10:10:00+09:00,49950.0,49950.0,49550.0,49800.0,1276.0
2026-09-03 10:20:00+09:00,49800.0,50400.0,49700.0,50200.0,3624.0
2026-09-03 10:30:00+09:00,50200.0,50200.0,49550.0,49700.0,1653.0
2026-09-03 10:40:00+09:00,49700.0,49900.0,49400.0,49850.0,1370.0
2026-09-03 10:50:00+09:00,49850.0,51700.0,49800.0,51600.0,8721.0
2026-09-03 11:00:00+09:00,51400.0,51500.0,50600.0,51000.0,7113.0
2026-09-03 11:10:00+09:00,51000.0,51100.0,50700.0,51000.0,1351.0
2026-09-03 11:20:00+09:00,51000.0,51200.0,50700.0,50800.0,1215.0
2026-09-03 11:30:00+09:00,50900.0,51800.0,50800.0,51600.0,4989.0
2026-09-03 11:40:00+09:00,51600.0,51800.0,51500.0,51500.0,5322.0
2026-09-03 11:50:00+09:00,51500.0,51800.0,51300.0,51500.0,3257.0
2026-09-03 12:00:00+09:00,51500.0,52100.0,51400.0,52100.0,13930.0
2026-09-03 12:10:00+09:00,52100.0,52400.0,52000.0,52100.0,6632.0
2026-09-03 12:20:00+09:00,52100.0,52400.0,52000.0,52400.0,4581.0
2026-09-03 12:30:00+09:00,52400.0,52500.0,52200.0,52300.0,4931.0
2026-09-03 12:40:00+09:00,52300.0,52500.0,52100.0,52200.0,3046.0
2026-09-03 12:50:00+09:00,52200.0,52400.0,51800.0,52000.0,3524.0
2026-09-03 13:00:00+09:00,52100.0,52200.0,51300.0,51700.0,2252.0
2026-09-03 13:10:00+09:00,51700.0,51900.0,51500.0,51700.0,1363.0
2026-09-03 13:20:00+09:00,51700.0,51900.0,51200.0,51700.0,1603.0
2026-09-03 13:30:00+09:00,51600.0,51900.0,51400.0,51800.0,700.0
2026-09-03 13:40:00+09:00,51800.0,51800.0,51400.0,51500.0,1612.0
2026-09-03 13:50:00+09:00,51600.0,51600.0,51300.0,51400.0,878.0
2026-09-03 14:00:00+09:00,51300.0,51500.0,50700.0,50800.0,7851.0
2026-09-03 14:10:00+09:00,50800.0,51000.0,49950.0,50200.0,5276.0
2026-09-03 14:20:00+09:00,50200.0,50500.0,49600.0,50500.0,4086.0
2026-09-03 14:30:00+09:00,50500.0,51200.0,50200.0,51200.0,3953.0
2026-09-03 14:40:00+09:00,51300.0,51500.0,51000.0,51400.0,3414.0
2026-09-03 14:50:00+09:00,51500.0,51600.0,51100.0,51500.0,2301.0
2026-09-04 09:00:00+09:00,50700.0,52900.0,50700.0,52500.0,20159.0
2026-09-04 09:10:00+09:00,52600.0,53600.0,52200.0,53200.0,18471.0
2026-09-04 09:20:00+09:00,53200.0,53700.0,52500.0,53000.0,11654.0
2026-09-04 09:30:00+09:00,53000.0,53300.0,52500.0,53100.0,6375.0
2026-09-04 09:40:00+09:00,52900.0,53100.0,52400.0,52600.0,5438.0
2026-09-04 09:50:00+09:00,52500.0,52800.0,51100.0,52200.0,10048.0
2026-09-04 10:00:00+09:00,52300.0,52300.0,51800.0,52200.0,3626.0
2026-09-04 10:10:00+09:00,52200.0,52300.0,51900.0,52100.0,2478.0
2026-09-04 10:20:00+09:00,52200.0,52600.0,52100.0,52400.0,2342.0
2026-09-04 10:30:00+09:00,52400.0,52400.0,52200.0,52300.0,1840.0
2026-09-04 10:40:00+09:00,52300.0,53100.0,52100.0,52900.0,3940.0
2026-09-04 10:50:00+09:00,52900.0,53000.0,52700.0,52900.0,3798.0
2026-09-04 11:00:00+09:00,52800.0,53100.0,52200.0,52900.0,2439.0
2026-09-04 11:10:00+09:00,52900.0,53000.0,52400.0,52700.0,1840.0
2026-09-04 11:20:00+09:00,52800.0,52900.0,52600.0,52700.0,1419.0
2026-09-04 11:30:00+09:00,52700.0,52800.0,52300.0,52300.0,1868.0
2026-09-04 11:40:00+09:00,52300.0,52800.0,52200.0,52800.0,2807.0
2026-09-04 11:50:00+09:00,52700.0,52900.0,52400.0,52500.0,1475.0
2026-09-04 12:00:00+09:00,52600.0,52800.0,52400.0,52400.0,1409.0
2026-09-04 12:10:00+09:00,52500.0,52800.0,52400.0,52500.0,1329.0
2026-09-04 12:20:00+09:00,52500.0,52700.0,52300.0,52400.0,1593.0
2026-09-04 12:30:00+09:00,52300.0,52600.0,52300.0,52500.0,1452.0
2026-09-04 12:40:00+09:00,52500.0,52700.0,52400.0,52700.0,1680.0
2026-09-04 12:50:00+09:00,52600.0,52700.0,52400.0,52500.0,1415.0
2026-09-04 13:00:00+09:00,52400.0,52600.0,52200.0,52300.0,1298.0
2026-09-04 13:10:00+09:00,52300.0,52500.0,52000.0,52300.0,1663.0
2026-09-04 13:20:00+09:00,52400.0,53000.0,52200.0,52700.0,2516.0
2026-09-04 13:30:00+09:00,52700.0,53100.0,52600.0,53000.0,3392.0
2026-09-04 13:40:00+09:00,53000.0,53100.0,52700.0,52900.0,2229.0
2026-09-04 13:50:00+09:00,52900.0,53300.0,52700.0,52900.0,4160.0
2026-09-04 14:00:00+09:00,52900.0,52900.0,52500.0,52600.0,1572.0
2026-09-04 14:10:00+09:00,52600.0,52800.0,52400.0,52700.0,1712.0
2026-09-04 14:20:00+09:00,52600.0,53100.0,52600.0,53000.0,2361.0
2026-09-04 14:30:00+09:00,53000.0,53100.0,52600.0,52900.0,2664.0
2026-09-04 14:40:00+09:00,52800.0,53100.0,52700.0,53100.0,3337.0
2026-09-04 14:50:00+09:00,52800.0,53100.0,52700.0,53100.0,2201.0
2026-09-07 09:00:00+09:00,55500.0,55500.0,53500.0,54100.0,7140.0
2026-09-07 09:10:00+09:00,54100.0,54200.0,53600.0,54100.0,11439.0
2026-09-07 09:20:00+09:00,54100.0,54500.0,54000.0,54300.0,3791.0
2026-09-07 09:30:00+09:00,54400.0,54400.0,53600.0,53700.0,1897.0
2026-09-07 09:40:00+09:00,53800.0,54000.0,53600.0,53700.0,896.0
2026-09-07 09:50:00+09:00,53800.0,53800.0,53100.0,53200.0,6770.0
2026-09-07 10:00:00+09:00,53200.0,53300.0,52500.0,52700.0,6776.0
2026-09-07 10:10:00+09:00,52700.0,53000.0,52700.0,52800.0,1149.0
2026-09-07 10:20:00+09:00,52900.0,53000.0,52600.0,53000.0,795.0
2026-09-07 10:30:00+09:00,52950.0,53000.0,51900.0,52000.0,5944.0
2026-09-07 10:40:00+09:00,52100.0,52100.0,51900.0,52100.0,1359.0
2026-09-07 10:50:00+09:00,52000.0,52300.0,52000.0,52000.0,1809.0
2026-09-07 11:00:00+09:00,52000.0,52200.0,51800.0,52100.0,1585.0
2026-09-07 11:10:00+09:00,52100.0,52100.0,51600.0,51700.0,1941.0
2026-09-07 11:20:00+09:00,51600.0,51700.0,51400.0,51600.0,1340.0
2026-09-07 11:30:00+09:00,51600.0,51900.0,51600.0,51700.0,765.0
2026-09-07 11:40:00+09:00,51700.0,51750.0,51500.0,51600.0,813.0
2026-09-07 11:50:00+09:00,51650.0,51800.0,51500.0,51800.0,1813.0
2026-09-07 12:00:00+09:00,51800.0,51900.0,51500.0,51600.0,735.0
2026-09-07 12:10:00+09:00,51600.0,51700.0,51500.0,51600.0,646.0
2026-09-07 12:20:00+09:00,51500.0,51600.0,51400.0,51400.0,1259.0
2026-09-07 12:30:00+09:00,51400.0,51550.0,51200.0,51350.0,1053.0
2026-09-07 12:40:00+09:00,51350.0,51500.0,51200.0,51500.0,1109.0
2026-09-07 12:50:00+09:00,51450.0,51600.0,51300.0,51300.0,1045.0
2026-09-07 13:00:00+09:00,51400.0,51700.0,51300.0,51600.0,1044.0
2026-09-07 13:10:00+09:00,51550.0,51750.0,51500.0,51700.0,635.0
2026-09-07 13:20:00+09:00,51650.0,51700.0,51400.0,51600.0,620.0
2026-09-07 13:30:00+09:00,51600.0,51900.0,51500.0,51800.0,2977.0
2026-09-07 13:40:00+09:00,51800.0,52000.0,51700.0,51800.0,1199.0
2026-09-07 13:50:00+09:00,51800.0,51900.0,51600.0,51900.0,2114.0
2026-09-07 14:00:00+09:00,52000.0,53150.0,51900.0,53100.0,9380.0
2026-09-07 14:10:00+09:00,53100.0,53200.0,52800.0,53000.0,3311.0
2026-09-07 14:20:00+09:00,53000.0,53100.0,52800.0,52800.0,3534.0
2026-09-07 14:30:00+09:00,52800.0,53400.0,52700.0,53200.0,3042.0
2026-09-07 14:40:00+09:00,53300.0,53650.0,53200.0,53400.0,5298.0
2026-09-07 14:50:00+09:00,53500.0,53600.0,53200.0,53200.0,3879.0
2026-09-08 09:00:00+09:00,53200.0,53300.0,52700.0,52900.0,1478.0
2026-09-08 09:10:00+09:00,52800.0,53600.0,52800.0,53200.0,919.0
2026-09-08 09:20:00+09:00,53300.0,53900.0,53300.0,53800.0,1426.0
2026-09-08 09:30:00+09:00,53900.0,54000.0,53500.0,53500.0,1313.0
2026-09-08 09:40:00+09:00,53500.0,53650.0,53300.0,53500.0,830.0
2026-09-08 09:50:00+09:00,53500.0,53800.0,53300.0,53750.0,483.0
2026-09-08 10:00:00+09:00,53800.0,53800.0,53300.0,53500.0,521.0
2026-09-08 10:10:00+09:00,53500.0,53800.0,53300.0,53300.0,1148.0
2026-09-08 10:20:00+09:00,53300.0,53350.0,53000.0,53100.0,468.0
2026-09-08 10:30:00+09:00,53050.0,53400.0,52700.0,53400.0,2239.0
2026-09-08 10:40:00+09:00,53500.0,53600.0,53300.0,53500.0,366.0
2026-09-08 10:50:00+09:00,53500.0,53500.0,53200.0,53400.0,1070.0
2026-09-08 11:00:00+09:00,53200.0,53500.0,52900.0,53100.0,604.0
2026-09-08 11:10:00+09:00,53100.0,53100.0,52700.0,52800.0,695.0
2026-09-08 11:20:00+09:00,52800.0,52800.0,52000.0,52700.0,2014.0
2026-09-08 11:30:00+09:00,52800.0,52800.0,52700.0,52700.0,393.0
2026-09-08 11:40:00+09:00,52700.0,52900.0,52700.0,52900.0,981.0
2026-09-08 11:50:00+09:00,52800.0,52900.0,52700.0,52700.0,306.0
2026-09-08 12:00:00+09:00,52700.0,52900.0,52600.0,52800.0,392.0
2026-09-08 12:10:00+09:00,52900.0,52900.0,52600.0,52600.0,115.0
2026-09-08 12:20:00+09:00,52600.0,52700.0,52600.0,52700.0,54.0
2026-09-08 12:30:00+09:00,52800.0,52800.0,52600.0,52600.0,158.0
2026-09-08 12:40:00+09:00,52700.0,52800.0,52600.0,52800.0,477.0
2026-09-08 12:50:00+09:00,52700.0,52800.0,52600.0,52800.0,161.0
2026-09-08 13:00:00+09:00,52800.0,53000.0,52700.0,52900.0,50.0
2026-09-08 13:10:00+09:00,52900.0,53000.0,52800.0,52900.0,100.0
2026-09-08 13:20:00+09:00,53000.0,53800.0,52800.0,53400.0,1977.0
2026-09-08 13:30:00+09:00,53600.0,53700.0,53300.0,53600.0,3000.0
2026-09-08 13:40:00+09:00,53600.0,53800.0,53300.0,53600.0,2377.0
2026-09-08 13:50:00+09:00,53700.0,53700.0,53000.0,53500.0,2846.0
2026-09-08 14:00:00+09:00,53400.0,53500.0,52900.0,52900.0,3064.0
2026-09-08 14:10:00+09:00,53000.0,53700.0,53000.0,53600.0,3274.0
2026-09-08 14:20:00+09:00,53600.0,53900.0,53300.0,53400.0,2633.0
2026-09-08 14:30:00+09:00,53400.0,53500.0,53000.0,53200.0,1072.0
2026-09-08 14:40:00+09:00,53200.0,53300.0,52900.0,53000.0,927.0
2026-09-08 14:50:00+09:00,53000.0,53000.0,52500.0,52500.0,1365.0
2026-09-09 09:00:00+09:00,52300.0,54400.0,52300.0,53500.0,5106.0
2026-09-09 09:10:00+09:00,53600.0,54200.0,53500.0,53900.0,2884.0
2026-09-09 09:20:00+09:00,54000.0,54300.0,53300.0,53500.0,2636.0
2026-09-09 09:30:00+09:00,53500.0,53800.0,53200.0,53750.0,1253.0
2026-09-09 09:40:00+09:00,53750.0,54200.0,53600.0,54200.0,3472.0
2026-09-09 09:50:00+09:00,54200.0,54200.0,53800.0,53800.0,1876.0
2026-09-09 10:00:00+09:00,53850.0,54000.0,53400.0,53500.0,1469.0
2026-09-09 10:10:00+09:00,53600.0,53700.0,53000.0,53100.0,2571.0
2026-09-09 10:20:00+09:00,53100.0,53500.0,53000.0,53100.0,877.0
2026-09-09 10:30:00+09:00,53100.0,53300.0,53000.0,53100.0,331.0
2026-09-09 10:40:00+09:00,53200.0,53200.0,52800.0,53100.0,752.0
2026-09-09 10:50:00+09:00,53200.0,53200.0,52800.0,53000.0,503.0
2026-09-09 11:00:00+09:00,53000.0,53100.0,52700.0,52800.0,1407.0
2026-09-09 11:10:00+09:00,52800.0,52900.0,52800.0,52800.0,221.0
2026-09-09 11:20:00+09:00,52800.0,52900.0,52700.0,52800.0,541.0
2026-09-09 11:30:00+09:00,52700.0,52800.0,52500.0,52500.0,835.0
2026-09-09 11:40:00+09:00,52500.0,52500.0,52200.0,52500.0,609.0
2026-09-09 11:50:00+09:00,52400.0,52500.0,52300.0,52300.0,699.0
2026-09-09 12:00:00+09:00,52300.0,52800.0,52200.0,52600.0,1028.0
2026-09-09 12:10:00+09:00,52500.0,53000.0,52500.0,53000.0,476.0
2026-09-09 12:20:00+09:00,53000.0,53000.0,52800.0,53000.0,335.0
2026-09-09 12:30:00+09:00,53000.0,53000.0,52900.0,53000.0,122.0
2026-09-09 12:40:00+09:00,53000.0,53000.0,52800.0,52900.0,405.0
2026-09-09 12:50:00+09:00,52800.0,52900.0,52700.0,52800.0,742.0
2026-09-09 13:00:00+09:00,52800.0,52800.0,52700.0,52800.0,162.0
2026-09-09 13:10:00+09:00,52800.0,52800.0,52300.0,52400.0,759.0
2026-09-09 13:20:00+09:00,52400.0,52600.0,52300.0,52400.0,868.0
2026-09-09 13:30:00+09:00,52400.0,53000.0,52200.0,53000.0,1713.0
2026-09-09 13:40:00+09:00,53000.0,53500.0,53000.0,53300.0,1938.0
2026-09-09 13:50:00+09:00,53400.0,53400.0,53200.0,53300.0,471.0
2026-09-09 14:00:00+09:00,53200.0,53400.0,53000.0,53100.0,611.0
2026-09-09 14:10:00+09:00,53000.0,53300.0,52900.0,53100.0,682.0
2026-09-09 14:20:00+09:00,52900.0,53400.0,52900.0,53200.0,1188.0
2026-09-09 14:30:00+09:00,53300.0,53500.0,53200.0,53400.0,4627.0
2026-09-09 14:40:00+09:00,53400.0,53500.0,53300.0,53300.0,1571.0
2026-09-09 14:50:00+09:00,53200.0,53300.0,53000.0,53000.0,749.0
2026-09-10 09:00:00+09:00,53600.0,55900.0,53000.0,55500.0,10024.0
2026-09-10 09:10:00+09:00,55600.0,57000.0,55600.0,56500.0,33083.0
2026-09-10 09:20:00+09:00,56500.0,56900.0,55400.0,55600.0,5082.0
2026-09-10 09:30:00+09:00,55600.0,55600.0,54500.0,54600.0,5100.0
2026-09-10 09:40:00+09:00,54600.0,54900.0,54300.0,54700.0,2422.0
2026-09-10 09:50:00+09:00,54800.0,55100.0,54100.0,55000.0,3510.0
2026-09-10 10:00:00+09:00,54900.0,55400.0,54800.0,55100.0,3363.0
2026-09-10 10:10:00+09:00,55100.0,55300.0,54800.0,55200.0,3740.0
2026-09-10 10:20:00+09:00,55200.0,55600.0,54600.0,55300.0,3105.0
2026-09-10 10:30:00+09:00,55300.0,55300.0,54800.0,55100.0,1939.0
2026-09-10 10:40:00+09:00,55300.0,56500.0,55200.0,56250.0,6047.0
2026-09-10 10:50:00+09:00,56300.0,56600.0,56000.0,56400.0,4538.0
2026-09-10 11:00:00+09:00,56400.0,58000.0,56400.0,57600.0,24268.0
2026-09-10 11:10:00+09:00,57600.0,58900.0,57400.0,58100.0,19123.0
2026-09-10 11:20:00+09:00,58100.0,58200.0,57400.0,57800.0,4523.0
2026-09-10 11:30:00+09:00,57800.0,58000.0,57400.0,57900.0,4238.0
2026-09-10 11:40:00+09:00,57900.0,58000.0,57600.0,57800.0,2745.0
2026-09-10 11:50:00+09:00,57700.0,58900.0,57500.0,58900.0,9954.0
2026-09-10 12:00:00+09:00,59000.0,59700.0,58600.0,59600.0,13215.0
2026-09-10 12:10:00+09:00,59500.0,60500.0,58900.0,60400.0,24073.0
2026-09-10 12:20:00+09:00,60500.0,61700.0,60200.0,61600.0,26199.0
2026-09-10 12:30:00+09:00,61500.0,61700.0,60700.0,61200.0,16123.0
2026-09-10 12:40:00+09:00,61200.0,62000.0,60800.0,61300.0,15725.0
2026-09-10 12:50:00+09:00,61300.0,61500.0,60000.0,60300.0,14673.0
2026-09-10 13:00:00+09:00,60400.0,60600.0,59100.0,59400.0,12151.0
2026-09-10 13:10:00+09:00,59400.0,60500.0,59000.0,60300.0,9948.0
2026-09-10 13:20:00+09:00,60300.0,60500.0,59500.0,59700.0,8952.0
2026-09-10 13:30:00+09:00,59700.0,59800.0,58700.0,58900.0,11002.0
2026-09-10 13:40:00+09:00,58900.0,59200.0,58600.0,58800.0,9843.0
2026-09-10 13:50:00+09:00,58800.0,58900.0,58300.0,58600.0,8089.0
2026-09-10 14:00:00+09:00,58600.0,58900.0,58300.0,58700.0,5689.0
2026-09-10 14:10:00+09:00,58800.0,59000.0,58600.0,58700.0,5407.0
2026-09-10 14:20:00+09:00,58700.0,58900.0,58300.0,58900.0,6658.0
2026-09-10 14:30:00+09:00,58800.0,59100.0,58700.0,59000.0,8620.0
2026-09-10 14:40:00+09:00,58900.0,59200.0,58800.0,59000.0,7263.0
2026-09-10 14:50:00+09:00,59000.0,59100.0,58600.0,58700.0,7044.0
2026-09-11 09:00:00+09:00,58300.0,60600.0,57400.0,60000.0,14194.0
2026-09-11 09:10:00+09:00,60000.0,60200.0,58800.0,58900.0,9485.0
2026-09-11 09:20:00+09:00,58900.0,59000.0,58450.0,58450.0,4967.0
2026-09-11 09:30:00+09:00,58450.0,58700.0,57800.0,57800.0,5188.0
2026-09-11 09:40:00+09:00,57900.0,58100.0,57200.0,57500.0,10360.0
2026-09-11 09:50:00+09:00,57600.0,58000.0,57400.0,57700.0,4335.0
2026-09-11 10:00:00+09:00,57700.0,57800.0,56900.0,56900.0,4341.0
2026-09-11 10:10:00+09:00,57000.0,57100.0,56600.0,56700.0,5895.0
2026-09-11 10:20:00+09:00,56700.0,57100.0,56700.0,57000.0,3384.0
2026-09-11 10:30:00+09:00,56850.0,57200.0,56800.0,57100.0,2630.0
2026-09-11 10:40:00+09:00,57100.0,57100.0,56750.0,56900.0,2305.0
2026-09-11 10:50:00+09:00,56900.0,57100.0,56800.0,56800.0,2321.0
2026-09-11 11:00:00+09:00,56800.0,57000.0,56700.0,56900.0,1246.0
2026-09-11 11:10:00+09:00,57000.0,57600.0,56850.0,57400.0,2315.0
2026-09-11 11:20:00+09:00,57400.0,57600.0,56850.0,56900.0,1605.0
2026-09-11 11:30:00+09:00,56900.0,57000.0,56200.0,56700.0,7817.0
2026-09-11 11:40:00+09:00,56700.0,56900.0,56200.0,56300.0,9472.0
2026-09-11 11:50:00+09:00,56500.0,56600.0,56200.0,56300.0,2516.0
2026-09-11 12:00:00+09:00,56400.0,56500.0,56200.0,56400.0,1698.0
2026-09-11 12:10:00+09:00,56300.0,56400.0,56200.0,56200.0,1537.0
2026-09-11 12:20:00+09:00,56200.0,56300.0,56000.0,56200.0,2107.0
2026-09-11 12:30:00+09:00,56100.0,56350.0,56100.0,56300.0,1952.0
2026-09-11 12:40:00+09:00,56300.0,56500.0,56000.0,56000.0,1976.0
2026-09-11 12:50:00+09:00,56000.0,56200.0,56000.0,56100.0,1426.0
2026-09-11 13:00:00+09:00,56100.0,56200.0,55700.0,55900.0,1767.0
2026-09-11 13:10:00+09:00,55900.0,56100.0,55900.0,55900.0,1369.0
2026-09-11 13:20:00+09:00,56000.0,56300.0,55900.0,56200.0,1906.0
2026-09-11 13:30:00+09:00,56150.0,56300.0,56100.0,56200.0,1205.0
2026-09-11 13:40:00+09:00,56300.0,56300.0,56000.0,56000.0,1396.0
2026-09-11 13:50:00+09:00,56000.0,56200.0,55900.0,56100.0,2394.0
2026-09-11 14:00:00+09:00,56100.0,56400.0,55900.0,56400.0,2264.0
2026-09-11 14:10:00+09:00,56300.0,56500.0,56100.0,56300.0,1816.0
2026-09-11 14:20:00+09:00,56300.0,56350.0,56000.0,56100.0,1550.0
2026-09-11 14:30:00+09:00,56000.0,56300.0,56000.0,56100.0,1693.0
2026-09-11 14:40:00+09:00,56200.0,56200.0,55800.0,55800.0,2730.0
2026-09-11 14:50:00+09:00,55800.0,56300.0,55700.0,56000.0,4299.0
2026-09-14 09:00:00+09:00,53300.0,55200.0,52800.0,54700.0,1821.0
2026-09-14 09:10:00+09:00,54600.0,54600.0,53400.0,53900.0,6908.0
2026-09-14 09:20:00+09:00,54000.0,54300.0,53800.0,53800.0,6991.0
2026-09-14 09:30:00+09:00,53800.0,54100.0,53600.0,53700.0,9691.0
2026-09-14 09:40:00+09:00,53800.0,54800.0,53700.0,54700.0,2657.0
2026-09-14 09:50:00+09:00,54700.0,54700.0,53700.0,54000.0,3649.0
2026-09-14 10:00:00+09:00,53900.0,54400.0,53600.0,53900.0,4275.0
2026-09-14 10:10:00+09:00,53800.0,54000.0,53200.0,53700.0,4453.0
2026-09-14 10:20:00+09:00,53700.0,53800.0,53250.0,53700.0,6432.0
2026-09-14 10:30:00+09:00,53600.0,53700.0,53100.0,53300.0,3879.0
2026-09-14 10:40:00+09:00,53250.0,53300.0,53100.0,53150.0,2633.0
2026-09-14 10:50:00+09:00,53150.0,53800.0,53050.0,53600.0,3822.0
2026-09-14 11:00:00+09:00,53600.0,54200.0,53600.0,54000.0,5984.0
2026-09-14 11:10:00+09:00,54000.0,54100.0,53700.0,53800.0,2331.0
2026-09-14 11:20:00+09:00,53900.0,54000.0,53650.0,53800.0,2945.0
2026-09-14 11:30:00+09:00,53800.0,54000.0,53700.0,53800.0,2579.0
2026-09-14 11:40:00+09:00,53800.0,53900.0,53700.0,53700.0,2378.0
2026-09-14 11:50:00+09:00,53700.0,53800.0,53550.0,53650.0,2611.0
2026-09-14 12:00:00+09:00,53600.0,54200.0,53600.0,54000.0,2479.0
2026-09-14 12:10:00+09:00,54100.0,54200.0,53900.0,53900.0,817.0
2026-09-14 12:20:00+09:00,53900.0,54000.0,53800.0,54000.0,693.0
2026-09-14 12:30:00+09:00,54000.0,54100.0,53700.0,53800.0,780.0
2026-09-14 12:40:00+09:00,53800.0,54100.0,53700.0,54000.0,1240.0
2026-09-14 12:50:00+09:00,54100.0,54300.0,53900.0,53900.0,3403.0
2026-09-14 13:00:00+09:00,53900.0,54100.0,53800.0,53900.0,783.0
2026-09-14 13:10:00+09:00,53900.0,54100.0,53700.0,53800.0,928.0
2026-09-14 13:20:00+09:00,53800.0,53900.0,53600.0,53700.0,934.0
2026-09-14 13:30:00+09:00,53600.0,53700.0,53400.0,53500.0,1221.0
2026-09-14 13:40:00+09:00,53500.0,53800.0,53500.0,53600.0,1133.0
2026-09-14 13:50:00+09:00,53700.0,53700.0,53400.0,53400.0,1511.0
2026-09-14 14:00:00+09:00,53400.0,53600.0,53200.0,53400.0,4109.0
2026-09-14 14:10:00+09:00,53400.0,53400.0,53100.0,53100.0,2811.0
2026-09-14 14:20:00+09:00,53100.0,53300.0,53000.0,53000.0,4879.0
2026-09-14 14:30:00+09:00,53000.0,53400.0,53000.0,53200.0,2403.0
2026-09-14 14:40:00+09:00,53200.0,53400.0,53000.0,53100.0,3618.0
2026-09-14 14:50:00+09:00,53200.0,53400.0,53000.0,53300.0,3272.0
2026-09-15 09:00:00+09:00,53000.0,53300.0,52200.0,52900.0,4770.0
2026-09-15 09:10:00+09:00,52900.0,55100.0,52100.0,55100.0,6053.0
2026-09-15 09:20:00+09:00,55100.0,55800.0,54200.0,54800.0,8559.0
2026-09-15 09:30:00+09:00,54800.0,55100.0,54000.0,54500.0,3597.0
2026-09-15 09:40:00+09:00,54500.0,54500.0,53500.0,53600.0,1914.0
2026-09-15 09:50:00+09:00,53500.0,53700.0,53300.0,53300.0,1753.0
2026-09-15 10:00:00+09:00,53300.0,54300.0,53000.0,54200.0,2154.0
2026-09-15 10:10:00+09:00,54100.0,54500.0,54000.0,54300.0,789.0
2026-09-15 10:20:00+09:00,54300.0,54700.0,54100.0,54100.0,1056.0
2026-09-15 10:30:00+09:00,54000.0,54300.0,53800.0,54200.0,1943.0
2026-09-15 10:40:00+09:00,54000.0,54000.0,53600.0,54000.0,1710.0
2026-09-15 10:50:00+09:00,53900.0,54200.0,53800.0,54200.0,841.0
2026-09-15 11:00:00+09:00,54200.0,54500.0,54000.0,54100.0,644.0
2026-09-15 11:10:00+09:00,54000.0,54300.0,53900.0,54100.0,430.0
2026-09-15 11:20:00+09:00,54200.0,54200.0,53900.0,54100.0,551.0
2026-09-15 11:30:00+09:00,54000.0,54700.0,53900.0,54400.0,779.0
2026-09-15 11:40:00+09:00,54400.0,54600.0,54300.0,54600.0,660.0
2026-09-15 11:50:00+09:00,54600.0,54600.0,54300.0,54500.0,442.0
2026-09-15 12:00:00+09:00,54400.0,54800.0,54400.0,54800.0,894.0
2026-09-15 12:10:00+09:00,54700.0,54800.0,54600.0,54800.0,1276.0
2026-09-15 12:20:00+09:00,54700.0,54800.0,54200.0,54500.0,765.0
2026-09-15 12:30:00+09:00,54500.0,54500.0,54300.0,54400.0,448.0
2026-09-15 12:40:00+09:00,54400.0,54800.0,54200.0,54800.0,873.0
2026-09-15 12:50:00+09:00,54600.0,55100.0,54600.0,54800.0,2151.0
2026-09-15 13:00:00+09:00,54700.0,55100.0,54500.0,54900.0,1701.0
2026-09-15 13:10:00+09:00,54900.0,54900.0,54100.0,54200.0,4010.0
2026-09-15 13:20:00+09:00,54300.0,54400.0,54000.0,54000.0,1042.0
2026-09-15 13:30:00+09:00,54000.0,54400.0,53800.0,53800.0,684.0
2026-09-15 13:40:00+09:00,53800.0,54500.0,53800.0,54300.0,945.0
2026-09-15 13:50:00+09:00,54400.0,54400.0,53900.0,53900.0,964.0
2026-09-15 14:00:00+09:00,53900.0,54300.0,53800.0,54000.0,851.0
2026-09-15 14:10:00+09:00,53900.0,54000.0,53200.0,53500.0,4150.0
2026-09-15 14:20:00+09:00,53500.0,53800.0,53300.0,53800.0,2229.0
2026-09-15 14:30:00+09:00,53700.0,53800.0,53300.0,53500.0,2294.0
2026-09-15 14:40:00+09:00,53400.0,53800.0,53400.0,53700.0,2358.0
2026-09-15 14:50:00+09:00,53700.0,53800.0,53300.0,53400.0,2952.0
2026-09-16 09:00:00+09:00,53500.0,53900.0,52600.0,52900.0,4221.0
2026-09-16 09:10:00+09:00,52900.0,53400.0,52800.0,53300.0,1738.0
2026-09-16 09:20:00+09:00,53200.0,53800.0,53000.0,53300.0,1554.0
2026-09-16 09:30:00+09:00,53300.0,53700.0,53200.0,53600.0,964.0
2026-09-16 09:40:00+09:00,53500.0,53600.0,52900.0,52900.0,698.0
2026-09-16 09:50:00+09:00,53000.0,53300.0,53000.0,53300.0,760.0
2026-09-16 10:00:00+09:00,53200.0,53300.0,52800.0,52800.0,1520.0
2026-09-16 10:10:00+09:00,52700.0,53400.0,52700.0,52800.0,1391.0
2026-09-16 10:20:00+09:00,52800.0,53500.0,52800.0,53400.0,520.0
2026-09-16 10:30:00+09:00,53500.0,53700.0,53400.0,53400.0,269.0
2026-09-16 10:40:00+09:00,53300.0,53500.0,53100.0,53500.0,1388.0
2026-09-16 10:50:00+09:00,53500.0,53500.0,53400.0,53400.0,300.0
2026-09-16 11:00:00+09:00,53400.0,53700.0,53300.0,53600.0,341.0
2026-09-16 11:10:00+09:00,53600.0,53900.0,53500.0,53900.0,172.0
2026-09-16 11:20:00+09:00,53800.0,53900.0,53800.0,53900.0,274.0
2026-09-16 11:30:00+09:00,54000.0,54300.0,53700.0,53700.0,988.0
2026-09-16 11:40:00+09:00,53700.0,53800.0,53600.0,53800.0,120.0
2026-09-16 11:50:00+09:00,53700.0,53800.0,53700.0,53700.0,120.0
2026-09-16 12:00:00+09:00,53900.0,54800.0,53900.0,54400.0,1928.0
2026-09-16 12:10:00+09:00,54400.0,54800.0,54400.0,54700.0,2294.0
2026-09-16 12:20:00+09:00,54700.0,54700.0,54300.0,54400.0,186.0
2026-09-16 12:30:00+09:00,54300.0,54400.0,54300.0,54300.0,377.0
2026-09-16 12:40:00+09:00,54400.0,54500.0,54200.0,54400.0,559.0
2026-09-16 12:50:00+09:00,54300.0,54900.0,54300.0,54700.0,920.0
2026-09-16 13:00:00+09:00,54600.0,55500.0,54600.0,55100.0,1788.0
2026-09-16 13:10:00+09:00,55100.0,55600.0,55100.0,55500.0,2817.0
2026-09-16 13:20:00+09:00,55400.0,56000.0,55200.0,55200.0,3418.0
2026-09-16 13:30:00+09:00,55100.0,55700.0,55100.0,55700.0,1364.0
2026-09-16 13:40:00+09:00,55700.0,55900.0,55400.0,55400.0,977.0
2026-09-16 13:50:00+09:00,55400.0,55600.0,55200.0,55500.0,899.0
2026-09-16 14:00:00+09:00,55400.0,55500.0,55200.0,55400.0,1623.0
2026-09-16 14:10:00+09:00,55500.0,55900.0,55300.0,55800.0,2700.0
2026-09-16 14:20:00+09:00,55900.0,55900.0,55600.0,55700.0,1368.0
2026-09-16 14:30:00+09:00,55800.0,55900.0,55300.0,55400.0,1123.0
2026-09-16 14:40:00+09:00,55500.0,56400.0,55400.0,56200.0,12250.0
2026-09-16 14:50:00+09:00,56200.0,56300.0,55800.0,56100.0,1496.0
2026-09-17 09:00:00+09:00,56900.0,58200.0,56200.0,57800.0,6660.0
2026-09-17 09:10:00+09:00,57800.0,57800.0,56400.0,56800.0,5068.0
2026-09-17 09:20:00+09:00,56700.0,57400.0,56300.0,56900.0,3156.0
2026-09-17 09:30:00+09:00,56700.0,57450.0,56700.0,57200.0,1932.0
2026-09-17 09:40:00+09:00,57300.0,57700.0,56900.0,57500.0,2943.0
2026-09-17 09:50:00+09:00,57600.0,58200.0,57400.0,58100.0,4119.0
2026-09-17 10:00:00+09:00,58100.0,58800.0,57700.0,58600.0,6243.0
2026-09-17 10:10:00+09:00,58600.0,59500.0,58300.0,58900.0,15851.0
2026-09-17 10:20:00+09:00,58900.0,59600.0,58800.0,59000.0,6616.0
2026-09-17 10:30:00+09:00,59100.0,59300.0,58600.0,59200.0,4305.0
2026-09-17 10:40:00+09:00,59200.0,59400.0,58900.0,59100.0,2701.0
2026-09-17 10:50:00+09:00,58900.0,59200.0,58700.0,59100.0,2271.0
2026-09-17 11:00:00+09:00,59000.0,59400.0,59000.0,59200.0,2134.0
2026-09-17 11:10:00+09:00,59100.0,59600.0,59000.0,59300.0,2448.0
2026-09-17 11:20:00+09:00,59600.0,59600.0,58700.0,58800.0,4550.0
2026-09-17 11:30:00+09:00,58800.0,59400.0,58800.0,59400.0,3520.0
2026-09-17 11:40:00+09:00,59300.0,59500.0,58900.0,59300.0,2561.0
2026-09-17 11:50:00+09:00,59200.0,59400.0,59000.0,59300.0,2273.0
2026-09-17 12:00:00+09:00,59300.0,59400.0,58800.0,59100.0,3763.0
2026-09-17 12:10:00+09:00,59100.0,59300.0,59000.0,59100.0,1481.0
2026-09-17 12:20:00+09:00,59100.0,59400.0,59100.0,59200.0,1942.0
2026-09-17 12:30:00+09:00,59300.0,59300.0,59100.0,59200.0,1102.0
2026-09-17 12:40:00+09:00,59200.0,59400.0,58900.0,59200.0,1246.0
2026-09-17 12:50:00+09:00,59000.0,59300.0,59000.0,59100.0,979.0
2026-09-17 13:00:00+09:00,59100.0,59300.0,58800.0,59000.0,982.0
2026-09-17 13:10:00+09:00,58900.0,59000.0,58400.0,58500.0,5849.0
2026-09-17 13:20:00+09:00,58600.0,58800.0,58300.0,58500.0,1344.0
2026-09-17 13:30:00+09:00,58600.0,58700.0,58200.0,58500.0,910.0
2026-09-17 13:40:00+09:00,58500.0,58800.0,58400.0,58700.0,1032.0
2026-09-17 13:50:00+09:00,58800.0,58800.0,58400.0,58500.0,1358.0
2026-09-17 14:00:00+09:00,58600.0,58700.0,58300.0,58400.0,1228.0
2026-09-17 14:10:00+09:00,58500.0,58700.0,58200.0,58200.0,1082.0
2026-09-17 14:20:00+09:00,58200.0,58500.0,58000.0,58300.0,1941.0
2026-09-17 14:30:00+09:00,58300.0,58400.0,58000.0,58300.0,1197.0
2026-09-17 14:40:00+09:00,58100.0,58300.0,57800.0,58100.0,4011.0
2026-09-17 14:50:00+09:00,58200.0,58200.0,57700.0,57800.0,858.0
2026-09-18 09:00:00+09:00,58700.0,58700.0,57600.0,58000.0,3143.0
2026-09-18 09:10:00+09:00,58200.0,58200.0,57600.0,57800.0,2355.0
2026-09-18 09:20:00+09:00,57800.0,58000.0,57400.0,57600.0,1588.0
2026-09-18 09:30:00+09:00,57600.0,57800.0,57200.0,57200.0,1463.0
2026-09-18 09:40:00+09:00,57300.0,57500.0,56500.0,57000.0,2394.0
2026-09-18 09:50:00+09:00,57100.0,57100.0,56700.0,56900.0,1687.0
2026-09-18 10:00:00+09:00,56800.0,56900.0,56300.0,56400.0,2187.0
2026-09-18 10:10:00+09:00,56400.0,56900.0,56400.0,56700.0,1346.0
2026-09-18 10:20:00+09:00,56500.0,56900.0,56400.0,56700.0,1032.0
2026-09-18 10:30:00+09:00,56800.0,56900.0,56600.0,56600.0,721.0
2026-09-18 10:40:00+09:00,56600.0,56800.0,56500.0,56800.0,510.0
2026-09-18 10:50:00+09:00,56600.0,56600.0,56400.0,56500.0,962.0
2026-09-18 11:00:00+09:00,56500.0,56500.0,56200.0,56300.0,1092.0
2026-09-18 11:10:00+09:00,56300.0,56500.0,56300.0,56400.0,586.0
2026-09-18 11:20:00+09:00,56400.0,56800.0,56300.0,56500.0,840.0
2026-09-18 11:30:00+09:00,56500.0,56700.0,56400.0,56400.0,1181.0
2026-09-18 11:40:00+09:00,56400.0,56500.0,56400.0,56400.0,371.0
2026-09-18 11:50:00+09:00,56400.0,56500.0,56200.0,56300.0,2259.0
2026-09-18 12:00:00+09:00,56400.0,56600.0,56300.0,56600.0,557.0
2026-09-18 12:10:00+09:00,56500.0,56700.0,56200.0,56200.0,836.0
2026-09-18 12:20:00+09:00,56400.0,56400.0,56100.0,56100.0,2935.0
2026-09-18 12:30:00+09:00,56100.0,56200.0,55900.0,56000.0,2493.0
2026-09-18 12:40:00+09:00,55900.0,55900.0,55700.0,55800.0,2495.0
2026-09-18 12:50:00+09:00,55800.0,56000.0,55700.0,55800.0,852.0
2026-09-18 13:00:00+09:00,55800.0,55900.0,55700.0,55700.0,795.0
2026-09-18 13:10:00+09:00,55700.0,56100.0,55700.0,56100.0,738.0
2026-09-18 13:20:00+09:00,56000.0,56200.0,55900.0,56000.0,903.0
2026-09-18 13:30:00+09:00,56100.0,56200.0,55900.0,55900.0,802.0
2026-09-18 13:40:00+09:00,55900.0,56100.0,55800.0,55900.0,1682.0
2026-09-18 13:50:00+09:00,56000.0,56100.0,55800.0,55800.0,841.0
2026-09-18 14:00:00+09:00,55900.0,56300.0,55900.0,56100.0,1868.0
2026-09-18 14:10:00+09:00,56200.0,56600.0,56100.0,56400.0,1801.0
2026-09-18 14:20:00+09:00,56400.0,57200.0,56100.0,56400.0,2168.0
2026-09-18 14:30:00+09:00,56500.0,56700.0,56400.0,56400.0,1350.0
2026-09-18 14:40:00+09:00,56600.0,56600.0,56400.0,56400.0,860.0
2026-09-18 14:50:00+09:00,56500.0,56600.0,56200.0,56200.0,1330.0
2026-09-21 09:00:00+09:00,56800.0,57900.0,56200.0,57000.0,2579.0
2026-09-21 09:10:00+09:00,56800.0,57200.0,56200.0,57200.0,1602.0
2026-09-21 09:20:00+09:00,57200.0,57600.0,57100.0,57200.0,3849.0
2026-09-21 09:30:00+09:00,57200.0,57300.0,56200.0,56900.0,1565.0
2026-09-21 09:40:00+09:00,56800.0,57000.0,56700.0,57000.0,1300.0
2026-09-21 09:50:00+09:00,57000.0,57900.0,56900.0,57700.0,2547.0
2026-09-21 10:00:00+09:00,57800.0,58200.0,57600.0,58000.0,3582.0
2026-09-21 10:10:00+09:00,57900.0,58500.0,57800.0,58400.0,3222.0
2026-09-21 10:20:00+09:00,58400.0,58700.0,58300.0,58500.0,4249.0
2026-09-21 10:30:00+09:00,58400.0,58500.0,58100.0,58300.0,1086.0
2026-09-21 10:40:00+09:00,58300.0,59000.0,58200.0,58800.0,4286.0
2026-09-21 10:50:00+09:00,58800.0,58900.0,57950.0,57950.0,3162.0
2026-09-21 11:00:00+09:00,57950.0,58500.0,57900.0,58200.0,988.0
2026-09-21 11:10:00+09:00,58200.0,58400.0,58200.0,58400.0,650.0
2026-09-21 11:20:00+09:00,58300.0,58500.0,58200.0,58500.0,684.0
2026-09-21 11:30:00+09:00,58500.0,58600.0,58100.0,58200.0,491.0
2026-09-21 11:40:00+09:00,58300.0,58300.0,58100.0,58200.0,1035.0
2026-09-21 11:50:00+09:00,58300.0,58400.0,58100.0,58300.0,615.0
2026-09-21 12:00:00+09:00,58300.0,58400.0,58100.0,58400.0,1935.0
2026-09-21 12:10:00+09:00,58400.0,58800.0,58300.0,58600.0,5111.0
2026-09-21 12:20:00+09:00,58600.0,58600.0,58100.0,58500.0,1507.0
2026-09-21 12:30:00+09:00,58300.0,58600.0,58300.0,58500.0,1270.0
2026-09-21 12:40:00+09:00,58500.0,58700.0,58400.0,58700.0,1032.0
2026-09-21 12:50:00+09:00,58600.0,58700.0,57800.0,57800.0,5272.0
2026-09-21 13:00:00+09:00,57850.0,57900.0,57000.0,57300.0,4335.0
2026-09-21 13:10:00+09:00,57200.0,57900.0,57100.0,57450.0,5013.0
2026-09-21 13:20:00+09:00,57400.0,57700.0,57300.0,57400.0,3966.0
2026-09-21 13:30:00+09:00,57600.0,57800.0,57200.0,57200.0,4325.0
2026-09-21 13:40:00+09:00,57300.0,57500.0,57100.0,57200.0,4242.0
2026-09-21 13:50:00+09:00,57300.0,57800.0,57000.0,57300.0,4654.0
2026-09-21 14:00:00+09:00,57300.0,58200.0,57200.0,57900.0,1706.0
2026-09-21 14:10:00+09:00,57800.0,58200.0,57700.0,58200.0,1003.0
2026-09-21 14:20:00+09:00,57900.0,58200.0,57600.0,57700.0,728.0
2026-09-21 14:30:00+09:00,57600.0,57900.0,57600.0,57800.0,579.0
2026-09-21 14:40:00+09:00,57900.0,58100.0,57700.0,57900.0,511.0
2026-09-21 14:50:00+09:00,57900.0,58100.0,57300.0,57900.0,1688.0
2026-09-22 09:00:00+09:00,62100.0,62100.0,59700.0,61500.0,29345.0
2026-09-22 09:10:00+09:00,61400.0,63600.0,61400.0,62700.0,51221.0
2026-09-22 09:20:00+09:00,62700.0,64400.0,62000.0,64400.0,33128.0
2026-09-22 09:30:00+09:00,64400.0,64700.0,63700.0,64300.0,27593.0
2026-09-22 09:40:00+09:00,64300.0,64900.0,63950.0,64600.0,38273.0
2026-09-22 09:50:00+09:00,64700.0,65900.0,64600.0,65900.0,39797.0
2026-09-22 10:00:00+09:00,65900.0,67000.0,65600.0,65700.0,34341.0
2026-09-22 10:10:00+09:00,65800.0,66500.0,65200.0,66400.0,17977.0
2026-09-22 10:20:00+09:00,66400.0,67000.0,66000.0,66300.0,12115.0
2026-09-22 10:30:00+09:00,66400.0,67600.0,66200.0,66900.0,38654.0
2026-09-22 10:40:00+09:00,66900.0,67700.0,66300.0,66600.0,18544.0
2026-09-22 10:50:00+09:00,66600.0,67300.0,66200.0,66600.0,26989.0
2026-09-22 11:00:00+09:00,66600.0,67100.0,65800.0,66100.0,23516.0
2026-09-22 11:10:00+09:00,66100.0,66500.0,65200.0,66250.0,22825.0
2026-09-22 11:20:00+09:00,66200.0,67100.0,66100.0,66600.0,5795.0
2026-09-22 11:30:00+09:00,66700.0,67000.0,66100.0,66400.0,5089.0
2026-09-22 11:40:00+09:00,66400.0,66800.0,66300.0,66500.0,2751.0
2026-09-22 11:50:00+09:00,66500.0,66600.0,66100.0,66300.0,3846.0
2026-09-22 12:00:00+09:00,66400.0,66500.0,65600.0,66000.0,3508.0
2026-09-22 12:10:00+09:00,66000.0,66500.0,66000.0,66300.0,3595.0
2026-09-22 12:20:00+09:00,66300.0,66600.0,66200.0,66400.0,2043.0
2026-09-22 12:30:00+09:00,66500.0,66600.0,66300.0,66400.0,3047.0
2026-09-22 12:40:00+09:00,66400.0,66500.0,66300.0,66400.0,1697.0
2026-09-22 12:50:00+09:00,66200.0,66600.0,66100.0,66200.0,2244.0
2026-09-22 13:00:00+09:00,66200.0,66200.0,65500.0,65900.0,2666.0
2026-09-22 13:10:00+09:00,65900.0,66400.0,65500.0,65700.0,5187.0
2026-09-22 13:20:00+09:00,65700.0,66200.0,65500.0,65800.0,8115.0
2026-09-22 13:30:00+09:00,65700.0,65900.0,64900.0,65000.0,12205.0
2026-09-22 13:40:00+09:00,64900.0,65200.0,64500.0,64700.0,8695.0
2026-09-22 13:50:00+09:00,64700.0,64900.0,64300.0,64500.0,5865.0
2026-09-22 14:00:00+09:00,64500.0,65100.0,64500.0,64800.0,6406.0
2026-09-22 14:10:00+09:00,64800.0,65000.0,64100.0,64200.0,6464.0
2026-09-22 14:20:00+09:00,64200.0,64600.0,63900.0,64500.0,7010.0
2026-09-22 14:30:00+09:00,64400.0,64700.0,64000.0,64400.0,4002.0
2026-09-22 14:40:00+09:00,64500.0,64800.0,64300.0,64800.0,3374.0
2026-09-22 14:50:00+09:00,64800.0,65200.0,64600.0,64800.0,5913.0
2026-09-23 09:00:00+09:00,64500.0,66300.0,64200.0,64700.0,6879.0
2026-09-23 09:10:00+09:00,64700.0,65500.0,64600.0,64900.0,4258.0
2026-09-23 09:20:00+09:00,65000.0,65300.0,64600.0,65200.0,3673.0
2026-09-23 09:30:00+09:00,65200.0,65400.0,64600.0,64900.0,2292.0
2026-09-23 09:40:00+09:00,64900.0,65100.0,64300.0,64500.0,1619.0
2026-09-23 09:50:00+09:00,64400.0,64700.0,64200.0,64300.0,2012.0
2026-09-23 10:00:00+09:00,64400.0,65100.0,64400.0,65100.0,2077.0
2026-09-23 10:10:00+09:00,65100.0,65100.0,64800.0,64800.0,178.0
2026-09-23 10:20:00+09:00,65300.0,65500.0,65000.0,65200.0,860.0
2026-09-23 10:30:00+09:00,65100.0,65100.0,64200.0,64400.0,3778.0
2026-09-23 10:40:00+09:00,64500.0,64600.0,64000.0,64400.0,1062.0
2026-09-23 10:50:00+09:00,64500.0,64500.0,64000.0,64200.0,1137.0
2026-09-23 11:00:00+09:00,64200.0,64400.0,64000.0,64300.0,582.0
2026-09-23 11:10:00+09:00,64300.0,64400.0,64000.0,64400.0,603.0
2026-09-23 11:20:00+09:00,64100.0,64600.0,64100.0,64200.0,788.0
2026-09-23 11:30:00+09:00,64200.0,64400.0,64000.0,64100.0,603.0
2026-09-23 11:40:00+09:00,64100.0,64600.0,64100.0,64500.0,525.0
2026-09-23 11:50:00+09:00,64500.0,64900.0,64400.0,64500.0,667.0
2026-09-23 12:00:00+09:00,64500.0,64900.0,64300.0,64800.0,661.0
2026-09-23 12:10:00+09:00,64800.0,64900.0,64400.0,64500.0,773.0
2026-09-23 12:20:00+09:00,64600.0,64900.0,64400.0,64800.0,386.0
2026-09-23 12:30:00+09:00,64700.0,65200.0,64700.0,64800.0,865.0
2026-09-23 12:40:00+09:00,64700.0,64900.0,64500.0,64700.0,616.0
2026-09-23 12:50:00+09:00,64700.0,64800.0,64400.0,64500.0,596.0
2026-09-23 13:00:00+09:00,64500.0,65000.0,64000.0,65000.0,1054.0
2026-09-23 13:10:00+09:00,65000.0,65100.0,64700.0,64700.0,636.0
2026-09-23 13:20:00+09:00,64700.0,64900.0,64500.0,64500.0,438.0
2026-09-23 13:30:00+09:00,64700.0,65100.0,64700.0,65100.0,411.0
