,Open,High,Low,Close,Volume
2026-06-29 09:00:00+09:00,44750.0,48750.0,44600.0,47750.0,0.0
2026-06-29 09:05:00+09:00,47750.0,49650.0,47000.0,49500.0,539741.0
2026-06-29 09:10:00+09:00,49450.0,49900.0,47200.0,48550.0,523477.0
2026-06-29 09:15:00+09:00,48550.0,50100.0,47850.0,49700.0,447249.0
2026-06-29 09:20:00+09:00,49750.0,51300.0,49500.0,51200.0,618086.0
2026-06-29 09:25:00+09:00,51200.0,52900.0,50900.0,52700.0,613446.0
2026-06-29 09:30:00+09:00,52800.0,53300.0,51000.0,51000.0,421859.0
2026-06-29 09:35:00+09:00,51100.0,51800.0,50300.0,51700.0,299625.0
2026-06-29 09:40:00+09:00,51800.0,53500.0,51600.0,53200.0,410933.0
2026-06-29 09:45:00+09:00,53100.0,54100.0,52900.0,53600.0,386556.0
2026-06-29 09:50:00+09:00,53700.0,54000.0,52900.0,53000.0,198207.0
2026-06-29 09:55:00+09:00,53100.0,53200.0,52200.0,52500.0,199178.0
2026-06-29 10:00:00+09:00,52500.0,53800.0,52400.0,53100.0,173620.0
2026-06-29 10:05:00+09:00,53100.0,53600.0,52100.0,52400.0,126864.0
2026-06-29 10:10:00+09:00,52400.0,53200.0,51900.0,53000.0,138203.0
2026-06-29 10:15:00+09:00,52900.0,54000.0,52900.0,53500.0,213318.0
2026-06-29 10:20:00+09:00,53500.0,53900.0,52900.0,52900.0,91956.0
2026-06-29 10:25:00+09:00,52900.0,53000.0,52300.0,52700.0,101196.0
2026-06-29 10:30:00+09:00,52700.0,52800.0,52000.0,52000.0,83293.0
2026-06-29 10:35:00+09:00,52000.0,52800.0,51500.0,52000.0,169788.0
2026-06-29 10:40:00+09:00,52000.0,52000.0,51000.0,51400.0,129733.0
2026-06-29 10:45:00+09:00,51300.0,51800.0,51100.0,51750.0,91875.0
2026-06-29 10:50:00+09:00,51700.0,51750.0,51100.0,51100.0,40785.0
2026-06-29 10:55:00+09:00,51100.0,51200.0,50500.0,50800.0,148338.0
2026-06-29 11:00:00+09:00,50800.0,51300.0,50700.0,51200.0,59403.0
2026-06-29 11:05:00+09:00,51200.0,51500.0,50700.0,50900.0,65962.0
2026-06-29 11:10:00+09:00,51000.0,51000.0,50100.0,50400.0,107869.0
2026-06-29 11:15:00+09:00,50300.0,51400.0,50300.0,51100.0,87186.0
2026-06-29 11:20:00+09:00,51000.0,51200.0,50700.0,50800.0,55777.0
2026-06-29 11:25:00+09:00,50800.0,51200.0,50500.0,50600.0,42595.0
2026-06-29 11:30:00+09:00,50600.0,51100.0,50300.0,50300.0,46117.0
2026-06-29 11:35:00+09:00,50300.0,50400.0,49900.0,50000.0,98651.0
2026-06-29 11:40:00+09:00,50000.0,50500.0,49950.0,50200.0,29495.0
2026-06-29 11:45:00+09:00,50300.0,50900.0,50300.0,50500.0,38074.0
2026-06-29 11:50:00+09:00,50600.0,51100.0,50500.0,51000.0,47751.0
2026-06-29 11:55:00+09:00,51000.0,51100.0,50600.0,50600.0,20648.0
2026-06-29 12:00:00+09:00,50700.0,50800.0,49900.0,49950.0,52627.0
2026-06-29 12:05:00+09:00,49950.0,50400.0,49900.0,50200.0,28634.0
2026-06-29 12:10:00+09:00,50300.0,50900.0,50200.0,50600.0,27039.0
2026-06-29 12:15:00+09:00,50600.0,51000.0,50600.0,50700.0,31522.0
2026-06-29 12:20:00+09:00,50700.0,51200.0,50500.0,51000.0,67845.0
2026-06-29 12:25:00+09:00,51000.0,51600.0,50300.0,51100.0,105928.0
2026-06-29 12:30:00+09:00,51100.0,51300.0,50300.0,50500.0,61605.0
2026-06-29 12:35:00+09:00,50500.0,50600.0,49750.0,50200.0,73468.0
2026-06-29 12:40:00+09:00,50200.0,51400.0,50000.0,51200.0,87106.0
2026-06-29 12:45:00+09:00,51200.0,51400.0,50900.0,51300.0,42817.0
2026-06-29 12:50:00+09:00,51300.0,51500.0,50700.0,51100.0,54371.0
2026-06-29 12:55:00+09:00,51100.0,51400.0,50800.0,51100.0,43717.0
2026-06-29 13:00:00+09:00,51100.0,51300.0,50700.0,50800.0,35368.0
2026-06-29 13:05:00+09:00,50700.0,50800.0,50600.0,50800.0,19271.0
2026-06-29 13:10:00+09:00,50800.0,50800.0,50400.0,50600.0,28012.0
2026-06-29 13:15:00+09:00,50600.0,51900.0,50600.0,51500.0,120781.0
2026-06-29 13:20:00+09:00,51600.0,51900.0,51000.0,51100.0,85347.0
2026-06-29 13:25:00+09:00,51300.0,51600.0,50800.0,50900.0,37045.0
2026-06-29 13:30:00+09:00,51000.0,51300.0,50900.0,51000.0,19010.0
2026-06-29 13:35:00+09:00,50900.0,51500.0,50800.0,51100.0,36235.0
2026-06-29 13:40:00+09:00,51200.0,51400.0,50900.0,50900.0,20722.0
2026-06-29 13:45:00+09:00,51000.0,51200.0,50400.0,50700.0,39063.0
2026-06-29 13:50:00+09:00,50750.0,51000.0,50700.0,50800.0,20832.0
2026-06-29 13:55:00+09:00,50700.0,51000.0,50500.0,50800.0,30108.0
2026-06-29 14:00:00+09:00,50800.0,51000.0,50500.0,50800.0,23762.0
2026-06-29 14:05:00+09:00,50800.0,51400.0,50800.0,51300.0,37249.0
2026-06-29 14:10:00+09:00,51200.0,51500.0,50700.0,50900.0,38238.0
2026-06-29 14:15:00+09:00,50800.0,50900.0,50300.0,50600.0,53583.0
2026-06-29 14:20:00+09:00,50600.0,51200.0,50500.0,50900.0,33573.0
2026-06-29 14:25:00+09:00,50900.0,50950.0,49800.0,49950.0,121283.0
2026-06-29 14:30:00+09:00,49950.0,50200.0,49400.0,49900.0,122727.0
2026-06-29 14:35:00+09:00,49950.0,50400.0,49750.0,50300.0,60609.0
2026-06-29 14:40:00+09:00,50200.0,51300.0,50200.0,50800.0,144856.0
2026-06-29 14:45:00+09:00,50800.0,50900.0,49950.0,50500.0,64490.0
2026-06-29 14:50:00+09:00,50500.0,50600.0,49900.0,50000.0,67203.0
2026-06-29 14:55:00+09:00,50000.0,50400.0,49850.0,50000.0,112594.0
2026-06-30 09:00:00+09:00,49100.0,49100.0,46000.0,46050.0,411692.0
2026-06-30 09:05:00+09:00,46050.0,47725.0,45950.0,47200.0,168453.0
2026-06-30 09:10:00+09:00,47300.0,48500.0,47000.0,48250.0,145601.0
2026-06-30 09:15:00+09:00,48100.0,48600.0,47500.0,48550.0,72677.0
2026-06-30 09:20:00+09:00,48600.0,49500.0,48250.0,49050.0,138534.0
2026-06-30 09:25:00+09:00,49250.0,49300.0,48650.0,49050.0,65334.0
2026-06-30 09:30:00+09:00,49000.0,49150.0,48400.0,49000.0,51779.0
2026-06-30 09:35:00+09:00,49000.0,49800.0,48950.0,49600.0,83090.0
2026-06-30 09:40:00+09:00,49500.0,50100.0,49000.0,49050.0,103344.0
2026-06-30 09:45:00+09:00,49100.0,51600.0,48650.0,50600.0,251592.0
2026-06-30 09:50:00+09:00,50600.0,50700.0,49400.0,49950.0,165586.0
2026-06-30 09:55:00+09:00,50000.0,51600.0,49800.0,51400.0,215913.0
2026-06-30 10:00:00+09:00,51200.0,51400.0,50100.0,50600.0,129143.0
2026-06-30 10:05:00+09:00,50600.0,50700.0,49900.0,50700.0,75096.0
2026-06-30 10:10:00+09:00,50600.0,53200.0,50600.0,52900.0,461420.0
2026-06-30 10:15:00+09:00,52900.0,54200.0,52600.0,53600.0,461323.0
2026-06-30 10:20:00+09:00,53600.0,54300.0,51900.0,52800.0,446454.0
2026-06-30 10:25:00+09:00,52800.0,53300.0,51000.0,51400.0,249978.0
2026-06-30 10:30:00+09:00,51400.0,52300.0,51200.0,52300.0,120898.0
2026-06-30 10:35:00+09:00,52300.0,53800.0,52100.0,53800.0,191113.0
2026-06-30 10:40:00+09:00,53700.0,54400.0,52700.0,52900.0,323218.0
2026-06-30 10:45:00+09:00,52900.0,53700.0,52600.0,52900.0,119427.0
2026-06-30 10:50:00+09:00,53000.0,53100.0,52200.0,52600.0,90242.0
2026-06-30 10:55:00+09:00,52600.0,52700.0,51700.0,52100.0,114212.0
2026-06-30 11:00:00+09:00,52100.0,52200.0,51600.0,51600.0,57159.0
2026-06-30 11:05:00+09:00,51700.0,52100.0,51500.0,51800.0,43256.0
2026-06-30 11:10:00+09:00,51700.0,52100.0,51600.0,51700.0,30629.0
2026-06-30 11:15:00+09:00,51700.0,52700.0,51500.0,52400.0,82735.0
2026-06-30 11:20:00+09:00,52400.0,52700.0,51900.0,52600.0,39555.0
2026-06-30 11:25:00+09:00,52600.0,52700.0,51800.0,51900.0,38563.0
2026-06-30 11:30:00+09:00,51700.0,52000.0,51700.0,51900.0,26914.0
2026-06-30 11:35:00+09:00,51800.0,52200.0,51800.0,52000.0,15112.0
2026-06-30 11:40:00+09:00,52000.0,52700.0,51800.0,52400.0,39591.0
2026-06-30 11:45:00+09:00,52500.0,52500.0,51700.0,51700.0,23935.0
2026-06-30 11:50:00+09:00,51800.0,52000.0,51600.0,52000.0,39070.0
2026-06-30 11:55:00+09:00,51800.0,52100.0,51500.0,51500.0,42892.0
2026-06-30 12:00:00+09:00,51600.0,51600.0,50900.0,51000.0,93754.0
2026-06-30 12:05:00+09:00,51100.0,51600.0,50700.0,51500.0,45814.0
2026-06-30 12:10:00+09:00,51500.0,51600.0,51100.0,51300.0,27220.0
2026-06-30 12:15:00+09:00,51200.0,51300.0,51000.0,51200.0,23295.0
2026-06-30 12:20:00+09:00,51300.0,51500.0,51000.0,51100.0,22372.0
2026-06-30 12:25:00+09:00,51000.0,51400.0,51000.0,51200.0,12337.0
2026-06-30 12:30:00+09:00,51200.0,51300.0,50900.0,51300.0,20968.0
2026-06-30 12:35:00+09:00,51300.0,51400.0,51000.0,51000.0,17936.0
2026-06-30 12:40:00+09:00,51100.0,51200.0,50700.0,51100.0,36127.0
2026-06-30 12:45:00+09:00,51200.0,51200.0,50700.0,50800.0,17227.0
2026-06-30 12:50:00+09:00,50700.0,50900.0,50300.0,50600.0,65085.0
2026-06-30 12:55:00+09:00,50600.0,50800.0,50400.0,50600.0,25576.0
2026-06-30 13:00:00+09:00,50600.0,51000.0,50500.0,50600.0,26460.0
2026-06-30 13:05:00+09:00,50700.0,51100.0,50600.0,50800.0,22336.0
2026-06-30 13:10:00+09:00,50800.0,51000.0,50500.0,50600.0,19026.0
2026-06-30 13:15:00+09:00,50600.0,51100.0,50500.0,50600.0,25975.0
2026-06-30 13:20:00+09:00,50600.0,50700.0,50300.0,50600.0,40318.0
2026-06-30 13:25:00+09:00,50600.0,51100.0,50100.0,50100.0,66035.0
2026-06-30 13:30:00+09:00,50100.0,50600.0,50100.0,50400.0,47707.0
2026-06-30 13:35:00+09:00,50400.0,50700.0,50300.0,50400.0,26061.0
2026-06-30 13:40:00+09:00,50500.0,51500.0,50400.0,51400.0,86045.0
2026-06-30 13:45:00+09:00,51400.0,51400.0,51300.0,51300.0,24346.0
2026-06-30 13:50:00+09:00,51350.0,51400.0,51000.0,51200.0,23626.0
2026-06-30 13:55:00+09:00,51300.0,51600.0,51300.0,51600.0,28843.0
2026-06-30 14:00:00+09:00,51600.0,51600.0,51200.0,51500.0,26033.0
2026-06-30 14:05:00+09:00,51500.0,51600.0,51100.0,51200.0,17486.0
2026-06-30 14:10:00+09:00,51200.0,51300.0,51000.0,51100.0,14900.0
2026-06-30 14:15:00+09:00,51100.0,51200.0,50800.0,51000.0,19980.0
2026-06-30 14:20:00+09:00,51100.0,51300.0,51000.0,51300.0,12508.0
2026-06-30 14:25:00+09:00,51300.0,52200.0,51200.0,51900.0,78109.0
2026-06-30 14:30:00+09:00,52000.0,52000.0,51600.0,51700.0,40376.0
2026-06-30 14:35:00+09:00,51800.0,52000.0,51400.0,52000.0,32707.0
2026-06-30 14:40:00+09:00,52000.0,52000.0,51500.0,51500.0,32619.0
2026-06-30 14:45:00+09:00,51500.0,51800.0,51400.0,51800.0,22653.0
2026-06-30 14:50:00+09:00,51800.0,51800.0,51500.0,51800.0,15755.0
2026-06-30 14:55:00+09:00,51800.0,51800.0,51300.0,51300.0,26122.0
2026-07-01 09:00:00+09:00,51700.0,56400.0,50900.0,55900.0,754091.0
2026-07-01 09:05:00+09:00,55900.0,55900.0,53400.0,53500.0,468379.0
2026-07-01 09:10:00+09:00,53500.0,56600.0,52800.0,55400.0,632235.0
2026-07-01 09:15:00+09:00,55400.0,57000.0,55100.0,56700.0,425900.0
2026-07-01 09:20:00+09:00,56700.0,57500.0,55400.0,56000.0,625172.0
2026-07-01 09:25:00+09:00,55800.0,56500.0,54300.0,55200.0,365706.0
2026-07-01 09:30:00+09:00,55100.0,56200.0,54500.0,55100.0,206238.0
2026-07-01 09:35:00+09:00,55000.0,56300.0,55000.0,56100.0,183046.0
2026-07-01 09:40:00+09:00,56100.0,56700.0,55600.0,56000.0,202971.0
2026-07-01 09:45:00+09:00,56000.0,57300.0,55100.0,56900.0,290034.0
2026-07-01 09:50:00+09:00,56900.0,57800.0,56300.0,57800.0,369897.0
2026-07-01 09:55:00+09:00,57800.0,58900.0,57200.0,58900.0,476535.0
2026-07-01 10:00:00+09:00,58900.0,60200.0,58300.0,59000.0,785391.0
2026-07-01 10:05:00+09:00,59000.0,59400.0,58000.0,58300.0,312344.0
2026-07-01 10:10:00+09:00,58300.0,58400.0,56600.0,56600.0,341109.0
2026-07-01 10:15:00+09:00,56700.0,56900.0,55600.0,56500.0,312973.0
2026-07-01 10:20:00+09:00,56500.0,56500.0,55300.0,55600.0,162322.0
2026-07-01 10:25:00+09:00,55600.0,56400.0,55200.0,56400.0,125867.0
2026-07-01 10:30:00+09:00,56400.0,56500.0,55400.0,56300.0,140224.0
2026-07-01 10:35:00+09:00,56300.0,56300.0,55500.0,56100.0,60808.0
2026-07-01 10:40:00+09:00,56000.0,57800.0,56000.0,57400.0,217019.0
2026-07-01 10:45:00+09:00,57500.0,57500.0,55700.0,56000.0,128679.0
2026-07-01 10:50:00+09:00,56000.0,56000.0,55000.0,55200.0,124895.0
2026-07-01 10:55:00+09:00,55200.0,56500.0,55200.0,55600.0,101567.0
2026-07-01 11:00:00+09:00,55600.0,56000.0,55200.0,55600.0,56699.0
2026-07-01 11:05:00+09:00,55500.0,55700.0,54800.0,55000.0,101497.0
2026-07-01 11:10:00+09:00,55000.0,55500.0,55000.0,55400.0,56618.0
2026-07-01 11:15:00+09:00,55400.0,56300.0,55200.0,56200.0,86973.0
2026-07-01 11:20:00+09:00,56100.0,56900.0,55900.0,56500.0,87685.0
2026-07-01 11:25:00+09:00,56500.0,56600.0,55900.0,56300.0,46363.0
2026-07-01 11:30:00+09:00,56300.0,56800.0,56300.0,56700.0,54925.0
2026-07-01 11:35:00+09:00,56600.0,56900.0,56000.0,56600.0,44709.0
2026-07-01 11:40:00+09:00,56700.0,56900.0,56100.0,56700.0,36698.0
2026-07-01 11:45:00+09:00,56600.0,56900.0,56200.0,56400.0,37567.0
2026-07-01 11:50:00+09:00,56400.0,56800.0,56100.0,56200.0,38817.0
2026-07-01 11:55:00+09:00,56200.0,56800.0,56200.0,56600.0,24546.0
2026-07-01 12:00:00+09:00,56500.0,56700.0,56300.0,56500.0,14482.0
2026-07-01 12:05:00+09:00,56500.0,57200.0,56500.0,57100.0,67659.0
2026-07-01 12:10:00+09:00,57100.0,57400.0,56900.0,57300.0,61124.0
2026-07-01 12:15:00+09:00,57300.0,57500.0,56900.0,57300.0,65795.0
2026-07-01 12:20:00+09:00,57300.0,57500.0,56900.0,57400.0,36936.0
2026-07-01 12:25:00+09:00,57500.0,58600.0,57400.0,58100.0,197715.0
2026-07-01 12:30:00+09:00,58200.0,58200.0,57100.0,57600.0,116417.0
2026-07-01 12:35:00+09:00,57600.0,57900.0,56750.0,57000.0,93685.0
2026-07-01 12:40:00+09:00,57000.0,57200.0,56700.0,56700.0,36201.0
2026-07-01 12:45:00+09:00,56800.0,56800.0,56200.0,56300.0,72866.0
2026-07-01 12:50:00+09:00,56400.0,56600.0,56000.0,56100.0,80963.0
2026-07-01 12:55:00+09:00,56200.0,57200.0,56200.0,56900.0,77234.0
2026-07-01 13:00:00+09:00,57000.0,57300.0,56700.0,57200.0,31963.0
2026-07-01 13:05:00+09:00,57200.0,58100.0,57100.0,57900.0,100272.0
2026-07-01 13:10:00+09:00,57900.0,58900.0,57500.0,58600.0,228068.0
2026-07-01 13:15:00+09:00,58500.0,58600.0,57600.0,58300.0,137097.0
2026-07-01 13:20:00+09:00,58300.0,58500.0,57400.0,57600.0,73525.0
2026-07-01 13:25:00+09:00,57600.0,57900.0,57100.0,57600.0,61753.0
2026-07-01 13:30:00+09:00,57700.0,58500.0,57200.0,58300.0,99665.0
2026-07-01 13:35:00+09:00,58200.0,59000.0,58200.0,58600.0,204006.0
2026-07-01 13:40:00+09:00,58600.0,59100.0,58200.0,58900.0,145266.0
2026-07-01 13:45:00+09:00,59000.0,59000.0,58300.0,58800.0,94447.0
2026-07-01 13:50:00+09:00,58800.0,59400.0,58700.0,59000.0,183738.0
2026-07-01 13:55:00+09:00,59000.0,59800.0,58900.0,59000.0,265058.0
2026-07-01 14:00:00+09:00,59000.0,59500.0,58600.0,59200.0,139181.0
2026-07-01 14:05:00+09:00,59200.0,59800.0,58900.0,59200.0,174003.0
2026-07-01 14:10:00+09:00,59400.0,59800.0,59100.0,59800.0,95163.0
2026-07-01 14:15:00+09:00,59800.0,60800.0,59600.0,60200.0,546267.0
2026-07-01 14:20:00+09:00,60200.0,61700.0,59600.0,61600.0,540644.0
2026-07-01 14:25:00+09:00,61700.0,62000.0,61300.0,61800.0,482352.0
2026-07-01 14:30:00+09:00,61700.0,61800.0,60100.0,60500.0,382965.0
2026-07-01 14:35:00+09:00,60600.0,61000.0,59200.0,59800.0,277593.0
2026-07-01 14:40:00+09:00,59800.0,61300.0,59700.0,61200.0,260576.0
2026-07-01 14:45:00+09:00,61100.0,61300.0,60400.0,60700.0,156509.0
2026-07-01 14:50:00+09:00,60700.0,61000.0,60100.0,60200.0,142645.0
2026-07-01 14:55:00+09:00,60300.0,60600.0,59500.0,60400.0,215965.0
2026-07-02 09:00:00+09:00,56300.0,57500.0,54200.0,54700.0,481512.0
2026-07-02 09:05:00+09:00,54800.0,60900.0,54700.0,60700.0,544564.0
2026-07-02 09:10:00+09:00,60800.0,61900.0,57700.0,58000.0,593506.0
2026-07-02 09:15:00+09:00,58000.0,60400.0,57700.0,60250.0,324100.0
2026-07-02 09:20:00+09:00,60250.0,60300.0,57600.0,57800.0,259032.0
2026-07-02 09:25:00+09:00,57700.0,58700.0,56900.0,57900.0,154935.0
2026-07-02 09:30:00+09:00,57900.0,58900.0,57200.0,58800.0,102661.0
2026-07-02 09:35:00+09:00,58800.0,59200.0,57700.0,58400.0,99324.0
2026-07-02 09:40:00+09:00,58400.0,58800.0,57700.0,57700.0,62874.0
2026-07-02 09:45:00+09:00,57700.0,58100.0,56600.0,56800.0,127555.0
2026-07-02 09:50:00+09:00,56900.0,57700.0,56700.0,57300.0,62599.0
2026-07-02 09:55:00+09:00,57400.0,57900.0,57200.0,57300.0,41871.0
2026-07-02 10:00:00+09:00,57300.0,57400.0,56600.0,56900.0,49541.0
2026-07-02 10:05:00+09:00,56900.0,57800.0,56800.0,57500.0,39488.0
2026-07-02 10:10:00+09:00,57600.0,57600.0,56500.0,56900.0,87087.0
2026-07-02 10:15:00+09:00,56900.0,57200.0,55900.0,56200.0,121395.0
2026-07-02 10:20:00+09:00,56200.0,56200.0,55500.0,55600.0,108328.0
2026-07-02 10:25:00+09:00,55600.0,56100.0,55300.0,55900.0,70853.0
2026-07-02 10:30:00+09:00,55800.0,56300.0,55500.0,56300.0,52179.0
2026-07-02 10:35:00+09:00,56200.0,56250.0,55200.0,55500.0,83175.0
2026-07-02 10:40:00+09:00,55600.0,55800.0,55400.0,55700.0,32024.0
2026-07-02 10:45:00+09:00,55500.0,56200.0,55300.0,55400.0,55469.0
2026-07-02 10:50:00+09:00,55400.0,55600.0,54900.0,55000.0,87402.0
2026-07-02 10:55:00+09:00,55100.0,55200.0,54700.0,54800.0,57376.0
2026-07-02 11:00:00+09:00,54800.0,55100.0,54200.0,54300.0,98824.0
2026-07-02 11:05:00+09:00,54200.0,55200.0,54200.0,55100.0,69696.0
2026-07-02 11:10:00+09:00,55100.0,55600.0,54800.0,55500.0,51449.0
2026-07-02 11:15:00+09:00,55600.0,55900.0,55200.0,55300.0,42163.0
2026-07-02 11:20:00+09:00,55300.0,55700.0,55000.0,55500.0,30961.0
2026-07-02 11:25:00+09:00,55400.0,56100.0,55400.0,55500.0,56742.0
2026-07-02 11:30:00+09:00,55600.0,55800.0,55300.0,55600.0,16160.0
2026-07-02 11:35:00+09:00,55700.0,55700.0,55100.0,55200.0,20228.0
2026-07-02 11:40:00+09:00,55300.0,55800.0,55100.0,55300.0,17360.0
2026-07-02 11:45:00+09:00,55300.0,55700.0,55200.0,55400.0,16128.0
2026-07-02 11:50:00+09:00,55300.0,55400.0,54700.0,54900.0,31788.0
2026-07-02 11:55:00+09:00,54900.0,55500.0,54800.0,55400.0,12294.0
2026-07-02 12:00:00+09:00,55400.0,55500.0,54900.0,55000.0,14917.0
2026-07-02 12:05:00+09:00,54900.0,55300.0,54900.0,55200.0,10183.0
2026-07-02 12:10:00+09:00,55200.0,55300.0,55100.0,55200.0,8005.0
2026-07-02 12:15:00+09:00,55300.0,55500.0,55200.0,55500.0,14417.0
2026-07-02 12:20:00+09:00,55400.0,55900.0,55300.0,55400.0,34502.0
2026-07-02 12:25:00+09:00,55300.0,55400.0,55100.0,55200.0,18957.0
2026-07-02 12:30:00+09:00,55200.0,55300.0,55000.0,55100.0,13313.0
2026-07-02 12:35:00+09:00,55100.0,55800.0,54900.0,55800.0,31054.0
2026-07-02 12:40:00+09:00,55800.0,56000.0,55500.0,55900.0,37401.0
2026-07-02 12:45:00+09:00,55900.0,55900.0,55000.0,55200.0,27753.0
2026-07-02 12:50:00+09:00,55100.0,55200.0,54700.0,54800.0,34058.0
2026-07-02 12:55:00+09:00,54900.0,55000.0,54700.0,54700.0,17597.0
2026-07-02 13:00:00+09:00,54700.0,54800.0,54300.0,54500.0,42565.0
2026-07-02 13:05:00+09:00,54500.0,54700.0,54300.0,54600.0,23355.0
2026-07-02 13:10:00+09:00,54550.0,54700.0,54300.0,54300.0,19575.0
2026-07-02 13:15:00+09:00,54350.0,54400.0,53700.0,53800.0,70653.0
2026-07-02 13:20:00+09:00,53800.0,54200.0,53700.0,54100.0,23669.0
2026-07-02 13:25:00+09:00,54100.0,54800.0,54100.0,54600.0,22562.0
2026-07-02 13:30:00+09:00,54600.0,54600.0,53300.0,53300.0,51165.0
2026-07-02 13:35:00+09:00,53400.0,53400.0,53100.0,53300.0,48646.0
2026-07-02 13:40:00+09:00,53200.0,53600.0,53200.0,53400.0,22432.0
2026-07-02 13:45:00+09:00,53400.0,53800.0,53200.0,53500.0,21490.0
2026-07-02 13:50:00+09:00,53600.0,54000.0,53500.0,53900.0,17137.0
2026-07-02 13:55:00+09:00,53900.0,54000.0,53700.0,53900.0,14510.0
2026-07-02 14:00:00+09:00,53800.0,54200.0,53700.0,54200.0,13871.0
2026-07-02 14:05:00+09:00,54000.0,54300.0,53900.0,53900.0,15205.0
2026-07-02 14:10:00+09:00,53800.0,54000.0,53500.0,53600.0,16793.0
2026-07-02 14:15:00+09:00,53700.0,54000.0,53500.0,53800.0,10012.0
2026-07-02 14:20:00+09:00,53800.0,54400.0,53700.0,54100.0,24688.0
2026-07-02 14:25:00+09:00,54100.0,54100.0,53000.0,53100.0,41164.0
2026-07-02 14:30:00+09:00,53100.0,53400.0,52900.0,53400.0,40724.0
2026-07-02 14:35:00+09:00,53300.0,53400.0,52800.0,52800.0,43394.0
2026-07-02 14:40:00+09:00,52800.0,53000.0,52600.0,52900.0,36448.0
2026-07-02 14:45:00+09:00,52800.0,53100.0,52500.0,52700.0,34960.0
2026-07-02 14:50:00+09:00,52900.0,53200.0,52300.0,52500.0,35144.0
2026-07-02 14:55:00+09:00,52500.0,52700.0,52300.0,52500.0,30636.0
2026-07-03 09:00:00+09:00,54000.0,54200.0,49750.0,49850.0,270397.0
2026-07-03 09:05:00+09:00,49800.0,50300.0,49150.0,49900.0,163477.0
2026-07-03 09:10:00+09:00,49850.0,50300.0,48650.0,48650.0,150266.0
2026-07-03 09:15:00+09:00,48600.0,48600.0,48050.0,48450.0,105217.0
2026-07-03 09:20:00+09:00,48450.0,48450.0,47550.0,47600.0,103714.0
2026-07-03 09:25:00+09:00,47600.0,47900.0,47150.0,47300.0,109499.0
2026-07-03 09:30:00+09:00,47300.0,47800.0,46900.0,46950.0,119805.0
2026-07-03 09:35:00+09:00,46900.0,47600.0,46800.0,47150.0,81642.0
2026-07-03 09:40:00+09:00,47100.0,47150.0,46550.0,46950.0,67846.0
2026-07-03 09:45:00+09:00,47000.0,47500.0,46650.0,46700.0,46883.0
2026-07-03 09:50:00+09:00,46650.0,46700.0,45900.0,46000.0,136055.0
2026-07-03 09:55:00+09:00,46000.0,46100.0,45500.0,45700.0,85992.0
2026-07-03 10:00:00+09:00,45650.0,46200.0,45400.0,45950.0,82873.0
2026-07-03 10:05:00+09:00,46050.0,46450.0,45700.0,46100.0,60837.0
2026-07-03 10:10:00+09:00,46050.0,46950.0,45950.0,46900.0,74786.0
2026-07-03 10:15:00+09:00,46950.0,47300.0,46250.0,47200.0,70244.0
2026-07-03 10:20:00+09:00,47200.0,48000.0,47150.0,47850.0,102370.0
2026-07-03 10:25:00+09:00,47850.0,48350.0,47550.0,48000.0,119179.0
2026-07-03 10:30:00+09:00,48050.0,48150.0,47550.0,47750.0,38597.0
2026-07-03 10:35:00+09:00,47800.0,48050.0,47550.0,47750.0,45162.0
2026-07-03 10:40:00+09:00,47750.0,47800.0,47100.0,47200.0,53354.0
2026-07-03 10:45:00+09:00,47250.0,47800.0,47150.0,47500.0,45459.0
2026-07-03 10:50:00+09:00,47450.0,47550.0,47000.0,47200.0,30171.0
2026-07-03 10:55:00+09:00,47300.0,47550.0,46900.0,47500.0,47633.0
2026-07-03 11:00:00+09:00,47450.0,47900.0,47450.0,47750.0,33637.0
2026-07-03 11:05:00+09:00,47800.0,48250.0,47700.0,47800.0,45324.0
2026-07-03 11:10:00+09:00,47800.0,47850.0,47050.0,47100.0,52433.0
2026-07-03 11:15:00+09:00,47100.0,47800.0,47100.0,47700.0,10358.0
2026-07-03 11:20:00+09:00,47700.0,47750.0,47300.0,47550.0,14727.0
2026-07-03 11:25:00+09:00,47550.0,47650.0,47400.0,47500.0,15967.0
2026-07-03 11:30:00+09:00,47450.0,48250.0,47450.0,48200.0,32413.0
2026-07-03 11:35:00+09:00,48200.0,48450.0,48050.0,48400.0,36484.0
2026-07-03 11:40:00+09:00,48400.0,48600.0,48250.0,48300.0,39626.0
2026-07-03 11:45:00+09:00,48300.0,48850.0,48000.0,48850.0,35853.0
2026-07-03 11:50:00+09:00,48850.0,49250.0,48600.0,48600.0,47662.0
2026-07-03 11:55:00+09:00,48600.0,49100.0,48400.0,48400.0,31711.0
2026-07-03 12:00:00+09:00,48450.0,48650.0,48000.0,48050.0,24858.0
2026-07-03 12:05:00+09:00,48000.0,48400.0,47900.0,48050.0,21778.0
2026-07-03 12:10:00+09:00,48050.0,48400.0,47900.0,48200.0,17930.0
2026-07-03 12:15:00+09:00,48200.0,48250.0,48050.0,48050.0,8273.0
2026-07-03 12:20:00+09:00,48050.0,48550.0,48000.0,48500.0,12611.0
2026-07-03 12:25:00+09:00,48500.0,48500.0,48350.0,48350.0,16371.0
2026-07-03 12:30:00+09:00,48400.0,48500.0,48050.0,48200.0,17189.0
2026-07-03 12:35:00+09:00,48150.0,48300.0,48050.0,48125.0,10008.0
2026-07-03 12:40:00+09:00,48100.0,48150.0,47750.0,47750.0,22772.0
2026-07-03 12:45:00+09:00,47750.0,47900.0,47450.0,47850.0,29386.0
2026-07-03 12:50:00+09:00,47850.0,47900.0,47450.0,47550.0,15178.0
2026-07-03 12:55:00+09:00,47500.0,47800.0,47450.0,47700.0,15909.0
2026-07-03 13:00:00+09:00,47700.0,48100.0,47600.0,47600.0,24389.0
2026-07-03 13:05:00+09:00,47600.0,47950.0,47450.0,47850.0,18288.0
2026-07-03 13:10:00+09:00,47900.0,47900.0,47450.0,47550.0,20586.0
2026-07-03 13:15:00+09:00,47550.0,47700.0,47400.0,47600.0,22250.0
2026-07-03 13:20:00+09:00,47600.0,47750.0,47550.0,47550.0,17181.0
2026-07-03 13:25:00+09:00,47550.0,48050.0,47550.0,47600.0,41112.0
2026-07-03 13:30:00+09:00,47550.0,47800.0,47450.0,47650.0,29860.0
2026-07-03 13:35:00+09:00,47650.0,47700.0,47400.0,47500.0,27222.0
2026-07-03 13:40:00+09:00,47500.0,47700.0,47300.0,47600.0,27482.0
2026-07-03 13:45:00+09:00,47550.0,47750.0,47450.0,47450.0,21552.0
2026-07-03 13:50:00+09:00,47500.0,47900.0,47350.0,47550.0,48395.0
2026-07-03 13:55:00+09:00,47550.0,47950.0,47350.0,47850.0,45466.0
2026-07-03 14:00:00+09:00,47850.0,47950.0,47650.0,47850.0,30382.0
2026-07-03 14:05:00+09:00,47850.0,47900.0,47600.0,47700.0,30301.0
2026-07-03 14:10:00+09:00,47650.0,47725.0,47550.0,47600.0,17155.0
2026-07-03 14:15:00+09:00,47550.0,47900.0,47500.0,47700.0,21815.0
2026-07-03 14:20:00+09:00,47750.0,47900.0,47600.0,47800.0,11164.0
2026-07-03 14:25:00+09:00,47800.0,48050.0,47650.0,47900.0,20960.0
2026-07-03 14:30:00+09:00,47900.0,48600.0,47850.0,48500.0,48813.0
2026-07-03 14:35:00+09:00,48500.0,48650.0,48350.0,48550.0,29546.0
2026-07-03 14:40:00+09:00,48500.0,48550.0,47800.0,47800.0,43734.0
2026-07-03 14:45:00+09:00,47800.0,47900.0,47350.0,47500.0,51978.0
2026-07-03 14:50:00+09:00,47500.0,47800.0,47400.0,47700.0,51235.0
2026-07-03 14:55:00+09:00,47650.0,47950.0,47500.0,47900.0,28971.0
2026-07-06 09:00:00+09:00,47300.0,48850.0,46200.0,47850.0,0.0
2026-07-06 09:05:00+09:00,47950.0,48650.0,47450.0,47700.0,119072.0
2026-07-06 09:10:00+09:00,47600.0,47700.0,46200.0,46500.0,119199.0
2026-07-06 09:15:00+09:00,46550.0,46600.0,45950.0,46300.0,116667.0
2026-07-06 09:20:00+09:00,46200.0,46650.0,46050.0,46150.0,39430.0
2026-07-06 09:25:00+09:00,46100.0,46400.0,45600.0,45600.0,73759.0
2026-07-06 09:30:00+09:00,45650.0,45650.0,44600.0,45000.0,147595.0
2026-07-06 09:35:00+09:00,45050.0,45150.0,44800.0,45100.0,43477.0
2026-07-06 09:40:00+09:00,45100.0,45100.0,44500.0,44850.0,84853.0
2026-07-06 09:45:00+09:00,44850.0,44850.0,44250.0,44300.0,85148.0
2026-07-06 09:50:00+09:00,44300.0,44550.0,44250.0,44550.0,39076.0
2026-07-06 09:55:00+09:00,44550.0,44650.0,44000.0,44000.0,61359.0
2026-07-06 10:00:00+09:00,44000.0,44100.0,43700.0,43750.0,71880.0
2026-07-06 10:05:00+09:00,43750.0,43950.0,43600.0,43900.0,45842.0
2026-07-06 10:10:00+09:00,43900.0,43900.0,43150.0,43200.0,86903.0
2026-07-06 10:15:00+09:00,43150.0,43400.0,43100.0,43250.0,39511.0
2026-07-06 10:20:00+09:00,43250.0,43450.0,43200.0,43400.0,31184.0
2026-07-06 10:25:00+09:00,43350.0,43550.0,43050.0,43250.0,65707.0
2026-07-06 10:30:00+09:00,43200.0,43650.0,43200.0,43600.0,25229.0
2026-07-06 10:35:00+09:00,43600.0,43600.0,43150.0,43200.0,33911.0
2026-07-06 10:40:00+09:00,43200.0,43300.0,43100.0,43150.0,29056.0
2026-07-06 10:45:00+09:00,43150.0,43200.0,42700.0,42750.0,81782.0
2026-07-06 10:50:00+09:00,42800.0,42850.0,42400.0,42500.0,68579.0
2026-07-06 10:55:00+09:00,42500.0,42750.0,42300.0,42650.0,55248.0
2026-07-06 11:00:00+09:00,42650.0,42900.0,42600.0,42800.0,36171.0
2026-07-06 11:05:00+09:00,42800.0,42800.0,42250.0,42500.0,41966.0
2026-07-06 11:10:00+09:00,42500.0,42500.0,42150.0,42200.0,31797.0
2026-07-06 11:15:00+09:00,42200.0,42400.0,42000.0,42200.0,60806.0
2026-07-06 11:20:00+09:00,42200.0,42250.0,42050.0,42100.0,22042.0
2026-07-06 11:25:00+09:00,42150.0,42200.0,41800.0,41850.0,42575.0
2026-07-06 11:30:00+09:00,41800.0,42150.0,41800.0,42100.0,24822.0
2026-07-06 11:35:00+09:00,42100.0,42300.0,41950.0,42050.0,26431.0
2026-07-06 11:40:00+09:00,42050.0,42100.0,41600.0,41750.0,42421.0
2026-07-06 11:45:00+09:00,41800.0,41800.0,41450.0,41500.0,41465.0
2026-07-06 11:50:00+09:00,41500.0,41900.0,41300.0,41800.0,61474.0
2026-07-06 11:55:00+09:00,41800.0,41900.0,41600.0,41750.0,23094.0
2026-07-06 12:00:00+09:00,41750.0,42000.0,41700.0,41900.0,21433.0
2026-07-06 12:05:00+09:00,41850.0,42100.0,41800.0,41950.0,14625.0
2026-07-06 12:10:00+09:00,42000.0,42350.0,41950.0,42250.0,22391.0
2026-07-06 12:15:00+09:00,42250.0,42350.0,41950.0,42000.0,19827.0
2026-07-06 12:20:00+09:00,42000.0,42000.0,41800.0,41950.0,16572.0
2026-07-06 12:25:00+09:00,41950.0,42250.0,41950.0,42150.0,14288.0
2026-07-06 12:30:00+09:00,42050.0,42200.0,41900.0,42200.0,13231.0
2026-07-06 12:35:00+09:00,42200.0,42300.0,42100.0,42150.0,9464.0
2026-07-06 12:40:00+09:00,42150.0,42150.0,41900.0,41900.0,19072.0
2026-07-06 12:45:00+09:00,41950.0,42150.0,41850.0,41900.0,9823.0
2026-07-06 12:50:00+09:00,41900.0,42200.0,41900.0,42150.0,10114.0
2026-07-06 12:55:00+09:00,42150.0,42250.0,42050.0,42250.0,11549.0
2026-07-06 13:00:00+09:00,42250.0,42250.0,41950.0,42000.0,16917.0
2026-07-06 13:05:00+09:00,42000.0,42250.0,42000.0,42150.0,7242.0
2026-07-06 13:10:00+09:00,42150.0,42500.0,42000.0,42300.0,18270.0
2026-07-06 13:15:00+09:00,42300.0,42550.0,42200.0,42450.0,10801.0
2026-07-06 13:20:00+09:00,42450.0,42700.0,42400.0,42600.0,19163.0
2026-07-06 13:25:00+09:00,42550.0,42650.0,42350.0,42650.0,14731.0
2026-07-06 13:30:00+09:00,42650.0,42850.0,42600.0,42700.0,17528.0
2026-07-06 13:35:00+09:00,42650.0,42850.0,42600.0,42750.0,16690.0
2026-07-06 13:40:00+09:00,42750.0,42800.0,42500.0,42700.0,16103.0
2026-07-06 13:45:00+09:00,42700.0,42750.0,42450.0,42650.0,16273.0
2026-07-06 13:50:00+09:00,42650.0,42800.0,42500.0,42750.0,15766.0
2026-07-06 13:55:00+09:00,42750.0,42850.0,42700.0,42700.0,13036.0
2026-07-06 14:00:00+09:00,42700.0,42750.0,42350.0,42500.0,15792.0
2026-07-06 14:05:00+09:00,42450.0,42750.0,42350.0,42650.0,12075.0
2026-07-06 14:10:00+09:00,42650.0,42850.0,42550.0,42600.0,13979.0
2026-07-06 14:15:00+09:00,42650.0,42750.0,42500.0,42500.0,9562.0
2026-07-06 14:20:00+09:00,42500.0,42550.0,42250.0,42300.0,25921.0
2026-07-06 14:25:00+09:00,42250.0,42350.0,42050.0,42100.0,25651.0
2026-07-06 14:30:00+09:00,42050.0,42200.0,42000.0,42000.0,22608.0
2026-07-06 14:35:00+09:00,42050.0,42200.0,41950.0,42100.0,24303.0
2026-07-06 14:40:00+09:00,42050.0,42300.0,42000.0,42300.0,16901.0
2026-07-06 14:45:00+09:00,42200.0,42300.0,42050.0,42200.0,15944.0
2026-07-06 14:50:00+09:00,42200.0,43050.0,42200.0,43000.0,42047.0
2026-07-06 14:55:00+09:00,43000.0,43200.0,42650.0,43000.0,40522.0
2026-07-07 09:00:00+09:00,42000.0,42900.0,41150.0,41700.0,119107.0
2026-07-07 09:05:00+09:00,41550.0,44850.0,41550.0,44800.0,226950.0
2026-07-07 09:10:00+09:00,44750.0,44800.0,42700.0,43350.0,195442.0
2026-07-07 09:15:00+09:00,43500.0,43500.0,42500.0,43000.0,73978.0
2026-07-07 09:20:00+09:00,43000.0,43800.0,42800.0,43800.0,72671.0
2026-07-07 09:25:00+09:00,43800.0,45600.0,43750.0,45000.0,357219.0
2026-07-07 09:30:00+09:00,45050.0,45050.0,43550.0,43900.0,133075.0
2026-07-07 09:35:00+09:00,43900.0,45100.0,43900.0,44800.0,122215.0
2026-07-07 09:40:00+09:00,44800.0,45350.0,43900.0,44075.0,132008.0
2026-07-07 09:45:00+09:00,44075.0,44500.0,43700.0,43750.0,72512.0
2026-07-07 09:50:00+09:00,43750.0,44650.0,43650.0,43950.0,39999.0
2026-07-07 09:55:00+09:00,43950.0,44000.0,43250.0,43250.0,62787.0
2026-07-07 10:00:00+09:00,43250.0,43550.0,43150.0,43300.0,38973.0
2026-07-07 10:05:00+09:00,43300.0,43600.0,43300.0,43400.0,26136.0
2026-07-07 10:10:00+09:00,43350.0,43700.0,42700.0,42700.0,67282.0
2026-07-07 10:15:00+09:00,42700.0,42750.0,42000.0,42000.0,78718.0
2026-07-07 10:20:00+09:00,42000.0,42250.0,41950.0,42200.0,37583.0
2026-07-07 10:25:00+09:00,42200.0,43400.0,42200.0,42800.0,58020.0
2026-07-07 10:30:00+09:00,42700.0,42950.0,42400.0,42400.0,26249.0
2026-07-07 10:35:00+09:00,42450.0,42450.0,42100.0,42300.0,26366.0
2026-07-07 10:40:00+09:00,42350.0,43100.0,42200.0,42950.0,20941.0
2026-07-07 10:45:00+09:00,42950.0,43300.0,42850.0,43250.0,24115.0
2026-07-07 10:50:00+09:00,43250.0,43500.0,43100.0,43225.0,29676.0
2026-07-07 10:55:00+09:00,43250.0,43250.0,42700.0,42750.0,21846.0
2026-07-07 11:00:00+09:00,42700.0,43650.0,42700.0,43550.0,28866.0
2026-07-07 11:05:00+09:00,43600.0,44100.0,43500.0,43900.0,57777.0
2026-07-07 11:10:00+09:00,43950.0,44350.0,43800.0,44100.0,62633.0
2026-07-07 11:15:00+09:00,44100.0,44300.0,43800.0,43800.0,32917.0
2026-07-07 11:20:00+09:00,43900.0,43950.0,43450.0,43900.0,22741.0
2026-07-07 11:25:00+09:00,43900.0,44450.0,43850.0,44250.0,37882.0
2026-07-07 11:30:00+09:00,44200.0,44200.0,43550.0,43700.0,27773.0
2026-07-07 11:35:00+09:00,43700.0,44050.0,43700.0,44000.0,15289.0
2026-07-07 11:40:00+09:00,44000.0,44100.0,43750.0,43750.0,10268.0
2026-07-07 11:45:00+09:00,43750.0,43775.0,43150.0,43250.0,27802.0
2026-07-07 11:50:00+09:00,43300.0,43350.0,43100.0,43300.0,13927.0
2026-07-07 11:55:00+09:00,43300.0,43600.0,43100.0,43100.0,18436.0
2026-07-07 12:00:00+09:00,43100.0,43300.0,43100.0,43200.0,10172.0
2026-07-07 12:05:00+09:00,43250.0,43250.0,43000.0,43100.0,15743.0
2026-07-07 12:10:00+09:00,43100.0,43250.0,43000.0,43150.0,10390.0
2026-07-07 12:15:00+09:00,43150.0,43150.0,42750.0,42950.0,21899.0
2026-07-07 12:20:00+09:00,42950.0,43050.0,42450.0,42500.0,19359.0
2026-07-07 12:25:00+09:00,42500.0,42800.0,42300.0,42450.0,19492.0
2026-07-07 12:30:00+09:00,42500.0,42800.0,42400.0,42750.0,24131.0
2026-07-07 12:35:00+09:00,42750.0,42850.0,42500.0,42700.0,10134.0
2026-07-07 12:40:00+09:00,42650.0,42700.0,42350.0,42350.0,16441.0
2026-07-07 12:45:00+09:00,42400.0,42500.0,42350.0,42450.0,7019.0
2026-07-07 12:50:00+09:00,42450.0,42600.0,42300.0,42400.0,11747.0
2026-07-07 12:55:00+09:00,42400.0,42550.0,42250.0,42450.0,11813.0
2026-07-07 13:00:00+09:00,42450.0,43250.0,42450.0,43050.0,19748.0
2026-07-07 13:05:00+09:00,43050.0,43150.0,42900.0,42950.0,14429.0
2026-07-07 13:10:00+09:00,42950.0,43050.0,42850.0,42950.0,11786.0
2026-07-07 13:15:00+09:00,42950.0,43000.0,42600.0,42650.0,13531.0
2026-07-07 13:20:00+09:00,42600.0,42850.0,42550.0,42700.0,11518.0
2026-07-07 13:25:00+09:00,42650.0,42800.0,42600.0,42700.0,8429.0
2026-07-07 13:30:00+09:00,42700.0,43150.0,42700.0,42950.0,11335.0
2026-07-07 13:35:00+09:00,42950.0,42950.0,42750.0,42800.0,8644.0
2026-07-07 13:40:00+09:00,42800.0,43500.0,42750.0,43300.0,28582.0
2026-07-07 13:45:00+09:00,43300.0,43300.0,42800.0,42850.0,18622.0
2026-07-07 13:50:00+09:00,42900.0,43350.0,42900.0,43100.0,7404.0
2026-07-07 14:20:00+09:00,43100.0,43650.0,42800.0,43150.0,45593.0
2026-07-07 14:25:00+09:00,43150.0,43400.0,42600.0,43400.0,29831.0
2026-07-07 14:30:00+09:00,43400.0,43700.0,43100.0,43150.0,52176.0
2026-07-07 14:35:00+09:00,43150.0,43800.0,43050.0,43350.0,33590.0
2026-07-07 14:40:00+09:00,43350.0,43500.0,42950.0,43100.0,30580.0
2026-07-07 14:45:00+09:00,43050.0,43100.0,42750.0,42850.0,28713.0
2026-07-07 14:50:00+09:00,42825.0,43350.0,42800.0,43250.0,29250.0
2026-07-07 14:55:00+09:00,43250.0,43450.0,42900.0,43100.0,19349.0
2026-07-08 09:00:00+09:00,42500.0,43100.0,40050.0,40900.0,187756.0
2026-07-08 09:05:00+09:00,41050.0,41250.0,40200.0,40600.0,92871.0
2026-07-08 09:10:00+09:00,40650.0,41800.0,40200.0,41750.0,60144.0
2026-07-08 09:15:00+09:00,41750.0,41950.0,41100.0,41200.0,39961.0
2026-07-08 09:20:00+09:00,41250.0,41950.0,41200.0,41725.0,16469.0
2026-07-08 09:25:00+09:00,41725.0,42400.0,41700.0,42100.0,25271.0
2026-07-08 09:30:00+09:00,42100.0,42300.0,41700.0,41700.0,19437.0
2026-07-08 09:35:00+09:00,41700.0,42600.0,41400.0,42550.0,29373.0
2026-07-08 09:40:00+09:00,42500.0,43000.0,42200.0,42900.0,25628.0
2026-07-08 09:45:00+09:00,42950.0,43150.0,42600.0,42700.0,48817.0
2026-07-08 09:50:00+09:00,42650.0,43800.0,42500.0,43800.0,62112.0
2026-07-08 09:55:00+09:00,43800.0,44000.0,43450.0,43800.0,95679.0
2026-07-08 10:00:00+09:00,43800.0,43800.0,43100.0,43250.0,41860.0
2026-07-08 10:05:00+09:00,43250.0,43400.0,42900.0,43025.0,26106.0
2026-07-08 10:10:00+09:00,43025.0,43700.0,43025.0,43500.0,24142.0
2026-07-08 10:15:00+09:00,43600.0,43600.0,43000.0,43100.0,21789.0
2026-07-08 10:20:00+09:00,43100.0,43200.0,42950.0,42950.0,21969.0
2026-07-08 10:25:00+09:00,43050.0,43200.0,42950.0,42950.0,16335.0
2026-07-08 10:30:00+09:00,42950.0,43050.0,42100.0,42250.0,53931.0
2026-07-08 10:35:00+09:00,42300.0,42500.0,41900.0,42000.0,33019.0
2026-07-08 10:40:00+09:00,42100.0,42700.0,42000.0,42200.0,23673.0
2026-07-08 10:45:00+09:00,42150.0,42400.0,42050.0,42150.0,16324.0
2026-07-08 10:50:00+09:00,42150.0,42150.0,41600.0,41650.0,19671.0
2026-07-08 10:55:00+09:00,41750.0,42200.0,41650.0,42150.0,10892.0
2026-07-08 11:00:00+09:00,42150.0,42450.0,41800.0,41900.0,15802.0
2026-07-08 11:05:00+09:00,41850.0,41900.0,41700.0,41800.0,16875.0
2026-07-08 11:10:00+09:00,41750.0,42050.0,41700.0,41750.0,13740.0
2026-07-08 11:15:00+09:00,41800.0,42100.0,41700.0,42050.0,10632.0
2026-07-08 11:20:00+09:00,42000.0,42400.0,42000.0,42300.0,11829.0
2026-07-08 11:25:00+09:00,42250.0,42450.0,42150.0,42400.0,9698.0
2026-07-08 11:30:00+09:00,42350.0,42400.0,41900.0,42150.0,8561.0
2026-07-08 11:35:00+09:00,42150.0,42275.0,42100.0,42100.0,1922.0
2026-07-08 11:40:00+09:00,42100.0,42450.0,42050.0,42350.0,5376.0
2026-07-08 11:45:00+09:00,42350.0,42450.0,42300.0,42400.0,3287.0
2026-07-08 11:50:00+09:00,42350.0,42400.0,42050.0,42050.0,7075.0
2026-07-08 11:55:00+09:00,42050.0,42300.0,42050.0,42050.0,4065.0
2026-07-08 12:00:00+09:00,42150.0,42150.0,42050.0,42050.0,3017.0
2026-07-08 12:05:00+09:00,42100.0,42300.0,42050.0,42250.0,3318.0
2026-07-08 12:10:00+09:00,42250.0,42400.0,42200.0,42300.0,6440.0
2026-07-08 12:15:00+09:00,42250.0,42350.0,42250.0,42300.0,2758.0
2026-07-08 12:20:00+09:00,42300.0,42300.0,42200.0,42300.0,4029.0
2026-07-08 12:25:00+09:00,42250.0,42450.0,42250.0,42400.0,3733.0
2026-07-08 12:30:00+09:00,42450.0,42650.0,42350.0,42450.0,9083.0
2026-07-08 12:35:00+09:00,42350.0,42550.0,42300.0,42450.0,4824.0
2026-07-08 12:40:00+09:00,42450.0,42450.0,42400.0,42400.0,3312.0
2026-07-08 12:45:00+09:00,42400.0,43150.0,42400.0,43100.0,29637.0
2026-07-08 12:50:00+09:00,43100.0,43100.0,42600.0,42650.0,26904.0
2026-07-08 12:55:00+09:00,42650.0,42850.0,42550.0,42700.0,7180.0
2026-07-08 13:00:00+09:00,42650.0,42700.0,42400.0,42400.0,11096.0
2026-07-08 13:05:00+09:00,42400.0,42650.0,42300.0,42450.0,10015.0
2026-07-08 13:10:00+09:00,42400.0,42400.0,41950.0,42000.0,19214.0
2026-07-08 13:15:00+09:00,41950.0,42050.0,41850.0,41900.0,15386.0
2026-07-08 13:20:00+09:00,41900.0,42500.0,41850.0,42450.0,13471.0
2026-07-08 13:25:00+09:00,42450.0,42500.0,41950.0,41950.0,9606.0
2026-07-08 13:30:00+09:00,41950.0,42200.0,41850.0,41900.0,11585.0
2026-07-08 13:35:00+09:00,41850.0,41900.0,41500.0,41650.0,35424.0
2026-07-08 13:40:00+09:00,41550.0,42100.0,41550.0,41950.0,14097.0
2026-07-08 13:45:00+09:00,41850.0,42050.0,41600.0,41800.0,14479.0
2026-07-08 13:50:00+09:00,41800.0,41850.0,41350.0,41350.0,14564.0
2026-07-08 13:55:00+09:00,41400.0,42250.0,41250.0,42200.0,22696.0
2026-07-08 14:00:00+09:00,42200.0,42450.0,42050.0,42200.0,12565.0
2026-07-08 14:05:00+09:00,42200.0,42500.0,42100.0,42200.0,16410.0
2026-07-08 14:10:00+09:00,42200.0,42200.0,41900.0,41950.0,8945.0
2026-07-08 14:15:00+09:00,41950.0,42200.0,41800.0,41900.0,9045.0
2026-07-08 14:20:00+09:00,41925.0,42050.0,41750.0,41750.0,9519.0
2026-07-08 14:25:00+09:00,41750.0,41850.0,41600.0,41600.0,12981.0
2026-07-08 14:30:00+09:00,41550.0,41750.0,41200.0,41700.0,26136.0
2026-07-08 14:35:00+09:00,41700.0,41850.0,41500.0,41500.0,10030.0
2026-07-08 14:40:00+09:00,41500.0,41800.0,41500.0,41650.0,9868.0
2026-07-08 14:45:00+09:00,41600.0,41650.0,41450.0,41500.0,11224.0
2026-07-08 14:50:00+09:00,41550.0,41750.0,41450.0,41750.0,12759.0
2026-07-08 14:55:00+09:00,41750.0,42000.0,41650.0,41700.0,10687.0
2026-07-09 09:00:00+09:00,41200.0,42600.0,41200.0,41850.0,126760.0
2026-07-09 09:05:00+09:00,41900.0,42500.0,41550.0,41750.0,60853.0
2026-07-09 09:10:00+09:00,41750.0,42200.0,41350.0,42050.0,43917.0
2026-07-09 09:15:00+09:00,42100.0,42450.0,41900.0,42100.0,36776.0
2026-07-09 09:20:00+09:00,42050.0,43000.0,42050.0,42750.0,66917.0
2026-07-09 09:25:00+09:00,42750.0,42750.0,42150.0,42250.0,32269.0
2026-07-09 09:30:00+09:00,42200.0,42500.0,42150.0,42350.0,22060.0
2026-07-09 09:35:00+09:00,42300.0,42850.0,41950.0,42600.0,43123.0
2026-07-09 09:40:00+09:00,42650.0,42900.0,42250.0,42850.0,32685.0
2026-07-09 09:45:00+09:00,42850.0,43350.0,42800.0,42900.0,44461.0
2026-07-09 09:50:00+09:00,42900.0,43100.0,42200.0,42200.0,32123.0
2026-07-09 09:55:00+09:00,42250.0,43600.0,42200.0,42700.0,66443.0
2026-07-09 10:00:00+09:00,42700.0,42850.0,42500.0,42650.0,17454.0
2026-07-09 10:05:00+09:00,42650.0,42700.0,42400.0,42600.0,18936.0
2026-07-09 10:10:00+09:00,42600.0,43150.0,42600.0,43100.0,22903.0
2026-07-09 10:15:00+09:00,43100.0,43700.0,43000.0,43550.0,39178.0
2026-07-09 10:20:00+09:00,43550.0,43700.0,43250.0,43400.0,21586.0
2026-07-09 10:25:00+09:00,43400.0,43750.0,43300.0,43500.0,32098.0
2026-07-09 10:30:00+09:00,43400.0,43450.0,42950.0,43250.0,26186.0
2026-07-09 10:35:00+09:00,43300.0,43550.0,43150.0,43500.0,23698.0
2026-07-09 10:40:00+09:00,43500.0,43850.0,42900.0,43600.0,39066.0
2026-07-09 10:45:00+09:00,43700.0,43750.0,43050.0,43100.0,15613.0
2026-07-09 10:50:00+09:00,43050.0,43150.0,42400.0,42450.0,46948.0
2026-07-09 10:55:00+09:00,42450.0,42700.0,42150.0,42200.0,31709.0
2026-07-09 11:00:00+09:00,42250.0,42450.0,41650.0,42050.0,38560.0
2026-07-09 11:05:00+09:00,42050.0,42500.0,41700.0,42150.0,25876.0
2026-07-09 11:10:00+09:00,42150.0,42350.0,42000.0,42100.0,8812.0
2026-07-09 11:15:00+09:00,42100.0,42750.0,42000.0,42650.0,18761.0
2026-07-09 11:20:00+09:00,42650.0,43100.0,42500.0,42900.0,20963.0
2026-07-09 11:25:00+09:00,42850.0,42950.0,42550.0,42700.0,11382.0
2026-07-09 11:30:00+09:00,42600.0,42950.0,42500.0,42600.0,8510.0
2026-07-09 11:35:00+09:00,42600.0,42750.0,42350.0,42550.0,12695.0
2026-07-09 11:40:00+09:00,42550.0,42700.0,42250.0,42250.0,12842.0
2026-07-09 11:45:00+09:00,42300.0,42600.0,42150.0,42200.0,21967.0
2026-07-09 11:50:00+09:00,42150.0,42300.0,41800.0,41850.0,29094.0
2026-07-09 11:55:00+09:00,41850.0,42350.0,41800.0,42150.0,23414.0
2026-07-09 12:00:00+09:00,42100.0,42100.0,41500.0,41750.0,20031.0
2026-07-09 12:05:00+09:00,41700.0,42150.0,41600.0,41800.0,13189.0
2026-07-09 12:10:00+09:00,41800.0,41900.0,41650.0,41800.0,9195.0
2026-07-09 12:15:00+09:00,41800.0,41900.0,41300.0,41450.0,22660.0
2026-07-09 12:20:00+09:00,41500.0,42250.0,41450.0,42200.0,17063.0
2026-07-09 12:25:00+09:00,42100.0,42550.0,42050.0,42400.0,14399.0
2026-07-09 12:30:00+09:00,42400.0,43800.0,42300.0,43600.0,99740.0
2026-07-09 12:35:00+09:00,43550.0,43750.0,43250.0,43500.0,55909.0
2026-07-09 12:40:00+09:00,43550.0,43600.0,43000.0,43250.0,33480.0
2026-07-09 12:45:00+09:00,43150.0,43400.0,42850.0,43050.0,18453.0
2026-07-09 12:50:00+09:00,43000.0,43050.0,42850.0,43000.0,13975.0
2026-07-09 12:55:00+09:00,42950.0,43050.0,42650.0,42700.0,9033.0
2026-07-09 13:00:00+09:00,42750.0,43050.0,42650.0,42900.0,9044.0
2026-07-09 13:05:00+09:00,42900.0,43000.0,42500.0,42700.0,12841.0
2026-07-09 13:10:00+09:00,42750.0,42850.0,42450.0,42500.0,8344.0
2026-07-09 13:15:00+09:00,42500.0,42800.0,42250.0,42250.0,14819.0
2026-07-09 13:20:00+09:00,42200.0,42350.0,42050.0,42100.0,14682.0
2026-07-09 13:25:00+09:00,42100.0,42450.0,42050.0,42450.0,8576.0
2026-07-09 13:30:00+09:00,42400.0,42900.0,42300.0,42800.0,15267.0
2026-07-09 13:35:00+09:00,42800.0,42900.0,42550.0,42650.0,10001.0
2026-07-09 13:40:00+09:00,42700.0,42750.0,42450.0,42600.0,5294.0
2026-07-09 13:45:00+09:00,42600.0,42750.0,42450.0,42550.0,8448.0
2026-07-09 13:50:00+09:00,42500.0,42750.0,42350.0,42650.0,8904.0
2026-07-09 13:55:00+09:00,42650.0,42700.0,42400.0,42550.0,6490.0
2026-07-09 14:00:00+09:00,42600.0,42850.0,42550.0,42550.0,13306.0
2026-07-09 14:05:00+09:00,42550.0,42650.0,42300.0,42550.0,11416.0
2026-07-09 14:10:00+09:00,42550.0,43100.0,42450.0,42950.0,15952.0
2026-07-09 14:15:00+09:00,42900.0,42950.0,42600.0,42700.0,8361.0
2026-07-09 14:20:00+09:00,42650.0,42800.0,42600.0,42650.0,7856.0
2026-07-09 14:25:00+09:00,42650.0,43100.0,42650.0,43000.0,16836.0
2026-07-09 14:30:00+09:00,42950.0,43000.0,42500.0,42950.0,12149.0
2026-07-09 14:35:00+09:00,43000.0,43200.0,42900.0,42950.0,17190.0
2026-07-09 14:40:00+09:00,42950.0,43100.0,42750.0,43050.0,9560.0
2026-07-09 14:45:00+09:00,43050.0,43100.0,42850.0,43000.0,15916.0
2026-07-09 14:50:00+09:00,43050.0,43350.0,43000.0,43250.0,18416.0
2026-07-09 14:55:00+09:00,43350.0,43350.0,43000.0,43150.0,12200.0
2026-07-10 09:00:00+09:00,43700.0,43900.0,43000.0,43300.0,145022.0
2026-07-10 09:05:00+09:00,43250.0,43850.0,42750.0,42900.0,88696.0
2026-07-10 09:10:00+09:00,42900.0,43100.0,42550.0,42900.0,56999.0
2026-07-10 09:15:00+09:00,42900.0,43050.0,42500.0,42850.0,36182.0
2026-07-10 09:20:00+09:00,42950.0,43300.0,42800.0,42850.0,31838.0
2026-07-10 09:25:00+09:00,42850.0,43050.0,42700.0,43000.0,29888.0
2026-07-10 09:30:00+09:00,43000.0,43200.0,42750.0,43200.0,26141.0
2026-07-10 09:35:00+09:00,43200.0,43850.0,43050.0,43800.0,62724.0
2026-07-10 09:40:00+09:00,43750.0,44000.0,43500.0,43550.0,73766.0
2026-07-10 09:45:00+09:00,43550.0,43700.0,43250.0,43350.0,25539.0
2026-07-10 09:50:00+09:00,43350.0,43550.0,43350.0,43550.0,16051.0
2026-07-10 09:55:00+09:00,43550.0,43600.0,43250.0,43400.0,17672.0
2026-07-10 10:00:00+09:00,43400.0,43500.0,43250.0,43400.0,17571.0
2026-07-10 10:05:00+09:00,43400.0,43600.0,43350.0,43450.0,9669.0
2026-07-10 10:10:00+09:00,43350.0,43700.0,43300.0,43650.0,15190.0
2026-07-10 10:15:00+09:00,43600.0,43650.0,43400.0,43575.0,27647.0
2026-07-10 10:20:00+09:00,43575.0,43850.0,43550.0,43850.0,21084.0
2026-07-10 10:25:00+09:00,43800.0,44000.0,43700.0,43950.0,31432.0
2026-07-10 10:30:00+09:00,43950.0,44000.0,43650.0,43750.0,22973.0
2026-07-10 10:35:00+09:00,43750.0,43950.0,43700.0,43925.0,16643.0
2026-07-10 10:40:00+09:00,43900.0,44400.0,43900.0,44350.0,59632.0
2026-07-10 10:45:00+09:00,44400.0,44450.0,44050.0,44200.0,23339.0
2026-07-10 10:50:00+09:00,44200.0,44200.0,43800.0,43850.0,26526.0
2026-07-10 10:55:00+09:00,43800.0,44000.0,43800.0,44000.0,11272.0
2026-07-10 11:00:00+09:00,44000.0,44000.0,43650.0,43750.0,20429.0
2026-07-10 11:05:00+09:00,43700.0,43800.0,43650.0,43750.0,11783.0
2026-07-10 11:10:00+09:00,43800.0,43800.0,43350.0,43550.0,22932.0
2026-07-10 11:15:00+09:00,43500.0,43600.0,43400.0,43450.0,16907.0
2026-07-10 11:20:00+09:00,43450.0,43550.0,43400.0,43450.0,6492.0
2026-07-10 11:25:00+09:00,43400.0,43700.0,43400.0,43700.0,10777.0
2026-07-10 11:30:00+09:00,43675.0,43900.0,43650.0,43800.0,12417.0
2026-07-10 11:35:00+09:00,43850.0,44050.0,43800.0,43900.0,15396.0
2026-07-10 11:40:00+09:00,44000.0,44150.0,43950.0,44050.0,11987.0
2026-07-10 11:45:00+09:00,44000.0,44050.0,43850.0,43950.0,10226.0
2026-07-10 11:50:00+09:00,43950.0,44050.0,43850.0,44050.0,9107.0
2026-07-10 11:55:00+09:00,44050.0,44050.0,43800.0,44000.0,10351.0
2026-07-10 12:00:00+09:00,44000.0,44000.0,43800.0,43850.0,5260.0
2026-07-10 12:05:00+09:00,43850.0,43850.0,43600.0,43750.0,18255.0
2026-07-10 12:10:00+09:00,43700.0,43950.0,43650.0,43900.0,5934.0
2026-07-10 12:15:00+09:00,43900.0,44150.0,43850.0,44000.0,16557.0
2026-07-10 12:20:00+09:00,44050.0,44050.0,43800.0,43850.0,7352.0
2026-07-10 12:25:00+09:00,43800.0,43850.0,43500.0,43575.0,20491.0
2026-07-10 12:30:00+09:00,43550.0,43700.0,43500.0,43650.0,12058.0
2026-07-10 12:35:00+09:00,43650.0,43650.0,43500.0,43600.0,11234.0
2026-07-10 12:40:00+09:00,43550.0,43850.0,43550.0,43700.0,12629.0
2026-07-10 12:45:00+09:00,43700.0,43750.0,43650.0,43750.0,9579.0
2026-07-10 12:50:00+09:00,43700.0,43800.0,43650.0,43800.0,10066.0
2026-07-10 12:55:00+09:00,43800.0,43900.0,43750.0,43850.0,10777.0
2026-07-10 13:00:00+09:00,43850.0,43950.0,43800.0,43850.0,5302.0
2026-07-10 13:05:00+09:00,43850.0,43900.0,43650.0,43700.0,13488.0
2026-07-10 13:10:00+09:00,43700.0,43800.0,43600.0,43750.0,9235.0
2026-07-10 13:15:00+09:00,43725.0,43750.0,43650.0,43750.0,7961.0
2026-07-10 13:20:00+09:00,43700.0,43800.0,43700.0,43800.0,5430.0
2026-07-10 13:25:00+09:00,43750.0,43800.0,43600.0,43650.0,9741.0
2026-07-10 13:30:00+09:00,43650.0,43650.0,43500.0,43550.0,11753.0
2026-07-10 13:35:00+09:00,43550.0,43600.0,43500.0,43600.0,6280.0
2026-07-10 13:40:00+09:00,43550.0,43650.0,43500.0,43650.0,7653.0
2026-07-10 13:45:00+09:00,43650.0,43650.0,43400.0,43450.0,20767.0
2026-07-10 13:50:00+09:00,43450.0,43450.0,43300.0,43400.0,11754.0
2026-07-10 13:55:00+09:00,43350.0,43400.0,43000.0,43150.0,37037.0
2026-07-10 14:00:00+09:00,43150.0,43450.0,43150.0,43350.0,10441.0
2026-07-10 14:05:00+09:00,43400.0,43450.0,43100.0,43350.0,10697.0
2026-07-10 14:10:00+09:00,43350.0,43400.0,43200.0,43300.0,8635.0
2026-07-10 14:15:00+09:00,43350.0,43400.0,43250.0,43300.0,4402.0
2026-07-10 14:20:00+09:00,43350.0,43750.0,43300.0,43650.0,22119.0
2026-07-10 14:25:00+09:00,43600.0,43850.0,43500.0,43500.0,21056.0
2026-07-10 14:30:00+09:00,43525.0,43600.0,43250.0,43450.0,13165.0
2026-07-10 14:35:00+09:00,43450.0,43500.0,43350.0,43500.0,5513.0
2026-07-10 14:40:00+09:00,43450.0,43600.0,43400.0,43450.0,7675.0
2026-07-10 14:45:00+09:00,43400.0,43750.0,43400.0,43600.0,10316.0
2026-07-10 14:50:00+09:00,43650.0,43650.0,43500.0,43500.0,8276.0
2026-07-10 14:55:00+09:00,43550.0,43550.0,43400.0,43500.0,9274.0
2026-07-13 09:00:00+09:00,43550.0,48200.0,43550.0,47450.0,0.0
2026-07-13 09:05:00+09:00,47350.0,49150.0,46600.0,48950.0,569660.0
2026-07-13 09:10:00+09:00,48950.0,51600.0,48100.0,50700.0,563498.0
2026-07-13 09:15:00+09:00,50800.0,51000.0,49450.0,49950.0,285119.0
2026-07-13 09:20:00+09:00,50000.0,51800.0,49900.0,50100.0,319677.0
2026-07-13 09:25:00+09:00,50150.0,50500.0,49700.0,50500.0,147631.0
2026-07-13 09:30:00+09:00,50500.0,51200.0,49600.0,50100.0,207620.0
2026-07-13 09:35:00+09:00,50200.0,51000.0,49900.0,50100.0,152178.0
2026-07-13 09:40:00+09:00,50100.0,51500.0,50000.0,50600.0,171203.0
2026-07-13 09:45:00+09:00,50700.0,51500.0,50300.0,50600.0,138012.0
2026-07-13 09:50:00+09:00,50600.0,50900.0,49450.0,49600.0,161709.0
2026-07-13 09:55:00+09:00,49600.0,49750.0,49100.0,49500.0,134761.0
2026-07-13 10:00:00+09:00,49500.0,49500.0,48800.0,48950.0,137252.0
2026-07-13 10:05:00+09:00,48950.0,49500.0,48850.0,49050.0,86025.0
2026-07-13 10:10:00+09:00,49100.0,49550.0,48850.0,49550.0,90855.0
2026-07-13 10:15:00+09:00,49550.0,49550.0,48900.0,49100.0,65305.0
2026-07-13 10:20:00+09:00,49100.0,49500.0,49050.0,49450.0,47719.0
2026-07-13 10:25:00+09:00,49400.0,50000.0,48850.0,48950.0,166451.0
2026-07-13 10:30:00+09:00,48900.0,50400.0,48750.0,50400.0,175685.0
2026-07-13 10:35:00+09:00,50400.0,52500.0,50300.0,52200.0,473302.0
2026-07-13 10:40:00+09:00,52000.0,52200.0,51100.0,51700.0,193030.0
2026-07-13 10:45:00+09:00,51800.0,52000.0,50800.0,50900.0,142661.0
2026-07-13 10:50:00+09:00,50900.0,51000.0,49900.0,50100.0,178236.0
2026-07-13 10:55:00+09:00,50100.0,50800.0,50000.0,50500.0,100772.0
2026-07-13 11:00:00+09:00,50450.0,51000.0,49950.0,50100.0,105532.0
2026-07-13 11:05:00+09:00,50000.0,51000.0,50000.0,50600.0,92085.0
2026-07-13 11:10:00+09:00,50600.0,50800.0,50300.0,50300.0,40743.0
2026-07-13 11:15:00+09:00,50300.0,50600.0,50000.0,50500.0,50908.0
2026-07-13 11:20:00+09:00,50500.0,50700.0,50200.0,50400.0,40287.0
2026-07-13 11:25:00+09:00,50400.0,51100.0,50200.0,50700.0,58404.0
2026-07-13 11:30:00+09:00,50700.0,50800.0,49200.0,49400.0,169285.0
2026-07-13 11:35:00+09:00,49400.0,49800.0,49350.0,49800.0,49276.0
2026-07-13 11:40:00+09:00,49750.0,50500.0,49750.0,50000.0,45072.0
2026-07-13 11:45:00+09:00,50000.0,50500.0,49750.0,50500.0,32956.0
2026-07-13 11:50:00+09:00,50500.0,51200.0,50400.0,50700.0,129898.0
2026-07-13 11:55:00+09:00,50800.0,51000.0,50300.0,50700.0,42678.0
2026-07-13 12:00:00+09:00,50800.0,50800.0,49900.0,50200.0,55470.0
2026-07-13 12:05:00+09:00,50100.0,50300.0,49650.0,49950.0,48446.0
2026-07-13 12:10:00+09:00,49950.0,50200.0,49550.0,49550.0,53706.0
2026-07-13 12:15:00+09:00,49600.0,49650.0,49300.0,49500.0,65506.0
2026-07-13 12:20:00+09:00,49600.0,50300.0,49250.0,49350.0,61268.0
2026-07-13 12:25:00+09:00,49350.0,49650.0,49100.0,49450.0,47688.0
2026-07-13 12:30:00+09:00,49450.0,49450.0,48000.0,48250.0,206446.0
2026-07-13 12:35:00+09:00,48300.0,49000.0,48100.0,49000.0,73684.0
2026-07-13 12:40:00+09:00,48950.0,49025.0,48550.0,48850.0,48010.0
2026-07-13 12:45:00+09:00,48800.0,49400.0,48600.0,49350.0,43228.0
2026-07-13 12:50:00+09:00,49350.0,49375.0,48700.0,48950.0,36318.0
2026-07-13 12:55:00+09:00,48950.0,49050.0,48750.0,48850.0,26852.0
2026-07-13 13:00:00+09:00,48850.0,48900.0,48450.0,48600.0,42890.0
2026-07-13 13:05:00+09:00,48650.0,48650.0,48100.0,48350.0,55132.0
2026-07-13 13:10:00+09:00,48350.0,48475.0,47750.0,47950.0,93119.0
2026-07-13 13:15:00+09:00,47950.0,48150.0,47500.0,48100.0,81217.0
2026-07-13 13:20:00+09:00,48100.0,48150.0,47600.0,47750.0,45210.0
2026-07-13 13:25:00+09:00,47850.0,48300.0,47800.0,47950.0,25448.0
2026-07-13 13:55:00+09:00,48150.0,48300.0,47700.0,48100.0,29687.0
2026-07-13 14:00:00+09:00,48150.0,48850.0,47600.0,48400.0,98807.0
2026-07-13 14:05:00+09:00,48450.0,49100.0,48000.0,48925.0,66643.0
2026-07-13 14:10:00+09:00,48950.0,49150.0,48750.0,48900.0,47771.0
2026-07-13 14:15:00+09:00,48900.0,49000.0,48450.0,48850.0,38374.0
2026-07-13 14:20:00+09:00,48850.0,49500.0,48150.0,48200.0,85289.0
2026-07-13 14:25:00+09:00,48200.0,48650.0,48100.0,48650.0,33980.0
2026-07-13 14:30:00+09:00,48650.0,49300.0,48250.0,49300.0,44016.0
2026-07-13 14:35:00+09:00,49250.0,49600.0,49100.0,49550.0,93473.0
2026-07-13 14:40:00+09:00,49500.0,49800.0,49000.0,49250.0,58063.0
2026-07-13 14:45:00+09:00,49250.0,49250.0,48350.0,48600.0,56207.0
2026-07-13 14:50:00+09:00,48600.0,49150.0,48600.0,48800.0,31377.0
2026-07-13 14:55:00+09:00,48800.0,49350.0,48750.0,49250.0,42822.0
2026-07-14 09:00:00+09:00,48500.0,49300.0,46800.0,48150.0,404273.0
2026-07-14 09:05:00+09:00,48200.0,51300.0,47900.0,51200.0,587634.0
2026-07-14 09:10:00+09:00,51300.0,51300.0,45050.0,45200.0,739015.0
2026-07-14 09:15:00+09:00,45200.0,46000.0,44200.0,45300.0,248925.0
2026-07-14 09:20:00+09:00,45300.0,45800.0,44750.0,45400.0,109793.0
2026-07-14 09:25:00+09:00,45400.0,45950.0,44900.0,45750.0,64003.0
2026-07-14 09:30:00+09:00,45750.0,46100.0,45250.0,45300.0,61207.0
2026-07-14 09:35:00+09:00,45300.0,46050.0,45300.0,45300.0,40709.0
2026-07-14 09:40:00+09:00,45300.0,45550.0,45150.0,45400.0,48872.0
2026-07-14 09:45:00+09:00,45450.0,45500.0,45000.0,45200.0,50658.0
2026-07-14 09:50:00+09:00,45200.0,45400.0,45000.0,45050.0,49472.0
2026-07-14 09:55:00+09:00,45050.0,45200.0,44800.0,44900.0,74683.0
2026-07-14 10:00:00+09:00,44900.0,46250.0,44850.0,46200.0,80204.0
2026-07-14 10:05:00+09:00,46200.0,46500.0,45850.0,46150.0,60842.0
2026-07-14 10:10:00+09:00,46150.0,46750.0,45600.0,46000.0,91200.0
2026-07-14 10:15:00+09:00,45950.0,46000.0,45700.0,45700.0,13870.0
2026-07-14 10:20:00+09:00,45700.0,45950.0,45450.0,45750.0,28389.0
2026-07-14 10:25:00+09:00,45750.0,46100.0,45600.0,45900.0,21519.0
2026-07-14 10:30:00+09:00,45800.0,45900.0,45450.0,45850.0,24204.0
2026-07-14 10:35:00+09:00,45850.0,46000.0,45600.0,46000.0,17676.0
2026-07-14 10:40:00+09:00,46000.0,46600.0,45950.0,46550.0,68002.0
2026-07-14 10:45:00+09:00,46600.0,47450.0,46400.0,47050.0,131598.0
2026-07-14 10:50:00+09:00,47050.0,47350.0,46450.0,46700.0,53813.0
2026-07-14 10:55:00+09:00,46700.0,47100.0,46150.0,46150.0,36486.0
2026-07-14 11:00:00+09:00,46150.0,46400.0,46100.0,46350.0,18869.0
2026-07-14 11:05:00+09:00,46300.0,46400.0,46050.0,46300.0,16678.0
2026-07-14 11:10:00+09:00,46200.0,46300.0,45500.0,45550.0,48759.0
2026-07-14 11:15:00+09:00,45650.0,45850.0,45450.0,45500.0,20436.0
2026-07-14 11:20:00+09:00,45500.0,45500.0,45100.0,45150.0,24736.0
2026-07-14 11:25:00+09:00,45150.0,45300.0,44950.0,45250.0,30287.0
2026-07-14 11:30:00+09:00,45200.0,45250.0,44800.0,44800.0,33691.0
2026-07-14 11:35:00+09:00,44800.0,45350.0,44700.0,45250.0,30563.0
2026-07-14 11:40:00+09:00,45300.0,45450.0,45100.0,45200.0,23931.0
2026-07-14 11:45:00+09:00,45250.0,45350.0,45050.0,45250.0,8911.0
2026-07-14 11:50:00+09:00,45300.0,45350.0,44900.0,44950.0,13562.0
2026-07-14 11:55:00+09:00,45000.0,45050.0,44800.0,44900.0,10133.0
2026-07-14 12:00:00+09:00,44850.0,44950.0,44700.0,44700.0,22091.0
2026-07-14 12:05:00+09:00,44750.0,44800.0,44600.0,44600.0,20879.0
2026-07-14 12:10:00+09:00,44650.0,44700.0,44300.0,44350.0,45037.0
2026-07-14 12:15:00+09:00,44350.0,44400.0,44000.0,44100.0,45275.0
2026-07-14 12:20:00+09:00,44100.0,44450.0,44000.0,44150.0,27085.0
2026-07-14 12:25:00+09:00,44150.0,44550.0,44050.0,44400.0,23102.0
2026-07-14 12:30:00+09:00,44400.0,45100.0,44400.0,44800.0,22470.0
2026-07-14 12:35:00+09:00,44800.0,45050.0,44700.0,44950.0,10923.0
2026-07-14 12:40:00+09:00,44950.0,45350.0,44700.0,45200.0,15541.0
2026-07-14 12:45:00+09:00,45200.0,45450.0,44950.0,45300.0,15136.0
2026-07-14 12:50:00+09:00,45300.0,45550.0,45250.0,45350.0,17627.0
2026-07-14 12:55:00+09:00,45350.0,45400.0,45150.0,45250.0,10264.0
2026-07-14 13:00:00+09:00,45250.0,45550.0,45250.0,45250.0,18637.0
2026-07-14 13:05:00+09:00,45250.0,45300.0,44950.0,44950.0,11231.0
2026-07-14 13:10:00+09:00,44950.0,45000.0,44800.0,44850.0,10891.0
2026-07-14 13:15:00+09:00,44850.0,45100.0,44800.0,44950.0,7947.0
2026-07-14 13:20:00+09:00,44950.0,45050.0,44850.0,45000.0,6538.0
2026-07-14 13:25:00+09:00,45000.0,45400.0,44950.0,45350.0,9011.0
2026-07-14 13:30:00+09:00,45400.0,45400.0,45100.0,45300.0,10121.0
2026-07-14 13:35:00+09:00,45300.0,45500.0,45200.0,45450.0,10907.0
2026-07-14 13:40:00+09:00,45450.0,45550.0,45150.0,45400.0,12356.0
2026-07-14 13:45:00+09:00,45400.0,45800.0,45350.0,45750.0,12407.0
2026-07-14 13:50:00+09:00,45750.0,45800.0,45500.0,45750.0,13957.0
2026-07-14 13:55:00+09:00,45750.0,46150.0,45750.0,46050.0,39513.0
2026-07-14 14:00:00+09:00,46100.0,46125.0,45600.0,45950.0,19994.0
2026-07-14 14:05:00+09:00,45950.0,46100.0,45900.0,46050.0,16411.0
2026-07-14 14:10:00+09:00,46000.0,46300.0,46000.0,46050.0,22136.0
2026-07-14 14:15:00+09:00,46050.0,46150.0,45850.0,46050.0,10720.0
2026-07-14 14:20:00+09:00,46050.0,46300.0,46000.0,46300.0,14463.0
2026-07-14 14:25:00+09:00,46300.0,46550.0,46200.0,46200.0,28327.0
2026-07-14 14:30:00+09:00,46200.0,46800.0,46200.0,46650.0,30092.0
2026-07-14 14:35:00+09:00,46650.0,47150.0,46500.0,47075.0,61480.0
2026-07-14 14:40:00+09:00,47050.0,47150.0,46250.0,46850.0,32208.0
2026-07-14 14:45:00+09:00,46900.0,47050.0,46650.0,47000.0,21224.0
2026-07-14 14:50:00+09:00,47000.0,47200.0,46500.0,47150.0,29299.0
2026-07-14 14:55:00+09:00,47200.0,47350.0,47000.0,47150.0,33154.0
2026-07-15 09:00:00+09:00,50200.0,51700.0,49500.0,49900.0,384671.0
2026-07-15 09:05:00+09:00,49850.0,50100.0,48100.0,48125.0,160793.0
2026-07-15 09:10:00+09:00,48100.0,50900.0,47300.0,50000.0,297867.0
2026-07-15 09:15:00+09:00,50000.0,50900.0,49950.0,50700.0,127576.0
2026-07-15 09:20:00+09:00,50800.0,51500.0,50200.0,50500.0,196101.0
2026-07-15 09:25:00+09:00,50400.0,51600.0,50200.0,50900.0,106099.0
2026-07-15 09:30:00+09:00,50900.0,51600.0,50300.0,50500.0,99569.0
2026-07-15 09:35:00+09:00,50500.0,50600.0,49900.0,49950.0,85918.0
2026-07-15 09:40:00+09:00,50000.0,50400.0,49950.0,50000.0,32522.0
2026-07-15 09:45:00+09:00,50100.0,51500.0,49950.0,51200.0,107651.0
2026-07-15 09:50:00+09:00,51300.0,51800.0,50900.0,51100.0,166914.0
2026-07-15 09:55:00+09:00,51200.0,51700.0,50700.0,51300.0,65933.0
2026-07-15 10:00:00+09:00,51300.0,51300.0,50300.0,51000.0,59887.0
2026-07-15 10:05:00+09:00,50900.0,51900.0,50900.0,51500.0,109430.0
2026-07-15 10:10:00+09:00,51400.0,51900.0,51100.0,51800.0,53035.0
2026-07-15 10:15:00+09:00,51900.0,53200.0,51800.0,53000.0,322387.0
2026-07-15 10:20:00+09:00,53000.0,53400.0,52700.0,53000.0,139430.0
2026-07-15 10:25:00+09:00,53100.0,54400.0,52900.0,54300.0,294818.0
2026-07-15 10:30:00+09:00,54200.0,54300.0,52800.0,52900.0,127214.0
2026-07-15 10:35:00+09:00,52900.0,53400.0,52800.0,53100.0,76301.0
2026-07-15 10:40:00+09:00,53000.0,53200.0,52300.0,53000.0,116007.0
2026-07-15 10:45:00+09:00,52900.0,53400.0,52200.0,53200.0,70897.0
2026-07-15 10:50:00+09:00,53200.0,54000.0,52600.0,53900.0,74986.0
2026-07-15 10:55:00+09:00,53850.0,54200.0,53400.0,53700.0,108704.0
2026-07-15 11:00:00+09:00,53600.0,54100.0,53600.0,53900.0,51967.0
2026-07-15 11:05:00+09:00,54000.0,54750.0,53600.0,54600.0,147182.0
2026-07-15 11:10:00+09:00,54600.0,54600.0,54000.0,54200.0,67288.0
2026-07-15 11:15:00+09:00,54200.0,54800.0,54000.0,54800.0,83966.0
2026-07-15 11:20:00+09:00,54800.0,54900.0,54400.0,54600.0,99712.0
2026-07-15 11:25:00+09:00,54700.0,54700.0,54000.0,54400.0,61590.0
2026-07-15 11:30:00+09:00,54500.0,54500.0,54000.0,54000.0,39853.0
2026-07-15 11:35:00+09:00,54000.0,54100.0,53600.0,54000.0,47469.0
2026-07-15 11:40:00+09:00,54000.0,54200.0,53800.0,54000.0,28149.0
2026-07-15 11:45:00+09:00,54000.0,54100.0,53300.0,53700.0,64323.0
2026-07-15 11:50:00+09:00,53700.0,53800.0,53500.0,53700.0,25238.0
2026-07-15 11:55:00+09:00,53700.0,54800.0,53600.0,54500.0,87020.0
2026-07-15 12:00:00+09:00,54500.0,54700.0,54300.0,54500.0,58138.0
2026-07-15 12:05:00+09:00,54400.0,54500.0,54100.0,54300.0,27471.0
2026-07-15 12:10:00+09:00,54300.0,54300.0,54100.0,54200.0,16638.0
2026-07-15 12:15:00+09:00,54100.0,54300.0,54000.0,54000.0,19782.0
2026-07-15 12:20:00+09:00,54100.0,54100.0,54000.0,54000.0,16384.0
2026-07-15 12:25:00+09:00,54100.0,54100.0,53500.0,53800.0,45474.0
2026-07-15 12:30:00+09:00,53700.0,54100.0,53700.0,54000.0,23210.0
2026-07-15 12:35:00+09:00,54000.0,54000.0,53700.0,53700.0,13513.0
2026-07-15 12:40:00+09:00,53700.0,54100.0,53500.0,53700.0,29717.0
2026-07-15 12:45:00+09:00,53600.0,54600.0,53500.0,54500.0,59203.0
2026-07-15 12:50:00+09:00,54500.0,54600.0,54200.0,54200.0,33015.0
2026-07-15 12:55:00+09:00,54300.0,54300.0,54100.0,54300.0,14413.0
2026-07-15 13:00:00+09:00,54200.0,54300.0,53850.0,54000.0,21923.0
2026-07-15 13:05:00+09:00,54000.0,54200.0,53900.0,54200.0,19174.0
2026-07-15 13:10:00+09:00,54000.0,54200.0,53800.0,54100.0,15715.0
2026-07-15 13:15:00+09:00,54100.0,54100.0,53800.0,53900.0,16345.0
2026-07-15 13:20:00+09:00,53800.0,53900.0,53600.0,53700.0,26608.0
2026-07-15 13:25:00+09:00,53700.0,54100.0,53700.0,53800.0,20432.0
2026-07-15 13:30:00+09:00,53800.0,53900.0,53200.0,53500.0,45600.0
2026-07-15 13:35:00+09:00,53500.0,53800.0,53300.0,53400.0,15419.0
2026-07-15 13:40:00+09:00,53500.0,53700.0,52900.0,53000.0,53023.0
2026-07-15 13:45:00+09:00,53000.0,53500.0,52900.0,53500.0,26940.0
2026-07-15 13:50:00+09:00,53500.0,53500.0,53100.0,53200.0,15681.0
2026-07-15 13:55:00+09:00,53100.0,53500.0,53100.0,53300.0,18946.0
2026-07-15 14:00:00+09:00,53400.0,53500.0,53200.0,53300.0,24993.0
2026-07-15 14:05:00+09:00,53300.0,53600.0,52800.0,53600.0,69781.0
2026-07-15 14:10:00+09:00,53600.0,53600.0,53000.0,53100.0,21587.0
2026-07-15 14:15:00+09:00,53000.0,53200.0,52800.0,53200.0,24642.0
2026-07-15 14:20:00+09:00,53100.0,53200.0,52800.0,52800.0,19717.0
2026-07-15 14:25:00+09:00,52850.0,52900.0,52400.0,52600.0,35381.0
2026-07-15 14:30:00+09:00,52600.0,53000.0,52500.0,52800.0,24192.0
2026-07-15 14:35:00+09:00,52800.0,53200.0,52600.0,53100.0,23004.0
2026-07-15 14:40:00+09:00,53000.0,53200.0,53000.0,53100.0,14661.0
2026-07-15 14:45:00+09:00,53100.0,53600.0,53000.0,53500.0,32081.0
2026-07-15 14:50:00+09:00,53600.0,53800.0,53400.0,53800.0,26277.0
2026-07-15 14:55:00+09:00,53700.0,54000.0,53700.0,53800.0,46671.0
2026-07-16 09:00:00+09:00,52300.0,53600.0,51000.0,52500.0,262462.0
2026-07-16 09:05:00+09:00,52400.0,52600.0,51300.0,51700.0,83173.0
2026-07-16 09:10:00+09:00,51800.0,56100.0,51500.0,55900.0,318122.0
2026-07-16 09:15:00+09:00,55900.0,56000.0,52800.0,53600.0,423642.0
2026-07-16 09:20:00+09:00,53500.0,53700.0,52100.0,53000.0,174525.0
2026-07-16 09:25:00+09:00,53000.0,53300.0,52400.0,52800.0,63586.0
2026-07-16 09:30:00+09:00,53000.0,54800.0,52600.0,54700.0,200300.0
2026-07-16 09:35:00+09:00,54700.0,55700.0,54000.0,54300.0,292101.0
2026-07-16 09:40:00+09:00,54200.0,54700.0,53500.0,53900.0,152899.0
2026-07-16 09:45:00+09:00,54000.0,54500.0,53200.0,53700.0,114466.0
2026-07-16 09:50:00+09:00,53800.0,54700.0,53600.0,54000.0,77769.0
2026-07-16 09:55:00+09:00,54000.0,54900.0,53500.0,54400.0,121591.0
2026-07-16 10:00:00+09:00,54300.0,54900.0,54100.0,54100.0,70181.0
2026-07-16 10:05:00+09:00,54100.0,55300.0,54100.0,54700.0,135025.0
2026-07-16 10:10:00+09:00,54800.0,55000.0,52900.0,53100.0,205277.0
2026-07-16 10:15:00+09:00,53150.0,53800.0,53100.0,53300.0,64841.0
2026-07-16 10:20:00+09:00,53300.0,53500.0,52500.0,52900.0,71202.0
2026-07-16 10:25:00+09:00,52900.0,53500.0,52900.0,53100.0,28841.0
2026-07-16 10:30:00+09:00,53200.0,53500.0,53000.0,53400.0,26155.0
2026-07-16 10:35:00+09:00,53400.0,53500.0,53200.0,53200.0,20269.0
2026-07-16 10:40:00+09:00,53300.0,53300.0,52600.0,52800.0,43459.0
2026-07-16 10:45:00+09:00,52800.0,53000.0,52300.0,52900.0,38799.0
2026-07-16 10:50:00+09:00,52900.0,53500.0,52800.0,53300.0,19146.0
2026-07-16 10:55:00+09:00,53300.0,53400.0,52400.0,52400.0,36405.0
2026-07-16 11:00:00+09:00,52400.0,53000.0,52200.0,52300.0,29489.0
2026-07-16 11:05:00+09:00,52200.0,52600.0,52000.0,52150.0,46592.0
2026-07-16 11:10:00+09:00,52100.0,52500.0,52000.0,52500.0,27694.0
2026-07-16 11:15:00+09:00,52500.0,52500.0,52000.0,52400.0,15521.0
2026-07-16 11:20:00+09:00,52400.0,53100.0,52300.0,52700.0,20609.0
2026-07-16 11:25:00+09:00,52800.0,53100.0,52700.0,52900.0,10324.0
2026-07-16 11:30:00+09:00,52900.0,53300.0,52900.0,53000.0,18069.0
2026-07-16 11:35:00+09:00,53000.0,53200.0,52900.0,53000.0,10215.0
2026-07-16 11:40:00+09:00,53100.0,53100.0,52800.0,53000.0,6499.0
2026-07-16 11:45:00+09:00,53000.0,53700.0,52900.0,53700.0,27846.0
2026-07-16 11:50:00+09:00,53650.0,53700.0,53300.0,53300.0,24632.0
2026-07-16 11:55:00+09:00,53400.0,53600.0,53100.0,53400.0,20110.0
2026-07-16 12:00:00+09:00,53500.0,53500.0,53100.0,53300.0,6560.0
2026-07-16 12:05:00+09:00,53300.0,53500.0,53200.0,53500.0,7603.0
2026-07-16 12:10:00+09:00,53500.0,53700.0,53400.0,53600.0,18594.0
2026-07-16 12:15:00+09:00,53600.0,53600.0,53200.0,53250.0,16349.0
2026-07-16 12:20:00+09:00,53200.0,53600.0,53150.0,53400.0,11797.0
2026-07-16 12:25:00+09:00,53300.0,53500.0,53300.0,53400.0,8192.0
2026-07-16 12:30:00+09:00,53350.0,53800.0,53300.0,53500.0,27436.0
2026-07-16 12:35:00+09:00,53450.0,53600.0,53400.0,53500.0,10130.0
2026-07-16 12:40:00+09:00,53400.0,53500.0,53200.0,53300.0,12811.0
2026-07-16 12:45:00+09:00,53300.0,53300.0,52900.0,52900.0,19403.0
2026-07-16 12:50:00+09:00,53000.0,53200.0,52900.0,53200.0,8072.0
2026-07-16 12:55:00+09:00,53200.0,53300.0,53000.0,53200.0,6633.0
2026-07-16 13:00:00+09:00,53300.0,53300.0,53100.0,53300.0,5349.0
2026-07-16 13:05:00+09:00,53200.0,53300.0,53000.0,53100.0,6435.0
2026-07-16 13:10:00+09:00,53100.0,53100.0,52800.0,53000.0,18621.0
2026-07-16 13:15:00+09:00,53100.0,53100.0,52900.0,52900.0,6033.0
2026-07-16 13:20:00+09:00,53000.0,53200.0,52700.0,52950.0,16365.0
2026-07-16 13:25:00+09:00,52950.0,53100.0,52800.0,53100.0,8577.0
2026-07-16 13:30:00+09:00,53100.0,53500.0,53000.0,53300.0,21937.0
2026-07-16 13:35:00+09:00,53300.0,53300.0,53000.0,53100.0,13231.0
2026-07-16 13:40:00+09:00,53100.0,53100.0,52900.0,53100.0,8079.0
2026-07-16 13:45:00+09:00,53000.0,53200.0,52800.0,53200.0,13161.0
2026-07-16 13:50:00+09:00,53200.0,53500.0,53000.0,53300.0,20914.0
2026-07-16 13:55:00+09:00,53300.0,53600.0,53300.0,53500.0,8936.0
2026-07-16 14:00:00+09:00,53500.0,54000.0,53400.0,53800.0,45008.0
2026-07-16 14:05:00+09:00,53800.0,54000.0,53600.0,53800.0,29908.0
2026-07-16 14:10:00+09:00,53800.0,53900.0,53600.0,53600.0,21677.0
2026-07-16 14:15:00+09:00,53650.0,53800.0,53300.0,53700.0,27569.0
2026-07-16 14:20:00+09:00,53600.0,53800.0,53200.0,53400.0,27374.0
2026-07-16 14:25:00+09:00,53400.0,53400.0,53000.0,53300.0,27402.0
2026-07-16 14:30:00+09:00,53300.0,53300.0,53000.0,53100.0,13072.0
2026-07-16 14:35:00+09:00,53300.0,53300.0,52700.0,52800.0,42214.0
2026-07-16 14:40:00+09:00,52900.0,53000.0,52800.0,52800.0,18434.0
2026-07-16 14:45:00+09:00,52900.0,53000.0,52500.0,52700.0,21169.0
2026-07-16 14:50:00+09:00,52700.0,53000.0,52500.0,53000.0,16642.0
2026-07-16 14:55:00+09:00,53000.0,53000.0,52600.0,52800.0,15087.0
2026-07-20 09:00:00+09:00,50900.0,55000.0,50800.0,54000.0,0.0
2026-07-20 09:05:00+09:00,54000.0,55400.0,53500.0,53550.0,325312.0
2026-07-20 09:10:00+09:00,53550.0,55800.0,53100.0,53900.0,354314.0
2026-07-20 09:15:00+09:00,54000.0,55900.0,53900.0,55900.0,332394.0
2026-07-20 09:20:00+09:00,55900.0,57000.0,55300.0,55900.0,384017.0
2026-07-20 09:25:00+09:00,55900.0,56600.0,55500.0,56200.0,182656.0
2026-07-20 09:30:00+09:00,56200.0,56200.0,54600.0,54700.0,185184.0
2026-07-20 09:35:00+09:00,54900.0,55600.0,54700.0,55300.0,106477.0
2026-07-20 09:40:00+09:00,55500.0,57000.0,55300.0,56100.0,312789.0
2026-07-20 09:45:00+09:00,56100.0,56600.0,55500.0,56500.0,160778.0
2026-07-20 09:50:00+09:00,56500.0,57800.0,56100.0,57000.0,399487.0
2026-07-20 09:55:00+09:00,57000.0,57300.0,56300.0,56350.0,159818.0
2026-07-20 10:00:00+09:00,56300.0,57300.0,56300.0,57000.0,181195.0
2026-07-20 10:05:00+09:00,57100.0,57500.0,56700.0,57400.0,119863.0
2026-07-20 10:10:00+09:00,57400.0,57700.0,56000.0,56400.0,190293.0
2026-07-20 10:15:00+09:00,56300.0,56700.0,55600.0,55900.0,135393.0
2026-07-20 10:20:00+09:00,55800.0,57700.0,55700.0,57500.0,172403.0
2026-07-20 10:25:00+09:00,57500.0,57900.0,56900.0,57200.0,154963.0
2026-07-20 10:30:00+09:00,57100.0,57800.0,56900.0,57200.0,133520.0
2026-07-20 10:35:00+09:00,57100.0,57400.0,56900.0,57200.0,64709.0
2026-07-20 10:40:00+09:00,57300.0,58500.0,56600.0,57200.0,355876.0
2026-07-20 10:45:00+09:00,57300.0,57400.0,56700.0,57200.0,49352.0
2026-07-20 10:50:00+09:00,57150.0,57300.0,56300.0,56700.0,97519.0
2026-07-20 10:55:00+09:00,56600.0,56700.0,55800.0,56500.0,160266.0
2026-07-20 11:00:00+09:00,56500.0,57400.0,56400.0,57100.0,79479.0
2026-07-20 11:05:00+09:00,57200.0,57700.0,57100.0,57600.0,92234.0
2026-07-20 11:10:00+09:00,57600.0,57700.0,56500.0,56700.0,71119.0
2026-07-20 11:15:00+09:00,56600.0,57200.0,56600.0,56800.0,40605.0
2026-07-20 11:20:00+09:00,56750.0,57000.0,56600.0,56800.0,28345.0
2026-07-20 11:25:00+09:00,56800.0,56800.0,56200.0,56600.0,53491.0
2026-07-20 11:30:00+09:00,56600.0,57200.0,56500.0,57200.0,42008.0
2026-07-20 11:35:00+09:00,57200.0,57400.0,56900.0,57200.0,44466.0
2026-07-20 11:40:00+09:00,57100.0,57700.0,57000.0,57500.0,77109.0
2026-07-20 11:45:00+09:00,57600.0,57900.0,57400.0,57900.0,75812.0
2026-07-20 11:50:00+09:00,57800.0,57900.0,57200.0,57300.0,48327.0
2026-07-20 11:55:00+09:00,57200.0,57500.0,57000.0,57100.0,36390.0
2026-07-20 12:00:00+09:00,57000.0,57400.0,56950.0,57300.0,32255.0
2026-07-20 12:05:00+09:00,57200.0,57300.0,56600.0,57200.0,56054.0
2026-07-20 12:10:00+09:00,57100.0,57400.0,56900.0,57000.0,30347.0
2026-07-20 12:15:00+09:00,56900.0,57200.0,56600.0,56600.0,33416.0
2026-07-20 12:20:00+09:00,56700.0,56900.0,56300.0,56500.0,37611.0
2026-07-20 12:25:00+09:00,56500.0,56800.0,56400.0,56600.0,19889.0
2026-07-20 12:30:00+09:00,56600.0,56800.0,56500.0,56600.0,17362.0
2026-07-20 12:35:00+09:00,56600.0,56650.0,56300.0,56500.0,29550.0
2026-07-20 12:40:00+09:00,56400.0,56500.0,55800.0,55800.0,87411.0
2026-07-20 12:45:00+09:00,55900.0,56400.0,55800.0,55900.0,38737.0
2026-07-20 12:50:00+09:00,55900.0,56300.0,55300.0,56000.0,78894.0
2026-07-20 12:55:00+09:00,55900.0,56100.0,55200.0,55700.0,58488.0
2026-07-20 13:00:00+09:00,55700.0,56500.0,55600.0,56200.0,44708.0
2026-07-20 13:05:00+09:00,56100.0,56200.0,55800.0,55900.0,26918.0
2026-07-20 13:10:00+09:00,56000.0,56200.0,55500.0,55600.0,25603.0
2026-07-20 13:15:00+09:00,55600.0,56000.0,55600.0,56000.0,13125.0
2026-07-20 13:20:00+09:00,56000.0,56300.0,55900.0,56100.0,22731.0
2026-07-20 13:25:00+09:00,56100.0,56200.0,55600.0,56200.0,21934.0
2026-07-20 13:30:00+09:00,56200.0,56200.0,55800.0,55800.0,19863.0
2026-07-20 13:35:00+09:00,55900.0,56500.0,55800.0,56300.0,30512.0
2026-07-20 13:40:00+09:00,56300.0,56800.0,56000.0,56700.0,52645.0
2026-07-20 13:45:00+09:00,56700.0,56800.0,56300.0,56800.0,29540.0
2026-07-20 13:50:00+09:00,56700.0,56800.0,56300.0,56300.0,25628.0
2026-07-20 13:55:00+09:00,56300.0,56700.0,56300.0,56600.0,12497.0
2026-07-20 14:00:00+09:00,56600.0,56700.0,56100.0,56500.0,20782.0
2026-07-20 14:05:00+09:00,56600.0,57000.0,56400.0,56700.0,53093.0
2026-07-20 14:10:00+09:00,56700.0,56900.0,56600.0,56600.0,29810.0
2026-07-20 14:15:00+09:00,56700.0,56900.0,56200.0,56500.0,42656.0
2026-07-20 14:20:00+09:00,56400.0,56600.0,56200.0,56300.0,22120.0
2026-07-20 14:25:00+09:00,56300.0,56600.0,56200.0,56400.0,16829.0
2026-07-20 14:30:00+09:00,56400.0,56400.0,55900.0,56100.0,31899.0
2026-07-20 14:35:00+09:00,56100.0,56500.0,55900.0,56400.0,25877.0
2026-07-20 14:40:00+09:00,56500.0,56700.0,56400.0,56600.0,26132.0
2026-07-20 14:45:00+09:00,56600.0,56600.0,56300.0,56400.0,21587.0
2026-07-20 14:50:00+09:00,56500.0,56500.0,56200.0,56400.0,19909.0
2026-07-20 14:55:00+09:00,56400.0,56900.0,56300.0,56700.0,78556.0
2026-07-21 09:00:00+09:00,55400.0,58600.0,54800.0,58300.0,619651.0
2026-07-21 09:05:00+09:00,58300.0,58300.0,57000.0,57700.0,249163.0
2026-07-21 09:10:00+09:00,57600.0,58200.0,56900.0,57400.0,217739.0
2026-07-21 09:15:00+09:00,57400.0,59100.0,56800.0,58700.0,410801.0
2026-07-21 09:20:00+09:00,58800.0,59700.0,58400.0,59300.0,343447.0
2026-07-21 09:25:00+09:00,59300.0,59400.0,58600.0,58800.0,173651.0
2026-07-21 09:30:00+09:00,58700.0,59300.0,57700.0,58200.0,241217.0
2026-07-21 09:35:00+09:00,58300.0,58500.0,57600.0,58000.0,107635.0
2026-07-21 09:40:00+09:00,58000.0,58300.0,57400.0,57700.0,90241.0
2026-07-21 09:45:00+09:00,57600.0,58100.0,57100.0,57900.0,132382.0
2026-07-21 09:50:00+09:00,57800.0,59100.0,57600.0,59050.0,148173.0
2026-07-21 09:55:00+09:00,59000.0,59200.0,58600.0,58900.0,139554.0
2026-07-21 10:00:00+09:00,58900.0,59000.0,58300.0,58700.0,56368.0
2026-07-21 10:05:00+09:00,58600.0,59600.0,58400.0,59600.0,173258.0
2026-07-21 10:10:00+09:00,59600.0,60000.0,59200.0,59700.0,240756.0
2026-07-21 10:15:00+09:00,59600.0,60300.0,59300.0,59900.0,240764.0
2026-07-21 10:20:00+09:00,59900.0,59900.0,59300.0,59600.0,73686.0
2026-07-21 10:25:00+09:00,59600.0,59900.0,59300.0,59800.0,56044.0
2026-07-21 10:30:00+09:00,59900.0,60500.0,59800.0,60400.0,208807.0
2026-07-21 10:35:00+09:00,60400.0,60500.0,60000.0,60000.0,97241.0
2026-07-21 10:40:00+09:00,60100.0,60300.0,59400.0,59600.0,145718.0
2026-07-21 10:45:00+09:00,59500.0,60200.0,59500.0,59700.0,68505.0
2026-07-21 10:50:00+09:00,59700.0,59700.0,59000.0,59100.0,118207.0
2026-07-21 10:55:00+09:00,59200.0,59400.0,58600.0,59100.0,97069.0
2026-07-21 11:00:00+09:00,59100.0,59600.0,59000.0,59300.0,54072.0
2026-07-21 11:05:00+09:00,59400.0,60000.0,59300.0,59700.0,86902.0
2026-07-21 11:10:00+09:00,59700.0,59900.0,59400.0,59800.0,31511.0
2026-07-21 11:15:00+09:00,59900.0,60300.0,59700.0,60000.0,121216.0
2026-07-21 11:20:00+09:00,60000.0,60200.0,59700.0,60100.0,45392.0
2026-07-21 11:25:00+09:00,60100.0,60100.0,59500.0,59900.0,48125.0
2026-07-21 11:30:00+09:00,59900.0,59900.0,59200.0,59700.0,41170.0
2026-07-21 11:35:00+09:00,59700.0,59700.0,59300.0,59500.0,22115.0
2026-07-21 11:40:00+09:00,59500.0,59800.0,59500.0,59600.0,18431.0
2026-07-21 11:45:00+09:00,59500.0,59600.0,59000.0,59000.0,40020.0
2026-07-21 11:50:00+09:00,59000.0,59500.0,59000.0,59200.0,36962.0
2026-07-21 11:55:00+09:00,59200.0,59400.0,59000.0,59000.0,27915.0
2026-07-21 12:00:00+09:00,59000.0,59100.0,58600.0,58700.0,54126.0
2026-07-21 12:05:00+09:00,58700.0,59000.0,58400.0,58600.0,54284.0
2026-07-21 12:10:00+09:00,58600.0,58800.0,58200.0,58500.0,58509.0
2026-07-21 12:15:00+09:00,58500.0,58500.0,58100.0,58100.0,74789.0
2026-07-21 12:20:00+09:00,58200.0,58900.0,58200.0,58900.0,43656.0
2026-07-21 12:25:00+09:00,58900.0,58900.0,58400.0,58400.0,29974.0
2026-07-21 12:30:00+09:00,58450.0,58600.0,58200.0,58400.0,24802.0
2026-07-21 12:35:00+09:00,58400.0,58800.0,58300.0,58400.0,18956.0
2026-07-21 12:40:00+09:00,58400.0,58400.0,57700.0,57700.0,102728.0
2026-07-21 12:45:00+09:00,57700.0,58100.0,57200.0,57300.0,159069.0
2026-07-21 12:50:00+09:00,57300.0,57500.0,56800.0,56800.0,128440.0
2026-07-21 12:55:00+09:00,56800.0,57000.0,56300.0,56900.0,150211.0
2026-07-21 13:00:00+09:00,56900.0,57000.0,56400.0,56600.0,72456.0
2026-07-21 13:05:00+09:00,56700.0,57000.0,56400.0,57000.0,39851.0
2026-07-21 13:10:00+09:00,57000.0,57300.0,56600.0,57300.0,54605.0
2026-07-21 13:15:00+09:00,57300.0,57600.0,57000.0,57500.0,59470.0
2026-07-21 13:20:00+09:00,57500.0,57600.0,57100.0,57100.0,31602.0
2026-07-21 13:25:00+09:00,57100.0,57400.0,57100.0,57300.0,20533.0
2026-07-21 13:30:00+09:00,57300.0,57400.0,57200.0,57400.0,16447.0
2026-07-21 13:35:00+09:00,57400.0,57700.0,57300.0,57700.0,24010.0
2026-07-21 13:40:00+09:00,57700.0,57900.0,57400.0,57800.0,71050.0
2026-07-21 13:45:00+09:00,57800.0,57900.0,57300.0,57300.0,28128.0
2026-07-21 13:50:00+09:00,57400.0,57600.0,57200.0,57500.0,18342.0
2026-07-21 13:55:00+09:00,57500.0,57800.0,57300.0,57400.0,21579.0
2026-07-21 14:00:00+09:00,57400.0,57500.0,57200.0,57200.0,13424.0
2026-07-21 14:05:00+09:00,57300.0,57400.0,56300.0,56600.0,65404.0
2026-07-21 14:10:00+09:00,56500.0,56700.0,55800.0,56000.0,103862.0
2026-07-21 14:15:00+09:00,56100.0,56200.0,55400.0,56200.0,73439.0
2026-07-21 14:20:00+09:00,56200.0,56200.0,56000.0,56000.0,24313.0
2026-07-21 14:25:00+09:00,56000.0,56400.0,55700.0,56300.0,41257.0
2026-07-21 14:30:00+09:00,56300.0,56400.0,56000.0,56200.0,24722.0
2026-07-21 14:35:00+09:00,56200.0,56300.0,55800.0,55900.0,24459.0
2026-07-21 14:40:00+09:00,56000.0,56600.0,55900.0,56500.0,27815.0
2026-07-21 14:45:00+09:00,56500.0,56600.0,56100.0,56400.0,23941.0
2026-07-21 14:50:00+09:00,56400.0,56900.0,56300.0,56600.0,38326.0
2026-07-21 14:55:00+09:00,56700.0,56700.0,56100.0,56300.0,27955.0
2026-07-22 09:00:00+09:00,57000.0,59600.0,56600.0,59100.0,516588.0
2026-07-22 09:05:00+09:00,59200.0,60400.0,58500.0,59900.0,367719.0
2026-07-22 09:10:00+09:00,59900.0,60900.0,59200.0,60250.0,377128.0
2026-07-22 09:15:00+09:00,60250.0,60600.0,59700.0,60200.0,165270.0
2026-07-22 09:20:00+09:00,60200.0,62600.0,59800.0,62600.0,593823.0
2026-07-22 09:25:00+09:00,62600.0,65000.0,62500.0,64700.0,792548.0
2026-07-22 09:30:00+09:00,64800.0,65100.0,63200.0,65000.0,711271.0
2026-07-22 09:35:00+09:00,65000.0,68500.0,64500.0,68200.0,1060419.0
2026-07-22 09:40:00+09:00,68100.0,68800.0,66800.0,68700.0,606527.0
2026-07-22 09:45:00+09:00,68700.0,69800.0,67700.0,68700.0,609536.0
2026-07-22 09:50:00+09:00,68800.0,69200.0,67500.0,67900.0,397830.0
2026-07-22 09:55:00+09:00,68000.0,69000.0,67300.0,68700.0,429170.0
2026-07-22 10:00:00+09:00,68700.0,68900.0,67400.0,67600.0,237597.0
2026-07-22 10:05:00+09:00,67600.0,68300.0,67200.0,67900.0,280683.0
2026-07-22 10:10:00+09:00,68000.0,68000.0,67100.0,67500.0,125726.0
2026-07-22 10:15:00+09:00,67700.0,67700.0,65500.0,65600.0,430497.0
2026-07-22 10:20:00+09:00,65600.0,66500.0,65400.0,66400.0,253831.0
2026-07-22 10:25:00+09:00,66400.0,67000.0,65900.0,66900.0,155965.0
2026-07-22 10:30:00+09:00,66900.0,66900.0,65500.0,65900.0,125538.0
2026-07-22 10:35:00+09:00,65800.0,67100.0,65800.0,67100.0,145497.0
2026-07-22 10:40:00+09:00,67100.0,67400.0,66700.0,67000.0,118230.0
2026-07-22 10:45:00+09:00,67100.0,67450.0,66700.0,66800.0,76309.0
2026-07-22 10:50:00+09:00,66700.0,67200.0,66600.0,67200.0,45838.0
2026-07-22 10:55:00+09:00,67200.0,68200.0,66900.0,68200.0,225200.0
2026-07-22 11:00:00+09:00,68200.0,68200.0,67500.0,68000.0,107273.0
2026-07-22 11:05:00+09:00,67900.0,68300.0,67700.0,67700.0,78338.0
2026-07-22 11:10:00+09:00,67700.0,68800.0,67600.0,68700.0,191005.0
2026-07-22 11:15:00+09:00,68700.0,68800.0,68100.0,68200.0,82882.0
2026-07-22 11:20:00+09:00,68100.0,68300.0,67500.0,68000.0,101313.0
2026-07-22 11:25:00+09:00,68000.0,68100.0,67700.0,67900.0,42002.0
2026-07-22 11:30:00+09:00,67900.0,68000.0,67400.0,67500.0,59612.0
2026-07-22 11:35:00+09:00,67600.0,67700.0,67000.0,67000.0,66831.0
2026-07-22 11:40:00+09:00,67000.0,67200.0,66500.0,66500.0,104680.0
2026-07-22 11:45:00+09:00,66500.0,66700.0,66100.0,66400.0,97246.0
2026-07-22 11:50:00+09:00,66300.0,66700.0,66300.0,66700.0,43176.0
2026-07-22 11:55:00+09:00,66700.0,66700.0,65000.0,65000.0,154019.0
2026-07-22 12:00:00+09:00,65000.0,65400.0,64700.0,64900.0,177917.0
2026-07-22 12:05:00+09:00,64900.0,65400.0,64800.0,64800.0,89007.0
2026-07-22 12:10:00+09:00,64800.0,64900.0,64300.0,64600.0,100326.0
2026-07-22 12:15:00+09:00,64600.0,65300.0,64400.0,65000.0,87006.0
2026-07-22 12:20:00+09:00,64900.0,65100.0,64600.0,64800.0,51157.0
2026-07-22 12:25:00+09:00,64900.0,65600.0,64700.0,65600.0,77591.0
2026-07-22 12:30:00+09:00,65600.0,65700.0,64900.0,65300.0,84173.0
2026-07-22 12:35:00+09:00,65250.0,66100.0,65000.0,65800.0,92557.0
2026-07-22 12:40:00+09:00,65800.0,65900.0,65300.0,65600.0,47704.0
2026-07-22 12:45:00+09:00,65500.0,67000.0,65500.0,66800.0,152525.0
2026-07-22 12:50:00+09:00,66800.0,67100.0,66300.0,66500.0,113141.0
2026-07-22 12:55:00+09:00,66600.0,66900.0,66300.0,66800.0,46477.0
2026-07-22 13:00:00+09:00,66900.0,67000.0,66400.0,66700.0,58997.0
2026-07-22 13:05:00+09:00,66800.0,66900.0,66300.0,66400.0,40507.0
2026-07-22 13:10:00+09:00,66400.0,66900.0,66200.0,66800.0,59047.0
2026-07-22 13:15:00+09:00,66800.0,67000.0,66500.0,66800.0,43848.0
2026-07-22 13:20:00+09:00,66800.0,66900.0,66500.0,66800.0,43081.0
2026-07-22 13:25:00+09:00,66700.0,66800.0,66600.0,66700.0,32651.0
2026-07-22 13:30:00+09:00,66700.0,66800.0,65900.0,66300.0,106063.0
2026-07-22 13:35:00+09:00,66400.0,66500.0,65800.0,65800.0,48846.0
2026-07-22 13:40:00+09:00,65900.0,66100.0,65400.0,65500.0,64692.0
2026-07-22 13:45:00+09:00,65600.0,65700.0,65200.0,65200.0,54754.0
2026-07-22 13:50:00+09:00,65200.0,65500.0,65100.0,65300.0,37532.0
2026-07-22 13:55:00+09:00,65200.0,65600.0,65100.0,65600.0,46485.0
2026-07-22 14:00:00+09:00,65500.0,65700.0,64800.0,65100.0,74821.0
2026-07-22 14:05:00+09:00,65100.0,65400.0,64500.0,64700.0,83245.0
2026-07-22 14:10:00+09:00,64700.0,65100.0,64000.0,64000.0,113063.0
2026-07-22 14:15:00+09:00,64000.0,64600.0,63900.0,64500.0,115267.0
2026-07-22 14:20:00+09:00,64600.0,64700.0,64000.0,64300.0,40970.0
2026-07-22 14:25:00+09:00,64300.0,64800.0,64200.0,64300.0,66709.0
2026-07-22 14:30:00+09:00,64300.0,64800.0,64100.0,64800.0,46310.0
2026-07-22 14:35:00+09:00,64750.0,64800.0,64000.0,64300.0,41092.0
2026-07-22 14:40:00+09:00,64300.0,64300.0,63700.0,63700.0,67613.0
2026-07-22 14:45:00+09:00,63800.0,64100.0,63700.0,63900.0,48714.0
2026-07-22 14:50:00+09:00,64000.0,64100.0,63500.0,63700.0,86324.0
2026-07-22 14:55:00+09:00,63600.0,64400.0,63600.0,64300.0,70701.0
2026-07-23 09:00:00+09:00,64500.0,69100.0,63500.0,68800.0,1508122.0
2026-07-23 09:05:00+09:00,68900.0,72000.0,68300.0,71700.0,1035571.0
2026-07-23 09:10:00+09:00,71600.0,73400.0,69500.0,72600.0,1483904.0
2026-07-23 09:15:00+09:00,72600.0,73800.0,70900.0,72900.0,941268.0
2026-07-23 09:20:00+09:00,72900.0,74600.0,72300.0,74100.0,964376.0
2026-07-23 09:25:00+09:00,74200.0,74200.0,72500.0,73100.0,474715.0
2026-07-23 09:30:00+09:00,73200.0,73500.0,71500.0,72500.0,551555.0
2026-07-23 09:35:00+09:00,72500.0,73200.0,71800.0,72800.0,221613.0
2026-07-23 09:40:00+09:00,72800.0,74800.0,72400.0,74600.0,640220.0
2026-07-23 09:45:00+09:00,74600.0,75000.0,74200.0,74750.0,440864.0
2026-07-23 09:50:00+09:00,74700.0,75800.0,73800.0,75500.0,563245.0
2026-07-23 09:55:00+09:00,75500.0,75900.0,75000.0,75500.0,354303.0
2026-07-23 10:00:00+09:00,75500.0,75600.0,73500.0,74300.0,434704.0
2026-07-23 10:05:00+09:00,74300.0,74400.0,73200.0,74200.0,269756.0
2026-07-23 10:10:00+09:00,74200.0,74400.0,73600.0,73800.0,122302.0
2026-07-23 10:15:00+09:00,73900.0,75000.0,73800.0,74800.0,236235.0
2026-07-23 10:20:00+09:00,74800.0,75250.0,74400.0,74900.0,221332.0
2026-07-23 10:25:00+09:00,74900.0,74900.0,74100.0,74800.0,98251.0
2026-07-23 10:30:00+09:00,74800.0,75400.0,73900.0,74100.0,199233.0
2026-07-23 10:35:00+09:00,74100.0,75300.0,74000.0,75300.0,125164.0
2026-07-23 10:40:00+09:00,75250.0,76900.0,75250.0,76900.0,523543.0
2026-07-23 10:45:00+09:00,76900.0,77300.0,76000.0,76200.0,419566.0
2026-07-23 10:50:00+09:00,76200.0,76500.0,75200.0,75450.0,222266.0
2026-07-23 10:55:00+09:00,75450.0,76300.0,75300.0,75600.0,140930.0
2026-07-23 11:00:00+09:00,75700.0,76300.0,75100.0,76200.0,140928.0
2026-07-23 11:05:00+09:00,76300.0,77400.0,76200.0,76700.0,260822.0
2026-07-23 11:10:00+09:00,76800.0,77500.0,76700.0,77100.0,227762.0
2026-07-23 11:15:00+09:00,77100.0,77200.0,76500.0,76900.0,128915.0
2026-07-23 11:20:00+09:00,76900.0,77200.0,76500.0,76600.0,77833.0
2026-07-23 11:25:00+09:00,76600.0,76700.0,75500.0,75700.0,192332.0
2026-07-23 11:30:00+09:00,75800.0,76600.0,75600.0,76500.0,100915.0
2026-07-23 11:35:00+09:00,76400.0,76900.0,75900.0,76300.0,85782.0
2026-07-23 11:40:00+09:00,76300.0,76500.0,75700.0,76000.0,63968.0
2026-07-23 11:45:00+09:00,76100.0,77400.0,76000.0,77400.0,242446.0
2026-07-23 11:50:00+09:00,77350.0,77800.0,76700.0,77000.0,271915.0
2026-07-23 11:55:00+09:00,77100.0,77400.0,76700.0,76800.0,86141.0
2026-07-23 12:00:00+09:00,76800.0,77400.0,76800.0,77000.0,54479.0
2026-07-23 12:05:00+09:00,76900.0,77200.0,76600.0,76700.0,50772.0
2026-07-23 12:10:00+09:00,76700.0,77200.0,76700.0,77200.0,39899.0
2026-07-23 12:15:00+09:00,77200.0,77200.0,75500.0,76100.0,198948.0
2026-07-23 12:20:00+09:00,76200.0,76600.0,75700.0,75900.0,117407.0
2026-07-23 12:25:00+09:00,75900.0,76600.0,75600.0,76500.0,69124.0
2026-07-23 12:30:00+09:00,76500.0,76800.0,76100.0,76200.0,59235.0
2026-07-23 12:35:00+09:00,76300.0,76800.0,76200.0,76800.0,65909.0
2026-07-23 12:40:00+09:00,76800.0,77300.0,76700.0,77100.0,115914.0
2026-07-23 12:45:00+09:00,77200.0,77700.0,76900.0,77200.0,140803.0
2026-07-23 12:50:00+09:00,77300.0,78000.0,77100.0,77700.0,132184.0
2026-07-23 12:55:00+09:00,77700.0,78100.0,77000.0,77000.0,200491.0
2026-07-23 13:00:00+09:00,77000.0,77700.0,77000.0,77600.0,54318.0
2026-07-23 13:05:00+09:00,77600.0,77900.0,77300.0,77700.0,77357.0
2026-07-23 13:10:00+09:00,77800.0,79000.0,77700.0,78700.0,237403.0
2026-07-23 13:15:00+09:00,79000.0,79800.0,78600.0,79500.0,316346.0
2026-07-23 13:20:00+09:00,79600.0,79600.0,78600.0,79000.0,201110.0
2026-07-23 13:25:00+09:00,79000.0,79600.0,78900.0,79600.0,123888.0
2026-07-23 13:30:00+09:00,79600.0,80600.0,79400.0,80000.0,734117.0
2026-07-23 13:35:00+09:00,80000.0,80600.0,79900.0,80400.0,276553.0
2026-07-23 13:40:00+09:00,80400.0,80500.0,79800.0,80200.0,119216.0
2026-07-23 13:45:00+09:00,80100.0,80600.0,79800.0,80600.0,498869.0
2026-07-23 13:50:00+09:00,80600.0,80600.0,80600.0,80600.0,75195.0
2026-07-23 13:55:00+09:00,80600.0,80600.0,80600.0,80600.0,24928.0
2026-07-23 14:00:00+09:00,80600.0,80600.0,80600.0,80600.0,13898.0
2026-07-23 14:05:00+09:00,80600.0,80600.0,80600.0,80600.0,11717.0
2026-07-23 14:10:00+09:00,80600.0,80600.0,80600.0,80600.0,45878.0
2026-07-23 14:15:00+09:00,80600.0,80600.0,80600.0,80600.0,16481.0
2026-07-23 14:20:00+09:00,80600.0,80600.0,80600.0,80600.0,12060.0
2026-07-23 14:25:00+09:00,80600.0,80600.0,80600.0,80600.0,8085.0
2026-07-23 14:30:00+09:00,80600.0,80600.0,80600.0,80600.0,10267.0
2026-07-23 14:35:00+09:00,80600.0,80600.0,80600.0,80600.0,8978.0
2026-07-23 14:40:00+09:00,80600.0,80600.0,80600.0,80600.0,8883.0
2026-07-23 14:45:00+09:00,80600.0,80600.0,80600.0,80600.0,6110.0
2026-07-23 14:50:00+09:00,80600.0,80600.0,80600.0,80600.0,8960.0
2026-07-23 14:55:00+09:00,80600.0,80600.0,80600.0,80600.0,9512.0
2026-07-24 09:00:00+09:00,80800.0,82000.0,76300.0,76400.0,1481597.0
2026-07-24 09:05:00+09:00,76300.0,77500.0,75500.0,77400.0,688083.0
2026-07-24 09:10:00+09:00,77400.0,78800.0,76600.0,78700.0,541283.0
2026-07-24 09:15:00+09:00,78700.0,81000.0,78000.0,80300.0,1025626.0
2026-07-24 09:20:00+09:00,80300.0,82500.0,78800.0,81700.0,972832.0
2026-07-24 09:25:00+09:00,81600.0,82300.0,78600.0,78700.0,795341.0
2026-07-24 09:30:00+09:00,78700.0,80900.0,78000.0,80600.0,451845.0
2026-07-24 09:35:00+09:00,80400.0,80700.0,78500.0,79600.0,222804.0
2026-07-24 09:40:00+09:00,79600.0,81000.0,79400.0,80300.0,270252.0
2026-07-24 09:45:00+09:00,80400.0,80900.0,79700.0,80000.0,161487.0
2026-07-24 09:50:00+09:00,80100.0,81400.0,79500.0,81100.0,193215.0
2026-07-24 09:55:00+09:00,81200.0,81600.0,80400.0,81100.0,286745.0
2026-07-24 10:00:00+09:00,81100.0,82600.0,81000.0,81850.0,546824.0
2026-07-24 10:05:00+09:00,81900.0,84300.0,81500.0,83800.0,782851.0
2026-07-24 10:10:00+09:00,83900.0,85500.0,83000.0,85300.0,651034.0
2026-07-24 10:15:00+09:00,85400.0,87700.0,83800.0,84100.0,1300660.0
2026-07-24 10:20:00+09:00,84200.0,84200.0,81800.0,83300.0,822541.0
2026-07-24 10:25:00+09:00,83400.0,84000.0,82500.0,83900.0,359434.0
2026-07-24 10:30:00+09:00,83900.0,84700.0,83300.0,84300.0,267005.0
2026-07-24 10:35:00+09:00,84300.0,84600.0,83000.0,83100.0,249083.0
2026-07-24 10:40:00+09:00,83300.0,83700.0,82800.0,83600.0,182318.0
2026-07-24 10:45:00+09:00,83700.0,83700.0,80900.0,81600.0,493171.0
2026-07-24 10:50:00+09:00,81600.0,83400.0,81500.0,83100.0,233089.0
2026-07-24 10:55:00+09:00,83000.0,84400.0,82600.0,84300.0,286288.0
2026-07-24 11:00:00+09:00,84400.0,84400.0,83200.0,84000.0,167416.0
2026-07-24 11:05:00+09:00,84100.0,84200.0,83200.0,83600.0,145643.0
2026-07-24 11:10:00+09:00,83600.0,83800.0,82500.0,83100.0,141815.0
2026-07-24 11:15:00+09:00,83100.0,83500.0,82300.0,82500.0,89869.0
2026-07-24 11:20:00+09:00,82400.0,82600.0,81900.0,82500.0,166605.0
2026-07-24 11:25:00+09:00,82500.0,83100.0,81600.0,81900.0,113451.0
2026-07-24 11:30:00+09:00,81900.0,82800.0,81700.0,81900.0,72449.0
2026-07-24 11:35:00+09:00,82000.0,82400.0,81500.0,81600.0,99778.0
2026-07-24 11:40:00+09:00,81600.0,81800.0,80100.0,80500.0,273051.0
2026-07-24 11:45:00+09:00,80500.0,81100.0,79500.0,79700.0,229622.0
2026-07-24 11:50:00+09:00,79700.0,80700.0,79300.0,80500.0,164789.0
2026-07-24 11:55:00+09:00,80600.0,82500.0,80400.0,82400.0,195246.0
2026-07-24 12:00:00+09:00,82400.0,82500.0,81300.0,81900.0,93614.0
2026-07-24 12:05:00+09:00,82000.0,82100.0,81500.0,81800.0,51171.0
2026-07-24 12:10:00+09:00,81800.0,82300.0,81500.0,82300.0,81647.0
2026-07-24 12:15:00+09:00,82300.0,83000.0,82200.0,82600.0,147023.0
2026-07-24 12:20:00+09:00,82500.0,82600.0,81600.0,82400.0,59352.0
2026-07-24 12:25:00+09:00,82500.0,83300.0,82400.0,83100.0,131746.0
2026-07-24 12:30:00+09:00,83200.0,83900.0,82900.0,83800.0,152316.0
2026-07-24 12:35:00+09:00,83700.0,84500.0,83600.0,84300.0,264878.0
2026-07-24 12:40:00+09:00,84300.0,84500.0,83500.0,84100.0,123599.0
2026-07-24 12:45:00+09:00,84200.0,84200.0,83200.0,83600.0,99131.0
2026-07-24 12:50:00+09:00,83800.0,84200.0,83500.0,83700.0,49630.0
2026-07-24 12:55:00+09:00,83800.0,83800.0,82700.0,83100.0,95286.0
2026-07-24 13:00:00+09:00,83200.0,83600.0,83000.0,83600.0,60058.0
2026-07-24 13:05:00+09:00,83600.0,84100.0,83200.0,84000.0,75725.0
2026-07-24 13:10:00+09:00,84000.0,84000.0,83200.0,83300.0,51800.0
2026-07-24 13:15:00+09:00,83300.0,83600.0,82800.0,83600.0,63876.0
2026-07-24 13:20:00+09:00,83600.0,83800.0,82700.0,83300.0,54414.0
2026-07-24 13:25:00+09:00,83300.0,84500.0,83200.0,84200.0,173097.0
2026-07-24 13:30:00+09:00,84300.0,85400.0,84100.0,85000.0,275752.0
2026-07-24 13:35:00+09:00,85100.0,85400.0,84400.0,85300.0,155291.0
2026-07-24 13:40:00+09:00,85300.0,85400.0,84800.0,85200.0,116067.0
2026-07-24 13:45:00+09:00,85300.0,85900.0,84600.0,84800.0,257357.0
2026-07-24 13:50:00+09:00,84700.0,86300.0,84700.0,86000.0,180206.0
2026-07-24 13:55:00+09:00,86000.0,86600.0,84900.0,85500.0,195917.0
2026-07-24 14:00:00+09:00,85400.0,86500.0,85300.0,85900.0,189522.0
2026-07-24 14:05:00+09:00,85900.0,86700.0,83300.0,84100.0,363041.0
2026-07-24 14:10:00+09:00,84200.0,84300.0,82000.0,83000.0,384932.0
2026-07-24 14:15:00+09:00,83000.0,84200.0,82400.0,82700.0,173549.0
2026-07-24 14:20:00+09:00,82700.0,83500.0,81800.0,82200.0,143461.0
2026-07-24 14:25:00+09:00,82300.0,82700.0,81300.0,82000.0,123101.0
2026-07-24 14:30:00+09:00,82000.0,82700.0,81800.0,82600.0,66664.0
2026-07-24 14:35:00+09:00,82600.0,82700.0,81900.0,82500.0,47353.0
2026-07-24 14:40:00+09:00,82400.0,83000.0,82100.0,82200.0,64438.0
2026-07-24 14:45:00+09:00,82200.0,82500.0,81800.0,81800.0,81431.0
2026-07-24 14:50:00+09:00,81800.0,82200.0,81300.0,82000.0,120725.0
2026-07-24 14:55:00+09:00,82000.0,82200.0,81500.0,81600.0,87154.0
2026-07-27 09:00:00+09:00,79500.0,82400.0,74300.0,74500.0,0.0
2026-07-27 09:05:00+09:00,74600.0,76200.0,72500.0,73100.0,586725.0
2026-07-27 09:10:00+09:00,73000.0,74200.0,70800.0,70900.0,324227.0
2026-07-27 09:15:00+09:00,70900.0,71300.0,68500.0,68600.0,593033.0
2026-07-27 09:20:00+09:00,68600.0,69300.0,67400.0,69000.0,416899.0
2026-07-27 09:25:00+09:00,68800.0,69000.0,66700.0,67600.0,347605.0
2026-07-27 09:30:00+09:00,67500.0,67800.0,66600.0,67500.0,212240.0
2026-07-27 09:35:00+09:00,67500.0,68000.0,65500.0,66200.0,303611.0
2026-07-27 09:40:00+09:00,66200.0,66200.0,64800.0,65400.0,288956.0
2026-07-27 09:45:00+09:00,65400.0,65800.0,65100.0,65600.0,124518.0
2026-07-27 09:50:00+09:00,65650.0,66500.0,64800.0,64800.0,171037.0
2026-07-27 09:55:00+09:00,65000.0,66000.0,64500.0,64600.0,132929.0
2026-07-27 10:00:00+09:00,64700.0,65200.0,64400.0,64500.0,103815.0
2026-07-27 10:05:00+09:00,64400.0,64500.0,62800.0,63000.0,278980.0
2026-07-27 10:10:00+09:00,63100.0,63400.0,62500.0,63000.0,227541.0
2026-07-27 10:15:00+09:00,63000.0,63200.0,62000.0,62200.0,203236.0
2026-07-27 10:20:00+09:00,62100.0,62400.0,61200.0,61500.0,211630.0
2026-07-27 10:25:00+09:00,61500.0,61700.0,60900.0,61200.0,171434.0
2026-07-27 10:30:00+09:00,61300.0,61400.0,60000.0,60200.0,263463.0
2026-07-27 10:35:00+09:00,60100.0,60900.0,59600.0,60900.0,225837.0
2026-07-27 10:40:00+09:00,60800.0,61500.0,60200.0,60800.0,179031.0
2026-07-27 10:45:00+09:00,60800.0,62200.0,60700.0,61800.0,172734.0
2026-07-27 10:50:00+09:00,61800.0,61900.0,60500.0,60700.0,92500.0
2026-07-27 10:55:00+09:00,60800.0,61100.0,60100.0,60900.0,67251.0
2026-07-27 11:00:00+09:00,60800.0,60900.0,59100.0,59300.0,198001.0
2026-07-27 11:05:00+09:00,59400.0,60800.0,59200.0,60700.0,77489.0
2026-07-27 11:10:00+09:00,60600.0,60700.0,59700.0,60100.0,44578.0
2026-07-27 11:15:00+09:00,60200.0,60500.0,59600.0,59800.0,53516.0
2026-07-27 11:20:00+09:00,59800.0,60100.0,59500.0,60000.0,43453.0
2026-07-27 11:25:00+09:00,60100.0,60200.0,59500.0,59800.0,37789.0
2026-07-27 11:30:00+09:00,59900.0,59950.0,59400.0,59600.0,60152.0
2026-07-27 11:35:00+09:00,59600.0,59700.0,59200.0,59600.0,44012.0
2026-07-27 11:40:00+09:00,59550.0,59600.0,58800.0,59000.0,107020.0
2026-07-27 11:45:00+09:00,58900.0,59500.0,58800.0,59100.0,54696.0
2026-07-27 11:50:00+09:00,59100.0,59600.0,59000.0,59500.0,42910.0
2026-07-27 11:55:00+09:00,59500.0,59600.0,59100.0,59100.0,24310.0
2026-07-27 12:00:00+09:00,59100.0,59500.0,58600.0,58800.0,55200.0
2026-07-27 12:05:00+09:00,58700.0,59300.0,58700.0,59100.0,38258.0
2026-07-27 12:10:00+09:00,59100.0,59400.0,58600.0,58600.0,57197.0
2026-07-27 12:15:00+09:00,58600.0,59200.0,58200.0,59200.0,70469.0
2026-07-27 12:20:00+09:00,59100.0,59300.0,58500.0,58600.0,41360.0
2026-07-27 12:25:00+09:00,58600.0,59000.0,58200.0,58400.0,57605.0
2026-07-27 12:30:00+09:00,58400.0,58700.0,58200.0,58500.0,44128.0
2026-07-27 12:35:00+09:00,58600.0,58700.0,58300.0,58500.0,31081.0
2026-07-27 12:40:00+09:00,58400.0,58700.0,58200.0,58200.0,41566.0
2026-07-27 12:45:00+09:00,58300.0,58300.0,58000.0,58100.0,75061.0
2026-07-27 12:50:00+09:00,58100.0,58400.0,57900.0,58000.0,77393.0
2026-07-27 12:55:00+09:00,58000.0,58700.0,57900.0,58100.0,56537.0
2026-07-27 13:00:00+09:00,58100.0,58600.0,58000.0,58200.0,36971.0
2026-07-27 13:05:00+09:00,58100.0,58500.0,57600.0,58100.0,63548.0
2026-07-27 13:10:00+09:00,58000.0,59000.0,58000.0,58900.0,55306.0
2026-07-27 13:15:00+09:00,58900.0,59000.0,58200.0,58400.0,38580.0
2026-07-27 13:20:00+09:00,58300.0,58800.0,58100.0,58100.0,51898.0
2026-07-27 13:25:00+09:00,58100.0,58500.0,58100.0,58500.0,19789.0
2026-07-27 13:30:00+09:00,58400.0,58500.0,57700.0,57800.0,44189.0
2026-07-27 13:35:00+09:00,57800.0,58900.0,57700.0,58600.0,44838.0
2026-07-27 13:40:00+09:00,58600.0,59000.0,58300.0,58500.0,36284.0
2026-07-27 13:45:00+09:00,58500.0,58900.0,58200.0,58800.0,42712.0
2026-07-27 13:50:00+09:00,58700.0,59200.0,58400.0,58800.0,52615.0
2026-07-27 13:55:00+09:00,58900.0,59000.0,58100.0,58500.0,41723.0
2026-07-27 14:00:00+09:00,58400.0,58800.0,58200.0,58600.0,18047.0
2026-07-27 14:05:00+09:00,58600.0,58700.0,58100.0,58400.0,29761.0
2026-07-27 14:10:00+09:00,58400.0,58600.0,58000.0,58200.0,30337.0
2026-07-27 14:15:00+09:00,58300.0,58300.0,57800.0,58200.0,55583.0
2026-07-27 14:20:00+09:00,58300.0,58600.0,57800.0,57900.0,64669.0
2026-07-27 14:25:00+09:00,57900.0,58200.0,57800.0,57900.0,35006.0
2026-07-27 14:30:00+09:00,57900.0,58100.0,57100.0,57300.0,157052.0
2026-07-27 14:35:00+09:00,57300.0,57600.0,57100.0,57500.0,104046.0
2026-07-27 14:40:00+09:00,57400.0,57800.0,57300.0,57700.0,56842.0
2026-07-27 14:45:00+09:00,57650.0,57700.0,57200.0,57300.0,47808.0
2026-07-27 14:50:00+09:00,57400.0,57500.0,57000.0,57400.0,75546.0
2026-07-27 14:55:00+09:00,57400.0,57400.0,56700.0,56900.0,279063.0
2026-07-28 09:00:00+09:00,54900.0,57300.0,54500.0,56700.0,624229.0
2026-07-28 09:05:00+09:00,56700.0,56800.0,53100.0,56700.0,340865.0
2026-07-28 09:10:00+09:00,56700.0,56900.0,52800.0,53600.0,457790.0
2026-07-28 09:15:00+09:00,53700.0,54400.0,51600.0,52000.0,295814.0
2026-07-28 09:20:00+09:00,52000.0,52900.0,52000.0,52600.0,155329.0
2026-07-28 09:25:00+09:00,52600.0,52900.0,51500.0,52400.0,141633.0
2026-07-28 09:30:00+09:00,52300.0,52500.0,51000.0,51200.0,189018.0
2026-07-28 09:35:00+09:00,51200.0,51500.0,50500.0,51000.0,216441.0
2026-07-28 09:40:00+09:00,50950.0,51000.0,49900.0,49975.0,238882.0
2026-07-28 09:45:00+09:00,49975.0,50300.0,49450.0,49450.0,198552.0
2026-07-28 09:50:00+09:00,49100.0,49350.0,48250.0,48500.0,380936.0
2026-07-28 09:55:00+09:00,48500.0,48800.0,47950.0,48150.0,248713.0
2026-07-28 10:00:00+09:00,48100.0,48350.0,47450.0,47550.0,155383.0
2026-07-28 10:05:00+09:00,47700.0,47750.0,47000.0,47700.0,191287.0
2026-07-28 10:10:00+09:00,47650.0,47800.0,47000.0,47800.0,96977.0
2026-07-28 10:40:00+09:00,48000.0,48000.0,47000.0,47100.0,116842.0
2026-07-28 10:45:00+09:00,47125.0,49250.0,46250.0,49050.0,370151.0
2026-07-28 10:50:00+09:00,49100.0,49300.0,48250.0,48650.0,165244.0
2026-07-28 10:55:00+09:00,48650.0,48700.0,47650.0,47950.0,100208.0
2026-07-28 11:00:00+09:00,47850.0,48000.0,47000.0,47050.0,103350.0
2026-07-28 11:05:00+09:00,47100.0,47800.0,47000.0,47650.0,78737.0
2026-07-28 11:10:00+09:00,47650.0,48550.0,47550.0,47750.0,94236.0
2026-07-28 11:15:00+09:00,47750.0,48100.0,47500.0,48000.0,55726.0
2026-07-28 11:20:00+09:00,48000.0,48400.0,47950.0,48350.0,43993.0
2026-07-28 11:25:00+09:00,48350.0,48700.0,48100.0,48450.0,59130.0
2026-07-28 11:30:00+09:00,48400.0,48800.0,48200.0,48350.0,51596.0
2026-07-28 11:35:00+09:00,48350.0,48950.0,48250.0,48950.0,43672.0
2026-07-28 11:40:00+09:00,48900.0,49000.0,47750.0,48150.0,102710.0
2026-07-28 11:45:00+09:00,48100.0,48550.0,48000.0,48450.0,31917.0
2026-07-28 11:50:00+09:00,48500.0,48900.0,48250.0,48550.0,42341.0
2026-07-28 11:55:00+09:00,48500.0,48900.0,48450.0,48650.0,33368.0
2026-07-28 12:00:00+09:00,48650.0,48700.0,47600.0,47700.0,55790.0
2026-07-28 12:05:00+09:00,47700.0,48350.0,47650.0,48250.0,29219.0
2026-07-28 12:10:00+09:00,48300.0,48300.0,47850.0,48100.0,35937.0
2026-07-28 12:15:00+09:00,48050.0,48700.0,48050.0,48700.0,48079.0
2026-07-28 12:20:00+09:00,48650.0,49050.0,48450.0,48650.0,54747.0
2026-07-28 12:25:00+09:00,48650.0,48950.0,48200.0,48400.0,31497.0
2026-07-28 12:30:00+09:00,48400.0,48800.0,48200.0,48750.0,33770.0
2026-07-28 12:35:00+09:00,48700.0,49450.0,48700.0,49450.0,78439.0
2026-07-28 12:40:00+09:00,49400.0,49500.0,48550.0,49050.0,60759.0
2026-07-28 12:45:00+09:00,49000.0,49150.0,48800.0,49050.0,30815.0
2026-07-28 12:50:00+09:00,49050.0,49100.0,48550.0,49000.0,29152.0
2026-07-28 12:55:00+09:00,49000.0,49100.0,48500.0,48850.0,42898.0
2026-07-28 13:00:00+09:00,48850.0,49000.0,48400.0,48450.0,37957.0
2026-07-28 13:05:00+09:00,48450.0,48650.0,48300.0,48300.0,27612.0
2026-07-28 13:10:00+09:00,48350.0,48900.0,48300.0,48800.0,24577.0
2026-07-28 13:15:00+09:00,48800.0,49150.0,48700.0,48950.0,31089.0
2026-07-28 13:20:00+09:00,48950.0,48950.0,48300.0,48300.0,29649.0
2026-07-28 13:25:00+09:00,48450.0,48850.0,48350.0,48750.0,20956.0
2026-07-28 13:30:00+09:00,48750.0,49000.0,48600.0,48950.0,19695.0
2026-07-28 13:35:00+09:00,48900.0,49500.0,48850.0,49400.0,46352.0
2026-07-28 13:40:00+09:00,49350.0,49550.0,49200.0,49500.0,46415.0
2026-07-28 13:45:00+09:00,49500.0,49800.0,49100.0,49200.0,76046.0
2026-07-28 13:50:00+09:00,49150.0,49400.0,49000.0,49150.0,34274.0
2026-07-28 13:55:00+09:00,49200.0,49350.0,48900.0,49000.0,29722.0
2026-07-28 14:00:00+09:00,48950.0,49350.0,48950.0,49300.0,24909.0
2026-07-28 14:05:00+09:00,49250.0,49550.0,49100.0,49450.0,29671.0
2026-07-28 14:10:00+09:00,49450.0,49600.0,49400.0,49500.0,29385.0
2026-07-28 14:15:00+09:00,49450.0,49700.0,48950.0,48950.0,62321.0
2026-07-28 14:20:00+09:00,48950.0,49050.0,48700.0,48800.0,46292.0
2026-07-28 14:25:00+09:00,48850.0,49100.0,48750.0,49050.0,32477.0
2026-07-28 14:30:00+09:00,49050.0,49050.0,48500.0,48550.0,56059.0
2026-07-28 14:35:00+09:00,48550.0,48750.0,47900.0,48750.0,126270.0
2026-07-28 14:40:00+09:00,48700.0,48750.0,48350.0,48450.0,34308.0
2026-07-28 14:45:00+09:00,48500.0,48550.0,48175.0,48400.0,54585.0
2026-07-28 14:50:00+09:00,48350.0,48800.0,48300.0,48750.0,40949.0
2026-07-28 14:55:00+09:00,48775.0,49250.0,48700.0,48700.0,58524.0
2026-07-29 09:00:00+09:00,48800.0,50300.0,48300.0,49200.0,601899.0
2026-07-29 09:05:00+09:00,49200.0,50100.0,48950.0,49650.0,254688.0
2026-07-29 09:10:00+09:00,49650.0,51000.0,49450.0,50300.0,356752.0
2026-07-29 09:15:00+09:00,50200.0,51000.0,50000.0,50500.0,184292.0
2026-07-29 09:20:00+09:00,50600.0,50900.0,49250.0,49400.0,212753.0
2026-07-29 09:25:00+09:00,49400.0,49450.0,47550.0,47700.0,320018.0
2026-07-29 09:30:00+09:00,47700.0,47750.0,46450.0,47200.0,255041.0
2026-07-29 09:35:00+09:00,47150.0,49500.0,46700.0,48600.0,165530.0
2026-07-29 09:40:00+09:00,48600.0,48650.0,47300.0,47400.0,111678.0
2026-07-29 09:45:00+09:00,47450.0,48050.0,47000.0,47000.0,87789.0
2026-07-29 09:50:00+09:00,47050.0,47150.0,46700.0,47100.0,82496.0
2026-07-29 09:55:00+09:00,47100.0,47100.0,46050.0,46100.0,124458.0
2026-07-29 10:00:00+09:00,46100.0,46200.0,45400.0,45450.0,174199.0
2026-07-29 10:05:00+09:00,45450.0,45650.0,45150.0,45250.0,138080.0
2026-07-29 10:10:00+09:00,45250.0,45400.0,44650.0,44850.0,198235.0
2026-07-29 10:15:00+09:00,44850.0,45050.0,44250.0,44700.0,119321.0
2026-07-29 10:20:00+09:00,44700.0,45050.0,44325.0,44900.0,72837.0
2026-07-29 10:25:00+09:00,44950.0,45250.0,44750.0,44950.0,67692.0
2026-07-29 10:30:00+09:00,45000.0,45200.0,44500.0,44650.0,55674.0
2026-07-29 10:35:00+09:00,44800.0,44850.0,44350.0,44550.0,36329.0
2026-07-29 10:40:00+09:00,44550.0,44650.0,43900.0,43900.0,103604.0
2026-07-29 10:45:00+09:00,43950.0,44050.0,43400.0,43500.0,134560.0
2026-07-29 10:50:00+09:00,43550.0,43600.0,43000.0,43150.0,117861.0
2026-07-29 10:55:00+09:00,43150.0,44100.0,43150.0,43750.0,45253.0
2026-07-29 11:00:00+09:00,43450.0,44000.0,43100.0,43350.0,53644.0
2026-07-29 11:05:00+09:00,43300.0,44000.0,42900.0,43550.0,62740.0
2026-07-29 11:10:00+09:00,43550.0,43900.0,43100.0,43200.0,38060.0
2026-07-29 11:15:00+09:00,43200.0,43350.0,42600.0,42950.0,58710.0
2026-07-29 11:20:00+09:00,43300.0,44050.0,43150.0,43450.0,57507.0
2026-07-29 11:25:00+09:00,43450.0,44150.0,43350.0,43950.0,31386.0
2026-07-29 11:30:00+09:00,43950.0,44200.0,43600.0,43750.0,29095.0
2026-07-29 11:35:00+09:00,43700.0,43750.0,43450.0,43550.0,22181.0
2026-07-29 11:40:00+09:00,43550.0,44000.0,43500.0,43800.0,20247.0
2026-07-29 11:45:00+09:00,43800.0,43900.0,43450.0,43600.0,20628.0
2026-07-29 11:50:00+09:00,43600.0,43750.0,43400.0,43500.0,20129.0
2026-07-29 11:55:00+09:00,43550.0,43550.0,43300.0,43300.0,16151.0
2026-07-29 12:00:00+09:00,43350.0,43400.0,42900.0,43150.0,36472.0
2026-07-29 12:05:00+09:00,43150.0,44100.0,43050.0,44050.0,29152.0
2026-07-29 12:10:00+09:00,44050.0,44100.0,43300.0,43500.0,22863.0
2026-07-29 12:15:00+09:00,43400.0,43500.0,43100.0,43250.0,17769.0
2026-07-29 12:20:00+09:00,43300.0,43450.0,43000.0,43000.0,21623.0
2026-07-29 12:25:00+09:00,43000.0,43200.0,43000.0,43200.0,17330.0
2026-07-29 12:30:00+09:00,43100.0,43200.0,43000.0,43000.0,8003.0
2026-07-29 13:00:00+09:00,42950.0,43050.0,42250.0,42500.0,60261.0
2026-07-29 13:05:00+09:00,42550.0,42850.0,42150.0,42350.0,67458.0
2026-07-29 13:10:00+09:00,42400.0,42800.0,42300.0,42450.0,40575.0
2026-07-29 13:15:00+09:00,42400.0,42500.0,41500.0,42100.0,121999.0
2026-07-29 13:20:00+09:00,42300.0,42700.0,41800.0,42400.0,53147.0
2026-07-29 13:25:00+09:00,42400.0,42450.0,41700.0,41850.0,64570.0
2026-07-29 13:30:00+09:00,41900.0,42450.0,41300.0,42300.0,50867.0
2026-07-29 13:35:00+09:00,42300.0,42900.0,41900.0,42550.0,32125.0
2026-07-29 13:40:00+09:00,42550.0,42650.0,42150.0,42300.0,28285.0
2026-07-29 13:45:00+09:00,42300.0,42750.0,42200.0,42650.0,24181.0
2026-07-29 13:50:00+09:00,42600.0,43500.0,42600.0,43250.0,61064.0
2026-07-29 13:55:00+09:00,43300.0,43650.0,43050.0,43450.0,39246.0
2026-07-29 14:00:00+09:00,43450.0,43600.0,43250.0,43400.0,32644.0
2026-07-29 14:05:00+09:00,43350.0,43400.0,43000.0,43050.0,27806.0
2026-07-29 14:10:00+09:00,43100.0,43100.0,42600.0,42800.0,37328.0
2026-07-29 14:15:00+09:00,42850.0,43000.0,42250.0,42450.0,34111.0
2026-07-29 14:20:00+09:00,42500.0,42900.0,42350.0,42900.0,18571.0
2026-07-29 14:25:00+09:00,42900.0,43300.0,42850.0,43050.0,29314.0
2026-07-29 14:30:00+09:00,43000.0,43150.0,42900.0,43150.0,24896.0
2026-07-29 14:35:00+09:00,43200.0,43800.0,43100.0,43750.0,44789.0
2026-07-29 14:40:00+09:00,43800.0,43900.0,43200.0,43250.0,40219.0
2026-07-29 14:45:00+09:00,43200.0,44350.0,43100.0,44300.0,48132.0
2026-07-29 14:50:00+09:00,44300.0,44400.0,43400.0,43700.0,41543.0
2026-07-29 14:55:00+09:00,43700.0,43950.0,43400.0,43900.0,23003.0
2026-07-30 09:00:00+09:00,43350.0,46800.0,43300.0,44650.0,678826.0
2026-07-30 09:05:00+09:00,44600.0,47000.0,44200.0,47000.0,380034.0
2026-07-30 09:10:00+09:00,47000.0,49000.0,46600.0,48725.0,500172.0
2026-07-30 09:15:00+09:00,48750.0,48950.0,46450.0,46700.0,597638.0
2026-07-30 09:20:00+09:00,46600.0,46850.0,44600.0,44950.0,387261.0
2026-07-30 09:25:00+09:00,44900.0,46300.0,44900.0,46000.0,189391.0
2026-07-30 09:30:00+09:00,45950.0,46250.0,45100.0,45150.0,145544.0
2026-07-30 09:35:00+09:00,45100.0,45350.0,44450.0,45200.0,191373.0
2026-07-30 09:40:00+09:00,45250.0,45300.0,43550.0,44200.0,171815.0
2026-07-30 09:45:00+09:00,44200.0,44800.0,44050.0,44450.0,118011.0
2026-07-30 09:50:00+09:00,44425.0,44600.0,43900.0,44000.0,73666.0
2026-07-30 09:55:00+09:00,44050.0,44050.0,42250.0,43000.0,167452.0
2026-07-30 10:00:00+09:00,42950.0,44400.0,42700.0,44300.0,146928.0
2026-07-30 10:05:00+09:00,44300.0,44850.0,44200.0,44300.0,129390.0
2026-07-30 10:10:00+09:00,44300.0,44400.0,43400.0,43450.0,97570.0
2026-07-30 10:15:00+09:00,43400.0,44400.0,43350.0,44250.0,52092.0
2026-07-30 10:20:00+09:00,44200.0,44400.0,43850.0,44350.0,35832.0
2026-07-30 10:25:00+09:00,44350.0,44350.0,43800.0,43800.0,55351.0
2026-07-30 10:30:00+09:00,43850.0,45000.0,43800.0,44600.0,92301.0
2026-07-30 10:35:00+09:00,44600.0,44650.0,44000.0,44450.0,74977.0
2026-07-30 10:40:00+09:00,44450.0,44775.0,44150.0,44250.0,76856.0
2026-07-30 10:45:00+09:00,44300.0,44950.0,44000.0,44725.0,93915.0
2026-07-30 10:50:00+09:00,44750.0,44950.0,44300.0,44350.0,84758.0
2026-07-30 10:55:00+09:00,44400.0,44800.0,44050.0,44075.0,63626.0
2026-07-30 11:00:00+09:00,44075.0,44700.0,44000.0,44300.0,47770.0
2026-07-30 11:05:00+09:00,44350.0,45400.0,44300.0,44800.0,112717.0
2026-07-30 11:10:00+09:00,44800.0,44850.0,44150.0,44250.0,57236.0
2026-07-30 11:15:00+09:00,44300.0,44400.0,43600.0,44150.0,104001.0
2026-07-30 11:20:00+09:00,44150.0,44650.0,44050.0,44600.0,38481.0
2026-07-30 11:25:00+09:00,44650.0,44900.0,44250.0,44800.0,55532.0
2026-07-30 11:30:00+09:00,44750.0,44850.0,44150.0,44250.0,26799.0
2026-07-30 11:35:00+09:00,44250.0,44250.0,43900.0,43950.0,52813.0
2026-07-30 11:40:00+09:00,44000.0,44600.0,44000.0,44450.0,26631.0
2026-07-30 11:45:00+09:00,44500.0,44650.0,44200.0,44325.0,23709.0
2026-07-30 11:50:00+09:00,44350.0,44350.0,44150.0,44250.0,9702.0
2026-07-30 11:55:00+09:00,44250.0,44450.0,43800.0,43850.0,37126.0
2026-07-30 12:00:00+09:00,43900.0,44000.0,43350.0,43700.0,64378.0
2026-07-30 12:05:00+09:00,43700.0,43850.0,43500.0,43650.0,25631.0
2026-07-30 12:10:00+09:00,43550.0,43700.0,43450.0,43500.0,23410.0
2026-07-30 12:15:00+09:00,43500.0,43750.0,43050.0,43500.0,47619.0
2026-07-30 12:20:00+09:00,43500.0,43850.0,43400.0,43600.0,16299.0
2026-07-30 12:25:00+09:00,43600.0,43850.0,43550.0,43650.0,12604.0
2026-07-30 12:30:00+09:00,43650.0,43950.0,43500.0,43800.0,13398.0
2026-07-30 12:35:00+09:00,43800.0,43850.0,43400.0,43400.0,15748.0
2026-07-30 12:40:00+09:00,43450.0,43950.0,43200.0,43750.0,22501.0
2026-07-30 12:45:00+09:00,43800.0,44000.0,43750.0,44000.0,12423.0
2026-07-30 12:50:00+09:00,44000.0,44000.0,43800.0,43800.0,15874.0
2026-07-30 12:55:00+09:00,43800.0,43850.0,43050.0,43100.0,28633.0
2026-07-30 13:00:00+09:00,43100.0,43200.0,43050.0,43100.0,25647.0
2026-07-30 13:05:00+09:00,43100.0,43400.0,42400.0,42450.0,72822.0
2026-07-30 13:10:00+09:00,42450.0,42900.0,42400.0,42750.0,35782.0
2026-07-30 13:15:00+09:00,42750.0,43100.0,42550.0,42650.0,21028.0
2026-07-30 13:20:00+09:00,42650.0,43100.0,42600.0,43000.0,20753.0
2026-07-30 13:25:00+09:00,43000.0,43550.0,43000.0,43500.0,19427.0
2026-07-30 13:30:00+09:00,43500.0,43700.0,43400.0,43450.0,22302.0
2026-07-30 13:35:00+09:00,43450.0,43600.0,43050.0,43100.0,23287.0
2026-07-30 13:40:00+09:00,43100.0,43200.0,42750.0,42850.0,23134.0
2026-07-30 13:45:00+09:00,42850.0,43200.0,42800.0,42900.0,13831.0
2026-07-30 13:50:00+09:00,42900.0,42950.0,42700.0,42800.0,19052.0
2026-07-30 13:55:00+09:00,42800.0,42850.0,42500.0,42550.0,31088.0
2026-07-30 14:00:00+09:00,42500.0,42850.0,42450.0,42750.0,19928.0
2026-07-30 14:05:00+09:00,42750.0,43050.0,42750.0,43000.0,12537.0
2026-07-30 14:10:00+09:00,43000.0,43150.0,42600.0,42950.0,26582.0
2026-07-30 14:15:00+09:00,43000.0,43250.0,42800.0,42950.0,14356.0
2026-07-30 14:20:00+09:00,42950.0,43000.0,42450.0,42700.0,28536.0
2026-07-30 14:25:00+09:00,42700.0,42850.0,42450.0,42500.0,21173.0
2026-07-30 14:30:00+09:00,42450.0,42600.0,42150.0,42450.0,45415.0
2026-07-30 14:35:00+09:00,42500.0,42550.0,41900.0,42200.0,79219.0
2026-07-30 14:40:00+09:00,42200.0,42900.0,42150.0,42750.0,38594.0
2026-07-30 14:45:00+09:00,42750.0,42950.0,42350.0,42400.0,30978.0
2026-07-30 14:50:00+09:00,42450.0,42450.0,41950.0,42100.0,31843.0
2026-07-30 14:55:00+09:00,42150.0,42600.0,42050.0,42550.0,26352.0
2026-07-31 09:00:00+09:00,45850.0,47950.0,44650.0,47150.0,800674.0
2026-07-31 09:05:00+09:00,47200.0,48300.0,45050.0,45150.0,394770.0
2026-07-31 09:10:00+09:00,45100.0,49150.0,43850.0,48400.0,759618.0
2026-07-31 09:15:00+09:00,48400.0,49400.0,47400.0,47800.0,437937.0
2026-07-31 09:20:00+09:00,47800.0,48450.0,47050.0,47950.0,192569.0
2026-07-31 09:25:00+09:00,47950.0,48750.0,47500.0,48450.0,240527.0
2026-07-31 09:30:00+09:00,48450.0,48800.0,47500.0,48300.0,216964.0
2026-07-31 09:35:00+09:00,48300.0,48950.0,48000.0,48400.0,231437.0
2026-07-31 09:40:00+09:00,48400.0,48700.0,48000.0,48300.0,142497.0
2026-07-31 09:45:00+09:00,48250.0,48400.0,47350.0,47450.0,191872.0
2026-07-31 09:50:00+09:00,47600.0,48150.0,47500.0,47850.0,84517.0
2026-07-31 09:55:00+09:00,47850.0,48750.0,47800.0,48550.0,172094.0
2026-07-31 10:00:00+09:00,48550.0,48600.0,47700.0,47800.0,162524.0
2026-07-31 10:05:00+09:00,47825.0,48300.0,47600.0,48100.0,130022.0
2026-07-31 10:10:00+09:00,48200.0,48500.0,47950.0,48150.0,89032.0
2026-07-31 10:15:00+09:00,48150.0,48900.0,48150.0,48550.0,200821.0
2026-07-31 10:20:00+09:00,48550.0,48600.0,47700.0,47750.0,128475.0
2026-07-31 10:25:00+09:00,47775.0,47900.0,46000.0,46550.0,238883.0
2026-07-31 10:30:00+09:00,46550.0,46600.0,45400.0,45750.0,219430.0
2026-07-31 10:35:00+09:00,45800.0,46000.0,44750.0,44850.0,216102.0
2026-07-31 10:40:00+09:00,45000.0,45500.0,44350.0,44350.0,168259.0
2026-07-31 10:45:00+09:00,44400.0,44700.0,44000.0,44550.0,184537.0
2026-07-31 10:50:00+09:00,44550.0,45100.0,44150.0,44850.0,125585.0
2026-07-31 10:55:00+09:00,44850.0,46000.0,44800.0,46000.0,137795.0
2026-07-31 11:00:00+09:00,46000.0,46950.0,45900.0,46150.0,227359.0
2026-07-31 11:05:00+09:00,46150.0,46750.0,46100.0,46500.0,85804.0
2026-07-31 11:10:00+09:00,46500.0,46775.0,46000.0,46000.0,91720.0
2026-07-31 11:15:00+09:00,46150.0,46500.0,45900.0,45900.0,66508.0
2026-07-31 11:20:00+09:00,45900.0,46800.0,45900.0,46500.0,86757.0
2026-07-31 11:25:00+09:00,46500.0,46800.0,46400.0,46750.0,34877.0
2026-07-31 11:30:00+09:00,46750.0,47350.0,46700.0,47250.0,100055.0
2026-07-31 11:35:00+09:00,47250.0,47700.0,47100.0,47500.0,115150.0
2026-07-31 11:40:00+09:00,47500.0,48150.0,47400.0,48000.0,116972.0
2026-07-31 11:45:00+09:00,48000.0,48050.0,47350.0,47450.0,76411.0
2026-07-31 11:50:00+09:00,47450.0,47750.0,47300.0,47600.0,50889.0
2026-07-31 11:55:00+09:00,47600.0,47700.0,47100.0,47550.0,52370.0
2026-07-31 12:00:00+09:00,47550.0,47550.0,46200.0,46600.0,108742.0
2026-07-31 12:05:00+09:00,46600.0,46600.0,45650.0,45800.0,107237.0
2026-07-31 12:10:00+09:00,45800.0,46200.0,45800.0,45900.0,69093.0
2026-07-31 12:15:00+09:00,45900.0,46150.0,45850.0,46150.0,47309.0
2026-07-31 12:20:00+09:00,46100.0,46250.0,45850.0,45900.0,68462.0
2026-07-31 12:25:00+09:00,45900.0,46300.0,45850.0,45950.0,47383.0
2026-07-31 12:30:00+09:00,45950.0,46000.0,45550.0,45900.0,58548.0
2026-07-31 12:35:00+09:00,45900.0,46000.0,45850.0,45900.0,31216.0
2026-07-31 12:40:00+09:00,45900.0,46050.0,45800.0,46050.0,30048.0
2026-07-31 12:45:00+09:00,46050.0,46100.0,45700.0,45700.0,50783.0
2026-07-31 12:50:00+09:00,45750.0,46000.0,45500.0,45950.0,57105.0
2026-07-31 12:55:00+09:00,45950.0,45950.0,45650.0,45700.0,31639.0
2026-07-31 13:00:00+09:00,45700.0,45850.0,45500.0,45750.0,36466.0
2026-07-31 13:05:00+09:00,45750.0,45850.0,45600.0,45700.0,16737.0
2026-07-31 13:10:00+09:00,45700.0,45750.0,45600.0,45650.0,24319.0
2026-07-31 13:15:00+09:00,45650.0,45850.0,45550.0,45850.0,29842.0
2026-07-31 13:20:00+09:00,45800.0,46000.0,45700.0,45850.0,48578.0
2026-07-31 13:25:00+09:00,45900.0,45950.0,45700.0,45750.0,28156.0
2026-07-31 13:30:00+09:00,45750.0,45800.0,45300.0,45650.0,83857.0
2026-07-31 13:35:00+09:00,45625.0,45700.0,45500.0,45650.0,36229.0
2026-07-31 13:40:00+09:00,45650.0,45700.0,45600.0,45625.0,18997.0
2026-07-31 13:45:00+09:00,45650.0,45950.0,45600.0,45900.0,44239.0
2026-07-31 13:50:00+09:00,45900.0,45950.0,45600.0,45600.0,34928.0
2026-07-31 13:55:00+09:00,45600.0,45700.0,45250.0,45400.0,67212.0
2026-07-31 14:00:00+09:00,45400.0,45500.0,45250.0,45350.0,40652.0
2026-07-31 14:05:00+09:00,45350.0,45450.0,45300.0,45300.0,35026.0
2026-07-31 14:10:00+09:00,45300.0,45500.0,45300.0,45400.0,41953.0
2026-07-31 14:15:00+09:00,45450.0,45700.0,45400.0,45600.0,43048.0
2026-07-31 14:20:00+09:00,45600.0,45650.0,45350.0,45350.0,42214.0
2026-07-31 14:25:00+09:00,45350.0,45500.0,45250.0,45350.0,68410.0
2026-07-31 14:30:00+09:00,45350.0,45550.0,45000.0,45000.0,93111.0
2026-07-31 14:35:00+09:00,45050.0,45450.0,44750.0,45400.0,106332.0
2026-07-31 14:40:00+09:00,45450.0,45750.0,45400.0,45650.0,72055.0
2026-07-31 14:45:00+09:00,45650.0,45650.0,45400.0,45600.0,38625.0
2026-07-31 14:50:00+09:00,45600.0,45700.0,45450.0,45650.0,47004.0
2026-07-31 14:55:00+09:00,45600.0,45700.0,45400.0,45450.0,50778.0
2026-08-03 09:00:00+09:00,45450.0,45450.0,42100.0,43000.0,0.0
2026-08-03 09:05:00+09:00,43000.0,43700.0,42450.0,43200.0,120900.0
2026-08-03 09:10:00+09:00,43100.0,44300.0,43100.0,43800.0,123125.0
2026-08-03 09:15:00+09:00,43800.0,44150.0,43400.0,43700.0,66855.0
2026-08-03 09:20:00+09:00,43650.0,43800.0,43300.0,43400.0,65913.0
2026-08-03 09:25:00+09:00,43400.0,43400.0,42700.0,43050.0,68676.0
2026-08-03 09:30:00+09:00,43000.0,43200.0,42800.0,42900.0,33166.0
2026-08-03 09:35:00+09:00,42900.0,43400.0,42850.0,43400.0,34581.0
2026-08-03 09:40:00+09:00,43400.0,44150.0,43350.0,44050.0,68211.0
2026-08-03 09:45:00+09:00,44050.0,44250.0,43700.0,43950.0,44124.0
2026-08-03 09:50:00+09:00,43950.0,44400.0,43850.0,44350.0,60072.0
2026-08-03 09:55:00+09:00,44350.0,44950.0,44200.0,44850.0,66768.0
2026-08-03 10:00:00+09:00,44800.0,47650.0,44700.0,47250.0,570925.0
2026-08-03 10:05:00+09:00,47200.0,47450.0,46300.0,46600.0,232517.0
2026-08-03 10:10:00+09:00,46600.0,47400.0,46300.0,46600.0,204954.0
2026-08-03 10:15:00+09:00,46650.0,47000.0,46200.0,46200.0,111820.0
2026-08-03 10:20:00+09:00,46200.0,47000.0,46050.0,46900.0,98408.0
2026-08-03 10:25:00+09:00,46900.0,46900.0,46150.0,46200.0,73629.0
2026-08-03 10:30:00+09:00,46200.0,46750.0,46200.0,46400.0,45388.0
2026-08-03 10:35:00+09:00,46400.0,46800.0,46350.0,46750.0,46666.0
2026-08-03 10:40:00+09:00,46750.0,47150.0,46700.0,46850.0,84680.0
2026-08-03 10:45:00+09:00,46900.0,47250.0,46850.0,47250.0,68121.0
2026-08-03 10:50:00+09:00,47250.0,47300.0,46850.0,46900.0,68967.0
2026-08-03 10:55:00+09:00,46900.0,47350.0,46900.0,47300.0,48385.0
2026-08-03 11:00:00+09:00,47300.0,47350.0,46700.0,47100.0,60565.0
2026-08-03 11:05:00+09:00,47100.0,48150.0,47050.0,48000.0,221446.0
2026-08-03 11:10:00+09:00,48000.0,48300.0,47700.0,47850.0,139221.0
2026-08-03 11:15:00+09:00,47850.0,48000.0,47550.0,47650.0,61569.0
2026-08-03 11:20:00+09:00,47650.0,47900.0,47550.0,47850.0,47976.0
2026-08-03 11:25:00+09:00,47850.0,47900.0,47150.0,47200.0,74242.0
2026-08-03 11:30:00+09:00,47150.0,47600.0,46850.0,47600.0,67195.0
2026-08-03 11:35:00+09:00,47600.0,47700.0,47400.0,47450.0,26272.0
2026-08-03 11:40:00+09:00,47500.0,47650.0,47150.0,47150.0,20012.0
2026-08-03 11:45:00+09:00,47150.0,47500.0,47150.0,47350.0,24509.0
2026-08-03 11:50:00+09:00,47300.0,47900.0,47250.0,47600.0,57146.0
2026-08-03 11:55:00+09:00,47600.0,47800.0,47300.0,47400.0,18556.0
2026-08-03 12:00:00+09:00,47400.0,47600.0,47350.0,47450.0,22486.0
2026-08-03 12:05:00+09:00,47450.0,48200.0,47450.0,47550.0,102975.0
2026-08-03 12:10:00+09:00,47550.0,47600.0,47250.0,47450.0,40824.0
2026-08-03 12:15:00+09:00,47450.0,47550.0,47200.0,47200.0,17586.0
2026-08-03 12:20:00+09:00,47200.0,47300.0,46800.0,46850.0,50326.0
2026-08-03 12:25:00+09:00,46800.0,47250.0,46800.0,47050.0,28575.0
2026-08-03 12:30:00+09:00,47050.0,47100.0,46900.0,47050.0,15408.0
2026-08-03 12:35:00+09:00,47050.0,47100.0,46750.0,47050.0,23612.0
2026-08-03 12:40:00+09:00,47050.0,47100.0,46850.0,46850.0,11228.0
2026-08-03 12:45:00+09:00,46850.0,46950.0,46700.0,46700.0,18045.0
2026-08-03 12:50:00+09:00,46750.0,47050.0,46700.0,46850.0,19243.0
2026-08-03 12:55:00+09:00,46850.0,46850.0,46350.0,46350.0,40368.0
2026-08-03 13:00:00+09:00,46400.0,46500.0,46200.0,46350.0,41143.0
2026-08-03 13:05:00+09:00,46300.0,46550.0,46300.0,46450.0,17811.0
2026-08-03 13:10:00+09:00,46450.0,46600.0,46300.0,46550.0,16735.0
2026-08-03 13:15:00+09:00,46600.0,46800.0,46500.0,46800.0,12963.0
2026-08-03 13:20:00+09:00,46800.0,46800.0,46550.0,46700.0,10957.0
2026-08-03 13:25:00+09:00,46650.0,46750.0,46550.0,46600.0,10468.0
2026-08-03 13:30:00+09:00,46650.0,46650.0,46400.0,46450.0,12289.0
2026-08-03 13:35:00+09:00,46400.0,46550.0,46300.0,46500.0,9687.0
2026-08-03 13:40:00+09:00,46500.0,46550.0,46300.0,46350.0,8707.0
2026-08-03 13:45:00+09:00,46350.0,46500.0,46300.0,46500.0,8140.0
2026-08-03 13:50:00+09:00,46500.0,46500.0,46050.0,46300.0,35791.0
2026-08-03 13:55:00+09:00,46300.0,46300.0,45800.0,45950.0,53357.0
2026-08-03 14:00:00+09:00,46000.0,46400.0,45950.0,46300.0,20045.0
2026-08-03 14:05:00+09:00,46300.0,46350.0,46150.0,46350.0,11458.0
2026-08-03 14:10:00+09:00,46350.0,46650.0,46300.0,46500.0,17592.0
2026-08-03 14:15:00+09:00,46500.0,46550.0,46225.0,46250.0,16666.0
2026-08-03 14:20:00+09:00,46300.0,46450.0,46250.0,46350.0,7517.0
2026-08-03 14:25:00+09:00,46350.0,46650.0,46350.0,46650.0,17309.0
2026-08-03 14:30:00+09:00,46650.0,46800.0,46500.0,46550.0,18802.0
2026-08-03 14:35:00+09:00,46550.0,46550.0,46400.0,46450.0,17037.0
2026-08-03 14:40:00+09:00,46400.0,46500.0,46350.0,46450.0,9796.0
2026-08-03 14:45:00+09:00,46500.0,46650.0,46400.0,46400.0,12888.0
2026-08-03 14:50:00+09:00,46400.0,46450.0,46050.0,46250.0,22273.0
2026-08-03 14:55:00+09:00,46300.0,46500.0,46250.0,46400.0,26083.0
2026-08-04 09:00:00+09:00,49300.0,51900.0,48950.0,51300.0,905628.0
2026-08-04 09:05:00+09:00,51300.0,54100.0,50500.0,53500.0,1079277.0
2026-08-04 09:10:00+09:00,53500.0,54200.0,52600.0,53800.0,508778.0
2026-08-04 09:15:00+09:00,53600.0,54100.0,51700.0,53600.0,564132.0
2026-08-04 09:20:00+09:00,53600.0,54800.0,53500.0,54200.0,644068.0
2026-08-04 09:25:00+09:00,54100.0,55700.0,53800.0,55400.0,591562.0
2026-08-04 09:30:00+09:00,55300.0,55500.0,53700.0,54800.0,440673.0
2026-08-04 09:35:00+09:00,54800.0,56100.0,53800.0,56000.0,529316.0
2026-08-04 09:40:00+09:00,56000.0,56700.0,55300.0,55900.0,618466.0
2026-08-04 09:45:00+09:00,55800.0,56000.0,54400.0,55100.0,342084.0
2026-08-04 09:50:00+09:00,55000.0,55700.0,54400.0,54400.0,225867.0
2026-08-04 09:55:00+09:00,54400.0,54800.0,53700.0,54100.0,240057.0
2026-08-04 10:00:00+09:00,54100.0,54400.0,53100.0,53600.0,315420.0
2026-08-04 10:05:00+09:00,53600.0,55200.0,53500.0,55100.0,168807.0
2026-08-04 10:10:00+09:00,55100.0,55500.0,54600.0,55100.0,183032.0
2026-08-04 10:15:00+09:00,55000.0,55250.0,54000.0,54900.0,116541.0
2026-08-04 10:20:00+09:00,55000.0,55500.0,54900.0,55500.0,115117.0
2026-08-04 10:25:00+09:00,55400.0,56000.0,55300.0,55400.0,212970.0
2026-08-04 10:30:00+09:00,55500.0,57500.0,55400.0,57400.0,357715.0
2026-08-04 10:35:00+09:00,57300.0,57500.0,56300.0,56500.0,283282.0
2026-08-04 10:40:00+09:00,56500.0,57000.0,56100.0,56900.0,130488.0
2026-08-04 10:45:00+09:00,56800.0,57100.0,55800.0,56200.0,166168.0
2026-08-04 10:50:00+09:00,56200.0,56600.0,56100.0,56200.0,83191.0
2026-08-04 10:55:00+09:00,56200.0,56500.0,55900.0,55900.0,97090.0
2026-08-04 11:00:00+09:00,55900.0,56100.0,55400.0,56100.0,108724.0
2026-08-04 11:05:00+09:00,56100.0,56700.0,55700.0,56600.0,93612.0
2026-08-04 11:10:00+09:00,56500.0,57300.0,56200.0,57000.0,152173.0
2026-08-04 11:15:00+09:00,56900.0,57200.0,56700.0,57000.0,85176.0
2026-08-04 11:20:00+09:00,57000.0,57400.0,56900.0,57200.0,106528.0
2026-08-04 11:25:00+09:00,57200.0,57700.0,57100.0,57700.0,150396.0
2026-08-04 11:30:00+09:00,57600.0,57800.0,57300.0,57600.0,126271.0
2026-08-04 11:35:00+09:00,57800.0,58500.0,57700.0,58300.0,305532.0
2026-08-04 11:40:00+09:00,58400.0,58600.0,57600.0,58100.0,198131.0
2026-08-04 11:45:00+09:00,58050.0,58200.0,57600.0,57900.0,79052.0
2026-08-04 11:50:00+09:00,57900.0,58000.0,57400.0,57600.0,86645.0
2026-08-04 11:55:00+09:00,57600.0,58000.0,57500.0,57600.0,73540.0
2026-08-04 12:00:00+09:00,57600.0,57800.0,57300.0,57300.0,61100.0
2026-08-04 12:05:00+09:00,57400.0,57900.0,57000.0,57800.0,114958.0
2026-08-04 12:10:00+09:00,57800.0,57900.0,57300.0,57400.0,45702.0
2026-08-04 12:15:00+09:00,57300.0,57600.0,57000.0,57600.0,65196.0
2026-08-04 12:20:00+09:00,57600.0,58400.0,57500.0,58300.0,188749.0
2026-08-04 12:25:00+09:00,58300.0,58300.0,57300.0,57400.0,81393.0
2026-08-04 12:30:00+09:00,57500.0,57800.0,57200.0,57400.0,65019.0
2026-08-04 12:35:00+09:00,57500.0,57600.0,57100.0,57400.0,52477.0
2026-08-04 12:40:00+09:00,57400.0,57600.0,57300.0,57400.0,36577.0
2026-08-04 12:45:00+09:00,57500.0,57500.0,56700.0,56700.0,71427.0
2026-08-04 12:50:00+09:00,56700.0,57400.0,56650.0,57200.0,67331.0
2026-08-04 12:55:00+09:00,57100.0,57200.0,56900.0,56900.0,32710.0
2026-08-04 13:00:00+09:00,57000.0,57100.0,56700.0,56800.0,50780.0
2026-08-04 13:05:00+09:00,56700.0,56900.0,56300.0,56900.0,103762.0
2026-08-04 13:10:00+09:00,56900.0,57000.0,56500.0,56900.0,48733.0
2026-08-04 13:15:00+09:00,56900.0,57200.0,56500.0,56800.0,47328.0
2026-08-04 13:20:00+09:00,56700.0,56800.0,56300.0,56400.0,56937.0
2026-08-04 13:25:00+09:00,56400.0,56800.0,56300.0,56400.0,41369.0
2026-08-04 13:30:00+09:00,56300.0,56600.0,56200.0,56400.0,44524.0
2026-08-04 13:35:00+09:00,56500.0,56500.0,56000.0,56300.0,57968.0
2026-08-04 13:40:00+09:00,56300.0,56500.0,56100.0,56400.0,35016.0
2026-08-04 13:45:00+09:00,56400.0,57000.0,56300.0,56900.0,64971.0
2026-08-04 13:50:00+09:00,56900.0,57200.0,56800.0,57000.0,62204.0
2026-08-04 13:55:00+09:00,57000.0,57100.0,56700.0,56900.0,32047.0
2026-08-04 14:00:00+09:00,57000.0,57200.0,56800.0,57100.0,31883.0
2026-08-04 14:05:00+09:00,57100.0,57500.0,56800.0,57300.0,58283.0
2026-08-04 14:10:00+09:00,57200.0,57400.0,56500.0,56600.0,48103.0
2026-08-04 14:15:00+09:00,56500.0,57000.0,56500.0,57000.0,40789.0
2026-08-04 14:20:00+09:00,57000.0,57200.0,56900.0,57000.0,45056.0
2026-08-04 14:25:00+09:00,56900.0,57400.0,56900.0,57300.0,47707.0
2026-08-04 14:30:00+09:00,57300.0,57400.0,56500.0,56500.0,61820.0
2026-08-04 14:35:00+09:00,56500.0,56600.0,55700.0,55700.0,133345.0
2026-08-04 14:40:00+09:00,55800.0,56000.0,55400.0,56000.0,110035.0
2026-08-04 14:45:00+09:00,56000.0,56000.0,55400.0,55500.0,71530.0
2026-08-04 14:50:00+09:00,55600.0,56200.0,55500.0,55800.0,62907.0
2026-08-04 14:55:00+09:00,55700.0,56200.0,55700.0,56000.0,43283.0
2026-08-05 09:00:00+09:00,56900.0,57300.0,53900.0,56600.0,790705.0
2026-08-05 09:05:00+09:00,56800.0,59200.0,55900.0,59000.0,631154.0
2026-08-05 09:10:00+09:00,59000.0,61800.0,58600.0,60900.0,988547.0
2026-08-05 09:15:00+09:00,60900.0,61300.0,59400.0,60200.0,435794.0
2026-08-05 09:20:00+09:00,60200.0,61000.0,59700.0,60100.0,229500.0
2026-08-05 09:25:00+09:00,60200.0,60200.0,59400.0,60000.0,188690.0
2026-08-05 09:30:00+09:00,60000.0,60800.0,58800.0,58900.0,254105.0
2026-08-05 09:35:00+09:00,58900.0,59500.0,58400.0,58500.0,205348.0
2026-08-05 09:40:00+09:00,58600.0,59300.0,58500.0,58800.0,133074.0
2026-08-05 09:45:00+09:00,58900.0,59000.0,57500.0,57500.0,228482.0
2026-08-05 09:50:00+09:00,57500.0,58200.0,57200.0,57800.0,178497.0
2026-08-05 09:55:00+09:00,57800.0,58500.0,57600.0,58400.0,86092.0
2026-08-05 10:00:00+09:00,58300.0,58400.0,57400.0,57800.0,83979.0
2026-08-05 10:05:00+09:00,57800.0,58500.0,57600.0,58200.0,58473.0
2026-08-05 10:10:00+09:00,58200.0,58200.0,57700.0,58100.0,50925.0
2026-08-05 10:15:00+09:00,58000.0,58200.0,57500.0,57600.0,44480.0
2026-08-05 10:20:00+09:00,57500.0,57800.0,57200.0,57200.0,57490.0
2026-08-05 10:25:00+09:00,57200.0,57400.0,56600.0,57000.0,132458.0
2026-08-05 10:30:00+09:00,57000.0,57700.0,57000.0,57600.0,56970.0
2026-08-05 10:35:00+09:00,57500.0,57600.0,57200.0,57600.0,30778.0
2026-08-05 10:40:00+09:00,57600.0,57800.0,57400.0,57400.0,30260.0
2026-08-05 10:45:00+09:00,57500.0,58300.0,57400.0,58200.0,39181.0
2026-08-05 10:50:00+09:00,58300.0,58400.0,58000.0,58400.0,56907.0
2026-08-05 10:55:00+09:00,58350.0,58800.0,58300.0,58400.0,75149.0
2026-08-05 11:00:00+09:00,58400.0,58600.0,58000.0,58300.0,38641.0
2026-08-05 11:05:00+09:00,58400.0,58700.0,58300.0,58500.0,26205.0
2026-08-05 11:10:00+09:00,58400.0,58900.0,58400.0,58800.0,47083.0
2026-08-05 11:15:00+09:00,58800.0,59000.0,58200.0,58300.0,50213.0
2026-08-05 11:20:00+09:00,58300.0,58300.0,58000.0,58000.0,25637.0
2026-08-05 11:25:00+09:00,58000.0,58300.0,57800.0,57800.0,30410.0
2026-08-05 11:30:00+09:00,57800.0,57900.0,57500.0,57600.0,22329.0
2026-08-05 11:35:00+09:00,57500.0,57900.0,57500.0,57600.0,22750.0
2026-08-05 11:40:00+09:00,57600.0,57600.0,57200.0,57300.0,38793.0
2026-08-05 11:45:00+09:00,57350.0,57700.0,57300.0,57300.0,22006.0
2026-08-05 11:50:00+09:00,57300.0,57700.0,57300.0,57500.0,13923.0
2026-08-05 11:55:00+09:00,57600.0,57800.0,57300.0,57400.0,19530.0
2026-08-05 12:00:00+09:00,57400.0,57600.0,57300.0,57400.0,20372.0
2026-08-05 12:05:00+09:00,57400.0,57600.0,57100.0,57200.0,28220.0
2026-08-05 12:10:00+09:00,57200.0,57500.0,57100.0,57350.0,13084.0
2026-08-05 12:15:00+09:00,57400.0,57450.0,57100.0,57100.0,28634.0
2026-08-05 12:20:00+09:00,57200.0,57400.0,57100.0,57400.0,20855.0
2026-08-05 12:25:00+09:00,57300.0,57400.0,57100.0,57200.0,19237.0
2026-08-05 12:30:00+09:00,57200.0,57200.0,56800.0,57000.0,57306.0
2026-08-05 12:35:00+09:00,57000.0,57100.0,56700.0,56700.0,41379.0
2026-08-05 12:40:00+09:00,56700.0,57100.0,56700.0,57100.0,29860.0
2026-08-05 12:45:00+09:00,57000.0,57500.0,57000.0,57500.0,27819.0
2026-08-05 12:50:00+09:00,57400.0,57500.0,57200.0,57400.0,15887.0
2026-08-05 12:55:00+09:00,57300.0,57500.0,57200.0,57500.0,16826.0
2026-08-05 13:00:00+09:00,57400.0,57700.0,57300.0,57500.0,28401.0
2026-08-05 13:05:00+09:00,57500.0,57600.0,57400.0,57500.0,12362.0
2026-08-05 13:10:00+09:00,57500.0,57600.0,57400.0,57400.0,19245.0
2026-08-05 13:15:00+09:00,57400.0,57500.0,57100.0,57200.0,20746.0
2026-08-05 13:20:00+09:00,57200.0,57200.0,56900.0,56900.0,23404.0
2026-08-05 13:25:00+09:00,56950.0,57100.0,56900.0,57000.0,18338.0
2026-08-05 13:30:00+09:00,57100.0,57100.0,56800.0,56900.0,19102.0
2026-08-05 13:35:00+09:00,56800.0,57200.0,56800.0,57100.0,22207.0
2026-08-05 13:40:00+09:00,57100.0,57200.0,56900.0,57000.0,30438.0
2026-08-05 13:45:00+09:00,57000.0,57000.0,56800.0,56900.0,21586.0
2026-08-05 13:50:00+09:00,56900.0,57300.0,56800.0,57200.0,36532.0
2026-08-05 13:55:00+09:00,57100.0,57300.0,57000.0,57000.0,11833.0
2026-08-05 14:00:00+09:00,57000.0,57200.0,56900.0,57000.0,20249.0
2026-08-05 14:05:00+09:00,57100.0,57100.0,56800.0,56900.0,19163.0
2026-08-05 14:10:00+09:00,56900.0,57000.0,56800.0,56900.0,18585.0
2026-08-05 14:15:00+09:00,56900.0,56900.0,56700.0,56800.0,26098.0
2026-08-05 14:20:00+09:00,56700.0,57100.0,56700.0,56800.0,33482.0
2026-08-05 14:25:00+09:00,56900.0,57100.0,56800.0,56900.0,21686.0
2026-08-05 14:30:00+09:00,56900.0,57100.0,56800.0,56900.0,18210.0
2026-08-05 14:35:00+09:00,56900.0,57500.0,56900.0,57200.0,52714.0
2026-08-05 14:40:00+09:00,57200.0,57300.0,57000.0,57000.0,23162.0
2026-08-05 14:45:00+09:00,57000.0,57200.0,57000.0,57100.0,23780.0
2026-08-05 14:50:00+09:00,57100.0,57200.0,56900.0,57000.0,35113.0
2026-08-05 14:55:00+09:00,56900.0,57100.0,56800.0,56900.0,36575.0
2026-08-06 09:00:00+09:00,57200.0,58600.0,55300.0,58200.0,333164.0
2026-08-06 09:05:00+09:00,58100.0,58600.0,57000.0,58200.0,239078.0
2026-08-06 09:10:00+09:00,58300.0,58300.0,55800.0,55800.0,182234.0
2026-08-06 09:15:00+09:00,55800.0,56500.0,55300.0,55600.0,141455.0
2026-08-06 09:20:00+09:00,55400.0,55700.0,54100.0,54400.0,199203.0
2026-08-06 09:25:00+09:00,54300.0,54900.0,53500.0,54200.0,176669.0
2026-08-06 09:30:00+09:00,54200.0,54400.0,53700.0,54200.0,67396.0
2026-08-06 09:35:00+09:00,54200.0,54300.0,53800.0,54300.0,58166.0
2026-08-06 09:40:00+09:00,54200.0,55300.0,54200.0,54900.0,78127.0
2026-08-06 09:45:00+09:00,54800.0,55400.0,54800.0,55200.0,54496.0
2026-08-06 09:50:00+09:00,55200.0,55400.0,54500.0,54600.0,58099.0
2026-08-06 09:55:00+09:00,54700.0,55500.0,54600.0,55300.0,27312.0
2026-08-06 10:00:00+09:00,55300.0,55400.0,54500.0,54550.0,30226.0
2026-08-06 10:05:00+09:00,54500.0,55200.0,54300.0,55100.0,32468.0
2026-08-06 10:10:00+09:00,55000.0,55400.0,54900.0,55400.0,25766.0
2026-08-06 10:15:00+09:00,55400.0,55500.0,54700.0,54900.0,27072.0
2026-08-06 10:20:00+09:00,54900.0,54900.0,54100.0,54400.0,36568.0
2026-08-06 10:25:00+09:00,54400.0,54400.0,53800.0,54100.0,73106.0
2026-08-06 10:30:00+09:00,54100.0,54800.0,54000.0,54450.0,20976.0
2026-08-06 10:35:00+09:00,54400.0,54500.0,54000.0,54300.0,15201.0
2026-08-06 10:40:00+09:00,54300.0,54700.0,54200.0,54400.0,12692.0
2026-08-06 10:45:00+09:00,54500.0,55100.0,54300.0,54800.0,14501.0
2026-08-06 10:50:00+09:00,54800.0,55100.0,54200.0,54700.0,24408.0
2026-08-06 10:55:00+09:00,54700.0,54800.0,54400.0,54400.0,8842.0
2026-08-06 11:00:00+09:00,54400.0,54600.0,54200.0,54500.0,17636.0
2026-08-06 11:05:00+09:00,54300.0,54800.0,54300.0,54350.0,7441.0
2026-08-06 11:10:00+09:00,54350.0,54800.0,54300.0,54400.0,12648.0
2026-08-06 11:15:00+09:00,54400.0,54600.0,54300.0,54500.0,14734.0
2026-08-06 11:20:00+09:00,54500.0,54900.0,54400.0,54900.0,16116.0
2026-08-06 11:25:00+09:00,54900.0,55000.0,54600.0,54600.0,10891.0
2026-08-06 11:30:00+09:00,54800.0,55100.0,54600.0,55100.0,23823.0
2026-08-06 11:35:00+09:00,55100.0,55300.0,55000.0,55100.0,13511.0
2026-08-06 11:40:00+09:00,55100.0,55200.0,54900.0,54900.0,12547.0
2026-08-06 11:45:00+09:00,54900.0,55000.0,54700.0,54800.0,15821.0
2026-08-06 11:50:00+09:00,54850.0,55100.0,54850.0,55000.0,9768.0
2026-08-06 11:55:00+09:00,55000.0,55100.0,54800.0,54900.0,10760.0
2026-08-06 12:00:00+09:00,55000.0,55300.0,54800.0,55200.0,28506.0
2026-08-06 12:05:00+09:00,55300.0,55300.0,54900.0,55000.0,14218.0
2026-08-06 12:10:00+09:00,55000.0,55100.0,54900.0,55000.0,5370.0
2026-08-06 12:15:00+09:00,55000.0,55100.0,54700.0,54700.0,10317.0
2026-08-06 12:20:00+09:00,54700.0,55000.0,54700.0,54900.0,5944.0
2026-08-06 12:25:00+09:00,54800.0,54900.0,54500.0,54600.0,16753.0
2026-08-06 12:30:00+09:00,54600.0,54600.0,54300.0,54400.0,12807.0
2026-08-06 12:35:00+09:00,54400.0,54800.0,54300.0,54600.0,7690.0
2026-08-06 12:40:00+09:00,54600.0,54800.0,54500.0,54600.0,5240.0
2026-08-06 12:45:00+09:00,54600.0,54700.0,54400.0,54600.0,9052.0
2026-08-06 12:50:00+09:00,54700.0,54700.0,54300.0,54400.0,9201.0
2026-08-06 12:55:00+09:00,54400.0,54500.0,54200.0,54500.0,13004.0
2026-08-06 13:00:00+09:00,54500.0,54500.0,54100.0,54200.0,20578.0
2026-08-06 13:05:00+09:00,54200.0,54400.0,54100.0,54100.0,9422.0
2026-08-06 13:10:00+09:00,54100.0,54600.0,54100.0,54600.0,9209.0
2026-08-06 13:15:00+09:00,54400.0,54600.0,54200.0,54400.0,7050.0
2026-08-06 13:20:00+09:00,54400.0,54500.0,54200.0,54500.0,5272.0
2026-08-06 13:25:00+09:00,54500.0,54800.0,54400.0,54700.0,13019.0
2026-08-06 13:30:00+09:00,54700.0,55000.0,54600.0,54900.0,12862.0
2026-08-06 13:35:00+09:00,54900.0,55000.0,54700.0,54800.0,9822.0
2026-08-06 13:40:00+09:00,54800.0,55000.0,54700.0,54900.0,11184.0
2026-08-06 13:45:00+09:00,54900.0,55000.0,54700.0,54800.0,8402.0
2026-08-06 13:50:00+09:00,54800.0,55500.0,54700.0,55400.0,34546.0
2026-08-06 13:55:00+09:00,55400.0,55600.0,55200.0,55600.0,29186.0
2026-08-06 14:00:00+09:00,55500.0,55600.0,55100.0,55500.0,18638.0
2026-08-06 14:05:00+09:00,55500.0,55600.0,55300.0,55400.0,15883.0
2026-08-06 14:10:00+09:00,55400.0,55600.0,55200.0,55400.0,18641.0
2026-08-06 14:15:00+09:00,55500.0,55600.0,55300.0,55400.0,8607.0
2026-08-06 14:20:00+09:00,55400.0,55800.0,55300.0,55600.0,18704.0
2026-08-06 14:25:00+09:00,55700.0,56000.0,55600.0,55900.0,27691.0
2026-08-06 14:30:00+09:00,55900.0,55900.0,55400.0,55500.0,22356.0
2026-08-06 14:35:00+09:00,55500.0,55600.0,55300.0,55600.0,18952.0
2026-08-06 14:40:00+09:00,55600.0,55800.0,55400.0,55400.0,22200.0
2026-08-06 14:45:00+09:00,55500.0,55600.0,55000.0,55000.0,24699.0
2026-08-06 14:50:00+09:00,55100.0,55100.0,54700.0,54900.0,26510.0
2026-08-06 14:55:00+09:00,55000.0,55200.0,54900.0,55150.0,9786.0
2026-08-07 09:00:00+09:00,58100.0,59100.0,56600.0,58500.0,763976.0
2026-08-07 09:05:00+09:00,58500.0,58500.0,57000.0,57100.0,228968.0
2026-08-07 09:10:00+09:00,57100.0,58700.0,56700.0,58700.0,344117.0
2026-08-07 09:15:00+09:00,58700.0,59000.0,57000.0,57200.0,336972.0
2026-08-07 09:20:00+09:00,57200.0,57300.0,55700.0,56300.0,236478.0
2026-08-07 09:25:00+09:00,56300.0,56900.0,55800.0,55900.0,122651.0
2026-08-07 09:30:00+09:00,55800.0,56000.0,54600.0,55400.0,165310.0
2026-08-07 09:35:00+09:00,55300.0,55400.0,53800.0,54200.0,161914.0
2026-08-07 09:40:00+09:00,54200.0,54300.0,52900.0,54200.0,175970.0
2026-08-07 09:45:00+09:00,54200.0,54300.0,53400.0,53500.0,71619.0
2026-08-07 09:50:00+09:00,53400.0,54700.0,53400.0,54500.0,62230.0
2026-08-07 09:55:00+09:00,54500.0,54600.0,54000.0,54600.0,26090.0
2026-08-07 10:00:00+09:00,54600.0,54800.0,53800.0,53900.0,45803.0
2026-08-07 10:05:00+09:00,54000.0,54100.0,53200.0,53200.0,48140.0
2026-08-07 10:10:00+09:00,53200.0,53500.0,53000.0,53100.0,46359.0
2026-08-07 10:15:00+09:00,53200.0,53200.0,52300.0,52300.0,100450.0
2026-08-07 10:20:00+09:00,52200.0,52200.0,51100.0,51300.0,218123.0
2026-08-07 10:25:00+09:00,51100.0,52400.0,51100.0,51600.0,82275.0
2026-08-07 10:30:00+09:00,51500.0,52200.0,51500.0,51700.0,39168.0
2026-08-07 10:35:00+09:00,51700.0,51700.0,50700.0,50700.0,95577.0
2026-08-07 10:40:00+09:00,50900.0,51100.0,50600.0,50800.0,67323.0
2026-08-07 10:45:00+09:00,50700.0,51300.0,50100.0,50600.0,106638.0
2026-08-07 10:50:00+09:00,50600.0,51100.0,50200.0,50900.0,49795.0
2026-08-07 10:55:00+09:00,51000.0,51150.0,50400.0,50800.0,30328.0
2026-08-07 11:00:00+09:00,50800.0,50800.0,50400.0,50800.0,29005.0
2026-08-07 11:05:00+09:00,50700.0,51000.0,50600.0,50850.0,31898.0
2026-08-07 11:10:00+09:00,50800.0,51500.0,50800.0,51100.0,36272.0
2026-08-07 11:15:00+09:00,51100.0,51400.0,50800.0,51400.0,22236.0
2026-08-07 11:20:00+09:00,51400.0,51500.0,50900.0,51000.0,28482.0
2026-08-07 11:25:00+09:00,50900.0,51000.0,50700.0,50900.0,16432.0
2026-08-07 11:30:00+09:00,50900.0,50900.0,50600.0,50700.0,20912.0
2026-08-07 11:35:00+09:00,50800.0,50800.0,50500.0,50700.0,20624.0
2026-08-07 11:40:00+09:00,50600.0,50700.0,50400.0,50700.0,27168.0
2026-08-07 11:45:00+09:00,50700.0,51100.0,50600.0,51100.0,13954.0
2026-08-07 11:50:00+09:00,51000.0,51100.0,50800.0,51000.0,9939.0
2026-08-07 11:55:00+09:00,51000.0,51100.0,50800.0,50900.0,10781.0
2026-08-07 12:00:00+09:00,50900.0,51000.0,50800.0,51000.0,11075.0
2026-08-07 12:05:00+09:00,50900.0,51200.0,50900.0,51100.0,16470.0
2026-08-07 12:10:00+09:00,51000.0,51200.0,50900.0,51200.0,13344.0
2026-08-07 12:15:00+09:00,51200.0,51300.0,50600.0,50600.0,34733.0
2026-08-07 12:20:00+09:00,50700.0,50700.0,50400.0,50500.0,25865.0
2026-08-07 12:25:00+09:00,50500.0,50500.0,50300.0,50400.0,16082.0
2026-08-07 12:30:00+09:00,50400.0,50900.0,50300.0,50800.0,15393.0
2026-08-07 12:35:00+09:00,50800.0,50800.0,50500.0,50700.0,14227.0
2026-08-07 12:40:00+09:00,50600.0,50700.0,50400.0,50500.0,17666.0
2026-08-07 12:45:00+09:00,50500.0,50600.0,50300.0,50400.0,16399.0
2026-08-07 12:50:00+09:00,50500.0,50600.0,50100.0,50100.0,41072.0
2026-08-07 12:55:00+09:00,50100.0,50300.0,50000.0,50200.0,33374.0
2026-08-07 13:00:00+09:00,50150.0,50500.0,50100.0,50400.0,18625.0
2026-08-07 13:05:00+09:00,50400.0,50600.0,50300.0,50600.0,12493.0
2026-08-07 13:10:00+09:00,50500.0,50700.0,50500.0,50600.0,8960.0
2026-08-07 13:15:00+09:00,50600.0,50800.0,50400.0,50600.0,13892.0
2026-08-07 13:20:00+09:00,50700.0,51000.0,50600.0,50900.0,21307.0
2026-08-07 13:25:00+09:00,50900.0,51000.0,50600.0,50850.0,12493.0
2026-08-07 13:30:00+09:00,50900.0,50900.0,50700.0,50800.0,10457.0
2026-08-07 13:35:00+09:00,50800.0,50900.0,50500.0,50500.0,20726.0
2026-08-07 13:40:00+09:00,50500.0,50700.0,50500.0,50700.0,16691.0
2026-08-07 13:45:00+09:00,50600.0,50800.0,50500.0,50600.0,11748.0
2026-08-07 13:50:00+09:00,50600.0,50700.0,50300.0,50500.0,23014.0
2026-08-07 13:55:00+09:00,50500.0,50600.0,50400.0,50500.0,15575.0
2026-08-07 14:00:00+09:00,50500.0,51000.0,50400.0,50700.0,38413.0
2026-08-07 14:05:00+09:00,50700.0,51100.0,50600.0,51100.0,37863.0
2026-08-07 14:10:00+09:00,51100.0,51100.0,50700.0,50900.0,25713.0
2026-08-07 14:15:00+09:00,50900.0,51200.0,50800.0,50800.0,28174.0
2026-08-07 14:20:00+09:00,50800.0,51100.0,50800.0,50900.0,16231.0
2026-08-07 14:25:00+09:00,50900.0,51200.0,50800.0,51150.0,30473.0
2026-08-07 14:30:00+09:00,51150.0,51200.0,50800.0,50800.0,40662.0
2026-08-07 14:35:00+09:00,50800.0,50900.0,50800.0,50900.0,14745.0
2026-08-07 14:40:00+09:00,50900.0,51050.0,50700.0,50900.0,20644.0
2026-08-07 14:45:00+09:00,50900.0,51100.0,50900.0,51000.0,23655.0
2026-08-07 14:50:00+09:00,51000.0,51100.0,50500.0,50500.0,57956.0
2026-08-07 14:55:00+09:00,50600.0,50600.0,50200.0,50400.0,66127.0
2026-08-10 09:00:00+09:00,52000.0,52000.0,49600.0,50500.0,0.0
2026-08-10 09:05:00+09:00,50300.0,51200.0,50300.0,50700.0,128463.0
2026-08-10 09:10:00+09:00,50700.0,52300.0,50600.0,51400.0,130376.0
2026-08-10 09:15:00+09:00,51500.0,51500.0,50500.0,50700.0,67336.0
2026-08-10 09:20:00+09:00,50750.0,51300.0,50600.0,51200.0,47399.0
2026-08-10 09:25:00+09:00,51100.0,51300.0,50800.0,51300.0,41239.0
2026-08-10 09:30:00+09:00,51300.0,51700.0,51000.0,51700.0,43944.0
2026-08-10 09:35:00+09:00,51700.0,51750.0,51300.0,51600.0,43403.0
2026-08-10 09:40:00+09:00,51500.0,51500.0,50300.0,50500.0,80824.0
2026-08-10 09:45:00+09:00,50400.0,51200.0,50400.0,51100.0,40029.0
2026-08-10 09:50:00+09:00,51000.0,51200.0,50800.0,51000.0,22846.0
2026-08-10 09:55:00+09:00,51000.0,51100.0,50550.0,50800.0,31914.0
2026-08-10 10:00:00+09:00,50800.0,50800.0,50400.0,50600.0,38618.0
2026-08-10 10:05:00+09:00,50500.0,50600.0,50200.0,50600.0,50180.0
2026-08-10 10:10:00+09:00,50500.0,50700.0,50500.0,50700.0,15200.0
2026-08-10 10:15:00+09:00,50600.0,51000.0,50600.0,50900.0,22952.0
2026-08-10 10:20:00+09:00,50900.0,50900.0,50700.0,50900.0,12501.0
2026-08-10 10:25:00+09:00,50800.0,50900.0,50600.0,50700.0,18146.0
2026-08-10 10:30:00+09:00,50600.0,50900.0,50500.0,50600.0,23047.0
2026-08-10 10:35:00+09:00,50600.0,50700.0,50400.0,50600.0,30882.0
2026-08-10 10:40:00+09:00,50600.0,50700.0,50500.0,50600.0,8465.0
2026-08-10 10:45:00+09:00,50600.0,50700.0,50500.0,50700.0,17390.0
2026-08-10 10:50:00+09:00,50700.0,50900.0,50500.0,50900.0,26349.0
2026-08-10 10:55:00+09:00,50900.0,50900.0,50500.0,50600.0,19113.0
2026-08-10 11:00:00+09:00,50500.0,50700.0,50500.0,50600.0,12440.0
2026-08-10 11:05:00+09:00,50600.0,50800.0,50500.0,50600.0,15139.0
2026-08-10 11:10:00+09:00,50600.0,50700.0,50500.0,50700.0,6620.0
2026-08-10 11:15:00+09:00,50600.0,50700.0,50400.0,50400.0,29706.0
2026-08-10 11:20:00+09:00,50400.0,50500.0,50300.0,50400.0,20092.0
2026-08-10 11:25:00+09:00,50400.0,50600.0,50400.0,50550.0,9899.0
2026-08-10 11:30:00+09:00,50500.0,50600.0,50500.0,50500.0,11248.0
2026-08-10 11:35:00+09:00,50500.0,50600.0,50400.0,50400.0,15457.0
2026-08-10 11:40:00+09:00,50500.0,50600.0,50400.0,50600.0,10739.0
2026-08-10 11:45:00+09:00,50500.0,50800.0,50500.0,50600.0,17562.0
2026-08-10 11:50:00+09:00,50600.0,50700.0,50600.0,50700.0,8548.0
2026-08-10 11:55:00+09:00,50600.0,50800.0,50600.0,50700.0,6931.0
2026-08-10 12:00:00+09:00,50600.0,50700.0,50500.0,50600.0,10545.0
2026-08-10 12:05:00+09:00,50500.0,50700.0,50500.0,50600.0,7568.0
2026-08-10 12:10:00+09:00,50600.0,50700.0,50500.0,50600.0,6678.0
2026-08-10 12:15:00+09:00,50600.0,50700.0,50500.0,50500.0,6289.0
2026-08-10 12:20:00+09:00,50500.0,50600.0,50500.0,50600.0,6648.0
2026-08-10 12:25:00+09:00,50500.0,50700.0,50500.0,50650.0,6359.0
2026-08-10 12:30:00+09:00,50650.0,50700.0,50500.0,50600.0,15478.0
2026-08-10 12:35:00+09:00,50500.0,50600.0,50500.0,50500.0,10348.0
2026-08-10 12:40:00+09:00,50500.0,50700.0,50500.0,50600.0,6469.0
2026-08-10 12:45:00+09:00,50600.0,50700.0,50500.0,50600.0,8534.0
2026-08-10 12:50:00+09:00,50600.0,50700.0,50400.0,50600.0,20327.0
2026-08-10 12:55:00+09:00,50500.0,50700.0,50500.0,50600.0,5674.0
2026-08-10 13:00:00+09:00,50600.0,50700.0,50400.0,50400.0,17482.0
2026-08-10 13:05:00+09:00,50500.0,50700.0,50400.0,50600.0,11777.0
2026-08-10 13:10:00+09:00,50500.0,50600.0,50300.0,50400.0,31621.0
2026-08-10 13:15:00+09:00,50400.0,50500.0,50300.0,50400.0,9044.0
2026-08-10 13:20:00+09:00,50400.0,50900.0,50300.0,50700.0,41664.0
2026-08-10 13:25:00+09:00,50700.0,51200.0,50600.0,51100.0,45256.0
2026-08-10 13:30:00+09:00,51200.0,51600.0,50900.0,51500.0,70668.0
2026-08-10 13:35:00+09:00,51600.0,51600.0,50800.0,50900.0,58644.0
2026-08-10 13:40:00+09:00,50900.0,51500.0,50900.0,51100.0,38193.0
2026-08-10 13:45:00+09:00,51100.0,51200.0,50800.0,51000.0,23471.0
2026-08-10 13:50:00+09:00,51000.0,51200.0,50800.0,50800.0,17844.0
2026-08-10 13:55:00+09:00,50800.0,50900.0,50500.0,50700.0,19715.0
2026-08-10 14:00:00+09:00,50700.0,51100.0,50700.0,50900.0,12898.0
2026-08-10 14:05:00+09:00,50900.0,51200.0,50800.0,51100.0,17937.0
2026-08-10 14:10:00+09:00,51000.0,51400.0,51000.0,51200.0,24559.0
2026-08-10 14:15:00+09:00,51200.0,51300.0,51000.0,51000.0,15450.0
2026-08-10 14:20:00+09:00,51000.0,51100.0,50900.0,51000.0,18372.0
2026-08-10 14:25:00+09:00,51000.0,51300.0,50900.0,51200.0,13273.0
2026-08-10 14:30:00+09:00,51200.0,51400.0,51100.0,51200.0,28489.0
2026-08-10 14:35:00+09:00,51200.0,51200.0,51000.0,51150.0,14291.0
2026-08-10 14:40:00+09:00,51100.0,51200.0,50900.0,51100.0,23626.0
2026-08-10 14:45:00+09:00,51000.0,51200.0,50900.0,51000.0,15857.0
2026-08-10 14:50:00+09:00,51000.0,51200.0,50900.0,51100.0,20236.0
2026-08-10 14:55:00+09:00,51000.0,51100.0,50900.0,51000.0,22011.0
2026-08-11 09:00:00+09:00,52400.0,52500.0,50000.0,51300.0,278233.0
2026-08-11 09:05:00+09:00,51600.0,54400.0,51500.0,53800.0,599782.0
2026-08-11 09:10:00+09:00,53900.0,54800.0,53400.0,53600.0,338346.0
2026-08-11 09:15:00+09:00,53600.0,53800.0,52700.0,52800.0,160589.0
2026-08-11 09:20:00+09:00,52800.0,53000.0,52200.0,52900.0,123069.0
2026-08-11 09:25:00+09:00,52900.0,52900.0,52100.0,52400.0,78875.0
2026-08-11 09:30:00+09:00,52300.0,52800.0,51600.0,51650.0,103631.0
2026-08-11 09:35:00+09:00,51600.0,52100.0,51400.0,51600.0,96454.0
2026-08-11 09:40:00+09:00,51600.0,52200.0,51500.0,52200.0,44535.0
2026-08-11 09:45:00+09:00,52100.0,52500.0,52000.0,52200.0,52614.0
2026-08-11 09:50:00+09:00,52200.0,52600.0,52000.0,52000.0,51928.0
2026-08-11 09:55:00+09:00,52100.0,52100.0,51600.0,51800.0,51813.0
2026-08-11 10:00:00+09:00,51800.0,51800.0,51300.0,51600.0,65454.0
2026-08-11 10:05:00+09:00,51600.0,51700.0,51000.0,51100.0,52304.0
2026-08-11 10:10:00+09:00,51100.0,52100.0,51000.0,51700.0,48325.0
2026-08-11 10:15:00+09:00,51700.0,51900.0,51500.0,51500.0,25652.0
2026-08-11 10:20:00+09:00,51600.0,51700.0,51200.0,51200.0,35422.0
2026-08-11 10:25:00+09:00,51200.0,51500.0,51200.0,51400.0,28133.0
2026-08-11 10:30:00+09:00,51400.0,51500.0,50900.0,51100.0,38274.0
2026-08-11 10:35:00+09:00,51300.0,51500.0,51100.0,51500.0,13771.0
2026-08-11 10:40:00+09:00,51500.0,51500.0,51300.0,51400.0,16773.0
2026-08-11 10:45:00+09:00,51400.0,51500.0,51200.0,51300.0,14593.0
2026-08-11 10:50:00+09:00,51300.0,51300.0,50900.0,51100.0,45318.0
2026-08-11 10:55:00+09:00,51100.0,51200.0,50800.0,50900.0,25597.0
2026-08-11 11:00:00+09:00,50900.0,51000.0,50700.0,50900.0,25417.0
2026-08-11 11:05:00+09:00,50900.0,51000.0,50800.0,50900.0,12730.0
2026-08-11 11:10:00+09:00,50900.0,51000.0,50800.0,50900.0,14329.0
2026-08-11 11:15:00+09:00,50900.0,51200.0,50800.0,51100.0,11377.0
2026-08-11 11:20:00+09:00,51100.0,51200.0,50800.0,50900.0,20962.0
2026-08-11 11:25:00+09:00,50800.0,50900.0,50700.0,50800.0,13967.0
2026-08-11 11:30:00+09:00,50800.0,51100.0,50800.0,51000.0,7103.0
2026-08-11 11:35:00+09:00,51000.0,51100.0,50900.0,51000.0,7035.0
2026-08-11 11:40:00+09:00,51000.0,51100.0,50800.0,50800.0,15489.0
2026-08-11 11:45:00+09:00,50900.0,50900.0,50800.0,50800.0,7655.0
2026-08-11 11:50:00+09:00,50900.0,51000.0,50800.0,50900.0,7371.0
2026-08-11 11:55:00+09:00,51000.0,51000.0,50800.0,50900.0,6743.0
2026-08-11 12:00:00+09:00,51000.0,51000.0,50900.0,50900.0,7217.0
2026-08-11 12:05:00+09:00,50900.0,51050.0,50800.0,51000.0,12071.0
2026-08-11 12:10:00+09:00,51000.0,51300.0,51000.0,51300.0,10922.0
2026-08-11 12:15:00+09:00,51300.0,51600.0,51200.0,51300.0,23773.0
2026-08-11 12:20:00+09:00,51300.0,51500.0,51300.0,51500.0,9519.0
2026-08-11 12:25:00+09:00,51500.0,51600.0,51400.0,51500.0,20306.0
2026-08-11 12:30:00+09:00,51500.0,51500.0,51200.0,51200.0,19064.0
2026-08-11 12:35:00+09:00,51300.0,51500.0,51300.0,51500.0,13125.0
2026-08-11 12:40:00+09:00,51400.0,51500.0,51100.0,51300.0,22813.0
2026-08-11 12:45:00+09:00,51200.0,51300.0,51100.0,51100.0,9827.0
2026-08-11 12:50:00+09:00,51200.0,51200.0,51000.0,51200.0,11631.0
2026-08-11 12:55:00+09:00,51200.0,51200.0,51000.0,51100.0,8632.0
2026-08-11 13:00:00+09:00,51100.0,51200.0,51000.0,51100.0,10313.0
2026-08-11 13:05:00+09:00,51100.0,51200.0,50900.0,51000.0,19851.0
2026-08-11 13:10:00+09:00,51000.0,51200.0,50700.0,50900.0,26177.0
2026-08-11 13:15:00+09:00,50900.0,51000.0,50800.0,51000.0,8744.0
2026-08-11 13:20:00+09:00,51000.0,51000.0,50800.0,50800.0,11881.0
2026-08-11 13:25:00+09:00,50900.0,51000.0,50700.0,50800.0,28492.0
2026-08-11 13:30:00+09:00,50800.0,51000.0,50700.0,50900.0,13246.0
2026-08-11 13:35:00+09:00,50900.0,51300.0,50900.0,51300.0,9326.0
2026-08-11 13:40:00+09:00,51300.0,51400.0,51200.0,51400.0,17149.0
2026-08-11 13:45:00+09:00,51400.0,51500.0,51300.0,51500.0,15095.0
2026-08-11 13:50:00+09:00,51500.0,51500.0,51300.0,51500.0,13495.0
2026-08-11 13:55:00+09:00,51500.0,51500.0,51100.0,51100.0,20892.0
2026-08-11 14:00:00+09:00,51150.0,51250.0,51000.0,51100.0,9992.0
2026-08-11 14:05:00+09:00,51100.0,51200.0,51000.0,51000.0,10784.0
2026-08-11 14:10:00+09:00,51000.0,51100.0,50900.0,50900.0,10761.0
2026-08-11 14:15:00+09:00,51000.0,51200.0,50800.0,50800.0,21750.0
2026-08-11 14:20:00+09:00,50900.0,51000.0,50800.0,50900.0,12523.0
2026-08-11 14:25:00+09:00,50900.0,50900.0,50700.0,50800.0,26461.0
2026-08-11 14:30:00+09:00,50800.0,50900.0,50700.0,50800.0,12186.0
2026-08-11 14:35:00+09:00,50800.0,51000.0,50700.0,50850.0,11304.0
2026-08-11 14:40:00+09:00,50900.0,51000.0,50800.0,50900.0,8541.0
2026-08-11 14:45:00+09:00,50900.0,51200.0,50900.0,51100.0,18864.0
2026-08-11 14:50:00+09:00,51100.0,51200.0,50900.0,50900.0,13010.0
2026-08-11 14:55:00+09:00,50900.0,51000.0,50800.0,50900.0,13559.0
2026-08-12 09:00:00+09:00,51300.0,51400.0,50200.0,50500.0,139708.0
2026-08-12 09:05:00+09:00,50400.0,51200.0,49700.0,51200.0,155654.0
2026-08-12 09:10:00+09:00,51100.0,52500.0,51000.0,52400.0,207786.0
2026-08-12 09:15:00+09:00,52400.0,52700.0,51600.0,51600.0,148989.0
2026-08-12 09:20:00+09:00,51600.0,52400.0,51300.0,52100.0,87804.0
2026-08-12 09:25:00+09:00,52100.0,52900.0,52100.0,52500.0,180061.0
2026-08-12 09:30:00+09:00,52600.0,52600.0,52000.0,52500.0,78533.0
2026-08-12 09:35:00+09:00,52500.0,52700.0,52100.0,52500.0,59636.0
2026-08-12 09:40:00+09:00,52500.0,52500.0,51600.0,51900.0,66463.0
2026-08-12 09:45:00+09:00,51850.0,52000.0,51700.0,52000.0,27871.0
2026-08-12 09:50:00+09:00,52000.0,52000.0,51400.0,51450.0,43753.0
2026-08-12 09:55:00+09:00,51450.0,52200.0,51400.0,51900.0,34740.0
2026-08-12 10:00:00+09:00,51900.0,51900.0,51400.0,51800.0,25503.0
2026-08-12 10:05:00+09:00,51800.0,51800.0,51400.0,51550.0,26998.0
2026-08-12 10:10:00+09:00,51500.0,51700.0,51400.0,51600.0,20798.0
2026-08-12 10:15:00+09:00,51600.0,52000.0,51600.0,51800.0,21014.0
2026-08-12 10:20:00+09:00,51850.0,51900.0,51700.0,51700.0,16934.0
2026-08-12 10:25:00+09:00,51800.0,52100.0,51600.0,52100.0,29557.0
2026-08-12 10:30:00+09:00,52100.0,52200.0,51700.0,52100.0,24250.0
2026-08-12 10:35:00+09:00,52100.0,52300.0,51900.0,52300.0,33153.0
2026-08-12 10:40:00+09:00,52300.0,52300.0,52000.0,52100.0,27956.0
2026-08-12 10:45:00+09:00,52000.0,52200.0,51800.0,52200.0,22974.0
2026-08-12 10:50:00+09:00,52100.0,52300.0,51900.0,52100.0,37827.0
2026-08-12 10:55:00+09:00,52100.0,52400.0,52000.0,52400.0,29049.0
2026-08-12 11:00:00+09:00,52300.0,52500.0,51800.0,52000.0,31415.0
2026-08-12 11:05:00+09:00,52000.0,52500.0,51900.0,52400.0,30122.0
2026-08-12 11:10:00+09:00,52400.0,52500.0,52200.0,52400.0,15256.0
2026-08-12 11:15:00+09:00,52400.0,53000.0,52400.0,52800.0,92470.0
2026-08-12 11:20:00+09:00,52800.0,52800.0,52450.0,52700.0,35862.0
2026-08-12 11:25:00+09:00,52700.0,52800.0,52600.0,52700.0,24631.0
2026-08-12 11:30:00+09:00,52700.0,53300.0,52500.0,53300.0,84310.0
2026-08-12 11:35:00+09:00,53200.0,53400.0,52900.0,52900.0,73841.0
2026-08-12 11:40:00+09:00,53000.0,53100.0,52800.0,52900.0,31950.0
2026-08-12 11:45:00+09:00,52900.0,53000.0,52700.0,53000.0,23844.0
2026-08-12 11:50:00+09:00,52900.0,53000.0,52800.0,52800.0,17442.0
2026-08-12 11:55:00+09:00,52800.0,53100.0,52500.0,52600.0,32590.0
2026-08-12 12:00:00+09:00,52600.0,53200.0,52500.0,53100.0,26930.0
2026-08-12 12:05:00+09:00,53000.0,53300.0,52900.0,52900.0,42556.0
2026-08-12 12:10:00+09:00,52900.0,53000.0,52800.0,52800.0,15152.0
2026-08-12 12:15:00+09:00,52900.0,52900.0,52700.0,52800.0,15586.0
2026-08-12 12:20:00+09:00,52800.0,53200.0,52700.0,53000.0,28161.0
2026-08-12 12:25:00+09:00,53000.0,53100.0,52800.0,52900.0,14035.0
2026-08-12 12:30:00+09:00,52900.0,53100.0,52800.0,53000.0,23161.0
2026-08-12 12:35:00+09:00,53000.0,53000.0,52900.0,53000.0,11075.0
2026-08-12 12:40:00+09:00,52900.0,53000.0,52800.0,52900.0,15489.0
2026-08-12 12:45:00+09:00,52800.0,53000.0,52800.0,52800.0,7478.0
2026-08-12 12:50:00+09:00,52800.0,52900.0,52600.0,52700.0,25455.0
2026-08-12 12:55:00+09:00,52700.0,52700.0,52500.0,52500.0,23822.0
2026-08-12 13:00:00+09:00,52600.0,52600.0,52500.0,52600.0,16117.0
2026-08-12 13:05:00+09:00,52500.0,52900.0,52500.0,52900.0,23025.0
2026-08-12 13:10:00+09:00,52900.0,52900.0,52700.0,52800.0,9941.0
2026-08-12 13:15:00+09:00,52700.0,52800.0,52600.0,52600.0,9627.0
2026-08-12 13:20:00+09:00,52600.0,52800.0,52500.0,52700.0,13280.0
2026-08-12 13:25:00+09:00,52700.0,53500.0,52600.0,53500.0,94509.0
2026-08-12 13:30:00+09:00,53500.0,53500.0,52800.0,52900.0,48707.0
2026-08-12 13:35:00+09:00,52900.0,53200.0,52900.0,53100.0,15466.0
2026-08-12 13:40:00+09:00,53100.0,53100.0,52900.0,53000.0,11647.0
2026-08-12 13:45:00+09:00,53000.0,53000.0,52800.0,53000.0,14929.0
2026-08-12 13:50:00+09:00,53000.0,53000.0,52900.0,52900.0,11149.0
2026-08-12 13:55:00+09:00,53000.0,53000.0,52800.0,52900.0,13855.0
2026-08-12 14:00:00+09:00,52900.0,53000.0,52700.0,52700.0,19273.0
2026-08-12 14:05:00+09:00,52700.0,52900.0,52500.0,52600.0,15743.0
2026-08-12 14:10:00+09:00,52500.0,52800.0,52500.0,52800.0,14854.0
2026-08-12 14:15:00+09:00,52900.0,52900.0,52700.0,52800.0,10434.0
2026-08-12 14:20:00+09:00,52800.0,52900.0,52500.0,52600.0,29760.0
2026-08-12 14:25:00+09:00,52500.0,52700.0,52500.0,52700.0,10226.0
2026-08-12 14:30:00+09:00,52600.0,52700.0,52500.0,52600.0,9627.0
2026-08-12 14:35:00+09:00,52600.0,53000.0,52600.0,52900.0,23585.0
2026-08-12 14:40:00+09:00,52900.0,53000.0,52700.0,52700.0,13513.0
2026-08-12 14:45:00+09:00,52800.0,52800.0,52600.0,52600.0,13019.0
2026-08-12 14:50:00+09:00,52700.0,52800.0,52600.0,52700.0,11230.0
2026-08-12 14:55:00+09:00,52700.0,52800.0,52500.0,52700.0,23891.0
2026-08-13 09:00:00+09:00,54000.0,56400.0,53200.0,56200.0,598249.0
2026-08-13 09:05:00+09:00,56100.0,57000.0,55500.0,56000.0,319661.0
2026-08-13 09:10:00+09:00,55900.0,57300.0,55900.0,57100.0,335398.0
2026-08-13 09:15:00+09:00,57100.0,57800.0,56200.0,56500.0,310952.0
2026-08-13 09:20:00+09:00,56400.0,56900.0,55600.0,55700.0,219926.0
2026-08-13 09:25:00+09:00,55800.0,56600.0,55700.0,56200.0,107087.0
2026-08-13 09:30:00+09:00,56200.0,56600.0,55600.0,55600.0,104481.0
2026-08-13 09:35:00+09:00,55700.0,56000.0,55100.0,56000.0,125579.0
2026-08-13 09:40:00+09:00,56000.0,56300.0,55400.0,55500.0,64337.0
2026-08-13 09:45:00+09:00,55500.0,56400.0,55200.0,56100.0,84995.0
2026-08-13 09:50:00+09:00,56100.0,56700.0,55900.0,56300.0,65128.0
2026-08-13 09:55:00+09:00,56300.0,56300.0,55700.0,55800.0,41358.0
2026-08-13 10:00:00+09:00,55800.0,56100.0,55500.0,56100.0,40386.0
2026-08-13 10:05:00+09:00,56100.0,56300.0,55700.0,55800.0,30358.0
2026-08-13 10:10:00+09:00,55800.0,56100.0,55700.0,55900.0,22739.0
2026-08-13 10:15:00+09:00,55900.0,56100.0,55900.0,56100.0,22215.0
2026-08-13 10:20:00+09:00,56100.0,56100.0,55800.0,56100.0,27276.0
2026-08-13 10:25:00+09:00,56000.0,56400.0,56000.0,56200.0,51350.0
2026-08-13 10:30:00+09:00,56200.0,56700.0,56100.0,56200.0,85957.0
2026-08-13 10:35:00+09:00,56300.0,56700.0,56200.0,56600.0,40976.0
2026-08-13 10:40:00+09:00,56650.0,57100.0,56600.0,56900.0,123665.0
2026-08-13 10:45:00+09:00,56900.0,56900.0,56500.0,56500.0,42423.0
2026-08-13 10:50:00+09:00,56500.0,57300.0,56500.0,56900.0,95127.0
2026-08-13 10:55:00+09:00,56800.0,58200.0,56800.0,58100.0,322444.0
2026-08-13 11:00:00+09:00,58000.0,58300.0,57700.0,58100.0,148674.0
2026-08-13 11:05:00+09:00,58100.0,59300.0,58000.0,59250.0,278343.0
2026-08-13 11:10:00+09:00,59250.0,59600.0,58900.0,59200.0,282370.0
2026-08-13 11:15:00+09:00,59200.0,59200.0,58400.0,59200.0,185229.0
2026-08-13 11:20:00+09:00,59200.0,59200.0,58300.0,58400.0,130262.0
2026-08-13 11:25:00+09:00,58400.0,59000.0,58300.0,58600.0,82839.0
2026-08-13 11:30:00+09:00,58700.0,58700.0,57800.0,58100.0,144484.0
2026-08-13 11:35:00+09:00,58100.0,58400.0,58000.0,58300.0,55254.0
2026-08-13 11:40:00+09:00,58400.0,58900.0,58100.0,58800.0,67971.0
2026-08-13 11:45:00+09:00,58800.0,59100.0,58700.0,58800.0,84727.0
2026-08-13 11:50:00+09:00,58700.0,59500.0,58700.0,59400.0,146680.0
2026-08-13 11:55:00+09:00,59400.0,59900.0,59100.0,59900.0,155994.0
2026-08-13 12:00:00+09:00,59900.0,59900.0,59200.0,59300.0,140334.0
2026-08-13 12:05:00+09:00,59250.0,59600.0,59000.0,59200.0,81243.0
2026-08-13 12:10:00+09:00,59250.0,59500.0,59000.0,59500.0,61023.0
2026-08-13 12:15:00+09:00,59500.0,59500.0,59200.0,59350.0,36318.0
2026-08-13 12:20:00+09:00,59350.0,59600.0,59100.0,59600.0,54362.0
2026-08-13 12:25:00+09:00,59500.0,59600.0,59100.0,59200.0,36880.0
2026-08-13 12:30:00+09:00,59100.0,59200.0,58800.0,59000.0,74854.0
2026-08-13 12:35:00+09:00,59100.0,59200.0,58600.0,58800.0,53269.0
2026-08-13 12:40:00+09:00,58800.0,59200.0,58700.0,58900.0,41894.0
2026-08-13 12:45:00+09:00,59000.0,59000.0,58800.0,59000.0,25163.0
2026-08-13 12:50:00+09:00,59000.0,59000.0,58500.0,58600.0,55741.0
2026-08-13 12:55:00+09:00,58600.0,58900.0,58400.0,58900.0,52678.0
2026-08-13 13:00:00+09:00,58900.0,58900.0,58400.0,58600.0,36768.0
2026-08-13 13:05:00+09:00,58700.0,58700.0,58100.0,58100.0,83657.0
2026-08-13 13:10:00+09:00,58100.0,58600.0,58100.0,58100.0,79657.0
2026-08-13 13:15:00+09:00,58100.0,58300.0,57500.0,57600.0,131652.0
2026-08-13 13:20:00+09:00,57600.0,57800.0,57200.0,57700.0,125024.0
2026-08-13 13:25:00+09:00,57700.0,57700.0,57200.0,57600.0,52511.0
2026-08-13 13:30:00+09:00,57600.0,57700.0,57200.0,57400.0,57066.0
2026-08-13 13:35:00+09:00,57400.0,57800.0,57300.0,57500.0,43630.0
2026-08-13 13:40:00+09:00,57400.0,57500.0,56800.0,57100.0,81870.0
2026-08-13 13:45:00+09:00,57200.0,57200.0,56700.0,57100.0,58706.0
2026-08-13 13:50:00+09:00,57000.0,57350.0,57000.0,57200.0,36942.0
2026-08-13 13:55:00+09:00,57100.0,57400.0,57000.0,57300.0,41273.0
2026-08-13 14:00:00+09:00,57300.0,57300.0,57100.0,57200.0,23033.0
2026-08-13 14:05:00+09:00,57200.0,57400.0,57100.0,57100.0,31092.0
2026-08-13 14:10:00+09:00,57200.0,57200.0,56900.0,57000.0,34537.0
2026-08-13 14:15:00+09:00,57000.0,57200.0,56900.0,56900.0,31932.0
2026-08-13 14:20:00+09:00,57000.0,57000.0,56750.0,56900.0,42931.0
2026-08-13 14:25:00+09:00,56800.0,56900.0,56600.0,56700.0,36367.0
2026-08-13 14:30:00+09:00,56800.0,57100.0,56400.0,56600.0,77708.0
2026-08-13 14:35:00+09:00,56600.0,56800.0,56500.0,56600.0,34286.0
2026-08-13 14:40:00+09:00,56700.0,56700.0,56200.0,56400.0,66123.0
2026-08-13 14:45:00+09:00,56500.0,56700.0,56300.0,56600.0,39502.0
2026-08-13 14:50:00+09:00,56600.0,56600.0,56300.0,56400.0,28767.0
2026-08-13 14:55:00+09:00,56400.0,56500.0,56300.0,56400.0,24617.0
2026-08-14 09:00:00+09:00,57800.0,57900.0,56200.0,56300.0,432301.0
2026-08-14 09:05:00+09:00,56300.0,56900.0,55900.0,56800.0,209508.0
2026-08-14 09:10:00+09:00,56800.0,57700.0,56700.0,57600.0,148142.0
2026-08-14 09:15:00+09:00,57600.0,57700.0,56300.0,56700.0,107448.0
2026-08-14 09:20:00+09:00,56600.0,57000.0,56200.0,57000.0,80129.0
2026-08-14 09:25:00+09:00,57000.0,57500.0,56900.0,57100.0,89334.0
2026-08-14 09:30:00+09:00,57000.0,57100.0,56500.0,56600.0,40096.0
2026-08-14 09:35:00+09:00,56500.0,57300.0,56300.0,57200.0,75805.0
2026-08-14 09:40:00+09:00,57200.0,58400.0,57100.0,58300.0,221098.0
2026-08-14 09:45:00+09:00,58300.0,58800.0,57800.0,58300.0,244602.0
2026-08-14 09:50:00+09:00,58200.0,58300.0,57500.0,57700.0,128933.0
2026-08-14 09:55:00+09:00,57600.0,57700.0,57100.0,57400.0,87058.0
2026-08-14 10:00:00+09:00,57400.0,57600.0,56800.0,56800.0,86066.0
2026-08-14 10:05:00+09:00,56900.0,57500.0,56800.0,57300.0,47472.0
2026-08-14 10:10:00+09:00,57300.0,58100.0,57200.0,57600.0,80117.0
2026-08-14 10:15:00+09:00,57700.0,58300.0,57500.0,57800.0,97976.0
2026-08-14 10:20:00+09:00,57800.0,58500.0,57600.0,58400.0,72972.0
2026-08-14 10:25:00+09:00,58400.0,58500.0,58000.0,58000.0,56558.0
2026-08-14 10:30:00+09:00,58100.0,58200.0,56900.0,56900.0,83327.0
2026-08-14 10:35:00+09:00,57000.0,57300.0,56800.0,56900.0,34780.0
2026-08-14 10:40:00+09:00,56900.0,57300.0,56900.0,57200.0,20039.0
2026-08-14 10:45:00+09:00,57200.0,57500.0,57100.0,57200.0,17445.0
2026-08-14 10:50:00+09:00,57200.0,57200.0,57000.0,57100.0,17473.0
2026-08-14 10:55:00+09:00,57100.0,57100.0,56600.0,56700.0,46919.0
2026-08-14 11:00:00+09:00,56700.0,57200.0,56700.0,57100.0,28007.0
2026-08-14 11:05:00+09:00,57100.0,57300.0,57000.0,57200.0,19443.0
2026-08-14 11:10:00+09:00,57200.0,57200.0,57000.0,57200.0,15434.0
2026-08-14 11:15:00+09:00,57200.0,57300.0,57100.0,57150.0,13257.0
2026-08-14 11:20:00+09:00,57150.0,57200.0,56900.0,56900.0,17411.0
2026-08-14 11:25:00+09:00,56900.0,57000.0,56600.0,56700.0,33595.0
2026-08-14 11:30:00+09:00,56700.0,57000.0,56600.0,56900.0,11143.0
2026-08-14 11:35:00+09:00,56900.0,57300.0,56800.0,57200.0,15530.0
2026-08-14 11:40:00+09:00,57250.0,57600.0,57100.0,57400.0,19470.0
2026-08-14 11:45:00+09:00,57400.0,57500.0,57200.0,57400.0,14373.0
2026-08-14 11:50:00+09:00,57400.0,57500.0,57200.0,57200.0,6391.0
2026-08-14 11:55:00+09:00,57200.0,57300.0,56900.0,57000.0,14930.0
2026-08-14 12:00:00+09:00,57000.0,57300.0,56900.0,57100.0,9664.0
2026-08-14 12:05:00+09:00,57200.0,57200.0,57100.0,57200.0,9594.0
2026-08-14 12:10:00+09:00,57200.0,57200.0,57000.0,57100.0,4614.0
2026-08-14 12:15:00+09:00,57100.0,57400.0,57100.0,57400.0,10835.0
2026-08-14 12:20:00+09:00,57300.0,57700.0,57300.0,57600.0,29457.0
2026-08-14 12:25:00+09:00,57600.0,58000.0,57500.0,57800.0,51233.0
2026-08-14 12:30:00+09:00,57900.0,58200.0,57700.0,58000.0,50068.0
2026-08-14 12:35:00+09:00,58200.0,58300.0,57900.0,58000.0,36029.0
2026-08-14 12:40:00+09:00,58000.0,58100.0,57800.0,57900.0,26005.0
2026-08-14 12:45:00+09:00,57900.0,58000.0,57700.0,57700.0,18529.0
2026-08-14 12:50:00+09:00,57700.0,58000.0,57700.0,58000.0,13977.0
2026-08-14 12:55:00+09:00,57900.0,58000.0,57800.0,57800.0,9801.0
2026-08-14 13:00:00+09:00,57900.0,57900.0,57400.0,57600.0,36823.0
2026-08-14 13:05:00+09:00,57700.0,57800.0,57600.0,57800.0,7837.0
2026-08-14 13:10:00+09:00,57700.0,57800.0,57600.0,57600.0,9067.0
2026-08-14 13:15:00+09:00,57600.0,57700.0,57400.0,57400.0,15890.0
2026-08-14 13:20:00+09:00,57500.0,58000.0,57400.0,58000.0,16854.0
2026-08-14 13:25:00+09:00,57900.0,58100.0,57900.0,58100.0,23947.0
2026-08-14 13:30:00+09:00,58100.0,58200.0,57900.0,57900.0,13436.0
2026-08-14 13:35:00+09:00,57900.0,58100.0,57800.0,58000.0,17219.0
2026-08-14 13:40:00+09:00,57900.0,58100.0,57900.0,58000.0,11041.0
2026-08-14 13:45:00+09:00,58000.0,58100.0,57900.0,58000.0,12617.0
2026-08-14 13:50:00+09:00,57900.0,58000.0,57800.0,57900.0,10251.0
2026-08-14 13:55:00+09:00,58000.0,58000.0,57800.0,57900.0,12180.0
2026-08-14 14:00:00+09:00,57950.0,58000.0,57800.0,57900.0,15467.0
2026-08-14 14:05:00+09:00,57900.0,58000.0,57600.0,57800.0,15789.0
2026-08-14 14:10:00+09:00,57800.0,58100.0,57500.0,58000.0,42030.0
2026-08-14 14:15:00+09:00,58000.0,58000.0,57900.0,58000.0,6480.0
2026-08-14 14:20:00+09:00,58000.0,58000.0,57700.0,57800.0,15039.0
2026-08-14 14:25:00+09:00,57800.0,58000.0,57700.0,57900.0,13003.0
2026-08-14 14:30:00+09:00,57900.0,58500.0,57800.0,58200.0,105158.0
2026-08-14 14:35:00+09:00,58200.0,58200.0,58100.0,58200.0,15587.0
2026-08-14 14:40:00+09:00,58300.0,58400.0,58100.0,58200.0,22231.0
2026-08-14 14:45:00+09:00,58200.0,58300.0,58000.0,58300.0,26302.0
2026-08-14 14:50:00+09:00,58200.0,58400.0,58200.0,58400.0,22733.0
2026-08-14 14:55:00+09:00,58400.0,58400.0,58200.0,58300.0,25673.0
2026-08-18 09:00:00+09:00,59300.0,59400.0,57000.0,57100.0,0.0
2026-08-18 09:05:00+09:00,57200.0,58000.0,56700.0,57900.0,134228.0
2026-08-18 09:10:00+09:00,57900.0,58200.0,57600.0,57800.0,102392.0
2026-08-18 09:15:00+09:00,57800.0,58700.0,57800.0,58400.0,89531.0
2026-08-18 09:20:00+09:00,58300.0,58500.0,58000.0,58300.0,49279.0
2026-08-18 09:25:00+09:00,58300.0,58500.0,58000.0,58400.0,72438.0
2026-08-18 09:30:00+09:00,58400.0,59300.0,58300.0,59300.0,155450.0
2026-08-18 09:35:00+09:00,59200.0,60000.0,58800.0,59800.0,204653.0
2026-08-18 09:40:00+09:00,59800.0,60300.0,59500.0,59800.0,179997.0
2026-08-18 09:45:00+09:00,59800.0,61100.0,59500.0,61000.0,245584.0
2026-08-18 09:50:00+09:00,61000.0,61100.0,60200.0,60250.0,161991.0
2026-08-18 09:55:00+09:00,60200.0,60800.0,59700.0,59800.0,115620.0
2026-08-18 10:00:00+09:00,59800.0,60200.0,59400.0,59500.0,85591.0
2026-08-18 10:05:00+09:00,59500.0,60400.0,59500.0,60100.0,57357.0
2026-08-18 10:10:00+09:00,60100.0,61200.0,59900.0,61100.0,114459.0
2026-08-18 10:15:00+09:00,61100.0,61300.0,60400.0,60400.0,95004.0
2026-08-18 10:20:00+09:00,60450.0,60600.0,60200.0,60600.0,45283.0
2026-08-18 10:25:00+09:00,60600.0,60900.0,60500.0,60900.0,45066.0
2026-08-18 10:30:00+09:00,60900.0,60900.0,60200.0,60200.0,37830.0
2026-08-18 10:35:00+09:00,60300.0,60400.0,60000.0,60100.0,35590.0
2026-08-18 10:40:00+09:00,60150.0,60400.0,59600.0,59700.0,67232.0
2026-08-18 10:45:00+09:00,59700.0,59700.0,59200.0,59300.0,72409.0
2026-08-18 10:50:00+09:00,59300.0,59300.0,58700.0,58800.0,81615.0
2026-08-18 10:55:00+09:00,58800.0,59300.0,58500.0,59100.0,47819.0
2026-08-18 11:00:00+09:00,59200.0,59800.0,59000.0,59550.0,41628.0
2026-08-18 11:05:00+09:00,59500.0,59800.0,59300.0,59800.0,22407.0
2026-08-18 11:10:00+09:00,59800.0,59900.0,59100.0,59200.0,32762.0
2026-08-18 11:15:00+09:00,59200.0,59500.0,58900.0,59300.0,31283.0
2026-08-18 11:20:00+09:00,59400.0,59500.0,58900.0,59000.0,20127.0
2026-08-18 11:25:00+09:00,59000.0,59200.0,58500.0,58600.0,59802.0
2026-08-18 11:30:00+09:00,58600.0,58800.0,58300.0,58700.0,52093.0
2026-08-18 11:35:00+09:00,58700.0,59200.0,58400.0,59000.0,39615.0
2026-08-18 11:40:00+09:00,59000.0,59200.0,58400.0,58500.0,18300.0
2026-08-18 11:45:00+09:00,58500.0,58900.0,58200.0,58800.0,40555.0
2026-08-18 11:50:00+09:00,58800.0,59100.0,58600.0,58700.0,17977.0
2026-08-18 11:55:00+09:00,58650.0,58900.0,58500.0,58900.0,14525.0
2026-08-18 12:00:00+09:00,58900.0,59300.0,58800.0,59100.0,19485.0
2026-08-18 12:05:00+09:00,59200.0,59300.0,58900.0,58900.0,20828.0
2026-08-18 12:10:00+09:00,58950.0,59000.0,58600.0,58800.0,11370.0
2026-08-18 12:15:00+09:00,58850.0,59000.0,58600.0,58700.0,12954.0
2026-08-18 12:20:00+09:00,58600.0,58700.0,58300.0,58300.0,20771.0
2026-08-18 12:25:00+09:00,58400.0,58700.0,58100.0,58600.0,32385.0
2026-08-18 12:30:00+09:00,58650.0,58700.0,58200.0,58200.0,18061.0
2026-08-18 12:35:00+09:00,58200.0,58400.0,58000.0,58300.0,32001.0
2026-08-18 12:40:00+09:00,58400.0,58500.0,58100.0,58100.0,18920.0
2026-08-18 12:45:00+09:00,58100.0,58600.0,58100.0,58300.0,15451.0
2026-08-18 12:50:00+09:00,58300.0,58700.0,58300.0,58700.0,12616.0
2026-08-18 12:55:00+09:00,58700.0,58800.0,58500.0,58600.0,22607.0
2026-08-18 13:00:00+09:00,58600.0,58700.0,58400.0,58500.0,9863.0
2026-08-18 13:05:00+09:00,58500.0,58850.0,58450.0,58700.0,12725.0
2026-08-18 13:10:00+09:00,58600.0,58700.0,58500.0,58600.0,9570.0
2026-08-18 13:15:00+09:00,58700.0,59000.0,58500.0,58950.0,17104.0
2026-08-18 13:20:00+09:00,59000.0,59100.0,58800.0,59000.0,14828.0
2026-08-18 13:25:00+09:00,59000.0,59000.0,58800.0,59000.0,11700.0
2026-08-18 13:30:00+09:00,59000.0,59200.0,58900.0,59100.0,17871.0
2026-08-18 13:35:00+09:00,59050.0,59200.0,58800.0,58900.0,13839.0
2026-08-18 13:40:00+09:00,58800.0,59000.0,58600.0,58800.0,10940.0
2026-08-18 13:45:00+09:00,58750.0,58800.0,58600.0,58800.0,9323.0
2026-08-18 13:50:00+09:00,58750.0,59200.0,58700.0,59200.0,12092.0
2026-08-18 13:55:00+09:00,59200.0,59400.0,59100.0,59300.0,20849.0
2026-08-18 14:00:00+09:00,59200.0,59300.0,59100.0,59200.0,17817.0
2026-08-18 14:05:00+09:00,59300.0,59400.0,59100.0,59300.0,18366.0
2026-08-18 14:10:00+09:00,59300.0,59300.0,58700.0,58700.0,21599.0
2026-08-18 14:15:00+09:00,58700.0,59000.0,58400.0,58500.0,28232.0
2026-08-18 14:20:00+09:00,58400.0,58700.0,58300.0,58400.0,28851.0
2026-08-18 14:25:00+09:00,58400.0,58500.0,58100.0,58300.0,28483.0
2026-08-18 14:30:00+09:00,58250.0,58300.0,58100.0,58100.0,23956.0
2026-08-18 14:35:00+09:00,58200.0,58300.0,58000.0,58100.0,28597.0
2026-08-18 14:40:00+09:00,58000.0,58300.0,57800.0,58200.0,45098.0
2026-08-18 14:45:00+09:00,58300.0,58700.0,58000.0,58700.0,19716.0
2026-08-18 14:50:00+09:00,58700.0,58800.0,58300.0,58400.0,30039.0
2026-08-18 14:55:00+09:00,58500.0,58800.0,58400.0,58600.0,23309.0
2026-08-19 09:00:00+09:00,56400.0,58800.0,56200.0,57200.0,400823.0
2026-08-19 09:05:00+09:00,57150.0,59100.0,57100.0,59100.0,131488.0
2026-08-19 09:10:00+09:00,59100.0,60700.0,56100.0,56600.0,463030.0
2026-08-19 09:15:00+09:00,56600.0,57000.0,55000.0,56300.0,174714.0
2026-08-19 09:20:00+09:00,56300.0,56400.0,55800.0,56200.0,55760.0
2026-08-19 09:25:00+09:00,56200.0,56300.0,55100.0,56000.0,86302.0
2026-08-19 09:30:00+09:00,56000.0,57700.0,55900.0,56900.0,94806.0
2026-08-19 09:35:00+09:00,56900.0,57500.0,56600.0,57300.0,57684.0
2026-08-19 09:40:00+09:00,57500.0,57900.0,57100.0,57900.0,56705.0
2026-08-19 09:45:00+09:00,57800.0,58400.0,57500.0,58200.0,68794.0
2026-08-19 09:50:00+09:00,58200.0,58500.0,57700.0,58400.0,50581.0
2026-08-19 09:55:00+09:00,58500.0,58600.0,57700.0,57700.0,48398.0
2026-08-19 10:00:00+09:00,57700.0,58100.0,57200.0,58100.0,42607.0
2026-08-19 10:05:00+09:00,58100.0,59000.0,57900.0,58800.0,53842.0
2026-08-19 10:10:00+09:00,58800.0,59100.0,58500.0,58700.0,88386.0
2026-08-19 10:15:00+09:00,58600.0,59700.0,58600.0,59400.0,109911.0
2026-08-19 10:20:00+09:00,59500.0,60500.0,59400.0,60000.0,238340.0
2026-08-19 10:25:00+09:00,60000.0,60200.0,59500.0,60100.0,95259.0
2026-08-19 10:30:00+09:00,60100.0,60100.0,58800.0,59100.0,89114.0
2026-08-19 10:35:00+09:00,59100.0,59800.0,58800.0,59700.0,38618.0
2026-08-19 10:40:00+09:00,59700.0,60300.0,59600.0,60200.0,71326.0
2026-08-19 10:45:00+09:00,60200.0,60200.0,59500.0,59700.0,44816.0
2026-08-19 10:50:00+09:00,59800.0,60500.0,59700.0,60150.0,94185.0
2026-08-19 10:55:00+09:00,60200.0,60700.0,60100.0,60200.0,115974.0
2026-08-19 11:00:00+09:00,60200.0,60200.0,59200.0,59200.0,80273.0
2026-08-19 11:05:00+09:00,59200.0,59500.0,58700.0,58900.0,52229.0
2026-08-19 11:10:00+09:00,58900.0,59500.0,58700.0,59300.0,34838.0
2026-08-19 11:15:00+09:00,59300.0,59700.0,59200.0,59600.0,21662.0
2026-08-19 11:20:00+09:00,59500.0,59700.0,59300.0,59500.0,22989.0
2026-08-19 11:25:00+09:00,59500.0,59700.0,59400.0,59500.0,15456.0
2026-08-19 11:30:00+09:00,59500.0,59500.0,58800.0,59000.0,29684.0
2026-08-19 11:35:00+09:00,59000.0,59300.0,58800.0,59000.0,19192.0
2026-08-19 11:40:00+09:00,59000.0,59100.0,58700.0,58750.0,22403.0
2026-08-19 11:45:00+09:00,58700.0,59300.0,58700.0,59200.0,12851.0
2026-08-19 11:50:00+09:00,59300.0,59300.0,58900.0,59100.0,10921.0
2026-08-19 11:55:00+09:00,59100.0,59200.0,59000.0,59200.0,7317.0
2026-08-19 12:00:00+09:00,59100.0,59400.0,59100.0,59300.0,12070.0
2026-08-19 12:05:00+09:00,59300.0,59300.0,59000.0,59200.0,10989.0
2026-08-19 12:10:00+09:00,59150.0,59300.0,59000.0,59100.0,10766.0
2026-08-19 12:15:00+09:00,59200.0,59250.0,58900.0,59100.0,10589.0
2026-08-19 12:20:00+09:00,59100.0,59200.0,58900.0,59100.0,5523.0
2026-08-19 12:25:00+09:00,59100.0,59100.0,58800.0,58900.0,11892.0
2026-08-19 12:30:00+09:00,58900.0,59000.0,58800.0,58900.0,7558.0
2026-08-19 12:35:00+09:00,58900.0,59100.0,58800.0,59100.0,11623.0
2026-08-19 12:40:00+09:00,59000.0,59200.0,59000.0,59200.0,7311.0
2026-08-19 12:45:00+09:00,59200.0,59200.0,58900.0,58900.0,13590.0
2026-08-19 12:50:00+09:00,58900.0,59100.0,58800.0,58800.0,19859.0
2026-08-19 12:55:00+09:00,58900.0,59000.0,58700.0,58800.0,10813.0
2026-08-19 13:00:00+09:00,58900.0,59000.0,58800.0,58900.0,6088.0
2026-08-19 13:05:00+09:00,59000.0,59000.0,58700.0,58800.0,14217.0
2026-08-19 13:10:00+09:00,58700.0,58900.0,58500.0,58500.0,18162.0
2026-08-19 13:15:00+09:00,58500.0,58900.0,58500.0,58900.0,13101.0
2026-08-19 13:20:00+09:00,58800.0,59300.0,58800.0,59300.0,22589.0
2026-08-19 13:25:00+09:00,59300.0,59400.0,59200.0,59300.0,16994.0
2026-08-19 13:30:00+09:00,59400.0,59400.0,58900.0,58900.0,18473.0
2026-08-19 13:35:00+09:00,59000.0,59400.0,58900.0,59300.0,13267.0
2026-08-19 13:40:00+09:00,59300.0,59400.0,58900.0,59000.0,16374.0
2026-08-19 13:45:00+09:00,59000.0,59000.0,58600.0,58600.0,24835.0
2026-08-19 13:50:00+09:00,58600.0,58600.0,58300.0,58500.0,31573.0
2026-08-19 13:55:00+09:00,58500.0,58800.0,58500.0,58600.0,17686.0
2026-08-19 14:00:00+09:00,58600.0,58900.0,58500.0,58900.0,17456.0
2026-08-19 14:05:00+09:00,58800.0,59050.0,58800.0,58800.0,13084.0
2026-08-19 14:10:00+09:00,58800.0,59000.0,58700.0,58800.0,16348.0
2026-08-19 14:15:00+09:00,58800.0,58900.0,58600.0,58700.0,11461.0
2026-08-19 14:20:00+09:00,58900.0,58900.0,58600.0,58600.0,13785.0
2026-08-19 14:25:00+09:00,58700.0,58700.0,58500.0,58700.0,20216.0
2026-08-19 14:30:00+09:00,58700.0,58900.0,58600.0,58900.0,21938.0
2026-08-19 14:35:00+09:00,58900.0,58900.0,58600.0,58800.0,14094.0
2026-08-19 14:40:00+09:00,58800.0,58800.0,58600.0,58600.0,16858.0
2026-08-19 14:45:00+09:00,58700.0,58900.0,58600.0,58800.0,20672.0
2026-08-19 14:50:00+09:00,58900.0,59100.0,58700.0,58800.0,28085.0
2026-08-19 14:55:00+09:00,58800.0,58800.0,58100.0,58400.0,44658.0
2026-08-20 09:00:00+09:00,58800.0,58800.0,56900.0,57300.0,229219.0
2026-08-20 09:05:00+09:00,57600.0,59100.0,57300.0,59100.0,122053.0
2026-08-20 09:10:00+09:00,59100.0,59600.0,58100.0,58600.0,198884.0
2026-08-20 09:15:00+09:00,58800.0,60500.0,58400.0,59900.0,199329.0
2026-08-20 09:20:00+09:00,59900.0,59900.0,58700.0,59100.0,100480.0
2026-08-20 09:25:00+09:00,59000.0,60800.0,58900.0,60700.0,226851.0
2026-08-20 09:30:00+09:00,60700.0,61000.0,60000.0,60900.0,242605.0
2026-08-20 09:35:00+09:00,60800.0,63000.0,60800.0,62100.0,507441.0
2026-08-20 09:40:00+09:00,62100.0,63700.0,62000.0,62500.0,344110.0
2026-08-20 09:45:00+09:00,62500.0,63600.0,62300.0,62400.0,211242.0
2026-08-20 09:50:00+09:00,62500.0,62800.0,61800.0,62000.0,202810.0
2026-08-20 09:55:00+09:00,62100.0,62400.0,61300.0,61700.0,148218.0
2026-08-20 10:00:00+09:00,61800.0,62200.0,60800.0,62100.0,228550.0
2026-08-20 10:05:00+09:00,62100.0,62300.0,61700.0,61700.0,71682.0
2026-08-20 10:10:00+09:00,61800.0,61800.0,61200.0,61600.0,61559.0
2026-08-20 10:15:00+09:00,61600.0,62000.0,60800.0,60900.0,97074.0
2026-08-20 10:20:00+09:00,61000.0,61400.0,60900.0,61200.0,39908.0
2026-08-20 10:25:00+09:00,61300.0,61500.0,60600.0,61100.0,75846.0
2026-08-20 10:30:00+09:00,61150.0,61300.0,60100.0,60200.0,107128.0
2026-08-20 10:35:00+09:00,60200.0,60500.0,60000.0,60200.0,72224.0
2026-08-20 10:40:00+09:00,60300.0,60600.0,59900.0,60600.0,63695.0
2026-08-20 10:45:00+09:00,60600.0,60900.0,60400.0,60800.0,50655.0
2026-08-20 10:50:00+09:00,60700.0,60800.0,60200.0,60400.0,29667.0
2026-08-20 10:55:00+09:00,60500.0,60600.0,59700.0,60100.0,78163.0
2026-08-20 11:00:00+09:00,60000.0,60400.0,59800.0,59800.0,35412.0
2026-08-20 11:05:00+09:00,59800.0,59900.0,59400.0,59500.0,65662.0
2026-08-20 11:10:00+09:00,59500.0,59900.0,58800.0,58950.0,120047.0
2026-08-20 11:15:00+09:00,58950.0,59200.0,58800.0,58900.0,66428.0
2026-08-20 11:20:00+09:00,58800.0,58900.0,58100.0,58400.0,131206.0
2026-08-20 11:25:00+09:00,58400.0,58550.0,57500.0,57700.0,155737.0
2026-08-20 11:30:00+09:00,57700.0,58000.0,57300.0,58000.0,118074.0
2026-08-20 11:35:00+09:00,58000.0,58100.0,57700.0,57800.0,79513.0
2026-08-20 11:40:00+09:00,57900.0,58000.0,57000.0,57100.0,137153.0
2026-08-20 11:45:00+09:00,57100.0,58000.0,57100.0,57300.0,73586.0
2026-08-20 11:50:00+09:00,57300.0,57400.0,56500.0,56800.0,183664.0
2026-08-20 11:55:00+09:00,56700.0,57100.0,56700.0,56800.0,51074.0
2026-08-20 12:00:00+09:00,56800.0,56800.0,56200.0,56500.0,94419.0
2026-08-20 12:05:00+09:00,56400.0,56600.0,56200.0,56400.0,61108.0
2026-08-20 12:10:00+09:00,56400.0,56600.0,55800.0,56000.0,115124.0
2026-08-20 12:15:00+09:00,55900.0,56600.0,55900.0,56300.0,61341.0
2026-08-20 12:20:00+09:00,56300.0,56800.0,56100.0,56700.0,50298.0
2026-08-20 12:25:00+09:00,56700.0,56700.0,56300.0,56400.0,41628.0
2026-08-20 12:30:00+09:00,56400.0,56600.0,56200.0,56300.0,34101.0
2026-08-20 12:35:00+09:00,56300.0,56500.0,56000.0,56300.0,46116.0
2026-08-20 12:40:00+09:00,56200.0,56500.0,56200.0,56500.0,18606.0
2026-08-20 12:45:00+09:00,56500.0,56900.0,56400.0,56700.0,50380.0
2026-08-20 12:50:00+09:00,56700.0,56800.0,56400.0,56400.0,44113.0
2026-08-20 12:55:00+09:00,56500.0,56500.0,56300.0,56400.0,21632.0
2026-08-20 13:00:00+09:00,56400.0,56800.0,56300.0,56600.0,20220.0
2026-08-20 13:05:00+09:00,56600.0,56700.0,56400.0,56400.0,25929.0
2026-08-20 13:10:00+09:00,56400.0,56500.0,56300.0,56500.0,25285.0
2026-08-20 13:15:00+09:00,56500.0,56600.0,56200.0,56200.0,35778.0
2026-08-20 13:20:00+09:00,56200.0,56700.0,56200.0,56600.0,30083.0
2026-08-20 13:25:00+09:00,56600.0,56900.0,56600.0,56900.0,28277.0
2026-08-20 13:30:00+09:00,56900.0,56900.0,56600.0,56700.0,27054.0
2026-08-20 13:35:00+09:00,56700.0,56700.0,56400.0,56400.0,20926.0
2026-08-20 13:40:00+09:00,56400.0,56500.0,56400.0,56500.0,16151.0
2026-08-20 13:45:00+09:00,56500.0,56500.0,56300.0,56400.0,19094.0
2026-08-20 13:50:00+09:00,56400.0,56500.0,56400.0,56500.0,15366.0
2026-08-20 13:55:00+09:00,56400.0,56500.0,56000.0,56100.0,99917.0
2026-08-20 14:00:00+09:00,56100.0,56200.0,55800.0,55850.0,56437.0
2026-08-20 14:05:00+09:00,55800.0,55900.0,55200.0,55300.0,121252.0
2026-08-20 14:10:00+09:00,55300.0,55500.0,55000.0,55400.0,74041.0
2026-08-20 14:15:00+09:00,55400.0,55700.0,55300.0,55400.0,42223.0
2026-08-20 14:20:00+09:00,55300.0,55600.0,55200.0,55550.0,41656.0
2026-08-20 14:25:00+09:00,55500.0,56000.0,55500.0,55800.0,36695.0
2026-08-20 14:30:00+09:00,55900.0,56000.0,55800.0,55900.0,15856.0
2026-08-20 14:35:00+09:00,55900.0,56200.0,55900.0,56000.0,25840.0
2026-08-20 14:40:00+09:00,56100.0,56200.0,56000.0,56100.0,15394.0
2026-08-20 14:45:00+09:00,56100.0,56100.0,56000.0,56000.0,24341.0
2026-08-20 14:50:00+09:00,56000.0,56100.0,55800.0,55900.0,32123.0
2026-08-20 14:55:00+09:00,55900.0,56100.0,55800.0,55800.0,30286.0
2026-08-21 09:00:00+09:00,55200.0,55700.0,52800.0,53500.0,240677.0
2026-08-21 09:05:00+09:00,53400.0,53700.0,52700.0,52800.0,120671.0
2026-08-21 09:10:00+09:00,52900.0,53200.0,52300.0,53000.0,111834.0
2026-08-21 09:15:00+09:00,53000.0,53300.0,52100.0,52200.0,103688.0
2026-08-21 09:20:00+09:00,52100.0,52200.0,51600.0,52000.0,118414.0
2026-08-21 09:25:00+09:00,52100.0,52100.0,51400.0,52100.0,97797.0
2026-08-21 09:30:00+09:00,52100.0,52200.0,51800.0,51900.0,51080.0
2026-08-21 09:35:00+09:00,52000.0,52000.0,51700.0,51900.0,51654.0
2026-08-21 09:40:00+09:00,52000.0,52200.0,51800.0,52100.0,57010.0
2026-08-21 09:45:00+09:00,52100.0,52200.0,51000.0,51000.0,122550.0
2026-08-21 09:50:00+09:00,51000.0,51500.0,51000.0,51400.0,86510.0
2026-08-21 09:55:00+09:00,51400.0,51400.0,50800.0,50900.0,89219.0
2026-08-21 10:00:00+09:00,50900.0,51100.0,50700.0,51100.0,55381.0
2026-08-21 10:05:00+09:00,51000.0,51100.0,50600.0,50700.0,52978.0
2026-08-21 10:10:00+09:00,50600.0,51300.0,50400.0,51300.0,62398.0
2026-08-21 10:15:00+09:00,51300.0,51400.0,50500.0,50900.0,58012.0
2026-08-21 10:20:00+09:00,50800.0,51100.0,50800.0,51000.0,38775.0
2026-08-21 10:25:00+09:00,51000.0,51000.0,50700.0,50900.0,31939.0
2026-08-21 10:30:00+09:00,50900.0,50900.0,50500.0,50700.0,33050.0
2026-08-21 10:35:00+09:00,50600.0,50800.0,50500.0,50600.0,30358.0
2026-08-21 10:40:00+09:00,50600.0,51000.0,50500.0,50700.0,33304.0
2026-08-21 10:45:00+09:00,50800.0,51000.0,50700.0,50900.0,20883.0
2026-08-21 10:50:00+09:00,51000.0,51100.0,50900.0,51000.0,21042.0
2026-08-21 10:55:00+09:00,51100.0,51100.0,50600.0,50600.0,36119.0
2026-08-21 11:00:00+09:00,50600.0,50700.0,50500.0,50500.0,19020.0
2026-08-21 11:05:00+09:00,50500.0,50600.0,50300.0,50500.0,43477.0
2026-08-21 11:10:00+09:00,50500.0,50500.0,50300.0,50400.0,26561.0
2026-08-21 11:15:00+09:00,50500.0,50700.0,50400.0,50600.0,18248.0
2026-08-21 11:20:00+09:00,50700.0,50800.0,50600.0,50600.0,18610.0
2026-08-21 11:25:00+09:00,50700.0,50700.0,50600.0,50700.0,10383.0
2026-08-21 11:30:00+09:00,50700.0,51300.0,50600.0,51200.0,23495.0
2026-08-21 11:35:00+09:00,51100.0,51400.0,51100.0,51300.0,26580.0
2026-08-21 11:40:00+09:00,51200.0,51600.0,51200.0,51300.0,38345.0
2026-08-21 11:45:00+09:00,51400.0,51400.0,51000.0,51400.0,18646.0
2026-08-21 11:50:00+09:00,51400.0,51400.0,51100.0,51300.0,15220.0
2026-08-21 11:55:00+09:00,51300.0,51400.0,51100.0,51100.0,10629.0
2026-08-21 12:00:00+09:00,51200.0,51200.0,51000.0,51100.0,11265.0
2026-08-21 12:05:00+09:00,51150.0,51300.0,51100.0,51200.0,14466.0
2026-08-21 12:10:00+09:00,51100.0,51200.0,51000.0,51100.0,10257.0
2026-08-21 12:15:00+09:00,51100.0,51200.0,51000.0,51100.0,12524.0
2026-08-21 12:20:00+09:00,51100.0,51150.0,51000.0,51100.0,12433.0
2026-08-21 12:25:00+09:00,51100.0,51200.0,51000.0,51100.0,12358.0
2026-08-21 12:30:00+09:00,51100.0,51100.0,51000.0,51000.0,10311.0
2026-08-21 12:35:00+09:00,51000.0,51200.0,51000.0,51100.0,14157.0
2026-08-21 12:40:00+09:00,51100.0,51200.0,51000.0,51200.0,11673.0
2026-08-21 12:45:00+09:00,51100.0,51300.0,51000.0,51200.0,8214.0
2026-08-21 12:50:00+09:00,51200.0,51200.0,51000.0,51000.0,10121.0
2026-08-21 12:55:00+09:00,51100.0,51200.0,51000.0,51200.0,9640.0
2026-08-21 13:00:00+09:00,51100.0,51200.0,51100.0,51200.0,5965.0
2026-08-21 13:05:00+09:00,51200.0,51300.0,51100.0,51300.0,14112.0
2026-08-21 13:10:00+09:00,51300.0,51300.0,51100.0,51100.0,8565.0
2026-08-21 13:15:00+09:00,51100.0,51300.0,51100.0,51100.0,13417.0
2026-08-21 13:20:00+09:00,51200.0,51200.0,51100.0,51100.0,10265.0
2026-08-21 13:25:00+09:00,51150.0,51400.0,51000.0,51400.0,14537.0
2026-08-21 13:30:00+09:00,51400.0,51500.0,51300.0,51450.0,9843.0
2026-08-21 13:35:00+09:00,51450.0,51500.0,51400.0,51500.0,11992.0
2026-08-21 13:40:00+09:00,51400.0,51900.0,51400.0,51900.0,19165.0
2026-08-21 13:45:00+09:00,51900.0,51900.0,51700.0,51800.0,18402.0
2026-08-21 13:50:00+09:00,51800.0,51800.0,51600.0,51700.0,19495.0
2026-08-21 13:55:00+09:00,51700.0,52000.0,51700.0,52000.0,17554.0
2026-08-21 14:00:00+09:00,51900.0,52000.0,51800.0,51900.0,25814.0
2026-08-21 14:05:00+09:00,51800.0,51900.0,51700.0,51700.0,20530.0
2026-08-21 14:10:00+09:00,51700.0,52000.0,51700.0,51800.0,21004.0
2026-08-21 14:15:00+09:00,51800.0,51900.0,51700.0,51800.0,13788.0
2026-08-21 14:20:00+09:00,51800.0,52000.0,51700.0,51900.0,14324.0
2026-08-21 14:25:00+09:00,51900.0,52000.0,51800.0,51900.0,14652.0
2026-08-21 14:30:00+09:00,51900.0,52000.0,51700.0,51800.0,13537.0
2026-08-21 14:35:00+09:00,51800.0,51800.0,51500.0,51700.0,28821.0
2026-08-21 14:40:00+09:00,51700.0,51800.0,51450.0,51700.0,29173.0
2026-08-21 14:45:00+09:00,51650.0,51700.0,51400.0,51400.0,15908.0
2026-08-21 14:50:00+09:00,51450.0,51500.0,51000.0,51100.0,57692.0
2026-08-21 14:55:00+09:00,51100.0,51300.0,51100.0,51100.0,16782.0
2026-08-24 09:00:00+09:00,51300.0,52200.0,50900.0,51400.0,0.0
2026-08-24 09:05:00+09:00,51500.0,52000.0,51300.0,51700.0,41509.0
2026-08-24 09:10:00+09:00,51700.0,51800.0,51100.0,51400.0,28130.0
2026-08-24 09:15:00+09:00,51300.0,52200.0,51000.0,52200.0,51930.0
2026-08-24 09:20:00+09:00,52200.0,52300.0,51700.0,52200.0,58664.0
2026-08-24 09:25:00+09:00,52200.0,52900.0,52100.0,52800.0,90371.0
2026-08-24 09:30:00+09:00,52700.0,53500.0,52700.0,53200.0,103851.0
2026-08-24 09:35:00+09:00,53200.0,54000.0,52600.0,53900.0,132842.0
2026-08-24 09:40:00+09:00,53800.0,54100.0,53600.0,53600.0,104455.0
2026-08-24 09:45:00+09:00,53600.0,54300.0,53400.0,54300.0,63742.0
2026-08-24 09:50:00+09:00,54200.0,54400.0,53900.0,54200.0,46658.0
2026-08-24 09:55:00+09:00,54200.0,54300.0,53600.0,53700.0,51118.0
2026-08-24 10:00:00+09:00,53700.0,53900.0,53300.0,53500.0,37658.0
2026-08-24 10:05:00+09:00,53550.0,53900.0,53300.0,53700.0,24462.0
2026-08-24 10:10:00+09:00,53800.0,54300.0,53700.0,54000.0,33361.0
2026-08-24 10:15:00+09:00,54000.0,54200.0,53700.0,54100.0,26814.0
2026-08-24 10:20:00+09:00,54100.0,54200.0,53500.0,53500.0,23162.0
2026-08-24 10:25:00+09:00,53500.0,53800.0,53500.0,53500.0,15621.0
2026-08-24 10:30:00+09:00,53600.0,53900.0,53500.0,53800.0,22485.0
2026-08-24 10:35:00+09:00,53900.0,54000.0,53600.0,53800.0,16448.0
2026-08-24 10:40:00+09:00,53800.0,54100.0,53400.0,53400.0,32837.0
2026-08-24 10:45:00+09:00,53500.0,53600.0,53300.0,53600.0,19674.0
2026-08-24 10:50:00+09:00,53600.0,54000.0,53400.0,53700.0,16942.0
2026-08-24 10:55:00+09:00,53700.0,53700.0,53100.0,53100.0,34280.0
2026-08-24 11:00:00+09:00,53200.0,53400.0,53000.0,53200.0,29896.0
2026-08-24 11:05:00+09:00,53200.0,53400.0,52800.0,53100.0,33513.0
2026-08-24 11:10:00+09:00,53000.0,53100.0,52900.0,53000.0,14660.0
2026-08-24 11:15:00+09:00,52900.0,53300.0,52900.0,53100.0,19212.0
2026-08-24 11:20:00+09:00,53100.0,53100.0,52900.0,53100.0,9957.0
2026-08-24 11:25:00+09:00,53000.0,53200.0,53000.0,53100.0,8955.0
2026-08-24 11:30:00+09:00,53000.0,53100.0,52900.0,53000.0,11106.0
2026-08-24 11:35:00+09:00,53000.0,53300.0,52900.0,53200.0,7485.0
2026-08-24 11:40:00+09:00,53200.0,53300.0,53100.0,53300.0,6013.0
2026-08-24 11:45:00+09:00,53300.0,53400.0,53000.0,53100.0,8236.0
2026-08-24 11:50:00+09:00,53200.0,53300.0,53000.0,53000.0,7359.0
2026-08-24 11:55:00+09:00,53100.0,53400.0,52900.0,53100.0,9614.0
2026-08-24 12:00:00+09:00,53200.0,53300.0,53000.0,53100.0,6287.0
2026-08-24 12:05:00+09:00,53200.0,53300.0,53100.0,53200.0,8846.0
2026-08-24 12:10:00+09:00,53300.0,53400.0,53100.0,53200.0,6685.0
2026-08-24 12:15:00+09:00,53200.0,53300.0,53000.0,53100.0,8353.0
2026-08-24 12:20:00+09:00,53000.0,53200.0,52900.0,53000.0,10682.0
2026-08-24 12:25:00+09:00,53000.0,53100.0,52800.0,52900.0,7783.0
2026-08-24 12:30:00+09:00,52800.0,52900.0,52600.0,52700.0,25594.0
2026-08-24 12:35:00+09:00,52700.0,53000.0,52600.0,52850.0,9432.0
2026-08-24 12:40:00+09:00,52850.0,53000.0,52000.0,52200.0,30479.0
2026-08-24 12:45:00+09:00,52200.0,52400.0,52000.0,52200.0,17516.0
2026-08-24 12:50:00+09:00,52200.0,52300.0,51600.0,51800.0,31949.0
2026-08-24 12:55:00+09:00,51800.0,52100.0,51700.0,52000.0,9819.0
2026-08-24 13:00:00+09:00,52100.0,52400.0,52000.0,52400.0,10827.0
2026-08-24 13:05:00+09:00,52400.0,52500.0,52100.0,52350.0,14085.0
2026-08-24 13:10:00+09:00,52350.0,52900.0,52300.0,52800.0,12022.0
2026-08-24 13:15:00+09:00,52800.0,53100.0,52700.0,53000.0,16979.0
2026-08-24 13:20:00+09:00,53000.0,53300.0,53000.0,53300.0,12299.0
2026-08-24 13:25:00+09:00,53300.0,53300.0,52800.0,52900.0,16045.0
2026-08-24 13:30:00+09:00,53000.0,53000.0,52800.0,52900.0,10215.0
2026-08-24 13:35:00+09:00,53000.0,53100.0,52900.0,53100.0,7229.0
2026-08-24 13:40:00+09:00,53000.0,53100.0,52900.0,53000.0,12532.0
2026-08-24 13:45:00+09:00,53000.0,53100.0,52700.0,52900.0,12179.0
2026-08-24 13:50:00+09:00,52800.0,52900.0,52800.0,52900.0,6002.0
2026-08-24 13:55:00+09:00,52900.0,52900.0,52800.0,52900.0,6549.0
2026-08-24 14:00:00+09:00,52800.0,53000.0,52700.0,53000.0,9360.0
2026-08-24 14:05:00+09:00,52900.0,53100.0,52900.0,53100.0,8772.0
2026-08-24 14:10:00+09:00,53000.0,53300.0,53000.0,53200.0,12533.0
2026-08-24 14:15:00+09:00,53300.0,53300.0,53100.0,53200.0,9428.0
2026-08-24 14:20:00+09:00,53100.0,53200.0,52900.0,52900.0,11741.0
2026-08-24 14:25:00+09:00,52900.0,53400.0,52900.0,53200.0,20321.0
2026-08-24 14:30:00+09:00,53200.0,53300.0,53100.0,53100.0,11750.0
2026-08-24 14:35:00+09:00,53100.0,53400.0,53000.0,53300.0,22867.0
2026-08-24 14:40:00+09:00,53350.0,53500.0,53200.0,53200.0,25588.0
2026-08-24 14:45:00+09:00,53100.0,53200.0,52900.0,52900.0,12969.0
2026-08-24 14:50:00+09:00,52900.0,53000.0,52800.0,52800.0,15269.0
2026-08-24 14:55:00+09:00,52800.0,53100.0,52800.0,53050.0,11429.0
2026-08-25 09:00:00+09:00,52500.0,53900.0,51700.0,51800.0,104475.0
2026-08-25 09:05:00+09:00,51700.0,52100.0,50900.0,51100.0,62064.0
2026-08-25 09:10:00+09:00,51000.0,51000.0,50200.0,50400.0,54121.0
2026-08-25 09:15:00+09:00,50400.0,50500.0,49900.0,50400.0,75819.0
2026-08-25 09:20:00+09:00,50400.0,51300.0,50400.0,51200.0,41651.0
2026-08-25 09:25:00+09:00,51300.0,52550.0,51300.0,52500.0,54512.0
2026-08-25 09:30:00+09:00,52500.0,53200.0,52400.0,53200.0,53733.0
2026-08-25 09:35:00+09:00,53200.0,53700.0,52600.0,52700.0,54365.0
2026-08-25 09:40:00+09:00,52700.0,53000.0,52500.0,52600.0,24495.0
2026-08-25 09:45:00+09:00,52600.0,53200.0,52600.0,52900.0,31927.0
2026-08-25 09:50:00+09:00,52800.0,53500.0,52500.0,53200.0,27068.0
2026-08-25 09:55:00+09:00,53200.0,53200.0,52600.0,52800.0,17345.0
2026-08-25 10:00:00+09:00,52800.0,53000.0,52500.0,52500.0,26293.0
2026-08-25 10:05:00+09:00,52600.0,52600.0,52000.0,52200.0,18793.0
2026-08-25 10:10:00+09:00,52200.0,52400.0,51700.0,52000.0,33128.0
2026-08-25 10:15:00+09:00,51900.0,52000.0,51500.0,51600.0,13277.0
2026-08-25 10:20:00+09:00,51700.0,51700.0,51400.0,51400.0,12511.0
2026-08-25 10:25:00+09:00,51400.0,51800.0,51300.0,51800.0,10760.0
2026-08-25 10:30:00+09:00,51800.0,52300.0,51700.0,52200.0,11944.0
2026-08-25 10:35:00+09:00,52150.0,52200.0,51900.0,52100.0,5641.0
2026-08-25 10:40:00+09:00,52000.0,52800.0,51900.0,52800.0,16959.0
2026-08-25 10:45:00+09:00,52700.0,53000.0,52600.0,52800.0,16838.0
2026-08-25 10:50:00+09:00,52800.0,53100.0,52700.0,52900.0,12915.0
2026-08-25 10:55:00+09:00,52900.0,53000.0,52300.0,52700.0,13674.0
2026-08-25 11:00:00+09:00,52700.0,52800.0,52400.0,52700.0,8307.0
2026-08-25 11:05:00+09:00,52700.0,52800.0,52400.0,52500.0,9469.0
2026-08-25 11:10:00+09:00,52600.0,52600.0,52300.0,52400.0,3847.0
2026-08-25 11:15:00+09:00,52500.0,53100.0,52400.0,53000.0,13213.0
2026-08-25 11:20:00+09:00,53000.0,53000.0,52800.0,52800.0,5778.0
2026-08-25 11:25:00+09:00,52900.0,53000.0,52700.0,52800.0,7503.0
2026-08-25 11:30:00+09:00,52800.0,52900.0,52700.0,52900.0,5882.0
2026-08-25 11:35:00+09:00,52800.0,52900.0,52600.0,52700.0,8274.0
2026-08-25 11:40:00+09:00,52600.0,52800.0,52600.0,52800.0,4100.0
2026-08-25 11:45:00+09:00,52800.0,52800.0,52600.0,52600.0,4708.0
2026-08-25 11:50:00+09:00,52600.0,52800.0,52500.0,52600.0,4950.0
2026-08-25 11:55:00+09:00,52600.0,52800.0,52500.0,52600.0,4832.0
2026-08-25 12:00:00+09:00,52600.0,52800.0,52500.0,52800.0,3715.0
2026-08-25 12:05:00+09:00,52800.0,52900.0,52700.0,52900.0,3428.0
2026-08-25 12:10:00+09:00,52800.0,53200.0,52800.0,53100.0,12340.0
2026-08-25 12:15:00+09:00,53100.0,53300.0,52900.0,53100.0,8782.0
2026-08-25 12:20:00+09:00,53200.0,53400.0,53100.0,53200.0,12194.0
2026-08-25 12:25:00+09:00,53200.0,53400.0,53100.0,53400.0,8684.0
2026-08-25 12:30:00+09:00,53400.0,53400.0,53200.0,53300.0,9916.0
2026-08-25 12:35:00+09:00,53300.0,53300.0,53000.0,53000.0,13173.0
2026-08-25 12:40:00+09:00,53000.0,53300.0,53000.0,53200.0,7948.0
2026-08-25 12:45:00+09:00,53200.0,53300.0,53100.0,53200.0,8740.0
2026-08-25 12:50:00+09:00,53200.0,53300.0,53100.0,53200.0,7301.0
2026-08-25 12:55:00+09:00,53200.0,53400.0,53200.0,53400.0,10184.0
2026-08-25 13:00:00+09:00,53300.0,53600.0,53200.0,53600.0,17998.0
2026-08-25 13:05:00+09:00,53600.0,53700.0,53500.0,53700.0,18759.0
2026-08-25 13:10:00+09:00,53700.0,54300.0,53600.0,54100.0,63326.0
2026-08-25 13:15:00+09:00,54100.0,54100.0,53800.0,53900.0,17845.0
2026-08-25 13:20:00+09:00,53900.0,54000.0,53700.0,53900.0,15956.0
2026-08-25 13:25:00+09:00,53800.0,53900.0,53600.0,53700.0,14085.0
2026-08-25 13:30:00+09:00,53700.0,53900.0,53600.0,53800.0,14024.0
2026-08-25 13:35:00+09:00,53700.0,54000.0,53700.0,54000.0,10651.0
2026-08-25 13:40:00+09:00,53900.0,54200.0,53900.0,54000.0,29142.0
2026-08-25 13:45:00+09:00,53900.0,54100.0,53900.0,54000.0,12393.0
2026-08-25 13:50:00+09:00,54000.0,54400.0,53900.0,54300.0,32598.0
2026-08-25 13:55:00+09:00,54300.0,55000.0,54200.0,54900.0,55909.0
2026-08-25 14:00:00+09:00,54950.0,55100.0,54700.0,54800.0,52779.0
2026-08-25 14:05:00+09:00,54800.0,55100.0,54700.0,55000.0,31036.0
2026-08-25 14:10:00+09:00,55100.0,55200.0,54900.0,54900.0,30708.0
2026-08-25 14:15:00+09:00,54900.0,55100.0,54800.0,54900.0,27915.0
2026-08-25 14:20:00+09:00,54900.0,55000.0,54800.0,54900.0,23723.0
2026-08-25 14:25:00+09:00,54900.0,55000.0,54800.0,55000.0,19309.0
2026-08-25 14:30:00+09:00,54900.0,55100.0,54800.0,55000.0,16733.0
2026-08-25 14:35:00+09:00,55100.0,55250.0,55000.0,55200.0,24050.0
2026-08-25 14:40:00+09:00,55200.0,55300.0,54700.0,54700.0,31206.0
2026-08-25 14:45:00+09:00,54700.0,55100.0,54700.0,55000.0,27174.0
2026-08-25 14:50:00+09:00,55100.0,55200.0,55000.0,55100.0,22635.0
2026-08-25 14:55:00+09:00,55100.0,55400.0,55000.0,55100.0,28859.0
2026-08-26 09:00:00+09:00,55100.0,55700.0,54400.0,54700.0,116058.0
2026-08-26 09:05:00+09:00,54750.0,55800.0,54700.0,55500.0,65921.0
2026-08-26 09:10:00+09:00,55500.0,55800.0,55300.0,55500.0,70662.0
2026-08-26 09:15:00+09:00,55700.0,55700.0,54500.0,55000.0,65533.0
2026-08-26 09:20:00+09:00,55000.0,55500.0,54600.0,54600.0,32722.0
2026-08-26 09:25:00+09:00,54600.0,54700.0,54100.0,54400.0,52798.0
2026-08-26 09:30:00+09:00,54350.0,54600.0,53800.0,53800.0,50437.0
2026-08-26 09:35:00+09:00,53900.0,54200.0,53700.0,53800.0,39765.0
2026-08-26 09:40:00+09:00,53900.0,54300.0,53700.0,54200.0,25321.0
2026-08-26 09:45:00+09:00,54150.0,54800.0,54100.0,54500.0,31307.0
2026-08-26 09:50:00+09:00,54500.0,54700.0,53800.0,53800.0,26438.0
2026-08-26 09:55:00+09:00,53900.0,54300.0,53700.0,54200.0,14656.0
2026-08-26 10:00:00+09:00,54100.0,54300.0,54000.0,54200.0,8427.0
2026-08-26 10:05:00+09:00,54300.0,54400.0,54000.0,54100.0,5831.0
2026-08-26 10:10:00+09:00,54100.0,54300.0,54000.0,54200.0,6157.0
2026-08-26 10:15:00+09:00,54200.0,54400.0,54100.0,54200.0,4455.0
2026-08-26 10:20:00+09:00,54200.0,54200.0,53800.0,53900.0,14956.0
2026-08-26 10:25:00+09:00,53900.0,54000.0,53700.0,53800.0,10974.0
2026-08-26 10:30:00+09:00,53800.0,53800.0,53500.0,53700.0,22827.0
2026-08-26 10:35:00+09:00,53600.0,54000.0,53500.0,53800.0,15005.0
2026-08-26 10:40:00+09:00,53900.0,53900.0,53600.0,53600.0,11320.0
2026-08-26 10:45:00+09:00,53600.0,53800.0,53500.0,53500.0,9383.0
2026-08-26 10:50:00+09:00,53600.0,53800.0,53500.0,53800.0,10394.0
2026-08-26 10:55:00+09:00,53800.0,54100.0,53700.0,54100.0,4902.0
2026-08-26 11:00:00+09:00,54100.0,54100.0,53700.0,53800.0,9216.0
2026-08-26 11:05:00+09:00,53700.0,53800.0,53500.0,53600.0,9856.0
2026-08-26 11:10:00+09:00,53600.0,54000.0,53600.0,53800.0,5422.0
2026-08-26 11:15:00+09:00,53800.0,53800.0,53500.0,53600.0,12718.0
2026-08-26 11:20:00+09:00,53600.0,53800.0,53400.0,53400.0,20272.0
2026-08-26 11:25:00+09:00,53500.0,53600.0,53400.0,53500.0,12803.0
2026-08-26 11:30:00+09:00,53500.0,54000.0,53400.0,53900.0,18402.0
2026-08-26 11:35:00+09:00,53800.0,54100.0,53700.0,54000.0,9066.0
2026-08-26 11:40:00+09:00,53900.0,54200.0,53900.0,54100.0,10663.0
2026-08-26 11:45:00+09:00,54100.0,54100.0,53800.0,53800.0,10031.0
2026-08-26 11:50:00+09:00,53900.0,53900.0,53600.0,53600.0,8223.0
2026-08-26 11:55:00+09:00,53600.0,53800.0,53600.0,53700.0,9477.0
2026-08-26 12:00:00+09:00,53700.0,53800.0,53600.0,53700.0,3530.0
2026-08-26 12:05:00+09:00,53800.0,53800.0,53700.0,53700.0,6500.0
2026-08-26 12:10:00+09:00,53700.0,54000.0,53700.0,53800.0,7205.0
2026-08-26 12:15:00+09:00,53800.0,53900.0,53700.0,53900.0,3335.0
2026-08-26 12:20:00+09:00,53900.0,54100.0,53800.0,54000.0,5698.0
2026-08-26 12:25:00+09:00,54100.0,54100.0,53700.0,53800.0,13367.0
2026-08-26 12:30:00+09:00,53800.0,53800.0,53700.0,53800.0,2041.0
2026-08-26 12:35:00+09:00,53800.0,54000.0,53750.0,54000.0,2618.0
2026-08-26 12:40:00+09:00,54000.0,54000.0,53900.0,54000.0,3003.0
2026-08-26 12:45:00+09:00,54000.0,54000.0,53800.0,53900.0,4479.0
2026-08-26 12:50:00+09:00,53900.0,54000.0,53800.0,54000.0,4562.0
2026-08-26 12:55:00+09:00,54000.0,54100.0,53900.0,54000.0,6657.0
2026-08-26 13:00:00+09:00,54100.0,54100.0,53800.0,53900.0,9557.0
2026-08-26 13:05:00+09:00,53900.0,54000.0,53700.0,53700.0,8444.0
2026-08-26 13:10:00+09:00,53700.0,53900.0,53700.0,53800.0,4210.0
2026-08-26 13:15:00+09:00,53800.0,53900.0,53700.0,53800.0,2780.0
2026-08-26 13:20:00+09:00,53900.0,54000.0,53800.0,53900.0,6745.0
2026-08-26 13:25:00+09:00,53900.0,54000.0,53800.0,53900.0,4461.0
2026-08-26 13:30:00+09:00,53900.0,54200.0,53900.0,54200.0,11860.0
2026-08-26 13:35:00+09:00,54100.0,54200.0,54000.0,54100.0,10318.0
2026-08-26 13:40:00+09:00,54100.0,54300.0,54000.0,54300.0,8965.0
2026-08-26 13:45:00+09:00,54300.0,54600.0,54200.0,54500.0,14101.0
2026-08-26 13:50:00+09:00,54500.0,54500.0,54300.0,54400.0,6500.0
2026-08-26 13:55:00+09:00,54400.0,54600.0,54300.0,54600.0,19756.0
2026-08-26 14:00:00+09:00,54500.0,54600.0,54300.0,54300.0,14462.0
2026-08-26 14:05:00+09:00,54300.0,54400.0,54100.0,54100.0,9337.0
2026-08-26 14:10:00+09:00,54100.0,54200.0,54000.0,54100.0,6467.0
2026-08-26 14:15:00+09:00,54000.0,54100.0,53900.0,54100.0,10933.0
2026-08-26 14:20:00+09:00,54100.0,54100.0,54000.0,54000.0,6583.0
2026-08-26 14:25:00+09:00,54000.0,54000.0,53800.0,53900.0,6524.0
2026-08-26 14:30:00+09:00,53900.0,54200.0,53900.0,54000.0,11666.0
2026-08-26 14:35:00+09:00,54100.0,54100.0,53900.0,54000.0,5771.0
2026-08-26 14:40:00+09:00,54000.0,54500.0,54000.0,54500.0,15082.0
2026-08-26 14:45:00+09:00,54400.0,54500.0,54300.0,54450.0,11846.0
2026-08-26 14:50:00+09:00,54450.0,54500.0,54300.0,54350.0,10770.0
2026-08-26 14:55:00+09:00,54350.0,54400.0,54200.0,54300.0,10090.0
2026-08-27 09:00:00+09:00,55000.0,55500.0,54200.0,54200.0,116611.0
2026-08-27 09:05:00+09:00,54200.0,54800.0,54100.0,54400.0,41292.0
2026-08-27 09:10:00+09:00,54400.0,54500.0,54000.0,54000.0,32787.0
2026-08-27 09:15:00+09:00,54000.0,54200.0,53900.0,54200.0,29581.0
2026-08-27 09:20:00+09:00,54200.0,54400.0,54100.0,54200.0,18400.0
2026-08-27 09:25:00+09:00,54300.0,54300.0,53900.0,54000.0,31806.0
2026-08-27 09:30:00+09:00,54000.0,54200.0,53600.0,53700.0,41981.0
2026-08-27 09:35:00+09:00,53650.0,53800.0,53500.0,53700.0,28669.0
2026-08-27 09:40:00+09:00,53800.0,54200.0,53700.0,54200.0,18650.0
2026-08-27 09:45:00+09:00,54200.0,54300.0,54000.0,54200.0,10736.0
2026-08-27 09:50:00+09:00,54200.0,54400.0,53900.0,53900.0,25390.0
2026-08-27 09:55:00+09:00,53900.0,54100.0,53600.0,54000.0,20538.0
2026-08-27 10:00:00+09:00,54000.0,54200.0,53700.0,54200.0,27587.0
2026-08-27 10:05:00+09:00,54200.0,54200.0,54000.0,54100.0,6856.0
2026-08-27 10:10:00+09:00,54100.0,54500.0,53900.0,54300.0,24456.0
2026-08-27 10:15:00+09:00,54300.0,54600.0,54200.0,54600.0,15241.0
2026-08-27 10:20:00+09:00,54600.0,54900.0,54400.0,54800.0,34240.0
2026-08-27 10:25:00+09:00,54700.0,55200.0,54650.0,55000.0,47674.0
2026-08-27 10:30:00+09:00,55000.0,55400.0,55000.0,55300.0,37305.0
2026-08-27 10:35:00+09:00,55300.0,55300.0,54900.0,55300.0,40931.0
2026-08-27 10:40:00+09:00,55300.0,55300.0,54900.0,54900.0,21470.0
2026-08-27 10:45:00+09:00,54900.0,55000.0,54700.0,54800.0,15218.0
2026-08-27 10:50:00+09:00,54800.0,55100.0,54500.0,55000.0,14190.0
2026-08-27 10:55:00+09:00,55050.0,55100.0,54900.0,55000.0,10014.0
2026-08-27 11:00:00+09:00,55100.0,55100.0,54700.0,54800.0,9879.0
2026-08-27 11:05:00+09:00,54700.0,54900.0,54700.0,54700.0,6730.0
2026-08-27 11:10:00+09:00,54700.0,54900.0,54600.0,54800.0,11890.0
2026-08-27 11:15:00+09:00,54800.0,55000.0,54800.0,54900.0,6260.0
2026-08-27 11:20:00+09:00,54900.0,54900.0,54600.0,54600.0,8389.0
2026-08-27 11:25:00+09:00,54600.0,54900.0,54600.0,54900.0,8602.0
2026-08-27 11:30:00+09:00,54900.0,55300.0,54800.0,55100.0,23699.0
2026-08-27 11:35:00+09:00,55100.0,55200.0,55000.0,55100.0,8141.0
2026-08-27 11:40:00+09:00,55100.0,55100.0,54700.0,54700.0,10418.0
2026-08-27 11:45:00+09:00,54700.0,54800.0,54700.0,54700.0,4790.0
2026-08-27 11:50:00+09:00,54700.0,55000.0,54700.0,54900.0,5823.0
2026-08-27 11:55:00+09:00,54900.0,54900.0,54700.0,54800.0,4836.0
2026-08-27 12:00:00+09:00,54700.0,54900.0,54700.0,54800.0,6089.0
2026-08-27 12:05:00+09:00,54800.0,54800.0,54600.0,54600.0,9896.0
2026-08-27 12:10:00+09:00,54600.0,54700.0,54500.0,54600.0,4998.0
2026-08-27 12:15:00+09:00,54600.0,54700.0,54500.0,54600.0,5597.0
2026-08-27 12:20:00+09:00,54600.0,54700.0,54500.0,54600.0,6453.0
2026-08-27 12:25:00+09:00,54700.0,54800.0,54600.0,54700.0,5127.0
2026-08-27 12:30:00+09:00,54700.0,54800.0,54600.0,54800.0,3429.0
2026-08-27 12:35:00+09:00,54800.0,54900.0,54500.0,54600.0,13331.0
2026-08-27 12:40:00+09:00,54600.0,54800.0,54500.0,54600.0,13163.0
2026-08-27 12:45:00+09:00,54700.0,54700.0,54500.0,54700.0,3522.0
2026-08-27 12:50:00+09:00,54700.0,54700.0,54400.0,54500.0,6209.0
2026-08-27 12:55:00+09:00,54600.0,54600.0,54400.0,54450.0,9088.0
2026-08-27 13:00:00+09:00,54450.0,54600.0,54400.0,54550.0,5837.0
2026-08-27 13:05:00+09:00,54550.0,54600.0,54400.0,54400.0,11528.0
2026-08-27 13:10:00+09:00,54500.0,54500.0,54300.0,54400.0,6412.0
2026-08-27 13:15:00+09:00,54300.0,54400.0,54300.0,54400.0,5523.0
2026-08-27 13:20:00+09:00,54400.0,54500.0,54300.0,54400.0,5102.0
2026-08-27 13:25:00+09:00,54400.0,54700.0,54400.0,54500.0,4919.0
2026-08-27 13:30:00+09:00,54600.0,54700.0,54500.0,54600.0,4550.0
2026-08-27 13:35:00+09:00,54600.0,55100.0,54500.0,55000.0,30538.0
2026-08-27 13:40:00+09:00,55050.0,55100.0,54800.0,55000.0,11756.0
2026-08-27 13:45:00+09:00,55000.0,55100.0,54900.0,55000.0,7964.0
2026-08-27 13:50:00+09:00,55000.0,55100.0,54700.0,54800.0,12105.0
2026-08-27 13:55:00+09:00,54700.0,54900.0,54700.0,54800.0,5039.0
2026-08-27 14:00:00+09:00,54900.0,55000.0,54700.0,54800.0,7181.0
2026-08-27 14:05:00+09:00,54800.0,55200.0,54800.0,55100.0,26316.0
2026-08-27 14:10:00+09:00,55100.0,55200.0,55000.0,55100.0,12052.0
2026-08-27 14:15:00+09:00,55100.0,55100.0,54800.0,54900.0,13587.0
2026-08-27 14:20:00+09:00,54900.0,55000.0,54800.0,54900.0,8779.0
2026-08-27 14:25:00+09:00,54900.0,55000.0,54800.0,55000.0,8733.0
2026-08-27 14:30:00+09:00,55000.0,55100.0,54800.0,55000.0,12047.0
2026-08-27 14:35:00+09:00,54900.0,55100.0,54700.0,55100.0,16561.0
2026-08-27 14:40:00+09:00,55100.0,55400.0,54900.0,55400.0,46949.0
2026-08-27 14:45:00+09:00,55400.0,55500.0,55200.0,55500.0,29966.0
2026-08-27 14:50:00+09:00,55500.0,55500.0,55200.0,55300.0,18218.0
2026-08-27 14:55:00+09:00,55200.0,55400.0,55100.0,55100.0,14562.0
2026-08-28 09:00:00+09:00,56500.0,56600.0,55300.0,55600.0,169966.0
2026-08-28 09:05:00+09:00,55600.0,56800.0,54900.0,56500.0,114332.0
2026-08-28 09:10:00+09:00,56500.0,57900.0,56400.0,57500.0,270447.0
2026-08-28 09:15:00+09:00,57600.0,57700.0,56400.0,56400.0,140940.0
2026-08-28 09:20:00+09:00,56400.0,57300.0,56400.0,57100.0,61554.0
2026-08-28 09:25:00+09:00,57200.0,57600.0,57000.0,57300.0,80516.0
2026-08-28 09:30:00+09:00,57350.0,57400.0,56500.0,56700.0,52827.0
2026-08-28 09:35:00+09:00,56700.0,57200.0,56500.0,56600.0,31615.0
2026-08-28 09:40:00+09:00,56500.0,56800.0,56400.0,56600.0,42536.0
2026-08-28 09:45:00+09:00,56600.0,56800.0,56400.0,56700.0,21539.0
2026-08-28 09:50:00+09:00,56700.0,56900.0,56400.0,56400.0,21610.0
2026-08-28 09:55:00+09:00,56400.0,56500.0,56100.0,56100.0,28827.0
2026-08-28 10:00:00+09:00,56200.0,56400.0,55900.0,56300.0,39338.0
2026-08-28 10:05:00+09:00,56300.0,56500.0,56300.0,56400.0,11980.0
2026-08-28 10:10:00+09:00,56400.0,56400.0,56200.0,56400.0,13057.0
2026-08-28 10:15:00+09:00,56300.0,56400.0,56200.0,56400.0,9886.0
2026-08-28 10:20:00+09:00,56300.0,56500.0,56300.0,56400.0,11102.0
2026-08-28 10:25:00+09:00,56300.0,56500.0,56100.0,56200.0,12325.0
2026-08-28 10:30:00+09:00,56200.0,56200.0,55200.0,55400.0,52388.0
2026-08-28 10:35:00+09:00,55500.0,55800.0,55400.0,55600.0,17436.0
2026-08-28 10:40:00+09:00,55600.0,55700.0,55600.0,55600.0,6088.0
2026-08-28 10:45:00+09:00,55600.0,55600.0,55200.0,55300.0,18986.0
2026-08-28 10:50:00+09:00,55400.0,55800.0,55300.0,55700.0,7421.0
2026-08-28 10:55:00+09:00,55700.0,56000.0,55700.0,55800.0,9178.0
2026-08-28 11:00:00+09:00,55800.0,56000.0,55600.0,56000.0,11317.0
2026-08-28 11:05:00+09:00,56000.0,56300.0,55900.0,56000.0,14241.0
2026-08-28 11:10:00+09:00,56000.0,56200.0,55800.0,56150.0,9126.0
2026-08-28 11:15:00+09:00,56200.0,56200.0,55900.0,56000.0,8860.0
2026-08-28 11:20:00+09:00,56000.0,56100.0,55800.0,56000.0,3923.0
2026-08-28 11:25:00+09:00,56000.0,56000.0,55800.0,56000.0,7954.0
2026-08-28 11:30:00+09:00,55900.0,56100.0,55900.0,56000.0,4381.0
2026-08-28 11:35:00+09:00,56000.0,56000.0,55800.0,56000.0,5854.0
2026-08-28 11:40:00+09:00,56000.0,56000.0,55800.0,56000.0,5706.0
2026-08-28 11:45:00+09:00,56000.0,56000.0,55900.0,56000.0,5854.0
2026-08-28 11:50:00+09:00,56000.0,56000.0,55800.0,55900.0,6511.0
2026-08-28 11:55:00+09:00,55900.0,56000.0,55800.0,55900.0,4781.0
2026-08-28 12:00:00+09:00,56000.0,56300.0,55900.0,56300.0,7698.0
2026-08-28 12:05:00+09:00,56300.0,56400.0,56200.0,56250.0,8012.0
2026-08-28 12:10:00+09:00,56250.0,56400.0,56200.0,56400.0,4862.0
2026-08-28 12:15:00+09:00,56400.0,56400.0,56100.0,56300.0,4890.0
2026-08-28 12:20:00+09:00,56300.0,56300.0,56100.0,56200.0,4191.0
2026-08-28 12:25:00+09:00,56200.0,56400.0,56100.0,56300.0,6164.0
2026-08-28 12:30:00+09:00,56300.0,56400.0,56100.0,56100.0,6065.0
2026-08-28 12:35:00+09:00,56100.0,56400.0,56100.0,56300.0,7612.0
2026-08-28 12:40:00+09:00,56400.0,56400.0,56000.0,56100.0,6297.0
2026-08-28 12:45:00+09:00,56100.0,56100.0,55900.0,56000.0,5546.0
2026-08-28 12:50:00+09:00,56000.0,56200.0,56000.0,56000.0,5779.0
2026-08-28 12:55:00+09:00,56200.0,56400.0,56100.0,56400.0,6383.0
2026-08-28 13:00:00+09:00,56400.0,56400.0,56100.0,56200.0,5028.0
2026-08-28 13:05:00+09:00,56150.0,56200.0,55900.0,56050.0,8100.0
2026-08-28 13:10:00+09:00,56000.0,56200.0,55800.0,56100.0,9897.0
2026-08-28 13:15:00+09:00,56100.0,56150.0,55900.0,56100.0,4883.0
2026-08-28 13:20:00+09:00,56100.0,56100.0,55900.0,55900.0,7145.0
2026-08-28 13:25:00+09:00,56000.0,56400.0,55900.0,56300.0,15631.0
2026-08-28 13:30:00+09:00,56350.0,56400.0,56200.0,56300.0,12943.0
2026-08-28 13:35:00+09:00,56300.0,56500.0,56100.0,56400.0,12332.0
2026-08-28 13:40:00+09:00,56400.0,56400.0,56300.0,56350.0,4849.0
2026-08-28 13:45:00+09:00,56400.0,56600.0,56350.0,56500.0,18130.0
2026-08-28 13:50:00+09:00,56550.0,56700.0,56500.0,56550.0,7969.0
2026-08-28 13:55:00+09:00,56550.0,56600.0,56400.0,56400.0,7196.0
2026-08-28 14:00:00+09:00,56400.0,56500.0,56200.0,56300.0,7762.0
2026-08-28 14:05:00+09:00,56300.0,56400.0,56100.0,56100.0,6902.0
2026-08-28 14:10:00+09:00,56200.0,56200.0,55800.0,56000.0,17208.0
2026-08-28 14:15:00+09:00,56000.0,56100.0,55800.0,55900.0,9695.0
2026-08-28 14:20:00+09:00,55900.0,56000.0,55700.0,55900.0,15552.0
2026-08-28 14:25:00+09:00,55900.0,56000.0,55800.0,56000.0,9557.0
2026-08-28 14:30:00+09:00,55900.0,56000.0,55900.0,56000.0,6581.0
2026-08-28 14:35:00+09:00,56000.0,56000.0,55900.0,55900.0,6317.0
2026-08-28 14:40:00+09:00,56000.0,56000.0,55700.0,55800.0,15113.0
2026-08-28 14:45:00+09:00,55800.0,55900.0,55600.0,55650.0,10110.0
2026-08-28 14:50:00+09:00,55650.0,55900.0,55650.0,55800.0,11803.0
2026-08-28 14:55:00+09:00,55850.0,56000.0,55800.0,55900.0,10468.0
2026-08-31 09:00:00+09:00,54600.0,55000.0,52600.0,53000.0,0.0
2026-08-31 09:05:00+09:00,52900.0,53500.0,52700.0,52800.0,53835.0
2026-08-31 09:10:00+09:00,52900.0,53600.0,52800.0,53500.0,36611.0
2026-08-31 09:15:00+09:00,53500.0,54300.0,53200.0,54000.0,28450.0
2026-08-31 09:20:00+09:00,54100.0,54200.0,53800.0,53800.0,22562.0
2026-08-31 09:25:00+09:00,53900.0,54000.0,53500.0,53800.0,17594.0
2026-08-31 09:30:00+09:00,53900.0,54400.0,53800.0,54200.0,15450.0
2026-08-31 09:35:00+09:00,54200.0,54200.0,53600.0,53900.0,15591.0
2026-08-31 09:40:00+09:00,53900.0,54000.0,53500.0,53600.0,12509.0
2026-08-31 09:45:00+09:00,53600.0,53600.0,53100.0,53100.0,20674.0
2026-08-31 09:50:00+09:00,53100.0,53550.0,52900.0,53500.0,28797.0
2026-08-31 09:55:00+09:00,53400.0,53600.0,53000.0,53100.0,13393.0
2026-08-31 10:00:00+09:00,53100.0,53200.0,52700.0,53100.0,31666.0
2026-08-31 10:05:00+09:00,53100.0,53100.0,52900.0,53000.0,9018.0
2026-08-31 10:10:00+09:00,53000.0,53300.0,52800.0,53100.0,8548.0
2026-08-31 10:15:00+09:00,53200.0,53300.0,53000.0,53200.0,5874.0
2026-08-31 10:20:00+09:00,53250.0,53300.0,52900.0,53000.0,5358.0
2026-08-31 10:25:00+09:00,53000.0,53300.0,52900.0,53200.0,7022.0
2026-08-31 10:30:00+09:00,53200.0,53300.0,53000.0,53300.0,6158.0
2026-08-31 10:35:00+09:00,53300.0,53400.0,53000.0,53200.0,7344.0
2026-08-31 10:40:00+09:00,53200.0,53300.0,53000.0,53100.0,7740.0
2026-08-31 10:45:00+09:00,53100.0,53200.0,53000.0,53100.0,4930.0
2026-08-31 10:50:00+09:00,53200.0,53200.0,53000.0,53100.0,2588.0
2026-08-31 10:55:00+09:00,53000.0,53200.0,53000.0,53200.0,5090.0
2026-08-31 11:00:00+09:00,53100.0,53200.0,53000.0,53100.0,5618.0
2026-08-31 11:05:00+09:00,53100.0,53100.0,52900.0,53100.0,11269.0
2026-08-31 11:10:00+09:00,53000.0,53300.0,52900.0,53200.0,7224.0
2026-08-31 11:15:00+09:00,53100.0,53200.0,53000.0,53100.0,5290.0
2026-08-31 11:20:00+09:00,53100.0,53100.0,53000.0,53100.0,2883.0
2026-08-31 11:25:00+09:00,53050.0,53400.0,53000.0,53300.0,6665.0
2026-08-31 11:30:00+09:00,53300.0,53400.0,53200.0,53200.0,4018.0
2026-08-31 11:35:00+09:00,53200.0,53300.0,53100.0,53200.0,4242.0
2026-08-31 11:40:00+09:00,53200.0,53200.0,53000.0,53050.0,7160.0
2026-08-31 11:45:00+09:00,53000.0,53200.0,53000.0,53000.0,4063.0
2026-08-31 11:50:00+09:00,53000.0,53200.0,53000.0,53200.0,3643.0
2026-08-31 11:55:00+09:00,53100.0,53300.0,53100.0,53300.0,3534.0
2026-08-31 12:00:00+09:00,53300.0,53400.0,53100.0,53100.0,5905.0
2026-08-31 12:05:00+09:00,53200.0,53300.0,53100.0,53200.0,2758.0
2026-08-31 12:10:00+09:00,53200.0,53400.0,53100.0,53400.0,4779.0
2026-08-31 12:15:00+09:00,53400.0,53500.0,53200.0,53300.0,4921.0
2026-08-31 12:20:00+09:00,53300.0,53350.0,53200.0,53300.0,3334.0
2026-08-31 12:25:00+09:00,53400.0,53400.0,53200.0,53200.0,5699.0
2026-08-31 12:30:00+09:00,53300.0,53400.0,53100.0,53200.0,8228.0
2026-08-31 12:35:00+09:00,53300.0,53300.0,53200.0,53300.0,1651.0
2026-08-31 12:40:00+09:00,53300.0,53400.0,53200.0,53300.0,3937.0
2026-08-31 12:45:00+09:00,53300.0,53400.0,53200.0,53300.0,6562.0
2026-08-31 12:50:00+09:00,53300.0,53500.0,53200.0,53400.0,5141.0
2026-08-31 12:55:00+09:00,53400.0,53400.0,53200.0,53300.0,2492.0
2026-08-31 13:00:00+09:00,53300.0,53400.0,53200.0,53300.0,3366.0
2026-08-31 13:05:00+09:00,53300.0,53400.0,53200.0,53300.0,3745.0
2026-08-31 13:10:00+09:00,53300.0,53400.0,53300.0,53400.0,2943.0
2026-08-31 13:15:00+09:00,53400.0,53500.0,53300.0,53300.0,2772.0
2026-08-31 13:20:00+09:00,53400.0,53500.0,53200.0,53300.0,6346.0
2026-08-31 13:25:00+09:00,53300.0,53300.0,53100.0,53200.0,7746.0
2026-08-31 13:30:00+09:00,53100.0,53200.0,53000.0,53200.0,14976.0
2026-08-31 13:35:00+09:00,53200.0,53200.0,53000.0,53200.0,4765.0
2026-08-31 13:40:00+09:00,53100.0,53300.0,53100.0,53200.0,8350.0
2026-08-31 13:45:00+09:00,53200.0,53400.0,53200.0,53200.0,5171.0
2026-08-31 13:50:00+09:00,53300.0,53500.0,53200.0,53500.0,5722.0
2026-08-31 13:55:00+09:00,53500.0,53800.0,53400.0,53700.0,12231.0
2026-08-31 14:00:00+09:00,53700.0,53800.0,53600.0,53700.0,11481.0
2026-08-31 14:05:00+09:00,53700.0,53900.0,53600.0,53900.0,8241.0
2026-08-31 14:10:00+09:00,53800.0,53900.0,53800.0,53900.0,11761.0
2026-08-31 14:15:00+09:00,53800.0,54300.0,53800.0,54200.0,19394.0
2026-08-31 14:20:00+09:00,54100.0,54200.0,53800.0,54000.0,10712.0
2026-08-31 14:25:00+09:00,54000.0,54100.0,53900.0,54000.0,5569.0
2026-08-31 14:30:00+09:00,54000.0,54100.0,53500.0,53600.0,13357.0
2026-08-31 14:35:00+09:00,53600.0,53900.0,53500.0,53700.0,6366.0
2026-08-31 14:40:00+09:00,53800.0,53800.0,53600.0,53700.0,6545.0
2026-08-31 14:45:00+09:00,53800.0,54200.0,53700.0,54200.0,15065.0
2026-08-31 14:50:00+09:00,54200.0,54200.0,53700.0,53700.0,10222.0
2026-08-31 14:55:00+09:00,53800.0,53900.0,53600.0,53900.0,14873.0
2026-09-01 09:00:00+09:00,55000.0,55000.0,54000.0,54100.0,53620.0
2026-09-01 09:05:00+09:00,54100.0,54100.0,53500.0,53800.0,37991.0
2026-09-01 09:10:00+09:00,53900.0,53900.0,53300.0,53400.0,36161.0
2026-09-01 09:15:00+09:00,53400.0,53900.0,53300.0,53500.0,22429.0
2026-09-01 09:20:00+09:00,53500.0,53900.0,53500.0,53700.0,10260.0
2026-09-01 09:25:00+09:00,53700.0,53900.0,53500.0,53600.0,17269.0
2026-09-01 09:30:00+09:00,53600.0,54200.0,53400.0,53600.0,21848.0
2026-09-01 09:35:00+09:00,53700.0,53700.0,53400.0,53500.0,12577.0
2026-09-01 09:40:00+09:00,53500.0,53800.0,53400.0,53600.0,11548.0
2026-09-01 09:45:00+09:00,53600.0,53800.0,53300.0,53400.0,19977.0
2026-09-01 09:50:00+09:00,53400.0,53600.0,53000.0,53200.0,39607.0
2026-09-01 09:55:00+09:00,53100.0,53400.0,53000.0,53300.0,13159.0
2026-09-01 10:00:00+09:00,53300.0,53600.0,53300.0,53500.0,9677.0
2026-09-01 10:05:00+09:00,53600.0,53600.0,53300.0,53300.0,7878.0
2026-09-01 10:10:00+09:00,53300.0,53500.0,53100.0,53200.0,13888.0
2026-09-01 10:15:00+09:00,53200.0,53400.0,53100.0,53400.0,4893.0
2026-09-01 10:20:00+09:00,53400.0,53400.0,52900.0,53200.0,45850.0
2026-09-01 10:25:00+09:00,53000.0,53000.0,52600.0,52600.0,31022.0
2026-09-01 10:30:00+09:00,52600.0,53000.0,52500.0,53000.0,20978.0
2026-09-01 10:35:00+09:00,52800.0,53000.0,52700.0,52800.0,7562.0
2026-09-01 10:40:00+09:00,52800.0,52900.0,52600.0,52700.0,9311.0
2026-09-01 10:45:00+09:00,52700.0,52800.0,52600.0,52800.0,5903.0
2026-09-01 10:50:00+09:00,52800.0,52900.0,52500.0,52600.0,17108.0
2026-09-01 10:55:00+09:00,52500.0,52600.0,52200.0,52300.0,27371.0
2026-09-01 11:00:00+09:00,52200.0,52500.0,52200.0,52400.0,8089.0
2026-09-01 11:05:00+09:00,52400.0,52500.0,52200.0,52200.0,9790.0
2026-09-01 11:10:00+09:00,52200.0,52400.0,52200.0,52400.0,8246.0
2026-09-01 11:15:00+09:00,52400.0,52600.0,52300.0,52600.0,9553.0
2026-09-01 11:20:00+09:00,52600.0,52600.0,52300.0,52300.0,8478.0
2026-09-01 11:25:00+09:00,52300.0,52400.0,52100.0,52200.0,19587.0
2026-09-01 11:30:00+09:00,52100.0,52200.0,52000.0,52200.0,18419.0
2026-09-01 11:35:00+09:00,52200.0,52200.0,52000.0,52100.0,10661.0
2026-09-01 11:40:00+09:00,52100.0,52150.0,52000.0,52100.0,8756.0
2026-09-01 11:45:00+09:00,52100.0,52200.0,52000.0,52000.0,7170.0
2026-09-01 11:50:00+09:00,52100.0,52150.0,52000.0,52000.0,5006.0
2026-09-01 11:55:00+09:00,52000.0,52200.0,52000.0,52200.0,8984.0
2026-09-01 12:00:00+09:00,52200.0,52400.0,52100.0,52400.0,4182.0
2026-09-01 12:05:00+09:00,52400.0,52400.0,52100.0,52100.0,10398.0
2026-09-01 12:10:00+09:00,52100.0,52200.0,52000.0,52000.0,10227.0
2026-09-01 12:15:00+09:00,52100.0,52200.0,52000.0,52200.0,4082.0
2026-09-01 12:20:00+09:00,52100.0,52200.0,52100.0,52100.0,6889.0
2026-09-01 12:25:00+09:00,52200.0,52300.0,52100.0,52200.0,4971.0
2026-09-01 12:30:00+09:00,52200.0,52300.0,52100.0,52100.0,6034.0
2026-09-01 12:35:00+09:00,52200.0,52300.0,52100.0,52200.0,2945.0
2026-09-01 12:40:00+09:00,52200.0,52300.0,52100.0,52200.0,6009.0
2026-09-01 12:45:00+09:00,52100.0,52200.0,52000.0,52100.0,9336.0
2026-09-01 12:50:00+09:00,52200.0,52300.0,52100.0,52200.0,7872.0
2026-09-01 12:55:00+09:00,52200.0,52200.0,52000.0,52200.0,9368.0
2026-09-01 13:00:00+09:00,52100.0,52300.0,52100.0,52200.0,3698.0
2026-09-01 13:05:00+09:00,52300.0,52300.0,52200.0,52200.0,9868.0
2026-09-01 13:10:00+09:00,52200.0,52400.0,52100.0,52300.0,8265.0
2026-09-01 13:15:00+09:00,52400.0,52400.0,52300.0,52300.0,6022.0
2026-09-01 13:20:00+09:00,52300.0,52350.0,52100.0,52100.0,11747.0
2026-09-01 13:25:00+09:00,52100.0,52200.0,52100.0,52100.0,10585.0
2026-09-01 13:30:00+09:00,52100.0,52150.0,52000.0,52000.0,7735.0
2026-09-01 13:35:00+09:00,52000.0,52200.0,52000.0,52100.0,6098.0
2026-09-01 13:40:00+09:00,52100.0,52100.0,52000.0,52000.0,5836.0
2026-09-01 13:45:00+09:00,52050.0,52200.0,52000.0,52200.0,10380.0
2026-09-01 13:50:00+09:00,52200.0,52200.0,52100.0,52200.0,6647.0
2026-09-01 13:55:00+09:00,52200.0,52200.0,52000.0,52200.0,8915.0
2026-09-01 14:00:00+09:00,52100.0,52200.0,52000.0,52100.0,6624.0
2026-09-01 14:05:00+09:00,52100.0,52200.0,52000.0,52100.0,10116.0
2026-09-01 14:10:00+09:00,52100.0,52200.0,52000.0,52100.0,5822.0
2026-09-01 14:15:00+09:00,52100.0,52100.0,51900.0,52000.0,26034.0
2026-09-01 14:20:00+09:00,51900.0,52000.0,51800.0,52000.0,15113.0
2026-09-01 14:25:00+09:00,51900.0,52100.0,51800.0,52000.0,11892.0
2026-09-01 14:30:00+09:00,51900.0,52000.0,51800.0,51900.0,8276.0
2026-09-01 14:35:00+09:00,51900.0,52200.0,51900.0,52200.0,8301.0
2026-09-01 14:40:00+09:00,52200.0,52300.0,52000.0,52100.0,6831.0
2026-09-01 14:45:00+09:00,52100.0,52200.0,52000.0,52000.0,11052.0
2026-09-01 14:50:00+09:00,52000.0,52100.0,52000.0,52100.0,10243.0
2026-09-01 14:55:00+09:00,52100.0,52200.0,52000.0,52000.0,11441.0
2026-09-02 09:00:00+09:00,50600.0,53000.0,50500.0,52600.0,199080.0
2026-09-02 09:05:00+09:00,52700.0,52700.0,51700.0,52700.0,87271.0
2026-09-02 09:10:00+09:00,52700.0,53800.0,52600.0,53600.0,184066.0
2026-09-02 09:15:00+09:00,53600.0,53600.0,53000.0,53000.0,88278.0
2026-09-02 09:20:00+09:00,53000.0,53300.0,52500.0,52600.0,57189.0
2026-09-02 09:25:00+09:00,52600.0,53000.0,52400.0,52700.0,37400.0
2026-09-02 09:30:00+09:00,52600.0,53200.0,52500.0,53200.0,28598.0
2026-09-02 09:35:00+09:00,53200.0,53200.0,52700.0,52800.0,23895.0
2026-09-02 09:40:00+09:00,52800.0,52800.0,52200.0,52200.0,23542.0
2026-09-02 09:45:00+09:00,52200.0,52400.0,52000.0,52100.0,30764.0
2026-09-02 09:50:00+09:00,52000.0,52100.0,51400.0,51900.0,55636.0
2026-09-02 09:55:00+09:00,51900.0,52100.0,51800.0,52100.0,12093.0
2026-09-02 10:00:00+09:00,52100.0,52400.0,51900.0,52300.0,11001.0
2026-09-02 10:05:00+09:00,52300.0,52400.0,51900.0,51900.0,10263.0
2026-09-02 10:10:00+09:00,52000.0,52100.0,51900.0,51900.0,9146.0
2026-09-02 10:15:00+09:00,51900.0,51900.0,51600.0,51700.0,16424.0
2026-09-02 10:20:00+09:00,51600.0,52100.0,51600.0,52000.0,14446.0
2026-09-02 10:25:00+09:00,51900.0,52100.0,51700.0,51700.0,11628.0
2026-09-02 10:30:00+09:00,51700.0,51700.0,51500.0,51600.0,11372.0
2026-09-02 10:35:00+09:00,51550.0,51700.0,51500.0,51500.0,10046.0
2026-09-02 10:40:00+09:00,51500.0,51800.0,51400.0,51700.0,8102.0
2026-09-02 10:45:00+09:00,51700.0,51800.0,51500.0,51600.0,6922.0
2026-09-02 10:50:00+09:00,51600.0,51600.0,51400.0,51400.0,9099.0
2026-09-02 10:55:00+09:00,51600.0,51700.0,51400.0,51700.0,6732.0
2026-09-02 11:00:00+09:00,51700.0,51700.0,51400.0,51400.0,6045.0
2026-09-02 11:05:00+09:00,51500.0,51500.0,51300.0,51400.0,8112.0
2026-09-02 11:10:00+09:00,51300.0,51400.0,51000.0,51200.0,30711.0
2026-09-02 11:15:00+09:00,51200.0,51600.0,51100.0,51500.0,11331.0
2026-09-02 11:20:00+09:00,51500.0,51500.0,51100.0,51100.0,8814.0
2026-09-02 11:25:00+09:00,51100.0,51200.0,51000.0,51100.0,9634.0
2026-09-02 11:30:00+09:00,51100.0,51200.0,51000.0,51000.0,8406.0
2026-09-02 11:35:00+09:00,51000.0,51200.0,51000.0,51100.0,6055.0
2026-09-02 11:40:00+09:00,51000.0,51100.0,51000.0,51100.0,6230.0
2026-09-02 11:45:00+09:00,51000.0,51200.0,51000.0,51200.0,4977.0
2026-09-02 11:50:00+09:00,51100.0,51200.0,51000.0,51000.0,4887.0
2026-09-02 11:55:00+09:00,51000.0,51200.0,51000.0,51000.0,7340.0
2026-09-02 12:00:00+09:00,51050.0,51200.0,51000.0,51100.0,7339.0
2026-09-02 12:05:00+09:00,51100.0,51200.0,50800.0,50900.0,17554.0
2026-09-02 12:10:00+09:00,50900.0,51100.0,50800.0,51100.0,6550.0
2026-09-02 12:15:00+09:00,51000.0,51200.0,50900.0,51050.0,10652.0
2026-09-02 12:20:00+09:00,51000.0,51200.0,51000.0,51100.0,5010.0
2026-09-02 12:25:00+09:00,51100.0,51400.0,51000.0,51300.0,5759.0
2026-09-02 12:30:00+09:00,51300.0,51400.0,51100.0,51100.0,4589.0
2026-09-02 12:35:00+09:00,51100.0,51200.0,51000.0,51100.0,4899.0
2026-09-02 12:40:00+09:00,51300.0,51300.0,51100.0,51200.0,4033.0
2026-09-02 12:45:00+09:00,51200.0,51400.0,51200.0,51200.0,3903.0
2026-09-02 12:50:00+09:00,51300.0,51500.0,51200.0,51400.0,5274.0
2026-09-02 12:55:00+09:00,51500.0,51500.0,51300.0,51400.0,4122.0
2026-09-02 13:00:00+09:00,51400.0,51500.0,51200.0,51200.0,5708.0
2026-09-02 13:05:00+09:00,51200.0,51300.0,51100.0,51200.0,6639.0
2026-09-02 13:10:00+09:00,51200.0,51300.0,51100.0,51100.0,7024.0
2026-09-02 13:15:00+09:00,51100.0,51400.0,51100.0,51300.0,5546.0
2026-09-02 13:20:00+09:00,51300.0,51400.0,51100.0,51200.0,2819.0
2026-09-02 13:25:00+09:00,51200.0,51300.0,51000.0,51000.0,5506.0
2026-09-02 13:30:00+09:00,51100.0,51200.0,51000.0,51100.0,5610.0
2026-09-02 13:35:00+09:00,51100.0,51200.0,51000.0,51100.0,5636.0
2026-09-02 13:40:00+09:00,51100.0,51100.0,51000.0,51100.0,4412.0
2026-09-02 13:45:00+09:00,51100.0,51200.0,51000.0,51100.0,8249.0
2026-09-02 13:50:00+09:00,51100.0,51200.0,51000.0,51000.0,3375.0
2026-09-02 13:55:00+09:00,51100.0,51100.0,51000.0,51000.0,4552.0
2026-09-02 14:00:00+09:00,51000.0,51200.0,51000.0,51100.0,4143.0
2026-09-02 14:05:00+09:00,51100.0,51200.0,50800.0,51100.0,14370.0
2026-09-02 14:10:00+09:00,51100.0,51200.0,51000.0,51200.0,8155.0
2026-09-02 14:15:00+09:00,51100.0,51300.0,51000.0,51300.0,5069.0
2026-09-02 14:20:00+09:00,51300.0,51400.0,51100.0,51200.0,4384.0
2026-09-02 14:25:00+09:00,51300.0,51300.0,51200.0,51300.0,4896.0
2026-09-02 14:30:00+09:00,51300.0,51400.0,51200.0,51300.0,6019.0
2026-09-02 14:35:00+09:00,51300.0,51300.0,51100.0,51100.0,5666.0
2026-09-02 14:40:00+09:00,51100.0,51200.0,51100.0,51200.0,4192.0
2026-09-02 14:45:00+09:00,51200.0,51300.0,51100.0,51200.0,7079.0
2026-09-02 14:50:00+09:00,51200.0,51200.0,51100.0,51200.0,4481.0
2026-09-02 14:55:00+09:00,51200.0,51200.0,51000.0,51000.0,7981.0
2026-09-03 09:00:00+09:00,51800.0,51900.0,51300.0,51400.0,41134.0
2026-09-03 09:05:00+09:00,51500.0,51500.0,50900.0,51000.0,21414.0
2026-09-03 09:10:00+09:00,50900.0,51300.0,50700.0,51200.0,25834.0
2026-09-03 09:15:00+09:00,51100.0,51200.0,50000.0,50100.0,35275.0
2026-09-03 09:20:00+09:00,50100.0,51100.0,50000.0,51100.0,25666.0
2026-09-03 09:25:00+09:00,51050.0,51300.0,50800.0,51000.0,16876.0
2026-09-03 09:30:00+09:00,50900.0,51300.0,50700.0,51200.0,9360.0
2026-09-03 09:35:00+09:00,51100.0,51200.0,50800.0,51100.0,11621.0
2026-09-03 09:40:00+09:00,51000.0,51200.0,50900.0,51000.0,8538.0
2026-09-03 09:45:00+09:00,51000.0,51100.0,50900.0,51000.0,6474.0
2026-09-03 09:50:00+09:00,51000.0,51300.0,50900.0,51100.0,12925.0
2026-09-03 09:55:00+09:00,51100.0,51200.0,50600.0,50700.0,9718.0
2026-09-03 10:00:00+09:00,50700.0,51300.0,50700.0,51300.0,9330.0
2026-09-03 10:05:00+09:00,51300.0,51400.0,51200.0,51200.0,14304.0
2026-09-03 10:10:00+09:00,51200.0,51300.0,51000.0,51300.0,7257.0
2026-09-03 10:15:00+09:00,51300.0,51500.0,51200.0,51300.0,7085.0
2026-09-03 10:20:00+09:00,51400.0,51400.0,51000.0,51200.0,6378.0
2026-09-03 10:25:00+09:00,51200.0,51200.0,51000.0,51050.0,2234.0
2026-09-03 10:30:00+09:00,51000.0,51200.0,51000.0,51200.0,4733.0
2026-09-03 10:35:00+09:00,51100.0,51200.0,50800.0,50800.0,10312.0
2026-09-03 10:40:00+09:00,50800.0,51500.0,50700.0,51400.0,13209.0
2026-09-03 10:45:00+09:00,51300.0,51400.0,51100.0,51300.0,6611.0
2026-09-03 10:50:00+09:00,51400.0,51400.0,50900.0,50900.0,7675.0
2026-09-03 10:55:00+09:00,51000.0,51100.0,50800.0,51100.0,3933.0
2026-09-03 11:00:00+09:00,51000.0,51100.0,50900.0,51000.0,2466.0
2026-09-03 11:05:00+09:00,51000.0,51400.0,51000.0,51400.0,5208.0
2026-09-03 11:10:00+09:00,51300.0,51500.0,51200.0,51500.0,9851.0
2026-09-03 11:15:00+09:00,51500.0,51600.0,51300.0,51500.0,8267.0
2026-09-03 11:20:00+09:00,51400.0,51600.0,51400.0,51600.0,7706.0
2026-09-03 11:25:00+09:00,51500.0,51600.0,51400.0,51400.0,3498.0
2026-09-03 11:30:00+09:00,51400.0,51500.0,51250.0,51300.0,3441.0
2026-09-03 11:35:00+09:00,51300.0,51400.0,51200.0,51200.0,2386.0
2026-09-03 11:40:00+09:00,51300.0,51300.0,51200.0,51300.0,734.0
2026-09-03 11:45:00+09:00,51300.0,51400.0,51200.0,51200.0,3610.0
2026-09-03 11:50:00+09:00,51200.0,51300.0,51200.0,51200.0,1292.0
2026-09-03 11:55:00+09:00,51300.0,51300.0,51100.0,51300.0,1795.0
2026-09-03 12:00:00+09:00,51300.0,51300.0,51100.0,51200.0,1683.0
2026-09-03 12:05:00+09:00,51200.0,51300.0,51100.0,51300.0,833.0
2026-09-03 12:10:00+09:00,51300.0,51400.0,51200.0,51300.0,1629.0
2026-09-03 12:15:00+09:00,51400.0,51500.0,51300.0,51500.0,2541.0
2026-09-03 12:20:00+09:00,51500.0,51500.0,51400.0,51500.0,1651.0
2026-09-03 12:25:00+09:00,51500.0,51500.0,51400.0,51500.0,1132.0
2026-09-03 12:30:00+09:00,51500.0,51500.0,51400.0,51400.0,2152.0
2026-09-03 12:35:00+09:00,51450.0,51500.0,51300.0,51400.0,2663.0
2026-09-03 12:40:00+09:00,51400.0,51500.0,51300.0,51400.0,3337.0
2026-09-03 12:45:00+09:00,51400.0,51500.0,51400.0,51500.0,2057.0
2026-09-03 12:50:00+09:00,51500.0,51500.0,51400.0,51500.0,2650.0
2026-09-03 12:55:00+09:00,51500.0,51500.0,51400.0,51500.0,2789.0
2026-09-03 13:00:00+09:00,51500.0,51500.0,51400.0,51400.0,1348.0
2026-09-03 13:05:00+09:00,51500.0,51600.0,51300.0,51500.0,10538.0
2026-09-03 13:10:00+09:00,51500.0,51700.0,51400.0,51700.0,4538.0
2026-09-03 13:15:00+09:00,51600.0,51700.0,51600.0,51700.0,6309.0
2026-09-03 13:20:00+09:00,51700.0,51700.0,51300.0,51400.0,7530.0
2026-09-03 13:25:00+09:00,51400.0,51400.0,51100.0,51100.0,13592.0
2026-09-03 13:30:00+09:00,51200.0,51300.0,51100.0,51200.0,4477.0
2026-09-03 13:35:00+09:00,51300.0,51300.0,51100.0,51200.0,2912.0
2026-09-03 13:40:00+09:00,51300.0,51300.0,50700.0,50900.0,19161.0
2026-09-03 13:45:00+09:00,51000.0,51100.0,50900.0,51100.0,4697.0
2026-09-03 13:50:00+09:00,51100.0,51100.0,50900.0,51000.0,5897.0
2026-09-03 13:55:00+09:00,51000.0,51100.0,50800.0,50900.0,7920.0
2026-09-03 14:00:00+09:00,50900.0,51000.0,50800.0,50900.0,4476.0
2026-09-03 14:05:00+09:00,50800.0,50900.0,50500.0,50500.0,11884.0
2026-09-03 14:10:00+09:00,50500.0,50500.0,50100.0,50200.0,18914.0
2026-09-03 14:15:00+09:00,50200.0,50300.0,49250.0,49250.0,57925.0
2026-09-03 14:20:00+09:00,49250.0,49950.0,49200.0,49450.0,29418.0
2026-09-03 14:25:00+09:00,49500.0,49650.0,49000.0,49600.0,38364.0
2026-09-03 14:30:00+09:00,49550.0,49900.0,49200.0,49900.0,22086.0
2026-09-03 14:35:00+09:00,49900.0,50100.0,49650.0,50000.0,16815.0
2026-09-03 14:40:00+09:00,50000.0,50000.0,49800.0,49950.0,8706.0
2026-09-03 14:45:00+09:00,49900.0,50400.0,49600.0,50200.0,20958.0
2026-09-03 14:50:00+09:00,50300.0,50300.0,49950.0,50200.0,6778.0
2026-09-03 14:55:00+09:00,50200.0,50300.0,49900.0,50300.0,9602.0
2026-09-04 09:00:00+09:00,50500.0,51400.0,50400.0,51100.0,55992.0
2026-09-04 09:05:00+09:00,51100.0,51500.0,50800.0,51000.0,36116.0
2026-09-04 09:10:00+09:00,50900.0,52100.0,50900.0,52000.0,57075.0
2026-09-04 09:15:00+09:00,52000.0,52300.0,51800.0,52100.0,58408.0
2026-09-04 09:20:00+09:00,52100.0,52500.0,51600.0,52400.0,56367.0
2026-09-04 09:25:00+09:00,52400.0,52400.0,51700.0,52000.0,22779.0
2026-09-04 09:30:00+09:00,51900.0,52600.0,51900.0,52400.0,40001.0
2026-09-04 09:35:00+09:00,52500.0,53000.0,52400.0,53000.0,72014.0
2026-09-04 09:40:00+09:00,53000.0,53000.0,52200.0,52300.0,33206.0
2026-09-04 09:45:00+09:00,52300.0,52500.0,52000.0,52500.0,18106.0
2026-09-04 09:50:00+09:00,52500.0,52600.0,52200.0,52400.0,17473.0
2026-09-04 09:55:00+09:00,52500.0,52500.0,52200.0,52200.0,12672.0
2026-09-04 10:00:00+09:00,52200.0,52700.0,52200.0,52500.0,25089.0
2026-09-04 10:05:00+09:00,52500.0,52600.0,52300.0,52500.0,19383.0
2026-09-04 10:10:00+09:00,52700.0,53200.0,52600.0,52900.0,84792.0
2026-09-04 10:15:00+09:00,52900.0,53000.0,52600.0,52700.0,19894.0
2026-09-04 10:20:00+09:00,52700.0,52900.0,52200.0,52300.0,18958.0
2026-09-04 10:25:00+09:00,52300.0,52600.0,52200.0,52400.0,13444.0
2026-09-04 10:30:00+09:00,52400.0,52500.0,52200.0,52400.0,11557.0
2026-09-04 10:35:00+09:00,52400.0,52500.0,52300.0,52500.0,6706.0
2026-09-04 10:40:00+09:00,52500.0,52500.0,52300.0,52300.0,4756.0
2026-09-04 10:45:00+09:00,52300.0,52300.0,52000.0,52200.0,10767.0
2026-09-04 10:50:00+09:00,52100.0,52200.0,52000.0,52200.0,9025.0
2026-09-04 10:55:00+09:00,52200.0,52300.0,52100.0,52200.0,5784.0
2026-09-04 11:00:00+09:00,52150.0,52300.0,51900.0,52000.0,10841.0
2026-09-04 11:05:00+09:00,52000.0,52000.0,51700.0,51900.0,8131.0
2026-09-04 11:10:00+09:00,52000.0,52300.0,51900.0,52100.0,5006.0
2026-09-04 11:15:00+09:00,52100.0,52300.0,52000.0,52000.0,7058.0
2026-09-04 11:20:00+09:00,52050.0,52200.0,52000.0,52100.0,5645.0
2026-09-04 11:25:00+09:00,52100.0,52200.0,52100.0,52200.0,1854.0
2026-09-04 11:30:00+09:00,52200.0,52200.0,52000.0,52100.0,4649.0
2026-09-04 11:35:00+09:00,52100.0,52200.0,52000.0,52000.0,3934.0
2026-09-04 11:40:00+09:00,52000.0,52100.0,51900.0,52000.0,3170.0
2026-09-04 11:45:00+09:00,52000.0,52500.0,51900.0,52300.0,9016.0
2026-09-04 11:50:00+09:00,52400.0,52500.0,52300.0,52300.0,3501.0
2026-09-04 11:55:00+09:00,52400.0,52400.0,52300.0,52300.0,1675.0
2026-09-04 12:00:00+09:00,52300.0,52400.0,52300.0,52400.0,2420.0
2026-09-04 12:05:00+09:00,52300.0,52400.0,52200.0,52200.0,2755.0
2026-09-04 12:10:00+09:00,52200.0,52300.0,52100.0,52200.0,2986.0
2026-09-04 12:15:00+09:00,52100.0,52400.0,52100.0,52400.0,4781.0
2026-09-04 12:20:00+09:00,52400.0,52400.0,52200.0,52200.0,1734.0
2026-09-04 12:25:00+09:00,52200.0,52300.0,52100.0,52100.0,5086.0
2026-09-04 12:30:00+09:00,52100.0,52200.0,52100.0,52100.0,2253.0
2026-09-04 12:35:00+09:00,52000.0,52200.0,52000.0,52100.0,4018.0
2026-09-04 12:40:00+09:00,52200.0,52300.0,52100.0,52300.0,2644.0
2026-09-04 12:45:00+09:00,52200.0,52500.0,52200.0,52400.0,10383.0
2026-09-04 12:50:00+09:00,52300.0,52600.0,52300.0,52600.0,11311.0
2026-09-04 12:55:00+09:00,52600.0,52600.0,52200.0,52450.0,5437.0
2026-09-04 13:00:00+09:00,52500.0,52600.0,52400.0,52500.0,5022.0
2026-09-04 13:05:00+09:00,52450.0,52600.0,52400.0,52500.0,3486.0
2026-09-04 13:10:00+09:00,52500.0,52500.0,52300.0,52500.0,2998.0
2026-09-04 13:15:00+09:00,52400.0,52500.0,52100.0,52200.0,5607.0
2026-09-04 13:20:00+09:00,52100.0,52300.0,52100.0,52200.0,16246.0
2026-09-04 13:25:00+09:00,52200.0,52300.0,52100.0,52200.0,5076.0
2026-09-04 13:30:00+09:00,52200.0,52300.0,52100.0,52100.0,4267.0
2026-09-04 13:35:00+09:00,52200.0,52200.0,52000.0,52000.0,6975.0
2026-09-04 13:40:00+09:00,52100.0,52300.0,52000.0,52300.0,2911.0
2026-09-04 13:45:00+09:00,52300.0,52300.0,52200.0,52200.0,1556.0
2026-09-04 13:50:00+09:00,52200.0,52300.0,52150.0,52300.0,2033.0
2026-09-04 13:55:00+09:00,52300.0,52300.0,52000.0,52000.0,6786.0
2026-09-04 14:00:00+09:00,52100.0,52200.0,52000.0,52200.0,3119.0
2026-09-04 14:05:00+09:00,52200.0,52200.0,52100.0,52200.0,3345.0
2026-09-04 14:10:00+09:00,52200.0,52300.0,52100.0,52300.0,4888.0
2026-09-04 14:15:00+09:00,52300.0,52500.0,52200.0,52500.0,12598.0
2026-09-04 14:20:00+09:00,52500.0,52500.0,52000.0,52100.0,16741.0
2026-09-04 14:25:00+09:00,52200.0,52400.0,52100.0,52300.0,7655.0
2026-09-04 14:30:00+09:00,52300.0,52300.0,52000.0,52000.0,7170.0
2026-09-04 14:35:00+09:00,52100.0,52200.0,52000.0,52100.0,5508.0
2026-09-04 14:40:00+09:00,52100.0,52200.0,51900.0,52000.0,6114.0
2026-09-04 14:45:00+09:00,52000.0,52100.0,51900.0,51900.0,3992.0
2026-09-04 14:50:00+09:00,51900.0,52000.0,51800.0,51900.0,6680.0
2026-09-04 14:55:00+09:00,51800.0,52100.0,51800.0,52000.0,10681.0
2026-09-07 09:00:00+09:00,52600.0,53400.0,52300.0,53100.0,0.0
2026-09-07 09:05:00+09:00,53100.0,53100.0,52600.0,52600.0,39620.0
2026-09-07 09:10:00+09:00,52600.0,53000.0,52600.0,52900.0,26138.0
2026-09-07 09:15:00+09:00,52900.0,52900.0,52300.0,52400.0,27512.0
2026-09-07 09:20:00+09:00,52500.0,52600.0,52100.0,52300.0,29467.0
2026-09-07 09:25:00+09:00,52400.0,52700.0,52300.0,52600.0,16794.0
2026-09-07 09:30:00+09:00,52600.0,52700.0,52300.0,52600.0,14279.0
2026-09-07 09:35:00+09:00,52600.0,52900.0,52600.0,52700.0,11387.0
2026-09-07 09:40:00+09:00,52700.0,52800.0,52500.0,52600.0,11768.0
2026-09-07 09:45:00+09:00,52600.0,52700.0,52400.0,52500.0,13636.0
2026-09-07 09:50:00+09:00,52500.0,52800.0,52400.0,52700.0,10125.0
2026-09-07 09:55:00+09:00,52700.0,52800.0,52600.0,52700.0,7395.0
2026-09-07 10:00:00+09:00,52700.0,52700.0,52500.0,52700.0,6167.0
2026-09-07 10:05:00+09:00,52600.0,52700.0,52400.0,52500.0,6529.0
2026-09-07 10:10:00+09:00,52500.0,52600.0,52400.0,52500.0,3947.0
2026-09-07 10:15:00+09:00,52500.0,52600.0,52400.0,52400.0,5132.0
2026-09-07 10:20:00+09:00,52500.0,52500.0,52300.0,52300.0,10052.0
2026-09-07 10:25:00+09:00,52400.0,52600.0,52300.0,52600.0,13063.0
2026-09-07 10:30:00+09:00,52600.0,52600.0,52400.0,52500.0,4361.0
2026-09-07 10:35:00+09:00,52500.0,52600.0,52500.0,52500.0,3759.0
2026-09-07 10:40:00+09:00,52500.0,52600.0,52400.0,52400.0,7125.0
2026-09-07 10:45:00+09:00,52400.0,52450.0,52200.0,52300.0,11755.0
2026-09-07 10:50:00+09:00,52300.0,52400.0,52200.0,52300.0,3385.0
2026-09-07 10:55:00+09:00,52300.0,52400.0,52200.0,52200.0,5520.0
2026-09-07 11:00:00+09:00,52300.0,52300.0,52200.0,52200.0,5205.0
2026-09-07 11:05:00+09:00,52200.0,52300.0,52100.0,52300.0,14645.0
2026-09-07 11:10:00+09:00,52300.0,52400.0,52200.0,52250.0,3552.0
2026-09-07 11:15:00+09:00,52250.0,52400.0,52200.0,52300.0,6384.0
2026-09-07 11:20:00+09:00,52200.0,52300.0,52100.0,52100.0,5479.0
2026-09-07 11:25:00+09:00,52100.0,52200.0,51900.0,51950.0,30016.0
2026-09-07 11:30:00+09:00,51900.0,52100.0,51900.0,51900.0,13631.0
2026-09-07 11:35:00+09:00,51900.0,52100.0,51700.0,52000.0,10830.0
2026-09-07 11:40:00+09:00,52000.0,52100.0,51900.0,52100.0,3576.0
2026-09-07 11:45:00+09:00,52100.0,52100.0,52000.0,52100.0,2449.0
2026-09-07 11:50:00+09:00,52100.0,52200.0,52000.0,52000.0,10110.0
2026-09-07 11:55:00+09:00,52000.0,52200.0,52000.0,52100.0,4469.0
2026-09-07 12:00:00+09:00,52000.0,52100.0,52000.0,52000.0,3943.0
2026-09-07 12:05:00+09:00,52000.0,52100.0,51900.0,52100.0,4138.0
2026-09-07 12:10:00+09:00,52000.0,52100.0,51900.0,52000.0,6486.0
2026-09-07 12:15:00+09:00,52000.0,52100.0,52000.0,52000.0,3837.0
2026-09-07 12:20:00+09:00,52000.0,52200.0,52000.0,52100.0,6806.0
2026-09-07 12:25:00+09:00,52100.0,52200.0,52000.0,52000.0,2972.0
2026-09-07 12:30:00+09:00,52100.0,52100.0,52000.0,52000.0,2450.0
2026-09-07 12:35:00+09:00,52100.0,52200.0,52000.0,52100.0,4023.0
2026-09-07 12:40:00+09:00,52100.0,52200.0,52000.0,52100.0,6563.0
2026-09-07 12:45:00+09:00,52100.0,52200.0,51800.0,52200.0,20613.0
2026-09-07 12:50:00+09:00,52200.0,52200.0,52000.0,52100.0,3320.0
2026-09-07 12:55:00+09:00,52100.0,52100.0,52000.0,52100.0,3696.0
2026-09-07 13:00:00+09:00,52100.0,52100.0,52000.0,52100.0,2609.0
2026-09-07 13:05:00+09:00,52100.0,52200.0,52000.0,52100.0,6345.0
2026-09-07 13:10:00+09:00,52100.0,52200.0,52000.0,52000.0,4661.0
2026-09-07 13:15:00+09:00,52000.0,52100.0,52000.0,52100.0,3558.0
2026-09-07 13:20:00+09:00,52000.0,52100.0,52000.0,52000.0,6256.0
2026-09-07 13:25:00+09:00,52000.0,52100.0,51900.0,51900.0,7747.0
2026-09-07 13:30:00+09:00,52000.0,52050.0,51900.0,51900.0,11028.0
2026-09-07 13:35:00+09:00,52000.0,52100.0,51900.0,52000.0,9078.0
2026-09-07 13:40:00+09:00,52000.0,52100.0,52000.0,52100.0,3890.0
2026-09-07 13:45:00+09:00,52000.0,52300.0,52000.0,52100.0,11472.0
2026-09-07 13:50:00+09:00,52050.0,52100.0,52000.0,52000.0,5459.0
2026-09-07 13:55:00+09:00,52000.0,52100.0,51800.0,51900.0,22318.0
2026-09-07 14:00:00+09:00,51800.0,51900.0,51700.0,51700.0,14824.0
2026-09-07 14:05:00+09:00,51700.0,51800.0,51700.0,51800.0,7241.0
2026-09-07 14:10:00+09:00,51700.0,51850.0,51700.0,51800.0,9921.0
2026-09-07 14:15:00+09:00,51800.0,52000.0,51800.0,51800.0,8581.0
2026-09-07 14:20:00+09:00,51800.0,52000.0,51800.0,51800.0,7736.0
2026-09-07 14:25:00+09:00,51800.0,51900.0,51700.0,51800.0,8435.0
2026-09-07 14:30:00+09:00,51900.0,51900.0,51700.0,51800.0,13740.0
2026-09-07 14:35:00+09:00,51800.0,52000.0,51800.0,52000.0,8446.0
2026-09-07 14:40:00+09:00,51900.0,52100.0,51900.0,52000.0,9830.0
2026-09-07 14:45:00+09:00,51900.0,52100.0,51900.0,52000.0,8789.0
2026-09-07 14:50:00+09:00,52000.0,52100.0,51900.0,52000.0,6888.0
2026-09-07 14:55:00+09:00,52000.0,52100.0,52000.0,52100.0,5672.0
2026-09-08 09:00:00+09:00,52500.0,52800.0,52000.0,52100.0,60356.0
2026-09-08 09:05:00+09:00,52100.0,52500.0,52100.0,52200.0,27845.0
2026-09-08 09:10:00+09:00,52200.0,52550.0,52000.0,52100.0,33060.0
2026-09-08 09:15:00+09:00,52100.0,52100.0,51800.0,51900.0,28326.0
2026-09-08 09:20:00+09:00,51800.0,51900.0,51300.0,51500.0,42280.0
2026-09-08 09:25:00+09:00,51600.0,51600.0,51500.0,51500.0,21559.0
2026-09-08 09:30:00+09:00,51600.0,51600.0,51400.0,51500.0,28564.0
2026-09-08 09:35:00+09:00,51400.0,51600.0,51200.0,51200.0,35164.0
2026-09-08 09:40:00+09:00,51200.0,51300.0,51100.0,51300.0,23591.0
2026-09-08 09:45:00+09:00,51300.0,51300.0,51100.0,51200.0,13683.0
2026-09-08 09:50:00+09:00,51200.0,51200.0,51100.0,51200.0,15210.0
2026-09-08 09:55:00+09:00,51200.0,51300.0,51000.0,51000.0,24054.0
2026-09-08 10:00:00+09:00,51100.0,51100.0,50700.0,50800.0,46106.0
2026-09-08 10:05:00+09:00,50800.0,51000.0,50800.0,50900.0,19343.0
2026-09-08 10:10:00+09:00,50800.0,51000.0,50800.0,50900.0,12491.0
2026-09-08 10:15:00+09:00,50900.0,51200.0,50900.0,51200.0,11089.0
2026-09-08 10:20:00+09:00,51200.0,51300.0,51100.0,51100.0,7701.0
2026-09-08 10:25:00+09:00,51200.0,51200.0,51100.0,51100.0,7201.0
2026-09-08 10:30:00+09:00,51100.0,51300.0,51000.0,51100.0,9967.0
2026-09-08 10:35:00+09:00,51200.0,51300.0,51100.0,51200.0,8776.0
2026-09-08 10:40:00+09:00,51200.0,51300.0,51100.0,51100.0,7028.0
2026-09-08 10:45:00+09:00,51200.0,51300.0,51100.0,51200.0,6193.0
2026-09-08 10:50:00+09:00,51100.0,51200.0,51000.0,51000.0,8856.0
2026-09-08 10:55:00+09:00,51050.0,51200.0,51000.0,51100.0,12777.0
2026-09-08 11:00:00+09:00,51200.0,51200.0,51000.0,51100.0,11369.0
2026-09-08 11:05:00+09:00,51100.0,51200.0,51000.0,51200.0,5924.0
2026-09-08 11:10:00+09:00,51100.0,51200.0,51000.0,51000.0,7460.0
2026-09-08 11:15:00+09:00,51100.0,51200.0,51000.0,51100.0,5917.0
2026-09-08 11:20:00+09:00,51100.0,51200.0,51100.0,51100.0,6895.0
2026-09-08 11:25:00+09:00,51200.0,51400.0,51000.0,51400.0,14533.0
2026-09-08 11:30:00+09:00,51300.0,51400.0,51200.0,51200.0,7230.0
2026-09-08 11:35:00+09:00,51200.0,51300.0,51100.0,51250.0,4198.0
2026-09-08 11:40:00+09:00,51300.0,51300.0,51100.0,51200.0,4621.0
2026-09-08 11:45:00+09:00,51200.0,51400.0,51100.0,51300.0,6088.0
2026-09-08 11:50:00+09:00,51300.0,51300.0,51100.0,51100.0,3919.0
2026-09-08 11:55:00+09:00,51100.0,51300.0,51100.0,51100.0,5229.0
2026-09-08 12:00:00+09:00,51100.0,51300.0,51100.0,51200.0,5770.0
2026-09-08 12:05:00+09:00,51200.0,51300.0,51000.0,51100.0,11030.0
2026-09-08 12:10:00+09:00,51100.0,51200.0,51000.0,51100.0,5793.0
2026-09-08 12:15:00+09:00,51100.0,51300.0,51000.0,51100.0,6702.0
2026-09-08 12:20:00+09:00,51100.0,51300.0,51100.0,51100.0,4045.0
2026-09-08 12:25:00+09:00,51100.0,51200.0,51100.0,51200.0,4274.0
2026-09-08 12:30:00+09:00,51200.0,51200.0,51100.0,51200.0,5349.0
2026-09-08 12:35:00+09:00,51200.0,51200.0,51000.0,51100.0,6602.0
2026-09-08 12:40:00+09:00,51100.0,51300.0,51100.0,51200.0,6863.0
2026-09-08 12:45:00+09:00,51300.0,51300.0,51200.0,51300.0,5639.0
2026-09-08 12:50:00+09:00,51300.0,51300.0,51200.0,51200.0,4063.0
2026-09-08 12:55:00+09:00,51200.0,51300.0,51200.0,51200.0,3170.0
2026-09-08 13:00:00+09:00,51200.0,51300.0,51100.0,51100.0,4685.0
2026-09-08 13:05:00+09:00,51100.0,51300.0,51100.0,51200.0,6360.0
2026-09-08 13:10:00+09:00,51200.0,51400.0,51200.0,51300.0,4793.0
2026-09-08 13:15:00+09:00,51200.0,51400.0,51200.0,51400.0,3360.0
2026-09-08 13:20:00+09:00,51400.0,51400.0,51300.0,51300.0,2653.0
2026-09-08 13:25:00+09:00,51300.0,51400.0,51300.0,51300.0,4399.0
2026-09-08 13:30:00+09:00,51300.0,51500.0,51300.0,51400.0,6835.0
2026-09-08 13:35:00+09:00,51400.0,51500.0,51200.0,51200.0,12244.0
2026-09-08 13:40:00+09:00,51250.0,51300.0,51200.0,51200.0,3138.0
2026-09-08 13:45:00+09:00,51200.0,51300.0,51200.0,51200.0,4413.0
2026-09-08 13:50:00+09:00,51200.0,51300.0,51100.0,51100.0,9225.0
2026-09-08 13:55:00+09:00,51200.0,51200.0,51100.0,51100.0,8118.0
2026-09-08 14:00:00+09:00,51100.0,51200.0,51100.0,51100.0,6204.0
2026-09-08 14:05:00+09:00,51100.0,51200.0,51100.0,51100.0,5618.0
2026-09-08 14:10:00+09:00,51100.0,51200.0,51000.0,51100.0,12786.0
2026-09-08 14:15:00+09:00,51100.0,51200.0,51000.0,51100.0,4647.0
2026-09-08 14:20:00+09:00,51100.0,51400.0,51100.0,51300.0,8816.0
2026-09-08 14:25:00+09:00,51300.0,51400.0,51300.0,51300.0,5243.0
2026-09-08 14:30:00+09:00,51300.0,51400.0,51200.0,51200.0,4645.0
2026-09-08 14:35:00+09:00,51200.0,51200.0,51100.0,51200.0,6448.0
2026-09-08 14:40:00+09:00,51100.0,51300.0,51100.0,51100.0,6206.0
2026-09-08 14:45:00+09:00,51100.0,51200.0,51000.0,51100.0,6910.0
2026-09-08 14:50:00+09:00,51100.0,51200.0,51000.0,51100.0,4794.0
2026-09-08 14:55:00+09:00,51100.0,51100.0,51000.0,51100.0,12898.0
2026-09-09 09:00:00+09:00,52100.0,52900.0,51800.0,52500.0,149666.0
2026-09-09 09:05:00+09:00,52500.0,53300.0,52400.0,53300.0,122625.0
2026-09-09 09:10:00+09:00,53200.0,53300.0,52400.0,52400.0,78804.0
2026-09-09 09:15:00+09:00,52400.0,52600.0,52100.0,52200.0,42973.0
2026-09-09 09:20:00+09:00,52200.0,52300.0,52000.0,52000.0,32577.0
2026-09-09 09:25:00+09:00,52000.0,52200.0,51600.0,52000.0,40546.0
2026-09-09 09:30:00+09:00,51950.0,52200.0,51800.0,52100.0,19121.0
2026-09-09 09:35:00+09:00,52200.0,52200.0,51900.0,52000.0,11499.0
2026-09-09 09:40:00+09:00,52000.0,52800.0,52000.0,52700.0,41499.0
2026-09-09 09:45:00+09:00,52700.0,53100.0,52600.0,53000.0,72620.0
2026-09-09 09:50:00+09:00,53000.0,53100.0,52900.0,52900.0,40965.0
2026-09-09 09:55:00+09:00,52900.0,52950.0,52600.0,52700.0,31425.0
2026-09-09 10:00:00+09:00,52800.0,52800.0,52500.0,52700.0,23138.0
2026-09-09 10:05:00+09:00,52700.0,52800.0,52500.0,52500.0,14467.0
2026-09-09 10:10:00+09:00,52550.0,52700.0,52300.0,52300.0,17410.0
2026-09-09 10:15:00+09:00,52300.0,52900.0,52300.0,52800.0,20622.0
2026-09-09 10:20:00+09:00,52800.0,52900.0,52600.0,52700.0,14067.0
2026-09-09 10:25:00+09:00,52800.0,52800.0,52600.0,52600.0,9223.0
2026-09-09 10:30:00+09:00,52600.0,52700.0,52400.0,52600.0,10736.0
2026-09-09 10:35:00+09:00,52500.0,52700.0,52500.0,52700.0,10156.0
2026-09-09 10:40:00+09:00,52700.0,52700.0,52600.0,52700.0,6178.0
2026-09-09 10:45:00+09:00,52600.0,52800.0,52500.0,52700.0,9907.0
2026-09-09 10:50:00+09:00,52700.0,52700.0,52400.0,52400.0,8427.0
2026-09-09 10:55:00+09:00,52400.0,52600.0,52300.0,52500.0,12990.0
2026-09-09 11:00:00+09:00,52500.0,52700.0,52300.0,52500.0,7705.0
2026-09-09 11:05:00+09:00,52500.0,52700.0,52400.0,52600.0,6407.0
2026-09-09 11:10:00+09:00,52600.0,52900.0,52600.0,52800.0,18512.0
2026-09-09 11:15:00+09:00,52800.0,52900.0,52700.0,52800.0,5481.0
2026-09-09 11:20:00+09:00,52800.0,53000.0,52700.0,52900.0,21097.0
2026-09-09 11:25:00+09:00,53000.0,53000.0,52800.0,52800.0,11932.0
2026-09-09 11:30:00+09:00,52900.0,53000.0,52800.0,52900.0,6970.0
2026-09-09 11:35:00+09:00,52900.0,52950.0,52700.0,52750.0,7639.0
2026-09-09 11:40:00+09:00,52750.0,52800.0,52700.0,52800.0,4572.0
2026-09-09 11:45:00+09:00,52800.0,52900.0,52700.0,52900.0,5247.0
2026-09-09 11:50:00+09:00,52900.0,53200.0,52800.0,53100.0,43177.0
2026-09-09 11:55:00+09:00,53100.0,53100.0,53000.0,53100.0,8005.0
2026-09-09 12:00:00+09:00,53000.0,53300.0,53000.0,53300.0,33045.0
2026-09-09 12:05:00+09:00,53300.0,53300.0,53000.0,53200.0,22825.0
2026-09-09 12:10:00+09:00,53150.0,53200.0,53100.0,53200.0,8866.0
2026-09-09 12:15:00+09:00,53200.0,53300.0,53100.0,53250.0,21224.0
2026-09-09 12:20:00+09:00,53200.0,53800.0,53200.0,53800.0,90792.0
2026-09-09 12:25:00+09:00,53800.0,53900.0,53600.0,53700.0,63661.0
2026-09-09 12:30:00+09:00,53700.0,53700.0,53300.0,53400.0,28343.0
2026-09-09 12:35:00+09:00,53500.0,53550.0,53300.0,53300.0,15817.0
2026-09-09 12:40:00+09:00,53300.0,53500.0,53200.0,53500.0,15427.0
2026-09-09 12:45:00+09:00,53400.0,53700.0,53400.0,53500.0,18454.0
2026-09-09 12:50:00+09:00,53500.0,53600.0,53100.0,53100.0,30776.0
2026-09-09 12:55:00+09:00,53100.0,53400.0,53100.0,53400.0,14492.0
2026-09-09 13:00:00+09:00,53400.0,53500.0,53300.0,53400.0,12584.0
2026-09-09 13:05:00+09:00,53500.0,53700.0,53400.0,53650.0,13188.0
2026-09-09 13:10:00+09:00,53650.0,53700.0,53100.0,53100.0,18745.0
2026-09-09 13:15:00+09:00,53200.0,53400.0,53100.0,53200.0,11161.0
2026-09-09 13:20:00+09:00,53200.0,53400.0,53100.0,53400.0,12523.0
2026-09-09 13:25:00+09:00,53400.0,53500.0,53300.0,53400.0,8643.0
2026-09-09 13:30:00+09:00,53500.0,53600.0,53400.0,53400.0,11352.0
2026-09-09 13:35:00+09:00,53400.0,53500.0,53300.0,53400.0,6171.0
2026-09-09 13:40:00+09:00,53400.0,53500.0,53300.0,53400.0,6473.0
2026-09-09 13:45:00+09:00,53500.0,53500.0,53300.0,53400.0,8524.0
2026-09-09 13:50:00+09:00,53300.0,53600.0,53300.0,53500.0,23426.0
2026-09-09 13:55:00+09:00,53450.0,53500.0,53300.0,53500.0,12039.0
2026-09-09 14:00:00+09:00,53400.0,53600.0,53300.0,53400.0,13534.0
2026-09-09 14:05:00+09:00,53400.0,53500.0,53300.0,53300.0,6233.0
2026-09-09 14:10:00+09:00,53400.0,53500.0,53300.0,53300.0,16655.0
2026-09-09 14:15:00+09:00,53300.0,53350.0,52700.0,52700.0,55330.0
2026-09-09 14:20:00+09:00,52700.0,52900.0,52500.0,52900.0,41180.0
2026-09-09 14:25:00+09:00,52800.0,53000.0,52800.0,53000.0,12878.0
2026-09-09 14:30:00+09:00,53000.0,53000.0,52800.0,53000.0,8144.0
2026-09-09 14:35:00+09:00,53000.0,53100.0,52900.0,53000.0,8269.0
2026-09-09 14:40:00+09:00,53100.0,53100.0,53000.0,53000.0,8277.0
2026-09-09 14:45:00+09:00,53000.0,53100.0,53000.0,53000.0,10209.0
2026-09-09 14:50:00+09:00,53100.0,53100.0,53000.0,53000.0,11362.0
2026-09-09 14:55:00+09:00,53100.0,53100.0,52800.0,53000.0,14788.0
2026-09-10 09:00:00+09:00,53700.0,54100.0,53000.0,53300.0,166381.0
2026-09-10 09:05:00+09:00,53300.0,53600.0,53200.0,53300.0,51638.0
2026-09-10 09:10:00+09:00,53300.0,53300.0,52200.0,52700.0,77863.0
2026-09-10 09:15:00+09:00,52600.0,53100.0,52600.0,52800.0,23411.0
2026-09-10 09:20:00+09:00,52800.0,53200.0,52700.0,52900.0,18472.0
2026-09-10 09:25:00+09:00,53000.0,53000.0,52500.0,52900.0,22151.0
2026-09-10 09:30:00+09:00,52900.0,53000.0,52700.0,52800.0,14888.0
2026-09-10 09:35:00+09:00,52800.0,52900.0,52400.0,52400.0,21293.0
2026-09-10 09:40:00+09:00,52400.0,52500.0,52000.0,52100.0,33782.0
2026-09-10 09:45:00+09:00,52100.0,52400.0,52100.0,52200.0,10958.0
2026-09-10 09:50:00+09:00,52200.0,52400.0,52100.0,52200.0,10477.0
2026-09-10 09:55:00+09:00,52200.0,52300.0,51900.0,51900.0,26933.0
2026-09-10 10:00:00+09:00,51900.0,52300.0,51900.0,52300.0,12429.0
2026-09-10 10:05:00+09:00,52300.0,52300.0,51600.0,51700.0,29216.0
2026-09-10 10:10:00+09:00,51600.0,51700.0,51300.0,51300.0,38131.0
2026-09-10 10:15:00+09:00,51400.0,51500.0,51100.0,51400.0,25863.0
2026-09-10 10:20:00+09:00,51300.0,51400.0,51200.0,51400.0,12601.0
2026-09-10 10:25:00+09:00,51400.0,51500.0,51000.0,51100.0,25173.0
2026-09-10 10:30:00+09:00,51100.0,51500.0,51100.0,51400.0,10091.0
2026-09-10 10:35:00+09:00,51400.0,51400.0,51200.0,51300.0,5679.0
2026-09-10 10:40:00+09:00,51200.0,51600.0,51200.0,51500.0,8781.0
2026-09-10 10:45:00+09:00,51500.0,51700.0,51400.0,51700.0,6075.0
2026-09-10 10:50:00+09:00,51700.0,51800.0,51400.0,51400.0,8696.0
2026-09-10 10:55:00+09:00,51400.0,51800.0,51400.0,51700.0,4310.0
2026-09-10 11:00:00+09:00,51700.0,51800.0,51500.0,51700.0,5473.0
2026-09-10 11:05:00+09:00,51700.0,51700.0,51300.0,51400.0,9080.0
2026-09-10 11:10:00+09:00,51450.0,51600.0,51400.0,51400.0,5119.0
2026-09-10 11:15:00+09:00,51400.0,51500.0,51300.0,51500.0,6643.0
2026-09-10 11:20:00+09:00,51500.0,51600.0,51400.0,51600.0,4455.0
2026-09-10 11:25:00+09:00,51600.0,51600.0,51400.0,51500.0,4361.0
2026-09-10 11:30:00+09:00,51500.0,51500.0,51200.0,51400.0,12211.0
2026-09-10 11:35:00+09:00,51400.0,51600.0,51300.0,51400.0,14682.0
2026-09-10 11:40:00+09:00,51500.0,51600.0,51400.0,51600.0,6939.0
2026-09-10 11:45:00+09:00,51600.0,51700.0,51500.0,51700.0,4726.0
2026-09-10 11:50:00+09:00,51700.0,51700.0,51500.0,51600.0,6321.0
2026-09-10 11:55:00+09:00,51550.0,51600.0,51100.0,51200.0,22781.0
2026-09-10 12:00:00+09:00,51200.0,51500.0,51100.0,51400.0,11790.0
2026-09-10 12:05:00+09:00,51400.0,51600.0,51300.0,51600.0,11354.0
2026-09-10 12:10:00+09:00,51600.0,51700.0,51500.0,51700.0,8369.0
2026-09-10 12:15:00+09:00,51700.0,51700.0,51500.0,51600.0,6991.0
2026-09-10 12:20:00+09:00,51600.0,51700.0,51500.0,51600.0,11100.0
2026-09-10 12:25:00+09:00,51650.0,51700.0,51500.0,51600.0,5825.0
2026-09-10 12:30:00+09:00,51500.0,51600.0,51300.0,51500.0,18174.0
2026-09-10 12:35:00+09:00,51450.0,51600.0,51400.0,51500.0,3521.0
2026-09-10 12:40:00+09:00,51600.0,51600.0,51400.0,51600.0,10081.0
2026-09-10 12:45:00+09:00,51600.0,51700.0,51500.0,51600.0,8012.0
2026-09-10 12:50:00+09:00,51600.0,51700.0,51500.0,51600.0,3949.0
2026-09-10 12:55:00+09:00,51700.0,51700.0,51600.0,51600.0,4915.0
2026-09-10 13:00:00+09:00,51700.0,51700.0,51500.0,51700.0,5333.0
2026-09-10 13:05:00+09:00,51700.0,51700.0,51600.0,51700.0,2650.0
2026-09-10 13:10:00+09:00,51600.0,51700.0,51500.0,51600.0,11437.0
2026-09-10 13:15:00+09:00,51600.0,51600.0,51400.0,51500.0,3435.0
2026-09-10 13:20:00+09:00,51600.0,51700.0,51400.0,51700.0,4478.0
2026-09-10 13:25:00+09:00,51700.0,51700.0,51500.0,51700.0,2906.0
2026-09-10 13:30:00+09:00,51700.0,51800.0,51600.0,51800.0,4777.0
2026-09-10 13:35:00+09:00,51700.0,51900.0,51700.0,51800.0,4373.0
2026-09-10 13:40:00+09:00,51800.0,51800.0,51700.0,51700.0,5120.0
2026-09-10 13:45:00+09:00,51800.0,51800.0,51600.0,51700.0,9126.0
2026-09-10 13:50:00+09:00,51700.0,51700.0,51600.0,51600.0,3840.0
2026-09-10 13:55:00+09:00,51700.0,51800.0,51600.0,51700.0,5857.0
2026-09-10 14:00:00+09:00,51700.0,51800.0,51700.0,51800.0,3042.0
2026-09-10 14:05:00+09:00,51700.0,51800.0,51600.0,51600.0,9564.0
2026-09-10 14:10:00+09:00,51700.0,51800.0,51600.0,51700.0,5694.0
2026-09-10 14:15:00+09:00,51700.0,51800.0,51650.0,51700.0,3952.0
2026-09-10 14:20:00+09:00,51750.0,51900.0,51600.0,51900.0,10647.0
2026-09-10 14:25:00+09:00,51900.0,52000.0,51800.0,51900.0,6729.0
2026-09-10 14:30:00+09:00,52000.0,52200.0,51900.0,52200.0,14020.0
2026-09-10 14:35:00+09:00,52100.0,52200.0,51800.0,51800.0,11266.0
2026-09-10 14:40:00+09:00,51800.0,51850.0,51800.0,51850.0,6173.0
2026-09-10 14:45:00+09:00,51800.0,52000.0,51800.0,51900.0,6458.0
2026-09-10 14:50:00+09:00,52000.0,52000.0,51700.0,51800.0,13999.0
2026-09-10 14:55:00+09:00,51800.0,51800.0,51700.0,51800.0,8177.0
2026-09-11 09:00:00+09:00,51300.0,52700.0,51300.0,52300.0,166279.0
2026-09-11 09:05:00+09:00,52200.0,52400.0,51800.0,51900.0,51397.0
2026-09-11 09:10:00+09:00,52000.0,52200.0,51800.0,51900.0,26702.0
2026-09-11 09:15:00+09:00,51900.0,52300.0,51800.0,52300.0,28438.0
2026-09-11 09:20:00+09:00,52300.0,52300.0,51600.0,51700.0,29024.0
2026-09-11 09:25:00+09:00,51800.0,52050.0,51500.0,51900.0,23208.0
2026-09-11 09:30:00+09:00,51900.0,53700.0,51800.0,53100.0,173329.0
2026-09-11 09:35:00+09:00,53100.0,53400.0,52300.0,52500.0,88644.0
2026-09-11 09:40:00+09:00,52600.0,52650.0,52100.0,52100.0,41574.0
2026-09-11 09:45:00+09:00,52200.0,52500.0,52000.0,52400.0,20663.0
2026-09-11 09:50:00+09:00,52500.0,53800.0,52400.0,53550.0,95566.0
2026-09-11 09:55:00+09:00,53550.0,53700.0,53100.0,53200.0,72802.0
2026-09-11 10:00:00+09:00,53300.0,53500.0,52800.0,53400.0,36354.0
2026-09-11 10:05:00+09:00,53400.0,53500.0,53200.0,53200.0,22891.0
2026-09-11 10:10:00+09:00,53300.0,53600.0,53200.0,53550.0,41048.0
2026-09-11 10:15:00+09:00,53550.0,53700.0,53300.0,53500.0,28398.0
2026-09-11 10:20:00+09:00,53500.0,53900.0,53300.0,53700.0,100097.0
2026-09-11 10:25:00+09:00,53700.0,53900.0,53300.0,53400.0,40465.0
2026-09-11 10:30:00+09:00,53400.0,53600.0,53100.0,53600.0,20680.0
2026-09-11 10:35:00+09:00,53500.0,53600.0,53100.0,53100.0,15728.0
2026-09-11 10:40:00+09:00,53100.0,53300.0,53000.0,53300.0,19932.0
2026-09-11 10:45:00+09:00,53300.0,53900.0,53200.0,53700.0,38948.0
2026-09-11 10:50:00+09:00,53700.0,54500.0,53700.0,54400.0,116669.0
2026-09-11 10:55:00+09:00,54500.0,54500.0,53800.0,54100.0,64214.0
2026-09-11 11:00:00+09:00,54100.0,54100.0,53600.0,53900.0,33168.0
2026-09-11 11:05:00+09:00,53800.0,53900.0,53700.0,53700.0,14291.0
2026-09-11 11:10:00+09:00,53700.0,54200.0,53700.0,54100.0,28786.0
2026-09-11 11:15:00+09:00,54100.0,54200.0,53600.0,53700.0,18203.0
2026-09-11 11:20:00+09:00,53800.0,54100.0,53700.0,53800.0,16250.0
2026-09-11 11:25:00+09:00,53800.0,54000.0,53800.0,53900.0,14189.0
2026-09-11 11:30:00+09:00,53900.0,53900.0,53500.0,53600.0,24924.0
2026-09-11 11:35:00+09:00,53600.0,53700.0,53400.0,53400.0,14855.0
2026-09-11 11:40:00+09:00,53400.0,53600.0,53400.0,53500.0,11838.0
2026-09-11 11:45:00+09:00,53500.0,53500.0,53200.0,53300.0,15093.0
2026-09-11 11:50:00+09:00,53400.0,53600.0,53300.0,53500.0,14106.0
2026-09-11 11:55:00+09:00,53600.0,53600.0,53300.0,53300.0,8032.0
2026-09-11 12:00:00+09:00,53400.0,53500.0,53300.0,53500.0,6390.0
2026-09-11 12:05:00+09:00,53400.0,53500.0,53300.0,53500.0,6823.0
2026-09-11 12:10:00+09:00,53500.0,53500.0,53000.0,53100.0,18911.0
2026-09-11 12:15:00+09:00,53100.0,53300.0,53000.0,53300.0,7660.0
2026-09-11 12:20:00+09:00,53200.0,53300.0,52800.0,53100.0,23398.0
2026-09-11 12:25:00+09:00,53100.0,53100.0,52900.0,53100.0,8978.0
2026-09-11 12:30:00+09:00,53000.0,53100.0,52600.0,52600.0,18127.0
2026-09-11 12:35:00+09:00,52600.0,52900.0,52600.0,52800.0,14159.0
2026-09-11 12:40:00+09:00,52800.0,53000.0,52700.0,53000.0,7490.0
2026-09-11 12:45:00+09:00,53000.0,53300.0,52900.0,53200.0,8499.0
2026-09-11 12:50:00+09:00,53200.0,53200.0,53000.0,53200.0,5566.0
2026-09-11 12:55:00+09:00,53200.0,53300.0,53100.0,53300.0,6401.0
2026-09-11 13:00:00+09:00,53300.0,53400.0,53100.0,53300.0,8560.0
2026-09-11 13:05:00+09:00,53400.0,53400.0,53100.0,53200.0,10039.0
2026-09-11 13:10:00+09:00,53200.0,53500.0,53100.0,53400.0,5971.0
2026-09-11 13:15:00+09:00,53400.0,53500.0,53300.0,53400.0,6933.0
2026-09-11 13:20:00+09:00,53300.0,53500.0,53200.0,53200.0,8552.0
2026-09-11 13:25:00+09:00,53400.0,53400.0,53200.0,53400.0,7210.0
2026-09-11 13:30:00+09:00,53400.0,53400.0,53200.0,53300.0,7930.0
2026-09-11 13:35:00+09:00,53300.0,53400.0,52700.0,52800.0,16012.0
2026-09-11 13:40:00+09:00,52800.0,52800.0,52400.0,52500.0,29437.0
2026-09-11 13:45:00+09:00,52600.0,52700.0,52400.0,52500.0,13196.0
2026-09-11 13:50:00+09:00,52550.0,52700.0,52500.0,52600.0,12247.0
2026-09-11 13:55:00+09:00,52600.0,52700.0,52300.0,52300.0,29100.0
2026-09-11 14:00:00+09:00,52300.0,52500.0,52200.0,52400.0,10880.0
2026-09-11 14:05:00+09:00,52500.0,52600.0,52400.0,52500.0,7954.0
2026-09-11 14:10:00+09:00,52500.0,52500.0,52200.0,52300.0,8273.0
2026-09-11 14:15:00+09:00,52300.0,52400.0,52200.0,52300.0,11026.0
2026-09-11 14:20:00+09:00,52400.0,52400.0,52200.0,52200.0,7378.0
2026-09-11 14:25:00+09:00,52300.0,52300.0,52000.0,52100.0,24833.0
2026-09-11 14:30:00+09:00,52100.0,52200.0,52000.0,52200.0,10277.0
2026-09-11 14:35:00+09:00,52200.0,52300.0,52100.0,52100.0,9302.0
2026-09-11 14:40:00+09:00,52100.0,52400.0,52100.0,52300.0,8222.0
2026-09-11 14:45:00+09:00,52300.0,52300.0,52000.0,52100.0,20490.0
2026-09-11 14:50:00+09:00,52100.0,52300.0,52000.0,52300.0,14941.0
2026-09-11 14:55:00+09:00,52300.0,52300.0,52100.0,52100.0,13143.0
2026-09-14 09:00:00+09:00,51900.0,51900.0,50200.0,50600.0,0.0
2026-09-14 09:05:00+09:00,50600.0,51300.0,50500.0,51200.0,28744.0
2026-09-14 09:10:00+09:00,51300.0,51300.0,50800.0,50900.0,24373.0
2026-09-14 09:15:00+09:00,50900.0,51000.0,50800.0,50800.0,14086.0
2026-09-14 09:20:00+09:00,50900.0,50900.0,50300.0,50500.0,28498.0
2026-09-14 09:25:00+09:00,50500.0,50600.0,50200.0,50200.0,23460.0
2026-09-14 09:30:00+09:00,50200.0,50900.0,50200.0,50700.0,11454.0
2026-09-14 09:35:00+09:00,50700.0,50700.0,50400.0,50400.0,9362.0
2026-09-14 09:40:00+09:00,50400.0,50800.0,50400.0,50700.0,10001.0
2026-09-14 09:45:00+09:00,50800.0,50800.0,50600.0,50600.0,6627.0
2026-09-14 09:50:00+09:00,50600.0,50700.0,50500.0,50600.0,4481.0
2026-09-14 09:55:00+09:00,50600.0,50600.0,50400.0,50400.0,9670.0
2026-09-14 10:00:00+09:00,50400.0,50700.0,50400.0,50700.0,5959.0
2026-09-14 10:05:00+09:00,50700.0,50700.0,50300.0,50400.0,11304.0
2026-09-14 10:10:00+09:00,50400.0,50500.0,50300.0,50300.0,9986.0
2026-09-14 10:15:00+09:00,50300.0,50350.0,50100.0,50200.0,32335.0
2026-09-14 10:20:00+09:00,50200.0,50400.0,50100.0,50400.0,6299.0
2026-09-14 10:25:00+09:00,50400.0,50600.0,50300.0,50500.0,4660.0
2026-09-14 10:30:00+09:00,50500.0,50500.0,50300.0,50500.0,3698.0
2026-09-14 10:35:00+09:00,50400.0,50500.0,50300.0,50500.0,3642.0
2026-09-14 10:40:00+09:00,50500.0,50500.0,50400.0,50500.0,5121.0
2026-09-14 10:45:00+09:00,50400.0,50600.0,50400.0,50400.0,6310.0
2026-09-14 10:50:00+09:00,50400.0,50600.0,50400.0,50500.0,3091.0
2026-09-14 10:55:00+09:00,50500.0,50700.0,50400.0,50600.0,4654.0
2026-09-14 11:00:00+09:00,50600.0,50700.0,50500.0,50700.0,3198.0
2026-09-14 11:05:00+09:00,50700.0,50800.0,50600.0,50800.0,5737.0
2026-09-14 11:10:00+09:00,50800.0,51000.0,50700.0,50950.0,6391.0
2026-09-14 11:15:00+09:00,51000.0,51100.0,50800.0,50800.0,6257.0
2026-09-14 11:20:00+09:00,50800.0,51000.0,50800.0,50900.0,4793.0
2026-09-14 11:25:00+09:00,50800.0,50900.0,50800.0,50800.0,2586.0
2026-09-14 11:30:00+09:00,50800.0,51000.0,50800.0,50900.0,3685.0
2026-09-14 11:35:00+09:00,50900.0,51000.0,50800.0,50900.0,4243.0
2026-09-14 11:40:00+09:00,50900.0,51000.0,50700.0,50900.0,5904.0
2026-09-14 11:45:00+09:00,51000.0,51000.0,50800.0,51000.0,2756.0
2026-09-14 11:50:00+09:00,50900.0,51100.0,50800.0,50900.0,5069.0
2026-09-14 11:55:00+09:00,50900.0,51000.0,50800.0,50900.0,2305.0
2026-09-14 12:00:00+09:00,50900.0,51000.0,50800.0,50800.0,2900.0
2026-09-14 12:05:00+09:00,50800.0,50900.0,50700.0,50800.0,4284.0
2026-09-14 12:10:00+09:00,50800.0,50900.0,50700.0,50700.0,2785.0
2026-09-14 12:15:00+09:00,50700.0,50900.0,50700.0,50800.0,7207.0
2026-09-14 12:20:00+09:00,50900.0,51000.0,50700.0,50900.0,5393.0
2026-09-14 12:25:00+09:00,50900.0,51000.0,50700.0,50800.0,4532.0
2026-09-14 12:30:00+09:00,50800.0,51000.0,50800.0,50800.0,3868.0
2026-09-14 12:35:00+09:00,50900.0,50900.0,50700.0,50800.0,2557.0
2026-09-14 12:40:00+09:00,50700.0,50800.0,50600.0,50800.0,6663.0
2026-09-14 12:45:00+09:00,50700.0,50800.0,50600.0,50700.0,6666.0
2026-09-14 12:50:00+09:00,50600.0,50800.0,50600.0,50700.0,2966.0
2026-09-14 12:55:00+09:00,50700.0,50800.0,50600.0,50700.0,2090.0
2026-09-14 13:00:00+09:00,50700.0,50700.0,50600.0,50700.0,2160.0
2026-09-14 13:05:00+09:00,50700.0,50700.0,50600.0,50700.0,3340.0
2026-09-14 13:10:00+09:00,50600.0,50800.0,50600.0,50700.0,4017.0
2026-09-14 13:15:00+09:00,50750.0,50800.0,50600.0,50700.0,4271.0
2026-09-14 13:20:00+09:00,50650.0,50800.0,50600.0,50700.0,2096.0
2026-09-14 13:25:00+09:00,50700.0,50900.0,50700.0,50800.0,3592.0
2026-09-14 13:30:00+09:00,50800.0,50800.0,50600.0,50600.0,5790.0
2026-09-14 13:35:00+09:00,50600.0,50700.0,50600.0,50600.0,2426.0
2026-09-14 13:40:00+09:00,50600.0,50700.0,50600.0,50600.0,4275.0
2026-09-14 13:45:00+09:00,50600.0,50700.0,50600.0,50600.0,3337.0
2026-09-14 13:50:00+09:00,50700.0,50700.0,50500.0,50600.0,6022.0
2026-09-14 13:55:00+09:00,50600.0,50600.0,50500.0,50500.0,3102.0
2026-09-14 14:00:00+09:00,50500.0,50700.0,50500.0,50700.0,2972.0
2026-09-14 14:05:00+09:00,50600.0,50700.0,50500.0,50600.0,3826.0
2026-09-14 14:10:00+09:00,50500.0,50700.0,50500.0,50600.0,8016.0
2026-09-14 14:15:00+09:00,50600.0,50700.0,50500.0,50500.0,6085.0
2026-09-14 14:20:00+09:00,50500.0,50600.0,50300.0,50300.0,41359.0
2026-09-14 14:25:00+09:00,50350.0,50450.0,50300.0,50300.0,8399.0
2026-09-14 14:30:00+09:00,50300.0,50400.0,50200.0,50300.0,7531.0
2026-09-14 14:35:00+09:00,50300.0,50500.0,50300.0,50400.0,6899.0
2026-09-14 14:40:00+09:00,50300.0,50500.0,50300.0,50400.0,4883.0
2026-09-14 14:45:00+09:00,50300.0,50500.0,50300.0,50400.0,6890.0
2026-09-14 14:50:00+09:00,50300.0,50400.0,50300.0,50300.0,8378.0
2026-09-14 14:55:00+09:00,50300.0,50400.0,50200.0,50300.0,8509.0
2026-09-15 09:00:00+09:00,50200.0,50600.0,49850.0,50100.0,28656.0
2026-09-15 09:05:00+09:00,50200.0,50200.0,49800.0,50000.0,20642.0
2026-09-15 09:10:00+09:00,50000.0,50300.0,49850.0,50300.0,13558.0
2026-09-15 09:15:00+09:00,50200.0,50400.0,50200.0,50300.0,6542.0
2026-09-15 09:20:00+09:00,50300.0,50400.0,50200.0,50300.0,8877.0
2026-09-15 09:25:00+09:00,50300.0,50700.0,50200.0,50600.0,14970.0
2026-09-15 09:30:00+09:00,50500.0,50700.0,50400.0,50600.0,7149.0
2026-09-15 09:35:00+09:00,50600.0,50750.0,50600.0,50700.0,4987.0
2026-09-15 09:40:00+09:00,50700.0,50700.0,50500.0,50600.0,5715.0
2026-09-15 09:45:00+09:00,50600.0,50800.0,50400.0,50600.0,8533.0
2026-09-15 09:50:00+09:00,50600.0,50700.0,50500.0,50500.0,5597.0
2026-09-15 09:55:00+09:00,50500.0,50500.0,50300.0,50400.0,4853.0
2026-09-15 10:00:00+09:00,50400.0,50500.0,50300.0,50500.0,4043.0
2026-09-15 10:05:00+09:00,50500.0,50700.0,50400.0,50700.0,4792.0
2026-09-15 10:10:00+09:00,50600.0,50700.0,50600.0,50700.0,3276.0
2026-09-15 10:15:00+09:00,50600.0,50700.0,50500.0,50500.0,5896.0
2026-09-15 10:20:00+09:00,50600.0,50600.0,50400.0,50600.0,5218.0
2026-09-15 10:25:00+09:00,50400.0,50600.0,50400.0,50550.0,2213.0
2026-09-15 10:30:00+09:00,50550.0,50600.0,50400.0,50600.0,3976.0
2026-09-15 10:35:00+09:00,50600.0,50600.0,50400.0,50400.0,3524.0
2026-09-15 10:40:00+09:00,50400.0,50400.0,50100.0,50300.0,9137.0
2026-09-15 10:45:00+09:00,50300.0,50300.0,50200.0,50300.0,5132.0
2026-09-15 10:50:00+09:00,50200.0,50300.0,50100.0,50300.0,7689.0
2026-09-15 10:55:00+09:00,50300.0,50400.0,50200.0,50400.0,5737.0
2026-09-15 11:00:00+09:00,50400.0,50800.0,50200.0,50800.0,10815.0
2026-09-15 11:05:00+09:00,50800.0,50800.0,50600.0,50800.0,7558.0
2026-09-15 11:10:00+09:00,50800.0,50800.0,50600.0,50750.0,5183.0
2026-09-15 11:15:00+09:00,50750.0,50800.0,50700.0,50800.0,6137.0
2026-09-15 11:20:00+09:00,50800.0,50800.0,50500.0,50600.0,3377.0
2026-09-15 11:25:00+09:00,50600.0,50700.0,50500.0,50700.0,2627.0
2026-09-15 11:30:00+09:00,50700.0,50700.0,50600.0,50650.0,2781.0
2026-09-15 11:35:00+09:00,50600.0,50700.0,50550.0,50700.0,2602.0
2026-09-15 11:40:00+09:00,50700.0,50800.0,50600.0,50650.0,4479.0
2026-09-15 11:45:00+09:00,50650.0,50700.0,50600.0,50700.0,1602.0
2026-09-15 11:50:00+09:00,50700.0,50700.0,50500.0,50600.0,3990.0
2026-09-15 11:55:00+09:00,50600.0,50600.0,50400.0,50500.0,1638.0
2026-09-15 12:00:00+09:00,50500.0,50550.0,50500.0,50550.0,1463.0
2026-09-15 12:05:00+09:00,50550.0,50600.0,50500.0,50550.0,2285.0
2026-09-15 12:10:00+09:00,50500.0,50600.0,50400.0,50500.0,3868.0
2026-09-15 12:15:00+09:00,50500.0,50500.0,50400.0,50400.0,1649.0
2026-09-15 12:20:00+09:00,50450.0,50450.0,50300.0,50300.0,2980.0
2026-09-15 12:25:00+09:00,50350.0,50400.0,50300.0,50300.0,2653.0
2026-09-15 12:30:00+09:00,50300.0,50500.0,50300.0,50450.0,3517.0
2026-09-15 12:35:00+09:00,50450.0,50500.0,50300.0,50400.0,1793.0
2026-09-15 12:40:00+09:00,50350.0,50400.0,50300.0,50300.0,1391.0
2026-09-15 12:45:00+09:00,50300.0,50400.0,50300.0,50400.0,2652.0
2026-09-15 12:50:00+09:00,50400.0,50500.0,50300.0,50300.0,2758.0
2026-09-15 12:55:00+09:00,50300.0,50350.0,50200.0,50250.0,3162.0
2026-09-15 13:00:00+09:00,50200.0,50400.0,50200.0,50350.0,2516.0
2026-09-15 13:05:00+09:00,50350.0,50400.0,50200.0,50250.0,3237.0
2026-09-15 13:10:00+09:00,50250.0,50300.0,50200.0,50200.0,5209.0
2026-09-15 13:15:00+09:00,50200.0,50300.0,50100.0,50150.0,3523.0
2026-09-15 13:20:00+09:00,50150.0,50200.0,50000.0,50100.0,6044.0
2026-09-15 13:25:00+09:00,50100.0,50100.0,50000.0,50100.0,5038.0
2026-09-15 13:30:00+09:00,50100.0,50200.0,50000.0,50100.0,3276.0
2026-09-15 13:35:00+09:00,50200.0,50200.0,50000.0,50000.0,4914.0
2026-09-15 13:40:00+09:00,50000.0,50100.0,50000.0,50100.0,7871.0
2026-09-15 13:45:00+09:00,50100.0,50200.0,50000.0,50100.0,5786.0
2026-09-15 13:50:00+09:00,50100.0,50200.0,50000.0,50000.0,4545.0
2026-09-15 13:55:00+09:00,50100.0,50100.0,50000.0,50000.0,2440.0
2026-09-15 14:00:00+09:00,50100.0,50100.0,50000.0,50000.0,1687.0
2026-09-15 14:05:00+09:00,50000.0,50100.0,49950.0,50000.0,4710.0
2026-09-15 14:10:00+09:00,49950.0,50000.0,49900.0,49900.0,7681.0
2026-09-15 14:15:00+09:00,49900.0,49950.0,49850.0,49900.0,9594.0
2026-09-15 14:20:00+09:00,49900.0,49900.0,49850.0,49850.0,5453.0
2026-09-15 14:25:00+09:00,49875.0,50100.0,49800.0,50100.0,10382.0
2026-09-15 14:30:00+09:00,50000.0,50200.0,50000.0,50100.0,2920.0
2026-09-15 14:35:00+09:00,50200.0,50200.0,50100.0,50200.0,1784.0
2026-09-15 14:40:00+09:00,50200.0,50300.0,50100.0,50300.0,3840.0
2026-09-15 14:45:00+09:00,50300.0,50400.0,50200.0,50300.0,5991.0
2026-09-15 14:50:00+09:00,50300.0,50300.0,50200.0,50300.0,3124.0
2026-09-15 14:55:00+09:00,50300.0,50400.0,50200.0,50200.0,5438.0
2026-09-16 09:00:00+09:00,50200.0,50400.0,49900.0,50100.0,18485.0
2026-09-16 09:05:00+09:00,50200.0,50200.0,49550.0,49600.0,18282.0
2026-09-16 09:10:00+09:00,49600.0,49800.0,49200.0,49800.0,21842.0
2026-09-16 09:15:00+09:00,49800.0,50200.0,49750.0,49800.0,12743.0
2026-09-16 09:20:00+09:00,49900.0,50200.0,49800.0,49850.0,9294.0
2026-09-16 09:25:00+09:00,49850.0,49850.0,49400.0,49500.0,17619.0
2026-09-16 09:30:00+09:00,49550.0,49700.0,49450.0,49550.0,8851.0
2026-09-16 09:35:00+09:00,49500.0,49850.0,49450.0,49850.0,13314.0
2026-09-16 09:40:00+09:00,49850.0,49850.0,49650.0,49650.0,3858.0
2026-09-16 09:45:00+09:00,49600.0,49650.0,49400.0,49450.0,11875.0
2026-09-16 09:50:00+09:00,49450.0,49450.0,49000.0,49000.0,36794.0
2026-09-16 09:55:00+09:00,49050.0,49150.0,49000.0,49000.0,15178.0
2026-09-16 10:00:00+09:00,49100.0,49150.0,49000.0,49100.0,9457.0
2026-09-16 10:05:00+09:00,49100.0,49200.0,49100.0,49200.0,4104.0
2026-09-16 10:10:00+09:00,49200.0,49300.0,49050.0,49250.0,11845.0
2026-09-16 10:15:00+09:00,49200.0,49200.0,48500.0,48600.0,41835.0
2026-09-16 10:20:00+09:00,48650.0,48650.0,48200.0,48550.0,30512.0
2026-09-16 10:25:00+09:00,48550.0,48900.0,48500.0,48850.0,8928.0
2026-09-16 10:30:00+09:00,48850.0,48950.0,48800.0,48950.0,4970.0
2026-09-16 10:35:00+09:00,48900.0,49000.0,48650.0,48700.0,8251.0
2026-09-16 10:40:00+09:00,48700.0,48700.0,48500.0,48500.0,9896.0
2026-09-16 10:45:00+09:00,48500.0,48750.0,48500.0,48700.0,5703.0
2026-09-16 10:50:00+09:00,48700.0,48750.0,48550.0,48600.0,6246.0
2026-09-16 10:55:00+09:00,48600.0,48600.0,48400.0,48400.0,12071.0
2026-09-16 11:00:00+09:00,48450.0,48700.0,48350.0,48500.0,9188.0
2026-09-16 11:05:00+09:00,48500.0,48600.0,48450.0,48500.0,9270.0
2026-09-16 11:10:00+09:00,48500.0,48550.0,48450.0,48550.0,3128.0
2026-09-16 11:15:00+09:00,48500.0,48700.0,48500.0,48650.0,6097.0
2026-09-16 11:20:00+09:00,48650.0,48750.0,48600.0,48750.0,2916.0
2026-09-16 11:25:00+09:00,48750.0,48900.0,48700.0,48900.0,3119.0
2026-09-16 11:30:00+09:00,48900.0,49150.0,48850.0,49100.0,5308.0
2026-09-16 11:35:00+09:00,49100.0,49100.0,48950.0,49050.0,3978.0
2026-09-16 11:40:00+09:00,49050.0,49100.0,48850.0,48900.0,4170.0
2026-09-16 11:45:00+09:00,48850.0,49050.0,48850.0,49000.0,2015.0
2026-09-16 11:50:00+09:00,49000.0,49050.0,48900.0,48950.0,1985.0
2026-09-16 11:55:00+09:00,48950.0,49000.0,48900.0,48950.0,2130.0
2026-09-16 12:00:00+09:00,49000.0,49000.0,48950.0,49000.0,1976.0
2026-09-16 12:05:00+09:00,49050.0,49050.0,49000.0,49050.0,1401.0
2026-09-16 12:10:00+09:00,49050.0,49100.0,49000.0,49100.0,2447.0
2026-09-16 12:15:00+09:00,49100.0,49150.0,49050.0,49100.0,3006.0
2026-09-16 12:20:00+09:00,49100.0,49150.0,49050.0,49100.0,2287.0
2026-09-16 12:25:00+09:00,49100.0,49150.0,49050.0,49100.0,1598.0
2026-09-16 12:30:00+09:00,49100.0,49200.0,49100.0,49150.0,2716.0
2026-09-16 12:35:00+09:00,49150.0,49200.0,49100.0,49150.0,2690.0
2026-09-16 12:40:00+09:00,49150.0,49200.0,49050.0,49050.0,3516.0
2026-09-16 12:45:00+09:00,49100.0,49150.0,49050.0,49100.0,2147.0
2026-09-16 12:50:00+09:00,49100.0,49100.0,49050.0,49100.0,2123.0
2026-09-16 12:55:00+09:00,49050.0,49300.0,49050.0,49250.0,5993.0
2026-09-16 13:00:00+09:00,49250.0,49350.0,49200.0,49350.0,2409.0
2026-09-16 13:05:00+09:00,49300.0,49400.0,49300.0,49400.0,3741.0
2026-09-16 13:10:00+09:00,49400.0,49475.0,49350.0,49350.0,8869.0
2026-09-16 13:15:00+09:00,49400.0,49400.0,49225.0,49300.0,3472.0
2026-09-16 13:20:00+09:00,49250.0,49300.0,49200.0,49250.0,3055.0
2026-09-16 13:25:00+09:00,49250.0,49250.0,49100.0,49125.0,3852.0
2026-09-16 13:30:00+09:00,49125.0,49200.0,49100.0,49150.0,1902.0
2026-09-16 13:35:00+09:00,49150.0,49150.0,49000.0,49050.0,4652.0
2026-09-16 13:40:00+09:00,49050.0,49100.0,49000.0,49050.0,2580.0
2026-09-16 13:45:00+09:00,49050.0,49050.0,49000.0,49050.0,2281.0
2026-09-16 13:50:00+09:00,49000.0,49050.0,49000.0,49000.0,7674.0
2026-09-16 13:55:00+09:00,49000.0,49000.0,48800.0,48850.0,7695.0
2026-09-16 14:00:00+09:00,48850.0,48850.0,48800.0,48800.0,3180.0
2026-09-16 14:05:00+09:00,48800.0,48900.0,48750.0,48800.0,2809.0
2026-09-16 14:10:00+09:00,48800.0,49050.0,48800.0,49000.0,4125.0
2026-09-16 14:15:00+09:00,49000.0,49100.0,49000.0,49050.0,4296.0
2026-09-16 14:20:00+09:00,49050.0,49100.0,48900.0,48900.0,4460.0
2026-09-16 14:25:00+09:00,48900.0,48950.0,48900.0,48900.0,2375.0
2026-09-16 14:30:00+09:00,48900.0,48950.0,48850.0,48950.0,3930.0
2026-09-16 14:35:00+09:00,48900.0,48950.0,48900.0,48900.0,2342.0
2026-09-16 14:40:00+09:00,48900.0,49000.0,48900.0,49000.0,3311.0
2026-09-16 14:45:00+09:00,49000.0,49000.0,48900.0,48950.0,3809.0
2026-09-16 14:50:00+09:00,48950.0,48950.0,48750.0,48800.0,12650.0
2026-09-16 14:55:00+09:00,48800.0,48950.0,48750.0,48950.0,3854.0
2026-09-17 09:00:00+09:00,49000.0,49950.0,49000.0,49700.0,43857.0
2026-09-17 09:05:00+09:00,49750.0,49750.0,49300.0,49350.0,19981.0
2026-09-17 09:10:00+09:00,49350.0,49350.0,48900.0,48900.0,18037.0
2026-09-17 09:15:00+09:00,48950.0,49550.0,48900.0,49400.0,11467.0
2026-09-17 09:20:00+09:00,49400.0,49450.0,49150.0,49300.0,6693.0
2026-09-17 09:25:00+09:00,49300.0,49400.0,49050.0,49050.0,9456.0
2026-09-17 09:30:00+09:00,49100.0,49300.0,49050.0,49300.0,9408.0
2026-09-17 09:35:00+09:00,49250.0,49450.0,49200.0,49400.0,5135.0
2026-09-17 09:40:00+09:00,49400.0,49500.0,49350.0,49400.0,4853.0
2026-09-17 09:45:00+09:00,49400.0,49400.0,49250.0,49350.0,7121.0
2026-09-17 09:50:00+09:00,49350.0,49400.0,49200.0,49250.0,6803.0
2026-09-17 09:55:00+09:00,49250.0,49300.0,49200.0,49250.0,2512.0
2026-09-17 10:00:00+09:00,49300.0,49450.0,49250.0,49450.0,4071.0
2026-09-17 10:05:00+09:00,49450.0,49600.0,49450.0,49550.0,5148.0
2026-09-17 10:10:00+09:00,49550.0,49600.0,49400.0,49450.0,4309.0
2026-09-17 10:15:00+09:00,49450.0,49600.0,49450.0,49550.0,6521.0
2026-09-17 10:20:00+09:00,49550.0,49600.0,49525.0,49550.0,2821.0
2026-09-17 10:25:00+09:00,49600.0,49600.0,49500.0,49550.0,4709.0
2026-09-17 10:30:00+09:00,49550.0,49600.0,49500.0,49550.0,2366.0
2026-09-17 10:35:00+09:00,49550.0,49700.0,49500.0,49650.0,4184.0
2026-09-17 10:40:00+09:00,49650.0,49700.0,49550.0,49650.0,1942.0
2026-09-17 10:45:00+09:00,49650.0,49700.0,49600.0,49650.0,2358.0
2026-09-17 10:50:00+09:00,49650.0,49650.0,49400.0,49450.0,9052.0
2026-09-17 10:55:00+09:00,49400.0,49450.0,49300.0,49300.0,6534.0
2026-09-17 11:00:00+09:00,49350.0,49350.0,49250.0,49350.0,2726.0
2026-09-17 11:05:00+09:00,49300.0,49350.0,49200.0,49200.0,1770.0
2026-09-17 11:10:00+09:00,49250.0,49350.0,49250.0,49275.0,1290.0
2026-09-17 11:15:00+09:00,49300.0,49350.0,49200.0,49300.0,1315.0
2026-09-17 11:20:00+09:00,49250.0,49350.0,49250.0,49300.0,787.0
2026-09-17 11:25:00+09:00,49300.0,49350.0,49250.0,49250.0,1538.0
2026-09-17 11:30:00+09:00,49250.0,49350.0,49250.0,49350.0,4134.0
2026-09-17 11:35:00+09:00,49350.0,49350.0,49250.0,49300.0,1633.0
2026-09-17 11:40:00+09:00,49300.0,49300.0,49250.0,49250.0,2233.0
2026-09-17 11:45:00+09:00,49250.0,49300.0,49250.0,49250.0,1558.0
2026-09-17 11:50:00+09:00,49300.0,49300.0,49200.0,49250.0,1516.0
2026-09-17 11:55:00+09:00,49300.0,49300.0,49250.0,49300.0,1449.0
2026-09-17 12:00:00+09:00,49275.0,49300.0,49250.0,49250.0,1048.0
2026-09-17 12:05:00+09:00,49300.0,49350.0,49250.0,49300.0,1368.0
2026-09-17 12:10:00+09:00,49300.0,49300.0,49250.0,49300.0,1863.0
2026-09-17 12:15:00+09:00,49300.0,49300.0,49250.0,49300.0,1235.0
2026-09-17 12:20:00+09:00,49300.0,49350.0,49250.0,49300.0,829.0
2026-09-17 12:25:00+09:00,49350.0,49350.0,49250.0,49300.0,1016.0
2026-09-17 12:30:00+09:00,49300.0,49350.0,49250.0,49300.0,771.0
2026-09-17 12:35:00+09:00,49350.0,49350.0,49250.0,49350.0,1248.0
2026-09-17 12:40:00+09:00,49350.0,49400.0,49250.0,49350.0,2456.0
2026-09-17 12:45:00+09:00,49350.0,49450.0,49350.0,49450.0,2117.0
2026-09-17 12:50:00+09:00,49400.0,49450.0,49400.0,49450.0,1347.0
2026-09-17 12:55:00+09:00,49450.0,49500.0,49450.0,49500.0,1329.0
2026-09-17 13:00:00+09:00,49500.0,49550.0,49450.0,49450.0,1694.0
2026-09-17 13:05:00+09:00,49450.0,49500.0,49400.0,49450.0,2095.0
2026-09-17 13:10:00+09:00,49450.0,49500.0,49400.0,49450.0,1988.0
2026-09-17 13:15:00+09:00,49450.0,49500.0,49400.0,49450.0,1443.0
2026-09-17 13:20:00+09:00,49450.0,49450.0,49400.0,49450.0,1611.0
2026-09-17 13:25:00+09:00,49400.0,49450.0,49350.0,49400.0,2246.0
2026-09-17 13:30:00+09:00,49400.0,49400.0,49000.0,49300.0,29176.0
2026-09-17 13:35:00+09:00,49100.0,49350.0,49100.0,49350.0,2135.0
2026-09-17 13:40:00+09:00,49350.0,49350.0,49250.0,49275.0,1277.0
2026-09-17 13:45:00+09:00,49250.0,49400.0,49250.0,49350.0,1227.0
2026-09-17 13:50:00+09:00,49350.0,49350.0,49200.0,49250.0,3960.0
2026-09-17 13:55:00+09:00,49250.0,49300.0,49200.0,49250.0,1939.0
2026-09-17 14:00:00+09:00,49250.0,49250.0,49200.0,49250.0,1460.0
2026-09-17 14:05:00+09:00,49200.0,49250.0,49150.0,49200.0,3067.0
2026-09-17 14:10:00+09:00,49250.0,49250.0,49200.0,49200.0,2069.0
2026-09-17 14:15:00+09:00,49250.0,49250.0,49150.0,49150.0,2007.0
2026-09-17 14:20:00+09:00,49150.0,49200.0,49100.0,49200.0,3052.0
2026-09-17 14:25:00+09:00,49150.0,49300.0,49150.0,49200.0,1582.0
2026-09-17 14:30:00+09:00,49200.0,49250.0,49150.0,49150.0,2410.0
2026-09-17 14:35:00+09:00,49150.0,49150.0,49000.0,49000.0,8293.0
2026-09-17 14:40:00+09:00,49000.0,49050.0,48950.0,48950.0,5774.0
2026-09-17 14:45:00+09:00,48950.0,49000.0,48950.0,48950.0,2567.0
2026-09-17 14:50:00+09:00,48950.0,49050.0,48950.0,48950.0,4332.0
2026-09-17 14:55:00+09:00,48950.0,49000.0,48900.0,48950.0,1669.0
2026-09-18 09:00:00+09:00,49800.0,50100.0,49600.0,49900.0,41016.0
2026-09-18 09:05:00+09:00,49900.0,49900.0,49750.0,49775.0,17806.0
2026-09-18 09:10:00+09:00,49775.0,49800.0,49150.0,49200.0,34434.0
2026-09-18 09:15:00+09:00,49250.0,49350.0,49150.0,49300.0,17757.0
2026-09-18 09:20:00+09:00,49250.0,49350.0,49100.0,49200.0,12497.0
2026-09-18 09:25:00+09:00,49150.0,49300.0,49150.0,49300.0,7364.0
2026-09-18 09:30:00+09:00,49300.0,50400.0,49200.0,50300.0,50238.0
2026-09-18 09:35:00+09:00,50400.0,50900.0,50300.0,50600.0,69566.0
2026-09-18 09:40:00+09:00,50400.0,51000.0,50400.0,50800.0,41426.0
2026-09-18 09:45:00+09:00,50700.0,51000.0,50500.0,50900.0,35328.0
2026-09-18 09:50:00+09:00,51000.0,51000.0,50700.0,50900.0,20933.0
2026-09-18 09:55:00+09:00,50800.0,51200.0,50800.0,51100.0,47333.0
2026-09-18 10:00:00+09:00,51100.0,51200.0,50900.0,51000.0,19685.0
2026-09-18 10:05:00+09:00,50900.0,51000.0,50700.0,50800.0,15144.0
2026-09-18 10:10:00+09:00,50800.0,51100.0,50600.0,50900.0,20096.0
2026-09-18 10:15:00+09:00,50900.0,51100.0,50900.0,51100.0,11702.0
2026-09-18 10:20:00+09:00,51100.0,51200.0,51000.0,51100.0,17051.0
2026-09-18 10:25:00+09:00,51100.0,51900.0,51100.0,51800.0,73720.0
2026-09-18 10:30:00+09:00,51800.0,51900.0,51500.0,51600.0,36073.0
2026-09-18 10:35:00+09:00,51700.0,51700.0,51500.0,51500.0,17795.0
2026-09-18 10:40:00+09:00,51500.0,51700.0,51400.0,51600.0,18901.0
2026-09-18 10:45:00+09:00,51500.0,51800.0,51400.0,51800.0,22932.0
2026-09-18 10:50:00+09:00,51800.0,51800.0,51400.0,51500.0,9787.0
2026-09-18 10:55:00+09:00,51400.0,51700.0,51300.0,51600.0,14799.0
2026-09-18 11:00:00+09:00,51600.0,51800.0,51500.0,51800.0,15687.0
2026-09-18 11:05:00+09:00,51800.0,51800.0,51600.0,51700.0,9228.0
2026-09-18 11:10:00+09:00,51600.0,51700.0,51500.0,51600.0,12142.0
2026-09-18 11:15:00+09:00,51600.0,51700.0,51300.0,51400.0,28695.0
2026-09-18 11:20:00+09:00,51600.0,51600.0,51400.0,51400.0,5770.0
2026-09-18 11:25:00+09:00,51500.0,51500.0,51200.0,51200.0,8114.0
2026-09-18 11:30:00+09:00,51400.0,51400.0,51100.0,51200.0,8801.0
2026-09-18 11:35:00+09:00,51200.0,51300.0,51100.0,51200.0,4834.0
2026-09-18 11:40:00+09:00,51200.0,51500.0,51200.0,51300.0,6199.0
2026-09-18 11:45:00+09:00,51300.0,51400.0,51200.0,51300.0,4432.0
2026-09-18 11:50:00+09:00,51300.0,51400.0,51300.0,51300.0,2394.0
2026-09-18 11:55:00+09:00,51300.0,51400.0,51200.0,51200.0,4745.0
2026-09-18 12:00:00+09:00,51200.0,51400.0,51100.0,51300.0,8699.0
2026-09-18 12:05:00+09:00,51250.0,51400.0,51200.0,51400.0,3926.0
2026-09-18 12:10:00+09:00,51400.0,51400.0,51200.0,51300.0,4429.0
2026-09-18 12:15:00+09:00,51300.0,51300.0,51200.0,51200.0,5527.0
2026-09-18 12:20:00+09:00,51300.0,51300.0,51200.0,51300.0,3665.0
2026-09-18 12:25:00+09:00,51300.0,51400.0,51300.0,51300.0,4354.0
2026-09-18 12:30:00+09:00,51300.0,51300.0,51100.0,51100.0,10284.0
2026-09-18 12:35:00+09:00,51100.0,51200.0,51000.0,51000.0,5774.0
2026-09-18 12:40:00+09:00,51000.0,51100.0,50900.0,51000.0,6516.0
2026-09-18 12:45:00+09:00,51100.0,51200.0,51000.0,51100.0,8527.0
2026-09-18 12:50:00+09:00,51100.0,51200.0,51000.0,51000.0,3187.0
2026-09-18 12:55:00+09:00,51000.0,51100.0,50900.0,50900.0,5531.0
2026-09-18 13:00:00+09:00,50900.0,51100.0,50850.0,51000.0,11668.0
2026-09-18 13:05:00+09:00,51100.0,51100.0,51000.0,51000.0,5482.0
2026-09-18 13:10:00+09:00,51000.0,51100.0,50900.0,51100.0,6219.0
2026-09-18 13:15:00+09:00,51100.0,51200.0,51000.0,51000.0,5554.0
2026-09-18 13:20:00+09:00,51100.0,51200.0,51000.0,51200.0,5804.0
2026-09-18 13:25:00+09:00,51100.0,51300.0,51100.0,51200.0,9269.0
2026-09-18 13:30:00+09:00,51200.0,51300.0,51100.0,51200.0,3731.0
2026-09-18 13:35:00+09:00,51200.0,51200.0,51000.0,51200.0,4002.0
2026-09-18 13:40:00+09:00,51200.0,51300.0,51100.0,51200.0,3205.0
2026-09-18 13:45:00+09:00,51200.0,51300.0,51100.0,51200.0,4387.0
2026-09-18 13:50:00+09:00,51250.0,51300.0,51100.0,51200.0,3524.0
2026-09-18 13:55:00+09:00,51200.0,51300.0,50900.0,51000.0,15499.0
2026-09-18 14:00:00+09:00,51100.0,51100.0,50900.0,51050.0,4850.0
2026-09-18 14:05:00+09:00,51100.0,51100.0,50800.0,50900.0,8522.0
2026-09-18 14:10:00+09:00,51000.0,51000.0,50800.0,50800.0,3687.0
2026-09-18 14:15:00+09:00,50800.0,51000.0,50800.0,50900.0,5791.0
2026-09-18 14:20:00+09:00,51000.0,51000.0,50800.0,50900.0,6785.0
2026-09-18 14:25:00+09:00,50900.0,50900.0,50800.0,50900.0,3790.0
2026-09-18 14:30:00+09:00,50900.0,50900.0,50700.0,50800.0,5683.0
2026-09-18 14:35:00+09:00,50900.0,50900.0,50750.0,50800.0,8209.0
2026-09-18 14:40:00+09:00,50800.0,50900.0,50800.0,50900.0,5251.0
2026-09-18 14:45:00+09:00,50800.0,51000.0,50800.0,51000.0,3573.0
2026-09-18 14:50:00+09:00,51000.0,51000.0,50800.0,50900.0,4761.0
2026-09-18 14:55:00+09:00,50900.0,51000.0,50800.0,50800.0,9001.0
2026-09-21 09:00:00+09:00,51200.0,51200.0,50600.0,50700.0,0.0
2026-09-21 09:05:00+09:00,50700.0,50800.0,50300.0,50500.0,32580.0
2026-09-21 09:10:00+09:00,50500.0,50600.0,50300.0,50400.0,12981.0
2026-09-21 09:15:00+09:00,50400.0,50600.0,50200.0,50300.0,17939.0
2026-09-21 09:20:00+09:00,50200.0,50300.0,50000.0,50200.0,16426.0
2026-09-21 09:25:00+09:00,50100.0,50400.0,50100.0,50300.0,9938.0
2026-09-21 09:30:00+09:00,50300.0,50500.0,50200.0,50300.0,9228.0
2026-09-21 09:35:00+09:00,50400.0,50400.0,50100.0,50100.0,11817.0
2026-09-21 09:40:00+09:00,50100.0,50200.0,50100.0,50200.0,6986.0
2026-09-21 09:45:00+09:00,50100.0,50200.0,50000.0,50100.0,16168.0
2026-09-21 09:50:00+09:00,50100.0,50100.0,50000.0,50000.0,6374.0
2026-09-21 09:55:00+09:00,50000.0,50100.0,50000.0,50100.0,5272.0
2026-09-21 10:00:00+09:00,50000.0,50100.0,50000.0,50100.0,6933.0
2026-09-21 10:05:00+09:00,50100.0,50100.0,50000.0,50050.0,7390.0
2026-09-21 10:10:00+09:00,50100.0,50100.0,50000.0,50100.0,11234.0
2026-09-21 10:15:00+09:00,50100.0,50200.0,50000.0,50100.0,6274.0
2026-09-21 10:20:00+09:00,50100.0,50300.0,50100.0,50300.0,2817.0
2026-09-21 10:25:00+09:00,50200.0,50400.0,50200.0,50300.0,4341.0
2026-09-21 10:30:00+09:00,50300.0,50400.0,50200.0,50300.0,4095.0
2026-09-21 10:35:00+09:00,50200.0,50300.0,50100.0,50300.0,2806.0
2026-09-21 10:40:00+09:00,50300.0,50400.0,50200.0,50300.0,5421.0
2026-09-21 10:45:00+09:00,50250.0,50300.0,50100.0,50100.0,3247.0
2026-09-21 10:50:00+09:00,50200.0,50300.0,50100.0,50100.0,6411.0
2026-09-21 10:55:00+09:00,50100.0,50200.0,50000.0,50050.0,7631.0
2026-09-21 11:00:00+09:00,50050.0,50100.0,50000.0,50000.0,4893.0
2026-09-21 11:05:00+09:00,50100.0,50200.0,50000.0,50100.0,4505.0
2026-09-21 11:10:00+09:00,50100.0,50300.0,50100.0,50200.0,3354.0
2026-09-21 11:15:00+09:00,50200.0,50200.0,50100.0,50150.0,3936.0
2026-09-21 11:20:00+09:00,50200.0,50300.0,50100.0,50200.0,5144.0
2026-09-21 11:25:00+09:00,50300.0,50300.0,50200.0,50250.0,1611.0
2026-09-21 11:30:00+09:00,50300.0,50300.0,50100.0,50100.0,2946.0
2026-09-21 11:35:00+09:00,50100.0,50300.0,50100.0,50200.0,1775.0
2026-09-21 11:40:00+09:00,50200.0,50300.0,50100.0,50200.0,4207.0
2026-09-21 11:45:00+09:00,50200.0,50300.0,50100.0,50200.0,1485.0
2026-09-21 11:50:00+09:00,50300.0,50300.0,50100.0,50100.0,3289.0
2026-09-21 11:55:00+09:00,50100.0,50300.0,50100.0,50200.0,6071.0
2026-09-21 12:00:00+09:00,50200.0,50250.0,50100.0,50200.0,2953.0
2026-09-21 12:05:00+09:00,50200.0,50300.0,50200.0,50200.0,1718.0
2026-09-21 12:10:00+09:00,50200.0,50300.0,50100.0,50300.0,2099.0
2026-09-21 12:15:00+09:00,50200.0,50300.0,50100.0,50300.0,3107.0
2026-09-21 12:20:00+09:00,50300.0,50300.0,50100.0,50100.0,2481.0
2026-09-21 12:25:00+09:00,50200.0,50200.0,50100.0,50200.0,2573.0
2026-09-21 12:30:00+09:00,50100.0,50200.0,50100.0,50100.0,6649.0
2026-09-21 12:35:00+09:00,50100.0,50200.0,50100.0,50200.0,3505.0
2026-09-21 12:40:00+09:00,50200.0,50200.0,50100.0,50100.0,2106.0
2026-09-21 12:45:00+09:00,50100.0,50200.0,50100.0,50100.0,3361.0
2026-09-21 12:50:00+09:00,50100.0,50200.0,50100.0,50150.0,3501.0
2026-09-21 12:55:00+09:00,50100.0,50200.0,50100.0,50100.0,3784.0
2026-09-21 13:00:00+09:00,50100.0,50200.0,50100.0,50100.0,4780.0
2026-09-21 13:05:00+09:00,50100.0,50200.0,50050.0,50200.0,4331.0
2026-09-21 13:10:00+09:00,50100.0,50200.0,50000.0,50100.0,2942.0
2026-09-21 13:15:00+09:00,50200.0,50200.0,50100.0,50100.0,2753.0
2026-09-21 13:20:00+09:00,50100.0,50200.0,50000.0,50100.0,2594.0
2026-09-21 13:25:00+09:00,50100.0,50200.0,50000.0,50100.0,2730.0
2026-09-21 13:30:00+09:00,50100.0,50200.0,50000.0,50200.0,2399.0
2026-09-21 13:35:00+09:00,50100.0,50150.0,50100.0,50100.0,2164.0
2026-09-21 13:40:00+09:00,50100.0,50200.0,50000.0,50000.0,3136.0
2026-09-21 13:45:00+09:00,50100.0,50200.0,50000.0,50200.0,2844.0
2026-09-21 13:50:00+09:00,50200.0,50200.0,50000.0,50100.0,3429.0
2026-09-21 13:55:00+09:00,50000.0,50100.0,50000.0,50000.0,5464.0
2026-09-21 14:00:00+09:00,50100.0,50200.0,50000.0,50000.0,3426.0
2026-09-21 14:05:00+09:00,50000.0,50200.0,50000.0,50100.0,1941.0
2026-09-21 14:10:00+09:00,50100.0,50100.0,50000.0,50100.0,3262.0
2026-09-21 14:15:00+09:00,50100.0,50100.0,50000.0,50000.0,3060.0
2026-09-21 14:20:00+09:00,50000.0,50100.0,50000.0,50000.0,3582.0
2026-09-21 14:25:00+09:00,50000.0,50100.0,50000.0,50100.0,5489.0
2026-09-21 14:30:00+09:00,50100.0,50200.0,50000.0,50000.0,2406.0
2026-09-21 14:35:00+09:00,50100.0,50100.0,50000.0,50100.0,2737.0
2026-09-21 14:40:00+09:00,50000.0,50100.0,50000.0,50100.0,2964.0
2026-09-21 14:45:00+09:00,50050.0,50200.0,50000.0,50050.0,4524.0
2026-09-21 14:50:00+09:00,50050.0,50100.0,50000.0,50000.0,1745.0
2026-09-21 14:55:00+09:00,50000.0,50100.0,50000.0,50000.0,2821.0
2026-09-22 09:00:00+09:00,50900.0,52500.0,50900.0,52000.0,131606.0
2026-09-22 09:05:00+09:00,51900.0,52100.0,51800.0,52100.0,65816.0
2026-09-22 09:10:00+09:00,52100.0,52100.0,51500.0,51800.0,38299.0
2026-09-22 09:15:00+09:00,51900.0,52000.0,51800.0,51900.0,29171.0
2026-09-22 09:20:00+09:00,51900.0,52000.0,51600.0,51700.0,31011.0
2026-09-22 09:25:00+09:00,51800.0,51900.0,51700.0,51800.0,16460.0
2026-09-22 09:30:00+09:00,51900.0,51900.0,51600.0,51700.0,25926.0
2026-09-22 09:35:00+09:00,51800.0,51800.0,51500.0,51500.0,20382.0
2026-09-22 09:40:00+09:00,51600.0,51600.0,51300.0,51300.0,14104.0
2026-09-22 09:45:00+09:00,51300.0,51500.0,51300.0,51500.0,10056.0
2026-09-22 09:50:00+09:00,51400.0,51600.0,51400.0,51500.0,6038.0
2026-09-22 09:55:00+09:00,51500.0,51600.0,51500.0,51600.0,6587.0
2026-09-22 10:00:00+09:00,51600.0,51600.0,50800.0,51100.0,35677.0
2026-09-22 10:05:00+09:00,51100.0,51100.0,50800.0,50900.0,8797.0
2026-09-22 10:10:00+09:00,50900.0,51000.0,50800.0,50900.0,5003.0
2026-09-22 10:15:00+09:00,50900.0,50950.0,50700.0,50700.0,7720.0
2026-09-22 10:20:00+09:00,50700.0,51000.0,50700.0,50900.0,6762.0
2026-09-22 10:25:00+09:00,50900.0,51000.0,50800.0,50900.0,2195.0
2026-09-22 10:30:00+09:00,50800.0,50900.0,50800.0,50900.0,2804.0
2026-09-22 10:35:00+09:00,50800.0,50900.0,50800.0,50800.0,2652.0
2026-09-22 10:40:00+09:00,50800.0,50800.0,50700.0,50800.0,6683.0
2026-09-22 10:45:00+09:00,50700.0,50800.0,50700.0,50800.0,6377.0
2026-09-22 10:50:00+09:00,50800.0,51000.0,50800.0,51000.0,4747.0
2026-09-22 10:55:00+09:00,50900.0,51000.0,50800.0,50800.0,9021.0
2026-09-22 11:00:00+09:00,50800.0,51000.0,50800.0,50900.0,2877.0
2026-09-22 11:05:00+09:00,51000.0,51000.0,50900.0,50900.0,3445.0
2026-09-22 11:10:00+09:00,51000.0,51000.0,50800.0,50800.0,3937.0
2026-09-22 11:15:00+09:00,50900.0,50900.0,50700.0,50700.0,6465.0
2026-09-22 11:20:00+09:00,50700.0,50800.0,50600.0,50700.0,6638.0
2026-09-22 11:25:00+09:00,50800.0,50800.0,50700.0,50800.0,2183.0
2026-09-22 11:30:00+09:00,50700.0,50800.0,50700.0,50700.0,906.0
2026-09-22 11:35:00+09:00,50700.0,50800.0,50700.0,50800.0,1852.0
2026-09-22 11:40:00+09:00,50800.0,50800.0,50700.0,50700.0,2233.0
2026-09-22 11:45:00+09:00,50700.0,50800.0,50700.0,50700.0,1667.0
2026-09-22 11:50:00+09:00,50700.0,50900.0,50700.0,50800.0,3399.0
2026-09-22 11:55:00+09:00,50700.0,50800.0,50700.0,50700.0,1706.0
2026-09-22 12:00:00+09:00,50700.0,50800.0,50600.0,50600.0,7100.0
2026-09-22 12:05:00+09:00,50650.0,50800.0,50650.0,50700.0,2765.0
2026-09-22 12:10:00+09:00,50800.0,50800.0,50700.0,50800.0,1225.0
2026-09-22 12:15:00+09:00,50700.0,50800.0,50700.0,50800.0,1001.0
2026-09-22 12:20:00+09:00,50700.0,50800.0,50700.0,50800.0,1311.0
2026-09-22 12:25:00+09:00,50800.0,50800.0,50700.0,50750.0,1523.0
2026-09-22 12:30:00+09:00,50750.0,50800.0,50700.0,50800.0,2409.0
2026-09-22 12:35:00+09:00,50800.0,50900.0,50700.0,50900.0,7326.0
2026-09-22 12:40:00+09:00,50800.0,51000.0,50700.0,50800.0,3573.0
2026-09-22 12:45:00+09:00,50800.0,50800.0,50700.0,50700.0,1463.0
2026-09-22 12:50:00+09:00,50800.0,50800.0,50700.0,50800.0,3660.0
2026-09-22 12:55:00+09:00,50800.0,50800.0,50700.0,50750.0,1594.0
2026-09-22 13:00:00+09:00,50800.0,50900.0,50700.0,50750.0,2894.0
2026-09-22 13:05:00+09:00,50750.0,50800.0,50600.0,50700.0,10417.0
2026-09-22 13:10:00+09:00,50600.0,50700.0,50400.0,50500.0,19889.0
2026-09-22 13:15:00+09:00,50500.0,51000.0,50500.0,50700.0,14006.0
2026-09-22 13:20:00+09:00,50700.0,50800.0,50700.0,50700.0,1924.0
2026-09-22 13:25:00+09:00,50700.0,50800.0,50600.0,50700.0,2124.0
2026-09-22 13:30:00+09:00,50800.0,50800.0,50600.0,50600.0,1615.0
2026-09-22 13:35:00+09:00,50600.0,50700.0,50600.0,50600.0,2167.0
2026-09-22 13:40:00+09:00,50600.0,50700.0,50500.0,50700.0,5894.0
2026-09-22 13:45:00+09:00,50700.0,50800.0,50600.0,50600.0,3784.0
2026-09-22 13:50:00+09:00,50700.0,50700.0,50600.0,50600.0,1478.0
2026-09-22 13:55:00+09:00,50600.0,50700.0,50500.0,50700.0,5872.0
2026-09-22 14:00:00+09:00,50700.0,50700.0,50600.0,50600.0,4483.0
2026-09-22 14:05:00+09:00,50600.0,50600.0,50500.0,50500.0,2558.0
2026-09-22 14:10:00+09:00,50500.0,50700.0,50500.0,50600.0,2072.0
2026-09-22 14:15:00+09:00,50600.0,50700.0,50500.0,50500.0,3772.0
2026-09-22 14:20:00+09:00,50500.0,50600.0,50400.0,50500.0,4584.0
2026-09-22 14:25:00+09:00,50500.0,50600.0,50400.0,50600.0,3348.0
2026-09-22 14:30:00+09:00,50500.0,50600.0,50400.0,50500.0,3182.0
2026-09-22 14:35:00+09:00,50500.0,50600.0,50500.0,50500.0,4570.0
2026-09-22 14:40:00+09:00,50500.0,50600.0,50400.0,50500.0,5649.0
2026-09-22 14:45:00+09:00,50600.0,50600.0,50400.0,50500.0,3954.0
2026-09-22 14:50:00+09:00,50500.0,50600.0,50500.0,50500.0,5830.0
2026-09-22 14:55:00+09:00,50500.0,50600.0,50400.0,50500.0,3218.0
2026-09-23 09:00:00+09:00,51300.0,51800.0,50500.0,51100.0,26826.0
2026-09-23 09:05:00+09:00,51100.0,51300.0,50900.0,51300.0,23235.0
2026-09-23 09:10:00+09:00,51300.0,51300.0,50700.0,51200.0,22810.0
2026-09-23 09:15:00+09:00,51200.0,51800.0,51100.0,51700.0,41626.0
2026-09-23 09:20:00+09:00,51700.0,51900.0,51400.0,51900.0,37276.0
2026-09-23 09:25:00+09:00,51800.0,51900.0,51100.0,51400.0,39094.0
2026-09-23 09:30:00+09:00,51400.0,51500.0,51200.0,51200.0,10838.0
2026-09-23 09:35:00+09:00,51200.0,51400.0,51000.0,51100.0,15012.0
2026-09-23 09:40:00+09:00,51000.0,51200.0,50900.0,51200.0,13394.0
2026-09-23 09:45:00+09:00,51200.0,51300.0,51100.0,51200.0,10302.0
2026-09-23 09:50:00+09:00,51200.0,51200.0,51000.0,51200.0,6633.0
2026-09-23 09:55:00+09:00,51200.0,51200.0,50800.0,50800.0,11485.0
2026-09-23 10:00:00+09:00,50800.0,51000.0,50800.0,50900.0,4389.0
2026-09-23 10:05:00+09:00,51000.0,51000.0,50800.0,50800.0,6580.0
2026-09-23 10:10:00+09:00,50850.0,50900.0,50800.0,50800.0,2119.0
2026-09-23 10:15:00+09:00,50900.0,51000.0,50800.0,50900.0,5858.0
2026-09-23 10:20:00+09:00,51000.0,51000.0,50900.0,51000.0,4391.0
2026-09-23 10:25:00+09:00,51000.0,51100.0,50900.0,51000.0,5108.0
2026-09-23 10:30:00+09:00,51000.0,51000.0,50800.0,50800.0,2348.0
2026-09-23 10:35:00+09:00,50800.0,50850.0,50700.0,50700.0,8570.0
2026-09-23 10:40:00+09:00,50700.0,50800.0,50700.0,50700.0,3062.0
2026-09-23 10:45:00+09:00,50700.0,50800.0,50600.0,50600.0,7075.0
2026-09-23 10:50:00+09:00,50600.0,50700.0,50600.0,50600.0,5831.0
2026-09-23 10:55:00+09:00,50600.0,50700.0,50500.0,50500.0,3091.0
2026-09-23 11:00:00+09:00,50600.0,50600.0,50500.0,50500.0,3708.0
2026-09-23 11:05:00+09:00,50600.0,50600.0,50500.0,50600.0,2141.0
2026-09-23 11:10:00+09:00,50600.0,50600.0,50200.0,50400.0,20532.0
2026-09-23 11:15:00+09:00,50400.0,50400.0,50200.0,50400.0,6524.0
2026-09-23 11:20:00+09:00,50300.0,50400.0,50300.0,50400.0,1025.0
2026-09-23 11:25:00+09:00,50400.0,50500.0,50300.0,50500.0,2547.0
2026-09-23 11:30:00+09:00,50500.0,50500.0,50400.0,50400.0,1185.0
2026-09-23 11:35:00+09:00,50500.0,50600.0,50400.0,50500.0,1936.0
2026-09-23 11:40:00+09:00,50600.0,50600.0,50300.0,50500.0,9465.0
2026-09-23 11:45:00+09:00,50500.0,50500.0,50400.0,50500.0,1554.0
2026-09-23 11:50:00+09:00,50500.0,50500.0,50400.0,50400.0,1214.0
2026-09-23 11:55:00+09:00,50500.0,50500.0,50400.0,50500.0,1234.0
2026-09-23 12:00:00+09:00,50500.0,50700.0,50500.0,50500.0,2961.0
2026-09-23 12:05:00+09:00,50600.0,50600.0,50500.0,50500.0,724.0
2026-09-23 12:10:00+09:00,50500.0,50600.0,50400.0,50500.0,3196.0
2026-09-23 12:15:00+09:00,50500.0,50600.0,50400.0,50400.0,1154.0
2026-09-23 12:20:00+09:00,50500.0,50600.0,50400.0,50600.0,1177.0
2026-09-23 12:25:00+09:00,50600.0,50600.0,50500.0,50600.0,2505.0
2026-09-23 12:30:00+09:00,50500.0,50600.0,50500.0,50500.0,1936.0
2026-09-23 12:35:00+09:00,50500.0,50600.0,50500.0,50500.0,1071.0
2026-09-23 12:40:00+09:00,50500.0,50600.0,50500.0,50600.0,1270.0
2026-09-23 12:45:00+09:00,50600.0,50600.0,50500.0,50500.0,1501.0
2026-09-23 12:50:00+09:00,50500.0,50600.0,50500.0,50600.0,552.0
2026-09-23 12:55:00+09:00,50600.0,50600.0,50500.0,50500.0,3408.0
2026-09-23 13:00:00+09:00,50500.0,50600.0,50500.0,50500.0,1409.0
2026-09-23 13:05:00+09:00,50500.0,50800.0,50500.0,50800.0,9748.0
2026-09-23 13:10:00+09:00,50800.0,50800.0,50600.0,50600.0,2798.0
2026-09-23 13:15:00+09:00,50700.0,50800.0,50600.0,50700.0,1537.0
2026-09-23 13:20:00+09:00,50700.0,50800.0,50700.0,50700.0,2283.0
2026-09-23 13:25:00+09:00,50700.0,50800.0,50600.0,50700.0,4201.0
2026-09-23 13:30:00+09:00,50700.0,50800.0,50600.0,50800.0,4968.0
