,Open,High,Low,Close,Volume
2026-06-29 09:00:00+09:00,98000.0,99700.0,97400.0,98000.0,16405.0
2026-06-29 09:10:00+09:00,98000.0,98200.0,96000.0,96400.0,22972.0
2026-06-29 09:20:00+09:00,96500.0,100800.0,96100.0,98300.0,30522.0
2026-06-29 09:30:00+09:00,98300.0,99000.0,97100.0,99000.0,6945.0
2026-06-29 09:40:00+09:00,99100.0,101200.0,98600.0,101000.0,23210.0
2026-06-29 09:50:00+09:00,101000.0,102300.0,100200.0,100300.0,27143.0
2026-06-29 10:00:00+09:00,100300.0,100300.0,97900.0,98000.0,18696.0
2026-06-29 10:10:00+09:00,97900.0,98300.0,97500.0,97700.0,8648.0
2026-06-29 10:20:00+09:00,97600.0,98600.0,97500.0,98600.0,2957.0
2026-06-29 10:30:00+09:00,98500.0,98900.0,98300.0,98600.0,3360.0
2026-06-29 10:40:00+09:00,98550.0,98600.0,96700.0,97300.0,23639.0
2026-06-29 10:50:00+09:00,97200.0,97300.0,96000.0,96000.0,11662.0
2026-06-29 11:00:00+09:00,96000.0,96700.0,95100.0,95500.0,17595.0
2026-06-29 11:10:00+09:00,95700.0,96200.0,94800.0,95300.0,10309.0
2026-06-29 11:20:00+09:00,95400.0,96700.0,95200.0,96400.0,9176.0
2026-06-29 11:30:00+09:00,96350.0,96800.0,95900.0,96700.0,5264.0
2026-06-29 11:40:00+09:00,96700.0,96800.0,96300.0,96600.0,3430.0
2026-06-29 11:50:00+09:00,96500.0,96600.0,96200.0,96300.0,2313.0
2026-06-29 12:00:00+09:00,96600.0,97300.0,96400.0,96750.0,5590.0
2026-06-29 12:10:00+09:00,96800.0,96900.0,96400.0,96600.0,2898.0
2026-06-29 12:20:00+09:00,96650.0,97100.0,96500.0,97100.0,2874.0
2026-06-29 12:30:00+09:00,97050.0,97300.0,96500.0,96700.0,4462.0
2026-06-29 12:40:00+09:00,96800.0,96900.0,94700.0,94800.0,13276.0
2026-06-29 12:50:00+09:00,94800.0,95700.0,94750.0,95500.0,4284.0
2026-06-29 13:00:00+09:00,95400.0,95500.0,90100.0,94100.0,19074.0
2026-06-29 13:10:00+09:00,94000.0,94350.0,92500.0,93700.0,12507.0
2026-06-29 13:20:00+09:00,93700.0,93700.0,91850.0,92500.0,16948.0
2026-06-29 13:30:00+09:00,92500.0,92800.0,91600.0,92300.0,14830.0
2026-06-29 13:40:00+09:00,92300.0,92300.0,91000.0,91350.0,14705.0
2026-06-29 13:50:00+09:00,91300.0,92500.0,90500.0,90700.0,17657.0
2026-06-29 14:00:00+09:00,90700.0,91800.0,90600.0,91300.0,11596.0
2026-06-29 14:10:00+09:00,91300.0,91700.0,90900.0,91600.0,11465.0
2026-06-29 14:20:00+09:00,91500.0,91900.0,89600.0,90350.0,45494.0
2026-06-29 14:30:00+09:00,90350.0,92800.0,90300.0,92700.0,20778.0
2026-06-29 14:40:00+09:00,92700.0,96300.0,92300.0,96100.0,14788.0
2026-06-29 14:50:00+09:00,96100.0,97300.0,95500.0,97250.0,17837.0
2026-06-30 09:00:00+09:00,97400.0,97500.0,94000.0,95100.0,25782.0
2026-06-30 09:10:00+09:00,94800.0,95200.0,92400.0,93000.0,26501.0
2026-06-30 09:20:00+09:00,93400.0,95700.0,93200.0,95500.0,8823.0
2026-06-30 09:30:00+09:00,95300.0,97300.0,94800.0,97200.0,4862.0
2026-06-30 09:40:00+09:00,97100.0,97200.0,95100.0,95200.0,4752.0
2026-06-30 09:50:00+09:00,95300.0,96000.0,94500.0,94600.0,4445.0
2026-06-30 10:00:00+09:00,94800.0,94900.0,94300.0,94300.0,5879.0
2026-06-30 10:10:00+09:00,94400.0,94600.0,94000.0,94200.0,2961.0
2026-06-30 10:20:00+09:00,94300.0,94400.0,93600.0,94000.0,5017.0
2026-06-30 10:30:00+09:00,94100.0,94300.0,93300.0,93300.0,10006.0
2026-06-30 10:40:00+09:00,93300.0,93400.0,92000.0,92300.0,17542.0
2026-06-30 10:50:00+09:00,92300.0,92400.0,90700.0,91100.0,30363.0
2026-06-30 11:00:00+09:00,90800.0,92000.0,90700.0,91700.0,12538.0
2026-06-30 11:10:00+09:00,91800.0,92000.0,91000.0,91400.0,5573.0
2026-06-30 11:20:00+09:00,91400.0,91500.0,90700.0,91050.0,14473.0
2026-06-30 11:30:00+09:00,91050.0,93000.0,90900.0,92400.0,5876.0
2026-06-30 11:40:00+09:00,92400.0,92600.0,92000.0,92000.0,2544.0
2026-06-30 11:50:00+09:00,92000.0,92200.0,91700.0,91700.0,3822.0
2026-06-30 12:00:00+09:00,91700.0,93000.0,91700.0,92400.0,4270.0
2026-06-30 12:10:00+09:00,92400.0,94500.0,92400.0,93600.0,8918.0
2026-06-30 12:20:00+09:00,93600.0,95500.0,93500.0,94300.0,12907.0
2026-06-30 12:30:00+09:00,94500.0,95000.0,94300.0,94500.0,2353.0
2026-06-30 12:40:00+09:00,94500.0,95000.0,94200.0,94200.0,5324.0
2026-06-30 12:50:00+09:00,94200.0,94300.0,93300.0,93500.0,6741.0
2026-06-30 13:00:00+09:00,94000.0,94900.0,93500.0,94100.0,3183.0
2026-06-30 13:10:00+09:00,94100.0,94500.0,93500.0,94500.0,2982.0
2026-06-30 13:20:00+09:00,94500.0,94500.0,93500.0,93600.0,4064.0
2026-06-30 13:30:00+09:00,93500.0,94200.0,93400.0,94000.0,2610.0
2026-06-30 13:40:00+09:00,94000.0,94100.0,93700.0,93700.0,4204.0
2026-06-30 13:50:00+09:00,93700.0,94500.0,93700.0,94500.0,3404.0
2026-06-30 14:00:00+09:00,94300.0,95200.0,94300.0,94900.0,7772.0
2026-06-30 14:10:00+09:00,94900.0,95300.0,94800.0,94800.0,4453.0
2026-06-30 14:20:00+09:00,94900.0,95500.0,94700.0,94700.0,6497.0
2026-06-30 14:30:00+09:00,94700.0,95600.0,94500.0,95000.0,5033.0
2026-06-30 14:40:00+09:00,95000.0,95600.0,94700.0,95100.0,3239.0
2026-06-30 14:50:00+09:00,95200.0,95400.0,94500.0,94500.0,2442.0
2026-07-01 09:00:00+09:00,94000.0,95100.0,91300.0,94500.0,19350.0
2026-07-01 09:10:00+09:00,94500.0,94600.0,92700.0,94100.0,6815.0
2026-07-01 09:20:00+09:00,94100.0,94400.0,92800.0,93300.0,23747.0
2026-07-01 09:30:00+09:00,93300.0,93600.0,92500.0,92700.0,17956.0
2026-07-01 09:40:00+09:00,93000.0,96900.0,92600.0,96300.0,27101.0
2026-07-01 09:50:00+09:00,96300.0,97300.0,94500.0,95100.0,24652.0
2026-07-01 10:00:00+09:00,94800.0,95100.0,93000.0,93500.0,7616.0
2026-07-01 10:10:00+09:00,93700.0,93950.0,93200.0,93600.0,4065.0
2026-07-01 10:20:00+09:00,93600.0,94500.0,93400.0,93800.0,7372.0
2026-07-01 10:30:00+09:00,94100.0,94300.0,93300.0,93600.0,8152.0
2026-07-01 10:40:00+09:00,93600.0,94500.0,93100.0,93800.0,7567.0
2026-07-01 10:50:00+09:00,93800.0,94800.0,93500.0,93800.0,4655.0
2026-07-01 11:00:00+09:00,93800.0,93800.0,92100.0,92200.0,16837.0
2026-07-01 11:10:00+09:00,92100.0,93000.0,91800.0,92000.0,6677.0
2026-07-01 11:20:00+09:00,92000.0,93200.0,91900.0,92900.0,6086.0
2026-07-01 11:30:00+09:00,92900.0,93500.0,92800.0,93400.0,2242.0
2026-07-01 11:40:00+09:00,93200.0,94100.0,93100.0,93200.0,5353.0
2026-07-01 11:50:00+09:00,93200.0,93300.0,92900.0,93000.0,2099.0
2026-07-01 12:00:00+09:00,93000.0,93200.0,92900.0,93100.0,2166.0
2026-07-01 12:10:00+09:00,93100.0,93200.0,92800.0,92900.0,2987.0
2026-07-01 12:20:00+09:00,92800.0,92900.0,92300.0,92600.0,5430.0
2026-07-01 12:30:00+09:00,92600.0,93400.0,92500.0,92900.0,3193.0
2026-07-01 12:40:00+09:00,92900.0,92900.0,92500.0,92600.0,3064.0
2026-07-01 12:50:00+09:00,92500.0,93200.0,92500.0,92800.0,1957.0
2026-07-01 13:00:00+09:00,93100.0,93700.0,92700.0,93600.0,2814.0
2026-07-01 13:10:00+09:00,93600.0,93900.0,93000.0,93800.0,4269.0
2026-07-01 13:20:00+09:00,93800.0,94250.0,93600.0,93900.0,7465.0
2026-07-01 13:30:00+09:00,93900.0,94100.0,93700.0,93900.0,3230.0
2026-07-01 13:40:00+09:00,93900.0,94300.0,93800.0,94000.0,3106.0
2026-07-01 13:50:00+09:00,93900.0,94100.0,93400.0,93400.0,3588.0
2026-07-01 14:00:00+09:00,93400.0,94000.0,93200.0,93900.0,2567.0
2026-07-01 14:10:00+09:00,93900.0,93900.0,93100.0,93200.0,2441.0
2026-07-01 14:20:00+09:00,93100.0,93200.0,92700.0,93000.0,4568.0
2026-07-01 14:30:00+09:00,93000.0,93100.0,92000.0,92700.0,12020.0
2026-07-01 14:40:00+09:00,92700.0,92700.0,92200.0,92300.0,4531.0
2026-07-01 14:50:00+09:00,92300.0,92700.0,92200.0,92400.0,2313.0
2026-07-02 09:00:00+09:00,92000.0,92000.0,89800.0,90800.0,22863.0
2026-07-02 09:10:00+09:00,91000.0,91800.0,90500.0,91000.0,13895.0
2026-07-02 09:20:00+09:00,91100.0,93000.0,91000.0,91800.0,11173.0
2026-07-02 09:30:00+09:00,91500.0,92300.0,90600.0,90900.0,17410.0
2026-07-02 09:40:00+09:00,90900.0,91100.0,89500.0,89900.0,21140.0
2026-07-02 09:50:00+09:00,89900.0,90500.0,89300.0,89700.0,14636.0
2026-07-02 10:00:00+09:00,89800.0,90700.0,89400.0,90500.0,10224.0
2026-07-02 10:10:00+09:00,90400.0,90800.0,89500.0,90300.0,14861.0
2026-07-02 10:20:00+09:00,90500.0,91000.0,90100.0,90200.0,10258.0
2026-07-02 10:30:00+09:00,90500.0,90900.0,90100.0,90800.0,3156.0
2026-07-02 10:40:00+09:00,90800.0,92600.0,90400.0,92400.0,8301.0
2026-07-02 10:50:00+09:00,92200.0,92300.0,91200.0,91700.0,3091.0
2026-07-02 11:00:00+09:00,91700.0,91900.0,91100.0,91100.0,2099.0
2026-07-02 11:10:00+09:00,91200.0,91200.0,90700.0,90800.0,2143.0
2026-07-02 11:20:00+09:00,90800.0,90900.0,90400.0,90400.0,3425.0
2026-07-02 11:30:00+09:00,90400.0,90600.0,90200.0,90300.0,3479.0
2026-07-02 11:40:00+09:00,90300.0,90500.0,90100.0,90100.0,1966.0
2026-07-02 11:50:00+09:00,90200.0,90300.0,89600.0,89700.0,7679.0
2026-07-02 12:00:00+09:00,89700.0,90300.0,89500.0,89800.0,3221.0
2026-07-02 12:10:00+09:00,89800.0,90200.0,89700.0,90000.0,2867.0
2026-07-02 12:20:00+09:00,89900.0,90100.0,89500.0,89600.0,4527.0
2026-07-02 12:30:00+09:00,89600.0,89700.0,89300.0,89500.0,7123.0
2026-07-02 12:40:00+09:00,89600.0,89800.0,89300.0,89600.0,3463.0
2026-07-02 12:50:00+09:00,89600.0,89700.0,89200.0,89200.0,10239.0
2026-07-02 13:00:00+09:00,89200.0,89300.0,88200.0,88200.0,23248.0
2026-07-02 13:10:00+09:00,88300.0,88400.0,87800.0,88200.0,10847.0
2026-07-02 13:20:00+09:00,88100.0,88600.0,87400.0,88500.0,12201.0
2026-07-02 13:30:00+09:00,88600.0,89000.0,87300.0,87350.0,6734.0
2026-07-02 13:40:00+09:00,87350.0,87400.0,86500.0,87000.0,14505.0
2026-07-02 13:50:00+09:00,87000.0,88100.0,86700.0,88100.0,11982.0
2026-07-02 14:00:00+09:00,88200.0,89100.0,88000.0,89100.0,7953.0
2026-07-02 14:10:00+09:00,89100.0,90300.0,89000.0,89800.0,9113.0
2026-07-02 14:20:00+09:00,89800.0,90200.0,88700.0,88800.0,7520.0
2026-07-02 14:30:00+09:00,88800.0,88800.0,87300.0,87700.0,9104.0
2026-07-02 14:40:00+09:00,87700.0,88500.0,87600.0,87600.0,6925.0
2026-07-02 14:50:00+09:00,87700.0,88300.0,87600.0,87600.0,8061.0
2026-07-03 09:00:00+09:00,87700.0,89000.0,85100.0,88700.0,29488.0
2026-07-03 09:10:00+09:00,88400.0,91400.0,88000.0,91000.0,41486.0
2026-07-03 09:20:00+09:00,91000.0,91700.0,89100.0,89500.0,21432.0
2026-07-03 09:30:00+09:00,89400.0,90100.0,89000.0,90000.0,15128.0
2026-07-03 09:40:00+09:00,89700.0,89700.0,83900.0,84200.0,25941.0
2026-07-03 09:50:00+09:00,84200.0,84500.0,82000.0,82800.0,32841.0
2026-07-03 10:00:00+09:00,82700.0,85300.0,82700.0,84600.0,17727.0
2026-07-03 10:10:00+09:00,84600.0,85400.0,83500.0,85400.0,8915.0
2026-07-03 10:20:00+09:00,85600.0,87000.0,85300.0,86800.0,12773.0
2026-07-03 10:30:00+09:00,86300.0,90500.0,86300.0,90200.0,19243.0
2026-07-03 10:40:00+09:00,90200.0,90500.0,88300.0,88400.0,29281.0
2026-07-03 10:50:00+09:00,88400.0,88500.0,87000.0,87500.0,5308.0
2026-07-03 11:00:00+09:00,87500.0,90000.0,87200.0,89100.0,7897.0
2026-07-03 11:10:00+09:00,89100.0,89400.0,87600.0,88000.0,5696.0
2026-07-03 11:20:00+09:00,88100.0,88300.0,87100.0,87900.0,4983.0
2026-07-03 11:30:00+09:00,87900.0,88100.0,87100.0,87900.0,4612.0
2026-07-03 11:40:00+09:00,87900.0,88000.0,87100.0,87500.0,4303.0
2026-07-03 11:50:00+09:00,87500.0,87900.0,87300.0,87400.0,3840.0
2026-07-03 12:00:00+09:00,87400.0,87900.0,87200.0,87500.0,3147.0
2026-07-03 12:10:00+09:00,87700.0,88400.0,87300.0,88100.0,8213.0
2026-07-03 12:20:00+09:00,88200.0,88500.0,88000.0,88400.0,2778.0
2026-07-03 12:30:00+09:00,88400.0,88700.0,88000.0,88100.0,5408.0
2026-07-03 12:40:00+09:00,88100.0,88300.0,87500.0,88100.0,3275.0
2026-07-03 12:50:00+09:00,87900.0,89100.0,87800.0,89100.0,7938.0
2026-07-03 13:00:00+09:00,89300.0,89300.0,88200.0,88700.0,4739.0
2026-07-03 13:10:00+09:00,88700.0,89300.0,88500.0,88800.0,5274.0
2026-07-03 13:20:00+09:00,88800.0,89800.0,88800.0,89200.0,5865.0
2026-07-03 13:30:00+09:00,89200.0,89400.0,88400.0,89300.0,6175.0
2026-07-03 13:40:00+09:00,89400.0,91000.0,89400.0,90200.0,22522.0
2026-07-03 13:50:00+09:00,90200.0,91300.0,89900.0,90500.0,7606.0
2026-07-03 14:00:00+09:00,90400.0,90400.0,89000.0,89100.0,7088.0
2026-07-03 14:10:00+09:00,89000.0,89800.0,88500.0,89800.0,16679.0
2026-07-03 14:20:00+09:00,89800.0,90700.0,89400.0,89700.0,16523.0
2026-07-03 14:30:00+09:00,89700.0,90100.0,88200.0,88500.0,14517.0
2026-07-03 14:40:00+09:00,88500.0,89300.0,87600.0,88000.0,9725.0
2026-07-03 14:50:00+09:00,88000.0,89200.0,87000.0,88900.0,18917.0
2026-07-06 09:00:00+09:00,92000.0,96600.0,89100.0,96500.0,19486.0
2026-07-06 09:10:00+09:00,96500.0,96800.0,92200.0,92500.0,20487.0
2026-07-06 09:20:00+09:00,92500.0,92900.0,90000.0,90300.0,16671.0
2026-07-06 09:30:00+09:00,90200.0,90300.0,88600.0,88600.0,15492.0
2026-07-06 09:40:00+09:00,88600.0,89100.0,88300.0,88600.0,12082.0
2026-07-06 09:50:00+09:00,88600.0,88600.0,87700.0,88000.0,11345.0
2026-07-06 10:00:00+09:00,88100.0,88100.0,87000.0,87000.0,15079.0
2026-07-06 10:10:00+09:00,87100.0,88400.0,87000.0,88200.0,7411.0
2026-07-06 10:20:00+09:00,88300.0,88400.0,87400.0,87600.0,6355.0
2026-07-06 10:30:00+09:00,87600.0,88000.0,86900.0,87000.0,6881.0
2026-07-06 10:40:00+09:00,86900.0,87100.0,86100.0,86300.0,8630.0
2026-07-06 10:50:00+09:00,86100.0,86200.0,84900.0,85600.0,14163.0
2026-07-06 11:00:00+09:00,85400.0,85800.0,84800.0,85000.0,14907.0
2026-07-06 11:10:00+09:00,85000.0,85000.0,83800.0,84300.0,14803.0
2026-07-06 11:20:00+09:00,84300.0,85000.0,84300.0,84300.0,4583.0
2026-07-06 11:30:00+09:00,84200.0,84300.0,84000.0,84000.0,3535.0
2026-07-06 11:40:00+09:00,84100.0,84200.0,83400.0,83400.0,9673.0
2026-07-06 11:50:00+09:00,83400.0,84100.0,83100.0,84100.0,7011.0
2026-07-06 12:00:00+09:00,84000.0,85300.0,84000.0,85100.0,3964.0
2026-07-06 12:10:00+09:00,85100.0,85300.0,84600.0,84700.0,2887.0
2026-07-06 12:20:00+09:00,84700.0,84900.0,84600.0,84600.0,1997.0
2026-07-06 12:30:00+09:00,84700.0,84800.0,84300.0,84600.0,2475.0
2026-07-06 12:40:00+09:00,84700.0,84700.0,84300.0,84300.0,3477.0
2026-07-06 12:50:00+09:00,84300.0,84900.0,84100.0,84900.0,3562.0
2026-07-06 13:00:00+09:00,84900.0,84900.0,84000.0,84300.0,3857.0
2026-07-06 13:10:00+09:00,84300.0,84800.0,84300.0,84700.0,2188.0
2026-07-06 13:20:00+09:00,84700.0,85200.0,84700.0,84800.0,3866.0
2026-07-06 13:30:00+09:00,84900.0,86500.0,84800.0,86300.0,13161.0
2026-07-06 13:40:00+09:00,86400.0,88000.0,86300.0,87700.0,5888.0
2026-07-06 13:50:00+09:00,87700.0,87800.0,87100.0,87500.0,6136.0
2026-07-06 14:00:00+09:00,87600.0,87800.0,86700.0,87600.0,5302.0
2026-07-06 14:10:00+09:00,87700.0,88600.0,87400.0,88500.0,11039.0
2026-07-06 14:20:00+09:00,88500.0,89100.0,87900.0,87900.0,7129.0
2026-07-06 14:30:00+09:00,87900.0,88200.0,86300.0,87000.0,7303.0
2026-07-06 14:40:00+09:00,87200.0,87200.0,86700.0,86700.0,5436.0
2026-07-06 14:50:00+09:00,86800.0,88200.0,86600.0,88000.0,7905.0
2026-07-07 09:00:00+09:00,88300.0,93400.0,87500.0,93100.0,38034.0
2026-07-07 09:10:00+09:00,93000.0,94200.0,91400.0,94000.0,45539.0
2026-07-07 09:20:00+09:00,94000.0,96300.0,93600.0,95000.0,64414.0
2026-07-07 09:30:00+09:00,95000.0,95000.0,92000.0,92400.0,23036.0
2026-07-07 09:40:00+09:00,92400.0,92900.0,91100.0,91700.0,12370.0
2026-07-07 09:50:00+09:00,91700.0,93000.0,91400.0,92100.0,9055.0
2026-07-07 10:00:00+09:00,92100.0,92300.0,90900.0,91300.0,11913.0
2026-07-07 10:10:00+09:00,91200.0,91500.0,90500.0,90600.0,7580.0
2026-07-07 10:20:00+09:00,90600.0,90900.0,90000.0,90700.0,8313.0
2026-07-07 10:30:00+09:00,90700.0,91200.0,90400.0,90900.0,3444.0
2026-07-07 10:40:00+09:00,91000.0,92100.0,90600.0,92000.0,4463.0
2026-07-07 10:50:00+09:00,92000.0,92500.0,91600.0,91800.0,7924.0
2026-07-07 11:00:00+09:00,91800.0,92100.0,91400.0,91900.0,3333.0
2026-07-07 11:10:00+09:00,91900.0,92100.0,91300.0,91500.0,2683.0
2026-07-07 11:20:00+09:00,91500.0,91700.0,90700.0,90800.0,4431.0
2026-07-07 11:30:00+09:00,90800.0,90900.0,90100.0,90500.0,5050.0
2026-07-07 11:40:00+09:00,90500.0,90600.0,89900.0,90100.0,4475.0
2026-07-07 11:50:00+09:00,90100.0,90700.0,89800.0,90500.0,4161.0
2026-07-07 12:00:00+09:00,90200.0,90600.0,89900.0,90600.0,2635.0
2026-07-07 12:10:00+09:00,90500.0,91000.0,90100.0,90100.0,2827.0
2026-07-07 12:20:00+09:00,90200.0,91000.0,89700.0,89800.0,6286.0
2026-07-07 12:30:00+09:00,89800.0,90400.0,89700.0,89900.0,6537.0
2026-07-07 12:40:00+09:00,90000.0,90100.0,89400.0,89500.0,4657.0
2026-07-07 12:50:00+09:00,89500.0,89700.0,89400.0,89600.0,2910.0
2026-07-07 13:00:00+09:00,89600.0,90300.0,89500.0,90000.0,4059.0
2026-07-07 13:10:00+09:00,90000.0,90500.0,89600.0,89900.0,3961.0
2026-07-07 13:20:00+09:00,89700.0,90500.0,89700.0,90100.0,9091.0
2026-07-07 13:30:00+09:00,90100.0,91400.0,89900.0,91200.0,5276.0
2026-07-07 13:40:00+09:00,91400.0,91400.0,90400.0,90600.0,4905.0
2026-07-07 13:50:00+09:00,90600.0,92800.0,90600.0,92300.0,11484.0
2026-07-07 14:00:00+09:00,92400.0,92500.0,91400.0,91600.0,10312.0
2026-07-07 14:10:00+09:00,91600.0,91800.0,91100.0,91200.0,6246.0
2026-07-07 14:20:00+09:00,91300.0,92600.0,91200.0,92300.0,5014.0
2026-07-07 14:30:00+09:00,92000.0,94700.0,92000.0,94100.0,23494.0
2026-07-07 14:40:00+09:00,94100.0,94300.0,93500.0,93800.0,15003.0
2026-07-07 14:50:00+09:00,93700.0,94000.0,93200.0,93500.0,8808.0
2026-07-08 09:00:00+09:00,94300.0,94800.0,92000.0,94600.0,26390.0
2026-07-08 09:10:00+09:00,94600.0,94900.0,91800.0,92100.0,12907.0
2026-07-08 09:20:00+09:00,92100.0,93000.0,91000.0,91200.0,8875.0
2026-07-08 09:30:00+09:00,91100.0,91200.0,89700.0,90200.0,17546.0
2026-07-08 09:40:00+09:00,90200.0,90900.0,90200.0,90300.0,7332.0
2026-07-08 09:50:00+09:00,90300.0,91800.0,90100.0,91800.0,7561.0
2026-07-08 10:00:00+09:00,91700.0,92200.0,90400.0,91100.0,5183.0
2026-07-08 10:10:00+09:00,91100.0,91400.0,90700.0,91000.0,2687.0
2026-07-08 10:20:00+09:00,91000.0,91300.0,90500.0,90500.0,2987.0
2026-07-08 10:30:00+09:00,90600.0,90800.0,89700.0,90100.0,15559.0
2026-07-08 10:40:00+09:00,90050.0,90700.0,90000.0,90300.0,3875.0
2026-07-08 10:50:00+09:00,90400.0,90500.0,89200.0,89400.0,16419.0
2026-07-08 11:00:00+09:00,89400.0,89500.0,88400.0,88500.0,11819.0
2026-07-08 11:10:00+09:00,88500.0,88900.0,88100.0,88300.0,6639.0
2026-07-08 11:20:00+09:00,88400.0,88900.0,88400.0,88600.0,4529.0
2026-07-08 11:30:00+09:00,88600.0,88600.0,88000.0,88100.0,9645.0
2026-07-08 11:40:00+09:00,88000.0,88500.0,87600.0,88400.0,7363.0
2026-07-08 11:50:00+09:00,88300.0,88450.0,87900.0,88200.0,4469.0
2026-07-08 12:00:00+09:00,88100.0,88400.0,88100.0,88400.0,3375.0
2026-07-08 12:10:00+09:00,88400.0,88600.0,88200.0,88400.0,3028.0
2026-07-08 12:20:00+09:00,88400.0,88600.0,88400.0,88500.0,2407.0
2026-07-08 12:30:00+09:00,88600.0,88900.0,88100.0,88100.0,3594.0
2026-07-08 12:40:00+09:00,88200.0,88200.0,88000.0,88100.0,4082.0
2026-07-08 12:50:00+09:00,88100.0,88200.0,87900.0,88000.0,3737.0
2026-07-08 13:00:00+09:00,88000.0,88300.0,87700.0,87800.0,5437.0
2026-07-08 13:10:00+09:00,87800.0,87800.0,86800.0,87200.0,11482.0
2026-07-08 13:20:00+09:00,87200.0,87200.0,86800.0,86900.0,5761.0
2026-07-08 13:30:00+09:00,86800.0,87000.0,86600.0,86700.0,9065.0
2026-07-08 13:40:00+09:00,86600.0,86800.0,85800.0,86000.0,12625.0
2026-07-08 13:50:00+09:00,86000.0,86100.0,84900.0,86100.0,11903.0
2026-07-08 14:00:00+09:00,86100.0,86900.0,85800.0,86800.0,5528.0
2026-07-08 14:10:00+09:00,86800.0,86800.0,85700.0,85700.0,4464.0
2026-07-08 14:20:00+09:00,85700.0,85800.0,84900.0,84900.0,9852.0
2026-07-08 14:30:00+09:00,84800.0,85200.0,84300.0,84500.0,13573.0
2026-07-08 14:40:00+09:00,84300.0,85800.0,84300.0,85600.0,8143.0
2026-07-08 14:50:00+09:00,85600.0,86700.0,85400.0,86200.0,11479.0
2026-07-09 09:00:00+09:00,85700.0,88000.0,85200.0,87400.0,12982.0
2026-07-09 09:10:00+09:00,87600.0,87800.0,86100.0,86600.0,10189.0
2026-07-09 09:20:00+09:00,86600.0,89200.0,86600.0,88600.0,14861.0
2026-07-09 09:30:00+09:00,88600.0,89500.0,88200.0,89400.0,7737.0
2026-07-09 09:40:00+09:00,89400.0,91200.0,89250.0,89900.0,19122.0
2026-07-09 09:50:00+09:00,89800.0,89900.0,89000.0,89200.0,4052.0
2026-07-09 10:00:00+09:00,89200.0,89500.0,89000.0,89200.0,3434.0
2026-07-09 10:10:00+09:00,89300.0,90200.0,89000.0,90200.0,4149.0
2026-07-09 10:20:00+09:00,90200.0,90900.0,90000.0,90550.0,5709.0
2026-07-09 10:30:00+09:00,90550.0,90550.0,89600.0,89900.0,5823.0
2026-07-09 10:40:00+09:00,89700.0,90500.0,89200.0,90100.0,3482.0
2026-07-09 10:50:00+09:00,90100.0,90300.0,89000.0,89100.0,3799.0
2026-07-09 11:00:00+09:00,89100.0,89300.0,88100.0,88700.0,5474.0
2026-07-09 11:10:00+09:00,88700.0,89400.0,88500.0,89400.0,1895.0
2026-07-09 11:20:00+09:00,89400.0,90000.0,89200.0,89400.0,1040.0
2026-07-09 11:30:00+09:00,89300.0,89400.0,88200.0,88400.0,2427.0
2026-07-09 11:40:00+09:00,88600.0,88800.0,86900.0,87100.0,4835.0
2026-07-09 11:50:00+09:00,87000.0,87000.0,86200.0,86600.0,4281.0
2026-07-09 12:00:00+09:00,86500.0,86600.0,85800.0,86300.0,5228.0
2026-07-09 12:10:00+09:00,86300.0,86300.0,85600.0,86000.0,5735.0
2026-07-09 12:20:00+09:00,86000.0,86900.0,85900.0,86700.0,2609.0
2026-07-09 12:30:00+09:00,86800.0,88400.0,86800.0,88100.0,2436.0
2026-07-09 12:40:00+09:00,88000.0,88700.0,87900.0,88600.0,2960.0
2026-07-09 12:50:00+09:00,88600.0,89200.0,88600.0,88800.0,2780.0
2026-07-09 13:00:00+09:00,88800.0,88800.0,87300.0,87300.0,2788.0
2026-07-09 13:10:00+09:00,87300.0,87900.0,86700.0,87400.0,3381.0
2026-07-09 13:20:00+09:00,87200.0,87500.0,87000.0,87100.0,2189.0
2026-07-09 13:30:00+09:00,87200.0,88200.0,87200.0,87800.0,862.0
2026-07-09 13:40:00+09:00,87800.0,88000.0,87000.0,87000.0,3433.0
2026-07-09 13:50:00+09:00,87000.0,87700.0,87000.0,87500.0,1437.0
2026-07-09 14:00:00+09:00,87500.0,87700.0,86800.0,87100.0,1629.0
2026-07-09 14:10:00+09:00,87100.0,88000.0,86900.0,87400.0,2391.0
2026-07-09 14:20:00+09:00,87400.0,87500.0,87100.0,87200.0,1151.0
2026-07-09 14:30:00+09:00,87300.0,87300.0,86800.0,87000.0,2918.0
2026-07-09 14:40:00+09:00,87100.0,88000.0,86800.0,88000.0,3800.0
2026-07-09 14:50:00+09:00,88000.0,88600.0,88000.0,88300.0,1783.0
2026-07-10 09:00:00+09:00,84500.0,87700.0,79000.0,86600.0,78848.0
2026-07-10 09:10:00+09:00,86500.0,89200.0,86100.0,87300.0,34358.0
2026-07-10 09:20:00+09:00,88000.0,88600.0,87300.0,87900.0,10111.0
2026-07-10 09:30:00+09:00,87900.0,90600.0,87100.0,89500.0,24851.0
2026-07-10 09:40:00+09:00,89500.0,90500.0,89100.0,89600.0,18969.0
2026-07-10 09:50:00+09:00,89700.0,90800.0,88800.0,90000.0,15075.0
2026-07-10 10:00:00+09:00,90000.0,91100.0,89700.0,90100.0,11375.0
2026-07-10 10:10:00+09:00,90200.0,90800.0,88900.0,89200.0,10345.0
2026-07-10 10:20:00+09:00,89900.0,90000.0,88900.0,89700.0,4093.0
2026-07-10 10:30:00+09:00,89700.0,90000.0,89300.0,89900.0,4454.0
2026-07-10 10:40:00+09:00,89900.0,90200.0,89400.0,89900.0,3595.0
2026-07-10 10:50:00+09:00,89900.0,90000.0,89300.0,89900.0,2820.0
2026-07-10 11:00:00+09:00,89900.0,90100.0,89300.0,89400.0,5593.0
2026-07-10 11:10:00+09:00,89700.0,89700.0,89300.0,89400.0,2118.0
2026-07-10 11:20:00+09:00,89400.0,90300.0,89300.0,90200.0,7308.0
2026-07-10 11:30:00+09:00,90100.0,90500.0,89300.0,89800.0,9019.0
2026-07-10 11:40:00+09:00,89900.0,90300.0,89500.0,90100.0,2283.0
2026-07-10 11:50:00+09:00,90200.0,90300.0,89700.0,90000.0,1793.0
2026-07-10 12:00:00+09:00,90000.0,90400.0,89900.0,90400.0,2315.0
2026-07-10 12:10:00+09:00,90400.0,90400.0,89500.0,90000.0,2122.0
2026-07-10 12:20:00+09:00,90000.0,90300.0,89500.0,90000.0,2812.0
2026-07-10 12:30:00+09:00,90000.0,90200.0,89700.0,90000.0,2774.0
2026-07-10 12:40:00+09:00,90100.0,90200.0,89700.0,90100.0,2093.0
2026-07-10 12:50:00+09:00,89900.0,90100.0,89700.0,90000.0,2578.0
2026-07-10 13:00:00+09:00,90000.0,90800.0,89900.0,90600.0,7415.0
2026-07-10 13:10:00+09:00,90600.0,90900.0,90000.0,90600.0,3620.0
2026-07-10 13:20:00+09:00,90600.0,90700.0,90200.0,90400.0,1615.0
2026-07-10 13:30:00+09:00,90500.0,90600.0,90100.0,90500.0,2324.0
2026-07-10 13:40:00+09:00,90500.0,90600.0,90200.0,90200.0,1950.0
2026-07-10 13:50:00+09:00,90200.0,90400.0,89600.0,89700.0,5148.0
2026-07-10 14:00:00+09:00,89700.0,89700.0,88700.0,88700.0,7892.0
2026-07-10 14:10:00+09:00,89100.0,89400.0,88700.0,88800.0,2096.0
2026-07-10 14:20:00+09:00,89000.0,89400.0,88800.0,89300.0,4316.0
2026-07-10 14:30:00+09:00,89000.0,89400.0,89000.0,89300.0,2935.0
2026-07-10 14:40:00+09:00,89200.0,89700.0,89100.0,89700.0,3097.0
2026-07-10 14:50:00+09:00,89500.0,90300.0,89500.0,89800.0,4647.0
2026-07-13 09:00:00+09:00,90400.0,92800.0,90000.0,90300.0,11019.0
2026-07-13 09:10:00+09:00,90400.0,90800.0,89800.0,90000.0,12285.0
2026-07-13 09:20:00+09:00,90000.0,90400.0,89600.0,89600.0,8893.0
2026-07-13 09:30:00+09:00,89600.0,90100.0,89000.0,89100.0,11077.0
2026-07-13 09:40:00+09:00,89100.0,90100.0,88500.0,89500.0,6948.0
2026-07-13 09:50:00+09:00,89500.0,89600.0,87500.0,87600.0,11400.0
2026-07-13 10:00:00+09:00,87500.0,88100.0,86000.0,86500.0,15961.0
2026-07-13 10:10:00+09:00,86700.0,87200.0,85500.0,85600.0,10385.0
2026-07-13 10:20:00+09:00,85500.0,86000.0,84900.0,86000.0,10699.0
2026-07-13 10:30:00+09:00,86100.0,86100.0,84000.0,84900.0,15386.0
2026-07-13 10:40:00+09:00,84900.0,85000.0,83000.0,83100.0,23202.0
2026-07-13 10:50:00+09:00,83100.0,83300.0,81800.0,81900.0,23474.0
2026-07-13 11:00:00+09:00,82000.0,82200.0,80500.0,81200.0,24328.0
2026-07-13 11:10:00+09:00,81300.0,82400.0,81100.0,82300.0,9271.0
2026-07-13 11:20:00+09:00,82300.0,82500.0,82000.0,82200.0,9397.0
2026-07-13 11:30:00+09:00,82200.0,82300.0,81300.0,81300.0,9684.0
2026-07-13 11:40:00+09:00,81400.0,81400.0,80000.0,80500.0,18210.0
2026-07-13 11:50:00+09:00,80500.0,80800.0,80000.0,80000.0,15955.0
2026-07-13 12:00:00+09:00,80000.0,80400.0,79500.0,79700.0,24166.0
2026-07-13 12:10:00+09:00,79700.0,80000.0,79300.0,79300.0,16784.0
2026-07-13 12:20:00+09:00,79400.0,80300.0,79400.0,80000.0,8827.0
2026-07-13 12:30:00+09:00,80000.0,80100.0,79700.0,80000.0,6000.0
2026-07-13 12:40:00+09:00,80000.0,80400.0,79700.0,79800.0,7201.0
2026-07-13 12:50:00+09:00,79900.0,79900.0,79500.0,79500.0,10445.0
2026-07-13 13:00:00+09:00,79500.0,79600.0,79000.0,79100.0,13120.0
2026-07-13 13:10:00+09:00,79050.0,79600.0,77900.0,78000.0,27967.0
2026-07-13 13:20:00+09:00,78050.0,79000.0,77900.0,78500.0,8905.0
2026-07-13 13:30:00+09:00,78600.0,78900.0,78200.0,78400.0,3604.0
2026-07-13 13:40:00+09:00,78300.0,79100.0,78300.0,78600.0,5342.0
2026-07-13 13:50:00+09:00,78600.0,78700.0,78200.0,78300.0,6713.0
2026-07-13 14:00:00+09:00,78300.0,79200.0,77600.0,79000.0,16030.0
2026-07-13 14:10:00+09:00,79100.0,79300.0,77500.0,77600.0,14145.0
2026-07-13 14:20:00+09:00,77500.0,77800.0,75400.0,76100.0,31369.0
2026-07-13 14:30:00+09:00,76000.0,79000.0,75800.0,78100.0,22535.0
2026-07-13 14:40:00+09:00,78100.0,78800.0,77600.0,77800.0,13321.0
2026-07-13 14:50:00+09:00,77600.0,78600.0,74200.0,76900.0,36994.0
2026-07-14 09:00:00+09:00,75000.0,76600.0,69800.0,71100.0,107348.0
2026-07-14 09:10:00+09:00,71100.0,71900.0,69500.0,71000.0,52830.0
2026-07-14 09:20:00+09:00,71000.0,71500.0,68100.0,70600.0,60521.0
2026-07-14 09:30:00+09:00,70700.0,70900.0,69900.0,70300.0,32562.0
2026-07-14 09:40:00+09:00,70300.0,70600.0,69500.0,70600.0,34989.0
2026-07-14 09:50:00+09:00,70500.0,71900.0,70300.0,71400.0,22360.0
2026-07-14 10:00:00+09:00,71500.0,72000.0,69900.0,71400.0,24070.0
2026-07-14 10:10:00+09:00,71500.0,71800.0,69900.0,71000.0,15886.0
2026-07-14 10:20:00+09:00,70900.0,72300.0,70400.0,70900.0,32763.0
2026-07-14 10:30:00+09:00,71200.0,71600.0,70300.0,70400.0,9389.0
2026-07-14 10:40:00+09:00,70300.0,70500.0,69600.0,69900.0,15678.0
2026-07-14 10:50:00+09:00,69800.0,70000.0,68900.0,69100.0,26023.0
2026-07-14 11:00:00+09:00,69100.0,69300.0,68000.0,69100.0,37324.0
2026-07-14 11:10:00+09:00,69100.0,69100.0,67000.0,67200.0,44271.0
2026-07-14 11:20:00+09:00,67300.0,67700.0,66100.0,67200.0,61385.0
2026-07-14 11:30:00+09:00,67100.0,67200.0,65500.0,66500.0,53747.0
2026-07-14 11:40:00+09:00,66700.0,67800.0,66700.0,67100.0,23286.0
2026-07-14 11:50:00+09:00,67100.0,67400.0,65800.0,65900.0,22688.0
2026-07-14 12:00:00+09:00,65800.0,65900.0,64700.0,64900.0,28269.0
2026-07-14 12:10:00+09:00,64800.0,65000.0,63900.0,64600.0,41795.0
2026-07-14 12:20:00+09:00,64500.0,64800.0,63000.0,64600.0,66413.0
2026-07-14 12:30:00+09:00,64500.0,65700.0,64200.0,64900.0,24391.0
2026-07-14 12:40:00+09:00,64900.0,67200.0,64500.0,67000.0,31876.0
2026-07-14 12:50:00+09:00,66900.0,67400.0,66400.0,66700.0,17940.0
2026-07-14 13:00:00+09:00,66700.0,66800.0,65300.0,65500.0,13784.0
2026-07-14 13:10:00+09:00,65300.0,65600.0,64600.0,65000.0,14008.0
2026-07-14 13:20:00+09:00,65000.0,67000.0,64900.0,66500.0,22416.0
2026-07-14 13:30:00+09:00,66500.0,68400.0,66300.0,68100.0,23962.0
2026-07-14 13:40:00+09:00,68100.0,70700.0,68000.0,70500.0,21798.0
2026-07-14 13:50:00+09:00,70500.0,71500.0,69800.0,70100.0,21043.0
2026-07-14 14:00:00+09:00,70100.0,71000.0,69600.0,70800.0,11777.0
2026-07-14 14:10:00+09:00,70900.0,71100.0,69900.0,70600.0,12107.0
2026-07-14 14:20:00+09:00,70600.0,71800.0,70400.0,71400.0,9254.0
2026-07-14 14:30:00+09:00,71300.0,72000.0,71000.0,71200.0,14435.0
2026-07-14 14:40:00+09:00,71200.0,71700.0,70700.0,71400.0,8816.0
2026-07-14 14:50:00+09:00,71400.0,71800.0,70900.0,71300.0,9309.0
2026-07-15 09:00:00+09:00,75200.0,78000.0,73000.0,76100.0,41943.0
2026-07-15 09:10:00+09:00,76100.0,78200.0,76100.0,77500.0,27924.0
2026-07-15 09:20:00+09:00,77500.0,79100.0,76600.0,78400.0,25558.0
2026-07-15 09:30:00+09:00,78400.0,79500.0,77600.0,77700.0,22480.0
2026-07-15 09:40:00+09:00,77700.0,78300.0,76700.0,78100.0,13791.0
2026-07-15 09:50:00+09:00,77800.0,78300.0,77700.0,78300.0,9173.0
2026-07-15 10:00:00+09:00,78300.0,80600.0,77700.0,79500.0,32212.0
2026-07-15 10:10:00+09:00,79500.0,79800.0,79000.0,79500.0,3887.0
2026-07-15 10:20:00+09:00,79700.0,79800.0,78500.0,78700.0,7017.0
2026-07-15 10:30:00+09:00,78700.0,79100.0,77400.0,77900.0,9706.0
2026-07-15 10:40:00+09:00,77900.0,78100.0,76700.0,77200.0,8314.0
2026-07-15 10:50:00+09:00,77200.0,80300.0,77200.0,80100.0,19316.0
2026-07-15 11:00:00+09:00,80200.0,80200.0,78500.0,78500.0,5300.0
2026-07-15 11:10:00+09:00,78500.0,79100.0,77800.0,78300.0,3589.0
2026-07-15 11:20:00+09:00,78400.0,79500.0,77700.0,78600.0,5248.0
2026-07-15 11:30:00+09:00,78500.0,79200.0,78200.0,78700.0,3297.0
2026-07-15 11:40:00+09:00,79000.0,79000.0,78500.0,78700.0,1575.0
2026-07-15 11:50:00+09:00,78700.0,78700.0,78100.0,78200.0,1848.0
2026-07-15 12:00:00+09:00,78300.0,78400.0,78000.0,78400.0,2171.0
2026-07-15 12:10:00+09:00,78300.0,78400.0,78000.0,78300.0,1616.0
2026-07-15 12:20:00+09:00,78300.0,78700.0,78300.0,78600.0,2355.0
2026-07-15 12:30:00+09:00,78700.0,78900.0,78700.0,78700.0,2059.0
2026-07-15 12:40:00+09:00,78700.0,78800.0,78600.0,78800.0,1761.0
2026-07-15 12:50:00+09:00,78800.0,78800.0,78600.0,78600.0,960.0
2026-07-15 13:00:00+09:00,78700.0,78800.0,78400.0,78700.0,2752.0
2026-07-15 13:10:00+09:00,78800.0,78900.0,78600.0,78900.0,2853.0
2026-07-15 13:20:00+09:00,78900.0,79400.0,78700.0,79400.0,3321.0
2026-07-15 13:30:00+09:00,79400.0,79400.0,77900.0,78200.0,6288.0
2026-07-15 13:40:00+09:00,78300.0,78700.0,78100.0,78600.0,3668.0
2026-07-15 13:50:00+09:00,78600.0,79000.0,78400.0,78600.0,3228.0
2026-07-15 14:00:00+09:00,78600.0,78700.0,77700.0,78000.0,5452.0
2026-07-15 14:10:00+09:00,77800.0,78200.0,77800.0,77900.0,3671.0
2026-07-15 14:20:00+09:00,77900.0,78000.0,77200.0,77200.0,11409.0
2026-07-15 14:30:00+09:00,77200.0,77500.0,77000.0,77400.0,5485.0
2026-07-15 14:40:00+09:00,77300.0,78100.0,77300.0,77700.0,6187.0
2026-07-15 14:50:00+09:00,77900.0,78000.0,77500.0,77800.0,5871.0
2026-07-16 09:00:00+09:00,77000.0,79000.0,73200.0,77600.0,17205.0
2026-07-16 09:10:00+09:00,77700.0,81100.0,77500.0,78000.0,25322.0
2026-07-16 09:20:00+09:00,78200.0,80400.0,77900.0,79600.0,11279.0
2026-07-16 09:30:00+09:00,79800.0,80300.0,78600.0,78700.0,7455.0
2026-07-16 09:40:00+09:00,78700.0,79000.0,77400.0,77600.0,9521.0
2026-07-16 09:50:00+09:00,77700.0,78100.0,76500.0,76500.0,6895.0
2026-07-16 10:00:00+09:00,76600.0,77400.0,76500.0,77000.0,5055.0
2026-07-16 10:10:00+09:00,77200.0,77700.0,76600.0,76600.0,4943.0
2026-07-16 10:20:00+09:00,76600.0,77300.0,76400.0,77000.0,6765.0
2026-07-16 10:30:00+09:00,77300.0,78200.0,76800.0,77000.0,2778.0
2026-07-16 10:40:00+09:00,77100.0,77400.0,76800.0,77100.0,1406.0
2026-07-16 10:50:00+09:00,77100.0,77300.0,76700.0,76800.0,3707.0
2026-07-16 11:00:00+09:00,76800.0,76900.0,76100.0,76200.0,2908.0
2026-07-16 11:10:00+09:00,76100.0,76100.0,75400.0,75800.0,6037.0
2026-07-16 11:20:00+09:00,75800.0,76500.0,75800.0,76500.0,2209.0
2026-07-16 11:30:00+09:00,76500.0,77000.0,76000.0,77000.0,1668.0
2026-07-16 11:40:00+09:00,77000.0,77400.0,76600.0,77400.0,3177.0
2026-07-16 11:50:00+09:00,77400.0,77400.0,76900.0,77200.0,1177.0
2026-07-16 12:00:00+09:00,77200.0,77600.0,76700.0,77600.0,2099.0
2026-07-16 12:10:00+09:00,77600.0,77800.0,76700.0,76700.0,2345.0
2026-07-16 12:20:00+09:00,76700.0,77000.0,76600.0,76700.0,660.0
2026-07-16 12:30:00+09:00,76800.0,77300.0,76700.0,76800.0,704.0
2026-07-16 12:40:00+09:00,76900.0,77400.0,76800.0,77000.0,1229.0
2026-07-16 12:50:00+09:00,77000.0,77200.0,76900.0,77000.0,1023.0
2026-07-16 13:00:00+09:00,77000.0,77500.0,77000.0,77200.0,1692.0
2026-07-16 13:10:00+09:00,77100.0,77400.0,76900.0,76900.0,2904.0
2026-07-16 13:20:00+09:00,76900.0,77100.0,76100.0,76800.0,3710.0
2026-07-16 13:30:00+09:00,76600.0,76800.0,76300.0,76300.0,3688.0
2026-07-16 13:40:00+09:00,76300.0,76700.0,76200.0,76300.0,2456.0
2026-07-16 13:50:00+09:00,76400.0,76800.0,76200.0,76600.0,7485.0
2026-07-16 14:00:00+09:00,76700.0,76700.0,76300.0,76300.0,2800.0
2026-07-16 14:10:00+09:00,76300.0,77200.0,76300.0,77100.0,2485.0
2026-07-16 14:20:00+09:00,77000.0,77400.0,75800.0,76200.0,8606.0
2026-07-16 14:30:00+09:00,76200.0,77900.0,55800.0,59000.0,267213.0
2026-07-16 14:40:00+09:00,59000.0,66000.0,55400.0,64100.0,437992.0
2026-07-16 14:50:00+09:00,64100.0,66000.0,59100.0,61500.0,256862.0
2026-07-20 09:00:00+09:00,60400.0,65100.0,60400.0,63400.0,33572.0
2026-07-20 09:10:00+09:00,63300.0,64400.0,61100.0,61700.0,51437.0
2026-07-20 09:20:00+09:00,61700.0,63100.0,61400.0,61400.0,25948.0
2026-07-20 09:30:00+09:00,61500.0,62800.0,59500.0,61800.0,53974.0
2026-07-20 09:40:00+09:00,61800.0,62200.0,59600.0,59700.0,23563.0
2026-07-20 09:50:00+09:00,59700.0,59800.0,58900.0,59400.0,25091.0
2026-07-20 10:00:00+09:00,59500.0,61500.0,59500.0,60700.0,13448.0
2026-07-20 10:10:00+09:00,60700.0,61400.0,60100.0,60400.0,7787.0
2026-07-20 10:20:00+09:00,60300.0,60400.0,59900.0,60300.0,7939.0
2026-07-20 10:30:00+09:00,60200.0,60800.0,59900.0,60300.0,17799.0
2026-07-20 10:40:00+09:00,60600.0,60700.0,59300.0,60000.0,21790.0
2026-07-20 10:50:00+09:00,60000.0,60200.0,59400.0,60000.0,7699.0
2026-07-20 11:00:00+09:00,60100.0,61000.0,59600.0,60600.0,9811.0
2026-07-20 11:10:00+09:00,60500.0,60600.0,60000.0,60300.0,4088.0
2026-07-20 11:20:00+09:00,60300.0,60300.0,59900.0,60100.0,7907.0
2026-07-20 11:30:00+09:00,60100.0,61000.0,60000.0,60900.0,5629.0
2026-07-20 11:40:00+09:00,60900.0,61300.0,60500.0,61100.0,4114.0
2026-07-20 11:50:00+09:00,61100.0,61300.0,60800.0,61200.0,2995.0
2026-07-20 12:00:00+09:00,61200.0,61300.0,60600.0,60900.0,5074.0
2026-07-20 12:10:00+09:00,61000.0,61300.0,60900.0,61000.0,3352.0
2026-07-20 12:20:00+09:00,61000.0,61100.0,60700.0,61000.0,3781.0
2026-07-20 12:30:00+09:00,61000.0,61100.0,60600.0,60700.0,3160.0
2026-07-20 12:40:00+09:00,60600.0,61300.0,60600.0,60800.0,4980.0
2026-07-20 12:50:00+09:00,60700.0,61100.0,60700.0,60700.0,7318.0
2026-07-20 13:00:00+09:00,60700.0,60800.0,60000.0,60100.0,13041.0
2026-07-20 13:10:00+09:00,60100.0,60300.0,59600.0,59700.0,7899.0
2026-07-20 13:20:00+09:00,59700.0,60000.0,59500.0,59900.0,5023.0
2026-07-20 13:30:00+09:00,59900.0,60400.0,59900.0,60300.0,5169.0
2026-07-20 13:40:00+09:00,60200.0,60300.0,59800.0,59800.0,7270.0
2026-07-20 13:50:00+09:00,59800.0,60000.0,59700.0,59900.0,5087.0
2026-07-20 14:00:00+09:00,59900.0,60000.0,59500.0,59500.0,8999.0
2026-07-20 14:10:00+09:00,59500.0,59900.0,59400.0,59600.0,4347.0
2026-07-20 14:20:00+09:00,59600.0,59900.0,59400.0,59700.0,8166.0
2026-07-20 14:30:00+09:00,59700.0,61500.0,59600.0,61000.0,23896.0
2026-07-20 14:40:00+09:00,61000.0,61400.0,60300.0,61200.0,12990.0
2026-07-20 14:50:00+09:00,61200.0,61400.0,60600.0,61100.0,16151.0
2026-07-21 09:00:00+09:00,42900.0,42900.0,42900.0,42900.0,8827.0
2026-07-21 09:10:00+09:00,42900.0,42900.0,42900.0,42900.0,2702.0
2026-07-21 09:20:00+09:00,42900.0,42900.0,42900.0,42900.0,1341.0
2026-07-21 09:30:00+09:00,42900.0,42900.0,42900.0,42900.0,2541.0
2026-07-21 09:40:00+09:00,42900.0,42900.0,42900.0,42900.0,590.0
2026-07-21 09:50:00+09:00,42900.0,42900.0,42900.0,42900.0,1021.0
2026-07-21 10:00:00+09:00,42900.0,42900.0,42900.0,42900.0,453.0
2026-07-21 10:10:00+09:00,42900.0,42900.0,42900.0,42900.0,1353.0
2026-07-21 10:20:00+09:00,42900.0,42900.0,42900.0,42900.0,1227.0
2026-07-21 10:30:00+09:00,42900.0,42900.0,42900.0,42900.0,529.0
2026-07-21 10:40:00+09:00,42900.0,42900.0,42900.0,42900.0,306.0
2026-07-21 10:50:00+09:00,42900.0,42900.0,42900.0,42900.0,567.0
2026-07-21 11:00:00+09:00,42900.0,42900.0,42900.0,42900.0,276.0
2026-07-21 11:10:00+09:00,42900.0,42900.0,42900.0,42900.0,624.0
2026-07-21 11:20:00+09:00,42900.0,42900.0,42900.0,42900.0,96.0
2026-07-21 11:30:00+09:00,42900.0,42900.0,42900.0,42900.0,84.0
2026-07-21 11:40:00+09:00,42900.0,42900.0,42900.0,42900.0,157.0
2026-07-21 11:50:00+09:00,42900.0,42900.0,42900.0,42900.0,117.0
2026-07-21 12:00:00+09:00,42900.0,42900.0,42900.0,42900.0,113.0
2026-07-21 12:10:00+09:00,42900.0,42900.0,42900.0,42900.0,176.0
2026-07-21 12:20:00+09:00,42900.0,42900.0,42900.0,42900.0,166.0
2026-07-21 12:30:00+09:00,42900.0,42900.0,42900.0,42900.0,331.0
2026-07-21 12:40:00+09:00,42900.0,42900.0,42900.0,42900.0,354.0
2026-07-21 12:50:00+09:00,42900.0,42900.0,42900.0,42900.0,485.0
2026-07-21 13:00:00+09:00,42900.0,42900.0,42900.0,42900.0,200.0
2026-07-21 13:10:00+09:00,42900.0,42900.0,42900.0,42900.0,520.0
2026-07-21 13:20:00+09:00,42900.0,42900.0,42900.0,42900.0,789.0
2026-07-21 13:30:00+09:00,42900.0,42900.0,42900.0,42900.0,843.0
2026-07-21 13:40:00+09:00,42900.0,42900.0,42900.0,42900.0,223.0
2026-07-21 13:50:00+09:00,42900.0,42900.0,42900.0,42900.0,137.0
2026-07-21 14:00:00+09:00,42900.0,42900.0,42900.0,42900.0,786.0
2026-07-21 14:10:00+09:00,42900.0,42900.0,42900.0,42900.0,227.0
2026-07-21 14:20:00+09:00,42900.0,42900.0,42900.0,42900.0,227.0
2026-07-21 14:30:00+09:00,42900.0,42900.0,42900.0,42900.0,505.0
2026-07-21 14:40:00+09:00,42900.0,42900.0,42900.0,42900.0,1305.0
2026-07-21 14:50:00+09:00,42900.0,42900.0,42900.0,42900.0,412.0
2026-07-22 09:00:00+09:00,30050.0,30050.0,30050.0,30050.0,29339.0
2026-07-22 09:10:00+09:00,30050.0,30050.0,30050.0,30050.0,8878.0
2026-07-22 09:20:00+09:00,30050.0,30050.0,30050.0,30050.0,11868.0
2026-07-22 09:30:00+09:00,30050.0,30050.0,30050.0,30050.0,3812.0
2026-07-22 09:40:00+09:00,30050.0,30050.0,30050.0,30050.0,5041.0
2026-07-22 09:50:00+09:00,30050.0,30050.0,30050.0,30050.0,2071.0
2026-07-22 10:00:00+09:00,30050.0,30050.0,30050.0,30050.0,4531.0
2026-07-22 10:10:00+09:00,30050.0,30050.0,30050.0,30050.0,2678.0
2026-07-22 10:20:00+09:00,30050.0,30050.0,30050.0,30050.0,2291.0
2026-07-22 10:30:00+09:00,30050.0,30050.0,30050.0,30050.0,1970.0
2026-07-22 10:40:00+09:00,30050.0,30050.0,30050.0,30050.0,1440.0
2026-07-22 10:50:00+09:00,30050.0,30050.0,30050.0,30050.0,1406.0
2026-07-22 11:00:00+09:00,30050.0,30050.0,30050.0,30050.0,3160.0
2026-07-22 11:10:00+09:00,30050.0,30050.0,30050.0,30050.0,795.0
2026-07-22 11:20:00+09:00,30050.0,30050.0,30050.0,30050.0,512.0
2026-07-22 11:30:00+09:00,30050.0,30050.0,30050.0,30050.0,917.0
2026-07-22 11:40:00+09:00,30050.0,30050.0,30050.0,30050.0,624.0
2026-07-22 11:50:00+09:00,30050.0,30050.0,30050.0,30050.0,506.0
2026-07-22 12:00:00+09:00,30050.0,30050.0,30050.0,30050.0,3351.0
2026-07-22 12:10:00+09:00,30050.0,30050.0,30050.0,30050.0,865.0
2026-07-22 12:20:00+09:00,30050.0,30050.0,30050.0,30050.0,558.0
2026-07-22 12:30:00+09:00,30050.0,30050.0,30050.0,30050.0,659.0
2026-07-22 12:40:00+09:00,30050.0,30050.0,30050.0,30050.0,462.0
2026-07-22 12:50:00+09:00,30050.0,30050.0,30050.0,30050.0,945.0
2026-07-22 13:00:00+09:00,30050.0,30050.0,30050.0,30050.0,1909.0
2026-07-22 13:10:00+09:00,30050.0,30050.0,30050.0,30050.0,638.0
2026-07-22 13:20:00+09:00,30050.0,30050.0,30050.0,30050.0,763.0
2026-07-22 13:30:00+09:00,30050.0,30050.0,30050.0,30050.0,869.0
2026-07-22 13:40:00+09:00,30050.0,30050.0,30050.0,30050.0,729.0
2026-07-22 13:50:00+09:00,30050.0,30050.0,30050.0,30050.0,326.0
2026-07-22 14:00:00+09:00,30050.0,30050.0,30050.0,30050.0,282.0
2026-07-22 14:10:00+09:00,30050.0,30050.0,30050.0,30050.0,5062.0
2026-07-22 14:20:00+09:00,30050.0,30050.0,30050.0,30050.0,263.0
2026-07-22 14:30:00+09:00,30050.0,30050.0,30050.0,30050.0,208.0
2026-07-22 14:40:00+09:00,30050.0,30050.0,30050.0,30050.0,168.0
2026-07-22 14:50:00+09:00,30050.0,30050.0,30050.0,30050.0,792.0
2026-07-23 09:00:00+09:00,21050.0,21050.0,21050.0,21050.0,119122.0
2026-07-23 09:10:00+09:00,21050.0,21050.0,21050.0,21050.0,35989.0
2026-07-23 09:20:00+09:00,21050.0,21050.0,21050.0,21050.0,42270.0
2026-07-23 09:30:00+09:00,21050.0,21050.0,21050.0,21050.0,15955.0
2026-07-23 09:40:00+09:00,21050.0,21050.0,21050.0,21050.0,8485.0
2026-07-23 09:50:00+09:00,21050.0,21050.0,21050.0,21050.0,8064.0
2026-07-23 10:00:00+09:00,21050.0,21050.0,21050.0,21050.0,5279.0
2026-07-23 10:10:00+09:00,21050.0,21050.0,21050.0,21050.0,6078.0
2026-07-23 10:20:00+09:00,21050.0,21050.0,21050.0,21050.0,5795.0
2026-07-23 10:30:00+09:00,21050.0,21050.0,21050.0,21050.0,3638.0
2026-07-23 10:40:00+09:00,21050.0,21050.0,21050.0,21050.0,2992.0
2026-07-23 10:50:00+09:00,21050.0,21050.0,21050.0,21050.0,6377.0
2026-07-23 11:00:00+09:00,21050.0,21050.0,21050.0,21050.0,2985.0
2026-07-23 11:10:00+09:00,21050.0,21050.0,21050.0,21050.0,3162.0
2026-07-23 11:20:00+09:00,21050.0,21050.0,21050.0,21050.0,2689.0
2026-07-23 11:30:00+09:00,21050.0,21050.0,21050.0,21050.0,1144.0
2026-07-23 11:40:00+09:00,21050.0,21050.0,21050.0,21050.0,1832.0
2026-07-23 11:50:00+09:00,21050.0,21050.0,21050.0,21050.0,1209.0
2026-07-23 12:00:00+09:00,21050.0,21050.0,21050.0,21050.0,2658.0
2026-07-23 12:10:00+09:00,21050.0,21050.0,21050.0,21050.0,2992.0
2026-07-23 12:20:00+09:00,21050.0,21050.0,21050.0,21050.0,1667.0
2026-07-23 12:30:00+09:00,21050.0,21050.0,21050.0,21050.0,1678.0
2026-07-23 12:40:00+09:00,21050.0,21050.0,21050.0,21050.0,13756.0
2026-07-23 12:50:00+09:00,21050.0,21050.0,21050.0,21050.0,3347.0
2026-07-23 13:00:00+09:00,21050.0,21050.0,21050.0,21050.0,1056.0
2026-07-23 13:10:00+09:00,21050.0,21050.0,21050.0,21050.0,1909.0
2026-07-23 13:20:00+09:00,21050.0,21050.0,21050.0,21050.0,2189.0
2026-07-23 13:30:00+09:00,21050.0,21050.0,21050.0,21050.0,1997.0
2026-07-23 13:40:00+09:00,21050.0,21050.0,21050.0,21050.0,2335.0
2026-07-23 13:50:00+09:00,21050.0,21050.0,21050.0,21050.0,2350.0
2026-07-23 14:00:00+09:00,21050.0,21050.0,21050.0,21050.0,2065.0
2026-07-23 14:10:00+09:00,21050.0,21050.0,21050.0,21050.0,2398.0
2026-07-23 14:20:00+09:00,21050.0,21050.0,21050.0,21050.0,1771.0
2026-07-23 14:30:00+09:00,21050.0,21050.0,21050.0,21050.0,4785.0
2026-07-23 14:40:00+09:00,21050.0,21050.0,21050.0,21050.0,1739.0
2026-07-23 14:50:00+09:00,21050.0,21050.0,21050.0,21050.0,2729.0
2026-07-24 09:00:00+09:00,14920.0,16410.0,14800.0,16410.0,10899953.0
2026-07-24 09:10:00+09:00,16440.0,17100.0,15800.0,16620.0,2714711.0
2026-07-24 09:20:00+09:00,16670.0,17050.0,16120.0,16190.0,1674374.0
2026-07-24 09:30:00+09:00,16180.0,16230.0,15800.0,15910.0,1000311.0
2026-07-24 09:40:00+09:00,15910.0,16160.0,15620.0,16150.0,737732.0
2026-07-24 09:50:00+09:00,16150.0,16210.0,15780.0,15850.0,581865.0
2026-07-24 10:00:00+09:00,15850.0,15870.0,15230.0,15340.0,851750.0
2026-07-24 10:10:00+09:00,15330.0,15450.0,15100.0,15340.0,590743.0
2026-07-24 10:20:00+09:00,15350.0,15640.0,15310.0,15560.0,500654.0
2026-07-24 10:30:00+09:00,15560.0,15810.0,15540.0,15660.0,344782.0
2026-07-24 10:40:00+09:00,15660.0,15750.0,15270.0,15400.0,319088.0
2026-07-24 10:50:00+09:00,15410.0,15480.0,15260.0,15460.0,207018.0
2026-07-24 11:00:00+09:00,15460.0,15480.0,15330.0,15470.0,155394.0
2026-07-24 11:10:00+09:00,15460.0,15500.0,15200.0,15230.0,233790.0
2026-07-24 11:20:00+09:00,15230.0,15290.0,15000.0,15120.0,453638.0
2026-07-24 11:30:00+09:00,15120.0,15270.0,15040.0,15060.0,167085.0
2026-07-24 11:40:00+09:00,15080.0,15200.0,14930.0,14990.0,235440.0
2026-07-24 11:50:00+09:00,14980.0,15160.0,14910.0,15020.0,216065.0
2026-07-24 12:00:00+09:00,15010.0,15090.0,14930.0,15030.0,99923.0
2026-07-24 12:10:00+09:00,15050.0,15050.0,14910.0,14990.0,127338.0
2026-07-24 12:20:00+09:00,14990.0,15020.0,14810.0,14920.0,254598.0
2026-07-24 12:30:00+09:00,14920.0,14930.0,14800.0,14870.0,309081.0
2026-07-24 12:40:00+09:00,14870.0,14900.0,14750.0,14750.0,1073400.0
2026-07-24 12:50:00+09:00,14750.0,14750.0,14750.0,14750.0,72688.0
2026-07-24 13:00:00+09:00,14750.0,14750.0,14750.0,14750.0,40622.0
2026-07-24 13:10:00+09:00,14750.0,14750.0,14750.0,14750.0,37300.0
2026-07-24 13:20:00+09:00,14750.0,14750.0,14750.0,14750.0,37436.0
2026-07-24 13:30:00+09:00,14750.0,14750.0,14750.0,14750.0,17646.0
2026-07-24 13:40:00+09:00,14750.0,14750.0,14750.0,14750.0,15918.0
2026-07-24 13:50:00+09:00,14750.0,14750.0,14750.0,14750.0,17317.0
2026-07-24 14:00:00+09:00,14750.0,14750.0,14750.0,14750.0,17503.0
2026-07-24 14:10:00+09:00,14750.0,14750.0,14750.0,14750.0,15498.0
2026-07-24 14:20:00+09:00,14750.0,14750.0,14750.0,14750.0,14142.0
2026-07-24 14:30:00+09:00,14750.0,14750.0,14750.0,14750.0,15565.0
2026-07-24 14:40:00+09:00,14750.0,14750.0,14750.0,14750.0,34866.0
2026-07-24 14:50:00+09:00,14750.0,14750.0,14750.0,14750.0,42950.0
2026-07-27 09:00:00+09:00,15530.0,16100.0,14800.0,15890.0,1126238.0
2026-07-27 09:10:00+09:00,15870.0,16400.0,15130.0,16290.0,1485836.0
2026-07-27 09:20:00+09:00,16290.0,16950.0,15820.0,16780.0,2113177.0
2026-07-27 09:30:00+09:00,16770.0,16800.0,15970.0,16360.0,1035766.0
2026-07-27 09:40:00+09:00,16360.0,17080.0,16060.0,17080.0,1087935.0
2026-07-27 09:50:00+09:00,17090.0,17130.0,16510.0,16510.0,853983.0
2026-07-27 10:00:00+09:00,16530.0,16800.0,16170.0,16380.0,549920.0
2026-07-27 10:10:00+09:00,16380.0,16390.0,15890.0,16000.0,436183.0
2026-07-27 10:20:00+09:00,15990.0,16370.0,15780.0,16360.0,459429.0
2026-07-27 10:30:00+09:00,16360.0,16580.0,16100.0,16260.0,381782.0
2026-07-27 10:40:00+09:00,16270.0,16290.0,15880.0,16100.0,277135.0
2026-07-27 10:50:00+09:00,16085.0,16100.0,15860.0,16030.0,126702.0
2026-07-27 11:00:00+09:00,16040.0,16040.0,15850.0,15880.0,103819.0
2026-07-27 11:10:00+09:00,15880.0,15890.0,15390.0,15600.0,428319.0
2026-07-27 11:20:00+09:00,15620.0,15930.0,15460.0,15800.0,180376.0
2026-07-27 11:30:00+09:00,15810.0,15890.0,15710.0,15810.0,93114.0
2026-07-27 11:40:00+09:00,15820.0,15870.0,15660.0,15740.0,75887.0
2026-07-27 11:50:00+09:00,15740.0,16180.0,15730.0,16170.0,189989.0
2026-07-27 12:00:00+09:00,16170.0,16180.0,15730.0,15740.0,139732.0
2026-07-27 12:10:00+09:00,15750.0,16120.0,15740.0,16000.0,101303.0
2026-07-27 12:20:00+09:00,16020.0,16100.0,15820.0,15840.0,76202.0
2026-07-27 12:30:00+09:00,15850.0,15910.0,15810.0,15810.0,51729.0
2026-07-27 12:40:00+09:00,15850.0,15960.0,15750.0,15760.0,66157.0
2026-07-27 12:50:00+09:00,15760.0,15820.0,15580.0,15670.0,120423.0
2026-07-27 13:00:00+09:00,15680.0,15870.0,15640.0,15820.0,53751.0
2026-07-27 13:10:00+09:00,15820.0,16015.0,15700.0,16010.0,104426.0
2026-07-27 13:20:00+09:00,16010.0,16340.0,16000.0,16110.0,247348.0
2026-07-27 13:30:00+09:00,16100.0,16500.0,16080.0,16270.0,295415.0
2026-07-27 13:40:00+09:00,16270.0,16700.0,16110.0,16580.0,232351.0
2026-07-27 13:50:00+09:00,16590.0,16620.0,16300.0,16370.0,207776.0
2026-07-27 14:00:00+09:00,16370.0,16460.0,16100.0,16320.0,136704.0
2026-07-27 14:10:00+09:00,16320.0,16450.0,16140.0,16230.0,132589.0
2026-07-27 14:20:00+09:00,16230.0,16310.0,16080.0,16130.0,95617.0
2026-07-27 14:30:00+09:00,16140.0,16540.0,16130.0,16450.0,158315.0
2026-07-27 14:40:00+09:00,16440.0,16450.0,16300.0,16390.0,128648.0
2026-07-27 14:50:00+09:00,16400.0,16450.0,15860.0,16080.0,245758.0
2026-07-28 09:00:00+09:00,15910.0,16310.0,15110.0,15580.0,872448.0
2026-07-28 09:10:00+09:00,15580.0,15750.0,15210.0,15300.0,333702.0
2026-07-28 09:20:00+09:00,15320.0,15360.0,14320.0,14840.0,730372.0
2026-07-28 09:30:00+09:00,14840.0,14920.0,14200.0,14350.0,411213.0
2026-07-28 09:40:00+09:00,14350.0,14420.0,14120.0,14200.0,217356.0
2026-07-28 09:50:00+09:00,14200.0,14440.0,14180.0,14410.0,100620.0
2026-07-28 10:00:00+09:00,14420.0,14420.0,14030.0,14030.0,196429.0
2026-07-28 10:10:00+09:00,14030.0,14250.0,13880.0,14220.0,212960.0
2026-07-28 10:20:00+09:00,14200.0,14270.0,14180.0,14250.0,57370.0
2026-07-28 10:30:00+09:00,14260.0,14595.0,14260.0,14300.0,96537.0
2026-07-28 10:40:00+09:00,14310.0,14630.0,14290.0,14530.0,77472.0
2026-07-28 10:50:00+09:00,14540.0,14540.0,14200.0,14210.0,90177.0
2026-07-28 11:00:00+09:00,14210.0,14240.0,14050.0,14230.0,111542.0
2026-07-28 11:10:00+09:00,14230.0,14340.0,14200.0,14310.0,41293.0
2026-07-28 11:20:00+09:00,14310.0,14480.0,14240.0,14280.0,39233.0
2026-07-28 11:30:00+09:00,14280.0,14400.0,14270.0,14340.0,27667.0
2026-07-28 11:40:00+09:00,14340.0,14380.0,14270.0,14290.0,31014.0
2026-07-28 11:50:00+09:00,14320.0,14540.0,14290.0,14440.0,86187.0
2026-07-28 12:00:00+09:00,14440.0,14450.0,14310.0,14310.0,8992.0
2026-07-28 12:30:00+09:00,14310.0,14350.0,14120.0,14340.0,115246.0
2026-07-28 12:40:00+09:00,14350.0,14480.0,14310.0,14460.0,35900.0
2026-07-28 12:50:00+09:00,14450.0,14550.0,14400.0,14540.0,42440.0
2026-07-28 13:00:00+09:00,14520.0,14560.0,14370.0,14380.0,53332.0
2026-07-28 13:10:00+09:00,14390.0,14620.0,14380.0,14600.0,39495.0
2026-07-28 13:20:00+09:00,14600.0,14710.0,14480.0,14710.0,99321.0
2026-07-28 13:30:00+09:00,14700.0,14750.0,14610.0,14700.0,54627.0
2026-07-28 13:40:00+09:00,14740.0,14840.0,14680.0,14770.0,62709.0
2026-07-28 13:50:00+09:00,14760.0,14950.0,14730.0,14750.0,96919.0
2026-07-28 14:00:00+09:00,14770.0,15200.0,14750.0,15110.0,109427.0
2026-07-28 14:10:00+09:00,15110.0,15185.0,14750.0,14750.0,132153.0
2026-07-28 14:20:00+09:00,14760.0,14760.0,14530.0,14580.0,90524.0
2026-07-28 14:30:00+09:00,14590.0,14720.0,14520.0,14620.0,64693.0
2026-07-28 14:40:00+09:00,14610.0,14700.0,14450.0,14680.0,68429.0
2026-07-28 14:50:00+09:00,14680.0,14750.0,14590.0,14600.0,53266.0
2026-07-29 09:00:00+09:00,14800.0,15250.0,14790.0,14890.0,310483.0
2026-07-29 09:10:00+09:00,14850.0,14890.0,14100.0,14300.0,259371.0
2026-07-29 09:20:00+09:00,14330.0,14690.0,14270.0,14280.0,148474.0
2026-07-29 09:30:00+09:00,14290.0,14290.0,13890.0,14190.0,163170.0
2026-07-29 09:40:00+09:00,14190.0,14320.0,14060.0,14230.0,66278.0
2026-07-29 09:50:00+09:00,14210.0,14440.0,14000.0,14130.0,75502.0
2026-07-29 10:00:00+09:00,14130.0,14480.0,14060.0,14180.0,53410.0
2026-07-29 10:10:00+09:00,14180.0,14180.0,13910.0,13940.0,109120.0
2026-07-29 10:20:00+09:00,13940.0,14270.0,13930.0,14150.0,52179.0
2026-07-29 10:30:00+09:00,14140.0,14160.0,13950.0,13960.0,56630.0
2026-07-29 10:40:00+09:00,13970.0,14005.0,13460.0,13520.0,193685.0
2026-07-29 10:50:00+09:00,13530.0,13540.0,13330.0,13330.0,112422.0
2026-07-29 11:00:00+09:00,13310.0,13400.0,13130.0,13250.0,150372.0
2026-07-29 11:10:00+09:00,13250.0,13340.0,13010.0,13090.0,109220.0
2026-07-29 11:20:00+09:00,13270.0,13400.0,13160.0,13390.0,84154.0
2026-07-29 11:30:00+09:00,13390.0,13420.0,13120.0,13140.0,41208.0
2026-07-29 11:40:00+09:00,13140.0,13220.0,13030.0,13110.0,54646.0
2026-07-29 11:50:00+09:00,13110.0,13270.0,13040.0,13220.0,45660.0
2026-07-29 12:00:00+09:00,13210.0,13390.0,13100.0,13390.0,47058.0
2026-07-29 12:10:00+09:00,13380.0,13390.0,13140.0,13140.0,33647.0
2026-07-29 12:40:00+09:00,13140.0,13140.0,13010.0,13010.0,36434.0
2026-07-29 12:50:00+09:00,13020.0,13140.0,12850.0,12990.0,104783.0
2026-07-29 13:00:00+09:00,13000.0,13080.0,12750.0,12860.0,85819.0
2026-07-29 13:10:00+09:00,12860.0,13020.0,12750.0,12800.0,87390.0
2026-07-29 13:20:00+09:00,12830.0,12830.0,12560.0,12670.0,128648.0
2026-07-29 13:30:00+09:00,12680.0,12890.0,12610.0,12720.0,80516.0
2026-07-29 13:40:00+09:00,12720.0,12760.0,12410.0,12710.0,90245.0
2026-07-29 13:50:00+09:00,12720.0,12970.0,12690.0,12950.0,65568.0
2026-07-29 14:00:00+09:00,12930.0,13070.0,12860.0,13020.0,50305.0
2026-07-29 14:10:00+09:00,13020.0,13200.0,13020.0,13110.0,45009.0
2026-07-29 14:20:00+09:00,13100.0,13380.0,13100.0,13240.0,40032.0
2026-07-29 14:30:00+09:00,13250.0,13320.0,13180.0,13300.0,38581.0
2026-07-29 14:40:00+09:00,13300.0,13310.0,13150.0,13240.0,36939.0
2026-07-29 14:50:00+09:00,13230.0,13250.0,13070.0,13090.0,57226.0
2026-07-30 09:00:00+09:00,12700.0,13180.0,12500.0,13130.0,210318.0
2026-07-30 09:10:00+09:00,13150.0,13290.0,12800.0,12840.0,113920.0
2026-07-30 09:20:00+09:00,12840.0,12900.0,12410.0,12690.0,183968.0
2026-07-30 09:30:00+09:00,12670.0,12710.0,12340.0,12390.0,121492.0
2026-07-30 09:40:00+09:00,12430.0,12440.0,12200.0,12320.0,141192.0
2026-07-30 09:50:00+09:00,12270.0,12320.0,11900.0,12030.0,164606.0
2026-07-30 10:00:00+09:00,12040.0,12420.0,12020.0,12350.0,118574.0
2026-07-30 10:10:00+09:00,12340.0,12390.0,12190.0,12290.0,44000.0
2026-07-30 10:20:00+09:00,12280.0,12390.0,12250.0,12390.0,38410.0
2026-07-30 10:30:00+09:00,12390.0,12640.0,12380.0,12590.0,88974.0
2026-07-30 10:40:00+09:00,12590.0,12740.0,12520.0,12740.0,55569.0
2026-07-30 10:50:00+09:00,12730.0,12740.0,12430.0,12430.0,60796.0
2026-07-30 11:00:00+09:00,12430.0,12570.0,12400.0,12520.0,39068.0
2026-07-30 11:10:00+09:00,12520.0,12530.0,12260.0,12260.0,69404.0
2026-07-30 11:20:00+09:00,12270.0,12330.0,12190.0,12210.0,127049.0
2026-07-30 11:30:00+09:00,12200.0,12240.0,11950.0,11990.0,220176.0
2026-07-30 11:40:00+09:00,11990.0,12100.0,11980.0,12060.0,79036.0
2026-07-30 11:50:00+09:00,12060.0,12070.0,11870.0,11880.0,93667.0
2026-07-30 12:00:00+09:00,11895.0,11900.0,11560.0,11630.0,405033.0
2026-07-30 12:10:00+09:00,11630.0,11710.0,11570.0,11590.0,62751.0
2026-07-30 12:20:00+09:00,11590.0,11680.0,11470.0,11680.0,90615.0
2026-07-30 12:30:00+09:00,11690.0,11830.0,11620.0,11710.0,44822.0
2026-07-30 12:40:00+09:00,11720.0,11850.0,11700.0,11810.0,28537.0
2026-07-30 12:50:00+09:00,11805.0,11860.0,11750.0,11790.0,31307.0
2026-07-30 13:00:00+09:00,11780.0,11820.0,11660.0,11660.0,41550.0
2026-07-30 13:10:00+09:00,11650.0,11700.0,11520.0,11550.0,41530.0
2026-07-30 13:20:00+09:00,11540.0,11820.0,11540.0,11780.0,38560.0
2026-07-30 13:30:00+09:00,11780.0,11800.0,11660.0,11690.0,28385.0
2026-07-30 13:40:00+09:00,11680.0,11730.0,11580.0,11590.0,30333.0
2026-07-30 13:50:00+09:00,11600.0,11640.0,11550.0,11590.0,23147.0
2026-07-30 14:00:00+09:00,11600.0,11690.0,11560.0,11600.0,32757.0
2026-07-30 14:10:00+09:00,11600.0,11750.0,11510.0,11710.0,40703.0
2026-07-30 14:20:00+09:00,11710.0,11710.0,11640.0,11660.0,34363.0
2026-07-30 14:30:00+09:00,11650.0,11680.0,11560.0,11610.0,29015.0
2026-07-30 14:40:00+09:00,11620.0,11770.0,11610.0,11710.0,36752.0
2026-07-30 14:50:00+09:00,11720.0,11720.0,11600.0,11630.0,32049.0
2026-07-31 09:00:00+09:00,12100.0,13140.0,12100.0,12550.0,509386.0
2026-07-31 09:10:00+09:00,12550.0,12900.0,12380.0,12720.0,183349.0
2026-07-31 09:20:00+09:00,12700.0,12790.0,12500.0,12520.0,95495.0
2026-07-31 09:30:00+09:00,12530.0,12670.0,12520.0,12630.0,76614.0
2026-07-31 09:40:00+09:00,12630.0,12990.0,12540.0,12820.0,159613.0
2026-07-31 09:50:00+09:00,12790.0,13080.0,12780.0,13080.0,110211.0
2026-07-31 10:00:00+09:00,13080.0,13180.0,12920.0,13180.0,137094.0
2026-07-31 10:10:00+09:00,13180.0,13280.0,12960.0,12960.0,125030.0
2026-07-31 10:20:00+09:00,12980.0,13170.0,12830.0,12830.0,107848.0
2026-07-31 10:30:00+09:00,12850.0,12940.0,12740.0,12810.0,69981.0
2026-07-31 10:40:00+09:00,12840.0,12910.0,12750.0,12870.0,34367.0
2026-07-31 10:50:00+09:00,12860.0,12980.0,12810.0,12890.0,33115.0
2026-07-31 11:00:00+09:00,12900.0,12960.0,12740.0,12810.0,39845.0
2026-07-31 11:10:00+09:00,12800.0,12810.0,12590.0,12660.0,59480.0
2026-07-31 11:20:00+09:00,12670.0,12990.0,12660.0,12920.0,34121.0
2026-07-31 11:30:00+09:00,12940.0,13060.0,12930.0,12960.0,42477.0
2026-07-31 11:40:00+09:00,12960.0,13070.0,12950.0,12980.0,26857.0
2026-07-31 11:50:00+09:00,12990.0,13020.0,12910.0,12960.0,20612.0
2026-07-31 12:00:00+09:00,12970.0,13050.0,12900.0,13040.0,21291.0
2026-07-31 12:10:00+09:00,13050.0,13050.0,12970.0,13030.0,21227.0
2026-07-31 12:20:00+09:00,13020.0,13090.0,13000.0,13090.0,32343.0
2026-07-31 12:30:00+09:00,13090.0,13090.0,12950.0,13040.0,25734.0
2026-07-31 12:40:00+09:00,13050.0,13130.0,13010.0,13010.0,41904.0
2026-07-31 12:50:00+09:00,13010.0,13150.0,13010.0,13030.0,43897.0
2026-07-31 13:00:00+09:00,13020.0,13030.0,12900.0,12980.0,29821.0
2026-07-31 13:10:00+09:00,12980.0,13010.0,12940.0,12990.0,15150.0
2026-07-31 13:20:00+09:00,12990.0,13000.0,12840.0,12960.0,34469.0
2026-07-31 13:30:00+09:00,12970.0,13000.0,12910.0,12950.0,24165.0
2026-07-31 13:40:00+09:00,12970.0,13030.0,12960.0,12960.0,19450.0
2026-07-31 13:50:00+09:00,12970.0,13000.0,12910.0,12945.0,17959.0
2026-07-31 14:00:00+09:00,12950.0,13010.0,12900.0,12950.0,42285.0
2026-07-31 14:10:00+09:00,12960.0,13050.0,12940.0,13040.0,23854.0
2026-07-31 14:20:00+09:00,13040.0,13150.0,13010.0,13060.0,39575.0
2026-07-31 14:30:00+09:00,13060.0,13080.0,12910.0,12970.0,32888.0
2026-07-31 14:40:00+09:00,12970.0,13040.0,12950.0,13020.0,14738.0
2026-07-31 14:50:00+09:00,13020.0,13030.0,12930.0,13000.0,26236.0
2026-08-03 09:00:00+09:00,13360.0,13520.0,12730.0,13290.0,141383.0
2026-08-03 09:10:00+09:00,13290.0,14200.0,13030.0,13930.0,250903.0
2026-08-03 09:20:00+09:00,13910.0,14085.0,13470.0,13720.0,173198.0
2026-08-03 09:30:00+09:00,13710.0,14450.0,13600.0,14280.0,268282.0
2026-08-03 09:40:00+09:00,14270.0,14690.0,14070.0,14690.0,187823.0
2026-08-03 09:50:00+09:00,14690.0,14900.0,14490.0,14660.0,336375.0
2026-08-03 10:00:00+09:00,14660.0,14940.0,14620.0,14820.0,181350.0
2026-08-03 10:10:00+09:00,14820.0,15310.0,14640.0,15310.0,397919.0
2026-08-03 10:20:00+09:00,15310.0,15350.0,14770.0,14840.0,220668.0
2026-08-03 10:30:00+09:00,14830.0,15800.0,14770.0,15670.0,359823.0
2026-08-03 10:40:00+09:00,15670.0,15780.0,15440.0,15600.0,227879.0
2026-08-03 10:50:00+09:00,15600.0,15700.0,15350.0,15590.0,129787.0
2026-08-03 11:00:00+09:00,15600.0,15600.0,15220.0,15460.0,141395.0
2026-08-03 11:10:00+09:00,15460.0,15540.0,15380.0,15450.0,81457.0
2026-08-03 11:20:00+09:00,15460.0,15500.0,15140.0,15150.0,137856.0
2026-08-03 11:30:00+09:00,15150.0,15170.0,14900.0,14930.0,116300.0
2026-08-03 11:40:00+09:00,14950.0,15080.0,14870.0,14900.0,70409.0
2026-08-03 11:50:00+09:00,14890.0,15250.0,14870.0,15230.0,65639.0
2026-08-03 12:00:00+09:00,15240.0,15240.0,15110.0,15200.0,51496.0
2026-08-03 12:10:00+09:00,15210.0,15250.0,15080.0,15110.0,41795.0
2026-08-03 12:20:00+09:00,15120.0,15140.0,14950.0,15050.0,33978.0
2026-08-03 12:30:00+09:00,15050.0,15200.0,15020.0,15050.0,39324.0
2026-08-03 12:40:00+09:00,15050.0,15190.0,15000.0,15070.0,40380.0
2026-08-03 12:50:00+09:00,15070.0,15110.0,14970.0,14980.0,45062.0
2026-08-03 13:00:00+09:00,14970.0,15020.0,14800.0,14820.0,67637.0
2026-08-03 13:10:00+09:00,14830.0,14850.0,14660.0,14690.0,87719.0
2026-08-03 13:20:00+09:00,14700.0,14800.0,14500.0,14540.0,73116.0
2026-08-03 13:30:00+09:00,14540.0,14640.0,14480.0,14480.0,59439.0
2026-08-03 13:40:00+09:00,14480.0,14560.0,14400.0,14470.0,46787.0
2026-08-03 13:50:00+09:00,14490.0,14490.0,14350.0,14360.0,52902.0
2026-08-03 14:00:00+09:00,14360.0,14600.0,14350.0,14540.0,68317.0
2026-08-03 14:10:00+09:00,14540.0,14570.0,14200.0,14230.0,60655.0
2026-08-03 14:20:00+09:00,14230.0,14330.0,14210.0,14280.0,33845.0
2026-08-03 14:30:00+09:00,14280.0,14350.0,14270.0,14310.0,31356.0
2026-08-03 14:40:00+09:00,14320.0,14330.0,14100.0,14225.0,72237.0
2026-08-03 14:50:00+09:00,14230.0,14260.0,14090.0,14200.0,52273.0
2026-08-04 09:00:00+09:00,14360.0,15750.0,14290.0,15490.0,523374.0
2026-08-04 09:10:00+09:00,15540.0,15830.0,15300.0,15620.0,361469.0
2026-08-04 09:20:00+09:00,15620.0,16090.0,15500.0,16030.0,396501.0
2026-08-04 09:30:00+09:00,16030.0,16030.0,15610.0,15890.0,368206.0
2026-08-04 09:40:00+09:00,15880.0,15990.0,15470.0,15980.0,249350.0
2026-08-04 09:50:00+09:00,15990.0,16500.0,15990.0,16050.0,579613.0
2026-08-04 10:00:00+09:00,16040.0,16190.0,15510.0,15640.0,255897.0
2026-08-04 10:10:00+09:00,15630.0,15700.0,15400.0,15430.0,157962.0
2026-08-04 10:20:00+09:00,15430.0,15770.0,15420.0,15650.0,61304.0
2026-08-04 10:30:00+09:00,15660.0,15900.0,15640.0,15680.0,53302.0
2026-08-04 10:40:00+09:00,15680.0,15880.0,15670.0,15760.0,41890.0
2026-08-04 10:50:00+09:00,15760.0,15820.0,15660.0,15730.0,46044.0
2026-08-04 11:00:00+09:00,15740.0,15780.0,15530.0,15580.0,45671.0
2026-08-04 11:10:00+09:00,15580.0,15640.0,15565.0,15630.0,21267.0
2026-08-04 11:20:00+09:00,15630.0,15810.0,15620.0,15700.0,32551.0
2026-08-04 11:30:00+09:00,15700.0,15810.0,15660.0,15730.0,36790.0
2026-08-04 11:40:00+09:00,15760.0,15820.0,15720.0,15810.0,18656.0
2026-08-04 11:50:00+09:00,15800.0,16070.0,15790.0,16050.0,86916.0
2026-08-04 12:00:00+09:00,16050.0,16200.0,15950.0,16050.0,95464.0
2026-08-04 12:10:00+09:00,16050.0,16060.0,15870.0,15880.0,51140.0
2026-08-04 12:20:00+09:00,15875.0,15880.0,15770.0,15880.0,34429.0
2026-08-04 12:30:00+09:00,15880.0,15960.0,15750.0,15750.0,30866.0
2026-08-04 12:40:00+09:00,15760.0,15765.0,15540.0,15580.0,49738.0
2026-08-04 12:50:00+09:00,15600.0,15680.0,15560.0,15670.0,18471.0
2026-08-04 13:00:00+09:00,15680.0,15720.0,15630.0,15690.0,19526.0
2026-08-04 13:10:00+09:00,15690.0,15740.0,15580.0,15670.0,25053.0
2026-08-04 13:20:00+09:00,15640.0,15680.0,15580.0,15620.0,34612.0
2026-08-04 13:30:00+09:00,15620.0,15620.0,15430.0,15470.0,56701.0
2026-08-04 13:40:00+09:00,15470.0,15490.0,15350.0,15370.0,46848.0
2026-08-04 13:50:00+09:00,15380.0,15480.0,15360.0,15440.0,24580.0
2026-08-04 14:00:00+09:00,15470.0,15530.0,15400.0,15530.0,23506.0
2026-08-04 14:10:00+09:00,15530.0,15530.0,15260.0,15350.0,62551.0
2026-08-04 14:20:00+09:00,15350.0,15510.0,15340.0,15500.0,22288.0
2026-08-04 14:30:00+09:00,15500.0,15560.0,15470.0,15530.0,23851.0
2026-08-04 14:40:00+09:00,15520.0,15720.0,15510.0,15710.0,39170.0
2026-08-04 14:50:00+09:00,15710.0,15860.0,15690.0,15790.0,53811.0
2026-08-05 09:00:00+09:00,16450.0,16840.0,16010.0,16760.0,491422.0
2026-08-05 09:10:00+09:00,16710.0,16750.0,16070.0,16430.0,229365.0
2026-08-05 09:20:00+09:00,16440.0,16610.0,16240.0,16540.0,104259.0
2026-08-05 09:30:00+09:00,16530.0,17080.0,16440.0,17080.0,274328.0
2026-08-05 09:40:00+09:00,17080.0,17220.0,16610.0,16660.0,224333.0
2026-08-05 09:50:00+09:00,16680.0,16750.0,16570.0,16720.0,82779.0
2026-08-05 10:00:00+09:00,16700.0,16730.0,16570.0,16720.0,58094.0
2026-08-05 10:10:00+09:00,16700.0,16920.0,16680.0,16920.0,70819.0
2026-08-05 10:20:00+09:00,16920.0,17450.0,16920.0,17440.0,244304.0
2026-08-05 10:30:00+09:00,17440.0,17480.0,16920.0,16990.0,192729.0
2026-08-05 10:40:00+09:00,17000.0,17160.0,16900.0,17150.0,75731.0
2026-08-05 10:50:00+09:00,17155.0,17420.0,17090.0,17415.0,85891.0
2026-08-05 11:00:00+09:00,17415.0,17500.0,17150.0,17170.0,101695.0
2026-08-05 11:10:00+09:00,17180.0,17180.0,17050.0,17060.0,54535.0
2026-08-05 11:20:00+09:00,17070.0,17300.0,17070.0,17160.0,51898.0
2026-08-05 11:30:00+09:00,17130.0,17160.0,17000.0,17080.0,46426.0
2026-08-05 11:40:00+09:00,17080.0,17100.0,17030.0,17080.0,20879.0
2026-08-05 11:50:00+09:00,17080.0,17200.0,17070.0,17150.0,28768.0
2026-08-05 12:00:00+09:00,17150.0,17260.0,17150.0,17260.0,26104.0
2026-08-05 12:10:00+09:00,17240.0,17410.0,17230.0,17400.0,51203.0
2026-08-05 12:20:00+09:00,17400.0,17780.0,17300.0,17590.0,193570.0
2026-08-05 12:30:00+09:00,17600.0,17600.0,17160.0,17250.0,129379.0
2026-08-05 12:40:00+09:00,17250.0,17330.0,17220.0,17270.0,32197.0
2026-08-05 12:50:00+09:00,17270.0,17530.0,17270.0,17520.0,39411.0
2026-08-05 13:00:00+09:00,17520.0,19300.0,17520.0,19290.0,997636.0
2026-08-05 13:10:00+09:00,19280.0,20250.0,19190.0,20200.0,852005.0
2026-08-05 13:20:00+09:00,20200.0,20650.0,19600.0,19810.0,1656044.0
2026-08-05 13:30:00+09:00,19820.0,19840.0,19310.0,19480.0,547271.0
2026-08-05 13:40:00+09:00,19480.0,19530.0,19300.0,19350.0,253697.0
2026-08-05 13:50:00+09:00,19350.0,19610.0,19150.0,19520.0,330540.0
2026-08-05 14:00:00+09:00,19520.0,19830.0,19500.0,19770.0,328422.0
2026-08-05 14:10:00+09:00,19770.0,20150.0,19650.0,19870.0,394440.0
2026-08-05 14:20:00+09:00,19880.0,19980.0,19630.0,19740.0,221708.0
2026-08-05 14:30:00+09:00,19740.0,19790.0,19460.0,19530.0,165843.0
2026-08-05 14:40:00+09:00,19550.0,19560.0,18900.0,18900.0,379886.0
2026-08-05 14:50:00+09:00,18900.0,19410.0,18720.0,19230.0,278124.0
2026-08-06 09:00:00+09:00,18570.0,19730.0,18250.0,18790.0,806311.0
2026-08-06 09:10:00+09:00,18790.0,19300.0,18250.0,18250.0,328815.0
2026-08-06 09:20:00+09:00,18260.0,18270.0,17100.0,17500.0,551264.0
2026-08-06 09:30:00+09:00,17590.0,17770.0,17000.0,17700.0,317169.0
2026-08-06 09:40:00+09:00,17690.0,17700.0,17290.0,17310.0,149713.0
2026-08-06 09:50:00+09:00,17320.0,17330.0,16800.0,16870.0,267030.0
2026-08-06 10:00:00+09:00,16870.0,16950.0,16600.0,16920.0,174780.0
2026-08-06 10:10:00+09:00,16930.0,17040.0,16580.0,16580.0,140990.0
2026-08-06 10:20:00+09:00,16580.0,16580.0,16300.0,16470.0,158406.0
2026-08-06 10:30:00+09:00,16470.0,16650.0,16350.0,16470.0,92331.0
2026-08-06 10:40:00+09:00,16460.0,16850.0,16460.0,16790.0,85032.0
2026-08-06 10:50:00+09:00,16800.0,16850.0,16510.0,16540.0,80720.0
2026-08-06 11:00:00+09:00,16530.0,16650.0,16510.0,16650.0,43293.0
2026-08-06 11:10:00+09:00,16650.0,16800.0,16520.0,16760.0,54470.0
2026-08-06 11:20:00+09:00,16760.0,16900.0,16750.0,16850.0,55599.0
2026-08-06 11:30:00+09:00,16860.0,17230.0,16730.0,17120.0,89524.0
2026-08-06 11:40:00+09:00,17120.0,17580.0,17120.0,17130.0,158575.0
2026-08-06 11:50:00+09:00,17140.0,17370.0,17090.0,17230.0,60574.0
2026-08-06 12:00:00+09:00,17240.0,17300.0,17110.0,17120.0,46097.0
2026-08-06 12:10:00+09:00,17120.0,17150.0,16970.0,17050.0,73417.0
2026-08-06 12:20:00+09:00,17040.0,17150.0,16970.0,17030.0,27282.0
2026-08-06 12:30:00+09:00,17050.0,17090.0,16950.0,17070.0,30661.0
2026-08-06 12:40:00+09:00,17070.0,17430.0,17060.0,17240.0,67837.0
2026-08-06 12:50:00+09:00,17250.0,17290.0,17120.0,17190.0,34629.0
2026-08-06 13:00:00+09:00,17220.0,17270.0,17120.0,17230.0,19101.0
2026-08-06 13:10:00+09:00,17230.0,17250.0,17120.0,17240.0,20451.0
2026-08-06 13:20:00+09:00,17240.0,17380.0,17220.0,17380.0,39663.0
2026-08-06 13:30:00+09:00,17380.0,17400.0,17230.0,17230.0,49842.0
2026-08-06 13:40:00+09:00,17220.0,17390.0,17160.0,17300.0,28142.0
2026-08-06 13:50:00+09:00,17300.0,17590.0,17290.0,17570.0,71700.0
2026-08-06 14:00:00+09:00,17560.0,17960.0,17510.0,17910.0,138063.0
2026-08-06 14:10:00+09:00,17910.0,18220.0,17650.0,17890.0,191516.0
2026-08-06 14:20:00+09:00,17880.0,17920.0,17700.0,17810.0,91964.0
2026-08-06 14:30:00+09:00,17810.0,17820.0,17590.0,17620.0,81168.0
2026-08-06 14:40:00+09:00,17620.0,17850.0,17600.0,17670.0,51910.0
2026-08-06 14:50:00+09:00,17680.0,17750.0,17500.0,17715.0,58947.0
2026-08-07 09:00:00+09:00,17720.0,18220.0,17200.0,17400.0,297967.0
2026-08-07 09:10:00+09:00,17410.0,17500.0,17050.0,17200.0,190522.0
2026-08-07 09:20:00+09:00,17180.0,17360.0,16800.0,16820.0,137789.0
2026-08-07 09:30:00+09:00,16820.0,17180.0,16810.0,16840.0,109848.0
2026-08-07 09:40:00+09:00,16850.0,16950.0,16620.0,16740.0,120592.0
2026-08-07 09:50:00+09:00,16730.0,16890.0,16630.0,16820.0,89734.0
2026-08-07 10:00:00+09:00,16820.0,16980.0,16740.0,16740.0,47671.0
2026-08-07 10:10:00+09:00,16750.0,16750.0,16540.0,16610.0,66777.0
2026-08-07 10:20:00+09:00,16610.0,16700.0,16420.0,16590.0,102472.0
2026-08-07 10:30:00+09:00,16600.0,16600.0,16360.0,16360.0,53856.0
2026-08-07 10:40:00+09:00,16360.0,16440.0,16300.0,16320.0,54305.0
2026-08-07 10:50:00+09:00,16330.0,16530.0,16250.0,16530.0,52967.0
2026-08-07 11:00:00+09:00,16530.0,16570.0,16450.0,16510.0,27944.0
2026-08-07 11:10:00+09:00,16500.0,16700.0,16380.0,16670.0,31418.0
2026-08-07 11:20:00+09:00,16670.0,16690.0,16530.0,16580.0,24586.0
2026-08-07 11:30:00+09:00,16580.0,16600.0,16520.0,16580.0,13668.0
2026-08-07 11:40:00+09:00,16580.0,16855.0,16570.0,16770.0,30225.0
2026-08-07 11:50:00+09:00,16770.0,16970.0,16720.0,16860.0,44211.0
2026-08-07 12:00:00+09:00,16860.0,17000.0,16860.0,16950.0,46051.0
2026-08-07 12:10:00+09:00,16960.0,17420.0,16920.0,17080.0,73184.0
2026-08-07 12:20:00+09:00,17070.0,17170.0,16900.0,17070.0,24453.0
2026-08-07 12:30:00+09:00,17080.0,17400.0,17060.0,17330.0,25682.0
2026-08-07 12:40:00+09:00,17360.0,17400.0,17100.0,17100.0,76022.0
2026-08-07 12:50:00+09:00,17110.0,17140.0,16860.0,16970.0,45549.0
2026-08-07 13:00:00+09:00,16970.0,17000.0,16820.0,16900.0,22823.0
2026-08-07 13:10:00+09:00,16900.0,16950.0,16830.0,16890.0,18141.0
2026-08-07 13:20:00+09:00,16885.0,17060.0,16860.0,17060.0,14883.0
2026-08-07 13:30:00+09:00,17050.0,17110.0,16880.0,17110.0,24145.0
2026-08-07 13:40:00+09:00,17100.0,17200.0,17030.0,17060.0,20805.0
2026-08-07 13:50:00+09:00,17040.0,17050.0,16850.0,16880.0,30290.0
2026-08-07 14:00:00+09:00,16880.0,17080.0,16870.0,17070.0,16506.0
2026-08-07 14:10:00+09:00,17070.0,17210.0,17000.0,17210.0,16974.0
2026-08-07 14:20:00+09:00,17210.0,17220.0,17120.0,17170.0,27842.0
2026-08-07 14:30:00+09:00,17160.0,17220.0,17150.0,17210.0,26070.0
2026-08-07 14:40:00+09:00,17200.0,17690.0,17200.0,17570.0,86633.0
2026-08-07 14:50:00+09:00,17570.0,17570.0,17360.0,17410.0,55124.0
2026-08-10 09:00:00+09:00,17810.0,18640.0,17740.0,17950.0,114353.0
2026-08-10 09:10:00+09:00,17950.0,19160.0,17950.0,18510.0,355860.0
2026-08-10 09:20:00+09:00,18530.0,18940.0,18520.0,18600.0,133092.0
2026-08-10 09:30:00+09:00,18620.0,18700.0,18450.0,18600.0,92900.0
2026-08-10 09:40:00+09:00,18590.0,18920.0,18540.0,18790.0,117584.0
2026-08-10 09:50:00+09:00,18790.0,19170.0,18640.0,19100.0,168997.0
2026-08-10 10:00:00+09:00,19100.0,19470.0,19090.0,19350.0,243332.0
2026-08-10 10:10:00+09:00,19360.0,20500.0,19340.0,20100.0,457647.0
2026-08-10 10:20:00+09:00,20100.0,20200.0,19600.0,19720.0,262326.0
2026-08-10 10:30:00+09:00,19730.0,19760.0,19390.0,19410.0,171604.0
2026-08-10 10:40:00+09:00,19410.0,19440.0,19260.0,19350.0,126056.0
2026-08-10 10:50:00+09:00,19340.0,19540.0,19260.0,19450.0,80316.0
2026-08-10 11:00:00+09:00,19440.0,19800.0,19410.0,19780.0,87432.0
2026-08-10 11:10:00+09:00,19780.0,19960.0,19610.0,19880.0,105721.0
2026-08-10 11:20:00+09:00,19880.0,20200.0,19800.0,20200.0,116271.0
2026-08-10 11:30:00+09:00,20200.0,20700.0,19960.0,20250.0,216023.0
2026-08-10 11:40:00+09:00,20250.0,20500.0,20000.0,20100.0,123298.0
2026-08-10 11:50:00+09:00,20100.0,20100.0,19820.0,19840.0,75082.0
2026-08-10 12:00:00+09:00,19840.0,19970.0,19640.0,19710.0,73985.0
2026-08-10 12:10:00+09:00,19710.0,19840.0,19700.0,19770.0,46028.0
2026-08-10 12:20:00+09:00,19770.0,19790.0,19450.0,19750.0,112287.0
2026-08-10 12:30:00+09:00,19750.0,19770.0,19670.0,19750.0,37391.0
2026-08-10 12:40:00+09:00,19740.0,19880.0,19730.0,19750.0,34341.0
2026-08-10 12:50:00+09:00,19750.0,19770.0,19710.0,19765.0,18225.0
2026-08-10 13:00:00+09:00,19760.0,19990.0,19700.0,19740.0,71416.0
2026-08-10 13:10:00+09:00,19740.0,19760.0,19640.0,19730.0,39076.0
2026-08-10 13:20:00+09:00,19740.0,19760.0,19580.0,19760.0,47201.0
2026-08-10 13:30:00+09:00,19760.0,19790.0,19520.0,19560.0,39171.0
2026-08-10 13:40:00+09:00,19550.0,19560.0,19280.0,19280.0,93603.0
2026-08-10 13:50:00+09:00,19290.0,19320.0,19090.0,19280.0,90993.0
2026-08-10 14:00:00+09:00,19270.0,19460.0,19270.0,19400.0,39189.0
2026-08-10 14:10:00+09:00,19390.0,19430.0,19290.0,19320.0,27489.0
2026-08-10 14:20:00+09:00,19330.0,19350.0,19210.0,19260.0,35722.0
2026-08-10 14:30:00+09:00,19280.0,19330.0,19180.0,19180.0,41507.0
2026-08-10 14:40:00+09:00,19180.0,19200.0,18920.0,19020.0,94615.0
2026-08-10 14:50:00+09:00,19020.0,19190.0,18950.0,19140.0,47337.0
2026-08-11 09:00:00+09:00,19330.0,19350.0,18230.0,18720.0,288580.0
2026-08-11 09:10:00+09:00,18720.0,18900.0,18460.0,18850.0,136207.0
2026-08-11 09:20:00+09:00,18770.0,19000.0,18740.0,18825.0,85727.0
2026-08-11 09:30:00+09:00,18840.0,19530.0,18760.0,19340.0,144450.0
2026-08-11 09:40:00+09:00,19340.0,19640.0,19160.0,19450.0,143534.0
2026-08-11 09:50:00+09:00,19450.0,19690.0,19400.0,19640.0,87067.0
2026-08-11 10:00:00+09:00,19640.0,19640.0,19170.0,19320.0,94367.0
2026-08-11 10:10:00+09:00,19320.0,19490.0,19200.0,19200.0,63651.0
2026-08-11 10:20:00+09:00,19200.0,19250.0,18910.0,19130.0,98045.0
2026-08-11 10:30:00+09:00,19130.0,19150.0,18960.0,19080.0,39935.0
2026-08-11 10:40:00+09:00,19085.0,19250.0,19030.0,19040.0,26043.0
2026-08-11 10:50:00+09:00,19040.0,19040.0,18740.0,18920.0,58752.0
2026-08-11 11:00:00+09:00,18920.0,19050.0,18910.0,19000.0,25328.0
2026-08-11 11:10:00+09:00,19000.0,19200.0,18960.0,19120.0,23853.0
2026-08-11 11:20:00+09:00,19120.0,19550.0,19110.0,19450.0,73355.0
2026-08-11 11:30:00+09:00,19430.0,19550.0,19360.0,19370.0,33309.0
2026-08-11 11:40:00+09:00,19370.0,19390.0,19250.0,19330.0,19834.0
2026-08-11 11:50:00+09:00,19320.0,19370.0,19200.0,19310.0,16798.0
2026-08-11 12:00:00+09:00,19320.0,19360.0,19160.0,19260.0,15763.0
2026-08-11 12:10:00+09:00,19260.0,19290.0,19150.0,19280.0,16747.0
2026-08-11 12:20:00+09:00,19290.0,19370.0,19250.0,19300.0,19816.0
2026-08-11 12:30:00+09:00,19300.0,19370.0,19200.0,19360.0,21444.0
2026-08-11 12:40:00+09:00,19360.0,19380.0,19270.0,19370.0,21594.0
2026-08-11 12:50:00+09:00,19370.0,19600.0,19370.0,19460.0,56663.0
2026-08-11 13:00:00+09:00,19460.0,19620.0,19400.0,19480.0,35666.0
2026-08-11 13:10:00+09:00,19480.0,19510.0,19400.0,19440.0,17652.0
2026-08-11 13:20:00+09:00,19440.0,19460.0,19400.0,19440.0,15880.0
2026-08-11 13:30:00+09:00,19440.0,19460.0,19350.0,19440.0,23455.0
2026-08-11 13:40:00+09:00,19450.0,19460.0,19380.0,19450.0,21045.0
2026-08-11 13:50:00+09:00,19440.0,19620.0,19430.0,19510.0,50687.0
2026-08-11 14:00:00+09:00,19500.0,19630.0,19490.0,19620.0,36918.0
2026-08-11 14:10:00+09:00,19610.0,19620.0,19520.0,19600.0,20545.0
2026-08-11 14:20:00+09:00,19590.0,19610.0,19450.0,19500.0,29270.0
2026-08-11 14:30:00+09:00,19480.0,19500.0,19390.0,19450.0,25536.0
2026-08-11 14:40:00+09:00,19460.0,19490.0,19420.0,19470.0,12349.0
2026-08-11 14:50:00+09:00,19460.0,19490.0,19410.0,19480.0,19164.0
2026-08-12 09:00:00+09:00,19640.0,19910.0,19100.0,19400.0,190705.0
2026-08-12 09:10:00+09:00,19400.0,19700.0,19270.0,19630.0,107236.0
2026-08-12 09:20:00+09:00,19630.0,19730.0,19320.0,19330.0,80307.0
2026-08-12 09:30:00+09:00,19330.0,19530.0,19320.0,19510.0,45681.0
2026-08-12 09:40:00+09:00,19550.0,19950.0,19510.0,19860.0,89833.0
2026-08-12 09:50:00+09:00,19860.0,21600.0,19860.0,21600.0,321282.0
2026-08-12 10:00:00+09:00,21600.0,21650.0,20900.0,21200.0,397928.0
2026-08-12 10:10:00+09:00,21200.0,21750.0,21100.0,21450.0,188776.0
2026-08-12 10:20:00+09:00,21400.0,22500.0,21350.0,21900.0,490544.0
2026-08-12 10:30:00+09:00,21900.0,22100.0,21300.0,21450.0,202198.0
2026-08-12 10:40:00+09:00,21450.0,21650.0,21050.0,21400.0,155968.0
2026-08-12 10:50:00+09:00,21400.0,21600.0,21050.0,21200.0,88744.0
2026-08-12 11:00:00+09:00,21250.0,21500.0,21100.0,21350.0,61782.0
2026-08-12 11:10:00+09:00,21300.0,21950.0,21250.0,21900.0,100325.0
2026-08-12 11:20:00+09:00,21900.0,22000.0,21650.0,21850.0,123464.0
2026-08-12 11:30:00+09:00,21850.0,22100.0,21750.0,21800.0,80066.0
2026-08-12 11:40:00+09:00,21850.0,21900.0,21200.0,21400.0,126032.0
2026-08-12 11:50:00+09:00,21400.0,21550.0,21350.0,21450.0,46510.0
2026-08-12 12:00:00+09:00,21450.0,21550.0,21450.0,21500.0,20469.0
2026-08-12 12:10:00+09:00,21450.0,21700.0,21450.0,21550.0,40667.0
2026-08-12 12:20:00+09:00,21550.0,21750.0,21450.0,21650.0,42457.0
2026-08-12 12:30:00+09:00,21650.0,21700.0,21550.0,21600.0,18388.0
2026-08-12 12:40:00+09:00,21550.0,21600.0,21150.0,21400.0,55223.0
2026-08-12 12:50:00+09:00,21400.0,21500.0,21350.0,21400.0,22257.0
2026-08-12 13:00:00+09:00,21400.0,21550.0,21400.0,21550.0,27789.0
2026-08-12 13:10:00+09:00,21500.0,21800.0,21450.0,21700.0,33521.0
2026-08-12 13:20:00+09:00,21700.0,22100.0,21600.0,21750.0,131194.0
2026-08-12 13:30:00+09:00,21700.0,21750.0,21350.0,21450.0,59442.0
2026-08-12 13:40:00+09:00,21400.0,21500.0,21300.0,21450.0,53450.0
2026-08-12 13:50:00+09:00,21450.0,21500.0,21400.0,21450.0,28327.0
2026-08-12 14:00:00+09:00,21400.0,21450.0,21300.0,21400.0,31060.0
2026-08-12 14:10:00+09:00,21400.0,21500.0,21350.0,21450.0,24674.0
2026-08-12 14:20:00+09:00,21500.0,21550.0,21400.0,21450.0,22885.0
2026-08-12 14:30:00+09:00,21450.0,21550.0,21250.0,21450.0,35561.0
2026-08-12 14:40:00+09:00,21450.0,21450.0,21200.0,21400.0,50210.0
2026-08-12 14:50:00+09:00,21400.0,21600.0,21350.0,21450.0,35848.0
2026-08-13 09:00:00+09:00,21750.0,22400.0,21050.0,21500.0,420029.0
2026-08-13 09:10:00+09:00,21450.0,22500.0,21300.0,22450.0,201370.0
2026-08-13 09:20:00+09:00,22450.0,23900.0,22200.0,23700.0,505982.0
2026-08-13 09:30:00+09:00,23700.0,24400.0,22700.0,23950.0,522152.0
2026-08-13 09:40:00+09:00,23950.0,24500.0,23550.0,23600.0,410224.0
2026-08-13 09:50:00+09:00,23650.0,25800.0,23550.0,25300.0,658384.0
2026-08-13 10:00:00+09:00,25250.0,25950.0,24700.0,25400.0,439126.0
2026-08-13 10:10:00+09:00,25375.0,25400.0,24750.0,24850.0,249394.0
2026-08-13 10:20:00+09:00,24900.0,25850.0,24800.0,25700.0,246682.0
2026-08-13 10:30:00+09:00,25700.0,26200.0,25200.0,25550.0,424607.0
2026-08-13 10:40:00+09:00,25550.0,25950.0,25200.0,25800.0,161916.0
2026-08-13 10:50:00+09:00,25800.0,25950.0,25150.0,25350.0,141509.0
2026-08-13 11:00:00+09:00,25350.0,25750.0,25050.0,25200.0,113108.0
2026-08-13 11:10:00+09:00,25175.0,25550.0,25150.0,25550.0,48700.0
2026-08-13 11:20:00+09:00,25550.0,25550.0,25100.0,25350.0,45599.0
2026-08-13 11:30:00+09:00,25350.0,25350.0,25050.0,25100.0,47476.0
2026-08-13 11:40:00+09:00,25050.0,25100.0,24700.0,25000.0,139620.0
2026-08-13 11:50:00+09:00,24950.0,25000.0,24600.0,24825.0,64950.0
2026-08-13 12:00:00+09:00,24850.0,25200.0,24800.0,25175.0,56619.0
2026-08-13 12:10:00+09:00,25200.0,25300.0,24900.0,25050.0,60938.0
2026-08-13 12:20:00+09:00,25050.0,25250.0,25050.0,25150.0,33529.0
2026-08-13 12:30:00+09:00,25200.0,25400.0,25150.0,25350.0,44711.0
2026-08-13 12:40:00+09:00,25300.0,25700.0,25300.0,25550.0,104866.0
2026-08-13 12:50:00+09:00,25550.0,25600.0,25300.0,25300.0,49963.0
2026-08-13 13:00:00+09:00,25325.0,25800.0,25250.0,25400.0,97471.0
2026-08-13 13:10:00+09:00,25400.0,25550.0,25200.0,25200.0,40482.0
2026-08-13 13:20:00+09:00,25250.0,25400.0,25100.0,25150.0,61788.0
2026-08-13 13:30:00+09:00,25100.0,25200.0,25000.0,25050.0,41537.0
2026-08-13 13:40:00+09:00,25050.0,25100.0,25000.0,25100.0,23183.0
2026-08-13 13:50:00+09:00,25100.0,25350.0,25050.0,25350.0,33495.0
2026-08-13 14:00:00+09:00,25300.0,25700.0,25300.0,25550.0,83729.0
2026-08-13 14:10:00+09:00,25550.0,25950.0,25200.0,25700.0,136809.0
2026-08-13 14:20:00+09:00,25700.0,25700.0,25450.0,25450.0,46505.0
2026-08-13 14:30:00+09:00,25500.0,25500.0,25200.0,25300.0,50957.0
2026-08-13 14:40:00+09:00,25350.0,25600.0,25250.0,25600.0,48766.0
2026-08-13 14:50:00+09:00,25600.0,25650.0,25300.0,25400.0,40790.0
2026-08-14 09:00:00+09:00,26800.0,27800.0,25400.0,26900.0,946644.0
2026-08-14 09:10:00+09:00,26900.0,26900.0,25500.0,25500.0,341615.0
2026-08-14 09:20:00+09:00,25500.0,26250.0,25400.0,26200.0,212548.0
2026-08-14 09:30:00+09:00,26200.0,26800.0,26200.0,26350.0,150840.0
2026-08-14 09:40:00+09:00,26350.0,26700.0,26000.0,26050.0,143692.0
2026-08-14 09:50:00+09:00,26050.0,26100.0,24900.0,25700.0,335495.0
2026-08-14 10:00:00+09:00,25650.0,25800.0,25100.0,25650.0,142688.0
2026-08-14 10:10:00+09:00,25700.0,25700.0,24950.0,25050.0,119809.0
2026-08-14 10:20:00+09:00,25050.0,25500.0,25000.0,25500.0,58128.0
2026-08-14 10:30:00+09:00,25500.0,25950.0,25350.0,25800.0,79190.0
2026-08-14 10:40:00+09:00,25750.0,25800.0,25500.0,25800.0,42270.0
2026-08-14 10:50:00+09:00,25800.0,26050.0,25600.0,26000.0,48186.0
2026-08-14 11:00:00+09:00,26025.0,26600.0,25950.0,26500.0,140793.0
2026-08-14 11:10:00+09:00,26550.0,26700.0,26350.0,26500.0,141546.0
2026-08-14 11:20:00+09:00,26550.0,27050.0,26350.0,26950.0,183296.0
2026-08-14 11:30:00+09:00,26950.0,27000.0,26100.0,26450.0,133339.0
2026-08-14 11:40:00+09:00,26400.0,26600.0,26150.0,26500.0,59039.0
2026-08-14 11:50:00+09:00,26500.0,26550.0,26200.0,26200.0,32743.0
2026-08-14 12:00:00+09:00,26200.0,27050.0,26200.0,26850.0,136568.0
2026-08-14 12:10:00+09:00,26850.0,27300.0,26700.0,27150.0,126752.0
2026-08-14 12:20:00+09:00,27150.0,27300.0,26500.0,26650.0,119474.0
2026-08-14 12:30:00+09:00,26650.0,26850.0,26650.0,26750.0,23573.0
2026-08-14 12:40:00+09:00,26775.0,28250.0,26700.0,27950.0,344320.0
2026-08-14 12:50:00+09:00,27950.0,28150.0,27150.0,27400.0,230756.0
2026-08-14 13:00:00+09:00,27450.0,28000.0,27200.0,27750.0,141776.0
2026-08-14 13:10:00+09:00,27750.0,28850.0,27700.0,28750.0,414020.0
2026-08-14 13:20:00+09:00,28750.0,28900.0,28200.0,28450.0,316992.0
2026-08-14 13:30:00+09:00,28500.0,29450.0,28400.0,29450.0,342664.0
2026-08-14 13:40:00+09:00,29500.0,29900.0,29050.0,29300.0,569182.0
2026-08-14 13:50:00+09:00,29300.0,31850.0,29250.0,30600.0,1019788.0
2026-08-14 14:00:00+09:00,30575.0,31000.0,29550.0,29800.0,631655.0
2026-08-14 14:10:00+09:00,29800.0,30350.0,29500.0,29950.0,313192.0
2026-08-14 14:20:00+09:00,29900.0,30400.0,29750.0,29850.0,215610.0
2026-08-14 14:30:00+09:00,29950.0,30200.0,28750.0,29075.0,319328.0
2026-08-14 14:40:00+09:00,29100.0,29850.0,29075.0,29150.0,231124.0
2026-08-14 14:50:00+09:00,29150.0,29200.0,28550.0,28900.0,323752.0
2026-08-18 09:00:00+09:00,28550.0,29350.0,26650.0,28600.0,161936.0
2026-08-18 09:10:00+09:00,28550.0,28850.0,28200.0,28700.0,190815.0
2026-08-18 09:20:00+09:00,28750.0,29000.0,28000.0,28500.0,224864.0
2026-08-18 09:30:00+09:00,28500.0,28750.0,28050.0,28150.0,119315.0
2026-08-18 09:40:00+09:00,28200.0,28800.0,28150.0,28650.0,112325.0
2026-08-18 09:50:00+09:00,28600.0,29150.0,28600.0,29150.0,139722.0
2026-08-18 10:00:00+09:00,29100.0,29250.0,28650.0,29200.0,142235.0
2026-08-18 10:10:00+09:00,29225.0,29450.0,28950.0,29250.0,154115.0
2026-08-18 10:20:00+09:00,29250.0,29500.0,28800.0,29050.0,113686.0
2026-08-18 10:30:00+09:00,29000.0,29050.0,28500.0,28550.0,130260.0
2026-08-18 10:40:00+09:00,28500.0,28550.0,28150.0,28300.0,111112.0
2026-08-18 10:50:00+09:00,28300.0,28350.0,27750.0,28200.0,160554.0
2026-08-18 11:00:00+09:00,28200.0,28500.0,28200.0,28250.0,44276.0
2026-08-18 11:10:00+09:00,28200.0,28300.0,27950.0,28200.0,48934.0
2026-08-18 11:20:00+09:00,28150.0,28350.0,27950.0,27950.0,33125.0
2026-08-18 11:30:00+09:00,27950.0,28100.0,27700.0,27900.0,82096.0
2026-08-18 11:40:00+09:00,27850.0,27900.0,27750.0,27800.0,34466.0
2026-08-18 11:50:00+09:00,27800.0,27850.0,27400.0,27800.0,111152.0
2026-08-18 12:00:00+09:00,27750.0,27800.0,27350.0,27400.0,32383.0
2026-08-18 12:10:00+09:00,27350.0,27400.0,27000.0,27000.0,112245.0
2026-08-18 12:20:00+09:00,27000.0,27350.0,26800.0,27250.0,108981.0
2026-08-18 12:30:00+09:00,27200.0,27300.0,26850.0,27100.0,78196.0
2026-08-18 12:40:00+09:00,27100.0,27100.0,26950.0,27000.0,31772.0
2026-08-18 12:50:00+09:00,27000.0,27900.0,27000.0,27750.0,72704.0
2026-08-18 13:00:00+09:00,27750.0,28100.0,27600.0,27750.0,78507.0
2026-08-18 13:10:00+09:00,27750.0,27900.0,27400.0,27450.0,40701.0
2026-08-18 13:20:00+09:00,27450.0,27800.0,27400.0,27750.0,15116.0
2026-08-18 13:30:00+09:00,27700.0,27900.0,27700.0,27750.0,21319.0
2026-08-18 13:40:00+09:00,27700.0,27850.0,27600.0,27750.0,18357.0
2026-08-18 13:50:00+09:00,27750.0,27850.0,27700.0,27800.0,20487.0
2026-08-18 14:00:00+09:00,27850.0,28100.0,27750.0,28100.0,30754.0
2026-08-18 14:10:00+09:00,28100.0,28200.0,27800.0,27800.0,34866.0
2026-08-18 14:20:00+09:00,27850.0,27900.0,27650.0,27650.0,18419.0
2026-08-18 14:30:00+09:00,27650.0,27700.0,27600.0,27600.0,23826.0
2026-08-18 14:40:00+09:00,27600.0,27850.0,27500.0,27850.0,35567.0
2026-08-18 14:50:00+09:00,27850.0,28100.0,27650.0,27650.0,45399.0
2026-08-19 09:00:00+09:00,26550.0,28350.0,26400.0,27750.0,353846.0
2026-08-19 09:10:00+09:00,27750.0,27900.0,27000.0,27800.0,154996.0
2026-08-19 09:20:00+09:00,27800.0,27850.0,26600.0,26850.0,137100.0
2026-08-19 09:30:00+09:00,26850.0,27100.0,26550.0,26750.0,114010.0
2026-08-19 09:40:00+09:00,26750.0,26850.0,25950.0,25950.0,193656.0
2026-08-19 09:50:00+09:00,25950.0,26250.0,25350.0,25900.0,220320.0
2026-08-19 10:00:00+09:00,25950.0,26900.0,25850.0,26875.0,76293.0
2026-08-19 10:10:00+09:00,26875.0,26900.0,26300.0,26800.0,67801.0
2026-08-19 10:20:00+09:00,26800.0,26800.0,26400.0,26450.0,49370.0
2026-08-19 10:30:00+09:00,26400.0,26750.0,26150.0,26350.0,47361.0
2026-08-19 10:40:00+09:00,26350.0,26350.0,26200.0,26300.0,18321.0
2026-08-19 10:50:00+09:00,26250.0,26300.0,26050.0,26250.0,26927.0
2026-08-19 11:00:00+09:00,26250.0,26250.0,25900.0,25950.0,55933.0
2026-08-19 11:10:00+09:00,25900.0,26250.0,25850.0,26250.0,26209.0
2026-08-19 11:20:00+09:00,26200.0,26500.0,26200.0,26375.0,19151.0
2026-08-19 11:30:00+09:00,26375.0,26450.0,26200.0,26250.0,21174.0
2026-08-19 11:40:00+09:00,26250.0,26700.0,26200.0,26700.0,19399.0
2026-08-19 11:50:00+09:00,26700.0,26700.0,26400.0,26500.0,12670.0
2026-08-19 12:00:00+09:00,26450.0,26550.0,26450.0,26550.0,14120.0
2026-08-19 12:10:00+09:00,26550.0,26650.0,26450.0,26550.0,14901.0
2026-08-19 12:20:00+09:00,26500.0,26550.0,26300.0,26300.0,18746.0
2026-08-19 12:30:00+09:00,26350.0,26400.0,26250.0,26300.0,14055.0
2026-08-19 12:40:00+09:00,26250.0,26300.0,26150.0,26150.0,16055.0
2026-08-19 12:50:00+09:00,26150.0,26200.0,26000.0,26100.0,22093.0
2026-08-19 13:00:00+09:00,26100.0,26100.0,25700.0,25750.0,56385.0
2026-08-19 13:10:00+09:00,25700.0,25750.0,25550.0,25750.0,39624.0
2026-08-19 13:20:00+09:00,25750.0,25750.0,25600.0,25700.0,45630.0
2026-08-19 13:30:00+09:00,25700.0,25850.0,25650.0,25825.0,18077.0
2026-08-19 13:40:00+09:00,25825.0,25900.0,25750.0,25800.0,24374.0
2026-08-19 13:50:00+09:00,25750.0,25800.0,25550.0,25650.0,28389.0
2026-08-19 14:00:00+09:00,25650.0,26000.0,25600.0,25950.0,29365.0
2026-08-19 14:10:00+09:00,25950.0,26050.0,25700.0,25750.0,22525.0
2026-08-19 14:20:00+09:00,25750.0,25800.0,25650.0,25750.0,12138.0
2026-08-19 14:30:00+09:00,25700.0,25800.0,25600.0,25700.0,17645.0
2026-08-19 14:40:00+09:00,25700.0,25750.0,25600.0,25750.0,19413.0
2026-08-19 14:50:00+09:00,25650.0,25700.0,25450.0,25450.0,64672.0
2026-08-20 09:00:00+09:00,27000.0,27450.0,24350.0,24350.0,461945.0
2026-08-20 09:10:00+09:00,24050.0,24100.0,19030.0,22500.0,1644605.0
2026-08-20 09:20:00+09:00,22700.0,22850.0,20700.0,21000.0,985723.0
2026-08-20 09:30:00+09:00,21000.0,21450.0,20450.0,21350.0,568945.0
2026-08-20 09:40:00+09:00,21400.0,21650.0,20900.0,21350.0,296912.0
2026-08-20 09:50:00+09:00,21350.0,21600.0,21050.0,21150.0,191717.0
2026-08-20 10:00:00+09:00,21100.0,22500.0,21050.0,22400.0,411753.0
2026-08-20 10:10:00+09:00,22450.0,22550.0,21800.0,22450.0,291318.0
2026-08-20 10:20:00+09:00,22400.0,22675.0,21800.0,21800.0,292715.0
2026-08-20 10:30:00+09:00,21800.0,22950.0,21800.0,22550.0,306138.0
2026-08-20 10:40:00+09:00,22500.0,23350.0,22200.0,23150.0,223324.0
2026-08-20 10:50:00+09:00,23150.0,23250.0,22250.0,22450.0,266979.0
2026-08-20 11:00:00+09:00,22400.0,22600.0,22050.0,22500.0,186639.0
2026-08-20 11:10:00+09:00,22500.0,22650.0,22250.0,22300.0,106379.0
2026-08-20 11:20:00+09:00,22250.0,22350.0,22000.0,22150.0,147294.0
2026-08-20 11:30:00+09:00,22150.0,22250.0,21900.0,21950.0,97593.0
2026-08-20 11:40:00+09:00,21900.0,22150.0,21600.0,21650.0,112187.0
2026-08-20 11:50:00+09:00,21650.0,21900.0,21500.0,21850.0,109732.0
2026-08-20 12:00:00+09:00,21900.0,22200.0,21850.0,22100.0,77352.0
2026-08-20 12:10:00+09:00,22050.0,22650.0,22000.0,22650.0,70664.0
2026-08-20 12:20:00+09:00,22650.0,22700.0,22050.0,22100.0,90111.0
2026-08-20 12:30:00+09:00,22100.0,22400.0,22100.0,22350.0,48319.0
2026-08-20 12:40:00+09:00,22350.0,22450.0,22150.0,22300.0,44497.0
2026-08-20 12:50:00+09:00,22300.0,22350.0,22050.0,22200.0,54698.0
2026-08-20 13:00:00+09:00,22200.0,22200.0,22050.0,22100.0,47394.0
2026-08-20 13:10:00+09:00,22050.0,22150.0,22000.0,22050.0,39590.0
2026-08-20 13:20:00+09:00,22050.0,22250.0,22050.0,22150.0,43653.0
2026-08-20 13:30:00+09:00,22150.0,22200.0,21700.0,21800.0,115068.0
2026-08-20 13:40:00+09:00,21750.0,22000.0,21600.0,21850.0,89715.0
2026-08-20 13:50:00+09:00,21850.0,21900.0,21600.0,21650.0,56652.0
2026-08-20 14:00:00+09:00,21700.0,21800.0,21550.0,21550.0,77976.0
2026-08-20 14:10:00+09:00,21550.0,21700.0,21350.0,21700.0,137457.0
2026-08-20 14:20:00+09:00,21700.0,22000.0,21650.0,21850.0,72559.0
2026-08-20 14:30:00+09:00,21850.0,21900.0,21500.0,21700.0,57377.0
2026-08-20 14:40:00+09:00,21700.0,21750.0,21600.0,21650.0,53549.0
2026-08-20 14:50:00+09:00,21600.0,21750.0,21600.0,21600.0,46195.0
2026-08-21 09:00:00+09:00,21650.0,21950.0,20150.0,20250.0,441380.0
2026-08-21 09:10:00+09:00,20250.0,21000.0,20150.0,20300.0,249100.0
2026-08-21 09:20:00+09:00,20350.0,20600.0,20200.0,20525.0,117796.0
2026-08-21 09:30:00+09:00,20550.0,20850.0,20250.0,20700.0,90630.0
2026-08-21 09:40:00+09:00,20700.0,21800.0,20550.0,21450.0,151221.0
2026-08-21 09:50:00+09:00,21450.0,21600.0,20750.0,20950.0,100309.0
2026-08-21 10:00:00+09:00,20950.0,21000.0,20650.0,20750.0,57676.0
2026-08-21 10:10:00+09:00,20750.0,21300.0,20600.0,21250.0,47030.0
2026-08-21 10:20:00+09:00,21250.0,21350.0,20650.0,20650.0,59895.0
2026-08-21 10:30:00+09:00,20700.0,20800.0,20400.0,20500.0,83538.0
2026-08-21 10:40:00+09:00,20450.0,20700.0,20400.0,20400.0,55816.0
2026-08-21 10:50:00+09:00,20400.0,20750.0,20300.0,20450.0,60576.0
2026-08-21 11:00:00+09:00,20450.0,20600.0,20450.0,20500.0,19303.0
2026-08-21 11:10:00+09:00,20500.0,20625.0,20400.0,20600.0,29756.0
2026-08-21 11:20:00+09:00,20575.0,20650.0,20450.0,20550.0,21672.0
2026-08-21 11:30:00+09:00,20550.0,20600.0,20450.0,20500.0,22688.0
2026-08-21 11:40:00+09:00,20525.0,20550.0,20450.0,20500.0,18334.0
2026-08-21 11:50:00+09:00,20500.0,20550.0,20450.0,20550.0,31897.0
2026-08-21 12:00:00+09:00,20550.0,20600.0,20500.0,20500.0,12278.0
2026-08-21 12:10:00+09:00,20500.0,20600.0,20500.0,20550.0,11533.0
2026-08-21 12:20:00+09:00,20500.0,20600.0,20500.0,20500.0,12208.0
2026-08-21 12:30:00+09:00,20500.0,20850.0,20500.0,20700.0,31130.0
2026-08-21 12:40:00+09:00,20700.0,20800.0,20600.0,20750.0,14225.0
2026-08-21 12:50:00+09:00,20750.0,20750.0,20500.0,20600.0,27057.0
2026-08-21 13:00:00+09:00,20600.0,20600.0,20400.0,20500.0,29467.0
2026-08-21 13:10:00+09:00,20450.0,20500.0,20400.0,20450.0,30764.0
2026-08-21 13:20:00+09:00,20450.0,20600.0,20400.0,20550.0,18675.0
2026-08-21 13:30:00+09:00,20575.0,20700.0,20550.0,20600.0,12174.0
2026-08-21 13:40:00+09:00,20600.0,20800.0,20600.0,20800.0,13175.0
2026-08-21 13:50:00+09:00,20800.0,20850.0,20650.0,20850.0,20277.0
2026-08-21 14:00:00+09:00,20850.0,20850.0,20650.0,20800.0,27096.0
2026-08-21 14:10:00+09:00,20750.0,20950.0,20700.0,20750.0,29227.0
2026-08-21 14:20:00+09:00,20750.0,20750.0,20600.0,20750.0,14091.0
2026-08-21 14:30:00+09:00,20750.0,20800.0,20650.0,20750.0,15008.0
2026-08-21 14:40:00+09:00,20750.0,20800.0,20600.0,20650.0,15700.0
2026-08-21 14:50:00+09:00,20700.0,20700.0,20600.0,20700.0,17005.0
2026-08-24 09:00:00+09:00,18390.0,20350.0,17950.0,19490.0,222735.0
2026-08-24 09:10:00+09:00,19530.0,20000.0,19110.0,19980.0,292238.0
2026-08-24 09:20:00+09:00,19980.0,20000.0,19440.0,19510.0,137801.0
2026-08-24 09:30:00+09:00,19510.0,19570.0,19100.0,19330.0,164597.0
2026-08-24 09:40:00+09:00,19330.0,19720.0,19320.0,19590.0,80503.0
2026-08-24 09:50:00+09:00,19600.0,19910.0,19570.0,19890.0,81744.0
2026-08-24 10:00:00+09:00,19890.0,20450.0,19890.0,20100.0,139349.0
2026-08-24 10:10:00+09:00,20100.0,20450.0,20000.0,20100.0,62456.0
2026-08-24 10:20:00+09:00,20100.0,20150.0,19850.0,20100.0,53399.0
2026-08-24 10:30:00+09:00,20150.0,20225.0,19970.0,20200.0,30649.0
2026-08-24 10:40:00+09:00,20200.0,20300.0,20000.0,20100.0,35659.0
2026-08-24 10:50:00+09:00,20100.0,20300.0,19860.0,19890.0,50862.0
2026-08-24 11:00:00+09:00,19890.0,19990.0,19570.0,19600.0,59654.0
2026-08-24 11:10:00+09:00,19610.0,19950.0,19590.0,19930.0,23933.0
2026-08-24 11:20:00+09:00,19930.0,20300.0,19900.0,20200.0,45411.0
2026-08-24 11:30:00+09:00,20150.0,20300.0,20000.0,20275.0,43780.0
2026-08-24 11:40:00+09:00,20275.0,20350.0,20100.0,20250.0,17259.0
2026-08-24 11:50:00+09:00,20250.0,20250.0,20050.0,20150.0,19329.0
2026-08-24 12:00:00+09:00,20150.0,20200.0,19950.0,20000.0,23547.0
2026-08-24 12:10:00+09:00,20000.0,20100.0,19970.0,20000.0,17190.0
2026-08-24 12:20:00+09:00,20050.0,20050.0,19840.0,19900.0,25558.0
2026-08-24 12:30:00+09:00,19900.0,19990.0,19780.0,19790.0,22246.0
2026-08-24 12:40:00+09:00,19780.0,19940.0,19760.0,19800.0,28523.0
2026-08-24 12:50:00+09:00,19840.0,19840.0,19510.0,19720.0,46087.0
2026-08-24 13:00:00+09:00,19720.0,19830.0,19660.0,19800.0,18753.0
2026-08-24 13:10:00+09:00,19810.0,20050.0,19810.0,19980.0,24226.0
2026-08-24 13:20:00+09:00,19980.0,20000.0,19840.0,19950.0,23728.0
2026-08-24 13:30:00+09:00,19960.0,20100.0,19910.0,20050.0,22179.0
2026-08-24 13:40:00+09:00,20050.0,20300.0,20050.0,20150.0,39380.0
2026-08-24 13:50:00+09:00,20150.0,20150.0,19980.0,20000.0,17493.0
2026-08-24 14:00:00+09:00,20050.0,20200.0,20000.0,20100.0,23631.0
2026-08-24 14:10:00+09:00,20100.0,20150.0,20050.0,20100.0,10136.0
2026-08-24 14:20:00+09:00,20050.0,20150.0,20000.0,20100.0,13514.0
2026-08-24 14:30:00+09:00,20050.0,20150.0,20050.0,20100.0,16430.0
2026-08-24 14:40:00+09:00,20100.0,20150.0,20000.0,20100.0,18466.0
2026-08-24 14:50:00+09:00,20150.0,20350.0,20100.0,20350.0,43353.0
2026-08-25 09:00:00+09:00,20300.0,20350.0,19000.0,19240.0,171366.0
2026-08-25 09:10:00+09:00,19240.0,19310.0,18850.0,19210.0,150974.0
2026-08-25 09:20:00+09:00,19200.0,19470.0,19120.0,19470.0,59536.0
2026-08-25 09:30:00+09:00,19470.0,19770.0,19340.0,19700.0,56974.0
2026-08-25 09:40:00+09:00,19650.0,19740.0,19500.0,19510.0,26852.0
2026-08-25 09:50:00+09:00,19510.0,19800.0,19450.0,19780.0,41207.0
2026-08-25 10:00:00+09:00,19750.0,19770.0,19380.0,19440.0,39661.0
2026-08-25 10:10:00+09:00,19440.0,19550.0,19350.0,19530.0,23230.0
2026-08-25 10:20:00+09:00,19460.0,19520.0,19210.0,19320.0,27586.0
2026-08-25 10:30:00+09:00,19310.0,19500.0,19240.0,19410.0,17370.0
2026-08-25 10:40:00+09:00,19400.0,19640.0,19340.0,19630.0,21633.0
2026-08-25 10:50:00+09:00,19630.0,19640.0,19500.0,19520.0,19103.0
2026-08-25 11:00:00+09:00,19520.0,19600.0,19470.0,19500.0,19761.0
2026-08-25 11:10:00+09:00,19500.0,19630.0,19420.0,19630.0,14911.0
2026-08-25 11:20:00+09:00,19630.0,19670.0,19510.0,19550.0,18505.0
2026-08-25 11:30:00+09:00,19540.0,19700.0,19500.0,19570.0,16271.0
2026-08-25 11:40:00+09:00,19590.0,19660.0,19430.0,19440.0,16924.0
2026-08-25 11:50:00+09:00,19435.0,19450.0,19360.0,19415.0,22872.0
2026-08-25 12:00:00+09:00,19415.0,19490.0,19400.0,19490.0,10198.0
2026-08-25 12:10:00+09:00,19480.0,19570.0,19460.0,19530.0,27763.0
2026-08-25 12:20:00+09:00,19570.0,19680.0,19520.0,19660.0,11836.0
2026-08-25 12:30:00+09:00,19660.0,19710.0,19610.0,19680.0,13588.0
2026-08-25 12:40:00+09:00,19680.0,19680.0,19510.0,19670.0,13959.0
2026-08-25 12:50:00+09:00,19660.0,19820.0,19620.0,19810.0,31788.0
2026-08-25 13:00:00+09:00,19810.0,19990.0,19790.0,19870.0,26381.0
2026-08-25 13:10:00+09:00,19870.0,19900.0,19810.0,19860.0,19198.0
2026-08-25 13:20:00+09:00,19860.0,19880.0,19700.0,19700.0,20204.0
2026-08-25 13:30:00+09:00,19700.0,19840.0,19680.0,19840.0,16646.0
2026-08-25 13:40:00+09:00,19840.0,19920.0,19840.0,19910.0,15184.0
2026-08-25 13:50:00+09:00,19900.0,20100.0,19860.0,20100.0,25582.0
2026-08-25 14:00:00+09:00,20100.0,20450.0,20050.0,20300.0,46326.0
2026-08-25 14:10:00+09:00,20350.0,20450.0,20250.0,20350.0,41902.0
2026-08-25 14:20:00+09:00,20350.0,20400.0,20150.0,20250.0,34313.0
2026-08-25 14:30:00+09:00,20250.0,20250.0,19980.0,20050.0,40993.0
2026-08-25 14:40:00+09:00,20050.0,20150.0,19980.0,19985.0,22476.0
2026-08-25 14:50:00+09:00,19985.0,20000.0,19950.0,19960.0,14927.0
2026-08-26 09:00:00+09:00,20050.0,20100.0,19080.0,19090.0,194878.0
2026-08-26 09:10:00+09:00,19100.0,19350.0,18930.0,19300.0,114936.0
2026-08-26 09:20:00+09:00,19270.0,19270.0,18850.0,18950.0,162467.0
2026-08-26 09:30:00+09:00,18960.0,19020.0,18500.0,18530.0,159979.0
2026-08-26 09:40:00+09:00,18530.0,18630.0,18300.0,18550.0,135765.0
2026-08-26 09:50:00+09:00,18570.0,18700.0,18550.0,18680.0,57554.0
2026-08-26 10:00:00+09:00,18680.0,18690.0,18560.0,18590.0,45859.0
2026-08-26 10:10:00+09:00,18600.0,18700.0,18590.0,18700.0,32853.0
2026-08-26 10:20:00+09:00,18680.0,18860.0,18680.0,18750.0,33121.0
2026-08-26 10:30:00+09:00,18740.0,19000.0,18700.0,19000.0,31560.0
2026-08-26 10:40:00+09:00,18970.0,19070.0,18920.0,18930.0,38672.0
2026-08-26 10:50:00+09:00,18930.0,19000.0,18910.0,18910.0,14985.0
2026-08-26 11:00:00+09:00,18920.0,18920.0,18765.0,18820.0,18305.0
2026-08-26 11:10:00+09:00,18820.0,18900.0,18790.0,18880.0,32014.0
2026-08-26 11:20:00+09:00,18880.0,18950.0,18850.0,18940.0,13550.0
2026-08-26 11:30:00+09:00,18935.0,19000.0,18920.0,18990.0,16706.0
2026-08-26 11:40:00+09:00,18990.0,19160.0,18970.0,19100.0,31949.0
2026-08-26 11:50:00+09:00,19100.0,19100.0,18970.0,18980.0,18277.0
2026-08-26 12:00:00+09:00,18980.0,19030.0,18980.0,18980.0,11144.0
2026-08-26 12:10:00+09:00,18980.0,19050.0,18960.0,19000.0,14587.0
2026-08-26 12:20:00+09:00,19010.0,19010.0,18960.0,18980.0,8608.0
2026-08-26 12:30:00+09:00,18980.0,19000.0,18940.0,18990.0,18446.0
2026-08-26 12:40:00+09:00,19000.0,19060.0,18990.0,19050.0,13607.0
2026-08-26 12:50:00+09:00,19060.0,19100.0,19060.0,19080.0,10079.0
2026-08-26 13:00:00+09:00,19080.0,19090.0,18970.0,18970.0,16156.0
2026-08-26 13:10:00+09:00,18980.0,19000.0,18930.0,18980.0,17521.0
2026-08-26 13:20:00+09:00,18990.0,19000.0,18950.0,18950.0,11249.0
2026-08-26 13:30:00+09:00,18950.0,18950.0,18880.0,18900.0,27896.0
2026-08-26 13:40:00+09:00,18900.0,18920.0,18880.0,18900.0,17228.0
2026-08-26 13:50:00+09:00,18900.0,18900.0,18790.0,18800.0,33312.0
2026-08-26 14:00:00+09:00,18800.0,18820.0,18660.0,18790.0,44506.0
2026-08-26 14:10:00+09:00,18800.0,18900.0,18780.0,18900.0,25668.0
2026-08-26 14:20:00+09:00,18880.0,18950.0,18850.0,18940.0,21241.0
2026-08-26 14:30:00+09:00,18940.0,19100.0,18940.0,19050.0,40443.0
2026-08-26 14:40:00+09:00,19050.0,19070.0,19000.0,19020.0,36228.0
2026-08-26 14:50:00+09:00,19020.0,19030.0,18880.0,18890.0,26872.0
2026-08-27 09:00:00+09:00,18550.0,19500.0,18550.0,19070.0,165886.0
2026-08-27 09:10:00+09:00,19110.0,19320.0,18980.0,19180.0,99638.0
2026-08-27 09:20:00+09:00,19190.0,19330.0,18880.0,18950.0,108514.0
2026-08-27 09:30:00+09:00,18960.0,19200.0,18950.0,19070.0,50897.0
2026-08-27 09:40:00+09:00,19090.0,19150.0,18920.0,19050.0,29000.0
2026-08-27 09:50:00+09:00,19060.0,19060.0,18600.0,18620.0,75491.0
2026-08-27 10:00:00+09:00,18640.0,18800.0,18620.0,18680.0,46894.0
2026-08-27 10:10:00+09:00,18680.0,18960.0,18610.0,18920.0,43698.0
2026-08-27 10:20:00+09:00,18920.0,19070.0,18790.0,19020.0,42468.0
2026-08-27 10:30:00+09:00,19070.0,19220.0,18960.0,19200.0,55788.0
2026-08-27 10:40:00+09:00,19200.0,19210.0,18990.0,19080.0,41927.0
2026-08-27 10:50:00+09:00,19080.0,19190.0,19080.0,19100.0,19012.0
2026-08-27 11:00:00+09:00,19130.0,19210.0,19100.0,19160.0,29074.0
2026-08-27 11:10:00+09:00,19165.0,19170.0,19100.0,19100.0,10861.0
2026-08-27 11:20:00+09:00,19100.0,19100.0,18910.0,18910.0,23115.0
2026-08-27 11:30:00+09:00,18930.0,19020.0,18880.0,18900.0,15258.0
2026-08-27 11:40:00+09:00,18890.0,18920.0,18780.0,18890.0,25460.0
2026-08-27 11:50:00+09:00,18890.0,18890.0,18800.0,18850.0,18202.0
2026-08-27 12:00:00+09:00,18850.0,18890.0,18820.0,18890.0,17461.0
2026-08-27 12:10:00+09:00,18890.0,18930.0,18870.0,18930.0,9248.0
2026-08-27 12:20:00+09:00,18920.0,19120.0,18920.0,19120.0,29901.0
2026-08-27 12:30:00+09:00,19100.0,19290.0,19100.0,19150.0,61666.0
2026-08-27 12:40:00+09:00,19140.0,19185.0,19050.0,19080.0,21689.0
2026-08-27 12:50:00+09:00,19070.0,19160.0,19050.0,19140.0,12177.0
2026-08-27 13:00:00+09:00,19140.0,19270.0,19140.0,19180.0,47456.0
2026-08-27 13:10:00+09:00,19180.0,19200.0,19150.0,19190.0,18101.0
2026-08-27 13:20:00+09:00,19170.0,19180.0,19080.0,19130.0,14219.0
2026-08-27 13:30:00+09:00,19150.0,19150.0,19030.0,19040.0,19537.0
2026-08-27 13:40:00+09:00,19050.0,19050.0,18770.0,18880.0,82810.0
2026-08-27 13:50:00+09:00,18860.0,18860.0,18730.0,18760.0,37330.0
2026-08-27 14:00:00+09:00,18760.0,18950.0,18600.0,18810.0,49484.0
2026-08-27 14:10:00+09:00,18810.0,18870.0,18700.0,18750.0,23075.0
2026-08-27 14:20:00+09:00,18750.0,18820.0,18710.0,18720.0,21398.0
2026-08-27 14:30:00+09:00,18720.0,18800.0,18720.0,18790.0,9847.0
2026-08-27 14:40:00+09:00,18780.0,18840.0,18770.0,18800.0,12251.0
2026-08-27 14:50:00+09:00,18810.0,18840.0,18770.0,18790.0,17075.0
2026-08-28 09:00:00+09:00,18900.0,20350.0,18680.0,19660.0,344365.0
2026-08-28 09:10:00+09:00,19660.0,19910.0,19080.0,19110.0,244234.0
2026-08-28 09:20:00+09:00,19110.0,19130.0,18750.0,18910.0,150907.0
2026-08-28 09:30:00+09:00,18910.0,19090.0,18840.0,18920.0,82895.0
2026-08-28 09:40:00+09:00,18920.0,18920.0,18750.0,18810.0,93910.0
2026-08-28 09:50:00+09:00,18810.0,18820.0,18650.0,18710.0,89422.0
2026-08-28 10:00:00+09:00,18700.0,18710.0,18210.0,18290.0,131439.0
2026-08-28 10:10:00+09:00,18290.0,18420.0,18250.0,18360.0,59901.0
2026-08-28 10:20:00+09:00,18340.0,18450.0,18330.0,18420.0,32071.0
2026-08-28 10:30:00+09:00,18430.0,18430.0,18240.0,18390.0,55406.0
2026-08-28 10:40:00+09:00,18380.0,18400.0,18300.0,18320.0,22685.0
2026-08-28 10:50:00+09:00,18320.0,18450.0,18300.0,18440.0,25921.0
2026-08-28 11:00:00+09:00,18440.0,18650.0,18410.0,18590.0,26437.0
2026-08-28 11:10:00+09:00,18590.0,18670.0,18560.0,18570.0,18028.0
2026-08-28 11:20:00+09:00,18560.0,18660.0,18560.0,18650.0,14454.0
2026-08-28 11:30:00+09:00,18650.0,18800.0,18650.0,18670.0,38289.0
2026-08-28 11:40:00+09:00,18670.0,18680.0,18620.0,18650.0,13432.0
2026-08-28 11:50:00+09:00,18640.0,18730.0,18590.0,18710.0,16775.0
2026-08-28 12:00:00+09:00,18700.0,18800.0,18690.0,18790.0,26576.0
2026-08-28 12:10:00+09:00,18790.0,18820.0,18750.0,18760.0,21119.0
2026-08-28 12:20:00+09:00,18760.0,18810.0,18730.0,18810.0,26531.0
2026-08-28 12:30:00+09:00,18810.0,18810.0,18710.0,18715.0,16152.0
2026-08-28 12:40:00+09:00,18715.0,18810.0,18650.0,18680.0,32291.0
2026-08-28 12:50:00+09:00,18680.0,18770.0,18620.0,18760.0,13052.0
2026-08-28 13:00:00+09:00,18750.0,18770.0,18730.0,18760.0,12216.0
2026-08-28 13:10:00+09:00,18760.0,18830.0,18740.0,18790.0,18740.0
2026-08-28 13:20:00+09:00,18760.0,18820.0,18750.0,18800.0,12160.0
2026-08-28 13:30:00+09:00,18800.0,18830.0,18740.0,18800.0,27691.0
2026-08-28 13:40:00+09:00,18800.0,18860.0,18740.0,18840.0,25563.0
2026-08-28 13:50:00+09:00,18830.0,18890.0,18810.0,18840.0,24919.0
2026-08-28 14:00:00+09:00,18840.0,18840.0,18710.0,18730.0,26616.0
2026-08-28 14:10:00+09:00,18730.0,18750.0,18620.0,18660.0,24508.0
2026-08-28 14:20:00+09:00,18670.0,18670.0,18610.0,18650.0,11313.0
2026-08-28 14:30:00+09:00,18660.0,18670.0,18590.0,18600.0,28423.0
2026-08-28 14:40:00+09:00,18600.0,18610.0,18510.0,18550.0,19719.0
2026-08-28 14:50:00+09:00,18570.0,18570.0,18460.0,18550.0,32815.0
2026-08-31 09:00:00+09:00,18690.0,18690.0,17400.0,17610.0,85072.0
2026-08-31 09:10:00+09:00,17670.0,17980.0,17600.0,17710.0,76371.0
2026-08-31 09:20:00+09:00,17710.0,17900.0,17700.0,17890.0,36537.0
2026-08-31 09:30:00+09:00,17880.0,18090.0,17830.0,17940.0,40946.0
2026-08-31 09:40:00+09:00,17950.0,17950.0,17740.0,17745.0,32215.0
2026-08-31 09:50:00+09:00,17745.0,17900.0,17740.0,17760.0,24685.0
2026-08-31 10:00:00+09:00,17770.0,17770.0,17690.0,17690.0,31371.0
2026-08-31 10:10:00+09:00,17690.0,17700.0,17630.0,17700.0,38205.0
2026-08-31 10:20:00+09:00,17690.0,17710.0,17500.0,17710.0,42085.0
2026-08-31 10:30:00+09:00,17710.0,17750.0,17660.0,17750.0,12831.0
2026-08-31 10:40:00+09:00,17750.0,17790.0,17730.0,17760.0,10945.0
2026-08-31 10:50:00+09:00,17760.0,17890.0,17720.0,17730.0,13319.0
2026-08-31 11:00:00+09:00,17740.0,17800.0,17720.0,17780.0,5688.0
2026-08-31 11:10:00+09:00,17780.0,17810.0,17730.0,17740.0,14463.0
2026-08-31 11:20:00+09:00,17740.0,17740.0,17640.0,17650.0,20545.0
2026-08-31 11:30:00+09:00,17650.0,17660.0,17550.0,17630.0,23474.0
2026-08-31 11:40:00+09:00,17640.0,17670.0,17620.0,17650.0,10667.0
2026-08-31 11:50:00+09:00,17660.0,17660.0,17580.0,17620.0,20740.0
2026-08-31 12:00:00+09:00,17620.0,17740.0,17610.0,17700.0,11785.0
2026-08-31 12:10:00+09:00,17700.0,17760.0,17670.0,17670.0,10672.0
2026-08-31 12:20:00+09:00,17670.0,17740.0,17660.0,17710.0,15200.0
2026-08-31 12:30:00+09:00,17710.0,17720.0,17690.0,17700.0,7428.0
2026-08-31 12:40:00+09:00,17700.0,17720.0,17650.0,17650.0,14669.0
2026-08-31 12:50:00+09:00,17650.0,17670.0,17600.0,17620.0,16282.0
2026-08-31 13:00:00+09:00,17620.0,17630.0,17610.0,17610.0,6986.0
2026-08-31 13:10:00+09:00,17620.0,17630.0,17610.0,17625.0,8657.0
2026-08-31 13:20:00+09:00,17625.0,17640.0,17610.0,17640.0,11307.0
2026-08-31 13:30:00+09:00,17645.0,17680.0,17630.0,17670.0,10617.0
2026-08-31 13:40:00+09:00,17670.0,17760.0,17670.0,17730.0,16680.0
2026-08-31 13:50:00+09:00,17730.0,17810.0,17710.0,17800.0,17720.0
2026-08-31 14:00:00+09:00,17800.0,17820.0,17730.0,17790.0,16916.0
2026-08-31 14:10:00+09:00,17800.0,17925.0,17770.0,17920.0,33786.0
2026-08-31 14:20:00+09:00,17920.0,17950.0,17800.0,17820.0,15124.0
2026-08-31 14:30:00+09:00,17830.0,17870.0,17770.0,17770.0,19285.0
2026-08-31 14:40:00+09:00,17780.0,17780.0,17690.0,17710.0,23815.0
2026-08-31 14:50:00+09:00,17720.0,17730.0,17700.0,17710.0,14581.0
2026-09-01 09:00:00+09:00,17830.0,17980.0,17500.0,17730.0,107204.0
2026-09-01 09:10:00+09:00,17730.0,17930.0,17610.0,17630.0,82703.0
2026-09-01 09:20:00+09:00,17620.0,17870.0,17490.0,17820.0,75932.0
2026-09-01 09:30:00+09:00,17820.0,17820.0,17620.0,17670.0,35929.0
2026-09-01 09:40:00+09:00,17670.0,17820.0,17630.0,17780.0,31165.0
2026-09-01 09:50:00+09:00,17770.0,17990.0,17680.0,17960.0,45067.0
2026-09-01 10:00:00+09:00,17960.0,18090.0,17860.0,17860.0,49483.0
2026-09-01 10:10:00+09:00,17860.0,18180.0,17860.0,18160.0,54109.0
2026-09-01 10:20:00+09:00,18160.0,18800.0,18110.0,18320.0,254520.0
2026-09-01 10:30:00+09:00,18325.0,18370.0,17970.0,17970.0,73891.0
2026-09-01 10:40:00+09:00,17960.0,17970.0,17760.0,17770.0,62751.0
2026-09-01 10:50:00+09:00,17780.0,17940.0,17700.0,17830.0,33827.0
2026-09-01 11:00:00+09:00,17840.0,17890.0,17750.0,17760.0,12296.0
2026-09-01 11:10:00+09:00,17760.0,17790.0,17690.0,17740.0,17631.0
2026-09-01 11:20:00+09:00,17740.0,17750.0,17590.0,17600.0,26000.0
2026-09-01 11:30:00+09:00,17600.0,17700.0,17550.0,17640.0,16939.0
2026-09-01 11:40:00+09:00,17640.0,17650.0,17580.0,17630.0,13682.0
2026-09-01 11:50:00+09:00,17630.0,17730.0,17630.0,17720.0,5011.0
2026-09-01 12:00:00+09:00,17730.0,17750.0,17700.0,17730.0,5464.0
2026-09-01 12:10:00+09:00,17730.0,17740.0,17690.0,17700.0,3872.0
2026-09-01 12:20:00+09:00,17700.0,17700.0,17640.0,17680.0,7032.0
2026-09-01 12:30:00+09:00,17680.0,17690.0,17630.0,17650.0,5867.0
2026-09-01 12:40:00+09:00,17650.0,17690.0,17640.0,17680.0,6072.0
2026-09-01 12:50:00+09:00,17680.0,17690.0,17670.0,17690.0,6541.0
2026-09-01 13:00:00+09:00,17690.0,17730.0,17670.0,17710.0,10869.0
2026-09-01 13:10:00+09:00,17720.0,17740.0,17700.0,17740.0,6575.0
2026-09-01 13:20:00+09:00,17740.0,17740.0,17700.0,17710.0,7153.0
2026-09-01 13:30:00+09:00,17720.0,17750.0,17700.0,17710.0,8839.0
2026-09-01 13:40:00+09:00,17710.0,17730.0,17630.0,17630.0,20029.0
2026-09-01 13:50:00+09:00,17640.0,17680.0,17610.0,17620.0,14626.0
2026-09-01 14:00:00+09:00,17620.0,17650.0,17600.0,17630.0,5433.0
2026-09-01 14:10:00+09:00,17640.0,17700.0,17600.0,17620.0,21849.0
2026-09-01 14:20:00+09:00,17620.0,17640.0,17610.0,17620.0,7030.0
2026-09-01 14:30:00+09:00,17620.0,17740.0,17610.0,17700.0,14457.0
2026-09-01 14:40:00+09:00,17705.0,17840.0,17700.0,17820.0,28833.0
2026-09-01 14:50:00+09:00,17820.0,17960.0,17810.0,17930.0,26758.0
2026-09-02 09:00:00+09:00,17700.0,17910.0,17400.0,17630.0,58522.0
2026-09-02 09:10:00+09:00,17630.0,17825.0,17600.0,17790.0,26052.0
2026-09-02 09:20:00+09:00,17800.0,18120.0,17770.0,18060.0,56106.0
2026-09-02 09:30:00+09:00,18050.0,18340.0,18000.0,18170.0,62541.0
2026-09-02 09:40:00+09:00,18170.0,18400.0,18130.0,18170.0,62828.0
2026-09-02 09:50:00+09:00,18190.0,18260.0,17770.0,17820.0,52623.0
2026-09-02 10:00:00+09:00,17850.0,18080.0,17760.0,17990.0,19473.0
2026-09-02 10:10:00+09:00,18000.0,18090.0,17960.0,18020.0,19255.0
2026-09-02 10:20:00+09:00,18015.0,18030.0,17780.0,17840.0,29909.0
2026-09-02 10:30:00+09:00,17840.0,17850.0,17770.0,17790.0,19225.0
2026-09-02 10:40:00+09:00,17790.0,17870.0,17780.0,17830.0,12110.0
2026-09-02 10:50:00+09:00,17820.0,17840.0,17650.0,17670.0,30404.0
2026-09-02 11:00:00+09:00,17670.0,17740.0,17610.0,17640.0,17958.0
2026-09-02 11:10:00+09:00,17640.0,17780.0,17610.0,17770.0,9718.0
2026-09-02 11:20:00+09:00,17770.0,17780.0,17640.0,17650.0,10570.0
2026-09-02 11:30:00+09:00,17650.0,17650.0,17560.0,17560.0,25656.0
2026-09-02 11:40:00+09:00,17560.0,17650.0,17550.0,17620.0,12068.0
2026-09-02 11:50:00+09:00,17620.0,17790.0,17540.0,17610.0,22657.0
2026-09-02 12:00:00+09:00,17650.0,17780.0,17530.0,17670.0,25161.0
2026-09-02 12:10:00+09:00,17690.0,17830.0,17590.0,17720.0,15114.0
2026-09-02 12:20:00+09:00,17740.0,17780.0,17620.0,17680.0,9804.0
2026-09-02 12:30:00+09:00,17720.0,17770.0,17680.0,17710.0,24149.0
2026-09-02 12:40:00+09:00,17710.0,17850.0,17700.0,17830.0,9973.0
2026-09-02 12:50:00+09:00,17830.0,18000.0,17790.0,17860.0,18015.0
2026-09-02 13:00:00+09:00,17860.0,17940.0,17770.0,17930.0,11765.0
2026-09-02 13:10:00+09:00,17930.0,18080.0,17830.0,17990.0,26749.0
2026-09-02 13:20:00+09:00,17990.0,18200.0,17990.0,18150.0,57778.0
2026-09-02 13:30:00+09:00,18150.0,18180.0,18000.0,18040.0,18796.0
2026-09-02 13:40:00+09:00,18040.0,18100.0,17930.0,18040.0,20472.0
2026-09-02 13:50:00+09:00,18040.0,18120.0,18000.0,18100.0,22538.0
2026-09-02 14:00:00+09:00,18120.0,18150.0,18020.0,18120.0,21122.0
2026-09-02 14:10:00+09:00,18120.0,18130.0,18050.0,18100.0,15115.0
2026-09-02 14:20:00+09:00,18110.0,18460.0,18110.0,18430.0,70563.0
2026-09-02 14:30:00+09:00,18440.0,18440.0,18220.0,18250.0,29505.0
2026-09-02 14:40:00+09:00,18260.0,18320.0,18080.0,18120.0,24905.0
2026-09-02 14:50:00+09:00,18120.0,18250.0,18010.0,18030.0,21268.0
2026-09-03 09:00:00+09:00,18410.0,18430.0,17900.0,17980.0,52863.0
2026-09-03 09:10:00+09:00,17980.0,18060.0,17560.0,17600.0,62639.0
2026-09-03 09:20:00+09:00,17600.0,17640.0,17470.0,17560.0,59023.0
2026-09-03 09:30:00+09:00,17560.0,17580.0,17490.0,17580.0,34403.0
2026-09-03 09:40:00+09:00,17580.0,17640.0,17550.0,17550.0,22099.0
2026-09-03 09:50:00+09:00,17550.0,17550.0,17440.0,17480.0,51542.0
2026-09-03 10:00:00+09:00,17460.0,17540.0,17430.0,17500.0,34720.0
2026-09-03 10:10:00+09:00,17530.0,17530.0,17290.0,17310.0,80165.0
2026-09-03 10:20:00+09:00,17320.0,17430.0,17300.0,17420.0,14746.0
2026-09-03 10:30:00+09:00,17420.0,17430.0,17340.0,17380.0,13811.0
2026-09-03 10:40:00+09:00,17380.0,17440.0,17360.0,17380.0,12886.0
2026-09-03 10:50:00+09:00,17380.0,17400.0,17350.0,17370.0,7669.0
2026-09-03 11:00:00+09:00,17370.0,17370.0,17320.0,17350.0,17935.0
2026-09-03 11:10:00+09:00,17350.0,17370.0,17320.0,17340.0,16031.0
2026-09-03 11:20:00+09:00,17340.0,17350.0,17320.0,17340.0,8612.0
2026-09-03 11:30:00+09:00,17340.0,17350.0,17330.0,17340.0,10050.0
2026-09-03 11:40:00+09:00,17340.0,17340.0,17200.0,17260.0,49893.0
2026-09-03 11:50:00+09:00,17260.0,17280.0,17180.0,17280.0,26589.0
2026-09-03 12:00:00+09:00,17270.0,17310.0,17270.0,17290.0,10468.0
2026-09-03 12:10:00+09:00,17290.0,17350.0,17260.0,17350.0,12680.0
2026-09-03 12:20:00+09:00,17350.0,17370.0,17330.0,17340.0,6248.0
2026-09-03 12:30:00+09:00,17350.0,17370.0,17330.0,17330.0,6262.0
2026-09-03 12:40:00+09:00,17330.0,17340.0,17220.0,17230.0,24819.0
2026-09-03 12:50:00+09:00,17230.0,17250.0,17180.0,17200.0,18577.0
2026-09-03 13:00:00+09:00,17190.0,17260.0,17180.0,17190.0,18341.0
2026-09-03 13:10:00+09:00,17190.0,17200.0,17130.0,17200.0,24180.0
2026-09-03 13:20:00+09:00,17200.0,17230.0,17190.0,17220.0,14587.0
2026-09-03 13:30:00+09:00,17220.0,17220.0,17170.0,17170.0,13620.0
2026-09-03 13:40:00+09:00,17175.0,17190.0,17160.0,17180.0,8241.0
2026-09-03 13:50:00+09:00,17180.0,17210.0,17160.0,17200.0,8961.0
2026-09-03 14:00:00+09:00,17200.0,17230.0,17000.0,17000.0,62422.0
2026-09-03 14:10:00+09:00,17000.0,17005.0,16880.0,16900.0,74305.0
2026-09-03 14:20:00+09:00,16900.0,16900.0,16640.0,16760.0,75789.0
2026-09-03 14:30:00+09:00,16730.0,16920.0,16720.0,16880.0,24745.0
2026-09-03 14:40:00+09:00,16890.0,16900.0,16790.0,16890.0,30632.0
2026-09-03 14:50:00+09:00,16900.0,16990.0,16840.0,16970.0,18472.0
2026-09-04 09:00:00+09:00,16910.0,17250.0,16840.0,17050.0,68280.0
2026-09-04 09:10:00+09:00,16980.0,17100.0,16980.0,17020.0,20941.0
2026-09-04 09:20:00+09:00,17010.0,17050.0,16890.0,16950.0,37783.0
2026-09-04 09:30:00+09:00,16950.0,17000.0,16690.0,16750.0,44444.0
2026-09-04 09:40:00+09:00,16740.0,16780.0,16610.0,16760.0,63355.0
2026-09-04 09:50:00+09:00,16780.0,16860.0,16610.0,16650.0,25599.0
2026-09-04 10:00:00+09:00,16650.0,16835.0,16640.0,16760.0,28261.0
2026-09-04 10:10:00+09:00,16760.0,16850.0,16740.0,16780.0,18167.0
2026-09-04 10:20:00+09:00,16790.0,16790.0,16740.0,16770.0,12756.0
2026-09-04 10:30:00+09:00,16770.0,16850.0,16740.0,16850.0,21392.0
2026-09-04 10:40:00+09:00,16850.0,16890.0,16810.0,16890.0,14504.0
2026-09-04 10:50:00+09:00,16890.0,16930.0,16830.0,16870.0,13480.0
2026-09-04 11:00:00+09:00,16870.0,17100.0,16850.0,17010.0,30446.0
2026-09-04 11:10:00+09:00,17020.0,17150.0,17020.0,17070.0,21624.0
2026-09-04 11:20:00+09:00,17070.0,17070.0,16930.0,16930.0,14381.0
2026-09-04 11:30:00+09:00,16940.0,16980.0,16900.0,16980.0,9379.0
2026-09-04 11:40:00+09:00,16980.0,17070.0,16980.0,17060.0,9744.0
2026-09-04 11:50:00+09:00,17050.0,17080.0,17010.0,17020.0,6782.0
2026-09-04 12:00:00+09:00,17020.0,17140.0,17010.0,17090.0,14366.0
2026-09-04 12:10:00+09:00,17080.0,17090.0,17020.0,17040.0,4620.0
2026-09-04 12:20:00+09:00,17040.0,17040.0,17000.0,17000.0,10601.0
2026-09-04 12:30:00+09:00,17010.0,17110.0,17010.0,17090.0,10485.0
2026-09-04 12:40:00+09:00,17090.0,17100.0,17010.0,17040.0,6833.0
2026-09-04 12:50:00+09:00,17040.0,17140.0,17040.0,17120.0,13274.0
2026-09-04 13:00:00+09:00,17120.0,17130.0,17000.0,17040.0,12305.0
2026-09-04 13:10:00+09:00,17020.0,17100.0,16910.0,16930.0,11992.0
2026-09-04 13:20:00+09:00,16960.0,17040.0,16950.0,17020.0,5580.0
2026-09-04 13:30:00+09:00,17010.0,17030.0,16970.0,17010.0,6827.0
2026-09-04 13:40:00+09:00,17010.0,17020.0,16960.0,16970.0,9201.0
2026-09-04 13:50:00+09:00,16980.0,17070.0,16980.0,17060.0,11044.0
2026-09-04 14:00:00+09:00,17060.0,17060.0,17000.0,17060.0,4934.0
2026-09-04 14:10:00+09:00,17060.0,17060.0,16980.0,17010.0,12782.0
2026-09-04 14:20:00+09:00,17010.0,17030.0,16990.0,17010.0,10565.0
2026-09-04 14:30:00+09:00,17000.0,17010.0,16990.0,17010.0,8664.0
2026-09-04 14:40:00+09:00,17010.0,17010.0,16970.0,16980.0,17738.0
2026-09-04 14:50:00+09:00,16970.0,17040.0,16960.0,17030.0,21569.0
2026-09-07 09:00:00+09:00,17200.0,17430.0,17120.0,17300.0,26239.0
2026-09-07 09:10:00+09:00,17310.0,17320.0,17050.0,17130.0,45962.0
2026-09-07 09:20:00+09:00,17140.0,17280.0,17100.0,17180.0,43745.0
2026-09-07 09:30:00+09:00,17180.0,17430.0,17150.0,17390.0,44538.0
2026-09-07 09:40:00+09:00,17400.0,17630.0,17390.0,17600.0,51244.0
2026-09-07 09:50:00+09:00,17600.0,17600.0,17340.0,17500.0,43623.0
2026-09-07 10:00:00+09:00,17500.0,17630.0,17430.0,17620.0,32117.0
2026-09-07 10:10:00+09:00,17620.0,17650.0,17440.0,17460.0,19645.0
2026-09-07 10:20:00+09:00,17450.0,17540.0,17410.0,17460.0,9670.0
2026-09-07 10:30:00+09:00,17460.0,17580.0,17440.0,17580.0,13966.0
2026-09-07 10:40:00+09:00,17590.0,17680.0,17540.0,17650.0,26682.0
2026-09-07 10:50:00+09:00,17640.0,17660.0,17550.0,17600.0,24522.0
2026-09-07 11:00:00+09:00,17570.0,17580.0,17470.0,17490.0,9875.0
2026-09-07 11:10:00+09:00,17530.0,17530.0,17400.0,17430.0,10980.0
2026-09-07 11:20:00+09:00,17430.0,17450.0,17390.0,17440.0,12510.0
2026-09-07 11:30:00+09:00,17450.0,17520.0,17440.0,17510.0,5219.0
2026-09-07 11:40:00+09:00,17500.0,17510.0,17460.0,17470.0,4527.0
2026-09-07 11:50:00+09:00,17470.0,17470.0,17380.0,17400.0,12925.0
2026-09-07 12:00:00+09:00,17400.0,17400.0,17350.0,17370.0,10794.0
2026-09-07 12:10:00+09:00,17390.0,17440.0,17370.0,17390.0,4823.0
2026-09-07 12:20:00+09:00,17390.0,17480.0,17380.0,17390.0,6743.0
2026-09-07 12:30:00+09:00,17380.0,17460.0,17380.0,17450.0,8241.0
2026-09-07 12:40:00+09:00,17450.0,17470.0,17390.0,17400.0,6268.0
2026-09-07 12:50:00+09:00,17400.0,17440.0,17390.0,17400.0,4322.0
2026-09-07 13:00:00+09:00,17400.0,17450.0,17390.0,17450.0,10690.0
2026-09-07 13:10:00+09:00,17450.0,17460.0,17400.0,17400.0,10225.0
2026-09-07 13:20:00+09:00,17400.0,17520.0,17400.0,17510.0,13557.0
2026-09-07 13:30:00+09:00,17510.0,17540.0,17470.0,17470.0,2987.0
2026-09-07 13:40:00+09:00,17470.0,17560.0,17440.0,17530.0,9867.0
2026-09-07 13:50:00+09:00,17530.0,17600.0,17490.0,17550.0,15391.0
2026-09-07 14:00:00+09:00,17550.0,17550.0,17450.0,17460.0,7854.0
2026-09-07 14:10:00+09:00,17460.0,17490.0,17430.0,17470.0,4917.0
2026-09-07 14:20:00+09:00,17475.0,17490.0,17470.0,17490.0,3638.0
2026-09-07 14:30:00+09:00,17480.0,17550.0,17460.0,17530.0,9837.0
2026-09-07 14:40:00+09:00,17530.0,17550.0,17460.0,17470.0,7612.0
2026-09-07 14:50:00+09:00,17470.0,17480.0,17450.0,17460.0,9082.0
2026-09-08 09:00:00+09:00,17520.0,17540.0,17350.0,17510.0,34128.0
2026-09-08 09:10:00+09:00,17510.0,17600.0,17400.0,17540.0,43905.0
2026-09-08 09:20:00+09:00,17540.0,17850.0,17530.0,17800.0,41090.0
2026-09-08 09:30:00+09:00,17800.0,18380.0,17750.0,18000.0,159038.0
2026-09-08 09:40:00+09:00,18000.0,18250.0,17950.0,18120.0,56024.0
2026-09-08 09:50:00+09:00,18110.0,18110.0,17870.0,17920.0,45757.0
2026-09-08 10:00:00+09:00,17910.0,18150.0,17850.0,18150.0,30044.0
2026-09-08 10:10:00+09:00,18150.0,18320.0,18120.0,18210.0,52240.0
2026-09-08 10:20:00+09:00,18210.0,18210.0,18110.0,18150.0,20828.0
2026-09-08 10:30:00+09:00,18150.0,18330.0,18140.0,18270.0,31498.0
2026-09-08 10:40:00+09:00,18270.0,18390.0,18200.0,18200.0,60358.0
2026-09-08 10:50:00+09:00,18190.0,18200.0,18000.0,18070.0,35716.0
2026-09-08 11:00:00+09:00,18070.0,18180.0,18060.0,18060.0,10786.0
2026-09-08 11:10:00+09:00,18060.0,18060.0,17950.0,18010.0,14236.0
2026-09-08 11:20:00+09:00,18010.0,18060.0,17970.0,18010.0,13139.0
2026-09-08 11:30:00+09:00,18010.0,18010.0,17950.0,17990.0,15335.0
2026-09-08 11:40:00+09:00,17990.0,18030.0,17980.0,18000.0,5750.0
2026-09-08 11:50:00+09:00,18000.0,18000.0,17910.0,17970.0,13557.0
2026-09-08 12:00:00+09:00,17970.0,17970.0,17880.0,17920.0,15709.0
2026-09-08 12:10:00+09:00,17910.0,17950.0,17880.0,17880.0,18047.0
2026-09-08 12:20:00+09:00,17890.0,17900.0,17840.0,17850.0,11979.0
2026-09-08 12:30:00+09:00,17860.0,17970.0,17830.0,17950.0,10345.0
2026-09-08 12:40:00+09:00,17940.0,17970.0,17890.0,17950.0,6721.0
2026-09-08 12:50:00+09:00,17950.0,18010.0,17940.0,17985.0,6155.0
2026-09-08 13:00:00+09:00,17985.0,18020.0,17960.0,18020.0,7489.0
2026-09-08 13:10:00+09:00,18010.0,18020.0,17900.0,17960.0,11202.0
2026-09-08 13:20:00+09:00,17960.0,17960.0,17900.0,17930.0,7091.0
2026-09-08 13:30:00+09:00,17930.0,17960.0,17900.0,17910.0,4152.0
2026-09-08 13:40:00+09:00,17920.0,17920.0,17800.0,17820.0,20640.0
2026-09-08 13:50:00+09:00,17820.0,17890.0,17700.0,17720.0,21381.0
2026-09-08 14:00:00+09:00,17720.0,17760.0,17670.0,17670.0,12552.0
2026-09-08 14:10:00+09:00,17675.0,17690.0,17610.0,17670.0,13479.0
2026-09-08 14:20:00+09:00,17670.0,17780.0,17650.0,17700.0,10908.0
2026-09-08 14:30:00+09:00,17700.0,17710.0,17610.0,17620.0,15215.0
2026-09-08 14:40:00+09:00,17630.0,17660.0,17580.0,17580.0,19388.0
2026-09-08 14:50:00+09:00,17580.0,17600.0,17500.0,17550.0,18245.0
2026-09-09 09:00:00+09:00,17470.0,17690.0,17310.0,17480.0,48048.0
2026-09-09 09:10:00+09:00,17490.0,17550.0,17390.0,17540.0,47909.0
2026-09-09 09:20:00+09:00,17540.0,17540.0,17280.0,17280.0,64334.0
2026-09-09 09:30:00+09:00,17280.0,17280.0,17190.0,17240.0,42656.0
2026-09-09 09:40:00+09:00,17240.0,17470.0,17240.0,17450.0,19795.0
2026-09-09 09:50:00+09:00,17450.0,17520.0,17430.0,17480.0,8928.0
2026-09-09 10:00:00+09:00,17480.0,17530.0,17280.0,17310.0,22678.0
2026-09-09 10:10:00+09:00,17320.0,17380.0,17300.0,17380.0,17672.0
2026-09-09 10:20:00+09:00,17380.0,17440.0,17330.0,17400.0,7225.0
2026-09-09 10:30:00+09:00,17390.0,17470.0,17375.0,17460.0,9513.0
2026-09-09 10:40:00+09:00,17460.0,17530.0,17460.0,17490.0,11167.0
2026-09-09 10:50:00+09:00,17490.0,17500.0,17410.0,17410.0,10471.0
2026-09-09 11:00:00+09:00,17410.0,17480.0,17400.0,17440.0,4290.0
2026-09-09 11:10:00+09:00,17460.0,17480.0,17430.0,17480.0,13454.0
2026-09-09 11:20:00+09:00,17480.0,17520.0,17430.0,17520.0,5768.0
2026-09-09 11:30:00+09:00,17520.0,17520.0,17440.0,17450.0,5560.0
2026-09-09 11:40:00+09:00,17460.0,17470.0,17400.0,17450.0,9338.0
2026-09-09 11:50:00+09:00,17440.0,17440.0,17410.0,17420.0,5075.0
2026-09-09 12:00:00+09:00,17430.0,17430.0,17400.0,17410.0,7338.0
2026-09-09 12:10:00+09:00,17410.0,17480.0,17350.0,17480.0,16048.0
2026-09-09 12:20:00+09:00,17480.0,17510.0,17420.0,17480.0,9001.0
2026-09-09 12:30:00+09:00,17480.0,17510.0,17410.0,17420.0,7874.0
2026-09-09 12:40:00+09:00,17450.0,17450.0,17390.0,17390.0,6104.0
2026-09-09 12:50:00+09:00,17390.0,17410.0,17300.0,17320.0,22556.0
2026-09-09 13:00:00+09:00,17320.0,17380.0,17310.0,17350.0,5251.0
2026-09-09 13:10:00+09:00,17350.0,17350.0,17300.0,17350.0,14000.0
2026-09-09 13:20:00+09:00,17350.0,17410.0,17340.0,17400.0,6471.0
2026-09-09 13:30:00+09:00,17400.0,17500.0,17360.0,17490.0,25241.0
2026-09-09 13:40:00+09:00,17490.0,17520.0,17470.0,17500.0,13065.0
2026-09-09 13:50:00+09:00,17510.0,17510.0,17470.0,17470.0,4655.0
2026-09-09 14:00:00+09:00,17470.0,17480.0,17400.0,17410.0,8311.0
2026-09-09 14:10:00+09:00,17410.0,17490.0,17400.0,17420.0,4972.0
2026-09-09 14:20:00+09:00,17430.0,17470.0,17400.0,17470.0,4931.0
2026-09-09 14:30:00+09:00,17470.0,17470.0,17450.0,17460.0,6786.0
2026-09-09 14:40:00+09:00,17460.0,17490.0,17460.0,17480.0,5257.0
2026-09-09 14:50:00+09:00,17480.0,17510.0,17470.0,17500.0,7580.0
2026-09-10 09:00:00+09:00,17470.0,17490.0,17000.0,17120.0,42021.0
2026-09-10 09:10:00+09:00,17120.0,17180.0,16910.0,17180.0,69385.0
2026-09-10 09:20:00+09:00,17170.0,17180.0,17040.0,17110.0,19220.0
2026-09-10 09:30:00+09:00,17110.0,17110.0,17020.0,17060.0,27091.0
2026-09-10 09:40:00+09:00,17050.0,17110.0,17000.0,17040.0,28473.0
2026-09-10 09:50:00+09:00,17040.0,17110.0,16990.0,17070.0,24169.0
2026-09-10 10:00:00+09:00,17050.0,17050.0,16980.0,17000.0,11738.0
2026-09-10 10:10:00+09:00,16990.0,17000.0,16900.0,16920.0,37437.0
2026-09-10 10:20:00+09:00,16960.0,16960.0,16900.0,16910.0,13641.0
2026-09-10 10:30:00+09:00,16920.0,17000.0,16910.0,17000.0,7961.0
2026-09-10 10:40:00+09:00,16990.0,17050.0,16980.0,17050.0,7208.0
2026-09-10 10:50:00+09:00,17050.0,17050.0,17000.0,17030.0,9363.0
2026-09-10 11:00:00+09:00,17040.0,17040.0,16990.0,17010.0,5059.0
2026-09-10 11:10:00+09:00,17010.0,17020.0,16980.0,17020.0,5809.0
2026-09-10 11:20:00+09:00,17020.0,17060.0,16990.0,17060.0,7302.0
2026-09-10 11:30:00+09:00,17060.0,17090.0,17030.0,17090.0,8227.0
2026-09-10 11:40:00+09:00,17080.0,17110.0,17070.0,17080.0,3632.0
2026-09-10 11:50:00+09:00,17080.0,17140.0,17080.0,17120.0,5323.0
2026-09-10 12:00:00+09:00,17110.0,17280.0,17110.0,17270.0,8256.0
2026-09-10 12:10:00+09:00,17270.0,17290.0,17230.0,17260.0,9972.0
2026-09-10 12:20:00+09:00,17240.0,17270.0,17170.0,17170.0,7398.0
2026-09-10 12:30:00+09:00,17170.0,17240.0,17160.0,17170.0,8646.0
2026-09-10 12:40:00+09:00,17190.0,17250.0,17180.0,17230.0,5346.0
2026-09-10 12:50:00+09:00,17230.0,17250.0,17190.0,17240.0,3333.0
2026-09-10 13:00:00+09:00,17240.0,17250.0,17210.0,17230.0,2901.0
2026-09-10 13:10:00+09:00,17210.0,17220.0,17170.0,17200.0,8109.0
2026-09-10 13:20:00+09:00,17200.0,17250.0,17170.0,17190.0,5618.0
2026-09-10 13:30:00+09:00,17200.0,17250.0,17200.0,17220.0,4422.0
2026-09-10 13:40:00+09:00,17220.0,17230.0,17210.0,17230.0,2012.0
2026-09-10 13:50:00+09:00,17220.0,17240.0,17210.0,17220.0,3235.0
2026-09-10 14:00:00+09:00,17220.0,17230.0,17210.0,17210.0,4370.0
2026-09-10 14:10:00+09:00,17210.0,17250.0,17200.0,17230.0,5129.0
2026-09-10 14:20:00+09:00,17230.0,17270.0,17200.0,17270.0,6616.0
2026-09-10 14:30:00+09:00,17270.0,17320.0,17210.0,17300.0,8488.0
2026-09-10 14:40:00+09:00,17320.0,17330.0,17280.0,17320.0,4087.0
2026-09-10 14:50:00+09:00,17320.0,17350.0,17250.0,17250.0,8077.0
2026-09-11 09:00:00+09:00,16950.0,17130.0,16790.0,17040.0,46511.0
2026-09-11 09:10:00+09:00,17040.0,17060.0,16940.0,16970.0,28247.0
2026-09-11 09:20:00+09:00,17010.0,17100.0,16960.0,17030.0,19926.0
2026-09-11 09:30:00+09:00,17030.0,17100.0,16930.0,17060.0,25877.0
2026-09-11 09:40:00+09:00,17060.0,17130.0,16930.0,16960.0,10718.0
2026-09-11 09:50:00+09:00,16970.0,16980.0,16890.0,16950.0,27524.0
2026-09-11 10:00:00+09:00,16950.0,17130.0,16870.0,17050.0,18888.0
2026-09-11 10:10:00+09:00,17010.0,17150.0,16950.0,16990.0,17223.0
2026-09-11 10:20:00+09:00,16990.0,17040.0,16970.0,16970.0,5961.0
2026-09-11 10:30:00+09:00,16980.0,17020.0,16960.0,17020.0,5418.0
2026-09-11 10:40:00+09:00,17030.0,17050.0,16950.0,17010.0,4435.0
2026-09-11 10:50:00+09:00,17010.0,17020.0,16950.0,16980.0,3942.0
2026-09-11 11:00:00+09:00,16980.0,16990.0,16950.0,16970.0,10069.0
2026-09-11 11:10:00+09:00,16970.0,16990.0,16960.0,16990.0,4920.0
2026-09-11 11:20:00+09:00,16990.0,17040.0,16990.0,17020.0,4498.0
2026-09-11 11:30:00+09:00,17020.0,17020.0,16980.0,16990.0,3654.0
2026-09-11 11:40:00+09:00,16990.0,17100.0,16980.0,17045.0,13339.0
2026-09-11 11:50:00+09:00,17050.0,17080.0,16990.0,16990.0,4341.0
2026-09-11 12:00:00+09:00,16990.0,16990.0,16920.0,16940.0,7743.0
2026-09-11 12:10:00+09:00,16950.0,16950.0,16900.0,16930.0,6673.0
2026-09-11 12:20:00+09:00,16930.0,16960.0,16920.0,16940.0,3819.0
2026-09-11 12:30:00+09:00,16940.0,16940.0,16870.0,16900.0,11059.0
2026-09-11 12:40:00+09:00,16900.0,16940.0,16880.0,16900.0,4007.0
2026-09-11 12:50:00+09:00,16900.0,16930.0,16890.0,16920.0,3041.0
2026-09-11 13:00:00+09:00,16920.0,16920.0,16890.0,16895.0,6837.0
2026-09-11 13:10:00+09:00,16895.0,16920.0,16870.0,16900.0,7683.0
2026-09-11 13:20:00+09:00,16890.0,16940.0,16880.0,16930.0,4665.0
2026-09-11 13:30:00+09:00,16930.0,16940.0,16900.0,16940.0,4093.0
2026-09-11 13:40:00+09:00,16940.0,16970.0,16920.0,16970.0,4651.0
2026-09-11 13:50:00+09:00,16970.0,16970.0,16930.0,16960.0,4899.0
2026-09-11 14:00:00+09:00,16960.0,16970.0,16920.0,16920.0,4842.0
2026-09-11 14:10:00+09:00,16920.0,16960.0,16920.0,16950.0,2635.0
2026-09-11 14:20:00+09:00,16950.0,16960.0,16900.0,16910.0,10236.0
2026-09-11 14:30:00+09:00,16910.0,16930.0,16890.0,16910.0,7361.0
2026-09-11 14:40:00+09:00,16910.0,16990.0,16910.0,16980.0,7548.0
2026-09-11 14:50:00+09:00,16950.0,16970.0,16910.0,16920.0,5569.0
2026-09-14 09:00:00+09:00,16600.0,16690.0,16110.0,16310.0,23224.0
2026-09-14 09:10:00+09:00,16300.0,16330.0,16160.0,16290.0,46050.0
2026-09-14 09:20:00+09:00,16290.0,16290.0,16140.0,16150.0,28700.0
2026-09-14 09:30:00+09:00,16140.0,16250.0,16130.0,16220.0,20072.0
2026-09-14 09:40:00+09:00,16220.0,16280.0,16190.0,16260.0,13783.0
2026-09-14 09:50:00+09:00,16260.0,16270.0,16220.0,16240.0,10462.0
2026-09-14 10:00:00+09:00,16240.0,16390.0,16220.0,16290.0,17263.0
2026-09-14 10:10:00+09:00,16290.0,16320.0,16230.0,16250.0,9282.0
2026-09-14 10:20:00+09:00,16240.0,16270.0,16200.0,16260.0,11594.0
2026-09-14 10:30:00+09:00,16250.0,16320.0,16240.0,16300.0,9084.0
2026-09-14 10:40:00+09:00,16290.0,16340.0,16250.0,16340.0,5234.0
2026-09-14 10:50:00+09:00,16330.0,16350.0,16290.0,16350.0,4597.0
2026-09-14 11:00:00+09:00,16340.0,16470.0,16320.0,16440.0,8085.0
2026-09-14 11:10:00+09:00,16430.0,16470.0,16360.0,16470.0,4075.0
2026-09-14 11:20:00+09:00,16470.0,16490.0,16470.0,16490.0,4388.0
2026-09-14 11:30:00+09:00,16490.0,16540.0,16460.0,16530.0,6984.0
2026-09-14 11:40:00+09:00,16530.0,16540.0,16490.0,16500.0,1998.0
2026-09-14 11:50:00+09:00,16500.0,16500.0,16430.0,16470.0,4095.0
2026-09-14 12:00:00+09:00,16460.0,16460.0,16420.0,16460.0,4680.0
2026-09-14 12:10:00+09:00,16460.0,16460.0,16410.0,16450.0,4465.0
2026-09-14 12:20:00+09:00,16450.0,16450.0,16440.0,16450.0,2665.0
2026-09-14 12:30:00+09:00,16440.0,16450.0,16370.0,16370.0,7132.0
2026-09-14 12:40:00+09:00,16370.0,16460.0,16340.0,16450.0,5985.0
2026-09-14 12:50:00+09:00,16450.0,16450.0,16370.0,16400.0,1785.0
2026-09-14 13:00:00+09:00,16400.0,16480.0,16390.0,16450.0,2773.0
2026-09-14 13:10:00+09:00,16450.0,16470.0,16370.0,16420.0,4333.0
2026-09-14 13:20:00+09:00,16420.0,16420.0,16350.0,16350.0,3241.0
2026-09-14 13:30:00+09:00,16345.0,16360.0,16320.0,16350.0,3459.0
2026-09-14 13:40:00+09:00,16350.0,16390.0,16340.0,16370.0,1921.0
2026-09-14 13:50:00+09:00,16370.0,16390.0,16320.0,16330.0,3593.0
2026-09-14 14:00:00+09:00,16320.0,16350.0,16290.0,16300.0,9515.0
2026-09-14 14:10:00+09:00,16300.0,16320.0,16200.0,16240.0,13222.0
2026-09-14 14:20:00+09:00,16240.0,16250.0,16140.0,16170.0,19187.0
2026-09-14 14:30:00+09:00,16165.0,16200.0,16150.0,16180.0,4476.0
2026-09-14 14:40:00+09:00,16200.0,16200.0,16160.0,16180.0,6149.0
2026-09-14 14:50:00+09:00,16180.0,16190.0,16130.0,16140.0,18036.0
2026-09-15 09:00:00+09:00,16160.0,16350.0,16060.0,16150.0,29753.0
2026-09-15 09:10:00+09:00,16160.0,16320.0,16140.0,16310.0,14818.0
2026-09-15 09:20:00+09:00,16310.0,16400.0,16260.0,16330.0,19710.0
2026-09-15 09:30:00+09:00,16325.0,16420.0,16230.0,16280.0,22746.0
2026-09-15 09:40:00+09:00,16290.0,16400.0,16240.0,16310.0,12044.0
2026-09-15 09:50:00+09:00,16310.0,16400.0,16210.0,16340.0,17937.0
2026-09-15 10:00:00+09:00,16340.0,16470.0,16210.0,16460.0,17806.0
2026-09-15 10:10:00+09:00,16460.0,16570.0,16440.0,16550.0,21964.0
2026-09-15 10:20:00+09:00,16520.0,16540.0,16450.0,16460.0,9121.0
2026-09-15 10:30:00+09:00,16440.0,16470.0,16410.0,16450.0,5308.0
2026-09-15 10:40:00+09:00,16420.0,16450.0,16370.0,16380.0,6839.0
2026-09-15 10:50:00+09:00,16380.0,16410.0,16360.0,16360.0,5523.0
2026-09-15 11:00:00+09:00,16350.0,16400.0,16350.0,16360.0,5920.0
2026-09-15 11:10:00+09:00,16360.0,16360.0,16200.0,16250.0,12020.0
2026-09-15 11:20:00+09:00,16250.0,16260.0,16160.0,16250.0,11944.0
2026-09-15 11:30:00+09:00,16250.0,16260.0,16220.0,16230.0,4915.0
2026-09-15 11:40:00+09:00,16250.0,16250.0,16190.0,16200.0,5574.0
2026-09-15 11:50:00+09:00,16200.0,16240.0,16120.0,16240.0,16841.0
2026-09-15 12:00:00+09:00,16230.0,16310.0,16210.0,16300.0,4346.0
2026-09-15 12:10:00+09:00,16290.0,16330.0,16270.0,16310.0,2083.0
2026-09-15 12:20:00+09:00,16310.0,16310.0,16280.0,16300.0,4433.0
2026-09-15 12:30:00+09:00,16300.0,16340.0,16290.0,16330.0,1534.0
2026-09-15 12:40:00+09:00,16330.0,16330.0,16280.0,16310.0,8839.0
2026-09-15 12:50:00+09:00,16310.0,16380.0,16290.0,16300.0,9468.0
2026-09-15 13:00:00+09:00,16300.0,16300.0,16220.0,16220.0,9590.0
2026-09-15 13:10:00+09:00,16220.0,16260.0,16220.0,16240.0,4771.0
2026-09-15 13:20:00+09:00,16220.0,16240.0,16170.0,16180.0,7348.0
2026-09-15 13:30:00+09:00,16170.0,16210.0,16170.0,16190.0,3979.0
2026-09-15 13:40:00+09:00,16200.0,16270.0,16160.0,16200.0,7622.0
2026-09-15 13:50:00+09:00,16200.0,16200.0,16140.0,16140.0,6587.0
2026-09-15 14:00:00+09:00,16140.0,16140.0,16090.0,16100.0,13384.0
2026-09-15 14:10:00+09:00,16100.0,16100.0,16030.0,16060.0,15865.0
2026-09-15 14:20:00+09:00,16080.0,16120.0,16060.0,16100.0,6882.0
2026-09-15 14:30:00+09:00,16110.0,16160.0,16100.0,16140.0,4477.0
2026-09-15 14:40:00+09:00,16130.0,16200.0,16080.0,16170.0,9677.0
2026-09-15 14:50:00+09:00,16170.0,16180.0,16110.0,16120.0,1843.0
2026-09-16 09:00:00+09:00,16110.0,16170.0,15900.0,15950.0,35380.0
2026-09-16 09:10:00+09:00,15960.0,16040.0,15860.0,16030.0,31088.0
2026-09-16 09:20:00+09:00,16020.0,16060.0,15990.0,16000.0,12400.0
2026-09-16 09:30:00+09:00,16000.0,16040.0,15900.0,15930.0,12536.0
2026-09-16 09:40:00+09:00,15940.0,16090.0,15800.0,15950.0,28598.0
2026-09-16 09:50:00+09:00,15920.0,16000.0,15760.0,15800.0,27090.0
2026-09-16 10:00:00+09:00,15820.0,16070.0,15760.0,15840.0,12287.0
2026-09-16 10:10:00+09:00,15830.0,15890.0,15780.0,15890.0,24297.0
2026-09-16 10:20:00+09:00,15810.0,15910.0,15810.0,15890.0,11757.0
2026-09-16 10:30:00+09:00,15880.0,15910.0,15830.0,15870.0,7028.0
2026-09-16 10:40:00+09:00,15840.0,15900.0,15830.0,15890.0,4960.0
2026-09-16 10:50:00+09:00,15890.0,15900.0,15850.0,15870.0,3487.0
2026-09-16 11:00:00+09:00,15860.0,15870.0,15760.0,15850.0,17605.0
2026-09-16 11:10:00+09:00,15860.0,15880.0,15800.0,15810.0,7101.0
2026-09-16 11:20:00+09:00,15860.0,15860.0,15810.0,15820.0,1891.0
2026-09-16 11:30:00+09:00,15810.0,15880.0,15790.0,15840.0,8915.0
2026-09-16 11:40:00+09:00,15840.0,15860.0,15820.0,15860.0,4422.0
2026-09-16 11:50:00+09:00,15850.0,15900.0,15840.0,15900.0,3628.0
2026-09-16 12:00:00+09:00,15900.0,15900.0,15880.0,15880.0,1709.0
2026-09-16 12:10:00+09:00,15880.0,15930.0,15870.0,15930.0,4851.0
2026-09-16 12:20:00+09:00,15930.0,15960.0,15900.0,15940.0,6128.0
2026-09-16 12:30:00+09:00,15940.0,15970.0,15920.0,15940.0,3704.0
2026-09-16 12:40:00+09:00,15940.0,15950.0,15920.0,15930.0,3787.0
2026-09-16 12:50:00+09:00,15920.0,16110.0,15880.0,16090.0,20069.0
2026-09-16 13:00:00+09:00,16050.0,16050.0,15940.0,15960.0,3744.0
2026-09-16 13:10:00+09:00,15970.0,15970.0,15910.0,15950.0,3499.0
2026-09-16 13:20:00+09:00,15930.0,15960.0,15910.0,15920.0,3143.0
2026-09-16 13:30:00+09:00,15910.0,15930.0,15900.0,15920.0,4243.0
2026-09-16 13:40:00+09:00,15910.0,15920.0,15880.0,15880.0,12860.0
2026-09-16 13:50:00+09:00,15880.0,15930.0,15880.0,15920.0,2607.0
2026-09-16 14:00:00+09:00,15910.0,15930.0,15880.0,15890.0,2744.0
2026-09-16 14:10:00+09:00,15890.0,15890.0,15850.0,15850.0,8153.0
2026-09-16 14:20:00+09:00,15850.0,15890.0,15820.0,15850.0,8445.0
2026-09-16 14:30:00+09:00,15850.0,15930.0,15830.0,15920.0,8583.0
2026-09-16 14:40:00+09:00,15920.0,15920.0,15870.0,15880.0,7128.0
2026-09-16 14:50:00+09:00,15880.0,15900.0,15840.0,15890.0,6395.0
2026-09-17 09:00:00+09:00,15970.0,16290.0,15920.0,16170.0,42233.0
2026-09-17 09:10:00+09:00,16170.0,16270.0,16100.0,16260.0,25314.0
2026-09-17 09:20:00+09:00,16260.0,16350.0,16110.0,16140.0,29433.0
2026-09-17 09:30:00+09:00,16140.0,16320.0,16130.0,16310.0,24821.0
2026-09-17 09:40:00+09:00,16310.0,16310.0,16145.0,16150.0,11225.0
2026-09-17 09:50:00+09:00,16150.0,16180.0,16120.0,16130.0,8342.0
2026-09-17 10:00:00+09:00,16140.0,16280.0,16130.0,16260.0,13019.0
2026-09-17 10:10:00+09:00,16260.0,16270.0,16210.0,16210.0,6676.0
2026-09-17 10:20:00+09:00,16210.0,16230.0,16210.0,16210.0,4056.0
2026-09-17 10:30:00+09:00,16210.0,16270.0,16170.0,16260.0,8186.0
2026-09-17 10:40:00+09:00,16250.0,16250.0,16190.0,16210.0,3393.0
2026-09-17 10:50:00+09:00,16180.0,16210.0,16160.0,16190.0,2777.0
2026-09-17 11:00:00+09:00,16170.0,16210.0,16160.0,16170.0,2300.0
2026-09-17 11:10:00+09:00,16170.0,16200.0,16160.0,16180.0,1237.0
2026-09-17 11:20:00+09:00,16180.0,16200.0,16180.0,16180.0,2299.0
2026-09-17 11:30:00+09:00,16180.0,16220.0,16180.0,16220.0,3804.0
2026-09-17 11:40:00+09:00,16220.0,16300.0,16210.0,16270.0,12130.0
2026-09-17 11:50:00+09:00,16280.0,16290.0,16170.0,16220.0,5390.0
2026-09-17 12:00:00+09:00,16220.0,16270.0,16200.0,16250.0,2934.0
2026-09-17 12:10:00+09:00,16250.0,16350.0,16250.0,16340.0,19329.0
2026-09-17 12:20:00+09:00,16340.0,16380.0,16300.0,16310.0,12608.0
2026-09-17 12:30:00+09:00,16290.0,16320.0,16290.0,16300.0,2562.0
2026-09-17 12:40:00+09:00,16300.0,16350.0,16290.0,16310.0,1903.0
2026-09-17 12:50:00+09:00,16310.0,16380.0,16290.0,16330.0,4704.0
2026-09-17 13:00:00+09:00,16335.0,16360.0,16330.0,16340.0,2414.0
2026-09-17 13:10:00+09:00,16350.0,16400.0,16350.0,16390.0,5855.0
2026-09-17 13:20:00+09:00,16390.0,16520.0,16380.0,16490.0,23625.0
2026-09-17 13:30:00+09:00,16480.0,16530.0,16440.0,16500.0,11367.0
2026-09-17 13:40:00+09:00,16480.0,16580.0,16470.0,16570.0,8590.0
2026-09-17 13:50:00+09:00,16560.0,16630.0,16540.0,16590.0,16769.0
2026-09-17 14:00:00+09:00,16580.0,16600.0,16470.0,16480.0,12265.0
2026-09-17 14:10:00+09:00,16480.0,16490.0,16370.0,16400.0,6947.0
2026-09-17 14:20:00+09:00,16380.0,16380.0,16300.0,16300.0,9164.0
2026-09-17 14:30:00+09:00,16300.0,16320.0,16230.0,16290.0,9521.0
2026-09-17 14:40:00+09:00,16290.0,16370.0,16280.0,16330.0,4971.0
2026-09-17 14:50:00+09:00,16320.0,16350.0,16290.0,16300.0,3272.0
2026-09-18 09:00:00+09:00,16390.0,16420.0,16150.0,16180.0,35358.0
2026-09-18 09:10:00+09:00,16180.0,16260.0,16170.0,16185.0,17135.0
2026-09-18 09:20:00+09:00,16180.0,16220.0,16050.0,16120.0,30178.0
2026-09-18 09:30:00+09:00,16120.0,16200.0,16090.0,16140.0,15411.0
2026-09-18 09:40:00+09:00,16140.0,16200.0,16110.0,16110.0,9982.0
2026-09-18 09:50:00+09:00,16110.0,16120.0,16020.0,16070.0,23952.0
2026-09-18 10:00:00+09:00,16070.0,16080.0,16040.0,16050.0,12758.0
2026-09-18 10:10:00+09:00,16050.0,16080.0,16030.0,16070.0,15502.0
2026-09-18 10:20:00+09:00,16070.0,16100.0,16040.0,16100.0,6791.0
2026-09-18 10:30:00+09:00,16100.0,16100.0,16060.0,16080.0,6152.0
2026-09-18 10:40:00+09:00,16080.0,16110.0,16070.0,16080.0,6115.0
2026-09-18 10:50:00+09:00,16080.0,16090.0,16050.0,16060.0,5840.0
2026-09-18 11:00:00+09:00,16060.0,16070.0,16040.0,16050.0,7713.0
2026-09-18 11:10:00+09:00,16040.0,16070.0,16040.0,16040.0,7498.0
2026-09-18 11:20:00+09:00,16040.0,16070.0,16030.0,16040.0,5228.0
2026-09-18 11:30:00+09:00,16040.0,16060.0,16030.0,16040.0,4286.0
2026-09-18 11:40:00+09:00,16050.0,16060.0,16030.0,16040.0,5911.0
2026-09-18 11:50:00+09:00,16050.0,16050.0,16030.0,16040.0,7587.0
2026-09-18 12:00:00+09:00,16040.0,16050.0,16020.0,16020.0,4781.0
2026-09-18 12:10:00+09:00,16030.0,16060.0,16020.0,16040.0,5109.0
2026-09-18 12:20:00+09:00,16040.0,16060.0,16035.0,16050.0,3788.0
2026-09-18 12:30:00+09:00,16050.0,16070.0,16040.0,16060.0,2665.0
2026-09-18 12:40:00+09:00,16060.0,16060.0,16020.0,16040.0,4547.0
2026-09-18 12:50:00+09:00,16030.0,16060.0,16020.0,16030.0,6989.0
2026-09-18 13:00:00+09:00,16020.0,16040.0,16020.0,16030.0,7070.0
2026-09-18 13:10:00+09:00,16020.0,16030.0,16010.0,16010.0,15970.0
2026-09-18 13:20:00+09:00,16010.0,16040.0,16010.0,16020.0,10772.0
2026-09-18 13:30:00+09:00,16020.0,16050.0,16020.0,16030.0,3171.0
2026-09-18 13:40:00+09:00,16030.0,16050.0,16020.0,16040.0,6452.0
2026-09-18 13:50:00+09:00,16040.0,16060.0,16020.0,16030.0,7752.0
2026-09-18 14:00:00+09:00,16030.0,16050.0,16010.0,16020.0,11182.0
2026-09-18 14:10:00+09:00,16020.0,16030.0,15930.0,15970.0,41581.0
2026-09-18 14:20:00+09:00,15970.0,16000.0,15960.0,15980.0,6404.0
2026-09-18 14:30:00+09:00,15980.0,15990.0,15960.0,15965.0,7803.0
2026-09-18 14:40:00+09:00,15960.0,15980.0,15950.0,15970.0,10458.0
2026-09-18 14:50:00+09:00,15980.0,15990.0,15970.0,15990.0,3531.0
2026-09-21 09:00:00+09:00,15900.0,15910.0,15540.0,15570.0,35013.0
2026-09-21 09:10:00+09:00,15560.0,15650.0,15300.0,15340.0,72232.0
2026-09-21 09:20:00+09:00,15340.0,15350.0,15050.0,15210.0,116402.0
2026-09-21 09:30:00+09:00,15210.0,15490.0,15210.0,15280.0,56650.0
2026-09-21 09:40:00+09:00,15280.0,15300.0,15170.0,15210.0,56441.0
2026-09-21 09:50:00+09:00,15210.0,15320.0,15210.0,15320.0,23797.0
2026-09-21 10:00:00+09:00,15330.0,15380.0,15230.0,15370.0,24666.0
2026-09-21 10:10:00+09:00,15370.0,15400.0,15340.0,15380.0,13790.0
2026-09-21 10:20:00+09:00,15370.0,15450.0,15370.0,15400.0,20693.0
2026-09-21 10:30:00+09:00,15400.0,15560.0,15380.0,15500.0,23613.0
2026-09-21 10:40:00+09:00,15500.0,15500.0,15380.0,15420.0,11754.0
2026-09-21 10:50:00+09:00,15430.0,15440.0,15390.0,15400.0,16765.0
2026-09-21 11:00:00+09:00,15390.0,15450.0,15370.0,15440.0,13887.0
2026-09-21 11:10:00+09:00,15430.0,15440.0,15390.0,15430.0,7857.0
2026-09-21 11:20:00+09:00,15430.0,15430.0,15350.0,15360.0,22233.0
2026-09-21 11:30:00+09:00,15350.0,15360.0,15300.0,15320.0,20279.0
2026-09-21 11:40:00+09:00,15320.0,15340.0,15280.0,15300.0,11322.0
2026-09-21 11:50:00+09:00,15300.0,15350.0,15290.0,15340.0,10783.0
2026-09-21 12:00:00+09:00,15330.0,15350.0,15330.0,15350.0,10049.0
2026-09-21 12:10:00+09:00,15340.0,15350.0,15320.0,15340.0,8560.0
2026-09-21 12:20:00+09:00,15340.0,15350.0,15290.0,15300.0,15658.0
2026-09-21 12:30:00+09:00,15300.0,15310.0,15280.0,15280.0,7783.0
2026-09-21 12:40:00+09:00,15270.0,15300.0,15250.0,15280.0,14365.0
2026-09-21 12:50:00+09:00,15280.0,15300.0,15270.0,15280.0,5988.0
2026-09-21 13:00:00+09:00,15270.0,15290.0,15250.0,15260.0,17430.0
2026-09-21 13:10:00+09:00,15250.0,15280.0,15230.0,15250.0,9549.0
2026-09-21 13:20:00+09:00,15270.0,15300.0,15240.0,15270.0,6478.0
2026-09-21 13:30:00+09:00,15270.0,15280.0,15230.0,15240.0,12401.0
2026-09-21 13:40:00+09:00,15240.0,15250.0,15170.0,15170.0,29748.0
2026-09-21 13:50:00+09:00,15180.0,15210.0,15140.0,15180.0,24078.0
2026-09-21 14:00:00+09:00,15170.0,15200.0,15150.0,15200.0,14023.0
2026-09-21 14:10:00+09:00,15200.0,15250.0,15190.0,15200.0,10349.0
2026-09-21 14:20:00+09:00,15210.0,15240.0,15190.0,15240.0,23695.0
2026-09-21 14:30:00+09:00,15240.0,15250.0,15220.0,15225.0,8039.0
2026-09-21 14:40:00+09:00,15220.0,15290.0,15220.0,15290.0,16958.0
2026-09-21 14:50:00+09:00,15290.0,15300.0,15260.0,15270.0,12065.0
2026-09-22 09:00:00+09:00,15390.0,15940.0,15310.0,15610.0,94546.0
2026-09-22 09:10:00+09:00,15610.0,15640.0,15360.0,15400.0,32958.0
2026-09-22 09:20:00+09:00,15400.0,15440.0,15320.0,15330.0,24179.0
2026-09-22 09:30:00+09:00,15370.0,15480.0,15360.0,15460.0,17846.0
2026-09-22 09:40:00+09:00,15460.0,15460.0,15340.0,15360.0,15967.0
2026-09-22 09:50:00+09:00,15370.0,15550.0,15350.0,15520.0,25908.0
2026-09-22 10:00:00+09:00,15520.0,15560.0,15510.0,15510.0,9063.0
2026-09-22 10:10:00+09:00,15510.0,15640.0,15510.0,15570.0,22394.0
2026-09-22 10:20:00+09:00,15570.0,15570.0,15490.0,15510.0,8736.0
2026-09-22 10:30:00+09:00,15510.0,15510.0,15480.0,15500.0,5458.0
2026-09-22 10:40:00+09:00,15480.0,15500.0,15480.0,15500.0,3435.0
2026-09-22 10:50:00+09:00,15500.0,15500.0,15450.0,15450.0,7165.0
2026-09-22 11:00:00+09:00,15460.0,15480.0,15420.0,15450.0,4655.0
2026-09-22 11:10:00+09:00,15450.0,15450.0,15410.0,15410.0,3975.0
2026-09-22 11:20:00+09:00,15400.0,15440.0,15400.0,15430.0,3231.0
2026-09-22 11:30:00+09:00,15430.0,15510.0,15410.0,15480.0,5483.0
2026-09-22 11:40:00+09:00,15480.0,15480.0,15420.0,15440.0,3876.0
2026-09-22 11:50:00+09:00,15430.0,15440.0,15360.0,15360.0,11595.0
2026-09-22 12:00:00+09:00,15370.0,15400.0,15360.0,15400.0,2984.0
2026-09-22 12:10:00+09:00,15400.0,15430.0,15390.0,15410.0,2701.0
2026-09-22 12:20:00+09:00,15410.0,15410.0,15380.0,15390.0,4947.0
2026-09-22 12:30:00+09:00,15390.0,15450.0,15380.0,15450.0,3499.0
2026-09-22 12:40:00+09:00,15440.0,15450.0,15400.0,15420.0,2834.0
2026-09-22 12:50:00+09:00,15410.0,15420.0,15350.0,15350.0,15158.0
2026-09-22 13:00:00+09:00,15350.0,15370.0,15300.0,15310.0,15028.0
2026-09-22 13:10:00+09:00,15310.0,15310.0,15250.0,15250.0,10151.0
2026-09-22 13:20:00+09:00,15250.0,15270.0,15150.0,15270.0,23167.0
2026-09-22 13:30:00+09:00,15270.0,15270.0,15200.0,15240.0,5285.0
2026-09-22 13:40:00+09:00,15220.0,15230.0,15210.0,15210.0,7270.0
2026-09-22 13:50:00+09:00,15210.0,15240.0,15200.0,15220.0,14022.0
2026-09-22 14:00:00+09:00,15220.0,15245.0,15200.0,15230.0,6645.0
2026-09-22 14:10:00+09:00,15240.0,15280.0,15220.0,15230.0,7409.0
2026-09-22 14:20:00+09:00,15220.0,15240.0,15190.0,15195.0,8868.0
2026-09-22 14:30:00+09:00,15195.0,15240.0,15150.0,15230.0,23935.0
2026-09-22 14:40:00+09:00,15240.0,15270.0,15220.0,15270.0,6309.0
2026-09-22 14:50:00+09:00,15260.0,15320.0,15260.0,15310.0,8606.0
2026-09-23 09:00:00+09:00,15410.0,16160.0,15410.0,16160.0,102249.0
2026-09-23 09:10:00+09:00,16110.0,16250.0,15670.0,15680.0,106008.0
2026-09-23 09:20:00+09:00,15680.0,15805.0,15670.0,15690.0,17679.0
2026-09-23 09:30:00+09:00,15690.0,15690.0,15480.0,15510.0,46619.0
2026-09-23 09:40:00+09:00,15510.0,15510.0,15420.0,15470.0,23983.0
2026-09-23 09:50:00+09:00,15470.0,15490.0,15350.0,15430.0,21928.0
2026-09-23 10:00:00+09:00,15430.0,15500.0,15370.0,15490.0,12225.0
2026-09-23 10:10:00+09:00,15500.0,15500.0,15470.0,15480.0,2253.0
2026-09-23 10:20:00+09:00,15480.0,15480.0,15400.0,15450.0,12496.0
2026-09-23 10:30:00+09:00,15450.0,15480.0,15410.0,15440.0,9108.0
2026-09-23 10:40:00+09:00,15440.0,15440.0,15360.0,15390.0,8068.0
2026-09-23 10:50:00+09:00,15390.0,15440.0,15390.0,15440.0,4268.0
2026-09-23 11:00:00+09:00,15430.0,15460.0,15430.0,15460.0,6745.0
2026-09-23 11:10:00+09:00,15460.0,15470.0,15410.0,15440.0,7691.0
2026-09-23 11:20:00+09:00,15430.0,15500.0,15430.0,15470.0,5007.0
2026-09-23 11:30:00+09:00,15460.0,15500.0,15450.0,15500.0,5285.0
2026-09-23 11:40:00+09:00,15500.0,15510.0,15460.0,15510.0,2547.0
2026-09-23 11:50:00+09:00,15500.0,15525.0,15450.0,15450.0,7095.0
2026-09-23 12:00:00+09:00,15450.0,15550.0,15440.0,15550.0,4904.0
2026-09-23 12:10:00+09:00,15550.0,15720.0,15550.0,15690.0,16361.0
2026-09-23 12:20:00+09:00,15690.0,15750.0,15660.0,15720.0,11286.0
2026-09-23 12:30:00+09:00,15720.0,15775.0,15700.0,15775.0,8682.0
2026-09-23 12:40:00+09:00,15780.0,15840.0,15690.0,15720.0,15398.0
2026-09-23 12:50:00+09:00,15720.0,15730.0,15690.0,15730.0,9803.0
2026-09-23 13:00:00+09:00,15720.0,15870.0,15720.0,15870.0,7949.0
2026-09-23 13:10:00+09:00,15850.0,15950.0,15800.0,15870.0,23685.0
2026-09-23 13:20:00+09:00,15870.0,16060.0,15840.0,15870.0,42262.0
2026-09-23 13:30:00+09:00,15850.0,15890.0,15830.0,15870.0,3902.0
2026-09-23 13:40:00+09:00,15780.0,15850.0,15770.0,15830.0,19099.0
2026-09-23 13:50:00+09:00,15830.0,15830.0,15800.0,15820.0,3346.0
2026-09-23 14:00:00+09:00,15790.0,15810.0,15730.0,15790.0,6168.0
2026-09-23 14:10:00+09:00,15790.0,15850.0,15790.0,15820.0,7132.0
2026-09-23 14:20:00+09:00,15820.0,15830.0,15780.0,15780.0,5832.0
2026-09-23 14:30:00+09:00,15780.0,15800.0,15750.0,15770.0,5314.0
2026-09-23 14:40:00+09:00,15750.0,15800.0,15750.0,15800.0,3725.0
2026-09-23 14:50:00+09:00,15790.0,15800.0,15750.0,15760.0,3754.0
